ISO-10303-21;
HEADER;
FILE_DESCRIPTION(('Open CASCADE Model'),'2;1');
FILE_NAME('Open CASCADE Shape Model','2026-10-04T20:41:14',('Author'),(
    'Open CASCADE'),'Open CASCADE STEP processor 7.8','Open CASCADE 7.8'
  ,'Unknown');
FILE_SCHEMA(('AUTOMOTIVE_DESIGN_CC2 { 1 2 10303 214 -1 1 5 4 }'));
ENDSEC;
DATA;
#1 = APPLICATION_PROTOCOL_DEFINITION('committee draft',
  'automotive_design',1997,#2);
#2 = APPLICATION_CONTEXT(
  'core data for automotive mechanical design processes');
#3 = SHAPE_DEFINITION_REPRESENTATION(#4,#10);
#4 = PRODUCT_DEFINITION_SHAPE('','',#5);
#5 = PRODUCT_DEFINITION('design','',#6,#9);
#6 = PRODUCT_DEFINITION_FORMATION('','',#7);
#7 = PRODUCT('Open CASCADE STEP translator 7.8 11',
  'Open CASCADE STEP translator 7.8 11','',(#8));
#8 = MECHANICAL_CONTEXT('',#2,'mechanical');
#9 = PRODUCT_DEFINITION_CONTEXT('part definition',#2,'design');
#10 = MANIFOLD_SURFACE_SHAPE_REPRESENTATION('',(#11,#15),#11945);
#11 = AXIS2_PLACEMENT_3D('',#12,#13,#14);
#12 = CARTESIAN_POINT('',(0.,0.,0.));
#13 = DIRECTION('',(0.,0.,1.));
#14 = DIRECTION('',(1.,0.,-0.));
#15 = SHELL_BASED_SURFACE_MODEL('',(#16));
#16 = CLOSED_SHELL('',(#17,#109,#167,#225,#283,#341,#399,#457,#515,#573,
    #631,#689,#747,#805,#863,#921,#979,#1037,#1095,#1153,#1211,#1269,
    #1327,#1385,#1443,#1501,#1559,#1617,#1675,#1733,#1791,#1849,#1907,
    #1965,#2018,#2076,#2134,#2192,#2250,#2308,#2366,#2424,#2482,#2540,
    #2598,#2656,#2714,#2772,#2830,#2888,#2946,#2999,#3057,#3115,#3173,
    #3231,#3289,#3347,#3405,#3463,#3521,#3552,#3610,#3668,#3726,#3784,
    #3842,#3900,#3958,#4016,#4074,#4132,#4190,#4248,#4306,#4364,#4422,
    #4480,#4538,#4591,#4649,#4680,#4738,#4796,#4854,#4905,#4963,#5021,
    #5079,#5137,#5195,#5253,#5311,#5369,#5427,#5485,#5543,#5601,#5659,
    #5717,#5775,#5828,#5859,#5917,#5948,#6006,#6064,#6122,#6180,#6238,
    #6296,#6354,#6412,#6470,#6528,#6586,#6644,#6702,#6760,#6818,#6876,
    #6934,#6992,#7050,#7108,#7166,#7224,#7282,#7333,#7391,#7449,#7507,
    #7565,#7623,#7681,#7739,#7797,#7855,#7913,#7971,#8029,#8087,#8145,
    #8203,#8261,#8314,#8345,#8398,#8429,#8455,#8461,#8507,#8533,#8559,
    #8585,#8611,#8637,#8663,#8689,#8715,#8741,#8767,#8793,#8819,#8845,
    #8871,#8897,#8943,#8949,#8995,#9001,#9047,#9053,#9099,#9105,#9151,
    #9157,#9203,#9209,#9255,#9261,#9287,#9313,#9339,#9365,#9391,#9417,
    #9443,#9469,#9495,#9521,#9547,#9573,#9599,#9625,#9651,#9677,#9703,
    #9729,#9755,#9781,#9807,#9833,#9859,#9885,#9911,#9937,#9963,#9989,
    #10015,#10041,#10067,#10093,#10119,#10145,#10191,#10197,#10243,
    #10249,#10295,#10321,#10327,#10353,#10399,#10425,#10431,#10457,
    #10503,#10529,#10535,#10561,#10587,#10613,#10639,#10665,#10691,
    #10717,#10743,#10769,#10815,#10841,#10847,#10873,#10919,#10925,
    #10971,#10977,#11023,#11049,#11055,#11101,#11107,#11133,#11179,
    #11185,#11231,#11257,#11263,#11289,#11335,#11361,#11367,#11393,
    #11439,#11445,#11491,#11497,#11543,#11569,#11575,#11601,#11647,
    #11673,#11679,#11705,#11751,#11757,#11803,#11809,#11855,#11861,
    #11887,#11913,#11939));
#17 = ADVANCED_FACE('',(#18),#32,.T.);
#18 = FACE_BOUND('',#19,.T.);
#19 = EDGE_LOOP('',(#20,#55,#83));
#20 = ORIENTED_EDGE('',*,*,#21,.T.);
#21 = EDGE_CURVE('',#22,#24,#26,.T.);
#22 = VERTEX_POINT('',#23);
#23 = CARTESIAN_POINT('',(-58.13584008237,54.59747097655,
    1.202301384363E-02));
#24 = VERTEX_POINT('',#25);
#25 = CARTESIAN_POINT('',(-34.03345067988,28.819575930894,
    1.122417756449E-03));
#26 = SURFACE_CURVE('',#27,(#31,#43),.PCURVE_S1.);
#27 = LINE('',#28,#29);
#28 = CARTESIAN_POINT('',(-58.13584008237,54.59747097655,
    1.202301384363E-02));
#29 = VECTOR('',#30,1.);
#30 = DIRECTION('',(0.682969453739,-0.730446869972,-3.088811665422E-04)
  );
#31 = PCURVE('',#32,#37);
#32 = PLANE('',#33);
#33 = AXIS2_PLACEMENT_3D('',#34,#35,#36);
#34 = CARTESIAN_POINT('',(-58.13584008237,54.59747097655,
    1.202301384363E-02));
#35 = DIRECTION('',(3.361728448096E-03,3.566084551854E-03,
    -0.999987990839));
#36 = DIRECTION('',(-1.1489685032E-21,-0.999993641428,
    -3.566104702574E-03));
#37 = DEFINITIONAL_REPRESENTATION('',(#38),#42);
#38 = LINE('',#39,#40);
#39 = CARTESIAN_POINT('',(-0.,0.));
#40 = VECTOR('',#41,1.);
#41 = DIRECTION('',(0.730443326875,-0.682973312966));
#42 = ( GEOMETRIC_REPRESENTATION_CONTEXT(2) 
PARAMETRIC_REPRESENTATION_CONTEXT() REPRESENTATION_CONTEXT('2D SPACE',''
  ) );
#43 = PCURVE('',#44,#49);
#44 = PLANE('',#45);
#45 = AXIS2_PLACEMENT_3D('',#46,#47,#48);
#46 = CARTESIAN_POINT('',(-31.19459830541,31.90346473761,
    -2.739182724755E-02));
#47 = DIRECTION('',(-5.210779124782E-03,-4.449234010326E-03,
    -0.999976525773));
#48 = DIRECTION('',(-0.99998642353,8.318330895548E-22,5.210830701014E-03
    ));
#49 = DEFINITIONAL_REPRESENTATION('',(#50),#54);
#50 = LINE('',#51,#52);
#51 = CARTESIAN_POINT('',(26.941081394056,22.694230863955));
#52 = VECTOR('',#53,1.);
#53 = DIRECTION('',(-0.682961790952,-0.730454099926));
#54 = ( GEOMETRIC_REPRESENTATION_CONTEXT(2) 
PARAMETRIC_REPRESENTATION_CONTEXT() REPRESENTATION_CONTEXT('2D SPACE',''
  ) );
#55 = ORIENTED_EDGE('',*,*,#56,.F.);
#56 = EDGE_CURVE('',#57,#24,#59,.T.);
#57 = VERTEX_POINT('',#58);
#58 = CARTESIAN_POINT('',(-36.57097816118,25.534329513334,
    -1.912377020367E-02));
#59 = SURFACE_CURVE('',#60,(#64,#71),.PCURVE_S1.);
#60 = LINE('',#61,#62);
#61 = CARTESIAN_POINT('',(-36.57097816118,25.534329513334,
    -1.912377020367E-02));
#62 = VECTOR('',#63,1.);
#63 = DIRECTION('',(0.611278520272,0.791400520253,4.877212132134E-03));
#64 = PCURVE('',#32,#65);
#65 = DEFINITIONAL_REPRESENTATION('',(#66),#70);
#66 = LINE('',#67,#68);
#67 = CARTESIAN_POINT('',(29.063067735843,-21.56498377683));
#68 = VECTOR('',#69,1.);
#69 = DIRECTION('',(-0.791412880725,-0.611281974397));
#70 = ( GEOMETRIC_REPRESENTATION_CONTEXT(2) 
PARAMETRIC_REPRESENTATION_CONTEXT() REPRESENTATION_CONTEXT('2D SPACE',''
  ) );
#71 = PCURVE('',#72,#77);
#72 = PLANE('',#73);
#73 = AXIS2_PLACEMENT_3D('',#74,#75,#76);
#74 = CARTESIAN_POINT('',(-36.53505875212,25.502164788135,
    15.265478905001));
#75 = DIRECTION('',(0.791415396106,-0.611270621074,-3.14620706341E-03));
#76 = DIRECTION('',(0.611273646463,0.791419313095,3.923984566091E-20));
#77 = DEFINITIONAL_REPRESENTATION('',(#78),#82);
#78 = LINE('',#79,#80);
#79 = CARTESIAN_POINT('',(3.499196568529E-03,-15.28467832399));
#80 = VECTOR('',#81,1.);
#81 = DIRECTION('',(0.999988106212,4.877236271145E-03));
#82 = ( GEOMETRIC_REPRESENTATION_CONTEXT(2) 
PARAMETRIC_REPRESENTATION_CONTEXT() REPRESENTATION_CONTEXT('2D SPACE',''
  ) );
#83 = ORIENTED_EDGE('',*,*,#84,.F.);
#84 = EDGE_CURVE('',#22,#57,#85,.T.);
#85 = SURFACE_CURVE('',#86,(#90,#97),.PCURVE_S1.);
#86 = LINE('',#87,#88);
#87 = CARTESIAN_POINT('',(-58.13584008237,54.59747097655,
    1.202301384363E-02));
#88 = VECTOR('',#89,1.);
#89 = DIRECTION('',(0.595880314673,-0.803072792386,-8.60648009107E-04));
#90 = PCURVE('',#32,#91);
#91 = DEFINITIONAL_REPRESENTATION('',(#92),#96);
#92 = LINE('',#93,#94);
#93 = CARTESIAN_POINT('',(-0.,0.));
#94 = VECTOR('',#95,1.);
#95 = DIRECTION('',(0.803070755151,-0.595883681788));
#96 = ( GEOMETRIC_REPRESENTATION_CONTEXT(2) 
PARAMETRIC_REPRESENTATION_CONTEXT() REPRESENTATION_CONTEXT('2D SPACE',''
  ) );
#97 = PCURVE('',#98,#103);
#98 = PLANE('',#99);
#99 = AXIS2_PLACEMENT_3D('',#100,#101,#102);
#100 = CARTESIAN_POINT('',(-58.13584008237,54.59747097655,
    1.202301384363E-02));
#101 = DIRECTION('',(-4.301083892133E-03,-2.119724543547E-03,
    -0.999988503657));
#102 = DIRECTION('',(-0.999990750254,-2.276035993908E-22,
    4.30109355505E-03));
#103 = DEFINITIONAL_REPRESENTATION('',(#104),#108);
#104 = LINE('',#105,#106);
#105 = CARTESIAN_POINT('',(0.,0.));
#106 = VECTOR('',#107,1.);
#107 = DIRECTION('',(-0.595878504659,-0.803074596588));
#108 = ( GEOMETRIC_REPRESENTATION_CONTEXT(2) 
PARAMETRIC_REPRESENTATION_CONTEXT() REPRESENTATION_CONTEXT('2D SPACE',''
  ) );
#109 = ADVANCED_FACE('',(#110),#98,.T.);
#110 = FACE_BOUND('',#111,.T.);
#111 = EDGE_LOOP('',(#112,#113,#141));
#112 = ORIENTED_EDGE('',*,*,#84,.T.);
#113 = ORIENTED_EDGE('',*,*,#114,.F.);
#114 = EDGE_CURVE('',#115,#57,#117,.T.);
#115 = VERTEX_POINT('',#116);
#116 = CARTESIAN_POINT('',(-38.75427341974,22.02522494268,
    -2.294705578304E-03));
#117 = SURFACE_CURVE('',#118,(#122,#129),.PCURVE_S1.);
#118 = LINE('',#119,#120);
#119 = CARTESIAN_POINT('',(-38.75427341974,22.02522494268,
    -2.294705578304E-03));
#120 = VECTOR('',#121,1.);
#121 = DIRECTION('',(0.528271763508,0.849065582222,-4.071973139214E-03)
  );
#122 = PCURVE('',#98,#123);
#123 = DEFINITIONAL_REPRESENTATION('',(#124),#128);
#124 = LINE('',#125,#126);
#125 = CARTESIAN_POINT('',(-19.38144896992,-32.57231921144));
#126 = VECTOR('',#127,1.);
#127 = DIRECTION('',(-0.528284391066,0.849067489753));
#128 = ( GEOMETRIC_REPRESENTATION_CONTEXT(2) 
PARAMETRIC_REPRESENTATION_CONTEXT() REPRESENTATION_CONTEXT('2D SPACE',''
  ) );
#129 = PCURVE('',#130,#135);
#130 = PLANE('',#131);
#131 = AXIS2_PLACEMENT_3D('',#132,#133,#134);
#132 = CARTESIAN_POINT('',(-38.7952654048,22.020092416949,
    15.279596090253));
#133 = DIRECTION('',(0.849075266685,-0.528267717133,2.10012840859E-03));
#134 = DIRECTION('',(0.528268882109,0.849077139131,1.568725635752E-19));
#135 = DEFINITIONAL_REPRESENTATION('',(#136),#140);
#136 = LINE('',#137,#138);
#137 = CARTESIAN_POINT('',(2.601270038838E-02,-15.28192449663));
#138 = VECTOR('',#139,1.);
#139 = DIRECTION('',(0.999991709446,-4.071982119042E-03));
#140 = ( GEOMETRIC_REPRESENTATION_CONTEXT(2) 
PARAMETRIC_REPRESENTATION_CONTEXT() REPRESENTATION_CONTEXT('2D SPACE',''
  ) );
#141 = ORIENTED_EDGE('',*,*,#142,.F.);
#142 = EDGE_CURVE('',#22,#115,#143,.T.);
#143 = SURFACE_CURVE('',#144,(#148,#155),.PCURVE_S1.);
#144 = LINE('',#145,#146);
#145 = CARTESIAN_POINT('',(-58.13584008237,54.59747097655,
    1.202301384363E-02));
#146 = VECTOR('',#147,1.);
#147 = DIRECTION('',(0.511353780141,-0.859370216402,-3.777517100056E-04)
  );
#148 = PCURVE('',#98,#149);
#149 = DEFINITIONAL_REPRESENTATION('',(#150),#154);
#150 = LINE('',#151,#152);
#151 = CARTESIAN_POINT('',(0.,0.));
#152 = VECTOR('',#153,1.);
#153 = DIRECTION('',(-0.511350674994,-0.859372147084));
#154 = ( GEOMETRIC_REPRESENTATION_CONTEXT(2) 
PARAMETRIC_REPRESENTATION_CONTEXT() REPRESENTATION_CONTEXT('2D SPACE',''
  ) );
#155 = PCURVE('',#156,#161);
#156 = PLANE('',#157);
#157 = AXIS2_PLACEMENT_3D('',#158,#159,#160);
#158 = CARTESIAN_POINT('',(-58.13584008237,54.59747097655,
    1.202301384363E-02));
#159 = DIRECTION('',(2.529624833341E-03,1.944776507252E-03,
    -0.999994909408));
#160 = DIRECTION('',(-0.999996800482,9.319366464416E-22,
    -2.529629617072E-03));
#161 = DEFINITIONAL_REPRESENTATION('',(#162),#166);
#162 = LINE('',#163,#164);
#163 = CARTESIAN_POINT('',(0.,0.));
#164 = VECTOR('',#165,1.);
#165 = DIRECTION('',(-0.511351188483,-0.859371841543));
#166 = ( GEOMETRIC_REPRESENTATION_CONTEXT(2) 
PARAMETRIC_REPRESENTATION_CONTEXT() REPRESENTATION_CONTEXT('2D SPACE',''
  ) );
#167 = ADVANCED_FACE('',(#168),#156,.T.);
#168 = FACE_BOUND('',#169,.T.);
#169 = EDGE_LOOP('',(#170,#171,#199));
#170 = ORIENTED_EDGE('',*,*,#142,.T.);
#171 = ORIENTED_EDGE('',*,*,#172,.F.);
#172 = EDGE_CURVE('',#173,#115,#175,.T.);
#173 = VERTEX_POINT('',#174);
#174 = CARTESIAN_POINT('',(-40.67332514125,18.287366797503,
    -1.441854689522E-02));
#175 = SURFACE_CURVE('',#176,(#180,#187),.PCURVE_S1.);
#176 = LINE('',#177,#178);
#177 = CARTESIAN_POINT('',(-40.67332514125,18.287366797503,
    -1.441854689522E-02));
#178 = VECTOR('',#179,1.);
#179 = DIRECTION('',(0.456729529574,0.88960092796,2.885444034275E-03));
#180 = PCURVE('',#156,#181);
#181 = DEFINITIONAL_REPRESENTATION('',(#182),#186);
#182 = LINE('',#183,#184);
#183 = CARTESIAN_POINT('',(-17.46239218213,-36.31017284447));
#184 = VECTOR('',#185,1.);
#185 = DIRECTION('',(-0.456735367364,0.88960261027));
#186 = ( GEOMETRIC_REPRESENTATION_CONTEXT(2) 
PARAMETRIC_REPRESENTATION_CONTEXT() REPRESENTATION_CONTEXT('2D SPACE',''
  ) );
#187 = PCURVE('',#188,#193);
#188 = PLANE('',#189);
#189 = AXIS2_PLACEMENT_3D('',#190,#191,#192);
#190 = CARTESIAN_POINT('',(-40.6607914816,18.289527105199,
    15.285530331138));
#191 = DIRECTION('',(0.889605310454,-0.456729625002,-6.642723935457E-04)
  );
#192 = DIRECTION('',(0.45672972577,0.889605506726,-9.887104918293E-21));
#193 = DEFINITIONAL_REPRESENTATION('',(#194),#198);
#194 = LINE('',#195,#196);
#195 = CARTESIAN_POINT('',(-7.646316558931E-03,-15.29995225364));
#196 = VECTOR('',#197,1.);
#197 = DIRECTION('',(0.999995837096,2.885444670888E-03));
#198 = ( GEOMETRIC_REPRESENTATION_CONTEXT(2) 
PARAMETRIC_REPRESENTATION_CONTEXT() REPRESENTATION_CONTEXT('2D SPACE',''
  ) );
#199 = ORIENTED_EDGE('',*,*,#200,.F.);
#200 = EDGE_CURVE('',#22,#173,#201,.T.);
#201 = SURFACE_CURVE('',#202,(#206,#213),.PCURVE_S1.);
#202 = LINE('',#203,#204);
#203 = CARTESIAN_POINT('',(-58.13584008237,54.59747097655,
    1.202301384363E-02));
#204 = VECTOR('',#205,1.);
#205 = DIRECTION('',(0.433409935686,-0.901196647222,-6.562648723802E-04)
  );
#206 = PCURVE('',#156,#207);
#207 = DEFINITIONAL_REPRESENTATION('',(#208),#212);
#208 = LINE('',#209,#210);
#209 = CARTESIAN_POINT('',(0.,0.));
#210 = VECTOR('',#211,1.);
#211 = DIRECTION('',(-0.433406888876,-0.90119835146));
#212 = ( GEOMETRIC_REPRESENTATION_CONTEXT(2) 
PARAMETRIC_REPRESENTATION_CONTEXT() REPRESENTATION_CONTEXT('2D SPACE',''
  ) );
#213 = PCURVE('',#214,#219);
#214 = PLANE('',#215);
#215 = AXIS2_PLACEMENT_3D('',#216,#217,#218);
#216 = CARTESIAN_POINT('',(-58.13584008237,54.59747097655,
    1.202301384363E-02));
#217 = DIRECTION('',(-1.824181596066E-02,-8.044914362251E-03,
    -0.999801237999));
#218 = DIRECTION('',(-0.999833593461,-1.565023483963E-21,
    1.824240630038E-02));
#219 = DEFINITIONAL_REPRESENTATION('',(#220),#224);
#220 = LINE('',#221,#222);
#221 = CARTESIAN_POINT('',(0.,0.));
#222 = VECTOR('',#223,1.);
#223 = DIRECTION('',(-0.433349785289,-0.901225811653));
#224 = ( GEOMETRIC_REPRESENTATION_CONTEXT(2) 
PARAMETRIC_REPRESENTATION_CONTEXT() REPRESENTATION_CONTEXT('2D SPACE',''
  ) );
#225 = ADVANCED_FACE('',(#226),#214,.T.);
#226 = FACE_BOUND('',#227,.T.);
#227 = EDGE_LOOP('',(#228,#229,#257));
#228 = ORIENTED_EDGE('',*,*,#200,.T.);
#229 = ORIENTED_EDGE('',*,*,#230,.F.);
#230 = EDGE_CURVE('',#231,#173,#233,.T.);
#231 = VERTEX_POINT('',#232);
#232 = CARTESIAN_POINT('',(-42.20990308519,14.363770119263,
    4.518827200646E-02));
#233 = SURFACE_CURVE('',#234,(#238,#245),.PCURVE_S1.);
#234 = LINE('',#235,#236);
#235 = CARTESIAN_POINT('',(-42.20990308519,14.363770119263,
    4.518827200646E-02));
#236 = VECTOR('',#237,1.);
#237 = DIRECTION('',(0.364621656785,0.931048325284,-1.414437656697E-02)
  );
#238 = PCURVE('',#214,#239);
#239 = DEFINITIONAL_REPRESENTATION('',(#240),#244);
#240 = LINE('',#241,#242);
#241 = CARTESIAN_POINT('',(-15.922681803,-40.23500289606));
#242 = VECTOR('',#243,1.);
#243 = DIRECTION('',(-0.364819008821,0.931078455772));
#244 = ( GEOMETRIC_REPRESENTATION_CONTEXT(2) 
PARAMETRIC_REPRESENTATION_CONTEXT() REPRESENTATION_CONTEXT('2D SPACE',''
  ) );
#245 = PCURVE('',#246,#251);
#246 = PLANE('',#247);
#247 = AXIS2_PLACEMENT_3D('',#248,#249,#250);
#248 = CARTESIAN_POINT('',(-40.6607914816,18.289527105199,
    15.285530331138));
#249 = DIRECTION('',(0.93113756888,-0.364667412695,-7.112943740269E-04)
  );
#250 = DIRECTION('',(0.364667504945,0.931137804429,2.495968277076E-20));
#251 = DEFINITIONAL_REPRESENTATION('',(#252),#256);
#252 = LINE('',#253,#254);
#253 = CARTESIAN_POINT('',(-4.220331403971,-15.24034591448));
#254 = VECTOR('',#255,1.);
#255 = DIRECTION('',(0.999899963251,-1.414438014507E-02));
#256 = ( GEOMETRIC_REPRESENTATION_CONTEXT(2) 
PARAMETRIC_REPRESENTATION_CONTEXT() REPRESENTATION_CONTEXT('2D SPACE',''
  ) );
#257 = ORIENTED_EDGE('',*,*,#258,.F.);
#258 = EDGE_CURVE('',#22,#231,#259,.T.);
#259 = SURFACE_CURVE('',#260,(#264,#271),.PCURVE_S1.);
#260 = LINE('',#261,#262);
#261 = CARTESIAN_POINT('',(-58.13584008237,54.59747097655,
    1.202301384363E-02));
#262 = VECTOR('',#263,1.);
#263 = DIRECTION('',(0.368050282414,-0.929805572238,7.664530278706E-04)
  );
#264 = PCURVE('',#214,#265);
#265 = DEFINITIONAL_REPRESENTATION('',(#266),#270);
#266 = LINE('',#267,#268);
#267 = CARTESIAN_POINT('',(0.,0.));
#268 = VECTOR('',#269,1.);
#269 = DIRECTION('',(-0.367975054493,-0.929835662508));
#270 = ( GEOMETRIC_REPRESENTATION_CONTEXT(2) 
PARAMETRIC_REPRESENTATION_CONTEXT() REPRESENTATION_CONTEXT('2D SPACE',''
  ) );
#271 = PCURVE('',#272,#277);
#272 = PLANE('',#273);
#273 = AXIS2_PLACEMENT_3D('',#274,#275,#276);
#274 = CARTESIAN_POINT('',(-58.13584008237,54.59747097655,
    1.202301384363E-02));
#275 = DIRECTION('',(1.124478944831E-02,3.626831786059E-03,
    -0.999930197965));
#276 = DIRECTION('',(-0.999936774525,-5.002285245622E-21,
    -1.124486340551E-02));
#277 = DEFINITIONAL_REPRESENTATION('',(#278),#282);
#278 = LINE('',#279,#280);
#279 = CARTESIAN_POINT('',(-0.,0.));
#280 = VECTOR('',#281,1.);
#281 = DIRECTION('',(-0.36803563092,-0.929811687587));
#282 = ( GEOMETRIC_REPRESENTATION_CONTEXT(2) 
PARAMETRIC_REPRESENTATION_CONTEXT() REPRESENTATION_CONTEXT('2D SPACE',''
  ) );
#283 = ADVANCED_FACE('',(#284),#272,.T.);
#284 = FACE_BOUND('',#285,.T.);
#285 = EDGE_LOOP('',(#286,#287,#315));
#286 = ORIENTED_EDGE('',*,*,#258,.T.);
#287 = ORIENTED_EDGE('',*,*,#288,.F.);
#288 = EDGE_CURVE('',#289,#231,#291,.T.);
#289 = VERTEX_POINT('',#290);
#290 = CARTESIAN_POINT('',(-43.34858007837,10.387751158305,
    1.796183655838E-02));
#291 = SURFACE_CURVE('',#292,(#296,#303),.PCURVE_S1.);
#292 = LINE('',#293,#294);
#293 = CARTESIAN_POINT('',(-43.34858007837,10.387751158305,
    1.796183655838E-02));
#294 = VECTOR('',#295,1.);
#295 = DIRECTION('',(0.275312312788,0.961332302656,6.582879040427E-03));
#296 = PCURVE('',#272,#297);
#297 = DEFINITIONAL_REPRESENTATION('',(#298),#302);
#298 = LINE('',#299,#300);
#299 = CARTESIAN_POINT('',(-14.78639185371,-44.21001058642));
#300 = VECTOR('',#301,1.);
#301 = DIRECTION('',(-0.275368929612,0.961338625358));
#302 = ( GEOMETRIC_REPRESENTATION_CONTEXT(2) 
PARAMETRIC_REPRESENTATION_CONTEXT() REPRESENTATION_CONTEXT('2D SPACE',''
  ) );
#303 = PCURVE('',#304,#309);
#304 = PLANE('',#305);
#305 = AXIS2_PLACEMENT_3D('',#306,#307,#308);
#306 = CARTESIAN_POINT('',(-43.38152083391,10.374430612462,
    15.324179312162));
#307 = DIRECTION('',(0.961348208536,-0.275329394591,1.829321878714E-03)
  );
#308 = DIRECTION('',(0.275329855276,0.961349817077,7.19027950757E-20));
#309 = DEFINITIONAL_REPRESENTATION('',(#310),#314);
#310 = LINE('',#311,#312);
#311 = CARTESIAN_POINT('',(2.187527776611E-02,-15.30624308617));
#312 = VECTOR('',#313,1.);
#313 = DIRECTION('',(0.999978332545,6.582890054989E-03));
#314 = ( GEOMETRIC_REPRESENTATION_CONTEXT(2) 
PARAMETRIC_REPRESENTATION_CONTEXT() REPRESENTATION_CONTEXT('2D SPACE',''
  ) );
#315 = ORIENTED_EDGE('',*,*,#316,.F.);
#316 = EDGE_CURVE('',#22,#289,#317,.T.);
#317 = SURFACE_CURVE('',#318,(#322,#329),.PCURVE_S1.);
#318 = LINE('',#319,#320);
#319 = CARTESIAN_POINT('',(-58.13584008237,54.59747097655,
    1.202301384363E-02));
#320 = VECTOR('',#321,1.);
#321 = DIRECTION('',(0.317206162523,-0.948356596554,1.273955528434E-04)
  );
#322 = PCURVE('',#272,#323);
#323 = DEFINITIONAL_REPRESENTATION('',(#324),#328);
#324 = LINE('',#325,#326);
#325 = CARTESIAN_POINT('',(-0.,0.));
#326 = VECTOR('',#327,1.);
#327 = DIRECTION('',(-0.317187539558,-0.948362833914));
#328 = ( GEOMETRIC_REPRESENTATION_CONTEXT(2) 
PARAMETRIC_REPRESENTATION_CONTEXT() REPRESENTATION_CONTEXT('2D SPACE',''
  ) );
#329 = PCURVE('',#330,#335);
#330 = PLANE('',#331);
#331 = AXIS2_PLACEMENT_3D('',#332,#333,#334);
#332 = CARTESIAN_POINT('',(-58.13584008237,54.59747097655,
    1.202301384363E-02));
#333 = DIRECTION('',(-4.078604473376E-03,-1.498542667173E-03,
    -0.999990559633));
#334 = DIRECTION('',(-0.99999168244,-8.842320873661E-22,
    4.078609052902E-03));
#335 = DEFINITIONAL_REPRESENTATION('',(#336),#340);
#336 = LINE('',#337,#338);
#337 = CARTESIAN_POINT('',(0.,0.));
#338 = VECTOR('',#339,1.);
#339 = DIRECTION('',(-0.317203004545,-0.948357661385));
#340 = ( GEOMETRIC_REPRESENTATION_CONTEXT(2) 
PARAMETRIC_REPRESENTATION_CONTEXT() REPRESENTATION_CONTEXT('2D SPACE',''
  ) );
#341 = ADVANCED_FACE('',(#342),#330,.T.);
#342 = FACE_BOUND('',#343,.T.);
#343 = EDGE_LOOP('',(#344,#345,#373));
#344 = ORIENTED_EDGE('',*,*,#316,.T.);
#345 = ORIENTED_EDGE('',*,*,#346,.F.);
#346 = EDGE_CURVE('',#347,#289,#349,.T.);
#347 = VERTEX_POINT('',#348);
#348 = CARTESIAN_POINT('',(-44.1660024285,6.227538287717,
    2.753012583152E-02));
#349 = SURFACE_CURVE('',#350,(#354,#361),.PCURVE_S1.);
#350 = LINE('',#351,#352);
#351 = CARTESIAN_POINT('',(-44.1660024285,6.227538287717,
    2.753012583152E-02));
#352 = VECTOR('',#353,1.);
#353 = DIRECTION('',(0.1927987897,0.981235717637,-2.256794900538E-03));
#354 = PCURVE('',#330,#355);
#355 = DEFINITIONAL_REPRESENTATION('',(#356),#360);
#356 = LINE('',#357,#358);
#357 = CARTESIAN_POINT('',(-13.96965821145,-48.36998699941));
#358 = VECTOR('',#359,1.);
#359 = DIRECTION('',(-0.192806390669,0.981236819385));
#360 = ( GEOMETRIC_REPRESENTATION_CONTEXT(2) 
PARAMETRIC_REPRESENTATION_CONTEXT() REPRESENTATION_CONTEXT('2D SPACE',''
  ) );
#361 = PCURVE('',#362,#367);
#362 = PLANE('',#363);
#363 = AXIS2_PLACEMENT_3D('',#364,#365,#366);
#364 = CARTESIAN_POINT('',(-43.38152083391,10.374430612462,
    15.324179312162));
#365 = DIRECTION('',(0.981237208219,-0.19279461158,1.943952880141E-03));
#366 = DIRECTION('',(0.192794975862,0.981239062248,5.512506254337E-20));
#367 = DEFINITIONAL_REPRESENTATION('',(#368),#372);
#368 = LINE('',#369,#370);
#369 = CARTESIAN_POINT('',(-4.220336846072,-15.29667808907));
#370 = VECTOR('',#371,1.);
#371 = DIRECTION('',(0.999997453426,-2.256799164711E-03));
#372 = ( GEOMETRIC_REPRESENTATION_CONTEXT(2) 
PARAMETRIC_REPRESENTATION_CONTEXT() REPRESENTATION_CONTEXT('2D SPACE',''
  ) );
#373 = ORIENTED_EDGE('',*,*,#374,.F.);
#374 = EDGE_CURVE('',#22,#347,#375,.T.);
#375 = SURFACE_CURVE('',#376,(#380,#387),.PCURVE_S1.);
#376 = LINE('',#377,#378);
#377 = CARTESIAN_POINT('',(-58.13584008237,54.59747097655,
    1.202301384363E-02));
#378 = VECTOR('',#379,1.);
#379 = DIRECTION('',(0.277471837912,-0.960733721849,3.080055023253E-04)
  );
#380 = PCURVE('',#330,#381);
#381 = DEFINITIONAL_REPRESENTATION('',(#382),#386);
#382 = LINE('',#383,#384);
#383 = CARTESIAN_POINT('',(0.,0.));
#384 = VECTOR('',#385,1.);
#385 = DIRECTION('',(-0.277468273789,-0.960734800577));
#386 = ( GEOMETRIC_REPRESENTATION_CONTEXT(2) 
PARAMETRIC_REPRESENTATION_CONTEXT() REPRESENTATION_CONTEXT('2D SPACE',''
  ) );
#387 = PCURVE('',#388,#393);
#388 = PLANE('',#389);
#389 = AXIS2_PLACEMENT_3D('',#390,#391,#392);
#390 = CARTESIAN_POINT('',(-58.13584008237,54.59747097655,
    1.202301384363E-02));
#391 = DIRECTION('',(3.745947461946E-02,1.049841043217E-02,
    -0.999242999045));
#392 = DIRECTION('',(-0.999298070191,-5.592318538947E-20,
    -3.746153911849E-02));
#393 = DEFINITIONAL_REPRESENTATION('',(#394),#398);
#394 = LINE('',#395,#396);
#395 = CARTESIAN_POINT('',(-0.,0.));
#396 = VECTOR('',#397,1.);
#397 = DIRECTION('',(-0.277288610518,-0.960786670639));
#398 = ( GEOMETRIC_REPRESENTATION_CONTEXT(2) 
PARAMETRIC_REPRESENTATION_CONTEXT() REPRESENTATION_CONTEXT('2D SPACE',''
  ) );
#399 = ADVANCED_FACE('',(#400),#388,.T.);
#400 = FACE_BOUND('',#401,.T.);
#401 = EDGE_LOOP('',(#402,#403,#431));
#402 = ORIENTED_EDGE('',*,*,#374,.T.);
#403 = ORIENTED_EDGE('',*,*,#404,.F.);
#404 = EDGE_CURVE('',#405,#347,#407,.T.);
#405 = VERTEX_POINT('',#406);
#406 = CARTESIAN_POINT('',(-44.53736792694,2.129044903271,
    -2.945183173133E-02));
#407 = SURFACE_CURVE('',#408,(#412,#419),.PCURVE_S1.);
#408 = LINE('',#409,#410);
#409 = CARTESIAN_POINT('',(-44.53736792694,2.129044903271,
    -2.945183173133E-02));
#410 = VECTOR('',#411,1.);
#411 = DIRECTION('',(9.023190774644E-02,0.99582454085,1.384509535678E-02
    ));
#412 = PCURVE('',#388,#413);
#413 = DEFINITIONAL_REPRESENTATION('',(#414),#418);
#414 = LINE('',#415,#416);
#415 = CARTESIAN_POINT('',(-13.58737327092,-52.47131775864));
#416 = VECTOR('',#417,1.);
#417 = DIRECTION('',(-9.068722986195E-02,0.995879423595));
#418 = ( GEOMETRIC_REPRESENTATION_CONTEXT(2) 
PARAMETRIC_REPRESENTATION_CONTEXT() REPRESENTATION_CONTEXT('2D SPACE',''
  ) );
#419 = PCURVE('',#420,#425);
#420 = PLANE('',#421);
#421 = AXIS2_PLACEMENT_3D('',#422,#423,#424);
#422 = CARTESIAN_POINT('',(-44.5070810435,2.069721253862,15.287034311281
    ));
#423 = DIRECTION('',(0.995920217186,-9.020833934752E-02,
    -2.3187307515E-03));
#424 = DIRECTION('',(9.020858185162E-02,0.995922894485,
    -2.477282672797E-20));
#425 = DEFINITIONAL_REPRESENTATION('',(#426),#430);
#426 = LINE('',#427,#428);
#427 = CARTESIAN_POINT('',(5.634964382731E-02,-15.31652731781));
#428 = VECTOR('',#429,1.);
#429 = DIRECTION('',(0.999904151559,1.384513257609E-02));
#430 = ( GEOMETRIC_REPRESENTATION_CONTEXT(2) 
PARAMETRIC_REPRESENTATION_CONTEXT() REPRESENTATION_CONTEXT('2D SPACE',''
  ) );
#431 = ORIENTED_EDGE('',*,*,#432,.F.);
#432 = EDGE_CURVE('',#22,#405,#433,.T.);
#433 = SURFACE_CURVE('',#434,(#438,#445),.PCURVE_S1.);
#434 = LINE('',#435,#436);
#435 = CARTESIAN_POINT('',(-58.13584008237,54.59747097655,
    1.202301384363E-02));
#436 = VECTOR('',#437,1.);
#437 = DIRECTION('',(0.250885101071,-0.968016570387,-7.651904350008E-04)
  );
#438 = PCURVE('',#388,#439);
#439 = DEFINITIONAL_REPRESENTATION('',(#440),#444);
#440 = LINE('',#441,#442);
#441 = CARTESIAN_POINT('',(-0.,0.));
#442 = VECTOR('',#443,1.);
#443 = DIRECTION('',(-0.250680332128,-0.968069920555));
#444 = ( GEOMETRIC_REPRESENTATION_CONTEXT(2) 
PARAMETRIC_REPRESENTATION_CONTEXT() REPRESENTATION_CONTEXT('2D SPACE',''
  ) );
#445 = PCURVE('',#446,#451);
#446 = PLANE('',#447);
#447 = AXIS2_PLACEMENT_3D('',#448,#449,#450);
#448 = CARTESIAN_POINT('',(-58.13584008237,54.59747097655,
    1.202301384363E-02));
#449 = DIRECTION('',(-1.875509768407E-02,-4.070514074972E-03,
    -0.999815821652));
#450 = DIRECTION('',(-0.999824104772,7.207953955369E-21,
    1.87552530634E-02));
#451 = DEFINITIONAL_REPRESENTATION('',(#452),#456);
#452 = LINE('',#453,#454);
#453 = CARTESIAN_POINT('',(0.,0.));
#454 = VECTOR('',#455,1.);
#455 = DIRECTION('',(-0.250855322919,-0.968024590061));
#456 = ( GEOMETRIC_REPRESENTATION_CONTEXT(2) 
PARAMETRIC_REPRESENTATION_CONTEXT() REPRESENTATION_CONTEXT('2D SPACE',''
  ) );
#457 = ADVANCED_FACE('',(#458),#446,.T.);
#458 = FACE_BOUND('',#459,.T.);
#459 = EDGE_LOOP('',(#460,#461,#489));
#460 = ORIENTED_EDGE('',*,*,#432,.T.);
#461 = ORIENTED_EDGE('',*,*,#462,.F.);
#462 = EDGE_CURVE('',#463,#405,#465,.T.);
#463 = VERTEX_POINT('',#464);
#464 = CARTESIAN_POINT('',(-44.55369410759,-2.101697731446,
    -1.192110639613E-02));
#465 = SURFACE_CURVE('',#466,(#470,#477),.PCURVE_S1.);
#466 = LINE('',#467,#468);
#467 = CARTESIAN_POINT('',(-44.55369410759,-2.101697731446,
    -1.192110639613E-02));
#468 = VECTOR('',#469,1.);
#469 = DIRECTION('',(3.858877826119E-03,0.999983969752,
    -4.143585612953E-03));
#470 = PCURVE('',#446,#471);
#471 = DEFINITIONAL_REPRESENTATION('',(#472),#476);
#472 = LINE('',#473,#474);
#473 = CARTESIAN_POINT('',(-13.58020601815,-56.6996384405));
#474 = VECTOR('',#475,1.);
#475 = DIRECTION('',(-3.935913064684E-03,0.999992254264));
#476 = ( GEOMETRIC_REPRESENTATION_CONTEXT(2) 
PARAMETRIC_REPRESENTATION_CONTEXT() REPRESENTATION_CONTEXT('2D SPACE',''
  ) );
#477 = PCURVE('',#478,#483);
#478 = PLANE('',#479);
#479 = AXIS2_PLACEMENT_3D('',#480,#481,#482);
#480 = CARTESIAN_POINT('',(-44.52661447647,-2.069376868577,
    15.29482118111));
#481 = DIRECTION('',(0.999990975727,-3.866201631207E-03,
    -1.760951302689E-03));
#482 = DIRECTION('',(3.866207625669E-03,0.999992526191,
    4.039987360277E-22));
#483 = DEFINITIONAL_REPRESENTATION('',(#484),#488);
#484 = LINE('',#485,#486);
#485 = CARTESIAN_POINT('',(-3.242531678524E-02,-15.30676602027));
#486 = VECTOR('',#487,1.);
#487 = DIRECTION('',(0.999991415286,-4.143592037492E-03));
#488 = ( GEOMETRIC_REPRESENTATION_CONTEXT(2) 
PARAMETRIC_REPRESENTATION_CONTEXT() REPRESENTATION_CONTEXT('2D SPACE',''
  ) );
#489 = ORIENTED_EDGE('',*,*,#490,.F.);
#490 = EDGE_CURVE('',#22,#463,#491,.T.);
#491 = SURFACE_CURVE('',#492,(#496,#503),.PCURVE_S1.);
#492 = LINE('',#493,#494);
#493 = CARTESIAN_POINT('',(-58.13584008237,54.59747097655,
    1.202301384363E-02));
#494 = VECTOR('',#495,1.);
#495 = DIRECTION('',(0.232956857651,-0.972486983879,-4.106823045946E-04)
  );
#496 = PCURVE('',#446,#497);
#497 = DEFINITIONAL_REPRESENTATION('',(#498),#502);
#498 = LINE('',#499,#500);
#499 = CARTESIAN_POINT('',(0.,0.));
#500 = VECTOR('',#501,1.);
#501 = DIRECTION('',(-0.232923584102,-0.972495040589));
#502 = ( GEOMETRIC_REPRESENTATION_CONTEXT(2) 
PARAMETRIC_REPRESENTATION_CONTEXT() REPRESENTATION_CONTEXT('2D SPACE',''
  ) );
#503 = PCURVE('',#504,#509);
#504 = PLANE('',#505);
#505 = AXIS2_PLACEMENT_3D('',#506,#507,#508);
#506 = CARTESIAN_POINT('',(-58.13584008237,54.59747097655,
    1.202301384363E-02));
#507 = DIRECTION('',(-1.550952455303E-04,3.851483612314E-04,
    -0.999999913803));
#508 = DIRECTION('',(-3.507993973236E-24,-0.99999992583,
    -3.851483658637E-04));
#509 = DEFINITIONAL_REPRESENTATION('',(#510),#514);
#510 = LINE('',#511,#512);
#511 = CARTESIAN_POINT('',(-0.,0.));
#512 = VECTOR('',#513,1.);
#513 = DIRECTION('',(0.972487069923,-0.232956860452));
#514 = ( GEOMETRIC_REPRESENTATION_CONTEXT(2) 
PARAMETRIC_REPRESENTATION_CONTEXT() REPRESENTATION_CONTEXT('2D SPACE',''
  ) );
#515 = ADVANCED_FACE('',(#516),#504,.T.);
#516 = FACE_BOUND('',#517,.T.);
#517 = EDGE_LOOP('',(#518,#519,#547));
#518 = ORIENTED_EDGE('',*,*,#490,.T.);
#519 = ORIENTED_EDGE('',*,*,#520,.F.);
#520 = EDGE_CURVE('',#521,#463,#523,.T.);
#521 = VERTEX_POINT('',#522);
#522 = CARTESIAN_POINT('',(-58.10569198609,-54.57799214121,
    -3.003041631413E-02));
#523 = SURFACE_CURVE('',#524,(#528,#535),.PCURVE_S1.);
#524 = LINE('',#525,#526);
#525 = CARTESIAN_POINT('',(-58.10569198609,-54.57799214121,
    -3.003041631413E-02));
#526 = VECTOR('',#527,1.);
#527 = DIRECTION('',(0.250046290385,0.968233825592,3.341327092155E-04));
#528 = PCURVE('',#504,#529);
#529 = DEFINITIONAL_REPRESENTATION('',(#530),#534);
#530 = LINE('',#531,#532);
#531 = CARTESIAN_POINT('',(109.17547121707,-3.014809664578E-02));
#532 = VECTOR('',#533,1.);
#533 = DIRECTION('',(-0.968233882469,-0.250046293392));
#534 = ( GEOMETRIC_REPRESENTATION_CONTEXT(2) 
PARAMETRIC_REPRESENTATION_CONTEXT() REPRESENTATION_CONTEXT('2D SPACE',''
  ) );
#535 = PCURVE('',#536,#541);
#536 = PLANE('',#537);
#537 = AXIS2_PLACEMENT_3D('',#538,#539,#540);
#538 = CARTESIAN_POINT('',(-44.55369410759,-2.101697731446,
    -1.192110639613E-02));
#539 = DIRECTION('',(1.268442770871E-02,-2.930686396421E-03,
    -0.999915254595));
#540 = DIRECTION('',(-0.99991954872,3.164532586722E-21,
    -1.268448218185E-02));
#541 = DEFINITIONAL_REPRESENTATION('',(#542),#546);
#542 = LINE('',#543,#544);
#543 = CARTESIAN_POINT('',(13.551137310139,-52.47651976864));
#544 = VECTOR('',#545,1.);
#545 = DIRECTION('',(-0.250030412141,0.968237983661));
#546 = ( GEOMETRIC_REPRESENTATION_CONTEXT(2) 
PARAMETRIC_REPRESENTATION_CONTEXT() REPRESENTATION_CONTEXT('2D SPACE',''
  ) );
#547 = ORIENTED_EDGE('',*,*,#548,.F.);
#548 = EDGE_CURVE('',#22,#521,#549,.T.);
#549 = SURFACE_CURVE('',#550,(#554,#561),.PCURVE_S1.);
#550 = LINE('',#551,#552);
#551 = CARTESIAN_POINT('',(-58.13584008237,54.59747097655,
    1.202301384363E-02));
#552 = VECTOR('',#553,1.);
#553 = DIRECTION('',(2.761434853234E-04,-0.999999887686,
    -3.851911797179E-04));
#554 = PCURVE('',#504,#555);
#555 = DEFINITIONAL_REPRESENTATION('',(#556),#560);
#556 = LINE('',#557,#558);
#557 = CARTESIAN_POINT('',(-0.,0.));
#558 = VECTOR('',#559,1.);
#559 = DIRECTION('',(0.999999961872,-2.761434886446E-04));
#560 = ( GEOMETRIC_REPRESENTATION_CONTEXT(2) 
PARAMETRIC_REPRESENTATION_CONTEXT() REPRESENTATION_CONTEXT('2D SPACE',''
  ) );
#561 = PCURVE('',#562,#567);
#562 = PLANE('',#563);
#563 = AXIS2_PLACEMENT_3D('',#564,#565,#566);
#564 = CARTESIAN_POINT('',(-58.14408552667,-54.56321175634,
    15.26634927179));
#565 = DIRECTION('',(-0.999996812833,-2.751759211326E-04,
    -2.509701758978E-03));
#566 = DIRECTION('',(2.509701853997E-03,-1.12816591086E-23,
    -0.999996850693));
#567 = DEFINITIONAL_REPRESENTATION('',(#568),#572);
#568 = LINE('',#569,#570);
#569 = CARTESIAN_POINT('',(15.254298911002,-109.1606868658));
#570 = VECTOR('',#571,1.);
#571 = DIRECTION('',(3.858830044498E-04,0.999999925547));
#572 = ( GEOMETRIC_REPRESENTATION_CONTEXT(2) 
PARAMETRIC_REPRESENTATION_CONTEXT() REPRESENTATION_CONTEXT('2D SPACE',''
  ) );
#573 = ADVANCED_FACE('',(#574),#536,.T.);
#574 = FACE_BOUND('',#575,.T.);
#575 = EDGE_LOOP('',(#576,#604,#630));
#576 = ORIENTED_EDGE('',*,*,#577,.T.);
#577 = EDGE_CURVE('',#463,#578,#580,.T.);
#578 = VERTEX_POINT('',#579);
#579 = CARTESIAN_POINT('',(-44.1445695063,-6.218344124528,
    5.334466946413E-03));
#580 = SURFACE_CURVE('',#581,(#585,#592),.PCURVE_S1.);
#581 = LINE('',#582,#583);
#582 = CARTESIAN_POINT('',(-44.55369410759,-2.101697731446,
    -1.192110639613E-02));
#583 = VECTOR('',#584,1.);
#584 = DIRECTION('',(9.889492770199E-02,-0.995089139436,
    4.171073244658E-03));
#585 = PCURVE('',#536,#586);
#586 = DEFINITIONAL_REPRESENTATION('',(#587),#591);
#587 = LINE('',#588,#589);
#588 = CARTESIAN_POINT('',(0.,0.));
#589 = VECTOR('',#590,1.);
#590 = DIRECTION('',(-9.89398793827E-02,-0.995093412835));
#591 = ( GEOMETRIC_REPRESENTATION_CONTEXT(2) 
PARAMETRIC_REPRESENTATION_CONTEXT() REPRESENTATION_CONTEXT('2D SPACE',''
  ) );
#592 = PCURVE('',#593,#598);
#593 = PLANE('',#594);
#594 = AXIS2_PLACEMENT_3D('',#595,#596,#597);
#595 = CARTESIAN_POINT('',(-44.16981199923,-6.219930156008,
    15.288203195763));
#596 = DIRECTION('',(0.995095752605,9.890251730851E-02,
    1.653849185947E-03));
#597 = DIRECTION('',(-9.890265256871E-02,0.995097113509,
    2.79658234847E-21));
#598 = DEFINITIONAL_REPRESENTATION('',(#599),#603);
#599 = LINE('',#600,#601);
#600 = CARTESIAN_POINT('',(4.136008157233,-15.30014522678));
#601 = VECTOR('',#602,1.);
#602 = DIRECTION('',(-0.999991301012,4.171078949065E-03));
#603 = ( GEOMETRIC_REPRESENTATION_CONTEXT(2) 
PARAMETRIC_REPRESENTATION_CONTEXT() REPRESENTATION_CONTEXT('2D SPACE',''
  ) );
#604 = ORIENTED_EDGE('',*,*,#605,.F.);
#605 = EDGE_CURVE('',#521,#578,#606,.T.);
#606 = SURFACE_CURVE('',#607,(#611,#618),.PCURVE_S1.);
#607 = LINE('',#608,#609);
#608 = CARTESIAN_POINT('',(-58.10569198609,-54.57799214121,
    -3.003041631413E-02));
#609 = VECTOR('',#610,1.);
#610 = DIRECTION('',(0.277366435154,0.960763949682,7.025961998258E-04));
#611 = PCURVE('',#536,#612);
#612 = DEFINITIONAL_REPRESENTATION('',(#613),#617);
#613 = LINE('',#614,#615);
#614 = CARTESIAN_POINT('',(13.551137310139,-52.47651976864));
#615 = VECTOR('',#616,1.);
#616 = DIRECTION('',(-0.277353032738,0.960768075672));
#617 = ( GEOMETRIC_REPRESENTATION_CONTEXT(2) 
PARAMETRIC_REPRESENTATION_CONTEXT() REPRESENTATION_CONTEXT('2D SPACE',''
  ) );
#618 = PCURVE('',#619,#624);
#619 = PLANE('',#620);
#620 = AXIS2_PLACEMENT_3D('',#621,#622,#623);
#621 = CARTESIAN_POINT('',(-44.1445695063,-6.218344124528,
    5.334466946413E-03));
#622 = DIRECTION('',(-8.817613414023E-03,3.276845591174E-03,
    -0.99995575501));
#623 = DIRECTION('',(-0.999961123674,-1.343982373648E-21,
    8.817660754923E-03));
#624 = DEFINITIONAL_REPRESENTATION('',(#625),#629);
#625 = LINE('',#626,#627);
#626 = CARTESIAN_POINT('',(13.960267887094,-48.35990765488));
#627 = VECTOR('',#628,1.);
#628 = DIRECTION('',(-0.277349456911,0.960769107929));
#629 = ( GEOMETRIC_REPRESENTATION_CONTEXT(2) 
PARAMETRIC_REPRESENTATION_CONTEXT() REPRESENTATION_CONTEXT('2D SPACE',''
  ) );
#630 = ORIENTED_EDGE('',*,*,#520,.T.);
#631 = ADVANCED_FACE('',(#632),#619,.T.);
#632 = FACE_BOUND('',#633,.T.);
#633 = EDGE_LOOP('',(#634,#662,#688));
#634 = ORIENTED_EDGE('',*,*,#635,.T.);
#635 = EDGE_CURVE('',#578,#636,#638,.T.);
#636 = VERTEX_POINT('',#637);
#637 = CARTESIAN_POINT('',(-43.36108686521,-10.39749891946,
    -1.526933667907E-02));
#638 = SURFACE_CURVE('',#639,(#643,#650),.PCURVE_S1.);
#639 = LINE('',#640,#641);
#640 = CARTESIAN_POINT('',(-44.1445695063,-6.218344124528,
    5.334466946413E-03));
#641 = VECTOR('',#642,1.);
#642 = DIRECTION('',(0.18426163368,-0.98286528575,-4.84566002734E-03));
#643 = PCURVE('',#619,#644);
#644 = DEFINITIONAL_REPRESENTATION('',(#645),#649);
#645 = LINE('',#646,#647);
#646 = CARTESIAN_POINT('',(0.,0.));
#647 = VECTOR('',#648,1.);
#648 = DIRECTION('',(-0.184297197651,-0.982870562657));
#649 = ( GEOMETRIC_REPRESENTATION_CONTEXT(2) 
PARAMETRIC_REPRESENTATION_CONTEXT() REPRESENTATION_CONTEXT('2D SPACE',''
  ) );
#650 = PCURVE('',#651,#656);
#651 = PLANE('',#652);
#652 = AXIS2_PLACEMENT_3D('',#653,#654,#655);
#653 = CARTESIAN_POINT('',(-44.16981199923,-6.219930156008,
    15.288203195763));
#654 = DIRECTION('',(0.982876965715,0.184255725495,1.642525410963E-03));
#655 = DIRECTION('',(-0.184255974046,0.982878291564,1.523880659623E-20)
  );
#656 = DEFINITIONAL_REPRESENTATION('',(#657),#661);
#657 = LINE('',#658,#659);
#658 = CARTESIAN_POINT('',(-3.092204210822E-03,-15.2828893446));
#659 = VECTOR('',#660,1.);
#660 = DIRECTION('',(-0.999988259689,-4.845666563882E-03));
#661 = ( GEOMETRIC_REPRESENTATION_CONTEXT(2) 
PARAMETRIC_REPRESENTATION_CONTEXT() REPRESENTATION_CONTEXT('2D SPACE',''
  ) );
#662 = ORIENTED_EDGE('',*,*,#663,.F.);
#663 = EDGE_CURVE('',#521,#636,#664,.T.);
#664 = SURFACE_CURVE('',#665,(#669,#676),.PCURVE_S1.);
#665 = LINE('',#666,#667);
#666 = CARTESIAN_POINT('',(-58.10569198609,-54.57799214121,
    -3.003041631413E-02));
#667 = VECTOR('',#668,1.);
#668 = DIRECTION('',(0.316571182215,0.948568703969,3.169248950737E-04));
#669 = PCURVE('',#619,#670);
#670 = DEFINITIONAL_REPRESENTATION('',(#671),#675);
#671 = LINE('',#672,#673);
#672 = CARTESIAN_POINT('',(13.960267887094,-48.35990765488));
#673 = VECTOR('',#674,1.);
#674 = DIRECTION('',(-0.316556080554,0.948573796741));
#675 = ( GEOMETRIC_REPRESENTATION_CONTEXT(2) 
PARAMETRIC_REPRESENTATION_CONTEXT() REPRESENTATION_CONTEXT('2D SPACE',''
  ) );
#676 = PCURVE('',#677,#682);
#677 = PLANE('',#678);
#678 = AXIS2_PLACEMENT_3D('',#679,#680,#681);
#679 = CARTESIAN_POINT('',(-43.36108686521,-10.39749891946,
    -1.526933667907E-02));
#680 = DIRECTION('',(-7.412989894545E-03,2.808076949005E-03,
    -0.999968580649));
#681 = DIRECTION('',(-0.999972523196,-4.37280928567E-22,
    7.413019121528E-03));
#682 = DEFINITIONAL_REPRESENTATION('',(#683),#687);
#683 = LINE('',#684,#685);
#684 = CARTESIAN_POINT('',(14.744090562097,-44.18066741091));
#685 = VECTOR('',#686,1.);
#686 = DIRECTION('',(-0.31656013448,0.948572443864));
#687 = ( GEOMETRIC_REPRESENTATION_CONTEXT(2) 
PARAMETRIC_REPRESENTATION_CONTEXT() REPRESENTATION_CONTEXT('2D SPACE',''
  ) );
#688 = ORIENTED_EDGE('',*,*,#605,.T.);
#689 = ADVANCED_FACE('',(#690),#677,.T.);
#690 = FACE_BOUND('',#691,.T.);
#691 = EDGE_LOOP('',(#692,#720,#746));
#692 = ORIENTED_EDGE('',*,*,#693,.T.);
#693 = EDGE_CURVE('',#636,#694,#696,.T.);
#694 = VERTEX_POINT('',#695);
#695 = CARTESIAN_POINT('',(-42.22774591019,-14.37667041681,
    -3.484521654502E-02));
#696 = SURFACE_CURVE('',#697,(#701,#708),.PCURVE_S1.);
#697 = LINE('',#698,#699);
#698 = CARTESIAN_POINT('',(-43.36108686521,-10.39749891946,
    -1.526933667907E-02));
#699 = VECTOR('',#700,1.);
#700 = DIRECTION('',(0.273921308275,-0.961740469696,-4.731365790468E-03)
  );
#701 = PCURVE('',#677,#702);
#702 = DEFINITIONAL_REPRESENTATION('',(#703),#707);
#703 = LINE('',#704,#705);
#704 = CARTESIAN_POINT('',(0.,0.));
#705 = VECTOR('',#706,1.);
#706 = DIRECTION('',(-0.273948855499,-0.961744261522));
#707 = ( GEOMETRIC_REPRESENTATION_CONTEXT(2) 
PARAMETRIC_REPRESENTATION_CONTEXT() REPRESENTATION_CONTEXT('2D SPACE',''
  ) );
#708 = PCURVE('',#709,#714);
#709 = PLANE('',#710);
#710 = AXIS2_PLACEMENT_3D('',#711,#712,#713);
#711 = CARTESIAN_POINT('',(-42.21452021313,-14.37315003319,
    15.288134858266));
#712 = DIRECTION('',(0.961749693595,0.273928328834,-8.930470979606E-04)
  );
#713 = DIRECTION('',(-0.273928438067,0.961750077108,2.315758414873E-20)
  );
#714 = DEFINITIONAL_REPRESENTATION('',(#715),#719);
#715 = LINE('',#716,#717);
#716 = CARTESIAN_POINT('',(4.13765997733,-15.30341029743));
#717 = VECTOR('',#718,1.);
#718 = DIRECTION('',(-0.999988807017,-4.73136767718E-03));
#719 = ( GEOMETRIC_REPRESENTATION_CONTEXT(2) 
PARAMETRIC_REPRESENTATION_CONTEXT() REPRESENTATION_CONTEXT('2D SPACE',''
  ) );
#720 = ORIENTED_EDGE('',*,*,#721,.F.);
#721 = EDGE_CURVE('',#521,#694,#722,.T.);
#722 = SURFACE_CURVE('',#723,(#727,#734),.PCURVE_S1.);
#723 = LINE('',#724,#725);
#724 = CARTESIAN_POINT('',(-58.10569198609,-54.57799214121,
    -3.003041631413E-02));
#725 = VECTOR('',#726,1.);
#726 = DIRECTION('',(0.367346741823,0.930084060106,-1.113935750184E-04)
  );
#727 = PCURVE('',#677,#728);
#728 = DEFINITIONAL_REPRESENTATION('',(#729),#733);
#729 = LINE('',#730,#731);
#730 = CARTESIAN_POINT('',(14.744090562097,-44.18066741091));
#731 = VECTOR('',#732,1.);
#732 = DIRECTION('',(-0.367337474071,0.930087727122));
#733 = ( GEOMETRIC_REPRESENTATION_CONTEXT(2) 
PARAMETRIC_REPRESENTATION_CONTEXT() REPRESENTATION_CONTEXT('2D SPACE',''
  ) );
#734 = PCURVE('',#735,#740);
#735 = PLANE('',#736);
#736 = AXIS2_PLACEMENT_3D('',#737,#738,#739);
#737 = CARTESIAN_POINT('',(-42.22774591019,-14.37667041681,
    -3.484521654502E-02));
#738 = DIRECTION('',(9.819374144406E-03,-3.998028320734E-03,
    -0.999943796251));
#739 = DIRECTION('',(-0.999951788013,-2.368780203125E-21,
    -9.819452622917E-03));
#740 = DEFINITIONAL_REPRESENTATION('',(#741),#745);
#741 = LINE('',#742,#743);
#742 = CARTESIAN_POINT('',(15.87713328987,-40.20164302184));
#743 = VECTOR('',#744,1.);
#744 = DIRECTION('',(-0.367327937482,0.930091493534));
#745 = ( GEOMETRIC_REPRESENTATION_CONTEXT(2) 
PARAMETRIC_REPRESENTATION_CONTEXT() REPRESENTATION_CONTEXT('2D SPACE',''
  ) );
#746 = ORIENTED_EDGE('',*,*,#663,.T.);
#747 = ADVANCED_FACE('',(#748),#735,.T.);
#748 = FACE_BOUND('',#749,.T.);
#749 = EDGE_LOOP('',(#750,#778,#804));
#750 = ORIENTED_EDGE('',*,*,#751,.T.);
#751 = EDGE_CURVE('',#694,#752,#754,.T.);
#752 = VERTEX_POINT('',#753);
#753 = CARTESIAN_POINT('',(-40.62838913284,-18.26417895052,
    -3.596408442911E-03));
#754 = SURFACE_CURVE('',#755,(#759,#766),.PCURVE_S1.);
#755 = LINE('',#756,#757);
#756 = CARTESIAN_POINT('',(-42.22774591019,-14.37667041681,
    -3.484521654502E-02));
#757 = VECTOR('',#758,1.);
#758 = DIRECTION('',(0.380458168207,-0.924768254698,7.433528564493E-03)
  );
#759 = PCURVE('',#735,#760);
#760 = DEFINITIONAL_REPRESENTATION('',(#761),#765);
#761 = LINE('',#762,#763);
#762 = CARTESIAN_POINT('',(-0.,0.));
#763 = VECTOR('',#764,1.);
#764 = DIRECTION('',(-0.380512818744,-0.924775645641));
#765 = ( GEOMETRIC_REPRESENTATION_CONTEXT(2) 
PARAMETRIC_REPRESENTATION_CONTEXT() REPRESENTATION_CONTEXT('2D SPACE',''
  ) );
#766 = PCURVE('',#767,#772);
#767 = PLANE('',#768);
#768 = AXIS2_PLACEMENT_3D('',#769,#770,#771);
#769 = CARTESIAN_POINT('',(-42.21452021313,-14.37315003319,
    15.288134858266));
#770 = DIRECTION('',(0.924795948004,0.380462442587,-8.856269946645E-04)
  );
#771 = DIRECTION('',(-0.380462591792,0.92479631068,-5.746118221973E-21)
  );
#772 = DEFINITIONAL_REPRESENTATION('',(#773),#777);
#773 = LINE('',#774,#775);
#774 = CARTESIAN_POINT('',(1.77624519355E-03,-15.32298608399));
#775 = VECTOR('',#776,1.);
#776 = DIRECTION('',(-0.999972370923,7.433531479684E-03));
#777 = ( GEOMETRIC_REPRESENTATION_CONTEXT(2) 
PARAMETRIC_REPRESENTATION_CONTEXT() REPRESENTATION_CONTEXT('2D SPACE',''
  ) );
#778 = ORIENTED_EDGE('',*,*,#779,.F.);
#779 = EDGE_CURVE('',#521,#752,#780,.T.);
#780 = SURFACE_CURVE('',#781,(#785,#792),.PCURVE_S1.);
#781 = LINE('',#782,#783);
#782 = CARTESIAN_POINT('',(-58.10569198609,-54.57799214121,
    -3.003041631413E-02));
#783 = VECTOR('',#784,1.);
#784 = DIRECTION('',(0.433671981944,0.901070575397,6.559186323258E-04));
#785 = PCURVE('',#735,#786);
#786 = DEFINITIONAL_REPRESENTATION('',(#787),#791);
#787 = LINE('',#788,#789);
#788 = CARTESIAN_POINT('',(15.87713328987,-40.20164302184));
#789 = VECTOR('',#790,1.);
#790 = DIRECTION('',(-0.433657514518,0.901077776944));
#791 = ( GEOMETRIC_REPRESENTATION_CONTEXT(2) 
PARAMETRIC_REPRESENTATION_CONTEXT() REPRESENTATION_CONTEXT('2D SPACE',''
  ) );
#792 = PCURVE('',#793,#798);
#793 = PLANE('',#794);
#794 = AXIS2_PLACEMENT_3D('',#795,#796,#797);
#795 = CARTESIAN_POINT('',(-40.62838913284,-18.26417895052,
    -3.596408442911E-03));
#796 = DIRECTION('',(2.50820567306E-03,-4.79232197091E-04,
    -0.999996739615));
#797 = DIRECTION('',(-0.999996854446,1.127380380205E-24,
    -2.508205961082E-03));
#798 = DEFINITIONAL_REPRESENTATION('',(#799),#803);
#799 = LINE('',#800,#801);
#800 = CARTESIAN_POINT('',(17.47731417939,-36.31381736067));
#801 = VECTOR('',#802,1.);
#802 = DIRECTION('',(-0.433672262985,0.901070678869));
#803 = ( GEOMETRIC_REPRESENTATION_CONTEXT(2) 
PARAMETRIC_REPRESENTATION_CONTEXT() REPRESENTATION_CONTEXT('2D SPACE',''
  ) );
#804 = ORIENTED_EDGE('',*,*,#721,.T.);
#805 = ADVANCED_FACE('',(#806),#793,.T.);
#806 = FACE_BOUND('',#807,.T.);
#807 = EDGE_LOOP('',(#808,#836,#862));
#808 = ORIENTED_EDGE('',*,*,#809,.T.);
#809 = EDGE_CURVE('',#752,#810,#812,.T.);
#810 = VERTEX_POINT('',#811);
#811 = CARTESIAN_POINT('',(-38.82143585954,-21.9875508752,
    2.720182310715E-03));
#812 = SURFACE_CURVE('',#813,(#817,#824),.PCURVE_S1.);
#813 = LINE('',#814,#815);
#814 = CARTESIAN_POINT('',(-40.62838913284,-18.26417895052,
    -3.596408442911E-03));
#815 = VECTOR('',#816,1.);
#816 = DIRECTION('',(0.436602032933,-0.899653452972,1.526235572876E-03)
  );
#817 = PCURVE('',#793,#818);
#818 = DEFINITIONAL_REPRESENTATION('',(#819),#823);
#819 = LINE('',#820,#821);
#820 = CARTESIAN_POINT('',(0.,0.));
#821 = VECTOR('',#822,1.);
#822 = DIRECTION('',(-0.436604487691,-0.89965355628));
#823 = ( GEOMETRIC_REPRESENTATION_CONTEXT(2) 
PARAMETRIC_REPRESENTATION_CONTEXT() REPRESENTATION_CONTEXT('2D SPACE',''
  ) );
#824 = PCURVE('',#825,#830);
#825 = PLANE('',#826);
#826 = AXIS2_PLACEMENT_3D('',#827,#828,#829);
#827 = CARTESIAN_POINT('',(-38.75674242495,-21.95649401039,
    15.279336376203));
#828 = DIRECTION('',(0.899647705163,0.436591274511,-4.697405187489E-03)
  );
#829 = DIRECTION('',(-0.436596091418,0.899657630968,2.612854611068E-20)
  );
#830 = DEFINITIONAL_REPRESENTATION('',(#831),#835);
#831 = LINE('',#832,#833);
#832 = CARTESIAN_POINT('',(4.138973056734,-15.28310140109));
#833 = VECTOR('',#834,1.);
#834 = DIRECTION('',(-0.999998835276,1.526252411819E-03));
#835 = ( GEOMETRIC_REPRESENTATION_CONTEXT(2) 
PARAMETRIC_REPRESENTATION_CONTEXT() REPRESENTATION_CONTEXT('2D SPACE',''
  ) );
#836 = ORIENTED_EDGE('',*,*,#837,.F.);
#837 = EDGE_CURVE('',#521,#810,#838,.T.);
#838 = SURFACE_CURVE('',#839,(#843,#850),.PCURVE_S1.);
#839 = LINE('',#840,#841);
#840 = CARTESIAN_POINT('',(-58.10569198609,-54.57799214121,
    -3.003041631413E-02));
#841 = VECTOR('',#842,1.);
#842 = DIRECTION('',(0.509243173363,0.860622241413,8.648515485283E-04));
#843 = PCURVE('',#793,#844);
#844 = DEFINITIONAL_REPRESENTATION('',(#845),#849);
#845 = LINE('',#846,#847);
#846 = CARTESIAN_POINT('',(17.47731417939,-36.31381736067));
#847 = VECTOR('',#848,1.);
#848 = DIRECTION('',(-0.509243740737,0.86062234024));
#849 = ( GEOMETRIC_REPRESENTATION_CONTEXT(2) 
PARAMETRIC_REPRESENTATION_CONTEXT() REPRESENTATION_CONTEXT('2D SPACE',''
  ) );
#850 = PCURVE('',#851,#856);
#851 = PLANE('',#852);
#852 = AXIS2_PLACEMENT_3D('',#853,#854,#855);
#853 = CARTESIAN_POINT('',(-38.82143585954,-21.9875508752,
    2.720182310715E-03));
#854 = DIRECTION('',(8.487599494101E-03,-4.017370824572E-03,
    -0.999955909721));
#855 = DIRECTION('',(-0.999963979097,4.28191828449E-21,
    -8.487667986753E-03));
#856 = DEFINITIONAL_REPRESENTATION('',(#857),#861);
#857 = LINE('',#858,#859);
#858 = CARTESIAN_POINT('',(19.283839466443,-32.59070426213));
#859 = VECTOR('',#860,1.);
#860 = DIRECTION('',(-0.509232170537,0.860629186404));
#861 = ( GEOMETRIC_REPRESENTATION_CONTEXT(2) 
PARAMETRIC_REPRESENTATION_CONTEXT() REPRESENTATION_CONTEXT('2D SPACE',''
  ) );
#862 = ORIENTED_EDGE('',*,*,#779,.T.);
#863 = ADVANCED_FACE('',(#864),#851,.T.);
#864 = FACE_BOUND('',#865,.T.);
#865 = EDGE_LOOP('',(#866,#894,#920));
#866 = ORIENTED_EDGE('',*,*,#867,.T.);
#867 = EDGE_CURVE('',#810,#868,#870,.T.);
#868 = VERTEX_POINT('',#869);
#869 = CARTESIAN_POINT('',(-36.58025238739,-25.53596644301,
    3.599921847268E-02));
#870 = SURFACE_CURVE('',#871,(#875,#882),.PCURVE_S1.);
#871 = LINE('',#872,#873);
#872 = CARTESIAN_POINT('',(-38.82143585954,-21.9875508752,
    2.720182310715E-03));
#873 = VECTOR('',#874,1.);
#874 = DIRECTION('',(0.533989643579,-0.845453836272,7.929141402113E-03)
  );
#875 = PCURVE('',#851,#876);
#876 = DEFINITIONAL_REPRESENTATION('',(#877),#881);
#877 = LINE('',#878,#879);
#878 = CARTESIAN_POINT('',(0.,0.));
#879 = VECTOR('',#880,1.);
#880 = DIRECTION('',(-0.53403770871,-0.845460658858));
#881 = ( GEOMETRIC_REPRESENTATION_CONTEXT(2) 
PARAMETRIC_REPRESENTATION_CONTEXT() REPRESENTATION_CONTEXT('2D SPACE',''
  ) );
#882 = PCURVE('',#883,#888);
#883 = PLANE('',#884);
#884 = AXIS2_PLACEMENT_3D('',#885,#886,#887);
#885 = CARTESIAN_POINT('',(-38.75674242495,-21.95649401039,
    15.279336376203));
#886 = DIRECTION('',(0.845490968033,0.533969335404,-4.66602860174E-03));
#887 = DIRECTION('',(-0.533975148242,0.845500172123,-1.152412120154E-19)
  );
#888 = DEFINITIONAL_REPRESENTATION('',(#889),#893);
#889 = LINE('',#890,#891);
#890 = CARTESIAN_POINT('',(8.286101777848E-03,-15.27678249649));
#891 = VECTOR('',#892,1.);
#892 = DIRECTION('',(-0.99996856318,7.929227719453E-03));
#893 = ( GEOMETRIC_REPRESENTATION_CONTEXT(2) 
PARAMETRIC_REPRESENTATION_CONTEXT() REPRESENTATION_CONTEXT('2D SPACE',''
  ) );
#894 = ORIENTED_EDGE('',*,*,#895,.F.);
#895 = EDGE_CURVE('',#521,#868,#896,.T.);
#896 = SURFACE_CURVE('',#897,(#901,#908),.PCURVE_S1.);
#897 = LINE('',#898,#899);
#898 = CARTESIAN_POINT('',(-58.10569198609,-54.57799214121,
    -3.003041631413E-02));
#899 = VECTOR('',#900,1.);
#900 = DIRECTION('',(0.595455667165,0.803386091543,1.826569908332E-03));
#901 = PCURVE('',#851,#902);
#902 = DEFINITIONAL_REPRESENTATION('',(#903),#907);
#903 = LINE('',#904,#905);
#904 = CARTESIAN_POINT('',(19.283839466443,-32.59070426213));
#905 = VECTOR('',#906,1.);
#906 = DIRECTION('',(-0.595449721633,0.803392574653));
#907 = ( GEOMETRIC_REPRESENTATION_CONTEXT(2) 
PARAMETRIC_REPRESENTATION_CONTEXT() REPRESENTATION_CONTEXT('2D SPACE',''
  ) );
#908 = PCURVE('',#909,#914);
#909 = PLANE('',#910);
#910 = AXIS2_PLACEMENT_3D('',#911,#912,#913);
#911 = CARTESIAN_POINT('',(-36.58025238739,-25.53596644301,
    3.599921847268E-02));
#912 = DIRECTION('',(6.818070424975E-05,2.223049194826E-03,
    -0.999997526699));
#913 = DIRECTION('',(-2.266313027752E-23,-0.999997529023,
    -2.223049199993E-03));
#914 = DEFINITIONAL_REPRESENTATION('',(#915),#919);
#915 = LINE('',#916,#917);
#916 = CARTESIAN_POINT('',(29.042100723158,21.525439648734));
#917 = VECTOR('',#918,1.);
#918 = DIRECTION('',(-0.803388166949,-0.595455668549));
#919 = ( GEOMETRIC_REPRESENTATION_CONTEXT(2) 
PARAMETRIC_REPRESENTATION_CONTEXT() REPRESENTATION_CONTEXT('2D SPACE',''
  ) );
#920 = ORIENTED_EDGE('',*,*,#837,.T.);
#921 = ADVANCED_FACE('',(#922),#909,.T.);
#922 = FACE_BOUND('',#923,.T.);
#923 = EDGE_LOOP('',(#924,#952,#978));
#924 = ORIENTED_EDGE('',*,*,#925,.T.);
#925 = EDGE_CURVE('',#868,#926,#928,.T.);
#926 = VERTEX_POINT('',#927);
#927 = CARTESIAN_POINT('',(-34.03148948958,-28.80840751723,
    2.889817986384E-02));
#928 = SURFACE_CURVE('',#929,(#933,#940),.PCURVE_S1.);
#929 = LINE('',#930,#931);
#930 = CARTESIAN_POINT('',(-36.58025238739,-25.53596644301,
    3.599921847268E-02));
#931 = VECTOR('',#932,1.);
#932 = DIRECTION('',(0.614469976585,-0.788938348083,-1.711957997916E-03)
  );
#933 = PCURVE('',#909,#934);
#934 = DEFINITIONAL_REPRESENTATION('',(#935),#939);
#935 = LINE('',#936,#937);
#936 = CARTESIAN_POINT('',(-0.,0.));
#937 = VECTOR('',#938,1.);
#938 = DIRECTION('',(0.788940204401,-0.614469978013));
#939 = ( GEOMETRIC_REPRESENTATION_CONTEXT(2) 
PARAMETRIC_REPRESENTATION_CONTEXT() REPRESENTATION_CONTEXT('2D SPACE',''
  ) );
#940 = PCURVE('',#941,#946);
#941 = PLANE('',#942);
#942 = AXIS2_PLACEMENT_3D('',#943,#944,#945);
#943 = CARTESIAN_POINT('',(-34.01766338722,-28.84927178126,
    15.240193933114));
#944 = DIRECTION('',(0.788940142484,0.614469348214,9.336397602125E-04));
#945 = DIRECTION('',(-0.614469616025,0.788940486337,8.709011106777E-21)
  );
#946 = DEFINITIONAL_REPRESENTATION('',(#947),#951);
#947 = LINE('',#948,#949);
#948 = CARTESIAN_POINT('',(4.188633803908,-15.20420134126));
#949 = VECTOR('',#950,1.);
#950 = DIRECTION('',(-0.999998534598,-1.711958744059E-03));
#951 = ( GEOMETRIC_REPRESENTATION_CONTEXT(2) 
PARAMETRIC_REPRESENTATION_CONTEXT() REPRESENTATION_CONTEXT('2D SPACE',''
  ) );
#952 = ORIENTED_EDGE('',*,*,#953,.F.);
#953 = EDGE_CURVE('',#521,#926,#954,.T.);
#954 = SURFACE_CURVE('',#955,(#959,#966),.PCURVE_S1.);
#955 = LINE('',#956,#957);
#956 = CARTESIAN_POINT('',(-58.10569198609,-54.57799214121,
    -3.003041631413E-02));
#957 = VECTOR('',#958,1.);
#958 = DIRECTION('',(0.68265957457,0.730734639238,1.671007394852E-03));
#959 = PCURVE('',#909,#960);
#960 = DEFINITIONAL_REPRESENTATION('',(#961),#965);
#961 = LINE('',#962,#963);
#962 = CARTESIAN_POINT('',(29.042100723158,21.525439648734));
#963 = VECTOR('',#964,1.);
#964 = DIRECTION('',(-0.730736548342,-0.682659576156));
#965 = ( GEOMETRIC_REPRESENTATION_CONTEXT(2) 
PARAMETRIC_REPRESENTATION_CONTEXT() REPRESENTATION_CONTEXT('2D SPACE',''
  ) );
#966 = PCURVE('',#967,#972);
#967 = PLANE('',#968);
#968 = AXIS2_PLACEMENT_3D('',#969,#970,#971);
#969 = CARTESIAN_POINT('',(-34.03148948958,-28.80840751723,
    2.889817986384E-02));
#970 = DIRECTION('',(-6.765697621474E-03,8.607194967728E-03,
    -0.999940068969));
#971 = DIRECTION('',(-6.516249483861E-23,-0.999962955716,
    -8.607391970222E-03));
#972 = DEFINITIONAL_REPRESENTATION('',(#973),#977);
#973 = LINE('',#974,#975);
#974 = CARTESIAN_POINT('',(25.769137229687,24.074753509699));
#975 = VECTOR('',#976,1.);
#976 = DIRECTION('',(-0.730721952712,-0.682675199362));
#977 = ( GEOMETRIC_REPRESENTATION_CONTEXT(2) 
PARAMETRIC_REPRESENTATION_CONTEXT() REPRESENTATION_CONTEXT('2D SPACE',''
  ) );
#978 = ORIENTED_EDGE('',*,*,#895,.T.);
#979 = ADVANCED_FACE('',(#980),#967,.T.);
#980 = FACE_BOUND('',#981,.T.);
#981 = EDGE_LOOP('',(#982,#1010,#1036));
#982 = ORIENTED_EDGE('',*,*,#983,.T.);
#983 = EDGE_CURVE('',#926,#984,#986,.T.);
#984 = VERTEX_POINT('',#985);
#985 = CARTESIAN_POINT('',(-31.12474171091,-31.90648667177,
    -1.74365448649E-02));
#986 = SURFACE_CURVE('',#987,(#991,#998),.PCURVE_S1.);
#987 = LINE('',#988,#989);
#988 = CARTESIAN_POINT('',(-34.03148948958,-28.80840751723,
    2.889817986384E-02));
#989 = VECTOR('',#990,1.);
#990 = DIRECTION('',(0.684188351088,-0.729223802573,-1.090623656545E-02)
  );
#991 = PCURVE('',#967,#992);
#992 = DEFINITIONAL_REPRESENTATION('',(#993),#997);
#993 = LINE('',#994,#995);
#994 = CARTESIAN_POINT('',(-0.,0.));
#995 = VECTOR('',#996,1.);
#996 = DIRECTION('',(0.729290663252,-0.684204010872));
#997 = ( GEOMETRIC_REPRESENTATION_CONTEXT(2) 
PARAMETRIC_REPRESENTATION_CONTEXT() REPRESENTATION_CONTEXT('2D SPACE',''
  ) );
#998 = PCURVE('',#999,#1004);
#999 = PLANE('',#1000);
#1000 = AXIS2_PLACEMENT_3D('',#1001,#1002,#1003);
#1001 = CARTESIAN_POINT('',(-31.18927265663,-31.89308129913,
    15.310229606516));
#1002 = DIRECTION('',(0.729283394906,0.684207292679,2.471954508821E-03)
  );
#1003 = DIRECTION('',(-0.684209383133,0.729285623081,-1.134825545693E-19
    ));
#1004 = DEFINITIONAL_REPRESENTATION('',(#1005),#1009);
#1005 = LINE('',#1006,#1007);
#1006 = CARTESIAN_POINT('',(4.194279667037,-15.2813781156));
#1007 = VECTOR('',#1008,1.);
#1008 = DIRECTION('',(-0.99994052487,-1.09062698872E-02));
#1009 = ( GEOMETRIC_REPRESENTATION_CONTEXT(2) 
PARAMETRIC_REPRESENTATION_CONTEXT() REPRESENTATION_CONTEXT('2D SPACE',''
  ) );
#1010 = ORIENTED_EDGE('',*,*,#1011,.F.);
#1011 = EDGE_CURVE('',#521,#984,#1012,.T.);
#1012 = SURFACE_CURVE('',#1013,(#1017,#1024),.PCURVE_S1.);
#1013 = LINE('',#1014,#1015);
#1014 = CARTESIAN_POINT('',(-58.10569198609,-54.57799214121,
    -3.003041631413E-02));
#1015 = VECTOR('',#1016,1.);
#1016 = DIRECTION('',(0.765599893287,0.643316932541,3.573583042577E-04)
  );
#1017 = PCURVE('',#967,#1018);
#1018 = DEFINITIONAL_REPRESENTATION('',(#1019),#1023);
#1019 = LINE('',#1020,#1021);
#1020 = CARTESIAN_POINT('',(25.769137229687,24.074753509699));
#1021 = VECTOR('',#1022,1.);
#1022 = DIRECTION('',(-0.643296177248,-0.765617416428));
#1023 = ( GEOMETRIC_REPRESENTATION_CONTEXT(2) 
PARAMETRIC_REPRESENTATION_CONTEXT() REPRESENTATION_CONTEXT('2D SPACE',''
  ) );
#1024 = PCURVE('',#1025,#1030);
#1025 = PLANE('',#1026);
#1026 = AXIS2_PLACEMENT_3D('',#1027,#1028,#1029);
#1027 = CARTESIAN_POINT('',(-28.05522081491,-34.68679238503,
    3.779578920902E-02));
#1028 = DIRECTION('',(8.900734328084E-03,-1.003716019088E-02,
    -0.999910012123));
#1029 = DIRECTION('',(6.742664450809E-21,-0.999949622448,
    1.003755780183E-02));
#1030 = DEFINITIONAL_REPRESENTATION('',(#1031),#1035);
#1031 = LINE('',#1032,#1033);
#1032 = CARTESIAN_POINT('',(19.889516876765,30.051661587226));
#1033 = VECTOR('',#1034,1.);
#1034 = DIRECTION('',(-0.643280936804,-0.765630221677));
#1035 = ( GEOMETRIC_REPRESENTATION_CONTEXT(2) 
PARAMETRIC_REPRESENTATION_CONTEXT() REPRESENTATION_CONTEXT('2D SPACE',''
  ) );
#1036 = ORIENTED_EDGE('',*,*,#953,.T.);
#1037 = ADVANCED_FACE('',(#1038),#1025,.T.);
#1038 = FACE_BOUND('',#1039,.T.);
#1039 = EDGE_LOOP('',(#1040,#1068,#1069));
#1040 = ORIENTED_EDGE('',*,*,#1041,.F.);
#1041 = EDGE_CURVE('',#521,#1042,#1044,.T.);
#1042 = VERTEX_POINT('',#1043);
#1043 = CARTESIAN_POINT('',(-28.05522081491,-34.68679238503,
    3.779578920902E-02));
#1044 = SURFACE_CURVE('',#1045,(#1049,#1056),.PCURVE_S1.);
#1045 = LINE('',#1046,#1047);
#1046 = CARTESIAN_POINT('',(-58.10569198609,-54.57799214121,
    -3.003041631413E-02));
#1047 = VECTOR('',#1048,1.);
#1048 = DIRECTION('',(0.833868676933,0.551959679062,1.882105206897E-03)
  );
#1049 = PCURVE('',#1025,#1050);
#1050 = DEFINITIONAL_REPRESENTATION('',(#1051),#1055);
#1051 = LINE('',#1052,#1053);
#1052 = CARTESIAN_POINT('',(19.889516876765,30.051661587226));
#1053 = VECTOR('',#1054,1.);
#1054 = DIRECTION('',(-0.551912980944,-0.833901709715));
#1055 = ( GEOMETRIC_REPRESENTATION_CONTEXT(2) 
PARAMETRIC_REPRESENTATION_CONTEXT() REPRESENTATION_CONTEXT('2D SPACE',''
  ) );
#1056 = PCURVE('',#1057,#1062);
#1057 = PLANE('',#1058);
#1058 = AXIS2_PLACEMENT_3D('',#1059,#1060,#1061);
#1059 = CARTESIAN_POINT('',(-24.69193191318,-37.15624824253,
    -4.120356664393E-03));
#1060 = DIRECTION('',(-4.721372180048E-03,1.054240776707E-02,
    -0.999933280916));
#1061 = DIRECTION('',(6.082532501411E-21,-0.999944426036,
    -1.054252527131E-02));
#1062 = DEFINITIONAL_REPRESENTATION('',(#1063),#1067);
#1063 = LINE('',#1064,#1065);
#1064 = CARTESIAN_POINT('',(17.421048860781,33.414132498137));
#1065 = VECTOR('',#1066,1.);
#1066 = DIRECTION('',(-0.551948846616,-0.83387797112));
#1067 = ( GEOMETRIC_REPRESENTATION_CONTEXT(2) 
PARAMETRIC_REPRESENTATION_CONTEXT() REPRESENTATION_CONTEXT('2D SPACE',''
  ) );
#1068 = ORIENTED_EDGE('',*,*,#1011,.T.);
#1069 = ORIENTED_EDGE('',*,*,#1070,.T.);
#1070 = EDGE_CURVE('',#984,#1042,#1071,.T.);
#1071 = SURFACE_CURVE('',#1072,(#1076,#1083),.PCURVE_S1.);
#1072 = LINE('',#1073,#1074);
#1073 = CARTESIAN_POINT('',(-31.12474171091,-31.90648667177,
    -1.74365448649E-02));
#1074 = VECTOR('',#1075,1.);
#1075 = DIRECTION('',(0.741094948992,-0.671267794086,1.333511163146E-02)
  );
#1076 = PCURVE('',#1025,#1077);
#1077 = DEFINITIONAL_REPRESENTATION('',(#1078),#1082);
#1078 = LINE('',#1079,#1080);
#1079 = CARTESIAN_POINT('',(-2.780720046016,3.069642491658));
#1080 = VECTOR('',#1081,1.);
#1081 = DIRECTION('',(0.671367829211,-0.741124306645));
#1082 = ( GEOMETRIC_REPRESENTATION_CONTEXT(2) 
PARAMETRIC_REPRESENTATION_CONTEXT() REPRESENTATION_CONTEXT('2D SPACE',''
  ) );
#1083 = PCURVE('',#1084,#1089);
#1084 = PLANE('',#1085);
#1085 = AXIS2_PLACEMENT_3D('',#1086,#1087,#1088);
#1086 = CARTESIAN_POINT('',(-31.18927265663,-31.89308129913,
    15.310229606516));
#1087 = DIRECTION('',(0.671304365198,0.74117859214,2.17803088904E-03));
#1088 = DIRECTION('',(0.741180350155,-0.671305957477,5.950712464946E-20)
  );
#1089 = DEFINITIONAL_REPRESENTATION('',(#1090),#1094);
#1090 = LINE('',#1091,#1092);
#1091 = CARTESIAN_POINT('',(5.68281754599E-02,15.327702507344));
#1092 = VECTOR('',#1093,1.);
#1093 = DIRECTION('',(0.999911083024,-1.333514326125E-02));
#1094 = ( GEOMETRIC_REPRESENTATION_CONTEXT(2) 
PARAMETRIC_REPRESENTATION_CONTEXT() REPRESENTATION_CONTEXT('2D SPACE',''
  ) );
#1095 = ADVANCED_FACE('',(#1096),#1057,.T.);
#1096 = FACE_BOUND('',#1097,.T.);
#1097 = EDGE_LOOP('',(#1098,#1126,#1127));
#1098 = ORIENTED_EDGE('',*,*,#1099,.F.);
#1099 = EDGE_CURVE('',#521,#1100,#1102,.T.);
#1100 = VERTEX_POINT('',#1101);
#1101 = CARTESIAN_POINT('',(-24.69193191318,-37.15624824253,
    -4.120356664393E-03));
#1102 = SURFACE_CURVE('',#1103,(#1107,#1114),.PCURVE_S1.);
#1103 = LINE('',#1104,#1105);
#1104 = CARTESIAN_POINT('',(-58.10569198609,-54.57799214121,
    -3.003041631413E-02));
#1105 = VECTOR('',#1106,1.);
#1106 = DIRECTION('',(0.886710000877,0.462325536365,6.875822704361E-04)
  );
#1107 = PCURVE('',#1057,#1108);
#1108 = DEFINITIONAL_REPRESENTATION('',(#1109),#1113);
#1109 = LINE('',#1110,#1111);
#1110 = CARTESIAN_POINT('',(17.421048860781,33.414132498137));
#1111 = VECTOR('',#1112,1.);
#1112 = DIRECTION('',(-0.462307091956,-0.886719884026));
#1113 = ( GEOMETRIC_REPRESENTATION_CONTEXT(2) 
PARAMETRIC_REPRESENTATION_CONTEXT() REPRESENTATION_CONTEXT('2D SPACE',''
  ) );
#1114 = PCURVE('',#1115,#1120);
#1115 = PLANE('',#1116);
#1116 = AXIS2_PLACEMENT_3D('',#1117,#1118,#1119);
#1117 = CARTESIAN_POINT('',(-21.07341616323,-39.26873315067,
    -3.815740846752E-02));
#1118 = DIRECTION('',(-4.027803599368E-03,9.212212855448E-03,
    -0.999949454689));
#1119 = DIRECTION('',(-3.937246009573E-21,-0.999957565978,
    -9.212287582151E-03));
#1120 = DEFINITIONAL_REPRESENTATION('',(#1121),#1125);
#1121 = LINE('',#1122,#1123);
#1122 = CARTESIAN_POINT('',(15.308534488928,37.032576217559));
#1123 = VECTOR('',#1124,1.);
#1124 = DIRECTION('',(-0.462312252239,-0.886717193602));
#1125 = ( GEOMETRIC_REPRESENTATION_CONTEXT(2) 
PARAMETRIC_REPRESENTATION_CONTEXT() REPRESENTATION_CONTEXT('2D SPACE',''
  ) );
#1126 = ORIENTED_EDGE('',*,*,#1041,.T.);
#1127 = ORIENTED_EDGE('',*,*,#1128,.T.);
#1128 = EDGE_CURVE('',#1042,#1100,#1129,.T.);
#1129 = SURFACE_CURVE('',#1130,(#1134,#1141),.PCURVE_S1.);
#1130 = LINE('',#1131,#1132);
#1131 = CARTESIAN_POINT('',(-28.05522081491,-34.68679238503,
    3.779578920902E-02));
#1132 = VECTOR('',#1133,1.);
#1133 = DIRECTION('',(0.80601628756,-0.591808108284,-1.004525548438E-02)
  );
#1134 = PCURVE('',#1057,#1135);
#1135 = DEFINITIONAL_REPRESENTATION('',(#1136),#1140);
#1136 = LINE('',#1137,#1138);
#1137 = CARTESIAN_POINT('',(-2.469760522068,3.363326388494));
#1138 = VECTOR('',#1139,1.);
#1139 = DIRECTION('',(0.591881121522,-0.806025271308));
#1140 = ( GEOMETRIC_REPRESENTATION_CONTEXT(2) 
PARAMETRIC_REPRESENTATION_CONTEXT() REPRESENTATION_CONTEXT('2D SPACE',''
  ) );
#1141 = PCURVE('',#1142,#1147);
#1142 = PLANE('',#1143);
#1143 = AXIS2_PLACEMENT_3D('',#1144,#1145,#1146);
#1144 = CARTESIAN_POINT('',(-28.01417376479,-34.65025995205,
    15.274426728344));
#1145 = DIRECTION('',(0.591805728059,0.806072912625,-3.527005691456E-03)
  );
#1146 = DIRECTION('',(0.806077926352,-0.591809409056,-3.232783094412E-19
    ));
#1147 = DEFINITIONAL_REPRESENTATION('',(#1148),#1152);
#1148 = LINE('',#1149,#1150);
#1149 = CARTESIAN_POINT('',(-1.146688347065E-02,15.236725710104));
#1150 = VECTOR('',#1151,1.);
#1151 = DIRECTION('',(0.999949544521,1.00453179653E-02));
#1152 = ( GEOMETRIC_REPRESENTATION_CONTEXT(2) 
PARAMETRIC_REPRESENTATION_CONTEXT() REPRESENTATION_CONTEXT('2D SPACE',''
  ) );
#1153 = ADVANCED_FACE('',(#1154),#1115,.T.);
#1154 = FACE_BOUND('',#1155,.T.);
#1155 = EDGE_LOOP('',(#1156,#1184,#1185));
#1156 = ORIENTED_EDGE('',*,*,#1157,.F.);
#1157 = EDGE_CURVE('',#521,#1158,#1160,.T.);
#1158 = VERTEX_POINT('',#1159);
#1159 = CARTESIAN_POINT('',(-21.07341616323,-39.26873315067,
    -3.815740846752E-02));
#1160 = SURFACE_CURVE('',#1161,(#1165,#1172),.PCURVE_S1.);
#1161 = LINE('',#1162,#1163);
#1162 = CARTESIAN_POINT('',(-58.10569198609,-54.57799214121,
    -3.003041631413E-02));
#1163 = VECTOR('',#1164,1.);
#1164 = DIRECTION('',(0.924144086133,0.382044064126,-2.02809888664E-04)
  );
#1165 = PCURVE('',#1115,#1166);
#1166 = DEFINITIONAL_REPRESENTATION('',(#1167),#1171);
#1167 = LINE('',#1168,#1169);
#1168 = CARTESIAN_POINT('',(15.308534488928,37.032576217559));
#1169 = VECTOR('',#1170,1.);
#1170 = DIRECTION('',(-0.382025984117,-0.924151582512));
#1171 = ( GEOMETRIC_REPRESENTATION_CONTEXT(2) 
PARAMETRIC_REPRESENTATION_CONTEXT() REPRESENTATION_CONTEXT('2D SPACE',''
  ) );
#1172 = PCURVE('',#1173,#1178);
#1173 = PLANE('',#1174);
#1174 = AXIS2_PLACEMENT_3D('',#1175,#1176,#1177);
#1175 = CARTESIAN_POINT('',(-17.31157970943,-41.09772644871,
    -2.163738085444E-02));
#1176 = DIRECTION('',(1.89942912558E-03,-5.125463882702E-03,
    -0.999985060783));
#1177 = DIRECTION('',(4.152820966665E-23,-0.999986864676,
    5.125473128631E-03));
#1178 = DEFINITIONAL_REPRESENTATION('',(#1179),#1183);
#1179 = LINE('',#1180,#1181);
#1180 = CARTESIAN_POINT('',(13.480045606576,40.794185865988));
#1181 = VECTOR('',#1182,1.);
#1182 = DIRECTION('',(-0.38204008535,-0.924145753215));
#1183 = ( GEOMETRIC_REPRESENTATION_CONTEXT(2) 
PARAMETRIC_REPRESENTATION_CONTEXT() REPRESENTATION_CONTEXT('2D SPACE',''
  ) );
#1184 = ORIENTED_EDGE('',*,*,#1099,.T.);
#1185 = ORIENTED_EDGE('',*,*,#1186,.T.);
#1186 = EDGE_CURVE('',#1100,#1158,#1187,.T.);
#1187 = SURFACE_CURVE('',#1188,(#1192,#1199),.PCURVE_S1.);
#1188 = LINE('',#1189,#1190);
#1189 = CARTESIAN_POINT('',(-24.69193191318,-37.15624824253,
    -4.120356664393E-03));
#1190 = VECTOR('',#1191,1.);
#1191 = DIRECTION('',(0.863575426908,-0.504154239597,-8.123098964537E-03
    ));
#1192 = PCURVE('',#1115,#1193);
#1193 = DEFINITIONAL_REPRESENTATION('',(#1194),#1198);
#1194 = LINE('',#1195,#1196);
#1195 = CARTESIAN_POINT('',(-2.112708826023,3.618545102262));
#1196 = VECTOR('',#1197,1.);
#1197 = DIRECTION('',(0.504207678629,-0.863582431972));
#1198 = ( GEOMETRIC_REPRESENTATION_CONTEXT(2) 
PARAMETRIC_REPRESENTATION_CONTEXT() REPRESENTATION_CONTEXT('2D SPACE',''
  ) );
#1199 = PCURVE('',#1200,#1205);
#1200 = PLANE('',#1201);
#1201 = AXIS2_PLACEMENT_3D('',#1202,#1203,#1204);
#1202 = CARTESIAN_POINT('',(-21.04921515588,-39.26739105374,
    15.266218549645));
#1203 = DIRECTION('',(0.504164557297,0.86360716595,-8.72974808946E-04));
#1204 = DIRECTION('',(0.863607495021,-0.504164749405,-6.511483548275E-21
    ));
#1205 = DEFINITIONAL_REPRESENTATION('',(#1206),#1210);
#1206 = LINE('',#1207,#1208);
#1207 = CARTESIAN_POINT('',(-4.210241280219,15.270344724961));
#1208 = VECTOR('',#1209,1.);
#1209 = DIRECTION('',(0.999967007062,8.123102059785E-03));
#1210 = ( GEOMETRIC_REPRESENTATION_CONTEXT(2) 
PARAMETRIC_REPRESENTATION_CONTEXT() REPRESENTATION_CONTEXT('2D SPACE',''
  ) );
#1211 = ADVANCED_FACE('',(#1212),#1173,.T.);
#1212 = FACE_BOUND('',#1213,.T.);
#1213 = EDGE_LOOP('',(#1214,#1242,#1243));
#1214 = ORIENTED_EDGE('',*,*,#1215,.F.);
#1215 = EDGE_CURVE('',#521,#1216,#1218,.T.);
#1216 = VERTEX_POINT('',#1217);
#1217 = CARTESIAN_POINT('',(-17.31157970943,-41.09772644871,
    -2.163738085444E-02));
#1218 = SURFACE_CURVE('',#1219,(#1223,#1230),.PCURVE_S1.);
#1219 = LINE('',#1220,#1221);
#1220 = CARTESIAN_POINT('',(-58.10569198609,-54.57799214121,
    -3.003041631413E-02));
#1221 = VECTOR('',#1222,1.);
#1222 = DIRECTION('',(0.949502430086,0.313759616742,1.953519054594E-04)
  );
#1223 = PCURVE('',#1173,#1224);
#1224 = DEFINITIONAL_REPRESENTATION('',(#1225),#1229);
#1225 = LINE('',#1226,#1227);
#1226 = CARTESIAN_POINT('',(13.480045606576,40.794185865988));
#1227 = VECTOR('',#1228,1.);
#1228 = DIRECTION('',(-0.313754494137,-0.949504142913));
#1229 = ( GEOMETRIC_REPRESENTATION_CONTEXT(2) 
PARAMETRIC_REPRESENTATION_CONTEXT() REPRESENTATION_CONTEXT('2D SPACE',''
  ) );
#1230 = PCURVE('',#1231,#1236);
#1231 = PLANE('',#1232);
#1232 = AXIS2_PLACEMENT_3D('',#1233,#1234,#1235);
#1233 = CARTESIAN_POINT('',(-13.39233074362,-42.56134424235,
    -2.922438206624E-02));
#1234 = DIRECTION('',(-7.996316497518E-04,3.042466533395E-03,
    -0.999995051981));
#1235 = DIRECTION('',(1.729196874644E-22,-0.999995371685,
    -3.042467506089E-03));
#1236 = DEFINITIONAL_REPRESENTATION('',(#1237),#1241);
#1237 = LINE('',#1238,#1239);
#1238 = CARTESIAN_POINT('',(12.016594734365,44.71337553758));
#1239 = VECTOR('',#1240,1.);
#1240 = DIRECTION('',(-0.313758758915,-0.949502733647));
#1241 = ( GEOMETRIC_REPRESENTATION_CONTEXT(2) 
PARAMETRIC_REPRESENTATION_CONTEXT() REPRESENTATION_CONTEXT('2D SPACE',''
  ) );
#1242 = ORIENTED_EDGE('',*,*,#1157,.T.);
#1243 = ORIENTED_EDGE('',*,*,#1244,.T.);
#1244 = EDGE_CURVE('',#1158,#1216,#1245,.T.);
#1245 = SURFACE_CURVE('',#1246,(#1250,#1257),.PCURVE_S1.);
#1246 = LINE('',#1247,#1248);
#1247 = CARTESIAN_POINT('',(-21.07341616323,-39.26873315067,
    -3.815740846752E-02));
#1248 = VECTOR('',#1249,1.);
#1249 = DIRECTION('',(0.899330494617,-0.437251716702,3.949391417421E-03)
  );
#1250 = PCURVE('',#1173,#1251);
#1251 = DEFINITIONAL_REPRESENTATION('',(#1252),#1256);
#1252 = LINE('',#1253,#1254);
#1253 = CARTESIAN_POINT('',(-1.829053946575,3.761843239848));
#1254 = VECTOR('',#1255,1.);
#1255 = DIRECTION('',(0.437266215759,-0.899332116938));
#1256 = ( GEOMETRIC_REPRESENTATION_CONTEXT(2) 
PARAMETRIC_REPRESENTATION_CONTEXT() REPRESENTATION_CONTEXT('2D SPACE',''
  ) );
#1257 = PCURVE('',#1258,#1263);
#1258 = PLANE('',#1259);
#1259 = AXIS2_PLACEMENT_3D('',#1260,#1261,#1262);
#1260 = CARTESIAN_POINT('',(-21.04921515588,-39.26739105374,
    15.266218549645));
#1261 = DIRECTION('',(0.437257733098,0.899335911366,-7.703073686631E-04)
  );
#1262 = DIRECTION('',(0.899336178187,-0.437257862826,2.032917093854E-20)
  );
#1263 = DEFINITIONAL_REPRESENTATION('',(#1264),#1268);
#1264 = LINE('',#1265,#1266);
#1265 = CARTESIAN_POINT('',(-2.117799902386E-02,15.30438049872));
#1266 = VECTOR('',#1267,1.);
#1267 = DIRECTION('',(0.999992201119,-3.949392589153E-03));
#1268 = ( GEOMETRIC_REPRESENTATION_CONTEXT(2) 
PARAMETRIC_REPRESENTATION_CONTEXT() REPRESENTATION_CONTEXT('2D SPACE',''
  ) );
#1269 = ADVANCED_FACE('',(#1270),#1231,.T.);
#1270 = FACE_BOUND('',#1271,.T.);
#1271 = EDGE_LOOP('',(#1272,#1300,#1301));
#1272 = ORIENTED_EDGE('',*,*,#1273,.F.);
#1273 = EDGE_CURVE('',#521,#1274,#1276,.T.);
#1274 = VERTEX_POINT('',#1275);
#1275 = CARTESIAN_POINT('',(-13.39233074362,-42.56134424235,
    -2.922438206624E-02));
#1276 = SURFACE_CURVE('',#1277,(#1281,#1288),.PCURVE_S1.);
#1277 = LINE('',#1278,#1279);
#1278 = CARTESIAN_POINT('',(-58.10569198609,-54.57799214121,
    -3.003041631413E-02));
#1279 = VECTOR('',#1280,1.);
#1280 = DIRECTION('',(0.965732582986,0.259539164396,1.740896936756E-05)
  );
#1281 = PCURVE('',#1231,#1282);
#1282 = DEFINITIONAL_REPRESENTATION('',(#1283),#1287);
#1283 = LINE('',#1284,#1285);
#1284 = CARTESIAN_POINT('',(12.016594734365,44.71337553758));
#1285 = VECTOR('',#1286,1.);
#1286 = DIRECTION('',(-0.259538016133,-0.965732891736));
#1287 = ( GEOMETRIC_REPRESENTATION_CONTEXT(2) 
PARAMETRIC_REPRESENTATION_CONTEXT() REPRESENTATION_CONTEXT('2D SPACE',''
  ) );
#1288 = PCURVE('',#1289,#1294);
#1289 = PLANE('',#1290);
#1290 = AXIS2_PLACEMENT_3D('',#1291,#1292,#1293);
#1291 = CARTESIAN_POINT('',(-9.314200169357,-43.62263776493,
    -3.427069377122E-02));
#1292 = DIRECTION('',(-6.19785060611E-04,2.373266269507E-03,
    -0.999996991732));
#1293 = DIRECTION('',(2.441085746521E-23,-0.999997183799,
    -2.373266725332E-03));
#1294 = DEFINITIONAL_REPRESENTATION('',(#1295),#1299);
#1295 = LINE('',#1296,#1297);
#1296 = CARTESIAN_POINT('',(10.955313460492,48.791501187964));
#1297 = VECTOR('',#1298,1.);
#1298 = DIRECTION('',(-0.259538474798,-0.965732768472));
#1299 = ( GEOMETRIC_REPRESENTATION_CONTEXT(2) 
PARAMETRIC_REPRESENTATION_CONTEXT() REPRESENTATION_CONTEXT('2D SPACE',''
  ) );
#1300 = ORIENTED_EDGE('',*,*,#1215,.T.);
#1301 = ORIENTED_EDGE('',*,*,#1302,.T.);
#1302 = EDGE_CURVE('',#1216,#1274,#1303,.T.);
#1303 = SURFACE_CURVE('',#1304,(#1308,#1315),.PCURVE_S1.);
#1304 = LINE('',#1305,#1306);
#1305 = CARTESIAN_POINT('',(-17.31157970943,-41.09772644871,
    -2.163738085444E-02));
#1306 = VECTOR('',#1307,1.);
#1307 = DIRECTION('',(0.936806173466,-0.349844114687,-1.813497850047E-03
    ));
#1308 = PCURVE('',#1231,#1309);
#1309 = DEFINITIONAL_REPRESENTATION('',(#1310),#1314);
#1310 = LINE('',#1311,#1312);
#1311 = CARTESIAN_POINT('',(-1.463634102765,3.919250218819));
#1312 = VECTOR('',#1313,1.);
#1313 = DIRECTION('',(0.349848013006,-0.936806472969));
#1314 = ( GEOMETRIC_REPRESENTATION_CONTEXT(2) 
PARAMETRIC_REPRESENTATION_CONTEXT() REPRESENTATION_CONTEXT('2D SPACE',''
  ) );
#1315 = PCURVE('',#1316,#1321);
#1316 = PLANE('',#1317);
#1317 = AXIS2_PLACEMENT_3D('',#1318,#1319,#1320);
#1318 = CARTESIAN_POINT('',(-13.37325511595,-42.53187394754,
    15.323148070853));
#1319 = DIRECTION('',(0.349840024176,0.936806795091,-2.232970219026E-03)
  );
#1320 = DIRECTION('',(0.936809130632,-0.349840896358,9.51091844805E-20)
  );
#1321 = DEFINITIONAL_REPRESENTATION('',(#1322),#1326);
#1322 = LINE('',#1323,#1324);
#1323 = CARTESIAN_POINT('',(-4.19118188507,15.344823707598));
#1324 = VECTOR('',#1325,1.);
#1325 = DIRECTION('',(0.999998355603,1.813502371256E-03));
#1326 = ( GEOMETRIC_REPRESENTATION_CONTEXT(2) 
PARAMETRIC_REPRESENTATION_CONTEXT() REPRESENTATION_CONTEXT('2D SPACE',''
  ) );
#1327 = ADVANCED_FACE('',(#1328),#1289,.T.);
#1328 = FACE_BOUND('',#1329,.T.);
#1329 = EDGE_LOOP('',(#1330,#1358,#1359));
#1330 = ORIENTED_EDGE('',*,*,#1331,.F.);
#1331 = EDGE_CURVE('',#521,#1332,#1334,.T.);
#1332 = VERTEX_POINT('',#1333);
#1333 = CARTESIAN_POINT('',(-9.314200169357,-43.62263776493,
    -3.427069377122E-02));
#1334 = SURFACE_CURVE('',#1335,(#1339,#1346),.PCURVE_S1.);
#1335 = LINE('',#1336,#1337);
#1336 = CARTESIAN_POINT('',(-58.10569198609,-54.57799214121,
    -3.003041631413E-02));
#1337 = VECTOR('',#1338,1.);
#1338 = DIRECTION('',(0.975707006224,0.219079507976,-8.479487445806E-05)
  );
#1339 = PCURVE('',#1289,#1340);
#1340 = DEFINITIONAL_REPRESENTATION('',(#1341),#1345);
#1341 = LINE('',#1342,#1343);
#1342 = CARTESIAN_POINT('',(10.955313460492,48.791501187964));
#1343 = VECTOR('',#1344,1.);
#1344 = DIRECTION('',(-0.219078689763,-0.975707193625));
#1345 = ( GEOMETRIC_REPRESENTATION_CONTEXT(2) 
PARAMETRIC_REPRESENTATION_CONTEXT() REPRESENTATION_CONTEXT('2D SPACE',''
  ) );
#1346 = PCURVE('',#1347,#1352);
#1347 = PLANE('',#1348);
#1348 = AXIS2_PLACEMENT_3D('',#1349,#1350,#1351);
#1349 = CARTESIAN_POINT('',(-5.21743114735,-44.2449863352,
    1.829056788958E-02));
#1350 = DIRECTION('',(7.612736326174E-03,-3.429139852228E-02,
    -0.9993828827));
#1351 = DIRECTION('',(-2.95329914525E-20,-0.999411842953,
    3.429239222311E-02));
#1352 = DEFINITIONAL_REPRESENTATION('',(#1353),#1357);
#1353 = LINE('',#1354,#1355);
#1354 = CARTESIAN_POINT('',(10.32527133369,52.889793441998));
#1355 = VECTOR('',#1356,1.);
#1356 = DIRECTION('',(-0.218953562638,-0.975735280395));
#1357 = ( GEOMETRIC_REPRESENTATION_CONTEXT(2) 
PARAMETRIC_REPRESENTATION_CONTEXT() REPRESENTATION_CONTEXT('2D SPACE',''
  ) );
#1358 = ORIENTED_EDGE('',*,*,#1273,.T.);
#1359 = ORIENTED_EDGE('',*,*,#1360,.T.);
#1360 = EDGE_CURVE('',#1274,#1332,#1361,.T.);
#1361 = SURFACE_CURVE('',#1362,(#1366,#1373),.PCURVE_S1.);
#1362 = LINE('',#1363,#1364);
#1363 = CARTESIAN_POINT('',(-13.39233074362,-42.56134424235,
    -2.922438206624E-02));
#1364 = VECTOR('',#1365,1.);
#1365 = DIRECTION('',(0.967765176069,-0.251851404469,-1.197520443923E-03
    ));
#1366 = PCURVE('',#1289,#1367);
#1367 = DEFINITIONAL_REPRESENTATION('',(#1368),#1372);
#1368 = LINE('',#1369,#1370);
#1369 = CARTESIAN_POINT('',(-1.061302510004,4.078131357541));
#1370 = VECTOR('',#1371,1.);
#1371 = DIRECTION('',(0.25185353724,-0.967765361945));
#1372 = ( GEOMETRIC_REPRESENTATION_CONTEXT(2) 
PARAMETRIC_REPRESENTATION_CONTEXT() REPRESENTATION_CONTEXT('2D SPACE',''
  ) );
#1373 = PCURVE('',#1374,#1379);
#1374 = PLANE('',#1375);
#1375 = AXIS2_PLACEMENT_3D('',#1376,#1377,#1378);
#1376 = CARTESIAN_POINT('',(-9.330381121178,-43.58323722779,
    15.243540596208));
#1377 = DIRECTION('',(0.251848376047,0.967764137969,-2.229068010699E-03)
  );
#1378 = DIRECTION('',(0.967766542264,-0.251849001734,8.356567191081E-20)
  );
#1379 = DEFINITIONAL_REPRESENTATION('',(#1380),#1384);
#1380 = LINE('',#1381,#1382);
#1381 = CARTESIAN_POINT('',(-4.188381669226,15.272802921647));
#1382 = VECTOR('',#1383,1.);
#1383 = DIRECTION('',(0.999999282969,1.197523419021E-03));
#1384 = ( GEOMETRIC_REPRESENTATION_CONTEXT(2) 
PARAMETRIC_REPRESENTATION_CONTEXT() REPRESENTATION_CONTEXT('2D SPACE',''
  ) );
#1385 = ADVANCED_FACE('',(#1386),#1347,.T.);
#1386 = FACE_BOUND('',#1387,.T.);
#1387 = EDGE_LOOP('',(#1388,#1416,#1417));
#1388 = ORIENTED_EDGE('',*,*,#1389,.F.);
#1389 = EDGE_CURVE('',#521,#1390,#1392,.T.);
#1390 = VERTEX_POINT('',#1391);
#1391 = CARTESIAN_POINT('',(-5.21743114735,-44.2449863352,
    1.829056788958E-02));
#1392 = SURFACE_CURVE('',#1393,(#1397,#1404),.PCURVE_S1.);
#1393 = LINE('',#1394,#1395);
#1394 = CARTESIAN_POINT('',(-58.10569198609,-54.57799214121,
    -3.003041631413E-02));
#1395 = VECTOR('',#1396,1.);
#1396 = DIRECTION('',(0.981443619691,0.191748839151,8.966889985008E-04)
  );
#1397 = PCURVE('',#1347,#1398);
#1398 = DEFINITIONAL_REPRESENTATION('',(#1399),#1403);
#1399 = LINE('',#1400,#1401);
#1400 = CARTESIAN_POINT('',(10.32527133369,52.889793441998));
#1401 = VECTOR('',#1402,1.);
#1402 = DIRECTION('',(-0.191605311109,-0.981472060099));
#1403 = ( GEOMETRIC_REPRESENTATION_CONTEXT(2) 
PARAMETRIC_REPRESENTATION_CONTEXT() REPRESENTATION_CONTEXT('2D SPACE',''
  ) );
#1404 = PCURVE('',#1405,#1410);
#1405 = PLANE('',#1406);
#1406 = AXIS2_PLACEMENT_3D('',#1407,#1408,#1409);
#1407 = CARTESIAN_POINT('',(-1.007123152444,-44.54855684357,
    -9.049728957311E-04));
#1408 = DIRECTION('',(-3.08324549767E-03,2.045659694755E-02,
    -0.999785987719));
#1409 = DIRECTION('',(-1.51335516206E-20,-0.999790739937,
    -2.045669418257E-02));
#1410 = DEFINITIONAL_REPRESENTATION('',(#1411),#1415);
#1411 = LINE('',#1412,#1413);
#1412 = CARTESIAN_POINT('',(10.02793234767,57.098840236582));
#1413 = VECTOR('',#1414,1.);
#1414 = DIRECTION('',(-0.191727057069,-0.981448284724));
#1415 = ( GEOMETRIC_REPRESENTATION_CONTEXT(2) 
PARAMETRIC_REPRESENTATION_CONTEXT() REPRESENTATION_CONTEXT('2D SPACE',''
  ) );
#1416 = ORIENTED_EDGE('',*,*,#1331,.T.);
#1417 = ORIENTED_EDGE('',*,*,#1418,.T.);
#1418 = EDGE_CURVE('',#1332,#1390,#1419,.T.);
#1419 = SURFACE_CURVE('',#1420,(#1424,#1431),.PCURVE_S1.);
#1420 = LINE('',#1421,#1422);
#1421 = CARTESIAN_POINT('',(-9.314200169357,-43.62263776493,
    -3.427069377122E-02));
#1422 = VECTOR('',#1423,1.);
#1423 = DIRECTION('',(0.988577785422,-0.150176875499,1.268338424073E-02)
  );
#1424 = PCURVE('',#1347,#1425);
#1425 = DEFINITIONAL_REPRESENTATION('',(#1426),#1430);
#1426 = LINE('',#1427,#1428);
#1427 = CARTESIAN_POINT('',(-0.62378498298,4.096887738739));
#1428 = VECTOR('',#1429,1.);
#1429 = DIRECTION('',(0.150523491498,-0.988606432564));
#1430 = ( GEOMETRIC_REPRESENTATION_CONTEXT(2) 
PARAMETRIC_REPRESENTATION_CONTEXT() REPRESENTATION_CONTEXT('2D SPACE',''
  ) );
#1431 = PCURVE('',#1432,#1437);
#1432 = PLANE('',#1433);
#1433 = AXIS2_PLACEMENT_3D('',#1434,#1435,#1436);
#1434 = CARTESIAN_POINT('',(-5.215616818709,-44.27427658461,
    15.244869945548));
#1435 = DIRECTION('',(0.15016506441,0.988659144642,1.883917814599E-03));
#1436 = DIRECTION('',(0.988660899095,-0.150165330889,-1.303192730599E-21
    ));
#1437 = DEFINITIONAL_REPRESENTATION('',(#1438),#1442);
#1438 = LINE('',#1439,#1440);
#1439 = CARTESIAN_POINT('',(-4.149962659444,15.279167753344));
#1440 = VECTOR('',#1441,1.);
#1441 = DIRECTION('',(0.999919562362,-1.268340674838E-02));
#1442 = ( GEOMETRIC_REPRESENTATION_CONTEXT(2) 
PARAMETRIC_REPRESENTATION_CONTEXT() REPRESENTATION_CONTEXT('2D SPACE',''
  ) );
#1443 = ADVANCED_FACE('',(#1444),#1405,.T.);
#1444 = FACE_BOUND('',#1445,.T.);
#1445 = EDGE_LOOP('',(#1446,#1474,#1475));
#1446 = ORIENTED_EDGE('',*,*,#1447,.F.);
#1447 = EDGE_CURVE('',#521,#1448,#1450,.T.);
#1448 = VERTEX_POINT('',#1449);
#1449 = CARTESIAN_POINT('',(-1.007123152444,-44.54855684357,
    -9.049728957311E-04));
#1450 = SURFACE_CURVE('',#1451,(#1455,#1462),.PCURVE_S1.);
#1451 = LINE('',#1452,#1453);
#1452 = CARTESIAN_POINT('',(-58.10569198609,-54.57799214121,
    -3.003041631413E-02));
#1453 = VECTOR('',#1454,1.);
#1454 = DIRECTION('',(0.984921230591,0.173002650632,5.0239906462E-04));
#1455 = PCURVE('',#1405,#1456);
#1456 = DEFINITIONAL_REPRESENTATION('',(#1457),#1461);
#1457 = LINE('',#1458,#1459);
#1458 = CARTESIAN_POINT('',(10.02793234767,57.098840236582));
#1459 = VECTOR('',#1460,1.);
#1460 = DIRECTION('',(-0.17297672551,-0.984925912154));
#1461 = ( GEOMETRIC_REPRESENTATION_CONTEXT(2) 
PARAMETRIC_REPRESENTATION_CONTEXT() REPRESENTATION_CONTEXT('2D SPACE',''
  ) );
#1462 = PCURVE('',#1463,#1468);
#1463 = PLANE('',#1464);
#1464 = AXIS2_PLACEMENT_3D('',#1465,#1466,#1467);
#1465 = CARTESIAN_POINT('',(58.141798014508,-54.54545329852,
    -3.569180619389E-02));
#1466 = DIRECTION('',(-4.959281483905E-05,3.186318405344E-03,
    -0.999994922445));
#1467 = DIRECTION('',(-1.381577568897E-23,-0.999994923675,
    -3.186318409262E-03));
#1468 = DEFINITIONAL_REPRESENTATION('',(#1469),#1473);
#1469 = LINE('',#1470,#1471);
#1470 = CARTESIAN_POINT('',(3.25206385256E-02,116.24749014355));
#1471 = VECTOR('',#1472,1.);
#1472 = DIRECTION('',(-0.173003373217,-0.984921231803));
#1473 = ( GEOMETRIC_REPRESENTATION_CONTEXT(2) 
PARAMETRIC_REPRESENTATION_CONTEXT() REPRESENTATION_CONTEXT('2D SPACE',''
  ) );
#1474 = ORIENTED_EDGE('',*,*,#1389,.T.);
#1475 = ORIENTED_EDGE('',*,*,#1476,.T.);
#1476 = EDGE_CURVE('',#1390,#1448,#1477,.T.);
#1477 = SURFACE_CURVE('',#1478,(#1482,#1489),.PCURVE_S1.);
#1478 = LINE('',#1479,#1480);
#1479 = CARTESIAN_POINT('',(-5.21743114735,-44.2449863352,
    1.829056788958E-02));
#1480 = VECTOR('',#1481,1.);
#1481 = DIRECTION('',(0.997400448656,-7.191430213801E-02,
    -4.547325519802E-03));
#1482 = PCURVE('',#1405,#1483);
#1483 = DEFINITIONAL_REPRESENTATION('',(#1484),#1488);
#1484 = LINE('',#1485,#1486);
#1485 = CARTESIAN_POINT('',(-0.303899660487,4.21032800749));
#1486 = VECTOR('',#1487,1.);
#1487 = DIRECTION('',(7.199227659409E-02,-0.997405189535));
#1488 = ( GEOMETRIC_REPRESENTATION_CONTEXT(2) 
PARAMETRIC_REPRESENTATION_CONTEXT() REPRESENTATION_CONTEXT('2D SPACE',''
  ) );
#1489 = PCURVE('',#1490,#1495);
#1490 = PLANE('',#1491);
#1491 = AXIS2_PLACEMENT_3D('',#1492,#1493,#1494);
#1492 = CARTESIAN_POINT('',(-5.215616818709,-44.27427658461,
    15.244869945548));
#1493 = DIRECTION('',(7.192357780248E-02,0.997408316882,
    1.910070845901E-03));
#1494 = DIRECTION('',(0.997410136345,-7.192370900477E-02,
    4.797501247349E-22));
#1495 = DEFINITIONAL_REPRESENTATION('',(#1496),#1500);
#1496 = LINE('',#1497,#1498);
#1497 = CARTESIAN_POINT('',(-3.916293152508E-03,15.226607153837));
#1498 = VECTOR('',#1499,1.);
#1499 = DIRECTION('',(0.999989660824,4.547333814989E-03));
#1500 = ( GEOMETRIC_REPRESENTATION_CONTEXT(2) 
PARAMETRIC_REPRESENTATION_CONTEXT() REPRESENTATION_CONTEXT('2D SPACE',''
  ) );
#1501 = ADVANCED_FACE('',(#1502),#562,.T.);
#1502 = FACE_BOUND('',#1503,.T.);
#1503 = EDGE_LOOP('',(#1504,#1532,#1533));
#1504 = ORIENTED_EDGE('',*,*,#1505,.T.);
#1505 = EDGE_CURVE('',#1506,#22,#1508,.T.);
#1506 = VERTEX_POINT('',#1507);
#1507 = CARTESIAN_POINT('',(-58.14408552667,-54.56321175634,
    15.26634927179));
#1508 = SURFACE_CURVE('',#1509,(#1513,#1520),.PCURVE_S1.);
#1509 = LINE('',#1510,#1511);
#1510 = CARTESIAN_POINT('',(-58.14408552667,-54.56321175634,
    15.26634927179));
#1511 = VECTOR('',#1512,1.);
#1512 = DIRECTION('',(7.480804049286E-05,0.990376804242,-0.138397182135)
  );
#1513 = PCURVE('',#562,#1514);
#1514 = DEFINITIONAL_REPRESENTATION('',(#1515),#1519);
#1515 = LINE('',#1516,#1517);
#1516 = CARTESIAN_POINT('',(0.,0.));
#1517 = VECTOR('',#1518,1.);
#1518 = DIRECTION('',(0.138396934026,-0.990376841739));
#1519 = ( GEOMETRIC_REPRESENTATION_CONTEXT(2) 
PARAMETRIC_REPRESENTATION_CONTEXT() REPRESENTATION_CONTEXT('2D SPACE',''
  ) );
#1520 = PCURVE('',#1521,#1526);
#1521 = PLANE('',#1522);
#1522 = AXIS2_PLACEMENT_3D('',#1523,#1524,#1525);
#1523 = CARTESIAN_POINT('',(-58.14408552667,-54.56321175634,
    15.26634927179));
#1524 = DIRECTION('',(-0.99999533816,4.965521178163E-04,
    3.012821514131E-03));
#1525 = DIRECTION('',(-3.012821885558E-03,2.518137454147E-22,
    -0.999995461442));
#1526 = DEFINITIONAL_REPRESENTATION('',(#1527),#1531);
#1527 = LINE('',#1528,#1529);
#1528 = CARTESIAN_POINT('',(0.,0.));
#1529 = VECTOR('',#1530,1.);
#1530 = DIRECTION('',(0.138396328628,-0.990376926338));
#1531 = ( GEOMETRIC_REPRESENTATION_CONTEXT(2) 
PARAMETRIC_REPRESENTATION_CONTEXT() REPRESENTATION_CONTEXT('2D SPACE',''
  ) );
#1532 = ORIENTED_EDGE('',*,*,#548,.T.);
#1533 = ORIENTED_EDGE('',*,*,#1534,.F.);
#1534 = EDGE_CURVE('',#1506,#521,#1535,.T.);
#1535 = SURFACE_CURVE('',#1536,(#1540,#1547),.PCURVE_S1.);
#1536 = LINE('',#1537,#1538);
#1537 = CARTESIAN_POINT('',(-58.14408552667,-54.56321175634,
    15.26634927179));
#1538 = VECTOR('',#1539,1.);
#1539 = DIRECTION('',(2.509966573973E-03,-9.66263371797E-04,
    -0.999996383195));
#1540 = PCURVE('',#562,#1541);
#1541 = DEFINITIONAL_REPRESENTATION('',(#1542),#1546);
#1542 = LINE('',#1543,#1544);
#1543 = CARTESIAN_POINT('',(0.,0.));
#1544 = VECTOR('',#1545,1.);
#1545 = DIRECTION('',(0.999999533167,9.662634083806E-04));
#1546 = ( GEOMETRIC_REPRESENTATION_CONTEXT(2) 
PARAMETRIC_REPRESENTATION_CONTEXT() REPRESENTATION_CONTEXT('2D SPACE',''
  ) );
#1547 = PCURVE('',#1548,#1553);
#1548 = PLANE('',#1549);
#1549 = AXIS2_PLACEMENT_3D('',#1550,#1551,#1552);
#1550 = CARTESIAN_POINT('',(58.111026593637,-54.56201575267,
    15.30341751444));
#1551 = DIRECTION('',(9.979641848681E-06,-0.99999953309,
    9.662914640948E-04));
#1552 = DIRECTION('',(-2.871645345828E-25,-9.662914641429E-04,
    -0.99999953314));
#1553 = DEFINITIONAL_REPRESENTATION('',(#1554),#1558);
#1554 = LINE('',#1555,#1556);
#1555 = CARTESIAN_POINT('',(3.706938103288E-02,-116.2551121261));
#1556 = VECTOR('',#1557,1.);
#1557 = DIRECTION('',(0.999996850029,2.509966574098E-03));
#1558 = ( GEOMETRIC_REPRESENTATION_CONTEXT(2) 
PARAMETRIC_REPRESENTATION_CONTEXT() REPRESENTATION_CONTEXT('2D SPACE',''
  ) );
#1559 = ADVANCED_FACE('',(#1560),#1521,.T.);
#1560 = FACE_BOUND('',#1561,.T.);
#1561 = EDGE_LOOP('',(#1562,#1590,#1616));
#1562 = ORIENTED_EDGE('',*,*,#1563,.T.);
#1563 = EDGE_CURVE('',#1506,#1564,#1566,.T.);
#1564 = VERTEX_POINT('',#1565);
#1565 = CARTESIAN_POINT('',(-58.08985069067,54.543742564304,
    15.285365974211));
#1566 = SURFACE_CURVE('',#1567,(#1571,#1578),.PCURVE_S1.);
#1567 = LINE('',#1568,#1569);
#1568 = CARTESIAN_POINT('',(-58.14408552667,-54.56321175634,
    15.26634927179));
#1569 = VECTOR('',#1570,1.);
#1570 = DIRECTION('',(4.970794832851E-04,0.999999861267,
    1.742941126085E-04));
#1571 = PCURVE('',#1521,#1572);
#1572 = DEFINITIONAL_REPRESENTATION('',(#1573),#1577);
#1573 = LINE('',#1574,#1575);
#1574 = CARTESIAN_POINT('',(0.,0.));
#1575 = VECTOR('',#1576,1.);
#1576 = DIRECTION('',(-1.757909335106E-04,-0.999999984549));
#1577 = ( GEOMETRIC_REPRESENTATION_CONTEXT(2) 
PARAMETRIC_REPRESENTATION_CONTEXT() REPRESENTATION_CONTEXT('2D SPACE',''
  ) );
#1578 = PCURVE('',#1579,#1584);
#1579 = PLANE('',#1580);
#1580 = AXIS2_PLACEMENT_3D('',#1581,#1582,#1583);
#1581 = CARTESIAN_POINT('',(-58.08985069067,54.543742564304,
    15.285365974211));
#1582 = DIRECTION('',(-1.421675025346E-03,-1.735872724396E-04,
    0.999998974353));
#1583 = DIRECTION('',(0.99999898942,-2.155127702495E-23,
    1.421675046765E-03));
#1584 = DEFINITIONAL_REPRESENTATION('',(#1585),#1589);
#1585 = LINE('',#1586,#1587);
#1586 = CARTESIAN_POINT('',(-5.426181676333E-02,-109.1069559644));
#1587 = VECTOR('',#1588,1.);
#1588 = DIRECTION('',(4.973267705369E-04,0.999999876333));
#1589 = ( GEOMETRIC_REPRESENTATION_CONTEXT(2) 
PARAMETRIC_REPRESENTATION_CONTEXT() REPRESENTATION_CONTEXT('2D SPACE',''
  ) );
#1590 = ORIENTED_EDGE('',*,*,#1591,.F.);
#1591 = EDGE_CURVE('',#22,#1564,#1592,.T.);
#1592 = SURFACE_CURVE('',#1593,(#1597,#1604),.PCURVE_S1.);
#1593 = LINE('',#1594,#1595);
#1594 = CARTESIAN_POINT('',(-58.13584008237,54.59747097655,
    1.202301384363E-02));
#1595 = VECTOR('',#1596,1.);
#1596 = DIRECTION('',(3.011056504685E-03,-3.517752229251E-03,
    0.999989279422));
#1597 = PCURVE('',#1521,#1598);
#1598 = DEFINITIONAL_REPRESENTATION('',(#1599),#1603);
#1599 = LINE('',#1600,#1601);
#1600 = CARTESIAN_POINT('',(15.254232183244,-109.1606961904));
#1601 = VECTOR('',#1602,1.);
#1602 = DIRECTION('',(-0.999993812689,3.517752662927E-03));
#1603 = ( GEOMETRIC_REPRESENTATION_CONTEXT(2) 
PARAMETRIC_REPRESENTATION_CONTEXT() REPRESENTATION_CONTEXT('2D SPACE',''
  ) );
#1604 = PCURVE('',#1605,#1610);
#1605 = PLANE('',#1606);
#1606 = AXIS2_PLACEMENT_3D('',#1607,#1608,#1609);
#1607 = CARTESIAN_POINT('',(58.162735996066,54.570764288468,
    15.257389026392));
#1608 = DIRECTION('',(-2.315915802301E-04,0.999993783364,
    3.518465415985E-03));
#1609 = DIRECTION('',(-6.452518970223E-24,-3.518465510341E-03,
    0.999993810181));
#1610 = DEFINITIONAL_REPRESENTATION('',(#1611),#1615);
#1611 = LINE('',#1612,#1613);
#1612 = CARTESIAN_POINT('',(-15.24536561305,-116.2985791972));
#1613 = VECTOR('',#1614,1.);
#1614 = DIRECTION('',(0.999995466759,3.011056585433E-03));
#1615 = ( GEOMETRIC_REPRESENTATION_CONTEXT(2) 
PARAMETRIC_REPRESENTATION_CONTEXT() REPRESENTATION_CONTEXT('2D SPACE',''
  ) );
#1616 = ORIENTED_EDGE('',*,*,#1505,.F.);
#1617 = ADVANCED_FACE('',(#1618),#1605,.T.);
#1618 = FACE_BOUND('',#1619,.T.);
#1619 = EDGE_LOOP('',(#1620,#1648,#1649));
#1620 = ORIENTED_EDGE('',*,*,#1621,.F.);
#1621 = EDGE_CURVE('',#22,#1622,#1624,.T.);
#1622 = VERTEX_POINT('',#1623);
#1623 = CARTESIAN_POINT('',(58.162735996066,54.570764288468,
    15.257389026392));
#1624 = SURFACE_CURVE('',#1625,(#1629,#1636),.PCURVE_S1.);
#1625 = LINE('',#1626,#1627);
#1626 = CARTESIAN_POINT('',(-58.13584008237,54.59747097655,
    1.202301384363E-02));
#1627 = VECTOR('',#1628,1.);
#1628 = DIRECTION('',(0.991517094624,-2.276909887243E-04,0.129976148677)
  );
#1629 = PCURVE('',#1605,#1630);
#1630 = DEFINITIONAL_REPRESENTATION('',(#1631),#1635);
#1631 = LINE('',#1632,#1633);
#1632 = CARTESIAN_POINT('',(-15.24536561305,-116.2985791972));
#1633 = VECTOR('',#1634,1.);
#1634 = DIRECTION('',(0.129976145271,0.991517121214));
#1635 = ( GEOMETRIC_REPRESENTATION_CONTEXT(2) 
PARAMETRIC_REPRESENTATION_CONTEXT() REPRESENTATION_CONTEXT('2D SPACE',''
  ) );
#1636 = PCURVE('',#1637,#1642);
#1637 = PLANE('',#1638);
#1638 = AXIS2_PLACEMENT_3D('',#1639,#1640,#1641);
#1639 = CARTESIAN_POINT('',(58.162735996066,54.570764288468,
    15.257389026392));
#1640 = DIRECTION('',(4.800751079398E-04,0.999998059864,
    -1.910443814356E-03));
#1641 = DIRECTION('',(7.522516764135E-23,1.910444034508E-03,0.9999981751
    ));
#1642 = DEFINITIONAL_REPRESENTATION('',(#1643),#1647);
#1643 = LINE('',#1644,#1645);
#1644 = CARTESIAN_POINT('',(-15.24528716964,-116.2985894802));
#1645 = VECTOR('',#1646,1.);
#1646 = DIRECTION('',(0.129975476492,0.991517208883));
#1647 = ( GEOMETRIC_REPRESENTATION_CONTEXT(2) 
PARAMETRIC_REPRESENTATION_CONTEXT() REPRESENTATION_CONTEXT('2D SPACE',''
  ) );
#1648 = ORIENTED_EDGE('',*,*,#1591,.T.);
#1649 = ORIENTED_EDGE('',*,*,#1650,.T.);
#1650 = EDGE_CURVE('',#1564,#1622,#1651,.T.);
#1651 = SURFACE_CURVE('',#1652,(#1656,#1663),.PCURVE_S1.);
#1652 = LINE('',#1653,#1654);
#1653 = CARTESIAN_POINT('',(-58.08985069067,54.543742564304,
    15.285365974211));
#1654 = VECTOR('',#1655,1.);
#1655 = DIRECTION('',(0.999999944028,2.324397540034E-04,
    -2.406565483854E-04));
#1656 = PCURVE('',#1605,#1657);
#1657 = DEFINITIONAL_REPRESENTATION('',(#1658),#1662);
#1658 = LINE('',#1659,#1660);
#1659 = CARTESIAN_POINT('',(2.807184965109E-02,-116.2525898043));
#1660 = VECTOR('',#1661,1.);
#1661 = DIRECTION('',(-2.414728900226E-04,0.999999970845));
#1662 = ( GEOMETRIC_REPRESENTATION_CONTEXT(2) 
PARAMETRIC_REPRESENTATION_CONTEXT() REPRESENTATION_CONTEXT('2D SPACE',''
  ) );
#1663 = PCURVE('',#1664,#1669);
#1664 = PLANE('',#1665);
#1665 = AXIS2_PLACEMENT_3D('',#1666,#1667,#1668);
#1666 = CARTESIAN_POINT('',(58.162735996066,54.570764288468,
    15.257389026392));
#1667 = DIRECTION('',(2.398706729565E-04,3.375116369863E-03,
    0.999994275509));
#1668 = DIRECTION('',(-4.51917047889E-23,0.999994304278,
    -3.375116466961E-03));
#1669 = DEFINITIONAL_REPRESENTATION('',(#1670),#1674);
#1670 = LINE('',#1671,#1672);
#1671 = CARTESIAN_POINT('',(-2.711599571324E-02,116.2525900312));
#1672 = VECTOR('',#1673,1.);
#1673 = DIRECTION('',(2.332506739706E-04,-0.999999972797));
#1674 = ( GEOMETRIC_REPRESENTATION_CONTEXT(2) 
PARAMETRIC_REPRESENTATION_CONTEXT() REPRESENTATION_CONTEXT('2D SPACE',''
  ) );
#1675 = ADVANCED_FACE('',(#1676),#1637,.T.);
#1676 = FACE_BOUND('',#1677,.T.);
#1677 = EDGE_LOOP('',(#1678,#1706,#1732));
#1678 = ORIENTED_EDGE('',*,*,#1679,.F.);
#1679 = EDGE_CURVE('',#1680,#1622,#1682,.T.);
#1680 = VERTEX_POINT('',#1681);
#1681 = CARTESIAN_POINT('',(58.13288889486,54.541614506479,
    -8.202175896216E-03));
#1682 = SURFACE_CURVE('',#1683,(#1687,#1694),.PCURVE_S1.);
#1683 = LINE('',#1684,#1685);
#1684 = CARTESIAN_POINT('',(58.13288889486,54.541614506479,
    -8.202175896216E-03));
#1685 = VECTOR('',#1686,1.);
#1686 = DIRECTION('',(1.955180729448E-03,1.909501750952E-03,
    0.999996265529));
#1687 = PCURVE('',#1637,#1688);
#1688 = DEFINITIONAL_REPRESENTATION('',(#1689),#1693);
#1689 = LINE('',#1690,#1691);
#1690 = CARTESIAN_POINT('',(-15.26561903314,-2.984710464495E-02));
#1691 = VECTOR('',#1692,1.);
#1692 = DIRECTION('',(0.999998088632,1.955180954756E-03));
#1693 = ( GEOMETRIC_REPRESENTATION_CONTEXT(2) 
PARAMETRIC_REPRESENTATION_CONTEXT() REPRESENTATION_CONTEXT('2D SPACE',''
  ) );
#1694 = PCURVE('',#1695,#1700);
#1695 = PLANE('',#1696);
#1696 = AXIS2_PLACEMENT_3D('',#1697,#1698,#1699);
#1697 = CARTESIAN_POINT('',(58.111026593637,-54.56201575267,
    15.30341751444));
#1698 = DIRECTION('',(0.999997977754,-4.746442845956E-04,
    -1.954277739693E-03));
#1699 = DIRECTION('',(1.95427795983E-03,-6.1888154356E-23,0.999998090397
    ));
#1700 = DEFINITIONAL_REPRESENTATION('',(#1701),#1705);
#1701 = LINE('',#1702,#1703);
#1702 = CARTESIAN_POINT('',(-15.3115477262,-109.1036425489));
#1703 = VECTOR('',#1704,1.);
#1704 = DIRECTION('',(0.999998176899,-1.909501966045E-03));
#1705 = ( GEOMETRIC_REPRESENTATION_CONTEXT(2) 
PARAMETRIC_REPRESENTATION_CONTEXT() REPRESENTATION_CONTEXT('2D SPACE',''
  ) );
#1706 = ORIENTED_EDGE('',*,*,#1707,.F.);
#1707 = EDGE_CURVE('',#22,#1680,#1708,.T.);
#1708 = SURFACE_CURVE('',#1709,(#1713,#1720),.PCURVE_S1.);
#1709 = LINE('',#1710,#1711);
#1710 = CARTESIAN_POINT('',(-58.13584008237,54.59747097655,
    1.202301384363E-02));
#1711 = VECTOR('',#1712,1.);
#1712 = DIRECTION('',(0.999999869474,-4.804083030078E-04,
    -1.739520787563E-04));
#1713 = PCURVE('',#1637,#1714);
#1714 = DEFINITIONAL_REPRESENTATION('',(#1715),#1719);
#1715 = LINE('',#1716,#1717);
#1716 = CARTESIAN_POINT('',(-15.24528716964,-116.2985894802));
#1717 = VECTOR('',#1718,1.);
#1718 = DIRECTION('',(-1.748695544877E-04,0.99999998471));
#1719 = ( GEOMETRIC_REPRESENTATION_CONTEXT(2) 
PARAMETRIC_REPRESENTATION_CONTEXT() REPRESENTATION_CONTEXT('2D SPACE',''
  ) );
#1720 = PCURVE('',#1721,#1726);
#1721 = PLANE('',#1722);
#1722 = AXIS2_PLACEMENT_3D('',#1723,#1724,#1725);
#1723 = CARTESIAN_POINT('',(58.13288889486,54.541614506479,
    -8.202175896216E-03));
#1724 = DIRECTION('',(-1.722699374981E-04,3.499306973328E-03,
    -0.999993862568));
#1725 = DIRECTION('',(6.091566208782E-23,-0.999993877406,
    -3.499307025252E-03));
#1726 = DEFINITIONAL_REPRESENTATION('',(#1727),#1731);
#1727 = LINE('',#1728,#1729);
#1728 = CARTESIAN_POINT('',(-5.592690223361E-02,116.26873070248));
#1729 = VECTOR('',#1730,1.);
#1730 = DIRECTION('',(4.810140733942E-04,-0.999999884313));
#1731 = ( GEOMETRIC_REPRESENTATION_CONTEXT(2) 
PARAMETRIC_REPRESENTATION_CONTEXT() REPRESENTATION_CONTEXT('2D SPACE',''
  ) );
#1732 = ORIENTED_EDGE('',*,*,#1621,.T.);
#1733 = ADVANCED_FACE('',(#1734),#1664,.T.);
#1734 = FACE_BOUND('',#1735,.T.);
#1735 = EDGE_LOOP('',(#1736,#1737,#1765));
#1736 = ORIENTED_EDGE('',*,*,#1650,.F.);
#1737 = ORIENTED_EDGE('',*,*,#1738,.T.);
#1738 = EDGE_CURVE('',#1564,#1739,#1741,.T.);
#1739 = VERTEX_POINT('',#1740);
#1740 = CARTESIAN_POINT('',(-1.060082375125,44.615128299953,
    15.30519654736));
#1741 = SURFACE_CURVE('',#1742,(#1746,#1753),.PCURVE_S1.);
#1742 = LINE('',#1743,#1744);
#1743 = CARTESIAN_POINT('',(-58.08985069067,54.543742564304,
    15.285365974211));
#1744 = VECTOR('',#1745,1.);
#1745 = DIRECTION('',(0.985181372319,-0.171515440358,3.425704127165E-04)
  );
#1746 = PCURVE('',#1664,#1747);
#1747 = DEFINITIONAL_REPRESENTATION('',(#1748),#1752);
#1748 = LINE('',#1749,#1750);
#1749 = CARTESIAN_POINT('',(-2.711599571324E-02,116.2525900312));
#1750 = VECTOR('',#1751,1.);
#1751 = DIRECTION('',(-0.171515619669,-0.985181400662));
#1752 = ( GEOMETRIC_REPRESENTATION_CONTEXT(2) 
PARAMETRIC_REPRESENTATION_CONTEXT() REPRESENTATION_CONTEXT('2D SPACE',''
  ) );
#1753 = PCURVE('',#1754,#1759);
#1754 = PLANE('',#1755);
#1755 = AXIS2_PLACEMENT_3D('',#1756,#1757,#1758);
#1756 = CARTESIAN_POINT('',(-1.060082375125,44.615128299953,
    15.30519654736));
#1757 = DIRECTION('',(-1.153352989369E-02,-6.425531794609E-02,
    0.997866840718));
#1758 = DIRECTION('',(1.550886435949E-19,0.997933216617,
    6.425959206798E-02));
#1759 = DEFINITIONAL_REPRESENTATION('',(#1760),#1764);
#1760 = LINE('',#1761,#1762);
#1761 = CARTESIAN_POINT('',(9.90681966483,57.033561809831));
#1762 = VECTOR('',#1763,1.);
#1763 = DIRECTION('',(-0.171138941661,-0.985246904409));
#1764 = ( GEOMETRIC_REPRESENTATION_CONTEXT(2) 
PARAMETRIC_REPRESENTATION_CONTEXT() REPRESENTATION_CONTEXT('2D SPACE',''
  ) );
#1765 = ORIENTED_EDGE('',*,*,#1766,.T.);
#1766 = EDGE_CURVE('',#1739,#1622,#1767,.T.);
#1767 = SURFACE_CURVE('',#1768,(#1772,#1779),.PCURVE_S1.);
#1768 = LINE('',#1769,#1770);
#1769 = CARTESIAN_POINT('',(-1.060082375125,44.615128299953,
    15.30519654736));
#1770 = VECTOR('',#1771,1.);
#1771 = DIRECTION('',(0.986162673303,0.165778611537,-7.960781668025E-04)
  );
#1772 = PCURVE('',#1664,#1773);
#1773 = DEFINITIONAL_REPRESENTATION('',(#1774),#1778);
#1774 = LINE('',#1775,#1776);
#1775 = CARTESIAN_POINT('',(-9.955740639933,59.22282007497));
#1776 = VECTOR('',#1777,1.);
#1777 = DIRECTION('',(0.165780354164,-0.986162701674));
#1778 = ( GEOMETRIC_REPRESENTATION_CONTEXT(2) 
PARAMETRIC_REPRESENTATION_CONTEXT() REPRESENTATION_CONTEXT('2D SPACE',''
  ) );
#1779 = PCURVE('',#1780,#1785);
#1780 = PLANE('',#1781);
#1781 = AXIS2_PLACEMENT_3D('',#1782,#1783,#1784);
#1782 = CARTESIAN_POINT('',(58.162735996066,54.570764288468,
    15.257389026392));
#1783 = DIRECTION('',(9.720040537735E-03,-5.302626533906E-02,
    0.998545810665));
#1784 = DIRECTION('',(-4.829816265364E-20,0.998592984906,
    5.302877045582E-02));
#1785 = DEFINITIONAL_REPRESENTATION('',(#1786),#1790);
#1786 = LINE('',#1787,#1788);
#1787 = CARTESIAN_POINT('',(-9.939093084355,59.225616231344));
#1788 = VECTOR('',#1789,1.);
#1789 = DIRECTION('',(0.165503143482,-0.986209262529));
#1790 = ( GEOMETRIC_REPRESENTATION_CONTEXT(2) 
PARAMETRIC_REPRESENTATION_CONTEXT() REPRESENTATION_CONTEXT('2D SPACE',''
  ) );
#1791 = ADVANCED_FACE('',(#1792),#1754,.T.);
#1792 = FACE_BOUND('',#1793,.T.);
#1793 = EDGE_LOOP('',(#1794,#1795,#1823));
#1794 = ORIENTED_EDGE('',*,*,#1738,.F.);
#1795 = ORIENTED_EDGE('',*,*,#1796,.T.);
#1796 = EDGE_CURVE('',#1564,#1797,#1799,.T.);
#1797 = VERTEX_POINT('',#1798);
#1798 = CARTESIAN_POINT('',(-5.226363528858,44.282621332932,
    15.235630883601));
#1799 = SURFACE_CURVE('',#1800,(#1804,#1811),.PCURVE_S1.);
#1800 = LINE('',#1801,#1802);
#1801 = CARTESIAN_POINT('',(-58.08985069067,54.543742564304,
    15.285365974211));
#1802 = VECTOR('',#1803,1.);
#1803 = DIRECTION('',(0.981677163941,-0.190549449726,-9.235827093372E-04
    ));
#1804 = PCURVE('',#1754,#1805);
#1805 = DEFINITIONAL_REPRESENTATION('',(#1806),#1810);
#1806 = LINE('',#1807,#1808);
#1807 = CARTESIAN_POINT('',(9.90681966483,57.033561809831));
#1808 = VECTOR('',#1809,1.);
#1809 = DIRECTION('',(-0.190214974338,-0.981742462939));
#1810 = ( GEOMETRIC_REPRESENTATION_CONTEXT(2) 
PARAMETRIC_REPRESENTATION_CONTEXT() REPRESENTATION_CONTEXT('2D SPACE',''
  ) );
#1811 = PCURVE('',#1812,#1817);
#1812 = PLANE('',#1813);
#1813 = AXIS2_PLACEMENT_3D('',#1814,#1815,#1816);
#1814 = CARTESIAN_POINT('',(-5.226363528858,44.282621332932,
    15.235630883601));
#1815 = DIRECTION('',(9.191964182258E-05,-4.37334487719E-03,
    0.999990432657));
#1816 = DIRECTION('',(-5.656835307743E-23,0.999990436881,
    4.373344895665E-03));
#1817 = DEFINITIONAL_REPRESENTATION('',(#1818),#1822);
#1818 = LINE('',#1819,#1820);
#1819 = CARTESIAN_POINT('',(10.261240611757,52.863487385146));
#1820 = VECTOR('',#1821,1.);
#1821 = DIRECTION('',(-0.190551666625,-0.981677168089));
#1822 = ( GEOMETRIC_REPRESENTATION_CONTEXT(2) 
PARAMETRIC_REPRESENTATION_CONTEXT() REPRESENTATION_CONTEXT('2D SPACE',''
  ) );
#1823 = ORIENTED_EDGE('',*,*,#1824,.T.);
#1824 = EDGE_CURVE('',#1797,#1739,#1825,.T.);
#1825 = SURFACE_CURVE('',#1826,(#1830,#1837),.PCURVE_S1.);
#1826 = LINE('',#1827,#1828);
#1827 = CARTESIAN_POINT('',(-5.226363528858,44.282621332932,
    15.235630883601));
#1828 = VECTOR('',#1829,1.);
#1829 = DIRECTION('',(0.996692340875,7.954507511342E-02,
    1.664207519794E-02));
#1830 = PCURVE('',#1754,#1831);
#1831 = DEFINITIONAL_REPRESENTATION('',(#1832),#1836);
#1832 = LINE('',#1833,#1834);
#1833 = CARTESIAN_POINT('',(-0.336290008322,4.166558285556));
#1834 = VECTOR('',#1835,1.);
#1835 = DIRECTION('',(8.045008563734E-02,-0.996758638649));
#1836 = ( GEOMETRIC_REPRESENTATION_CONTEXT(2) 
PARAMETRIC_REPRESENTATION_CONTEXT() REPRESENTATION_CONTEXT('2D SPACE',''
  ) );
#1837 = PCURVE('',#1838,#1843);
#1838 = PLANE('',#1839);
#1839 = AXIS2_PLACEMENT_3D('',#1840,#1841,#1842);
#1840 = CARTESIAN_POINT('',(-5.226363528858,44.282621332932,
    15.235630883601));
#1841 = DIRECTION('',(7.9540483E-02,-0.996831194532,9.387079830623E-04)
  );
#1842 = DIRECTION('',(-0.996831633722,-7.954051804447E-02,
    -9.364621660046E-21));
#1843 = DEFINITIONAL_REPRESENTATION('',(#1844),#1848);
#1844 = LINE('',#1845,#1846);
#1845 = CARTESIAN_POINT('',(-0.,0.));
#1846 = VECTOR('',#1847,1.);
#1847 = DIRECTION('',(-0.999861510955,-1.664208253021E-02));
#1848 = ( GEOMETRIC_REPRESENTATION_CONTEXT(2) 
PARAMETRIC_REPRESENTATION_CONTEXT() REPRESENTATION_CONTEXT('2D SPACE',''
  ) );
#1849 = ADVANCED_FACE('',(#1850),#1812,.T.);
#1850 = FACE_BOUND('',#1851,.T.);
#1851 = EDGE_LOOP('',(#1852,#1853,#1881));
#1852 = ORIENTED_EDGE('',*,*,#1796,.F.);
#1853 = ORIENTED_EDGE('',*,*,#1854,.T.);
#1854 = EDGE_CURVE('',#1564,#1855,#1857,.T.);
#1855 = VERTEX_POINT('',#1856);
#1856 = CARTESIAN_POINT('',(-9.32470934168,43.603297739828,
    15.233036660905));
#1857 = SURFACE_CURVE('',#1858,(#1862,#1869),.PCURVE_S1.);
#1858 = LINE('',#1859,#1860);
#1859 = CARTESIAN_POINT('',(-58.08985069067,54.543742564304,
    15.285365974211));
#1860 = VECTOR('',#1861,1.);
#1861 = DIRECTION('',(0.975744923562,-0.218908080725,-1.047060674887E-03
    ));
#1862 = PCURVE('',#1812,#1863);
#1863 = DEFINITIONAL_REPRESENTATION('',(#1864),#1868);
#1864 = LINE('',#1865,#1866);
#1865 = CARTESIAN_POINT('',(10.261240611757,52.863487385146));
#1866 = VECTOR('',#1867,1.);
#1867 = DIRECTION('',(-0.218910566439,-0.975744927684));
#1868 = ( GEOMETRIC_REPRESENTATION_CONTEXT(2) 
PARAMETRIC_REPRESENTATION_CONTEXT() REPRESENTATION_CONTEXT('2D SPACE',''
  ) );
#1869 = PCURVE('',#1870,#1875);
#1870 = PLANE('',#1871);
#1871 = AXIS2_PLACEMENT_3D('',#1872,#1873,#1874);
#1872 = CARTESIAN_POINT('',(-9.32470934168,43.603297739828,
    15.233036660905));
#1873 = DIRECTION('',(8.391479602332E-03,3.262317744116E-02,
    0.999432494651));
#1874 = DIRECTION('',(2.001943975842E-20,0.999467684993,
    -3.262432611383E-02));
#1875 = DEFINITIONAL_REPRESENTATION('',(#1876),#1880);
#1876 = LINE('',#1877,#1878);
#1877 = CARTESIAN_POINT('',(10.932913852932,48.766858385448));
#1878 = VECTOR('',#1879,1.);
#1879 = DIRECTION('',(-0.21875739302,-0.975779279858));
#1880 = ( GEOMETRIC_REPRESENTATION_CONTEXT(2) 
PARAMETRIC_REPRESENTATION_CONTEXT() REPRESENTATION_CONTEXT('2D SPACE',''
  ) );
#1881 = ORIENTED_EDGE('',*,*,#1882,.T.);
#1882 = EDGE_CURVE('',#1855,#1797,#1883,.T.);
#1883 = SURFACE_CURVE('',#1884,(#1888,#1895),.PCURVE_S1.);
#1884 = LINE('',#1885,#1886);
#1885 = CARTESIAN_POINT('',(-9.32470934168,43.603297739828,
    15.233036660905));
#1886 = VECTOR('',#1887,1.);
#1887 = DIRECTION('',(0.986539102501,0.163524338467,6.244719815209E-04)
  );
#1888 = PCURVE('',#1812,#1889);
#1889 = DEFINITIONAL_REPRESENTATION('',(#1890),#1894);
#1890 = LINE('',#1891,#1892);
#1891 = CARTESIAN_POINT('',(-0.679328442083,4.098345830136));
#1892 = VECTOR('',#1893,1.);
#1893 = DIRECTION('',(0.163525505695,-0.986539106669));
#1894 = ( GEOMETRIC_REPRESENTATION_CONTEXT(2) 
PARAMETRIC_REPRESENTATION_CONTEXT() REPRESENTATION_CONTEXT('2D SPACE',''
  ) );
#1895 = PCURVE('',#1896,#1901);
#1896 = PLANE('',#1897);
#1897 = AXIS2_PLACEMENT_3D('',#1898,#1899,#1900);
#1898 = CARTESIAN_POINT('',(-9.32470934168,43.603297739828,
    15.233036660905));
#1899 = DIRECTION('',(0.163523703608,-0.986538938328,9.599584443409E-04)
  );
#1900 = DIRECTION('',(-0.986539392887,-0.163523778953,2.584404932277E-21
    ));
#1901 = DEFINITIONAL_REPRESENTATION('',(#1902),#1906);
#1902 = LINE('',#1903,#1904);
#1903 = CARTESIAN_POINT('',(0.,0.));
#1904 = VECTOR('',#1905,1.);
#1905 = DIRECTION('',(-0.999999805017,-6.244722692529E-04));
#1906 = ( GEOMETRIC_REPRESENTATION_CONTEXT(2) 
PARAMETRIC_REPRESENTATION_CONTEXT() REPRESENTATION_CONTEXT('2D SPACE',''
  ) );
#1907 = ADVANCED_FACE('',(#1908),#1548,.T.);
#1908 = FACE_BOUND('',#1909,.T.);
#1909 = EDGE_LOOP('',(#1910,#1938,#1939));
#1910 = ORIENTED_EDGE('',*,*,#1911,.F.);
#1911 = EDGE_CURVE('',#1506,#1912,#1914,.T.);
#1912 = VERTEX_POINT('',#1913);
#1913 = CARTESIAN_POINT('',(58.111026593637,-54.56201575267,
    15.30341751444));
#1914 = SURFACE_CURVE('',#1915,(#1919,#1926),.PCURVE_S1.);
#1915 = LINE('',#1916,#1917);
#1916 = CARTESIAN_POINT('',(-58.14408552667,-54.56321175634,
    15.26634927179));
#1917 = VECTOR('',#1918,1.);
#1918 = DIRECTION('',(0.999999949114,1.028775065675E-05,
    3.188525656041E-04));
#1919 = PCURVE('',#1548,#1920);
#1920 = DEFINITIONAL_REPRESENTATION('',(#1921),#1925);
#1921 = LINE('',#1922,#1923);
#1922 = CARTESIAN_POINT('',(3.706938103288E-02,-116.2551121261));
#1923 = VECTOR('',#1924,1.);
#1924 = DIRECTION('',(-3.188623577103E-04,0.999999949163));
#1925 = ( GEOMETRIC_REPRESENTATION_CONTEXT(2) 
PARAMETRIC_REPRESENTATION_CONTEXT() REPRESENTATION_CONTEXT('2D SPACE',''
  ) );
#1926 = PCURVE('',#1927,#1932);
#1927 = PLANE('',#1928);
#1928 = AXIS2_PLACEMENT_3D('',#1929,#1930,#1931);
#1929 = CARTESIAN_POINT('',(58.111026593637,-54.56201575267,
    15.30341751444));
#1930 = DIRECTION('',(-3.188523405352E-04,-2.187158790207E-05,
    0.999999948927));
#1931 = DIRECTION('',(0.999999949167,-3.429074073817E-25,
    3.188523406115E-04));
#1932 = DEFINITIONAL_REPRESENTATION('',(#1933),#1937);
#1933 = LINE('',#1934,#1935);
#1934 = CARTESIAN_POINT('',(-116.2551180299,-1.196003667213E-03));
#1935 = VECTOR('',#1936,1.);
#1936 = DIRECTION('',(0.999999999947,1.028775065921E-05));
#1937 = ( GEOMETRIC_REPRESENTATION_CONTEXT(2) 
PARAMETRIC_REPRESENTATION_CONTEXT() REPRESENTATION_CONTEXT('2D SPACE',''
  ) );
#1938 = ORIENTED_EDGE('',*,*,#1534,.T.);
#1939 = ORIENTED_EDGE('',*,*,#1940,.T.);
#1940 = EDGE_CURVE('',#521,#1912,#1941,.T.);
#1941 = SURFACE_CURVE('',#1942,(#1946,#1953),.PCURVE_S1.);
#1942 = LINE('',#1943,#1944);
#1943 = CARTESIAN_POINT('',(-58.10569198609,-54.57799214121,
    -3.003041631413E-02));
#1944 = VECTOR('',#1945,1.);
#1945 = DIRECTION('',(0.991408132378,1.362895262969E-04,0.130804802973)
  );
#1946 = PCURVE('',#1548,#1947);
#1947 = DEFINITIONAL_REPRESENTATION('',(#1948),#1952);
#1948 = LINE('',#1949,#1950);
#1949 = CARTESIAN_POINT('',(15.333456210033,-116.2167185855));
#1950 = VECTOR('',#1951,1.);
#1951 = DIRECTION('',(-0.1308048736,0.991408132427));
#1952 = ( GEOMETRIC_REPRESENTATION_CONTEXT(2) 
PARAMETRIC_REPRESENTATION_CONTEXT() REPRESENTATION_CONTEXT('2D SPACE',''
  ) );
#1953 = PCURVE('',#1954,#1959);
#1954 = PLANE('',#1955);
#1955 = AXIS2_PLACEMENT_3D('',#1956,#1957,#1958);
#1956 = CARTESIAN_POINT('',(58.111026593637,-54.56201575267,
    15.30341751444));
#1957 = DIRECTION('',(2.798573349773E-04,-0.999999378513,
    -1.079191229981E-03));
#1958 = DIRECTION('',(-5.927454584193E-23,1.079191272242E-03,
    -0.999999417673));
#1959 = DEFINITIONAL_REPRESENTATION('',(#1960),#1964);
#1960 = LINE('',#1961,#1962);
#1961 = CARTESIAN_POINT('',(15.333421760093,-116.2167231307));
#1962 = VECTOR('',#1963,1.);
#1963 = DIRECTION('',(-0.130804579719,0.991408171201));
#1964 = ( GEOMETRIC_REPRESENTATION_CONTEXT(2) 
PARAMETRIC_REPRESENTATION_CONTEXT() REPRESENTATION_CONTEXT('2D SPACE',''
  ) );
#1965 = ADVANCED_FACE('',(#1966),#1954,.T.);
#1966 = FACE_BOUND('',#1967,.T.);
#1967 = EDGE_LOOP('',(#1968,#1969,#1992));
#1968 = ORIENTED_EDGE('',*,*,#1940,.F.);
#1969 = ORIENTED_EDGE('',*,*,#1970,.T.);
#1970 = EDGE_CURVE('',#521,#1971,#1973,.T.);
#1971 = VERTEX_POINT('',#1972);
#1972 = CARTESIAN_POINT('',(58.141798014508,-54.54545329852,
    -3.569180619389E-02));
#1973 = SURFACE_CURVE('',#1974,(#1978,#1985),.PCURVE_S1.);
#1974 = LINE('',#1975,#1976);
#1975 = CARTESIAN_POINT('',(-58.10569198609,-54.57799214121,
    -3.003041631413E-02));
#1976 = VECTOR('',#1977,1.);
#1977 = DIRECTION('',(0.999999959639,2.799100555263E-04,
    -4.87011775586E-05));
#1978 = PCURVE('',#1954,#1979);
#1979 = DEFINITIONAL_REPRESENTATION('',(#1980),#1984);
#1980 = LINE('',#1981,#1982);
#1981 = CARTESIAN_POINT('',(15.333421760093,-116.2167231307));
#1982 = VECTOR('',#1983,1.);
#1983 = DIRECTION('',(4.900322568752E-05,0.999999998799));
#1984 = ( GEOMETRIC_REPRESENTATION_CONTEXT(2) 
PARAMETRIC_REPRESENTATION_CONTEXT() REPRESENTATION_CONTEXT('2D SPACE',''
  ) );
#1985 = PCURVE('',#1463,#1986);
#1986 = DEFINITIONAL_REPRESENTATION('',(#1987),#1991);
#1987 = LINE('',#1988,#1989);
#1988 = CARTESIAN_POINT('',(3.25206385256E-02,116.24749014355));
#1989 = VECTOR('',#1990,1.);
#1990 = DIRECTION('',(-2.797534571532E-04,-0.999999960869));
#1991 = ( GEOMETRIC_REPRESENTATION_CONTEXT(2) 
PARAMETRIC_REPRESENTATION_CONTEXT() REPRESENTATION_CONTEXT('2D SPACE',''
  ) );
#1992 = ORIENTED_EDGE('',*,*,#1993,.F.);
#1993 = EDGE_CURVE('',#1912,#1971,#1994,.T.);
#1994 = SURFACE_CURVE('',#1995,(#1999,#2006),.PCURVE_S1.);
#1995 = LINE('',#1996,#1997);
#1996 = CARTESIAN_POINT('',(58.111026593637,-54.56201575267,
    15.30341751444));
#1997 = VECTOR('',#1998,1.);
#1998 = DIRECTION('',(2.006070911491E-03,1.079750514088E-03,
    -0.999997404906));
#1999 = PCURVE('',#1954,#2000);
#2000 = DEFINITIONAL_REPRESENTATION('',(#2001),#2005);
#2001 = LINE('',#2002,#2003);
#2002 = CARTESIAN_POINT('',(0.,0.));
#2003 = VECTOR('',#2004,1.);
#2004 = DIRECTION('',(0.999997987838,2.006070990049E-03));
#2005 = ( GEOMETRIC_REPRESENTATION_CONTEXT(2) 
PARAMETRIC_REPRESENTATION_CONTEXT() REPRESENTATION_CONTEXT('2D SPACE',''
  ) );
#2006 = PCURVE('',#2007,#2012);
#2007 = PLANE('',#2008);
#2008 = AXIS2_PLACEMENT_3D('',#2009,#2010,#2011);
#2009 = CARTESIAN_POINT('',(58.111026593637,-54.56201575267,
    15.30341751444));
#2010 = DIRECTION('',(0.999997984366,8.116409470221E-05,
    2.006159711133E-03));
#2011 = DIRECTION('',(-2.006159717741E-03,1.818206409328E-23,
    0.99999798766));
#2012 = DEFINITIONAL_REPRESENTATION('',(#2013),#2017);
#2013 = LINE('',#2014,#2015);
#2014 = CARTESIAN_POINT('',(0.,0.));
#2015 = VECTOR('',#2016,1.);
#2016 = DIRECTION('',(-0.999999417069,-1.079750517645E-03));
#2017 = ( GEOMETRIC_REPRESENTATION_CONTEXT(2) 
PARAMETRIC_REPRESENTATION_CONTEXT() REPRESENTATION_CONTEXT('2D SPACE',''
  ) );
#2018 = ADVANCED_FACE('',(#2019),#1579,.T.);
#2019 = FACE_BOUND('',#2020,.T.);
#2020 = EDGE_LOOP('',(#2021,#2022,#2050));
#2021 = ORIENTED_EDGE('',*,*,#1563,.F.);
#2022 = ORIENTED_EDGE('',*,*,#2023,.T.);
#2023 = EDGE_CURVE('',#1506,#2024,#2026,.T.);
#2024 = VERTEX_POINT('',#2025);
#2025 = CARTESIAN_POINT('',(-44.52661447647,-2.069376868577,
    15.29482118111));
#2026 = SURFACE_CURVE('',#2027,(#2031,#2038),.PCURVE_S1.);
#2027 = LINE('',#2028,#2029);
#2028 = CARTESIAN_POINT('',(-58.14408552667,-54.56321175634,
    15.26634927179));
#2029 = VECTOR('',#2030,1.);
#2030 = DIRECTION('',(0.251099626486,0.967961105595,5.250083344704E-04)
  );
#2031 = PCURVE('',#1579,#2032);
#2032 = DEFINITIONAL_REPRESENTATION('',(#2033),#2037);
#2033 = LINE('',#2034,#2035);
#2034 = CARTESIAN_POINT('',(-5.426181676333E-02,-109.1069559644));
#2035 = VECTOR('',#2036,1.);
#2036 = DIRECTION('',(0.251100119121,0.967961120179));
#2037 = ( GEOMETRIC_REPRESENTATION_CONTEXT(2) 
PARAMETRIC_REPRESENTATION_CONTEXT() REPRESENTATION_CONTEXT('2D SPACE',''
  ) );
#2038 = PCURVE('',#2039,#2044);
#2039 = PLANE('',#2040);
#2040 = AXIS2_PLACEMENT_3D('',#2041,#2042,#2043);
#2041 = CARTESIAN_POINT('',(-44.52661447647,-2.069376868577,
    15.29482118111));
#2042 = DIRECTION('',(3.04622031786E-03,-1.332605420771E-03,
    0.999994472337));
#2043 = DIRECTION('',(0.999995360252,6.069011184512E-22,
    -3.04622302266E-03));
#2044 = DEFINITIONAL_REPRESENTATION('',(#2045),#2049);
#2045 = LINE('',#2046,#2047);
#2046 = CARTESIAN_POINT('',(-13.61732113677,-52.49388149808));
#2047 = VECTOR('',#2048,1.);
#2048 = DIRECTION('',(0.251096862155,0.967961965067));
#2049 = ( GEOMETRIC_REPRESENTATION_CONTEXT(2) 
PARAMETRIC_REPRESENTATION_CONTEXT() REPRESENTATION_CONTEXT('2D SPACE',''
  ) );
#2050 = ORIENTED_EDGE('',*,*,#2051,.F.);
#2051 = EDGE_CURVE('',#1564,#2024,#2052,.T.);
#2052 = SURFACE_CURVE('',#2053,(#2057,#2064),.PCURVE_S1.);
#2053 = LINE('',#2054,#2055);
#2054 = CARTESIAN_POINT('',(-58.08985069067,54.543742564304,
    15.285365974211));
#2055 = VECTOR('',#2056,1.);
#2056 = DIRECTION('',(0.232984542239,-0.97248042484,1.624182471278E-04)
  );
#2057 = PCURVE('',#1579,#2058);
#2058 = DEFINITIONAL_REPRESENTATION('',(#2059),#2063);
#2059 = LINE('',#2060,#2061);
#2060 = CARTESIAN_POINT('',(0.,0.));
#2061 = VECTOR('',#2062,1.);
#2062 = DIRECTION('',(0.232984537695,-0.972480439492));
#2063 = ( GEOMETRIC_REPRESENTATION_CONTEXT(2) 
PARAMETRIC_REPRESENTATION_CONTEXT() REPRESENTATION_CONTEXT('2D SPACE',''
  ) );
#2064 = PCURVE('',#2065,#2070);
#2065 = PLANE('',#2066);
#2066 = AXIS2_PLACEMENT_3D('',#2067,#2068,#2069);
#2067 = CARTESIAN_POINT('',(-58.08985069067,54.543742564304,
    15.285365974211));
#2068 = DIRECTION('',(7.017022985408E-03,1.848131657253E-03,
    0.999973672552));
#2069 = DIRECTION('',(0.999975380307,2.163803310804E-22,
    -7.017034969078E-03));
#2070 = DEFINITIONAL_REPRESENTATION('',(#2071),#2075);
#2071 = LINE('',#2072,#2073);
#2072 = CARTESIAN_POINT('',(0.,0.));
#2073 = VECTOR('',#2074,1.);
#2074 = DIRECTION('',(0.232977666537,-0.972482085642));
#2075 = ( GEOMETRIC_REPRESENTATION_CONTEXT(2) 
PARAMETRIC_REPRESENTATION_CONTEXT() REPRESENTATION_CONTEXT('2D SPACE',''
  ) );
#2076 = ADVANCED_FACE('',(#2077),#2039,.T.);
#2077 = FACE_BOUND('',#2078,.T.);
#2078 = EDGE_LOOP('',(#2079,#2080,#2108));
#2079 = ORIENTED_EDGE('',*,*,#2023,.F.);
#2080 = ORIENTED_EDGE('',*,*,#2081,.T.);
#2081 = EDGE_CURVE('',#1506,#2082,#2084,.T.);
#2082 = VERTEX_POINT('',#2083);
#2083 = CARTESIAN_POINT('',(-44.16981199923,-6.219930156008,
    15.288203195763));
#2084 = SURFACE_CURVE('',#2085,(#2089,#2096),.PCURVE_S1.);
#2085 = LINE('',#2086,#2087);
#2086 = CARTESIAN_POINT('',(-58.14408552667,-54.56321175634,
    15.26634927179));
#2087 = VECTOR('',#2088,1.);
#2088 = DIRECTION('',(0.277694360254,0.960669377927,4.342774187722E-04)
  );
#2089 = PCURVE('',#2039,#2090);
#2090 = DEFINITIONAL_REPRESENTATION('',(#2091),#2095);
#2091 = LINE('',#2092,#2093);
#2092 = CARTESIAN_POINT('',(-13.61732113677,-52.49388149808));
#2093 = VECTOR('',#2094,1.);
#2094 = DIRECTION('',(0.277691748916,0.960670230924));
#2095 = ( GEOMETRIC_REPRESENTATION_CONTEXT(2) 
PARAMETRIC_REPRESENTATION_CONTEXT() REPRESENTATION_CONTEXT('2D SPACE',''
  ) );
#2096 = PCURVE('',#2097,#2102);
#2097 = PLANE('',#2098);
#2098 = AXIS2_PLACEMENT_3D('',#2099,#2100,#2101);
#2099 = CARTESIAN_POINT('',(-44.16981199923,-6.219930156008,
    15.288203195763));
#2100 = DIRECTION('',(1.28686192988E-02,-4.171862635502E-03,
    0.999908492913));
#2101 = DIRECTION('',(0.999917194449,9.827605345892E-21,
    -1.286873128581E-02));
#2102 = DEFINITIONAL_REPRESENTATION('',(#2103),#2107);
#2103 = LINE('',#2104,#2105);
#2104 = CARTESIAN_POINT('',(-13.97283514774,-48.34370229965));
#2105 = VECTOR('',#2106,1.);
#2106 = DIRECTION('',(0.27766577702,0.960677737991));
#2107 = ( GEOMETRIC_REPRESENTATION_CONTEXT(2) 
PARAMETRIC_REPRESENTATION_CONTEXT() REPRESENTATION_CONTEXT('2D SPACE',''
  ) );
#2108 = ORIENTED_EDGE('',*,*,#2109,.F.);
#2109 = EDGE_CURVE('',#2024,#2082,#2110,.T.);
#2110 = SURFACE_CURVE('',#2111,(#2115,#2122),.PCURVE_S1.);
#2111 = LINE('',#2112,#2113);
#2112 = CARTESIAN_POINT('',(-44.52661447647,-2.069376868577,
    15.29482118111));
#2113 = VECTOR('',#2114,1.);
#2114 = DIRECTION('',(8.564904084891E-02,-0.996324102932,
    -1.588621530216E-03));
#2115 = PCURVE('',#2039,#2116);
#2116 = DEFINITIONAL_REPRESENTATION('',(#2117),#2121);
#2117 = LINE('',#2118,#2119);
#2118 = CARTESIAN_POINT('',(0.,0.));
#2119 = VECTOR('',#2120,1.);
#2120 = DIRECTION('',(8.565348275441E-02,-0.996324987588));
#2121 = ( GEOMETRIC_REPRESENTATION_CONTEXT(2) 
PARAMETRIC_REPRESENTATION_CONTEXT() REPRESENTATION_CONTEXT('2D SPACE',''
  ) );
#2122 = PCURVE('',#2123,#2128);
#2123 = PLANE('',#2124);
#2124 = AXIS2_PLACEMENT_3D('',#2125,#2126,#2127);
#2125 = CARTESIAN_POINT('',(-44.16981199923,-6.219930156008,
    15.288203195763));
#2126 = DIRECTION('',(0.996323214084,8.565206329116E-02,
    -1.943484325067E-03));
#2127 = DIRECTION('',(-8.565222505116E-02,0.996325095711,
    9.165189359081E-22));
#2128 = DEFINITIONAL_REPRESENTATION('',(#2129),#2133);
#2129 = LINE('',#2130,#2131);
#2130 = CARTESIAN_POINT('',(4.165861327433,6.617997846192E-03));
#2131 = VECTOR('',#2132,1.);
#2132 = DIRECTION('',(-0.999998738135,-1.58862453044E-03));
#2133 = ( GEOMETRIC_REPRESENTATION_CONTEXT(2) 
PARAMETRIC_REPRESENTATION_CONTEXT() REPRESENTATION_CONTEXT('2D SPACE',''
  ) );
#2134 = ADVANCED_FACE('',(#2135),#2097,.T.);
#2135 = FACE_BOUND('',#2136,.T.);
#2136 = EDGE_LOOP('',(#2137,#2138,#2166));
#2137 = ORIENTED_EDGE('',*,*,#2081,.F.);
#2138 = ORIENTED_EDGE('',*,*,#2139,.T.);
#2139 = EDGE_CURVE('',#1506,#2140,#2142,.T.);
#2140 = VERTEX_POINT('',#2141);
#2141 = CARTESIAN_POINT('',(-43.36062638339,-10.32994198758,
    15.260641167218));
#2142 = SURFACE_CURVE('',#2143,(#2147,#2154),.PCURVE_S1.);
#2143 = LINE('',#2144,#2145);
#2144 = CARTESIAN_POINT('',(-58.14408552667,-54.56321175634,
    15.26634927179));
#2145 = VECTOR('',#2146,1.);
#2146 = DIRECTION('',(0.3169809565,0.948431894359,-1.223908714121E-04));
#2147 = PCURVE('',#2097,#2148);
#2148 = DEFINITIONAL_REPRESENTATION('',(#2149),#2153);
#2149 = LINE('',#2150,#2151);
#2150 = CARTESIAN_POINT('',(-13.97283514774,-48.34370229965));
#2151 = VECTOR('',#2152,1.);
#2152 = DIRECTION('',(0.316956283733,0.948440147928));
#2153 = ( GEOMETRIC_REPRESENTATION_CONTEXT(2) 
PARAMETRIC_REPRESENTATION_CONTEXT() REPRESENTATION_CONTEXT('2D SPACE',''
  ) );
#2154 = PCURVE('',#2155,#2160);
#2155 = PLANE('',#2156);
#2156 = AXIS2_PLACEMENT_3D('',#2157,#2158,#2159);
#2157 = CARTESIAN_POINT('',(-43.36062638339,-10.32994198758,
    15.260641167218));
#2158 = DIRECTION('',(-1.079925541864E-02,3.738319232276E-03,
    0.999934698394));
#2159 = DIRECTION('',(0.999941685526,1.228841450823E-21,
    1.07993308794E-02));
#2160 = DEFINITIONAL_REPRESENTATION('',(#2161),#2165);
#2161 = LINE('',#2162,#2163);
#2162 = CARTESIAN_POINT('',(-14.78253540993,-44.23357885265));
#2163 = VECTOR('',#2164,1.);
#2164 = DIRECTION('',(0.316961150183,0.94843852161));
#2165 = ( GEOMETRIC_REPRESENTATION_CONTEXT(2) 
PARAMETRIC_REPRESENTATION_CONTEXT() REPRESENTATION_CONTEXT('2D SPACE',''
  ) );
#2166 = ORIENTED_EDGE('',*,*,#2167,.F.);
#2167 = EDGE_CURVE('',#2082,#2140,#2168,.T.);
#2168 = SURFACE_CURVE('',#2169,(#2173,#2180),.PCURVE_S1.);
#2169 = LINE('',#2170,#2171);
#2170 = CARTESIAN_POINT('',(-44.16981199923,-6.219930156008,
    15.288203195763));
#2171 = VECTOR('',#2172,1.);
#2172 = DIRECTION('',(0.193169065977,-0.981143425087,-6.579616847128E-03
    ));
#2173 = PCURVE('',#2097,#2174);
#2174 = DEFINITIONAL_REPRESENTATION('',(#2175),#2179);
#2175 = LINE('',#2176,#2177);
#2176 = CARTESIAN_POINT('',(0.,0.));
#2177 = VECTOR('',#2178,1.);
#2178 = DIRECTION('',(0.193237741828,-0.981151963323));
#2179 = ( GEOMETRIC_REPRESENTATION_CONTEXT(2) 
PARAMETRIC_REPRESENTATION_CONTEXT() REPRESENTATION_CONTEXT('2D SPACE',''
  ) );
#2180 = PCURVE('',#2181,#2186);
#2181 = PLANE('',#2182);
#2182 = AXIS2_PLACEMENT_3D('',#2183,#2184,#2185);
#2183 = CARTESIAN_POINT('',(-43.36062638339,-10.32994198758,
    15.260641167218));
#2184 = DIRECTION('',(0.981163156527,0.193178878231,-8.839001846285E-04)
  );
#2185 = DIRECTION('',(-0.193178953695,0.981163539808,3.525714564502E-20)
  );
#2186 = DEFINITIONAL_REPRESENTATION('',(#2187),#2191);
#2187 = LINE('',#2188,#2189);
#2188 = CARTESIAN_POINT('',(4.188911387939,2.756203931179E-02));
#2189 = VECTOR('',#2190,1.);
#2190 = DIRECTION('',(-0.99997835407,-6.57961941739E-03));
#2191 = ( GEOMETRIC_REPRESENTATION_CONTEXT(2) 
PARAMETRIC_REPRESENTATION_CONTEXT() REPRESENTATION_CONTEXT('2D SPACE',''
  ) );
#2192 = ADVANCED_FACE('',(#2193),#2155,.T.);
#2193 = FACE_BOUND('',#2194,.T.);
#2194 = EDGE_LOOP('',(#2195,#2196,#2224));
#2195 = ORIENTED_EDGE('',*,*,#2139,.F.);
#2196 = ORIENTED_EDGE('',*,*,#2197,.T.);
#2197 = EDGE_CURVE('',#1506,#2198,#2200,.T.);
#2198 = VERTEX_POINT('',#2199);
#2199 = CARTESIAN_POINT('',(-42.21452021313,-14.37315003319,
    15.288134858266));
#2200 = SURFACE_CURVE('',#2201,(#2205,#2212),.PCURVE_S1.);
#2201 = LINE('',#2202,#2203);
#2202 = CARTESIAN_POINT('',(-58.14408552667,-54.56321175634,
    15.26634927179));
#2203 = VECTOR('',#2204,1.);
#2204 = DIRECTION('',(0.368468304113,0.929640174973,5.039244916698E-04)
  );
#2205 = PCURVE('',#2155,#2206);
#2206 = DEFINITIONAL_REPRESENTATION('',(#2207),#2211);
#2207 = LINE('',#2208,#2209);
#2208 = CARTESIAN_POINT('',(-14.78253540993,-44.23357885265));
#2209 = VECTOR('',#2210,1.);
#2210 = DIRECTION('',(0.368452259125,0.929646670916));
#2211 = ( GEOMETRIC_REPRESENTATION_CONTEXT(2) 
PARAMETRIC_REPRESENTATION_CONTEXT() REPRESENTATION_CONTEXT('2D SPACE',''
  ) );
#2212 = PCURVE('',#2213,#2218);
#2213 = PLANE('',#2214);
#2214 = AXIS2_PLACEMENT_3D('',#2215,#2216,#2217);
#2215 = CARTESIAN_POINT('',(-42.21452021313,-14.37315003319,
    15.288134858266));
#2216 = DIRECTION('',(-2.619152182173E-03,4.960541443643E-04,
    0.99999644698));
#2217 = DIRECTION('',(0.999996570014,6.936561232101E-23,
    2.61915250442E-03));
#2218 = DEFINITIONAL_REPRESENTATION('',(#2219),#2223);
#2219 = LINE('',#2220,#2221);
#2220 = CARTESIAN_POINT('',(-15.92956773512,-40.19006666792));
#2221 = VECTOR('',#2222,1.);
#2222 = DIRECTION('',(0.368468360127,0.929640289351));
#2223 = ( GEOMETRIC_REPRESENTATION_CONTEXT(2) 
PARAMETRIC_REPRESENTATION_CONTEXT() REPRESENTATION_CONTEXT('2D SPACE',''
  ) );
#2224 = ORIENTED_EDGE('',*,*,#2225,.F.);
#2225 = EDGE_CURVE('',#2140,#2198,#2226,.T.);
#2226 = SURFACE_CURVE('',#2227,(#2231,#2238),.PCURVE_S1.);
#2227 = LINE('',#2228,#2229);
#2228 = CARTESIAN_POINT('',(-43.36062638339,-10.32994198758,
    15.260641167218));
#2229 = VECTOR('',#2230,1.);
#2230 = DIRECTION('',(0.272713600354,-0.962073018819,6.542067102958E-03)
  );
#2231 = PCURVE('',#2155,#2232);
#2232 = DEFINITIONAL_REPRESENTATION('',(#2233),#2237);
#2233 = LINE('',#2234,#2235);
#2234 = CARTESIAN_POINT('',(0.,0.));
#2235 = VECTOR('',#2236,1.);
#2236 = DIRECTION('',(0.272768347151,-0.96207974139));
#2237 = ( GEOMETRIC_REPRESENTATION_CONTEXT(2) 
PARAMETRIC_REPRESENTATION_CONTEXT() REPRESENTATION_CONTEXT('2D SPACE',''
  ) );
#2238 = PCURVE('',#2239,#2244);
#2239 = PLANE('',#2240);
#2240 = AXIS2_PLACEMENT_3D('',#2241,#2242,#2243);
#2241 = CARTESIAN_POINT('',(-42.21452021313,-14.37315003319,
    15.288134858266));
#2242 = DIRECTION('',(0.962095076956,0.272711454724,-1.235054136922E-03)
  );
#2243 = DIRECTION('',(-0.272711662716,0.962095810727,-1.926650212099E-20
    ));
#2244 = DEFINITIONAL_REPRESENTATION('',(#2245),#2249);
#2245 = LINE('',#2246,#2247);
#2246 = CARTESIAN_POINT('',(4.202510041919,-2.74937120175E-02));
#2247 = VECTOR('',#2248,1.);
#2248 = DIRECTION('',(-0.999978600417,6.542072092463E-03));
#2249 = ( GEOMETRIC_REPRESENTATION_CONTEXT(2) 
PARAMETRIC_REPRESENTATION_CONTEXT() REPRESENTATION_CONTEXT('2D SPACE',''
  ) );
#2250 = ADVANCED_FACE('',(#2251),#2213,.T.);
#2251 = FACE_BOUND('',#2252,.T.);
#2252 = EDGE_LOOP('',(#2253,#2254,#2282));
#2253 = ORIENTED_EDGE('',*,*,#2197,.F.);
#2254 = ORIENTED_EDGE('',*,*,#2255,.T.);
#2255 = EDGE_CURVE('',#1506,#2256,#2258,.T.);
#2256 = VERTEX_POINT('',#2257);
#2257 = CARTESIAN_POINT('',(-40.68873929262,-18.28106902361,
    15.294069671191));
#2258 = SURFACE_CURVE('',#2259,(#2263,#2270),.PCURVE_S1.);
#2259 = LINE('',#2260,#2261);
#2260 = CARTESIAN_POINT('',(-58.14408552667,-54.56321175634,
    15.26634927179));
#2261 = VECTOR('',#2262,1.);
#2262 = DIRECTION('',(0.433536572581,0.901135709102,6.884886032059E-04)
  );
#2263 = PCURVE('',#2213,#2264);
#2264 = DEFINITIONAL_REPRESENTATION('',(#2265),#2269);
#2265 = LINE('',#2266,#2267);
#2266 = CARTESIAN_POINT('',(-15.92956773512,-40.19006666792));
#2267 = VECTOR('',#2268,1.);
#2268 = DIRECTION('',(0.433536888813,0.901135819973));
#2269 = ( GEOMETRIC_REPRESENTATION_CONTEXT(2) 
PARAMETRIC_REPRESENTATION_CONTEXT() REPRESENTATION_CONTEXT('2D SPACE',''
  ) );
#2270 = PCURVE('',#2271,#2276);
#2271 = PLANE('',#2272);
#2272 = AXIS2_PLACEMENT_3D('',#2273,#2274,#2275);
#2273 = CARTESIAN_POINT('',(-40.68873929262,-18.28106902361,
    15.294069671191));
#2274 = DIRECTION('',(3.222784563192E-03,-2.314499510215E-03,
    0.999992128345));
#2275 = DIRECTION('',(0.999994806789,1.191037318119E-22,
    -3.222793195307E-03));
#2276 = DEFINITIONAL_REPRESENTATION('',(#2277),#2281);
#2277 = LINE('',#2278,#2279);
#2278 = CARTESIAN_POINT('',(-17.45516624763,-36.28223991317));
#2279 = VECTOR('',#2280,1.);
#2280 = DIRECTION('',(0.433532102277,0.901138122762));
#2281 = ( GEOMETRIC_REPRESENTATION_CONTEXT(2) 
PARAMETRIC_REPRESENTATION_CONTEXT() REPRESENTATION_CONTEXT('2D SPACE',''
  ) );
#2282 = ORIENTED_EDGE('',*,*,#2283,.F.);
#2283 = EDGE_CURVE('',#2198,#2256,#2284,.T.);
#2284 = SURFACE_CURVE('',#2285,(#2289,#2296),.PCURVE_S1.);
#2285 = LINE('',#2286,#2287);
#2286 = CARTESIAN_POINT('',(-42.21452021313,-14.37315003319,
    15.288134858266));
#2287 = VECTOR('',#2288,1.);
#2288 = DIRECTION('',(0.363695064063,-0.931516988096,1.414660609495E-03)
  );
#2289 = PCURVE('',#2213,#2290);
#2290 = DEFINITIONAL_REPRESENTATION('',(#2291),#2295);
#2291 = LINE('',#2292,#2293);
#2292 = CARTESIAN_POINT('',(0.,0.));
#2293 = VECTOR('',#2294,1.);
#2294 = DIRECTION('',(0.363697521806,-0.931517102705));
#2295 = ( GEOMETRIC_REPRESENTATION_CONTEXT(2) 
PARAMETRIC_REPRESENTATION_CONTEXT() REPRESENTATION_CONTEXT('2D SPACE',''
  ) );
#2296 = PCURVE('',#2297,#2302);
#2297 = PLANE('',#2298);
#2298 = AXIS2_PLACEMENT_3D('',#2299,#2300,#2301);
#2299 = CARTESIAN_POINT('',(-40.68873929262,-18.28106902361,
    15.294069671191));
#2300 = DIRECTION('',(0.93150808325,0.363697778009,4.076409001664E-03));
#2301 = DIRECTION('',(-0.36370079985,0.931515822833,5.700972539175E-20)
  );
#2302 = DEFINITIONAL_REPRESENTATION('',(#2303),#2307);
#2303 = LINE('',#2304,#2305);
#2304 = CARTESIAN_POINT('',(4.195216115105,-5.934862235358E-03));
#2305 = VECTOR('',#2306,1.);
#2306 = DIRECTION('',(-0.999998999351,1.414672363427E-03));
#2307 = ( GEOMETRIC_REPRESENTATION_CONTEXT(2) 
PARAMETRIC_REPRESENTATION_CONTEXT() REPRESENTATION_CONTEXT('2D SPACE',''
  ) );
#2308 = ADVANCED_FACE('',(#2309),#2271,.T.);
#2309 = FACE_BOUND('',#2310,.T.);
#2310 = EDGE_LOOP('',(#2311,#2312,#2340));
#2311 = ORIENTED_EDGE('',*,*,#2255,.F.);
#2312 = ORIENTED_EDGE('',*,*,#2313,.T.);
#2313 = EDGE_CURVE('',#1506,#2314,#2316,.T.);
#2314 = VERTEX_POINT('',#2315);
#2315 = CARTESIAN_POINT('',(-38.75674242495,-21.95649401039,
    15.279336376203));
#2316 = SURFACE_CURVE('',#2317,(#2321,#2328),.PCURVE_S1.);
#2317 = LINE('',#2318,#2319);
#2318 = CARTESIAN_POINT('',(-58.14408552667,-54.56321175634,
    15.26634927179));
#2319 = VECTOR('',#2320,1.);
#2320 = DIRECTION('',(0.511066890741,0.859540875109,3.423511430819E-04)
  );
#2321 = PCURVE('',#2271,#2322);
#2322 = DEFINITIONAL_REPRESENTATION('',(#2323),#2327);
#2323 = LINE('',#2324,#2325);
#2324 = CARTESIAN_POINT('',(-17.45516624763,-36.28223991317));
#2325 = VECTOR('',#2326,1.);
#2326 = DIRECTION('',(0.511063133336,0.859543177359));
#2327 = ( GEOMETRIC_REPRESENTATION_CONTEXT(2) 
PARAMETRIC_REPRESENTATION_CONTEXT() REPRESENTATION_CONTEXT('2D SPACE',''
  ) );
#2328 = PCURVE('',#2329,#2334);
#2329 = PLANE('',#2330);
#2330 = AXIS2_PLACEMENT_3D('',#2331,#2332,#2333);
#2331 = CARTESIAN_POINT('',(-38.75674242495,-21.95649401039,
    15.279336376203));
#2332 = DIRECTION('',(6.890144276117E-04,-8.07970198251E-04,
    0.999999436221));
#2333 = DIRECTION('',(-4.19085760937E-23,0.999999673592,
    8.079703900393E-04));
#2334 = DEFINITIONAL_REPRESENTATION('',(#2335),#2339);
#2335 = LINE('',#2336,#2337);
#2336 = CARTESIAN_POINT('',(-32.60671759604,19.387347703701));
#2337 = VECTOR('',#2338,1.);
#2338 = DIRECTION('',(0.859540871158,-0.511067012053));
#2339 = ( GEOMETRIC_REPRESENTATION_CONTEXT(2) 
PARAMETRIC_REPRESENTATION_CONTEXT() REPRESENTATION_CONTEXT('2D SPACE',''
  ) );
#2340 = ORIENTED_EDGE('',*,*,#2341,.F.);
#2341 = EDGE_CURVE('',#2256,#2314,#2342,.T.);
#2342 = SURFACE_CURVE('',#2343,(#2347,#2354),.PCURVE_S1.);
#2343 = LINE('',#2344,#2345);
#2344 = CARTESIAN_POINT('',(-40.68873929262,-18.28106902361,
    15.294069671191));
#2345 = VECTOR('',#2346,1.);
#2346 = DIRECTION('',(0.465283781898,-0.885154456797,-3.548226876946E-03
    ));
#2347 = PCURVE('',#2271,#2348);
#2348 = DEFINITIONAL_REPRESENTATION('',(#2349),#2353);
#2349 = LINE('',#2350,#2351);
#2350 = CARTESIAN_POINT('',(0.,0.));
#2351 = VECTOR('',#2352,1.);
#2352 = DIRECTION('',(0.465292800783,-0.885156827653));
#2353 = ( GEOMETRIC_REPRESENTATION_CONTEXT(2) 
PARAMETRIC_REPRESENTATION_CONTEXT() REPRESENTATION_CONTEXT('2D SPACE',''
  ) );
#2354 = PCURVE('',#2355,#2360);
#2355 = PLANE('',#2356);
#2356 = AXIS2_PLACEMENT_3D('',#2357,#2358,#2359);
#2357 = CARTESIAN_POINT('',(-38.75674242495,-21.95649401039,
    15.279336376203));
#2358 = DIRECTION('',(0.885159540475,0.465270396884,4.00570717044E-03));
#2359 = DIRECTION('',(-0.465274129721,0.885166642058,-9.012342074563E-20
    ));
#2360 = DEFINITIONAL_REPRESENTATION('',(#2361),#2365);
#2361 = LINE('',#2362,#2363);
#2362 = CARTESIAN_POINT('',(4.152271754917,1.473341319278E-02));
#2363 = VECTOR('',#2364,1.);
#2364 = DIRECTION('',(-0.999993704922,-3.548255344163E-03));
#2365 = ( GEOMETRIC_REPRESENTATION_CONTEXT(2) 
PARAMETRIC_REPRESENTATION_CONTEXT() REPRESENTATION_CONTEXT('2D SPACE',''
  ) );
#2366 = ADVANCED_FACE('',(#2367),#2329,.T.);
#2367 = FACE_BOUND('',#2368,.T.);
#2368 = EDGE_LOOP('',(#2369,#2370,#2398));
#2369 = ORIENTED_EDGE('',*,*,#2313,.F.);
#2370 = ORIENTED_EDGE('',*,*,#2371,.T.);
#2371 = EDGE_CURVE('',#1506,#2372,#2374,.T.);
#2372 = VERTEX_POINT('',#2373);
#2373 = CARTESIAN_POINT('',(-36.53480986901,-25.57066174762,
    15.274885290282));
#2374 = SURFACE_CURVE('',#2375,(#2379,#2386),.PCURVE_S1.);
#2375 = LINE('',#2376,#2377);
#2376 = CARTESIAN_POINT('',(-58.14408552667,-54.56321175634,
    15.26634927179));
#2377 = VECTOR('',#2378,1.);
#2378 = DIRECTION('',(0.597605483675,0.80179026569,2.360639727415E-04));
#2379 = PCURVE('',#2329,#2380);
#2380 = DEFINITIONAL_REPRESENTATION('',(#2381),#2385);
#2381 = LINE('',#2382,#2383);
#2382 = CARTESIAN_POINT('',(-32.60671759604,19.387347703701));
#2383 = VECTOR('',#2384,1.);
#2384 = DIRECTION('',(0.801790194712,-0.597605625529));
#2385 = ( GEOMETRIC_REPRESENTATION_CONTEXT(2) 
PARAMETRIC_REPRESENTATION_CONTEXT() REPRESENTATION_CONTEXT('2D SPACE',''
  ) );
#2386 = PCURVE('',#2387,#2392);
#2387 = PLANE('',#2388);
#2388 = AXIS2_PLACEMENT_3D('',#2389,#2390,#2391);
#2389 = CARTESIAN_POINT('',(-36.53480986901,-25.57066174762,
    15.274885290282));
#2390 = DIRECTION('',(6.798228263197E-03,-5.361394117829E-03,
    0.99996251907));
#2391 = DIRECTION('',(0.999976891115,9.367516046007E-22,
    -6.798325971299E-03));
#2392 = DEFINITIONAL_REPRESENTATION('',(#2393),#2397);
#2393 = LINE('',#2394,#2395);
#2394 = CARTESIAN_POINT('',(-21.60871826075,-28.99296670656));
#2395 = VECTOR('',#2396,1.);
#2396 = DIRECTION('',(0.597590068839,0.801801789488));
#2397 = ( GEOMETRIC_REPRESENTATION_CONTEXT(2) 
PARAMETRIC_REPRESENTATION_CONTEXT() REPRESENTATION_CONTEXT('2D SPACE',''
  ) );
#2398 = ORIENTED_EDGE('',*,*,#2399,.F.);
#2399 = EDGE_CURVE('',#2314,#2372,#2400,.T.);
#2400 = SURFACE_CURVE('',#2401,(#2405,#2412),.PCURVE_S1.);
#2401 = LINE('',#2402,#2403);
#2402 = CARTESIAN_POINT('',(-38.75674242495,-21.95649401039,
    15.279336376203));
#2403 = VECTOR('',#2404,1.);
#2404 = DIRECTION('',(0.523725982103,-0.851886139661,-1.049153962424E-03
    ));
#2405 = PCURVE('',#2329,#2406);
#2406 = DEFINITIONAL_REPRESENTATION('',(#2407),#2411);
#2407 = LINE('',#2408,#2409);
#2408 = CARTESIAN_POINT('',(0.,0.));
#2409 = VECTOR('',#2410,1.);
#2410 = DIRECTION('',(-0.851886709284,-0.52372610642));
#2411 = ( GEOMETRIC_REPRESENTATION_CONTEXT(2) 
PARAMETRIC_REPRESENTATION_CONTEXT() REPRESENTATION_CONTEXT('2D SPACE',''
  ) );
#2412 = PCURVE('',#2413,#2418);
#2413 = PLANE('',#2414);
#2414 = AXIS2_PLACEMENT_3D('',#2415,#2416,#2417);
#2415 = CARTESIAN_POINT('',(-36.53480986901,-25.57066174762,
    15.274885290282));
#2416 = DIRECTION('',(0.851885093958,0.523726999285,-1.347928986577E-03)
  );
#2417 = DIRECTION('',(-0.523727475069,0.851885867859,1.028408817473E-19)
  );
#2418 = DEFINITIONAL_REPRESENTATION('',(#2419),#2423);
#2419 = LINE('',#2420,#2421);
#2420 = CARTESIAN_POINT('',(4.242545546716,4.451089964436E-03));
#2421 = VECTOR('',#2422,1.);
#2422 = DIRECTION('',(-0.999999449637,-1.049154915535E-03));
#2423 = ( GEOMETRIC_REPRESENTATION_CONTEXT(2) 
PARAMETRIC_REPRESENTATION_CONTEXT() REPRESENTATION_CONTEXT('2D SPACE',''
  ) );
#2424 = ADVANCED_FACE('',(#2425),#2387,.T.);
#2425 = FACE_BOUND('',#2426,.T.);
#2426 = EDGE_LOOP('',(#2427,#2428,#2456));
#2427 = ORIENTED_EDGE('',*,*,#2371,.F.);
#2428 = ORIENTED_EDGE('',*,*,#2429,.T.);
#2429 = EDGE_CURVE('',#1506,#2430,#2432,.T.);
#2430 = VERTEX_POINT('',#2431);
#2431 = CARTESIAN_POINT('',(-34.01766338722,-28.84927178126,
    15.240193933114));
#2432 = SURFACE_CURVE('',#2433,(#2437,#2444),.PCURVE_S1.);
#2433 = LINE('',#2434,#2435);
#2434 = CARTESIAN_POINT('',(-58.14408552667,-54.56321175634,
    15.26634927179));
#2435 = VECTOR('',#2436,1.);
#2436 = DIRECTION('',(0.684236781124,0.729259540303,-7.41777816929E-04)
  );
#2437 = PCURVE('',#2387,#2438);
#2438 = DEFINITIONAL_REPRESENTATION('',(#2439),#2443);
#2439 = LINE('',#2440,#2441);
#2440 = CARTESIAN_POINT('',(-21.60871826075,-28.99296670656));
#2441 = VECTOR('',#2442,1.);
#2442 = DIRECTION('',(0.684226012022,0.729270021646));
#2443 = ( GEOMETRIC_REPRESENTATION_CONTEXT(2) 
PARAMETRIC_REPRESENTATION_CONTEXT() REPRESENTATION_CONTEXT('2D SPACE',''
  ) );
#2444 = PCURVE('',#2445,#2450);
#2445 = PLANE('',#2446);
#2446 = AXIS2_PLACEMENT_3D('',#2447,#2448,#2449);
#2447 = CARTESIAN_POINT('',(-34.01766338722,-28.84927178126,
    15.240193933114));
#2448 = DIRECTION('',(-1.177459076024E-02,1.206467656352E-02,
    0.999857891198));
#2449 = DIRECTION('',(1.224546602088E-20,0.999927209049,
    -1.206551297982E-02));
#2450 = DEFINITIONAL_REPRESENTATION('',(#2451),#2455);
#2451 = LINE('',#2452,#2453);
#2452 = CARTESIAN_POINT('',(-25.71238381051,24.128094768871));
#2453 = VECTOR('',#2454,1.);
#2454 = DIRECTION('',(0.729215406737,-0.684284217688));
#2455 = ( GEOMETRIC_REPRESENTATION_CONTEXT(2) 
PARAMETRIC_REPRESENTATION_CONTEXT() REPRESENTATION_CONTEXT('2D SPACE',''
  ) );
#2456 = ORIENTED_EDGE('',*,*,#2457,.F.);
#2457 = EDGE_CURVE('',#2372,#2430,#2458,.T.);
#2458 = SURFACE_CURVE('',#2459,(#2463,#2470),.PCURVE_S1.);
#2459 = LINE('',#2460,#2461);
#2460 = CARTESIAN_POINT('',(-36.53480986901,-25.57066174762,
    15.274885290282));
#2461 = VECTOR('',#2462,1.);
#2462 = DIRECTION('',(0.608950176185,-0.793164073711,-8.392562058918E-03
    ));
#2463 = PCURVE('',#2387,#2464);
#2464 = DEFINITIONAL_REPRESENTATION('',(#2465),#2469);
#2465 = LINE('',#2466,#2467);
#2466 = CARTESIAN_POINT('',(0.,0.));
#2467 = VECTOR('',#2468,1.);
#2468 = DIRECTION('',(0.608993159398,-0.793175473528));
#2469 = ( GEOMETRIC_REPRESENTATION_CONTEXT(2) 
PARAMETRIC_REPRESENTATION_CONTEXT() REPRESENTATION_CONTEXT('2D SPACE',''
  ) );
#2470 = PCURVE('',#2471,#2476);
#2471 = PLANE('',#2472);
#2472 = AXIS2_PLACEMENT_3D('',#2473,#2474,#2475);
#2473 = CARTESIAN_POINT('',(-34.01766338722,-28.84927178126,
    15.240193933114));
#2474 = DIRECTION('',(0.793186625874,0.608977847296,-9.78793714593E-04)
  );
#2475 = DIRECTION('',(-0.608978139008,0.793187005826,-5.199888876208E-20
    ));
#2476 = DEFINITIONAL_REPRESENTATION('',(#2477),#2481);
#2477 = LINE('',#2478,#2479);
#2478 = CARTESIAN_POINT('',(4.133438055944,3.469137378627E-02));
#2479 = VECTOR('',#2480,1.);
#2480 = DIRECTION('',(-0.999964781797,-8.392566079114E-03));
#2481 = ( GEOMETRIC_REPRESENTATION_CONTEXT(2) 
PARAMETRIC_REPRESENTATION_CONTEXT() REPRESENTATION_CONTEXT('2D SPACE',''
  ) );
#2482 = ADVANCED_FACE('',(#2483),#2445,.T.);
#2483 = FACE_BOUND('',#2484,.T.);
#2484 = EDGE_LOOP('',(#2485,#2486,#2514));
#2485 = ORIENTED_EDGE('',*,*,#2429,.F.);
#2486 = ORIENTED_EDGE('',*,*,#2487,.T.);
#2487 = EDGE_CURVE('',#1506,#2488,#2490,.T.);
#2488 = VERTEX_POINT('',#2489);
#2489 = CARTESIAN_POINT('',(-31.18927265663,-31.89308129913,
    15.310229606516));
#2490 = SURFACE_CURVE('',#2491,(#2495,#2502),.PCURVE_S1.);
#2491 = LINE('',#2492,#2493);
#2492 = CARTESIAN_POINT('',(-58.14408552667,-54.56321175634,
    15.26634927179));
#2493 = VECTOR('',#2494,1.);
#2494 = DIRECTION('',(0.765311374973,0.643659030195,1.245867276677E-03)
  );
#2495 = PCURVE('',#2445,#2496);
#2496 = DEFINITIONAL_REPRESENTATION('',(#2497),#2501);
#2497 = LINE('',#2498,#2499);
#2498 = CARTESIAN_POINT('',(-25.71238381051,24.128094768871));
#2499 = VECTOR('',#2500,1.);
#2500 = DIRECTION('',(0.643597145614,-0.765364432252));
#2501 = ( GEOMETRIC_REPRESENTATION_CONTEXT(2) 
PARAMETRIC_REPRESENTATION_CONTEXT() REPRESENTATION_CONTEXT('2D SPACE',''
  ) );
#2502 = PCURVE('',#2503,#2508);
#2503 = PLANE('',#2504);
#2504 = AXIS2_PLACEMENT_3D('',#2505,#2506,#2507);
#2505 = CARTESIAN_POINT('',(-28.01417376479,-34.65025995205,
    15.274426728344));
#2506 = DIRECTION('',(4.720756523682E-03,-7.548509904541E-03,
    0.999960366443));
#2507 = DIRECTION('',(2.165464716616E-22,0.999971508958,
    7.548594017265E-03));
#2508 = DEFINITIONAL_REPRESENTATION('',(#2509),#2513);
#2509 = LINE('',#2510,#2511);
#2510 = CARTESIAN_POINT('',(-19.91244543698,30.130247498204));
#2511 = VECTOR('',#2512,1.);
#2512 = DIRECTION('',(0.643650096225,-0.765319902805));
#2513 = ( GEOMETRIC_REPRESENTATION_CONTEXT(2) 
PARAMETRIC_REPRESENTATION_CONTEXT() REPRESENTATION_CONTEXT('2D SPACE',''
  ) );
#2514 = ORIENTED_EDGE('',*,*,#2515,.F.);
#2515 = EDGE_CURVE('',#2430,#2488,#2516,.T.);
#2516 = SURFACE_CURVE('',#2517,(#2521,#2528),.PCURVE_S1.);
#2517 = LINE('',#2518,#2519);
#2518 = CARTESIAN_POINT('',(-34.01766338722,-28.84927178126,
    15.240193933114));
#2519 = VECTOR('',#2520,1.);
#2520 = DIRECTION('',(0.680612359669,-0.732449854235,1.685309756529E-02)
  );
#2521 = PCURVE('',#2445,#2522);
#2522 = DEFINITIONAL_REPRESENTATION('',(#2523),#2527);
#2523 = LINE('',#2524,#2525);
#2524 = CARTESIAN_POINT('',(0.,-0.));
#2525 = VECTOR('',#2526,1.);
#2526 = DIRECTION('',(-0.732599879781,-0.68065954496));
#2527 = ( GEOMETRIC_REPRESENTATION_CONTEXT(2) 
PARAMETRIC_REPRESENTATION_CONTEXT() REPRESENTATION_CONTEXT('2D SPACE',''
  ) );
#2528 = PCURVE('',#2529,#2534);
#2529 = PLANE('',#2530);
#2530 = AXIS2_PLACEMENT_3D('',#2531,#2532,#2533);
#2531 = CARTESIAN_POINT('',(-31.18927265663,-31.89308129913,
    15.310229606516));
#2532 = DIRECTION('',(0.732540056028,0.680722934828,1.162890277796E-03)
  );
#2533 = DIRECTION('',(-0.680723395103,0.732540551341,-4.430996861331E-20
    ));
#2534 = DEFINITIONAL_REPRESENTATION('',(#2535),#2539);
#2535 = LINE('',#2536,#2537);
#2536 = CARTESIAN_POINT('',(4.155065643205,-7.003572075759E-02));
#2537 = VECTOR('',#2538,1.);
#2538 = DIRECTION('',(-0.999857976274,1.685310896064E-02));
#2539 = ( GEOMETRIC_REPRESENTATION_CONTEXT(2) 
PARAMETRIC_REPRESENTATION_CONTEXT() REPRESENTATION_CONTEXT('2D SPACE',''
  ) );
#2540 = ADVANCED_FACE('',(#2541),#2503,.T.);
#2541 = FACE_BOUND('',#2542,.T.);
#2542 = EDGE_LOOP('',(#2543,#2571,#2572));
#2543 = ORIENTED_EDGE('',*,*,#2544,.F.);
#2544 = EDGE_CURVE('',#2488,#2545,#2547,.T.);
#2545 = VERTEX_POINT('',#2546);
#2546 = CARTESIAN_POINT('',(-28.01417376479,-34.65025995205,
    15.274426728344));
#2547 = SURFACE_CURVE('',#2548,(#2552,#2559),.PCURVE_S1.);
#2548 = LINE('',#2549,#2550);
#2549 = CARTESIAN_POINT('',(-31.18927265663,-31.89308129913,
    15.310229606516));
#2550 = VECTOR('',#2551,1.);
#2551 = DIRECTION('',(0.755022714157,-0.655643361312,-8.513746240144E-03
    ));
#2552 = PCURVE('',#2503,#2553);
#2553 = DEFINITIONAL_REPRESENTATION('',(#2554),#2558);
#2554 = LINE('',#2555,#2556);
#2555 = CARTESIAN_POINT('',(2.757370359423,3.175134271831));
#2556 = VECTOR('',#2557,1.);
#2557 = DIRECTION('',(-0.655688948164,-0.755031127342));
#2558 = ( GEOMETRIC_REPRESENTATION_CONTEXT(2) 
PARAMETRIC_REPRESENTATION_CONTEXT() REPRESENTATION_CONTEXT('2D SPACE',''
  ) );
#2559 = PCURVE('',#2560,#2565);
#2560 = PLANE('',#2561);
#2561 = AXIS2_PLACEMENT_3D('',#2562,#2563,#2564);
#2562 = CARTESIAN_POINT('',(-28.01417376479,-34.65025995205,
    15.274426728344));
#2563 = DIRECTION('',(0.65563993745,0.755065215612,-3.576673542748E-03)
  );
#2564 = DIRECTION('',(0.75507004528,-0.655644131158,1.285010810875E-19)
  );
#2565 = DEFINITIONAL_REPRESENTATION('',(#2566),#2570);
#2566 = LINE('',#2567,#2568);
#2567 = CARTESIAN_POINT('',(-4.205150066371,-3.580310718062E-02));
#2568 = VECTOR('',#2569,1.);
#2569 = DIRECTION('',(0.999963756942,8.513800697114E-03));
#2570 = ( GEOMETRIC_REPRESENTATION_CONTEXT(2) 
PARAMETRIC_REPRESENTATION_CONTEXT() REPRESENTATION_CONTEXT('2D SPACE',''
  ) );
#2571 = ORIENTED_EDGE('',*,*,#2487,.F.);
#2572 = ORIENTED_EDGE('',*,*,#2573,.T.);
#2573 = EDGE_CURVE('',#1506,#2545,#2574,.T.);
#2574 = SURFACE_CURVE('',#2575,(#2579,#2586),.PCURVE_S1.);
#2575 = LINE('',#2576,#2577);
#2576 = CARTESIAN_POINT('',(-58.14408552667,-54.56321175634,
    15.26634927179));
#2577 = VECTOR('',#2578,1.);
#2578 = DIRECTION('',(0.834262847126,0.551366894076,2.236555471973E-04)
  );
#2579 = PCURVE('',#2503,#2580);
#2580 = DEFINITIONAL_REPRESENTATION('',(#2581),#2585);
#2581 = LINE('',#2582,#2583);
#2582 = CARTESIAN_POINT('',(-19.91244543698,30.130247498204));
#2583 = VECTOR('',#2584,1.);
#2584 = DIRECTION('',(0.551352873344,-0.834272143282));
#2585 = ( GEOMETRIC_REPRESENTATION_CONTEXT(2) 
PARAMETRIC_REPRESENTATION_CONTEXT() REPRESENTATION_CONTEXT('2D SPACE',''
  ) );
#2586 = PCURVE('',#2587,#2592);
#2587 = PLANE('',#2588);
#2588 = AXIS2_PLACEMENT_3D('',#2589,#2590,#2591);
#2589 = CARTESIAN_POINT('',(-24.63903301136,-37.15572461062,
    15.262708733424));
#2590 = DIRECTION('',(1.493366607962E-03,-2.665221284403E-03,
    0.999995333215));
#2591 = DIRECTION('',(-2.412704101917E-22,0.999996448284,
    2.665224256321E-03));
#2592 = DEFINITIONAL_REPRESENTATION('',(#2593),#2597);
#2593 = LINE('',#2594,#2595);
#2594 = CARTESIAN_POINT('',(-17.40741561641,33.505089875919));
#2595 = VECTOR('',#2596,1.);
#2596 = DIRECTION('',(0.551365531869,-0.834263777391));
#2597 = ( GEOMETRIC_REPRESENTATION_CONTEXT(2) 
PARAMETRIC_REPRESENTATION_CONTEXT() REPRESENTATION_CONTEXT('2D SPACE',''
  ) );
#2598 = ADVANCED_FACE('',(#2599),#2587,.T.);
#2599 = FACE_BOUND('',#2600,.T.);
#2600 = EDGE_LOOP('',(#2601,#2629,#2630));
#2601 = ORIENTED_EDGE('',*,*,#2602,.F.);
#2602 = EDGE_CURVE('',#2545,#2603,#2605,.T.);
#2603 = VERTEX_POINT('',#2604);
#2604 = CARTESIAN_POINT('',(-24.63903301136,-37.15572461062,
    15.262708733424));
#2605 = SURFACE_CURVE('',#2606,(#2610,#2617),.PCURVE_S1.);
#2606 = LINE('',#2607,#2608);
#2607 = CARTESIAN_POINT('',(-28.01417376479,-34.65025995205,
    15.274426728344));
#2608 = VECTOR('',#2609,1.);
#2609 = DIRECTION('',(0.802943705109,-0.596048349664,-2.787703074953E-03
    ));
#2610 = PCURVE('',#2587,#2611);
#2611 = DEFINITIONAL_REPRESENTATION('',(#2612),#2616);
#2612 = LINE('',#2613,#2614);
#2613 = CARTESIAN_POINT('',(2.505486990949,3.375144516961));
#2614 = VECTOR('',#2615,1.);
#2615 = DIRECTION('',(-0.596053662524,-0.80294460045));
#2616 = ( GEOMETRIC_REPRESENTATION_CONTEXT(2) 
PARAMETRIC_REPRESENTATION_CONTEXT() REPRESENTATION_CONTEXT('2D SPACE',''
  ) );
#2617 = PCURVE('',#2618,#2623);
#2618 = PLANE('',#2619);
#2619 = AXIS2_PLACEMENT_3D('',#2620,#2621,#2622);
#2620 = CARTESIAN_POINT('',(-24.63903301136,-37.15572461062,
    15.262708733424));
#2621 = DIRECTION('',(0.596044675877,0.802948544122,-2.092809061978E-03)
  );
#2622 = DIRECTION('',(0.802950302525,-0.596045981175,-2.539210708713E-21
    ));
#2623 = DEFINITIONAL_REPRESENTATION('',(#2624),#2628);
#2624 = LINE('',#2625,#2626);
#2625 = CARTESIAN_POINT('',(-4.203442429746,-1.171802058065E-02));
#2626 = VECTOR('',#2627,1.);
#2627 = DIRECTION('',(0.999996114331,2.787709179833E-03));
#2628 = ( GEOMETRIC_REPRESENTATION_CONTEXT(2) 
PARAMETRIC_REPRESENTATION_CONTEXT() REPRESENTATION_CONTEXT('2D SPACE',''
  ) );
#2629 = ORIENTED_EDGE('',*,*,#2573,.F.);
#2630 = ORIENTED_EDGE('',*,*,#2631,.T.);
#2631 = EDGE_CURVE('',#1506,#2603,#2632,.T.);
#2632 = SURFACE_CURVE('',#2633,(#2637,#2644),.PCURVE_S1.);
#2633 = LINE('',#2634,#2635);
#2634 = CARTESIAN_POINT('',(-58.14408552667,-54.56321175634,
    15.26634927179));
#2635 = VECTOR('',#2636,1.);
#2636 = DIRECTION('',(0.887380872921,0.461037066922,-9.641961047429E-05)
  );
#2637 = PCURVE('',#2587,#2638);
#2638 = DEFINITIONAL_REPRESENTATION('',(#2639),#2643);
#2639 = LINE('',#2640,#2641);
#2640 = CARTESIAN_POINT('',(-17.40741561641,33.505089875919));
#2641 = VECTOR('',#2642,1.);
#2642 = DIRECTION('',(0.46103517247,-0.887381862417));
#2643 = ( GEOMETRIC_REPRESENTATION_CONTEXT(2) 
PARAMETRIC_REPRESENTATION_CONTEXT() REPRESENTATION_CONTEXT('2D SPACE',''
  ) );
#2644 = PCURVE('',#2645,#2650);
#2645 = PLANE('',#2646);
#2646 = AXIS2_PLACEMENT_3D('',#2647,#2648,#2649);
#2647 = CARTESIAN_POINT('',(-21.04921515588,-39.26739105374,
    15.266218549645));
#2648 = DIRECTION('',(-4.008478366322E-04,9.806679158394E-04,
    0.999999438806));
#2649 = DIRECTION('',(2.307147482832E-23,0.999999519145,
    -9.806679946258E-04));
#2650 = DEFINITIONAL_REPRESENTATION('',(#2651),#2655);
#2651 = LINE('',#2652,#2653);
#2652 = CARTESIAN_POINT('',(-15.29581347572,37.094873350976));
#2653 = VECTOR('',#2654,1.);
#2654 = DIRECTION('',(0.461036939786,-0.887380944213));
#2655 = ( GEOMETRIC_REPRESENTATION_CONTEXT(2) 
PARAMETRIC_REPRESENTATION_CONTEXT() REPRESENTATION_CONTEXT('2D SPACE',''
  ) );
#2656 = ADVANCED_FACE('',(#2657),#2645,.T.);
#2657 = FACE_BOUND('',#2658,.T.);
#2658 = EDGE_LOOP('',(#2659,#2687,#2688));
#2659 = ORIENTED_EDGE('',*,*,#2660,.F.);
#2660 = EDGE_CURVE('',#2603,#2661,#2663,.T.);
#2661 = VERTEX_POINT('',#2662);
#2662 = CARTESIAN_POINT('',(-21.04921515588,-39.26739105374,
    15.266218549645));
#2663 = SURFACE_CURVE('',#2664,(#2668,#2675),.PCURVE_S1.);
#2664 = LINE('',#2665,#2666);
#2665 = CARTESIAN_POINT('',(-24.63903301136,-37.15572461062,
    15.262708733424));
#2666 = VECTOR('',#2667,1.);
#2667 = DIRECTION('',(0.861932977197,-0.507021530742,8.427241900023E-04)
  );
#2668 = PCURVE('',#2645,#2669);
#2669 = DEFINITIONAL_REPRESENTATION('',(#2670),#2674);
#2670 = LINE('',#2671,#2672);
#2671 = CARTESIAN_POINT('',(2.111668869686,3.589818143883));
#2672 = VECTOR('',#2673,1.);
#2673 = DIRECTION('',(-0.507022113371,-0.861933046444));
#2674 = ( GEOMETRIC_REPRESENTATION_CONTEXT(2) 
PARAMETRIC_REPRESENTATION_CONTEXT() REPRESENTATION_CONTEXT('2D SPACE',''
  ) );
#2675 = PCURVE('',#2676,#2681);
#2676 = PLANE('',#2677);
#2677 = AXIS2_PLACEMENT_3D('',#2678,#2679,#2680);
#2678 = CARTESIAN_POINT('',(-21.04921515588,-39.26739105374,
    15.266218549645));
#2679 = DIRECTION('',(0.507022199367,0.86193114471,-1.786373059758E-03)
  );
#2680 = DIRECTION('',(0.86193251998,-0.507023008355,-1.297391342446E-19)
  );
#2681 = DEFINITIONAL_REPRESENTATION('',(#2682),#2686);
#2682 = LINE('',#2683,#2684);
#2683 = CARTESIAN_POINT('',(-4.164844223077,3.509821820841E-03));
#2684 = VECTOR('',#2685,1.);
#2685 = DIRECTION('',(0.999999644907,-8.427255346262E-04));
#2686 = ( GEOMETRIC_REPRESENTATION_CONTEXT(2) 
PARAMETRIC_REPRESENTATION_CONTEXT() REPRESENTATION_CONTEXT('2D SPACE',''
  ) );
#2687 = ORIENTED_EDGE('',*,*,#2631,.F.);
#2688 = ORIENTED_EDGE('',*,*,#2689,.T.);
#2689 = EDGE_CURVE('',#1506,#2661,#2690,.T.);
#2690 = SURFACE_CURVE('',#2691,(#2695,#2702),.PCURVE_S1.);
#2691 = LINE('',#2692,#2693);
#2692 = CARTESIAN_POINT('',(-58.14408552667,-54.56321175634,
    15.26634927179));
#2693 = VECTOR('',#2694,1.);
#2694 = DIRECTION('',(0.924489665985,0.381207105752,-3.257897130781E-06)
  );
#2695 = PCURVE('',#2645,#2696);
#2696 = DEFINITIONAL_REPRESENTATION('',(#2697),#2701);
#2697 = LINE('',#2698,#2699);
#2698 = CARTESIAN_POINT('',(-15.29581347572,37.094873350976));
#2699 = VECTOR('',#2700,1.);
#2700 = DIRECTION('',(0.381206925642,-0.924489740258));
#2701 = ( GEOMETRIC_REPRESENTATION_CONTEXT(2) 
PARAMETRIC_REPRESENTATION_CONTEXT() REPRESENTATION_CONTEXT('2D SPACE',''
  ) );
#2702 = PCURVE('',#2703,#2708);
#2703 = PLANE('',#2704);
#2704 = AXIS2_PLACEMENT_3D('',#2705,#2706,#2707);
#2705 = CARTESIAN_POINT('',(-17.27954556817,-41.06945380826,
    15.292992907904));
#2706 = DIRECTION('',(-3.287232110988E-03,7.980622202925E-03,
    0.999962751193));
#2707 = DIRECTION('',(-1.377537491979E-21,0.999968153983,
    -7.980665322157E-03));
#2708 = DEFINITIONAL_REPRESENTATION('',(#2709),#2713);
#2709 = LINE('',#2710,#2711);
#2710 = CARTESIAN_POINT('',(-13.49311559169,40.864760749252));
#2711 = VECTOR('',#2712,1.);
#2712 = DIRECTION('',(0.381194991825,-0.924494660995));
#2713 = ( GEOMETRIC_REPRESENTATION_CONTEXT(2) 
PARAMETRIC_REPRESENTATION_CONTEXT() REPRESENTATION_CONTEXT('2D SPACE',''
  ) );
#2714 = ADVANCED_FACE('',(#2715),#2703,.T.);
#2715 = FACE_BOUND('',#2716,.T.);
#2716 = EDGE_LOOP('',(#2717,#2745,#2746));
#2717 = ORIENTED_EDGE('',*,*,#2718,.F.);
#2718 = EDGE_CURVE('',#2661,#2719,#2721,.T.);
#2719 = VERTEX_POINT('',#2720);
#2720 = CARTESIAN_POINT('',(-17.27954556817,-41.06945380826,
    15.292992907904));
#2721 = SURFACE_CURVE('',#2722,(#2726,#2733),.PCURVE_S1.);
#2722 = LINE('',#2723,#2724);
#2723 = CARTESIAN_POINT('',(-21.04921515588,-39.26739105374,
    15.266218549645));
#2724 = VECTOR('',#2725,1.);
#2725 = DIRECTION('',(0.902192324038,-0.431286389094,6.40788799667E-03)
  );
#2726 = PCURVE('',#2703,#2727);
#2727 = DEFINITIONAL_REPRESENTATION('',(#2728),#2732);
#2728 = LINE('',#2729,#2730);
#2729 = CARTESIAN_POINT('',(1.802219043189,3.769689955199));
#2730 = VECTOR('',#2731,1.);
#2731 = DIRECTION('',(-0.43132379355,-0.902197198575));
#2732 = ( GEOMETRIC_REPRESENTATION_CONTEXT(2) 
PARAMETRIC_REPRESENTATION_CONTEXT() REPRESENTATION_CONTEXT('2D SPACE',''
  ) );
#2733 = PCURVE('',#2734,#2739);
#2734 = PLANE('',#2735);
#2735 = AXIS2_PLACEMENT_3D('',#2736,#2737,#2738);
#2736 = CARTESIAN_POINT('',(-17.27954556817,-41.06945380826,
    15.292992907904));
#2737 = DIRECTION('',(0.431308667168,0.902200776028,-2.567753852296E-03)
  );
#2738 = DIRECTION('',(0.90220375031,-0.431310089062,5.610099726398E-20)
  );
#2739 = DEFINITIONAL_REPRESENTATION('',(#2740),#2744);
#2740 = LINE('',#2741,#2742);
#2741 = CARTESIAN_POINT('',(-4.178257886605,2.677444652611E-02));
#2742 = VECTOR('',#2743,1.);
#2743 = DIRECTION('',(0.99997946914,-6.40790912153E-03));
#2744 = ( GEOMETRIC_REPRESENTATION_CONTEXT(2) 
PARAMETRIC_REPRESENTATION_CONTEXT() REPRESENTATION_CONTEXT('2D SPACE',''
  ) );
#2745 = ORIENTED_EDGE('',*,*,#2689,.F.);
#2746 = ORIENTED_EDGE('',*,*,#2747,.T.);
#2747 = EDGE_CURVE('',#1506,#2719,#2748,.T.);
#2748 = SURFACE_CURVE('',#2749,(#2753,#2760),.PCURVE_S1.);
#2749 = LINE('',#2750,#2751);
#2750 = CARTESIAN_POINT('',(-58.14408552667,-54.56321175634,
    15.26634927179));
#2751 = VECTOR('',#2752,1.);
#2752 = DIRECTION('',(0.949569949994,0.313554663114,6.19118586401E-04));
#2753 = PCURVE('',#2703,#2754);
#2754 = DEFINITIONAL_REPRESENTATION('',(#2755),#2759);
#2755 = LINE('',#2756,#2757);
#2756 = CARTESIAN_POINT('',(-13.49311559169,40.864760749252));
#2757 = VECTOR('',#2758,1.);
#2758 = DIRECTION('',(0.313539736669,-0.949575080512));
#2759 = ( GEOMETRIC_REPRESENTATION_CONTEXT(2) 
PARAMETRIC_REPRESENTATION_CONTEXT() REPRESENTATION_CONTEXT('2D SPACE',''
  ) );
#2760 = PCURVE('',#2761,#2766);
#2761 = PLANE('',#2762);
#2762 = AXIS2_PLACEMENT_3D('',#2763,#2764,#2765);
#2763 = CARTESIAN_POINT('',(-13.37325511595,-42.53187394754,
    15.323148070853));
#2764 = DIRECTION('',(-3.964062685449E-03,1.003037938603E-02,
    0.999941837157));
#2765 = DIRECTION('',(-7.09774582747E-21,0.999949693689,
    -1.003045819461E-02));
#2766 = DEFINITIONAL_REPRESENTATION('',(#2767),#2771);
#2767 = LINE('',#2768,#2769);
#2768 = CARTESIAN_POINT('',(-12.0301628386,44.771182174649));
#2769 = VECTOR('',#2770,1.);
#2770 = DIRECTION('',(0.313532679292,-0.949577410755));
#2771 = ( GEOMETRIC_REPRESENTATION_CONTEXT(2) 
PARAMETRIC_REPRESENTATION_CONTEXT() REPRESENTATION_CONTEXT('2D SPACE',''
  ) );
#2772 = ADVANCED_FACE('',(#2773),#2761,.T.);
#2773 = FACE_BOUND('',#2774,.T.);
#2774 = EDGE_LOOP('',(#2775,#2803,#2804));
#2775 = ORIENTED_EDGE('',*,*,#2776,.F.);
#2776 = EDGE_CURVE('',#2719,#2777,#2779,.T.);
#2777 = VERTEX_POINT('',#2778);
#2778 = CARTESIAN_POINT('',(-13.37325511595,-42.53187394754,
    15.323148070853));
#2779 = SURFACE_CURVE('',#2780,(#2784,#2791),.PCURVE_S1.);
#2780 = LINE('',#2781,#2782);
#2781 = CARTESIAN_POINT('',(-17.27954556817,-41.06945380826,
    15.292992907904));
#2782 = VECTOR('',#2783,1.);
#2783 = DIRECTION('',(0.936496790425,-0.350601621522,7.229419742797E-03)
  );
#2784 = PCURVE('',#2761,#2785);
#2785 = DEFINITIONAL_REPRESENTATION('',(#2786),#2790);
#2786 = LINE('',#2787,#2788);
#2787 = CARTESIAN_POINT('',(1.462649040415,3.906321143905));
#2788 = VECTOR('',#2789,1.);
#2789 = DIRECTION('',(-0.35065649844,-0.93650414847));
#2790 = ( GEOMETRIC_REPRESENTATION_CONTEXT(2) 
PARAMETRIC_REPRESENTATION_CONTEXT() REPRESENTATION_CONTEXT('2D SPACE',''
  ) );
#2791 = PCURVE('',#2792,#2797);
#2792 = PLANE('',#2793);
#2793 = AXIS2_PLACEMENT_3D('',#2794,#2795,#2796);
#2794 = CARTESIAN_POINT('',(-13.37325511595,-42.53187394754,
    15.323148070853));
#2795 = DIRECTION('',(0.350626392606,0.936512183442,-2.462330915848E-03)
  );
#2796 = DIRECTION('',(0.936515022526,-0.350627455547,-6.050357681368E-20
    ));
#2797 = DEFINITIONAL_REPRESENTATION('',(#2798),#2802);
#2798 = LINE('',#2799,#2800);
#2799 = CARTESIAN_POINT('',(-4.171064343232,3.015525436582E-02));
#2800 = VECTOR('',#2801,1.);
#2801 = DIRECTION('',(0.999973867245,-7.229441659149E-03));
#2802 = ( GEOMETRIC_REPRESENTATION_CONTEXT(2) 
PARAMETRIC_REPRESENTATION_CONTEXT() REPRESENTATION_CONTEXT('2D SPACE',''
  ) );
#2803 = ORIENTED_EDGE('',*,*,#2747,.F.);
#2804 = ORIENTED_EDGE('',*,*,#2805,.T.);
#2805 = EDGE_CURVE('',#1506,#2777,#2806,.T.);
#2806 = SURFACE_CURVE('',#2807,(#2811,#2818),.PCURVE_S1.);
#2807 = LINE('',#2808,#2809);
#2808 = CARTESIAN_POINT('',(-58.14408552667,-54.56321175634,
    15.26634927179));
#2809 = VECTOR('',#2810,1.);
#2810 = DIRECTION('',(0.965735939306,0.259523783975,1.225187048395E-03)
  );
#2811 = PCURVE('',#2761,#2812);
#2812 = DEFINITIONAL_REPRESENTATION('',(#2813),#2817);
#2813 = LINE('',#2814,#2815);
#2814 = CARTESIAN_POINT('',(-12.0301628386,44.771182174649));
#2815 = VECTOR('',#2816,1.);
#2816 = DIRECTION('',(0.259498439103,-0.965743527083));
#2817 = ( GEOMETRIC_REPRESENTATION_CONTEXT(2) 
PARAMETRIC_REPRESENTATION_CONTEXT() REPRESENTATION_CONTEXT('2D SPACE',''
  ) );
#2818 = PCURVE('',#2819,#2824);
#2819 = PLANE('',#2820);
#2820 = AXIS2_PLACEMENT_3D('',#2821,#2822,#2823);
#2821 = CARTESIAN_POINT('',(-9.330381121178,-43.58323722779,
    15.243540596208));
#2822 = DIRECTION('',(9.375292648958E-03,-3.960418899012E-02,
    0.999171462814));
#2823 = DIRECTION('',(4.27228574881E-20,0.999215377353,
    3.960592963199E-02));
#2824 = DEFINITIONAL_REPRESENTATION('',(#2825),#2829);
#2825 = LINE('',#2826,#2827);
#2826 = CARTESIAN_POINT('',(-10.97045603307,48.81584981435));
#2827 = VECTOR('',#2828,1.);
#2828 = DIRECTION('',(0.259368680409,-0.965778384322));
#2829 = ( GEOMETRIC_REPRESENTATION_CONTEXT(2) 
PARAMETRIC_REPRESENTATION_CONTEXT() REPRESENTATION_CONTEXT('2D SPACE',''
  ) );
#2830 = ADVANCED_FACE('',(#2831),#2819,.T.);
#2831 = FACE_BOUND('',#2832,.T.);
#2832 = EDGE_LOOP('',(#2833,#2861,#2862));
#2833 = ORIENTED_EDGE('',*,*,#2834,.F.);
#2834 = EDGE_CURVE('',#2777,#2835,#2837,.T.);
#2835 = VERTEX_POINT('',#2836);
#2836 = CARTESIAN_POINT('',(-9.330381121178,-43.58323722779,
    15.243540596208));
#2837 = SURFACE_CURVE('',#2838,(#2842,#2849),.PCURVE_S1.);
#2838 = LINE('',#2839,#2840);
#2839 = CARTESIAN_POINT('',(-13.37325511595,-42.53187394754,
    15.323148070853));
#2840 = VECTOR('',#2841,1.);
#2841 = DIRECTION('',(0.967634219587,-0.251636605173,-1.905350419062E-02
    ));
#2842 = PCURVE('',#2819,#2843);
#2843 = DEFINITIONAL_REPRESENTATION('',(#2844),#2848);
#2844 = LINE('',#2845,#2846);
#2845 = CARTESIAN_POINT('',(1.053691284849,4.043051682942));
#2846 = VECTOR('',#2847,1.);
#2847 = DIRECTION('',(-0.25219379714,-0.967676748033));
#2848 = ( GEOMETRIC_REPRESENTATION_CONTEXT(2) 
PARAMETRIC_REPRESENTATION_CONTEXT() REPRESENTATION_CONTEXT('2D SPACE',''
  ) );
#2849 = PCURVE('',#2850,#2855);
#2850 = PLANE('',#2851);
#2851 = AXIS2_PLACEMENT_3D('',#2852,#2853,#2854);
#2852 = CARTESIAN_POINT('',(-9.330381121178,-43.58323722779,
    15.243540596208));
#2853 = DIRECTION('',(0.251641669741,0.967818040254,-2.170485758558E-03)
  );
#2854 = DIRECTION('',(0.967820319962,-0.251642262486,-7.52151245476E-20)
  );
#2855 = DEFINITIONAL_REPRESENTATION('',(#2856),#2860);
#2856 = LINE('',#2857,#2858);
#2857 = CARTESIAN_POINT('',(-4.177343037725,-7.96076621616E-02));
#2858 = VECTOR('',#2859,1.);
#2859 = DIRECTION('',(0.999818464656,1.905354907138E-02));
#2860 = ( GEOMETRIC_REPRESENTATION_CONTEXT(2) 
PARAMETRIC_REPRESENTATION_CONTEXT() REPRESENTATION_CONTEXT('2D SPACE',''
  ) );
#2861 = ORIENTED_EDGE('',*,*,#2805,.F.);
#2862 = ORIENTED_EDGE('',*,*,#2863,.T.);
#2863 = EDGE_CURVE('',#1506,#2835,#2864,.T.);
#2864 = SURFACE_CURVE('',#2865,(#2869,#2876),.PCURVE_S1.);
#2865 = LINE('',#2866,#2867);
#2866 = CARTESIAN_POINT('',(-58.14408552667,-54.56321175634,
    15.26634927179));
#2867 = VECTOR('',#2868,1.);
#2868 = DIRECTION('',(0.975622960249,0.219453028273,-4.558692658412E-04)
  );
#2869 = PCURVE('',#2819,#2870);
#2870 = DEFINITIONAL_REPRESENTATION('',(#2871),#2875);
#2871 = LINE('',#2872,#2873);
#2872 = CARTESIAN_POINT('',(-10.97045603307,48.81584981435));
#2873 = VECTOR('',#2874,1.);
#2874 = DIRECTION('',(0.219262785331,-0.975665839808));
#2875 = ( GEOMETRIC_REPRESENTATION_CONTEXT(2) 
PARAMETRIC_REPRESENTATION_CONTEXT() REPRESENTATION_CONTEXT('2D SPACE',''
  ) );
#2876 = PCURVE('',#2877,#2882);
#2877 = PLANE('',#2878);
#2878 = AXIS2_PLACEMENT_3D('',#2879,#2880,#2881);
#2879 = CARTESIAN_POINT('',(-5.215616818709,-44.27427658461,
    15.244869945548));
#2880 = DIRECTION('',(1.476917741711E-05,2.011634099087E-03,
    0.999997976553));
#2881 = DIRECTION('',(-3.482487420486E-24,0.999997976662,
    -2.011634099307E-03));
#2882 = DEFINITIONAL_REPRESENTATION('',(#2883),#2887);
#2883 = LINE('',#2884,#2885);
#2884 = CARTESIAN_POINT('',(-10.28895756228,52.92846871374));
#2885 = VECTOR('',#2886,1.);
#2886 = DIRECTION('',(0.219453501287,-0.975622960355));
#2887 = ( GEOMETRIC_REPRESENTATION_CONTEXT(2) 
PARAMETRIC_REPRESENTATION_CONTEXT() REPRESENTATION_CONTEXT('2D SPACE',''
  ) );
#2888 = ADVANCED_FACE('',(#2889),#2877,.T.);
#2889 = FACE_BOUND('',#2890,.T.);
#2890 = EDGE_LOOP('',(#2891,#2919,#2920));
#2891 = ORIENTED_EDGE('',*,*,#2892,.F.);
#2892 = EDGE_CURVE('',#2835,#2893,#2895,.T.);
#2893 = VERTEX_POINT('',#2894);
#2894 = CARTESIAN_POINT('',(-5.215616818709,-44.27427658461,
    15.244869945548));
#2895 = SURFACE_CURVE('',#2896,(#2900,#2907),.PCURVE_S1.);
#2896 = LINE('',#2897,#2898);
#2897 = CARTESIAN_POINT('',(-9.330381121178,-43.58323722779,
    15.243540596208));
#2898 = VECTOR('',#2899,1.);
#2899 = DIRECTION('',(0.986189253652,-0.165622022903,3.186063494615E-04)
  );
#2900 = PCURVE('',#2877,#2901);
#2901 = DEFINITIONAL_REPRESENTATION('',(#2902),#2906);
#2902 = LINE('',#2903,#2904);
#2903 = CARTESIAN_POINT('',(0.691040632778,4.114764302918));
#2904 = VECTOR('',#2905,1.);
#2905 = DIRECTION('',(-0.165622328714,-0.98618925376));
#2906 = ( GEOMETRIC_REPRESENTATION_CONTEXT(2) 
PARAMETRIC_REPRESENTATION_CONTEXT() REPRESENTATION_CONTEXT('2D SPACE',''
  ) );
#2907 = PCURVE('',#2908,#2913);
#2908 = PLANE('',#2909);
#2909 = AXIS2_PLACEMENT_3D('',#2910,#2911,#2912);
#2910 = CARTESIAN_POINT('',(-5.215616818709,-44.27427658461,
    15.244869945548));
#2911 = DIRECTION('',(0.165622311,0.986186413992,-2.367901207069E-03));
#2912 = DIRECTION('',(0.986189178756,-0.165622775321,-2.312429282247E-20
    ));
#2913 = DEFINITIONAL_REPRESENTATION('',(#2914),#2918);
#2914 = LINE('',#2915,#2916);
#2915 = CARTESIAN_POINT('',(-4.172387884358,1.329353066662E-03));
#2916 = VECTOR('',#2917,1.);
#2917 = DIRECTION('',(0.999999949245,-3.186072426712E-04));
#2918 = ( GEOMETRIC_REPRESENTATION_CONTEXT(2) 
PARAMETRIC_REPRESENTATION_CONTEXT() REPRESENTATION_CONTEXT('2D SPACE',''
  ) );
#2919 = ORIENTED_EDGE('',*,*,#2863,.F.);
#2920 = ORIENTED_EDGE('',*,*,#2921,.T.);
#2921 = EDGE_CURVE('',#1506,#2893,#2922,.T.);
#2922 = SURFACE_CURVE('',#2923,(#2927,#2934),.PCURVE_S1.);
#2923 = LINE('',#2924,#2925);
#2924 = CARTESIAN_POINT('',(-58.14408552667,-54.56321175634,
    15.26634927179));
#2925 = VECTOR('',#2926,1.);
#2926 = DIRECTION('',(0.98162473268,0.190821187238,-3.983610029717E-04)
  );
#2927 = PCURVE('',#2877,#2928);
#2928 = DEFINITIONAL_REPRESENTATION('',(#2929),#2933);
#2929 = LINE('',#2930,#2931);
#2930 = CARTESIAN_POINT('',(-10.28895756228,52.92846871374));
#2931 = VECTOR('',#2932,1.);
#2932 = DIRECTION('',(0.190821602498,-0.981624732787));
#2933 = ( GEOMETRIC_REPRESENTATION_CONTEXT(2) 
PARAMETRIC_REPRESENTATION_CONTEXT() REPRESENTATION_CONTEXT('2D SPACE',''
  ) );
#2934 = PCURVE('',#2935,#2940);
#2935 = PLANE('',#2936);
#2936 = AXIS2_PLACEMENT_3D('',#2937,#2938,#2939);
#2937 = CARTESIAN_POINT('',(-1.079483660324,-44.60068938711,
    15.284762350781));
#2938 = DIRECTION('',(-6.738054471522E-03,3.674814052481E-02,
    0.999301842683));
#2939 = DIRECTION('',(-4.910516853538E-20,0.999324528296,
    -3.674897476133E-02));
#2940 = DEFINITIONAL_REPRESENTATION('',(#2941),#2945);
#2941 = LINE('',#2942,#2943);
#2942 = CARTESIAN_POINT('',(-9.955116305495,57.065897316246));
#2943 = VECTOR('',#2944,1.);
#2944 = DIRECTION('',(0.190706932283,-0.981647016997));
#2945 = ( GEOMETRIC_REPRESENTATION_CONTEXT(2) 
PARAMETRIC_REPRESENTATION_CONTEXT() REPRESENTATION_CONTEXT('2D SPACE',''
  ) );
#2946 = ADVANCED_FACE('',(#2947),#2935,.T.);
#2947 = FACE_BOUND('',#2948,.T.);
#2948 = EDGE_LOOP('',(#2949,#2977,#2978));
#2949 = ORIENTED_EDGE('',*,*,#2950,.F.);
#2950 = EDGE_CURVE('',#2893,#2951,#2953,.T.);
#2951 = VERTEX_POINT('',#2952);
#2952 = CARTESIAN_POINT('',(-1.079483660324,-44.60068938711,
    15.284762350781));
#2953 = SURFACE_CURVE('',#2954,(#2958,#2965),.PCURVE_S1.);
#2954 = LINE('',#2955,#2956);
#2955 = CARTESIAN_POINT('',(-5.215616818709,-44.27427658461,
    15.244869945548));
#2956 = VECTOR('',#2957,1.);
#2957 = DIRECTION('',(0.996854416295,-7.866914126061E-02,
    9.614516460199E-03));
#2958 = PCURVE('',#2935,#2959);
#2959 = DEFINITIONAL_REPRESENTATION('',(#2960),#2964);
#2960 = LINE('',#2961,#2962);
#2961 = CARTESIAN_POINT('',(0.327658324884,4.136227054655));
#2962 = VECTOR('',#2963,1.);
#2963 = DIRECTION('',(-7.896932610445E-02,-0.996877046348));
#2964 = ( GEOMETRIC_REPRESENTATION_CONTEXT(2) 
PARAMETRIC_REPRESENTATION_CONTEXT() REPRESENTATION_CONTEXT('2D SPACE',''
  ) );
#2965 = PCURVE('',#2966,#2971);
#2966 = PLANE('',#2967);
#2967 = AXIS2_PLACEMENT_3D('',#2968,#2969,#2970);
#2968 = CARTESIAN_POINT('',(-1.079483660324,-44.60068938711,
    15.284762350781));
#2969 = DIRECTION('',(7.863606044353E-02,0.99689625356,
    3.772218863442E-03));
#2970 = DIRECTION('',(0.996903346371,-7.863661993073E-02,
    4.639220972274E-21));
#2971 = DEFINITIONAL_REPRESENTATION('',(#2972),#2976);
#2972 = LINE('',#2973,#2974);
#2973 = CARTESIAN_POINT('',(-4.148992986122,3.989268906294E-02));
#2974 = VECTOR('',#2975,1.);
#2975 = DIRECTION('',(0.999953778811,-9.614584866459E-03));
#2976 = ( GEOMETRIC_REPRESENTATION_CONTEXT(2) 
PARAMETRIC_REPRESENTATION_CONTEXT() REPRESENTATION_CONTEXT('2D SPACE',''
  ) );
#2977 = ORIENTED_EDGE('',*,*,#2921,.F.);
#2978 = ORIENTED_EDGE('',*,*,#2979,.T.);
#2979 = EDGE_CURVE('',#1506,#2951,#2980,.T.);
#2980 = SURFACE_CURVE('',#2981,(#2985,#2992),.PCURVE_S1.);
#2981 = LINE('',#2982,#2983);
#2982 = CARTESIAN_POINT('',(-58.14408552667,-54.56321175634,
    15.26634927179));
#2983 = VECTOR('',#2984,1.);
#2984 = DIRECTION('',(0.985100050324,0.171981946186,3.17862991195E-04));
#2985 = PCURVE('',#2935,#2986);
#2986 = DEFINITIONAL_REPRESENTATION('',(#2987),#2991);
#2987 = LINE('',#2988,#2989);
#2988 = CARTESIAN_POINT('',(-9.955116305495,57.065897316246));
#2989 = VECTOR('',#2990,1.);
#2990 = DIRECTION('',(0.171854096108,-0.985122413536));
#2991 = ( GEOMETRIC_REPRESENTATION_CONTEXT(2) 
PARAMETRIC_REPRESENTATION_CONTEXT() REPRESENTATION_CONTEXT('2D SPACE',''
  ) );
#2992 = PCURVE('',#1927,#2993);
#2993 = DEFINITIONAL_REPRESENTATION('',(#2994),#2998);
#2994 = LINE('',#2995,#2996);
#2995 = CARTESIAN_POINT('',(-116.2551180299,-1.196003667213E-03));
#2996 = VECTOR('',#2997,1.);
#2997 = DIRECTION('',(0.9851001016,0.171981946227));
#2998 = ( GEOMETRIC_REPRESENTATION_CONTEXT(2) 
PARAMETRIC_REPRESENTATION_CONTEXT() REPRESENTATION_CONTEXT('2D SPACE',''
  ) );
#2999 = ADVANCED_FACE('',(#3000),#2065,.T.);
#3000 = FACE_BOUND('',#3001,.T.);
#3001 = EDGE_LOOP('',(#3002,#3003,#3031));
#3002 = ORIENTED_EDGE('',*,*,#2051,.T.);
#3003 = ORIENTED_EDGE('',*,*,#3004,.T.);
#3004 = EDGE_CURVE('',#2024,#3005,#3007,.T.);
#3005 = VERTEX_POINT('',#3006);
#3006 = CARTESIAN_POINT('',(-44.5070810435,2.069721253862,
    15.287034311281));
#3007 = SURFACE_CURVE('',#3008,(#3012,#3019),.PCURVE_S1.);
#3008 = LINE('',#3009,#3010);
#3009 = CARTESIAN_POINT('',(-44.52661447647,-2.069376868577,
    15.29482118111));
#3010 = VECTOR('',#3011,1.);
#3011 = DIRECTION('',(4.719187685937E-03,0.999987094958,
    -1.881271984591E-03));
#3012 = PCURVE('',#2065,#3013);
#3013 = DEFINITIONAL_REPRESENTATION('',(#3014),#3018);
#3014 = LINE('',#3015,#3016);
#3015 = CARTESIAN_POINT('',(13.562835943971,-56.61321611674));
#3016 = VECTOR('',#3017,1.);
#3017 = DIRECTION('',(4.732272452287E-03,0.999988802736));
#3018 = ( GEOMETRIC_REPRESENTATION_CONTEXT(2) 
PARAMETRIC_REPRESENTATION_CONTEXT() REPRESENTATION_CONTEXT('2D SPACE',''
  ) );
#3019 = PCURVE('',#3020,#3025);
#3020 = PLANE('',#3021);
#3021 = AXIS2_PLACEMENT_3D('',#3022,#3023,#3024);
#3022 = CARTESIAN_POINT('',(-44.52661447647,-2.069376868577,
    15.29482118111));
#3023 = DIRECTION('',(0.999986855476,-4.722941004181E-03,
    -1.995671013462E-03));
#3024 = DIRECTION('',(4.722950409244E-03,0.999988846808,
    -1.850220820014E-21));
#3025 = DEFINITIONAL_REPRESENTATION('',(#3026),#3030);
#3026 = LINE('',#3027,#3028);
#3027 = CARTESIAN_POINT('',(0.,0.));
#3028 = VECTOR('',#3029,1.);
#3029 = DIRECTION('',(0.999998230399,-1.881275730876E-03));
#3030 = ( GEOMETRIC_REPRESENTATION_CONTEXT(2) 
PARAMETRIC_REPRESENTATION_CONTEXT() REPRESENTATION_CONTEXT('2D SPACE',''
  ) );
#3031 = ORIENTED_EDGE('',*,*,#3032,.F.);
#3032 = EDGE_CURVE('',#1564,#3005,#3033,.T.);
#3033 = SURFACE_CURVE('',#3034,(#3038,#3045),.PCURVE_S1.);
#3034 = LINE('',#3035,#3036);
#3035 = CARTESIAN_POINT('',(-58.08985069067,54.543742564304,
    15.285365974211));
#3036 = VECTOR('',#3037,1.);
#3037 = DIRECTION('',(0.250588631629,-0.968093661146,3.077916466701E-05)
  );
#3038 = PCURVE('',#2065,#3039);
#3039 = DEFINITIONAL_REPRESENTATION('',(#3040),#3044);
#3040 = LINE('',#3041,#3042);
#3041 = CARTESIAN_POINT('',(0.,0.));
#3042 = VECTOR('',#3043,1.);
#3043 = DIRECTION('',(0.250582246235,-0.968095314456));
#3044 = ( GEOMETRIC_REPRESENTATION_CONTEXT(2) 
PARAMETRIC_REPRESENTATION_CONTEXT() REPRESENTATION_CONTEXT('2D SPACE',''
  ) );
#3045 = PCURVE('',#3046,#3051);
#3046 = PLANE('',#3047);
#3047 = AXIS2_PLACEMENT_3D('',#3048,#3049,#3050);
#3048 = CARTESIAN_POINT('',(-58.08985069067,54.543742564304,
    15.285365974211));
#3049 = DIRECTION('',(1.220434019782E-02,3.190854097845E-03,0.9999204331
    ));
#3050 = DIRECTION('',(0.999925523509,-1.894027586893E-21,
    -1.220440232784E-02));
#3051 = DEFINITIONAL_REPRESENTATION('',(#3052),#3056);
#3052 = LINE('',#3053,#3054);
#3053 = CARTESIAN_POINT('',(0.,0.));
#3054 = VECTOR('',#3055,1.);
#3055 = DIRECTION('',(0.250569593025,-0.968098589531));
#3056 = ( GEOMETRIC_REPRESENTATION_CONTEXT(2) 
PARAMETRIC_REPRESENTATION_CONTEXT() REPRESENTATION_CONTEXT('2D SPACE',''
  ) );
#3057 = ADVANCED_FACE('',(#3058),#3046,.T.);
#3058 = FACE_BOUND('',#3059,.T.);
#3059 = EDGE_LOOP('',(#3060,#3061,#3089));
#3060 = ORIENTED_EDGE('',*,*,#3032,.T.);
#3061 = ORIENTED_EDGE('',*,*,#3062,.T.);
#3062 = EDGE_CURVE('',#3005,#3063,#3065,.T.);
#3063 = VERTEX_POINT('',#3064);
#3064 = CARTESIAN_POINT('',(-44.17550477386,6.291808766284,
    15.269514182422));
#3065 = SURFACE_CURVE('',#3066,(#3070,#3077),.PCURVE_S1.);
#3066 = LINE('',#3067,#3068);
#3067 = CARTESIAN_POINT('',(-44.5070810435,2.069721253862,
    15.287034311281));
#3068 = VECTOR('',#3069,1.);
#3069 = DIRECTION('',(7.829199174803E-02,0.996921887807,
    -4.136863550407E-03));
#3070 = PCURVE('',#3046,#3071);
#3071 = DEFINITIONAL_REPRESENTATION('',(#3072),#3076);
#3072 = LINE('',#3073,#3074);
#3073 = CARTESIAN_POINT('',(13.581737689085,-52.47428844591));
#3074 = VECTOR('',#3075,1.);
#3075 = DIRECTION('',(7.833664878232E-02,0.99692696295));
#3076 = ( GEOMETRIC_REPRESENTATION_CONTEXT(2) 
PARAMETRIC_REPRESENTATION_CONTEXT() REPRESENTATION_CONTEXT('2D SPACE',''
  ) );
#3077 = PCURVE('',#3078,#3083);
#3078 = PLANE('',#3079);
#3079 = AXIS2_PLACEMENT_3D('',#3080,#3081,#3082);
#3080 = CARTESIAN_POINT('',(-44.5070810435,2.069721253862,
    15.287034311281));
#3081 = DIRECTION('',(0.996930275198,-7.828870149555E-02,
    9.51636481903E-04));
#3082 = DIRECTION('',(7.828873694517E-02,0.996930726614,
    1.545331192239E-20));
#3083 = DEFINITIONAL_REPRESENTATION('',(#3084),#3088);
#3084 = LINE('',#3085,#3086);
#3085 = CARTESIAN_POINT('',(0.,0.));
#3086 = VECTOR('',#3087,1.);
#3087 = DIRECTION('',(0.999991443136,-4.136865423605E-03));
#3088 = ( GEOMETRIC_REPRESENTATION_CONTEXT(2) 
PARAMETRIC_REPRESENTATION_CONTEXT() REPRESENTATION_CONTEXT('2D SPACE',''
  ) );
#3089 = ORIENTED_EDGE('',*,*,#3090,.F.);
#3090 = EDGE_CURVE('',#1564,#3063,#3091,.T.);
#3091 = SURFACE_CURVE('',#3092,(#3096,#3103),.PCURVE_S1.);
#3092 = LINE('',#3093,#3094);
#3093 = CARTESIAN_POINT('',(-58.08985069067,54.543742564304,
    15.285365974211));
#3094 = VECTOR('',#3095,1.);
#3095 = DIRECTION('',(0.277078257666,-0.960847302899,-3.156588801153E-04
    ));
#3096 = PCURVE('',#3046,#3097);
#3097 = DEFINITIONAL_REPRESENTATION('',(#3098),#3102);
#3098 = LINE('',#3099,#3100);
#3099 = CARTESIAN_POINT('',(0.,0.));
#3100 = VECTOR('',#3101,1.);
#3101 = DIRECTION('',(0.277061474277,-0.960852194394));
#3102 = ( GEOMETRIC_REPRESENTATION_CONTEXT(2) 
PARAMETRIC_REPRESENTATION_CONTEXT() REPRESENTATION_CONTEXT('2D SPACE',''
  ) );
#3103 = PCURVE('',#3104,#3109);
#3104 = PLANE('',#3105);
#3105 = AXIS2_PLACEMENT_3D('',#3106,#3107,#3108);
#3106 = CARTESIAN_POINT('',(-58.08985069067,54.543742564304,
    15.285365974211));
#3107 = DIRECTION('',(-2.703955312946E-02,-8.125750350246E-03,
    0.999601337908));
#3108 = DIRECTION('',(0.99963434029,7.067513880013E-21,
    2.704044585503E-02));
#3109 = DEFINITIONAL_REPRESENTATION('',(#3110),#3114);
#3110 = LINE('',#3111,#3112);
#3111 = CARTESIAN_POINT('',(0.,0.));
#3112 = VECTOR('',#3113,1.);
#3113 = DIRECTION('',(0.276968405754,-0.960879025796));
#3114 = ( GEOMETRIC_REPRESENTATION_CONTEXT(2) 
PARAMETRIC_REPRESENTATION_CONTEXT() REPRESENTATION_CONTEXT('2D SPACE',''
  ) );
#3115 = ADVANCED_FACE('',(#3116),#3104,.T.);
#3116 = FACE_BOUND('',#3117,.T.);
#3117 = EDGE_LOOP('',(#3118,#3119,#3147));
#3118 = ORIENTED_EDGE('',*,*,#3090,.T.);
#3119 = ORIENTED_EDGE('',*,*,#3120,.T.);
#3120 = EDGE_CURVE('',#3063,#3121,#3123,.T.);
#3121 = VERTEX_POINT('',#3122);
#3122 = CARTESIAN_POINT('',(-43.38152083391,10.374430612462,
    15.324179312162));
#3123 = SURFACE_CURVE('',#3124,(#3128,#3135),.PCURVE_S1.);
#3124 = LINE('',#3125,#3126);
#3125 = CARTESIAN_POINT('',(-44.17550477386,6.291808766284,
    15.269514182422));
#3126 = VECTOR('',#3127,1.);
#3127 = DIRECTION('',(0.190885792691,0.981524270402,1.314232706473E-02)
  );
#3128 = PCURVE('',#3104,#3129);
#3129 = DEFINITIONAL_REPRESENTATION('',(#3130),#3134);
#3130 = LINE('',#3131,#3132);
#3131 = CARTESIAN_POINT('',(13.908829361606,-48.25352686188));
#3132 = VECTOR('',#3133,1.);
#3133 = DIRECTION('',(0.191171367831,0.98155667596));
#3134 = ( GEOMETRIC_REPRESENTATION_CONTEXT(2) 
PARAMETRIC_REPRESENTATION_CONTEXT() REPRESENTATION_CONTEXT('2D SPACE',''
  ) );
#3135 = PCURVE('',#3136,#3141);
#3136 = PLANE('',#3137);
#3137 = AXIS2_PLACEMENT_3D('',#3138,#3139,#3140);
#3138 = CARTESIAN_POINT('',(-44.17550477386,6.291808766284,
    15.269514182422));
#3139 = DIRECTION('',(0.981604505072,-0.190920370039,1.417012935007E-03)
  );
#3140 = DIRECTION('',(0.190920561716,0.981605490568,1.822848332836E-20)
  );
#3141 = DEFINITIONAL_REPRESENTATION('',(#3142),#3146);
#3142 = LINE('',#3143,#3144);
#3143 = CARTESIAN_POINT('',(0.,0.));
#3144 = VECTOR('',#3145,1.);
#3145 = DIRECTION('',(0.999913635717,1.314234025916E-02));
#3146 = ( GEOMETRIC_REPRESENTATION_CONTEXT(2) 
PARAMETRIC_REPRESENTATION_CONTEXT() REPRESENTATION_CONTEXT('2D SPACE',''
  ) );
#3147 = ORIENTED_EDGE('',*,*,#3148,.F.);
#3148 = EDGE_CURVE('',#1564,#3121,#3149,.T.);
#3149 = SURFACE_CURVE('',#3150,(#3154,#3161),.PCURVE_S1.);
#3150 = LINE('',#3151,#3152);
#3151 = CARTESIAN_POINT('',(-58.08985069067,54.543742564304,
    15.285365974211));
#3152 = VECTOR('',#3153,1.);
#3153 = DIRECTION('',(0.315942021937,-0.948778131952,8.337292262153E-04)
  );
#3154 = PCURVE('',#3104,#3155);
#3155 = DEFINITIONAL_REPRESENTATION('',(#3156),#3160);
#3156 = LINE('',#3157,#3158);
#3157 = CARTESIAN_POINT('',(0.,0.));
#3158 = VECTOR('',#3159,1.);
#3159 = DIRECTION('',(0.315849039079,-0.948809456378));
#3160 = ( GEOMETRIC_REPRESENTATION_CONTEXT(2) 
PARAMETRIC_REPRESENTATION_CONTEXT() REPRESENTATION_CONTEXT('2D SPACE',''
  ) );
#3161 = PCURVE('',#3162,#3167);
#3162 = PLANE('',#3163);
#3163 = AXIS2_PLACEMENT_3D('',#3164,#3165,#3166);
#3164 = CARTESIAN_POINT('',(-58.08985069067,54.543742564304,
    15.285365974211));
#3165 = DIRECTION('',(7.750022680801E-03,3.459456878189E-03,
    0.999963984005));
#3166 = DIRECTION('',(0.999969967764,-4.307022273259E-22,
    -7.75006905674E-03));
#3167 = DEFINITIONAL_REPRESENTATION('',(#3168),#3172);
#3168 = LINE('',#3169,#3170);
#3169 = CARTESIAN_POINT('',(0.,0.));
#3170 = VECTOR('',#3171,1.);
#3171 = DIRECTION('',(0.315926072032,-0.948783809416));
#3172 = ( GEOMETRIC_REPRESENTATION_CONTEXT(2) 
PARAMETRIC_REPRESENTATION_CONTEXT() REPRESENTATION_CONTEXT('2D SPACE',''
  ) );
#3173 = ADVANCED_FACE('',(#3174),#3162,.T.);
#3174 = FACE_BOUND('',#3175,.T.);
#3175 = EDGE_LOOP('',(#3176,#3177,#3205));
#3176 = ORIENTED_EDGE('',*,*,#3148,.T.);
#3177 = ORIENTED_EDGE('',*,*,#3178,.T.);
#3178 = EDGE_CURVE('',#3121,#3179,#3181,.T.);
#3179 = VERTEX_POINT('',#3180);
#3180 = CARTESIAN_POINT('',(-42.21982972662,14.362674869007,
    15.301378199502));
#3181 = SURFACE_CURVE('',#3182,(#3186,#3193),.PCURVE_S1.);
#3182 = LINE('',#3183,#3184);
#3183 = CARTESIAN_POINT('',(-43.38152083391,10.374430612462,
    15.324179312162));
#3184 = VECTOR('',#3185,1.);
#3185 = DIRECTION('',(0.279652597535,0.960085567447,-5.488886281298E-03)
  );
#3186 = PCURVE('',#3162,#3187);
#3187 = DEFINITIONAL_REPRESENTATION('',(#3188),#3192);
#3188 = LINE('',#3189,#3190);
#3189 = CARTESIAN_POINT('',(14.707587326672,-44.16957625988));
#3190 = VECTOR('',#3191,1.);
#3191 = DIRECTION('',(0.27968673819,0.960091312574));
#3192 = ( GEOMETRIC_REPRESENTATION_CONTEXT(2) 
PARAMETRIC_REPRESENTATION_CONTEXT() REPRESENTATION_CONTEXT('2D SPACE',''
  ) );
#3193 = PCURVE('',#3194,#3199);
#3194 = PLANE('',#3195);
#3195 = AXIS2_PLACEMENT_3D('',#3196,#3197,#3198);
#3196 = CARTESIAN_POINT('',(-43.38152083391,10.374430612462,
    15.324179312162));
#3197 = DIRECTION('',(0.96010078306,-0.279653572827,6.046257683004E-04)
  );
#3198 = DIRECTION('',(0.279653623944,0.960100958553,1.593142967733E-21)
  );
#3199 = DEFINITIONAL_REPRESENTATION('',(#3200),#3204);
#3200 = LINE('',#3201,#3202);
#3201 = CARTESIAN_POINT('',(0.,0.));
#3202 = VECTOR('',#3203,1.);
#3203 = DIRECTION('',(0.999984935945,-5.488887284591E-03));
#3204 = ( GEOMETRIC_REPRESENTATION_CONTEXT(2) 
PARAMETRIC_REPRESENTATION_CONTEXT() REPRESENTATION_CONTEXT('2D SPACE',''
  ) );
#3205 = ORIENTED_EDGE('',*,*,#3206,.F.);
#3206 = EDGE_CURVE('',#1564,#3179,#3207,.T.);
#3207 = SURFACE_CURVE('',#3208,(#3212,#3219),.PCURVE_S1.);
#3208 = LINE('',#3209,#3210);
#3209 = CARTESIAN_POINT('',(-58.08985069067,54.543742564304,
    15.285365974211));
#3210 = VECTOR('',#3211,1.);
#3211 = DIRECTION('',(0.367348209348,-0.93008341331,3.706398562316E-04)
  );
#3212 = PCURVE('',#3162,#3213);
#3213 = DEFINITIONAL_REPRESENTATION('',(#3214),#3218);
#3214 = LINE('',#3215,#3216);
#3215 = CARTESIAN_POINT('',(0.,0.));
#3216 = VECTOR('',#3217,1.);
#3217 = DIRECTION('',(0.367334304575,-0.930088978906));
#3218 = ( GEOMETRIC_REPRESENTATION_CONTEXT(2) 
PARAMETRIC_REPRESENTATION_CONTEXT() REPRESENTATION_CONTEXT('2D SPACE',''
  ) );
#3219 = PCURVE('',#3220,#3225);
#3220 = PLANE('',#3221);
#3221 = AXIS2_PLACEMENT_3D('',#3222,#3223,#3224);
#3222 = CARTESIAN_POINT('',(-58.08985069067,54.543742564304,
    15.285365974211));
#3223 = DIRECTION('',(4.592550986606E-03,2.212382666187E-03,
    0.999987006835));
#3224 = DIRECTION('',(0.99998945413,-2.285916249336E-22,
    -4.592562226082E-03));
#3225 = DEFINITIONAL_REPRESENTATION('',(#3226),#3230);
#3226 = LINE('',#3227,#3228);
#3227 = CARTESIAN_POINT('',(0.,0.));
#3228 = VECTOR('',#3229,1.);
#3229 = DIRECTION('',(0.367342633155,-0.930085689529));
#3230 = ( GEOMETRIC_REPRESENTATION_CONTEXT(2) 
PARAMETRIC_REPRESENTATION_CONTEXT() REPRESENTATION_CONTEXT('2D SPACE',''
  ) );
#3231 = ADVANCED_FACE('',(#3232),#3220,.T.);
#3232 = FACE_BOUND('',#3233,.T.);
#3233 = EDGE_LOOP('',(#3234,#3235,#3263));
#3234 = ORIENTED_EDGE('',*,*,#3206,.T.);
#3235 = ORIENTED_EDGE('',*,*,#3236,.T.);
#3236 = EDGE_CURVE('',#3179,#3237,#3239,.T.);
#3237 = VERTEX_POINT('',#3238);
#3238 = CARTESIAN_POINT('',(-40.6607914816,18.289527105199,
    15.285530331138));
#3239 = SURFACE_CURVE('',#3240,(#3244,#3251),.PCURVE_S1.);
#3240 = LINE('',#3241,#3242);
#3241 = CARTESIAN_POINT('',(-42.21982972662,14.362674869007,
    15.301378199502));
#3242 = VECTOR('',#3243,1.);
#3243 = DIRECTION('',(0.368999053463,0.929422201716,-3.75093327218E-03)
  );
#3244 = PCURVE('',#3220,#3245);
#3245 = DEFINITIONAL_REPRESENTATION('',(#3246),#3250);
#3246 = LINE('',#3247,#3248);
#3247 = CARTESIAN_POINT('',(15.869780063743,-40.18116603153));
#3248 = VECTOR('',#3249,1.);
#3249 = DIRECTION('',(0.369012388442,0.929424476317));
#3250 = ( GEOMETRIC_REPRESENTATION_CONTEXT(2) 
PARAMETRIC_REPRESENTATION_CONTEXT() REPRESENTATION_CONTEXT('2D SPACE',''
  ) );
#3251 = PCURVE('',#3252,#3257);
#3252 = PLANE('',#3253);
#3253 = AXIS2_PLACEMENT_3D('',#3254,#3255,#3256);
#3254 = CARTESIAN_POINT('',(-42.21982972662,14.362674869007,
    15.301378199502));
#3255 = DIRECTION('',(0.929429385014,-0.368999571672,5.782548198245E-04)
  );
#3256 = DIRECTION('',(0.368999633365,0.929429540405,1.008644157908E-20)
  );
#3257 = DEFINITIONAL_REPRESENTATION('',(#3258),#3262);
#3258 = LINE('',#3259,#3260);
#3259 = CARTESIAN_POINT('',(0.,0.));
#3260 = VECTOR('',#3261,1.);
#3261 = DIRECTION('',(0.999992965223,-3.750933899296E-03));
#3262 = ( GEOMETRIC_REPRESENTATION_CONTEXT(2) 
PARAMETRIC_REPRESENTATION_CONTEXT() REPRESENTATION_CONTEXT('2D SPACE',''
  ) );
#3263 = ORIENTED_EDGE('',*,*,#3264,.F.);
#3264 = EDGE_CURVE('',#1564,#3237,#3265,.T.);
#3265 = SURFACE_CURVE('',#3266,(#3270,#3277),.PCURVE_S1.);
#3266 = LINE('',#3267,#3268);
#3267 = CARTESIAN_POINT('',(-58.08985069067,54.543742564304,
    15.285365974211));
#3268 = VECTOR('',#3269,1.);
#3269 = DIRECTION('',(0.433277229584,-0.901260696085,4.085826619919E-06)
  );
#3270 = PCURVE('',#3220,#3271);
#3271 = DEFINITIONAL_REPRESENTATION('',(#3272),#3276);
#3272 = LINE('',#3273,#3274);
#3273 = CARTESIAN_POINT('',(0.,0.));
#3274 = VECTOR('',#3275,1.);
#3275 = DIRECTION('',(0.433272641535,-0.901262901765));
#3276 = ( GEOMETRIC_REPRESENTATION_CONTEXT(2) 
PARAMETRIC_REPRESENTATION_CONTEXT() REPRESENTATION_CONTEXT('2D SPACE',''
  ) );
#3277 = PCURVE('',#3278,#3283);
#3278 = PLANE('',#3279);
#3279 = AXIS2_PLACEMENT_3D('',#3280,#3281,#3282);
#3280 = CARTESIAN_POINT('',(-58.08985069067,54.543742564304,
    15.285365974211));
#3281 = DIRECTION('',(1.617204775021E-03,7.819977368156E-04,
    0.999998386563));
#3282 = DIRECTION('',(0.999998692323,-1.372963841915E-22,
    -1.617205269498E-03));
#3283 = DEFINITIONAL_REPRESENTATION('',(#3284),#3288);
#3284 = LINE('',#3285,#3286);
#3285 = CARTESIAN_POINT('',(0.,0.));
#3286 = VECTOR('',#3287,1.);
#3287 = DIRECTION('',(0.43327665639,-0.901260971655));
#3288 = ( GEOMETRIC_REPRESENTATION_CONTEXT(2) 
PARAMETRIC_REPRESENTATION_CONTEXT() REPRESENTATION_CONTEXT('2D SPACE',''
  ) );
#3289 = ADVANCED_FACE('',(#3290),#3278,.T.);
#3290 = FACE_BOUND('',#3291,.T.);
#3291 = EDGE_LOOP('',(#3292,#3293,#3321));
#3292 = ORIENTED_EDGE('',*,*,#3264,.T.);
#3293 = ORIENTED_EDGE('',*,*,#3294,.T.);
#3294 = EDGE_CURVE('',#3237,#3295,#3297,.T.);
#3295 = VERTEX_POINT('',#3296);
#3296 = CARTESIAN_POINT('',(-38.7952654048,22.020092416949,
    15.279596090253));
#3297 = SURFACE_CURVE('',#3298,(#3302,#3309),.PCURVE_S1.);
#3298 = LINE('',#3299,#3300);
#3299 = CARTESIAN_POINT('',(-40.6607914816,18.289527105199,
    15.285530331138));
#3300 = VECTOR('',#3301,1.);
#3301 = DIRECTION('',(0.4472598304,0.894402940479,-1.422734104146E-03));
#3302 = PCURVE('',#3278,#3303);
#3303 = DEFINITIONAL_REPRESENTATION('',(#3304),#3308);
#3304 = LINE('',#3305,#3306);
#3305 = CARTESIAN_POINT('',(17.429036151688,-36.2542265442));
#3306 = VECTOR('',#3307,1.);
#3307 = DIRECTION('',(0.447261546381,0.894403213952));
#3308 = ( GEOMETRIC_REPRESENTATION_CONTEXT(2) 
PARAMETRIC_REPRESENTATION_CONTEXT() REPRESENTATION_CONTEXT('2D SPACE',''
  ) );
#3309 = PCURVE('',#3310,#3315);
#3310 = PLANE('',#3311);
#3311 = AXIS2_PLACEMENT_3D('',#3312,#3313,#3314);
#3312 = CARTESIAN_POINT('',(-40.6607914816,18.289527105199,
    15.285530331138));
#3313 = DIRECTION('',(0.894403014957,-0.447256290263,2.24892332169E-03)
  );
#3314 = DIRECTION('',(0.447257421301,0.894405276757,-1.045257972338E-20)
  );
#3315 = DEFINITIONAL_REPRESENTATION('',(#3316),#3320);
#3316 = LINE('',#3317,#3318);
#3317 = CARTESIAN_POINT('',(0.,0.));
#3318 = VECTOR('',#3319,1.);
#3319 = DIRECTION('',(0.999998987908,-1.42273770201E-03));
#3320 = ( GEOMETRIC_REPRESENTATION_CONTEXT(2) 
PARAMETRIC_REPRESENTATION_CONTEXT() REPRESENTATION_CONTEXT('2D SPACE',''
  ) );
#3321 = ORIENTED_EDGE('',*,*,#3322,.F.);
#3322 = EDGE_CURVE('',#1564,#3295,#3323,.T.);
#3323 = SURFACE_CURVE('',#3324,(#3328,#3335),.PCURVE_S1.);
#3324 = LINE('',#3325,#3326);
#3325 = CARTESIAN_POINT('',(-58.08985069067,54.543742564304,
    15.285365974211));
#3326 = VECTOR('',#3327,1.);
#3327 = DIRECTION('',(0.510219404284,-0.860044264101,-1.52576835001E-04)
  );
#3328 = PCURVE('',#3278,#3329);
#3329 = DEFINITIONAL_REPRESENTATION('',(#3330),#3334);
#3330 = LINE('',#3331,#3332);
#3331 = CARTESIAN_POINT('',(0.,0.));
#3332 = VECTOR('',#3333,1.);
#3333 = DIRECTION('',(0.510218983829,-0.860044527068));
#3334 = ( GEOMETRIC_REPRESENTATION_CONTEXT(2) 
PARAMETRIC_REPRESENTATION_CONTEXT() REPRESENTATION_CONTEXT('2D SPACE',''
  ) );
#3335 = PCURVE('',#3336,#3341);
#3336 = PLANE('',#3337);
#3337 = AXIS2_PLACEMENT_3D('',#3338,#3339,#3340);
#3338 = CARTESIAN_POINT('',(-58.08985069067,54.543742564304,
    15.285365974211));
#3339 = DIRECTION('',(3.406154363719E-03,1.843289265247E-03,
    0.99999250017));
#3340 = DIRECTION('',(0.99999419902,-2.480549045479E-22,
    -3.406160150305E-03));
#3341 = DEFINITIONAL_REPRESENTATION('',(#3342),#3346);
#3342 = LINE('',#3343,#3344);
#3343 = CARTESIAN_POINT('',(0.,0.));
#3344 = VECTOR('',#3345,1.);
#3345 = DIRECTION('',(0.510216964212,-0.860045725197));
#3346 = ( GEOMETRIC_REPRESENTATION_CONTEXT(2) 
PARAMETRIC_REPRESENTATION_CONTEXT() REPRESENTATION_CONTEXT('2D SPACE',''
  ) );
#3347 = ADVANCED_FACE('',(#3348),#3336,.T.);
#3348 = FACE_BOUND('',#3349,.T.);
#3349 = EDGE_LOOP('',(#3350,#3351,#3379));
#3350 = ORIENTED_EDGE('',*,*,#3322,.T.);
#3351 = ORIENTED_EDGE('',*,*,#3352,.T.);
#3352 = EDGE_CURVE('',#3295,#3353,#3355,.T.);
#3353 = VERTEX_POINT('',#3354);
#3354 = CARTESIAN_POINT('',(-36.53505875212,25.502164788135,
    15.265478905001));
#3355 = SURFACE_CURVE('',#3356,(#3360,#3367),.PCURVE_S1.);
#3356 = LINE('',#3357,#3358);
#3357 = CARTESIAN_POINT('',(-38.7952654048,22.020092416949,
    15.279596090253));
#3358 = VECTOR('',#3359,1.);
#3359 = DIRECTION('',(0.544453295545,0.83878426584,-3.40063950576E-03));
#3360 = PCURVE('',#3336,#3361);
#3361 = DEFINITIONAL_REPRESENTATION('',(#3362),#3366);
#3362 = LINE('',#3363,#3364);
#3363 = CARTESIAN_POINT('',(19.294493011509,-32.52370540054));
#3364 = VECTOR('',#3365,1.);
#3365 = DIRECTION('',(0.544461720305,0.838785690819));
#3366 = ( GEOMETRIC_REPRESENTATION_CONTEXT(2) 
PARAMETRIC_REPRESENTATION_CONTEXT() REPRESENTATION_CONTEXT('2D SPACE',''
  ) );
#3367 = PCURVE('',#3368,#3373);
#3368 = PLANE('',#3369);
#3369 = AXIS2_PLACEMENT_3D('',#3370,#3371,#3372);
#3370 = CARTESIAN_POINT('',(-38.7952654048,22.020092416949,
    15.279596090253));
#3371 = DIRECTION('',(0.838779270294,-0.54446268973,-3.116924236063E-03)
  );
#3372 = DIRECTION('',(0.544465334535,0.838783344785,7.540007052093E-20)
  );
#3373 = DEFINITIONAL_REPRESENTATION('',(#3374),#3378);
#3374 = LINE('',#3375,#3376);
#3375 = CARTESIAN_POINT('',(0.,0.));
#3376 = VECTOR('',#3377,1.);
#3377 = DIRECTION('',(0.999994217753,-3.400656024855E-03));
#3378 = ( GEOMETRIC_REPRESENTATION_CONTEXT(2) 
PARAMETRIC_REPRESENTATION_CONTEXT() REPRESENTATION_CONTEXT('2D SPACE',''
  ) );
#3379 = ORIENTED_EDGE('',*,*,#3380,.F.);
#3380 = EDGE_CURVE('',#1564,#3353,#3381,.T.);
#3381 = SURFACE_CURVE('',#3382,(#3386,#3393),.PCURVE_S1.);
#3382 = LINE('',#3383,#3384);
#3383 = CARTESIAN_POINT('',(-58.08985069067,54.543742564304,
    15.285365974211));
#3384 = VECTOR('',#3385,1.);
#3385 = DIRECTION('',(0.595986189482,-0.802994495364,-5.498739506255E-04
    ));
#3386 = PCURVE('',#3336,#3387);
#3387 = DEFINITIONAL_REPRESENTATION('',(#3388),#3392);
#3388 = LINE('',#3389,#3390);
#3389 = CARTESIAN_POINT('',(0.,0.));
#3390 = VECTOR('',#3391,1.);
#3391 = DIRECTION('',(0.595984605137,-0.802995859541));
#3392 = ( GEOMETRIC_REPRESENTATION_CONTEXT(2) 
PARAMETRIC_REPRESENTATION_CONTEXT() REPRESENTATION_CONTEXT('2D SPACE',''
  ) );
#3393 = PCURVE('',#3394,#3399);
#3394 = PLANE('',#3395);
#3395 = AXIS2_PLACEMENT_3D('',#3396,#3397,#3398);
#3396 = CARTESIAN_POINT('',(-58.08985069067,54.543742564304,
    15.285365974211));
#3397 = DIRECTION('',(5.008735533045E-03,3.03273894675E-03,
    0.999982857384));
#3398 = DIRECTION('',(0.99998745609,2.241258308269E-21,
    -5.00875856714E-03));
#3399 = DEFINITIONAL_REPRESENTATION('',(#3400),#3404);
#3400 = LINE('',#3401,#3402);
#3401 = CARTESIAN_POINT('',(0.,0.));
#3402 = VECTOR('',#3403,1.);
#3403 = DIRECTION('',(0.595981467671,-0.802998188163));
#3404 = ( GEOMETRIC_REPRESENTATION_CONTEXT(2) 
PARAMETRIC_REPRESENTATION_CONTEXT() REPRESENTATION_CONTEXT('2D SPACE',''
  ) );
#3405 = ADVANCED_FACE('',(#3406),#3394,.T.);
#3406 = FACE_BOUND('',#3407,.T.);
#3407 = EDGE_LOOP('',(#3408,#3409,#3437));
#3408 = ORIENTED_EDGE('',*,*,#3380,.T.);
#3409 = ORIENTED_EDGE('',*,*,#3410,.T.);
#3410 = EDGE_CURVE('',#3353,#3411,#3413,.T.);
#3411 = VERTEX_POINT('',#3412);
#3412 = CARTESIAN_POINT('',(-34.03527914647,28.842707194865,
    15.242826788689));
#3413 = SURFACE_CURVE('',#3414,(#3418,#3425),.PCURVE_S1.);
#3414 = LINE('',#3415,#3416);
#3415 = CARTESIAN_POINT('',(-36.53505875212,25.502164788135,
    15.265478905001));
#3416 = VECTOR('',#3417,1.);
#3417 = DIRECTION('',(0.599127650963,0.800635112218,-5.429082309838E-03)
  );
#3418 = PCURVE('',#3394,#3419);
#3419 = DEFINITIONAL_REPRESENTATION('',(#3420),#3424);
#3420 = LINE('',#3421,#3422);
#3421 = CARTESIAN_POINT('',(21.554621166714,-29.04171133212));
#3422 = VECTOR('',#3423,1.);
#3423 = DIRECTION('',(0.599147328522,0.800638794167));
#3424 = ( GEOMETRIC_REPRESENTATION_CONTEXT(2) 
PARAMETRIC_REPRESENTATION_CONTEXT() REPRESENTATION_CONTEXT('2D SPACE',''
  ) );
#3425 = PCURVE('',#3426,#3431);
#3426 = PLANE('',#3427);
#3427 = AXIS2_PLACEMENT_3D('',#3428,#3429,#3430);
#3428 = CARTESIAN_POINT('',(-36.53505875212,25.502164788135,
    15.265478905001));
#3429 = DIRECTION('',(0.800649777296,-0.599131808092,1.005309970895E-03)
  );
#3430 = DIRECTION('',(0.599132110848,0.800650181884,-2.454830114789E-20)
  );
#3431 = DEFINITIONAL_REPRESENTATION('',(#3432),#3436);
#3432 = LINE('',#3433,#3434);
#3433 = CARTESIAN_POINT('',(0.,0.));
#3434 = VECTOR('',#3435,1.);
#3435 = DIRECTION('',(0.999985262409,-5.429085053286E-03));
#3436 = ( GEOMETRIC_REPRESENTATION_CONTEXT(2) 
PARAMETRIC_REPRESENTATION_CONTEXT() REPRESENTATION_CONTEXT('2D SPACE',''
  ) );
#3437 = ORIENTED_EDGE('',*,*,#3438,.F.);
#3438 = EDGE_CURVE('',#1564,#3411,#3439,.T.);
#3439 = SURFACE_CURVE('',#3440,(#3444,#3451),.PCURVE_S1.);
#3440 = LINE('',#3441,#3442);
#3441 = CARTESIAN_POINT('',(-58.08985069067,54.543742564304,
    15.285365974211));
#3442 = VECTOR('',#3443,1.);
#3443 = DIRECTION('',(0.683333368732,-0.730105503922,-1.208437443681E-03
    ));
#3444 = PCURVE('',#3394,#3445);
#3445 = DEFINITIONAL_REPRESENTATION('',(#3446),#3450);
#3446 = LINE('',#3447,#3448);
#3447 = CARTESIAN_POINT('',(0.,0.));
#3448 = VECTOR('',#3449,1.);
#3449 = DIRECTION('',(0.683330849831,-0.730108861519));
#3450 = ( GEOMETRIC_REPRESENTATION_CONTEXT(2) 
PARAMETRIC_REPRESENTATION_CONTEXT() REPRESENTATION_CONTEXT('2D SPACE',''
  ) );
#3451 = PCURVE('',#3452,#3457);
#3452 = PLANE('',#3453);
#3453 = AXIS2_PLACEMENT_3D('',#3454,#3455,#3456);
#3454 = CARTESIAN_POINT('',(-31.17770608206,31.92255659871,
    15.273255804411));
#3455 = DIRECTION('',(-4.412924375598E-03,-5.785333640629E-03,
    0.999973527656));
#3456 = DIRECTION('',(2.339497944118E-21,0.999983264491,
    5.78538997296E-03));
#3457 = DEFINITIONAL_REPRESENTATION('',(#3458),#3462);
#3458 = LINE('',#3459,#3460);
#3459 = CARTESIAN_POINT('',(22.620877450596,26.91240665467));
#3460 = VECTOR('',#3461,1.);
#3461 = DIRECTION('',(-0.730100276517,-0.683340022412));
#3462 = ( GEOMETRIC_REPRESENTATION_CONTEXT(2) 
PARAMETRIC_REPRESENTATION_CONTEXT() REPRESENTATION_CONTEXT('2D SPACE',''
  ) );
#3463 = ADVANCED_FACE('',(#3464),#3452,.T.);
#3464 = FACE_BOUND('',#3465,.T.);
#3465 = EDGE_LOOP('',(#3466,#3494,#3495));
#3466 = ORIENTED_EDGE('',*,*,#3467,.F.);
#3467 = EDGE_CURVE('',#1564,#3468,#3470,.T.);
#3468 = VERTEX_POINT('',#3469);
#3469 = CARTESIAN_POINT('',(-31.17770608206,31.92255659871,
    15.273255804411));
#3470 = SURFACE_CURVE('',#3471,(#3475,#3482),.PCURVE_S1.);
#3471 = LINE('',#3472,#3473);
#3472 = CARTESIAN_POINT('',(-58.08985069067,54.543742564304,
    15.285365974211));
#3473 = VECTOR('',#3474,1.);
#3474 = DIRECTION('',(0.765494866149,-0.643441909766,-3.444642909118E-04
    ));
#3475 = PCURVE('',#3452,#3476);
#3476 = DEFINITIONAL_REPRESENTATION('',(#3477),#3481);
#3477 = LINE('',#3478,#3479);
#3478 = CARTESIAN_POINT('',(22.620877450596,26.91240665467));
#3479 = VECTOR('',#3480,1.);
#3480 = DIRECTION('',(-0.643433134299,-0.765502319844));
#3481 = ( GEOMETRIC_REPRESENTATION_CONTEXT(2) 
PARAMETRIC_REPRESENTATION_CONTEXT() REPRESENTATION_CONTEXT('2D SPACE',''
  ) );
#3482 = PCURVE('',#3483,#3488);
#3483 = PLANE('',#3484);
#3484 = AXIS2_PLACEMENT_3D('',#3485,#3486,#3487);
#3485 = CARTESIAN_POINT('',(-28.06452642601,34.699012498066,
    15.253351971607));
#3486 = DIRECTION('',(3.333692452007E-03,3.430712352081E-03,
    0.999988558288));
#3487 = DIRECTION('',(-2.024754579817E-21,0.999994115024,
    -3.43073141586E-03));
#3488 = DEFINITIONAL_REPRESENTATION('',(#3489),#3493);
#3489 = LINE('',#3490,#3491);
#3490 = CARTESIAN_POINT('',(19.844503449026,30.025491109356));
#3491 = VECTOR('',#3492,1.);
#3492 = DIRECTION('',(-0.643436941361,-0.76549911985));
#3493 = ( GEOMETRIC_REPRESENTATION_CONTEXT(2) 
PARAMETRIC_REPRESENTATION_CONTEXT() REPRESENTATION_CONTEXT('2D SPACE',''
  ) );
#3494 = ORIENTED_EDGE('',*,*,#3438,.T.);
#3495 = ORIENTED_EDGE('',*,*,#3496,.T.);
#3496 = EDGE_CURVE('',#3411,#3468,#3497,.T.);
#3497 = SURFACE_CURVE('',#3498,(#3502,#3509),.PCURVE_S1.);
#3498 = LINE('',#3499,#3500);
#3499 = CARTESIAN_POINT('',(-34.03527914647,28.842707194865,
    15.242826788689));
#3500 = VECTOR('',#3501,1.);
#3501 = DIRECTION('',(0.680140885074,0.733045648249,7.242515665883E-03)
  );
#3502 = PCURVE('',#3452,#3503);
#3503 = DEFINITIONAL_REPRESENTATION('',(#3504),#3508);
#3504 = LINE('',#3505,#3506);
#3505 = CARTESIAN_POINT('',(-3.079973904722,2.857600888874));
#3506 = VECTOR('',#3507,1.);
#3507 = DIRECTION('',(0.733075281135,-0.680147507669));
#3508 = ( GEOMETRIC_REPRESENTATION_CONTEXT(2) 
PARAMETRIC_REPRESENTATION_CONTEXT() REPRESENTATION_CONTEXT('2D SPACE',''
  ) );
#3509 = PCURVE('',#3510,#3515);
#3510 = PLANE('',#3511);
#3511 = AXIS2_PLACEMENT_3D('',#3512,#3513,#3514);
#3512 = CARTESIAN_POINT('',(-34.03527914647,28.842707194865,
    15.242826788689));
#3513 = DIRECTION('',(0.733058896444,-0.680164244535,1.120178686839E-03)
  );
#3514 = DIRECTION('',(0.68016467127,0.733059356366,1.683845652774E-20));
#3515 = DEFINITIONAL_REPRESENTATION('',(#3516),#3520);
#3516 = LINE('',#3517,#3518);
#3517 = CARTESIAN_POINT('',(0.,0.));
#3518 = VECTOR('',#3519,1.);
#3519 = DIRECTION('',(0.999973772607,7.242520209843E-03));
#3520 = ( GEOMETRIC_REPRESENTATION_CONTEXT(2) 
PARAMETRIC_REPRESENTATION_CONTEXT() REPRESENTATION_CONTEXT('2D SPACE',''
  ) );
#3521 = ADVANCED_FACE('',(#3522),#1927,.T.);
#3522 = FACE_BOUND('',#3523,.T.);
#3523 = EDGE_LOOP('',(#3524,#3550,#3551));
#3524 = ORIENTED_EDGE('',*,*,#3525,.F.);
#3525 = EDGE_CURVE('',#2951,#1912,#3526,.T.);
#3526 = SURFACE_CURVE('',#3527,(#3531,#3538),.PCURVE_S1.);
#3527 = LINE('',#3528,#3529);
#3528 = CARTESIAN_POINT('',(-1.079483660324,-44.60068938711,
    15.284762350781));
#3529 = VECTOR('',#3530,1.);
#3530 = DIRECTION('',(0.986132629908,-0.165958849216,3.108009294391E-04)
  );
#3531 = PCURVE('',#1927,#3532);
#3532 = DEFINITIONAL_REPRESENTATION('',(#3533),#3537);
#3533 = LINE('',#3534,#3535);
#3534 = CARTESIAN_POINT('',(-59.19051319334,9.961326367947));
#3535 = VECTOR('',#3536,1.);
#3536 = DIRECTION('',(0.986132678879,-0.165958849256));
#3537 = ( GEOMETRIC_REPRESENTATION_CONTEXT(2) 
PARAMETRIC_REPRESENTATION_CONTEXT() REPRESENTATION_CONTEXT('2D SPACE',''
  ) );
#3538 = PCURVE('',#3539,#3544);
#3539 = PLANE('',#3540);
#3540 = AXIS2_PLACEMENT_3D('',#3541,#3542,#3543);
#3541 = CARTESIAN_POINT('',(58.111026593637,-54.56201575267,
    15.30341751444));
#3542 = DIRECTION('',(-2.080095712319E-04,6.367592609883E-04,
    0.999999775635));
#3543 = DIRECTION('',(-1.952609742967E-23,0.999999797269,
    -6.367592747639E-04));
#3544 = DEFINITIONAL_REPRESENTATION('',(#3545),#3549);
#3545 = LINE('',#3546,#3547);
#3546 = CARTESIAN_POINT('',(9.961336224941,59.190511534488));
#3547 = VECTOR('',#3548,1.);
#3548 = DIRECTION('',(-0.165959013476,-0.986132651242));
#3549 = ( GEOMETRIC_REPRESENTATION_CONTEXT(2) 
PARAMETRIC_REPRESENTATION_CONTEXT() REPRESENTATION_CONTEXT('2D SPACE',''
  ) );
#3550 = ORIENTED_EDGE('',*,*,#2979,.F.);
#3551 = ORIENTED_EDGE('',*,*,#1911,.T.);
#3552 = ADVANCED_FACE('',(#3553),#3539,.T.);
#3553 = FACE_BOUND('',#3554,.T.);
#3554 = EDGE_LOOP('',(#3555,#3583,#3609));
#3555 = ORIENTED_EDGE('',*,*,#3556,.F.);
#3556 = EDGE_CURVE('',#3557,#1912,#3559,.T.);
#3557 = VERTEX_POINT('',#3558);
#3558 = CARTESIAN_POINT('',(3.127824623474,-44.49647399359,
    15.285571151237));
#3559 = SURFACE_CURVE('',#3560,(#3564,#3571),.PCURVE_S1.);
#3560 = LINE('',#3561,#3562);
#3561 = CARTESIAN_POINT('',(3.127824623474,-44.49647399359,
    15.285571151237));
#3562 = VECTOR('',#3563,1.);
#3563 = DIRECTION('',(0.983653158067,-0.180073214804,3.192726304664E-04)
  );
#3564 = PCURVE('',#3539,#3565);
#3565 = DEFINITIONAL_REPRESENTATION('',(#3566),#3570);
#3566 = LINE('',#3567,#3568);
#3567 = CARTESIAN_POINT('',(10.065551082325,54.98320315967));
#3568 = VECTOR('',#3569,1.);
#3569 = DIRECTION('',(-0.180073381597,-0.983653179347));
#3570 = ( GEOMETRIC_REPRESENTATION_CONTEXT(2) 
PARAMETRIC_REPRESENTATION_CONTEXT() REPRESENTATION_CONTEXT('2D SPACE',''
  ) );
#3571 = PCURVE('',#3572,#3577);
#3572 = PLANE('',#3573);
#3573 = AXIS2_PLACEMENT_3D('',#3574,#3575,#3576);
#3574 = CARTESIAN_POINT('',(58.111026593637,-54.56201575267,
    15.30341751444));
#3575 = DIRECTION('',(5.435331160726E-03,3.146270541201E-02,
    0.999490147697));
#3576 = DIRECTION('',(-1.563152245095E-20,0.999504911905,
    -3.14631701709E-02));
#3577 = DEFINITIONAL_REPRESENTATION('',(#3578),#3582);
#3578 = LINE('',#3579,#3580);
#3579 = CARTESIAN_POINT('',(10.061119932358,54.984014167712));
#3580 = VECTOR('',#3581,1.);
#3581 = DIRECTION('',(-0.179994108028,-0.983667688335));
#3582 = ( GEOMETRIC_REPRESENTATION_CONTEXT(2) 
PARAMETRIC_REPRESENTATION_CONTEXT() REPRESENTATION_CONTEXT('2D SPACE',''
  ) );
#3583 = ORIENTED_EDGE('',*,*,#3584,.F.);
#3584 = EDGE_CURVE('',#2951,#3557,#3585,.T.);
#3585 = SURFACE_CURVE('',#3586,(#3590,#3597),.PCURVE_S1.);
#3586 = LINE('',#3587,#3588);
#3587 = CARTESIAN_POINT('',(-1.079483660324,-44.60068938711,
    15.284762350781));
#3588 = VECTOR('',#3589,1.);
#3589 = DIRECTION('',(0.999693344024,2.476249141301E-02,
    1.921780812396E-04));
#3590 = PCURVE('',#3539,#3591);
#3591 = DEFINITIONAL_REPRESENTATION('',(#3592),#3596);
#3592 = LINE('',#3593,#3594);
#3593 = CARTESIAN_POINT('',(9.961336224941,59.190511534488));
#3594 = VECTOR('',#3595,1.);
#3595 = DIRECTION('',(2.47623640217E-02,-0.999693365652));
#3596 = ( GEOMETRIC_REPRESENTATION_CONTEXT(2) 
PARAMETRIC_REPRESENTATION_CONTEXT() REPRESENTATION_CONTEXT('2D SPACE',''
  ) );
#3597 = PCURVE('',#3598,#3603);
#3598 = PLANE('',#3599);
#3599 = AXIS2_PLACEMENT_3D('',#3600,#3601,#3602);
#3600 = CARTESIAN_POINT('',(3.127824623474,-44.49647399359,
    15.285571151237));
#3601 = DIRECTION('',(-2.47622542378E-02,0.999692705242,
    -1.151456126519E-03));
#3602 = DIRECTION('',(0.999693367964,2.476227065335E-02,
    -9.781111615273E-22));
#3603 = DEFINITIONAL_REPRESENTATION('',(#3604),#3608);
#3604 = LINE('',#3605,#3606);
#3605 = CARTESIAN_POINT('',(-4.208598798075,8.088009928317E-04));
#3606 = VECTOR('',#3607,1.);
#3607 = DIRECTION('',(0.999999981534,-1.921782086395E-04));
#3608 = ( GEOMETRIC_REPRESENTATION_CONTEXT(2) 
PARAMETRIC_REPRESENTATION_CONTEXT() REPRESENTATION_CONTEXT('2D SPACE',''
  ) );
#3609 = ORIENTED_EDGE('',*,*,#3525,.T.);
#3610 = ADVANCED_FACE('',(#3611),#3572,.T.);
#3611 = FACE_BOUND('',#3612,.T.);
#3612 = EDGE_LOOP('',(#3613,#3641,#3667));
#3613 = ORIENTED_EDGE('',*,*,#3614,.F.);
#3614 = EDGE_CURVE('',#3615,#1912,#3617,.T.);
#3615 = VERTEX_POINT('',#3616);
#3616 = CARTESIAN_POINT('',(7.252886557367,-43.99963173703,
    15.247498660667));
#3617 = SURFACE_CURVE('',#3618,(#3622,#3629),.PCURVE_S1.);
#3618 = LINE('',#3619,#3620);
#3619 = CARTESIAN_POINT('',(7.252886557367,-43.99963173703,
    15.247498660667));
#3620 = VECTOR('',#3621,1.);
#3621 = DIRECTION('',(0.979106749995,-0.203344075862,1.076534201651E-03)
  );
#3622 = PCURVE('',#3572,#3623);
#3623 = DEFINITIONAL_REPRESENTATION('',(#3624),#3628);
#3624 = LINE('',#3625,#3626);
#3625 = CARTESIAN_POINT('',(10.558914089476,50.858891299478));
#3626 = VECTOR('',#3627,1.);
#3627 = DIRECTION('',(-0.20327727381,-0.979121213105));
#3628 = ( GEOMETRIC_REPRESENTATION_CONTEXT(2) 
PARAMETRIC_REPRESENTATION_CONTEXT() REPRESENTATION_CONTEXT('2D SPACE',''
  ) );
#3629 = PCURVE('',#3630,#3635);
#3630 = PLANE('',#3631);
#3631 = AXIS2_PLACEMENT_3D('',#3632,#3633,#3634);
#3632 = CARTESIAN_POINT('',(58.111026593637,-54.56201575267,
    15.30341751444));
#3633 = DIRECTION('',(-5.66479729213E-03,-2.19833525089E-02,
    0.999742287934));
#3634 = DIRECTION('',(-1.97654684187E-20,0.99975832915,2.19837052395E-02
    ));
#3635 = DEFINITIONAL_REPRESENTATION('',(#3636),#3640);
#3636 = LINE('',#3637,#3638);
#3637 = CARTESIAN_POINT('',(10.558602091716,50.858956072946));
#3638 = VECTOR('',#3639,1.);
#3639 = DIRECTION('',(-0.203271267316,-0.979122460106));
#3640 = ( GEOMETRIC_REPRESENTATION_CONTEXT(2) 
PARAMETRIC_REPRESENTATION_CONTEXT() REPRESENTATION_CONTEXT('2D SPACE',''
  ) );
#3641 = ORIENTED_EDGE('',*,*,#3642,.F.);
#3642 = EDGE_CURVE('',#3557,#3615,#3643,.T.);
#3643 = SURFACE_CURVE('',#3644,(#3648,#3655),.PCURVE_S1.);
#3644 = LINE('',#3645,#3646);
#3645 = CARTESIAN_POINT('',(3.127824623474,-44.49647399359,
    15.285571151237));
#3646 = VECTOR('',#3647,1.);
#3647 = DIRECTION('',(0.992782822973,0.11957552782,-9.162944768313E-03)
  );
#3648 = PCURVE('',#3572,#3649);
#3649 = DEFINITIONAL_REPRESENTATION('',(#3650),#3654);
#3650 = LINE('',#3651,#3652);
#3651 = CARTESIAN_POINT('',(10.061119932358,54.984014167712));
#3652 = VECTOR('',#3653,1.);
#3653 = DIRECTION('',(0.11980462269,-0.992797488102));
#3654 = ( GEOMETRIC_REPRESENTATION_CONTEXT(2) 
PARAMETRIC_REPRESENTATION_CONTEXT() REPRESENTATION_CONTEXT('2D SPACE',''
  ) );
#3655 = PCURVE('',#3656,#3661);
#3656 = PLANE('',#3657);
#3657 = AXIS2_PLACEMENT_3D('',#3658,#3659,#3660);
#3658 = CARTESIAN_POINT('',(7.252886557367,-43.99963173703,
    15.247498660667));
#3659 = DIRECTION('',(-0.119590698762,0.99282264338,-1.124082369696E-03)
  );
#3660 = DIRECTION('',(0.992823270627,0.119590774317,1.116230825005E-20)
  );
#3661 = DEFINITIONAL_REPRESENTATION('',(#3662),#3666);
#3662 = LINE('',#3663,#3664);
#3663 = CARTESIAN_POINT('',(-4.154875230921,-3.807251462393E-02));
#3664 = VECTOR('',#3665,1.);
#3665 = DIRECTION('',(0.999958019287,9.162950557289E-03));
#3666 = ( GEOMETRIC_REPRESENTATION_CONTEXT(2) 
PARAMETRIC_REPRESENTATION_CONTEXT() REPRESENTATION_CONTEXT('2D SPACE',''
  ) );
#3667 = ORIENTED_EDGE('',*,*,#3556,.T.);
#3668 = ADVANCED_FACE('',(#3669),#3630,.T.);
#3669 = FACE_BOUND('',#3670,.T.);
#3670 = EDGE_LOOP('',(#3671,#3699,#3725));
#3671 = ORIENTED_EDGE('',*,*,#3672,.F.);
#3672 = EDGE_CURVE('',#3673,#1912,#3675,.T.);
#3673 = VERTEX_POINT('',#3674);
#3674 = CARTESIAN_POINT('',(11.397070210308,-43.09223019073,
    15.290933542755));
#3675 = SURFACE_CURVE('',#3676,(#3680,#3687),.PCURVE_S1.);
#3676 = LINE('',#3677,#3678);
#3677 = CARTESIAN_POINT('',(11.397070210308,-43.09223019073,
    15.290933542755));
#3678 = VECTOR('',#3679,1.);
#3679 = DIRECTION('',(0.971154771696,-0.238449873254,2.595341865822E-04)
  );
#3680 = PCURVE('',#3630,#3681);
#3681 = DEFINITIONAL_REPRESENTATION('',(#3682),#3686);
#3682 = LINE('',#3683,#3684);
#3683 = CARTESIAN_POINT('',(11.466739205157,46.714705925126));
#3684 = VECTOR('',#3685,1.);
#3685 = DIRECTION('',(-0.238386541347,-0.971170354214));
#3686 = ( GEOMETRIC_REPRESENTATION_CONTEXT(2) 
PARAMETRIC_REPRESENTATION_CONTEXT() REPRESENTATION_CONTEXT('2D SPACE',''
  ) );
#3687 = PCURVE('',#3688,#3693);
#3688 = PLANE('',#3689);
#3689 = AXIS2_PLACEMENT_3D('',#3690,#3691,#3692);
#3690 = CARTESIAN_POINT('',(58.111026593637,-54.56201575267,
    15.30341751444));
#3691 = DIRECTION('',(2.338936876114E-03,1.061434224938E-02,
    0.999940930812));
#3692 = DIRECTION('',(-8.483182977318E-22,0.999943665974,
    -1.061437128305E-02));
#3693 = DEFINITIONAL_REPRESENTATION('',(#3694),#3698);
#3694 = LINE('',#3695,#3696);
#3695 = CARTESIAN_POINT('',(11.469271932258,46.714084161139));
#3696 = VECTOR('',#3697,1.);
#3697 = DIRECTION('',(-0.238439195205,-0.971157428119));
#3698 = ( GEOMETRIC_REPRESENTATION_CONTEXT(2) 
PARAMETRIC_REPRESENTATION_CONTEXT() REPRESENTATION_CONTEXT('2D SPACE',''
  ) );
#3699 = ORIENTED_EDGE('',*,*,#3700,.F.);
#3700 = EDGE_CURVE('',#3615,#3673,#3701,.T.);
#3701 = SURFACE_CURVE('',#3702,(#3706,#3713),.PCURVE_S1.);
#3702 = LINE('',#3703,#3704);
#3703 = CARTESIAN_POINT('',(7.252886557367,-43.99963173703,
    15.247498660667));
#3704 = VECTOR('',#3705,1.);
#3705 = DIRECTION('',(0.976806416134,0.213879433602,1.023783573814E-02)
  );
#3706 = PCURVE('',#3630,#3707);
#3707 = DEFINITIONAL_REPRESENTATION('',(#3708),#3712);
#3708 = LINE('',#3709,#3710);
#3709 = CARTESIAN_POINT('',(10.558602091716,50.858956072946));
#3710 = VECTOR('',#3711,1.);
#3711 = DIRECTION('',(0.214052810741,-0.976822089336));
#3712 = ( GEOMETRIC_REPRESENTATION_CONTEXT(2) 
PARAMETRIC_REPRESENTATION_CONTEXT() REPRESENTATION_CONTEXT('2D SPACE',''
  ) );
#3713 = PCURVE('',#3714,#3719);
#3714 = PLANE('',#3715);
#3715 = AXIS2_PLACEMENT_3D('',#3716,#3717,#3718);
#3716 = CARTESIAN_POINT('',(11.397070210308,-43.09223019073,
    15.290933542755));
#3717 = DIRECTION('',(-0.213861241213,0.976859883171,-2.852745707187E-03
    ));
#3718 = DIRECTION('',(0.976863858115,0.213862111437,1.550028546674E-20)
  );
#3719 = DEFINITIONAL_REPRESENTATION('',(#3720),#3724);
#3720 = LINE('',#3721,#3722);
#3721 = CARTESIAN_POINT('',(-4.242362042563,4.343505882893E-02));
#3722 = VECTOR('',#3723,1.);
#3723 = DIRECTION('',(0.99994759156,-1.023787739695E-02));
#3724 = ( GEOMETRIC_REPRESENTATION_CONTEXT(2) 
PARAMETRIC_REPRESENTATION_CONTEXT() REPRESENTATION_CONTEXT('2D SPACE',''
  ) );
#3725 = ORIENTED_EDGE('',*,*,#3614,.T.);
#3726 = ADVANCED_FACE('',(#3727),#3688,.T.);
#3727 = FACE_BOUND('',#3728,.T.);
#3728 = EDGE_LOOP('',(#3729,#3757,#3783));
#3729 = ORIENTED_EDGE('',*,*,#3730,.F.);
#3730 = EDGE_CURVE('',#3731,#1912,#3733,.T.);
#3731 = VERTEX_POINT('',#3732);
#3732 = CARTESIAN_POINT('',(15.366130006999,-41.81697489744,
    15.268112818293));
#3733 = SURFACE_CURVE('',#3734,(#3738,#3745),.PCURVE_S1.);
#3734 = LINE('',#3735,#3736);
#3735 = CARTESIAN_POINT('',(15.366130006999,-41.81697489744,
    15.268112818293));
#3736 = VECTOR('',#3737,1.);
#3737 = DIRECTION('',(0.958308562529,-0.28573426904,7.915048419163E-04)
  );
#3738 = PCURVE('',#3688,#3739);
#3739 = DEFINITIONAL_REPRESENTATION('',(#3740),#3744);
#3740 = LINE('',#3741,#3742);
#3741 = CARTESIAN_POINT('',(12.74469761293,42.745013507784));
#3742 = VECTOR('',#3743,1.);
#3743 = DIRECTION('',(-0.285726573804,-0.958311183814));
#3744 = ( GEOMETRIC_REPRESENTATION_CONTEXT(2) 
PARAMETRIC_REPRESENTATION_CONTEXT() REPRESENTATION_CONTEXT('2D SPACE',''
  ) );
#3745 = PCURVE('',#3746,#3751);
#3746 = PLANE('',#3747);
#3747 = AXIS2_PLACEMENT_3D('',#3748,#3749,#3750);
#3748 = CARTESIAN_POINT('',(58.111026593637,-54.56201575267,
    15.30341751444));
#3749 = DIRECTION('',(-6.132298901961E-04,7.133937339545E-04,
    0.999999557509));
#3750 = DIRECTION('',(-9.607271971369E-24,0.999999745535,
    -7.133938680907E-04));
#3751 = DEFINITIONAL_REPRESENTATION('',(#3752),#3756);
#3752 = LINE('',#3753,#3754);
#3753 = CARTESIAN_POINT('',(12.745062798216,42.744904623769));
#3754 = VECTOR('',#3755,1.);
#3755 = DIRECTION('',(-0.285734760985,-0.958308742716));
#3756 = ( GEOMETRIC_REPRESENTATION_CONTEXT(2) 
PARAMETRIC_REPRESENTATION_CONTEXT() REPRESENTATION_CONTEXT('2D SPACE',''
  ) );
#3757 = ORIENTED_EDGE('',*,*,#3758,.F.);
#3758 = EDGE_CURVE('',#3673,#3731,#3759,.T.);
#3759 = SURFACE_CURVE('',#3760,(#3764,#3771),.PCURVE_S1.);
#3760 = LINE('',#3761,#3762);
#3761 = CARTESIAN_POINT('',(11.397070210308,-43.09223019073,
    15.290933542755));
#3762 = VECTOR('',#3763,1.);
#3763 = DIRECTION('',(0.952050204749,0.305892862612,-5.47396020959E-03)
  );
#3764 = PCURVE('',#3688,#3765);
#3765 = DEFINITIONAL_REPRESENTATION('',(#3766),#3770);
#3766 = LINE('',#3767,#3768);
#3767 = CARTESIAN_POINT('',(11.469271932258,46.714084161139));
#3768 = VECTOR('',#3769,1.);
#3769 = DIRECTION('',(0.305933733082,-0.952052808915));
#3770 = ( GEOMETRIC_REPRESENTATION_CONTEXT(2) 
PARAMETRIC_REPRESENTATION_CONTEXT() REPRESENTATION_CONTEXT('2D SPACE',''
  ) );
#3771 = PCURVE('',#3772,#3777);
#3772 = PLANE('',#3773);
#3773 = AXIS2_PLACEMENT_3D('',#3774,#3775,#3776);
#3774 = CARTESIAN_POINT('',(15.366130006999,-41.81697489744,
    15.268112818293));
#3775 = DIRECTION('',(-0.305903236172,0.952061913885,-1.149882059705E-03
    ));
#3776 = DIRECTION('',(0.952062543308,0.305903438409,2.179185671492E-20)
  );
#3777 = DEFINITIONAL_REPRESENTATION('',(#3778),#3782);
#3778 = LINE('',#3779,#3780);
#3779 = CARTESIAN_POINT('',(-4.168898143645,-2.282073954912E-02));
#3780 = VECTOR('',#3781,1.);
#3781 = DIRECTION('',(0.999985017748,5.473963828508E-03));
#3782 = ( GEOMETRIC_REPRESENTATION_CONTEXT(2) 
PARAMETRIC_REPRESENTATION_CONTEXT() REPRESENTATION_CONTEXT('2D SPACE',''
  ) );
#3783 = ORIENTED_EDGE('',*,*,#3672,.T.);
#3784 = ADVANCED_FACE('',(#3785),#3746,.T.);
#3785 = FACE_BOUND('',#3786,.T.);
#3786 = EDGE_LOOP('',(#3787,#3815,#3841));
#3787 = ORIENTED_EDGE('',*,*,#3788,.F.);
#3788 = EDGE_CURVE('',#3789,#1912,#3791,.T.);
#3789 = VERTEX_POINT('',#3790);
#3790 = CARTESIAN_POINT('',(19.237428806212,-40.24569680497,
    15.269365875039));
#3791 = SURFACE_CURVE('',#3792,(#3796,#3803),.PCURVE_S1.);
#3792 = LINE('',#3793,#3794);
#3793 = CARTESIAN_POINT('',(19.237428806212,-40.24569680497,
    15.269365875039));
#3794 = VECTOR('',#3795,1.);
#3795 = DIRECTION('',(0.938386118087,-0.345587641157,8.219868376106E-04)
  );
#3796 = PCURVE('',#3746,#3797);
#3797 = DEFINITIONAL_REPRESENTATION('',(#3798),#3802);
#3798 = LINE('',#3799,#3800);
#3799 = CARTESIAN_POINT('',(14.316339596925,38.873605096654));
#3800 = VECTOR('',#3801,1.);
#3801 = DIRECTION('',(-0.345588139617,-0.938386294527));
#3802 = ( GEOMETRIC_REPRESENTATION_CONTEXT(2) 
PARAMETRIC_REPRESENTATION_CONTEXT() REPRESENTATION_CONTEXT('2D SPACE',''
  ) );
#3803 = PCURVE('',#3804,#3809);
#3804 = PLANE('',#3805);
#3805 = AXIS2_PLACEMENT_3D('',#3806,#3807,#3808);
#3806 = CARTESIAN_POINT('',(58.111026593637,-54.56201575267,
    15.30341751444));
#3807 = DIRECTION('',(-2.855362920083E-03,-5.374790910988E-03,
    0.999981479091));
#3808 = DIRECTION('',(3.124133828986E-22,0.999985555589,
    5.374812821719E-03));
#3809 = DEFINITIONAL_REPRESENTATION('',(#3810),#3814);
#3810 = LINE('',#3811,#3812);
#3811 = CARTESIAN_POINT('',(14.315929135723,38.873756258509));
#3812 = VECTOR('',#3813,1.);
#3813 = DIRECTION('',(-0.345578231321,-0.938389943487));
#3814 = ( GEOMETRIC_REPRESENTATION_CONTEXT(2) 
PARAMETRIC_REPRESENTATION_CONTEXT() REPRESENTATION_CONTEXT('2D SPACE',''
  ) );
#3815 = ORIENTED_EDGE('',*,*,#3816,.F.);
#3816 = EDGE_CURVE('',#3731,#3789,#3817,.T.);
#3817 = SURFACE_CURVE('',#3818,(#3822,#3829),.PCURVE_S1.);
#3818 = LINE('',#3819,#3820);
#3819 = CARTESIAN_POINT('',(15.366130006999,-41.81697489744,
    15.268112818293));
#3820 = VECTOR('',#3821,1.);
#3821 = DIRECTION('',(0.926586425202,0.376081781906,2.999162378281E-04)
  );
#3822 = PCURVE('',#3746,#3823);
#3823 = DEFINITIONAL_REPRESENTATION('',(#3824),#3828);
#3824 = LINE('',#3825,#3826);
#3825 = CARTESIAN_POINT('',(12.745062798216,42.744904623769));
#3826 = VECTOR('',#3827,1.);
#3827 = DIRECTION('',(0.376081472248,-0.926586599424));
#3828 = ( GEOMETRIC_REPRESENTATION_CONTEXT(2) 
PARAMETRIC_REPRESENTATION_CONTEXT() REPRESENTATION_CONTEXT('2D SPACE',''
  ) );
#3829 = PCURVE('',#3830,#3835);
#3830 = PLANE('',#3831);
#3831 = AXIS2_PLACEMENT_3D('',#3832,#3833,#3834);
#3832 = CARTESIAN_POINT('',(19.237428806212,-40.24569680497,
    15.269365875039));
#3833 = DIRECTION('',(-0.376081374717,0.92658616746,-9.348066928363E-04)
  );
#3834 = DIRECTION('',(0.926586572315,0.376081539039,1.813403879274E-20)
  );
#3835 = DEFINITIONAL_REPRESENTATION('',(#3836),#3840);
#3836 = LINE('',#3837,#3838);
#3837 = CARTESIAN_POINT('',(-4.178022168042,1.253057294059E-03));
#3838 = VECTOR('',#3839,1.);
#3839 = DIRECTION('',(0.999999955025,-2.999163688711E-04));
#3840 = ( GEOMETRIC_REPRESENTATION_CONTEXT(2) 
PARAMETRIC_REPRESENTATION_CONTEXT() REPRESENTATION_CONTEXT('2D SPACE',''
  ) );
#3841 = ORIENTED_EDGE('',*,*,#3730,.T.);
#3842 = ADVANCED_FACE('',(#3843),#3804,.T.);
#3843 = FACE_BOUND('',#3844,.T.);
#3844 = EDGE_LOOP('',(#3845,#3873,#3899));
#3845 = ORIENTED_EDGE('',*,*,#3846,.F.);
#3846 = EDGE_CURVE('',#3847,#1912,#3849,.T.);
#3847 = VERTEX_POINT('',#3848);
#3848 = CARTESIAN_POINT('',(22.852878006566,-38.27709888845,
    15.290270483987));
#3849 = SURFACE_CURVE('',#3850,(#3854,#3861),.PCURVE_S1.);
#3850 = LINE('',#3851,#3852);
#3851 = CARTESIAN_POINT('',(22.852878006566,-38.27709888845,
    15.290270483987));
#3852 = VECTOR('',#3853,1.);
#3853 = DIRECTION('',(0.907842466293,-0.41931127078,3.385155780824E-04)
  );
#3854 = PCURVE('',#3804,#3855);
#3855 = DEFINITIONAL_REPRESENTATION('',(#3856),#3860);
#3856 = LINE('',#3857,#3858);
#3857 = CARTESIAN_POINT('',(16.284610975371,35.25829231951));
#3858 = VECTOR('',#3859,1.);
#3859 = DIRECTION('',(-0.419303394618,-0.907846167179));
#3860 = ( GEOMETRIC_REPRESENTATION_CONTEXT(2) 
PARAMETRIC_REPRESENTATION_CONTEXT() REPRESENTATION_CONTEXT('2D SPACE',''
  ) );
#3861 = PCURVE('',#3862,#3867);
#3862 = PLANE('',#3863);
#3863 = AXIS2_PLACEMENT_3D('',#3864,#3865,#3866);
#3864 = CARTESIAN_POINT('',(58.111026593637,-54.56201575267,
    15.30341751444));
#3865 = DIRECTION('',(1.30199775014E-04,1.08920577885E-03,0.999999398339
    ));
#3866 = DIRECTION('',(-1.104356518329E-23,0.999999406815,
    -1.089205788082E-03));
#3867 = DEFINITIONAL_REPRESENTATION('',(#3868),#3872);
#3868 = LINE('',#3869,#3870);
#3869 = CARTESIAN_POINT('',(16.284921524084,35.258148885919));
#3870 = VECTOR('',#3871,1.);
#3871 = DIRECTION('',(-0.419311390764,-0.907842473987));
#3872 = ( GEOMETRIC_REPRESENTATION_CONTEXT(2) 
PARAMETRIC_REPRESENTATION_CONTEXT() REPRESENTATION_CONTEXT('2D SPACE',''
  ) );
#3873 = ORIENTED_EDGE('',*,*,#3874,.F.);
#3874 = EDGE_CURVE('',#3789,#3847,#3875,.T.);
#3875 = SURFACE_CURVE('',#3876,(#3880,#3887),.PCURVE_S1.);
#3876 = LINE('',#3877,#3878);
#3877 = CARTESIAN_POINT('',(19.237428806212,-40.24569680497,
    15.269365875039));
#3878 = VECTOR('',#3879,1.);
#3879 = DIRECTION('',(0.878237875651,0.478197080477,5.077991235967E-03)
  );
#3880 = PCURVE('',#3804,#3881);
#3881 = DEFINITIONAL_REPRESENTATION('',(#3882),#3886);
#3882 = LINE('',#3883,#3884);
#3883 = CARTESIAN_POINT('',(14.315929135723,38.873756258509));
#3884 = VECTOR('',#3885,1.);
#3885 = DIRECTION('',(0.478217466454,-0.878241455853));
#3886 = ( GEOMETRIC_REPRESENTATION_CONTEXT(2) 
PARAMETRIC_REPRESENTATION_CONTEXT() REPRESENTATION_CONTEXT('2D SPACE',''
  ) );
#3887 = PCURVE('',#3888,#3893);
#3888 = PLANE('',#3889);
#3889 = AXIS2_PLACEMENT_3D('',#3890,#3891,#3892);
#3890 = CARTESIAN_POINT('',(22.852878006566,-38.27709888845,
    15.290270483987));
#3891 = DIRECTION('',(-0.478210255812,0.878243672796,1.732752225442E-03)
  );
#3892 = DIRECTION('',(0.878244991232,0.47821097371,-1.008765799275E-19)
  );
#3893 = DEFINITIONAL_REPRESENTATION('',(#3894),#3898);
#3894 = LINE('',#3895,#3896);
#3895 = CARTESIAN_POINT('',(-4.116655277769,2.090464033001E-02));
#3896 = VECTOR('',#3897,1.);
#3897 = DIRECTION('',(0.999987106881,-5.077998859142E-03));
#3898 = ( GEOMETRIC_REPRESENTATION_CONTEXT(2) 
PARAMETRIC_REPRESENTATION_CONTEXT() REPRESENTATION_CONTEXT('2D SPACE',''
  ) );
#3899 = ORIENTED_EDGE('',*,*,#3788,.T.);
#3900 = ADVANCED_FACE('',(#3901),#3862,.T.);
#3901 = FACE_BOUND('',#3902,.T.);
#3902 = EDGE_LOOP('',(#3903,#3931,#3957));
#3903 = ORIENTED_EDGE('',*,*,#3904,.F.);
#3904 = EDGE_CURVE('',#3905,#1912,#3907,.T.);
#3905 = VERTEX_POINT('',#3906);
#3906 = CARTESIAN_POINT('',(26.364108733334,-35.91183312805,
    15.287237059576));
#3907 = SURFACE_CURVE('',#3908,(#3912,#3919),.PCURVE_S1.);
#3908 = LINE('',#3909,#3910);
#3909 = CARTESIAN_POINT('',(26.364108733334,-35.91183312805,
    15.287237059576));
#3910 = VECTOR('',#3911,1.);
#3911 = DIRECTION('',(0.862224486182,-0.506526151656,4.394500418097E-04)
  );
#3912 = PCURVE('',#3862,#3913);
#3913 = DEFINITIONAL_REPRESENTATION('',(#3914),#3918);
#3914 = LINE('',#3915,#3916);
#3915 = CARTESIAN_POINT('',(18.650189185464,31.74691812939));
#3916 = VECTOR('',#3917,1.);
#3917 = DIRECTION('',(-0.506526329844,-0.86222449349));
#3918 = ( GEOMETRIC_REPRESENTATION_CONTEXT(2) 
PARAMETRIC_REPRESENTATION_CONTEXT() REPRESENTATION_CONTEXT('2D SPACE',''
  ) );
#3919 = PCURVE('',#3920,#3925);
#3920 = PLANE('',#3921);
#3921 = AXIS2_PLACEMENT_3D('',#3922,#3923,#3924);
#3922 = CARTESIAN_POINT('',(58.111026593637,-54.56201575267,
    15.30341751444));
#3923 = DIRECTION('',(-3.786174567747E-03,-5.577386982219E-03,
    0.99997727856));
#3924 = DIRECTION('',(-2.074349263269E-21,0.999984446033,
    5.577426958899E-03));
#3925 = DEFINITIONAL_REPRESENTATION('',(#3926),#3930);
#3926 = LINE('',#3927,#3928);
#3927 = CARTESIAN_POINT('',(18.649802294999,31.747145410654));
#3928 = VECTOR('',#3929,1.);
#3929 = DIRECTION('',(-0.506515822165,-0.862230666293));
#3930 = ( GEOMETRIC_REPRESENTATION_CONTEXT(2) 
PARAMETRIC_REPRESENTATION_CONTEXT() REPRESENTATION_CONTEXT('2D SPACE',''
  ) );
#3931 = ORIENTED_EDGE('',*,*,#3932,.F.);
#3932 = EDGE_CURVE('',#3847,#3905,#3933,.T.);
#3933 = SURFACE_CURVE('',#3934,(#3938,#3945),.PCURVE_S1.);
#3934 = LINE('',#3935,#3936);
#3935 = CARTESIAN_POINT('',(22.852878006566,-38.27709888845,
    15.290270483987));
#3936 = VECTOR('',#3937,1.);
#3937 = DIRECTION('',(0.829375493618,0.558691128615,-7.165145396494E-04)
  );
#3938 = PCURVE('',#3862,#3939);
#3939 = DEFINITIONAL_REPRESENTATION('',(#3940),#3944);
#3940 = LINE('',#3941,#3942);
#3941 = CARTESIAN_POINT('',(16.284921524084,35.258148885919));
#3942 = VECTOR('',#3943,1.);
#3943 = DIRECTION('',(0.55869157764,-0.829375500648));
#3944 = ( GEOMETRIC_REPRESENTATION_CONTEXT(2) 
PARAMETRIC_REPRESENTATION_CONTEXT() REPRESENTATION_CONTEXT('2D SPACE',''
  ) );
#3945 = PCURVE('',#3946,#3951);
#3946 = PLANE('',#3947);
#3947 = AXIS2_PLACEMENT_3D('',#3948,#3949,#3950);
#3948 = CARTESIAN_POINT('',(26.364108733334,-35.91183312805,
    15.287237059576));
#3949 = DIRECTION('',(-0.558689706168,0.829375346614,1.531878310015E-03)
  );
#3950 = DIRECTION('',(0.829376319743,0.558690361694,-1.137570993809E-19)
  );
#3951 = DEFINITIONAL_REPRESENTATION('',(#3952),#3956);
#3952 = LINE('',#3953,#3954);
#3953 = CARTESIAN_POINT('',(-4.233582801113,-3.033427969679E-03));
#3954 = VECTOR('',#3955,1.);
#3955 = DIRECTION('',(0.999999743303,7.165153803557E-04));
#3956 = ( GEOMETRIC_REPRESENTATION_CONTEXT(2) 
PARAMETRIC_REPRESENTATION_CONTEXT() REPRESENTATION_CONTEXT('2D SPACE',''
  ) );
#3957 = ORIENTED_EDGE('',*,*,#3846,.T.);
#3958 = ADVANCED_FACE('',(#3959),#3920,.T.);
#3959 = FACE_BOUND('',#3960,.T.);
#3960 = EDGE_LOOP('',(#3961,#3989,#4015));
#3961 = ORIENTED_EDGE('',*,*,#3962,.F.);
#3962 = EDGE_CURVE('',#3963,#1912,#3965,.T.);
#3963 = VERTEX_POINT('',#3964);
#3964 = CARTESIAN_POINT('',(29.653061608729,-33.30324230831,
    15.314239343318));
#3965 = SURFACE_CURVE('',#3966,(#3970,#3977),.PCURVE_S1.);
#3966 = LINE('',#3967,#3968);
#3967 = CARTESIAN_POINT('',(29.653061608729,-33.30324230831,
    15.314239343318));
#3968 = VECTOR('',#3969,1.);
#3969 = DIRECTION('',(0.801143051058,-0.598472822213,-3.046540049592E-04
    ));
#3970 = PCURVE('',#3920,#3971);
#3971 = DEFINITIONAL_REPRESENTATION('',(#3972),#3976);
#3972 = LINE('',#3973,#3974);
#3973 = CARTESIAN_POINT('',(21.25850314407,28.458168961243));
#3974 = VECTOR('',#3975,1.);
#3975 = DIRECTION('',(-0.598465212772,-0.80114879336));
#3976 = ( GEOMETRIC_REPRESENTATION_CONTEXT(2) 
PARAMETRIC_REPRESENTATION_CONTEXT() REPRESENTATION_CONTEXT('2D SPACE',''
  ) );
#3977 = PCURVE('',#3978,#3983);
#3978 = PLANE('',#3979);
#3979 = AXIS2_PLACEMENT_3D('',#3980,#3981,#3982);
#3980 = CARTESIAN_POINT('',(58.111026593637,-54.56201575267,
    15.30341751444));
#3981 = DIRECTION('',(3.421414252551E-03,4.071016202499E-03,
    0.999985860276));
#3982 = DIRECTION('',(1.062384417055E-21,0.999991713282,
    -4.07104003052E-03));
#3983 = DEFINITIONAL_REPRESENTATION('',(#3984),#3988);
#3984 = LINE('',#3985,#3986);
#3985 = CARTESIAN_POINT('',(21.258553222809,28.458131551914));
#3986 = VECTOR('',#3987,1.);
#3987 = DIRECTION('',(-0.598466622579,-0.801147740219));
#3988 = ( GEOMETRIC_REPRESENTATION_CONTEXT(2) 
PARAMETRIC_REPRESENTATION_CONTEXT() REPRESENTATION_CONTEXT('2D SPACE',''
  ) );
#3989 = ORIENTED_EDGE('',*,*,#3990,.F.);
#3990 = EDGE_CURVE('',#3905,#3963,#3991,.T.);
#3991 = SURFACE_CURVE('',#3992,(#3996,#4003),.PCURVE_S1.);
#3992 = LINE('',#3993,#3994);
#3993 = CARTESIAN_POINT('',(26.364108733334,-35.91183312805,
    15.287237059576));
#3994 = VECTOR('',#3995,1.);
#3995 = DIRECTION('',(0.783468602563,0.621398080675,6.432272614082E-03)
  );
#3996 = PCURVE('',#3920,#3997);
#3997 = DEFINITIONAL_REPRESENTATION('',(#3998),#4002);
#3998 = LINE('',#3999,#4000);
#3999 = CARTESIAN_POINT('',(18.649802294999,31.747145410654));
#4000 = VECTOR('',#4001,1.);
#4001 = DIRECTION('',(0.621424291001,-0.783474218181));
#4002 = ( GEOMETRIC_REPRESENTATION_CONTEXT(2) 
PARAMETRIC_REPRESENTATION_CONTEXT() REPRESENTATION_CONTEXT('2D SPACE',''
  ) );
#4003 = PCURVE('',#4004,#4009);
#4004 = PLANE('',#4005);
#4005 = AXIS2_PLACEMENT_3D('',#4006,#4007,#4008);
#4006 = CARTESIAN_POINT('',(29.653061608729,-33.30324230831,
    15.314239343318));
#4007 = DIRECTION('',(-0.621399043253,0.783491454506,-2.090397075257E-03
    ));
#4008 = DIRECTION('',(0.783493166347,0.62140040094,2.506574869506E-19));
#4009 = DEFINITIONAL_REPRESENTATION('',(#4010),#4014);
#4010 = LINE('',#4011,#4012);
#4011 = CARTESIAN_POINT('',(-4.197851483582,2.7002342739E-02));
#4012 = VECTOR('',#4013,1.);
#4013 = DIRECTION('',(0.99997931263,-6.432286667871E-03));
#4014 = ( GEOMETRIC_REPRESENTATION_CONTEXT(2) 
PARAMETRIC_REPRESENTATION_CONTEXT() REPRESENTATION_CONTEXT('2D SPACE',''
  ) );
#4015 = ORIENTED_EDGE('',*,*,#3904,.T.);
#4016 = ADVANCED_FACE('',(#4017),#3978,.T.);
#4017 = FACE_BOUND('',#4018,.T.);
#4018 = EDGE_LOOP('',(#4019,#4047,#4073));
#4019 = ORIENTED_EDGE('',*,*,#4020,.F.);
#4020 = EDGE_CURVE('',#4021,#1912,#4023,.T.);
#4021 = VERTEX_POINT('',#4022);
#4022 = CARTESIAN_POINT('',(32.601101883514,-30.42362258338,
    15.292429589364));
#4023 = SURFACE_CURVE('',#4024,(#4028,#4035),.PCURVE_S1.);
#4024 = LINE('',#4025,#4026);
#4025 = CARTESIAN_POINT('',(32.601101883514,-30.42362258338,
    15.292429589364));
#4026 = VECTOR('',#4027,1.);
#4027 = DIRECTION('',(0.726363419749,-0.68731076273,3.128675182246E-04)
  );
#4028 = PCURVE('',#3978,#4029);
#4029 = DEFINITIONAL_REPRESENTATION('',(#4030),#4034);
#4030 = LINE('',#4031,#4032);
#4031 = CARTESIAN_POINT('',(24.138237873522,25.510074021986));
#4032 = VECTOR('',#4033,1.);
#4033 = DIRECTION('',(-0.687306340876,-0.726367671219));
#4034 = ( GEOMETRIC_REPRESENTATION_CONTEXT(2) 
PARAMETRIC_REPRESENTATION_CONTEXT() REPRESENTATION_CONTEXT('2D SPACE',''
  ) );
#4035 = PCURVE('',#4036,#4041);
#4036 = PLANE('',#4037);
#4037 = AXIS2_PLACEMENT_3D('',#4038,#4039,#4040);
#4038 = CARTESIAN_POINT('',(35.313301162388,-27.18470610442,
    15.281253670597));
#4039 = DIRECTION('',(1.581300155615E-03,2.126352572511E-03,
    0.999996489051));
#4040 = DIRECTION('',(2.784314457997E-23,0.999997739304,
    -2.126355230999E-03));
#4041 = DEFINITIONAL_REPRESENTATION('',(#4042),#4046);
#4042 = LINE('',#4043,#4044);
#4043 = CARTESIAN_POINT('',(-3.238932920734,2.71220266982));
#4044 = VECTOR('',#4045,1.);
#4045 = DIRECTION('',(-0.687309874197,-0.72636432789));
#4046 = ( GEOMETRIC_REPRESENTATION_CONTEXT(2) 
PARAMETRIC_REPRESENTATION_CONTEXT() REPRESENTATION_CONTEXT('2D SPACE',''
  ) );
#4047 = ORIENTED_EDGE('',*,*,#4048,.F.);
#4048 = EDGE_CURVE('',#3963,#4021,#4049,.T.);
#4049 = SURFACE_CURVE('',#4050,(#4054,#4061),.PCURVE_S1.);
#4050 = LINE('',#4051,#4052);
#4051 = CARTESIAN_POINT('',(29.653061608729,-33.30324230831,
    15.314239343318));
#4052 = VECTOR('',#4053,1.);
#4053 = DIRECTION('',(0.715349358829,0.698746940982,-5.292191440165E-03)
  );
#4054 = PCURVE('',#3978,#4055);
#4055 = DEFINITIONAL_REPRESENTATION('',(#4056),#4060);
#4056 = LINE('',#4057,#4058);
#4057 = CARTESIAN_POINT('',(21.258553222809,28.458131551914));
#4058 = VECTOR('',#4059,1.);
#4059 = DIRECTION('',(0.698762695387,-0.715353545833));
#4060 = ( GEOMETRIC_REPRESENTATION_CONTEXT(2) 
PARAMETRIC_REPRESENTATION_CONTEXT() REPRESENTATION_CONTEXT('2D SPACE',''
  ) );
#4061 = PCURVE('',#4062,#4067);
#4062 = PLANE('',#4063);
#4063 = AXIS2_PLACEMENT_3D('',#4064,#4065,#4066);
#4064 = CARTESIAN_POINT('',(32.601101883514,-30.42362258338,
    15.292429589364));
#4065 = DIRECTION('',(-0.698763070247,0.715350179266,-2.071879165562E-03
    ));
#4066 = DIRECTION('',(0.715351714657,0.698764570036,1.01757048826E-19));
#4067 = DEFINITIONAL_REPRESENTATION('',(#4068),#4072);
#4068 = LINE('',#4069,#4070);
#4069 = CARTESIAN_POINT('',(-4.121061904402,-2.18098007657E-02));
#4070 = VECTOR('',#4071,1.);
#4071 = DIRECTION('',(0.999985996197,5.292202799053E-03));
#4072 = ( GEOMETRIC_REPRESENTATION_CONTEXT(2) 
PARAMETRIC_REPRESENTATION_CONTEXT() REPRESENTATION_CONTEXT('2D SPACE',''
  ) );
#4073 = ORIENTED_EDGE('',*,*,#3962,.T.);
#4074 = ADVANCED_FACE('',(#4075),#3483,.T.);
#4075 = FACE_BOUND('',#4076,.T.);
#4076 = EDGE_LOOP('',(#4077,#4105,#4106));
#4077 = ORIENTED_EDGE('',*,*,#4078,.F.);
#4078 = EDGE_CURVE('',#1564,#4079,#4081,.T.);
#4079 = VERTEX_POINT('',#4080);
#4080 = CARTESIAN_POINT('',(-28.06452642601,34.699012498066,
    15.253351971607));
#4081 = SURFACE_CURVE('',#4082,(#4086,#4093),.PCURVE_S1.);
#4082 = LINE('',#4083,#4084);
#4083 = CARTESIAN_POINT('',(-58.08985069067,54.543742564304,
    15.285365974211));
#4084 = VECTOR('',#4085,1.);
#4085 = DIRECTION('',(0.834251029283,-0.551384102889,-8.895062843546E-04
    ));
#4086 = PCURVE('',#3483,#4087);
#4087 = DEFINITIONAL_REPRESENTATION('',(#4088),#4092);
#4088 = LINE('',#4089,#4090);
#4089 = CARTESIAN_POINT('',(19.844503449026,30.025491109356));
#4090 = VECTOR('',#4091,1.);
#4091 = DIRECTION('',(-0.551377806349,-0.834255665049));
#4092 = ( GEOMETRIC_REPRESENTATION_CONTEXT(2) 
PARAMETRIC_REPRESENTATION_CONTEXT() REPRESENTATION_CONTEXT('2D SPACE',''
  ) );
#4093 = PCURVE('',#4094,#4099);
#4094 = PLANE('',#4095);
#4095 = AXIS2_PLACEMENT_3D('',#4096,#4097,#4098);
#4096 = CARTESIAN_POINT('',(-24.64823691629,37.114028751569,
    15.300134147194));
#4097 = DIRECTION('',(-6.065272413213E-03,-1.078993366596E-02,
    0.999923391967));
#4098 = DIRECTION('',(7.044921390945E-21,0.99994178483,
    1.079013213894E-02));
#4099 = DEFINITIONAL_REPRESENTATION('',(#4100),#4104);
#4100 = LINE('',#4101,#4102);
#4101 = CARTESIAN_POINT('',(17.428539788439,33.442228908526));
#4102 = VECTOR('',#4103,1.);
#4103 = DIRECTION('',(-0.551361601859,-0.834266374724));
#4104 = ( GEOMETRIC_REPRESENTATION_CONTEXT(2) 
PARAMETRIC_REPRESENTATION_CONTEXT() REPRESENTATION_CONTEXT('2D SPACE',''
  ) );
#4105 = ORIENTED_EDGE('',*,*,#3467,.T.);
#4106 = ORIENTED_EDGE('',*,*,#4107,.T.);
#4107 = EDGE_CURVE('',#3468,#4079,#4108,.T.);
#4108 = SURFACE_CURVE('',#4109,(#4113,#4120),.PCURVE_S1.);
#4109 = LINE('',#4110,#4111);
#4110 = CARTESIAN_POINT('',(-31.17770608206,31.92255659871,
    15.273255804411));
#4111 = VECTOR('',#4112,1.);
#4112 = DIRECTION('',(0.746306443703,0.665585400547,-4.77144280675E-03)
  );
#4113 = PCURVE('',#3483,#4114);
#4114 = DEFINITIONAL_REPRESENTATION('',(#4115),#4119);
#4115 = LINE('',#4116,#4117);
#4116 = CARTESIAN_POINT('',(-2.776507844683,3.113196955362));
#4117 = VECTOR('',#4118,1.);
#4118 = DIRECTION('',(0.665597853131,-0.746310590778));
#4119 = ( GEOMETRIC_REPRESENTATION_CONTEXT(2) 
PARAMETRIC_REPRESENTATION_CONTEXT() REPRESENTATION_CONTEXT('2D SPACE',''
  ) );
#4120 = PCURVE('',#4121,#4126);
#4121 = PLANE('',#4122);
#4122 = AXIS2_PLACEMENT_3D('',#4123,#4124,#4125);
#4123 = CARTESIAN_POINT('',(-31.17770608206,31.92255659871,
    15.273255804411));
#4124 = DIRECTION('',(0.665602302253,-0.746292610858,4.573206131416E-03)
  );
#4125 = DIRECTION('',(-0.746300415042,-0.665609262637,2.894753332229E-19
    ));
#4126 = DEFINITIONAL_REPRESENTATION('',(#4127),#4131);
#4127 = LINE('',#4128,#4129);
#4128 = CARTESIAN_POINT('',(0.,0.));
#4129 = VECTOR('',#4130,1.);
#4130 = DIRECTION('',(-0.999988616364,4.771492703021E-03));
#4131 = ( GEOMETRIC_REPRESENTATION_CONTEXT(2) 
PARAMETRIC_REPRESENTATION_CONTEXT() REPRESENTATION_CONTEXT('2D SPACE',''
  ) );
#4132 = ADVANCED_FACE('',(#4133),#4036,.T.);
#4133 = FACE_BOUND('',#4134,.T.);
#4134 = EDGE_LOOP('',(#4135,#4163,#4164));
#4135 = ORIENTED_EDGE('',*,*,#4136,.F.);
#4136 = EDGE_CURVE('',#4021,#4137,#4139,.T.);
#4137 = VERTEX_POINT('',#4138);
#4138 = CARTESIAN_POINT('',(35.313301162388,-27.18470610442,
    15.281253670597));
#4139 = SURFACE_CURVE('',#4140,(#4144,#4151),.PCURVE_S1.);
#4140 = LINE('',#4141,#4142);
#4141 = CARTESIAN_POINT('',(32.601101883514,-30.42362258338,
    15.292429589364));
#4142 = VECTOR('',#4143,1.);
#4143 = DIRECTION('',(0.642010708624,0.766691105639,-2.645476526383E-03)
  );
#4144 = PCURVE('',#4036,#4145);
#4145 = DEFINITIONAL_REPRESENTATION('',(#4146),#4150);
#4146 = LINE('',#4147,#4148);
#4147 = CARTESIAN_POINT('',(-3.238932920734,2.71220266982));
#4148 = VECTOR('',#4149,1.);
#4149 = DIRECTION('',(0.766694997607,-0.642011511302));
#4150 = ( GEOMETRIC_REPRESENTATION_CONTEXT(2) 
PARAMETRIC_REPRESENTATION_CONTEXT() REPRESENTATION_CONTEXT('2D SPACE',''
  ) );
#4151 = PCURVE('',#4152,#4157);
#4152 = PLANE('',#4153);
#4153 = AXIS2_PLACEMENT_3D('',#4154,#4155,#4156);
#4154 = CARTESIAN_POINT('',(35.313301162388,-27.18470610442,
    15.281253670597));
#4155 = DIRECTION('',(-0.766695159983,0.64201043886,-1.062098804898E-03)
  );
#4156 = DIRECTION('',(-0.642010800971,-0.76669559242,-1.331881396256E-20
    ));
#4157 = DEFINITIONAL_REPRESENTATION('',(#4158),#4162);
#4158 = LINE('',#4159,#4160);
#4159 = CARTESIAN_POINT('',(4.224524220062,1.117592507054E-02));
#4160 = VECTOR('',#4161,1.);
#4161 = DIRECTION('',(-0.999996500717,-2.645478018505E-03));
#4162 = ( GEOMETRIC_REPRESENTATION_CONTEXT(2) 
PARAMETRIC_REPRESENTATION_CONTEXT() REPRESENTATION_CONTEXT('2D SPACE',''
  ) );
#4163 = ORIENTED_EDGE('',*,*,#4020,.T.);
#4164 = ORIENTED_EDGE('',*,*,#4165,.F.);
#4165 = EDGE_CURVE('',#4137,#1912,#4166,.T.);
#4166 = SURFACE_CURVE('',#4167,(#4171,#4178),.PCURVE_S1.);
#4167 = LINE('',#4168,#4169);
#4168 = CARTESIAN_POINT('',(35.313301162388,-27.18470610442,
    15.281253670597));
#4169 = VECTOR('',#4170,1.);
#4170 = DIRECTION('',(0.639907606329,-0.768451604419,6.221152326539E-04)
  );
#4171 = PCURVE('',#4036,#4172);
#4172 = DEFINITIONAL_REPRESENTATION('',(#4173),#4177);
#4173 = LINE('',#4174,#4175);
#4174 = CARTESIAN_POINT('',(0.,0.));
#4175 = VECTOR('',#4176,1.);
#4176 = DIRECTION('',(-0.768451190022,-0.639908406379));
#4177 = ( GEOMETRIC_REPRESENTATION_CONTEXT(2) 
PARAMETRIC_REPRESENTATION_CONTEXT() REPRESENTATION_CONTEXT('2D SPACE',''
  ) );
#4178 = PCURVE('',#4179,#4184);
#4179 = PLANE('',#4180);
#4180 = AXIS2_PLACEMENT_3D('',#4181,#4182,#4183);
#4181 = CARTESIAN_POINT('',(37.697819141536,-23.81709454442,
    15.27773923891));
#4182 = DIRECTION('',(1.518874478709E-04,9.360496900449E-04,
    0.99999955037));
#4183 = DIRECTION('',(4.151270124841E-23,0.999999561905,
    -9.360497008421E-04));
#4184 = DEFINITIONAL_REPRESENTATION('',(#4185),#4189);
#4185 = LINE('',#4186,#4187);
#4186 = CARTESIAN_POINT('',(-3.367613374344,2.384518006654));
#4187 = VECTOR('',#4188,1.);
#4188 = DIRECTION('',(-0.768451850096,-0.639907613711));
#4189 = ( GEOMETRIC_REPRESENTATION_CONTEXT(2) 
PARAMETRIC_REPRESENTATION_CONTEXT() REPRESENTATION_CONTEXT('2D SPACE',''
  ) );
#4190 = ADVANCED_FACE('',(#4191),#4094,.T.);
#4191 = FACE_BOUND('',#4192,.T.);
#4192 = EDGE_LOOP('',(#4193,#4221,#4222));
#4193 = ORIENTED_EDGE('',*,*,#4194,.F.);
#4194 = EDGE_CURVE('',#1564,#4195,#4197,.T.);
#4195 = VERTEX_POINT('',#4196);
#4196 = CARTESIAN_POINT('',(-24.64823691629,37.114028751569,
    15.300134147194));
#4197 = SURFACE_CURVE('',#4198,(#4202,#4209),.PCURVE_S1.);
#4198 = LINE('',#4199,#4200);
#4199 = CARTESIAN_POINT('',(-58.08985069067,54.543742564304,
    15.285365974211));
#4200 = VECTOR('',#4201,1.);
#4201 = DIRECTION('',(0.886781366246,-0.462188982039,3.916121005317E-04)
  );
#4202 = PCURVE('',#4094,#4203);
#4203 = DEFINITIONAL_REPRESENTATION('',(#4204),#4208);
#4204 = LINE('',#4205,#4206);
#4205 = CARTESIAN_POINT('',(17.428539788439,33.442228908526));
#4206 = VECTOR('',#4207,1.);
#4207 = DIRECTION('',(-0.462157850083,-0.886797677944));
#4208 = ( GEOMETRIC_REPRESENTATION_CONTEXT(2) 
PARAMETRIC_REPRESENTATION_CONTEXT() REPRESENTATION_CONTEXT('2D SPACE',''
  ) );
#4209 = PCURVE('',#4210,#4215);
#4210 = PLANE('',#4211);
#4211 = AXIS2_PLACEMENT_3D('',#4212,#4213,#4214);
#4212 = CARTESIAN_POINT('',(-21.05476838052,39.28419624301,
    15.315126795809));
#4213 = DIRECTION('',(-2.169744263084E-03,-3.315699455273E-03,
    0.999992149143));
#4214 = DIRECTION('',(8.134057154754E-24,0.999994503028,
    3.315707260109E-03));
#4215 = DEFINITIONAL_REPRESENTATION('',(#4216),#4220);
#4216 = LINE('',#4217,#4218);
#4217 = CARTESIAN_POINT('',(15.259363761816,37.035169487157));
#4218 = VECTOR('',#4219,1.);
#4219 = DIRECTION('',(-0.462185142928,-0.886783453644));
#4220 = ( GEOMETRIC_REPRESENTATION_CONTEXT(2) 
PARAMETRIC_REPRESENTATION_CONTEXT() REPRESENTATION_CONTEXT('2D SPACE',''
  ) );
#4221 = ORIENTED_EDGE('',*,*,#4078,.T.);
#4222 = ORIENTED_EDGE('',*,*,#4223,.T.);
#4223 = EDGE_CURVE('',#4079,#4195,#4224,.T.);
#4224 = SURFACE_CURVE('',#4225,(#4229,#4236),.PCURVE_S1.);
#4225 = LINE('',#4226,#4227);
#4226 = CARTESIAN_POINT('',(-28.06452642601,34.699012498066,
    15.253351971607));
#4227 = VECTOR('',#4228,1.);
#4228 = DIRECTION('',(0.816520483093,0.577208176409,1.118131367429E-02)
  );
#4229 = PCURVE('',#4094,#4230);
#4230 = DEFINITIONAL_REPRESENTATION('',(#4231),#4235);
#4231 = LINE('',#4232,#4233);
#4232 = CARTESIAN_POINT('',(-2.415380448777,3.416352349873));
#4233 = VECTOR('',#4234,1.);
#4234 = DIRECTION('',(0.577295221989,-0.816535502393));
#4235 = ( GEOMETRIC_REPRESENTATION_CONTEXT(2) 
PARAMETRIC_REPRESENTATION_CONTEXT() REPRESENTATION_CONTEXT('2D SPACE',''
  ) );
#4236 = PCURVE('',#4237,#4242);
#4237 = PLANE('',#4238);
#4238 = AXIS2_PLACEMENT_3D('',#4239,#4240,#4241);
#4239 = CARTESIAN_POINT('',(-28.06452642601,34.699012498066,
    15.253351971607));
#4240 = DIRECTION('',(0.577262686111,-0.816555631293,-2.166155089086E-03
    ));
#4241 = DIRECTION('',(-0.816557547032,-0.57726404044,1.105751125598E-19)
  );
#4242 = DEFINITIONAL_REPRESENTATION('',(#4243),#4247);
#4243 = LINE('',#4244,#4245);
#4244 = CARTESIAN_POINT('',(0.,0.));
#4245 = VECTOR('',#4246,1.);
#4246 = DIRECTION('',(-0.999937486865,-1.118133990702E-02));
#4247 = ( GEOMETRIC_REPRESENTATION_CONTEXT(2) 
PARAMETRIC_REPRESENTATION_CONTEXT() REPRESENTATION_CONTEXT('2D SPACE',''
  ) );
#4248 = ADVANCED_FACE('',(#4249),#4179,.T.);
#4249 = FACE_BOUND('',#4250,.T.);
#4250 = EDGE_LOOP('',(#4251,#4279,#4280));
#4251 = ORIENTED_EDGE('',*,*,#4252,.F.);
#4252 = EDGE_CURVE('',#4137,#4253,#4255,.T.);
#4253 = VERTEX_POINT('',#4254);
#4254 = CARTESIAN_POINT('',(37.697819141536,-23.81709454442,
    15.27773923891));
#4255 = SURFACE_CURVE('',#4256,(#4260,#4267),.PCURVE_S1.);
#4256 = LINE('',#4257,#4258);
#4257 = CARTESIAN_POINT('',(35.313301162388,-27.18470610442,
    15.281253670597));
#4258 = VECTOR('',#4259,1.);
#4259 = DIRECTION('',(0.577876153192,0.816124026218,-8.517051588253E-04)
  );
#4260 = PCURVE('',#4179,#4261);
#4261 = DEFINITIONAL_REPRESENTATION('',(#4262),#4266);
#4262 = LINE('',#4263,#4264);
#4263 = CARTESIAN_POINT('',(-3.367613374344,2.384518006654));
#4264 = VECTOR('',#4265,1.);
#4265 = DIRECTION('',(0.816124465917,-0.577876159857));
#4266 = ( GEOMETRIC_REPRESENTATION_CONTEXT(2) 
PARAMETRIC_REPRESENTATION_CONTEXT() REPRESENTATION_CONTEXT('2D SPACE',''
  ) );
#4267 = PCURVE('',#4268,#4273);
#4268 = PLANE('',#4269);
#4269 = AXIS2_PLACEMENT_3D('',#4270,#4271,#4272);
#4270 = CARTESIAN_POINT('',(37.697819141536,-23.81709454442,
    15.27773923891));
#4271 = DIRECTION('',(-0.816124340914,0.57787515825,-1.166895711015E-03)
  );
#4272 = DIRECTION('',(-0.577875551681,-0.816124896551,2.675820147931E-20
    ));
#4273 = DEFINITIONAL_REPRESENTATION('',(#4274),#4278);
#4274 = LINE('',#4275,#4276);
#4275 = CARTESIAN_POINT('',(4.126346278716,3.514434080079E-03));
#4276 = VECTOR('',#4277,1.);
#4277 = DIRECTION('',(-0.999999637299,-8.517057386862E-04));
#4278 = ( GEOMETRIC_REPRESENTATION_CONTEXT(2) 
PARAMETRIC_REPRESENTATION_CONTEXT() REPRESENTATION_CONTEXT('2D SPACE',''
  ) );
#4279 = ORIENTED_EDGE('',*,*,#4165,.T.);
#4280 = ORIENTED_EDGE('',*,*,#4281,.F.);
#4281 = EDGE_CURVE('',#4253,#1912,#4282,.T.);
#4282 = SURFACE_CURVE('',#4283,(#4287,#4294),.PCURVE_S1.);
#4283 = LINE('',#4284,#4285);
#4284 = CARTESIAN_POINT('',(37.697819141536,-23.81709454442,
    15.27773923891));
#4285 = VECTOR('',#4286,1.);
#4286 = DIRECTION('',(0.553134423035,-0.833091727191,6.958013900247E-04)
  );
#4287 = PCURVE('',#4179,#4288);
#4288 = DEFINITIONAL_REPRESENTATION('',(#4289),#4293);
#4289 = LINE('',#4290,#4291);
#4290 = CARTESIAN_POINT('',(0.,0.));
#4291 = VECTOR('',#4292,1.);
#4292 = DIRECTION('',(-0.833092013523,-0.553134429415));
#4293 = ( GEOMETRIC_REPRESENTATION_CONTEXT(2) 
PARAMETRIC_REPRESENTATION_CONTEXT() REPRESENTATION_CONTEXT('2D SPACE',''
  ) );
#4294 = PCURVE('',#4295,#4300);
#4295 = PLANE('',#4296);
#4296 = AXIS2_PLACEMENT_3D('',#4297,#4298,#4299);
#4297 = CARTESIAN_POINT('',(39.788505333758,-20.1960156095,
    15.279470741278));
#4298 = DIRECTION('',(-1.058048541187E-03,1.327079857518E-04,
    0.999999431461));
#4299 = DIRECTION('',(0.999999440266,9.914897060124E-24,
    1.058048550503E-03));
#4300 = DEFINITIONAL_REPRESENTATION('',(#4301),#4305);
#4301 = LINE('',#4302,#4303);
#4302 = CARTESIAN_POINT('',(-2.090686854008,-3.621078966808));
#4303 = VECTOR('',#4304,1.);
#4304 = DIRECTION('',(0.553134849619,-0.833091734527));
#4305 = ( GEOMETRIC_REPRESENTATION_CONTEXT(2) 
PARAMETRIC_REPRESENTATION_CONTEXT() REPRESENTATION_CONTEXT('2D SPACE',''
  ) );
#4306 = ADVANCED_FACE('',(#4307),#4210,.T.);
#4307 = FACE_BOUND('',#4308,.T.);
#4308 = EDGE_LOOP('',(#4309,#4337,#4338));
#4309 = ORIENTED_EDGE('',*,*,#4310,.F.);
#4310 = EDGE_CURVE('',#1564,#4311,#4313,.T.);
#4311 = VERTEX_POINT('',#4312);
#4312 = CARTESIAN_POINT('',(-21.05476838052,39.28419624301,
    15.315126795809));
#4313 = SURFACE_CURVE('',#4314,(#4318,#4325),.PCURVE_S1.);
#4314 = LINE('',#4315,#4316);
#4315 = CARTESIAN_POINT('',(-58.08985069067,54.543742564304,
    15.285365974211));
#4316 = VECTOR('',#4317,1.);
#4317 = DIRECTION('',(0.924591624372,-0.380959021563,7.429875854882E-04)
  );
#4318 = PCURVE('',#4210,#4319);
#4319 = DEFINITIONAL_REPRESENTATION('',(#4320),#4324);
#4320 = LINE('',#4321,#4322);
#4321 = CARTESIAN_POINT('',(15.259363761816,37.035169487157));
#4322 = VECTOR('',#4323,1.);
#4323 = DIRECTION('',(-0.380954463913,-0.924593800771));
#4324 = ( GEOMETRIC_REPRESENTATION_CONTEXT(2) 
PARAMETRIC_REPRESENTATION_CONTEXT() REPRESENTATION_CONTEXT('2D SPACE',''
  ) );
#4325 = PCURVE('',#4326,#4331);
#4326 = PLANE('',#4327);
#4327 = AXIS2_PLACEMENT_3D('',#4328,#4329,#4330);
#4328 = CARTESIAN_POINT('',(-17.29876890726,41.085264974659,
    15.304812906314));
#4329 = DIRECTION('',(8.36842108941E-04,3.981317033584E-03,
    0.999991724371));
#4330 = DIRECTION('',(-3.042296580799E-22,0.99999207452,
    -3.981318427653E-03));
#4331 = DEFINITIONAL_REPRESENTATION('',(#4332),#4336);
#4332 = LINE('',#4333,#4334);
#4333 = CARTESIAN_POINT('',(13.458448349184,40.791096066516));
#4334 = VECTOR('',#4335,1.);
#4335 = DIRECTION('',(-0.38095896035,-0.92459194812));
#4336 = ( GEOMETRIC_REPRESENTATION_CONTEXT(2) 
PARAMETRIC_REPRESENTATION_CONTEXT() REPRESENTATION_CONTEXT('2D SPACE',''
  ) );
#4337 = ORIENTED_EDGE('',*,*,#4194,.T.);
#4338 = ORIENTED_EDGE('',*,*,#4339,.T.);
#4339 = EDGE_CURVE('',#4195,#4311,#4340,.T.);
#4340 = SURFACE_CURVE('',#4341,(#4345,#4352),.PCURVE_S1.);
#4341 = LINE('',#4342,#4343);
#4342 = CARTESIAN_POINT('',(-24.64823691629,37.114028751569,
    15.300134147194));
#4343 = VECTOR('',#4344,1.);
#4344 = DIRECTION('',(0.85600352761,0.516957644038,3.5714129606E-03));
#4345 = PCURVE('',#4210,#4346);
#4346 = DEFINITIONAL_REPRESENTATION('',(#4347),#4351);
#4347 = LINE('',#4348,#4349);
#4348 = CARTESIAN_POINT('',(-2.170205273324,3.593476994451));
#4349 = VECTOR('',#4350,1.);
#4350 = DIRECTION('',(0.516966644096,-0.856005542559));
#4351 = ( GEOMETRIC_REPRESENTATION_CONTEXT(2) 
PARAMETRIC_REPRESENTATION_CONTEXT() REPRESENTATION_CONTEXT('2D SPACE',''
  ) );
#4352 = PCURVE('',#4353,#4358);
#4353 = PLANE('',#4354);
#4354 = AXIS2_PLACEMENT_3D('',#4355,#4356,#4357);
#4355 = CARTESIAN_POINT('',(-24.64823691629,37.114028751569,
    15.300134147194));
#4356 = DIRECTION('',(0.516962077997,-0.856008213826,-3.844163986237E-04
    ));
#4357 = DIRECTION('',(-0.856008277074,-0.516962116194,
    -1.161676330423E-20));
#4358 = DEFINITIONAL_REPRESENTATION('',(#4359),#4363);
#4359 = LINE('',#4360,#4361);
#4360 = CARTESIAN_POINT('',(-0.,0.));
#4361 = VECTOR('',#4362,1.);
#4362 = DIRECTION('',(-0.999993622483,-3.571413224485E-03));
#4363 = ( GEOMETRIC_REPRESENTATION_CONTEXT(2) 
PARAMETRIC_REPRESENTATION_CONTEXT() REPRESENTATION_CONTEXT('2D SPACE',''
  ) );
#4364 = ADVANCED_FACE('',(#4365),#4295,.T.);
#4365 = FACE_BOUND('',#4366,.T.);
#4366 = EDGE_LOOP('',(#4367,#4395,#4396));
#4367 = ORIENTED_EDGE('',*,*,#4368,.F.);
#4368 = EDGE_CURVE('',#4253,#4369,#4371,.T.);
#4369 = VERTEX_POINT('',#4370);
#4370 = CARTESIAN_POINT('',(39.788505333758,-20.1960156095,
    15.279470741278));
#4371 = SURFACE_CURVE('',#4372,(#4376,#4383),.PCURVE_S1.);
#4372 = LINE('',#4373,#4374);
#4373 = CARTESIAN_POINT('',(37.697819141536,-23.81709454442,
    15.27773923891));
#4374 = VECTOR('',#4375,1.);
#4375 = DIRECTION('',(0.500009875277,0.866019603208,4.14107237389E-04));
#4376 = PCURVE('',#4295,#4377);
#4377 = DEFINITIONAL_REPRESENTATION('',(#4378),#4382);
#4378 = LINE('',#4379,#4380);
#4379 = CARTESIAN_POINT('',(-2.090686854008,-3.621078966808));
#4380 = VECTOR('',#4381,1.);
#4381 = DIRECTION('',(0.500010033551,0.866019610834));
#4382 = ( GEOMETRIC_REPRESENTATION_CONTEXT(2) 
PARAMETRIC_REPRESENTATION_CONTEXT() REPRESENTATION_CONTEXT('2D SPACE',''
  ) );
#4383 = PCURVE('',#4384,#4389);
#4384 = PLANE('',#4385);
#4385 = AXIS2_PLACEMENT_3D('',#4386,#4387,#4388);
#4386 = CARTESIAN_POINT('',(39.788505333758,-20.1960156095,
    15.279470741278));
#4387 = DIRECTION('',(-0.866010654027,0.500002408176,4.810294213183E-03)
  );
#4388 = DIRECTION('',(-0.500008193036,-0.866020673481,8.317362890114E-21
    ));
#4389 = DEFINITIONAL_REPRESENTATION('',(#4390),#4394);
#4390 = LINE('',#4391,#4392);
#4391 = CARTESIAN_POINT('',(4.181289443128,-1.731522401388E-03));
#4392 = VECTOR('',#4393,1.);
#4393 = DIRECTION('',(-0.999999914256,4.141120284714E-04));
#4394 = ( GEOMETRIC_REPRESENTATION_CONTEXT(2) 
PARAMETRIC_REPRESENTATION_CONTEXT() REPRESENTATION_CONTEXT('2D SPACE',''
  ) );
#4395 = ORIENTED_EDGE('',*,*,#4281,.T.);
#4396 = ORIENTED_EDGE('',*,*,#4397,.F.);
#4397 = EDGE_CURVE('',#4369,#1912,#4398,.T.);
#4398 = SURFACE_CURVE('',#4399,(#4403,#4410),.PCURVE_S1.);
#4399 = LINE('',#4400,#4401);
#4400 = CARTESIAN_POINT('',(39.788505333758,-20.1960156095,
    15.279470741278));
#4401 = VECTOR('',#4402,1.);
#4402 = DIRECTION('',(0.470467954474,-0.882416866188,6.14882047396E-04)
  );
#4403 = PCURVE('',#4295,#4404);
#4404 = DEFINITIONAL_REPRESENTATION('',(#4405),#4409);
#4405 = LINE('',#4406,#4407);
#4406 = CARTESIAN_POINT('',(0.,0.));
#4407 = VECTOR('',#4408,1.);
#4408 = DIRECTION('',(0.470468341712,-0.882416873958));
#4409 = ( GEOMETRIC_REPRESENTATION_CONTEXT(2) 
PARAMETRIC_REPRESENTATION_CONTEXT() REPRESENTATION_CONTEXT('2D SPACE',''
  ) );
#4410 = PCURVE('',#4411,#4416);
#4411 = PLANE('',#4412);
#4412 = AXIS2_PLACEMENT_3D('',#4413,#4414,#4415);
#4413 = CARTESIAN_POINT('',(41.491387311439,-16.35610689021,
    15.325962925829));
#4414 = DIRECTION('',(-1.310948735045E-02,-6.292690991318E-03,
    0.999894266101));
#4415 = DIRECTION('',(0.999914063575,-6.842959149466E-21,
    1.310974691264E-02));
#4416 = DEFINITIONAL_REPRESENTATION('',(#4417),#4421);
#4417 = LINE('',#4418,#4419);
#4418 = CARTESIAN_POINT('',(-1.703345138866,-3.839984747824));
#4419 = VECTOR('',#4420,1.);
#4420 = DIRECTION('',(0.470435585088,-0.882434337661));
#4421 = ( GEOMETRIC_REPRESENTATION_CONTEXT(2) 
PARAMETRIC_REPRESENTATION_CONTEXT() REPRESENTATION_CONTEXT('2D SPACE',''
  ) );
#4422 = ADVANCED_FACE('',(#4423),#4326,.T.);
#4423 = FACE_BOUND('',#4424,.T.);
#4424 = EDGE_LOOP('',(#4425,#4453,#4454));
#4425 = ORIENTED_EDGE('',*,*,#4426,.F.);
#4426 = EDGE_CURVE('',#1564,#4427,#4429,.T.);
#4427 = VERTEX_POINT('',#4428);
#4428 = CARTESIAN_POINT('',(-17.29876890726,41.085264974659,
    15.304812906314));
#4429 = SURFACE_CURVE('',#4430,(#4434,#4441),.PCURVE_S1.);
#4430 = LINE('',#4431,#4432);
#4431 = CARTESIAN_POINT('',(-58.08985069067,54.543742564304,
    15.285365974211));
#4432 = VECTOR('',#4433,1.);
#4433 = DIRECTION('',(0.949646420738,-0.313323268538,4.5273889927E-04));
#4434 = PCURVE('',#4326,#4435);
#4435 = DEFINITIONAL_REPRESENTATION('',(#4436),#4440);
#4436 = LINE('',#4437,#4438);
#4437 = CARTESIAN_POINT('',(13.458448349184,40.791096066516));
#4438 = VECTOR('',#4439,1.);
#4439 = DIRECTION('',(-0.313322587799,-0.949646753259));
#4440 = ( GEOMETRIC_REPRESENTATION_CONTEXT(2) 
PARAMETRIC_REPRESENTATION_CONTEXT() REPRESENTATION_CONTEXT('2D SPACE',''
  ) );
#4441 = PCURVE('',#4442,#4447);
#4442 = PLANE('',#4443);
#4443 = AXIS2_PLACEMENT_3D('',#4444,#4445,#4446);
#4444 = CARTESIAN_POINT('',(-13.36535558695,42.554796703279,
    15.301187772935));
#4445 = DIRECTION('',(1.790447901163E-04,1.987618872681E-03,
    0.999998008655));
#4446 = DIRECTION('',(4.178706424383E-23,0.999998024684,
    -1.98761890454E-03));
#4447 = DEFINITIONAL_REPRESENTATION('',(#4448),#4452);
#4448 = LINE('',#4449,#4450);
#4449 = CARTESIAN_POINT('',(11.988953626769,44.724495820585));
#4450 = VECTOR('',#4451,1.);
#4451 = DIRECTION('',(-0.313323549498,-0.949646435959));
#4452 = ( GEOMETRIC_REPRESENTATION_CONTEXT(2) 
PARAMETRIC_REPRESENTATION_CONTEXT() REPRESENTATION_CONTEXT('2D SPACE',''
  ) );
#4453 = ORIENTED_EDGE('',*,*,#4310,.T.);
#4454 = ORIENTED_EDGE('',*,*,#4455,.T.);
#4455 = EDGE_CURVE('',#4311,#4427,#4456,.T.);
#4456 = SURFACE_CURVE('',#4457,(#4461,#4468),.PCURVE_S1.);
#4457 = LINE('',#4458,#4459);
#4458 = CARTESIAN_POINT('',(-21.05476838052,39.28419624301,
    15.315126795809));
#4459 = VECTOR('',#4460,1.);
#4460 = DIRECTION('',(0.901689833682,0.432376355921,-2.476019863399E-03)
  );
#4461 = PCURVE('',#4326,#4462);
#4462 = DEFINITIONAL_REPRESENTATION('',(#4463),#4467);
#4463 = LINE('',#4464,#4465);
#4464 = CARTESIAN_POINT('',(-1.801095520194,3.756000788437));
#4465 = VECTOR('',#4466,1.);
#4466 = DIRECTION('',(0.432382786954,-0.901690149411));
#4467 = ( GEOMETRIC_REPRESENTATION_CONTEXT(2) 
PARAMETRIC_REPRESENTATION_CONTEXT() REPRESENTATION_CONTEXT('2D SPACE',''
  ) );
#4468 = PCURVE('',#4469,#4474);
#4469 = PLANE('',#4470);
#4470 = AXIS2_PLACEMENT_3D('',#4471,#4472,#4473);
#4471 = CARTESIAN_POINT('',(-21.05476838052,39.28419624301,
    15.315126795809));
#4472 = DIRECTION('',(0.432376971213,-0.901692885297,-3.088193735639E-04
    ));
#4473 = DIRECTION('',(-0.901692928294,-0.432376991831,-7.73574201685E-21
    ));
#4474 = DEFINITIONAL_REPRESENTATION('',(#4475),#4479);
#4475 = LINE('',#4476,#4477);
#4476 = CARTESIAN_POINT('',(-0.,0.));
#4477 = VECTOR('',#4478,1.);
#4478 = DIRECTION('',(-0.999996934658,2.476019981467E-03));
#4479 = ( GEOMETRIC_REPRESENTATION_CONTEXT(2) 
PARAMETRIC_REPRESENTATION_CONTEXT() REPRESENTATION_CONTEXT('2D SPACE',''
  ) );
#4480 = ADVANCED_FACE('',(#4481),#4411,.T.);
#4481 = FACE_BOUND('',#4482,.T.);
#4482 = EDGE_LOOP('',(#4483,#4511,#4512));
#4483 = ORIENTED_EDGE('',*,*,#4484,.F.);
#4484 = EDGE_CURVE('',#4369,#4485,#4487,.T.);
#4485 = VERTEX_POINT('',#4486);
#4486 = CARTESIAN_POINT('',(41.491387311439,-16.35610689021,
    15.325962925829));
#4487 = SURFACE_CURVE('',#4488,(#4492,#4499),.PCURVE_S1.);
#4488 = LINE('',#4489,#4490);
#4489 = CARTESIAN_POINT('',(39.788505333758,-20.1960156095,
    15.279470741278));
#4490 = VECTOR('',#4491,1.);
#4491 = DIRECTION('',(0.405369189346,0.914086064156,1.1067413602E-02));
#4492 = PCURVE('',#4411,#4493);
#4493 = DEFINITIONAL_REPRESENTATION('',(#4494),#4498);
#4494 = LINE('',#4495,#4496);
#4495 = CARTESIAN_POINT('',(-1.703345138866,-3.839984747824));
#4496 = VECTOR('',#4497,1.);
#4497 = DIRECTION('',(0.405479444359,0.914104162666));
#4498 = ( GEOMETRIC_REPRESENTATION_CONTEXT(2) 
PARAMETRIC_REPRESENTATION_CONTEXT() REPRESENTATION_CONTEXT('2D SPACE',''
  ) );
#4499 = PCURVE('',#4500,#4505);
#4500 = PLANE('',#4501);
#4501 = AXIS2_PLACEMENT_3D('',#4502,#4503,#4504);
#4502 = CARTESIAN_POINT('',(41.491387311439,-16.35610689021,
    15.325962925829));
#4503 = DIRECTION('',(-0.914153002078,0.405343828501,4.546370770487E-03)
  );
#4504 = DIRECTION('',(-0.405348017691,-0.914162449762,1.039246864352E-19
    ));
#4505 = DEFINITIONAL_REPRESENTATION('',(#4506),#4510);
#4506 = LINE('',#4507,#4508);
#4507 = CARTESIAN_POINT('',(4.200560195702,-4.649266504329E-02));
#4508 = VECTOR('',#4509,1.);
#4509 = DIRECTION('',(-0.999938753037,1.106752798265E-02));
#4510 = ( GEOMETRIC_REPRESENTATION_CONTEXT(2) 
PARAMETRIC_REPRESENTATION_CONTEXT() REPRESENTATION_CONTEXT('2D SPACE',''
  ) );
#4511 = ORIENTED_EDGE('',*,*,#4397,.T.);
#4512 = ORIENTED_EDGE('',*,*,#4513,.F.);
#4513 = EDGE_CURVE('',#4485,#1912,#4514,.T.);
#4514 = SURFACE_CURVE('',#4515,(#4519,#4526),.PCURVE_S1.);
#4515 = LINE('',#4516,#4517);
#4516 = CARTESIAN_POINT('',(41.491387311439,-16.35610689021,
    15.325962925829));
#4517 = VECTOR('',#4518,1.);
#4518 = DIRECTION('',(0.39889509195,-0.916996408283,-5.411220903429E-04)
  );
#4519 = PCURVE('',#4411,#4520);
#4520 = DEFINITIONAL_REPRESENTATION('',(#4521),#4525);
#4521 = LINE('',#4522,#4523);
#4522 = CARTESIAN_POINT('',(0.,0.));
#4523 = VECTOR('',#4524,1.);
#4524 = DIRECTION('',(0.398853718359,-0.917014564416));
#4525 = ( GEOMETRIC_REPRESENTATION_CONTEXT(2) 
PARAMETRIC_REPRESENTATION_CONTEXT() REPRESENTATION_CONTEXT('2D SPACE',''
  ) );
#4526 = PCURVE('',#4527,#4532);
#4527 = PLANE('',#4528);
#4528 = AXIS2_PLACEMENT_3D('',#4529,#4530,#4531);
#4529 = CARTESIAN_POINT('',(42.811276646021,-12.35662924155,
    15.267274996997));
#4530 = DIRECTION('',(1.994787046601E-02,8.087393623605E-03,
    0.999768311424));
#4531 = DIRECTION('',(0.999801008419,-4.260808510965E-20,
    -1.994852285258E-02));
#4532 = DEFINITIONAL_REPRESENTATION('',(#4533),#4537);
#4533 = LINE('',#4534,#4535);
#4534 = CARTESIAN_POINT('',(-1.320797425206,-3.999608449862));
#4535 = VECTOR('',#4536,1.);
#4536 = DIRECTION('',(0.398826509772,-0.917026398259));
#4537 = ( GEOMETRIC_REPRESENTATION_CONTEXT(2) 
PARAMETRIC_REPRESENTATION_CONTEXT() REPRESENTATION_CONTEXT('2D SPACE',''
  ) );
#4538 = ADVANCED_FACE('',(#4539),#4442,.T.);
#4539 = FACE_BOUND('',#4540,.T.);
#4540 = EDGE_LOOP('',(#4541,#4564,#4565));
#4541 = ORIENTED_EDGE('',*,*,#4542,.F.);
#4542 = EDGE_CURVE('',#1564,#4543,#4545,.T.);
#4543 = VERTEX_POINT('',#4544);
#4544 = CARTESIAN_POINT('',(-13.36535558695,42.554796703279,
    15.301187772935));
#4545 = SURFACE_CURVE('',#4546,(#4550,#4557),.PCURVE_S1.);
#4546 = LINE('',#4547,#4548);
#4547 = CARTESIAN_POINT('',(-58.08985069067,54.543742564304,
    15.285365974211));
#4548 = VECTOR('',#4549,1.);
#4549 = DIRECTION('',(0.9658984798,-0.258920856562,3.41697570882E-04));
#4550 = PCURVE('',#4442,#4551);
#4551 = DEFINITIONAL_REPRESENTATION('',(#4552),#4556);
#4552 = LINE('',#4553,#4554);
#4553 = CARTESIAN_POINT('',(11.988953626769,44.724495820585));
#4554 = VECTOR('',#4555,1.);
#4555 = DIRECTION('',(-0.258921024276,-0.965898495282));
#4556 = ( GEOMETRIC_REPRESENTATION_CONTEXT(2) 
PARAMETRIC_REPRESENTATION_CONTEXT() REPRESENTATION_CONTEXT('2D SPACE',''
  ) );
#4557 = PCURVE('',#1870,#4558);
#4558 = DEFINITIONAL_REPRESENTATION('',(#4559),#4563);
#4559 = LINE('',#4560,#4561);
#4560 = CARTESIAN_POINT('',(10.932913852932,48.766858385448));
#4561 = VECTOR('',#4562,1.);
#4562 = DIRECTION('',(-0.258794176758,-0.965932489399));
#4563 = ( GEOMETRIC_REPRESENTATION_CONTEXT(2) 
PARAMETRIC_REPRESENTATION_CONTEXT() REPRESENTATION_CONTEXT('2D SPACE',''
  ) );
#4564 = ORIENTED_EDGE('',*,*,#4426,.T.);
#4565 = ORIENTED_EDGE('',*,*,#4566,.T.);
#4566 = EDGE_CURVE('',#4427,#4543,#4567,.T.);
#4567 = SURFACE_CURVE('',#4568,(#4572,#4579),.PCURVE_S1.);
#4568 = LINE('',#4569,#4570);
#4569 = CARTESIAN_POINT('',(-17.29876890726,41.085264974659,
    15.304812906314));
#4570 = VECTOR('',#4571,1.);
#4571 = DIRECTION('',(0.936758623995,0.34997504913,-8.63340483049E-04));
#4572 = PCURVE('',#4442,#4573);
#4573 = DEFINITIONAL_REPRESENTATION('',(#4574),#4578);
#4574 = LINE('',#4575,#4576);
#4575 = CARTESIAN_POINT('',(-1.469536031214,3.93341338335));
#4576 = VECTOR('',#4577,1.);
#4577 = DIRECTION('',(0.34997607381,-0.93675863901));
#4578 = ( GEOMETRIC_REPRESENTATION_CONTEXT(2) 
PARAMETRIC_REPRESENTATION_CONTEXT() REPRESENTATION_CONTEXT('2D SPACE',''
  ) );
#4579 = PCURVE('',#4580,#4585);
#4580 = PLANE('',#4581);
#4581 = AXIS2_PLACEMENT_3D('',#4582,#4583,#4584);
#4582 = CARTESIAN_POINT('',(-17.29876890726,41.085264974659,
    15.304812906314));
#4583 = DIRECTION('',(0.349976063681,-0.936756961865,1.774612178044E-03)
  );
#4584 = DIRECTION('',(-0.936758436908,-0.349976614764,
    -9.278809086235E-21));
#4585 = DEFINITIONAL_REPRESENTATION('',(#4586),#4590);
#4586 = LINE('',#4587,#4588);
#4587 = CARTESIAN_POINT('',(-0.,0.));
#4588 = VECTOR('',#4589,1.);
#4589 = DIRECTION('',(-0.99999962732,8.633418424891E-04));
#4590 = ( GEOMETRIC_REPRESENTATION_CONTEXT(2) 
PARAMETRIC_REPRESENTATION_CONTEXT() REPRESENTATION_CONTEXT('2D SPACE',''
  ) );
#4591 = ADVANCED_FACE('',(#4592),#4527,.T.);
#4592 = FACE_BOUND('',#4593,.T.);
#4593 = EDGE_LOOP('',(#4594,#4622,#4623));
#4594 = ORIENTED_EDGE('',*,*,#4595,.F.);
#4595 = EDGE_CURVE('',#4485,#4596,#4598,.T.);
#4596 = VERTEX_POINT('',#4597);
#4597 = CARTESIAN_POINT('',(42.811276646021,-12.35662924155,
    15.267274996997));
#4598 = SURFACE_CURVE('',#4599,(#4603,#4610),.PCURVE_S1.);
#4599 = LINE('',#4600,#4601);
#4600 = CARTESIAN_POINT('',(41.491387311439,-16.35610689021,
    15.325962925829));
#4601 = VECTOR('',#4602,1.);
#4602 = DIRECTION('',(0.313360245619,0.949532105074,-1.393333767595E-02)
  );
#4603 = PCURVE('',#4527,#4604);
#4604 = DEFINITIONAL_REPRESENTATION('',(#4605),#4609);
#4605 = LINE('',#4606,#4607);
#4606 = CARTESIAN_POINT('',(-1.320797425206,-3.999608449862));
#4607 = VECTOR('',#4608,1.);
#4608 = DIRECTION('',(0.313575839073,0.949563159116));
#4609 = ( GEOMETRIC_REPRESENTATION_CONTEXT(2) 
PARAMETRIC_REPRESENTATION_CONTEXT() REPRESENTATION_CONTEXT('2D SPACE',''
  ) );
#4610 = PCURVE('',#4611,#4616);
#4611 = PLANE('',#4612);
#4612 = AXIS2_PLACEMENT_3D('',#4613,#4614,#4615);
#4613 = CARTESIAN_POINT('',(42.811276646021,-12.35662924155,
    15.267274996997));
#4614 = DIRECTION('',(-0.94962202845,0.313397130983,4.912983837184E-04)
  );
#4615 = DIRECTION('',(-0.313397168806,-0.949622143057,2.483232950335E-20
    ));
#4616 = DEFINITIONAL_REPRESENTATION('',(#4617),#4621);
#4617 = LINE('',#4618,#4619);
#4618 = CARTESIAN_POINT('',(4.211642116422,5.868793591473E-02));
#4619 = VECTOR('',#4620,1.);
#4620 = DIRECTION('',(-0.999902926316,-1.393333935753E-02));
#4621 = ( GEOMETRIC_REPRESENTATION_CONTEXT(2) 
PARAMETRIC_REPRESENTATION_CONTEXT() REPRESENTATION_CONTEXT('2D SPACE',''
  ) );
#4622 = ORIENTED_EDGE('',*,*,#4513,.T.);
#4623 = ORIENTED_EDGE('',*,*,#4624,.F.);
#4624 = EDGE_CURVE('',#4596,#1912,#4625,.T.);
#4625 = SURFACE_CURVE('',#4626,(#4630,#4637),.PCURVE_S1.);
#4626 = LINE('',#4627,#4628);
#4627 = CARTESIAN_POINT('',(42.811276646021,-12.35662924155,
    15.267274996997));
#4628 = VECTOR('',#4629,1.);
#4629 = DIRECTION('',(0.340805067167,-0.940133638392,8.050819867535E-04)
  );
#4630 = PCURVE('',#4527,#4631);
#4631 = DEFINITIONAL_REPRESENTATION('',(#4632),#4636);
#4632 = LINE('',#4633,#4634);
#4633 = CARTESIAN_POINT('',(0.,0.));
#4634 = VECTOR('',#4635,1.);
#4635 = DIRECTION('',(0.340721189632,-0.94016438506));
#4636 = ( GEOMETRIC_REPRESENTATION_CONTEXT(2) 
PARAMETRIC_REPRESENTATION_CONTEXT() REPRESENTATION_CONTEXT('2D SPACE',''
  ) );
#4637 = PCURVE('',#4638,#4643);
#4638 = PLANE('',#4639);
#4639 = AXIS2_PLACEMENT_3D('',#4640,#4641,#4642);
#4640 = CARTESIAN_POINT('',(43.80414090841,-8.338007718988,
    15.320885591843));
#4641 = DIRECTION('',(-2.328291549253E-02,-7.584129218901E-03,
    0.99970014846));
#4642 = DIRECTION('',(0.999728900584,-1.142648165557E-22,
    2.328358512661E-02));
#4643 = DEFINITIONAL_REPRESENTATION('',(#4644),#4648);
#4644 = LINE('',#4645,#4646);
#4645 = CARTESIAN_POINT('',(-0.993843344316,-4.018737101134));
#4646 = VECTOR('',#4647,1.);
#4647 = DIRECTION('',(0.340731420308,-0.940160677339));
#4648 = ( GEOMETRIC_REPRESENTATION_CONTEXT(2) 
PARAMETRIC_REPRESENTATION_CONTEXT() REPRESENTATION_CONTEXT('2D SPACE',''
  ) );
#4649 = ADVANCED_FACE('',(#4650),#1870,.T.);
#4650 = FACE_BOUND('',#4651,.T.);
#4651 = EDGE_LOOP('',(#4652,#4653,#4654));
#4652 = ORIENTED_EDGE('',*,*,#1854,.F.);
#4653 = ORIENTED_EDGE('',*,*,#4542,.T.);
#4654 = ORIENTED_EDGE('',*,*,#4655,.T.);
#4655 = EDGE_CURVE('',#4543,#1855,#4656,.T.);
#4656 = SURFACE_CURVE('',#4657,(#4661,#4668),.PCURVE_S1.);
#4657 = LINE('',#4658,#4659);
#4658 = CARTESIAN_POINT('',(-13.36535558695,42.554796703279,
    15.301187772935));
#4659 = VECTOR('',#4660,1.);
#4660 = DIRECTION('',(0.96781401649,0.251136560312,-1.63235278366E-02));
#4661 = PCURVE('',#1870,#4662);
#4662 = DEFINITIONAL_REPRESENTATION('',(#4663),#4667);
#4663 = LINE('',#4664,#4665);
#4664 = CARTESIAN_POINT('',(-1.050166287816,4.040788517743));
#4665 = VECTOR('',#4666,1.);
#4666 = DIRECTION('',(0.251535420647,-0.967848093535));
#4667 = ( GEOMETRIC_REPRESENTATION_CONTEXT(2) 
PARAMETRIC_REPRESENTATION_CONTEXT() REPRESENTATION_CONTEXT('2D SPACE',''
  ) );
#4668 = PCURVE('',#4669,#4674);
#4669 = PLANE('',#4670);
#4670 = AXIS2_PLACEMENT_3D('',#4671,#4672,#4673);
#4671 = CARTESIAN_POINT('',(-13.36535558695,42.554796703279,
    15.301187772935));
#4672 = DIRECTION('',(0.251196629163,-0.967934574631,1.706672710737E-03)
  );
#4673 = DIRECTION('',(-0.967935984301,-0.251196994998,8.834652542206E-21
    ));
#4674 = DEFINITIONAL_REPRESENTATION('',(#4675),#4679);
#4675 = LINE('',#4676,#4677);
#4676 = CARTESIAN_POINT('',(0.,0.));
#4677 = VECTOR('',#4678,1.);
#4678 = DIRECTION('',(-0.999866761955,1.632355160969E-02));
#4679 = ( GEOMETRIC_REPRESENTATION_CONTEXT(2) 
PARAMETRIC_REPRESENTATION_CONTEXT() REPRESENTATION_CONTEXT('2D SPACE',''
  ) );
#4680 = ADVANCED_FACE('',(#4681),#4638,.T.);
#4681 = FACE_BOUND('',#4682,.T.);
#4682 = EDGE_LOOP('',(#4683,#4711,#4712));
#4683 = ORIENTED_EDGE('',*,*,#4684,.F.);
#4684 = EDGE_CURVE('',#4596,#4685,#4687,.T.);
#4685 = VERTEX_POINT('',#4686);
#4686 = CARTESIAN_POINT('',(43.80414090841,-8.338007718988,
    15.320885591843));
#4687 = SURFACE_CURVE('',#4688,(#4692,#4699),.PCURVE_S1.);
#4688 = LINE('',#4689,#4690);
#4689 = CARTESIAN_POINT('',(42.811276646021,-12.35662924155,
    15.267274996997));
#4690 = VECTOR('',#4691,1.);
#4691 = DIRECTION('',(0.239833672772,0.970727616804,1.295003390523E-02)
  );
#4692 = PCURVE('',#4638,#4693);
#4693 = DEFINITIONAL_REPRESENTATION('',(#4694),#4698);
#4694 = LINE('',#4695,#4696);
#4695 = CARTESIAN_POINT('',(-0.993843344316,-4.018737101134));
#4696 = VECTOR('',#4697,1.);
#4697 = DIRECTION('',(0.24007017722,0.970755535657));
#4698 = ( GEOMETRIC_REPRESENTATION_CONTEXT(2) 
PARAMETRIC_REPRESENTATION_CONTEXT() REPRESENTATION_CONTEXT('2D SPACE',''
  ) );
#4699 = PCURVE('',#4700,#4705);
#4700 = PLANE('',#4701);
#4701 = AXIS2_PLACEMENT_3D('',#4702,#4703,#4704);
#4702 = CARTESIAN_POINT('',(43.80414090841,-8.338007718988,
    15.320885591843));
#4703 = DIRECTION('',(-0.970782373949,0.239912183305,-4.871009250467E-03
    ));
#4704 = DIRECTION('',(-0.239915029521,-0.970793890901,
    -3.331579466229E-20));
#4705 = DEFINITIONAL_REPRESENTATION('',(#4706),#4710);
#4706 = LINE('',#4707,#4708);
#4707 = CARTESIAN_POINT('',(4.139456282774,-5.361123085863E-02));
#4708 = VECTOR('',#4709,1.);
#4709 = DIRECTION('',(-0.999916142805,1.295018753895E-02));
#4710 = ( GEOMETRIC_REPRESENTATION_CONTEXT(2) 
PARAMETRIC_REPRESENTATION_CONTEXT() REPRESENTATION_CONTEXT('2D SPACE',''
  ) );
#4711 = ORIENTED_EDGE('',*,*,#4624,.T.);
#4712 = ORIENTED_EDGE('',*,*,#4713,.F.);
#4713 = EDGE_CURVE('',#4685,#1912,#4714,.T.);
#4714 = SURFACE_CURVE('',#4715,(#4719,#4726),.PCURVE_S1.);
#4715 = LINE('',#4716,#4717);
#4716 = CARTESIAN_POINT('',(43.80414090841,-8.338007718988,
    15.320885591843));
#4717 = VECTOR('',#4718,1.);
#4718 = DIRECTION('',(0.29567342324,-0.955289012009,-3.610042294769E-04)
  );
#4719 = PCURVE('',#4638,#4720);
#4720 = DEFINITIONAL_REPRESENTATION('',(#4721),#4725);
#4721 = LINE('',#4722,#4723);
#4722 = CARTESIAN_POINT('',(0.,0.));
#4723 = VECTOR('',#4724,1.);
#4724 = DIRECTION('',(0.295584860875,-0.955316486837));
#4725 = ( GEOMETRIC_REPRESENTATION_CONTEXT(2) 
PARAMETRIC_REPRESENTATION_CONTEXT() REPRESENTATION_CONTEXT('2D SPACE',''
  ) );
#4726 = PCURVE('',#4727,#4732);
#4727 = PLANE('',#4728);
#4728 = AXIS2_PLACEMENT_3D('',#4729,#4730,#4731);
#4729 = CARTESIAN_POINT('',(44.404683420664,-4.194375767808,
    15.238236850634));
#4730 = DIRECTION('',(4.467384377864E-02,1.344960219493E-02,
    0.998911085074));
#4731 = DIRECTION('',(0.999001444744,-4.636793878758E-21,
    -4.467788489289E-02));
#4732 = DEFINITIONAL_REPRESENTATION('',(#4733),#4737);
#4733 = LINE('',#4734,#4735);
#4734 = CARTESIAN_POINT('',(-0.603635408319,-4.144006776552));
#4735 = VECTOR('',#4736,1.);
#4736 = DIRECTION('',(0.295394305894,-0.955375425707));
#4737 = ( GEOMETRIC_REPRESENTATION_CONTEXT(2) 
PARAMETRIC_REPRESENTATION_CONTEXT() REPRESENTATION_CONTEXT('2D SPACE',''
  ) );
#4738 = ADVANCED_FACE('',(#4739),#4727,.T.);
#4739 = FACE_BOUND('',#4740,.T.);
#4740 = EDGE_LOOP('',(#4741,#4769,#4770));
#4741 = ORIENTED_EDGE('',*,*,#4742,.F.);
#4742 = EDGE_CURVE('',#4685,#4743,#4745,.T.);
#4743 = VERTEX_POINT('',#4744);
#4744 = CARTESIAN_POINT('',(44.404683420664,-4.194375767808,
    15.238236850634));
#4745 = SURFACE_CURVE('',#4746,(#4750,#4757),.PCURVE_S1.);
#4746 = LINE('',#4747,#4748);
#4747 = CARTESIAN_POINT('',(43.80414090841,-8.338007718988,
    15.320885591843));
#4748 = VECTOR('',#4749,1.);
#4749 = DIRECTION('',(0.143404911838,0.989467294189,-1.973588081546E-02)
  );
#4750 = PCURVE('',#4727,#4751);
#4751 = DEFINITIONAL_REPRESENTATION('',(#4752),#4756);
#4752 = LINE('',#4753,#4754);
#4753 = CARTESIAN_POINT('',(-0.603635408319,-4.144006776552));
#4754 = VECTOR('',#4755,1.);
#4755 = DIRECTION('',(0.14414347152,0.989556799592));
#4756 = ( GEOMETRIC_REPRESENTATION_CONTEXT(2) 
PARAMETRIC_REPRESENTATION_CONTEXT() REPRESENTATION_CONTEXT('2D SPACE',''
  ) );
#4757 = PCURVE('',#4758,#4763);
#4758 = PLANE('',#4759);
#4759 = AXIS2_PLACEMENT_3D('',#4760,#4761,#4762);
#4760 = CARTESIAN_POINT('',(44.404683420664,-4.194375767808,
    15.238236850634));
#4761 = DIRECTION('',(-0.989663733411,0.14339351053,-1.998976895574E-03)
  );
#4762 = DIRECTION('',(-0.143393797025,-0.98966571072,-3.604950736667E-21
    ));
#4763 = DEFINITIONAL_REPRESENTATION('',(#4764),#4768);
#4764 = LINE('',#4765,#4766);
#4765 = CARTESIAN_POINT('',(4.186924531033,8.264890633734E-02));
#4766 = VECTOR('',#4767,1.);
#4767 = DIRECTION('',(-0.999805227758,-1.973592024697E-02));
#4768 = ( GEOMETRIC_REPRESENTATION_CONTEXT(2) 
PARAMETRIC_REPRESENTATION_CONTEXT() REPRESENTATION_CONTEXT('2D SPACE',''
  ) );
#4769 = ORIENTED_EDGE('',*,*,#4713,.T.);
#4770 = ORIENTED_EDGE('',*,*,#4771,.F.);
#4771 = EDGE_CURVE('',#4743,#1912,#4772,.T.);
#4772 = SURFACE_CURVE('',#4773,(#4777,#4784),.PCURVE_S1.);
#4773 = LINE('',#4774,#4775);
#4774 = CARTESIAN_POINT('',(44.404683420664,-4.194375767808,
    15.238236850634));
#4775 = VECTOR('',#4776,1.);
#4776 = DIRECTION('',(0.262577129308,-0.9649101989,1.248688389933E-03));
#4777 = PCURVE('',#4727,#4778);
#4778 = DEFINITIONAL_REPRESENTATION('',(#4779),#4783);
#4779 = LINE('',#4780,#4781);
#4780 = CARTESIAN_POINT('',(0.,0.));
#4781 = VECTOR('',#4782,1.);
#4782 = DIRECTION('',(0.262259142779,-0.964997482913));
#4783 = ( GEOMETRIC_REPRESENTATION_CONTEXT(2) 
PARAMETRIC_REPRESENTATION_CONTEXT() REPRESENTATION_CONTEXT('2D SPACE',''
  ) );
#4784 = PCURVE('',#4785,#4790);
#4785 = PLANE('',#4786);
#4786 = AXIS2_PLACEMENT_3D('',#4787,#4788,#4789);
#4787 = CARTESIAN_POINT('',(44.579131729564,-2.899245322694E-02,
    15.263291136708));
#4788 = DIRECTION('',(-2.326992618781E-02,-5.038620184387E-03,
    0.999716521241));
#4789 = DIRECTION('',(0.999729211731,1.197799551847E-20,
    2.327022157831E-02));
#4790 = DEFINITIONAL_REPRESENTATION('',(#4791),#4795);
#4791 = LINE('',#4792,#4793);
#4792 = CARTESIAN_POINT('',(-0.174984089132,-4.165436190325));
#4793 = VECTOR('',#4794,1.);
#4794 = DIRECTION('',(0.262535083757,-0.964922447556));
#4795 = ( GEOMETRIC_REPRESENTATION_CONTEXT(2) 
PARAMETRIC_REPRESENTATION_CONTEXT() REPRESENTATION_CONTEXT('2D SPACE',''
  ) );
#4796 = ADVANCED_FACE('',(#4797),#4785,.T.);
#4797 = FACE_BOUND('',#4798,.T.);
#4798 = EDGE_LOOP('',(#4799,#4827,#4828));
#4799 = ORIENTED_EDGE('',*,*,#4800,.F.);
#4800 = EDGE_CURVE('',#4743,#4801,#4803,.T.);
#4801 = VERTEX_POINT('',#4802);
#4802 = CARTESIAN_POINT('',(44.579131729564,-2.899245322694E-02,
    15.263291136708));
#4803 = SURFACE_CURVE('',#4804,(#4808,#4815),.PCURVE_S1.);
#4804 = LINE('',#4805,#4806);
#4805 = CARTESIAN_POINT('',(44.404683420664,-4.194375767808,
    15.238236850634));
#4806 = VECTOR('',#4807,1.);
#4807 = DIRECTION('',(4.184305749335E-02,0.999106122688,
    6.009504702399E-03));
#4808 = PCURVE('',#4785,#4809);
#4809 = DEFINITIONAL_REPRESENTATION('',(#4810),#4814);
#4810 = LINE('',#4811,#4812);
#4811 = CARTESIAN_POINT('',(-0.174984089132,-4.165436190325));
#4812 = VECTOR('',#4813,1.);
#4813 = DIRECTION('',(4.197156939023E-02,0.99911880543));
#4814 = ( GEOMETRIC_REPRESENTATION_CONTEXT(2) 
PARAMETRIC_REPRESENTATION_CONTEXT() REPRESENTATION_CONTEXT('2D SPACE',''
  ) );
#4815 = PCURVE('',#4816,#4821);
#4816 = PLANE('',#4817);
#4817 = AXIS2_PLACEMENT_3D('',#4818,#4819,#4820);
#4818 = CARTESIAN_POINT('',(44.579131729564,-2.899245322694E-02,
    15.263291136708));
#4819 = DIRECTION('',(-0.999124105722,4.183974341275E-02,
    6.761927214565E-04));
#4820 = DIRECTION('',(-4.183975297808E-02,-0.99912433414,
    -2.506303424218E-21));
#4821 = DEFINITIONAL_REPRESENTATION('',(#4822),#4826);
#4822 = LINE('',#4823,#4824);
#4823 = CARTESIAN_POINT('',(4.169034704771,-2.505429180203E-02));
#4824 = VECTOR('',#4825,1.);
#4825 = DIRECTION('',(-0.999981942755,6.009506076283E-03));
#4826 = ( GEOMETRIC_REPRESENTATION_CONTEXT(2) 
PARAMETRIC_REPRESENTATION_CONTEXT() REPRESENTATION_CONTEXT('2D SPACE',''
  ) );
#4827 = ORIENTED_EDGE('',*,*,#4771,.T.);
#4828 = ORIENTED_EDGE('',*,*,#4829,.F.);
#4829 = EDGE_CURVE('',#4801,#1912,#4830,.T.);
#4830 = SURFACE_CURVE('',#4831,(#4835,#4842),.PCURVE_S1.);
#4831 = LINE('',#4832,#4833);
#4832 = CARTESIAN_POINT('',(44.579131729564,-2.899245322694E-02,
    15.263291136708));
#4833 = VECTOR('',#4834,1.);
#4834 = DIRECTION('',(0.240837311967,-0.970565236932,7.141593286806E-04)
  );
#4835 = PCURVE('',#4785,#4836);
#4836 = DEFINITIONAL_REPRESENTATION('',(#4837),#4841);
#4837 = LINE('',#4838,#4839);
#4838 = CARTESIAN_POINT('',(0.,0.));
#4839 = VECTOR('',#4840,1.);
#4840 = DIRECTION('',(0.240788714694,-0.970577557373));
#4841 = ( GEOMETRIC_REPRESENTATION_CONTEXT(2) 
PARAMETRIC_REPRESENTATION_CONTEXT() REPRESENTATION_CONTEXT('2D SPACE',''
  ) );
#4842 = PCURVE('',#4843,#4848);
#4843 = PLANE('',#4844);
#4844 = AXIS2_PLACEMENT_3D('',#4845,#4846,#4847);
#4845 = CARTESIAN_POINT('',(58.162735996066,54.570764288468,
    15.257389026392));
#4846 = DIRECTION('',(-1.263204586474E-03,4.223640848894E-04,
    0.999999112961));
#4847 = DIRECTION('',(0.999999202157,9.634542569847E-24,
    1.263204699146E-03));
#4848 = DEFINITIONAL_REPRESENTATION('',(#4849),#4853);
#4849 = LINE('',#4850,#4851);
#4850 = CARTESIAN_POINT('',(-13.58358597334,-54.59976161175));
#4851 = VECTOR('',#4852,1.);
#4852 = DIRECTION('',(0.240838021946,-0.970565323502));
#4853 = ( GEOMETRIC_REPRESENTATION_CONTEXT(2) 
PARAMETRIC_REPRESENTATION_CONTEXT() REPRESENTATION_CONTEXT('2D SPACE',''
  ) );
#4854 = ADVANCED_FACE('',(#4855),#4843,.T.);
#4855 = FACE_BOUND('',#4856,.T.);
#4856 = EDGE_LOOP('',(#4857,#4883,#4884));
#4857 = ORIENTED_EDGE('',*,*,#4858,.F.);
#4858 = EDGE_CURVE('',#4801,#1622,#4859,.T.);
#4859 = SURFACE_CURVE('',#4860,(#4864,#4871),.PCURVE_S1.);
#4860 = LINE('',#4861,#4862);
#4861 = CARTESIAN_POINT('',(44.579131729564,-2.899245322694E-02,
    15.263291136708));
#4862 = VECTOR('',#4863,1.);
#4863 = DIRECTION('',(0.241425825399,0.970419270123,-1.04900130098E-04)
  );
#4864 = PCURVE('',#4843,#4865);
#4865 = DEFINITIONAL_REPRESENTATION('',(#4866),#4870);
#4866 = LINE('',#4867,#4868);
#4867 = CARTESIAN_POINT('',(-13.58358597334,-54.59976161175));
#4868 = VECTOR('',#4869,1.);
#4869 = DIRECTION('',(0.241425500269,0.97041935668));
#4870 = ( GEOMETRIC_REPRESENTATION_CONTEXT(2) 
PARAMETRIC_REPRESENTATION_CONTEXT() REPRESENTATION_CONTEXT('2D SPACE',''
  ) );
#4871 = PCURVE('',#4872,#4877);
#4872 = PLANE('',#4873);
#4873 = AXIS2_PLACEMENT_3D('',#4874,#4875,#4876);
#4874 = CARTESIAN_POINT('',(58.162735996066,54.570764288468,
    15.257389026392));
#4875 = DIRECTION('',(3.055913540154E-02,-7.494612402705E-03,
    0.999504862434));
#4876 = DIRECTION('',(0.999532934318,-2.179556293429E-21,
    -3.055999367902E-02));
#4877 = DEFINITIONAL_REPRESENTATION('',(#4878),#4882);
#4878 = LINE('',#4879,#4880);
#4879 = CARTESIAN_POINT('',(-13.57744019956,-54.60129021903));
#4880 = VECTOR('',#4881,1.);
#4881 = DIRECTION('',(0.241316269428,0.970446525116));
#4882 = ( GEOMETRIC_REPRESENTATION_CONTEXT(2) 
PARAMETRIC_REPRESENTATION_CONTEXT() REPRESENTATION_CONTEXT('2D SPACE',''
  ) );
#4883 = ORIENTED_EDGE('',*,*,#4829,.T.);
#4884 = ORIENTED_EDGE('',*,*,#4885,.T.);
#4885 = EDGE_CURVE('',#1912,#1622,#4886,.T.);
#4886 = SURFACE_CURVE('',#4887,(#4891,#4898),.PCURVE_S1.);
#4887 = LINE('',#4888,#4889);
#4888 = CARTESIAN_POINT('',(58.111026593637,-54.56201575267,
    15.30341751444));
#4889 = VECTOR('',#4890,1.);
#4890 = DIRECTION('',(4.738208996865E-04,0.999999798804,
    -4.217658413004E-04));
#4891 = PCURVE('',#4843,#4892);
#4892 = DEFINITIONAL_REPRESENTATION('',(#4893),#4897);
#4893 = LINE('',#4894,#4895);
#4894 = CARTESIAN_POINT('',(-5.165121776972E-02,-109.1327897753));
#4895 = VECTOR('',#4896,1.);
#4896 = DIRECTION('',(4.732877450589E-04,0.999999887999));
#4897 = ( GEOMETRIC_REPRESENTATION_CONTEXT(2) 
PARAMETRIC_REPRESENTATION_CONTEXT() REPRESENTATION_CONTEXT('2D SPACE',''
  ) );
#4898 = PCURVE('',#1695,#4899);
#4899 = DEFINITIONAL_REPRESENTATION('',(#4900),#4904);
#4900 = LINE('',#4901,#4902);
#4901 = CARTESIAN_POINT('',(0.,0.));
#4902 = VECTOR('',#4903,1.);
#4903 = DIRECTION('',(-4.208390581539E-04,-0.999999911447));
#4904 = ( GEOMETRIC_REPRESENTATION_CONTEXT(2) 
PARAMETRIC_REPRESENTATION_CONTEXT() REPRESENTATION_CONTEXT('2D SPACE',''
  ) );
#4905 = ADVANCED_FACE('',(#4906),#4872,.T.);
#4906 = FACE_BOUND('',#4907,.T.);
#4907 = EDGE_LOOP('',(#4908,#4936,#4962));
#4908 = ORIENTED_EDGE('',*,*,#4909,.F.);
#4909 = EDGE_CURVE('',#4910,#1622,#4912,.T.);
#4910 = VERTEX_POINT('',#4911);
#4911 = CARTESIAN_POINT('',(44.434055759875,4.154344998661,
    15.299094753377));
#4912 = SURFACE_CURVE('',#4913,(#4917,#4924),.PCURVE_S1.);
#4913 = LINE('',#4914,#4915);
#4914 = CARTESIAN_POINT('',(44.434055759875,4.154344998661,
    15.299094753377));
#4915 = VECTOR('',#4916,1.);
#4916 = DIRECTION('',(0.262738734321,0.964866685312,-7.981619306041E-04)
  );
#4917 = PCURVE('',#4872,#4918);
#4918 = DEFINITIONAL_REPRESENTATION('',(#4919),#4923);
#4919 = LINE('',#4920,#4921);
#4920 = CARTESIAN_POINT('',(-13.72354256754,-50.4178352748));
#4921 = VECTOR('',#4922,1.);
#4922 = DIRECTION('',(0.262640409898,0.964893784356));
#4923 = ( GEOMETRIC_REPRESENTATION_CONTEXT(2) 
PARAMETRIC_REPRESENTATION_CONTEXT() REPRESENTATION_CONTEXT('2D SPACE',''
  ) );
#4924 = PCURVE('',#4925,#4930);
#4925 = PLANE('',#4926);
#4926 = AXIS2_PLACEMENT_3D('',#4927,#4928,#4929);
#4927 = CARTESIAN_POINT('',(58.162735996066,54.570764288468,
    15.257389026392));
#4928 = DIRECTION('',(-6.598271797885E-03,2.623951502511E-03,
    0.999974788526));
#4929 = DIRECTION('',(0.999978231018,-5.384692970097E-22,
    6.598294512953E-03));
#4930 = DEFINITIONAL_REPRESENTATION('',(#4931),#4935);
#4931 = LINE('',#4932,#4933);
#4932 = CARTESIAN_POINT('',(-13.72810619012,-50.41659285228));
#4933 = VECTOR('',#4934,1.);
#4934 = DIRECTION('',(0.262727748259,0.964870006941));
#4935 = ( GEOMETRIC_REPRESENTATION_CONTEXT(2) 
PARAMETRIC_REPRESENTATION_CONTEXT() REPRESENTATION_CONTEXT('2D SPACE',''
  ) );
#4936 = ORIENTED_EDGE('',*,*,#4937,.T.);
#4937 = EDGE_CURVE('',#4910,#4801,#4938,.T.);
#4938 = SURFACE_CURVE('',#4939,(#4943,#4950),.PCURVE_S1.);
#4939 = LINE('',#4940,#4941);
#4940 = CARTESIAN_POINT('',(44.434055759875,4.154344998661,
    15.299094753377));
#4941 = VECTOR('',#4942,1.);
#4942 = DIRECTION('',(3.465737761334E-02,-0.999362651622,
    -8.553170214677E-03));
#4943 = PCURVE('',#4872,#4944);
#4944 = DEFINITIONAL_REPRESENTATION('',(#4945),#4949);
#4945 = LINE('',#4946,#4947);
#4946 = CARTESIAN_POINT('',(-13.72354256754,-50.4178352748));
#4947 = VECTOR('',#4948,1.);
#4948 = DIRECTION('',(3.490257516933E-02,-0.999390719512));
#4949 = ( GEOMETRIC_REPRESENTATION_CONTEXT(2) 
PARAMETRIC_REPRESENTATION_CONTEXT() REPRESENTATION_CONTEXT('2D SPACE',''
  ) );
#4950 = PCURVE('',#4951,#4956);
#4951 = PLANE('',#4952);
#4952 = AXIS2_PLACEMENT_3D('',#4953,#4954,#4955);
#4953 = CARTESIAN_POINT('',(44.434055759875,4.154344998661,
    15.299094753377));
#4954 = DIRECTION('',(-0.999389962591,-3.469268749654E-02,
    4.014985210622E-03));
#4955 = DIRECTION('',(3.469296712482E-02,-0.999398017825,
    1.595556818805E-21));
#4956 = DEFINITIONAL_REPRESENTATION('',(#4957),#4961);
#4957 = LINE('',#4958,#4959);
#4958 = CARTESIAN_POINT('',(0.,0.));
#4959 = VECTOR('',#4960,1.);
#4960 = DIRECTION('',(0.999963420381,-8.553239154517E-03));
#4961 = ( GEOMETRIC_REPRESENTATION_CONTEXT(2) 
PARAMETRIC_REPRESENTATION_CONTEXT() REPRESENTATION_CONTEXT('2D SPACE',''
  ) );
#4962 = ORIENTED_EDGE('',*,*,#4858,.T.);
#4963 = ADVANCED_FACE('',(#4964),#4925,.T.);
#4964 = FACE_BOUND('',#4965,.T.);
#4965 = EDGE_LOOP('',(#4966,#4994,#5020));
#4966 = ORIENTED_EDGE('',*,*,#4967,.F.);
#4967 = EDGE_CURVE('',#4968,#1622,#4970,.T.);
#4968 = VERTEX_POINT('',#4969);
#4969 = CARTESIAN_POINT('',(43.790118076375,8.323876719067,
    15.283904845538));
#4970 = SURFACE_CURVE('',#4971,(#4975,#4982),.PCURVE_S1.);
#4971 = LINE('',#4972,#4973);
#4972 = CARTESIAN_POINT('',(43.790118076375,8.323876719067,
    15.283904845538));
#4973 = VECTOR('',#4974,1.);
#4974 = DIRECTION('',(0.296778396928,0.954946220128,-5.475218462843E-04)
  );
#4975 = PCURVE('',#4925,#4976);
#4976 = DEFINITIONAL_REPRESENTATION('',(#4977),#4981);
#4977 = LINE('',#4978,#4979);
#4978 = CARTESIAN_POINT('',(-14.37213008324,-46.24704677794));
#4979 = VECTOR('',#4980,1.);
#4980 = DIRECTION('',(0.296768323654,0.954949507605));
#4981 = ( GEOMETRIC_REPRESENTATION_CONTEXT(2) 
PARAMETRIC_REPRESENTATION_CONTEXT() REPRESENTATION_CONTEXT('2D SPACE',''
  ) );
#4982 = PCURVE('',#4983,#4988);
#4983 = PLANE('',#4984);
#4984 = AXIS2_PLACEMENT_3D('',#4985,#4986,#4987);
#4985 = CARTESIAN_POINT('',(58.162735996066,54.570764288468,
    15.257389026392));
#4986 = DIRECTION('',(-1.440662333292E-02,5.050580353433E-03,
    0.999883463631));
#4987 = DIRECTION('',(0.999896216569,8.801733126041E-22,
    1.440680708111E-02));
#4988 = DEFINITIONAL_REPRESENTATION('',(#4989),#4993);
#4989 = LINE('',#4990,#4991);
#4990 = CARTESIAN_POINT('',(-14.3707442718,-46.24747742185));
#4991 = VECTOR('',#4992,1.);
#4992 = DIRECTION('',(0.296739708206,0.954958399918));
#4993 = ( GEOMETRIC_REPRESENTATION_CONTEXT(2) 
PARAMETRIC_REPRESENTATION_CONTEXT() REPRESENTATION_CONTEXT('2D SPACE',''
  ) );
#4994 = ORIENTED_EDGE('',*,*,#4995,.T.);
#4995 = EDGE_CURVE('',#4968,#4910,#4996,.T.);
#4996 = SURFACE_CURVE('',#4997,(#5001,#5008),.PCURVE_S1.);
#4997 = LINE('',#4998,#4999);
#4998 = CARTESIAN_POINT('',(43.790118076375,8.323876719067,
    15.283904845538));
#4999 = VECTOR('',#5000,1.);
#5000 = DIRECTION('',(0.152628377862,-0.988277094564,3.600365458903E-03)
  );
#5001 = PCURVE('',#4925,#5002);
#5002 = DEFINITIONAL_REPRESENTATION('',(#5003),#5007);
#5003 = LINE('',#5004,#5005);
#5004 = CARTESIAN_POINT('',(-14.37213008324,-46.24704677794));
#5005 = VECTOR('',#5006,1.);
#5006 = DIRECTION('',(0.152648811569,-0.988280496785));
#5007 = ( GEOMETRIC_REPRESENTATION_CONTEXT(2) 
PARAMETRIC_REPRESENTATION_CONTEXT() REPRESENTATION_CONTEXT('2D SPACE',''
  ) );
#5008 = PCURVE('',#5009,#5014);
#5009 = PLANE('',#5010);
#5010 = AXIS2_PLACEMENT_3D('',#5011,#5012,#5013);
#5011 = CARTESIAN_POINT('',(43.790118076375,8.323876719067,
    15.283904845538));
#5012 = DIRECTION('',(-0.988283619696,-0.152628301984,2.974445536243E-04
    ));
#5013 = DIRECTION('',(0.152628308736,-0.988283663415,-6.978847792371E-22
    ));
#5014 = DEFINITIONAL_REPRESENTATION('',(#5015),#5019);
#5015 = LINE('',#5016,#5017);
#5016 = CARTESIAN_POINT('',(0.,0.));
#5017 = VECTOR('',#5018,1.);
#5018 = DIRECTION('',(0.999993518663,3.600365618171E-03));
#5019 = ( GEOMETRIC_REPRESENTATION_CONTEXT(2) 
PARAMETRIC_REPRESENTATION_CONTEXT() REPRESENTATION_CONTEXT('2D SPACE',''
  ) );
#5020 = ORIENTED_EDGE('',*,*,#4909,.T.);
#5021 = ADVANCED_FACE('',(#5022),#4983,.T.);
#5022 = FACE_BOUND('',#5023,.T.);
#5023 = EDGE_LOOP('',(#5024,#5052,#5078));
#5024 = ORIENTED_EDGE('',*,*,#5025,.F.);
#5025 = EDGE_CURVE('',#5026,#1622,#5028,.T.);
#5026 = VERTEX_POINT('',#5027);
#5027 = CARTESIAN_POINT('',(42.806018214394,12.402976616866,
    15.249121414166));
#5028 = SURFACE_CURVE('',#5029,(#5033,#5040),.PCURVE_S1.);
#5029 = LINE('',#5030,#5031);
#5030 = CARTESIAN_POINT('',(42.806018214394,12.402976616866,
    15.249121414166));
#5031 = VECTOR('',#5032,1.);
#5032 = DIRECTION('',(0.34219521722,0.939628862568,1.842279972712E-04));
#5033 = PCURVE('',#4983,#5034);
#5034 = DEFINITIONAL_REPRESENTATION('',(#5035),#5039);
#5035 = LINE('',#5036,#5037);
#5036 = CARTESIAN_POINT('',(-15.35524311871,-42.16832549748));
#5037 = VECTOR('',#5038,1.);
#5038 = DIRECTION('',(0.342162357164,0.939640846994));
#5039 = ( GEOMETRIC_REPRESENTATION_CONTEXT(2) 
PARAMETRIC_REPRESENTATION_CONTEXT() REPRESENTATION_CONTEXT('2D SPACE',''
  ) );
#5040 = PCURVE('',#5041,#5046);
#5041 = PLANE('',#5042);
#5042 = AXIS2_PLACEMENT_3D('',#5043,#5044,#5045);
#5043 = CARTESIAN_POINT('',(58.162735996066,54.570764288468,
    15.257389026392));
#5044 = DIRECTION('',(2.171316034764E-02,-8.103537937778E-03,
    0.999731399597));
#5045 = DIRECTION('',(0.999764226058,-2.871301928837E-22,
    -2.171387330536E-02));
#5046 = DEFINITIONAL_REPRESENTATION('',(#5047),#5051);
#5047 = LINE('',#5048,#5049);
#5048 = CARTESIAN_POINT('',(-15.3529175459,-42.16917226274));
#5049 = VECTOR('',#5050,1.);
#5050 = DIRECTION('',(0.342110536202,0.939659715546));
#5051 = ( GEOMETRIC_REPRESENTATION_CONTEXT(2) 
PARAMETRIC_REPRESENTATION_CONTEXT() REPRESENTATION_CONTEXT('2D SPACE',''
  ) );
#5052 = ORIENTED_EDGE('',*,*,#5053,.T.);
#5053 = EDGE_CURVE('',#5026,#4968,#5054,.T.);
#5054 = SURFACE_CURVE('',#5055,(#5059,#5066),.PCURVE_S1.);
#5055 = LINE('',#5056,#5057);
#5056 = CARTESIAN_POINT('',(42.806018214394,12.402976616866,
    15.249121414166));
#5057 = VECTOR('',#5058,1.);
#5058 = DIRECTION('',(0.234517522074,-0.972076551662,8.28912232357E-03)
  );
#5059 = PCURVE('',#4983,#5060);
#5060 = DEFINITIONAL_REPRESENTATION('',(#5061),#5065);
#5061 = LINE('',#5062,#5063);
#5062 = CARTESIAN_POINT('',(-15.35524311871,-42.16832549748));
#5063 = VECTOR('',#5064,1.);
#5064 = DIRECTION('',(0.234612602827,-0.97208894994));
#5065 = ( GEOMETRIC_REPRESENTATION_CONTEXT(2) 
PARAMETRIC_REPRESENTATION_CONTEXT() REPRESENTATION_CONTEXT('2D SPACE',''
  ) );
#5066 = PCURVE('',#5067,#5072);
#5067 = PLANE('',#5068);
#5068 = AXIS2_PLACEMENT_3D('',#5069,#5070,#5071);
#5069 = CARTESIAN_POINT('',(42.806018214394,12.402976616866,
    15.249121414166));
#5070 = DIRECTION('',(-0.972110471943,-0.234523231628,2.901123279273E-04
    ));
#5071 = DIRECTION('',(0.234523241498,-0.972110512852,3.204366440516E-21)
  );
#5072 = DEFINITIONAL_REPRESENTATION('',(#5073),#5077);
#5073 = LINE('',#5074,#5075);
#5074 = CARTESIAN_POINT('',(0.,0.));
#5075 = VECTOR('',#5076,1.);
#5076 = DIRECTION('',(0.999965644633,8.289122672397E-03));
#5077 = ( GEOMETRIC_REPRESENTATION_CONTEXT(2) 
PARAMETRIC_REPRESENTATION_CONTEXT() REPRESENTATION_CONTEXT('2D SPACE',''
  ) );
#5078 = ORIENTED_EDGE('',*,*,#4967,.T.);
#5079 = ADVANCED_FACE('',(#5080),#5041,.T.);
#5080 = FACE_BOUND('',#5081,.T.);
#5081 = EDGE_LOOP('',(#5082,#5110,#5136));
#5082 = ORIENTED_EDGE('',*,*,#5083,.F.);
#5083 = EDGE_CURVE('',#5084,#1622,#5086,.T.);
#5084 = VERTEX_POINT('',#5085);
#5085 = CARTESIAN_POINT('',(41.46329063901,16.313056964814,
    15.309978103884));
#5086 = SURFACE_CURVE('',#5087,(#5091,#5098),.PCURVE_S1.);
#5087 = LINE('',#5088,#5089);
#5088 = CARTESIAN_POINT('',(41.46329063901,16.313056964814,
    15.309978103884));
#5089 = VECTOR('',#5090,1.);
#5090 = DIRECTION('',(0.400048238507,0.9164932186,-1.259812368952E-03));
#5091 = PCURVE('',#5041,#5092);
#5092 = DEFINITIONAL_REPRESENTATION('',(#5093),#5097);
#5093 = LINE('',#5094,#5095);
#5094 = CARTESIAN_POINT('',(-16.69664997556,-38.25896352621));
#5095 = VECTOR('',#5096,1.);
#5096 = DIRECTION('',(0.399981272963,0.916523311913));
#5097 = ( GEOMETRIC_REPRESENTATION_CONTEXT(2) 
PARAMETRIC_REPRESENTATION_CONTEXT() REPRESENTATION_CONTEXT('2D SPACE',''
  ) );
#5098 = PCURVE('',#5099,#5104);
#5099 = PLANE('',#5100);
#5100 = AXIS2_PLACEMENT_3D('',#5101,#5102,#5103);
#5101 = CARTESIAN_POINT('',(58.162735996066,54.570764288468,
    15.257389026392));
#5102 = DIRECTION('',(-4.796571869782E-03,3.468274900687E-03,
    0.99998248183));
#5103 = DIRECTION('',(0.999988496245,3.842985436353E-21,
    4.796600718858E-03));
#5104 = DEFINITIONAL_REPRESENTATION('',(#5105),#5109);
#5105 = LINE('',#5106,#5107);
#5106 = CARTESIAN_POINT('',(-16.69900100191,-38.25793742538));
#5107 = VECTOR('',#5108,1.);
#5108 = DIRECTION('',(0.400037593633,0.916498730867));
#5109 = ( GEOMETRIC_REPRESENTATION_CONTEXT(2) 
PARAMETRIC_REPRESENTATION_CONTEXT() REPRESENTATION_CONTEXT('2D SPACE',''
  ) );
#5110 = ORIENTED_EDGE('',*,*,#5111,.T.);
#5111 = EDGE_CURVE('',#5084,#5026,#5112,.T.);
#5112 = SURFACE_CURVE('',#5113,(#5117,#5124),.PCURVE_S1.);
#5113 = LINE('',#5114,#5115);
#5114 = CARTESIAN_POINT('',(41.46329063901,16.313056964814,
    15.309978103884));
#5115 = VECTOR('',#5116,1.);
#5116 = DIRECTION('',(0.324749820562,-0.945685420228,-1.471869605444E-02
    ));
#5117 = PCURVE('',#5041,#5118);
#5118 = DEFINITIONAL_REPRESENTATION('',(#5119),#5123);
#5119 = LINE('',#5120,#5121);
#5120 = CARTESIAN_POINT('',(-16.69664997556,-38.25896352621));
#5121 = VECTOR('',#5122,1.);
#5122 = DIRECTION('',(0.324992852918,-0.945716472074));
#5123 = ( GEOMETRIC_REPRESENTATION_CONTEXT(2) 
PARAMETRIC_REPRESENTATION_CONTEXT() REPRESENTATION_CONTEXT('2D SPACE',''
  ) );
#5124 = PCURVE('',#5125,#5130);
#5125 = PLANE('',#5126);
#5126 = AXIS2_PLACEMENT_3D('',#5127,#5128,#5129);
#5127 = CARTESIAN_POINT('',(41.46329063901,16.313056964814,
    15.309978103884));
#5128 = DIRECTION('',(-0.945798006517,-0.324741410516,
    -3.024427916465E-03));
#5129 = DIRECTION('',(0.324742895758,-0.945802332232,-1.535624186629E-19
    ));
#5130 = DEFINITIONAL_REPRESENTATION('',(#5131),#5135);
#5131 = LINE('',#5132,#5133);
#5132 = CARTESIAN_POINT('',(0.,0.));
#5133 = VECTOR('',#5134,1.);
#5134 = DIRECTION('',(0.999891673135,-1.471876337207E-02));
#5135 = ( GEOMETRIC_REPRESENTATION_CONTEXT(2) 
PARAMETRIC_REPRESENTATION_CONTEXT() REPRESENTATION_CONTEXT('2D SPACE',''
  ) );
#5136 = ORIENTED_EDGE('',*,*,#5025,.T.);
#5137 = ADVANCED_FACE('',(#5138),#5099,.T.);
#5138 = FACE_BOUND('',#5139,.T.);
#5139 = EDGE_LOOP('',(#5140,#5168,#5194));
#5140 = ORIENTED_EDGE('',*,*,#5141,.F.);
#5141 = EDGE_CURVE('',#5142,#1622,#5144,.T.);
#5142 = VERTEX_POINT('',#5143);
#5143 = CARTESIAN_POINT('',(39.793631361413,20.10571358817,
    15.288815116651));
#5144 = SURFACE_CURVE('',#5145,(#5149,#5156),.PCURVE_S1.);
#5145 = LINE('',#5146,#5147);
#5146 = CARTESIAN_POINT('',(39.793631361413,20.10571358817,
    15.288815116651));
#5147 = VECTOR('',#5148,1.);
#5148 = DIRECTION('',(0.470343749098,0.882482923455,-8.046698739951E-04)
  );
#5149 = PCURVE('',#5099,#5150);
#5150 = DEFINITIONAL_REPRESENTATION('',(#5151),#5155);
#5151 = LINE('',#5152,#5153);
#5152 = CARTESIAN_POINT('',(-18.36874258255,-34.46525799102));
#5153 = VECTOR('',#5154,1.);
#5154 = DIRECTION('',(0.470334478699,0.882488231166));
#5155 = ( GEOMETRIC_REPRESENTATION_CONTEXT(2) 
PARAMETRIC_REPRESENTATION_CONTEXT() REPRESENTATION_CONTEXT('2D SPACE',''
  ) );
#5156 = PCURVE('',#5157,#5162);
#5157 = PLANE('',#5158);
#5158 = AXIS2_PLACEMENT_3D('',#5159,#5160,#5161);
#5159 = CARTESIAN_POINT('',(58.162735996066,54.570764288468,
    15.257389026392));
#5160 = DIRECTION('',(4.50947629525E-03,-1.491635877665E-03,
    0.999988719759));
#5161 = DIRECTION('',(0.999989832237,3.190381022023E-22,-4.509481312E-03
    ));
#5162 = DEFINITIONAL_REPRESENTATION('',(#5163),#5167);
#5163 = LINE('',#5164,#5165);
#5164 = CARTESIAN_POINT('',(-18.36905957732,-34.46508904234));
#5165 = VECTOR('',#5166,1.);
#5166 = DIRECTION('',(0.470342595399,0.882483905209));
#5167 = ( GEOMETRIC_REPRESENTATION_CONTEXT(2) 
PARAMETRIC_REPRESENTATION_CONTEXT() REPRESENTATION_CONTEXT('2D SPACE',''
  ) );
#5168 = ORIENTED_EDGE('',*,*,#5169,.T.);
#5169 = EDGE_CURVE('',#5142,#5084,#5170,.T.);
#5170 = SURFACE_CURVE('',#5171,(#5175,#5182),.PCURVE_S1.);
#5171 = LINE('',#5172,#5173);
#5172 = CARTESIAN_POINT('',(39.793631361413,20.10571358817,
    15.288815116651));
#5173 = VECTOR('',#5174,1.);
#5174 = DIRECTION('',(0.402913362753,-0.915223874948,5.106940359982E-03)
  );
#5175 = PCURVE('',#5099,#5176);
#5176 = DEFINITIONAL_REPRESENTATION('',(#5177),#5181);
#5177 = LINE('',#5178,#5179);
#5178 = CARTESIAN_POINT('',(-18.36874258255,-34.46525799102));
#5179 = VECTOR('',#5180,1.);
#5180 = DIRECTION('',(0.40293322369,-0.91522937958));
#5181 = ( GEOMETRIC_REPRESENTATION_CONTEXT(2) 
PARAMETRIC_REPRESENTATION_CONTEXT() REPRESENTATION_CONTEXT('2D SPACE',''
  ) );
#5182 = PCURVE('',#5183,#5188);
#5183 = PLANE('',#5184);
#5184 = AXIS2_PLACEMENT_3D('',#5185,#5186,#5187);
#5185 = CARTESIAN_POINT('',(39.793631361413,20.10571358817,
    15.288815116651));
#5186 = DIRECTION('',(-0.91522500954,-0.402931187347,-3.104863196021E-03
    ));
#5187 = DIRECTION('',(0.402933129525,-0.915229421037,-1.287826836041E-20
    ));
#5188 = DEFINITIONAL_REPRESENTATION('',(#5189),#5193);
#5189 = LINE('',#5190,#5191);
#5190 = CARTESIAN_POINT('',(0.,0.));
#5191 = VECTOR('',#5192,1.);
#5192 = DIRECTION('',(0.999986959369,5.10696497606E-03));
#5193 = ( GEOMETRIC_REPRESENTATION_CONTEXT(2) 
PARAMETRIC_REPRESENTATION_CONTEXT() REPRESENTATION_CONTEXT('2D SPACE',''
  ) );
#5194 = ORIENTED_EDGE('',*,*,#5083,.T.);
#5195 = ADVANCED_FACE('',(#5196),#5157,.T.);
#5196 = FACE_BOUND('',#5197,.T.);
#5197 = EDGE_LOOP('',(#5198,#5226,#5252));
#5198 = ORIENTED_EDGE('',*,*,#5199,.F.);
#5199 = EDGE_CURVE('',#5200,#1622,#5202,.T.);
#5200 = VERTEX_POINT('',#5201);
#5201 = CARTESIAN_POINT('',(37.740269559459,23.775022631073,
    15.303548142229));
#5202 = SURFACE_CURVE('',#5203,(#5207,#5214),.PCURVE_S1.);
#5203 = LINE('',#5204,#5205);
#5204 = CARTESIAN_POINT('',(37.740269559459,23.775022631073,
    15.303548142229));
#5205 = VECTOR('',#5206,1.);
#5206 = DIRECTION('',(0.552674187721,0.833396473369,-1.249161159365E-03)
  );
#5207 = PCURVE('',#5157,#5208);
#5208 = DEFINITIONAL_REPRESENTATION('',(#5209),#5213);
#5209 = LINE('',#5210,#5211);
#5210 = CARTESIAN_POINT('',(-20.42246693948,-30.79577591736));
#5211 = VECTOR('',#5212,1.);
#5212 = DIRECTION('',(0.55267420133,0.833397400515));
#5213 = ( GEOMETRIC_REPRESENTATION_CONTEXT(2) 
PARAMETRIC_REPRESENTATION_CONTEXT() REPRESENTATION_CONTEXT('2D SPACE',''
  ) );
#5214 = PCURVE('',#5215,#5220);
#5215 = PLANE('',#5216);
#5216 = AXIS2_PLACEMENT_3D('',#5217,#5218,#5219);
#5217 = CARTESIAN_POINT('',(58.162735996066,54.570764288468,
    15.257389026392));
#5218 = DIRECTION('',(-5.489452290944E-04,1.86291484519E-03,
    0.999998114102));
#5219 = DIRECTION('',(6.088273821557E-23,0.999998264772,
    -1.862915125876E-03));
#5220 = DEFINITIONAL_REPRESENTATION('',(#5221),#5225);
#5221 = LINE('',#5222,#5223);
#5222 = CARTESIAN_POINT('',(-30.79577421028,20.422469513669));
#5223 = VECTOR('',#5224,1.);
#5224 = DIRECTION('',(0.833397354317,-0.552674270992));
#5225 = ( GEOMETRIC_REPRESENTATION_CONTEXT(2) 
PARAMETRIC_REPRESENTATION_CONTEXT() REPRESENTATION_CONTEXT('2D SPACE',''
  ) );
#5226 = ORIENTED_EDGE('',*,*,#5227,.T.);
#5227 = EDGE_CURVE('',#5200,#5142,#5228,.T.);
#5228 = SURFACE_CURVE('',#5229,(#5233,#5240),.PCURVE_S1.);
#5229 = LINE('',#5230,#5231);
#5230 = CARTESIAN_POINT('',(37.740269559459,23.775022631073,
    15.303548142229));
#5231 = VECTOR('',#5232,1.);
#5232 = DIRECTION('',(0.488337600696,-0.872647758674,-3.503859064191E-03
    ));
#5233 = PCURVE('',#5157,#5234);
#5234 = DEFINITIONAL_REPRESENTATION('',(#5235),#5239);
#5235 = LINE('',#5236,#5237);
#5236 = CARTESIAN_POINT('',(-20.42246693948,-30.79577591736));
#5237 = VECTOR('',#5238,1.);
#5238 = DIRECTION('',(0.488348435982,-0.872648729486));
#5239 = ( GEOMETRIC_REPRESENTATION_CONTEXT(2) 
PARAMETRIC_REPRESENTATION_CONTEXT() REPRESENTATION_CONTEXT('2D SPACE',''
  ) );
#5240 = PCURVE('',#5241,#5246);
#5241 = PLANE('',#5242);
#5242 = AXIS2_PLACEMENT_3D('',#5243,#5244,#5245);
#5243 = CARTESIAN_POINT('',(37.740269559459,23.775022631073,
    15.303548142229));
#5244 = DIRECTION('',(-0.87265385154,-0.488339035369,-4.918607450778E-04
    ));
#5245 = DIRECTION('',(0.488339094441,-0.872653957099,1.519113127005E-20)
  );
#5246 = DEFINITIONAL_REPRESENTATION('',(#5247),#5251);
#5247 = LINE('',#5248,#5249);
#5248 = CARTESIAN_POINT('',(0.,0.));
#5249 = VECTOR('',#5250,1.);
#5250 = DIRECTION('',(0.999993861466,-3.50385948803E-03));
#5251 = ( GEOMETRIC_REPRESENTATION_CONTEXT(2) 
PARAMETRIC_REPRESENTATION_CONTEXT() REPRESENTATION_CONTEXT('2D SPACE',''
  ) );
#5252 = ORIENTED_EDGE('',*,*,#5141,.T.);
#5253 = ADVANCED_FACE('',(#5254),#5215,.T.);
#5254 = FACE_BOUND('',#5255,.T.);
#5255 = EDGE_LOOP('',(#5256,#5284,#5310));
#5256 = ORIENTED_EDGE('',*,*,#5257,.F.);
#5257 = EDGE_CURVE('',#5258,#1622,#5260,.T.);
#5258 = VERTEX_POINT('',#5259);
#5259 = CARTESIAN_POINT('',(35.345848742073,27.222745401278,
    15.295810907822));
#5260 = SURFACE_CURVE('',#5261,(#5265,#5272),.PCURVE_S1.);
#5261 = LINE('',#5262,#5263);
#5262 = CARTESIAN_POINT('',(35.345848742073,27.222745401278,
    15.295810907822));
#5263 = VECTOR('',#5264,1.);
#5264 = DIRECTION('',(0.640629181116,0.767849652313,-1.078770218026E-03)
  );
#5265 = PCURVE('',#5215,#5266);
#5266 = DEFINITIONAL_REPRESENTATION('',(#5267),#5271);
#5267 = LINE('',#5268,#5269);
#5268 = CARTESIAN_POINT('',(-27.34804300884,22.816890691824));
#5269 = VECTOR('',#5270,1.);
#5270 = DIRECTION('',(0.767850329576,-0.64062927764));
#5271 = ( GEOMETRIC_REPRESENTATION_CONTEXT(2) 
PARAMETRIC_REPRESENTATION_CONTEXT() REPRESENTATION_CONTEXT('2D SPACE',''
  ) );
#5272 = PCURVE('',#5273,#5278);
#5273 = PLANE('',#5274);
#5274 = AXIS2_PLACEMENT_3D('',#5275,#5276,#5277);
#5275 = CARTESIAN_POINT('',(58.162735996066,54.570764288468,
    15.257389026392));
#5276 = DIRECTION('',(5.698116370088E-04,9.29520007342E-04,
    0.999999405653));
#5277 = DIRECTION('',(2.835877173857E-23,0.999999567996,
    -9.295201582427E-04));
#5278 = DEFINITIONAL_REPRESENTATION('',(#5279),#5283);
#5279 = LINE('',#5280,#5281);
#5280 = CARTESIAN_POINT('',(-27.34804278665,22.816890958148));
#5281 = VECTOR('',#5282,1.);
#5282 = DIRECTION('',(0.767850323338,-0.640629285118));
#5283 = ( GEOMETRIC_REPRESENTATION_CONTEXT(2) 
PARAMETRIC_REPRESENTATION_CONTEXT() REPRESENTATION_CONTEXT('2D SPACE',''
  ) );
#5284 = ORIENTED_EDGE('',*,*,#5285,.T.);
#5285 = EDGE_CURVE('',#5258,#5200,#5286,.T.);
#5286 = SURFACE_CURVE('',#5287,(#5291,#5298),.PCURVE_S1.);
#5287 = LINE('',#5288,#5289);
#5288 = CARTESIAN_POINT('',(35.345848742073,27.222745401278,
    15.295810907822));
#5289 = VECTOR('',#5290,1.);
#5290 = DIRECTION('',(0.570421985018,-0.821349719352,1.84323848868E-03)
  );
#5291 = PCURVE('',#5215,#5292);
#5292 = DEFINITIONAL_REPRESENTATION('',(#5293),#5297);
#5293 = LINE('',#5294,#5295);
#5294 = CARTESIAN_POINT('',(-27.34804300884,22.816890691824));
#5295 = VECTOR('',#5296,1.);
#5296 = DIRECTION('',(-0.82135172792,-0.570422070964));
#5297 = ( GEOMETRIC_REPRESENTATION_CONTEXT(2) 
PARAMETRIC_REPRESENTATION_CONTEXT() REPRESENTATION_CONTEXT('2D SPACE',''
  ) );
#5298 = PCURVE('',#5299,#5304);
#5299 = PLANE('',#5300);
#5300 = AXIS2_PLACEMENT_3D('',#5301,#5302,#5303);
#5301 = CARTESIAN_POINT('',(35.345848742073,27.222745401278,
    15.295810907822));
#5302 = DIRECTION('',(-0.821351785124,-0.570420372356,1.357893162612E-03
    ));
#5303 = DIRECTION('',(0.570420898249,-0.82135254236,-9.865967403646E-21)
  );
#5304 = DEFINITIONAL_REPRESENTATION('',(#5305),#5309);
#5305 = LINE('',#5306,#5307);
#5306 = CARTESIAN_POINT('',(0.,0.));
#5307 = VECTOR('',#5308,1.);
#5308 = DIRECTION('',(0.999998301231,1.843240188032E-03));
#5309 = ( GEOMETRIC_REPRESENTATION_CONTEXT(2) 
PARAMETRIC_REPRESENTATION_CONTEXT() REPRESENTATION_CONTEXT('2D SPACE',''
  ) );
#5310 = ORIENTED_EDGE('',*,*,#5199,.T.);
#5311 = ADVANCED_FACE('',(#5312),#5273,.T.);
#5312 = FACE_BOUND('',#5313,.T.);
#5313 = EDGE_LOOP('',(#5314,#5342,#5368));
#5314 = ORIENTED_EDGE('',*,*,#5315,.F.);
#5315 = EDGE_CURVE('',#5316,#1622,#5318,.T.);
#5316 = VERTEX_POINT('',#5317);
#5317 = CARTESIAN_POINT('',(32.577534403896,30.412452775953,
    15.2944234279));
#5318 = SURFACE_CURVE('',#5319,(#5323,#5330),.PCURVE_S1.);
#5319 = LINE('',#5320,#5321);
#5320 = CARTESIAN_POINT('',(32.577534403896,30.412452775953,
    15.2944234279));
#5321 = VECTOR('',#5322,1.);
#5322 = DIRECTION('',(0.727090626368,0.686540685887,-1.052458628976E-03)
  );
#5323 = PCURVE('',#5273,#5324);
#5324 = DEFINITIONAL_REPRESENTATION('',(#5325),#5329);
#5325 = LINE('',#5326,#5327);
#5326 = CARTESIAN_POINT('',(-24.15833550025,25.58520574574));
#5327 = VECTOR('',#5328,1.);
#5328 = DIRECTION('',(0.68654136758,-0.727090744406));
#5329 = ( GEOMETRIC_REPRESENTATION_CONTEXT(2) 
PARAMETRIC_REPRESENTATION_CONTEXT() REPRESENTATION_CONTEXT('2D SPACE',''
  ) );
#5330 = PCURVE('',#5331,#5336);
#5331 = PLANE('',#5332);
#5332 = AXIS2_PLACEMENT_3D('',#5333,#5334,#5335);
#5333 = CARTESIAN_POINT('',(58.162735996066,54.570764288468,
    15.257389026392));
#5334 = DIRECTION('',(4.724401680436E-03,-3.470482785164E-03,
    0.999982817741));
#5335 = DIRECTION('',(0.999988839818,2.185806288461E-21,
    -4.724430131632E-03));
#5336 = DEFINITIONAL_REPRESENTATION('',(#5337),#5341);
#5337 = LINE('',#5338,#5339);
#5338 = CARTESIAN_POINT('',(-25.58509102309,-24.15845699821));
#5339 = VECTOR('',#5340,1.);
#5340 = DIRECTION('',(0.727087484172,0.686544820358));
#5341 = ( GEOMETRIC_REPRESENTATION_CONTEXT(2) 
PARAMETRIC_REPRESENTATION_CONTEXT() REPRESENTATION_CONTEXT('2D SPACE',''
  ) );
#5342 = ORIENTED_EDGE('',*,*,#5343,.T.);
#5343 = EDGE_CURVE('',#5316,#5258,#5344,.T.);
#5344 = SURFACE_CURVE('',#5345,(#5349,#5356),.PCURVE_S1.);
#5345 = LINE('',#5346,#5347);
#5346 = CARTESIAN_POINT('',(32.577534403896,30.412452775953,
    15.2944234279));
#5347 = VECTOR('',#5348,1.);
#5348 = DIRECTION('',(0.655457843918,-0.755231690889,3.285156550793E-04)
  );
#5349 = PCURVE('',#5273,#5350);
#5350 = DEFINITIONAL_REPRESENTATION('',(#5351),#5355);
#5351 = LINE('',#5352,#5353);
#5352 = CARTESIAN_POINT('',(-24.15833550025,25.58520574574));
#5353 = VECTOR('',#5354,1.);
#5354 = DIRECTION('',(-0.755231669988,-0.655457950327));
#5355 = ( GEOMETRIC_REPRESENTATION_CONTEXT(2) 
PARAMETRIC_REPRESENTATION_CONTEXT() REPRESENTATION_CONTEXT('2D SPACE',''
  ) );
#5356 = PCURVE('',#5357,#5362);
#5357 = PLANE('',#5358);
#5358 = AXIS2_PLACEMENT_3D('',#5359,#5360,#5361);
#5359 = CARTESIAN_POINT('',(32.577534403896,30.412452775953,
    15.2944234279));
#5360 = DIRECTION('',(-0.755231734354,-0.655457639201,5.573484883994E-04
    ));
#5361 = DIRECTION('',(0.655457741006,-0.755231851656,-8.007419481094E-21
    ));
#5362 = DEFINITIONAL_REPRESENTATION('',(#5363),#5367);
#5363 = LINE('',#5364,#5365);
#5364 = CARTESIAN_POINT('',(0.,0.));
#5365 = VECTOR('',#5366,1.);
#5366 = DIRECTION('',(0.999999946039,3.285157061039E-04));
#5367 = ( GEOMETRIC_REPRESENTATION_CONTEXT(2) 
PARAMETRIC_REPRESENTATION_CONTEXT() REPRESENTATION_CONTEXT('2D SPACE',''
  ) );
#5368 = ORIENTED_EDGE('',*,*,#5257,.T.);
#5369 = ADVANCED_FACE('',(#5370),#5331,.T.);
#5370 = FACE_BOUND('',#5371,.T.);
#5371 = EDGE_LOOP('',(#5372,#5400,#5426));
#5372 = ORIENTED_EDGE('',*,*,#5373,.F.);
#5373 = EDGE_CURVE('',#5374,#1622,#5376,.T.);
#5374 = VERTEX_POINT('',#5375);
#5375 = CARTESIAN_POINT('',(29.60680794267,33.306953878694,
    15.318504062994));
#5376 = SURFACE_CURVE('',#5377,(#5381,#5388),.PCURVE_S1.);
#5377 = LINE('',#5378,#5379);
#5378 = CARTESIAN_POINT('',(29.60680794267,33.306953878694,
    15.318504062994));
#5379 = VECTOR('',#5380,1.);
#5380 = DIRECTION('',(0.80205864451,0.597242818461,-1.716555782204E-03)
  );
#5381 = PCURVE('',#5331,#5382);
#5382 = DEFINITIONAL_REPRESENTATION('',(#5383),#5387);
#5383 = LINE('',#5384,#5385);
#5384 = CARTESIAN_POINT('',(-28.55589809775,-21.26393846426));
#5385 = VECTOR('',#5386,1.);
#5386 = DIRECTION('',(0.802057803137,0.597246415165));
#5387 = ( GEOMETRIC_REPRESENTATION_CONTEXT(2) 
PARAMETRIC_REPRESENTATION_CONTEXT() REPRESENTATION_CONTEXT('2D SPACE',''
  ) );
#5388 = PCURVE('',#5389,#5394);
#5389 = PLANE('',#5390);
#5390 = AXIS2_PLACEMENT_3D('',#5391,#5392,#5393);
#5391 = CARTESIAN_POINT('',(58.162735996066,54.570764288468,
    15.257389026392));
#5392 = DIRECTION('',(2.682027594133E-03,-7.276676242024E-04,
    0.999996138606));
#5393 = DIRECTION('',(0.999996403356,-3.159012440129E-22,
    -2.6820283042E-03));
#5394 = DEFINITIONAL_REPRESENTATION('',(#5395),#5399);
#5395 = LINE('',#5396,#5397);
#5396 = CARTESIAN_POINT('',(-28.55598926013,-21.26381603937));
#5397 = VECTOR('',#5398,1.);
#5398 = DIRECTION('',(0.802060363641,0.597242976581));
#5399 = ( GEOMETRIC_REPRESENTATION_CONTEXT(2) 
PARAMETRIC_REPRESENTATION_CONTEXT() REPRESENTATION_CONTEXT('2D SPACE',''
  ) );
#5400 = ORIENTED_EDGE('',*,*,#5401,.T.);
#5401 = EDGE_CURVE('',#5374,#5316,#5402,.T.);
#5402 = SURFACE_CURVE('',#5403,(#5407,#5414),.PCURVE_S1.);
#5403 = LINE('',#5404,#5405);
#5404 = CARTESIAN_POINT('',(29.60680794267,33.306953878694,
    15.318504062994));
#5405 = VECTOR('',#5406,1.);
#5406 = DIRECTION('',(0.716223890359,-0.697846424944,-5.805693110555E-03
    ));
#5407 = PCURVE('',#5331,#5408);
#5408 = DEFINITIONAL_REPRESENTATION('',(#5409),#5413);
#5409 = LINE('',#5410,#5411);
#5410 = CARTESIAN_POINT('',(-28.55589809775,-21.26393846426));
#5411 = VECTOR('',#5412,1.);
#5412 = DIRECTION('',(0.716243325761,-0.697850627501));
#5413 = ( GEOMETRIC_REPRESENTATION_CONTEXT(2) 
PARAMETRIC_REPRESENTATION_CONTEXT() REPRESENTATION_CONTEXT('2D SPACE',''
  ) );
#5414 = PCURVE('',#5415,#5420);
#5415 = PLANE('',#5416);
#5416 = AXIS2_PLACEMENT_3D('',#5417,#5418,#5419);
#5417 = CARTESIAN_POINT('',(29.60680794267,33.306953878694,
    15.318504062994));
#5418 = DIRECTION('',(-0.697869324328,-0.716213569841,
    -4.065530446825E-03));
#5419 = DIRECTION('',(-0.716219488896,0.697875091779,-1.817176812091E-20
    ));
#5420 = DEFINITIONAL_REPRESENTATION('',(#5421),#5425);
#5421 = LINE('',#5422,#5423);
#5422 = CARTESIAN_POINT('',(0.,0.));
#5423 = VECTOR('',#5424,1.);
#5424 = DIRECTION('',(-0.999983146543,5.805741090959E-03));
#5425 = ( GEOMETRIC_REPRESENTATION_CONTEXT(2) 
PARAMETRIC_REPRESENTATION_CONTEXT() REPRESENTATION_CONTEXT('2D SPACE',''
  ) );
#5426 = ORIENTED_EDGE('',*,*,#5315,.T.);
#5427 = ADVANCED_FACE('',(#5428),#5389,.T.);
#5428 = FACE_BOUND('',#5429,.T.);
#5429 = EDGE_LOOP('',(#5430,#5458,#5484));
#5430 = ORIENTED_EDGE('',*,*,#5431,.F.);
#5431 = EDGE_CURVE('',#5432,#1622,#5434,.T.);
#5432 = VERTEX_POINT('',#5433);
#5433 = CARTESIAN_POINT('',(26.379268835344,35.955685182525,
    15.329087848824));
#5434 = SURFACE_CURVE('',#5435,(#5439,#5446),.PCURVE_S1.);
#5435 = LINE('',#5436,#5437);
#5436 = CARTESIAN_POINT('',(26.379268835344,35.955685182525,
    15.329087848824));
#5437 = VECTOR('',#5438,1.);
#5438 = DIRECTION('',(0.862892993614,0.505382916686,-1.946559549791E-03)
  );
#5439 = PCURVE('',#5389,#5440);
#5440 = DEFINITIONAL_REPRESENTATION('',(#5441),#5445);
#5441 = LINE('',#5442,#5443);
#5442 = CARTESIAN_POINT('',(-31.78354514516,-18.61508403428));
#5443 = VECTOR('',#5444,1.);
#5444 = DIRECTION('',(0.862895110822,0.505383050486));
#5445 = ( GEOMETRIC_REPRESENTATION_CONTEXT(2) 
PARAMETRIC_REPRESENTATION_CONTEXT() REPRESENTATION_CONTEXT('2D SPACE',''
  ) );
#5446 = PCURVE('',#5447,#5452);
#5447 = PLANE('',#5448);
#5448 = AXIS2_PLACEMENT_3D('',#5449,#5450,#5451);
#5449 = CARTESIAN_POINT('',(58.162735996066,54.570764288468,
    15.257389026392));
#5450 = DIRECTION('',(-5.723845569658E-03,1.362415112323E-02,
    0.999890804087));
#5451 = DIRECTION('',(-4.503968019628E-22,0.999907183905,
    -1.362437430871E-02));
#5452 = DEFINITIONAL_REPRESENTATION('',(#5453),#5457);
#5453 = LINE('',#5454,#5455);
#5454 = CARTESIAN_POINT('',(-18.61432817858,31.783987824976));
#5455 = VECTOR('',#5456,1.);
#5456 = DIRECTION('',(0.505362529673,-0.862907129187));
#5457 = ( GEOMETRIC_REPRESENTATION_CONTEXT(2) 
PARAMETRIC_REPRESENTATION_CONTEXT() REPRESENTATION_CONTEXT('2D SPACE',''
  ) );
#5458 = ORIENTED_EDGE('',*,*,#5459,.T.);
#5459 = EDGE_CURVE('',#5432,#5374,#5460,.T.);
#5460 = SURFACE_CURVE('',#5461,(#5465,#5472),.PCURVE_S1.);
#5461 = LINE('',#5462,#5463);
#5462 = CARTESIAN_POINT('',(26.379268835344,35.955685182525,
    15.329087848824));
#5463 = VECTOR('',#5464,1.);
#5464 = DIRECTION('',(0.773012854408,-0.634385294074,-2.534873234053E-03
    ));
#5465 = PCURVE('',#5389,#5466);
#5466 = DEFINITIONAL_REPRESENTATION('',(#5467),#5471);
#5467 = LINE('',#5468,#5469);
#5468 = CARTESIAN_POINT('',(-31.78354514516,-18.61508403428));
#5469 = VECTOR('',#5470,1.);
#5470 = DIRECTION('',(0.773016872758,-0.634385462027));
#5471 = ( GEOMETRIC_REPRESENTATION_CONTEXT(2) 
PARAMETRIC_REPRESENTATION_CONTEXT() REPRESENTATION_CONTEXT('2D SPACE',''
  ) );
#5472 = PCURVE('',#5473,#5478);
#5473 = PLANE('',#5474);
#5474 = AXIS2_PLACEMENT_3D('',#5475,#5476,#5477);
#5475 = CARTESIAN_POINT('',(26.379268835344,35.955685182525,
    15.329087848824));
#5476 = DIRECTION('',(-0.634390357052,-0.773006414489,
    -3.155636049052E-03));
#5477 = DIRECTION('',(-0.773010263332,0.634393515717,1.344858355609E-19)
  );
#5478 = DEFINITIONAL_REPRESENTATION('',(#5479),#5483);
#5479 = LINE('',#5480,#5481);
#5480 = CARTESIAN_POINT('',(0.,0.));
#5481 = VECTOR('',#5482,1.);
#5482 = DIRECTION('',(-0.999996787172,2.534885855331E-03));
#5483 = ( GEOMETRIC_REPRESENTATION_CONTEXT(2) 
PARAMETRIC_REPRESENTATION_CONTEXT() REPRESENTATION_CONTEXT('2D SPACE',''
  ) );
#5484 = ORIENTED_EDGE('',*,*,#5373,.T.);
#5485 = ADVANCED_FACE('',(#5486),#5447,.T.);
#5486 = FACE_BOUND('',#5487,.T.);
#5487 = EDGE_LOOP('',(#5488,#5516,#5542));
#5488 = ORIENTED_EDGE('',*,*,#5489,.F.);
#5489 = EDGE_CURVE('',#5490,#1622,#5492,.T.);
#5490 = VERTEX_POINT('',#5491);
#5491 = CARTESIAN_POINT('',(22.916922365537,38.289984199128,
    15.27746143236));
#5492 = SURFACE_CURVE('',#5493,(#5497,#5504),.PCURVE_S1.);
#5493 = LINE('',#5494,#5495);
#5494 = CARTESIAN_POINT('',(22.916922365537,38.289984199128,
    15.27746143236));
#5495 = VECTOR('',#5496,1.);
#5496 = DIRECTION('',(0.907827096296,0.41934436438,-5.170053447034E-04)
  );
#5497 = PCURVE('',#5447,#5498);
#5498 = DEFINITIONAL_REPRESENTATION('',(#5499),#5503);
#5499 = LINE('',#5500,#5501);
#5500 = CARTESIAN_POINT('',(-16.27954244487,35.246391013581));
#5501 = VECTOR('',#5502,1.);
#5502 = DIRECTION('',(0.419312486347,-0.907841967962));
#5503 = ( GEOMETRIC_REPRESENTATION_CONTEXT(2) 
PARAMETRIC_REPRESENTATION_CONTEXT() REPRESENTATION_CONTEXT('2D SPACE',''
  ) );
#5504 = PCURVE('',#5505,#5510);
#5505 = PLANE('',#5506);
#5506 = AXIS2_PLACEMENT_3D('',#5507,#5508,#5509);
#5507 = CARTESIAN_POINT('',(58.162735996066,54.570764288468,
    15.257389026392));
#5508 = DIRECTION('',(1.347687926769E-04,9.41131878335E-04,
    0.999999548054));
#5509 = DIRECTION('',(-1.023817397666E-23,0.999999557135,
    -9.411318868817E-04));
#5510 = DEFINITIONAL_REPRESENTATION('',(#5511),#5515);
#5511 = LINE('',#5512,#5513);
#5512 = CARTESIAN_POINT('',(-16.28079176993,35.245813950607));
#5513 = VECTOR('',#5514,1.);
#5514 = DIRECTION('',(0.419344665237,-0.90782710454));
#5515 = ( GEOMETRIC_REPRESENTATION_CONTEXT(2) 
PARAMETRIC_REPRESENTATION_CONTEXT() REPRESENTATION_CONTEXT('2D SPACE',''
  ) );
#5516 = ORIENTED_EDGE('',*,*,#5517,.T.);
#5517 = EDGE_CURVE('',#5490,#5432,#5518,.T.);
#5518 = SURFACE_CURVE('',#5519,(#5523,#5530),.PCURVE_S1.);
#5519 = LINE('',#5520,#5521);
#5520 = CARTESIAN_POINT('',(22.916922365537,38.289984199128,
    15.27746143236));
#5521 = VECTOR('',#5522,1.);
#5522 = DIRECTION('',(0.829094443935,-0.558971888581,1.236247597526E-02)
  );
#5523 = PCURVE('',#5447,#5524);
#5524 = DEFINITIONAL_REPRESENTATION('',(#5525),#5529);
#5525 = LINE('',#5526,#5527);
#5526 = CARTESIAN_POINT('',(-16.27954244487,35.246391013581));
#5527 = VECTOR('',#5528,1.);
#5528 = DIRECTION('',(-0.559088437993,-0.829108025834));
#5529 = ( GEOMETRIC_REPRESENTATION_CONTEXT(2) 
PARAMETRIC_REPRESENTATION_CONTEXT() REPRESENTATION_CONTEXT('2D SPACE',''
  ) );
#5530 = PCURVE('',#5531,#5536);
#5531 = PLANE('',#5532);
#5532 = AXIS2_PLACEMENT_3D('',#5533,#5534,#5535);
#5533 = CARTESIAN_POINT('',(22.916922365537,38.289984199128,
    15.27746143236));
#5534 = DIRECTION('',(-0.559030893434,-0.829145156539,1.664203528455E-03
    ));
#5535 = DIRECTION('',(-0.829146304731,0.559031667574,7.55881804654E-20)
  );
#5536 = DEFINITIONAL_REPRESENTATION('',(#5537),#5541);
#5537 = LINE('',#5538,#5539);
#5538 = CARTESIAN_POINT('',(0.,-0.));
#5539 = VECTOR('',#5540,1.);
#5540 = DIRECTION('',(-0.999923581462,-1.236249309468E-02));
#5541 = ( GEOMETRIC_REPRESENTATION_CONTEXT(2) 
PARAMETRIC_REPRESENTATION_CONTEXT() REPRESENTATION_CONTEXT('2D SPACE',''
  ) );
#5542 = ORIENTED_EDGE('',*,*,#5431,.T.);
#5543 = ADVANCED_FACE('',(#5544),#5505,.T.);
#5544 = FACE_BOUND('',#5545,.T.);
#5545 = EDGE_LOOP('',(#5546,#5574,#5600));
#5546 = ORIENTED_EDGE('',*,*,#5547,.F.);
#5547 = EDGE_CURVE('',#5548,#1622,#5550,.T.);
#5548 = VERTEX_POINT('',#5549);
#5549 = CARTESIAN_POINT('',(19.213749233833,40.274092434566,
    15.276093196403));
#5550 = SURFACE_CURVE('',#5551,(#5555,#5562),.PCURVE_S1.);
#5551 = LINE('',#5552,#5553);
#5552 = CARTESIAN_POINT('',(19.213749233833,40.274092434566,
    15.276093196403));
#5553 = VECTOR('',#5554,1.);
#5554 = DIRECTION('',(0.938756377029,0.344581284106,-4.508116984419E-04)
  );
#5555 = PCURVE('',#5505,#5556);
#5556 = DEFINITIONAL_REPRESENTATION('',(#5557),#5561);
#5557 = LINE('',#5558,#5559);
#5558 = CARTESIAN_POINT('',(-14.2966831255,38.94898711594));
#5559 = VECTOR('',#5560,1.);
#5560 = DIRECTION('',(0.344581555776,-0.938756385554));
#5561 = ( GEOMETRIC_REPRESENTATION_CONTEXT(2) 
PARAMETRIC_REPRESENTATION_CONTEXT() REPRESENTATION_CONTEXT('2D SPACE',''
  ) );
#5562 = PCURVE('',#5563,#5568);
#5563 = PLANE('',#5564);
#5564 = AXIS2_PLACEMENT_3D('',#5565,#5566,#5567);
#5565 = CARTESIAN_POINT('',(58.162735996066,54.570764288468,
    15.257389026392));
#5566 = DIRECTION('',(2.826426059571E-03,-6.391887490236E-03,
    0.999975577247));
#5567 = DIRECTION('',(1.174007100489E-21,0.999979571515,
    6.391913021775E-03));
#5568 = DEFINITIONAL_REPRESENTATION('',(#5569),#5573);
#5569 = LINE('',#5570,#5571);
#5570 = CARTESIAN_POINT('',(-14.29626023913,38.949142338743));
#5571 = VECTOR('',#5572,1.);
#5572 = DIRECTION('',(0.344571363283,-0.938760126766));
#5573 = ( GEOMETRIC_REPRESENTATION_CONTEXT(2) 
PARAMETRIC_REPRESENTATION_CONTEXT() REPRESENTATION_CONTEXT('2D SPACE',''
  ) );
#5574 = ORIENTED_EDGE('',*,*,#5575,.T.);
#5575 = EDGE_CURVE('',#5548,#5490,#5576,.T.);
#5576 = SURFACE_CURVE('',#5577,(#5581,#5588),.PCURVE_S1.);
#5577 = LINE('',#5578,#5579);
#5578 = CARTESIAN_POINT('',(19.213749233833,40.274092434566,
    15.276093196403));
#5579 = VECTOR('',#5580,1.);
#5580 = DIRECTION('',(0.881453617677,-0.472270487982,3.256765187695E-04)
  );
#5581 = PCURVE('',#5505,#5582);
#5582 = DEFINITIONAL_REPRESENTATION('',(#5583),#5587);
#5583 = LINE('',#5584,#5585);
#5584 = CARTESIAN_POINT('',(-14.2966831255,38.94898711594));
#5585 = VECTOR('',#5586,1.);
#5586 = DIRECTION('',(-0.472270585334,-0.881453625682));
#5587 = ( GEOMETRIC_REPRESENTATION_CONTEXT(2) 
PARAMETRIC_REPRESENTATION_CONTEXT() REPRESENTATION_CONTEXT('2D SPACE',''
  ) );
#5588 = PCURVE('',#5589,#5594);
#5589 = PLANE('',#5590);
#5590 = AXIS2_PLACEMENT_3D('',#5591,#5592,#5593);
#5591 = CARTESIAN_POINT('',(19.213749233833,40.274092434566,
    15.276093196403));
#5592 = DIRECTION('',(-0.472270527751,-0.881453654901,5.365635529477E-05
    ));
#5593 = DIRECTION('',(-0.88145365617,0.47227052843,-1.314049520721E-21)
  );
#5594 = DEFINITIONAL_REPRESENTATION('',(#5595),#5599);
#5595 = LINE('',#5596,#5597);
#5596 = CARTESIAN_POINT('',(0.,-0.));
#5597 = VECTOR('',#5598,1.);
#5598 = DIRECTION('',(-0.999999946967,-3.256765192383E-04));
#5599 = ( GEOMETRIC_REPRESENTATION_CONTEXT(2) 
PARAMETRIC_REPRESENTATION_CONTEXT() REPRESENTATION_CONTEXT('2D SPACE',''
  ) );
#5600 = ORIENTED_EDGE('',*,*,#5489,.T.);
#5601 = ADVANCED_FACE('',(#5602),#5563,.T.);
#5602 = FACE_BOUND('',#5603,.T.);
#5603 = EDGE_LOOP('',(#5604,#5632,#5658));
#5604 = ORIENTED_EDGE('',*,*,#5605,.F.);
#5605 = EDGE_CURVE('',#5606,#1622,#5608,.T.);
#5606 = VERTEX_POINT('',#5607);
#5607 = CARTESIAN_POINT('',(15.393498410195,41.832816141809,
    15.296854546499));
#5608 = SURFACE_CURVE('',#5609,(#5613,#5620),.PCURVE_S1.);
#5609 = LINE('',#5610,#5611);
#5610 = CARTESIAN_POINT('',(15.393498410195,41.832816141809,
    15.296854546499));
#5611 = VECTOR('',#5612,1.);
#5612 = DIRECTION('',(0.958396495448,0.285438917129,-8.843649851378E-04)
  );
#5613 = PCURVE('',#5563,#5614);
#5614 = DEFINITIONAL_REPRESENTATION('',(#5615),#5619);
#5615 = LINE('',#5616,#5617);
#5616 = CARTESIAN_POINT('',(-12.7374356695,42.769408421861));
#5617 = VECTOR('',#5618,1.);
#5618 = DIRECTION('',(0.285427433261,-0.958400323634));
#5619 = ( GEOMETRIC_REPRESENTATION_CONTEXT(2) 
PARAMETRIC_REPRESENTATION_CONTEXT() REPRESENTATION_CONTEXT('2D SPACE',''
  ) );
#5620 = PCURVE('',#5621,#5626);
#5621 = PLANE('',#5622);
#5622 = AXIS2_PLACEMENT_3D('',#5623,#5624,#5625);
#5623 = CARTESIAN_POINT('',(58.162735996066,54.570764288468,
    15.257389026392));
#5624 = DIRECTION('',(-5.64660336769E-03,2.205663011679E-02,
    0.999740776871));
#5625 = DIRECTION('',(-5.9662068377E-21,0.999756715184,
    -2.205698175343E-02));
#5626 = DEFINITIONAL_REPRESENTATION('',(#5627),#5631);
#5627 = LINE('',#5628,#5629);
#5628 = CARTESIAN_POINT('',(-12.73571968754,42.769919432132));
#5629 = VECTOR('',#5630,1.);
#5630 = DIRECTION('',(0.285388980597,-0.958411774632));
#5631 = ( GEOMETRIC_REPRESENTATION_CONTEXT(2) 
PARAMETRIC_REPRESENTATION_CONTEXT() REPRESENTATION_CONTEXT('2D SPACE',''
  ) );
#5632 = ORIENTED_EDGE('',*,*,#5633,.T.);
#5633 = EDGE_CURVE('',#5606,#5548,#5634,.T.);
#5634 = SURFACE_CURVE('',#5635,(#5639,#5646),.PCURVE_S1.);
#5635 = LINE('',#5636,#5637);
#5636 = CARTESIAN_POINT('',(15.393498410195,41.832816141809,
    15.296854546499));
#5637 = VECTOR('',#5638,1.);
#5638 = DIRECTION('',(0.925883600341,-0.377775382985,-5.031762170239E-03
    ));
#5639 = PCURVE('',#5563,#5640);
#5640 = DEFINITIONAL_REPRESENTATION('',(#5641),#5645);
#5641 = LINE('',#5642,#5643);
#5642 = CARTESIAN_POINT('',(-12.7374356695,42.769408421861));
#5643 = VECTOR('',#5644,1.);
#5644 = DIRECTION('',(-0.377799828192,-0.925887298659));
#5645 = ( GEOMETRIC_REPRESENTATION_CONTEXT(2) 
PARAMETRIC_REPRESENTATION_CONTEXT() REPRESENTATION_CONTEXT('2D SPACE',''
  ) );
#5646 = PCURVE('',#5647,#5652);
#5647 = PLANE('',#5648);
#5648 = AXIS2_PLACEMENT_3D('',#5649,#5650,#5651);
#5649 = CARTESIAN_POINT('',(15.393498410195,41.832816141809,
    15.296854546499));
#5650 = DIRECTION('',(-0.377751368578,-0.925892921818,5.118677918203E-03
    ));
#5651 = DIRECTION('',(-0.925905051654,0.377756317382,-2.883294462998E-19
    ));
#5652 = DEFINITIONAL_REPRESENTATION('',(#5653),#5657);
#5653 = LINE('',#5654,#5655);
#5654 = CARTESIAN_POINT('',(0.,-0.));
#5655 = VECTOR('',#5656,1.);
#5656 = DIRECTION('',(-0.999987340273,5.031828089792E-03));
#5657 = ( GEOMETRIC_REPRESENTATION_CONTEXT(2) 
PARAMETRIC_REPRESENTATION_CONTEXT() REPRESENTATION_CONTEXT('2D SPACE',''
  ) );
#5658 = ORIENTED_EDGE('',*,*,#5547,.T.);
#5659 = ADVANCED_FACE('',(#5660),#5621,.T.);
#5660 = FACE_BOUND('',#5661,.T.);
#5661 = EDGE_LOOP('',(#5662,#5690,#5716));
#5662 = ORIENTED_EDGE('',*,*,#5663,.F.);
#5663 = EDGE_CURVE('',#5664,#1622,#5666,.T.);
#5664 = VERTEX_POINT('',#5665);
#5665 = CARTESIAN_POINT('',(11.393701876942,43.138734262261,
    15.245451804199));
#5666 = SURFACE_CURVE('',#5667,(#5671,#5678),.PCURVE_S1.);
#5667 = LINE('',#5668,#5669);
#5668 = CARTESIAN_POINT('',(11.393701876942,43.138734262261,
    15.245451804199));
#5669 = VECTOR('',#5670,1.);
#5670 = DIRECTION('',(0.97140089553,0.237445233034,2.479381613599E-04));
#5671 = PCURVE('',#5621,#5672);
#5672 = DEFINITIONAL_REPRESENTATION('',(#5673),#5677);
#5673 = LINE('',#5674,#5675);
#5674 = CARTESIAN_POINT('',(-11.42898548779,46.769779731926));
#5675 = VECTOR('',#5676,1.);
#5676 = DIRECTION('',(0.237381997447,-0.971416382036));
#5677 = ( GEOMETRIC_REPRESENTATION_CONTEXT(2) 
PARAMETRIC_REPRESENTATION_CONTEXT() REPRESENTATION_CONTEXT('2D SPACE',''
  ) );
#5678 = PCURVE('',#5679,#5684);
#5679 = PLANE('',#5680);
#5680 = AXIS2_PLACEMENT_3D('',#5681,#5682,#5683);
#5681 = CARTESIAN_POINT('',(58.162735996066,54.570764288468,
    15.257389026392));
#5682 = DIRECTION('',(-1.535078710218E-03,5.235912076698E-03,
    0.999985114268));
#5683 = DIRECTION('',(-1.857678936888E-22,0.999986292486,
    -5.235918245835E-03));
#5684 = DEFINITIONAL_REPRESENTATION('',(#5685),#5689);
#5685 = LINE('',#5686,#5687);
#5686 = CARTESIAN_POINT('',(-11.43181081917,46.769089224055));
#5687 = VECTOR('',#5688,1.);
#5688 = DIRECTION('',(0.237440680066,-0.971402040069));
#5689 = ( GEOMETRIC_REPRESENTATION_CONTEXT(2) 
PARAMETRIC_REPRESENTATION_CONTEXT() REPRESENTATION_CONTEXT('2D SPACE',''
  ) );
#5690 = ORIENTED_EDGE('',*,*,#5691,.T.);
#5691 = EDGE_CURVE('',#5664,#5606,#5692,.T.);
#5692 = SURFACE_CURVE('',#5693,(#5697,#5704),.PCURVE_S1.);
#5693 = LINE('',#5694,#5695);
#5694 = CARTESIAN_POINT('',(11.393701876942,43.138734262261,
    15.245451804199));
#5695 = VECTOR('',#5696,1.);
#5696 = DIRECTION('',(0.950544195617,-0.310349008763,1.221576595858E-02)
  );
#5697 = PCURVE('',#5621,#5698);
#5698 = DEFINITIONAL_REPRESENTATION('',(#5699),#5703);
#5699 = LINE('',#5700,#5701);
#5700 = CARTESIAN_POINT('',(-11.42898548779,46.769779731926));
#5701 = VECTOR('',#5702,1.);
#5702 = DIRECTION('',(-0.310542948488,-0.950559349617));
#5703 = ( GEOMETRIC_REPRESENTATION_CONTEXT(2) 
PARAMETRIC_REPRESENTATION_CONTEXT() REPRESENTATION_CONTEXT('2D SPACE',''
  ) );
#5704 = PCURVE('',#5705,#5710);
#5705 = PLANE('',#5706);
#5706 = AXIS2_PLACEMENT_3D('',#5707,#5708,#5709);
#5707 = CARTESIAN_POINT('',(11.393701876942,43.138734262261,
    15.245451804199));
#5708 = DIRECTION('',(-0.310382306831,-0.950611404826,8.835282278395E-04
    ));
#5709 = DIRECTION('',(-0.95061177586,0.310382427976,1.462895926908E-20)
  );
#5710 = DEFINITIONAL_REPRESENTATION('',(#5711),#5715);
#5711 = LINE('',#5712,#5713);
#5712 = CARTESIAN_POINT('',(0.,-0.));
#5713 = VECTOR('',#5714,1.);
#5714 = DIRECTION('',(-0.999925384689,-1.221577072653E-02));
#5715 = ( GEOMETRIC_REPRESENTATION_CONTEXT(2) 
PARAMETRIC_REPRESENTATION_CONTEXT() REPRESENTATION_CONTEXT('2D SPACE',''
  ) );
#5716 = ORIENTED_EDGE('',*,*,#5605,.T.);
#5717 = ADVANCED_FACE('',(#5718),#5679,.T.);
#5718 = FACE_BOUND('',#5719,.T.);
#5719 = EDGE_LOOP('',(#5720,#5748,#5774));
#5720 = ORIENTED_EDGE('',*,*,#5721,.F.);
#5721 = EDGE_CURVE('',#5722,#1622,#5724,.T.);
#5722 = VERTEX_POINT('',#5723);
#5723 = CARTESIAN_POINT('',(7.267073988688,43.990976895319,
    15.234654677365));
#5724 = SURFACE_CURVE('',#5725,(#5729,#5736),.PCURVE_S1.);
#5725 = LINE('',#5726,#5727);
#5726 = CARTESIAN_POINT('',(7.267073988688,43.990976895319,
    15.234654677365));
#5727 = VECTOR('',#5728,1.);
#5728 = DIRECTION('',(0.979070399026,0.203521405481,4.37336450599E-04));
#5729 = PCURVE('',#5679,#5730);
#5730 = DEFINITIONAL_REPRESENTATION('',(#5731),#5735);
#5731 = LINE('',#5732,#5733);
#5732 = CARTESIAN_POINT('',(-10.57952333537,50.895721974448));
#5733 = VECTOR('',#5734,1.);
#5734 = DIRECTION('',(0.20351632585,-0.979071552601));
#5735 = ( GEOMETRIC_REPRESENTATION_CONTEXT(2) 
PARAMETRIC_REPRESENTATION_CONTEXT() REPRESENTATION_CONTEXT('2D SPACE',''
  ) );
#5736 = PCURVE('',#5737,#5742);
#5737 = PLANE('',#5738);
#5738 = AXIS2_PLACEMENT_3D('',#5739,#5740,#5741);
#5739 = CARTESIAN_POINT('',(58.162735996066,54.570764288468,
    15.257389026392));
#5740 = DIRECTION('',(3.296412573107E-03,-1.800637694237E-02,
    0.999832437988));
#5741 = DIRECTION('',(5.319360459894E-22,0.99983787029,
    1.800647477484E-02));
#5742 = DEFINITIONAL_REPRESENTATION('',(#5743),#5747);
#5743 = LINE('',#5744,#5745);
#5744 = CARTESIAN_POINT('',(-10.57848146076,50.895938534309));
#5745 = VECTOR('',#5746,1.);
#5746 = DIRECTION('',(0.203496283502,-0.979075718523));
#5747 = ( GEOMETRIC_REPRESENTATION_CONTEXT(2) 
PARAMETRIC_REPRESENTATION_CONTEXT() REPRESENTATION_CONTEXT('2D SPACE',''
  ) );
#5748 = ORIENTED_EDGE('',*,*,#5749,.T.);
#5749 = EDGE_CURVE('',#5722,#5664,#5750,.T.);
#5750 = SURFACE_CURVE('',#5751,(#5755,#5762),.PCURVE_S1.);
#5751 = LINE('',#5752,#5753);
#5752 = CARTESIAN_POINT('',(7.267073988688,43.990976895319,
    15.234654677365));
#5753 = VECTOR('',#5754,1.);
#5754 = DIRECTION('',(0.979329768053,-0.202253899009,2.562370052355E-03)
  );
#5755 = PCURVE('',#5679,#5756);
#5756 = DEFINITIONAL_REPRESENTATION('',(#5757),#5761);
#5757 = LINE('',#5758,#5759);
#5758 = CARTESIAN_POINT('',(-10.57952333537,50.895721974448));
#5759 = VECTOR('',#5760,1.);
#5760 = DIRECTION('',(-0.202264542971,-0.979330921934));
#5761 = ( GEOMETRIC_REPRESENTATION_CONTEXT(2) 
PARAMETRIC_REPRESENTATION_CONTEXT() REPRESENTATION_CONTEXT('2D SPACE',''
  ) );
#5762 = PCURVE('',#5763,#5768);
#5763 = PLANE('',#5764);
#5764 = AXIS2_PLACEMENT_3D('',#5765,#5766,#5767);
#5765 = CARTESIAN_POINT('',(7.267073988688,43.990976895319,
    15.234654677365));
#5766 = DIRECTION('',(-0.20225916227,-0.979330005571,1.99285397698E-03)
  );
#5767 = DIRECTION('',(-0.979331950265,0.202259563904,1.557008506011E-20)
  );
#5768 = DEFINITIONAL_REPRESENTATION('',(#5769),#5773);
#5769 = LINE('',#5770,#5771);
#5770 = CARTESIAN_POINT('',(0.,-0.));
#5771 = VECTOR('',#5772,1.);
#5772 = DIRECTION('',(-0.999996717111,-2.562375140555E-03));
#5773 = ( GEOMETRIC_REPRESENTATION_CONTEXT(2) 
PARAMETRIC_REPRESENTATION_CONTEXT() REPRESENTATION_CONTEXT('2D SPACE',''
  ) );
#5774 = ORIENTED_EDGE('',*,*,#5663,.T.);
#5775 = ADVANCED_FACE('',(#5776),#1780,.T.);
#5776 = FACE_BOUND('',#5777,.T.);
#5777 = EDGE_LOOP('',(#5778,#5779,#5807));
#5778 = ORIENTED_EDGE('',*,*,#1766,.F.);
#5779 = ORIENTED_EDGE('',*,*,#5780,.T.);
#5780 = EDGE_CURVE('',#1739,#5781,#5783,.T.);
#5781 = VERTEX_POINT('',#5782);
#5782 = CARTESIAN_POINT('',(3.13123270284,44.476458954452,15.2570336394)
  );
#5783 = SURFACE_CURVE('',#5784,(#5788,#5795),.PCURVE_S1.);
#5784 = LINE('',#5785,#5786);
#5785 = CARTESIAN_POINT('',(-1.060082375125,44.615128299953,
    15.30519654736));
#5786 = VECTOR('',#5787,1.);
#5787 = DIRECTION('',(0.999387234619,-3.306465182148E-02,
    -1.148407946009E-02));
#5788 = PCURVE('',#1780,#5789);
#5789 = DEFINITIONAL_REPRESENTATION('',(#5790),#5794);
#5790 = LINE('',#5791,#5792);
#5791 = CARTESIAN_POINT('',(-9.939093084355,59.225616231344));
#5792 = VECTOR('',#5793,1.);
#5793 = DIRECTION('',(-3.362711597088E-02,-0.999434448612));
#5794 = ( GEOMETRIC_REPRESENTATION_CONTEXT(2) 
PARAMETRIC_REPRESENTATION_CONTEXT() REPRESENTATION_CONTEXT('2D SPACE',''
  ) );
#5795 = PCURVE('',#5796,#5801);
#5796 = PLANE('',#5797);
#5797 = AXIS2_PLACEMENT_3D('',#5798,#5799,#5800);
#5798 = CARTESIAN_POINT('',(-1.060082375125,44.615128299953,
    15.30519654736));
#5799 = DIRECTION('',(-3.304849841781E-02,-0.999452478741,
    1.593578280061E-03));
#5800 = DIRECTION('',(-0.999453747794,3.304854038108E-02,
    7.106012201453E-21));
#5801 = DEFINITIONAL_REPRESENTATION('',(#5802),#5806);
#5802 = LINE('',#5803,#5804);
#5803 = CARTESIAN_POINT('',(0.,-0.));
#5804 = VECTOR('',#5805,1.);
#5805 = DIRECTION('',(-0.999934055618,1.148409404198E-02));
#5806 = ( GEOMETRIC_REPRESENTATION_CONTEXT(2) 
PARAMETRIC_REPRESENTATION_CONTEXT() REPRESENTATION_CONTEXT('2D SPACE',''
  ) );
#5807 = ORIENTED_EDGE('',*,*,#5808,.T.);
#5808 = EDGE_CURVE('',#5781,#1622,#5809,.T.);
#5809 = SURFACE_CURVE('',#5810,(#5814,#5821),.PCURVE_S1.);
#5810 = LINE('',#5811,#5812);
#5811 = CARTESIAN_POINT('',(3.13123270284,44.476458954452,15.2570336394)
  );
#5812 = VECTOR('',#5813,1.);
#5813 = DIRECTION('',(0.983590079621,0.180417724268,6.351909345122E-06)
  );
#5814 = PCURVE('',#1780,#5815);
#5815 = DEFINITIONAL_REPRESENTATION('',(#5816),#5820);
#5816 = LINE('',#5817,#5818);
#5817 = CARTESIAN_POINT('',(-10.08012133978,55.034103143325));
#5818 = VECTOR('',#5819,1.);
#5819 = DIRECTION('',(0.180164210641,-0.98363654731));
#5820 = ( GEOMETRIC_REPRESENTATION_CONTEXT(2) 
PARAMETRIC_REPRESENTATION_CONTEXT() REPRESENTATION_CONTEXT('2D SPACE',''
  ) );
#5821 = PCURVE('',#5737,#5822);
#5822 = DEFINITIONAL_REPRESENTATION('',(#5823),#5827);
#5823 = LINE('',#5824,#5825);
#5824 = CARTESIAN_POINT('',(-10.09267514648,55.031802291061));
#5825 = VECTOR('',#5826,1.);
#5826 = DIRECTION('',(0.18038858757,-0.983595423675));
#5827 = ( GEOMETRIC_REPRESENTATION_CONTEXT(2) 
PARAMETRIC_REPRESENTATION_CONTEXT() REPRESENTATION_CONTEXT('2D SPACE',''
  ) );
#5828 = ADVANCED_FACE('',(#5829),#5737,.T.);
#5829 = FACE_BOUND('',#5830,.T.);
#5830 = EDGE_LOOP('',(#5831,#5832,#5858));
#5831 = ORIENTED_EDGE('',*,*,#5808,.F.);
#5832 = ORIENTED_EDGE('',*,*,#5833,.T.);
#5833 = EDGE_CURVE('',#5781,#5722,#5834,.T.);
#5834 = SURFACE_CURVE('',#5835,(#5839,#5846),.PCURVE_S1.);
#5835 = LINE('',#5836,#5837);
#5836 = CARTESIAN_POINT('',(3.13123270284,44.476458954452,15.2570336394)
  );
#5837 = VECTOR('',#5838,1.);
#5838 = DIRECTION('',(0.993166533776,-0.116581972217,-5.374006064814E-03
    ));
#5839 = PCURVE('',#5737,#5840);
#5840 = DEFINITIONAL_REPRESENTATION('',(#5841),#5845);
#5841 = LINE('',#5842,#5843);
#5842 = CARTESIAN_POINT('',(-10.09267514648,55.031802291061));
#5843 = VECTOR('',#5844,1.);
#5844 = DIRECTION('',(-0.11665983772,-0.993171929861));
#5845 = ( GEOMETRIC_REPRESENTATION_CONTEXT(2) 
PARAMETRIC_REPRESENTATION_CONTEXT() REPRESENTATION_CONTEXT('2D SPACE',''
  ) );
#5846 = PCURVE('',#5847,#5852);
#5847 = PLANE('',#5848);
#5848 = AXIS2_PLACEMENT_3D('',#5849,#5850,#5851);
#5849 = CARTESIAN_POINT('',(3.13123270284,44.476458954452,15.2570336394)
  );
#5850 = DIRECTION('',(-0.116596497415,-0.993176289633,
    -2.472751923974E-03));
#5851 = DIRECTION('',(-0.993179326036,0.116596853881,9.908506842505E-21)
  );
#5852 = DEFINITIONAL_REPRESENTATION('',(#5853),#5857);
#5853 = LINE('',#5854,#5855);
#5854 = CARTESIAN_POINT('',(0.,0.));
#5855 = VECTOR('',#5856,1.);
#5856 = DIRECTION('',(-0.999985559837,5.374022494575E-03));
#5857 = ( GEOMETRIC_REPRESENTATION_CONTEXT(2) 
PARAMETRIC_REPRESENTATION_CONTEXT() REPRESENTATION_CONTEXT('2D SPACE',''
  ) );
#5858 = ORIENTED_EDGE('',*,*,#5721,.T.);
#5859 = ADVANCED_FACE('',(#5860),#44,.T.);
#5860 = FACE_BOUND('',#5861,.T.);
#5861 = EDGE_LOOP('',(#5862,#5890,#5891));
#5862 = ORIENTED_EDGE('',*,*,#5863,.F.);
#5863 = EDGE_CURVE('',#24,#5864,#5866,.T.);
#5864 = VERTEX_POINT('',#5865);
#5865 = CARTESIAN_POINT('',(-31.19459830541,31.90346473761,
    -2.739182724755E-02));
#5866 = SURFACE_CURVE('',#5867,(#5871,#5878),.PCURVE_S1.);
#5867 = LINE('',#5868,#5869);
#5868 = CARTESIAN_POINT('',(-34.03345067988,28.819575930894,
    1.122417756449E-03));
#5869 = VECTOR('',#5870,1.);
#5870 = DIRECTION('',(0.677257214898,0.735714883617,-6.802565124549E-03)
  );
#5871 = PCURVE('',#44,#5872);
#5872 = DEFINITIONAL_REPRESENTATION('',(#5873),#5877);
#5873 = LINE('',#5874,#5875);
#5874 = CARTESIAN_POINT('',(2.83896241578,-3.083919331013));
#5875 = VECTOR('',#5876,1.);
#5876 = DIRECTION('',(-0.677283467151,0.735722165715));
#5877 = ( GEOMETRIC_REPRESENTATION_CONTEXT(2) 
PARAMETRIC_REPRESENTATION_CONTEXT() REPRESENTATION_CONTEXT('2D SPACE',''
  ) );
#5878 = PCURVE('',#5879,#5884);
#5879 = PLANE('',#5880);
#5880 = AXIS2_PLACEMENT_3D('',#5881,#5882,#5883);
#5881 = CARTESIAN_POINT('',(-31.17770608206,31.92255659871,
    15.273255804411));
#5882 = DIRECTION('',(0.735732057611,-0.67727272079,3.282517704799E-05)
  );
#5883 = DIRECTION('',(0.677272721155,0.735732058007,8.96850723123E-22));
#5884 = DEFINITIONAL_REPRESENTATION('',(#5885),#5889);
#5885 = LINE('',#5886,#5887);
#5886 = CARTESIAN_POINT('',(-4.217080267382,-15.27213339488));
#5887 = VECTOR('',#5888,1.);
#5888 = DIRECTION('',(0.999976862286,-6.802565128214E-03));
#5889 = ( GEOMETRIC_REPRESENTATION_CONTEXT(2) 
PARAMETRIC_REPRESENTATION_CONTEXT() REPRESENTATION_CONTEXT('2D SPACE',''
  ) );
#5890 = ORIENTED_EDGE('',*,*,#21,.F.);
#5891 = ORIENTED_EDGE('',*,*,#5892,.T.);
#5892 = EDGE_CURVE('',#22,#5864,#5893,.T.);
#5893 = SURFACE_CURVE('',#5894,(#5898,#5905),.PCURVE_S1.);
#5894 = LINE('',#5895,#5896);
#5895 = CARTESIAN_POINT('',(-58.13584008237,54.59747097655,
    1.202301384363E-02));
#5896 = VECTOR('',#5897,1.);
#5897 = DIRECTION('',(0.764817770411,-0.644245703188,-1.118922844537E-03
    ));
#5898 = PCURVE('',#44,#5899);
#5899 = DEFINITIONAL_REPRESENTATION('',(#5900),#5904);
#5900 = LINE('',#5901,#5902);
#5901 = CARTESIAN_POINT('',(26.941081394056,22.694230863955));
#5902 = VECTOR('',#5903,1.);
#5903 = DIRECTION('',(-0.764813217402,-0.644252079924));
#5904 = ( GEOMETRIC_REPRESENTATION_CONTEXT(2) 
PARAMETRIC_REPRESENTATION_CONTEXT() REPRESENTATION_CONTEXT('2D SPACE',''
  ) );
#5905 = PCURVE('',#5906,#5911);
#5906 = PLANE('',#5907);
#5907 = AXIS2_PLACEMENT_3D('',#5908,#5909,#5910);
#5908 = CARTESIAN_POINT('',(-28.02811016278,34.637890259825,
    -2.123250888315E-02));
#5909 = DIRECTION('',(2.199051100035E-04,1.997852549119E-03,
    -0.999997980111));
#5910 = DIRECTION('',(-5.634653835015E-23,-0.999998004291,
    -1.997852597425E-03));
#5911 = DEFINITIONAL_REPRESENTATION('',(#5912),#5916);
#5912 = LINE('',#5913,#5914);
#5913 = CARTESIAN_POINT('',(-19.95960732283,30.10773064757));
#5914 = VECTOR('',#5915,1.);
#5915 = DIRECTION('',(0.644246652903,-0.764817788903));
#5916 = ( GEOMETRIC_REPRESENTATION_CONTEXT(2) 
PARAMETRIC_REPRESENTATION_CONTEXT() REPRESENTATION_CONTEXT('2D SPACE',''
  ) );
#5917 = ADVANCED_FACE('',(#5918),#1463,.T.);
#5918 = FACE_BOUND('',#5919,.T.);
#5919 = EDGE_LOOP('',(#5920,#5921,#5922));
#5920 = ORIENTED_EDGE('',*,*,#1970,.F.);
#5921 = ORIENTED_EDGE('',*,*,#1447,.T.);
#5922 = ORIENTED_EDGE('',*,*,#5923,.T.);
#5923 = EDGE_CURVE('',#1448,#1971,#5924,.T.);
#5924 = SURFACE_CURVE('',#5925,(#5929,#5936),.PCURVE_S1.);
#5925 = LINE('',#5926,#5927);
#5926 = CARTESIAN_POINT('',(-1.007123152444,-44.54855684357,
    -9.049728957311E-04));
#5927 = VECTOR('',#5928,1.);
#5928 = DIRECTION('',(0.986016133769,-0.166648875376,-5.798986388595E-04
    ));
#5929 = PCURVE('',#1463,#5930);
#5930 = DEFINITIONAL_REPRESENTATION('',(#5931),#5935);
#5931 = LINE('',#5932,#5933);
#5932 = CARTESIAN_POINT('',(-9.996956549381,59.14892123969));
#5933 = VECTOR('',#5934,1.);
#5934 = DIRECTION('',(0.166649877154,-0.986016134982));
#5935 = ( GEOMETRIC_REPRESENTATION_CONTEXT(2) 
PARAMETRIC_REPRESENTATION_CONTEXT() REPRESENTATION_CONTEXT('2D SPACE',''
  ) );
#5936 = PCURVE('',#5937,#5942);
#5937 = PLANE('',#5938);
#5938 = AXIS2_PLACEMENT_3D('',#5939,#5940,#5941);
#5939 = CARTESIAN_POINT('',(58.141798014508,-54.54545329852,
    -3.569180619389E-02));
#5940 = DIRECTION('',(-2.09009127765E-03,-8.88688414484E-03,
    -0.999958326536));
#5941 = DIRECTION('',(1.982413181577E-21,-0.999960510693,
    8.886903555998E-03));
#5942 = DEFINITIONAL_REPRESENTATION('',(#5943),#5947);
#5943 = LINE('',#5944,#5945);
#5944 = CARTESIAN_POINT('',(-9.996192537206,59.149050362861));
#5945 = VECTOR('',#5946,1.);
#5946 = DIRECTION('',(0.166637141025,-0.986018287473));
#5947 = ( GEOMETRIC_REPRESENTATION_CONTEXT(2) 
PARAMETRIC_REPRESENTATION_CONTEXT() REPRESENTATION_CONTEXT('2D SPACE',''
  ) );
#5948 = ADVANCED_FACE('',(#5949),#5937,.T.);
#5949 = FACE_BOUND('',#5950,.T.);
#5950 = EDGE_LOOP('',(#5951,#5952,#5980));
#5951 = ORIENTED_EDGE('',*,*,#5923,.F.);
#5952 = ORIENTED_EDGE('',*,*,#5953,.T.);
#5953 = EDGE_CURVE('',#1448,#5954,#5956,.T.);
#5954 = VERTEX_POINT('',#5955);
#5955 = CARTESIAN_POINT('',(3.124691311363,-44.51416902177,
    -9.846815493224E-03));
#5956 = SURFACE_CURVE('',#5957,(#5961,#5968),.PCURVE_S1.);
#5957 = LINE('',#5958,#5959);
#5958 = CARTESIAN_POINT('',(-1.007123152444,-44.54855684357,
    -9.049728957311E-04));
#5959 = VECTOR('',#5960,1.);
#5960 = DIRECTION('',(0.999963026684,8.322384914006E-03,
    -2.164064254638E-03));
#5961 = PCURVE('',#5937,#5962);
#5962 = DEFINITIONAL_REPRESENTATION('',(#5963),#5967);
#5963 = LINE('',#5964,#5965);
#5964 = CARTESIAN_POINT('',(-9.996192537206,59.149050362861));
#5965 = VECTOR('',#5966,1.);
#5966 = DIRECTION('',(-8.341288099112E-03,-0.999965210851));
#5967 = ( GEOMETRIC_REPRESENTATION_CONTEXT(2) 
PARAMETRIC_REPRESENTATION_CONTEXT() REPRESENTATION_CONTEXT('2D SPACE',''
  ) );
#5968 = PCURVE('',#5969,#5974);
#5969 = PLANE('',#5970);
#5970 = AXIS2_PLACEMENT_3D('',#5971,#5972,#5973);
#5971 = CARTESIAN_POINT('',(-1.079483660324,-44.60068938711,
    15.284762350781));
#5972 = DIRECTION('',(-8.315062178232E-03,0.999959747068,
    3.371050922584E-03));
#5973 = DIRECTION('',(0.99996542888,8.315109424753E-03,
    -5.290113090401E-21));
#5974 = DEFINITIONAL_REPRESENTATION('',(#5975),#5979);
#5975 = LINE('',#5976,#5977);
#5976 = CARTESIAN_POINT('',(7.279149409952E-02,15.285754177459));
#5977 = VECTOR('',#5978,1.);
#5978 = DIRECTION('',(0.999997658384,2.164076550939E-03));
#5979 = ( GEOMETRIC_REPRESENTATION_CONTEXT(2) 
PARAMETRIC_REPRESENTATION_CONTEXT() REPRESENTATION_CONTEXT('2D SPACE',''
  ) );
#5980 = ORIENTED_EDGE('',*,*,#5981,.T.);
#5981 = EDGE_CURVE('',#5954,#1971,#5982,.T.);
#5982 = SURFACE_CURVE('',#5983,(#5987,#5994),.PCURVE_S1.);
#5983 = LINE('',#5984,#5985);
#5984 = CARTESIAN_POINT('',(3.124691311363,-44.51416902177,
    -9.846815493224E-03));
#5985 = VECTOR('',#5986,1.);
#5986 = DIRECTION('',(0.983781017308,-0.179373064889,-4.621437361474E-04
    ));
#5987 = PCURVE('',#5937,#5988);
#5988 = DEFINITIONAL_REPRESENTATION('',(#5989),#5993);
#5989 = LINE('',#5990,#5991);
#5990 = CARTESIAN_POINT('',(-10.03065846634,55.017226874147));
#5991 = VECTOR('',#5992,1.);
#5992 = DIRECTION('',(0.179361874544,-0.98378316613));
#5993 = ( GEOMETRIC_REPRESENTATION_CONTEXT(2) 
PARAMETRIC_REPRESENTATION_CONTEXT() REPRESENTATION_CONTEXT('2D SPACE',''
  ) );
#5994 = PCURVE('',#5995,#6000);
#5995 = PLANE('',#5996);
#5996 = AXIS2_PLACEMENT_3D('',#5997,#5998,#5999);
#5997 = CARTESIAN_POINT('',(58.141798014508,-54.54545329852,
    -3.569180619389E-02));
#5998 = DIRECTION('',(1.609802436669E-03,1.140531416067E-02,
    -0.999933661472));
#5999 = DIRECTION('',(-5.06496725502E-22,-0.999934957121,
    -1.140532893892E-02));
#6000 = DEFINITIONAL_REPRESENTATION('',(#6001),#6005);
#6001 = LINE('',#6002,#6003);
#6002 = CARTESIAN_POINT('',(-10.03092658375,55.017177990706));
#6003 = VECTOR('',#6004,1.);
#6004 = DIRECTION('',(0.17936666885,-0.983782292027));
#6005 = ( GEOMETRIC_REPRESENTATION_CONTEXT(2) 
PARAMETRIC_REPRESENTATION_CONTEXT() REPRESENTATION_CONTEXT('2D SPACE',''
  ) );
#6006 = ADVANCED_FACE('',(#6007),#5995,.T.);
#6007 = FACE_BOUND('',#6008,.T.);
#6008 = EDGE_LOOP('',(#6009,#6010,#6038));
#6009 = ORIENTED_EDGE('',*,*,#5981,.F.);
#6010 = ORIENTED_EDGE('',*,*,#6011,.T.);
#6011 = EDGE_CURVE('',#5954,#6012,#6014,.T.);
#6012 = VERTEX_POINT('',#6013);
#6013 = CARTESIAN_POINT('',(7.315173649456,-44.03051595045,
    2.416061909877E-03));
#6014 = SURFACE_CURVE('',#6015,(#6019,#6026),.PCURVE_S1.);
#6015 = LINE('',#6016,#6017);
#6016 = CARTESIAN_POINT('',(3.124691311363,-44.51416902177,
    -9.846815493224E-03));
#6017 = VECTOR('',#6018,1.);
#6018 = DIRECTION('',(0.993401069843,0.114655411888,2.907053305263E-03)
  );
#6019 = PCURVE('',#5995,#6020);
#6020 = DEFINITIONAL_REPRESENTATION('',(#6021),#6025);
#6021 = LINE('',#6022,#6023);
#6022 = CARTESIAN_POINT('',(-10.03092658375,55.017177990706));
#6023 = VECTOR('',#6024,1.);
#6024 = DIRECTION('',(-0.114681110269,-0.993402357027));
#6025 = ( GEOMETRIC_REPRESENTATION_CONTEXT(2) 
PARAMETRIC_REPRESENTATION_CONTEXT() REPRESENTATION_CONTEXT('2D SPACE',''
  ) );
#6026 = PCURVE('',#6027,#6032);
#6027 = PLANE('',#6028);
#6028 = AXIS2_PLACEMENT_3D('',#6029,#6030,#6031);
#6029 = CARTESIAN_POINT('',(7.252886557367,-43.99963173703,
    15.247498660667));
#6030 = DIRECTION('',(-0.114648378926,0.993403037204,-2.48090394423E-03)
  );
#6031 = DIRECTION('',(0.993406094358,0.114648731752,1.204588463826E-20)
  );
#6032 = DEFINITIONAL_REPRESENTATION('',(#6033),#6037);
#6033 = LINE('',#6034,#6035);
#6034 = CARTESIAN_POINT('',(-4.159965363214,15.257392429975));
#6035 = VECTOR('',#6036,1.);
#6036 = DIRECTION('',(0.999995774486,-2.907062251592E-03));
#6037 = ( GEOMETRIC_REPRESENTATION_CONTEXT(2) 
PARAMETRIC_REPRESENTATION_CONTEXT() REPRESENTATION_CONTEXT('2D SPACE',''
  ) );
#6038 = ORIENTED_EDGE('',*,*,#6039,.T.);
#6039 = EDGE_CURVE('',#6012,#1971,#6040,.T.);
#6040 = SURFACE_CURVE('',#6041,(#6045,#6052),.PCURVE_S1.);
#6041 = LINE('',#6042,#6043);
#6042 = CARTESIAN_POINT('',(7.315173649456,-44.03051595045,
    2.416061909877E-03));
#6043 = VECTOR('',#6044,1.);
#6044 = DIRECTION('',(0.979263656791,-0.20258862608,-7.34214611692E-04)
  );
#6045 = PCURVE('',#5995,#6046);
#6046 = DEFINITIONAL_REPRESENTATION('',(#6047),#6051);
#6047 = LINE('',#6048,#6049);
#6048 = CARTESIAN_POINT('',(-10.51468805903,50.826690222861));
#6049 = VECTOR('',#6050,1.);
#6050 = DIRECTION('',(0.202583823092,-0.979264925657));
#6051 = ( GEOMETRIC_REPRESENTATION_CONTEXT(2) 
PARAMETRIC_REPRESENTATION_CONTEXT() REPRESENTATION_CONTEXT('2D SPACE',''
  ) );
#6052 = PCURVE('',#6053,#6058);
#6053 = PLANE('',#6054);
#6054 = AXIS2_PLACEMENT_3D('',#6055,#6056,#6057);
#6055 = CARTESIAN_POINT('',(58.141798014508,-54.54545329852,
    -3.569180619389E-02));
#6056 = DIRECTION('',(1.05787877405E-03,8.737550792197E-03,
    -0.999961267299));
#6057 = DIRECTION('',(1.59865483242E-21,-0.999961826832,
    -8.737555681331E-03));
#6058 = DEFINITIONAL_REPRESENTATION('',(#6059),#6063);
#6059 = LINE('',#6060,#6061);
#6060 = CARTESIAN_POINT('',(-10.51486892921,50.826652805304));
#6061 = VECTOR('',#6062,1.);
#6062 = DIRECTION('',(0.202587307871,-0.979264204742));
#6063 = ( GEOMETRIC_REPRESENTATION_CONTEXT(2) 
PARAMETRIC_REPRESENTATION_CONTEXT() REPRESENTATION_CONTEXT('2D SPACE',''
  ) );
#6064 = ADVANCED_FACE('',(#6065),#6053,.T.);
#6065 = FACE_BOUND('',#6066,.T.);
#6066 = EDGE_LOOP('',(#6067,#6068,#6096));
#6067 = ORIENTED_EDGE('',*,*,#6039,.F.);
#6068 = ORIENTED_EDGE('',*,*,#6069,.T.);
#6069 = EDGE_CURVE('',#6012,#6070,#6072,.T.);
#6070 = VERTEX_POINT('',#6071);
#6071 = CARTESIAN_POINT('',(11.362319969433,-43.06904625759,
    1.509883361176E-02));
#6072 = SURFACE_CURVE('',#6073,(#6077,#6084),.PCURVE_S1.);
#6073 = LINE('',#6074,#6075);
#6074 = CARTESIAN_POINT('',(7.315173649456,-44.03051595045,
    2.416061909877E-03));
#6075 = VECTOR('',#6076,1.);
#6076 = DIRECTION('',(0.972917302406,0.231133353223,3.04888606827E-03));
#6077 = PCURVE('',#6053,#6078);
#6078 = DEFINITIONAL_REPRESENTATION('',(#6079),#6083);
#6079 = LINE('',#6080,#6081);
#6080 = CARTESIAN_POINT('',(-10.51486892921,50.826652805304));
#6081 = VECTOR('',#6082,1.);
#6082 = DIRECTION('',(-0.231151169942,-0.972917846806));
#6083 = ( GEOMETRIC_REPRESENTATION_CONTEXT(2) 
PARAMETRIC_REPRESENTATION_CONTEXT() REPRESENTATION_CONTEXT('2D SPACE',''
  ) );
#6084 = PCURVE('',#6085,#6090);
#6085 = PLANE('',#6086);
#6086 = AXIS2_PLACEMENT_3D('',#6087,#6088,#6089);
#6087 = CARTESIAN_POINT('',(11.397070210308,-43.09223019073,
    15.290933542755));
#6088 = DIRECTION('',(-0.231139903909,0.97291846279,2.002394272344E-03)
  );
#6089 = DIRECTION('',(0.972920413295,0.231140367297,1.575935382556E-20)
  );
#6090 = DEFINITIONAL_REPRESENTATION('',(#6091),#6095);
#6091 = LINE('',#6092,#6093);
#6092 = CARTESIAN_POINT('',(-4.188236204142,15.288548131226));
#6093 = VECTOR('',#6094,1.);
#6094 = DIRECTION('',(0.999995352117,-3.048892180669E-03));
#6095 = ( GEOMETRIC_REPRESENTATION_CONTEXT(2) 
PARAMETRIC_REPRESENTATION_CONTEXT() REPRESENTATION_CONTEXT('2D SPACE',''
  ) );
#6096 = ORIENTED_EDGE('',*,*,#6097,.T.);
#6097 = EDGE_CURVE('',#6070,#1971,#6098,.T.);
#6098 = SURFACE_CURVE('',#6099,(#6103,#6110),.PCURVE_S1.);
#6099 = LINE('',#6100,#6101);
#6100 = CARTESIAN_POINT('',(11.362319969433,-43.06904625759,
    1.509883361176E-02));
#6101 = VECTOR('',#6102,1.);
#6102 = DIRECTION('',(0.971199757616,-0.238264388622,-1.054476431329E-03
    ));
#6103 = PCURVE('',#6053,#6104);
#6104 = DEFINITIONAL_REPRESENTATION('',(#6105),#6109);
#6105 = LINE('',#6106,#6107);
#6106 = CARTESIAN_POINT('',(-11.47641273615,46.77950422073));
#6107 = VECTOR('',#6108,1.);
#6108 = DIRECTION('',(0.238264506862,-0.971200301055));
#6109 = ( GEOMETRIC_REPRESENTATION_CONTEXT(2) 
PARAMETRIC_REPRESENTATION_CONTEXT() REPRESENTATION_CONTEXT('2D SPACE',''
  ) );
#6110 = PCURVE('',#6111,#6116);
#6111 = PLANE('',#6112);
#6112 = AXIS2_PLACEMENT_3D('',#6113,#6114,#6115);
#6113 = CARTESIAN_POINT('',(58.141798014508,-54.54545329852,
    -3.569180619389E-02));
#6114 = DIRECTION('',(-6.476834129833E-03,-2.197600789877E-02,
    -0.9997375184));
#6115 = DIRECTION('',(-2.5796324682E-20,-0.999758488244,
    2.197646885323E-02));
#6116 = DEFINITIONAL_REPRESENTATION('',(#6117),#6121);
#6117 = LINE('',#6118,#6119);
#6118 = CARTESIAN_POINT('',(-11.47251915479,46.780459261005));
#6119 = VECTOR('',#6120,1.);
#6120 = DIRECTION('',(0.238183671302,-0.971220128871));
#6121 = ( GEOMETRIC_REPRESENTATION_CONTEXT(2) 
PARAMETRIC_REPRESENTATION_CONTEXT() REPRESENTATION_CONTEXT('2D SPACE',''
  ) );
#6122 = ADVANCED_FACE('',(#6123),#6111,.T.);
#6123 = FACE_BOUND('',#6124,.T.);
#6124 = EDGE_LOOP('',(#6125,#6126,#6154));
#6125 = ORIENTED_EDGE('',*,*,#6097,.F.);
#6126 = ORIENTED_EDGE('',*,*,#6127,.T.);
#6127 = EDGE_CURVE('',#6070,#6128,#6130,.T.);
#6128 = VERTEX_POINT('',#6129);
#6129 = CARTESIAN_POINT('',(15.330132265686,-41.847026976,
    -3.746893194539E-02));
#6130 = SURFACE_CURVE('',#6131,(#6135,#6142),.PCURVE_S1.);
#6131 = LINE('',#6132,#6133);
#6132 = CARTESIAN_POINT('',(11.362319969433,-43.06904625759,
    1.509883361176E-02));
#6133 = VECTOR('',#6134,1.);
#6134 = DIRECTION('',(0.955624250902,0.294316155445,-1.266063710463E-02)
  );
#6135 = PCURVE('',#6111,#6136);
#6136 = DEFINITIONAL_REPRESENTATION('',(#6137),#6141);
#6137 = LINE('',#6138,#6139);
#6138 = CARTESIAN_POINT('',(-11.47251915479,46.780459261005));
#6139 = VECTOR('',#6140,1.);
#6140 = DIRECTION('',(-0.294523310731,-0.955644295455));
#6141 = ( GEOMETRIC_REPRESENTATION_CONTEXT(2) 
PARAMETRIC_REPRESENTATION_CONTEXT() REPRESENTATION_CONTEXT('2D SPACE',''
  ) );
#6142 = PCURVE('',#6143,#6148);
#6143 = PLANE('',#6144);
#6144 = AXIS2_PLACEMENT_3D('',#6145,#6146,#6147);
#6145 = CARTESIAN_POINT('',(11.397070210308,-43.09223019073,
    15.290933542755));
#6146 = DIRECTION('',(-0.294313431588,0.95570660229,2.119982392078E-03)
  );
#6147 = DIRECTION('',(0.955708749926,0.294314092961,-1.45194059729E-21)
  );
#6148 = DEFINITIONAL_REPRESENTATION('',(#6149),#6153);
#6149 = LINE('',#6150,#6151);
#6150 = CARTESIAN_POINT('',(-2.63877510138E-02,15.275869036544));
#6151 = VECTOR('',#6152,1.);
#6152 = DIRECTION('',(0.999919850562,1.266066555523E-02));
#6153 = ( GEOMETRIC_REPRESENTATION_CONTEXT(2) 
PARAMETRIC_REPRESENTATION_CONTEXT() REPRESENTATION_CONTEXT('2D SPACE',''
  ) );
#6154 = ORIENTED_EDGE('',*,*,#6155,.T.);
#6155 = EDGE_CURVE('',#6128,#1971,#6156,.T.);
#6156 = SURFACE_CURVE('',#6157,(#6161,#6168),.PCURVE_S1.);
#6157 = LINE('',#6158,#6159);
#6158 = CARTESIAN_POINT('',(15.330132265686,-41.847026976,
    -3.746893194539E-02));
#6159 = VECTOR('',#6160,1.);
#6160 = DIRECTION('',(0.958715797046,-0.284365994644,3.979659519221E-05)
  );
#6161 = PCURVE('',#6111,#6162);
#6162 = DEFINITIONAL_REPRESENTATION('',(#6163),#6167);
#6163 = LINE('',#6164,#6165);
#6164 = CARTESIAN_POINT('',(-12.69539855823,42.8125637385));
#6165 = VECTOR('',#6166,1.);
#6166 = DIRECTION('',(0.284298191502,-0.958735906446));
#6167 = ( GEOMETRIC_REPRESENTATION_CONTEXT(2) 
PARAMETRIC_REPRESENTATION_CONTEXT() REPRESENTATION_CONTEXT('2D SPACE',''
  ) );
#6168 = PCURVE('',#6169,#6174);
#6169 = PLANE('',#6170);
#6170 = AXIS2_PLACEMENT_3D('',#6171,#6172,#6173);
#6171 = CARTESIAN_POINT('',(58.141798014508,-54.54545329852,
    -3.569180619389E-02));
#6172 = DIRECTION('',(6.375375475335E-03,2.135412314793E-02,
    -0.999751647167));
#6173 = DIRECTION('',(-1.526177159404E-20,-0.999771965445,
    -2.135455713473E-02));
#6174 = DEFINITIONAL_REPRESENTATION('',(#6175),#6179);
#6175 = LINE('',#6176,#6177);
#6176 = CARTESIAN_POINT('',(-12.69549269278,42.812535824252));
#6177 = VECTOR('',#6178,1.);
#6178 = DIRECTION('',(0.284300299532,-0.95873528134));
#6179 = ( GEOMETRIC_REPRESENTATION_CONTEXT(2) 
PARAMETRIC_REPRESENTATION_CONTEXT() REPRESENTATION_CONTEXT('2D SPACE',''
  ) );
#6180 = ADVANCED_FACE('',(#6181),#6169,.T.);
#6181 = FACE_BOUND('',#6182,.T.);
#6182 = EDGE_LOOP('',(#6183,#6184,#6212));
#6183 = ORIENTED_EDGE('',*,*,#6155,.F.);
#6184 = ORIENTED_EDGE('',*,*,#6185,.T.);
#6185 = EDGE_CURVE('',#6128,#6186,#6188,.T.);
#6186 = VERTEX_POINT('',#6187);
#6187 = CARTESIAN_POINT('',(19.194407282163,-40.26306079699,
    2.100600348927E-02));
#6188 = SURFACE_CURVE('',#6189,(#6193,#6200),.PCURVE_S1.);
#6189 = LINE('',#6190,#6191);
#6190 = CARTESIAN_POINT('',(15.330132265686,-41.847026976,
    -3.746893194539E-02));
#6191 = VECTOR('',#6192,1.);
#6192 = DIRECTION('',(0.925193706709,0.379236864409,1.400020496308E-02)
  );
#6193 = PCURVE('',#6169,#6194);
#6194 = DEFINITIONAL_REPRESENTATION('',(#6195),#6199);
#6195 = LINE('',#6196,#6197);
#6196 = CARTESIAN_POINT('',(-12.69549269278,42.812535824252));
#6197 = VECTOR('',#6198,1.);
#6198 = DIRECTION('',(-0.379449353476,-0.925212509722));
#6199 = ( GEOMETRIC_REPRESENTATION_CONTEXT(2) 
PARAMETRIC_REPRESENTATION_CONTEXT() REPRESENTATION_CONTEXT('2D SPACE',''
  ) );
#6200 = PCURVE('',#6201,#6206);
#6201 = PLANE('',#6202);
#6202 = AXIS2_PLACEMENT_3D('',#6203,#6204,#6205);
#6203 = CARTESIAN_POINT('',(19.237428806212,-40.24569680497,
    15.269365875039));
#6204 = DIRECTION('',(-0.379274248808,0.925284304374,1.641664707411E-05)
  );
#6205 = DIRECTION('',(0.925284304499,0.379274248859,-2.670449316504E-22)
  );
#6206 = DEFINITIONAL_REPRESENTATION('',(#6207),#6211);
#6207 = LINE('',#6208,#6209);
#6208 = CARTESIAN_POINT('',(-4.222703459763,15.306834809047));
#6209 = VECTOR('',#6210,1.);
#6210 = DIRECTION('',(0.999901992328,-1.400020496497E-02));
#6211 = ( GEOMETRIC_REPRESENTATION_CONTEXT(2) 
PARAMETRIC_REPRESENTATION_CONTEXT() REPRESENTATION_CONTEXT('2D SPACE',''
  ) );
#6212 = ORIENTED_EDGE('',*,*,#6213,.T.);
#6213 = EDGE_CURVE('',#6186,#1971,#6214,.T.);
#6214 = SURFACE_CURVE('',#6215,(#6219,#6226),.PCURVE_S1.);
#6215 = LINE('',#6216,#6217);
#6216 = CARTESIAN_POINT('',(19.194407282163,-40.26306079699,
    2.100600348927E-02));
#6217 = VECTOR('',#6218,1.);
#6218 = DIRECTION('',(0.938862328855,-0.344290080374,-1.366752345643E-03
    ));
#6219 = PCURVE('',#6169,#6220);
#6220 = DEFINITIONAL_REPRESENTATION('',(#6221),#6225);
#6221 = LINE('',#6222,#6223);
#6222 = CARTESIAN_POINT('',(-14.28034637912,38.948182272856));
#6223 = VECTOR('',#6224,1.);
#6224 = DIRECTION('',(0.34424075673,-0.93888140966));
#6225 = ( GEOMETRIC_REPRESENTATION_CONTEXT(2) 
PARAMETRIC_REPRESENTATION_CONTEXT() REPRESENTATION_CONTEXT('2D SPACE',''
  ) );
#6226 = PCURVE('',#6227,#6232);
#6227 = PLANE('',#6228);
#6228 = AXIS2_PLACEMENT_3D('',#6229,#6230,#6231);
#6229 = CARTESIAN_POINT('',(58.141798014508,-54.54545329852,
    -3.569180619389E-02));
#6230 = DIRECTION('',(-9.24515336994E-04,1.448655460856E-03,
    -0.999998523333));
#6231 = DIRECTION('',(1.109121569794E-22,-0.999998950697,
    -1.44865607996E-03));
#6232 = DEFINITIONAL_REPRESENTATION('',(#6233),#6237);
#6233 = LINE('',#6234,#6235);
#6234 = CARTESIAN_POINT('',(-14.2824596506,38.947407377081));
#6235 = VECTOR('',#6236,1.);
#6236 = DIRECTION('',(0.344291699064,-0.938862730092));
#6237 = ( GEOMETRIC_REPRESENTATION_CONTEXT(2) 
PARAMETRIC_REPRESENTATION_CONTEXT() REPRESENTATION_CONTEXT('2D SPACE',''
  ) );
#6238 = ADVANCED_FACE('',(#6239),#6227,.T.);
#6239 = FACE_BOUND('',#6240,.T.);
#6240 = EDGE_LOOP('',(#6241,#6242,#6270));
#6241 = ORIENTED_EDGE('',*,*,#6213,.F.);
#6242 = ORIENTED_EDGE('',*,*,#6243,.T.);
#6243 = EDGE_CURVE('',#6186,#6244,#6246,.T.);
#6244 = VERTEX_POINT('',#6245);
#6245 = CARTESIAN_POINT('',(22.867772630211,-38.23886187253,
    2.054228702764E-02));
#6246 = SURFACE_CURVE('',#6247,(#6251,#6258),.PCURVE_S1.);
#6247 = LINE('',#6248,#6249);
#6248 = CARTESIAN_POINT('',(19.194407282163,-40.26306079699,
    2.100600348927E-02));
#6249 = VECTOR('',#6250,1.);
#6250 = DIRECTION('',(0.875828208337,0.482622976305,-1.105623642851E-04)
  );
#6251 = PCURVE('',#6227,#6252);
#6252 = DEFINITIONAL_REPRESENTATION('',(#6253),#6257);
#6253 = LINE('',#6254,#6255);
#6254 = CARTESIAN_POINT('',(-14.2824596506,38.947407377081));
#6255 = VECTOR('',#6256,1.);
#6256 = DIRECTION('',(-0.48262230972,-0.875828582635));
#6257 = ( GEOMETRIC_REPRESENTATION_CONTEXT(2) 
PARAMETRIC_REPRESENTATION_CONTEXT() REPRESENTATION_CONTEXT('2D SPACE',''
  ) );
#6258 = PCURVE('',#6259,#6264);
#6259 = PLANE('',#6260);
#6260 = AXIS2_PLACEMENT_3D('',#6261,#6262,#6263);
#6261 = CARTESIAN_POINT('',(19.237428806212,-40.24569680497,
    15.269365875039));
#6262 = DIRECTION('',(-0.482622911947,0.875828175006,3.643211349561E-04)
  );
#6263 = DIRECTION('',(0.87582823313,0.482622943976,5.354769643209E-21));
#6264 = DEFINITIONAL_REPRESENTATION('',(#6265),#6269);
#6265 = LINE('',#6266,#6267);
#6266 = CARTESIAN_POINT('',(-4.605972634044E-02,15.248360883507));
#6267 = VECTOR('',#6268,1.);
#6268 = DIRECTION('',(0.999999993888,1.105623716226E-04));
#6269 = ( GEOMETRIC_REPRESENTATION_CONTEXT(2) 
PARAMETRIC_REPRESENTATION_CONTEXT() REPRESENTATION_CONTEXT('2D SPACE',''
  ) );
#6270 = ORIENTED_EDGE('',*,*,#6271,.T.);
#6271 = EDGE_CURVE('',#6244,#1971,#6272,.T.);
#6272 = SURFACE_CURVE('',#6273,(#6277,#6284),.PCURVE_S1.);
#6273 = LINE('',#6274,#6275);
#6274 = CARTESIAN_POINT('',(22.867772630211,-38.23886187253,
    2.054228702764E-02));
#6275 = VECTOR('',#6276,1.);
#6276 = DIRECTION('',(0.907701032603,-0.419614991891,-1.447063212337E-03
    ));
#6277 = PCURVE('',#6227,#6278);
#6278 = DEFINITIONAL_REPRESENTATION('',(#6279),#6283);
#6279 = LINE('',#6280,#6281);
#6280 = CARTESIAN_POINT('',(-16.3066557793,35.274040459166));
#6281 = VECTOR('',#6282,1.);
#6282 = DIRECTION('',(0.419616647885,-0.907701420522));
#6283 = ( GEOMETRIC_REPRESENTATION_CONTEXT(2) 
PARAMETRIC_REPRESENTATION_CONTEXT() REPRESENTATION_CONTEXT('2D SPACE',''
  ) );
#6284 = PCURVE('',#6285,#6290);
#6285 = PLANE('',#6286);
#6286 = AXIS2_PLACEMENT_3D('',#6287,#6288,#6289);
#6287 = CARTESIAN_POINT('',(58.141798014508,-54.54545329852,
    -3.569180619389E-02));
#6288 = DIRECTION('',(-5.531188055033E-03,-8.516560615154E-03,
    -0.999948435748));
#6289 = DIRECTION('',(1.413600180519E-21,-0.99996373233,
    8.516690896147E-03));
#6290 = DEFINITIONAL_REPRESENTATION('',(#6291),#6295);
#6291 = LINE('',#6292,#6293);
#6292 = CARTESIAN_POINT('',(-16.30552109553,35.274564984174));
#6293 = VECTOR('',#6294,1.);
#6294 = DIRECTION('',(0.419587449243,-0.907714918043));
#6295 = ( GEOMETRIC_REPRESENTATION_CONTEXT(2) 
PARAMETRIC_REPRESENTATION_CONTEXT() REPRESENTATION_CONTEXT('2D SPACE',''
  ) );
#6296 = ADVANCED_FACE('',(#6297),#6285,.T.);
#6297 = FACE_BOUND('',#6298,.T.);
#6298 = EDGE_LOOP('',(#6299,#6300,#6328));
#6299 = ORIENTED_EDGE('',*,*,#6271,.F.);
#6300 = ORIENTED_EDGE('',*,*,#6301,.T.);
#6301 = EDGE_CURVE('',#6244,#6302,#6304,.T.);
#6302 = VERTEX_POINT('',#6303);
#6303 = CARTESIAN_POINT('',(26.378013791291,-35.94164117842,
    -1.843994633031E-02));
#6304 = SURFACE_CURVE('',#6305,(#6309,#6316),.PCURVE_S1.);
#6305 = LINE('',#6306,#6307);
#6306 = CARTESIAN_POINT('',(22.867772630211,-38.23886187253,
    2.054228702764E-02));
#6307 = VECTOR('',#6308,1.);
#6308 = DIRECTION('',(0.836708176806,0.547570166973,-9.291883920225E-03)
  );
#6309 = PCURVE('',#6285,#6310);
#6310 = DEFINITIONAL_REPRESENTATION('',(#6311),#6315);
#6311 = LINE('',#6312,#6313);
#6312 = CARTESIAN_POINT('',(-16.30552109553,35.274564984174));
#6313 = VECTOR('',#6314,1.);
#6314 = DIRECTION('',(-0.547629443983,-0.836720976242));
#6315 = ( GEOMETRIC_REPRESENTATION_CONTEXT(2) 
PARAMETRIC_REPRESENTATION_CONTEXT() REPRESENTATION_CONTEXT('2D SPACE',''
  ) );
#6316 = PCURVE('',#6317,#6322);
#6317 = PLANE('',#6318);
#6318 = AXIS2_PLACEMENT_3D('',#6319,#6320,#6321);
#6319 = CARTESIAN_POINT('',(26.364108733334,-35.91183312805,
    15.287237059576));
#6320 = DIRECTION('',(-0.547609106357,0.836731583193,-2.127045639574E-03
    ));
#6321 = DIRECTION('',(0.836733476021,0.547610345141,1.927154632095E-20)
  );
#6322 = DEFINITIONAL_REPRESENTATION('',(#6323),#6327);
#6323 = LINE('',#6324,#6325);
#6324 = CARTESIAN_POINT('',(-4.19980647482,15.266729308396));
#6325 = VECTOR('',#6326,1.);
#6326 = DIRECTION('',(0.999956829319,9.291904940039E-03));
#6327 = ( GEOMETRIC_REPRESENTATION_CONTEXT(2) 
PARAMETRIC_REPRESENTATION_CONTEXT() REPRESENTATION_CONTEXT('2D SPACE',''
  ) );
#6328 = ORIENTED_EDGE('',*,*,#6329,.T.);
#6329 = EDGE_CURVE('',#6302,#1971,#6330,.T.);
#6330 = SURFACE_CURVE('',#6331,(#6335,#6342),.PCURVE_S1.);
#6331 = LINE('',#6332,#6333);
#6332 = CARTESIAN_POINT('',(26.378013791291,-35.94164117842,
    -1.843994633031E-02));
#6333 = VECTOR('',#6334,1.);
#6334 = DIRECTION('',(0.86289144157,-0.505389098043,-4.686621128904E-04)
  );
#6335 = PCURVE('',#6285,#6336);
#6336 = DEFINITIONAL_REPRESENTATION('',(#6337),#6341);
#6337 = LINE('',#6338,#6339);
#6338 = CARTESIAN_POINT('',(-18.60299047443,31.76427012563));
#6339 = VECTOR('',#6340,1.);
#6340 = DIRECTION('',(0.505366777308,-0.862904641541));
#6341 = ( GEOMETRIC_REPRESENTATION_CONTEXT(2) 
PARAMETRIC_REPRESENTATION_CONTEXT() REPRESENTATION_CONTEXT('2D SPACE',''
  ) );
#6342 = PCURVE('',#6343,#6348);
#6343 = PLANE('',#6344);
#6344 = AXIS2_PLACEMENT_3D('',#6345,#6346,#6347);
#6345 = CARTESIAN_POINT('',(58.141798014508,-54.54545329852,
    -3.569180619389E-02));
#6346 = DIRECTION('',(5.470850285116E-03,1.026808908441E-02,
    -0.999932315781));
#6347 = DIRECTION('',(-1.032960785407E-20,-0.999947280206,
    -1.026824275086E-02));
#6348 = DEFINITIONAL_REPRESENTATION('',(#6349),#6353);
#6349 = LINE('',#6350,#6351);
#6350 = CARTESIAN_POINT('',(-18.60300847723,31.76425958214));
#6351 = VECTOR('',#6352,1.);
#6352 = DIRECTION('',(0.50536726637,-0.862904355118));
#6353 = ( GEOMETRIC_REPRESENTATION_CONTEXT(2) 
PARAMETRIC_REPRESENTATION_CONTEXT() REPRESENTATION_CONTEXT('2D SPACE',''
  ) );
#6354 = ADVANCED_FACE('',(#6355),#6343,.T.);
#6355 = FACE_BOUND('',#6356,.T.);
#6356 = EDGE_LOOP('',(#6357,#6358,#6386));
#6357 = ORIENTED_EDGE('',*,*,#6329,.F.);
#6358 = ORIENTED_EDGE('',*,*,#6359,.T.);
#6359 = EDGE_CURVE('',#6302,#6360,#6362,.T.);
#6360 = VERTEX_POINT('',#6361);
#6361 = CARTESIAN_POINT('',(29.664762955749,-33.33609097153,
    2.629841599251E-02));
#6362 = SURFACE_CURVE('',#6363,(#6367,#6374),.PCURVE_S1.);
#6363 = LINE('',#6364,#6365);
#6364 = CARTESIAN_POINT('',(26.378013791291,-35.94164117842,
    -1.843994633031E-02));
#6365 = VECTOR('',#6366,1.);
#6366 = DIRECTION('',(0.7835902761,0.621186377131,1.066602406532E-02));
#6367 = PCURVE('',#6343,#6368);
#6368 = DEFINITIONAL_REPRESENTATION('',(#6369),#6373);
#6369 = LINE('',#6370,#6371);
#6370 = CARTESIAN_POINT('',(-18.60300847723,31.76425958214));
#6371 = VECTOR('',#6372,1.);
#6372 = DIRECTION('',(-0.621263149637,-0.783602002871));
#6373 = ( GEOMETRIC_REPRESENTATION_CONTEXT(2) 
PARAMETRIC_REPRESENTATION_CONTEXT() REPRESENTATION_CONTEXT('2D SPACE',''
  ) );
#6374 = PCURVE('',#6375,#6380);
#6375 = PLANE('',#6376);
#6376 = AXIS2_PLACEMENT_3D('',#6377,#6378,#6379);
#6377 = CARTESIAN_POINT('',(29.653061608729,-33.30324230831,
    15.314239343318));
#6378 = DIRECTION('',(-0.621202217411,0.783647333098,-2.159262009141E-03
    ));
#6379 = DIRECTION('',(0.783649159948,0.621203665566,1.011359464585E-19)
  );
#6380 = DEFINITIONAL_REPRESENTATION('',(#6381),#6385);
#6381 = LINE('',#6382,#6383);
#6382 = CARTESIAN_POINT('',(-4.20547152026,15.332715033411));
#6383 = VECTOR('',#6384,1.);
#6384 = DIRECTION('',(0.999943116082,-1.066604893011E-02));
#6385 = ( GEOMETRIC_REPRESENTATION_CONTEXT(2) 
PARAMETRIC_REPRESENTATION_CONTEXT() REPRESENTATION_CONTEXT('2D SPACE',''
  ) );
#6386 = ORIENTED_EDGE('',*,*,#6387,.T.);
#6387 = EDGE_CURVE('',#6360,#1971,#6388,.T.);
#6388 = SURFACE_CURVE('',#6389,(#6393,#6400),.PCURVE_S1.);
#6389 = LINE('',#6390,#6391);
#6390 = CARTESIAN_POINT('',(29.664762955749,-33.33609097153,
    2.629841599251E-02));
#6391 = VECTOR('',#6392,1.);
#6392 = DIRECTION('',(0.802000608619,-0.597320664162,-1.745834698709E-03
    ));
#6393 = PCURVE('',#6343,#6394);
#6394 = DEFINITIONAL_REPRESENTATION('',(#6395),#6399);
#6395 = LINE('',#6396,#6397);
#6396 = CARTESIAN_POINT('',(-21.20888070442,28.477461230043));
#6397 = VECTOR('',#6398,1.);
#6398 = DIRECTION('',(0.597307100194,-0.802012610909));
#6399 = ( GEOMETRIC_REPRESENTATION_CONTEXT(2) 
PARAMETRIC_REPRESENTATION_CONTEXT() REPRESENTATION_CONTEXT('2D SPACE',''
  ) );
#6400 = PCURVE('',#6401,#6406);
#6401 = PLANE('',#6402);
#6402 = AXIS2_PLACEMENT_3D('',#6403,#6404,#6405);
#6403 = CARTESIAN_POINT('',(58.141798014508,-54.54545329852,
    -3.569180619389E-02));
#6404 = DIRECTION('',(-7.386902277866E-03,-6.995498443027E-03,
    -0.999948246999));
#6405 = DIRECTION('',(-0.99997271513,2.266613429087E-21,
    7.387083030913E-03));
#6406 = DEFINITIONAL_REPRESENTATION('',(#6407),#6411);
#6407 = LINE('',#6408,#6409);
#6408 = CARTESIAN_POINT('',(28.476715993475,21.209881307304));
#6409 = VECTOR('',#6410,1.);
#6410 = DIRECTION('',(-0.801991622763,-0.597335280239));
#6411 = ( GEOMETRIC_REPRESENTATION_CONTEXT(2) 
PARAMETRIC_REPRESENTATION_CONTEXT() REPRESENTATION_CONTEXT('2D SPACE',''
  ) );
#6412 = ADVANCED_FACE('',(#6413),#6401,.T.);
#6413 = FACE_BOUND('',#6414,.T.);
#6414 = EDGE_LOOP('',(#6415,#6416,#6444));
#6415 = ORIENTED_EDGE('',*,*,#6387,.F.);
#6416 = ORIENTED_EDGE('',*,*,#6417,.T.);
#6417 = EDGE_CURVE('',#6360,#6418,#6420,.T.);
#6418 = VERTEX_POINT('',#6419);
#6419 = CARTESIAN_POINT('',(32.601785324584,-30.37330280584,
    -1.612545679679E-02));
#6420 = SURFACE_CURVE('',#6421,(#6425,#6432),.PCURVE_S1.);
#6421 = LINE('',#6422,#6423);
#6422 = CARTESIAN_POINT('',(29.664762955749,-33.33609097153,
    2.629841599251E-02));
#6423 = VECTOR('',#6424,1.);
#6424 = DIRECTION('',(0.703975575081,0.710151384924,-1.016858794162E-02)
  );
#6425 = PCURVE('',#6401,#6426);
#6426 = DEFINITIONAL_REPRESENTATION('',(#6427),#6431);
#6427 = LINE('',#6428,#6429);
#6428 = CARTESIAN_POINT('',(28.476715993475,21.209881307304));
#6429 = VECTOR('',#6430,1.);
#6430 = DIRECTION('',(-0.704031483402,0.7101687619));
#6431 = ( GEOMETRIC_REPRESENTATION_CONTEXT(2) 
PARAMETRIC_REPRESENTATION_CONTEXT() REPRESENTATION_CONTEXT('2D SPACE',''
  ) );
#6432 = PCURVE('',#6433,#6438);
#6433 = PLANE('',#6434);
#6434 = AXIS2_PLACEMENT_3D('',#6435,#6436,#6437);
#6435 = CARTESIAN_POINT('',(32.601101883514,-30.42362258338,
    15.292429589364));
#6436 = DIRECTION('',(-0.71016991206,0.70402662336,2.282456030633E-03));
#6437 = DIRECTION('',(-0.704028457217,-0.71017176192,-1.59811385537E-19)
  );
#6438 = DEFINITIONAL_REPRESENTATION('',(#6439),#6443);
#6439 = LINE('',#6440,#6441);
#6440 = CARTESIAN_POINT('',(4.135618971927,-15.26617093878));
#6441 = VECTOR('',#6442,1.);
#6442 = DIRECTION('',(-0.999948298304,-1.016861442889E-02));
#6443 = ( GEOMETRIC_REPRESENTATION_CONTEXT(2) 
PARAMETRIC_REPRESENTATION_CONTEXT() REPRESENTATION_CONTEXT('2D SPACE',''
  ) );
#6444 = ORIENTED_EDGE('',*,*,#6445,.T.);
#6445 = EDGE_CURVE('',#6418,#1971,#6446,.T.);
#6446 = SURFACE_CURVE('',#6447,(#6451,#6458),.PCURVE_S1.);
#6447 = LINE('',#6448,#6449);
#6448 = CARTESIAN_POINT('',(32.601785324584,-30.37330280584,
    -1.612545679679E-02));
#6449 = VECTOR('',#6450,1.);
#6450 = DIRECTION('',(0.726288279071,-0.687390010174,-5.56413593206E-04)
  );
#6451 = PCURVE('',#6401,#6452);
#6452 = DEFINITIONAL_REPRESENTATION('',(#6453),#6457);
#6453 = LINE('',#6454,#6455);
#6454 = CARTESIAN_POINT('',(25.539460372244,24.172741970631));
#6455 = VECTOR('',#6456,1.);
#6456 = DIRECTION('',(-0.726272572663,-0.687406830194));
#6457 = ( GEOMETRIC_REPRESENTATION_CONTEXT(2) 
PARAMETRIC_REPRESENTATION_CONTEXT() REPRESENTATION_CONTEXT('2D SPACE',''
  ) );
#6458 = PCURVE('',#6459,#6464);
#6459 = PLANE('',#6460);
#6460 = AXIS2_PLACEMENT_3D('',#6461,#6462,#6463);
#6461 = CARTESIAN_POINT('',(35.338861022107,-27.17944899032,
    8.193826844653E-03));
#6462 = DIRECTION('',(3.556089851371E-03,4.566767926204E-03,
    -0.999983249288));
#6463 = DIRECTION('',(1.349464626643E-21,-0.999989572129,
    -4.566796801638E-03));
#6464 = DEFINITIONAL_REPRESENTATION('',(#6465),#6469);
#6465 = LINE('',#6466,#6467);
#6466 = CARTESIAN_POINT('',(3.193931571655,2.737093003909));
#6467 = VECTOR('',#6468,1.);
#6468 = DIRECTION('',(0.687385383188,-0.726292871354));
#6469 = ( GEOMETRIC_REPRESENTATION_CONTEXT(2) 
PARAMETRIC_REPRESENTATION_CONTEXT() REPRESENTATION_CONTEXT('2D SPACE',''
  ) );
#6470 = ADVANCED_FACE('',(#6471),#5906,.T.);
#6471 = FACE_BOUND('',#6472,.T.);
#6472 = EDGE_LOOP('',(#6473,#6501,#6502));
#6473 = ORIENTED_EDGE('',*,*,#6474,.F.);
#6474 = EDGE_CURVE('',#5864,#6475,#6477,.T.);
#6475 = VERTEX_POINT('',#6476);
#6476 = CARTESIAN_POINT('',(-28.02811016278,34.637890259825,
    -2.123250888315E-02));
#6477 = SURFACE_CURVE('',#6478,(#6482,#6489),.PCURVE_S1.);
#6478 = LINE('',#6479,#6480);
#6479 = CARTESIAN_POINT('',(-31.19459830541,31.90346473761,
    -2.739182724755E-02));
#6480 = VECTOR('',#6481,1.);
#6481 = DIRECTION('',(0.756853966814,0.653582363245,1.472200218977E-03)
  );
#6482 = PCURVE('',#5906,#6483);
#6483 = DEFINITIONAL_REPRESENTATION('',(#6484),#6488);
#6484 = LINE('',#6485,#6486);
#6485 = CARTESIAN_POINT('',(2.734432370506,3.16648821919));
#6486 = VECTOR('',#6487,1.);
#6487 = DIRECTION('',(-0.653584000123,-0.756853985114));
#6488 = ( GEOMETRIC_REPRESENTATION_CONTEXT(2) 
PARAMETRIC_REPRESENTATION_CONTEXT() REPRESENTATION_CONTEXT('2D SPACE',''
  ) );
#6489 = PCURVE('',#6490,#6495);
#6490 = PLANE('',#6491);
#6491 = AXIS2_PLACEMENT_3D('',#6492,#6493,#6494);
#6492 = CARTESIAN_POINT('',(-31.17770608206,31.92255659871,
    15.273255804411));
#6493 = DIRECTION('',(0.653582807023,-0.756854982619,2.228208588019E-04)
  );
#6494 = DIRECTION('',(-0.756855001407,-0.653582823248,
    -1.476502104089E-21));
#6495 = DEFINITIONAL_REPRESENTATION('',(#6496),#6500);
#6496 = LINE('',#6497,#6498);
#6497 = CARTESIAN_POINT('',(2.526307620829E-02,15.300648011491));
#6498 = VECTOR('',#6499,1.);
#6499 = DIRECTION('',(-0.999998916313,-1.472200255524E-03));
#6500 = ( GEOMETRIC_REPRESENTATION_CONTEXT(2) 
PARAMETRIC_REPRESENTATION_CONTEXT() REPRESENTATION_CONTEXT('2D SPACE',''
  ) );
#6501 = ORIENTED_EDGE('',*,*,#5892,.F.);
#6502 = ORIENTED_EDGE('',*,*,#6503,.T.);
#6503 = EDGE_CURVE('',#22,#6475,#6504,.T.);
#6504 = SURFACE_CURVE('',#6505,(#6509,#6516),.PCURVE_S1.);
#6505 = LINE('',#6506,#6507);
#6506 = CARTESIAN_POINT('',(-58.13584008237,54.59747097655,
    1.202301384363E-02));
#6507 = VECTOR('',#6508,1.);
#6508 = DIRECTION('',(0.833481231223,-0.552547002212,-9.206225145937E-04
    ));
#6509 = PCURVE('',#5906,#6510);
#6510 = DEFINITIONAL_REPRESENTATION('',(#6511),#6515);
#6511 = LINE('',#6512,#6513);
#6512 = CARTESIAN_POINT('',(-19.95960732283,30.10773064757));
#6513 = VECTOR('',#6514,1.);
#6514 = DIRECTION('',(0.552547738757,-0.833481251376));
#6515 = ( GEOMETRIC_REPRESENTATION_CONTEXT(2) 
PARAMETRIC_REPRESENTATION_CONTEXT() REPRESENTATION_CONTEXT('2D SPACE',''
  ) );
#6516 = PCURVE('',#6517,#6522);
#6517 = PLANE('',#6518);
#6518 = AXIS2_PLACEMENT_3D('',#6519,#6520,#6521);
#6519 = CARTESIAN_POINT('',(-24.68061539433,37.13176618995,
    -1.478608475389E-02));
#6520 = DIRECTION('',(3.22289053123E-04,2.152291491037E-03,
    -0.999997631883));
#6521 = DIRECTION('',(1.004311257972E-22,-0.999997683818,
    -2.152291602816E-03));
#6522 = DEFINITIONAL_REPRESENTATION('',(#6523),#6527);
#6523 = LINE('',#6524,#6525);
#6524 = CARTESIAN_POINT('',(-17.46572203384,33.455226425543));
#6525 = VECTOR('',#6526,1.);
#6526 = DIRECTION('',(0.55254770386,-0.83348127451));
#6527 = ( GEOMETRIC_REPRESENTATION_CONTEXT(2) 
PARAMETRIC_REPRESENTATION_CONTEXT() REPRESENTATION_CONTEXT('2D SPACE',''
  ) );
#6528 = ADVANCED_FACE('',(#6529),#6459,.T.);
#6529 = FACE_BOUND('',#6530,.T.);
#6530 = EDGE_LOOP('',(#6531,#6559,#6560));
#6531 = ORIENTED_EDGE('',*,*,#6532,.T.);
#6532 = EDGE_CURVE('',#6533,#1971,#6535,.T.);
#6533 = VERTEX_POINT('',#6534);
#6534 = CARTESIAN_POINT('',(35.338861022107,-27.17944899032,
    8.193826844653E-03));
#6535 = SURFACE_CURVE('',#6536,(#6540,#6547),.PCURVE_S1.);
#6536 = LINE('',#6537,#6538);
#6537 = CARTESIAN_POINT('',(35.338861022107,-27.17944899032,
    8.193826844653E-03));
#6538 = VECTOR('',#6539,1.);
#6539 = DIRECTION('',(0.640149674314,-0.768249228203,-1.232006811493E-03
    ));
#6540 = PCURVE('',#6459,#6541);
#6541 = DEFINITIONAL_REPRESENTATION('',(#6542),#6546);
#6542 = LINE('',#6543,#6544);
#6543 = CARTESIAN_POINT('',(0.,0.));
#6544 = VECTOR('',#6545,1.);
#6545 = DIRECTION('',(0.768246843324,-0.640153721947));
#6546 = ( GEOMETRIC_REPRESENTATION_CONTEXT(2) 
PARAMETRIC_REPRESENTATION_CONTEXT() REPRESENTATION_CONTEXT('2D SPACE',''
  ) );
#6547 = PCURVE('',#6548,#6553);
#6548 = PLANE('',#6549);
#6549 = AXIS2_PLACEMENT_3D('',#6550,#6551,#6552);
#6550 = CARTESIAN_POINT('',(37.742802805658,-23.8267044417,
    1.487667672945E-03));
#6551 = DIRECTION('',(-2.324663940451E-03,-3.333936968225E-04,
    -0.999997242389));
#6552 = DIRECTION('',(-0.999997297965,2.141832941028E-23,
    2.324664069646E-03));
#6553 = DEFINITIONAL_REPRESENTATION('',(#6554),#6558);
#6554 = LINE('',#6555,#6556);
#6555 = CARTESIAN_POINT('',(2.403950877583,-3.352744734955));
#6556 = VECTOR('',#6557,1.);
#6557 = DIRECTION('',(-0.640150808609,-0.768249270899));
#6558 = ( GEOMETRIC_REPRESENTATION_CONTEXT(2) 
PARAMETRIC_REPRESENTATION_CONTEXT() REPRESENTATION_CONTEXT('2D SPACE',''
  ) );
#6559 = ORIENTED_EDGE('',*,*,#6445,.F.);
#6560 = ORIENTED_EDGE('',*,*,#6561,.T.);
#6561 = EDGE_CURVE('',#6418,#6533,#6562,.T.);
#6562 = SURFACE_CURVE('',#6563,(#6567,#6574),.PCURVE_S1.);
#6563 = LINE('',#6564,#6565);
#6564 = CARTESIAN_POINT('',(32.601785324584,-30.37330280584,
    -1.612545679679E-02));
#6565 = VECTOR('',#6566,1.);
#6566 = DIRECTION('',(0.650710147596,0.759304205426,5.781646690321E-03)
  );
#6567 = PCURVE('',#6459,#6568);
#6568 = DEFINITIONAL_REPRESENTATION('',(#6569),#6573);
#6569 = LINE('',#6570,#6571);
#6570 = CARTESIAN_POINT('',(3.193931571655,2.737093003909));
#6571 = VECTOR('',#6572,1.);
#6572 = DIRECTION('',(-0.759322691105,-0.650714262002));
#6573 = ( GEOMETRIC_REPRESENTATION_CONTEXT(2) 
PARAMETRIC_REPRESENTATION_CONTEXT() REPRESENTATION_CONTEXT('2D SPACE',''
  ) );
#6574 = PCURVE('',#6575,#6580);
#6575 = PLANE('',#6576);
#6576 = AXIS2_PLACEMENT_3D('',#6577,#6578,#6579);
#6577 = CARTESIAN_POINT('',(32.601101883514,-30.42362258338,
    15.292429589364));
#6578 = DIRECTION('',(-0.759323133872,0.650710340553,2.105009053281E-03)
  );
#6579 = DIRECTION('',(-0.650711782227,-0.759324816182,
    -5.764464772769E-20));
#6580 = DEFINITIONAL_REPRESENTATION('',(#6581),#6585);
#6581 = LINE('',#6582,#6583);
#6582 = CARTESIAN_POINT('',(-3.865377898753E-02,-15.30858896286));
#6583 = VECTOR('',#6584,1.);
#6584 = DIRECTION('',(-0.999983286067,5.781659499785E-03));
#6585 = ( GEOMETRIC_REPRESENTATION_CONTEXT(2) 
PARAMETRIC_REPRESENTATION_CONTEXT() REPRESENTATION_CONTEXT('2D SPACE',''
  ) );
#6586 = ADVANCED_FACE('',(#6587),#6517,.T.);
#6587 = FACE_BOUND('',#6588,.T.);
#6588 = EDGE_LOOP('',(#6589,#6617,#6618));
#6589 = ORIENTED_EDGE('',*,*,#6590,.F.);
#6590 = EDGE_CURVE('',#6475,#6591,#6593,.T.);
#6591 = VERTEX_POINT('',#6592);
#6592 = CARTESIAN_POINT('',(-24.68061539433,37.13176618995,
    -1.478608475389E-02));
#6593 = SURFACE_CURVE('',#6594,(#6598,#6605),.PCURVE_S1.);
#6594 = LINE('',#6595,#6596);
#6595 = CARTESIAN_POINT('',(-28.02811016278,34.637890259825,
    -2.123250888315E-02));
#6596 = VECTOR('',#6597,1.);
#6597 = DIRECTION('',(0.801920417816,0.597428873292,1.544294909696E-03)
  );
#6598 = PCURVE('',#6517,#6599);
#6599 = DEFINITIONAL_REPRESENTATION('',(#6600),#6604);
#6600 = LINE('',#6601,#6602);
#6601 = CARTESIAN_POINT('',(2.493884028439,3.347494942303));
#6602 = VECTOR('',#6603,1.);
#6603 = DIRECTION('',(-0.597430813311,-0.801920459464));
#6604 = ( GEOMETRIC_REPRESENTATION_CONTEXT(2) 
PARAMETRIC_REPRESENTATION_CONTEXT() REPRESENTATION_CONTEXT('2D SPACE',''
  ) );
#6605 = PCURVE('',#6606,#6611);
#6606 = PLANE('',#6607);
#6607 = AXIS2_PLACEMENT_3D('',#6608,#6609,#6610);
#6608 = CARTESIAN_POINT('',(-28.06452642601,34.699012498066,
    15.253351971607));
#6609 = DIRECTION('',(0.597417435359,-0.801917041284,4.633230784058E-03)
  );
#6610 = DIRECTION('',(-0.80192564873,-0.597423847791,-2.35910359502E-19)
  );
#6611 = DEFINITIONAL_REPRESENTATION('',(#6612),#6616);
#6612 = LINE('',#6613,#6614);
#6613 = CARTESIAN_POINT('',(7.312747243929E-03,15.274748431565));
#6614 = VECTOR('',#6615,1.);
#6615 = DIRECTION('',(-0.99999880755,-1.544311485519E-03));
#6616 = ( GEOMETRIC_REPRESENTATION_CONTEXT(2) 
PARAMETRIC_REPRESENTATION_CONTEXT() REPRESENTATION_CONTEXT('2D SPACE',''
  ) );
#6617 = ORIENTED_EDGE('',*,*,#6503,.F.);
#6618 = ORIENTED_EDGE('',*,*,#6619,.T.);
#6619 = EDGE_CURVE('',#22,#6591,#6620,.T.);
#6620 = SURFACE_CURVE('',#6621,(#6625,#6632),.PCURVE_S1.);
#6621 = LINE('',#6622,#6623);
#6622 = CARTESIAN_POINT('',(-58.13584008237,54.59747097655,
    1.202301384363E-02));
#6623 = VECTOR('',#6624,1.);
#6624 = DIRECTION('',(0.886467181106,-0.462790916294,-7.103639650713E-04
    ));
#6625 = PCURVE('',#6517,#6626);
#6626 = DEFINITIONAL_REPRESENTATION('',(#6627),#6631);
#6627 = LINE('',#6628,#6629);
#6628 = CARTESIAN_POINT('',(-17.46572203384,33.455226425543));
#6629 = VECTOR('',#6630,1.);
#6630 = DIRECTION('',(0.462791373297,-0.886467227145));
#6631 = ( GEOMETRIC_REPRESENTATION_CONTEXT(2) 
PARAMETRIC_REPRESENTATION_CONTEXT() REPRESENTATION_CONTEXT('2D SPACE',''
  ) );
#6632 = PCURVE('',#6633,#6638);
#6633 = PLANE('',#6634);
#6634 = AXIS2_PLACEMENT_3D('',#6635,#6636,#6637);
#6635 = CARTESIAN_POINT('',(-21.08048328357,39.275559361767,
    -3.382411256411E-02));
#6636 = DIRECTION('',(-2.897334084697E-03,-4.014850454331E-03,
    -0.99998774314));
#6637 = DIRECTION('',(-2.818260556577E-21,-0.999991940388,
    4.014867305858E-03));
#6638 = DEFINITIONAL_REPRESENTATION('',(#6639),#6643);
#6639 = LINE('',#6640,#6641);
#6640 = CARTESIAN_POINT('',(-15.32160405598,37.055512331208));
#6641 = VECTOR('',#6642,1.);
#6642 = DIRECTION('',(0.462784334362,-0.886470901874));
#6643 = ( GEOMETRIC_REPRESENTATION_CONTEXT(2) 
PARAMETRIC_REPRESENTATION_CONTEXT() REPRESENTATION_CONTEXT('2D SPACE',''
  ) );
#6644 = ADVANCED_FACE('',(#6645),#6548,.T.);
#6645 = FACE_BOUND('',#6646,.T.);
#6646 = EDGE_LOOP('',(#6647,#6675,#6676));
#6647 = ORIENTED_EDGE('',*,*,#6648,.T.);
#6648 = EDGE_CURVE('',#6649,#1971,#6651,.T.);
#6649 = VERTEX_POINT('',#6650);
#6650 = CARTESIAN_POINT('',(37.742802805658,-23.8267044417,
    1.487667672945E-03));
#6651 = SURFACE_CURVE('',#6652,(#6656,#6663),.PCURVE_S1.);
#6652 = LINE('',#6653,#6654);
#6653 = CARTESIAN_POINT('',(37.742802805658,-23.8267044417,
    1.487667672945E-03));
#6654 = VECTOR('',#6655,1.);
#6655 = DIRECTION('',(0.553193844231,-0.833051951633,-1.008258292348E-03
    ));
#6656 = PCURVE('',#6548,#6657);
#6657 = DEFINITIONAL_REPRESENTATION('',(#6658),#6662);
#6658 = LINE('',#6659,#6660);
#6659 = CARTESIAN_POINT('',(0.,0.));
#6660 = VECTOR('',#6661,1.);
#6661 = DIRECTION('',(-0.553194693344,-0.83305199793));
#6662 = ( GEOMETRIC_REPRESENTATION_CONTEXT(2) 
PARAMETRIC_REPRESENTATION_CONTEXT() REPRESENTATION_CONTEXT('2D SPACE',''
  ) );
#6663 = PCURVE('',#6664,#6669);
#6664 = PLANE('',#6665);
#6665 = AXIS2_PLACEMENT_3D('',#6666,#6667,#6668);
#6666 = CARTESIAN_POINT('',(39.742000882749,-20.12984276397,
    2.885842836021E-02));
#6667 = DIRECTION('',(5.14036678889E-03,4.62378540792E-03,
    -0.999976098333));
#6668 = DIRECTION('',(-0.999986787945,1.179693201264E-21,
    -5.140421738728E-03));
#6669 = DEFINITIONAL_REPRESENTATION('',(#6670),#6674);
#6670 = LINE('',#6671,#6672);
#6671 = CARTESIAN_POINT('',(1.999312360829,-3.696901196689));
#6672 = VECTOR('',#6673,1.);
#6673 = DIRECTION('',(-0.553181352531,-0.833060856848));
#6674 = ( GEOMETRIC_REPRESENTATION_CONTEXT(2) 
PARAMETRIC_REPRESENTATION_CONTEXT() REPRESENTATION_CONTEXT('2D SPACE',''
  ) );
#6675 = ORIENTED_EDGE('',*,*,#6532,.F.);
#6676 = ORIENTED_EDGE('',*,*,#6677,.T.);
#6677 = EDGE_CURVE('',#6533,#6649,#6678,.T.);
#6678 = SURFACE_CURVE('',#6679,(#6683,#6690),.PCURVE_S1.);
#6679 = LINE('',#6680,#6681);
#6680 = CARTESIAN_POINT('',(35.338861022107,-27.17944899032,
    8.193826844653E-03));
#6681 = VECTOR('',#6682,1.);
#6682 = DIRECTION('',(0.582700963914,0.812685021579,-1.625532465158E-03)
  );
#6683 = PCURVE('',#6548,#6684);
#6684 = DEFINITIONAL_REPRESENTATION('',(#6685),#6689);
#6685 = LINE('',#6686,#6687);
#6686 = CARTESIAN_POINT('',(2.403950877583,-3.352744734955));
#6687 = VECTOR('',#6688,1.);
#6688 = DIRECTION('',(-0.582703168252,0.812685066744));
#6689 = ( GEOMETRIC_REPRESENTATION_CONTEXT(2) 
PARAMETRIC_REPRESENTATION_CONTEXT() REPRESENTATION_CONTEXT('2D SPACE',''
  ) );
#6690 = PCURVE('',#6691,#6696);
#6691 = PLANE('',#6692);
#6692 = AXIS2_PLACEMENT_3D('',#6693,#6694,#6695);
#6693 = CARTESIAN_POINT('',(37.697819141536,-23.81709454442,
    15.27773923891));
#6694 = DIRECTION('',(-0.81268561463,0.582695869269,-2.75965762759E-03)
  );
#6695 = DIRECTION('',(-0.582698088103,-0.812688709237,
    -1.438282585929E-20));
#6696 = DEFINITIONAL_REPRESENTATION('',(#6697),#6701);
#6697 = LINE('',#6698,#6699);
#6698 = CARTESIAN_POINT('',(4.107107880738,-15.26960355661));
#6699 = VECTOR('',#6700,1.);
#6700 = DIRECTION('',(-0.999998678811,-1.625538654986E-03));
#6701 = ( GEOMETRIC_REPRESENTATION_CONTEXT(2) 
PARAMETRIC_REPRESENTATION_CONTEXT() REPRESENTATION_CONTEXT('2D SPACE',''
  ) );
#6702 = ADVANCED_FACE('',(#6703),#6633,.T.);
#6703 = FACE_BOUND('',#6704,.T.);
#6704 = EDGE_LOOP('',(#6705,#6733,#6734));
#6705 = ORIENTED_EDGE('',*,*,#6706,.F.);
#6706 = EDGE_CURVE('',#6591,#6707,#6709,.T.);
#6707 = VERTEX_POINT('',#6708);
#6708 = CARTESIAN_POINT('',(-21.08048328357,39.275559361767,
    -3.382411256411E-02));
#6709 = SURFACE_CURVE('',#6710,(#6714,#6721),.PCURVE_S1.);
#6710 = LINE('',#6711,#6712);
#6711 = CARTESIAN_POINT('',(-24.68061539433,37.13176618995,
    -1.478608475389E-02));
#6712 = VECTOR('',#6713,1.);
#6713 = DIRECTION('',(0.859194067278,0.51162966192,-4.543544526693E-03)
  );
#6714 = PCURVE('',#6633,#6715);
#6715 = DEFINITIONAL_REPRESENTATION('',(#6716),#6720);
#6716 = LINE('',#6717,#6718);
#6717 = CARTESIAN_POINT('',(2.14385232883,3.600147221591));
#6718 = VECTOR('',#6719,1.);
#6719 = DIRECTION('',(-0.511643780112,-0.859197673573));
#6720 = ( GEOMETRIC_REPRESENTATION_CONTEXT(2) 
PARAMETRIC_REPRESENTATION_CONTEXT() REPRESENTATION_CONTEXT('2D SPACE',''
  ) );
#6721 = PCURVE('',#6722,#6727);
#6722 = PLANE('',#6723);
#6723 = AXIS2_PLACEMENT_3D('',#6724,#6725,#6726);
#6724 = CARTESIAN_POINT('',(-24.64823691629,37.114028751569,
    15.300134147194));
#6725 = DIRECTION('',(0.511625732132,-0.859205910821,-2.076783551587E-03
    ));
#6726 = DIRECTION('',(-0.859207763718,-0.511626835464,8.429690089143E-20
    ));
#6727 = DEFINITIONAL_REPRESENTATION('',(#6728),#6732);
#6728 = LINE('',#6729,#6730);
#6729 = CARTESIAN_POINT('',(1.874489023936E-02,15.31495325891));
#6730 = VECTOR('',#6731,1.);
#6731 = DIRECTION('',(-0.999989678004,4.543554324946E-03));
#6732 = ( GEOMETRIC_REPRESENTATION_CONTEXT(2) 
PARAMETRIC_REPRESENTATION_CONTEXT() REPRESENTATION_CONTEXT('2D SPACE',''
  ) );
#6733 = ORIENTED_EDGE('',*,*,#6619,.F.);
#6734 = ORIENTED_EDGE('',*,*,#6735,.T.);
#6735 = EDGE_CURVE('',#22,#6707,#6736,.T.);
#6736 = SURFACE_CURVE('',#6737,(#6741,#6748),.PCURVE_S1.);
#6737 = LINE('',#6738,#6739);
#6738 = CARTESIAN_POINT('',(-58.13584008237,54.59747097655,
    1.202301384363E-02));
#6739 = VECTOR('',#6740,1.);
#6740 = DIRECTION('',(0.924116107471,-0.382110079181,-1.143372285543E-03
    ));
#6741 = PCURVE('',#6633,#6742);
#6742 = DEFINITIONAL_REPRESENTATION('',(#6743),#6747);
#6743 = LINE('',#6744,#6745);
#6744 = CARTESIAN_POINT('',(-15.32160405598,37.055512331208));
#6745 = VECTOR('',#6746,1.);
#6746 = DIRECTION('',(0.382102409034,-0.924119986263));
#6747 = ( GEOMETRIC_REPRESENTATION_CONTEXT(2) 
PARAMETRIC_REPRESENTATION_CONTEXT() REPRESENTATION_CONTEXT('2D SPACE',''
  ) );
#6748 = PCURVE('',#6749,#6754);
#6749 = PLANE('',#6750);
#6750 = AXIS2_PLACEMENT_3D('',#6751,#6752,#6753);
#6751 = CARTESIAN_POINT('',(-17.30141618733,41.089245355945,
    -2.357912659077E-02));
#6752 = DIRECTION('',(5.900419615547E-04,4.419219210565E-03,
    -0.999990061127));
#6753 = DIRECTION('',(-3.878962646825E-22,-0.9999902352,
    -4.41921997984E-03));
#6754 = DEFINITIONAL_REPRESENTATION('',(#6755),#6759);
#6755 = LINE('',#6756,#6757);
#6756 = CARTESIAN_POINT('',(-13.50825104917,40.83443100329));
#6757 = VECTOR('',#6758,1.);
#6758 = DIRECTION('',(0.382111400766,-0.924116268337));
#6759 = ( GEOMETRIC_REPRESENTATION_CONTEXT(2) 
PARAMETRIC_REPRESENTATION_CONTEXT() REPRESENTATION_CONTEXT('2D SPACE',''
  ) );
#6760 = ADVANCED_FACE('',(#6761),#6664,.T.);
#6761 = FACE_BOUND('',#6762,.T.);
#6762 = EDGE_LOOP('',(#6763,#6791,#6792));
#6763 = ORIENTED_EDGE('',*,*,#6764,.T.);
#6764 = EDGE_CURVE('',#6765,#1971,#6767,.T.);
#6765 = VERTEX_POINT('',#6766);
#6766 = CARTESIAN_POINT('',(39.742000882749,-20.12984276397,
    2.885842836021E-02));
#6767 = SURFACE_CURVE('',#6768,(#6772,#6779),.PCURVE_S1.);
#6768 = LINE('',#6769,#6770);
#6769 = CARTESIAN_POINT('',(39.742000882749,-20.12984276397,
    2.885842836021E-02));
#6770 = VECTOR('',#6771,1.);
#6771 = DIRECTION('',(0.471481192612,-0.881874565415,-1.654052017693E-03
    ));
#6772 = PCURVE('',#6664,#6773);
#6773 = DEFINITIONAL_REPRESENTATION('',(#6774),#6778);
#6774 = LINE('',#6775,#6776);
#6775 = CARTESIAN_POINT('',(0.,0.));
#6776 = VECTOR('',#6777,1.);
#6777 = DIRECTION('',(-0.471466460851,-0.881883992537));
#6778 = ( GEOMETRIC_REPRESENTATION_CONTEXT(2) 
PARAMETRIC_REPRESENTATION_CONTEXT() REPRESENTATION_CONTEXT('2D SPACE',''
  ) );
#6779 = PCURVE('',#6780,#6785);
#6780 = PLANE('',#6781);
#6781 = AXIS2_PLACEMENT_3D('',#6782,#6783,#6784);
#6782 = CARTESIAN_POINT('',(41.494856285996,-16.32162869743,
    3.759175948945E-02));
#6783 = DIRECTION('',(4.198112279739E-04,2.100050727892E-03,
    -0.99999770677));
#6784 = DIRECTION('',(-2.106517268801E-23,-0.999997794891,
    -2.10005091295E-03));
#6785 = DEFINITIONAL_REPRESENTATION('',(#6786),#6790);
#6786 = LINE('',#6787,#6788);
#6787 = CARTESIAN_POINT('',(3.808224009449,1.75285555771));
#6788 = VECTOR('',#6789,1.);
#6789 = DIRECTION('',(0.881876094378,-0.471481234159));
#6790 = ( GEOMETRIC_REPRESENTATION_CONTEXT(2) 
PARAMETRIC_REPRESENTATION_CONTEXT() REPRESENTATION_CONTEXT('2D SPACE',''
  ) );
#6791 = ORIENTED_EDGE('',*,*,#6648,.F.);
#6792 = ORIENTED_EDGE('',*,*,#6793,.T.);
#6793 = EDGE_CURVE('',#6649,#6765,#6794,.T.);
#6794 = SURFACE_CURVE('',#6795,(#6799,#6806),.PCURVE_S1.);
#6795 = LINE('',#6796,#6797);
#6796 = CARTESIAN_POINT('',(37.742802805658,-23.8267044417,
    1.487667672945E-03));
#6797 = VECTOR('',#6798,1.);
#6798 = DIRECTION('',(0.475671641642,0.879598816805,6.5123585393E-03));
#6799 = PCURVE('',#6664,#6800);
#6800 = DEFINITIONAL_REPRESENTATION('',(#6801),#6805);
#6801 = LINE('',#6802,#6803);
#6802 = CARTESIAN_POINT('',(1.999312360829,-3.696901196689));
#6803 = VECTOR('',#6804,1.);
#6804 = DIRECTION('',(-0.475698833311,0.879608219599));
#6805 = ( GEOMETRIC_REPRESENTATION_CONTEXT(2) 
PARAMETRIC_REPRESENTATION_CONTEXT() REPRESENTATION_CONTEXT('2D SPACE',''
  ) );
#6806 = PCURVE('',#6807,#6812);
#6807 = PLANE('',#6808);
#6808 = AXIS2_PLACEMENT_3D('',#6809,#6810,#6811);
#6809 = CARTESIAN_POINT('',(37.697819141536,-23.81709454442,
    15.27773923891));
#6810 = DIRECTION('',(-0.879604846667,0.475696294995,-2.889402632841E-03
    ));
#6811 = DIRECTION('',(-0.475698280718,-0.879608518446,
    -9.053021968583E-20));
#6812 = DEFINITIONAL_REPRESENTATION('',(#6813),#6817);
#6813 = LINE('',#6814,#6815);
#6814 = CARTESIAN_POINT('',(-1.294570418132E-02,-15.27631533965));
#6815 = VECTOR('',#6816,1.);
#6816 = DIRECTION('',(-0.999978794191,6.512385724164E-03));
#6817 = ( GEOMETRIC_REPRESENTATION_CONTEXT(2) 
PARAMETRIC_REPRESENTATION_CONTEXT() REPRESENTATION_CONTEXT('2D SPACE',''
  ) );
#6818 = ADVANCED_FACE('',(#6819),#6749,.T.);
#6819 = FACE_BOUND('',#6820,.T.);
#6820 = EDGE_LOOP('',(#6821,#6849,#6850));
#6821 = ORIENTED_EDGE('',*,*,#6822,.F.);
#6822 = EDGE_CURVE('',#6707,#6823,#6825,.T.);
#6823 = VERTEX_POINT('',#6824);
#6824 = CARTESIAN_POINT('',(-17.30141618733,41.089245355945,
    -2.357912659077E-02));
#6825 = SURFACE_CURVE('',#6826,(#6830,#6837),.PCURVE_S1.);
#6826 = LINE('',#6827,#6828);
#6827 = CARTESIAN_POINT('',(-21.08048328357,39.275559361767,
    -3.382411256411E-02));
#6828 = VECTOR('',#6829,1.);
#6829 = DIRECTION('',(0.901545139037,0.432678158431,2.444073383335E-03)
  );
#6830 = PCURVE('',#6749,#6831);
#6831 = DEFINITIONAL_REPRESENTATION('',(#6832),#6836);
#6832 = LINE('',#6833,#6834);
#6833 = CARTESIAN_POINT('',(1.813713558743,3.779067754084));
#6834 = VECTOR('',#6835,1.);
#6835 = DIRECTION('',(-0.432684734313,-0.901545295974));
#6836 = ( GEOMETRIC_REPRESENTATION_CONTEXT(2) 
PARAMETRIC_REPRESENTATION_CONTEXT() REPRESENTATION_CONTEXT('2D SPACE',''
  ) );
#6837 = PCURVE('',#6838,#6843);
#6838 = PLANE('',#6839);
#6839 = AXIS2_PLACEMENT_3D('',#6840,#6841,#6842);
#6840 = CARTESIAN_POINT('',(-21.05476838052,39.28419624301,
    15.315126795809));
#6841 = DIRECTION('',(0.432679919942,-0.901547580294,-2.175889953276E-04
    ));
#6842 = DIRECTION('',(-0.901547601636,-0.432679930185,1.065834712644E-20
    ));
#6843 = DEFINITIONAL_REPRESENTATION('',(#6844),#6848);
#6844 = LINE('',#6845,#6846);
#6845 = CARTESIAN_POINT('',(2.692021434506E-02,15.348951271721));
#6846 = VECTOR('',#6847,1.);
#6847 = DIRECTION('',(-0.999997013248,-2.444073441192E-03));
#6848 = ( GEOMETRIC_REPRESENTATION_CONTEXT(2) 
PARAMETRIC_REPRESENTATION_CONTEXT() REPRESENTATION_CONTEXT('2D SPACE',''
  ) );
#6849 = ORIENTED_EDGE('',*,*,#6735,.F.);
#6850 = ORIENTED_EDGE('',*,*,#6851,.T.);
#6851 = EDGE_CURVE('',#22,#6823,#6852,.T.);
#6852 = SURFACE_CURVE('',#6853,(#6857,#6864),.PCURVE_S1.);
#6853 = LINE('',#6854,#6855);
#6854 = CARTESIAN_POINT('',(-58.13584008237,54.59747097655,
    1.202301384363E-02));
#6855 = VECTOR('',#6856,1.);
#6856 = DIRECTION('',(0.949400675042,-0.314066351365,-8.277500436453E-04
    ));
#6857 = PCURVE('',#6749,#6858);
#6858 = DEFINITIONAL_REPRESENTATION('',(#6859),#6863);
#6859 = LINE('',#6860,#6861);
#6860 = CARTESIAN_POINT('',(-13.50825104917,40.83443100329));
#6861 = VECTOR('',#6862,1.);
#6862 = DIRECTION('',(0.31406694258,-0.949400840309));
#6863 = ( GEOMETRIC_REPRESENTATION_CONTEXT(2) 
PARAMETRIC_REPRESENTATION_CONTEXT() REPRESENTATION_CONTEXT('2D SPACE',''
  ) );
#6864 = PCURVE('',#6865,#6870);
#6865 = PLANE('',#6866);
#6866 = AXIS2_PLACEMENT_3D('',#6867,#6868,#6869);
#6867 = CARTESIAN_POINT('',(-13.36781698508,42.524856065933,
    -1.802979165527E-02));
#6868 = DIRECTION('',(2.134134935161E-04,3.280709571565E-03,
    -0.999994595685));
#6869 = DIRECTION('',(5.250751777465E-23,-0.999994618458,
    -3.280709646276E-03));
#6870 = DEFINITIONAL_REPRESENTATION('',(#6871),#6875);
#6871 = LINE('',#6872,#6873);
#6872 = CARTESIAN_POINT('',(-12.07264853585,44.768024116778));
#6873 = VECTOR('',#6874,1.);
#6874 = DIRECTION('',(0.314067376811,-0.949400696662));
#6875 = ( GEOMETRIC_REPRESENTATION_CONTEXT(2) 
PARAMETRIC_REPRESENTATION_CONTEXT() REPRESENTATION_CONTEXT('2D SPACE',''
  ) );
#6876 = ADVANCED_FACE('',(#6877),#6780,.T.);
#6877 = FACE_BOUND('',#6878,.T.);
#6878 = EDGE_LOOP('',(#6879,#6907,#6908));
#6879 = ORIENTED_EDGE('',*,*,#6880,.T.);
#6880 = EDGE_CURVE('',#6881,#1971,#6883,.T.);
#6881 = VERTEX_POINT('',#6882);
#6882 = CARTESIAN_POINT('',(41.494856285996,-16.32162869743,
    3.759175948945E-02));
#6883 = SURFACE_CURVE('',#6884,(#6888,#6895),.PCURVE_S1.);
#6884 = LINE('',#6885,#6886);
#6885 = CARTESIAN_POINT('',(41.494856285996,-16.32162869743,
    3.759175948945E-02));
#6886 = VECTOR('',#6887,1.);
#6887 = DIRECTION('',(0.399287978322,-0.916823876578,-1.757755103799E-03
    ));
#6888 = PCURVE('',#6780,#6889);
#6889 = DEFINITIONAL_REPRESENTATION('',(#6890),#6894);
#6890 = LINE('',#6891,#6892);
#6891 = CARTESIAN_POINT('',(-0.,0.));
#6892 = VECTOR('',#6893,1.);
#6893 = DIRECTION('',(0.916825546257,-0.399288013508));
#6894 = ( GEOMETRIC_REPRESENTATION_CONTEXT(2) 
PARAMETRIC_REPRESENTATION_CONTEXT() REPRESENTATION_CONTEXT('2D SPACE',''
  ) );
#6895 = PCURVE('',#6896,#6901);
#6896 = PLANE('',#6897);
#6897 = AXIS2_PLACEMENT_3D('',#6898,#6899,#6900);
#6898 = CARTESIAN_POINT('',(42.881561446641,-12.38254695712,
    -1.687198307137E-02));
#6899 = DIRECTION('',(-1.998631801964E-02,-6.787490133128E-03,
    -0.999777213718));
#6900 = DIRECTION('',(-0.999800244393,-1.328430652656E-20,
    1.998677842061E-02));
#6901 = DEFINITIONAL_REPRESENTATION('',(#6902),#6906);
#6902 = LINE('',#6903,#6904);
#6903 = CARTESIAN_POINT('',(1.387516713269,-3.939172480241));
#6904 = VECTOR('',#6905,1.);
#6905 = DIRECTION('',(-0.399243350171,-0.916844996356));
#6906 = ( GEOMETRIC_REPRESENTATION_CONTEXT(2) 
PARAMETRIC_REPRESENTATION_CONTEXT() REPRESENTATION_CONTEXT('2D SPACE',''
  ) );
#6907 = ORIENTED_EDGE('',*,*,#6764,.F.);
#6908 = ORIENTED_EDGE('',*,*,#6909,.T.);
#6909 = EDGE_CURVE('',#6765,#6881,#6910,.T.);
#6910 = SURFACE_CURVE('',#6911,(#6915,#6922),.PCURVE_S1.);
#6911 = LINE('',#6912,#6913);
#6912 = CARTESIAN_POINT('',(39.742000882749,-20.12984276397,
    2.885842836021E-02));
#6913 = VECTOR('',#6914,1.);
#6914 = DIRECTION('',(0.418116711946,0.908390926563,2.083201894078E-03)
  );
#6915 = PCURVE('',#6780,#6916);
#6916 = DEFINITIONAL_REPRESENTATION('',(#6917),#6921);
#6917 = LINE('',#6918,#6919);
#6918 = CARTESIAN_POINT('',(3.808224009449,1.75285555771));
#6919 = VECTOR('',#6920,1.);
#6920 = DIRECTION('',(-0.908393298291,-0.418116748791));
#6921 = ( GEOMETRIC_REPRESENTATION_CONTEXT(2) 
PARAMETRIC_REPRESENTATION_CONTEXT() REPRESENTATION_CONTEXT('2D SPACE',''
  ) );
#6922 = PCURVE('',#6923,#6928);
#6923 = PLANE('',#6924);
#6924 = AXIS2_PLACEMENT_3D('',#6925,#6926,#6927);
#6925 = CARTESIAN_POINT('',(41.491387311439,-16.35610689021,
    15.325962925829));
#6926 = DIRECTION('',(-0.908393292857,0.418116111382,7.368145729876E-04)
  );
#6927 = DIRECTION('',(-0.418116224879,-0.908393539438,1.667409392211E-20
    ));
#6928 = DEFINITIONAL_REPRESENTATION('',(#6929),#6933);
#6929 = LINE('',#6930,#6931);
#6930 = CARTESIAN_POINT('',(4.159484136684,-15.29710864983));
#6931 = VECTOR('',#6932,1.);
#6932 = DIRECTION('',(-0.999997830131,2.083202459559E-03));
#6933 = ( GEOMETRIC_REPRESENTATION_CONTEXT(2) 
PARAMETRIC_REPRESENTATION_CONTEXT() REPRESENTATION_CONTEXT('2D SPACE',''
  ) );
#6934 = ADVANCED_FACE('',(#6935),#6865,.T.);
#6935 = FACE_BOUND('',#6936,.T.);
#6936 = EDGE_LOOP('',(#6937,#6965,#6966));
#6937 = ORIENTED_EDGE('',*,*,#6938,.F.);
#6938 = EDGE_CURVE('',#6823,#6939,#6941,.T.);
#6939 = VERTEX_POINT('',#6940);
#6940 = CARTESIAN_POINT('',(-13.36781698508,42.524856065933,
    -1.802979165527E-02));
#6941 = SURFACE_CURVE('',#6942,(#6946,#6953),.PCURVE_S1.);
#6942 = LINE('',#6943,#6944);
#6943 = CARTESIAN_POINT('',(-17.30141618733,41.089245355945,
    -2.357912659077E-02));
#6944 = VECTOR('',#6945,1.);
#6945 = DIRECTION('',(0.939392277653,0.342841643325,1.325250010612E-03)
  );
#6946 = PCURVE('',#6865,#6947);
#6947 = DEFINITIONAL_REPRESENTATION('',(#6948),#6952);
#6948 = LINE('',#6949,#6950);
#6949 = CARTESIAN_POINT('',(1.435621189945,3.933599291824));
#6950 = VECTOR('',#6951,1.);
#6951 = DIRECTION('',(-0.342844146069,-0.939392299046));
#6952 = ( GEOMETRIC_REPRESENTATION_CONTEXT(2) 
PARAMETRIC_REPRESENTATION_CONTEXT() REPRESENTATION_CONTEXT('2D SPACE',''
  ) );
#6953 = PCURVE('',#6954,#6959);
#6954 = PLANE('',#6955);
#6955 = AXIS2_PLACEMENT_3D('',#6956,#6957,#6958);
#6956 = CARTESIAN_POINT('',(-17.29876890726,41.085264974659,
    15.304812906314));
#6957 = DIRECTION('',(0.342842306033,-0.939392921677,-3.03146057322E-04)
  );
#6958 = DIRECTION('',(-0.939392964841,-0.342842321786,
    -8.035268767886E-21));
#6959 = DEFINITIONAL_REPRESENTATION('',(#6960),#6964);
#6960 = LINE('',#6961,#6962);
#6961 = CARTESIAN_POINT('',(1.122193112709E-03,15.328392737226));
#6962 = VECTOR('',#6963,1.);
#6963 = DIRECTION('',(-0.999999121856,-1.325250071505E-03));
#6964 = ( GEOMETRIC_REPRESENTATION_CONTEXT(2) 
PARAMETRIC_REPRESENTATION_CONTEXT() REPRESENTATION_CONTEXT('2D SPACE',''
  ) );
#6965 = ORIENTED_EDGE('',*,*,#6851,.F.);
#6966 = ORIENTED_EDGE('',*,*,#6967,.T.);
#6967 = EDGE_CURVE('',#22,#6939,#6968,.T.);
#6968 = SURFACE_CURVE('',#6969,(#6973,#6980),.PCURVE_S1.);
#6969 = LINE('',#6970,#6971);
#6970 = CARTESIAN_POINT('',(-58.13584008237,54.59747097655,
    1.202301384363E-02));
#6971 = VECTOR('',#6972,1.);
#6972 = DIRECTION('',(0.965508895774,-0.260369261026,-6.481468031119E-04
    ));
#6973 = PCURVE('',#6865,#6974);
#6974 = DEFINITIONAL_REPRESENTATION('',(#6975),#6979);
#6975 = LINE('',#6976,#6977);
#6976 = CARTESIAN_POINT('',(-12.07264853585,44.768024116778));
#6977 = VECTOR('',#6978,1.);
#6978 = DIRECTION('',(0.26036998622,-0.965508917761));
#6979 = ( GEOMETRIC_REPRESENTATION_CONTEXT(2) 
PARAMETRIC_REPRESENTATION_CONTEXT() REPRESENTATION_CONTEXT('2D SPACE',''
  ) );
#6980 = PCURVE('',#6981,#6986);
#6981 = PLANE('',#6982);
#6982 = AXIS2_PLACEMENT_3D('',#6983,#6984,#6985);
#6983 = CARTESIAN_POINT('',(-9.302379749188,43.582189242239,
    -2.516887257951E-02));
#6984 = DIRECTION('',(-1.22348860989E-03,-2.047646390445E-03,
    -0.999997155106));
#6985 = DIRECTION('',(3.426126653423E-22,-0.999997903567,
    2.047647923033E-03));
#6986 = DEFINITIONAL_REPRESENTATION('',(#6987),#6991);
#6987 = LINE('',#6988,#6989);
#6988 = CARTESIAN_POINT('',(-11.01518248561,48.83349688323));
#6989 = VECTOR('',#6990,1.);
#6990 = DIRECTION('',(0.260367388003,-0.965509618422));
#6991 = ( GEOMETRIC_REPRESENTATION_CONTEXT(2) 
PARAMETRIC_REPRESENTATION_CONTEXT() REPRESENTATION_CONTEXT('2D SPACE',''
  ) );
#6992 = ADVANCED_FACE('',(#6993),#6896,.T.);
#6993 = FACE_BOUND('',#6994,.T.);
#6994 = EDGE_LOOP('',(#6995,#7023,#7024));
#6995 = ORIENTED_EDGE('',*,*,#6996,.T.);
#6996 = EDGE_CURVE('',#6997,#1971,#6999,.T.);
#6997 = VERTEX_POINT('',#6998);
#6998 = CARTESIAN_POINT('',(42.881561446641,-12.38254695712,
    -1.687198307137E-02));
#6999 = SURFACE_CURVE('',#7000,(#7004,#7011),.PCURVE_S1.);
#7000 = LINE('',#7001,#7002);
#7001 = CARTESIAN_POINT('',(42.881561446641,-12.38254695712,
    -1.687198307137E-02));
#7002 = VECTOR('',#7003,1.);
#7003 = DIRECTION('',(0.340329782216,-0.940306047612,-4.197147453216E-04
    ));
#7004 = PCURVE('',#6896,#7005);
#7005 = DEFINITIONAL_REPRESENTATION('',(#7006),#7010);
#7006 = LINE('',#7007,#7008);
#7007 = CARTESIAN_POINT('',(0.,0.));
#7008 = VECTOR('',#7009,1.);
#7009 = DIRECTION('',(-0.340270188179,-0.940327708321));
#7010 = ( GEOMETRIC_REPRESENTATION_CONTEXT(2) 
PARAMETRIC_REPRESENTATION_CONTEXT() REPRESENTATION_CONTEXT('2D SPACE',''
  ) );
#7011 = PCURVE('',#7012,#7017);
#7012 = PLANE('',#7013);
#7013 = AXIS2_PLACEMENT_3D('',#7014,#7015,#7016);
#7014 = CARTESIAN_POINT('',(43.835062757919,-8.338412458173,
    -1.709558755682E-02));
#7015 = DIRECTION('',(-8.392890084349E-04,1.425913915086E-04,
    -0.999999637631));
#7016 = DIRECTION('',(-0.999999647797,4.905311681925E-24,
    8.392890169673E-04));
#7017 = DEFINITIONAL_REPRESENTATION('',(#7018),#7022);
#7018 = LINE('',#7019,#7020);
#7019 = CARTESIAN_POINT('',(0.953501163121,-4.04413454006));
#7020 = VECTOR('',#7021,1.);
#7021 = DIRECTION('',(-0.340330014613,-0.940306057172));
#7022 = ( GEOMETRIC_REPRESENTATION_CONTEXT(2) 
PARAMETRIC_REPRESENTATION_CONTEXT() REPRESENTATION_CONTEXT('2D SPACE',''
  ) );
#7023 = ORIENTED_EDGE('',*,*,#6880,.F.);
#7024 = ORIENTED_EDGE('',*,*,#7025,.T.);
#7025 = EDGE_CURVE('',#6881,#6997,#7026,.T.);
#7026 = SURFACE_CURVE('',#7027,(#7031,#7038),.PCURVE_S1.);
#7027 = LINE('',#7028,#7029);
#7028 = CARTESIAN_POINT('',(41.494856285996,-16.32162869743,
    3.759175948945E-02));
#7029 = VECTOR('',#7030,1.);
#7030 = DIRECTION('',(0.332033936432,0.943177290518,-1.3040847722E-02));
#7031 = PCURVE('',#6896,#7032);
#7032 = DEFINITIONAL_REPRESENTATION('',(#7033),#7037);
#7033 = LINE('',#7034,#7035);
#7034 = CARTESIAN_POINT('',(1.387516713269,-3.939172480241));
#7035 = VECTOR('',#7036,1.);
#7036 = DIRECTION('',(-0.332228255325,0.943199017368));
#7037 = ( GEOMETRIC_REPRESENTATION_CONTEXT(2) 
PARAMETRIC_REPRESENTATION_CONTEXT() REPRESENTATION_CONTEXT('2D SPACE',''
  ) );
#7038 = PCURVE('',#7039,#7044);
#7039 = PLANE('',#7040);
#7040 = AXIS2_PLACEMENT_3D('',#7041,#7042,#7043);
#7041 = CARTESIAN_POINT('',(42.811276646021,-12.35662924155,
    15.267274996997));
#7042 = DIRECTION('',(-0.943267395506,0.331997898151,-4.900632532111E-03
    ));
#7043 = DIRECTION('',(-0.332001884886,-0.943278722559,-1.68177311951E-19
    ));
#7044 = DEFINITIONAL_REPRESENTATION('',(#7045),#7049);
#7045 = LINE('',#7046,#7047);
#7046 = CARTESIAN_POINT('',(4.177153662515,-15.22986612035));
#7047 = VECTOR('',#7048,1.);
#7048 = DIRECTION('',(-0.999914962487,-1.304100432062E-02));
#7049 = ( GEOMETRIC_REPRESENTATION_CONTEXT(2) 
PARAMETRIC_REPRESENTATION_CONTEXT() REPRESENTATION_CONTEXT('2D SPACE',''
  ) );
#7050 = ADVANCED_FACE('',(#7051),#6981,.T.);
#7051 = FACE_BOUND('',#7052,.T.);
#7052 = EDGE_LOOP('',(#7053,#7081,#7082));
#7053 = ORIENTED_EDGE('',*,*,#7054,.F.);
#7054 = EDGE_CURVE('',#6939,#7055,#7057,.T.);
#7055 = VERTEX_POINT('',#7056);
#7056 = CARTESIAN_POINT('',(-9.302379749188,43.582189242239,
    -2.516887257951E-02));
#7057 = SURFACE_CURVE('',#7058,(#7062,#7069),.PCURVE_S1.);
#7058 = LINE('',#7059,#7060);
#7059 = CARTESIAN_POINT('',(-13.36781698508,42.524856065933,
    -1.802979165527E-02));
#7060 = VECTOR('',#7061,1.);
#7061 = DIRECTION('',(0.967802583608,0.251704729501,-1.699502553391E-03)
  );
#7062 = PCURVE('',#6981,#7063);
#7063 = DEFINITIONAL_REPRESENTATION('',(#7064),#7068);
#7064 = LINE('',#7065,#7066);
#7065 = CARTESIAN_POINT('',(1.057345578002,4.065440278728));
#7066 = VECTOR('',#7067,1.);
#7067 = DIRECTION('',(-0.251707681801,-0.967803307972));
#7068 = ( GEOMETRIC_REPRESENTATION_CONTEXT(2) 
PARAMETRIC_REPRESENTATION_CONTEXT() REPRESENTATION_CONTEXT('2D SPACE',''
  ) );
#7069 = PCURVE('',#7070,#7075);
#7070 = PLANE('',#7071);
#7071 = AXIS2_PLACEMENT_3D('',#7072,#7073,#7074);
#7072 = CARTESIAN_POINT('',(-13.36535558695,42.554796703279,
    15.301187772935));
#7073 = DIRECTION('',(0.251707706396,-0.967801531336,1.851076380075E-03)
  );
#7074 = DIRECTION('',(-0.967803189419,-0.251708137634,
    -1.003787912723E-20));
#7075 = DEFINITIONAL_REPRESENTATION('',(#7076),#7080);
#7076 = LINE('',#7077,#7078);
#7077 = CARTESIAN_POINT('',(9.918451025003E-03,15.319243810183));
#7078 = VECTOR('',#7079,1.);
#7079 = DIRECTION('',(-0.99999855584,1.699505465057E-03));
#7080 = ( GEOMETRIC_REPRESENTATION_CONTEXT(2) 
PARAMETRIC_REPRESENTATION_CONTEXT() REPRESENTATION_CONTEXT('2D SPACE',''
  ) );
#7081 = ORIENTED_EDGE('',*,*,#6967,.F.);
#7082 = ORIENTED_EDGE('',*,*,#7083,.T.);
#7083 = EDGE_CURVE('',#22,#7055,#7084,.T.);
#7084 = SURFACE_CURVE('',#7085,(#7089,#7096),.PCURVE_S1.);
#7085 = LINE('',#7086,#7087);
#7086 = CARTESIAN_POINT('',(-58.13584008237,54.59747097655,
    1.202301384363E-02));
#7087 = VECTOR('',#7088,1.);
#7088 = DIRECTION('',(0.975490616238,-0.220039782021,-7.42940106198E-04)
  );
#7089 = PCURVE('',#6981,#7090);
#7090 = DEFINITIONAL_REPRESENTATION('',(#7091),#7095);
#7091 = LINE('',#7092,#7093);
#7092 = CARTESIAN_POINT('',(-11.01518248561,48.83349688323));
#7093 = VECTOR('',#7094,1.);
#7094 = DIRECTION('',(0.220037799442,-0.975491346357));
#7095 = ( GEOMETRIC_REPRESENTATION_CONTEXT(2) 
PARAMETRIC_REPRESENTATION_CONTEXT() REPRESENTATION_CONTEXT('2D SPACE',''
  ) );
#7096 = PCURVE('',#7097,#7102);
#7097 = PLANE('',#7098);
#7098 = AXIS2_PLACEMENT_3D('',#7099,#7100,#7101);
#7099 = CARTESIAN_POINT('',(-5.220820810054,44.268758411212,
    4.468374507483E-02));
#7100 = DIRECTION('',(9.467965010346E-03,4.53465889245E-02,
    -0.998926445997));
#7101 = DIRECTION('',(-2.485734080522E-20,-0.99897122207,
    -4.534862154881E-02));
#7102 = DEFINITIONAL_REPRESENTATION('',(#7103),#7107);
#7103 = LINE('',#7104,#7105);
#7104 = CARTESIAN_POINT('',(-10.31660549466,52.917391145431));
#7105 = VECTOR('',#7106,1.);
#7106 = DIRECTION('',(0.219847101259,-0.975534341819));
#7107 = ( GEOMETRIC_REPRESENTATION_CONTEXT(2) 
PARAMETRIC_REPRESENTATION_CONTEXT() REPRESENTATION_CONTEXT('2D SPACE',''
  ) );
#7108 = ADVANCED_FACE('',(#7109),#7012,.T.);
#7109 = FACE_BOUND('',#7110,.T.);
#7110 = EDGE_LOOP('',(#7111,#7139,#7140));
#7111 = ORIENTED_EDGE('',*,*,#7112,.T.);
#7112 = EDGE_CURVE('',#7113,#1971,#7115,.T.);
#7113 = VERTEX_POINT('',#7114);
#7114 = CARTESIAN_POINT('',(43.835062757919,-8.338412458173,
    -1.709558755682E-02));
#7115 = SURFACE_CURVE('',#7116,(#7120,#7127),.PCURVE_S1.);
#7116 = LINE('',#7117,#7118);
#7117 = CARTESIAN_POINT('',(43.835062757919,-8.338412458173,
    -1.709558755682E-02));
#7118 = VECTOR('',#7119,1.);
#7119 = DIRECTION('',(0.295769657549,-0.955259211875,-3.844481021946E-04
    ));
#7120 = PCURVE('',#7012,#7121);
#7121 = DEFINITIONAL_REPRESENTATION('',(#7122),#7126);
#7122 = LINE('',#7123,#7124);
#7123 = CARTESIAN_POINT('',(0.,0.));
#7124 = VECTOR('',#7125,1.);
#7125 = DIRECTION('',(-0.295769876041,-0.955259221587));
#7126 = ( GEOMETRIC_REPRESENTATION_CONTEXT(2) 
PARAMETRIC_REPRESENTATION_CONTEXT() REPRESENTATION_CONTEXT('2D SPACE',''
  ) );
#7127 = PCURVE('',#7128,#7133);
#7128 = PLANE('',#7129);
#7129 = AXIS2_PLACEMENT_3D('',#7130,#7131,#7132);
#7130 = CARTESIAN_POINT('',(44.393684900436,-4.211031819345,
    1.772139967413E-02));
#7131 = DIRECTION('',(1.805008220267E-02,5.991091349241E-03,
    -0.999819134322));
#7132 = DIRECTION('',(-0.999837078147,-9.881417013244E-21,
    -1.805040614878E-02));
#7133 = DEFINITIONAL_REPRESENTATION('',(#7134),#7138);
#7134 = LINE('',#7135,#7136);
#7135 = CARTESIAN_POINT('',(0.559159591523,-4.127454713221));
#7136 = VECTOR('',#7137,1.);
#7137 = DIRECTION('',(-0.295714530764,-0.95527635598));
#7138 = ( GEOMETRIC_REPRESENTATION_CONTEXT(2) 
PARAMETRIC_REPRESENTATION_CONTEXT() REPRESENTATION_CONTEXT('2D SPACE',''
  ) );
#7139 = ORIENTED_EDGE('',*,*,#6996,.F.);
#7140 = ORIENTED_EDGE('',*,*,#7141,.T.);
#7141 = EDGE_CURVE('',#6997,#7113,#7142,.T.);
#7142 = SURFACE_CURVE('',#7143,(#7147,#7154),.PCURVE_S1.);
#7143 = LINE('',#7144,#7145);
#7144 = CARTESIAN_POINT('',(42.881561446641,-12.38254695712,
    -1.687198307137E-02));
#7145 = VECTOR('',#7146,1.);
#7146 = DIRECTION('',(0.229481779104,0.973312955921,-5.381550558112E-05)
  );
#7147 = PCURVE('',#7012,#7148);
#7148 = DEFINITIONAL_REPRESENTATION('',(#7149),#7153);
#7149 = LINE('',#7150,#7151);
#7150 = CARTESIAN_POINT('',(0.953501163121,-4.04413454006));
#7151 = VECTOR('',#7152,1.);
#7152 = DIRECTION('',(-0.229481743447,0.973312965816));
#7153 = ( GEOMETRIC_REPRESENTATION_CONTEXT(2) 
PARAMETRIC_REPRESENTATION_CONTEXT() REPRESENTATION_CONTEXT('2D SPACE',''
  ) );
#7154 = PCURVE('',#7155,#7160);
#7155 = PLANE('',#7156);
#7156 = AXIS2_PLACEMENT_3D('',#7157,#7158,#7159);
#7157 = CARTESIAN_POINT('',(43.80414090841,-8.338007718988,
    15.320885591843));
#7158 = DIRECTION('',(-0.973311096265,0.229481231817,-1.968281153723E-03
    ));
#7159 = DIRECTION('',(-0.229481676339,-0.973312981638,
    -5.259602587579E-21));
#7160 = DEFINITIONAL_REPRESENTATION('',(#7161),#7165);
#7161 = LINE('',#7162,#7163);
#7162 = CARTESIAN_POINT('',(4.14831762666,-15.33778728523));
#7163 = VECTOR('',#7164,1.);
#7164 = DIRECTION('',(-0.999999998552,-5.381560982558E-05));
#7165 = ( GEOMETRIC_REPRESENTATION_CONTEXT(2) 
PARAMETRIC_REPRESENTATION_CONTEXT() REPRESENTATION_CONTEXT('2D SPACE',''
  ) );
#7166 = ADVANCED_FACE('',(#7167),#7128,.T.);
#7167 = FACE_BOUND('',#7168,.T.);
#7168 = EDGE_LOOP('',(#7169,#7197,#7198));
#7169 = ORIENTED_EDGE('',*,*,#7170,.T.);
#7170 = EDGE_CURVE('',#7171,#1971,#7173,.T.);
#7171 = VERTEX_POINT('',#7172);
#7172 = CARTESIAN_POINT('',(44.393684900436,-4.211031819345,
    1.772139967413E-02));
#7173 = SURFACE_CURVE('',#7174,(#7178,#7185),.PCURVE_S1.);
#7174 = LINE('',#7175,#7176);
#7175 = CARTESIAN_POINT('',(44.393684900436,-4.211031819345,
    1.772139967413E-02));
#7176 = VECTOR('',#7177,1.);
#7177 = DIRECTION('',(0.263483711553,-0.964663301805,-1.023668456266E-03
    ));
#7178 = PCURVE('',#7128,#7179);
#7179 = DEFINITIONAL_REPRESENTATION('',(#7180),#7184);
#7180 = LINE('',#7181,#7182);
#7181 = CARTESIAN_POINT('',(-0.,0.));
#7182 = VECTOR('',#7183,1.);
#7183 = DIRECTION('',(-0.263422306667,-0.964680614686));
#7184 = ( GEOMETRIC_REPRESENTATION_CONTEXT(2) 
PARAMETRIC_REPRESENTATION_CONTEXT() REPRESENTATION_CONTEXT('2D SPACE',''
  ) );
#7185 = PCURVE('',#7186,#7191);
#7186 = PLANE('',#7187);
#7187 = AXIS2_PLACEMENT_3D('',#7188,#7189,#7190);
#7188 = CARTESIAN_POINT('',(44.583194671245,-5.570448036993E-03,
    -4.061076838932E-02));
#7189 = DIRECTION('',(-4.687110336082E-02,-1.174223122147E-02,
    -0.998831927641));
#7190 = DIRECTION('',(-0.998900794233,5.174679045364E-20,
    4.687433498873E-02));
#7191 = DEFINITIONAL_REPRESENTATION('',(#7192),#7196);
#7192 = LINE('',#7193,#7194);
#7193 = CARTESIAN_POINT('',(0.192035742162,-4.205751325787));
#7194 = VECTOR('',#7195,1.);
#7195 = DIRECTION('',(-0.263242072516,-0.964729812568));
#7196 = ( GEOMETRIC_REPRESENTATION_CONTEXT(2) 
PARAMETRIC_REPRESENTATION_CONTEXT() REPRESENTATION_CONTEXT('2D SPACE',''
  ) );
#7197 = ORIENTED_EDGE('',*,*,#7112,.F.);
#7198 = ORIENTED_EDGE('',*,*,#7199,.T.);
#7199 = EDGE_CURVE('',#7113,#7171,#7200,.T.);
#7200 = SURFACE_CURVE('',#7201,(#7205,#7212),.PCURVE_S1.);
#7201 = LINE('',#7202,#7203);
#7202 = CARTESIAN_POINT('',(43.835062757919,-8.338412458173,
    -1.709558755682E-02));
#7203 = VECTOR('',#7204,1.);
#7204 = DIRECTION('',(0.134117872924,0.990930129501,8.359103432581E-03)
  );
#7205 = PCURVE('',#7128,#7206);
#7206 = DEFINITIONAL_REPRESENTATION('',(#7207),#7211);
#7207 = LINE('',#7208,#7209);
#7208 = CARTESIAN_POINT('',(0.559159591523,-4.127454713221));
#7209 = VECTOR('',#7210,1.);
#7210 = DIRECTION('',(-0.134246907403,0.990947913794));
#7211 = ( GEOMETRIC_REPRESENTATION_CONTEXT(2) 
PARAMETRIC_REPRESENTATION_CONTEXT() REPRESENTATION_CONTEXT('2D SPACE',''
  ) );
#7212 = PCURVE('',#7213,#7218);
#7213 = PLANE('',#7214);
#7214 = AXIS2_PLACEMENT_3D('',#7215,#7216,#7217);
#7215 = CARTESIAN_POINT('',(44.404683420664,-4.194375767808,
    15.238236850634));
#7216 = DIRECTION('',(-0.990965229444,0.134117821014,5.693156588982E-04)
  );
#7217 = DIRECTION('',(-0.134117842749,-0.99096539004,-3.921546822043E-22
    ));
#7218 = DEFINITIONAL_REPRESENTATION('',(#7219),#7223);
#7219 = LINE('',#7220,#7221);
#7220 = CARTESIAN_POINT('',(4.182993229678,-15.25533491047));
#7221 = VECTOR('',#7222,1.);
#7222 = DIRECTION('',(-0.999965062073,8.359104787259E-03));
#7223 = ( GEOMETRIC_REPRESENTATION_CONTEXT(2) 
PARAMETRIC_REPRESENTATION_CONTEXT() REPRESENTATION_CONTEXT('2D SPACE',''
  ) );
#7224 = ADVANCED_FACE('',(#7225),#7186,.T.);
#7225 = FACE_BOUND('',#7226,.T.);
#7226 = EDGE_LOOP('',(#7227,#7255,#7256));
#7227 = ORIENTED_EDGE('',*,*,#7228,.T.);
#7228 = EDGE_CURVE('',#7229,#1971,#7231,.T.);
#7229 = VERTEX_POINT('',#7230);
#7230 = CARTESIAN_POINT('',(44.583194671245,-5.570448036993E-03,
    -4.061076838932E-02));
#7231 = SURFACE_CURVE('',#7232,(#7236,#7243),.PCURVE_S1.);
#7232 = LINE('',#7233,#7234);
#7233 = CARTESIAN_POINT('',(44.583194671245,-5.570448036993E-03,
    -4.061076838932E-02));
#7234 = VECTOR('',#7235,1.);
#7235 = DIRECTION('',(0.241256494625,-0.970461383127,8.752609294766E-05)
  );
#7236 = PCURVE('',#7186,#7237);
#7237 = DEFINITIONAL_REPRESENTATION('',(#7238),#7242);
#7238 = LINE('',#7239,#7240);
#7239 = CARTESIAN_POINT('',(0.,0.));
#7240 = VECTOR('',#7241,1.);
#7241 = DIRECTION('',(-0.240987201367,-0.970528293651));
#7242 = ( GEOMETRIC_REPRESENTATION_CONTEXT(2) 
PARAMETRIC_REPRESENTATION_CONTEXT() REPRESENTATION_CONTEXT('2D SPACE',''
  ) );
#7243 = PCURVE('',#7244,#7249);
#7244 = PLANE('',#7245);
#7245 = AXIS2_PLACEMENT_3D('',#7246,#7247,#7248);
#7246 = CARTESIAN_POINT('',(58.13288889486,54.541614506479,
    -8.202175896216E-03));
#7247 = DIRECTION('',(1.376909674875E-03,2.521093560579E-04,
    -0.99999902028));
#7248 = DIRECTION('',(-0.999999052059,1.820276826559E-23,
    -1.376909718633E-03));
#7249 = DEFINITIONAL_REPRESENTATION('',(#7250),#7254);
#7250 = LINE('',#7251,#7252);
#7251 = CARTESIAN_POINT('',(13.549726003015,-54.547186688));
#7252 = VECTOR('',#7253,1.);
#7253 = DIRECTION('',(-0.241256386444,-0.970461413968));
#7254 = ( GEOMETRIC_REPRESENTATION_CONTEXT(2) 
PARAMETRIC_REPRESENTATION_CONTEXT() REPRESENTATION_CONTEXT('2D SPACE',''
  ) );
#7255 = ORIENTED_EDGE('',*,*,#7170,.F.);
#7256 = ORIENTED_EDGE('',*,*,#7257,.T.);
#7257 = EDGE_CURVE('',#7171,#7229,#7258,.T.);
#7258 = SURFACE_CURVE('',#7259,(#7263,#7270),.PCURVE_S1.);
#7259 = LINE('',#7260,#7261);
#7260 = CARTESIAN_POINT('',(44.393684900436,-4.211031819345,
    1.772139967413E-02));
#7261 = VECTOR('',#7262,1.);
#7262 = DIRECTION('',(4.501277270358E-02,0.998890326406,
    -1.38551833562E-02));
#7263 = PCURVE('',#7186,#7264);
#7264 = DEFINITIONAL_REPRESENTATION('',(#7265),#7269);
#7265 = LINE('',#7266,#7267);
#7266 = CARTESIAN_POINT('',(0.192035742162,-4.205751325787));
#7267 = VECTOR('',#7268,1.);
#7268 = DIRECTION('',(-4.561274691021E-02,0.998959197024));
#7269 = ( GEOMETRIC_REPRESENTATION_CONTEXT(2) 
PARAMETRIC_REPRESENTATION_CONTEXT() REPRESENTATION_CONTEXT('2D SPACE',''
  ) );
#7270 = PCURVE('',#7271,#7276);
#7271 = PLANE('',#7272);
#7272 = AXIS2_PLACEMENT_3D('',#7273,#7274,#7275);
#7273 = CARTESIAN_POINT('',(44.579131729564,-2.899245322694E-02,
    15.263291136708));
#7274 = DIRECTION('',(-0.998986319962,4.501437533752E-02,
    -1.963222349601E-04));
#7275 = DIRECTION('',(-4.5014376205E-02,-0.998986339213,
    7.493513116875E-22));
#7276 = DEFINITIONAL_REPRESENTATION('',(#7277),#7281);
#7277 = LINE('',#7278,#7279);
#7278 = CARTESIAN_POINT('',(4.186147970137,-15.24557003083));
#7279 = VECTOR('',#7280,1.);
#7280 = DIRECTION('',(-0.999904012337,-1.38551836232E-02));
#7281 = ( GEOMETRIC_REPRESENTATION_CONTEXT(2) 
PARAMETRIC_REPRESENTATION_CONTEXT() REPRESENTATION_CONTEXT('2D SPACE',''
  ) );
#7282 = ADVANCED_FACE('',(#7283),#7244,.T.);
#7283 = FACE_BOUND('',#7284,.T.);
#7284 = EDGE_LOOP('',(#7285,#7306,#7307));
#7285 = ORIENTED_EDGE('',*,*,#7286,.T.);
#7286 = EDGE_CURVE('',#1680,#1971,#7287,.T.);
#7287 = SURFACE_CURVE('',#7288,(#7292,#7299),.PCURVE_S1.);
#7288 = LINE('',#7289,#7290);
#7289 = CARTESIAN_POINT('',(58.13288889486,54.541614506479,
    -8.202175896216E-03));
#7290 = VECTOR('',#7291,1.);
#7291 = DIRECTION('',(8.166980298483E-05,-0.999999964914,
    -2.519971421571E-04));
#7292 = PCURVE('',#7244,#7293);
#7293 = DEFINITIONAL_REPRESENTATION('',(#7294),#7298);
#7294 = LINE('',#7295,#7296);
#7295 = CARTESIAN_POINT('',(0.,0.));
#7296 = VECTOR('',#7297,1.);
#7297 = DIRECTION('',(-8.13227482526E-05,-0.999999996693));
#7298 = ( GEOMETRIC_REPRESENTATION_CONTEXT(2) 
PARAMETRIC_REPRESENTATION_CONTEXT() REPRESENTATION_CONTEXT('2D SPACE',''
  ) );
#7299 = PCURVE('',#2007,#7300);
#7300 = DEFINITIONAL_REPRESENTATION('',(#7301),#7305);
#7301 = LINE('',#7302,#7303);
#7302 = CARTESIAN_POINT('',(-15.31163273741,-109.1036306185));
#7303 = VECTOR('',#7304,1.);
#7304 = DIRECTION('',(-2.52160477722E-04,0.999999968208));
#7305 = ( GEOMETRIC_REPRESENTATION_CONTEXT(2) 
PARAMETRIC_REPRESENTATION_CONTEXT() REPRESENTATION_CONTEXT('2D SPACE',''
  ) );
#7306 = ORIENTED_EDGE('',*,*,#7228,.F.);
#7307 = ORIENTED_EDGE('',*,*,#7308,.T.);
#7308 = EDGE_CURVE('',#7229,#1680,#7309,.T.);
#7309 = SURFACE_CURVE('',#7310,(#7314,#7321),.PCURVE_S1.);
#7310 = LINE('',#7311,#7312);
#7311 = CARTESIAN_POINT('',(44.583194671245,-5.570448036993E-03,
    -4.061076838932E-02));
#7312 = VECTOR('',#7313,1.);
#7313 = DIRECTION('',(0.24107674794,0.970505883093,5.766150847846E-04));
#7314 = PCURVE('',#7244,#7315);
#7315 = DEFINITIONAL_REPRESENTATION('',(#7316),#7320);
#7316 = LINE('',#7317,#7318);
#7317 = CARTESIAN_POINT('',(13.549726003015,-54.547186688));
#7318 = VECTOR('',#7319,1.);
#7319 = DIRECTION('',(-0.241077313361,0.970505913935));
#7320 = ( GEOMETRIC_REPRESENTATION_CONTEXT(2) 
PARAMETRIC_REPRESENTATION_CONTEXT() REPRESENTATION_CONTEXT('2D SPACE',''
  ) );
#7321 = PCURVE('',#7322,#7327);
#7322 = PLANE('',#7323);
#7323 = AXIS2_PLACEMENT_3D('',#7324,#7325,#7326);
#7324 = CARTESIAN_POINT('',(58.13288889486,54.541614506479,
    -8.202175896216E-03));
#7325 = DIRECTION('',(-3.890094013863E-02,1.025677493395E-02,
    -0.99919043001));
#7326 = DIRECTION('',(-0.99924299229,6.011712174975E-20,
    3.890298651739E-02));
#7327 = DEFINITIONAL_REPRESENTATION('',(#7328),#7332);
#7328 = LINE('',#7329,#7330);
#7329 = CARTESIAN_POINT('',(13.538176209579,-54.5500544019));
#7330 = VECTOR('',#7331,1.);
#7331 = DIRECTION('',(-0.240871818934,0.970556936425));
#7332 = ( GEOMETRIC_REPRESENTATION_CONTEXT(2) 
PARAMETRIC_REPRESENTATION_CONTEXT() REPRESENTATION_CONTEXT('2D SPACE',''
  ) );
#7333 = ADVANCED_FACE('',(#7334),#7322,.T.);
#7334 = FACE_BOUND('',#7335,.T.);
#7335 = EDGE_LOOP('',(#7336,#7337,#7365));
#7336 = ORIENTED_EDGE('',*,*,#7308,.F.);
#7337 = ORIENTED_EDGE('',*,*,#7338,.F.);
#7338 = EDGE_CURVE('',#7339,#7229,#7341,.T.);
#7339 = VERTEX_POINT('',#7340);
#7340 = CARTESIAN_POINT('',(44.371504004425,4.186939377043,
    1.066734047081E-02));
#7341 = SURFACE_CURVE('',#7342,(#7346,#7353),.PCURVE_S1.);
#7342 = LINE('',#7343,#7344);
#7343 = CARTESIAN_POINT('',(44.371504004425,4.186939377043,
    1.066734047081E-02));
#7344 = VECTOR('',#7345,1.);
#7345 = DIRECTION('',(5.042458240022E-02,-0.998653177838,
    -1.22144129658E-02));
#7346 = PCURVE('',#7322,#7347);
#7347 = DEFINITIONAL_REPRESENTATION('',(#7348),#7352);
#7348 = LINE('',#7349,#7350);
#7349 = CARTESIAN_POINT('',(13.751701496509,-50.3573240304));
#7350 = VECTOR('',#7351,1.);
#7351 = DIRECTION('',(-5.086158774548E-02,-0.998705711855));
#7352 = ( GEOMETRIC_REPRESENTATION_CONTEXT(2) 
PARAMETRIC_REPRESENTATION_CONTEXT() REPRESENTATION_CONTEXT('2D SPACE',''
  ) );
#7353 = PCURVE('',#7354,#7359);
#7354 = PLANE('',#7355);
#7355 = AXIS2_PLACEMENT_3D('',#7356,#7357,#7358);
#7356 = CARTESIAN_POINT('',(44.579131729564,-2.899245322694E-02,
    15.263291136708));
#7357 = DIRECTION('',(-0.998727833992,-5.042416512466E-02,
    -3.423184515106E-04));
#7358 = DIRECTION('',(5.042416807907E-02,-0.998727892508,
    -4.126630490968E-22));
#7359 = DEFINITIONAL_REPRESENTATION('',(#7360),#7364);
#7360 = LINE('',#7361,#7362);
#7361 = CARTESIAN_POINT('',(-4.221038167113,-15.2526246899));
#7362 = VECTOR('',#7363,1.);
#7363 = DIRECTION('',(0.999925401267,-1.221441368145E-02));
#7364 = ( GEOMETRIC_REPRESENTATION_CONTEXT(2) 
PARAMETRIC_REPRESENTATION_CONTEXT() REPRESENTATION_CONTEXT('2D SPACE',''
  ) );
#7365 = ORIENTED_EDGE('',*,*,#7366,.T.);
#7366 = EDGE_CURVE('',#7339,#1680,#7367,.T.);
#7367 = SURFACE_CURVE('',#7368,(#7372,#7379),.PCURVE_S1.);
#7368 = LINE('',#7369,#7370);
#7369 = CARTESIAN_POINT('',(44.371504004425,4.186939377043,
    1.066734047081E-02));
#7370 = VECTOR('',#7371,1.);
#7371 = DIRECTION('',(0.263621804624,0.964626048509,-3.614764063835E-04)
  );
#7372 = PCURVE('',#7322,#7373);
#7373 = DEFINITIONAL_REPRESENTATION('',(#7374),#7378);
#7374 = LINE('',#7375,#7376);
#7375 = CARTESIAN_POINT('',(13.751701496509,-50.3573240304));
#7376 = VECTOR('',#7377,1.);
#7377 = DIRECTION('',(-0.263436303397,0.964676792533));
#7378 = ( GEOMETRIC_REPRESENTATION_CONTEXT(2) 
PARAMETRIC_REPRESENTATION_CONTEXT() REPRESENTATION_CONTEXT('2D SPACE',''
  ) );
#7379 = PCURVE('',#7380,#7385);
#7380 = PLANE('',#7381);
#7381 = AXIS2_PLACEMENT_3D('',#7382,#7383,#7384);
#7382 = CARTESIAN_POINT('',(58.13288889486,54.541614506479,
    -8.202175896216E-03));
#7383 = DIRECTION('',(5.667848658217E-03,-1.923686827499E-03,
    -0.9999820873));
#7384 = DIRECTION('',(-0.999983937557,-1.917780629785E-21,
    -5.667859145384E-03));
#7385 = DEFINITIONAL_REPRESENTATION('',(#7386),#7390);
#7386 = LINE('',#7387,#7388);
#7387 = CARTESIAN_POINT('',(13.761056899219,-50.35476830022));
#7388 = VECTOR('',#7389,1.);
#7389 = DIRECTION('',(-0.263615521416,0.964627833347));
#7390 = ( GEOMETRIC_REPRESENTATION_CONTEXT(2) 
PARAMETRIC_REPRESENTATION_CONTEXT() REPRESENTATION_CONTEXT('2D SPACE',''
  ) );
#7391 = ADVANCED_FACE('',(#7392),#7380,.T.);
#7392 = FACE_BOUND('',#7393,.T.);
#7393 = EDGE_LOOP('',(#7394,#7395,#7423));
#7394 = ORIENTED_EDGE('',*,*,#7366,.F.);
#7395 = ORIENTED_EDGE('',*,*,#7396,.F.);
#7396 = EDGE_CURVE('',#7397,#7339,#7399,.T.);
#7397 = VERTEX_POINT('',#7398);
#7398 = CARTESIAN_POINT('',(43.785448946423,8.32432308382,
    -6.135635118162E-04));
#7399 = SURFACE_CURVE('',#7400,(#7404,#7411),.PCURVE_S1.);
#7400 = LINE('',#7401,#7402);
#7401 = CARTESIAN_POINT('',(43.785448946423,8.32432308382,
    -6.135635118162E-04));
#7402 = VECTOR('',#7403,1.);
#7403 = DIRECTION('',(0.140248185068,-0.990112699966,2.699620603716E-03)
  );
#7404 = PCURVE('',#7380,#7405);
#7405 = DEFINITIONAL_REPRESENTATION('',(#7406),#7410);
#7406 = LINE('',#7407,#7408);
#7407 = CARTESIAN_POINT('',(14.34716648232,-46.21737693808));
#7408 = VECTOR('',#7409,1.);
#7409 = DIRECTION('',(-0.140261233409,-0.990114531962));
#7410 = ( GEOMETRIC_REPRESENTATION_CONTEXT(2) 
PARAMETRIC_REPRESENTATION_CONTEXT() REPRESENTATION_CONTEXT('2D SPACE',''
  ) );
#7411 = PCURVE('',#7412,#7417);
#7412 = PLANE('',#7413);
#7413 = AXIS2_PLACEMENT_3D('',#7414,#7415,#7416);
#7414 = CARTESIAN_POINT('',(44.434055759875,4.154344998661,
    15.299094753377));
#7415 = DIRECTION('',(-0.990110759249,-0.140237680039,3.752001728223E-03
    ));
#7416 = DIRECTION('',(0.140238667148,-0.990117728473,1.619086524428E-20)
  );
#7417 = DEFINITIONAL_REPRESENTATION('',(#7418),#7422);
#7418 = LINE('',#7419,#7420);
#7419 = CARTESIAN_POINT('',(-4.219728984481,-15.29981600897));
#7420 = VECTOR('',#7421,1.);
#7421 = DIRECTION('',(0.999996355966,2.699639605894E-03));
#7422 = ( GEOMETRIC_REPRESENTATION_CONTEXT(2) 
PARAMETRIC_REPRESENTATION_CONTEXT() REPRESENTATION_CONTEXT('2D SPACE',''
  ) );
#7423 = ORIENTED_EDGE('',*,*,#7424,.T.);
#7424 = EDGE_CURVE('',#7397,#1680,#7425,.T.);
#7425 = SURFACE_CURVE('',#7426,(#7430,#7437),.PCURVE_S1.);
#7426 = LINE('',#7427,#7428);
#7427 = CARTESIAN_POINT('',(43.785448946423,8.32432308382,
    -6.135635118162E-04));
#7428 = VECTOR('',#7429,1.);
#7429 = DIRECTION('',(0.296477293182,0.955039889239,-1.568120352358E-04)
  );
#7430 = PCURVE('',#7380,#7431);
#7431 = DEFINITIONAL_REPRESENTATION('',(#7432),#7436);
#7432 = LINE('',#7433,#7434);
#7433 = CARTESIAN_POINT('',(14.34716648232,-46.21737693808));
#7434 = VECTOR('',#7435,1.);
#7435 = DIRECTION('',(-0.296471642244,0.95504165634));
#7436 = ( GEOMETRIC_REPRESENTATION_CONTEXT(2) 
PARAMETRIC_REPRESENTATION_CONTEXT() REPRESENTATION_CONTEXT('2D SPACE',''
  ) );
#7437 = PCURVE('',#7438,#7443);
#7438 = PLANE('',#7439);
#7439 = AXIS2_PLACEMENT_3D('',#7440,#7441,#7442);
#7440 = CARTESIAN_POINT('',(58.13288889486,54.541614506479,
    -8.202175896216E-03));
#7441 = DIRECTION('',(-1.332832445225E-02,3.973392871604E-03,
    -0.999903279281));
#7442 = DIRECTION('',(-0.999911172536,-3.654463207041E-21,
    1.33284296663E-02));
#7443 = DEFINITIONAL_REPRESENTATION('',(#7444),#7448);
#7444 = LINE('',#7445,#7446);
#7445 = CARTESIAN_POINT('',(14.346266646021,-46.21765626283));
#7446 = VECTOR('',#7447,1.);
#7447 = DIRECTION('',(-0.296453047915,0.955047428342));
#7448 = ( GEOMETRIC_REPRESENTATION_CONTEXT(2) 
PARAMETRIC_REPRESENTATION_CONTEXT() REPRESENTATION_CONTEXT('2D SPACE',''
  ) );
#7449 = ADVANCED_FACE('',(#7450),#7438,.T.);
#7450 = FACE_BOUND('',#7451,.T.);
#7451 = EDGE_LOOP('',(#7452,#7453,#7481));
#7452 = ORIENTED_EDGE('',*,*,#7424,.F.);
#7453 = ORIENTED_EDGE('',*,*,#7454,.F.);
#7454 = EDGE_CURVE('',#7455,#7397,#7457,.T.);
#7455 = VERTEX_POINT('',#7456);
#7456 = CARTESIAN_POINT('',(42.815844105224,12.35290883733,
    2.831959675387E-02));
#7457 = SURFACE_CURVE('',#7458,(#7462,#7469),.PCURVE_S1.);
#7458 = LINE('',#7459,#7460);
#7459 = CARTESIAN_POINT('',(42.815844105224,12.35290883733,
    2.831959675387E-02));
#7460 = VECTOR('',#7461,1.);
#7461 = DIRECTION('',(0.23399341461,-0.972213108329,-6.982400126692E-03)
  );
#7462 = PCURVE('',#7438,#7463);
#7463 = DEFINITIONAL_REPRESENTATION('',(#7464),#7468);
#7464 = LINE('',#7465,#7466);
#7465 = CARTESIAN_POINT('',(15.316170993272,-42.18903870759));
#7466 = VECTOR('',#7467,1.);
#7467 = DIRECTION('',(-0.234065693997,-0.972220782998));
#7468 = ( GEOMETRIC_REPRESENTATION_CONTEXT(2) 
PARAMETRIC_REPRESENTATION_CONTEXT() REPRESENTATION_CONTEXT('2D SPACE',''
  ) );
#7469 = PCURVE('',#7470,#7475);
#7470 = PLANE('',#7471);
#7471 = AXIS2_PLACEMENT_3D('',#7472,#7473,#7474);
#7472 = CARTESIAN_POINT('',(42.806018214394,12.402976616866,
    15.249121414166));
#7473 = DIRECTION('',(-0.972236566808,-0.234000081134,1.420933097953E-04
    ));
#7474 = DIRECTION('',(0.234000083496,-0.972236576623,-7.554762491343E-22
    ));
#7475 = DEFINITIONAL_REPRESENTATION('',(#7476),#7480);
#7476 = LINE('',#7477,#7478);
#7477 = CARTESIAN_POINT('',(5.097698585006E-02,-15.22080197107));
#7478 = VECTOR('',#7479,1.);
#7479 = DIRECTION('',(0.999975622747,-6.982400197181E-03));
#7480 = ( GEOMETRIC_REPRESENTATION_CONTEXT(2) 
PARAMETRIC_REPRESENTATION_CONTEXT() REPRESENTATION_CONTEXT('2D SPACE',''
  ) );
#7481 = ORIENTED_EDGE('',*,*,#7482,.T.);
#7482 = EDGE_CURVE('',#7455,#1680,#7483,.T.);
#7483 = SURFACE_CURVE('',#7484,(#7488,#7495),.PCURVE_S1.);
#7484 = LINE('',#7485,#7486);
#7485 = CARTESIAN_POINT('',(42.815844105224,12.35290883733,
    2.831959675387E-02));
#7486 = VECTOR('',#7487,1.);
#7487 = DIRECTION('',(0.34126467643,0.939966892237,-8.137072847437E-04)
  );
#7488 = PCURVE('',#7438,#7489);
#7489 = DEFINITIONAL_REPRESENTATION('',(#7490),#7494);
#7490 = LINE('',#7491,#7492);
#7491 = CARTESIAN_POINT('',(15.316170993272,-42.18903870759));
#7492 = VECTOR('',#7493,1.);
#7493 = DIRECTION('',(-0.341245208194,0.939974312353));
#7494 = ( GEOMETRIC_REPRESENTATION_CONTEXT(2) 
PARAMETRIC_REPRESENTATION_CONTEXT() REPRESENTATION_CONTEXT('2D SPACE',''
  ) );
#7495 = PCURVE('',#7496,#7501);
#7496 = PLANE('',#7497);
#7497 = AXIS2_PLACEMENT_3D('',#7498,#7499,#7500);
#7498 = CARTESIAN_POINT('',(58.13288889486,54.541614506479,
    -8.202175896216E-03));
#7499 = DIRECTION('',(4.771961977543E-03,-2.598173780205E-03,
    -0.999985238827));
#7500 = DIRECTION('',(-0.999988614048,6.499508862616E-22,
    -4.771978084206E-03));
#7501 = DEFINITIONAL_REPRESENTATION('',(#7502),#7506);
#7502 = LINE('',#7503,#7504);
#7503 = CARTESIAN_POINT('',(15.316696109397,-42.18884806744));
#7504 = VECTOR('',#7505,1.);
#7505 = DIRECTION('',(-0.341256907813,0.93997006488));
#7506 = ( GEOMETRIC_REPRESENTATION_CONTEXT(2) 
PARAMETRIC_REPRESENTATION_CONTEXT() REPRESENTATION_CONTEXT('2D SPACE',''
  ) );
#7507 = ADVANCED_FACE('',(#7508),#7496,.T.);
#7508 = FACE_BOUND('',#7509,.T.);
#7509 = EDGE_LOOP('',(#7510,#7511,#7539));
#7510 = ORIENTED_EDGE('',*,*,#7482,.F.);
#7511 = ORIENTED_EDGE('',*,*,#7512,.F.);
#7512 = EDGE_CURVE('',#7513,#7455,#7515,.T.);
#7513 = VERTEX_POINT('',#7514);
#7514 = CARTESIAN_POINT('',(41.501656493945,16.343796048913,
    1.167907929505E-02));
#7515 = SURFACE_CURVE('',#7516,(#7520,#7527),.PCURVE_S1.);
#7516 = LINE('',#7517,#7518);
#7517 = CARTESIAN_POINT('',(41.501656493945,16.343796048913,
    1.167907929505E-02));
#7518 = VECTOR('',#7519,1.);
#7519 = DIRECTION('',(0.312772875649,-0.949819690008,3.960395344785E-03)
  );
#7520 = PCURVE('',#7496,#7521);
#7521 = DEFINITIONAL_REPRESENTATION('',(#7522),#7526);
#7522 = LINE('',#7523,#7524);
#7523 = CARTESIAN_POINT('',(16.630948165583,-38.19794738553));
#7524 = VECTOR('',#7525,1.);
#7525 = DIRECTION('',(-0.312788213352,-0.949822895907));
#7526 = ( GEOMETRIC_REPRESENTATION_CONTEXT(2) 
PARAMETRIC_REPRESENTATION_CONTEXT() REPRESENTATION_CONTEXT('2D SPACE',''
  ) );
#7527 = PCURVE('',#7528,#7533);
#7528 = PLANE('',#7529);
#7529 = AXIS2_PLACEMENT_3D('',#7530,#7531,#7532);
#7530 = CARTESIAN_POINT('',(42.806018214394,12.402976616866,
    15.249121414166));
#7531 = DIRECTION('',(-0.94982757178,-0.312773737862,4.156801068003E-04)
  );
#7532 = DIRECTION('',(0.312773764884,-0.949827653841,-1.953212510241E-21
    ));
#7533 = DEFINITIONAL_REPRESENTATION('',(#7534),#7538);
#7534 = LINE('',#7535,#7536);
#7535 = CARTESIAN_POINT('',(-4.151069401426,-15.2374436513));
#7536 = VECTOR('',#7537,1.);
#7537 = DIRECTION('',(0.999992157602,3.960395686944E-03));
#7538 = ( GEOMETRIC_REPRESENTATION_CONTEXT(2) 
PARAMETRIC_REPRESENTATION_CONTEXT() REPRESENTATION_CONTEXT('2D SPACE',''
  ) );
#7539 = ORIENTED_EDGE('',*,*,#7540,.T.);
#7540 = EDGE_CURVE('',#7513,#1680,#7541,.T.);
#7541 = SURFACE_CURVE('',#7542,(#7546,#7553),.PCURVE_S1.);
#7542 = LINE('',#7543,#7544);
#7543 = CARTESIAN_POINT('',(41.501656493945,16.343796048913,
    1.167907929505E-02));
#7544 = VECTOR('',#7545,1.);
#7545 = DIRECTION('',(0.399200108795,0.916863700562,-4.772105304057E-04)
  );
#7546 = PCURVE('',#7496,#7547);
#7547 = DEFINITIONAL_REPRESENTATION('',(#7548),#7552);
#7548 = LINE('',#7549,#7550);
#7549 = CARTESIAN_POINT('',(16.630948165583,-38.19794738553));
#7550 = VECTOR('',#7551,1.);
#7551 = DIRECTION('',(-0.399193286284,0.916866795225));
#7552 = ( GEOMETRIC_REPRESENTATION_CONTEXT(2) 
PARAMETRIC_REPRESENTATION_CONTEXT() REPRESENTATION_CONTEXT('2D SPACE',''
  ) );
#7553 = PCURVE('',#7554,#7559);
#7554 = PLANE('',#7555);
#7555 = AXIS2_PLACEMENT_3D('',#7556,#7557,#7558);
#7556 = CARTESIAN_POINT('',(58.13288889486,54.541614506479,
    -8.202175896216E-03));
#7557 = DIRECTION('',(4.38273177279E-03,-2.428705094195E-03,
    -0.999987446448));
#7558 = DIRECTION('',(-0.999990395728,2.382702779168E-22,
    -4.382744698857E-03));
#7559 = DEFINITIONAL_REPRESENTATION('',(#7560),#7564);
#7560 = LINE('',#7561,#7562);
#7561 = CARTESIAN_POINT('',(16.630985535575,-38.19793111505));
#7562 = VECTOR('',#7563,1.);
#7563 = DIRECTION('',(-0.399194183277,0.916866404684));
#7564 = ( GEOMETRIC_REPRESENTATION_CONTEXT(2) 
PARAMETRIC_REPRESENTATION_CONTEXT() REPRESENTATION_CONTEXT('2D SPACE',''
  ) );
#7565 = ADVANCED_FACE('',(#7566),#7554,.T.);
#7566 = FACE_BOUND('',#7567,.T.);
#7567 = EDGE_LOOP('',(#7568,#7569,#7597));
#7568 = ORIENTED_EDGE('',*,*,#7540,.F.);
#7569 = ORIENTED_EDGE('',*,*,#7570,.F.);
#7570 = EDGE_CURVE('',#7571,#7513,#7573,.T.);
#7571 = VERTEX_POINT('',#7572);
#7572 = CARTESIAN_POINT('',(39.774903257144,20.154584656982,
    -5.144309878259E-03));
#7573 = SURFACE_CURVE('',#7574,(#7578,#7585),.PCURVE_S1.);
#7574 = LINE('',#7575,#7576);
#7575 = CARTESIAN_POINT('',(39.774903257144,20.154584656982,
    -5.144309878259E-03));
#7576 = VECTOR('',#7577,1.);
#7577 = DIRECTION('',(0.412724987669,-0.910846812244,4.021091688792E-03)
  );
#7578 = PCURVE('',#7554,#7579);
#7579 = DEFINITIONAL_REPRESENTATION('',(#7580),#7584);
#7580 = LINE('',#7581,#7582);
#7581 = CARTESIAN_POINT('',(18.357795920789,-34.38713126775));
#7582 = VECTOR('',#7583,1.);
#7583 = DIRECTION('',(-0.412738647164,-0.910849498621));
#7584 = ( GEOMETRIC_REPRESENTATION_CONTEXT(2) 
PARAMETRIC_REPRESENTATION_CONTEXT() REPRESENTATION_CONTEXT('2D SPACE',''
  ) );
#7585 = PCURVE('',#7586,#7591);
#7586 = PLANE('',#7587);
#7587 = AXIS2_PLACEMENT_3D('',#7588,#7589,#7590);
#7588 = CARTESIAN_POINT('',(39.793631361413,20.10571358817,
    15.288815116651));
#7589 = DIRECTION('',(-0.910853819606,-0.412729061138,
    -2.034754345392E-04));
#7590 = DIRECTION('',(0.412729069682,-0.910853838461,-1.082351248413E-20
    ));
#7591 = DEFINITIONAL_REPRESENTATION('',(#7592),#7596);
#7592 = LINE('',#7593,#7594);
#7593 = CARTESIAN_POINT('',(-5.224403366944E-02,-15.29395974313));
#7594 = VECTOR('',#7595,1.);
#7595 = DIRECTION('',(0.999991915378,4.021091772033E-03));
#7596 = ( GEOMETRIC_REPRESENTATION_CONTEXT(2) 
PARAMETRIC_REPRESENTATION_CONTEXT() REPRESENTATION_CONTEXT('2D SPACE',''
  ) );
#7597 = ORIENTED_EDGE('',*,*,#7598,.T.);
#7598 = EDGE_CURVE('',#7571,#1680,#7599,.T.);
#7599 = SURFACE_CURVE('',#7600,(#7604,#7611),.PCURVE_S1.);
#7600 = LINE('',#7601,#7602);
#7601 = CARTESIAN_POINT('',(39.774903257144,20.154584656982,
    -5.144309878259E-03));
#7602 = VECTOR('',#7603,1.);
#7603 = DIRECTION('',(0.470952423514,0.882158607413,-7.844593847919E-05)
  );
#7604 = PCURVE('',#7554,#7605);
#7605 = DEFINITIONAL_REPRESENTATION('',(#7606),#7610);
#7606 = LINE('',#7607,#7608);
#7607 = CARTESIAN_POINT('',(18.357795920789,-34.38713126775));
#7608 = VECTOR('',#7609,1.);
#7609 = DIRECTION('',(-0.470947556551,0.882161209178));
#7610 = ( GEOMETRIC_REPRESENTATION_CONTEXT(2) 
PARAMETRIC_REPRESENTATION_CONTEXT() REPRESENTATION_CONTEXT('2D SPACE',''
  ) );
#7611 = PCURVE('',#7612,#7617);
#7612 = PLANE('',#7613);
#7613 = AXIS2_PLACEMENT_3D('',#7614,#7615,#7616);
#7614 = CARTESIAN_POINT('',(58.13288889486,54.541614506479,
    -8.202175896216E-03));
#7615 = DIRECTION('',(-3.676386855489E-03,1.873765119837E-03,
    -0.999991486556));
#7616 = DIRECTION('',(-0.999993242043,4.88781170739E-22,
    3.676393309395E-03));
#7617 = DEFINITIONAL_REPRESENTATION('',(#7618),#7622);
#7618 = LINE('',#7619,#7620);
#7619 = CARTESIAN_POINT('',(18.357872817162,-34.38709021601));
#7620 = VECTOR('',#7621,1.);
#7621 = DIRECTION('',(-0.470949529236,0.882160156044));
#7622 = ( GEOMETRIC_REPRESENTATION_CONTEXT(2) 
PARAMETRIC_REPRESENTATION_CONTEXT() REPRESENTATION_CONTEXT('2D SPACE',''
  ) );
#7623 = ADVANCED_FACE('',(#7624),#7612,.T.);
#7624 = FACE_BOUND('',#7625,.T.);
#7625 = EDGE_LOOP('',(#7626,#7627,#7655));
#7626 = ORIENTED_EDGE('',*,*,#7598,.F.);
#7627 = ORIENTED_EDGE('',*,*,#7628,.F.);
#7628 = EDGE_CURVE('',#7629,#7571,#7631,.T.);
#7629 = VERTEX_POINT('',#7630);
#7630 = CARTESIAN_POINT('',(37.697517610517,23.80017332339,
    9.324063466855E-03));
#7631 = SURFACE_CURVE('',#7632,(#7636,#7643),.PCURVE_S1.);
#7632 = LINE('',#7633,#7634);
#7633 = CARTESIAN_POINT('',(37.697517610517,23.80017332339,
    9.324063466855E-03));
#7634 = VECTOR('',#7635,1.);
#7635 = DIRECTION('',(0.495092186699,-0.868833607081,-3.448169871129E-03
    ));
#7636 = PCURVE('',#7612,#7637);
#7637 = DEFINITIONAL_REPRESENTATION('',(#7638),#7642);
#7638 = LINE('',#7639,#7640);
#7639 = CARTESIAN_POINT('',(20.435297616337,-30.74149514976));
#7640 = VECTOR('',#7641,1.);
#7641 = DIRECTION('',(-0.495101517716,-0.868835132321));
#7642 = ( GEOMETRIC_REPRESENTATION_CONTEXT(2) 
PARAMETRIC_REPRESENTATION_CONTEXT() REPRESENTATION_CONTEXT('2D SPACE',''
  ) );
#7643 = PCURVE('',#7644,#7649);
#7644 = PLANE('',#7645);
#7645 = AXIS2_PLACEMENT_3D('',#7646,#7647,#7648);
#7646 = CARTESIAN_POINT('',(37.740269559459,23.775022631073,
    15.303548142229));
#7647 = DIRECTION('',(-0.868834883714,-0.495099321632,1.614484903264E-03
    ));
#7648 = DIRECTION('',(0.495099966886,-0.868836016052,-1.323443116292E-20
    ));
#7649 = DEFINITIONAL_REPRESENTATION('',(#7650),#7654);
#7650 = LINE('',#7651,#7652);
#7651 = CARTESIAN_POINT('',(-4.301831581917E-02,-15.29424401146));
#7652 = VECTOR('',#7653,1.);
#7653 = DIRECTION('',(0.999994055029,-3.448174365071E-03));
#7654 = ( GEOMETRIC_REPRESENTATION_CONTEXT(2) 
PARAMETRIC_REPRESENTATION_CONTEXT() REPRESENTATION_CONTEXT('2D SPACE',''
  ) );
#7655 = ORIENTED_EDGE('',*,*,#7656,.T.);
#7656 = EDGE_CURVE('',#7629,#1680,#7657,.T.);
#7657 = SURFACE_CURVE('',#7658,(#7662,#7669),.PCURVE_S1.);
#7658 = LINE('',#7659,#7660);
#7659 = CARTESIAN_POINT('',(37.697517610517,23.80017332339,
    9.324063466855E-03));
#7660 = VECTOR('',#7661,1.);
#7661 = DIRECTION('',(0.553594568595,0.832786183963,-4.747861335279E-04)
  );
#7662 = PCURVE('',#7612,#7663);
#7663 = DEFINITIONAL_REPRESENTATION('',(#7664),#7668);
#7664 = LINE('',#7665,#7666);
#7665 = CARTESIAN_POINT('',(20.435297616337,-30.74149514976));
#7666 = VECTOR('',#7667,1.);
#7667 = DIRECTION('',(-0.553592572928,0.832787645921));
#7668 = ( GEOMETRIC_REPRESENTATION_CONTEXT(2) 
PARAMETRIC_REPRESENTATION_CONTEXT() REPRESENTATION_CONTEXT('2D SPACE',''
  ) );
#7669 = PCURVE('',#7670,#7675);
#7670 = PLANE('',#7671);
#7671 = AXIS2_PLACEMENT_3D('',#7672,#7673,#7674);
#7672 = CARTESIAN_POINT('',(58.13288889486,54.541614506479,
    -8.202175896216E-03));
#7673 = DIRECTION('',(6.882603346455E-03,-5.145306821803E-03,
    -0.999963077113));
#7674 = DIRECTION('',(-0.999976313978,-4.062377343239E-21,
    -6.882694453912E-03));
#7675 = DEFINITIONAL_REPRESENTATION('',(#7676),#7680);
#7676 = LINE('',#7677,#7678);
#7677 = CARTESIAN_POINT('',(20.434766623939,-30.74184811842));
#7678 = VECTOR('',#7679,1.);
#7679 = DIRECTION('',(-0.553578188334,0.832797207849));
#7680 = ( GEOMETRIC_REPRESENTATION_CONTEXT(2) 
PARAMETRIC_REPRESENTATION_CONTEXT() REPRESENTATION_CONTEXT('2D SPACE',''
  ) );
#7681 = ADVANCED_FACE('',(#7682),#7670,.T.);
#7682 = FACE_BOUND('',#7683,.T.);
#7683 = EDGE_LOOP('',(#7684,#7685,#7713));
#7684 = ORIENTED_EDGE('',*,*,#7656,.F.);
#7685 = ORIENTED_EDGE('',*,*,#7686,.F.);
#7686 = EDGE_CURVE('',#7687,#7629,#7689,.T.);
#7687 = VERTEX_POINT('',#7688);
#7688 = CARTESIAN_POINT('',(35.307712456276,27.253659315522,
    -2.489452596854E-02));
#7689 = SURFACE_CURVE('',#7690,(#7694,#7701),.PCURVE_S1.);
#7690 = LINE('',#7691,#7692);
#7691 = CARTESIAN_POINT('',(35.307712456276,27.253659315522,
    -2.489452596854E-02));
#7692 = VECTOR('',#7693,1.);
#7693 = DIRECTION('',(0.56901888698,-0.822284089544,8.147536061665E-03)
  );
#7694 = PCURVE('',#7670,#7695);
#7695 = DEFINITIONAL_REPRESENTATION('',(#7696),#7700);
#7696 = LINE('',#7697,#7698);
#7697 = CARTESIAN_POINT('',(22.824750689298,-27.28831641127));
#7698 = VECTOR('',#7699,1.);
#7699 = DIRECTION('',(-0.569061486187,-0.822294974409));
#7700 = ( GEOMETRIC_REPRESENTATION_CONTEXT(2) 
PARAMETRIC_REPRESENTATION_CONTEXT() REPRESENTATION_CONTEXT('2D SPACE',''
  ) );
#7701 = PCURVE('',#7702,#7707);
#7702 = PLANE('',#7703);
#7703 = AXIS2_PLACEMENT_3D('',#7704,#7705,#7706);
#7704 = CARTESIAN_POINT('',(35.345848742073,27.222745401278,
    15.295810907822));
#7705 = DIRECTION('',(-0.822315218206,-0.569031523033,8.987220941207E-04
    ));
#7706 = DIRECTION('',(0.569031752837,-0.822315550299,-1.133366931122E-19
    ));
#7707 = DEFINITIONAL_REPRESENTATION('',(#7708),#7712);
#7708 = LINE('',#7709,#7710);
#7709 = CARTESIAN_POINT('',(-4.712174995752E-02,-15.32071162107));
#7710 = VECTOR('',#7711,1.);
#7711 = DIRECTION('',(0.99996680825,8.147539352056E-03));
#7712 = ( GEOMETRIC_REPRESENTATION_CONTEXT(2) 
PARAMETRIC_REPRESENTATION_CONTEXT() REPRESENTATION_CONTEXT('2D SPACE',''
  ) );
#7713 = ORIENTED_EDGE('',*,*,#7714,.T.);
#7714 = EDGE_CURVE('',#7687,#1680,#7715,.T.);
#7715 = SURFACE_CURVE('',#7716,(#7720,#7727),.PCURVE_S1.);
#7716 = LINE('',#7717,#7718);
#7717 = CARTESIAN_POINT('',(35.307712456276,27.253659315522,
    -2.489452596854E-02));
#7718 = VECTOR('',#7719,1.);
#7719 = DIRECTION('',(0.641596858516,0.767041883463,4.692081744235E-04)
  );
#7720 = PCURVE('',#7670,#7721);
#7721 = DEFINITIONAL_REPRESENTATION('',(#7722),#7726);
#7722 = LINE('',#7723,#7724);
#7723 = CARTESIAN_POINT('',(22.824750689298,-27.28831641127));
#7724 = VECTOR('',#7725,1.);
#7725 = DIRECTION('',(-0.641584891055,0.767052037068));
#7726 = ( GEOMETRIC_REPRESENTATION_CONTEXT(2) 
PARAMETRIC_REPRESENTATION_CONTEXT() REPRESENTATION_CONTEXT('2D SPACE',''
  ) );
#7727 = PCURVE('',#7728,#7733);
#7728 = PLANE('',#7729);
#7729 = AXIS2_PLACEMENT_3D('',#7730,#7731,#7732);
#7730 = CARTESIAN_POINT('',(58.13288889486,54.541614506479,
    -8.202175896216E-03));
#7731 = DIRECTION('',(-1.3635362155E-03,1.752247953117E-03,
    -0.999997535195));
#7732 = DIRECTION('',(3.164081761817E-22,-0.99999846481,
    -1.752249582036E-03));
#7733 = DEFINITIONAL_REPRESENTATION('',(#7734),#7738);
#7734 = LINE('',#7735,#7736);
#7735 = CARTESIAN_POINT('',(27.287942547911,22.825197657251));
#7736 = VECTOR('',#7737,1.);
#7737 = DIRECTION('',(-0.767041528078,-0.641597454955));
#7738 = ( GEOMETRIC_REPRESENTATION_CONTEXT(2) 
PARAMETRIC_REPRESENTATION_CONTEXT() REPRESENTATION_CONTEXT('2D SPACE',''
  ) );
#7739 = ADVANCED_FACE('',(#7740),#7728,.T.);
#7740 = FACE_BOUND('',#7741,.T.);
#7741 = EDGE_LOOP('',(#7742,#7743,#7771));
#7742 = ORIENTED_EDGE('',*,*,#7714,.F.);
#7743 = ORIENTED_EDGE('',*,*,#7744,.F.);
#7744 = EDGE_CURVE('',#7745,#7687,#7747,.T.);
#7745 = VERTEX_POINT('',#7746);
#7746 = CARTESIAN_POINT('',(32.638213955594,30.440233954127,
    -1.567087646319E-02));
#7747 = SURFACE_CURVE('',#7748,(#7752,#7759),.PCURVE_S1.);
#7748 = LINE('',#7749,#7750);
#7749 = CARTESIAN_POINT('',(32.638213955594,30.440233954127,
    -1.567087646319E-02));
#7750 = VECTOR('',#7751,1.);
#7751 = DIRECTION('',(0.642171029505,-0.766558181525,-2.218828928777E-03
    ));
#7752 = PCURVE('',#7728,#7753);
#7753 = DEFINITIONAL_REPRESENTATION('',(#7754),#7758);
#7754 = LINE('',#7755,#7756);
#7755 = CARTESIAN_POINT('',(24.101356639169,25.494698639544));
#7756 = VECTOR('',#7757,1.);
#7757 = DIRECTION('',(0.766560892654,-0.642171626478));
#7758 = ( GEOMETRIC_REPRESENTATION_CONTEXT(2) 
PARAMETRIC_REPRESENTATION_CONTEXT() REPRESENTATION_CONTEXT('2D SPACE',''
  ) );
#7759 = PCURVE('',#7760,#7765);
#7760 = PLANE('',#7761);
#7761 = AXIS2_PLACEMENT_3D('',#7762,#7763,#7764);
#7762 = CARTESIAN_POINT('',(32.577534403896,30.412452775953,
    15.2944234279));
#7763 = DIRECTION('',(-0.766559285739,-0.64215978766,-4.203398620944E-03
    ));
#7764 = DIRECTION('',(0.642165460754,-0.766566057828,-2.189537389345E-19
    ));
#7765 = DEFINITIONAL_REPRESENTATION('',(#7766),#7770);
#7766 = LINE('',#7767,#7768);
#7767 = CARTESIAN_POINT('',(1.767020403973E-02,-15.31022955981));
#7768 = VECTOR('',#7769,1.);
#7769 = DIRECTION('',(0.999997538353,-2.218848530793E-03));
#7770 = ( GEOMETRIC_REPRESENTATION_CONTEXT(2) 
PARAMETRIC_REPRESENTATION_CONTEXT() REPRESENTATION_CONTEXT('2D SPACE',''
  ) );
#7771 = ORIENTED_EDGE('',*,*,#7772,.T.);
#7772 = EDGE_CURVE('',#7745,#1680,#7773,.T.);
#7773 = SURFACE_CURVE('',#7774,(#7778,#7785),.PCURVE_S1.);
#7774 = LINE('',#7775,#7776);
#7775 = CARTESIAN_POINT('',(32.638213955594,30.440233954127,
    -1.567087646319E-02));
#7776 = VECTOR('',#7777,1.);
#7777 = DIRECTION('',(0.726684711008,0.686971095074,2.128832992005E-04)
  );
#7778 = PCURVE('',#7728,#7779);
#7779 = DEFINITIONAL_REPRESENTATION('',(#7780),#7784);
#7780 = LINE('',#7781,#7782);
#7781 = CARTESIAN_POINT('',(24.101356639169,25.494698639544));
#7782 = VECTOR('',#7783,1.);
#7783 = DIRECTION('',(-0.686970413467,-0.726685386547));
#7784 = ( GEOMETRIC_REPRESENTATION_CONTEXT(2) 
PARAMETRIC_REPRESENTATION_CONTEXT() REPRESENTATION_CONTEXT('2D SPACE',''
  ) );
#7785 = PCURVE('',#7786,#7791);
#7786 = PLANE('',#7787);
#7787 = AXIS2_PLACEMENT_3D('',#7788,#7789,#7790);
#7788 = CARTESIAN_POINT('',(58.13288889486,54.541614506479,
    -8.202175896216E-03));
#7789 = DIRECTION('',(-2.387559132299E-04,5.624451072805E-04,
    -0.999999813326));
#7790 = DIRECTION('',(-1.784869829188E-23,-0.999999841828,
    -5.624451233115E-04));
#7791 = DEFINITIONAL_REPRESENTATION('',(#7792),#7796);
#7792 = LINE('',#7793,#7794);
#7793 = CARTESIAN_POINT('',(24.101380940916,25.49467566592));
#7794 = VECTOR('',#7795,1.);
#7795 = DIRECTION('',(-0.68697110615,-0.72668473172));
#7796 = ( GEOMETRIC_REPRESENTATION_CONTEXT(2) 
PARAMETRIC_REPRESENTATION_CONTEXT() REPRESENTATION_CONTEXT('2D SPACE',''
  ) );
#7797 = ADVANCED_FACE('',(#7798),#7786,.T.);
#7798 = FACE_BOUND('',#7799,.T.);
#7799 = EDGE_LOOP('',(#7800,#7801,#7829));
#7800 = ORIENTED_EDGE('',*,*,#7772,.F.);
#7801 = ORIENTED_EDGE('',*,*,#7802,.F.);
#7802 = EDGE_CURVE('',#7803,#7745,#7805,.T.);
#7803 = VERTEX_POINT('',#7804);
#7804 = CARTESIAN_POINT('',(29.617388473348,33.360859548941,
    -1.330694449918E-02));
#7805 = SURFACE_CURVE('',#7806,(#7810,#7817),.PCURVE_S1.);
#7806 = LINE('',#7807,#7808);
#7807 = CARTESIAN_POINT('',(29.617388473348,33.360859548941,
    -1.330694449918E-02));
#7808 = VECTOR('',#7809,1.);
#7809 = DIRECTION('',(0.718929474544,-0.695082796593,-5.625946863632E-04
    ));
#7810 = PCURVE('',#7786,#7811);
#7811 = DEFINITIONAL_REPRESENTATION('',(#7812),#7816);
#7812 = LINE('',#7813,#7814);
#7813 = CARTESIAN_POINT('',(21.180754478482,28.515501234266));
#7814 = VECTOR('',#7815,1.);
#7815 = DIRECTION('',(0.695083003079,-0.718929495035));
#7816 = ( GEOMETRIC_REPRESENTATION_CONTEXT(2) 
PARAMETRIC_REPRESENTATION_CONTEXT() REPRESENTATION_CONTEXT('2D SPACE',''
  ) );
#7817 = PCURVE('',#7818,#7823);
#7818 = PLANE('',#7819);
#7819 = AXIS2_PLACEMENT_3D('',#7820,#7821,#7822);
#7820 = CARTESIAN_POINT('',(29.60680794267,33.306953878694,
    15.318504062994));
#7821 = DIRECTION('',(-0.695080979701,-0.718925161174,
    -3.007372597865E-03));
#7822 = DIRECTION('',(-0.71892841228,0.695084122979,-2.703512209E-19));
#7823 = DEFINITIONAL_REPRESENTATION('',(#7824),#7828);
#7824 = LINE('',#7825,#7826);
#7825 = CARTESIAN_POINT('',(2.986233140538E-02,15.331880340635));
#7826 = VECTOR('',#7827,1.);
#7827 = DIRECTION('',(-0.999999841742,5.625972305152E-04));
#7828 = ( GEOMETRIC_REPRESENTATION_CONTEXT(2) 
PARAMETRIC_REPRESENTATION_CONTEXT() REPRESENTATION_CONTEXT('2D SPACE',''
  ) );
#7829 = ORIENTED_EDGE('',*,*,#7830,.T.);
#7830 = EDGE_CURVE('',#7803,#1680,#7831,.T.);
#7831 = SURFACE_CURVE('',#7832,(#7836,#7843),.PCURVE_S1.);
#7832 = LINE('',#7833,#7834);
#7833 = CARTESIAN_POINT('',(29.617388473348,33.360859548941,
    -1.330694449918E-02));
#7834 = VECTOR('',#7835,1.);
#7835 = DIRECTION('',(0.802773327732,0.596284297655,1.437103336123E-04)
  );
#7836 = PCURVE('',#7786,#7837);
#7837 = DEFINITIONAL_REPRESENTATION('',(#7838),#7842);
#7838 = LINE('',#7839,#7840);
#7839 = CARTESIAN_POINT('',(21.180754478482,28.515501234266));
#7840 = VECTOR('',#7841,1.);
#7841 = DIRECTION('',(-0.596284284169,-0.802773350612));
#7842 = ( GEOMETRIC_REPRESENTATION_CONTEXT(2) 
PARAMETRIC_REPRESENTATION_CONTEXT() REPRESENTATION_CONTEXT('2D SPACE',''
  ) );
#7843 = PCURVE('',#7844,#7849);
#7844 = PLANE('',#7845);
#7845 = AXIS2_PLACEMENT_3D('',#7846,#7847,#7848);
#7846 = CARTESIAN_POINT('',(58.13288889486,54.541614506479,
    -8.202175896216E-03));
#7847 = DIRECTION('',(-7.699003660094E-03,1.060610316965E-02,
    -0.999914114271));
#7848 = DIRECTION('',(-3.417288267671E-21,-0.999943750372,
    -1.060641752019E-02));
#7849 = DEFINITIONAL_REPRESENTATION('',(#7850),#7854);
#7850 = LINE('',#7851,#7852);
#7851 = CARTESIAN_POINT('',(21.179617691251,28.516345582343));
#7852 = VECTOR('',#7853,1.);
#7853 = DIRECTION('',(-0.596252281137,-0.802797120846));
#7854 = ( GEOMETRIC_REPRESENTATION_CONTEXT(2) 
PARAMETRIC_REPRESENTATION_CONTEXT() REPRESENTATION_CONTEXT('2D SPACE',''
  ) );
#7855 = ADVANCED_FACE('',(#7856),#7844,.T.);
#7856 = FACE_BOUND('',#7857,.T.);
#7857 = EDGE_LOOP('',(#7858,#7859,#7887));
#7858 = ORIENTED_EDGE('',*,*,#7830,.F.);
#7859 = ORIENTED_EDGE('',*,*,#7860,.F.);
#7860 = EDGE_CURVE('',#7861,#7803,#7863,.T.);
#7861 = VERTEX_POINT('',#7862);
#7862 = CARTESIAN_POINT('',(26.363164860577,35.935853800017,
    3.906248748134E-02));
#7863 = SURFACE_CURVE('',#7864,(#7868,#7875),.PCURVE_S1.);
#7864 = LINE('',#7865,#7866);
#7865 = CARTESIAN_POINT('',(26.363164860577,35.935853800017,
    3.906248748134E-02));
#7866 = VECTOR('',#7867,1.);
#7867 = DIRECTION('',(0.784131845469,-0.620465964983,-1.261884376473E-02
    ));
#7868 = PCURVE('',#7844,#7869);
#7869 = DEFINITIONAL_REPRESENTATION('',(#7870),#7874);
#7870 = LINE('',#7871,#7872);
#7871 = CARTESIAN_POINT('',(18.604212830584,31.770665645897));
#7872 = VECTOR('',#7873,1.);
#7873 = DIRECTION('',(0.620564904729,-0.784155086076));
#7874 = ( GEOMETRIC_REPRESENTATION_CONTEXT(2) 
PARAMETRIC_REPRESENTATION_CONTEXT() REPRESENTATION_CONTEXT('2D SPACE',''
  ) );
#7875 = PCURVE('',#7876,#7881);
#7876 = PLANE('',#7877);
#7877 = AXIS2_PLACEMENT_3D('',#7878,#7879,#7880);
#7878 = CARTESIAN_POINT('',(26.379268835344,35.955685182525,
    15.329087848824));
#7879 = DIRECTION('',(-0.620497971298,-0.784206271667,1.670656366383E-03
    ));
#7880 = DIRECTION('',(-0.784207366066,0.620498837234,-3.063682126519E-20
    ));
#7881 = DEFINITIONAL_REPRESENTATION('',(#7882),#7886);
#7882 = LINE('',#7883,#7884);
#7883 = CARTESIAN_POINT('',(3.235058486601E-04,15.290046699326));
#7884 = VECTOR('',#7885,1.);
#7885 = DIRECTION('',(-0.999920378999,1.261886137495E-02));
#7886 = ( GEOMETRIC_REPRESENTATION_CONTEXT(2) 
PARAMETRIC_REPRESENTATION_CONTEXT() REPRESENTATION_CONTEXT('2D SPACE',''
  ) );
#7887 = ORIENTED_EDGE('',*,*,#7888,.T.);
#7888 = EDGE_CURVE('',#7861,#1680,#7889,.T.);
#7889 = SURFACE_CURVE('',#7890,(#7894,#7901),.PCURVE_S1.);
#7890 = LINE('',#7891,#7892);
#7891 = CARTESIAN_POINT('',(26.363164860577,35.935853800017,
    3.906248748134E-02));
#7892 = VECTOR('',#7893,1.);
#7893 = DIRECTION('',(0.862908951269,0.505357787857,-1.2837725963E-03));
#7894 = PCURVE('',#7844,#7895);
#7895 = DEFINITIONAL_REPRESENTATION('',(#7896),#7900);
#7896 = LINE('',#7897,#7898);
#7897 = CARTESIAN_POINT('',(18.604212830584,31.770665645897));
#7898 = VECTOR('',#7899,1.);
#7899 = DIRECTION('',(-0.505315745441,-0.862934526722));
#7900 = ( GEOMETRIC_REPRESENTATION_CONTEXT(2) 
PARAMETRIC_REPRESENTATION_CONTEXT() REPRESENTATION_CONTEXT('2D SPACE',''
  ) );
#7901 = PCURVE('',#7902,#7907);
#7902 = PLANE('',#7903);
#7903 = AXIS2_PLACEMENT_3D('',#7904,#7905,#7906);
#7904 = CARTESIAN_POINT('',(58.13288889486,54.541614506479,
    -8.202175896216E-03));
#7905 = DIRECTION('',(7.303035914405E-03,-1.501005619263E-02,
    -0.999860672234));
#7906 = DIRECTION('',(-1.708407147769E-20,-0.999887336752,
    1.501045648432E-02));
#7907 = DEFINITIONAL_REPRESENTATION('',(#7908),#7912);
#7908 = LINE('',#7909,#7910);
#7909 = CARTESIAN_POINT('',(18.604373985194,31.770571276703));
#7910 = VECTOR('',#7911,1.);
#7911 = DIRECTION('',(-0.505320122619,-0.862931963527));
#7912 = ( GEOMETRIC_REPRESENTATION_CONTEXT(2) 
PARAMETRIC_REPRESENTATION_CONTEXT() REPRESENTATION_CONTEXT('2D SPACE',''
  ) );
#7913 = ADVANCED_FACE('',(#7914),#7902,.T.);
#7914 = FACE_BOUND('',#7915,.T.);
#7915 = EDGE_LOOP('',(#7916,#7917,#7945));
#7916 = ORIENTED_EDGE('',*,*,#7888,.F.);
#7917 = ORIENTED_EDGE('',*,*,#7918,.F.);
#7918 = EDGE_CURVE('',#7919,#7861,#7921,.T.);
#7919 = VERTEX_POINT('',#7920);
#7920 = CARTESIAN_POINT('',(22.898260373647,38.29905173239,
    -2.172203715797E-02));
#7921 = SURFACE_CURVE('',#7922,(#7926,#7933),.PCURVE_S1.);
#7922 = LINE('',#7923,#7924);
#7923 = CARTESIAN_POINT('',(22.898260373647,38.29905173239,
    -2.172203715797E-02));
#7924 = VECTOR('',#7925,1.);
#7925 = DIRECTION('',(0.826055902067,-0.563401850514,1.44914284137E-02)
  );
#7926 = PCURVE('',#7902,#7927);
#7927 = DEFINITIONAL_REPRESENTATION('',(#7928),#7932);
#7928 = LINE('',#7929,#7930);
#7929 = CARTESIAN_POINT('',(16.240529894914,35.235568166515));
#7930 = VECTOR('',#7931,1.);
#7931 = DIRECTION('',(0.563555898787,-0.826077931519));
#7932 = ( GEOMETRIC_REPRESENTATION_CONTEXT(2) 
PARAMETRIC_REPRESENTATION_CONTEXT() REPRESENTATION_CONTEXT('2D SPACE',''
  ) );
#7933 = PCURVE('',#7934,#7939);
#7934 = PLANE('',#7935);
#7935 = AXIS2_PLACEMENT_3D('',#7936,#7937,#7938);
#7936 = CARTESIAN_POINT('',(22.916922365537,38.289984199128,
    15.27746143236));
#7937 = DIRECTION('',(-0.563463373266,-0.826141021807,1.976764128531E-04
    ));
#7938 = DIRECTION('',(-0.826141037948,0.563463384275,5.616256482059E-21)
  );
#7939 = DEFINITIONAL_REPRESENTATION('',(#7940),#7944);
#7940 = LINE('',#7941,#7942);
#7941 = CARTESIAN_POINT('',(2.052666032947E-02,15.299183768433));
#7942 = VECTOR('',#7943,1.);
#7943 = DIRECTION('',(-0.999894993734,-1.449142869684E-02));
#7944 = ( GEOMETRIC_REPRESENTATION_CONTEXT(2) 
PARAMETRIC_REPRESENTATION_CONTEXT() REPRESENTATION_CONTEXT('2D SPACE',''
  ) );
#7945 = ORIENTED_EDGE('',*,*,#7946,.T.);
#7946 = EDGE_CURVE('',#7919,#1680,#7947,.T.);
#7947 = SURFACE_CURVE('',#7948,(#7952,#7959),.PCURVE_S1.);
#7948 = LINE('',#7949,#7950);
#7949 = CARTESIAN_POINT('',(22.898260373647,38.29905173239,
    -2.172203715797E-02));
#7950 = VECTOR('',#7951,1.);
#7951 = DIRECTION('',(0.908151188023,0.418642207933,3.48466227177E-04));
#7952 = PCURVE('',#7902,#7953);
#7953 = DEFINITIONAL_REPRESENTATION('',(#7954),#7958);
#7954 = LINE('',#7955,#7956);
#7955 = CARTESIAN_POINT('',(16.240529894914,35.235568166515));
#7956 = VECTOR('',#7957,1.);
#7957 = DIRECTION('',(-0.418589811705,-0.908175406811));
#7958 = ( GEOMETRIC_REPRESENTATION_CONTEXT(2) 
PARAMETRIC_REPRESENTATION_CONTEXT() REPRESENTATION_CONTEXT('2D SPACE',''
  ) );
#7959 = PCURVE('',#7960,#7965);
#7960 = PLANE('',#7961);
#7961 = AXIS2_PLACEMENT_3D('',#7962,#7963,#7964);
#7962 = CARTESIAN_POINT('',(58.13288889486,54.541614506479,
    -8.202175896216E-03));
#7963 = DIRECTION('',(-8.872918134955E-04,2.757151233628E-03,
    -0.999995805406));
#7964 = DIRECTION('',(7.316562462007E-23,-0.999996199048,
    -2.757152318963E-03));
#7965 = DEFINITIONAL_REPRESENTATION('',(#7966),#7970);
#7966 = LINE('',#7967,#7968);
#7967 = CARTESIAN_POINT('',(16.242538313209,35.2346423911));
#7968 = VECTOR('',#7969,1.);
#7969 = DIRECTION('',(-0.418641577469,-0.908151545511));
#7970 = ( GEOMETRIC_REPRESENTATION_CONTEXT(2) 
PARAMETRIC_REPRESENTATION_CONTEXT() REPRESENTATION_CONTEXT('2D SPACE',''
  ) );
#7971 = ADVANCED_FACE('',(#7972),#7960,.T.);
#7972 = FACE_BOUND('',#7973,.T.);
#7973 = EDGE_LOOP('',(#7974,#7975,#8003));
#7974 = ORIENTED_EDGE('',*,*,#7946,.F.);
#7975 = ORIENTED_EDGE('',*,*,#7976,.F.);
#7976 = EDGE_CURVE('',#7977,#7919,#7979,.T.);
#7977 = VERTEX_POINT('',#7978);
#7978 = CARTESIAN_POINT('',(19.198866268527,40.195639561263,
    -1.32103798786E-02));
#7979 = SURFACE_CURVE('',#7980,(#7984,#7991),.PCURVE_S1.);
#7980 = LINE('',#7981,#7982);
#7981 = CARTESIAN_POINT('',(19.198866268527,40.195639561263,
    -1.32103798786E-02));
#7982 = VECTOR('',#7983,1.);
#7983 = DIRECTION('',(0.889868075302,-0.456213345473,-2.047430434713E-03
    ));
#7984 = PCURVE('',#7960,#7985);
#7985 = DEFINITIONAL_REPRESENTATION('',(#7986),#7990);
#7986 = LINE('',#7987,#7988);
#7987 = CARTESIAN_POINT('',(14.345934225239,38.934037952463));
#7988 = VECTOR('',#7989,1.);
#7989 = DIRECTION('',(0.456217256506,-0.889868425593));
#7990 = ( GEOMETRIC_REPRESENTATION_CONTEXT(2) 
PARAMETRIC_REPRESENTATION_CONTEXT() REPRESENTATION_CONTEXT('2D SPACE',''
  ) );
#7991 = PCURVE('',#7992,#7997);
#7992 = PLANE('',#7993);
#7993 = AXIS2_PLACEMENT_3D('',#7994,#7995,#7996);
#7994 = CARTESIAN_POINT('',(19.213749233833,40.274092434566,
    15.276093196403));
#7995 = DIRECTION('',(-0.456199447467,-0.889863451531,5.010165753282E-03
    ));
#7996 = DIRECTION('',(-0.889874620311,0.456205173279,-4.433403312618E-19
    ));
#7997 = DEFINITIONAL_REPRESENTATION('',(#7998),#8002);
#7998 = LINE('',#7999,#8000);
#7999 = CARTESIAN_POINT('',(-2.254663355822E-02,15.289495474115));
#8000 = VECTOR('',#8001,1.);
#8001 = DIRECTION('',(-0.999997903959,2.047456132251E-03));
#8002 = ( GEOMETRIC_REPRESENTATION_CONTEXT(2) 
PARAMETRIC_REPRESENTATION_CONTEXT() REPRESENTATION_CONTEXT('2D SPACE',''
  ) );
#8003 = ORIENTED_EDGE('',*,*,#8004,.T.);
#8004 = EDGE_CURVE('',#7977,#1680,#8005,.T.);
#8005 = SURFACE_CURVE('',#8006,(#8010,#8017),.PCURVE_S1.);
#8006 = LINE('',#8007,#8008);
#8007 = CARTESIAN_POINT('',(19.198866268527,40.195639561263,
    -1.32103798786E-02));
#8008 = VECTOR('',#8009,1.);
#8009 = DIRECTION('',(0.938328557222,0.345744854095,1.207001100853E-04)
  );
#8010 = PCURVE('',#7960,#8011);
#8011 = DEFINITIONAL_REPRESENTATION('',(#8012),#8016);
#8012 = LINE('',#8013,#8014);
#8013 = CARTESIAN_POINT('',(14.345934225239,38.934037952463));
#8014 = VECTOR('',#8015,1.);
#8015 = DIRECTION('',(-0.345743872724,-0.938328926589));
#8016 = ( GEOMETRIC_REPRESENTATION_CONTEXT(2) 
PARAMETRIC_REPRESENTATION_CONTEXT() REPRESENTATION_CONTEXT('2D SPACE',''
  ) );
#8017 = PCURVE('',#8018,#8023);
#8018 = PLANE('',#8019);
#8019 = AXIS2_PLACEMENT_3D('',#8020,#8021,#8022);
#8020 = CARTESIAN_POINT('',(58.13288889486,54.541614506479,
    -8.202175896216E-03));
#8021 = DIRECTION('',(3.507636326981E-05,2.539067515858E-04,
    -0.999999967151));
#8022 = DIRECTION('',(2.212565414939E-24,-0.999999967766,
    -2.53906751742E-04));
#8023 = DEFINITIONAL_REPRESENTATION('',(#8024),#8028);
#8024 = LINE('',#8025,#8026);
#8025 = CARTESIAN_POINT('',(14.3459757544,38.934022650285));
#8026 = VECTOR('',#8027,1.);
#8027 = DIRECTION('',(-0.345744873597,-0.938328557799));
#8028 = ( GEOMETRIC_REPRESENTATION_CONTEXT(2) 
PARAMETRIC_REPRESENTATION_CONTEXT() REPRESENTATION_CONTEXT('2D SPACE',''
  ) );
#8029 = ADVANCED_FACE('',(#8030),#8018,.T.);
#8030 = FACE_BOUND('',#8031,.T.);
#8031 = EDGE_LOOP('',(#8032,#8033,#8061));
#8032 = ORIENTED_EDGE('',*,*,#8004,.F.);
#8033 = ORIENTED_EDGE('',*,*,#8034,.F.);
#8034 = EDGE_CURVE('',#8035,#7977,#8037,.T.);
#8035 = VERTEX_POINT('',#8036);
#8036 = CARTESIAN_POINT('',(15.356943733867,41.830522142323,
    -1.293003281449E-02));
#8037 = SURFACE_CURVE('',#8038,(#8042,#8049),.PCURVE_S1.);
#8038 = LINE('',#8039,#8040);
#8039 = CARTESIAN_POINT('',(15.356943733867,41.830522142323,
    -1.293003281449E-02));
#8040 = VECTOR('',#8041,1.);
#8041 = DIRECTION('',(0.920152741355,-0.391559609853,-6.714401897609E-05
    ));
#8042 = PCURVE('',#8018,#8043);
#8043 = DEFINITIONAL_REPRESENTATION('',(#8044),#8048);
#8044 = LINE('',#8045,#8046);
#8045 = CARTESIAN_POINT('',(12.711093154857,42.775945187308));
#8046 = VECTOR('',#8047,1.);
#8047 = DIRECTION('',(0.39155961428,-0.920152741921));
#8048 = ( GEOMETRIC_REPRESENTATION_CONTEXT(2) 
PARAMETRIC_REPRESENTATION_CONTEXT() REPRESENTATION_CONTEXT('2D SPACE',''
  ) );
#8049 = PCURVE('',#8050,#8055);
#8050 = PLANE('',#8051);
#8051 = AXIS2_PLACEMENT_3D('',#8052,#8053,#8054);
#8052 = CARTESIAN_POINT('',(15.393498410195,41.832816141809,
    15.296854546499));
#8053 = DIRECTION('',(-0.391559319138,-0.920152242144,1.072787984673E-03
    ));
#8054 = DIRECTION('',(-0.920152771634,0.391559544456,-3.265961794048E-20
    ));
#8055 = DEFINITIONAL_REPRESENTATION('',(#8056),#8060);
#8056 = LINE('',#8057,#8058);
#8057 = CARTESIAN_POINT('',(3.273764934594E-02,15.309793389138));
#8058 = VECTOR('',#8059,1.);
#8059 = DIRECTION('',(-0.999999997746,6.714405761328E-05));
#8060 = ( GEOMETRIC_REPRESENTATION_CONTEXT(2) 
PARAMETRIC_REPRESENTATION_CONTEXT() REPRESENTATION_CONTEXT('2D SPACE',''
  ) );
#8061 = ORIENTED_EDGE('',*,*,#8062,.T.);
#8062 = EDGE_CURVE('',#8035,#1680,#8063,.T.);
#8063 = SURFACE_CURVE('',#8064,(#8068,#8075),.PCURVE_S1.);
#8064 = LINE('',#8065,#8066);
#8065 = CARTESIAN_POINT('',(15.356943733867,41.830522142323,
    -1.293003281449E-02));
#8066 = VECTOR('',#8067,1.);
#8067 = DIRECTION('',(0.95857356259,0.284845069958,1.059473644009E-04));
#8068 = PCURVE('',#8018,#8069);
#8069 = DEFINITIONAL_REPRESENTATION('',(#8070),#8074);
#8070 = LINE('',#8071,#8072);
#8071 = CARTESIAN_POINT('',(12.711093154857,42.775945187308));
#8072 = VECTOR('',#8073,1.);
#8073 = DIRECTION('',(-0.284845087677,-0.958573563179));
#8074 = ( GEOMETRIC_REPRESENTATION_CONTEXT(2) 
PARAMETRIC_REPRESENTATION_CONTEXT() REPRESENTATION_CONTEXT('2D SPACE',''
  ) );
#8075 = PCURVE('',#8076,#8081);
#8076 = PLANE('',#8077);
#8077 = AXIS2_PLACEMENT_3D('',#8078,#8079,#8080);
#8078 = CARTESIAN_POINT('',(58.13288889486,54.541614506479,
    -8.202175896216E-03));
#8079 = DIRECTION('',(2.136663568133E-03,-6.81845941424E-03,
    -0.999974471314));
#8080 = DIRECTION('',(4.705539874939E-22,-0.999976753929,
    6.818474978556E-03));
#8081 = DEFINITIONAL_REPRESENTATION('',(#8082),#8086);
#8082 = LINE('',#8083,#8084);
#8083 = CARTESIAN_POINT('',(12.71076464443,42.776042804506));
#8084 = VECTOR('',#8085,1.);
#8085 = DIRECTION('',(-0.28483772603,-0.9585757507));
#8086 = ( GEOMETRIC_REPRESENTATION_CONTEXT(2) 
PARAMETRIC_REPRESENTATION_CONTEXT() REPRESENTATION_CONTEXT('2D SPACE',''
  ) );
#8087 = ADVANCED_FACE('',(#8088),#8076,.T.);
#8088 = FACE_BOUND('',#8089,.T.);
#8089 = EDGE_LOOP('',(#8090,#8091,#8119));
#8090 = ORIENTED_EDGE('',*,*,#8062,.F.);
#8091 = ORIENTED_EDGE('',*,*,#8092,.F.);
#8092 = EDGE_CURVE('',#8093,#8035,#8095,.T.);
#8093 = VERTEX_POINT('',#8094);
#8094 = CARTESIAN_POINT('',(11.350454173366,43.116581342941,
    -3.025993796794E-02));
#8095 = SURFACE_CURVE('',#8096,(#8100,#8107),.PCURVE_S1.);
#8096 = LINE('',#8097,#8098);
#8097 = CARTESIAN_POINT('',(11.350454173366,43.116581342941,
    -3.025993796794E-02));
#8098 = VECTOR('',#8099,1.);
#8099 = DIRECTION('',(0.9521409515,-0.305631554125,4.118446368832E-03));
#8100 = PCURVE('',#8076,#8101);
#8101 = DEFINITIONAL_REPRESENTATION('',(#8102),#8106);
#8102 = LINE('',#8103,#8104);
#8103 = CARTESIAN_POINT('',(11.42461717611,46.782541510515));
#8104 = VECTOR('',#8105,1.);
#8105 = DIRECTION('',(0.305652530916,-0.952143124927));
#8106 = ( GEOMETRIC_REPRESENTATION_CONTEXT(2) 
PARAMETRIC_REPRESENTATION_CONTEXT() REPRESENTATION_CONTEXT('2D SPACE',''
  ) );
#8107 = PCURVE('',#8108,#8113);
#8108 = PLANE('',#8109);
#8109 = AXIS2_PLACEMENT_3D('',#8110,#8111,#8112);
#8110 = CARTESIAN_POINT('',(11.393701876942,43.138734262261,
    15.245451804199));
#8111 = DIRECTION('',(-0.305642183127,-0.952143797352,2.246120366719E-03
    ));
#8112 = DIRECTION('',(-0.952146199171,0.305642954121,-1.028194715244E-19
    ));
#8113 = DEFINITIONAL_REPRESENTATION('',(#8114),#8118);
#8114 = LINE('',#8115,#8116);
#8115 = CARTESIAN_POINT('',(3.440725288013E-02,15.275750275729));
#8116 = VECTOR('',#8117,1.);
#8117 = DIRECTION('',(-0.999991519121,-4.118456757769E-03));
#8118 = ( GEOMETRIC_REPRESENTATION_CONTEXT(2) 
PARAMETRIC_REPRESENTATION_CONTEXT() REPRESENTATION_CONTEXT('2D SPACE',''
  ) );
#8119 = ORIENTED_EDGE('',*,*,#8120,.T.);
#8120 = EDGE_CURVE('',#8093,#1680,#8121,.T.);
#8121 = SURFACE_CURVE('',#8122,(#8126,#8133),.PCURVE_S1.);
#8122 = LINE('',#8123,#8124);
#8123 = CARTESIAN_POINT('',(11.350454173366,43.116581342941,
    -3.025993796794E-02));
#8124 = VECTOR('',#8125,1.);
#8125 = DIRECTION('',(0.971450003607,0.237243926572,4.58035439406E-04));
#8126 = PCURVE('',#8076,#8127);
#8127 = DEFINITIONAL_REPRESENTATION('',(#8128),#8132);
#8128 = LINE('',#8129,#8130);
#8129 = CARTESIAN_POINT('',(11.42461717611,46.782541510515));
#8130 = VECTOR('',#8131,1.);
#8131 = DIRECTION('',(-0.23723528848,-0.97145222111));
#8132 = ( GEOMETRIC_REPRESENTATION_CONTEXT(2) 
PARAMETRIC_REPRESENTATION_CONTEXT() REPRESENTATION_CONTEXT('2D SPACE',''
  ) );
#8133 = PCURVE('',#8134,#8139);
#8134 = PLANE('',#8135);
#8135 = AXIS2_PLACEMENT_3D('',#8136,#8137,#8138);
#8136 = CARTESIAN_POINT('',(58.13288889486,54.541614506479,
    -8.202175896216E-03));
#8137 = DIRECTION('',(-6.267001885454E-03,2.75915643315E-02,
    -0.999599634986));
#8138 = DIRECTION('',(-1.723488086117E-20,-0.999619265359,
    -2.759210618112E-02));
#8139 = DEFINITIONAL_REPRESENTATION('',(#8140),#8144);
#8140 = LINE('',#8141,#8142);
#8141 = CARTESIAN_POINT('',(11.421291877749,46.783353445932));
#8142 = VECTOR('',#8143,1.);
#8143 = DIRECTION('',(-0.237166237753,-0.97146908117));
#8144 = ( GEOMETRIC_REPRESENTATION_CONTEXT(2) 
PARAMETRIC_REPRESENTATION_CONTEXT() REPRESENTATION_CONTEXT('2D SPACE',''
  ) );
#8145 = ADVANCED_FACE('',(#8146),#8134,.T.);
#8146 = FACE_BOUND('',#8147,.T.);
#8147 = EDGE_LOOP('',(#8148,#8149,#8177));
#8148 = ORIENTED_EDGE('',*,*,#8120,.F.);
#8149 = ORIENTED_EDGE('',*,*,#8150,.F.);
#8150 = EDGE_CURVE('',#8151,#8093,#8153,.T.);
#8151 = VERTEX_POINT('',#8152);
#8152 = CARTESIAN_POINT('',(7.317360703663,44.022953799842,
    2.004384023662E-02));
#8153 = SURFACE_CURVE('',#8154,(#8158,#8165),.PCURVE_S1.);
#8154 = LINE('',#8155,#8156);
#8155 = CARTESIAN_POINT('',(7.317360703663,44.022953799842,
    2.004384023662E-02));
#8156 = VECTOR('',#8157,1.);
#8157 = DIRECTION('',(0.975593109334,-0.21924875535,-1.216833176778E-02)
  );
#8158 = PCURVE('',#8134,#8159);
#8159 = DEFINITIONAL_REPRESENTATION('',(#8160),#8164);
#8160 = LINE('',#8161,#8162);
#8161 = CARTESIAN_POINT('',(10.513876521051,50.816526118471));
#8162 = VECTOR('',#8163,1.);
#8163 = DIRECTION('',(0.219501029656,-0.97561226826));
#8164 = ( GEOMETRIC_REPRESENTATION_CONTEXT(2) 
PARAMETRIC_REPRESENTATION_CONTEXT() REPRESENTATION_CONTEXT('2D SPACE',''
  ) );
#8165 = PCURVE('',#8166,#8171);
#8166 = PLANE('',#8167);
#8167 = AXIS2_PLACEMENT_3D('',#8168,#8169,#8170);
#8168 = CARTESIAN_POINT('',(7.267073988688,43.990976895319,
    15.234654677365));
#8169 = DIRECTION('',(-0.219297096667,-0.975654180912,
    -2.775367154425E-03));
#8170 = DIRECTION('',(-0.975657938501,0.219297941258,-6.675889629693E-20
    ));
#8171 = DEFINITIONAL_REPRESENTATION('',(#8172),#8176);
#8172 = LINE('',#8173,#8174);
#8173 = CARTESIAN_POINT('',(-4.205016333644E-02,15.214669433976));
#8174 = VECTOR('',#8175,1.);
#8175 = DIRECTION('',(-0.99992596254,1.216837863233E-02));
#8176 = ( GEOMETRIC_REPRESENTATION_CONTEXT(2) 
PARAMETRIC_REPRESENTATION_CONTEXT() REPRESENTATION_CONTEXT('2D SPACE',''
  ) );
#8177 = ORIENTED_EDGE('',*,*,#8178,.T.);
#8178 = EDGE_CURVE('',#8151,#1680,#8179,.T.);
#8179 = SURFACE_CURVE('',#8180,(#8184,#8191),.PCURVE_S1.);
#8180 = LINE('',#8181,#8182);
#8181 = CARTESIAN_POINT('',(7.317360703663,44.022953799842,
    2.004384023662E-02));
#8182 = VECTOR('',#8183,1.);
#8183 = DIRECTION('',(0.979240758833,0.202699876571,-5.443149221601E-04)
  );
#8184 = PCURVE('',#8134,#8185);
#8185 = DEFINITIONAL_REPRESENTATION('',(#8186),#8190);
#8186 = LINE('',#8187,#8188);
#8187 = CARTESIAN_POINT('',(10.513876521051,50.816526118471));
#8188 = VECTOR('',#8189,1.);
#8189 = DIRECTION('',(-0.202607682912,-0.979259989393));
#8190 = ( GEOMETRIC_REPRESENTATION_CONTEXT(2) 
PARAMETRIC_REPRESENTATION_CONTEXT() REPRESENTATION_CONTEXT('2D SPACE',''
  ) );
#8191 = PCURVE('',#8192,#8197);
#8192 = PLANE('',#8193);
#8193 = AXIS2_PLACEMENT_3D('',#8194,#8195,#8196);
#8194 = CARTESIAN_POINT('',(58.13288889486,54.541614506479,
    -8.202175896216E-03));
#8195 = DIRECTION('',(6.469533872645E-03,-3.393796455205E-02,
    -0.999403001643));
#8196 = DIRECTION('',(1.663585113661E-20,-0.99942391724,
    3.393867480887E-02));
#8197 = DEFINITIONAL_REPRESENTATION('',(#8198),#8202);
#8198 = LINE('',#8199,#8200);
#8199 = CARTESIAN_POINT('',(10.513559719906,50.816591663207));
#8200 = VECTOR('',#8201,1.);
#8201 = DIRECTION('',(-0.202601577994,-0.979261252473));
#8202 = ( GEOMETRIC_REPRESENTATION_CONTEXT(2) 
PARAMETRIC_REPRESENTATION_CONTEXT() REPRESENTATION_CONTEXT('2D SPACE',''
  ) );
#8203 = ADVANCED_FACE('',(#8204),#1721,.T.);
#8204 = FACE_BOUND('',#8205,.T.);
#8205 = EDGE_LOOP('',(#8206,#8234,#8260));
#8206 = ORIENTED_EDGE('',*,*,#8207,.F.);
#8207 = EDGE_CURVE('',#8208,#1680,#8210,.T.);
#8208 = VERTEX_POINT('',#8209);
#8209 = CARTESIAN_POINT('',(-1.028424106633,44.606451316686,
    -3.27767968594E-02));
#8210 = SURFACE_CURVE('',#8211,(#8215,#8222),.PCURVE_S1.);
#8211 = LINE('',#8212,#8213);
#8212 = CARTESIAN_POINT('',(-1.028424106633,44.606451316686,
    -3.27767968594E-02));
#8213 = VECTOR('',#8214,1.);
#8214 = DIRECTION('',(0.986190505178,0.165614370407,4.096470587399E-04)
  );
#8215 = PCURVE('',#1721,#8216);
#8216 = DEFINITIONAL_REPRESENTATION('',(#8217),#8221);
#8217 = LINE('',#8218,#8219);
#8218 = CARTESIAN_POINT('',(9.93518835497,59.161313879356));
#8219 = VECTOR('',#8220,1.);
#8220 = DIRECTION('',(-0.165614789898,-0.986190519812));
#8221 = ( GEOMETRIC_REPRESENTATION_CONTEXT(2) 
PARAMETRIC_REPRESENTATION_CONTEXT() REPRESENTATION_CONTEXT('2D SPACE',''
  ) );
#8222 = PCURVE('',#8223,#8228);
#8223 = PLANE('',#8224);
#8224 = AXIS2_PLACEMENT_3D('',#8225,#8226,#8227);
#8225 = CARTESIAN_POINT('',(58.13288889486,54.541614506479,
    -8.202175896216E-03));
#8226 = DIRECTION('',(2.25926040523E-03,-1.097996409904E-02,
    -0.999937166091));
#8227 = DIRECTION('',(7.608572807312E-23,-0.99993971807,
    1.097999212143E-02));
#8228 = DEFINITIONAL_REPRESENTATION('',(#8229),#8233);
#8229 = LINE('',#8230,#8231);
#8230 = CARTESIAN_POINT('',(9.934294449831,59.161463989361));
#8231 = VECTOR('',#8232,1.);
#8232 = DIRECTION('',(-0.165599888931,-0.986193022073));
#8233 = ( GEOMETRIC_REPRESENTATION_CONTEXT(2) 
PARAMETRIC_REPRESENTATION_CONTEXT() REPRESENTATION_CONTEXT('2D SPACE',''
  ) );
#8234 = ORIENTED_EDGE('',*,*,#8235,.F.);
#8235 = EDGE_CURVE('',#22,#8208,#8236,.T.);
#8236 = SURFACE_CURVE('',#8237,(#8241,#8248),.PCURVE_S1.);
#8237 = LINE('',#8238,#8239);
#8238 = CARTESIAN_POINT('',(-58.13584008237,54.59747097655,
    1.202301384363E-02));
#8239 = VECTOR('',#8240,1.);
#8240 = DIRECTION('',(0.985038308719,-0.172333784325,-7.727460437814E-04
    ));
#8241 = PCURVE('',#1721,#8242);
#8242 = DEFINITIONAL_REPRESENTATION('',(#8243),#8247);
#8243 = LINE('',#8244,#8245);
#8244 = CARTESIAN_POINT('',(-5.592690223361E-02,116.26873070248));
#8245 = VECTOR('',#8246,1.);
#8246 = DIRECTION('',(0.172335433271,-0.985038323335));
#8247 = ( GEOMETRIC_REPRESENTATION_CONTEXT(2) 
PARAMETRIC_REPRESENTATION_CONTEXT() REPRESENTATION_CONTEXT('2D SPACE',''
  ) );
#8248 = PCURVE('',#8249,#8254);
#8249 = PLANE('',#8250);
#8250 = AXIS2_PLACEMENT_3D('',#8251,#8252,#8253);
#8251 = CARTESIAN_POINT('',(-1.028424106633,44.606451316686,
    -3.27767968594E-02));
#8252 = DIRECTION('',(-1.286699961901E-02,-6.907323077803E-02,
    -0.997528610673));
#8253 = DIRECTION('',(-6.440851044796E-20,-0.997611196186,
    6.907894935908E-02));
#8254 = DEFINITIONAL_REPRESENTATION('',(#8255),#8259);
#8255 = LINE('',#8256,#8257);
#8256 = CARTESIAN_POINT('',(-9.964058350139,57.112143905553));
#8257 = VECTOR('',#8258,1.);
#8258 = DIRECTION('',(0.171868732239,-0.985119860158));
#8259 = ( GEOMETRIC_REPRESENTATION_CONTEXT(2) 
PARAMETRIC_REPRESENTATION_CONTEXT() REPRESENTATION_CONTEXT('2D SPACE',''
  ) );
#8260 = ORIENTED_EDGE('',*,*,#1707,.T.);
#8261 = ADVANCED_FACE('',(#8262),#8249,.T.);
#8262 = FACE_BOUND('',#8263,.T.);
#8263 = EDGE_LOOP('',(#8264,#8292,#8313));
#8264 = ORIENTED_EDGE('',*,*,#8265,.F.);
#8265 = EDGE_CURVE('',#8266,#8208,#8268,.T.);
#8266 = VERTEX_POINT('',#8267);
#8267 = CARTESIAN_POINT('',(-5.220820810054,44.268758411212,
    4.468374507483E-02));
#8268 = SURFACE_CURVE('',#8269,(#8273,#8280),.PCURVE_S1.);
#8269 = LINE('',#8270,#8271);
#8270 = CARTESIAN_POINT('',(-5.220820810054,44.268758411212,
    4.468374507483E-02));
#8271 = VECTOR('',#8272,1.);
#8272 = DIRECTION('',(0.996602640597,8.027523755851E-02,
    -1.841366313706E-02));
#8273 = PCURVE('',#8249,#8274);
#8274 = DEFINITIONAL_REPRESENTATION('',(#8275),#8279);
#8275 = LINE('',#8276,#8277);
#8276 = CARTESIAN_POINT('',(0.342237116227,4.192743792446));
#8277 = VECTOR('',#8278,1.);
#8278 = DIRECTION('',(-8.135547226821E-02,-0.996685149449));
#8279 = ( GEOMETRIC_REPRESENTATION_CONTEXT(2) 
PARAMETRIC_REPRESENTATION_CONTEXT() REPRESENTATION_CONTEXT('2D SPACE',''
  ) );
#8280 = PCURVE('',#8281,#8286);
#8281 = PLANE('',#8282);
#8282 = AXIS2_PLACEMENT_3D('',#8283,#8284,#8285);
#8283 = CARTESIAN_POINT('',(-1.060082375125,44.615128299953,
    15.30519654736));
#8284 = DIRECTION('',(8.030222305179E-02,-0.996770294802,
    7.296393243038E-04));
#8285 = DIRECTION('',(-0.996770560129,-8.030224442719E-02,
    1.718199244008E-21));
#8286 = DEFINITIONAL_REPRESENTATION('',(#8287),#8291);
#8287 = LINE('',#8288,#8289);
#8288 = CARTESIAN_POINT('',(4.175115859802,15.260516864433));
#8289 = VECTOR('',#8290,1.);
#8290 = DIRECTION('',(-0.999830454042,1.841366803854E-02));
#8291 = ( GEOMETRIC_REPRESENTATION_CONTEXT(2) 
PARAMETRIC_REPRESENTATION_CONTEXT() REPRESENTATION_CONTEXT('2D SPACE',''
  ) );
#8292 = ORIENTED_EDGE('',*,*,#8293,.F.);
#8293 = EDGE_CURVE('',#22,#8266,#8294,.T.);
#8294 = SURFACE_CURVE('',#8295,(#8299,#8306),.PCURVE_S1.);
#8295 = LINE('',#8296,#8297);
#8296 = CARTESIAN_POINT('',(-58.13584008237,54.59747097655,
    1.202301384363E-02));
#8297 = VECTOR('',#8298,1.);
#8298 = DIRECTION('',(0.981477053919,-0.191578771374,6.057969685819E-04)
  );
#8299 = PCURVE('',#8249,#8300);
#8300 = DEFINITIONAL_REPRESENTATION('',(#8301),#8305);
#8301 = LINE('',#8302,#8303);
#8302 = CARTESIAN_POINT('',(-9.964058350139,57.112143905553));
#8303 = VECTOR('',#8304,1.);
#8304 = DIRECTION('',(0.191162975092,-0.981558310522));
#8305 = ( GEOMETRIC_REPRESENTATION_CONTEXT(2) 
PARAMETRIC_REPRESENTATION_CONTEXT() REPRESENTATION_CONTEXT('2D SPACE',''
  ) );
#8306 = PCURVE('',#7097,#8307);
#8307 = DEFINITIONAL_REPRESENTATION('',(#8308),#8312);
#8308 = LINE('',#8309,#8310);
#8309 = CARTESIAN_POINT('',(-10.31660549466,52.917391145431));
#8310 = VECTOR('',#8311,1.);
#8311 = DIRECTION('',(0.191354207304,-0.981521047837));
#8312 = ( GEOMETRIC_REPRESENTATION_CONTEXT(2) 
PARAMETRIC_REPRESENTATION_CONTEXT() REPRESENTATION_CONTEXT('2D SPACE',''
  ) );
#8313 = ORIENTED_EDGE('',*,*,#8235,.T.);
#8314 = ADVANCED_FACE('',(#8315),#7097,.T.);
#8315 = FACE_BOUND('',#8316,.T.);
#8316 = EDGE_LOOP('',(#8317,#8343,#8344));
#8317 = ORIENTED_EDGE('',*,*,#8318,.F.);
#8318 = EDGE_CURVE('',#7055,#8266,#8319,.T.);
#8319 = SURFACE_CURVE('',#8320,(#8324,#8331),.PCURVE_S1.);
#8320 = LINE('',#8321,#8322);
#8321 = CARTESIAN_POINT('',(-9.302379749188,43.582189242239,
    -2.516887257951E-02));
#8322 = VECTOR('',#8323,1.);
#8323 = DIRECTION('',(0.986005193479,0.165858383129,1.687469048282E-02)
  );
#8324 = PCURVE('',#7097,#8325);
#8325 = DEFINITIONAL_REPRESENTATION('',(#8326),#8330);
#8326 = LINE('',#8327,#8328);
#8327 = CARTESIAN_POINT('',(0.689030561686,4.081741891724));
#8328 = VECTOR('',#8329,1.);
#8329 = DIRECTION('',(-0.166452995637,-0.986049390367));
#8330 = ( GEOMETRIC_REPRESENTATION_CONTEXT(2) 
PARAMETRIC_REPRESENTATION_CONTEXT() REPRESENTATION_CONTEXT('2D SPACE',''
  ) );
#8331 = PCURVE('',#8332,#8337);
#8332 = PLANE('',#8333);
#8333 = AXIS2_PLACEMENT_3D('',#8334,#8335,#8336);
#8334 = CARTESIAN_POINT('',(-9.32470934168,43.603297739828,
    15.233036660905));
#8335 = DIRECTION('',(0.165855043078,-0.986148833751,1.606977684877E-03)
  );
#8336 = DIRECTION('',(-0.986150107058,-0.165855257228,1.632794860722E-21
    ));
#8337 = DEFINITIONAL_REPRESENTATION('',(#8338),#8342);
#8338 = LINE('',#8339,#8340);
#8339 = CARTESIAN_POINT('',(-1.851937472985E-02,15.258225234744));
#8340 = VECTOR('',#8341,1.);
#8341 = DIRECTION('',(-0.999857611906,-1.687471227127E-02));
#8342 = ( GEOMETRIC_REPRESENTATION_CONTEXT(2) 
PARAMETRIC_REPRESENTATION_CONTEXT() REPRESENTATION_CONTEXT('2D SPACE',''
  ) );
#8343 = ORIENTED_EDGE('',*,*,#7083,.F.);
#8344 = ORIENTED_EDGE('',*,*,#8293,.T.);
#8345 = ADVANCED_FACE('',(#8346),#8223,.T.);
#8346 = FACE_BOUND('',#8347,.T.);
#8347 = EDGE_LOOP('',(#8348,#8371,#8397));
#8348 = ORIENTED_EDGE('',*,*,#8349,.F.);
#8349 = EDGE_CURVE('',#8350,#1680,#8352,.T.);
#8350 = VERTEX_POINT('',#8351);
#8351 = CARTESIAN_POINT('',(3.119983938175,44.452469695725,
    -2.171305497082E-02));
#8352 = SURFACE_CURVE('',#8353,(#8357,#8364),.PCURVE_S1.);
#8353 = LINE('',#8354,#8355);
#8354 = CARTESIAN_POINT('',(3.119983938175,44.452469695725,
    -2.171305497082E-02));
#8355 = VECTOR('',#8356,1.);
#8356 = DIRECTION('',(0.983595599967,0.180387464561,2.415658874937E-04)
  );
#8357 = PCURVE('',#8223,#8358);
#8358 = DEFINITIONAL_REPRESENTATION('',(#8359),#8363);
#8359 = LINE('',#8360,#8361);
#8360 = CARTESIAN_POINT('',(10.088388268282,55.013045357241));
#8361 = VECTOR('',#8362,1.);
#8362 = DIRECTION('',(-0.180373938065,-0.98359811024));
#8363 = ( GEOMETRIC_REPRESENTATION_CONTEXT(2) 
PARAMETRIC_REPRESENTATION_CONTEXT() REPRESENTATION_CONTEXT('2D SPACE',''
  ) );
#8364 = PCURVE('',#8192,#8365);
#8365 = DEFINITIONAL_REPRESENTATION('',(#8366),#8370);
#8366 = LINE('',#8367,#8368);
#8367 = CARTESIAN_POINT('',(10.082874087038,55.014056271779));
#8368 = VECTOR('',#8369,1.);
#8369 = DIRECTION('',(-0.180275348027,-0.983616184746));
#8370 = ( GEOMETRIC_REPRESENTATION_CONTEXT(2) 
PARAMETRIC_REPRESENTATION_CONTEXT() REPRESENTATION_CONTEXT('2D SPACE',''
  ) );
#8371 = ORIENTED_EDGE('',*,*,#8372,.F.);
#8372 = EDGE_CURVE('',#8208,#8350,#8373,.T.);
#8373 = SURFACE_CURVE('',#8374,(#8378,#8385),.PCURVE_S1.);
#8374 = LINE('',#8375,#8376);
#8375 = CARTESIAN_POINT('',(-1.028424106633,44.606451316686,
    -3.27767968594E-02));
#8376 = VECTOR('',#8377,1.);
#8377 = DIRECTION('',(0.999308279964,-3.709256831209E-02,
    2.665140159121E-03));
#8378 = PCURVE('',#8223,#8379);
#8379 = DEFINITIONAL_REPRESENTATION('',(#8380),#8384);
#8380 = LINE('',#8381,#8382);
#8381 = CARTESIAN_POINT('',(9.934294449831,59.161463989361));
#8382 = VECTOR('',#8383,1.);
#8383 = DIRECTION('',(3.711959551841E-02,-0.999310830337));
#8384 = ( GEOMETRIC_REPRESENTATION_CONTEXT(2) 
PARAMETRIC_REPRESENTATION_CONTEXT() REPRESENTATION_CONTEXT('2D SPACE',''
  ) );
#8385 = PCURVE('',#8386,#8391);
#8386 = PLANE('',#8387);
#8387 = AXIS2_PLACEMENT_3D('',#8388,#8389,#8390);
#8388 = CARTESIAN_POINT('',(-1.060082375125,44.615128299953,
    15.30519654736));
#8389 = DIRECTION('',(-3.709399735382E-02,-0.999311661329,
    4.887659319825E-04));
#8390 = DIRECTION('',(-0.999311780693,3.709400178455E-02,
    -2.175549583326E-21));
#8391 = DEFINITIONAL_REPRESENTATION('',(#8392),#8396);
#8392 = LINE('',#8393,#8394);
#8393 = CARTESIAN_POINT('',(-3.195834469353E-02,15.33797517628));
#8394 = VECTOR('',#8395,1.);
#8395 = DIRECTION('',(-0.999996448507,-2.665140477462E-03));
#8396 = ( GEOMETRIC_REPRESENTATION_CONTEXT(2) 
PARAMETRIC_REPRESENTATION_CONTEXT() REPRESENTATION_CONTEXT('2D SPACE',''
  ) );
#8397 = ORIENTED_EDGE('',*,*,#8207,.T.);
#8398 = ADVANCED_FACE('',(#8399),#8192,.T.);
#8399 = FACE_BOUND('',#8400,.T.);
#8400 = EDGE_LOOP('',(#8401,#8402,#8428));
#8401 = ORIENTED_EDGE('',*,*,#8178,.F.);
#8402 = ORIENTED_EDGE('',*,*,#8403,.F.);
#8403 = EDGE_CURVE('',#8350,#8151,#8404,.T.);
#8404 = SURFACE_CURVE('',#8405,(#8409,#8416),.PCURVE_S1.);
#8405 = LINE('',#8406,#8407);
#8406 = CARTESIAN_POINT('',(3.119983938175,44.452469695725,
    -2.171305497082E-02));
#8407 = VECTOR('',#8408,1.);
#8408 = DIRECTION('',(0.994756375235,-0.101793024445,9.896166114787E-03)
  );
#8409 = PCURVE('',#8192,#8410);
#8410 = DEFINITIONAL_REPRESENTATION('',(#8411),#8415);
#8411 = LINE('',#8412,#8413);
#8412 = CARTESIAN_POINT('',(10.082874087038,55.014056271779));
#8413 = VECTOR('',#8414,1.);
#8414 = DIRECTION('',(0.102070246002,-0.994777193587));
#8415 = ( GEOMETRIC_REPRESENTATION_CONTEXT(2) 
PARAMETRIC_REPRESENTATION_CONTEXT() REPRESENTATION_CONTEXT('2D SPACE',''
  ) );
#8416 = PCURVE('',#8417,#8422);
#8417 = PLANE('',#8418);
#8418 = AXIS2_PLACEMENT_3D('',#8419,#8420,#8421);
#8419 = CARTESIAN_POINT('',(3.13123270284,44.476458954452,15.2570336394)
  );
#8420 = DIRECTION('',(-0.101813988634,-0.994802107086,1.636904336901E-03
    ));
#8421 = DIRECTION('',(-0.994803439853,0.101814125037,1.16991013424E-21)
  );
#8422 = DEFINITIONAL_REPRESENTATION('',(#8423),#8427);
#8423 = LINE('',#8424,#8425);
#8424 = CARTESIAN_POINT('',(8.74786439535E-03,15.278767163775));
#8425 = VECTOR('',#8426,1.);
#8426 = DIRECTION('',(-0.999951031618,-9.896179372983E-03));
#8427 = ( GEOMETRIC_REPRESENTATION_CONTEXT(2) 
PARAMETRIC_REPRESENTATION_CONTEXT() REPRESENTATION_CONTEXT('2D SPACE',''
  ) );
#8428 = ORIENTED_EDGE('',*,*,#8349,.T.);
#8429 = ADVANCED_FACE('',(#8430),#2007,.T.);
#8430 = FACE_BOUND('',#8431,.T.);
#8431 = EDGE_LOOP('',(#8432,#8433,#8434));
#8432 = ORIENTED_EDGE('',*,*,#1993,.T.);
#8433 = ORIENTED_EDGE('',*,*,#7286,.F.);
#8434 = ORIENTED_EDGE('',*,*,#8435,.F.);
#8435 = EDGE_CURVE('',#1912,#1680,#8436,.T.);
#8436 = SURFACE_CURVE('',#8437,(#8441,#8448),.PCURVE_S1.);
#8437 = LINE('',#8438,#8439);
#8438 = CARTESIAN_POINT('',(58.111026593637,-54.56201575267,
    15.30341751444));
#8439 = VECTOR('',#8440,1.);
#8440 = DIRECTION('',(1.984364472446E-04,0.99029541994,-0.138978206455)
  );
#8441 = PCURVE('',#2007,#8442);
#8442 = DEFINITIONAL_REPRESENTATION('',(#8443),#8447);
#8443 = LINE('',#8444,#8445);
#8444 = CARTESIAN_POINT('',(0.,0.));
#8445 = VECTOR('',#8446,1.);
#8446 = DIRECTION('',(-0.138978324879,-0.990295423201));
#8447 = ( GEOMETRIC_REPRESENTATION_CONTEXT(2) 
PARAMETRIC_REPRESENTATION_CONTEXT() REPRESENTATION_CONTEXT('2D SPACE',''
  ) );
#8448 = PCURVE('',#1695,#8449);
#8449 = DEFINITIONAL_REPRESENTATION('',(#8450),#8454);
#8450 = LINE('',#8451,#8452);
#8451 = CARTESIAN_POINT('',(0.,0.));
#8452 = VECTOR('',#8453,1.);
#8453 = DIRECTION('',(-0.138977553262,-0.99029553149));
#8454 = ( GEOMETRIC_REPRESENTATION_CONTEXT(2) 
PARAMETRIC_REPRESENTATION_CONTEXT() REPRESENTATION_CONTEXT('2D SPACE',''
  ) );
#8455 = ADVANCED_FACE('',(#8456),#1695,.T.);
#8456 = FACE_BOUND('',#8457,.T.);
#8457 = EDGE_LOOP('',(#8458,#8459,#8460));
#8458 = ORIENTED_EDGE('',*,*,#8435,.T.);
#8459 = ORIENTED_EDGE('',*,*,#1679,.T.);
#8460 = ORIENTED_EDGE('',*,*,#4885,.F.);
#8461 = ADVANCED_FACE('',(#8462),#7354,.T.);
#8462 = FACE_BOUND('',#8463,.T.);
#8463 = EDGE_LOOP('',(#8464,#8485,#8486));
#8464 = ORIENTED_EDGE('',*,*,#8465,.F.);
#8465 = EDGE_CURVE('',#7339,#4801,#8466,.T.);
#8466 = SURFACE_CURVE('',#8467,(#8471,#8478),.PCURVE_S1.);
#8467 = LINE('',#8468,#8469);
#8468 = CARTESIAN_POINT('',(44.371504004425,4.186939377043,
    1.066734047081E-02));
#8469 = VECTOR('',#8470,1.);
#8470 = DIRECTION('',(1.311947322631E-02,-0.266394118291,0.963774897558)
  );
#8471 = PCURVE('',#7354,#8472);
#8472 = DEFINITIONAL_REPRESENTATION('',(#8473),#8477);
#8473 = LINE('',#8474,#8475);
#8474 = CARTESIAN_POINT('',(-4.221038167113,-15.2526246899));
#8475 = VECTOR('',#8476,1.);
#8476 = DIRECTION('',(0.266716774861,0.963774954026));
#8477 = ( GEOMETRIC_REPRESENTATION_CONTEXT(2) 
PARAMETRIC_REPRESENTATION_CONTEXT() REPRESENTATION_CONTEXT('2D SPACE',''
  ) );
#8478 = PCURVE('',#4951,#8479);
#8479 = DEFINITIONAL_REPRESENTATION('',(#8480),#8484);
#8480 = LINE('',#8481,#8482);
#8481 = CARTESIAN_POINT('',(-3.474486314219E-02,-15.28855063993));
#8482 = VECTOR('',#8483,1.);
#8483 = DIRECTION('',(0.266688907234,0.963782665728));
#8484 = ( GEOMETRIC_REPRESENTATION_CONTEXT(2) 
PARAMETRIC_REPRESENTATION_CONTEXT() REPRESENTATION_CONTEXT('2D SPACE',''
  ) );
#8485 = ORIENTED_EDGE('',*,*,#7338,.T.);
#8486 = ORIENTED_EDGE('',*,*,#8487,.F.);
#8487 = EDGE_CURVE('',#4801,#7229,#8488,.T.);
#8488 = SURFACE_CURVE('',#8489,(#8493,#8500),.PCURVE_S1.);
#8489 = LINE('',#8490,#8491);
#8490 = CARTESIAN_POINT('',(44.579131729564,-2.899245322694E-02,
    15.263291136708));
#8491 = VECTOR('',#8492,1.);
#8492 = DIRECTION('',(2.654837181374E-04,1.530457858334E-03,
    -0.999998793608));
#8493 = PCURVE('',#7354,#8494);
#8494 = DEFINITIONAL_REPRESENTATION('',(#8495),#8499);
#8495 = LINE('',#8496,#8497);
#8496 = CARTESIAN_POINT('',(0.,0.));
#8497 = VECTOR('',#8498,1.);
#8498 = DIRECTION('',(-1.5151241558E-03,-0.999998852199));
#8499 = ( GEOMETRIC_REPRESENTATION_CONTEXT(2) 
PARAMETRIC_REPRESENTATION_CONTEXT() REPRESENTATION_CONTEXT('2D SPACE',''
  ) );
#8500 = PCURVE('',#7271,#8501);
#8501 = DEFINITIONAL_REPRESENTATION('',(#8502),#8506);
#8502 = LINE('',#8503,#8504);
#8503 = CARTESIAN_POINT('',(0.,0.));
#8504 = VECTOR('',#8505,1.);
#8505 = DIRECTION('',(-1.540857077181E-03,-0.999998812879));
#8506 = ( GEOMETRIC_REPRESENTATION_CONTEXT(2) 
PARAMETRIC_REPRESENTATION_CONTEXT() REPRESENTATION_CONTEXT('2D SPACE',''
  ) );
#8507 = ADVANCED_FACE('',(#8508),#4951,.T.);
#8508 = FACE_BOUND('',#8509,.T.);
#8509 = EDGE_LOOP('',(#8510,#8531,#8532));
#8510 = ORIENTED_EDGE('',*,*,#8511,.F.);
#8511 = EDGE_CURVE('',#7339,#4910,#8512,.T.);
#8512 = SURFACE_CURVE('',#8513,(#8517,#8524),.PCURVE_S1.);
#8513 = LINE('',#8514,#8515);
#8514 = CARTESIAN_POINT('',(44.371504004425,4.186939377043,
    1.066734047081E-02));
#8515 = VECTOR('',#8516,1.);
#8516 = DIRECTION('',(4.091401166311E-03,-2.131941410192E-03,
    0.999989357575));
#8517 = PCURVE('',#4951,#8518);
#8518 = DEFINITIONAL_REPRESENTATION('',(#8519),#8523);
#8519 = LINE('',#8520,#8521);
#8520 = CARTESIAN_POINT('',(-3.474486314219E-02,-15.28855063993));
#8521 = VECTOR('',#8522,1.);
#8522 = DIRECTION('',(2.272600865622E-03,0.999997417639));
#8523 = ( GEOMETRIC_REPRESENTATION_CONTEXT(2) 
PARAMETRIC_REPRESENTATION_CONTEXT() REPRESENTATION_CONTEXT('2D SPACE',''
  ) );
#8524 = PCURVE('',#7412,#8525);
#8525 = DEFINITIONAL_REPRESENTATION('',(#8526),#8530);
#8526 = LINE('',#8527,#8528);
#8527 = CARTESIAN_POINT('',(-4.10444466963E-02,-15.28853502559));
#8528 = VECTOR('',#8529,1.);
#8529 = DIRECTION('',(2.68464563263E-03,0.999996396332));
#8530 = ( GEOMETRIC_REPRESENTATION_CONTEXT(2) 
PARAMETRIC_REPRESENTATION_CONTEXT() REPRESENTATION_CONTEXT('2D SPACE',''
  ) );
#8531 = ORIENTED_EDGE('',*,*,#8465,.T.);
#8532 = ORIENTED_EDGE('',*,*,#4937,.F.);
#8533 = ADVANCED_FACE('',(#8534),#7412,.T.);
#8534 = FACE_BOUND('',#8535,.T.);
#8535 = EDGE_LOOP('',(#8536,#8557,#8558));
#8536 = ORIENTED_EDGE('',*,*,#8537,.F.);
#8537 = EDGE_CURVE('',#7397,#4910,#8538,.T.);
#8538 = SURFACE_CURVE('',#8539,(#8543,#8550),.PCURVE_S1.);
#8539 = LINE('',#8540,#8541);
#8540 = CARTESIAN_POINT('',(43.785448946423,8.32432308382,
    -6.135635118162E-04));
#8541 = VECTOR('',#8542,1.);
#8542 = DIRECTION('',(4.086727001545E-02,-0.262741027122,0.964000528479)
  );
#8543 = PCURVE('',#7412,#8544);
#8544 = DEFINITIONAL_REPRESENTATION('',(#8545),#8549);
#8545 = LINE('',#8546,#8547);
#8546 = CARTESIAN_POINT('',(-4.219728984481,-15.29981600897));
#8547 = VECTOR('',#8548,1.);
#8548 = DIRECTION('',(0.265875720427,0.964007313918));
#8549 = ( GEOMETRIC_REPRESENTATION_CONTEXT(2) 
PARAMETRIC_REPRESENTATION_CONTEXT() REPRESENTATION_CONTEXT('2D SPACE',''
  ) );
#8550 = PCURVE('',#5009,#8551);
#8551 = DEFINITIONAL_REPRESENTATION('',(#8552),#8556);
#8552 = LINE('',#8553,#8554);
#8553 = CARTESIAN_POINT('',(-1.153776401259E-03,-15.28451908518));
#8554 = VECTOR('',#8555,1.);
#8555 = DIRECTION('',(0.265900167118,0.964000571124));
#8556 = ( GEOMETRIC_REPRESENTATION_CONTEXT(2) 
PARAMETRIC_REPRESENTATION_CONTEXT() REPRESENTATION_CONTEXT('2D SPACE',''
  ) );
#8557 = ORIENTED_EDGE('',*,*,#7396,.T.);
#8558 = ORIENTED_EDGE('',*,*,#8511,.T.);
#8559 = ADVANCED_FACE('',(#8560),#5009,.T.);
#8560 = FACE_BOUND('',#8561,.T.);
#8561 = EDGE_LOOP('',(#8562,#8583,#8584));
#8562 = ORIENTED_EDGE('',*,*,#8563,.F.);
#8563 = EDGE_CURVE('',#7397,#4968,#8564,.T.);
#8564 = SURFACE_CURVE('',#8565,(#8569,#8576),.PCURVE_S1.);
#8565 = LINE('',#8566,#8567);
#8566 = CARTESIAN_POINT('',(43.785448946423,8.32432308382,
    -6.135635118162E-04));
#8567 = VECTOR('',#8568,1.);
#8568 = DIRECTION('',(3.054809845669E-04,-2.920371582084E-05,
    0.999999952914));
#8569 = PCURVE('',#5009,#8570);
#8570 = DEFINITIONAL_REPRESENTATION('',(#8571),#8575);
#8571 = LINE('',#8572,#8573);
#8572 = CARTESIAN_POINT('',(-1.153776401259E-03,-15.28451908518));
#8573 = VECTOR('',#8574,1.);
#8574 = DIRECTION('',(7.548660128211E-05,0.999999997151));
#8575 = ( GEOMETRIC_REPRESENTATION_CONTEXT(2) 
PARAMETRIC_REPRESENTATION_CONTEXT() REPRESENTATION_CONTEXT('2D SPACE',''
  ) );
#8576 = PCURVE('',#5067,#8577);
#8577 = DEFINITIONAL_REPRESENTATION('',(#8578),#8582);
#8578 = LINE('',#8579,#8580);
#8579 = CARTESIAN_POINT('',(4.194601247853,-15.24973561942));
#8580 = VECTOR('',#8581,1.);
#8581 = DIRECTION('',(1.000316298803E-04,0.999999994997));
#8582 = ( GEOMETRIC_REPRESENTATION_CONTEXT(2) 
PARAMETRIC_REPRESENTATION_CONTEXT() REPRESENTATION_CONTEXT('2D SPACE',''
  ) );
#8583 = ORIENTED_EDGE('',*,*,#8537,.T.);
#8584 = ORIENTED_EDGE('',*,*,#4995,.F.);
#8585 = ADVANCED_FACE('',(#8586),#5067,.T.);
#8586 = FACE_BOUND('',#8587,.T.);
#8587 = EDGE_LOOP('',(#8588,#8609,#8610));
#8588 = ORIENTED_EDGE('',*,*,#8589,.T.);
#8589 = EDGE_CURVE('',#5026,#7397,#8590,.T.);
#8590 = SURFACE_CURVE('',#8591,(#8595,#8602),.PCURVE_S1.);
#8591 = LINE('',#8592,#8593);
#8592 = CARTESIAN_POINT('',(42.806018214394,12.402976616866,
    15.249121414166));
#8593 = VECTOR('',#8594,1.);
#8594 = DIRECTION('',(6.192617284698E-02,-0.257879802431,-0.964190415123
    ));
#8595 = PCURVE('',#5067,#8596);
#8596 = DEFINITIONAL_REPRESENTATION('',(#8597),#8601);
#8597 = LINE('',#8598,#8599);
#8598 = CARTESIAN_POINT('',(0.,0.));
#8599 = VECTOR('',#8600,1.);
#8600 = DIRECTION('',(0.265210793785,-0.964190455698));
#8601 = ( GEOMETRIC_REPRESENTATION_CONTEXT(2) 
PARAMETRIC_REPRESENTATION_CONTEXT() REPRESENTATION_CONTEXT('2D SPACE',''
  ) );
#8602 = PCURVE('',#7470,#8603);
#8603 = DEFINITIONAL_REPRESENTATION('',(#8604),#8608);
#8604 = LINE('',#8605,#8606);
#8605 = CARTESIAN_POINT('',(0.,0.));
#8606 = VECTOR('',#8607,1.);
#8607 = DIRECTION('',(0.265210905913,-0.964190424857));
#8608 = ( GEOMETRIC_REPRESENTATION_CONTEXT(2) 
PARAMETRIC_REPRESENTATION_CONTEXT() REPRESENTATION_CONTEXT('2D SPACE',''
  ) );
#8609 = ORIENTED_EDGE('',*,*,#8563,.T.);
#8610 = ORIENTED_EDGE('',*,*,#5053,.F.);
#8611 = ADVANCED_FACE('',(#8612),#7470,.T.);
#8612 = FACE_BOUND('',#8613,.T.);
#8613 = EDGE_LOOP('',(#8614,#8635,#8636));
#8614 = ORIENTED_EDGE('',*,*,#8615,.T.);
#8615 = EDGE_CURVE('',#5026,#7455,#8616,.T.);
#8616 = SURFACE_CURVE('',#8617,(#8621,#8628),.PCURVE_S1.);
#8617 = LINE('',#8618,#8619);
#8618 = CARTESIAN_POINT('',(42.806018214394,12.402976616866,
    15.249121414166));
#8619 = VECTOR('',#8620,1.);
#8620 = DIRECTION('',(6.455530884903E-04,-3.289412662422E-03,
    -0.999994381497));
#8621 = PCURVE('',#7470,#8622);
#8622 = DEFINITIONAL_REPRESENTATION('',(#8623),#8627);
#8623 = LINE('',#8624,#8625);
#8624 = CARTESIAN_POINT('',(0.,0.));
#8625 = VECTOR('',#8626,1.);
#8626 = DIRECTION('',(3.349146782622E-03,-0.999994391592));
#8627 = ( GEOMETRIC_REPRESENTATION_CONTEXT(2) 
PARAMETRIC_REPRESENTATION_CONTEXT() REPRESENTATION_CONTEXT('2D SPACE',''
  ) );
#8628 = PCURVE('',#7528,#8629);
#8629 = DEFINITIONAL_REPRESENTATION('',(#8630),#8634);
#8630 = LINE('',#8631,#8632);
#8631 = CARTESIAN_POINT('',(0.,0.));
#8632 = VECTOR('',#8633,1.);
#8633 = DIRECTION('',(3.326287181582E-03,-0.999994467891));
#8634 = ( GEOMETRIC_REPRESENTATION_CONTEXT(2) 
PARAMETRIC_REPRESENTATION_CONTEXT() REPRESENTATION_CONTEXT('2D SPACE',''
  ) );
#8635 = ORIENTED_EDGE('',*,*,#7454,.T.);
#8636 = ORIENTED_EDGE('',*,*,#8589,.F.);
#8637 = ADVANCED_FACE('',(#8638),#7528,.T.);
#8638 = FACE_BOUND('',#8639,.T.);
#8639 = EDGE_LOOP('',(#8640,#8661,#8662));
#8640 = ORIENTED_EDGE('',*,*,#8641,.F.);
#8641 = EDGE_CURVE('',#7513,#5026,#8642,.T.);
#8642 = SURFACE_CURVE('',#8643,(#8647,#8654),.PCURVE_S1.);
#8643 = LINE('',#8644,#8645);
#8644 = CARTESIAN_POINT('',(41.501656493945,16.343796048913,
    1.167907929505E-02));
#8645 = VECTOR('',#8646,1.);
#8646 = DIRECTION('',(8.259241888173E-02,-0.249533395657,0.96483759089)
  );
#8647 = PCURVE('',#7528,#8648);
#8648 = DEFINITIONAL_REPRESENTATION('',(#8649),#8653);
#8649 = LINE('',#8650,#8651);
#8650 = CARTESIAN_POINT('',(-4.151069401426,-15.2374436513));
#8651 = VECTOR('',#8652,1.);
#8652 = DIRECTION('',(0.262846461556,0.964837674247));
#8653 = ( GEOMETRIC_REPRESENTATION_CONTEXT(2) 
PARAMETRIC_REPRESENTATION_CONTEXT() REPRESENTATION_CONTEXT('2D SPACE',''
  ) );
#8654 = PCURVE('',#5125,#8655);
#8655 = DEFINITIONAL_REPRESENTATION('',(#8656),#8660);
#8656 = LINE('',#8657,#8658);
#8657 = CARTESIAN_POINT('',(-1.661405860213E-02,-15.29836899309));
#8658 = VECTOR('',#8659,1.);
#8659 = DIRECTION('',(0.262830568857,0.964842003685));
#8660 = ( GEOMETRIC_REPRESENTATION_CONTEXT(2) 
PARAMETRIC_REPRESENTATION_CONTEXT() REPRESENTATION_CONTEXT('2D SPACE',''
  ) );
#8661 = ORIENTED_EDGE('',*,*,#7512,.T.);
#8662 = ORIENTED_EDGE('',*,*,#8615,.F.);
#8663 = ADVANCED_FACE('',(#8664),#5125,.T.);
#8664 = FACE_BOUND('',#8665,.T.);
#8665 = EDGE_LOOP('',(#8666,#8687,#8688));
#8666 = ORIENTED_EDGE('',*,*,#8667,.T.);
#8667 = EDGE_CURVE('',#5084,#7513,#8668,.T.);
#8668 = SURFACE_CURVE('',#8669,(#8673,#8680),.PCURVE_S1.);
#8669 = LINE('',#8670,#8671);
#8670 = CARTESIAN_POINT('',(41.46329063901,16.313056964814,
    15.309978103884));
#8671 = VECTOR('',#8672,1.);
#8672 = DIRECTION('',(2.507838079216E-03,2.009303474543E-03,
    -0.999994836711));
#8673 = PCURVE('',#5125,#8674);
#8674 = DEFINITIONAL_REPRESENTATION('',(#8675),#8679);
#8675 = LINE('',#8676,#8677);
#8676 = CARTESIAN_POINT('',(0.,0.));
#8677 = VECTOR('',#8678,1.);
#8678 = DIRECTION('',(-1.086001312448E-03,-0.9999994103));
#8679 = ( GEOMETRIC_REPRESENTATION_CONTEXT(2) 
PARAMETRIC_REPRESENTATION_CONTEXT() REPRESENTATION_CONTEXT('2D SPACE',''
  ) );
#8680 = PCURVE('',#5183,#8681);
#8681 = DEFINITIONAL_REPRESENTATION('',(#8682),#8686);
#8682 = LINE('',#8683,#8684);
#8683 = CARTESIAN_POINT('',(4.143911963548,2.116308924175E-02));
#8684 = VECTOR('',#8685,1.);
#8685 = DIRECTION('',(-8.284826100942E-04,-0.999999656808));
#8686 = ( GEOMETRIC_REPRESENTATION_CONTEXT(2) 
PARAMETRIC_REPRESENTATION_CONTEXT() REPRESENTATION_CONTEXT('2D SPACE',''
  ) );
#8687 = ORIENTED_EDGE('',*,*,#8641,.T.);
#8688 = ORIENTED_EDGE('',*,*,#5111,.F.);
#8689 = ADVANCED_FACE('',(#8690),#5183,.T.);
#8690 = FACE_BOUND('',#8691,.T.);
#8691 = EDGE_LOOP('',(#8692,#8713,#8714));
#8692 = ORIENTED_EDGE('',*,*,#8693,.T.);
#8693 = EDGE_CURVE('',#5142,#7513,#8694,.T.);
#8694 = SURFACE_CURVE('',#8695,(#8699,#8706),.PCURVE_S1.);
#8695 = LINE('',#8696,#8697);
#8696 = CARTESIAN_POINT('',(39.793631361413,20.10571358817,
    15.288815116651));
#8697 = VECTOR('',#8698,1.);
#8698 = DIRECTION('',(0.107925692548,-0.237705844019,-0.96532273184));
#8699 = PCURVE('',#5183,#8700);
#8700 = DEFINITIONAL_REPRESENTATION('',(#8701),#8705);
#8701 = LINE('',#8702,#8703);
#8702 = CARTESIAN_POINT('',(0.,0.));
#8703 = VECTOR('',#8704,1.);
#8704 = DIRECTION('',(0.261042219053,-0.965327384814));
#8705 = ( GEOMETRIC_REPRESENTATION_CONTEXT(2) 
PARAMETRIC_REPRESENTATION_CONTEXT() REPRESENTATION_CONTEXT('2D SPACE',''
  ) );
#8706 = PCURVE('',#7586,#8707);
#8707 = DEFINITIONAL_REPRESENTATION('',(#8708),#8712);
#8708 = LINE('',#8709,#8710);
#8709 = CARTESIAN_POINT('',(0.,0.));
#8710 = VECTOR('',#8711,1.);
#8711 = DIRECTION('',(0.26105935113,-0.965322751823));
#8712 = ( GEOMETRIC_REPRESENTATION_CONTEXT(2) 
PARAMETRIC_REPRESENTATION_CONTEXT() REPRESENTATION_CONTEXT('2D SPACE',''
  ) );
#8713 = ORIENTED_EDGE('',*,*,#8667,.F.);
#8714 = ORIENTED_EDGE('',*,*,#5169,.F.);
#8715 = ADVANCED_FACE('',(#8716),#7586,.T.);
#8716 = FACE_BOUND('',#8717,.T.);
#8717 = EDGE_LOOP('',(#8718,#8739,#8740));
#8718 = ORIENTED_EDGE('',*,*,#8719,.F.);
#8719 = EDGE_CURVE('',#7571,#5142,#8720,.T.);
#8720 = SURFACE_CURVE('',#8721,(#8725,#8732),.PCURVE_S1.);
#8721 = LINE('',#8722,#8723);
#8722 = CARTESIAN_POINT('',(39.774903257144,20.154584656982,
    -5.144309878259E-03));
#8723 = VECTOR('',#8724,1.);
#8724 = DIRECTION('',(1.224535392773E-03,-3.195430385429E-03,
    0.999994144852));
#8725 = PCURVE('',#7586,#8726);
#8726 = DEFINITIONAL_REPRESENTATION('',(#8727),#8731);
#8727 = LINE('',#8728,#8729);
#8728 = CARTESIAN_POINT('',(-5.224403366944E-02,-15.29395974313));
#8729 = VECTOR('',#8730,1.);
#8730 = DIRECTION('',(3.415971385556E-03,0.999994165553));
#8731 = ( GEOMETRIC_REPRESENTATION_CONTEXT(2) 
PARAMETRIC_REPRESENTATION_CONTEXT() REPRESENTATION_CONTEXT('2D SPACE',''
  ) );
#8732 = PCURVE('',#5241,#8733);
#8733 = DEFINITIONAL_REPRESENTATION('',(#8734),#8738);
#8734 = LINE('',#8735,#8736);
#8735 = CARTESIAN_POINT('',(4.152980701968,-15.3086943039));
#8736 = VECTOR('',#8737,1.);
#8737 = DIRECTION('',(3.386493475297E-03,0.999994265815));
#8738 = ( GEOMETRIC_REPRESENTATION_CONTEXT(2) 
PARAMETRIC_REPRESENTATION_CONTEXT() REPRESENTATION_CONTEXT('2D SPACE',''
  ) );
#8739 = ORIENTED_EDGE('',*,*,#7570,.T.);
#8740 = ORIENTED_EDGE('',*,*,#8693,.F.);
#8741 = ADVANCED_FACE('',(#8742),#5241,.T.);
#8742 = FACE_BOUND('',#8743,.T.);
#8743 = EDGE_LOOP('',(#8744,#8765,#8766));
#8744 = ORIENTED_EDGE('',*,*,#8745,.T.);
#8745 = EDGE_CURVE('',#5200,#7571,#8746,.T.);
#8746 = SURFACE_CURVE('',#8747,(#8751,#8758),.PCURVE_S1.);
#8747 = LINE('',#8748,#8749);
#8748 = CARTESIAN_POINT('',(37.740269559459,23.775022631073,
    15.303548142229));
#8749 = VECTOR('',#8750,1.);
#8750 = DIRECTION('',(0.128270859889,-0.22824584722,-0.96511679072));
#8751 = PCURVE('',#5241,#8752);
#8752 = DEFINITIONAL_REPRESENTATION('',(#8753),#8757);
#8753 = LINE('',#8754,#8755);
#8754 = CARTESIAN_POINT('',(0.,0.));
#8755 = VECTOR('',#8756,1.);
#8756 = DIRECTION('',(0.261819317329,-0.965116907464));
#8757 = ( GEOMETRIC_REPRESENTATION_CONTEXT(2) 
PARAMETRIC_REPRESENTATION_CONTEXT() REPRESENTATION_CONTEXT('2D SPACE',''
  ) );
#8758 = PCURVE('',#7644,#8759);
#8759 = DEFINITIONAL_REPRESENTATION('',(#8760),#8764);
#8760 = LINE('',#8761,#8762);
#8761 = CARTESIAN_POINT('',(0.,0.));
#8762 = VECTOR('',#8763,1.);
#8763 = DIRECTION('',(0.261815111062,-0.965118048541));
#8764 = ( GEOMETRIC_REPRESENTATION_CONTEXT(2) 
PARAMETRIC_REPRESENTATION_CONTEXT() REPRESENTATION_CONTEXT('2D SPACE',''
  ) );
#8765 = ORIENTED_EDGE('',*,*,#8719,.T.);
#8766 = ORIENTED_EDGE('',*,*,#5227,.F.);
#8767 = ADVANCED_FACE('',(#8768),#7644,.T.);
#8768 = FACE_BOUND('',#8769,.T.);
#8769 = EDGE_LOOP('',(#8770,#8791,#8792));
#8770 = ORIENTED_EDGE('',*,*,#8771,.F.);
#8771 = EDGE_CURVE('',#7629,#5200,#8772,.T.);
#8772 = SURFACE_CURVE('',#8773,(#8777,#8784),.PCURVE_S1.);
#8773 = LINE('',#8774,#8775);
#8774 = CARTESIAN_POINT('',(37.697517610517,23.80017332339,
    9.324063466855E-03));
#8775 = VECTOR('',#8776,1.);
#8776 = DIRECTION('',(2.795285585712E-03,-1.644448251971E-03,
    0.99999474107));
#8777 = PCURVE('',#7644,#8778);
#8778 = DEFINITIONAL_REPRESENTATION('',(#8779),#8783);
#8779 = LINE('',#8780,#8781);
#8780 = CARTESIAN_POINT('',(-4.301831581917E-02,-15.29424401146));
#8781 = VECTOR('',#8782,1.);
#8782 = DIRECTION('',(2.81270166877E-03,0.999996044347));
#8783 = ( GEOMETRIC_REPRESENTATION_CONTEXT(2) 
PARAMETRIC_REPRESENTATION_CONTEXT() REPRESENTATION_CONTEXT('2D SPACE',''
  ) );
#8784 = PCURVE('',#5299,#8785);
#8785 = DEFINITIONAL_REPRESENTATION('',(#8786),#8790);
#8786 = LINE('',#8787,#8788);
#8787 = CARTESIAN_POINT('',(4.152579345904,-15.28650093755));
#8788 = VECTOR('',#8789,1.);
#8789 = DIRECTION('',(2.945161067199E-03,0.999995663004));
#8790 = ( GEOMETRIC_REPRESENTATION_CONTEXT(2) 
PARAMETRIC_REPRESENTATION_CONTEXT() REPRESENTATION_CONTEXT('2D SPACE',''
  ) );
#8791 = ORIENTED_EDGE('',*,*,#7628,.T.);
#8792 = ORIENTED_EDGE('',*,*,#8745,.F.);
#8793 = ADVANCED_FACE('',(#8794),#5299,.T.);
#8794 = FACE_BOUND('',#8795,.T.);
#8795 = EDGE_LOOP('',(#8796,#8817,#8818));
#8796 = ORIENTED_EDGE('',*,*,#8797,.T.);
#8797 = EDGE_CURVE('',#5258,#7629,#8798,.T.);
#8798 = SURFACE_CURVE('',#8799,(#8803,#8810),.PCURVE_S1.);
#8799 = LINE('',#8800,#8801);
#8800 = CARTESIAN_POINT('',(35.345848742073,27.222745401278,
    15.295810907822));
#8801 = VECTOR('',#8802,1.);
#8802 = DIRECTION('',(0.148459380007,-0.216064827634,-0.965026322308));
#8803 = PCURVE('',#5299,#8804);
#8804 = DEFINITIONAL_REPRESENTATION('',(#8805),#8809);
#8805 = LINE('',#8806,#8807);
#8806 = CARTESIAN_POINT('',(0.,0.));
#8807 = VECTOR('',#8808,1.);
#8808 = DIRECTION('',(0.262149728389,-0.965027212003));
#8809 = ( GEOMETRIC_REPRESENTATION_CONTEXT(2) 
PARAMETRIC_REPRESENTATION_CONTEXT() REPRESENTATION_CONTEXT('2D SPACE',''
  ) );
#8810 = PCURVE('',#7702,#8811);
#8811 = DEFINITIONAL_REPRESENTATION('',(#8812),#8816);
#8812 = LINE('',#8813,#8814);
#8813 = CARTESIAN_POINT('',(0.,0.));
#8814 = VECTOR('',#8815,1.);
#8815 = DIRECTION('',(0.262151568867,-0.965026712035));
#8816 = ( GEOMETRIC_REPRESENTATION_CONTEXT(2) 
PARAMETRIC_REPRESENTATION_CONTEXT() REPRESENTATION_CONTEXT('2D SPACE',''
  ) );
#8817 = ORIENTED_EDGE('',*,*,#8771,.T.);
#8818 = ORIENTED_EDGE('',*,*,#5285,.F.);
#8819 = ADVANCED_FACE('',(#8820),#7702,.T.);
#8820 = FACE_BOUND('',#8821,.T.);
#8821 = EDGE_LOOP('',(#8822,#8843,#8844));
#8822 = ORIENTED_EDGE('',*,*,#8823,.F.);
#8823 = EDGE_CURVE('',#7687,#5258,#8824,.T.);
#8824 = SURFACE_CURVE('',#8825,(#8829,#8836),.PCURVE_S1.);
#8825 = LINE('',#8826,#8827);
#8826 = CARTESIAN_POINT('',(35.307712456276,27.253659315522,
    -2.489452596854E-02));
#8827 = VECTOR('',#8828,1.);
#8828 = DIRECTION('',(2.489186296242E-03,-2.01777624888E-03,
    0.999994866252));
#8829 = PCURVE('',#7702,#8830);
#8830 = DEFINITIONAL_REPRESENTATION('',(#8831),#8835);
#8831 = LINE('',#8832,#8833);
#8832 = CARTESIAN_POINT('',(-4.712174995752E-02,-15.32071162107));
#8833 = VECTOR('',#8834,1.);
#8834 = DIRECTION('',(3.075674827767E-03,0.999995270101));
#8835 = ( GEOMETRIC_REPRESENTATION_CONTEXT(2) 
PARAMETRIC_REPRESENTATION_CONTEXT() REPRESENTATION_CONTEXT('2D SPACE',''
  ) );
#8836 = PCURVE('',#5357,#8837);
#8837 = DEFINITIONAL_REPRESENTATION('',(#8838),#8842);
#8838 = LINE('',#8839,#8840);
#8839 = CARTESIAN_POINT('',(4.175137772876,-15.31932033324));
#8840 = VECTOR('',#8841,1.);
#8841 = DIRECTION('',(3.155445319347E-03,0.99999502157));
#8842 = ( GEOMETRIC_REPRESENTATION_CONTEXT(2) 
PARAMETRIC_REPRESENTATION_CONTEXT() REPRESENTATION_CONTEXT('2D SPACE',''
  ) );
#8843 = ORIENTED_EDGE('',*,*,#7686,.T.);
#8844 = ORIENTED_EDGE('',*,*,#8797,.F.);
#8845 = ADVANCED_FACE('',(#8846),#5357,.T.);
#8846 = FACE_BOUND('',#8847,.T.);
#8847 = EDGE_LOOP('',(#8848,#8869,#8870));
#8848 = ORIENTED_EDGE('',*,*,#8849,.T.);
#8849 = EDGE_CURVE('',#5316,#7687,#8850,.T.);
#8850 = SURFACE_CURVE('',#8851,(#8855,#8862),.PCURVE_S1.);
#8851 = LINE('',#8852,#8853);
#8852 = CARTESIAN_POINT('',(32.577534403896,30.412452775953,
    15.2944234279));
#8853 = VECTOR('',#8854,1.);
#8854 = DIRECTION('',(0.171946384629,-0.198940547059,-0.964809359174));
#8855 = PCURVE('',#5357,#8856);
#8856 = DEFINITIONAL_REPRESENTATION('',(#8857),#8861);
#8857 = LINE('',#8858,#8859);
#8858 = CARTESIAN_POINT('',(0.,0.));
#8859 = VECTOR('',#8860,1.);
#8860 = DIRECTION('',(0.262949826568,-0.964809509026));
#8861 = ( GEOMETRIC_REPRESENTATION_CONTEXT(2) 
PARAMETRIC_REPRESENTATION_CONTEXT() REPRESENTATION_CONTEXT('2D SPACE',''
  ) );
#8862 = PCURVE('',#7760,#8863);
#8863 = DEFINITIONAL_REPRESENTATION('',(#8864),#8868);
#8864 = LINE('',#8865,#8866);
#8865 = CARTESIAN_POINT('',(0.,0.));
#8866 = VECTOR('',#8867,1.);
#8867 = DIRECTION('',(0.262919100212,-0.964817882682));
#8868 = ( GEOMETRIC_REPRESENTATION_CONTEXT(2) 
PARAMETRIC_REPRESENTATION_CONTEXT() REPRESENTATION_CONTEXT('2D SPACE',''
  ) );
#8869 = ORIENTED_EDGE('',*,*,#8823,.T.);
#8870 = ORIENTED_EDGE('',*,*,#5343,.F.);
#8871 = ADVANCED_FACE('',(#8872),#7760,.T.);
#8872 = FACE_BOUND('',#8873,.T.);
#8873 = EDGE_LOOP('',(#8874,#8895,#8896));
#8874 = ORIENTED_EDGE('',*,*,#8875,.T.);
#8875 = EDGE_CURVE('',#5316,#7745,#8876,.T.);
#8876 = SURFACE_CURVE('',#8877,(#8881,#8888),.PCURVE_S1.);
#8877 = LINE('',#8878,#8879);
#8878 = CARTESIAN_POINT('',(32.577534403896,30.412452775953,
    15.2944234279));
#8879 = VECTOR('',#8880,1.);
#8880 = DIRECTION('',(3.96333125161E-03,1.814548865024E-03,
    -0.999990499664));
#8881 = PCURVE('',#7760,#8882);
#8882 = DEFINITIONAL_REPRESENTATION('',(#8883),#8887);
#8883 = LINE('',#8884,#8885);
#8884 = CARTESIAN_POINT('',(0.,0.));
#8885 = VECTOR('',#8886,1.);
#8886 = DIRECTION('',(1.154142869114E-03,-0.999999333977));
#8887 = ( GEOMETRIC_REPRESENTATION_CONTEXT(2) 
PARAMETRIC_REPRESENTATION_CONTEXT() REPRESENTATION_CONTEXT('2D SPACE',''
  ) );
#8888 = PCURVE('',#5415,#8889);
#8889 = DEFINITIONAL_REPRESENTATION('',(#8890),#8894);
#8890 = LINE('',#8891,#8892);
#8891 = CARTESIAN_POINT('',(-4.147692410439,2.408083410524E-02));
#8892 = VECTOR('',#8893,1.);
#8893 = DIRECTION('',(-1.572286627637E-03,0.999998763957));
#8894 = ( GEOMETRIC_REPRESENTATION_CONTEXT(2) 
PARAMETRIC_REPRESENTATION_CONTEXT() REPRESENTATION_CONTEXT('2D SPACE',''
  ) );
#8895 = ORIENTED_EDGE('',*,*,#7744,.T.);
#8896 = ORIENTED_EDGE('',*,*,#8849,.F.);
#8897 = ADVANCED_FACE('',(#8898),#7818,.T.);
#8898 = FACE_BOUND('',#8899,.T.);
#8899 = EDGE_LOOP('',(#8900,#8921,#8922));
#8900 = ORIENTED_EDGE('',*,*,#8901,.T.);
#8901 = EDGE_CURVE('',#5374,#7803,#8902,.T.);
#8902 = SURFACE_CURVE('',#8903,(#8907,#8914),.PCURVE_S1.);
#8903 = LINE('',#8904,#8905);
#8904 = CARTESIAN_POINT('',(29.60680794267,33.306953878694,
    15.318504062994));
#8905 = VECTOR('',#8906,1.);
#8906 = DIRECTION('',(6.900986945946E-04,3.515913690927E-03,
    -0.999993581037));
#8907 = PCURVE('',#7818,#8908);
#8908 = DEFINITIONAL_REPRESENTATION('',(#8909),#8913);
#8909 = LINE('',#8910,#8911);
#8910 = CARTESIAN_POINT('',(0.,0.));
#8911 = VECTOR('',#8912,1.);
#8912 = DIRECTION('',(1.947724225506E-03,0.999998103183));
#8913 = ( GEOMETRIC_REPRESENTATION_CONTEXT(2) 
PARAMETRIC_REPRESENTATION_CONTEXT() REPRESENTATION_CONTEXT('2D SPACE',''
  ) );
#8914 = PCURVE('',#5473,#8915);
#8915 = DEFINITIONAL_REPRESENTATION('',(#8916),#8920);
#8916 = LINE('',#8917,#8918);
#8917 = CARTESIAN_POINT('',(-4.175258819295,1.058383852743E-02));
#8918 = VECTOR('',#8919,1.);
#8919 = DIRECTION('',(1.697019473712E-03,0.999998560061));
#8920 = ( GEOMETRIC_REPRESENTATION_CONTEXT(2) 
PARAMETRIC_REPRESENTATION_CONTEXT() REPRESENTATION_CONTEXT('2D SPACE',''
  ) );
#8921 = ORIENTED_EDGE('',*,*,#7802,.T.);
#8922 = ORIENTED_EDGE('',*,*,#8923,.F.);
#8923 = EDGE_CURVE('',#5374,#7745,#8924,.T.);
#8924 = SURFACE_CURVE('',#8925,(#8929,#8936),.PCURVE_S1.);
#8925 = LINE('',#8926,#8927);
#8926 = CARTESIAN_POINT('',(29.60680794267,33.306953878694,
    15.318504062994));
#8927 = VECTOR('',#8928,1.);
#8928 = DIRECTION('',(0.190754685119,-0.180391624943,-0.964920469135));
#8929 = PCURVE('',#7818,#8930);
#8930 = DEFINITIONAL_REPRESENTATION('',(#8931),#8935);
#8931 = LINE('',#8932,#8933);
#8932 = CARTESIAN_POINT('',(0.,0.));
#8933 = VECTOR('',#8934,1.);
#8934 = DIRECTION('',(-0.262526317324,0.964924832675));
#8935 = ( GEOMETRIC_REPRESENTATION_CONTEXT(2) 
PARAMETRIC_REPRESENTATION_CONTEXT() REPRESENTATION_CONTEXT('2D SPACE',''
  ) );
#8936 = PCURVE('',#5415,#8937);
#8937 = DEFINITIONAL_REPRESENTATION('',(#8938),#8942);
#8938 = LINE('',#8939,#8940);
#8939 = CARTESIAN_POINT('',(0.,0.));
#8940 = VECTOR('',#8941,1.);
#8941 = DIRECTION('',(-0.262513044894,0.964928443596));
#8942 = ( GEOMETRIC_REPRESENTATION_CONTEXT(2) 
PARAMETRIC_REPRESENTATION_CONTEXT() REPRESENTATION_CONTEXT('2D SPACE',''
  ) );
#8943 = ADVANCED_FACE('',(#8944),#5415,.T.);
#8944 = FACE_BOUND('',#8945,.T.);
#8945 = EDGE_LOOP('',(#8946,#8947,#8948));
#8946 = ORIENTED_EDGE('',*,*,#8923,.T.);
#8947 = ORIENTED_EDGE('',*,*,#8875,.F.);
#8948 = ORIENTED_EDGE('',*,*,#5401,.F.);
#8949 = ADVANCED_FACE('',(#8950),#7876,.T.);
#8950 = FACE_BOUND('',#8951,.T.);
#8951 = EDGE_LOOP('',(#8952,#8973,#8974));
#8952 = ORIENTED_EDGE('',*,*,#8953,.F.);
#8953 = EDGE_CURVE('',#7861,#5432,#8954,.T.);
#8954 = SURFACE_CURVE('',#8955,(#8959,#8966),.PCURVE_S1.);
#8955 = LINE('',#8956,#8957);
#8956 = CARTESIAN_POINT('',(26.363164860577,35.935853800017,
    3.906248748134E-02));
#8957 = VECTOR('',#8958,1.);
#8958 = DIRECTION('',(1.053232542767E-03,1.297012552928E-03,
    0.999998604229));
#8959 = PCURVE('',#7876,#8960);
#8960 = DEFINITIONAL_REPRESENTATION('',(#8961),#8965);
#8961 = LINE('',#8962,#8963);
#8962 = CARTESIAN_POINT('',(3.235058486601E-04,15.290046699326));
#8963 = VECTOR('',#8964,1.);
#8964 = DIRECTION('',(-2.115793724829E-05,-0.999999999776));
#8965 = ( GEOMETRIC_REPRESENTATION_CONTEXT(2) 
PARAMETRIC_REPRESENTATION_CONTEXT() REPRESENTATION_CONTEXT('2D SPACE',''
  ) );
#8966 = PCURVE('',#5531,#8967);
#8967 = DEFINITIONAL_REPRESENTATION('',(#8968),#8972);
#8968 = LINE('',#8969,#8970);
#8969 = CARTESIAN_POINT('',(-4.173472672671,15.238420046854));
#8970 = VECTOR('',#8971,1.);
#8971 = DIRECTION('',(-1.482127805293E-04,-0.999999989016));
#8972 = ( GEOMETRIC_REPRESENTATION_CONTEXT(2) 
PARAMETRIC_REPRESENTATION_CONTEXT() REPRESENTATION_CONTEXT('2D SPACE',''
  ) );
#8973 = ORIENTED_EDGE('',*,*,#7860,.T.);
#8974 = ORIENTED_EDGE('',*,*,#8975,.F.);
#8975 = EDGE_CURVE('',#5432,#7803,#8976,.T.);
#8976 = SURFACE_CURVE('',#8977,(#8981,#8988),.PCURVE_S1.);
#8977 = LINE('',#8978,#8979);
#8978 = CARTESIAN_POINT('',(26.379268835344,35.955685182525,
    15.329087848824));
#8979 = VECTOR('',#8980,1.);
#8980 = DIRECTION('',(0.203736888684,-0.163261942227,-0.965316952306));
#8981 = PCURVE('',#7876,#8982);
#8982 = DEFINITIONAL_REPRESENTATION('',(#8983),#8987);
#8983 = LINE('',#8984,#8985);
#8984 = CARTESIAN_POINT('',(0.,-0.));
#8985 = VECTOR('',#8986,1.);
#8986 = DIRECTION('',(-0.261075814162,0.965318299453));
#8987 = ( GEOMETRIC_REPRESENTATION_CONTEXT(2) 
PARAMETRIC_REPRESENTATION_CONTEXT() REPRESENTATION_CONTEXT('2D SPACE',''
  ) );
#8988 = PCURVE('',#5473,#8989);
#8989 = DEFINITIONAL_REPRESENTATION('',(#8990),#8994);
#8990 = LINE('',#8991,#8992);
#8991 = CARTESIAN_POINT('',(0.,0.));
#8992 = VECTOR('',#8993,1.);
#8993 = DIRECTION('',(-0.261063023485,0.965321758674));
#8994 = ( GEOMETRIC_REPRESENTATION_CONTEXT(2) 
PARAMETRIC_REPRESENTATION_CONTEXT() REPRESENTATION_CONTEXT('2D SPACE',''
  ) );
#8995 = ADVANCED_FACE('',(#8996),#5473,.T.);
#8996 = FACE_BOUND('',#8997,.T.);
#8997 = EDGE_LOOP('',(#8998,#8999,#9000));
#8998 = ORIENTED_EDGE('',*,*,#8975,.T.);
#8999 = ORIENTED_EDGE('',*,*,#8901,.F.);
#9000 = ORIENTED_EDGE('',*,*,#5459,.F.);
#9001 = ADVANCED_FACE('',(#9002),#7934,.T.);
#9002 = FACE_BOUND('',#9003,.T.);
#9003 = EDGE_LOOP('',(#9004,#9025,#9026));
#9004 = ORIENTED_EDGE('',*,*,#9005,.F.);
#9005 = EDGE_CURVE('',#7919,#5490,#9006,.T.);
#9006 = SURFACE_CURVE('',#9007,(#9011,#9018),.PCURVE_S1.);
#9007 = LINE('',#9008,#9009);
#9008 = CARTESIAN_POINT('',(22.898260373647,38.29905173239,
    -2.172203715797E-02));
#9009 = VECTOR('',#9010,1.);
#9010 = DIRECTION('',(1.219802008787E-03,-5.926803179987E-04,
    0.999999080406));
#9011 = PCURVE('',#7934,#9012);
#9012 = DEFINITIONAL_REPRESENTATION('',(#9013),#9017);
#9013 = LINE('',#9014,#9015);
#9014 = CARTESIAN_POINT('',(2.052666032947E-02,15.299183768433));
#9015 = VECTOR('',#9016,1.);
#9016 = DIRECTION('',(-1.341682155402E-03,-0.999999099944));
#9017 = ( GEOMETRIC_REPRESENTATION_CONTEXT(2) 
PARAMETRIC_REPRESENTATION_CONTEXT() REPRESENTATION_CONTEXT('2D SPACE',''
  ) );
#9018 = PCURVE('',#5589,#9019);
#9019 = DEFINITIONAL_REPRESENTATION('',(#9020),#9024);
#9020 = LINE('',#9021,#9022);
#9021 = CARTESIAN_POINT('',(-4.180479331477,15.297815255582));
#9022 = VECTOR('',#9023,1.);
#9023 = DIRECTION('',(-1.35510438742E-03,-0.999999081846));
#9024 = ( GEOMETRIC_REPRESENTATION_CONTEXT(2) 
PARAMETRIC_REPRESENTATION_CONTEXT() REPRESENTATION_CONTEXT('2D SPACE',''
  ) );
#9025 = ORIENTED_EDGE('',*,*,#7918,.T.);
#9026 = ORIENTED_EDGE('',*,*,#9027,.F.);
#9027 = EDGE_CURVE('',#5490,#7861,#9028,.T.);
#9028 = SURFACE_CURVE('',#9029,(#9033,#9040),.PCURVE_S1.);
#9029 = LINE('',#9030,#9031);
#9030 = CARTESIAN_POINT('',(22.916922365537,38.289984199128,
    15.27746143236));
#9031 = VECTOR('',#9032,1.);
#9032 = DIRECTION('',(0.218122153378,-0.148999379099,-0.964480124852));
#9033 = PCURVE('',#7934,#9034);
#9034 = DEFINITIONAL_REPRESENTATION('',(#9035),#9039);
#9035 = LINE('',#9036,#9037);
#9036 = CARTESIAN_POINT('',(0.,-0.));
#9037 = VECTOR('',#9038,1.);
#9038 = DIRECTION('',(-0.264155356593,0.964480143696));
#9039 = ( GEOMETRIC_REPRESENTATION_CONTEXT(2) 
PARAMETRIC_REPRESENTATION_CONTEXT() REPRESENTATION_CONTEXT('2D SPACE',''
  ) );
#9040 = PCURVE('',#5531,#9041);
#9041 = DEFINITIONAL_REPRESENTATION('',(#9042),#9046);
#9042 = LINE('',#9043,#9044);
#9043 = CARTESIAN_POINT('',(0.,-0.));
#9044 = VECTOR('',#9045,1.);
#9045 = DIRECTION('',(-0.264150548818,0.964481460454));
#9046 = ( GEOMETRIC_REPRESENTATION_CONTEXT(2) 
PARAMETRIC_REPRESENTATION_CONTEXT() REPRESENTATION_CONTEXT('2D SPACE',''
  ) );
#9047 = ADVANCED_FACE('',(#9048),#5531,.T.);
#9048 = FACE_BOUND('',#9049,.T.);
#9049 = EDGE_LOOP('',(#9050,#9051,#9052));
#9050 = ORIENTED_EDGE('',*,*,#9027,.T.);
#9051 = ORIENTED_EDGE('',*,*,#8953,.T.);
#9052 = ORIENTED_EDGE('',*,*,#5517,.F.);
#9053 = ADVANCED_FACE('',(#9054),#7992,.T.);
#9054 = FACE_BOUND('',#9055,.T.);
#9055 = EDGE_LOOP('',(#9056,#9077,#9078));
#9056 = ORIENTED_EDGE('',*,*,#9057,.F.);
#9057 = EDGE_CURVE('',#7977,#5548,#9058,.T.);
#9058 = SURFACE_CURVE('',#9059,(#9063,#9070),.PCURVE_S1.);
#9059 = LINE('',#9060,#9061);
#9060 = CARTESIAN_POINT('',(19.198866268527,40.195639561263,
    -1.32103798786E-02));
#9061 = VECTOR('',#9062,1.);
#9062 = DIRECTION('',(9.734100873101E-04,5.131156102214E-03,
    0.999986361762));
#9063 = PCURVE('',#7992,#9064);
#9064 = DEFINITIONAL_REPRESENTATION('',(#9065),#9069);
#9065 = LINE('',#9066,#9067);
#9066 = CARTESIAN_POINT('',(-2.254663355822E-02,15.289495474115));
#9067 = VECTOR('',#9068,1.);
#9068 = DIRECTION('',(1.474647026883E-03,-0.999998912707));
#9069 = ( GEOMETRIC_REPRESENTATION_CONTEXT(2) 
PARAMETRIC_REPRESENTATION_CONTEXT() REPRESENTATION_CONTEXT('2D SPACE',''
  ) );
#9070 = PCURVE('',#5647,#9071);
#9071 = DEFINITIONAL_REPRESENTATION('',(#9072),#9076);
#9072 = LINE('',#9073,#9074);
#9073 = CARTESIAN_POINT('',(-4.141863119401,15.310265498781));
#9074 = VECTOR('',#9075,1.);
#9075 = DIRECTION('',(1.037041315912E-03,-0.999999462273));
#9076 = ( GEOMETRIC_REPRESENTATION_CONTEXT(2) 
PARAMETRIC_REPRESENTATION_CONTEXT() REPRESENTATION_CONTEXT('2D SPACE',''
  ) );
#9077 = ORIENTED_EDGE('',*,*,#7976,.T.);
#9078 = ORIENTED_EDGE('',*,*,#9079,.F.);
#9079 = EDGE_CURVE('',#5548,#7919,#9080,.T.);
#9080 = SURFACE_CURVE('',#9081,(#9085,#9092),.PCURVE_S1.);
#9081 = LINE('',#9082,#9083);
#9082 = CARTESIAN_POINT('',(19.213749233833,40.274092434566,
    15.276093196403));
#9083 = VECTOR('',#9084,1.);
#9084 = DIRECTION('',(0.232333192409,-0.124539591295,-0.964630073088));
#9085 = PCURVE('',#7992,#9086);
#9086 = DEFINITIONAL_REPRESENTATION('',(#9087),#9091);
#9087 = LINE('',#9088,#9089);
#9088 = CARTESIAN_POINT('',(0.,-0.));
#9089 = VECTOR('',#9090,1.);
#9090 = DIRECTION('',(-0.263563017207,0.964642180272));
#9091 = ( GEOMETRIC_REPRESENTATION_CONTEXT(2) 
PARAMETRIC_REPRESENTATION_CONTEXT() REPRESENTATION_CONTEXT('2D SPACE',''
  ) );
#9092 = PCURVE('',#5589,#9093);
#9093 = DEFINITIONAL_REPRESENTATION('',(#9094),#9098);
#9094 = LINE('',#9095,#9096);
#9095 = CARTESIAN_POINT('',(0.,-0.));
#9096 = VECTOR('',#9097,1.);
#9097 = DIRECTION('',(-0.26360732049,0.964630074476));
#9098 = ( GEOMETRIC_REPRESENTATION_CONTEXT(2) 
PARAMETRIC_REPRESENTATION_CONTEXT() REPRESENTATION_CONTEXT('2D SPACE',''
  ) );
#9099 = ADVANCED_FACE('',(#9100),#5589,.T.);
#9100 = FACE_BOUND('',#9101,.T.);
#9101 = EDGE_LOOP('',(#9102,#9103,#9104));
#9102 = ORIENTED_EDGE('',*,*,#9079,.T.);
#9103 = ORIENTED_EDGE('',*,*,#9005,.T.);
#9104 = ORIENTED_EDGE('',*,*,#5575,.F.);
#9105 = ADVANCED_FACE('',(#9106),#8050,.T.);
#9106 = FACE_BOUND('',#9107,.T.);
#9107 = EDGE_LOOP('',(#9108,#9129,#9130));
#9108 = ORIENTED_EDGE('',*,*,#9109,.F.);
#9109 = EDGE_CURVE('',#8035,#5606,#9110,.T.);
#9110 = SURFACE_CURVE('',#9111,(#9115,#9122),.PCURVE_S1.);
#9111 = LINE('',#9112,#9113);
#9112 = CARTESIAN_POINT('',(15.356943733867,41.830522142323,
    -1.293003281449E-02));
#9113 = VECTOR('',#9114,1.);
#9114 = DIRECTION('',(2.38766074928E-03,1.498383539698E-04,
    0.999997138308));
#9115 = PCURVE('',#8050,#9116);
#9116 = DEFINITIONAL_REPRESENTATION('',(#9117),#9121);
#9117 = LINE('',#9118,#9119);
#9118 = CARTESIAN_POINT('',(3.273764934594E-02,15.309793389138));
#9119 = VECTOR('',#9120,1.);
#9120 = DIRECTION('',(-2.138342018549E-03,-0.999997713744));
#9121 = ( GEOMETRIC_REPRESENTATION_CONTEXT(2) 
PARAMETRIC_REPRESENTATION_CONTEXT() REPRESENTATION_CONTEXT('2D SPACE',''
  ) );
#9122 = PCURVE('',#5705,#9123);
#9123 = DEFINITIONAL_REPRESENTATION('',(#9124),#9128);
#9124 = LINE('',#9125,#9126);
#9125 = CARTESIAN_POINT('',(-4.173550433868,15.258387792532));
#9126 = VECTOR('',#9127,1.);
#9127 = DIRECTION('',(-2.223231232915E-03,-0.999997528618));
#9128 = ( GEOMETRIC_REPRESENTATION_CONTEXT(2) 
PARAMETRIC_REPRESENTATION_CONTEXT() REPRESENTATION_CONTEXT('2D SPACE',''
  ) );
#9129 = ORIENTED_EDGE('',*,*,#8034,.T.);
#9130 = ORIENTED_EDGE('',*,*,#9131,.F.);
#9131 = EDGE_CURVE('',#5606,#7977,#9132,.T.);
#9132 = SURFACE_CURVE('',#9133,(#9137,#9144),.PCURVE_S1.);
#9133 = LINE('',#9134,#9135);
#9134 = CARTESIAN_POINT('',(15.393498410195,41.832816141809,
    15.296854546499));
#9135 = VECTOR('',#9136,1.);
#9136 = DIRECTION('',(0.239925545886,-0.103222736782,-0.965287935822));
#9137 = PCURVE('',#8050,#9138);
#9138 = DEFINITIONAL_REPRESENTATION('',(#9139),#9143);
#9139 = LINE('',#9140,#9141);
#9140 = CARTESIAN_POINT('',(0.,-0.));
#9141 = VECTOR('',#9142,1.);
#9142 = DIRECTION('',(-0.261186003825,0.965288491284));
#9143 = ( GEOMETRIC_REPRESENTATION_CONTEXT(2) 
PARAMETRIC_REPRESENTATION_CONTEXT() REPRESENTATION_CONTEXT('2D SPACE',''
  ) );
#9144 = PCURVE('',#5647,#9145);
#9145 = DEFINITIONAL_REPRESENTATION('',(#9146),#9150);
#9146 = LINE('',#9147,#9148);
#9147 = CARTESIAN_POINT('',(0.,-0.));
#9148 = VECTOR('',#9149,1.);
#9149 = DIRECTION('',(-0.261141315873,0.965300581759));
#9150 = ( GEOMETRIC_REPRESENTATION_CONTEXT(2) 
PARAMETRIC_REPRESENTATION_CONTEXT() REPRESENTATION_CONTEXT('2D SPACE',''
  ) );
#9151 = ADVANCED_FACE('',(#9152),#5647,.T.);
#9152 = FACE_BOUND('',#9153,.T.);
#9153 = EDGE_LOOP('',(#9154,#9155,#9156));
#9154 = ORIENTED_EDGE('',*,*,#9131,.T.);
#9155 = ORIENTED_EDGE('',*,*,#9057,.T.);
#9156 = ORIENTED_EDGE('',*,*,#5633,.F.);
#9157 = ADVANCED_FACE('',(#9158),#8108,.T.);
#9158 = FACE_BOUND('',#9159,.T.);
#9159 = EDGE_LOOP('',(#9160,#9181,#9182));
#9160 = ORIENTED_EDGE('',*,*,#9161,.F.);
#9161 = EDGE_CURVE('',#8093,#5664,#9162,.T.);
#9162 = SURFACE_CURVE('',#9163,(#9167,#9174),.PCURVE_S1.);
#9163 = LINE('',#9164,#9165);
#9164 = CARTESIAN_POINT('',(11.350454173366,43.116581342941,
    -3.025993796794E-02));
#9165 = VECTOR('',#9166,1.);
#9166 = DIRECTION('',(2.831127315593E-03,1.45019804105E-03,
    0.999994940809));
#9167 = PCURVE('',#8108,#9168);
#9168 = DEFINITIONAL_REPRESENTATION('',(#9169),#9173);
#9169 = LINE('',#9170,#9171);
#9170 = CARTESIAN_POINT('',(3.440725288013E-02,15.275750275729));
#9171 = VECTOR('',#9172,1.);
#9172 = DIRECTION('',(-2.252404299584E-03,-0.999997463334));
#9173 = ( GEOMETRIC_REPRESENTATION_CONTEXT(2) 
PARAMETRIC_REPRESENTATION_CONTEXT() REPRESENTATION_CONTEXT('2D SPACE',''
  ) );
#9174 = PCURVE('',#5763,#9175);
#9175 = DEFINITIONAL_REPRESENTATION('',(#9176),#9180);
#9176 = LINE('',#9177,#9178);
#9177 = CARTESIAN_POINT('',(-4.175839543036,15.264944927475));
#9178 = VECTOR('',#9179,1.);
#9179 = DIRECTION('',(-2.479297012071E-03,-0.999996926538));
#9180 = ( GEOMETRIC_REPRESENTATION_CONTEXT(2) 
PARAMETRIC_REPRESENTATION_CONTEXT() REPRESENTATION_CONTEXT('2D SPACE',''
  ) );
#9181 = ORIENTED_EDGE('',*,*,#8092,.T.);
#9182 = ORIENTED_EDGE('',*,*,#9183,.F.);
#9183 = EDGE_CURVE('',#5664,#8035,#9184,.T.);
#9184 = SURFACE_CURVE('',#9185,(#9189,#9196),.PCURVE_S1.);
#9185 = LINE('',#9186,#9187);
#9186 = CARTESIAN_POINT('',(11.393701876942,43.138734262261,
    15.245451804199));
#9187 = VECTOR('',#9188,1.);
#9188 = DIRECTION('',(0.250538735931,-8.269942201143E-02,-0.964567855258
    ));
#9189 = PCURVE('',#8108,#9190);
#9190 = DEFINITIONAL_REPRESENTATION('',(#9191),#9195);
#9191 = LINE('',#9192,#9193);
#9192 = CARTESIAN_POINT('',(0.,-0.));
#9193 = VECTOR('',#9194,1.);
#9194 = DIRECTION('',(-0.26382600081,0.964570288417));
#9195 = ( GEOMETRIC_REPRESENTATION_CONTEXT(2) 
PARAMETRIC_REPRESENTATION_CONTEXT() REPRESENTATION_CONTEXT('2D SPACE',''
  ) );
#9196 = PCURVE('',#5705,#9197);
#9197 = DEFINITIONAL_REPRESENTATION('',(#9198),#9202);
#9198 = LINE('',#9199,#9200);
#9199 = CARTESIAN_POINT('',(0.,-0.));
#9200 = VECTOR('',#9201,1.);
#9201 = DIRECTION('',(-0.263833520081,0.96456823174));
#9202 = ( GEOMETRIC_REPRESENTATION_CONTEXT(2) 
PARAMETRIC_REPRESENTATION_CONTEXT() REPRESENTATION_CONTEXT('2D SPACE',''
  ) );
#9203 = ADVANCED_FACE('',(#9204),#5705,.T.);
#9204 = FACE_BOUND('',#9205,.T.);
#9205 = EDGE_LOOP('',(#9206,#9207,#9208));
#9206 = ORIENTED_EDGE('',*,*,#9183,.T.);
#9207 = ORIENTED_EDGE('',*,*,#9109,.T.);
#9208 = ORIENTED_EDGE('',*,*,#5691,.F.);
#9209 = ADVANCED_FACE('',(#9210),#8166,.T.);
#9210 = FACE_BOUND('',#9211,.T.);
#9211 = EDGE_LOOP('',(#9212,#9233,#9234));
#9212 = ORIENTED_EDGE('',*,*,#9213,.T.);
#9213 = EDGE_CURVE('',#5722,#8151,#9214,.T.);
#9214 = SURFACE_CURVE('',#9215,(#9219,#9226),.PCURVE_S1.);
#9215 = LINE('',#9216,#9217);
#9216 = CARTESIAN_POINT('',(7.267073988688,43.990976895319,
    15.234654677365));
#9217 = VECTOR('',#9218,1.);
#9218 = DIRECTION('',(3.305134109898E-03,2.101707338003E-03,
    -0.999992329428));
#9219 = PCURVE('',#8166,#9220);
#9220 = DEFINITIONAL_REPRESENTATION('',(#9221),#9225);
#9221 = LINE('',#9222,#9223);
#9222 = CARTESIAN_POINT('',(0.,0.));
#9223 = VECTOR('',#9224,1.);
#9224 = DIRECTION('',(-2.763780239782E-03,0.999996180752));
#9225 = ( GEOMETRIC_REPRESENTATION_CONTEXT(2) 
PARAMETRIC_REPRESENTATION_CONTEXT() REPRESENTATION_CONTEXT('2D SPACE',''
  ) );
#9226 = PCURVE('',#5847,#9227);
#9227 = DEFINITIONAL_REPRESENTATION('',(#9228),#9232);
#9228 = LINE('',#9229,#9230);
#9229 = CARTESIAN_POINT('',(-4.164237741581,2.237903045287E-02));
#9230 = VECTOR('',#9231,1.);
#9231 = DIRECTION('',(-3.037538404336E-03,0.99999538667));
#9232 = ( GEOMETRIC_REPRESENTATION_CONTEXT(2) 
PARAMETRIC_REPRESENTATION_CONTEXT() REPRESENTATION_CONTEXT('2D SPACE',''
  ) );
#9233 = ORIENTED_EDGE('',*,*,#8150,.T.);
#9234 = ORIENTED_EDGE('',*,*,#9235,.F.);
#9235 = EDGE_CURVE('',#5722,#8093,#9236,.T.);
#9236 = SURFACE_CURVE('',#9237,(#9241,#9248),.PCURVE_S1.);
#9237 = LINE('',#9238,#9239);
#9238 = CARTESIAN_POINT('',(7.267073988688,43.990976895319,
    15.234654677365));
#9239 = VECTOR('',#9240,1.);
#9240 = DIRECTION('',(0.258020338817,-5.525124443012E-02,-0.964558346989
    ));
#9241 = PCURVE('',#8166,#9242);
#9242 = DEFINITIONAL_REPRESENTATION('',(#9243),#9247);
#9243 = LINE('',#9244,#9245);
#9244 = CARTESIAN_POINT('',(0.,0.));
#9245 = VECTOR('',#9246,1.);
#9246 = DIRECTION('',(-0.263856076017,0.964562061844));
#9247 = ( GEOMETRIC_REPRESENTATION_CONTEXT(2) 
PARAMETRIC_REPRESENTATION_CONTEXT() REPRESENTATION_CONTEXT('2D SPACE',''
  ) );
#9248 = PCURVE('',#5763,#9249);
#9249 = DEFINITIONAL_REPRESENTATION('',(#9250),#9254);
#9250 = LINE('',#9251,#9252);
#9251 = CARTESIAN_POINT('',(0.,-0.));
#9252 = VECTOR('',#9253,1.);
#9253 = DIRECTION('',(-0.263862654225,0.96456026235));
#9254 = ( GEOMETRIC_REPRESENTATION_CONTEXT(2) 
PARAMETRIC_REPRESENTATION_CONTEXT() REPRESENTATION_CONTEXT('2D SPACE',''
  ) );
#9255 = ADVANCED_FACE('',(#9256),#5763,.T.);
#9256 = FACE_BOUND('',#9257,.T.);
#9257 = EDGE_LOOP('',(#9258,#9259,#9260));
#9258 = ORIENTED_EDGE('',*,*,#9235,.T.);
#9259 = ORIENTED_EDGE('',*,*,#9161,.T.);
#9260 = ORIENTED_EDGE('',*,*,#5749,.F.);
#9261 = ADVANCED_FACE('',(#9262),#5847,.T.);
#9262 = FACE_BOUND('',#9263,.T.);
#9263 = EDGE_LOOP('',(#9264,#9285,#9286));
#9264 = ORIENTED_EDGE('',*,*,#9265,.T.);
#9265 = EDGE_CURVE('',#5781,#8151,#9266,.T.);
#9266 = SURFACE_CURVE('',#9267,(#9271,#9278),.PCURVE_S1.);
#9267 = LINE('',#9268,#9269);
#9268 = CARTESIAN_POINT('',(3.13123270284,44.476458954452,15.2570336394)
  );
#9269 = VECTOR('',#9270,1.);
#9270 = DIRECTION('',(0.264809494945,-2.868819847929E-02,-0.963873912218
    ));
#9271 = PCURVE('',#5847,#9272);
#9272 = DEFINITIONAL_REPRESENTATION('',(#9273),#9277);
#9273 = LINE('',#9274,#9275);
#9274 = CARTESIAN_POINT('',(0.,0.));
#9275 = VECTOR('',#9276,1.);
#9276 = DIRECTION('',(-0.266348269404,0.963876859036));
#9277 = ( GEOMETRIC_REPRESENTATION_CONTEXT(2) 
PARAMETRIC_REPRESENTATION_CONTEXT() REPRESENTATION_CONTEXT('2D SPACE',''
  ) );
#9278 = PCURVE('',#8417,#9279);
#9279 = DEFINITIONAL_REPRESENTATION('',(#9280),#9284);
#9280 = LINE('',#9281,#9282);
#9281 = CARTESIAN_POINT('',(0.,-0.));
#9282 = VECTOR('',#9283,1.);
#9283 = DIRECTION('',(-0.266354260304,0.96387520355));
#9284 = ( GEOMETRIC_REPRESENTATION_CONTEXT(2) 
PARAMETRIC_REPRESENTATION_CONTEXT() REPRESENTATION_CONTEXT('2D SPACE',''
  ) );
#9285 = ORIENTED_EDGE('',*,*,#9213,.F.);
#9286 = ORIENTED_EDGE('',*,*,#5833,.F.);
#9287 = ADVANCED_FACE('',(#9288),#8417,.T.);
#9288 = FACE_BOUND('',#9289,.T.);
#9289 = EDGE_LOOP('',(#9290,#9311,#9312));
#9290 = ORIENTED_EDGE('',*,*,#9291,.F.);
#9291 = EDGE_CURVE('',#8350,#5781,#9292,.T.);
#9292 = SURFACE_CURVE('',#9293,(#9297,#9304),.PCURVE_S1.);
#9293 = LINE('',#9294,#9295);
#9294 = CARTESIAN_POINT('',(3.119983938175,44.452469695725,
    -2.171305497082E-02));
#9295 = VECTOR('',#9296,1.);
#9296 = DIRECTION('',(7.362349789571E-04,1.570104088731E-03,
    0.999998496364));
#9297 = PCURVE('',#8417,#9298);
#9298 = DEFINITIONAL_REPRESENTATION('',(#9299),#9303);
#9299 = LINE('',#9300,#9301);
#9300 = CARTESIAN_POINT('',(8.74786439535E-03,15.278767163775));
#9301 = VECTOR('',#9302,1.);
#9302 = DIRECTION('',(-5.725503155945E-04,-0.999999836093));
#9303 = ( GEOMETRIC_REPRESENTATION_CONTEXT(2) 
PARAMETRIC_REPRESENTATION_CONTEXT() REPRESENTATION_CONTEXT('2D SPACE',''
  ) );
#9304 = PCURVE('',#5796,#9305);
#9305 = DEFINITIONAL_REPRESENTATION('',(#9306),#9310);
#9306 = LINE('',#9307,#9308);
#9307 = CARTESIAN_POINT('',(-4.183158572304,15.326929063648));
#9308 = VECTOR('',#9309,1.);
#9309 = DIRECTION('',(-6.839431605965E-04,-0.999999766111));
#9310 = ( GEOMETRIC_REPRESENTATION_CONTEXT(2) 
PARAMETRIC_REPRESENTATION_CONTEXT() REPRESENTATION_CONTEXT('2D SPACE',''
  ) );
#9311 = ORIENTED_EDGE('',*,*,#8403,.T.);
#9312 = ORIENTED_EDGE('',*,*,#9265,.F.);
#9313 = ADVANCED_FACE('',(#9314),#5796,.T.);
#9314 = FACE_BOUND('',#9315,.T.);
#9315 = EDGE_LOOP('',(#9316,#9337,#9338));
#9316 = ORIENTED_EDGE('',*,*,#9317,.T.);
#9317 = EDGE_CURVE('',#1739,#8350,#9318,.T.);
#9318 = SURFACE_CURVE('',#9319,(#9323,#9330),.PCURVE_S1.);
#9319 = LINE('',#9320,#9321);
#9320 = CARTESIAN_POINT('',(-1.060082375125,44.615128299953,
    15.30519654736));
#9321 = VECTOR('',#9322,1.);
#9322 = DIRECTION('',(0.26310361894,-1.023813122008E-02,-0.964713256035)
  );
#9323 = PCURVE('',#5796,#9324);
#9324 = DEFINITIONAL_REPRESENTATION('',(#9325),#9329);
#9325 = LINE('',#9326,#9327);
#9326 = CARTESIAN_POINT('',(0.,-0.));
#9327 = VECTOR('',#9328,1.);
#9328 = DIRECTION('',(-0.263298253301,0.964714480978));
#9329 = ( GEOMETRIC_REPRESENTATION_CONTEXT(2) 
PARAMETRIC_REPRESENTATION_CONTEXT() REPRESENTATION_CONTEXT('2D SPACE',''
  ) );
#9330 = PCURVE('',#8386,#9331);
#9331 = DEFINITIONAL_REPRESENTATION('',(#9332),#9336);
#9332 = LINE('',#9333,#9334);
#9333 = CARTESIAN_POINT('',(0.,-0.));
#9334 = VECTOR('',#9335,1.);
#9335 = DIRECTION('',(-0.263302319208,0.964713371266));
#9336 = ( GEOMETRIC_REPRESENTATION_CONTEXT(2) 
PARAMETRIC_REPRESENTATION_CONTEXT() REPRESENTATION_CONTEXT('2D SPACE',''
  ) );
#9337 = ORIENTED_EDGE('',*,*,#9291,.T.);
#9338 = ORIENTED_EDGE('',*,*,#5780,.F.);
#9339 = ADVANCED_FACE('',(#9340),#8386,.T.);
#9340 = FACE_BOUND('',#9341,.T.);
#9341 = EDGE_LOOP('',(#9342,#9363,#9364));
#9342 = ORIENTED_EDGE('',*,*,#9343,.T.);
#9343 = EDGE_CURVE('',#1739,#8208,#9344,.T.);
#9344 = SURFACE_CURVE('',#9345,(#9349,#9356),.PCURVE_S1.);
#9345 = LINE('',#9346,#9347);
#9346 = CARTESIAN_POINT('',(-1.060082375125,44.615128299953,
    15.30519654736));
#9347 = VECTOR('',#9348,1.);
#9348 = DIRECTION('',(2.064040357849E-03,-5.657177255938E-04,
    -0.999997709848));
#9349 = PCURVE('',#8386,#9350);
#9350 = DEFINITIONAL_REPRESENTATION('',(#9351),#9355);
#9351 = LINE('',#9352,#9353);
#9352 = CARTESIAN_POINT('',(0.,-0.));
#9353 = VECTOR('',#9354,1.);
#9354 = DIRECTION('',(-2.083604579747E-03,0.999997829294));
#9355 = ( GEOMETRIC_REPRESENTATION_CONTEXT(2) 
PARAMETRIC_REPRESENTATION_CONTEXT() REPRESENTATION_CONTEXT('2D SPACE',''
  ) );
#9356 = PCURVE('',#8281,#9357);
#9357 = DEFINITIONAL_REPRESENTATION('',(#9358),#9362);
#9358 = LINE('',#9359,#9360);
#9359 = CARTESIAN_POINT('',(0.,0.));
#9360 = VECTOR('',#9361,1.);
#9361 = DIRECTION('',(-2.011946260545E-03,0.999997976034));
#9362 = ( GEOMETRIC_REPRESENTATION_CONTEXT(2) 
PARAMETRIC_REPRESENTATION_CONTEXT() REPRESENTATION_CONTEXT('2D SPACE',''
  ) );
#9363 = ORIENTED_EDGE('',*,*,#8372,.T.);
#9364 = ORIENTED_EDGE('',*,*,#9317,.F.);
#9365 = ADVANCED_FACE('',(#9366),#8281,.T.);
#9366 = FACE_BOUND('',#9367,.T.);
#9367 = EDGE_LOOP('',(#9368,#9389,#9390));
#9368 = ORIENTED_EDGE('',*,*,#9369,.F.);
#9369 = EDGE_CURVE('',#8266,#1739,#9370,.T.);
#9370 = SURFACE_CURVE('',#9371,(#9375,#9382),.PCURVE_S1.);
#9371 = LINE('',#9372,#9373);
#9372 = CARTESIAN_POINT('',(-5.220820810054,44.268758411212,
    4.468374507483E-02));
#9373 = VECTOR('',#9374,1.);
#9374 = DIRECTION('',(0.262982594302,2.189256867598E-02,0.964552160607)
  );
#9375 = PCURVE('',#8281,#9376);
#9376 = DEFINITIONAL_REPRESENTATION('',(#9377),#9381);
#9377 = LINE('',#9378,#9379);
#9378 = CARTESIAN_POINT('',(4.175115859802,15.260516864433));
#9379 = VECTOR('',#9380,1.);
#9380 = DIRECTION('',(-0.263891330228,-0.964552417358));
#9381 = ( GEOMETRIC_REPRESENTATION_CONTEXT(2) 
PARAMETRIC_REPRESENTATION_CONTEXT() REPRESENTATION_CONTEXT('2D SPACE',''
  ) );
#9382 = PCURVE('',#1838,#9383);
#9383 = DEFINITIONAL_REPRESENTATION('',(#9384),#9388);
#9384 = LINE('',#9385,#9386);
#9385 = CARTESIAN_POINT('',(-4.422493464732E-03,15.190953831455));
#9386 = VECTOR('',#9387,1.);
#9387 = DIRECTION('',(-0.263890715373,-0.964552585575));
#9388 = ( GEOMETRIC_REPRESENTATION_CONTEXT(2) 
PARAMETRIC_REPRESENTATION_CONTEXT() REPRESENTATION_CONTEXT('2D SPACE',''
  ) );
#9389 = ORIENTED_EDGE('',*,*,#8265,.T.);
#9390 = ORIENTED_EDGE('',*,*,#9343,.F.);
#9391 = ADVANCED_FACE('',(#9392),#1838,.T.);
#9392 = FACE_BOUND('',#9393,.T.);
#9393 = EDGE_LOOP('',(#9394,#9415,#9416));
#9394 = ORIENTED_EDGE('',*,*,#9395,.T.);
#9395 = EDGE_CURVE('',#1797,#8266,#9396,.T.);
#9396 = SURFACE_CURVE('',#9397,(#9401,#9408),.PCURVE_S1.);
#9397 = LINE('',#9398,#9399);
#9398 = CARTESIAN_POINT('',(-5.226363528858,44.282621332932,
    15.235630883601));
#9399 = VECTOR('',#9400,1.);
#9400 = DIRECTION('',(3.648696869173E-04,-9.125773988225E-04,
    -0.999999517036));
#9401 = PCURVE('',#1838,#9402);
#9402 = DEFINITIONAL_REPRESENTATION('',(#9403),#9407);
#9403 = LINE('',#9404,#9405);
#9404 = CARTESIAN_POINT('',(-0.,0.));
#9405 = VECTOR('',#9406,1.);
#9406 = DIRECTION('',(-2.911267670475E-04,0.999999957623));
#9407 = ( GEOMETRIC_REPRESENTATION_CONTEXT(2) 
PARAMETRIC_REPRESENTATION_CONTEXT() REPRESENTATION_CONTEXT('2D SPACE',''
  ) );
#9408 = PCURVE('',#1896,#9409);
#9409 = DEFINITIONAL_REPRESENTATION('',(#9410),#9414);
#9410 = LINE('',#9411,#9412);
#9411 = CARTESIAN_POINT('',(-4.154265151097,-2.594223891813E-03));
#9412 = VECTOR('',#9413,1.);
#9413 = DIRECTION('',(-2.107302145718E-04,0.999999977796));
#9414 = ( GEOMETRIC_REPRESENTATION_CONTEXT(2) 
PARAMETRIC_REPRESENTATION_CONTEXT() REPRESENTATION_CONTEXT('2D SPACE',''
  ) );
#9415 = ORIENTED_EDGE('',*,*,#9369,.T.);
#9416 = ORIENTED_EDGE('',*,*,#1824,.F.);
#9417 = ADVANCED_FACE('',(#9418),#1896,.T.);
#9418 = FACE_BOUND('',#9419,.T.);
#9419 = EDGE_LOOP('',(#9420,#9441,#9442));
#9420 = ORIENTED_EDGE('',*,*,#9421,.T.);
#9421 = EDGE_CURVE('',#1855,#8266,#9422,.T.);
#9422 = SURFACE_CURVE('',#9423,(#9427,#9434),.PCURVE_S1.);
#9423 = LINE('',#9424,#9425);
#9424 = CARTESIAN_POINT('',(-9.32470934168,43.603297739828,
    15.233036660905));
#9425 = VECTOR('',#9426,1.);
#9426 = DIRECTION('',(0.260612523595,4.225928252825E-02,-0.964518152025)
  );
#9427 = PCURVE('',#1896,#9428);
#9428 = DEFINITIONAL_REPRESENTATION('',(#9429),#9433);
#9429 = LINE('',#9430,#9431);
#9430 = CARTESIAN_POINT('',(0.,0.));
#9431 = VECTOR('',#9432,1.);
#9432 = DIRECTION('',(-0.264014918381,0.964518596437));
#9433 = ( GEOMETRIC_REPRESENTATION_CONTEXT(2) 
PARAMETRIC_REPRESENTATION_CONTEXT() REPRESENTATION_CONTEXT('2D SPACE',''
  ) );
#9434 = PCURVE('',#8332,#9435);
#9435 = DEFINITIONAL_REPRESENTATION('',(#9436),#9440);
#9436 = LINE('',#9437,#9438);
#9437 = CARTESIAN_POINT('',(0.,0.));
#9438 = VECTOR('',#9439,1.);
#9439 = DIRECTION('',(-0.264011992217,0.964519397402));
#9440 = ( GEOMETRIC_REPRESENTATION_CONTEXT(2) 
PARAMETRIC_REPRESENTATION_CONTEXT() REPRESENTATION_CONTEXT('2D SPACE',''
  ) );
#9441 = ORIENTED_EDGE('',*,*,#9395,.F.);
#9442 = ORIENTED_EDGE('',*,*,#1882,.F.);
#9443 = ADVANCED_FACE('',(#9444),#8332,.T.);
#9444 = FACE_BOUND('',#9445,.T.);
#9445 = EDGE_LOOP('',(#9446,#9467,#9468));
#9446 = ORIENTED_EDGE('',*,*,#9447,.T.);
#9447 = EDGE_CURVE('',#1855,#7055,#9448,.T.);
#9448 = SURFACE_CURVE('',#9449,(#9453,#9460),.PCURVE_S1.);
#9449 = LINE('',#9450,#9451);
#9450 = CARTESIAN_POINT('',(-9.32470934168,43.603297739828,
    15.233036660905));
#9451 = VECTOR('',#9452,1.);
#9452 = DIRECTION('',(1.463445171484E-03,-1.383416597641E-03,
    -0.999997972241));
#9453 = PCURVE('',#8332,#9454);
#9454 = DEFINITIONAL_REPRESENTATION('',(#9455),#9459);
#9455 = LINE('',#9456,#9457);
#9456 = CARTESIAN_POINT('',(0.,0.));
#9457 = VECTOR('',#9458,1.);
#9458 = DIRECTION('',(-1.213729696876E-03,0.99999926343));
#9459 = ( GEOMETRIC_REPRESENTATION_CONTEXT(2) 
PARAMETRIC_REPRESENTATION_CONTEXT() REPRESENTATION_CONTEXT('2D SPACE',''
  ) );
#9460 = PCURVE('',#4669,#9461);
#9461 = DEFINITIONAL_REPRESENTATION('',(#9462),#9466);
#9462 = LINE('',#9463,#9464);
#9463 = CARTESIAN_POINT('',(-4.174467210267,6.815121128386E-02));
#9464 = VECTOR('',#9465,1.);
#9465 = DIRECTION('',(-1.069011150372E-03,0.999999428607));
#9466 = ( GEOMETRIC_REPRESENTATION_CONTEXT(2) 
PARAMETRIC_REPRESENTATION_CONTEXT() REPRESENTATION_CONTEXT('2D SPACE',''
  ) );
#9467 = ORIENTED_EDGE('',*,*,#8318,.T.);
#9468 = ORIENTED_EDGE('',*,*,#9421,.F.);
#9469 = ADVANCED_FACE('',(#9470),#4669,.T.);
#9470 = FACE_BOUND('',#9471,.T.);
#9471 = EDGE_LOOP('',(#9472,#9493,#9494));
#9472 = ORIENTED_EDGE('',*,*,#9473,.T.);
#9473 = EDGE_CURVE('',#4543,#7055,#9474,.T.);
#9474 = SURFACE_CURVE('',#9475,(#9479,#9486),.PCURVE_S1.);
#9475 = LINE('',#9476,#9477);
#9476 = CARTESIAN_POINT('',(-13.36535558695,42.554796703279,
    15.301187772935));
#9477 = VECTOR('',#9478,1.);
#9478 = DIRECTION('',(0.25570987902,6.466059172714E-02,-0.964588754677)
  );
#9479 = PCURVE('',#4669,#9480);
#9480 = DEFINITIONAL_REPRESENTATION('',(#9481),#9485);
#9481 = LINE('',#9482,#9483);
#9482 = CARTESIAN_POINT('',(0.,0.));
#9483 = VECTOR('',#9484,1.);
#9484 = DIRECTION('',(-0.263753339781,0.964590159474));
#9485 = ( GEOMETRIC_REPRESENTATION_CONTEXT(2) 
PARAMETRIC_REPRESENTATION_CONTEXT() REPRESENTATION_CONTEXT('2D SPACE',''
  ) );
#9486 = PCURVE('',#7070,#9487);
#9487 = DEFINITIONAL_REPRESENTATION('',(#9488),#9492);
#9488 = LINE('',#9489,#9490);
#9489 = CARTESIAN_POINT('',(-0.,0.));
#9490 = VECTOR('',#9491,1.);
#9491 = DIRECTION('',(-0.263752433603,0.964590407255));
#9492 = ( GEOMETRIC_REPRESENTATION_CONTEXT(2) 
PARAMETRIC_REPRESENTATION_CONTEXT() REPRESENTATION_CONTEXT('2D SPACE',''
  ) );
#9493 = ORIENTED_EDGE('',*,*,#9447,.F.);
#9494 = ORIENTED_EDGE('',*,*,#4655,.F.);
#9495 = ADVANCED_FACE('',(#9496),#7070,.T.);
#9496 = FACE_BOUND('',#9497,.T.);
#9497 = EDGE_LOOP('',(#9498,#9519,#9520));
#9498 = ORIENTED_EDGE('',*,*,#9499,.F.);
#9499 = EDGE_CURVE('',#6939,#4543,#9500,.T.);
#9500 = SURFACE_CURVE('',#9501,(#9505,#9512),.PCURVE_S1.);
#9501 = LINE('',#9502,#9503);
#9502 = CARTESIAN_POINT('',(-13.36781698508,42.524856065933,
    -1.802979165527E-02));
#9503 = VECTOR('',#9504,1.);
#9504 = DIRECTION('',(1.606735712955E-04,1.954445757335E-03,
    0.999998077161));
#9505 = PCURVE('',#7070,#9506);
#9506 = DEFINITIONAL_REPRESENTATION('',(#9507),#9511);
#9507 = LINE('',#9508,#9509);
#9508 = CARTESIAN_POINT('',(9.918451025003E-03,15.319243810183));
#9509 = VECTOR('',#9510,1.);
#9510 = DIRECTION('',(-6.474502964397E-04,-0.999999790404));
#9511 = ( GEOMETRIC_REPRESENTATION_CONTEXT(2) 
PARAMETRIC_REPRESENTATION_CONTEXT() REPRESENTATION_CONTEXT('2D SPACE',''
  ) );
#9512 = PCURVE('',#4580,#9513);
#9513 = DEFINITIONAL_REPRESENTATION('',(#9514),#9518);
#9514 = LINE('',#9515,#9516);
#9515 = CARTESIAN_POINT('',(-4.186175594945,15.322866825745));
#9516 = VECTOR('',#9517,1.);
#9517 = DIRECTION('',(-8.345226333903E-04,-0.999999651786));
#9518 = ( GEOMETRIC_REPRESENTATION_CONTEXT(2) 
PARAMETRIC_REPRESENTATION_CONTEXT() REPRESENTATION_CONTEXT('2D SPACE',''
  ) );
#9519 = ORIENTED_EDGE('',*,*,#7054,.T.);
#9520 = ORIENTED_EDGE('',*,*,#9473,.F.);
#9521 = ADVANCED_FACE('',(#9522),#4580,.T.);
#9522 = FACE_BOUND('',#9523,.T.);
#9523 = EDGE_LOOP('',(#9524,#9545,#9546));
#9524 = ORIENTED_EDGE('',*,*,#9525,.T.);
#9525 = EDGE_CURVE('',#4427,#6939,#9526,.T.);
#9526 = SURFACE_CURVE('',#9527,(#9531,#9538),.PCURVE_S1.);
#9527 = LINE('',#9528,#9529);
#9528 = CARTESIAN_POINT('',(-17.29876890726,41.085264974659,
    15.304812906314));
#9529 = VECTOR('',#9530,1.);
#9530 = DIRECTION('',(0.24747241002,9.062921242854E-02,-0.964646957251)
  );
#9531 = PCURVE('',#4580,#9532);
#9532 = DEFINITIONAL_REPRESENTATION('',(#9533),#9537);
#9533 = LINE('',#9534,#9535);
#9534 = CARTESIAN_POINT('',(-0.,0.));
#9535 = VECTOR('',#9536,1.);
#9536 = DIRECTION('',(-0.263539972953,0.964648476211));
#9537 = ( GEOMETRIC_REPRESENTATION_CONTEXT(2) 
PARAMETRIC_REPRESENTATION_CONTEXT() REPRESENTATION_CONTEXT('2D SPACE',''
  ) );
#9538 = PCURVE('',#6954,#9539);
#9539 = DEFINITIONAL_REPRESENTATION('',(#9540),#9544);
#9540 = LINE('',#9541,#9542);
#9541 = CARTESIAN_POINT('',(-0.,0.));
#9542 = VECTOR('',#9543,1.);
#9543 = DIRECTION('',(-0.263545370576,0.964647001575));
#9544 = ( GEOMETRIC_REPRESENTATION_CONTEXT(2) 
PARAMETRIC_REPRESENTATION_CONTEXT() REPRESENTATION_CONTEXT('2D SPACE',''
  ) );
#9545 = ORIENTED_EDGE('',*,*,#9499,.T.);
#9546 = ORIENTED_EDGE('',*,*,#4566,.F.);
#9547 = ADVANCED_FACE('',(#9548),#6954,.T.);
#9548 = FACE_BOUND('',#9549,.T.);
#9549 = EDGE_LOOP('',(#9550,#9571,#9572));
#9550 = ORIENTED_EDGE('',*,*,#9551,.F.);
#9551 = EDGE_CURVE('',#6823,#4427,#9552,.T.);
#9552 = SURFACE_CURVE('',#9553,(#9557,#9564),.PCURVE_S1.);
#9553 = LINE('',#9554,#9555);
#9554 = CARTESIAN_POINT('',(-17.30141618733,41.089245355945,
    -2.357912659077E-02));
#9555 = VECTOR('',#9556,1.);
#9556 = DIRECTION('',(1.727043473523E-04,-2.59673753382E-04,
    0.999999951371));
#9557 = PCURVE('',#6954,#9558);
#9558 = DEFINITIONAL_REPRESENTATION('',(#9559),#9563);
#9559 = LINE('',#9560,#9561);
#9560 = CARTESIAN_POINT('',(1.122193112709E-03,15.328392737226));
#9561 = VECTOR('',#9562,1.);
#9562 = DIRECTION('',(-7.321009638384E-05,-0.99999999732));
#9563 = ( GEOMETRIC_REPRESENTATION_CONTEXT(2) 
PARAMETRIC_REPRESENTATION_CONTEXT() REPRESENTATION_CONTEXT('2D SPACE',''
  ) );
#9564 = PCURVE('',#4469,#9565);
#9565 = DEFINITIONAL_REPRESENTATION('',(#9566),#9570);
#9566 = LINE('',#9567,#9568);
#9567 = CARTESIAN_POINT('',(-4.164832835557,15.338706653821));
#9568 = VECTOR('',#9569,1.);
#9569 = DIRECTION('',(-4.344933234828E-05,-0.999999999056));
#9570 = ( GEOMETRIC_REPRESENTATION_CONTEXT(2) 
PARAMETRIC_REPRESENTATION_CONTEXT() REPRESENTATION_CONTEXT('2D SPACE',''
  ) );
#9571 = ORIENTED_EDGE('',*,*,#6938,.T.);
#9572 = ORIENTED_EDGE('',*,*,#9525,.F.);
#9573 = ADVANCED_FACE('',(#9574),#4469,.T.);
#9574 = FACE_BOUND('',#9575,.T.);
#9575 = EDGE_LOOP('',(#9576,#9597,#9598));
#9576 = ORIENTED_EDGE('',*,*,#9577,.T.);
#9577 = EDGE_CURVE('',#4311,#6823,#9578,.T.);
#9578 = SURFACE_CURVE('',#9579,(#9583,#9590),.PCURVE_S1.);
#9579 = LINE('',#9580,#9581);
#9580 = CARTESIAN_POINT('',(-21.05476838052,39.28419624301,
    15.315126795809));
#9581 = VECTOR('',#9582,1.);
#9582 = DIRECTION('',(0.236147822119,0.1135673912,-0.965057849957));
#9583 = PCURVE('',#4469,#9584);
#9584 = DEFINITIONAL_REPRESENTATION('',(#9585),#9589);
#9585 = LINE('',#9586,#9587);
#9586 = CARTESIAN_POINT('',(-0.,0.));
#9587 = VECTOR('',#9588,1.);
#9588 = DIRECTION('',(-0.262036748214,0.965057895976));
#9589 = ( GEOMETRIC_REPRESENTATION_CONTEXT(2) 
PARAMETRIC_REPRESENTATION_CONTEXT() REPRESENTATION_CONTEXT('2D SPACE',''
  ) );
#9590 = PCURVE('',#6838,#9591);
#9591 = DEFINITIONAL_REPRESENTATION('',(#9592),#9596);
#9592 = LINE('',#9593,#9594);
#9593 = CARTESIAN_POINT('',(0.,0.));
#9594 = VECTOR('',#9595,1.);
#9595 = DIRECTION('',(-0.262036833559,0.965057872803));
#9596 = ( GEOMETRIC_REPRESENTATION_CONTEXT(2) 
PARAMETRIC_REPRESENTATION_CONTEXT() REPRESENTATION_CONTEXT('2D SPACE',''
  ) );
#9597 = ORIENTED_EDGE('',*,*,#9551,.T.);
#9598 = ORIENTED_EDGE('',*,*,#4455,.F.);
#9599 = ADVANCED_FACE('',(#9600),#6838,.T.);
#9600 = FACE_BOUND('',#9601,.T.);
#9601 = EDGE_LOOP('',(#9602,#9623,#9624));
#9602 = ORIENTED_EDGE('',*,*,#9603,.F.);
#9603 = EDGE_CURVE('',#6707,#4311,#9604,.T.);
#9604 = SURFACE_CURVE('',#9605,(#9609,#9616),.PCURVE_S1.);
#9605 = LINE('',#9606,#9607);
#9606 = CARTESIAN_POINT('',(-21.08048328357,39.275559361767,
    -3.382411256411E-02));
#9607 = VECTOR('',#9608,1.);
#9608 = DIRECTION('',(1.675349868863E-03,5.627008520775E-04,
    0.999998438284));
#9609 = PCURVE('',#6838,#9610);
#9610 = DEFINITIONAL_REPRESENTATION('',(#9611),#9615);
#9611 = LINE('',#9612,#9613);
#9612 = CARTESIAN_POINT('',(2.692021434506E-02,15.348951271721));
#9613 = VECTOR('',#9614,1.);
#9614 = DIRECTION('',(-1.753877021566E-03,-0.999998461957));
#9615 = ( GEOMETRIC_REPRESENTATION_CONTEXT(2) 
PARAMETRIC_REPRESENTATION_CONTEXT() REPRESENTATION_CONTEXT('2D SPACE',''
  ) );
#9616 = PCURVE('',#4353,#9617);
#9617 = DEFINITIONAL_REPRESENTATION('',(#9618),#9622);
#9618 = LINE('',#9619,#9620);
#9619 = CARTESIAN_POINT('',(-4.171456078639,15.333959392754));
#9620 = VECTOR('',#9621,1.);
#9621 = DIRECTION('',(-1.725008378016E-03,-0.999998512172));
#9622 = ( GEOMETRIC_REPRESENTATION_CONTEXT(2) 
PARAMETRIC_REPRESENTATION_CONTEXT() REPRESENTATION_CONTEXT('2D SPACE',''
  ) );
#9623 = ORIENTED_EDGE('',*,*,#6822,.T.);
#9624 = ORIENTED_EDGE('',*,*,#9577,.F.);
#9625 = ADVANCED_FACE('',(#9626),#4353,.T.);
#9626 = FACE_BOUND('',#9627,.T.);
#9627 = EDGE_LOOP('',(#9628,#9649,#9650));
#9628 = ORIENTED_EDGE('',*,*,#9629,.T.);
#9629 = EDGE_CURVE('',#4195,#6707,#9630,.T.);
#9630 = SURFACE_CURVE('',#9631,(#9635,#9642),.PCURVE_S1.);
#9631 = LINE('',#9632,#9633);
#9632 = CARTESIAN_POINT('',(-24.64823691629,37.114028751569,
    15.300134147194));
#9633 = VECTOR('',#9634,1.);
#9634 = DIRECTION('',(0.224510781305,0.136020301867,-0.964931804097));
#9635 = PCURVE('',#4353,#9636);
#9636 = DEFINITIONAL_REPRESENTATION('',(#9637),#9641);
#9637 = LINE('',#9638,#9639);
#9638 = CARTESIAN_POINT('',(-0.,0.));
#9639 = VECTOR('',#9640,1.);
#9640 = DIRECTION('',(-0.262500430188,0.964931875394));
#9641 = ( GEOMETRIC_REPRESENTATION_CONTEXT(2) 
PARAMETRIC_REPRESENTATION_CONTEXT() REPRESENTATION_CONTEXT('2D SPACE',''
  ) );
#9642 = PCURVE('',#6722,#9643);
#9643 = DEFINITIONAL_REPRESENTATION('',(#9644),#9648);
#9644 = LINE('',#9645,#9646);
#9645 = CARTESIAN_POINT('',(0.,0.));
#9646 = VECTOR('',#9647,1.);
#9647 = DIRECTION('',(-0.262493042939,0.964933884994));
#9648 = ( GEOMETRIC_REPRESENTATION_CONTEXT(2) 
PARAMETRIC_REPRESENTATION_CONTEXT() REPRESENTATION_CONTEXT('2D SPACE',''
  ) );
#9649 = ORIENTED_EDGE('',*,*,#9603,.T.);
#9650 = ORIENTED_EDGE('',*,*,#4339,.F.);
#9651 = ADVANCED_FACE('',(#9652),#6722,.T.);
#9652 = FACE_BOUND('',#9653,.T.);
#9653 = EDGE_LOOP('',(#9654,#9675,#9676));
#9654 = ORIENTED_EDGE('',*,*,#9655,.F.);
#9655 = EDGE_CURVE('',#6591,#4195,#9656,.T.);
#9656 = SURFACE_CURVE('',#9657,(#9661,#9668),.PCURVE_S1.);
#9657 = LINE('',#9658,#9659);
#9658 = CARTESIAN_POINT('',(-24.68061539433,37.13176618995,
    -1.478608475389E-02));
#9659 = VECTOR('',#9660,1.);
#9660 = DIRECTION('',(2.114172550052E-03,-1.158176900408E-03,
    0.999997094446));
#9661 = PCURVE('',#6722,#9662);
#9662 = DEFINITIONAL_REPRESENTATION('',(#9663),#9667);
#9663 = LINE('',#9664,#9665);
#9664 = CARTESIAN_POINT('',(1.874489023936E-02,15.31495325891));
#9665 = VECTOR('',#9666,1.);
#9666 = DIRECTION('',(-1.22395908638E-03,-0.999999250962));
#9667 = ( GEOMETRIC_REPRESENTATION_CONTEXT(2) 
PARAMETRIC_REPRESENTATION_CONTEXT() REPRESENTATION_CONTEXT('2D SPACE',''
  ) );
#9668 = PCURVE('',#4237,#9669);
#9669 = DEFINITIONAL_REPRESENTATION('',(#9670),#9674);
#9670 = LINE('',#9671,#9672);
#9671 = CARTESIAN_POINT('',(-4.167499316972,15.268173877279));
#9672 = VECTOR('',#9673,1.);
#9673 = DIRECTION('',(-1.0577696744E-03,-0.999999440562));
#9674 = ( GEOMETRIC_REPRESENTATION_CONTEXT(2) 
PARAMETRIC_REPRESENTATION_CONTEXT() REPRESENTATION_CONTEXT('2D SPACE',''
  ) );
#9675 = ORIENTED_EDGE('',*,*,#6706,.T.);
#9676 = ORIENTED_EDGE('',*,*,#9629,.F.);
#9677 = ADVANCED_FACE('',(#9678),#4237,.T.);
#9678 = FACE_BOUND('',#9679,.T.);
#9679 = EDGE_LOOP('',(#9680,#9701,#9702));
#9680 = ORIENTED_EDGE('',*,*,#9681,.T.);
#9681 = EDGE_CURVE('',#4079,#6591,#9682,.T.);
#9682 = SURFACE_CURVE('',#9683,(#9687,#9694),.PCURVE_S1.);
#9683 = LINE('',#9684,#9685);
#9684 = CARTESIAN_POINT('',(-28.06452642601,34.699012498066,
    15.253351971607));
#9685 = VECTOR('',#9686,1.);
#9686 = DIRECTION('',(0.213809951376,0.153711768336,-0.964706171312));
#9687 = PCURVE('',#4237,#9688);
#9688 = DEFINITIONAL_REPRESENTATION('',(#9689),#9693);
#9689 = LINE('',#9690,#9691);
#9690 = CARTESIAN_POINT('',(0.,0.));
#9691 = VECTOR('',#9692,1.);
#9692 = DIRECTION('',(-0.263320405879,0.964708434631));
#9693 = ( GEOMETRIC_REPRESENTATION_CONTEXT(2) 
PARAMETRIC_REPRESENTATION_CONTEXT() REPRESENTATION_CONTEXT('2D SPACE',''
  ) );
#9694 = PCURVE('',#6606,#9695);
#9695 = DEFINITIONAL_REPRESENTATION('',(#9696),#9700);
#9696 = LINE('',#9697,#9698);
#9697 = CARTESIAN_POINT('',(-0.,0.));
#9698 = VECTOR('',#9699,1.);
#9699 = DIRECTION('',(-0.263290760052,0.964716526069));
#9700 = ( GEOMETRIC_REPRESENTATION_CONTEXT(2) 
PARAMETRIC_REPRESENTATION_CONTEXT() REPRESENTATION_CONTEXT('2D SPACE',''
  ) );
#9701 = ORIENTED_EDGE('',*,*,#9655,.T.);
#9702 = ORIENTED_EDGE('',*,*,#4223,.F.);
#9703 = ADVANCED_FACE('',(#9704),#6606,.T.);
#9704 = FACE_BOUND('',#9705,.T.);
#9705 = EDGE_LOOP('',(#9706,#9727,#9728));
#9706 = ORIENTED_EDGE('',*,*,#9707,.T.);
#9707 = EDGE_CURVE('',#4079,#6475,#9708,.T.);
#9708 = SURFACE_CURVE('',#9709,(#9713,#9720),.PCURVE_S1.);
#9709 = LINE('',#9710,#9711);
#9710 = CARTESIAN_POINT('',(-28.06452642601,34.699012498066,
    15.253351971607));
#9711 = VECTOR('',#9712,1.);
#9712 = DIRECTION('',(2.384082409976E-03,-4.001521302325E-03,
    -0.99998915193));
#9713 = PCURVE('',#6606,#9714);
#9714 = DEFINITIONAL_REPRESENTATION('',(#9715),#9719);
#9715 = LINE('',#9716,#9717);
#9716 = CARTESIAN_POINT('',(-0.,0.));
#9717 = VECTOR('',#9718,1.);
#9718 = DIRECTION('',(4.787474202049E-04,0.9999998854));
#9719 = ( GEOMETRIC_REPRESENTATION_CONTEXT(2) 
PARAMETRIC_REPRESENTATION_CONTEXT() REPRESENTATION_CONTEXT('2D SPACE',''
  ) );
#9720 = PCURVE('',#4121,#9721);
#9721 = DEFINITIONAL_REPRESENTATION('',(#9722),#9726);
#9722 = LINE('',#9723,#9724);
#9723 = CARTESIAN_POINT('',(-4.171402033323,1.990404094373E-02));
#9724 = VECTOR('',#9725,1.);
#9725 = DIRECTION('',(8.842079514051E-04,0.999999609088));
#9726 = ( GEOMETRIC_REPRESENTATION_CONTEXT(2) 
PARAMETRIC_REPRESENTATION_CONTEXT() REPRESENTATION_CONTEXT('2D SPACE',''
  ) );
#9727 = ORIENTED_EDGE('',*,*,#6590,.T.);
#9728 = ORIENTED_EDGE('',*,*,#9681,.F.);
#9729 = ADVANCED_FACE('',(#9730),#4121,.T.);
#9730 = FACE_BOUND('',#9731,.T.);
#9731 = EDGE_LOOP('',(#9732,#9753,#9754));
#9732 = ORIENTED_EDGE('',*,*,#9733,.T.);
#9733 = EDGE_CURVE('',#3468,#6475,#9734,.T.);
#9734 = SURFACE_CURVE('',#9735,(#9739,#9746),.PCURVE_S1.);
#9735 = LINE('',#9736,#9737);
#9736 = CARTESIAN_POINT('',(-31.17770608206,31.92255659871,
    15.273255804411));
#9737 = VECTOR('',#9738,1.);
#9738 = DIRECTION('',(0.198715894047,0.171317200661,-0.964967569512));
#9739 = PCURVE('',#4121,#9740);
#9740 = DEFINITIONAL_REPRESENTATION('',(#9741),#9745);
#9741 = LINE('',#9742,#9743);
#9742 = CARTESIAN_POINT('',(0.,0.));
#9743 = VECTOR('',#9744,1.);
#9744 = DIRECTION('',(-0.262332069812,0.96497766044));
#9745 = ( GEOMETRIC_REPRESENTATION_CONTEXT(2) 
PARAMETRIC_REPRESENTATION_CONTEXT() REPRESENTATION_CONTEXT('2D SPACE',''
  ) );
#9746 = PCURVE('',#6490,#9747);
#9747 = DEFINITIONAL_REPRESENTATION('',(#9748),#9752);
#9748 = LINE('',#9749,#9750);
#9749 = CARTESIAN_POINT('',(-0.,0.));
#9750 = VECTOR('',#9751,1.);
#9751 = DIRECTION('',(-0.262369097948,0.964967593467));
#9752 = ( GEOMETRIC_REPRESENTATION_CONTEXT(2) 
PARAMETRIC_REPRESENTATION_CONTEXT() REPRESENTATION_CONTEXT('2D SPACE',''
  ) );
#9753 = ORIENTED_EDGE('',*,*,#9707,.F.);
#9754 = ORIENTED_EDGE('',*,*,#4107,.F.);
#9755 = ADVANCED_FACE('',(#9756),#6490,.T.);
#9756 = FACE_BOUND('',#9757,.T.);
#9757 = EDGE_LOOP('',(#9758,#9779,#9780));
#9758 = ORIENTED_EDGE('',*,*,#9759,.F.);
#9759 = EDGE_CURVE('',#5864,#3468,#9760,.T.);
#9760 = SURFACE_CURVE('',#9761,(#9765,#9772),.PCURVE_S1.);
#9761 = LINE('',#9762,#9763);
#9762 = CARTESIAN_POINT('',(-31.19459830541,31.90346473761,
    -2.739182724755E-02));
#9763 = VECTOR('',#9764,1.);
#9764 = DIRECTION('',(1.104018621595E-03,1.247779509871E-03,
    0.999998612094));
#9765 = PCURVE('',#6490,#9766);
#9766 = DEFINITIONAL_REPRESENTATION('',(#9767),#9771);
#9767 = LINE('',#9768,#9769);
#9768 = CARTESIAN_POINT('',(2.526307620829E-02,15.300648011491));
#9769 = VECTOR('',#9770,1.);
#9770 = DIRECTION('',(-1.651109270253E-03,-0.999998636918));
#9771 = ( GEOMETRIC_REPRESENTATION_CONTEXT(2) 
PARAMETRIC_REPRESENTATION_CONTEXT() REPRESENTATION_CONTEXT('2D SPACE',''
  ) );
#9772 = PCURVE('',#5879,#9773);
#9773 = DEFINITIONAL_REPRESENTATION('',(#9774),#9778);
#9774 = LINE('',#9775,#9776);
#9775 = CARTESIAN_POINT('',(-2.548713633487E-02,-15.3006476399));
#9776 = VECTOR('',#9777,1.);
#9777 = DIRECTION('',(1.665753082789E-03,0.999998612632));
#9778 = ( GEOMETRIC_REPRESENTATION_CONTEXT(2) 
PARAMETRIC_REPRESENTATION_CONTEXT() REPRESENTATION_CONTEXT('2D SPACE',''
  ) );
#9779 = ORIENTED_EDGE('',*,*,#6474,.T.);
#9780 = ORIENTED_EDGE('',*,*,#9733,.F.);
#9781 = ADVANCED_FACE('',(#9782),#5879,.T.);
#9782 = FACE_BOUND('',#9783,.T.);
#9783 = EDGE_LOOP('',(#9784,#9805,#9806));
#9784 = ORIENTED_EDGE('',*,*,#9785,.F.);
#9785 = EDGE_CURVE('',#24,#3468,#9786,.T.);
#9786 = SURFACE_CURVE('',#9787,(#9791,#9798),.PCURVE_S1.);
#9787 = LINE('',#9788,#9789);
#9788 = CARTESIAN_POINT('',(-34.03345067988,28.819575930894,
    1.122417756449E-03));
#9789 = VECTOR('',#9790,1.);
#9790 = DIRECTION('',(0.180245164708,0.19584988867,0.963926605975));
#9791 = PCURVE('',#5879,#9792);
#9792 = DEFINITIONAL_REPRESENTATION('',(#9793),#9797);
#9793 = LINE('',#9794,#9795);
#9794 = CARTESIAN_POINT('',(-4.217080267382,-15.27213339488));
#9795 = VECTOR('',#9796,1.);
#9796 = DIRECTION('',(0.266168174828,0.963926606495));
#9797 = ( GEOMETRIC_REPRESENTATION_CONTEXT(2) 
PARAMETRIC_REPRESENTATION_CONTEXT() REPRESENTATION_CONTEXT('2D SPACE',''
  ) );
#9798 = PCURVE('',#3510,#9799);
#9799 = DEFINITIONAL_REPRESENTATION('',(#9800),#9804);
#9800 = LINE('',#9801,#9802);
#9801 = CARTESIAN_POINT('',(-1.571293109881E-02,-15.24171393358));
#9802 = VECTOR('',#9803,1.);
#9803 = DIRECTION('',(0.266165986534,0.963927210744));
#9804 = ( GEOMETRIC_REPRESENTATION_CONTEXT(2) 
PARAMETRIC_REPRESENTATION_CONTEXT() REPRESENTATION_CONTEXT('2D SPACE',''
  ) );
#9805 = ORIENTED_EDGE('',*,*,#5863,.T.);
#9806 = ORIENTED_EDGE('',*,*,#9759,.T.);
#9807 = ADVANCED_FACE('',(#9808),#3510,.T.);
#9808 = FACE_BOUND('',#9809,.T.);
#9809 = EDGE_LOOP('',(#9810,#9831,#9832));
#9810 = ORIENTED_EDGE('',*,*,#9811,.T.);
#9811 = EDGE_CURVE('',#3411,#24,#9812,.T.);
#9812 = SURFACE_CURVE('',#9813,(#9817,#9824),.PCURVE_S1.);
#9813 = LINE('',#9814,#9815);
#9814 = CARTESIAN_POINT('',(-34.03527914647,28.842707194865,
    15.242826788689));
#9815 = VECTOR('',#9816,1.);
#9816 = DIRECTION('',(1.199645676428E-04,-1.51762798987E-03,
    -0.999998841206));
#9817 = PCURVE('',#3510,#9818);
#9818 = DEFINITIONAL_REPRESENTATION('',(#9819),#9823);
#9819 = LINE('',#9820,#9821);
#9820 = CARTESIAN_POINT('',(0.,0.));
#9821 = VECTOR('',#9822,1.);
#9822 = DIRECTION('',(-1.030915736742E-03,-0.999999468606));
#9823 = ( GEOMETRIC_REPRESENTATION_CONTEXT(2) 
PARAMETRIC_REPRESENTATION_CONTEXT() REPRESENTATION_CONTEXT('2D SPACE',''
  ) );
#9824 = PCURVE('',#3426,#9825);
#9825 = DEFINITIONAL_REPRESENTATION('',(#9826),#9830);
#9826 = LINE('',#9827,#9828);
#9827 = CARTESIAN_POINT('',(4.172304117324,-2.265212775892E-02));
#9828 = VECTOR('',#9829,1.);
#9829 = DIRECTION('',(-1.143214501483E-03,-0.99999934653));
#9830 = ( GEOMETRIC_REPRESENTATION_CONTEXT(2) 
PARAMETRIC_REPRESENTATION_CONTEXT() REPRESENTATION_CONTEXT('2D SPACE',''
  ) );
#9831 = ORIENTED_EDGE('',*,*,#9785,.T.);
#9832 = ORIENTED_EDGE('',*,*,#3496,.F.);
#9833 = ADVANCED_FACE('',(#9834),#3426,.T.);
#9834 = FACE_BOUND('',#9835,.T.);
#9835 = EDGE_LOOP('',(#9836,#9857,#9858));
#9836 = ORIENTED_EDGE('',*,*,#9837,.T.);
#9837 = EDGE_CURVE('',#3353,#24,#9838,.T.);
#9838 = SURFACE_CURVE('',#9839,(#9843,#9850),.PCURVE_S1.);
#9839 = LINE('',#9840,#9841);
#9840 = CARTESIAN_POINT('',(-36.53505875212,25.502164788135,
    15.265478905001));
#9841 = VECTOR('',#9842,1.);
#9842 = DIRECTION('',(0.15813216569,0.209700877731,-0.964893652198));
#9843 = PCURVE('',#3426,#9844);
#9844 = DEFINITIONAL_REPRESENTATION('',(#9845),#9849);
#9845 = LINE('',#9846,#9847);
#9846 = CARTESIAN_POINT('',(0.,0.));
#9847 = VECTOR('',#9848,1.);
#9848 = DIRECTION('',(0.26263910412,-0.964894139783));
#9849 = ( GEOMETRIC_REPRESENTATION_CONTEXT(2) 
PARAMETRIC_REPRESENTATION_CONTEXT() REPRESENTATION_CONTEXT('2D SPACE',''
  ) );
#9850 = PCURVE('',#72,#9851);
#9851 = DEFINITIONAL_REPRESENTATION('',(#9852),#9856);
#9852 = LINE('',#9853,#9854);
#9853 = CARTESIAN_POINT('',(0.,0.));
#9854 = VECTOR('',#9855,1.);
#9855 = DIRECTION('',(0.262623350154,-0.964898427791));
#9856 = ( GEOMETRIC_REPRESENTATION_CONTEXT(2) 
PARAMETRIC_REPRESENTATION_CONTEXT() REPRESENTATION_CONTEXT('2D SPACE',''
  ) );
#9857 = ORIENTED_EDGE('',*,*,#9811,.F.);
#9858 = ORIENTED_EDGE('',*,*,#3410,.F.);
#9859 = ADVANCED_FACE('',(#9860),#72,.T.);
#9860 = FACE_BOUND('',#9861,.T.);
#9861 = EDGE_LOOP('',(#9862,#9883,#9884));
#9862 = ORIENTED_EDGE('',*,*,#9863,.F.);
#9863 = EDGE_CURVE('',#57,#3353,#9864,.T.);
#9864 = SURFACE_CURVE('',#9865,(#9869,#9876),.PCURVE_S1.);
#9865 = LINE('',#9866,#9867);
#9866 = CARTESIAN_POINT('',(-36.57097816118,25.534329513334,
    -1.912377020367E-02));
#9867 = VECTOR('',#9868,1.);
#9868 = DIRECTION('',(2.350027089674E-03,-2.10437692405E-03,
    0.999995024473));
#9869 = PCURVE('',#72,#9870);
#9870 = DEFINITIONAL_REPRESENTATION('',(#9871),#9875);
#9871 = LINE('',#9872,#9873);
#9872 = CARTESIAN_POINT('',(3.499196568529E-03,-15.28467832399));
#9873 = VECTOR('',#9874,1.);
#9874 = DIRECTION('',(-2.289349113312E-04,0.999999973794));
#9875 = ( GEOMETRIC_REPRESENTATION_CONTEXT(2) 
PARAMETRIC_REPRESENTATION_CONTEXT() REPRESENTATION_CONTEXT('2D SPACE',''
  ) );
#9876 = PCURVE('',#3368,#9877);
#9877 = DEFINITIONAL_REPRESENTATION('',(#9878),#9882);
#9878 = LINE('',#9879,#9880);
#9879 = CARTESIAN_POINT('',(4.158730844277,-15.29879417618));
#9880 = VECTOR('',#9881,1.);
#9881 = DIRECTION('',(-4.856080294971E-04,0.999999882092));
#9882 = ( GEOMETRIC_REPRESENTATION_CONTEXT(2) 
PARAMETRIC_REPRESENTATION_CONTEXT() REPRESENTATION_CONTEXT('2D SPACE',''
  ) );
#9883 = ORIENTED_EDGE('',*,*,#56,.T.);
#9884 = ORIENTED_EDGE('',*,*,#9837,.F.);
#9885 = ADVANCED_FACE('',(#9886),#3368,.T.);
#9886 = FACE_BOUND('',#9887,.T.);
#9887 = EDGE_LOOP('',(#9888,#9909,#9910));
#9888 = ORIENTED_EDGE('',*,*,#9889,.T.);
#9889 = EDGE_CURVE('',#3295,#57,#9890,.T.);
#9890 = SURFACE_CURVE('',#9891,(#9895,#9902),.PCURVE_S1.);
#9891 = LINE('',#9892,#9893);
#9892 = CARTESIAN_POINT('',(-38.7952654048,22.020092416949,
    15.279596090253));
#9893 = VECTOR('',#9894,1.);
#9894 = DIRECTION('',(0.140298500242,0.22166300487,-0.964977638654));
#9895 = PCURVE('',#3368,#9896);
#9896 = DEFINITIONAL_REPRESENTATION('',(#9897),#9901);
#9897 = LINE('',#9898,#9899);
#9898 = CARTESIAN_POINT('',(0.,0.));
#9899 = VECTOR('',#9900,1.);
#9900 = DIRECTION('',(0.262314906509,-0.964982326171));
#9901 = ( GEOMETRIC_REPRESENTATION_CONTEXT(2) 
PARAMETRIC_REPRESENTATION_CONTEXT() REPRESENTATION_CONTEXT('2D SPACE',''
  ) );
#9902 = PCURVE('',#130,#9903);
#9903 = DEFINITIONAL_REPRESENTATION('',(#9904),#9908);
#9904 = LINE('',#9905,#9906);
#9905 = CARTESIAN_POINT('',(0.,0.));
#9906 = VECTOR('',#9907,1.);
#9907 = DIRECTION('',(0.262324321911,-0.964979766697));
#9908 = ( GEOMETRIC_REPRESENTATION_CONTEXT(2) 
PARAMETRIC_REPRESENTATION_CONTEXT() REPRESENTATION_CONTEXT('2D SPACE',''
  ) );
#9909 = ORIENTED_EDGE('',*,*,#9863,.T.);
#9910 = ORIENTED_EDGE('',*,*,#3352,.F.);
#9911 = ADVANCED_FACE('',(#9912),#130,.T.);
#9912 = FACE_BOUND('',#9913,.T.);
#9913 = EDGE_LOOP('',(#9914,#9935,#9936));
#9914 = ORIENTED_EDGE('',*,*,#9915,.T.);
#9915 = EDGE_CURVE('',#3295,#115,#9916,.T.);
#9916 = SURFACE_CURVE('',#9917,(#9921,#9928),.PCURVE_S1.);
#9917 = LINE('',#9918,#9919);
#9918 = CARTESIAN_POINT('',(-38.7952654048,22.020092416949,
    15.279596090253));
#9919 = VECTOR('',#9920,1.);
#9920 = DIRECTION('',(2.682379806622E-03,3.358554936362E-04,
    -0.999996346013));
#9921 = PCURVE('',#130,#9922);
#9922 = DEFINITIONAL_REPRESENTATION('',(#9923),#9927);
#9923 = LINE('',#9924,#9925);
#9924 = CARTESIAN_POINT('',(0.,0.));
#9925 = VECTOR('',#9926,1.);
#9926 = DIRECTION('',(1.702185003534E-03,-0.999998551282));
#9927 = ( GEOMETRIC_REPRESENTATION_CONTEXT(2) 
PARAMETRIC_REPRESENTATION_CONTEXT() REPRESENTATION_CONTEXT('2D SPACE',''
  ) );
#9928 = PCURVE('',#3310,#9929);
#9929 = DEFINITIONAL_REPRESENTATION('',(#9930),#9934);
#9930 = LINE('',#9931,#9932);
#9931 = CARTESIAN_POINT('',(4.171007682595,-5.934255891411E-03));
#9932 = VECTOR('',#9933,1.);
#9933 = DIRECTION('',(1.500105200996E-03,-0.999998874842));
#9934 = ( GEOMETRIC_REPRESENTATION_CONTEXT(2) 
PARAMETRIC_REPRESENTATION_CONTEXT() REPRESENTATION_CONTEXT('2D SPACE',''
  ) );
#9935 = ORIENTED_EDGE('',*,*,#114,.T.);
#9936 = ORIENTED_EDGE('',*,*,#9889,.F.);
#9937 = ADVANCED_FACE('',(#9938),#3310,.T.);
#9938 = FACE_BOUND('',#9939,.T.);
#9939 = EDGE_LOOP('',(#9940,#9961,#9962));
#9940 = ORIENTED_EDGE('',*,*,#9941,.T.);
#9941 = EDGE_CURVE('',#3237,#115,#9942,.T.);
#9942 = SURFACE_CURVE('',#9943,(#9947,#9954),.PCURVE_S1.);
#9943 = LINE('',#9944,#9945);
#9944 = CARTESIAN_POINT('',(-40.6607914816,18.289527105199,
    15.285530331138));
#9945 = VECTOR('',#9946,1.);
#9946 = DIRECTION('',(0.120264625166,0.235650691775,-0.964367757341));
#9947 = PCURVE('',#3310,#9948);
#9948 = DEFINITIONAL_REPRESENTATION('',(#9949),#9953);
#9949 = LINE('',#9950,#9951);
#9950 = CARTESIAN_POINT('',(0.,0.));
#9951 = VECTOR('',#9952,1.);
#9952 = DIRECTION('',(0.264556468321,-0.964370196071));
#9953 = ( GEOMETRIC_REPRESENTATION_CONTEXT(2) 
PARAMETRIC_REPRESENTATION_CONTEXT() REPRESENTATION_CONTEXT('2D SPACE',''
  ) );
#9954 = PCURVE('',#188,#9955);
#9955 = DEFINITIONAL_REPRESENTATION('',(#9956),#9960);
#9956 = LINE('',#9957,#9958);
#9957 = CARTESIAN_POINT('',(0.,0.));
#9958 = VECTOR('',#9959,1.);
#9959 = DIRECTION('',(0.264564582339,-0.964367970109));
#9960 = ( GEOMETRIC_REPRESENTATION_CONTEXT(2) 
PARAMETRIC_REPRESENTATION_CONTEXT() REPRESENTATION_CONTEXT('2D SPACE',''
  ) );
#9961 = ORIENTED_EDGE('',*,*,#9915,.F.);
#9962 = ORIENTED_EDGE('',*,*,#3294,.F.);
#9963 = ADVANCED_FACE('',(#9964),#188,.T.);
#9964 = FACE_BOUND('',#9965,.T.);
#9965 = EDGE_LOOP('',(#9966,#9987,#9988));
#9966 = ORIENTED_EDGE('',*,*,#9967,.F.);
#9967 = EDGE_CURVE('',#173,#3237,#9968,.T.);
#9968 = SURFACE_CURVE('',#9969,(#9973,#9980),.PCURVE_S1.);
#9969 = LINE('',#9970,#9971);
#9970 = CARTESIAN_POINT('',(-40.67332514125,18.287366797503,
    -1.441854689522E-02));
#9971 = VECTOR('',#9972,1.);
#9972 = DIRECTION('',(8.191958954915E-04,1.411970044583E-04,
    0.999999654491));
#9973 = PCURVE('',#188,#9974);
#9974 = DEFINITIONAL_REPRESENTATION('',(#9975),#9979);
#9975 = LINE('',#9976,#9977);
#9976 = CARTESIAN_POINT('',(-7.646316558931E-03,-15.29995225364));
#9977 = VECTOR('',#9978,1.);
#9978 = DIRECTION('',(4.997607493993E-04,0.99999987512));
#9979 = ( GEOMETRIC_REPRESENTATION_CONTEXT(2) 
PARAMETRIC_REPRESENTATION_CONTEXT() REPRESENTATION_CONTEXT('2D SPACE',''
  ) );
#9980 = PCURVE('',#246,#9981);
#9981 = DEFINITIONAL_REPRESENTATION('',(#9982),#9986);
#9982 = LINE('',#9983,#9984);
#9983 = CARTESIAN_POINT('',(-6.582162558613E-03,-15.29995274846));
#9984 = VECTOR('',#9985,1.);
#9985 = DIRECTION('',(4.30207991993E-04,0.999999907461));
#9986 = ( GEOMETRIC_REPRESENTATION_CONTEXT(2) 
PARAMETRIC_REPRESENTATION_CONTEXT() REPRESENTATION_CONTEXT('2D SPACE',''
  ) );
#9987 = ORIENTED_EDGE('',*,*,#172,.T.);
#9988 = ORIENTED_EDGE('',*,*,#9941,.F.);
#9989 = ADVANCED_FACE('',(#9990),#246,.T.);
#9990 = FACE_BOUND('',#9991,.T.);
#9991 = EDGE_LOOP('',(#9992,#10013,#10014));
#9992 = ORIENTED_EDGE('',*,*,#9993,.F.);
#9993 = EDGE_CURVE('',#231,#3237,#9994,.T.);
#9994 = SURFACE_CURVE('',#9995,(#9999,#10006),.PCURVE_S1.);
#9995 = LINE('',#9996,#9997);
#9996 = CARTESIAN_POINT('',(-42.20990308519,14.363770119263,
    4.518827200646E-02));
#9997 = VECTOR('',#9998,1.);
#9998 = DIRECTION('',(9.795887731415E-02,0.24824728319,0.963730950392));
#9999 = PCURVE('',#246,#10000);
#10000 = DEFINITIONAL_REPRESENTATION('',(#10001),#10005);
#10001 = LINE('',#10002,#10003);
#10002 = CARTESIAN_POINT('',(-4.220331403971,-15.24034591448));
#10003 = VECTOR('',#10004,1.);
#10004 = DIRECTION('',(0.266874849602,0.963731194187));
#10005 = ( GEOMETRIC_REPRESENTATION_CONTEXT(2) 
PARAMETRIC_REPRESENTATION_CONTEXT() REPRESENTATION_CONTEXT('2D SPACE',''
  ) );
#10006 = PCURVE('',#3252,#10007);
#10007 = DEFINITIONAL_REPRESENTATION('',(#10008),#10012);
#10008 = LINE('',#10009,#10010);
#10009 = CARTESIAN_POINT('',(4.680884988349E-03,-15.25619247816));
#10010 = VECTOR('',#10011,1.);
#10011 = DIRECTION('',(0.266875148136,0.963731111518));
#10012 = ( GEOMETRIC_REPRESENTATION_CONTEXT(2) 
PARAMETRIC_REPRESENTATION_CONTEXT() REPRESENTATION_CONTEXT('2D SPACE',''
  ) );
#10013 = ORIENTED_EDGE('',*,*,#230,.T.);
#10014 = ORIENTED_EDGE('',*,*,#9967,.T.);
#10015 = ADVANCED_FACE('',(#10016),#3252,.T.);
#10016 = FACE_BOUND('',#10017,.T.);
#10017 = EDGE_LOOP('',(#10018,#10039,#10040));
#10018 = ORIENTED_EDGE('',*,*,#10019,.T.);
#10019 = EDGE_CURVE('',#3179,#231,#10020,.T.);
#10020 = SURFACE_CURVE('',#10021,(#10025,#10032),.PCURVE_S1.);
#10021 = LINE('',#10022,#10023);
#10022 = CARTESIAN_POINT('',(-42.21982972662,14.362674869007,
    15.301378199502));
#10023 = VECTOR('',#10024,1.);
#10024 = DIRECTION('',(6.506630648667E-04,7.17905340151E-05,
    -0.999999785742));
#10025 = PCURVE('',#3252,#10026);
#10026 = DEFINITIONAL_REPRESENTATION('',(#10027),#10031);
#10027 = LINE('',#10028,#10029);
#10028 = CARTESIAN_POINT('',(0.,0.));
#10029 = VECTOR('',#10030,1.);
#10030 = DIRECTION('',(3.068186754148E-04,-0.999999952931));
#10031 = ( GEOMETRIC_REPRESENTATION_CONTEXT(2) 
PARAMETRIC_REPRESENTATION_CONTEXT() REPRESENTATION_CONTEXT('2D SPACE',''
  ) );
#10032 = PCURVE('',#3194,#10033);
#10033 = DEFINITIONAL_REPRESENTATION('',(#10034),#10038);
#10034 = LINE('',#10035,#10036);
#10035 = CARTESIAN_POINT('',(4.153988261712,-2.280111682733E-02));
#10036 = VECTOR('',#10037,1.);
#10037 = DIRECTION('',(2.508864445794E-04,-0.999999968528));
#10038 = ( GEOMETRIC_REPRESENTATION_CONTEXT(2) 
PARAMETRIC_REPRESENTATION_CONTEXT() REPRESENTATION_CONTEXT('2D SPACE',''
  ) );
#10039 = ORIENTED_EDGE('',*,*,#9993,.T.);
#10040 = ORIENTED_EDGE('',*,*,#3236,.F.);
#10041 = ADVANCED_FACE('',(#10042),#3194,.T.);
#10042 = FACE_BOUND('',#10043,.T.);
#10043 = EDGE_LOOP('',(#10044,#10065,#10066));
#10044 = ORIENTED_EDGE('',*,*,#10045,.T.);
#10045 = EDGE_CURVE('',#3121,#231,#10046,.T.);
#10046 = SURFACE_CURVE('',#10047,(#10051,#10058),.PCURVE_S1.);
#10047 = LINE('',#10048,#10049);
#10048 = CARTESIAN_POINT('',(-43.38152083391,10.374430612462,
    15.324179312162));
#10049 = VECTOR('',#10050,1.);
#10050 = DIRECTION('',(7.399091327628E-02,0.251937864376,-0.964910699105
    ));
#10051 = PCURVE('',#3194,#10052);
#10052 = DEFINITIONAL_REPRESENTATION('',(#10053),#10057);
#10053 = LINE('',#10054,#10055);
#10054 = CARTESIAN_POINT('',(0.,0.));
#10055 = VECTOR('',#10056,1.);
#10056 = DIRECTION('',(0.26257761212,-0.964910875477));
#10057 = ( GEOMETRIC_REPRESENTATION_CONTEXT(2) 
PARAMETRIC_REPRESENTATION_CONTEXT() REPRESENTATION_CONTEXT('2D SPACE',''
  ) );
#10058 = PCURVE('',#304,#10059);
#10059 = DEFINITIONAL_REPRESENTATION('',(#10060),#10064);
#10060 = LINE('',#10061,#10062);
#10061 = CARTESIAN_POINT('',(0.,0.));
#10062 = VECTOR('',#10063,1.);
#10063 = DIRECTION('',(0.262572327276,-0.964912313606));
#10064 = ( GEOMETRIC_REPRESENTATION_CONTEXT(2) 
PARAMETRIC_REPRESENTATION_CONTEXT() REPRESENTATION_CONTEXT('2D SPACE',''
  ) );
#10065 = ORIENTED_EDGE('',*,*,#10019,.F.);
#10066 = ORIENTED_EDGE('',*,*,#3178,.F.);
#10067 = ADVANCED_FACE('',(#10068),#304,.T.);
#10068 = FACE_BOUND('',#10069,.T.);
#10069 = EDGE_LOOP('',(#10070,#10091,#10092));
#10070 = ORIENTED_EDGE('',*,*,#10071,.T.);
#10071 = EDGE_CURVE('',#3121,#289,#10072,.T.);
#10072 = SURFACE_CURVE('',#10073,(#10077,#10084),.PCURVE_S1.);
#10073 = LINE('',#10074,#10075);
#10074 = CARTESIAN_POINT('',(-43.38152083391,10.374430612462,
    15.324179312162));
#10075 = VECTOR('',#10076,1.);
#10076 = DIRECTION('',(2.152110202236E-03,8.702679138083E-04,
    -0.999997305524));
#10077 = PCURVE('',#304,#10078);
#10078 = DEFINITIONAL_REPRESENTATION('',(#10079),#10083);
#10079 = LINE('',#10080,#10081);
#10080 = CARTESIAN_POINT('',(0.,0.));
#10081 = VECTOR('',#10082,1.);
#10082 = DIRECTION('',(1.429172090267E-03,-0.999998978733));
#10083 = ( GEOMETRIC_REPRESENTATION_CONTEXT(2) 
PARAMETRIC_REPRESENTATION_CONTEXT() REPRESENTATION_CONTEXT('2D SPACE',''
  ) );
#10084 = PCURVE('',#362,#10085);
#10085 = DEFINITIONAL_REPRESENTATION('',(#10086),#10090);
#10086 = LINE('',#10087,#10088);
#10087 = CARTESIAN_POINT('',(0.,0.));
#10088 = VECTOR('',#10089,1.);
#10089 = DIRECTION('',(1.268856906143E-03,-0.999999195001));
#10090 = ( GEOMETRIC_REPRESENTATION_CONTEXT(2) 
PARAMETRIC_REPRESENTATION_CONTEXT() REPRESENTATION_CONTEXT('2D SPACE',''
  ) );
#10091 = ORIENTED_EDGE('',*,*,#288,.T.);
#10092 = ORIENTED_EDGE('',*,*,#10045,.F.);
#10093 = ADVANCED_FACE('',(#10094),#362,.T.);
#10094 = FACE_BOUND('',#10095,.T.);
#10095 = EDGE_LOOP('',(#10096,#10117,#10118));
#10096 = ORIENTED_EDGE('',*,*,#10097,.F.);
#10097 = EDGE_CURVE('',#347,#3121,#10098,.T.);
#10098 = SURFACE_CURVE('',#10099,(#10103,#10110),.PCURVE_S1.);
#10099 = LINE('',#10100,#10101);
#10100 = CARTESIAN_POINT('',(-44.1660024285,6.227538287717,
    2.753012583152E-02));
#10101 = VECTOR('',#10102,1.);
#10102 = DIRECTION('',(4.943735619941E-02,0.26133359201,0.963981691475)
  );
#10103 = PCURVE('',#362,#10104);
#10104 = DEFINITIONAL_REPRESENTATION('',(#10105),#10109);
#10105 = LINE('',#10106,#10107);
#10106 = CARTESIAN_POINT('',(-4.220336846072,-15.29667808907));
#10107 = VECTOR('',#10108,1.);
#10108 = DIRECTION('',(0.265962002653,0.963983512901));
#10109 = ( GEOMETRIC_REPRESENTATION_CONTEXT(2) 
PARAMETRIC_REPRESENTATION_CONTEXT() REPRESENTATION_CONTEXT('2D SPACE',''
  ) );
#10110 = PCURVE('',#3136,#10111);
#10111 = DEFINITIONAL_REPRESENTATION('',(#10112),#10116);
#10112 = LINE('',#10113,#10114);
#10113 = CARTESIAN_POINT('',(-6.127406152967E-02,-15.24199935899));
#10114 = VECTOR('',#10115,1.);
#10115 = DIRECTION('',(0.265965096602,0.963982659278));
#10116 = ( GEOMETRIC_REPRESENTATION_CONTEXT(2) 
PARAMETRIC_REPRESENTATION_CONTEXT() REPRESENTATION_CONTEXT('2D SPACE',''
  ) );
#10117 = ORIENTED_EDGE('',*,*,#346,.T.);
#10118 = ORIENTED_EDGE('',*,*,#10071,.F.);
#10119 = ADVANCED_FACE('',(#10120),#3136,.T.);
#10120 = FACE_BOUND('',#10121,.T.);
#10121 = EDGE_LOOP('',(#10122,#10143,#10144));
#10122 = ORIENTED_EDGE('',*,*,#10123,.T.);
#10123 = EDGE_CURVE('',#3063,#347,#10124,.T.);
#10124 = SURFACE_CURVE('',#10125,(#10129,#10136),.PCURVE_S1.);
#10125 = LINE('',#10126,#10127);
#10126 = CARTESIAN_POINT('',(-44.17550477386,6.291808766284,
    15.269514182422));
#10127 = VECTOR('',#10128,1.);
#10128 = DIRECTION('',(6.234266484159E-04,-4.216635739235E-03,
    -0.99999091562));
#10129 = PCURVE('',#3136,#10130);
#10130 = DEFINITIONAL_REPRESENTATION('',(#10131),#10135);
#10131 = LINE('',#10132,#10133);
#10132 = CARTESIAN_POINT('',(0.,0.));
#10133 = VECTOR('',#10134,1.);
#10134 = DIRECTION('',(-4.020047827455E-03,-0.999991919575));
#10135 = ( GEOMETRIC_REPRESENTATION_CONTEXT(2) 
PARAMETRIC_REPRESENTATION_CONTEXT() REPRESENTATION_CONTEXT('2D SPACE',''
  ) );
#10136 = PCURVE('',#3078,#10137);
#10137 = DEFINITIONAL_REPRESENTATION('',(#10138),#10142);
#10138 = LINE('',#10139,#10140);
#10139 = CARTESIAN_POINT('',(4.235087458938,-1.752013679226E-02));
#10140 = VECTOR('',#10141,1.);
#10141 = DIRECTION('',(-4.1548864465E-03,-0.999991368422));
#10142 = ( GEOMETRIC_REPRESENTATION_CONTEXT(2) 
PARAMETRIC_REPRESENTATION_CONTEXT() REPRESENTATION_CONTEXT('2D SPACE',''
  ) );
#10143 = ORIENTED_EDGE('',*,*,#10097,.T.);
#10144 = ORIENTED_EDGE('',*,*,#3120,.F.);
#10145 = ADVANCED_FACE('',(#10146),#420,.T.);
#10146 = FACE_BOUND('',#10147,.T.);
#10147 = EDGE_LOOP('',(#10148,#10169,#10170));
#10148 = ORIENTED_EDGE('',*,*,#10149,.F.);
#10149 = EDGE_CURVE('',#405,#3005,#10150,.T.);
#10150 = SURFACE_CURVE('',#10151,(#10155,#10162),.PCURVE_S1.);
#10151 = LINE('',#10152,#10153);
#10152 = CARTESIAN_POINT('',(-44.53736792694,2.129044903271,
    -2.945183173133E-02));
#10153 = VECTOR('',#10154,1.);
#10154 = DIRECTION('',(1.977385463399E-03,-3.873152621731E-03,
    0.999990544273));
#10155 = PCURVE('',#420,#10156);
#10156 = DEFINITIONAL_REPRESENTATION('',(#10157),#10161);
#10157 = LINE('',#10158,#10159);
#10158 = CARTESIAN_POINT('',(5.634964382731E-02,-15.31652731781));
#10159 = VECTOR('',#10160,1.);
#10160 = DIRECTION('',(-3.678984231391E-03,0.999993232515));
#10161 = ( GEOMETRIC_REPRESENTATION_CONTEXT(2) 
PARAMETRIC_REPRESENTATION_CONTEXT() REPRESENTATION_CONTEXT('2D SPACE',''
  ) );
#10162 = PCURVE('',#3020,#10163);
#10163 = DEFINITIONAL_REPRESENTATION('',(#10164),#10168);
#10164 = LINE('',#10165,#10166);
#10165 = CARTESIAN_POINT('',(4.198324158029,-15.32430352894));
#10166 = VECTOR('',#10167,1.);
#10167 = DIRECTION('',(-3.863770330231E-03,0.999992535612));
#10168 = ( GEOMETRIC_REPRESENTATION_CONTEXT(2) 
PARAMETRIC_REPRESENTATION_CONTEXT() REPRESENTATION_CONTEXT('2D SPACE',''
  ) );
#10169 = ORIENTED_EDGE('',*,*,#404,.T.);
#10170 = ORIENTED_EDGE('',*,*,#10171,.F.);
#10171 = EDGE_CURVE('',#3005,#347,#10172,.T.);
#10172 = SURFACE_CURVE('',#10173,(#10177,#10184),.PCURVE_S1.);
#10173 = LINE('',#10174,#10175);
#10174 = CARTESIAN_POINT('',(-44.5070810435,2.069721253862,
    15.287034311281));
#10175 = VECTOR('',#10176,1.);
#10176 = DIRECTION('',(2.156065889527E-02,0.262828775753,-0.964601561591
    ));
#10177 = PCURVE('',#420,#10178);
#10178 = DEFINITIONAL_REPRESENTATION('',(#10179),#10183);
#10179 = LINE('',#10180,#10181);
#10180 = CARTESIAN_POINT('',(0.,0.));
#10181 = VECTOR('',#10182,1.);
#10182 = DIRECTION('',(0.263702151565,-0.964604154698));
#10183 = ( GEOMETRIC_REPRESENTATION_CONTEXT(2) 
PARAMETRIC_REPRESENTATION_CONTEXT() REPRESENTATION_CONTEXT('2D SPACE',''
  ) );
#10184 = PCURVE('',#3078,#10185);
#10185 = DEFINITIONAL_REPRESENTATION('',(#10186),#10190);
#10186 = LINE('',#10187,#10188);
#10187 = CARTESIAN_POINT('',(0.,0.));
#10188 = VECTOR('',#10189,1.);
#10189 = DIRECTION('',(0.26371003914,-0.964601998369));
#10190 = ( GEOMETRIC_REPRESENTATION_CONTEXT(2) 
PARAMETRIC_REPRESENTATION_CONTEXT() REPRESENTATION_CONTEXT('2D SPACE',''
  ) );
#10191 = ADVANCED_FACE('',(#10192),#3078,.T.);
#10192 = FACE_BOUND('',#10193,.T.);
#10193 = EDGE_LOOP('',(#10194,#10195,#10196));
#10194 = ORIENTED_EDGE('',*,*,#10171,.T.);
#10195 = ORIENTED_EDGE('',*,*,#10123,.F.);
#10196 = ORIENTED_EDGE('',*,*,#3062,.F.);
#10197 = ADVANCED_FACE('',(#10198),#478,.T.);
#10198 = FACE_BOUND('',#10199,.T.);
#10199 = EDGE_LOOP('',(#10200,#10221,#10222));
#10200 = ORIENTED_EDGE('',*,*,#10201,.F.);
#10201 = EDGE_CURVE('',#463,#2024,#10202,.T.);
#10202 = SURFACE_CURVE('',#10203,(#10207,#10214),.PCURVE_S1.);
#10203 = LINE('',#10204,#10205);
#10204 = CARTESIAN_POINT('',(-44.55369410759,-2.101697731446,
    -1.192110639613E-02));
#10205 = VECTOR('',#10206,1.);
#10206 = DIRECTION('',(1.769124210996E-03,2.11153618647E-03,0.9999962058
    ));
#10207 = PCURVE('',#478,#10208);
#10208 = DEFINITIONAL_REPRESENTATION('',(#10209),#10213);
#10209 = LINE('',#10210,#10211);
#10210 = CARTESIAN_POINT('',(-3.242531678524E-02,-15.30676602027));
#10211 = VECTOR('',#10212,1.);
#10212 = DIRECTION('',(2.118360206768E-03,0.999997756273));
#10213 = ( GEOMETRIC_REPRESENTATION_CONTEXT(2) 
PARAMETRIC_REPRESENTATION_CONTEXT() REPRESENTATION_CONTEXT('2D SPACE',''
  ) );
#10214 = PCURVE('',#2123,#10215);
#10215 = DEFINITIONAL_REPRESENTATION('',(#10216),#10220);
#10216 = LINE('',#10217,#10218);
#10217 = CARTESIAN_POINT('',(4.135978671301,-15.30015319753));
#10218 = VECTOR('',#10219,1.);
#10219 = DIRECTION('',(1.952247068018E-03,0.999998094364));
#10220 = ( GEOMETRIC_REPRESENTATION_CONTEXT(2) 
PARAMETRIC_REPRESENTATION_CONTEXT() REPRESENTATION_CONTEXT('2D SPACE',''
  ) );
#10221 = ORIENTED_EDGE('',*,*,#462,.T.);
#10222 = ORIENTED_EDGE('',*,*,#10223,.T.);
#10223 = EDGE_CURVE('',#405,#2024,#10224,.T.);
#10224 = SURFACE_CURVE('',#10225,(#10229,#10236),.PCURVE_S1.);
#10225 = LINE('',#10226,#10227);
#10226 = CARTESIAN_POINT('',(-44.53736792694,2.129044903271,
    -2.945183173133E-02));
#10227 = VECTOR('',#10228,1.);
#10228 = DIRECTION('',(6.767860121854E-04,-0.264234548525,0.964458213365
    ));
#10229 = PCURVE('',#478,#10230);
#10230 = DEFINITIONAL_REPRESENTATION('',(#10231),#10235);
#10231 = LINE('',#10232,#10233);
#10232 = CARTESIAN_POINT('',(4.198348818575,-15.32429677279));
#10233 = VECTOR('',#10234,1.);
#10234 = DIRECTION('',(-0.264229957092,0.964459708736));
#10235 = ( GEOMETRIC_REPRESENTATION_CONTEXT(2) 
PARAMETRIC_REPRESENTATION_CONTEXT() REPRESENTATION_CONTEXT('2D SPACE',''
  ) );
#10236 = PCURVE('',#3020,#10237);
#10237 = DEFINITIONAL_REPRESENTATION('',(#10238),#10242);
#10238 = LINE('',#10239,#10240);
#10239 = CARTESIAN_POINT('',(4.198324158029,-15.32430352894));
#10240 = VECTOR('',#10241,1.);
#10241 = DIRECTION('',(-0.26422840504,0.964460133945));
#10242 = ( GEOMETRIC_REPRESENTATION_CONTEXT(2) 
PARAMETRIC_REPRESENTATION_CONTEXT() REPRESENTATION_CONTEXT('2D SPACE',''
  ) );
#10243 = ADVANCED_FACE('',(#10244),#3020,.T.);
#10244 = FACE_BOUND('',#10245,.T.);
#10245 = EDGE_LOOP('',(#10246,#10247,#10248));
#10246 = ORIENTED_EDGE('',*,*,#10223,.F.);
#10247 = ORIENTED_EDGE('',*,*,#10149,.T.);
#10248 = ORIENTED_EDGE('',*,*,#3004,.F.);
#10249 = ADVANCED_FACE('',(#10250),#593,.T.);
#10250 = FACE_BOUND('',#10251,.T.);
#10251 = EDGE_LOOP('',(#10252,#10273,#10274));
#10252 = ORIENTED_EDGE('',*,*,#10253,.T.);
#10253 = EDGE_CURVE('',#2082,#578,#10254,.T.);
#10254 = SURFACE_CURVE('',#10255,(#10259,#10266),.PCURVE_S1.);
#10255 = LINE('',#10256,#10257);
#10256 = CARTESIAN_POINT('',(-44.16981199923,-6.219930156008,
    15.288203195763));
#10257 = VECTOR('',#10258,1.);
#10258 = DIRECTION('',(1.651683254685E-03,1.037782458386E-04,
    -0.999998630585));
#10259 = PCURVE('',#593,#10260);
#10260 = DEFINITIONAL_REPRESENTATION('',(#10261),#10265);
#10261 = LINE('',#10262,#10263);
#10262 = CARTESIAN_POINT('',(0.,0.));
#10263 = VECTOR('',#10264,1.);
#10264 = DIRECTION('',(-6.008642221263E-05,-0.999999998195));
#10265 = ( GEOMETRIC_REPRESENTATION_CONTEXT(2) 
PARAMETRIC_REPRESENTATION_CONTEXT() REPRESENTATION_CONTEXT('2D SPACE',''
  ) );
#10266 = PCURVE('',#651,#10267);
#10267 = DEFINITIONAL_REPRESENTATION('',(#10268),#10272);
#10268 = LINE('',#10269,#10270);
#10269 = CARTESIAN_POINT('',(0.,0.));
#10270 = VECTOR('',#10271,1.);
#10271 = DIRECTION('',(-2.023311219367E-04,-0.999999979531));
#10272 = ( GEOMETRIC_REPRESENTATION_CONTEXT(2) 
PARAMETRIC_REPRESENTATION_CONTEXT() REPRESENTATION_CONTEXT('2D SPACE',''
  ) );
#10273 = ORIENTED_EDGE('',*,*,#577,.F.);
#10274 = ORIENTED_EDGE('',*,*,#10275,.T.);
#10275 = EDGE_CURVE('',#463,#2082,#10276,.T.);
#10276 = SURFACE_CURVE('',#10277,(#10281,#10288),.PCURVE_S1.);
#10277 = LINE('',#10278,#10279);
#10278 = CARTESIAN_POINT('',(-44.55369410759,-2.101697731446,
    -1.192110639613E-02));
#10279 = VECTOR('',#10280,1.);
#10280 = DIRECTION('',(2.42207274659E-02,-0.259836504554,0.965348821547)
  );
#10281 = PCURVE('',#593,#10282);
#10282 = DEFINITIONAL_REPRESENTATION('',(#10283),#10287);
#10283 = LINE('',#10284,#10285);
#10284 = CARTESIAN_POINT('',(4.136008157233,-15.30014522678));
#10285 = VECTOR('',#10286,1.);
#10286 = DIRECTION('',(-0.260958049859,0.965350141769));
#10287 = ( GEOMETRIC_REPRESENTATION_CONTEXT(2) 
PARAMETRIC_REPRESENTATION_CONTEXT() REPRESENTATION_CONTEXT('2D SPACE',''
  ) );
#10288 = PCURVE('',#2123,#10289);
#10289 = DEFINITIONAL_REPRESENTATION('',(#10290),#10294);
#10290 = LINE('',#10291,#10292);
#10291 = CARTESIAN_POINT('',(4.135978671301,-15.30015319753));
#10292 = VECTOR('',#10293,1.);
#10293 = DIRECTION('',(-0.260956189468,0.965350644677));
#10294 = ( GEOMETRIC_REPRESENTATION_CONTEXT(2) 
PARAMETRIC_REPRESENTATION_CONTEXT() REPRESENTATION_CONTEXT('2D SPACE',''
  ) );
#10295 = ADVANCED_FACE('',(#10296),#651,.T.);
#10296 = FACE_BOUND('',#10297,.T.);
#10297 = EDGE_LOOP('',(#10298,#10319,#10320));
#10298 = ORIENTED_EDGE('',*,*,#10299,.T.);
#10299 = EDGE_CURVE('',#2082,#636,#10300,.T.);
#10300 = SURFACE_CURVE('',#10301,(#10305,#10312),.PCURVE_S1.);
#10301 = LINE('',#10302,#10303);
#10302 = CARTESIAN_POINT('',(-44.16981199923,-6.219930156008,
    15.288203195763));
#10303 = VECTOR('',#10304,1.);
#10304 = DIRECTION('',(5.09143565378E-02,-0.263004346638,-0.963450279956
    ));
#10305 = PCURVE('',#651,#10306);
#10306 = DEFINITIONAL_REPRESENTATION('',(#10307),#10311);
#10307 = LINE('',#10308,#10309);
#10308 = CARTESIAN_POINT('',(0.,0.));
#10309 = VECTOR('',#10310,1.);
#10310 = DIRECTION('',(-0.267882537255,-0.9634515796));
#10311 = ( GEOMETRIC_REPRESENTATION_CONTEXT(2) 
PARAMETRIC_REPRESENTATION_CONTEXT() REPRESENTATION_CONTEXT('2D SPACE',''
  ) );
#10312 = PCURVE('',#2181,#10313);
#10313 = DEFINITIONAL_REPRESENTATION('',(#10314),#10318);
#10314 = LINE('',#10315,#10316);
#10315 = CARTESIAN_POINT('',(4.188911387939,2.756203931179E-02));
#10316 = VECTOR('',#10317,1.);
#10317 = DIRECTION('',(-0.267885857857,-0.963450656318));
#10318 = ( GEOMETRIC_REPRESENTATION_CONTEXT(2) 
PARAMETRIC_REPRESENTATION_CONTEXT() REPRESENTATION_CONTEXT('2D SPACE',''
  ) );
#10319 = ORIENTED_EDGE('',*,*,#635,.F.);
#10320 = ORIENTED_EDGE('',*,*,#10253,.F.);
#10321 = ADVANCED_FACE('',(#10322),#2123,.T.);
#10322 = FACE_BOUND('',#10323,.T.);
#10323 = EDGE_LOOP('',(#10324,#10325,#10326));
#10324 = ORIENTED_EDGE('',*,*,#10275,.F.);
#10325 = ORIENTED_EDGE('',*,*,#10201,.T.);
#10326 = ORIENTED_EDGE('',*,*,#2109,.T.);
#10327 = ADVANCED_FACE('',(#10328),#2181,.T.);
#10328 = FACE_BOUND('',#10329,.T.);
#10329 = EDGE_LOOP('',(#10330,#10351,#10352));
#10330 = ORIENTED_EDGE('',*,*,#10331,.F.);
#10331 = EDGE_CURVE('',#636,#2140,#10332,.T.);
#10332 = SURFACE_CURVE('',#10333,(#10337,#10344),.PCURVE_S1.);
#10333 = LINE('',#10334,#10335);
#10334 = CARTESIAN_POINT('',(-43.36108686521,-10.39749891946,
    -1.526933667907E-02));
#10335 = VECTOR('',#10336,1.);
#10336 = DIRECTION('',(3.014401780801E-05,4.422405538481E-03,
    0.999990220662));
#10337 = PCURVE('',#2181,#10338);
#10338 = DEFINITIONAL_REPRESENTATION('',(#10339),#10343);
#10339 = LINE('',#10340,#10341);
#10340 = CARTESIAN_POINT('',(-6.619544302533E-02,-15.27591647127));
#10341 = VECTOR('',#10342,1.);
#10342 = DIRECTION('',(4.333279882784E-03,0.999990611299));
#10343 = ( GEOMETRIC_REPRESENTATION_CONTEXT(2) 
PARAMETRIC_REPRESENTATION_CONTEXT() REPRESENTATION_CONTEXT('2D SPACE',''
  ) );
#10344 = PCURVE('',#2239,#10345);
#10345 = DEFINITIONAL_REPRESENTATION('',(#10346),#10350);
#10346 = LINE('',#10347,#10348);
#10347 = CARTESIAN_POINT('',(4.137639379535,-15.30341586654));
#10348 = VECTOR('',#10349,1.);
#10349 = DIRECTION('',(4.246557216692E-03,0.999990983335));
#10350 = ( GEOMETRIC_REPRESENTATION_CONTEXT(2) 
PARAMETRIC_REPRESENTATION_CONTEXT() REPRESENTATION_CONTEXT('2D SPACE',''
  ) );
#10351 = ORIENTED_EDGE('',*,*,#10299,.F.);
#10352 = ORIENTED_EDGE('',*,*,#2167,.T.);
#10353 = ADVANCED_FACE('',(#10354),#709,.T.);
#10354 = FACE_BOUND('',#10355,.T.);
#10355 = EDGE_LOOP('',(#10356,#10377,#10378));
#10356 = ORIENTED_EDGE('',*,*,#10357,.F.);
#10357 = EDGE_CURVE('',#694,#2198,#10358,.T.);
#10358 = SURFACE_CURVE('',#10359,(#10363,#10370),.PCURVE_S1.);
#10359 = LINE('',#10360,#10361);
#10360 = CARTESIAN_POINT('',(-42.22774591019,-14.37667041681,
    -3.484521654502E-02));
#10361 = VECTOR('',#10362,1.);
#10362 = DIRECTION('',(8.631279105207E-04,2.297452714293E-04,
    0.999999601114));
#10363 = PCURVE('',#709,#10364);
#10364 = DEFINITIONAL_REPRESENTATION('',(#10365),#10369);
#10365 = LINE('',#10366,#10367);
#10366 = CARTESIAN_POINT('',(2.371653167971E-04,-15.3229861851));
#10367 = VECTOR('',#10368,1.);
#10368 = DIRECTION('',(-1.54777478687E-05,0.99999999988));
#10369 = ( GEOMETRIC_REPRESENTATION_CONTEXT(2) 
PARAMETRIC_REPRESENTATION_CONTEXT() REPRESENTATION_CONTEXT('2D SPACE',''
  ) );
#10370 = PCURVE('',#767,#10371);
#10371 = DEFINITIONAL_REPRESENTATION('',(#10372),#10376);
#10372 = LINE('',#10373,#10374);
#10373 = CARTESIAN_POINT('',(1.77624519355E-03,-15.32298608399));
#10374 = VECTOR('',#10375,1.);
#10375 = DIRECTION('',(-1.15920302471E-04,0.999999993281));
#10376 = ( GEOMETRIC_REPRESENTATION_CONTEXT(2) 
PARAMETRIC_REPRESENTATION_CONTEXT() REPRESENTATION_CONTEXT('2D SPACE',''
  ) );
#10377 = ORIENTED_EDGE('',*,*,#693,.F.);
#10378 = ORIENTED_EDGE('',*,*,#10379,.T.);
#10379 = EDGE_CURVE('',#636,#2198,#10380,.T.);
#10380 = SURFACE_CURVE('',#10381,(#10385,#10392),.PCURVE_S1.);
#10381 = LINE('',#10382,#10383);
#10382 = CARTESIAN_POINT('',(-43.36108686521,-10.39749891946,
    -1.526933667907E-02));
#10383 = VECTOR('',#10384,1.);
#10384 = DIRECTION('',(7.232533421124E-02,-0.250783759486,0.965337532684
    ));
#10385 = PCURVE('',#709,#10386);
#10386 = DEFINITIONAL_REPRESENTATION('',(#10387),#10391);
#10387 = LINE('',#10388,#10389);
#10388 = CARTESIAN_POINT('',(4.13765997733,-15.30341029743));
#10389 = VECTOR('',#10390,1.);
#10390 = DIRECTION('',(-0.261003265856,0.965337917629));
#10391 = ( GEOMETRIC_REPRESENTATION_CONTEXT(2) 
PARAMETRIC_REPRESENTATION_CONTEXT() REPRESENTATION_CONTEXT('2D SPACE',''
  ) );
#10392 = PCURVE('',#2239,#10393);
#10393 = DEFINITIONAL_REPRESENTATION('',(#10394),#10398);
#10394 = LINE('',#10395,#10396);
#10395 = CARTESIAN_POINT('',(4.137639379535,-15.30341586654));
#10396 = VECTOR('',#10397,1.);
#10397 = DIRECTION('',(-0.261001966549,0.965338268928));
#10398 = ( GEOMETRIC_REPRESENTATION_CONTEXT(2) 
PARAMETRIC_REPRESENTATION_CONTEXT() REPRESENTATION_CONTEXT('2D SPACE',''
  ) );
#10399 = ADVANCED_FACE('',(#10400),#767,.T.);
#10400 = FACE_BOUND('',#10401,.T.);
#10401 = EDGE_LOOP('',(#10402,#10423,#10424));
#10402 = ORIENTED_EDGE('',*,*,#10403,.T.);
#10403 = EDGE_CURVE('',#2198,#752,#10404,.T.);
#10404 = SURFACE_CURVE('',#10405,(#10409,#10416),.PCURVE_S1.);
#10405 = LINE('',#10406,#10407);
#10406 = CARTESIAN_POINT('',(-42.21452021313,-14.37315003319,
    15.288134858266));
#10407 = VECTOR('',#10408,1.);
#10408 = DIRECTION('',(0.100017537206,-0.245358743892,-0.964259082948));
#10409 = PCURVE('',#767,#10410);
#10410 = DEFINITIONAL_REPRESENTATION('',(#10411),#10415);
#10411 = LINE('',#10412,#10413);
#10412 = CARTESIAN_POINT('',(0.,0.));
#10413 = VECTOR('',#10414,1.);
#10414 = DIRECTION('',(-0.264959792575,-0.964259461099));
#10415 = ( GEOMETRIC_REPRESENTATION_CONTEXT(2) 
PARAMETRIC_REPRESENTATION_CONTEXT() REPRESENTATION_CONTEXT('2D SPACE',''
  ) );
#10416 = PCURVE('',#2297,#10417);
#10417 = DEFINITIONAL_REPRESENTATION('',(#10418),#10422);
#10418 = LINE('',#10419,#10420);
#10419 = CARTESIAN_POINT('',(4.195216115105,-5.934862235358E-03));
#10420 = VECTOR('',#10421,1.);
#10421 = DIRECTION('',(-0.264932010487,-0.964267094647));
#10422 = ( GEOMETRIC_REPRESENTATION_CONTEXT(2) 
PARAMETRIC_REPRESENTATION_CONTEXT() REPRESENTATION_CONTEXT('2D SPACE',''
  ) );
#10423 = ORIENTED_EDGE('',*,*,#751,.F.);
#10424 = ORIENTED_EDGE('',*,*,#10357,.T.);
#10425 = ADVANCED_FACE('',(#10426),#2239,.T.);
#10426 = FACE_BOUND('',#10427,.T.);
#10427 = EDGE_LOOP('',(#10428,#10429,#10430));
#10428 = ORIENTED_EDGE('',*,*,#10379,.F.);
#10429 = ORIENTED_EDGE('',*,*,#10331,.T.);
#10430 = ORIENTED_EDGE('',*,*,#2225,.T.);
#10431 = ADVANCED_FACE('',(#10432),#2297,.T.);
#10432 = FACE_BOUND('',#10433,.T.);
#10433 = EDGE_LOOP('',(#10434,#10455,#10456));
#10434 = ORIENTED_EDGE('',*,*,#10435,.T.);
#10435 = EDGE_CURVE('',#2256,#752,#10436,.T.);
#10436 = SURFACE_CURVE('',#10437,(#10441,#10448),.PCURVE_S1.);
#10437 = LINE('',#10438,#10439);
#10438 = CARTESIAN_POINT('',(-40.68873929262,-18.28106902361,
    15.294069671191));
#10439 = VECTOR('',#10440,1.);
#10440 = DIRECTION('',(3.945023577896E-03,1.104085503925E-03,
    -0.999991608857));
#10441 = PCURVE('',#2297,#10442);
#10442 = DEFINITIONAL_REPRESENTATION('',(#10443),#10447);
#10443 = LINE('',#10444,#10445);
#10444 = CARTESIAN_POINT('',(0.,0.));
#10445 = VECTOR('',#10446,1.);
#10446 = DIRECTION('',(-4.063351140399E-04,-0.999999917446));
#10447 = ( GEOMETRIC_REPRESENTATION_CONTEXT(2) 
PARAMETRIC_REPRESENTATION_CONTEXT() REPRESENTATION_CONTEXT('2D SPACE',''
  ) );
#10448 = PCURVE('',#2355,#10449);
#10449 = DEFINITIONAL_REPRESENTATION('',(#10450),#10454);
#10450 = LINE('',#10451,#10452);
#10451 = CARTESIAN_POINT('',(4.152271754917,1.473341319278E-02));
#10452 = VECTOR('',#10453,1.);
#10453 = DIRECTION('',(-8.582177538801E-04,-0.999999631731));
#10454 = ( GEOMETRIC_REPRESENTATION_CONTEXT(2) 
PARAMETRIC_REPRESENTATION_CONTEXT() REPRESENTATION_CONTEXT('2D SPACE',''
  ) );
#10455 = ORIENTED_EDGE('',*,*,#10403,.F.);
#10456 = ORIENTED_EDGE('',*,*,#2283,.T.);
#10457 = ADVANCED_FACE('',(#10458),#825,.T.);
#10458 = FACE_BOUND('',#10459,.T.);
#10459 = EDGE_LOOP('',(#10460,#10481,#10482));
#10460 = ORIENTED_EDGE('',*,*,#10461,.F.);
#10461 = EDGE_CURVE('',#810,#2314,#10462,.T.);
#10462 = SURFACE_CURVE('',#10463,(#10467,#10474),.PCURVE_S1.);
#10463 = LINE('',#10464,#10465);
#10464 = CARTESIAN_POINT('',(-38.82143585954,-21.9875508752,
    2.720182310715E-03));
#10465 = VECTOR('',#10466,1.);
#10466 = DIRECTION('',(4.234754607865E-03,2.032945108219E-03,
    0.999988966933));
#10467 = PCURVE('',#825,#10468);
#10468 = DEFINITIONAL_REPRESENTATION('',(#10469),#10473);
#10469 = LINE('',#10470,#10471);
#10470 = CARTESIAN_POINT('',(3.043552571338E-04,-15.27678474065));
#10471 = VECTOR('',#10472,1.);
#10472 = DIRECTION('',(-1.992272996186E-05,0.999999999802));
#10473 = ( GEOMETRIC_REPRESENTATION_CONTEXT(2) 
PARAMETRIC_REPRESENTATION_CONTEXT() REPRESENTATION_CONTEXT('2D SPACE',''
  ) );
#10474 = PCURVE('',#883,#10475);
#10475 = DEFINITIONAL_REPRESENTATION('',(#10476),#10480);
#10476 = LINE('',#10477,#10478);
#10477 = CARTESIAN_POINT('',(8.286101777848E-03,-15.27678249649));
#10478 = VECTOR('',#10479,1.);
#10479 = DIRECTION('',(-5.423982805855E-04,0.999999852902));
#10480 = ( GEOMETRIC_REPRESENTATION_CONTEXT(2) 
PARAMETRIC_REPRESENTATION_CONTEXT() REPRESENTATION_CONTEXT('2D SPACE',''
  ) );
#10481 = ORIENTED_EDGE('',*,*,#809,.F.);
#10482 = ORIENTED_EDGE('',*,*,#10483,.T.);
#10483 = EDGE_CURVE('',#752,#2314,#10484,.T.);
#10484 = SURFACE_CURVE('',#10485,(#10489,#10496),.PCURVE_S1.);
#10485 = LINE('',#10486,#10487);
#10486 = CARTESIAN_POINT('',(-40.62838913284,-18.26417895052,
    -3.596408442911E-03));
#10487 = VECTOR('',#10488,1.);
#10488 = DIRECTION('',(0.118206945454,-0.233194268471,0.965218913614));
#10489 = PCURVE('',#825,#10490);
#10490 = DEFINITIONAL_REPRESENTATION('',(#10491),#10495);
#10491 = LINE('',#10492,#10493);
#10492 = CARTESIAN_POINT('',(4.138973056734,-15.28310140109));
#10493 = VECTOR('',#10494,1.);
#10494 = DIRECTION('',(-0.261403693492,0.965229562865));
#10495 = ( GEOMETRIC_REPRESENTATION_CONTEXT(2) 
PARAMETRIC_REPRESENTATION_CONTEXT() REPRESENTATION_CONTEXT('2D SPACE',''
  ) );
#10496 = PCURVE('',#2355,#10497);
#10497 = DEFINITIONAL_REPRESENTATION('',(#10498),#10502);
#10498 = LINE('',#10499,#10500);
#10499 = CARTESIAN_POINT('',(4.139142916128,-15.28305539872));
#10500 = VECTOR('',#10501,1.);
#10501 = DIRECTION('',(-0.261414421243,0.965226657509));
#10502 = ( GEOMETRIC_REPRESENTATION_CONTEXT(2) 
PARAMETRIC_REPRESENTATION_CONTEXT() REPRESENTATION_CONTEXT('2D SPACE',''
  ) );
#10503 = ADVANCED_FACE('',(#10504),#883,.T.);
#10504 = FACE_BOUND('',#10505,.T.);
#10505 = EDGE_LOOP('',(#10506,#10527,#10528));
#10506 = ORIENTED_EDGE('',*,*,#10507,.T.);
#10507 = EDGE_CURVE('',#2314,#868,#10508,.T.);
#10508 = SURFACE_CURVE('',#10509,(#10513,#10520),.PCURVE_S1.);
#10509 = LINE('',#10510,#10511);
#10510 = CARTESIAN_POINT('',(-38.75674242495,-21.95649401039,
    15.279336376203));
#10511 = VECTOR('',#10512,1.);
#10512 = DIRECTION('',(0.137678359827,-0.226426900681,-0.964248685705));
#10513 = PCURVE('',#883,#10514);
#10514 = DEFINITIONAL_REPRESENTATION('',(#10515),#10519);
#10515 = LINE('',#10516,#10517);
#10516 = CARTESIAN_POINT('',(0.,0.));
#10517 = VECTOR('',#10518,1.);
#10518 = DIRECTION('',(-0.264960806098,-0.964259182602));
#10519 = ( GEOMETRIC_REPRESENTATION_CONTEXT(2) 
PARAMETRIC_REPRESENTATION_CONTEXT() REPRESENTATION_CONTEXT('2D SPACE',''
  ) );
#10520 = PCURVE('',#2413,#10521);
#10521 = DEFINITIONAL_REPRESENTATION('',(#10522),#10526);
#10522 = LINE('',#10523,#10524);
#10523 = CARTESIAN_POINT('',(4.242545546716,4.451089964436E-03));
#10524 = VECTOR('',#10525,1.);
#10525 = DIRECTION('',(-0.264995816558,-0.964249561684));
#10526 = ( GEOMETRIC_REPRESENTATION_CONTEXT(2) 
PARAMETRIC_REPRESENTATION_CONTEXT() REPRESENTATION_CONTEXT('2D SPACE',''
  ) );
#10527 = ORIENTED_EDGE('',*,*,#867,.F.);
#10528 = ORIENTED_EDGE('',*,*,#10461,.T.);
#10529 = ADVANCED_FACE('',(#10530),#2355,.T.);
#10530 = FACE_BOUND('',#10531,.T.);
#10531 = EDGE_LOOP('',(#10532,#10533,#10534));
#10532 = ORIENTED_EDGE('',*,*,#10483,.F.);
#10533 = ORIENTED_EDGE('',*,*,#10435,.F.);
#10534 = ORIENTED_EDGE('',*,*,#2341,.T.);
#10535 = ADVANCED_FACE('',(#10536),#2413,.T.);
#10536 = FACE_BOUND('',#10537,.T.);
#10537 = EDGE_LOOP('',(#10538,#10559,#10560));
#10538 = ORIENTED_EDGE('',*,*,#10539,.F.);
#10539 = EDGE_CURVE('',#868,#2372,#10540,.T.);
#10540 = SURFACE_CURVE('',#10541,(#10545,#10552),.PCURVE_S1.);
#10541 = LINE('',#10542,#10543);
#10542 = CARTESIAN_POINT('',(-36.58025238739,-25.53596644301,
    3.599921847268E-02));
#10543 = VECTOR('',#10544,1.);
#10544 = DIRECTION('',(2.981989519322E-03,-2.276745181253E-03,
    0.99999296206));
#10545 = PCURVE('',#2413,#10546);
#10546 = DEFINITIONAL_REPRESENTATION('',(#10547),#10551);
#10547 = LINE('',#10548,#10549);
#10548 = CARTESIAN_POINT('',(5.335593509146E-02,-15.23889991569));
#10549 = VECTOR('',#10550,1.);
#10550 = DIRECTION('',(-3.501276886262E-03,0.999993870511));
#10551 = ( GEOMETRIC_REPRESENTATION_CONTEXT(2) 
PARAMETRIC_REPRESENTATION_CONTEXT() REPRESENTATION_CONTEXT('2D SPACE',''
  ) );
#10552 = PCURVE('',#2471,#10553);
#10553 = DEFINITIONAL_REPRESENTATION('',(#10554),#10558);
#10554 = LINE('',#10555,#10556);
#10555 = CARTESIAN_POINT('',(4.188631420999,-15.20420199773));
#10556 = VECTOR('',#10557,1.);
#10557 = DIRECTION('',(-3.621851121363E-03,0.999993441076));
#10558 = ( GEOMETRIC_REPRESENTATION_CONTEXT(2) 
PARAMETRIC_REPRESENTATION_CONTEXT() REPRESENTATION_CONTEXT('2D SPACE',''
  ) );
#10559 = ORIENTED_EDGE('',*,*,#10507,.F.);
#10560 = ORIENTED_EDGE('',*,*,#2399,.T.);
#10561 = ADVANCED_FACE('',(#10562),#2471,.T.);
#10562 = FACE_BOUND('',#10563,.T.);
#10563 = EDGE_LOOP('',(#10564,#10585,#10586));
#10564 = ORIENTED_EDGE('',*,*,#10565,.F.);
#10565 = EDGE_CURVE('',#868,#2430,#10566,.T.);
#10566 = SURFACE_CURVE('',#10567,(#10571,#10578),.PCURVE_S1.);
#10567 = LINE('',#10568,#10569);
#10568 = CARTESIAN_POINT('',(-36.58025238739,-25.53596644301,
    3.599921847268E-02));
#10569 = VECTOR('',#10570,1.);
#10570 = DIRECTION('',(0.162491349604,-0.210093563981,0.964083635209));
#10571 = PCURVE('',#2471,#10572);
#10572 = DEFINITIONAL_REPRESENTATION('',(#10573),#10577);
#10573 = LINE('',#10574,#10575);
#10574 = CARTESIAN_POINT('',(4.188631420999,-15.20420199773));
#10575 = VECTOR('',#10576,1.);
#10576 = DIRECTION('',(-0.265597164644,0.964084097023));
#10577 = ( GEOMETRIC_REPRESENTATION_CONTEXT(2) 
PARAMETRIC_REPRESENTATION_CONTEXT() REPRESENTATION_CONTEXT('2D SPACE',''
  ) );
#10578 = PCURVE('',#941,#10579);
#10579 = DEFINITIONAL_REPRESENTATION('',(#10580),#10584);
#10580 = LINE('',#10581,#10582);
#10581 = CARTESIAN_POINT('',(4.188633803908,-15.20420134126));
#10582 = VECTOR('',#10583,1.);
#10583 = DIRECTION('',(-0.265597315742,0.964084055397));
#10584 = ( GEOMETRIC_REPRESENTATION_CONTEXT(2) 
PARAMETRIC_REPRESENTATION_CONTEXT() REPRESENTATION_CONTEXT('2D SPACE',''
  ) );
#10585 = ORIENTED_EDGE('',*,*,#10539,.T.);
#10586 = ORIENTED_EDGE('',*,*,#2457,.T.);
#10587 = ADVANCED_FACE('',(#10588),#941,.T.);
#10588 = FACE_BOUND('',#10589,.T.);
#10589 = EDGE_LOOP('',(#10590,#10611,#10612));
#10590 = ORIENTED_EDGE('',*,*,#10591,.F.);
#10591 = EDGE_CURVE('',#926,#2430,#10592,.T.);
#10592 = SURFACE_CURVE('',#10593,(#10597,#10604),.PCURVE_S1.);
#10593 = LINE('',#10594,#10595);
#10594 = CARTESIAN_POINT('',(-34.03148948958,-28.80840751723,
    2.889817986384E-02));
#10595 = VECTOR('',#10596,1.);
#10596 = DIRECTION('',(9.089328732408E-04,-2.686431212332E-03,
    0.999995978456));
#10597 = PCURVE('',#941,#10598);
#10598 = DEFINITIONAL_REPRESENTATION('',(#10599),#10603);
#10599 = LINE('',#10600,#10601);
#10600 = CARTESIAN_POINT('',(4.073519214326E-02,-15.21130238297));
#10601 = VECTOR('',#10602,1.);
#10602 = DIRECTION('',(-2.677945980782E-03,0.999996414296));
#10603 = ( GEOMETRIC_REPRESENTATION_CONTEXT(2) 
PARAMETRIC_REPRESENTATION_CONTEXT() REPRESENTATION_CONTEXT('2D SPACE',''
  ) );
#10604 = PCURVE('',#2529,#10605);
#10605 = DEFINITIONAL_REPRESENTATION('',(#10606),#10610);
#10606 = LINE('',#10607,#10608);
#10607 = CARTESIAN_POINT('',(4.194412125045,-15.28134175924));
#10608 = VECTOR('',#10609,1.);
#10609 = DIRECTION('',(-2.586651672815E-03,0.999996654611));
#10610 = ( GEOMETRIC_REPRESENTATION_CONTEXT(2) 
PARAMETRIC_REPRESENTATION_CONTEXT() REPRESENTATION_CONTEXT('2D SPACE',''
  ) );
#10611 = ORIENTED_EDGE('',*,*,#925,.F.);
#10612 = ORIENTED_EDGE('',*,*,#10565,.T.);
#10613 = ADVANCED_FACE('',(#10614),#2529,.T.);
#10614 = FACE_BOUND('',#10615,.T.);
#10615 = EDGE_LOOP('',(#10616,#10637,#10638));
#10616 = ORIENTED_EDGE('',*,*,#10617,.F.);
#10617 = EDGE_CURVE('',#926,#2488,#10618,.T.);
#10618 = SURFACE_CURVE('',#10619,(#10623,#10630),.PCURVE_S1.);
#10619 = LINE('',#10620,#10621);
#10620 = CARTESIAN_POINT('',(-34.03148948958,-28.80840751723,
    2.889817986384E-02));
#10621 = VECTOR('',#10622,1.);
#10622 = DIRECTION('',(0.179358945599,-0.194659264073,0.964333002414));
#10623 = PCURVE('',#2529,#10624);
#10624 = DEFINITIONAL_REPRESENTATION('',(#10625),#10629);
#10625 = LINE('',#10626,#10627);
#10626 = CARTESIAN_POINT('',(4.194412125045,-15.28134175924));
#10627 = VECTOR('',#10628,1.);
#10628 = DIRECTION('',(-0.264689635018,0.964333654455));
#10629 = ( GEOMETRIC_REPRESENTATION_CONTEXT(2) 
PARAMETRIC_REPRESENTATION_CONTEXT() REPRESENTATION_CONTEXT('2D SPACE',''
  ) );
#10630 = PCURVE('',#999,#10631);
#10631 = DEFINITIONAL_REPRESENTATION('',(#10632),#10636);
#10632 = LINE('',#10633,#10634);
#10633 = CARTESIAN_POINT('',(4.194279667037,-15.2813781156));
#10634 = VECTOR('',#10635,1.);
#10635 = DIRECTION('',(-0.264681276215,0.964335948734));
#10636 = ( GEOMETRIC_REPRESENTATION_CONTEXT(2) 
PARAMETRIC_REPRESENTATION_CONTEXT() REPRESENTATION_CONTEXT('2D SPACE',''
  ) );
#10637 = ORIENTED_EDGE('',*,*,#10591,.T.);
#10638 = ORIENTED_EDGE('',*,*,#2515,.T.);
#10639 = ADVANCED_FACE('',(#10640),#999,.T.);
#10640 = FACE_BOUND('',#10641,.T.);
#10641 = EDGE_LOOP('',(#10642,#10663,#10664));
#10642 = ORIENTED_EDGE('',*,*,#10643,.T.);
#10643 = EDGE_CURVE('',#2488,#984,#10644,.T.);
#10644 = SURFACE_CURVE('',#10645,(#10649,#10656),.PCURVE_S1.);
#10645 = LINE('',#10646,#10647);
#10646 = CARTESIAN_POINT('',(-31.18927265663,-31.89308129913,
    15.310229606516));
#10647 = VECTOR('',#10648,1.);
#10648 = DIRECTION('',(4.210057063502E-03,-8.745785937498E-04,
    -0.999990755223));
#10649 = PCURVE('',#999,#10650);
#10650 = DEFINITIONAL_REPRESENTATION('',(#10651),#10655);
#10651 = LINE('',#10652,#10653);
#10652 = CARTESIAN_POINT('',(0.,0.));
#10653 = VECTOR('',#10654,1.);
#10654 = DIRECTION('',(-3.51837814105E-03,-0.999993810488));
#10655 = ( GEOMETRIC_REPRESENTATION_CONTEXT(2) 
PARAMETRIC_REPRESENTATION_CONTEXT() REPRESENTATION_CONTEXT('2D SPACE',''
  ) );
#10656 = PCURVE('',#1084,#10657);
#10657 = DEFINITIONAL_REPRESENTATION('',(#10658),#10662);
#10658 = LINE('',#10659,#10660);
#10659 = CARTESIAN_POINT('',(0.,0.));
#10660 = VECTOR('',#10661,1.);
#10661 = DIRECTION('',(3.707521388765E-03,0.999993127119));
#10662 = ( GEOMETRIC_REPRESENTATION_CONTEXT(2) 
PARAMETRIC_REPRESENTATION_CONTEXT() REPRESENTATION_CONTEXT('2D SPACE',''
  ) );
#10663 = ORIENTED_EDGE('',*,*,#983,.F.);
#10664 = ORIENTED_EDGE('',*,*,#10617,.T.);
#10665 = ADVANCED_FACE('',(#10666),#1084,.T.);
#10666 = FACE_BOUND('',#10667,.T.);
#10667 = EDGE_LOOP('',(#10668,#10689,#10690));
#10668 = ORIENTED_EDGE('',*,*,#10669,.T.);
#10669 = EDGE_CURVE('',#2488,#1042,#10670,.T.);
#10670 = SURFACE_CURVE('',#10671,(#10675,#10682),.PCURVE_S1.);
#10671 = LINE('',#10672,#10673);
#10672 = CARTESIAN_POINT('',(-31.18927265663,-31.89308129913,
    15.310229606516));
#10673 = VECTOR('',#10674,1.);
#10674 = DIRECTION('',(0.197869135773,-0.176381638239,-0.964228874698));
#10675 = PCURVE('',#1084,#10676);
#10676 = DEFINITIONAL_REPRESENTATION('',(#10677),#10681);
#10677 = LINE('',#10678,#10679);
#10678 = CARTESIAN_POINT('',(0.,0.));
#10679 = VECTOR('',#10680,1.);
#10680 = DIRECTION('',(0.265062759877,0.964231161769));
#10681 = ( GEOMETRIC_REPRESENTATION_CONTEXT(2) 
PARAMETRIC_REPRESENTATION_CONTEXT() REPRESENTATION_CONTEXT('2D SPACE',''
  ) );
#10682 = PCURVE('',#2560,#10683);
#10683 = DEFINITIONAL_REPRESENTATION('',(#10684),#10688);
#10684 = LINE('',#10685,#10686);
#10685 = CARTESIAN_POINT('',(-4.205150066371,-3.580310718062E-02));
#10686 = VECTOR('',#10687,1.);
#10687 = DIRECTION('',(0.265048643263,0.964235042251));
#10688 = ( GEOMETRIC_REPRESENTATION_CONTEXT(2) 
PARAMETRIC_REPRESENTATION_CONTEXT() REPRESENTATION_CONTEXT('2D SPACE',''
  ) );
#10689 = ORIENTED_EDGE('',*,*,#1070,.F.);
#10690 = ORIENTED_EDGE('',*,*,#10643,.F.);
#10691 = ADVANCED_FACE('',(#10692),#2560,.T.);
#10692 = FACE_BOUND('',#10693,.T.);
#10693 = EDGE_LOOP('',(#10694,#10715,#10716));
#10694 = ORIENTED_EDGE('',*,*,#10695,.F.);
#10695 = EDGE_CURVE('',#1042,#2545,#10696,.T.);
#10696 = SURFACE_CURVE('',#10697,(#10701,#10708),.PCURVE_S1.);
#10697 = LINE('',#10698,#10699);
#10698 = CARTESIAN_POINT('',(-28.05522081491,-34.68679238503,
    3.779578920902E-02));
#10699 = VECTOR('',#10700,1.);
#10700 = DIRECTION('',(2.693954021267E-03,2.39765572547E-03,
    0.999993496908));
#10701 = PCURVE('',#2560,#10702);
#10702 = DEFINITIONAL_REPRESENTATION('',(#10703),#10707);
#10703 = LINE('',#10704,#10705);
#10704 = CARTESIAN_POINT('',(-7.041122712571E-03,15.236728398084));
#10705 = VECTOR('',#10706,1.);
#10706 = DIRECTION('',(4.621150798776E-04,-0.999999893225));
#10707 = ( GEOMETRIC_REPRESENTATION_CONTEXT(2) 
PARAMETRIC_REPRESENTATION_CONTEXT() REPRESENTATION_CONTEXT('2D SPACE',''
  ) );
#10708 = PCURVE('',#1142,#10709);
#10709 = DEFINITIONAL_REPRESENTATION('',(#10710),#10714);
#10710 = LINE('',#10711,#10712);
#10711 = CARTESIAN_POINT('',(-1.146688347065E-02,15.236725710104));
#10712 = VECTOR('',#10713,1.);
#10713 = DIRECTION('',(7.525816531395E-04,-0.99999971681));
#10714 = ( GEOMETRIC_REPRESENTATION_CONTEXT(2) 
PARAMETRIC_REPRESENTATION_CONTEXT() REPRESENTATION_CONTEXT('2D SPACE',''
  ) );
#10715 = ORIENTED_EDGE('',*,*,#10669,.F.);
#10716 = ORIENTED_EDGE('',*,*,#2544,.T.);
#10717 = ADVANCED_FACE('',(#10718),#1142,.T.);
#10718 = FACE_BOUND('',#10719,.T.);
#10719 = EDGE_LOOP('',(#10720,#10741,#10742));
#10720 = ORIENTED_EDGE('',*,*,#10721,.T.);
#10721 = EDGE_CURVE('',#2545,#1100,#10722,.T.);
#10722 = SURFACE_CURVE('',#10723,(#10727,#10734),.PCURVE_S1.);
#10723 = LINE('',#10724,#10725);
#10724 = CARTESIAN_POINT('',(-28.01417376479,-34.65025995205,
    15.274426728344));
#10725 = VECTOR('',#10726,1.);
#10726 = DIRECTION('',(0.209802024628,-0.158255009875,-0.964851523454));
#10727 = PCURVE('',#1142,#10728);
#10728 = DEFINITIONAL_REPRESENTATION('',(#10729),#10733);
#10729 = LINE('',#10730,#10731);
#10730 = CARTESIAN_POINT('',(0.,-0.));
#10731 = VECTOR('',#10732,1.);
#10732 = DIRECTION('',(0.262773584831,0.964857524775));
#10733 = ( GEOMETRIC_REPRESENTATION_CONTEXT(2) 
PARAMETRIC_REPRESENTATION_CONTEXT() REPRESENTATION_CONTEXT('2D SPACE',''
  ) );
#10734 = PCURVE('',#2618,#10735);
#10735 = DEFINITIONAL_REPRESENTATION('',(#10736),#10740);
#10736 = LINE('',#10737,#10738);
#10737 = CARTESIAN_POINT('',(-4.203442429746,-1.171802058065E-02));
#10738 = VECTOR('',#10739,1.);
#10739 = DIRECTION('',(0.262787861783,0.964853636413));
#10740 = ( GEOMETRIC_REPRESENTATION_CONTEXT(2) 
PARAMETRIC_REPRESENTATION_CONTEXT() REPRESENTATION_CONTEXT('2D SPACE',''
  ) );
#10741 = ORIENTED_EDGE('',*,*,#1128,.F.);
#10742 = ORIENTED_EDGE('',*,*,#10695,.T.);
#10743 = ADVANCED_FACE('',(#10744),#2618,.T.);
#10744 = FACE_BOUND('',#10745,.T.);
#10745 = EDGE_LOOP('',(#10746,#10767,#10768));
#10746 = ORIENTED_EDGE('',*,*,#10747,.F.);
#10747 = EDGE_CURVE('',#1100,#2603,#10748,.T.);
#10748 = SURFACE_CURVE('',#10749,(#10753,#10760),.PCURVE_S1.);
#10749 = LINE('',#10750,#10751);
#10750 = CARTESIAN_POINT('',(-24.69193191318,-37.15624824253,
    -4.120356664393E-03));
#10751 = VECTOR('',#10752,1.);
#10752 = DIRECTION('',(3.464935903101E-03,3.429846247073E-05,
    0.999993996503));
#10753 = PCURVE('',#2618,#10754);
#10754 = DEFINITIONAL_REPRESENTATION('',(#10755),#10759);
#10755 = LINE('',#10756,#10757);
#10756 = CARTESIAN_POINT('',(-4.216308052441E-02,15.266862523408));
#10757 = VECTOR('',#10758,1.);
#10758 = DIRECTION('',(2.761727870909E-03,-0.999996186422));
#10759 = ( GEOMETRIC_REPRESENTATION_CONTEXT(2) 
PARAMETRIC_REPRESENTATION_CONTEXT() REPRESENTATION_CONTEXT('2D SPACE',''
  ) );
#10760 = PCURVE('',#2676,#10761);
#10761 = DEFINITIONAL_REPRESENTATION('',(#10762),#10766);
#10762 = LINE('',#10763,#10764);
#10763 = CARTESIAN_POINT('',(-4.210174013401,15.270363271176));
#10764 = VECTOR('',#10765,1.);
#10765 = DIRECTION('',(2.969150824904E-03,-0.999995592062));
#10766 = ( GEOMETRIC_REPRESENTATION_CONTEXT(2) 
PARAMETRIC_REPRESENTATION_CONTEXT() REPRESENTATION_CONTEXT('2D SPACE',''
  ) );
#10767 = ORIENTED_EDGE('',*,*,#10721,.F.);
#10768 = ORIENTED_EDGE('',*,*,#2602,.T.);
#10769 = ADVANCED_FACE('',(#10770),#1200,.T.);
#10770 = FACE_BOUND('',#10771,.T.);
#10771 = EDGE_LOOP('',(#10772,#10793,#10794));
#10772 = ORIENTED_EDGE('',*,*,#10773,.F.);
#10773 = EDGE_CURVE('',#1158,#2661,#10774,.T.);
#10774 = SURFACE_CURVE('',#10775,(#10779,#10786),.PCURVE_S1.);
#10775 = LINE('',#10776,#10777);
#10776 = CARTESIAN_POINT('',(-21.07341616323,-39.26873315067,
    -3.815740846752E-02));
#10777 = VECTOR('',#10778,1.);
#10778 = DIRECTION('',(1.58131093119E-03,8.769356201056E-05,
    0.999998745882));
#10779 = PCURVE('',#1200,#10780);
#10780 = DEFINITIONAL_REPRESENTATION('',(#10781),#10785);
#10781 = LINE('',#10782,#10783);
#10782 = CARTESIAN_POINT('',(-2.022353337326E-02,15.304381789734));
#10783 = VECTOR('',#10784,1.);
#10784 = DIRECTION('',(1.32141996942E-03,-0.999999126924));
#10785 = ( GEOMETRIC_REPRESENTATION_CONTEXT(2) 
PARAMETRIC_REPRESENTATION_CONTEXT() REPRESENTATION_CONTEXT('2D SPACE',''
  ) );
#10786 = PCURVE('',#1258,#10787);
#10787 = DEFINITIONAL_REPRESENTATION('',(#10788),#10792);
#10788 = LINE('',#10789,#10790);
#10789 = CARTESIAN_POINT('',(-2.117799902386E-02,15.30438049872));
#10790 = VECTOR('',#10791,1.);
#10791 = DIRECTION('',(1.383785429874E-03,-0.999999042568));
#10792 = ( GEOMETRIC_REPRESENTATION_CONTEXT(2) 
PARAMETRIC_REPRESENTATION_CONTEXT() REPRESENTATION_CONTEXT('2D SPACE',''
  ) );
#10793 = ORIENTED_EDGE('',*,*,#1186,.F.);
#10794 = ORIENTED_EDGE('',*,*,#10795,.T.);
#10795 = EDGE_CURVE('',#1100,#2661,#10796,.T.);
#10796 = SURFACE_CURVE('',#10797,(#10801,#10808),.PCURVE_S1.);
#10797 = LINE('',#10798,#10799);
#10798 = CARTESIAN_POINT('',(-24.69193191318,-37.15624824253,
    -4.120356664393E-03));
#10799 = VECTOR('',#10800,1.);
#10800 = DIRECTION('',(0.229967677648,-0.133278166222,0.964028940253));
#10801 = PCURVE('',#1200,#10802);
#10802 = DEFINITIONAL_REPRESENTATION('',(#10803),#10807);
#10803 = LINE('',#10804,#10805);
#10804 = CARTESIAN_POINT('',(-4.210241280219,15.270344724961));
#10805 = VECTOR('',#10806,1.);
#10806 = DIRECTION('',(0.265795963304,-0.964029307589));
#10807 = ( GEOMETRIC_REPRESENTATION_CONTEXT(2) 
PARAMETRIC_REPRESENTATION_CONTEXT() REPRESENTATION_CONTEXT('2D SPACE',''
  ) );
#10808 = PCURVE('',#2676,#10809);
#10809 = DEFINITIONAL_REPRESENTATION('',(#10810),#10814);
#10810 = LINE('',#10811,#10812);
#10811 = CARTESIAN_POINT('',(-4.210174013401,15.270363271176));
#10812 = VECTOR('',#10813,1.);
#10813 = DIRECTION('',(0.265791716695,-0.964030478427));
#10814 = ( GEOMETRIC_REPRESENTATION_CONTEXT(2) 
PARAMETRIC_REPRESENTATION_CONTEXT() REPRESENTATION_CONTEXT('2D SPACE',''
  ) );
#10815 = ADVANCED_FACE('',(#10816),#1258,.T.);
#10816 = FACE_BOUND('',#10817,.T.);
#10817 = EDGE_LOOP('',(#10818,#10839,#10840));
#10818 = ORIENTED_EDGE('',*,*,#10819,.T.);
#10819 = EDGE_CURVE('',#2661,#1216,#10820,.T.);
#10820 = SURFACE_CURVE('',#10821,(#10825,#10832),.PCURVE_S1.);
#10821 = LINE('',#10822,#10823);
#10822 = CARTESIAN_POINT('',(-21.04921515588,-39.26739105374,
    15.266218549645));
#10823 = VECTOR('',#10824,1.);
#10824 = DIRECTION('',(0.235899326175,-0.115520866744,-0.96488674841));
#10825 = PCURVE('',#1258,#10826);
#10826 = DEFINITIONAL_REPRESENTATION('',(#10827),#10831);
#10827 = LINE('',#10828,#10829);
#10828 = CARTESIAN_POINT('',(0.,-0.));
#10829 = VECTOR('',#10830,1.);
#10830 = DIRECTION('',(0.262665205743,0.964887034679));
#10831 = ( GEOMETRIC_REPRESENTATION_CONTEXT(2) 
PARAMETRIC_REPRESENTATION_CONTEXT() REPRESENTATION_CONTEXT('2D SPACE',''
  ) );
#10832 = PCURVE('',#2734,#10833);
#10833 = DEFINITIONAL_REPRESENTATION('',(#10834),#10838);
#10834 = LINE('',#10835,#10836);
#10835 = CARTESIAN_POINT('',(-4.178257886605,2.677444652611E-02));
#10836 = VECTOR('',#10837,1.);
#10837 = DIRECTION('',(0.262654572094,0.964889929348));
#10838 = ( GEOMETRIC_REPRESENTATION_CONTEXT(2) 
PARAMETRIC_REPRESENTATION_CONTEXT() REPRESENTATION_CONTEXT('2D SPACE',''
  ) );
#10839 = ORIENTED_EDGE('',*,*,#1244,.F.);
#10840 = ORIENTED_EDGE('',*,*,#10773,.T.);
#10841 = ADVANCED_FACE('',(#10842),#2676,.T.);
#10842 = FACE_BOUND('',#10843,.T.);
#10843 = EDGE_LOOP('',(#10844,#10845,#10846));
#10844 = ORIENTED_EDGE('',*,*,#10795,.F.);
#10845 = ORIENTED_EDGE('',*,*,#10747,.T.);
#10846 = ORIENTED_EDGE('',*,*,#2660,.T.);
#10847 = ADVANCED_FACE('',(#10848),#2734,.T.);
#10848 = FACE_BOUND('',#10849,.T.);
#10849 = EDGE_LOOP('',(#10850,#10871,#10872));
#10850 = ORIENTED_EDGE('',*,*,#10851,.F.);
#10851 = EDGE_CURVE('',#1216,#2719,#10852,.T.);
#10852 = SURFACE_CURVE('',#10853,(#10857,#10864),.PCURVE_S1.);
#10853 = LINE('',#10854,#10855);
#10854 = CARTESIAN_POINT('',(-17.31157970943,-41.09772644871,
    -2.163738085444E-02));
#10855 = VECTOR('',#10856,1.);
#10856 = DIRECTION('',(2.091726407282E-03,1.84611250038E-03,
    0.999996108267));
#10857 = PCURVE('',#2734,#10858);
#10858 = DEFINITIONAL_REPRESENTATION('',(#10859),#10863);
#10859 = LINE('',#10860,#10861);
#10860 = CARTESIAN_POINT('',(-1.670704731564E-02,15.314680776443));
#10861 = VECTOR('',#10862,1.);
#10862 = DIRECTION('',(1.090916462315E-03,-0.99999940495));
#10863 = ( GEOMETRIC_REPRESENTATION_CONTEXT(2) 
PARAMETRIC_REPRESENTATION_CONTEXT() REPRESENTATION_CONTEXT('2D SPACE',''
  ) );
#10864 = PCURVE('',#2792,#10865);
#10865 = DEFINITIONAL_REPRESENTATION('',(#10866),#10870);
#10866 = LINE('',#10867,#10868);
#10867 = CARTESIAN_POINT('',(-4.191151633776,15.344831970201));
#10868 = VECTOR('',#10869,1.);
#10869 = DIRECTION('',(1.311635474771E-03,-0.999999139806));
#10870 = ( GEOMETRIC_REPRESENTATION_CONTEXT(2) 
PARAMETRIC_REPRESENTATION_CONTEXT() REPRESENTATION_CONTEXT('2D SPACE',''
  ) );
#10871 = ORIENTED_EDGE('',*,*,#10819,.F.);
#10872 = ORIENTED_EDGE('',*,*,#2718,.T.);
#10873 = ADVANCED_FACE('',(#10874),#1316,.T.);
#10874 = FACE_BOUND('',#10875,.T.);
#10875 = EDGE_LOOP('',(#10876,#10897,#10898));
#10876 = ORIENTED_EDGE('',*,*,#10877,.F.);
#10877 = EDGE_CURVE('',#1274,#2777,#10878,.T.);
#10878 = SURFACE_CURVE('',#10879,(#10883,#10890),.PCURVE_S1.);
#10879 = LINE('',#10880,#10881);
#10880 = CARTESIAN_POINT('',(-13.39233074362,-42.56134424235,
    -2.922438206624E-02));
#10881 = VECTOR('',#10882,1.);
#10882 = DIRECTION('',(1.242516611622E-03,1.919587207595E-03,
    0.999997385665));
#10883 = PCURVE('',#1316,#10884);
#10884 = DEFINITIONAL_REPRESENTATION('',(#10885),#10889);
#10885 = LINE('',#10886,#10887);
#10886 = CARTESIAN_POINT('',(-7.560307821385E-03,15.352410727725));
#10887 = VECTOR('',#10888,1.);
#10888 = DIRECTION('',(4.924507973862E-04,-0.999999878746));
#10889 = ( GEOMETRIC_REPRESENTATION_CONTEXT(2) 
PARAMETRIC_REPRESENTATION_CONTEXT() REPRESENTATION_CONTEXT('2D SPACE',''
  ) );
#10890 = PCURVE('',#2850,#10891);
#10891 = DEFINITIONAL_REPRESENTATION('',(#10892),#10896);
#10892 = LINE('',#10893,#10894);
#10893 = CARTESIAN_POINT('',(-4.188388846138,15.272800953464));
#10894 = VECTOR('',#10895,1.);
#10895 = DIRECTION('',(7.194835566591E-04,-0.999999741172));
#10896 = ( GEOMETRIC_REPRESENTATION_CONTEXT(2) 
PARAMETRIC_REPRESENTATION_CONTEXT() REPRESENTATION_CONTEXT('2D SPACE',''
  ) );
#10897 = ORIENTED_EDGE('',*,*,#1302,.F.);
#10898 = ORIENTED_EDGE('',*,*,#10899,.T.);
#10899 = EDGE_CURVE('',#1216,#2777,#10900,.T.);
#10900 = SURFACE_CURVE('',#10901,(#10905,#10912),.PCURVE_S1.);
#10901 = LINE('',#10902,#10903);
#10902 = CARTESIAN_POINT('',(-17.31157970943,-41.09772644871,
    -2.163738085444E-02));
#10903 = VECTOR('',#10904,1.);
#10904 = DIRECTION('',(0.247585853051,-9.015880318404E-02,0.964661928127
    ));
#10905 = PCURVE('',#1316,#10906);
#10906 = DEFINITIONAL_REPRESENTATION('',(#10907),#10911);
#10907 = LINE('',#10908,#10909);
#10908 = CARTESIAN_POINT('',(-4.19118188507,15.344823707598));
#10909 = VECTOR('',#10910,1.);
#10910 = DIRECTION('',(0.263481924274,-0.964664333113));
#10911 = ( GEOMETRIC_REPRESENTATION_CONTEXT(2) 
PARAMETRIC_REPRESENTATION_CONTEXT() REPRESENTATION_CONTEXT('2D SPACE',''
  ) );
#10912 = PCURVE('',#2792,#10913);
#10913 = DEFINITIONAL_REPRESENTATION('',(#10914),#10918);
#10914 = LINE('',#10915,#10916);
#10915 = CARTESIAN_POINT('',(-4.191151633776,15.344831970201));
#10916 = VECTOR('',#10917,1.);
#10917 = DIRECTION('',(0.263480022502,-0.964664852548));
#10918 = ( GEOMETRIC_REPRESENTATION_CONTEXT(2) 
PARAMETRIC_REPRESENTATION_CONTEXT() REPRESENTATION_CONTEXT('2D SPACE',''
  ) );
#10919 = ADVANCED_FACE('',(#10920),#2792,.T.);
#10920 = FACE_BOUND('',#10921,.T.);
#10921 = EDGE_LOOP('',(#10922,#10923,#10924));
#10922 = ORIENTED_EDGE('',*,*,#10899,.F.);
#10923 = ORIENTED_EDGE('',*,*,#10851,.T.);
#10924 = ORIENTED_EDGE('',*,*,#2776,.T.);
#10925 = ADVANCED_FACE('',(#10926),#1374,.T.);
#10926 = FACE_BOUND('',#10927,.T.);
#10927 = EDGE_LOOP('',(#10928,#10949,#10950));
#10928 = ORIENTED_EDGE('',*,*,#10929,.T.);
#10929 = EDGE_CURVE('',#2835,#1332,#10930,.T.);
#10930 = SURFACE_CURVE('',#10931,(#10935,#10942),.PCURVE_S1.);
#10931 = LINE('',#10932,#10933);
#10932 = CARTESIAN_POINT('',(-9.330381121178,-43.58323722779,
    15.243540596208));
#10933 = VECTOR('',#10934,1.);
#10934 = DIRECTION('',(1.059110407278E-03,-2.578928569553E-03,
    -0.999996113699));
#10935 = PCURVE('',#1374,#10936);
#10936 = DEFINITIONAL_REPRESENTATION('',(#10937),#10941);
#10937 = LINE('',#10938,#10939);
#10938 = CARTESIAN_POINT('',(0.,-0.));
#10939 = VECTOR('',#10940,1.);
#10940 = DIRECTION('',(1.674472202513E-03,0.99999859807));
#10941 = ( GEOMETRIC_REPRESENTATION_CONTEXT(2) 
PARAMETRIC_REPRESENTATION_CONTEXT() REPRESENTATION_CONTEXT('2D SPACE',''
  ) );
#10942 = PCURVE('',#2908,#10943);
#10943 = DEFINITIONAL_REPRESENTATION('',(#10944),#10948);
#10944 = LINE('',#10945,#10946);
#10945 = CARTESIAN_POINT('',(-4.172387884358,1.329353066662E-03));
#10946 = VECTOR('',#10947,1.);
#10947 = DIRECTION('',(1.471612529809E-03,0.999998917178));
#10948 = ( GEOMETRIC_REPRESENTATION_CONTEXT(2) 
PARAMETRIC_REPRESENTATION_CONTEXT() REPRESENTATION_CONTEXT('2D SPACE',''
  ) );
#10949 = ORIENTED_EDGE('',*,*,#1360,.F.);
#10950 = ORIENTED_EDGE('',*,*,#10951,.T.);
#10951 = EDGE_CURVE('',#1274,#2835,#10952,.T.);
#10952 = SURFACE_CURVE('',#10953,(#10957,#10964),.PCURVE_S1.);
#10953 = LINE('',#10954,#10955);
#10954 = CARTESIAN_POINT('',(-13.39233074362,-42.56134424235,
    -2.922438206624E-02));
#10955 = VECTOR('',#10956,1.);
#10956 = DIRECTION('',(0.256489657472,-6.452689131341E-02,0.964390655236
    ));
#10957 = PCURVE('',#1374,#10958);
#10958 = DEFINITIONAL_REPRESENTATION('',(#10959),#10963);
#10959 = LINE('',#10960,#10961);
#10960 = CARTESIAN_POINT('',(-4.188381669226,15.272802921647));
#10961 = VECTOR('',#10962,1.);
#10962 = DIRECTION('',(0.2644731421,-0.964393051151));
#10963 = ( GEOMETRIC_REPRESENTATION_CONTEXT(2) 
PARAMETRIC_REPRESENTATION_CONTEXT() REPRESENTATION_CONTEXT('2D SPACE',''
  ) );
#10964 = PCURVE('',#2850,#10965);
#10965 = DEFINITIONAL_REPRESENTATION('',(#10966),#10970);
#10966 = LINE('',#10967,#10968);
#10967 = CARTESIAN_POINT('',(-4.188388846138,15.272800953464));
#10968 = VECTOR('',#10969,1.);
#10969 = DIRECTION('',(0.264473595283,-0.964392926871));
#10970 = ( GEOMETRIC_REPRESENTATION_CONTEXT(2) 
PARAMETRIC_REPRESENTATION_CONTEXT() REPRESENTATION_CONTEXT('2D SPACE',''
  ) );
#10971 = ADVANCED_FACE('',(#10972),#2850,.T.);
#10972 = FACE_BOUND('',#10973,.T.);
#10973 = EDGE_LOOP('',(#10974,#10975,#10976));
#10974 = ORIENTED_EDGE('',*,*,#10951,.F.);
#10975 = ORIENTED_EDGE('',*,*,#10877,.T.);
#10976 = ORIENTED_EDGE('',*,*,#2834,.T.);
#10977 = ADVANCED_FACE('',(#10978),#1432,.T.);
#10978 = FACE_BOUND('',#10979,.T.);
#10979 = EDGE_LOOP('',(#10980,#11001,#11002));
#10980 = ORIENTED_EDGE('',*,*,#10981,.F.);
#10981 = EDGE_CURVE('',#1390,#2893,#10982,.T.);
#10982 = SURFACE_CURVE('',#10983,(#10987,#10994),.PCURVE_S1.);
#10983 = LINE('',#10984,#10985);
#10984 = CARTESIAN_POINT('',(-5.21743114735,-44.2449863352,
    1.829056788958E-02));
#10985 = VECTOR('',#10986,1.);
#10986 = DIRECTION('',(1.191551448824E-04,-1.923622783424E-03,
    0.999998142737));
#10987 = PCURVE('',#1432,#10988);
#10988 = DEFINITIONAL_REPRESENTATION('',(#10989),#10993);
#10989 = LINE('',#10990,#10991);
#10990 = CARTESIAN_POINT('',(-6.192135779564E-03,15.226606398409));
#10991 = VECTOR('',#10992,1.);
#10992 = DIRECTION('',(4.066654844505E-04,-0.999999917312));
#10993 = ( GEOMETRIC_REPRESENTATION_CONTEXT(2) 
PARAMETRIC_REPRESENTATION_CONTEXT() REPRESENTATION_CONTEXT('2D SPACE',''
  ) );
#10994 = PCURVE('',#1490,#10995);
#10995 = DEFINITIONAL_REPRESENTATION('',(#10996),#11000);
#10996 = LINE('',#10997,#10998);
#10997 = CARTESIAN_POINT('',(-3.916293152508E-03,15.226607153837));
#10998 = VECTOR('',#10999,1.);
#10999 = DIRECTION('',(2.572006346132E-04,-0.999999966924));
#11000 = ( GEOMETRIC_REPRESENTATION_CONTEXT(2) 
PARAMETRIC_REPRESENTATION_CONTEXT() REPRESENTATION_CONTEXT('2D SPACE',''
  ) );
#11001 = ORIENTED_EDGE('',*,*,#1418,.F.);
#11002 = ORIENTED_EDGE('',*,*,#11003,.T.);
#11003 = EDGE_CURVE('',#1332,#2893,#11004,.T.);
#11004 = SURFACE_CURVE('',#11005,(#11009,#11016),.PCURVE_S1.);
#11005 = LINE('',#11006,#11007);
#11006 = CARTESIAN_POINT('',(-9.314200169357,-43.62263776493,
    -3.427069377122E-02));
#11007 = VECTOR('',#11008,1.);
#11008 = DIRECTION('',(0.258867853999,-4.11577192414E-02,0.965035479303)
  );
#11009 = PCURVE('',#1432,#11010);
#11010 = DEFINITIONAL_REPRESENTATION('',(#11011),#11015);
#11011 = LINE('',#11012,#11013);
#11012 = CARTESIAN_POINT('',(-4.149962659444,15.279167753344));
#11013 = VECTOR('',#11014,1.);
#11014 = DIRECTION('',(0.26211298781,-0.965037191833));
#11015 = ( GEOMETRIC_REPRESENTATION_CONTEXT(2) 
PARAMETRIC_REPRESENTATION_CONTEXT() REPRESENTATION_CONTEXT('2D SPACE',''
  ) );
#11016 = PCURVE('',#2908,#11017);
#11017 = DEFINITIONAL_REPRESENTATION('',(#11018),#11022);
#11018 = LINE('',#11019,#11020);
#11019 = CARTESIAN_POINT('',(-4.14990477846,15.279183474235));
#11020 = VECTOR('',#11021,1.);
#11021 = DIRECTION('',(0.262109332028,-0.96503818477));
#11022 = ( GEOMETRIC_REPRESENTATION_CONTEXT(2) 
PARAMETRIC_REPRESENTATION_CONTEXT() REPRESENTATION_CONTEXT('2D SPACE',''
  ) );
#11023 = ADVANCED_FACE('',(#11024),#1490,.T.);
#11024 = FACE_BOUND('',#11025,.T.);
#11025 = EDGE_LOOP('',(#11026,#11047,#11048));
#11026 = ORIENTED_EDGE('',*,*,#11027,.T.);
#11027 = EDGE_CURVE('',#2893,#1448,#11028,.T.);
#11028 = SURFACE_CURVE('',#11029,(#11033,#11040),.PCURVE_S1.);
#11029 = LINE('',#11030,#11031);
#11030 = CARTESIAN_POINT('',(-5.215616818709,-44.27427658461,
    15.244869945548));
#11031 = VECTOR('',#11032,1.);
#11032 = DIRECTION('',(0.266051312902,-1.733936861636E-02,-0.96380290786
    ));
#11033 = PCURVE('',#1490,#11034);
#11034 = DEFINITIONAL_REPRESENTATION('',(#11035),#11039);
#11035 = LINE('',#11036,#11037);
#11036 = CARTESIAN_POINT('',(0.,0.));
#11037 = VECTOR('',#11038,1.);
#11038 = DIRECTION('',(0.266609387979,0.96380466602));
#11039 = ( GEOMETRIC_REPRESENTATION_CONTEXT(2) 
PARAMETRIC_REPRESENTATION_CONTEXT() REPRESENTATION_CONTEXT('2D SPACE',''
  ) );
#11040 = PCURVE('',#2966,#11041);
#11041 = DEFINITIONAL_REPRESENTATION('',(#11042),#11046);
#11042 = LINE('',#11043,#11044);
#11043 = CARTESIAN_POINT('',(-4.148992986122,3.989268906294E-02));
#11044 = VECTOR('',#11045,1.);
#11045 = DIRECTION('',(0.266590953478,0.963809765215));
#11046 = ( GEOMETRIC_REPRESENTATION_CONTEXT(2) 
PARAMETRIC_REPRESENTATION_CONTEXT() REPRESENTATION_CONTEXT('2D SPACE',''
  ) );
#11047 = ORIENTED_EDGE('',*,*,#1476,.F.);
#11048 = ORIENTED_EDGE('',*,*,#10981,.T.);
#11049 = ADVANCED_FACE('',(#11050),#2908,.T.);
#11050 = FACE_BOUND('',#11051,.T.);
#11051 = EDGE_LOOP('',(#11052,#11053,#11054));
#11052 = ORIENTED_EDGE('',*,*,#11003,.F.);
#11053 = ORIENTED_EDGE('',*,*,#10929,.F.);
#11054 = ORIENTED_EDGE('',*,*,#2892,.T.);
#11055 = ADVANCED_FACE('',(#11056),#5969,.T.);
#11056 = FACE_BOUND('',#11057,.T.);
#11057 = EDGE_LOOP('',(#11058,#11079,#11080));
#11058 = ORIENTED_EDGE('',*,*,#11059,.T.);
#11059 = EDGE_CURVE('',#2951,#5954,#11060,.T.);
#11060 = SURFACE_CURVE('',#11061,(#11065,#11072),.PCURVE_S1.);
#11061 = LINE('',#11062,#11063);
#11062 = CARTESIAN_POINT('',(-1.079483660324,-44.60068938711,
    15.284762350781));
#11063 = VECTOR('',#11064,1.);
#11064 = DIRECTION('',(0.26504454373,5.454518641211E-03,-0.964220741358)
  );
#11065 = PCURVE('',#5969,#11066);
#11066 = DEFINITIONAL_REPRESENTATION('',(#11067),#11071);
#11067 = LINE('',#11068,#11069);
#11068 = CARTESIAN_POINT('',(0.,0.));
#11069 = VECTOR('',#11070,1.);
#11070 = DIRECTION('',(0.265080735762,0.9642262201));
#11071 = ( GEOMETRIC_REPRESENTATION_CONTEXT(2) 
PARAMETRIC_REPRESENTATION_CONTEXT() REPRESENTATION_CONTEXT('2D SPACE',''
  ) );
#11072 = PCURVE('',#3598,#11073);
#11073 = DEFINITIONAL_REPRESENTATION('',(#11074),#11078);
#11074 = LINE('',#11075,#11076);
#11075 = CARTESIAN_POINT('',(-4.208598798075,8.088009928317E-04));
#11076 = VECTOR('',#11077,1.);
#11077 = DIRECTION('',(0.265098338849,0.964221380566));
#11078 = ( GEOMETRIC_REPRESENTATION_CONTEXT(2) 
PARAMETRIC_REPRESENTATION_CONTEXT() REPRESENTATION_CONTEXT('2D SPACE',''
  ) );
#11079 = ORIENTED_EDGE('',*,*,#5953,.F.);
#11080 = ORIENTED_EDGE('',*,*,#11081,.F.);
#11081 = EDGE_CURVE('',#2951,#1448,#11082,.T.);
#11082 = SURFACE_CURVE('',#11083,(#11087,#11094),.PCURVE_S1.);
#11083 = LINE('',#11084,#11085);
#11084 = CARTESIAN_POINT('',(-1.079483660324,-44.60068938711,
    15.284762350781));
#11085 = VECTOR('',#11086,1.);
#11086 = DIRECTION('',(4.733798973201E-03,3.410492661411E-03,
    -0.999982979699));
#11087 = PCURVE('',#5969,#11088);
#11088 = DEFINITIONAL_REPRESENTATION('',(#11089),#11093);
#11089 = LINE('',#11090,#11091);
#11090 = CARTESIAN_POINT('',(0.,0.));
#11091 = VECTOR('',#11092,1.);
#11092 = DIRECTION('',(4.761993940141E-03,0.999988661643));
#11093 = ( GEOMETRIC_REPRESENTATION_CONTEXT(2) 
PARAMETRIC_REPRESENTATION_CONTEXT() REPRESENTATION_CONTEXT('2D SPACE',''
  ) );
#11094 = PCURVE('',#2966,#11095);
#11095 = DEFINITIONAL_REPRESENTATION('',(#11096),#11100);
#11096 = LINE('',#11097,#11098);
#11097 = CARTESIAN_POINT('',(0.,0.));
#11098 = VECTOR('',#11099,1.);
#11099 = DIRECTION('',(4.450950422241E-03,0.999990094471));
#11100 = ( GEOMETRIC_REPRESENTATION_CONTEXT(2) 
PARAMETRIC_REPRESENTATION_CONTEXT() REPRESENTATION_CONTEXT('2D SPACE',''
  ) );
#11101 = ADVANCED_FACE('',(#11102),#2966,.T.);
#11102 = FACE_BOUND('',#11103,.T.);
#11103 = EDGE_LOOP('',(#11104,#11105,#11106));
#11104 = ORIENTED_EDGE('',*,*,#11081,.T.);
#11105 = ORIENTED_EDGE('',*,*,#11027,.F.);
#11106 = ORIENTED_EDGE('',*,*,#2950,.T.);
#11107 = ADVANCED_FACE('',(#11108),#3598,.T.);
#11108 = FACE_BOUND('',#11109,.T.);
#11109 = EDGE_LOOP('',(#11110,#11131,#11132));
#11110 = ORIENTED_EDGE('',*,*,#11111,.F.);
#11111 = EDGE_CURVE('',#5954,#3557,#11112,.T.);
#11112 = SURFACE_CURVE('',#11113,(#11117,#11124),.PCURVE_S1.);
#11113 = LINE('',#11114,#11115);
#11114 = CARTESIAN_POINT('',(3.124691311363,-44.51416902177,
    -9.846815493224E-03));
#11115 = VECTOR('',#11116,1.);
#11116 = DIRECTION('',(2.048528490529E-04,1.156883454367E-03,
    0.999999309828));
#11117 = PCURVE('',#3598,#11118);
#11118 = DEFINITIONAL_REPRESENTATION('',(#11119),#11123);
#11119 = LINE('',#11120,#11121);
#11120 = CARTESIAN_POINT('',(-3.570520413753E-03,15.295428106465));
#11121 = VECTOR('',#11122,1.);
#11122 = DIRECTION('',(2.334370958182E-04,-0.999999972754));
#11123 = ( GEOMETRIC_REPRESENTATION_CONTEXT(2) 
PARAMETRIC_REPRESENTATION_CONTEXT() REPRESENTATION_CONTEXT('2D SPACE',''
  ) );
#11124 = PCURVE('',#3656,#11125);
#11125 = DEFINITIONAL_REPRESENTATION('',(#11126),#11130);
#11126 = LINE('',#11127,#11128);
#11127 = CARTESIAN_POINT('',(-4.160102218221,15.257355115464));
#11128 = VECTOR('',#11129,1.);
#11129 = DIRECTION('',(3.417352636966E-04,-0.999999941609));
#11130 = ( GEOMETRIC_REPRESENTATION_CONTEXT(2) 
PARAMETRIC_REPRESENTATION_CONTEXT() REPRESENTATION_CONTEXT('2D SPACE',''
  ) );
#11131 = ORIENTED_EDGE('',*,*,#11059,.F.);
#11132 = ORIENTED_EDGE('',*,*,#3584,.T.);
#11133 = ADVANCED_FACE('',(#11134),#6027,.T.);
#11134 = FACE_BOUND('',#11135,.T.);
#11135 = EDGE_LOOP('',(#11136,#11157,#11158));
#11136 = ORIENTED_EDGE('',*,*,#11137,.T.);
#11137 = EDGE_CURVE('',#3615,#6012,#11138,.T.);
#11138 = SURFACE_CURVE('',#11139,(#11143,#11150),.PCURVE_S1.);
#11139 = LINE('',#11140,#11141);
#11140 = CARTESIAN_POINT('',(7.252886557367,-43.99963173703,
    15.247498660667));
#11141 = VECTOR('',#11142,1.);
#11142 = DIRECTION('',(4.085674446137E-03,-2.025826496738E-03,
    -0.999989601592));
#11143 = PCURVE('',#6027,#11144);
#11144 = DEFINITIONAL_REPRESENTATION('',(#11145),#11149);
#11145 = LINE('',#11146,#11147);
#11146 = CARTESIAN_POINT('',(0.,0.));
#11147 = VECTOR('',#11148,1.);
#11148 = DIRECTION('',(3.826475455755E-03,0.999992679016));
#11149 = ( GEOMETRIC_REPRESENTATION_CONTEXT(2) 
PARAMETRIC_REPRESENTATION_CONTEXT() REPRESENTATION_CONTEXT('2D SPACE',''
  ) );
#11150 = PCURVE('',#3714,#11151);
#11151 = DEFINITIONAL_REPRESENTATION('',(#11152),#11156);
#11152 = LINE('',#11153,#11154);
#11153 = CARTESIAN_POINT('',(-4.242362042563,4.343505882893E-02));
#11154 = VECTOR('',#11155,1.);
#11155 = DIRECTION('',(3.557900170459E-03,0.999993670653));
#11156 = ( GEOMETRIC_REPRESENTATION_CONTEXT(2) 
PARAMETRIC_REPRESENTATION_CONTEXT() REPRESENTATION_CONTEXT('2D SPACE',''
  ) );
#11157 = ORIENTED_EDGE('',*,*,#6011,.F.);
#11158 = ORIENTED_EDGE('',*,*,#11159,.T.);
#11159 = EDGE_CURVE('',#5954,#3615,#11160,.T.);
#11160 = SURFACE_CURVE('',#11161,(#11165,#11172),.PCURVE_S1.);
#11161 = LINE('',#11162,#11163);
#11162 = CARTESIAN_POINT('',(3.124691311363,-44.51416902177,
    -9.846815493224E-03));
#11163 = VECTOR('',#11164,1.);
#11164 = DIRECTION('',(0.261041267733,3.253612222795E-02,0.964779175403)
  );
#11165 = PCURVE('',#6027,#11166);
#11166 = DEFINITIONAL_REPRESENTATION('',(#11167),#11171);
#11167 = LINE('',#11168,#11169);
#11168 = CARTESIAN_POINT('',(-4.159965363214,15.257392429975));
#11169 = VECTOR('',#11170,1.);
#11170 = DIRECTION('',(0.263050211395,-0.964782144468));
#11171 = ( GEOMETRIC_REPRESENTATION_CONTEXT(2) 
PARAMETRIC_REPRESENTATION_CONTEXT() REPRESENTATION_CONTEXT('2D SPACE',''
  ) );
#11172 = PCURVE('',#3656,#11173);
#11173 = DEFINITIONAL_REPRESENTATION('',(#11174),#11178);
#11174 = LINE('',#11175,#11176);
#11175 = CARTESIAN_POINT('',(-4.160102218221,15.257355115464));
#11176 = VECTOR('',#11177,1.);
#11177 = DIRECTION('',(0.26305886525,-0.964779784932));
#11178 = ( GEOMETRIC_REPRESENTATION_CONTEXT(2) 
PARAMETRIC_REPRESENTATION_CONTEXT() REPRESENTATION_CONTEXT('2D SPACE',''
  ) );
#11179 = ADVANCED_FACE('',(#11180),#3656,.T.);
#11180 = FACE_BOUND('',#11181,.T.);
#11181 = EDGE_LOOP('',(#11182,#11183,#11184));
#11182 = ORIENTED_EDGE('',*,*,#11159,.F.);
#11183 = ORIENTED_EDGE('',*,*,#11111,.T.);
#11184 = ORIENTED_EDGE('',*,*,#3642,.T.);
#11185 = ADVANCED_FACE('',(#11186),#6085,.T.);
#11186 = FACE_BOUND('',#11187,.T.);
#11187 = EDGE_LOOP('',(#11188,#11209,#11210));
#11188 = ORIENTED_EDGE('',*,*,#11189,.F.);
#11189 = EDGE_CURVE('',#6070,#3673,#11190,.T.);
#11190 = SURFACE_CURVE('',#11191,(#11195,#11202),.PCURVE_S1.);
#11191 = LINE('',#11192,#11193);
#11192 = CARTESIAN_POINT('',(11.362319969433,-43.06904625759,
    1.509883361176E-02));
#11193 = VECTOR('',#11194,1.);
#11194 = DIRECTION('',(2.274842036527E-03,-1.51768115403E-03,
    0.999996260862));
#11195 = PCURVE('',#6085,#11196);
#11196 = DEFINITIONAL_REPRESENTATION('',(#11197),#11201);
#11197 = LINE('',#11198,#11199);
#11198 = CARTESIAN_POINT('',(-2.845047589361E-02,15.275865334097));
#11199 = VECTOR('',#11200,1.);
#11200 = DIRECTION('',(1.862442874976E-03,-0.999998265652));
#11201 = ( GEOMETRIC_REPRESENTATION_CONTEXT(2) 
PARAMETRIC_REPRESENTATION_CONTEXT() REPRESENTATION_CONTEXT('2D SPACE',''
  ) );
#11202 = PCURVE('',#6143,#11203);
#11203 = DEFINITIONAL_REPRESENTATION('',(#11204),#11208);
#11204 = LINE('',#11205,#11206);
#11205 = CARTESIAN_POINT('',(-2.63877510138E-02,15.275869036544));
#11206 = VECTOR('',#11207,1.);
#11207 = DIRECTION('',(1.727411486756E-03,-0.999998508024));
#11208 = ( GEOMETRIC_REPRESENTATION_CONTEXT(2) 
PARAMETRIC_REPRESENTATION_CONTEXT() REPRESENTATION_CONTEXT('2D SPACE',''
  ) );
#11209 = ORIENTED_EDGE('',*,*,#6069,.F.);
#11210 = ORIENTED_EDGE('',*,*,#11211,.T.);
#11211 = EDGE_CURVE('',#6012,#3673,#11212,.T.);
#11212 = SURFACE_CURVE('',#11213,(#11217,#11224),.PCURVE_S1.);
#11213 = LINE('',#11214,#11215);
#11214 = CARTESIAN_POINT('',(7.315173649456,-44.03051595045,
    2.416061909877E-03));
#11215 = VECTOR('',#11216,1.);
#11216 = DIRECTION('',(0.257502913,5.919094537353E-02,0.964462898085));
#11217 = PCURVE('',#6085,#11218);
#11218 = DEFINITIONAL_REPRESENTATION('',(#11219),#11223);
#11219 = LINE('',#11220,#11221);
#11220 = CARTESIAN_POINT('',(-4.188236204142,15.288548131226));
#11221 = VECTOR('',#11222,1.);
#11222 = DIRECTION('',(0.264211257394,-0.964464831638));
#11223 = ( GEOMETRIC_REPRESENTATION_CONTEXT(2) 
PARAMETRIC_REPRESENTATION_CONTEXT() REPRESENTATION_CONTEXT('2D SPACE',''
  ) );
#11224 = PCURVE('',#3714,#11225);
#11225 = DEFINITIONAL_REPRESENTATION('',(#11226),#11230);
#11226 = LINE('',#11227,#11228);
#11227 = CARTESIAN_POINT('',(-4.188120996566,15.288579691411));
#11228 = VECTOR('',#11229,1.);
#11229 = DIRECTION('',(0.264203989624,-0.964466822585));
#11230 = ( GEOMETRIC_REPRESENTATION_CONTEXT(2) 
PARAMETRIC_REPRESENTATION_CONTEXT() REPRESENTATION_CONTEXT('2D SPACE',''
  ) );
#11231 = ADVANCED_FACE('',(#11232),#6143,.T.);
#11232 = FACE_BOUND('',#11233,.T.);
#11233 = EDGE_LOOP('',(#11234,#11255,#11256));
#11234 = ORIENTED_EDGE('',*,*,#11235,.T.);
#11235 = EDGE_CURVE('',#3673,#6128,#11236,.T.);
#11236 = SURFACE_CURVE('',#11237,(#11241,#11248),.PCURVE_S1.);
#11237 = LINE('',#11238,#11239);
#11238 = CARTESIAN_POINT('',(11.397070210308,-43.09223019073,
    15.290933542755));
#11239 = VECTOR('',#11240,1.);
#11240 = DIRECTION('',(0.247769733436,7.844363100421E-02,-0.96563800461)
  );
#11241 = PCURVE('',#6143,#11242);
#11242 = DEFINITIONAL_REPRESENTATION('',(#11243),#11247);
#11243 = LINE('',#11244,#11245);
#11244 = CARTESIAN_POINT('',(0.,0.));
#11245 = VECTOR('',#11246,1.);
#11246 = DIRECTION('',(0.25988276832,0.965640174563));
#11247 = ( GEOMETRIC_REPRESENTATION_CONTEXT(2) 
PARAMETRIC_REPRESENTATION_CONTEXT() REPRESENTATION_CONTEXT('2D SPACE',''
  ) );
#11248 = PCURVE('',#3772,#11249);
#11249 = DEFINITIONAL_REPRESENTATION('',(#11250),#11254);
#11250 = LINE('',#11251,#11252);
#11251 = CARTESIAN_POINT('',(-4.168898143645,-2.282073954912E-02));
#11252 = VECTOR('',#11253,1.);
#11253 = DIRECTION('',(0.259888459016,0.965638643008));
#11254 = ( GEOMETRIC_REPRESENTATION_CONTEXT(2) 
PARAMETRIC_REPRESENTATION_CONTEXT() REPRESENTATION_CONTEXT('2D SPACE',''
  ) );
#11255 = ORIENTED_EDGE('',*,*,#6127,.F.);
#11256 = ORIENTED_EDGE('',*,*,#11189,.T.);
#11257 = ADVANCED_FACE('',(#11258),#3714,.T.);
#11258 = FACE_BOUND('',#11259,.T.);
#11259 = EDGE_LOOP('',(#11260,#11261,#11262));
#11260 = ORIENTED_EDGE('',*,*,#11211,.F.);
#11261 = ORIENTED_EDGE('',*,*,#11137,.F.);
#11262 = ORIENTED_EDGE('',*,*,#3700,.T.);
#11263 = ADVANCED_FACE('',(#11264),#3772,.T.);
#11264 = FACE_BOUND('',#11265,.T.);
#11265 = EDGE_LOOP('',(#11266,#11287,#11288));
#11266 = ORIENTED_EDGE('',*,*,#11267,.F.);
#11267 = EDGE_CURVE('',#6128,#3731,#11268,.T.);
#11268 = SURFACE_CURVE('',#11269,(#11273,#11280),.PCURVE_S1.);
#11269 = LINE('',#11270,#11271);
#11270 = CARTESIAN_POINT('',(15.330132265686,-41.847026976,
    -3.746893194539E-02));
#11271 = VECTOR('',#11272,1.);
#11272 = DIRECTION('',(2.351924477528E-03,1.963462611536E-03,
    0.999995306622));
#11273 = PCURVE('',#3772,#11274);
#11274 = DEFINITIONAL_REPRESENTATION('',(#11275),#11279);
#11275 = LINE('',#11276,#11277);
#11276 = CARTESIAN_POINT('',(-4.346513530993E-02,15.305591868988));
#11277 = VECTOR('',#11278,1.);
#11278 = DIRECTION('',(2.8398091638E-03,-0.999995967734));
#11279 = ( GEOMETRIC_REPRESENTATION_CONTEXT(2) 
PARAMETRIC_REPRESENTATION_CONTEXT() REPRESENTATION_CONTEXT('2D SPACE',''
  ) );
#11280 = PCURVE('',#3830,#11281);
#11281 = DEFINITIONAL_REPRESENTATION('',(#11282),#11286);
#11282 = LINE('',#11283,#11284);
#11283 = CARTESIAN_POINT('',(-4.222679223732,15.306841495032));
#11284 = VECTOR('',#11285,1.);
#11285 = DIRECTION('',(2.917683680768E-03,-0.999995743552));
#11286 = ( GEOMETRIC_REPRESENTATION_CONTEXT(2) 
PARAMETRIC_REPRESENTATION_CONTEXT() REPRESENTATION_CONTEXT('2D SPACE',''
  ) );
#11287 = ORIENTED_EDGE('',*,*,#11235,.F.);
#11288 = ORIENTED_EDGE('',*,*,#3758,.T.);
#11289 = ADVANCED_FACE('',(#11290),#6201,.T.);
#11290 = FACE_BOUND('',#11291,.T.);
#11291 = EDGE_LOOP('',(#11292,#11313,#11314));
#11292 = ORIENTED_EDGE('',*,*,#11293,.F.);
#11293 = EDGE_CURVE('',#6186,#3789,#11294,.T.);
#11294 = SURFACE_CURVE('',#11295,(#11299,#11306),.PCURVE_S1.);
#11295 = LINE('',#11296,#11297);
#11296 = CARTESIAN_POINT('',(19.194407282163,-40.26306079699,
    2.100600348927E-02));
#11297 = VECTOR('',#11298,1.);
#11298 = DIRECTION('',(2.821373924047E-03,1.138739628001E-03,
    0.99999537155));
#11299 = PCURVE('',#6201,#11300);
#11300 = DEFINITIONAL_REPRESENTATION('',(#11301),#11305);
#11301 = LINE('',#11302,#11303);
#11302 = CARTESIAN_POINT('',(-4.639285598732E-02,15.248359873605));
#11303 = VECTOR('',#11304,1.);
#11304 = DIRECTION('',(3.0424676261E-03,-0.999995371685));
#11305 = ( GEOMETRIC_REPRESENTATION_CONTEXT(2) 
PARAMETRIC_REPRESENTATION_CONTEXT() REPRESENTATION_CONTEXT('2D SPACE',''
  ) );
#11306 = PCURVE('',#6259,#11307);
#11307 = DEFINITIONAL_REPRESENTATION('',(#11308),#11312);
#11308 = LINE('',#11309,#11310);
#11309 = CARTESIAN_POINT('',(-4.605972634044E-02,15.248360883507));
#11310 = VECTOR('',#11311,1.);
#11311 = DIRECTION('',(3.020620810585E-03,-0.999995437915));
#11312 = ( GEOMETRIC_REPRESENTATION_CONTEXT(2) 
PARAMETRIC_REPRESENTATION_CONTEXT() REPRESENTATION_CONTEXT('2D SPACE',''
  ) );
#11313 = ORIENTED_EDGE('',*,*,#6185,.F.);
#11314 = ORIENTED_EDGE('',*,*,#11315,.T.);
#11315 = EDGE_CURVE('',#6128,#3789,#11316,.T.);
#11316 = SURFACE_CURVE('',#11317,(#11321,#11328),.PCURVE_S1.);
#11317 = LINE('',#11318,#11319);
#11318 = CARTESIAN_POINT('',(15.330132265686,-41.847026976,
    -3.746893194539E-02));
#11319 = VECTOR('',#11320,1.);
#11320 = DIRECTION('',(0.246072880068,0.100848226654,0.963990546051));
#11321 = PCURVE('',#6201,#11322);
#11322 = DEFINITIONAL_REPRESENTATION('',(#11323),#11327);
#11323 = LINE('',#11324,#11325);
#11324 = CARTESIAN_POINT('',(-4.222703459763,15.306834809047));
#11325 = VECTOR('',#11326,1.);
#11326 = DIRECTION('',(0.265936509103,-0.963990546181));
#11327 = ( GEOMETRIC_REPRESENTATION_CONTEXT(2) 
PARAMETRIC_REPRESENTATION_CONTEXT() REPRESENTATION_CONTEXT('2D SPACE',''
  ) );
#11328 = PCURVE('',#3830,#11329);
#11329 = DEFINITIONAL_REPRESENTATION('',(#11330),#11334);
#11330 = LINE('',#11331,#11332);
#11331 = CARTESIAN_POINT('',(-4.222679223732,15.306841495032));
#11332 = VECTOR('',#11333,1.);
#11333 = DIRECTION('',(0.265934982772,-0.963990967249));
#11334 = ( GEOMETRIC_REPRESENTATION_CONTEXT(2) 
PARAMETRIC_REPRESENTATION_CONTEXT() REPRESENTATION_CONTEXT('2D SPACE',''
  ) );
#11335 = ADVANCED_FACE('',(#11336),#6259,.T.);
#11336 = FACE_BOUND('',#11337,.T.);
#11337 = EDGE_LOOP('',(#11338,#11359,#11360));
#11338 = ORIENTED_EDGE('',*,*,#11339,.T.);
#11339 = EDGE_CURVE('',#3789,#6244,#11340,.T.);
#11340 = SURFACE_CURVE('',#11341,(#11345,#11352),.PCURVE_S1.);
#11341 = LINE('',#11342,#11343);
#11342 = CARTESIAN_POINT('',(19.237428806212,-40.24569680497,
    15.269365875039));
#11343 = VECTOR('',#11344,1.);
#11344 = DIRECTION('',(0.229725624214,0.126991114313,-0.964934917217));
#11345 = PCURVE('',#6259,#11346);
#11346 = DEFINITIONAL_REPRESENTATION('',(#11347),#11351);
#11347 = LINE('',#11348,#11349);
#11348 = CARTESIAN_POINT('',(0.,0.));
#11349 = VECTOR('',#11350,1.);
#11350 = DIRECTION('',(0.262489013009,0.964934981255));
#11351 = ( GEOMETRIC_REPRESENTATION_CONTEXT(2) 
PARAMETRIC_REPRESENTATION_CONTEXT() REPRESENTATION_CONTEXT('2D SPACE',''
  ) );
#11352 = PCURVE('',#3888,#11353);
#11353 = DEFINITIONAL_REPRESENTATION('',(#11354),#11358);
#11354 = LINE('',#11355,#11356);
#11355 = CARTESIAN_POINT('',(-4.116655277769,2.090464033001E-02));
#11356 = VECTOR('',#11357,1.);
#11357 = DIRECTION('',(0.262483923252,0.964936365795));
#11358 = ( GEOMETRIC_REPRESENTATION_CONTEXT(2) 
PARAMETRIC_REPRESENTATION_CONTEXT() REPRESENTATION_CONTEXT('2D SPACE',''
  ) );
#11359 = ORIENTED_EDGE('',*,*,#6243,.F.);
#11360 = ORIENTED_EDGE('',*,*,#11293,.T.);
#11361 = ADVANCED_FACE('',(#11362),#3830,.T.);
#11362 = FACE_BOUND('',#11363,.T.);
#11363 = EDGE_LOOP('',(#11364,#11365,#11366));
#11364 = ORIENTED_EDGE('',*,*,#11315,.F.);
#11365 = ORIENTED_EDGE('',*,*,#11267,.T.);
#11366 = ORIENTED_EDGE('',*,*,#3816,.T.);
#11367 = ADVANCED_FACE('',(#11368),#3888,.T.);
#11368 = FACE_BOUND('',#11369,.T.);
#11369 = EDGE_LOOP('',(#11370,#11391,#11392));
#11370 = ORIENTED_EDGE('',*,*,#11371,.T.);
#11371 = EDGE_CURVE('',#3847,#6244,#11372,.T.);
#11372 = SURFACE_CURVE('',#11373,(#11377,#11384),.PCURVE_S1.);
#11373 = LINE('',#11374,#11375);
#11374 = CARTESIAN_POINT('',(22.852878006566,-38.27709888845,
    15.290270483987));
#11375 = VECTOR('',#11376,1.);
#11376 = DIRECTION('',(9.754312367875E-04,2.50409682174E-03,
    -0.99999638901));
#11377 = PCURVE('',#3888,#11378);
#11378 = DEFINITIONAL_REPRESENTATION('',(#11379),#11383);
#11379 = LINE('',#11380,#11381);
#11380 = CARTESIAN_POINT('',(0.,0.));
#11381 = VECTOR('',#11382,1.);
#11382 = DIRECTION('',(2.054154177387E-03,0.999997890223));
#11383 = ( GEOMETRIC_REPRESENTATION_CONTEXT(2) 
PARAMETRIC_REPRESENTATION_CONTEXT() REPRESENTATION_CONTEXT('2D SPACE',''
  ) );
#11384 = PCURVE('',#3946,#11385);
#11385 = DEFINITIONAL_REPRESENTATION('',(#11386),#11390);
#11386 = LINE('',#11387,#11388);
#11387 = CARTESIAN_POINT('',(-4.233582801113,-3.033427969679E-03));
#11388 = VECTOR('',#11389,1.);
#11389 = DIRECTION('',(2.208014328384E-03,0.999997562333));
#11390 = ( GEOMETRIC_REPRESENTATION_CONTEXT(2) 
PARAMETRIC_REPRESENTATION_CONTEXT() REPRESENTATION_CONTEXT('2D SPACE',''
  ) );
#11391 = ORIENTED_EDGE('',*,*,#11339,.F.);
#11392 = ORIENTED_EDGE('',*,*,#3874,.T.);
#11393 = ADVANCED_FACE('',(#11394),#6317,.T.);
#11394 = FACE_BOUND('',#11395,.T.);
#11395 = EDGE_LOOP('',(#11396,#11417,#11418));
#11396 = ORIENTED_EDGE('',*,*,#11397,.T.);
#11397 = EDGE_CURVE('',#3905,#6302,#11398,.T.);
#11398 = SURFACE_CURVE('',#11399,(#11403,#11410),.PCURVE_S1.);
#11399 = LINE('',#11400,#11401);
#11400 = CARTESIAN_POINT('',(26.364108733334,-35.91183312805,
    15.287237059576));
#11401 = VECTOR('',#11402,1.);
#11402 = DIRECTION('',(9.084881278915E-04,-1.947511470752E-03,
    -0.999997690922));
#11403 = PCURVE('',#6317,#11404);
#11404 = DEFINITIONAL_REPRESENTATION('',(#11405),#11409);
#11405 = LINE('',#11406,#11407);
#11406 = CARTESIAN_POINT('',(0.,0.));
#11407 = VECTOR('',#11408,1.);
#11408 = DIRECTION('',(-3.0631499949E-04,0.999999953086));
#11409 = ( GEOMETRIC_REPRESENTATION_CONTEXT(2) 
PARAMETRIC_REPRESENTATION_CONTEXT() REPRESENTATION_CONTEXT('2D SPACE',''
  ) );
#11410 = PCURVE('',#4004,#11411);
#11411 = DEFINITIONAL_REPRESENTATION('',(#11412),#11416);
#11412 = LINE('',#11413,#11414);
#11413 = CARTESIAN_POINT('',(-4.197851483582,2.7002342739E-02));
#11414 = VECTOR('',#11415,1.);
#11415 = DIRECTION('',(-4.983901688505E-04,0.999999875804));
#11416 = ( GEOMETRIC_REPRESENTATION_CONTEXT(2) 
PARAMETRIC_REPRESENTATION_CONTEXT() REPRESENTATION_CONTEXT('2D SPACE',''
  ) );
#11417 = ORIENTED_EDGE('',*,*,#6301,.F.);
#11418 = ORIENTED_EDGE('',*,*,#11419,.T.);
#11419 = EDGE_CURVE('',#6244,#3905,#11420,.T.);
#11420 = SURFACE_CURVE('',#11421,(#11425,#11432),.PCURVE_S1.);
#11421 = LINE('',#11422,#11423);
#11422 = CARTESIAN_POINT('',(22.867772630211,-38.23886187253,
    2.054228702764E-02));
#11423 = VECTOR('',#11424,1.);
#11424 = DIRECTION('',(0.220813761186,0.146965267154,0.9641796996));
#11425 = PCURVE('',#6317,#11426);
#11426 = DEFINITIONAL_REPRESENTATION('',(#11427),#11431);
#11427 = LINE('',#11428,#11429);
#11428 = CARTESIAN_POINT('',(-4.19980647482,15.266729308396));
#11429 = VECTOR('',#11430,1.);
#11430 = DIRECTION('',(0.265241966621,-0.964181880738));
#11431 = ( GEOMETRIC_REPRESENTATION_CONTEXT(2) 
PARAMETRIC_REPRESENTATION_CONTEXT() REPRESENTATION_CONTEXT('2D SPACE',''
  ) );
#11432 = PCURVE('',#3946,#11433);
#11433 = DEFINITIONAL_REPRESENTATION('',(#11434),#11438);
#11434 = LINE('',#11435,#11436);
#11435 = CARTESIAN_POINT('',(-4.199866900716,15.266712685384));
#11436 = VECTOR('',#11437,1.);
#11437 = DIRECTION('',(0.265245782864,-0.964180830899));
#11438 = ( GEOMETRIC_REPRESENTATION_CONTEXT(2) 
PARAMETRIC_REPRESENTATION_CONTEXT() REPRESENTATION_CONTEXT('2D SPACE',''
  ) );
#11439 = ADVANCED_FACE('',(#11440),#3946,.T.);
#11440 = FACE_BOUND('',#11441,.T.);
#11441 = EDGE_LOOP('',(#11442,#11443,#11444));
#11442 = ORIENTED_EDGE('',*,*,#11419,.F.);
#11443 = ORIENTED_EDGE('',*,*,#11371,.F.);
#11444 = ORIENTED_EDGE('',*,*,#3932,.T.);
#11445 = ADVANCED_FACE('',(#11446),#6375,.T.);
#11446 = FACE_BOUND('',#11447,.T.);
#11447 = EDGE_LOOP('',(#11448,#11469,#11470));
#11448 = ORIENTED_EDGE('',*,*,#11449,.T.);
#11449 = EDGE_CURVE('',#3963,#6360,#11450,.T.);
#11450 = SURFACE_CURVE('',#11451,(#11455,#11462),.PCURVE_S1.);
#11451 = LINE('',#11452,#11453);
#11452 = CARTESIAN_POINT('',(29.653061608729,-33.30324230831,
    15.314239343318));
#11453 = VECTOR('',#11454,1.);
#11454 = DIRECTION('',(7.653951985885E-04,-2.148659386189E-03,
    -0.999997398713));
#11455 = PCURVE('',#6375,#11456);
#11456 = DEFINITIONAL_REPRESENTATION('',(#11457),#11461);
#11457 = LINE('',#11458,#11459);
#11458 = CARTESIAN_POINT('',(0.,0.));
#11459 = VECTOR('',#11460,1.);
#11460 = DIRECTION('',(-7.349537823523E-04,0.999999729921));
#11461 = ( GEOMETRIC_REPRESENTATION_CONTEXT(2) 
PARAMETRIC_REPRESENTATION_CONTEXT() REPRESENTATION_CONTEXT('2D SPACE',''
  ) );
#11462 = PCURVE('',#4062,#11463);
#11463 = DEFINITIONAL_REPRESENTATION('',(#11464),#11468);
#11464 = LINE('',#11465,#11466);
#11465 = CARTESIAN_POINT('',(-4.121061904402,-2.18098007657E-02));
#11466 = VECTOR('',#11467,1.);
#11467 = DIRECTION('',(-9.538802844434E-04,0.999999545056));
#11468 = ( GEOMETRIC_REPRESENTATION_CONTEXT(2) 
PARAMETRIC_REPRESENTATION_CONTEXT() REPRESENTATION_CONTEXT('2D SPACE',''
  ) );
#11469 = ORIENTED_EDGE('',*,*,#6359,.F.);
#11470 = ORIENTED_EDGE('',*,*,#11471,.T.);
#11471 = EDGE_CURVE('',#6302,#3963,#11472,.T.);
#11472 = SURFACE_CURVE('',#11473,(#11477,#11484),.PCURVE_S1.);
#11473 = LINE('',#11474,#11475);
#11474 = CARTESIAN_POINT('',(26.378013791291,-35.94164117842,
    -1.843994633031E-02));
#11475 = VECTOR('',#11476,1.);
#11476 = DIRECTION('',(0.205990829996,0.165947492497,0.964380219463));
#11477 = PCURVE('',#6375,#11478);
#11478 = DEFINITIONAL_REPRESENTATION('',(#11479),#11483);
#11479 = LINE('',#11480,#11481);
#11480 = CARTESIAN_POINT('',(-4.20547152026,15.332715033411));
#11481 = VECTOR('',#11482,1.);
#11482 = DIRECTION('',(0.264511731514,-0.96438246764));
#11483 = ( GEOMETRIC_REPRESENTATION_CONTEXT(2) 
PARAMETRIC_REPRESENTATION_CONTEXT() REPRESENTATION_CONTEXT('2D SPACE',''
  ) );
#11484 = PCURVE('',#4004,#11485);
#11485 = DEFINITIONAL_REPRESENTATION('',(#11486),#11490);
#11486 = LINE('',#11487,#11488);
#11487 = CARTESIAN_POINT('',(-4.205479700144,15.332712789822));
#11488 = VECTOR('',#11489,1.);
#11489 = DIRECTION('',(0.264512246005,-0.964382326525));
#11490 = ( GEOMETRIC_REPRESENTATION_CONTEXT(2) 
PARAMETRIC_REPRESENTATION_CONTEXT() REPRESENTATION_CONTEXT('2D SPACE',''
  ) );
#11491 = ADVANCED_FACE('',(#11492),#4004,.T.);
#11492 = FACE_BOUND('',#11493,.T.);
#11493 = EDGE_LOOP('',(#11494,#11495,#11496));
#11494 = ORIENTED_EDGE('',*,*,#11471,.F.);
#11495 = ORIENTED_EDGE('',*,*,#11397,.F.);
#11496 = ORIENTED_EDGE('',*,*,#3990,.T.);
#11497 = ADVANCED_FACE('',(#11498),#6433,.T.);
#11498 = FACE_BOUND('',#11499,.T.);
#11499 = EDGE_LOOP('',(#11500,#11521,#11522));
#11500 = ORIENTED_EDGE('',*,*,#11501,.T.);
#11501 = EDGE_CURVE('',#4021,#6418,#11502,.T.);
#11502 = SURFACE_CURVE('',#11503,(#11507,#11514),.PCURVE_S1.);
#11503 = LINE('',#11504,#11505);
#11504 = CARTESIAN_POINT('',(32.601101883514,-30.42362258338,
    15.292429589364));
#11505 = VECTOR('',#11506,1.);
#11506 = DIRECTION('',(4.464414667902E-05,3.287018630936E-03,
    -0.999994596743));
#11507 = PCURVE('',#6433,#11508);
#11508 = DEFINITIONAL_REPRESENTATION('',(#11509),#11513);
#11509 = LINE('',#11510,#11511);
#11510 = CARTESIAN_POINT('',(-0.,0.));
#11511 = VECTOR('',#11512,1.);
#11512 = DIRECTION('',(-2.365778562305E-03,-0.999997201542));
#11513 = ( GEOMETRIC_REPRESENTATION_CONTEXT(2) 
PARAMETRIC_REPRESENTATION_CONTEXT() REPRESENTATION_CONTEXT('2D SPACE',''
  ) );
#11514 = PCURVE('',#6575,#11515);
#11515 = DEFINITIONAL_REPRESENTATION('',(#11516),#11520);
#11516 = LINE('',#11517,#11518);
#11517 = CARTESIAN_POINT('',(-0.,0.));
#11518 = VECTOR('',#11519,1.);
#11519 = DIRECTION('',(-2.524965289975E-03,-0.99999681227));
#11520 = ( GEOMETRIC_REPRESENTATION_CONTEXT(2) 
PARAMETRIC_REPRESENTATION_CONTEXT() REPRESENTATION_CONTEXT('2D SPACE',''
  ) );
#11521 = ORIENTED_EDGE('',*,*,#6417,.F.);
#11522 = ORIENTED_EDGE('',*,*,#11523,.T.);
#11523 = EDGE_CURVE('',#6360,#4021,#11524,.T.);
#11524 = SURFACE_CURVE('',#11525,(#11529,#11536),.PCURVE_S1.);
#11525 = LINE('',#11526,#11527);
#11526 = CARTESIAN_POINT('',(29.664762955749,-33.33609097153,
    2.629841599251E-02));
#11527 = VECTOR('',#11528,1.);
#11528 = DIRECTION('',(0.18565123361,0.184142008947,0.965207407763));
#11529 = PCURVE('',#6433,#11530);
#11530 = DEFINITIONAL_REPRESENTATION('',(#11531),#11535);
#11531 = LINE('',#11532,#11533);
#11532 = CARTESIAN_POINT('',(4.135618971927,-15.26617093878));
#11533 = VECTOR('',#11534,1.);
#11534 = DIRECTION('',(-0.261476206516,0.965209921948));
#11535 = ( GEOMETRIC_REPRESENTATION_CONTEXT(2) 
PARAMETRIC_REPRESENTATION_CONTEXT() REPRESENTATION_CONTEXT('2D SPACE',''
  ) );
#11536 = PCURVE('',#4062,#11537);
#11537 = DEFINITIONAL_REPRESENTATION('',(#11538),#11542);
#11538 = LINE('',#11539,#11540);
#11539 = CARTESIAN_POINT('',(-4.135644807776,15.26616393981));
#11540 = VECTOR('',#11541,1.);
#11541 = DIRECTION('',(0.261477839998,-0.965209479434));
#11542 = ( GEOMETRIC_REPRESENTATION_CONTEXT(2) 
PARAMETRIC_REPRESENTATION_CONTEXT() REPRESENTATION_CONTEXT('2D SPACE',''
  ) );
#11543 = ADVANCED_FACE('',(#11544),#6575,.T.);
#11544 = FACE_BOUND('',#11545,.T.);
#11545 = EDGE_LOOP('',(#11546,#11567,#11568));
#11546 = ORIENTED_EDGE('',*,*,#11547,.T.);
#11547 = EDGE_CURVE('',#4021,#6533,#11548,.T.);
#11548 = SURFACE_CURVE('',#11549,(#11553,#11560),.PCURVE_S1.);
#11549 = LINE('',#11550,#11551);
#11550 = CARTESIAN_POINT('',(32.601101883514,-30.42362258338,
    15.292429589364));
#11551 = VECTOR('',#11552,1.);
#11552 = DIRECTION('',(0.172590101306,0.204514795033,-0.963528077195));
#11553 = PCURVE('',#6575,#11554);
#11554 = DEFINITIONAL_REPRESENTATION('',(#11555),#11559);
#11555 = LINE('',#11556,#11557);
#11556 = CARTESIAN_POINT('',(-0.,0.));
#11557 = VECTOR('',#11558,1.);
#11558 = DIRECTION('',(-0.267599571561,-0.963530211929));
#11559 = ( GEOMETRIC_REPRESENTATION_CONTEXT(2) 
PARAMETRIC_REPRESENTATION_CONTEXT() REPRESENTATION_CONTEXT('2D SPACE',''
  ) );
#11560 = PCURVE('',#4152,#11561);
#11561 = DEFINITIONAL_REPRESENTATION('',(#11562),#11566);
#11562 = LINE('',#11563,#11564);
#11563 = CARTESIAN_POINT('',(4.224524220062,1.117592507054E-02));
#11564 = VECTOR('',#11565,1.);
#11565 = DIRECTION('',(-0.267605301116,-0.963528620652));
#11566 = ( GEOMETRIC_REPRESENTATION_CONTEXT(2) 
PARAMETRIC_REPRESENTATION_CONTEXT() REPRESENTATION_CONTEXT('2D SPACE',''
  ) );
#11567 = ORIENTED_EDGE('',*,*,#6561,.F.);
#11568 = ORIENTED_EDGE('',*,*,#11501,.F.);
#11569 = ADVANCED_FACE('',(#11570),#4062,.T.);
#11570 = FACE_BOUND('',#11571,.T.);
#11571 = EDGE_LOOP('',(#11572,#11573,#11574));
#11572 = ORIENTED_EDGE('',*,*,#11523,.F.);
#11573 = ORIENTED_EDGE('',*,*,#11449,.F.);
#11574 = ORIENTED_EDGE('',*,*,#4048,.T.);
#11575 = ADVANCED_FACE('',(#11576),#4152,.T.);
#11576 = FACE_BOUND('',#11577,.T.);
#11577 = EDGE_LOOP('',(#11578,#11599,#11600));
#11578 = ORIENTED_EDGE('',*,*,#11579,.T.);
#11579 = EDGE_CURVE('',#4137,#6533,#11580,.T.);
#11580 = SURFACE_CURVE('',#11581,(#11585,#11592),.PCURVE_S1.);
#11581 = LINE('',#11582,#11583);
#11582 = CARTESIAN_POINT('',(35.313301162388,-27.18470610442,
    15.281253670597));
#11583 = VECTOR('',#11584,1.);
#11584 = DIRECTION('',(1.673523359055E-03,3.442078063702E-04,
    -0.999998540419));
#11585 = PCURVE('',#4152,#11586);
#11586 = DEFINITIONAL_REPRESENTATION('',(#11587),#11591);
#11587 = LINE('',#11588,#11589);
#11588 = CARTESIAN_POINT('',(-0.,0.));
#11589 = VECTOR('',#11590,1.);
#11590 = DIRECTION('',(-1.338322680212E-03,-0.999999104446));
#11591 = ( GEOMETRIC_REPRESENTATION_CONTEXT(2) 
PARAMETRIC_REPRESENTATION_CONTEXT() REPRESENTATION_CONTEXT('2D SPACE',''
  ) );
#11592 = PCURVE('',#4268,#11593);
#11593 = DEFINITIONAL_REPRESENTATION('',(#11594),#11598);
#11594 = LINE('',#11595,#11596);
#11595 = CARTESIAN_POINT('',(4.126346278716,3.514434080079E-03));
#11596 = VECTOR('',#11597,1.);
#11597 = DIRECTION('',(-1.24800479473E-03,-0.999999221242));
#11598 = ( GEOMETRIC_REPRESENTATION_CONTEXT(2) 
PARAMETRIC_REPRESENTATION_CONTEXT() REPRESENTATION_CONTEXT('2D SPACE',''
  ) );
#11599 = ORIENTED_EDGE('',*,*,#11547,.F.);
#11600 = ORIENTED_EDGE('',*,*,#4136,.T.);
#11601 = ADVANCED_FACE('',(#11602),#6691,.T.);
#11602 = FACE_BOUND('',#11603,.T.);
#11603 = EDGE_LOOP('',(#11604,#11625,#11626));
#11604 = ORIENTED_EDGE('',*,*,#11605,.T.);
#11605 = EDGE_CURVE('',#4253,#6649,#11606,.T.);
#11606 = SURFACE_CURVE('',#11607,(#11611,#11618),.PCURVE_S1.);
#11607 = LINE('',#11608,#11609);
#11608 = CARTESIAN_POINT('',(37.697819141536,-23.81709454442,
    15.27773923891));
#11609 = VECTOR('',#11610,1.);
#11610 = DIRECTION('',(2.944666103645E-03,-6.290714486843E-04,
    -0.999995466595));
#11611 = PCURVE('',#6691,#11612);
#11612 = DEFINITIONAL_REPRESENTATION('',(#11613),#11617);
#11613 = LINE('',#11614,#11615);
#11614 = CARTESIAN_POINT('',(-0.,0.));
#11615 = VECTOR('',#11616,1.);
#11616 = DIRECTION('',(-1.204612045046E-03,-0.999999274455));
#11617 = ( GEOMETRIC_REPRESENTATION_CONTEXT(2) 
PARAMETRIC_REPRESENTATION_CONTEXT() REPRESENTATION_CONTEXT('2D SPACE',''
  ) );
#11618 = PCURVE('',#6807,#11619);
#11619 = DEFINITIONAL_REPRESENTATION('',(#11620),#11624);
#11620 = LINE('',#11621,#11622);
#11621 = CARTESIAN_POINT('',(-0.,0.));
#11622 = VECTOR('',#11623,1.);
#11623 = DIRECTION('',(-8.474359978185E-04,-0.999999640926));
#11624 = ( GEOMETRIC_REPRESENTATION_CONTEXT(2) 
PARAMETRIC_REPRESENTATION_CONTEXT() REPRESENTATION_CONTEXT('2D SPACE',''
  ) );
#11625 = ORIENTED_EDGE('',*,*,#6677,.F.);
#11626 = ORIENTED_EDGE('',*,*,#11627,.T.);
#11627 = EDGE_CURVE('',#6533,#4253,#11628,.T.);
#11628 = SURFACE_CURVE('',#11629,(#11633,#11640),.PCURVE_S1.);
#11629 = LINE('',#11630,#11631);
#11630 = CARTESIAN_POINT('',(35.338861022107,-27.17944899032,
    8.193826844653E-03));
#11631 = VECTOR('',#11632,1.);
#11632 = DIRECTION('',(0.149184920607,0.212641579743,0.965674592204));
#11633 = PCURVE('',#6691,#11634);
#11634 = DEFINITIONAL_REPRESENTATION('',(#11635),#11639);
#11635 = LINE('',#11636,#11637);
#11636 = CARTESIAN_POINT('',(4.107107880738,-15.26960355661));
#11637 = VECTOR('',#11638,1.);
#11638 = DIRECTION('',(-0.259741178983,0.965678269374));
#11639 = ( GEOMETRIC_REPRESENTATION_CONTEXT(2) 
PARAMETRIC_REPRESENTATION_CONTEXT() REPRESENTATION_CONTEXT('2D SPACE',''
  ) );
#11640 = PCURVE('',#4268,#11641);
#11641 = DEFINITIONAL_REPRESENTATION('',(#11642),#11646);
#11642 = LINE('',#11643,#11644);
#11643 = CARTESIAN_POINT('',(4.10728539898,-15.26955580793));
#11644 = VECTOR('',#11645,1.);
#11645 = DIRECTION('',(-0.259752405569,0.965675249658));
#11646 = ( GEOMETRIC_REPRESENTATION_CONTEXT(2) 
PARAMETRIC_REPRESENTATION_CONTEXT() REPRESENTATION_CONTEXT('2D SPACE',''
  ) );
#11647 = ADVANCED_FACE('',(#11648),#6807,.T.);
#11648 = FACE_BOUND('',#11649,.T.);
#11649 = EDGE_LOOP('',(#11650,#11671,#11672));
#11650 = ORIENTED_EDGE('',*,*,#11651,.T.);
#11651 = EDGE_CURVE('',#4253,#6765,#11652,.T.);
#11652 = SURFACE_CURVE('',#11653,(#11657,#11664),.PCURVE_S1.);
#11653 = LINE('',#11654,#11655);
#11654 = CARTESIAN_POINT('',(37.697819141536,-23.81709454442,
    15.27773923891));
#11655 = VECTOR('',#11656,1.);
#11656 = DIRECTION('',(0.129207162645,0.233061146621,-0.96384024146));
#11657 = PCURVE('',#6807,#11658);
#11658 = DEFINITIONAL_REPRESENTATION('',(#11659),#11663);
#11659 = LINE('',#11660,#11661);
#11660 = CARTESIAN_POINT('',(-0.,0.));
#11661 = VECTOR('',#11662,1.);
#11662 = DIRECTION('',(-0.266466195013,-0.963844264866));
#11663 = ( GEOMETRIC_REPRESENTATION_CONTEXT(2) 
PARAMETRIC_REPRESENTATION_CONTEXT() REPRESENTATION_CONTEXT('2D SPACE',''
  ) );
#11664 = PCURVE('',#4384,#11665);
#11665 = DEFINITIONAL_REPRESENTATION('',(#11666),#11670);
#11666 = LINE('',#11667,#11668);
#11667 = CARTESIAN_POINT('',(4.181289443128,-1.731522401388E-03));
#11668 = VECTOR('',#11669,1.);
#11669 = DIRECTION('',(-0.26644041108,-0.963851392769));
#11670 = ( GEOMETRIC_REPRESENTATION_CONTEXT(2) 
PARAMETRIC_REPRESENTATION_CONTEXT() REPRESENTATION_CONTEXT('2D SPACE',''
  ) );
#11671 = ORIENTED_EDGE('',*,*,#6793,.F.);
#11672 = ORIENTED_EDGE('',*,*,#11605,.F.);
#11673 = ADVANCED_FACE('',(#11674),#4268,.T.);
#11674 = FACE_BOUND('',#11675,.T.);
#11675 = EDGE_LOOP('',(#11676,#11677,#11678));
#11676 = ORIENTED_EDGE('',*,*,#11627,.F.);
#11677 = ORIENTED_EDGE('',*,*,#11579,.F.);
#11678 = ORIENTED_EDGE('',*,*,#4252,.T.);
#11679 = ADVANCED_FACE('',(#11680),#4384,.T.);
#11680 = FACE_BOUND('',#11681,.T.);
#11681 = EDGE_LOOP('',(#11682,#11703,#11704));
#11682 = ORIENTED_EDGE('',*,*,#11683,.F.);
#11683 = EDGE_CURVE('',#6765,#4369,#11684,.T.);
#11684 = SURFACE_CURVE('',#11685,(#11689,#11696),.PCURVE_S1.);
#11685 = LINE('',#11686,#11687);
#11686 = CARTESIAN_POINT('',(39.742000882749,-20.12984276397,
    2.885842836021E-02));
#11687 = VECTOR('',#11688,1.);
#11688 = DIRECTION('',(3.049306879183E-03,-4.338967748772E-03,
    0.999985937444));
#11689 = PCURVE('',#4384,#11690);
#11690 = DEFINITIONAL_REPRESENTATION('',(#11691),#11695);
#11691 = LINE('',#11692,#11693);
#11692 = CARTESIAN_POINT('',(-3.405444573845E-02,-15.2507887574));
#11693 = VECTOR('',#11694,1.);
#11694 = DIRECTION('',(2.23295734933E-03,0.999997506948));
#11695 = ( GEOMETRIC_REPRESENTATION_CONTEXT(2) 
PARAMETRIC_REPRESENTATION_CONTEXT() REPRESENTATION_CONTEXT('2D SPACE',''
  ) );
#11696 = PCURVE('',#4500,#11697);
#11697 = DEFINITIONAL_REPRESENTATION('',(#11698),#11702);
#11698 = LINE('',#11699,#11700);
#11699 = CARTESIAN_POINT('',(4.158917952151,-15.29726259157));
#11700 = VECTOR('',#11701,1.);
#11701 = DIRECTION('',(2.730490887845E-03,0.999996272203));
#11702 = ( GEOMETRIC_REPRESENTATION_CONTEXT(2) 
PARAMETRIC_REPRESENTATION_CONTEXT() REPRESENTATION_CONTEXT('2D SPACE',''
  ) );
#11703 = ORIENTED_EDGE('',*,*,#11651,.F.);
#11704 = ORIENTED_EDGE('',*,*,#4368,.T.);
#11705 = ADVANCED_FACE('',(#11706),#6923,.T.);
#11706 = FACE_BOUND('',#11707,.T.);
#11707 = EDGE_LOOP('',(#11708,#11729,#11730));
#11708 = ORIENTED_EDGE('',*,*,#11709,.T.);
#11709 = EDGE_CURVE('',#4485,#6881,#11710,.T.);
#11710 = SURFACE_CURVE('',#11711,(#11715,#11722),.PCURVE_S1.);
#11711 = LINE('',#11712,#11713);
#11712 = CARTESIAN_POINT('',(41.491387311439,-16.35610689021,
    15.325962925829));
#11713 = VECTOR('',#11714,1.);
#11714 = DIRECTION('',(2.269022388761E-04,2.25518492737E-03,
    -0.999997431325));
#11715 = PCURVE('',#6923,#11716);
#11716 = DEFINITIONAL_REPRESENTATION('',(#11717),#11721);
#11717 = LINE('',#11718,#11719);
#11718 = CARTESIAN_POINT('',(0.,0.));
#11719 = VECTOR('',#11720,1.);
#11720 = DIRECTION('',(-2.143466925796E-03,-0.999997702772));
#11721 = ( GEOMETRIC_REPRESENTATION_CONTEXT(2) 
PARAMETRIC_REPRESENTATION_CONTEXT() REPRESENTATION_CONTEXT('2D SPACE',''
  ) );
#11722 = PCURVE('',#4611,#11723);
#11723 = DEFINITIONAL_REPRESENTATION('',(#11724),#11728);
#11724 = LINE('',#11725,#11726);
#11725 = CARTESIAN_POINT('',(4.211642116422,5.868793591473E-02));
#11726 = VECTOR('',#11727,1.);
#11727 = DIRECTION('',(-2.212684062978E-03,-0.999997552012));
#11728 = ( GEOMETRIC_REPRESENTATION_CONTEXT(2) 
PARAMETRIC_REPRESENTATION_CONTEXT() REPRESENTATION_CONTEXT('2D SPACE',''
  ) );
#11729 = ORIENTED_EDGE('',*,*,#6909,.F.);
#11730 = ORIENTED_EDGE('',*,*,#11731,.T.);
#11731 = EDGE_CURVE('',#6765,#4485,#11732,.T.);
#11732 = SURFACE_CURVE('',#11733,(#11737,#11744),.PCURVE_S1.);
#11733 = LINE('',#11734,#11735);
#11734 = CARTESIAN_POINT('',(39.742000882749,-20.12984276397,
    2.885842836021E-02));
#11735 = VECTOR('',#11736,1.);
#11736 = DIRECTION('',(0.110353739279,0.238052529671,0.964962717075));
#11737 = PCURVE('',#6923,#11738);
#11738 = DEFINITIONAL_REPRESENTATION('',(#11739),#11743);
#11739 = LINE('',#11740,#11741);
#11740 = CARTESIAN_POINT('',(4.159484136684,-15.29710864983));
#11741 = VECTOR('',#11742,1.);
#11742 = DIRECTION('',(-0.262386068869,0.964962979012));
#11743 = ( GEOMETRIC_REPRESENTATION_CONTEXT(2) 
PARAMETRIC_REPRESENTATION_CONTEXT() REPRESENTATION_CONTEXT('2D SPACE',''
  ) );
#11744 = PCURVE('',#4500,#11745);
#11745 = DEFINITIONAL_REPRESENTATION('',(#11746),#11750);
#11746 = LINE('',#11747,#11748);
#11747 = CARTESIAN_POINT('',(4.158917952151,-15.29726259157));
#11748 = VECTOR('',#11749,1.);
#11749 = DIRECTION('',(-0.262350353158,0.964972689872));
#11750 = ( GEOMETRIC_REPRESENTATION_CONTEXT(2) 
PARAMETRIC_REPRESENTATION_CONTEXT() REPRESENTATION_CONTEXT('2D SPACE',''
  ) );
#11751 = ADVANCED_FACE('',(#11752),#4500,.T.);
#11752 = FACE_BOUND('',#11753,.T.);
#11753 = EDGE_LOOP('',(#11754,#11755,#11756));
#11754 = ORIENTED_EDGE('',*,*,#11731,.F.);
#11755 = ORIENTED_EDGE('',*,*,#11683,.T.);
#11756 = ORIENTED_EDGE('',*,*,#4484,.T.);
#11757 = ADVANCED_FACE('',(#11758),#7039,.T.);
#11758 = FACE_BOUND('',#11759,.T.);
#11759 = EDGE_LOOP('',(#11760,#11781,#11782));
#11760 = ORIENTED_EDGE('',*,*,#11761,.T.);
#11761 = EDGE_CURVE('',#4596,#6997,#11762,.T.);
#11762 = SURFACE_CURVE('',#11763,(#11767,#11774),.PCURVE_S1.);
#11763 = LINE('',#11764,#11765);
#11764 = CARTESIAN_POINT('',(42.811276646021,-12.35662924155,
    15.267274996997));
#11765 = VECTOR('',#11766,1.);
#11766 = DIRECTION('',(4.59848734337E-03,-1.695704987805E-03,
    -0.999987989177));
#11767 = PCURVE('',#7039,#11768);
#11768 = DEFINITIONAL_REPRESENTATION('',(#11769),#11773);
#11769 = LINE('',#11770,#11771);
#11770 = CARTESIAN_POINT('',(-0.,0.));
#11771 = VECTOR('',#11772,1.);
#11772 = DIRECTION('',(7.281596910894E-05,-0.999999997349));
#11773 = ( GEOMETRIC_REPRESENTATION_CONTEXT(2) 
PARAMETRIC_REPRESENTATION_CONTEXT() REPRESENTATION_CONTEXT('2D SPACE',''
  ) );
#11774 = PCURVE('',#4700,#11775);
#11775 = DEFINITIONAL_REPRESENTATION('',(#11776),#11780);
#11776 = LINE('',#11777,#11778);
#11777 = CARTESIAN_POINT('',(4.139456282774,-5.361123085863E-02));
#11778 = VECTOR('',#11779,1.);
#11779 = DIRECTION('',(5.429338161937E-04,-0.999999852611));
#11780 = ( GEOMETRIC_REPRESENTATION_CONTEXT(2) 
PARAMETRIC_REPRESENTATION_CONTEXT() REPRESENTATION_CONTEXT('2D SPACE',''
  ) );
#11781 = ORIENTED_EDGE('',*,*,#7025,.F.);
#11782 = ORIENTED_EDGE('',*,*,#11783,.T.);
#11783 = EDGE_CURVE('',#6881,#4596,#11784,.T.);
#11784 = SURFACE_CURVE('',#11785,(#11789,#11796),.PCURVE_S1.);
#11785 = LINE('',#11786,#11787);
#11786 = CARTESIAN_POINT('',(41.494856285996,-16.32162869743,
    3.759175948945E-02));
#11787 = VECTOR('',#11788,1.);
#11788 = DIRECTION('',(8.335825209291E-02,0.251071340301,0.964372637463)
  );
#11789 = PCURVE('',#7039,#11790);
#11790 = DEFINITIONAL_REPRESENTATION('',(#11791),#11795);
#11791 = LINE('',#11792,#11793);
#11792 = CARTESIAN_POINT('',(4.177153662515,-15.22986612035));
#11793 = VECTOR('',#11794,1.);
#11794 = DIRECTION('',(-0.264505349966,0.964384217954));
#11795 = ( GEOMETRIC_REPRESENTATION_CONTEXT(2) 
PARAMETRIC_REPRESENTATION_CONTEXT() REPRESENTATION_CONTEXT('2D SPACE',''
  ) );
#11796 = PCURVE('',#4611,#11797);
#11797 = DEFINITIONAL_REPRESENTATION('',(#11798),#11802);
#11798 = LINE('',#11799,#11800);
#11799 = CARTESIAN_POINT('',(4.177813694299,-15.22968507553));
#11800 = VECTOR('',#11801,1.);
#11801 = DIRECTION('',(-0.264547144439,0.96437275385));
#11802 = ( GEOMETRIC_REPRESENTATION_CONTEXT(2) 
PARAMETRIC_REPRESENTATION_CONTEXT() REPRESENTATION_CONTEXT('2D SPACE',''
  ) );
#11803 = ADVANCED_FACE('',(#11804),#4611,.T.);
#11804 = FACE_BOUND('',#11805,.T.);
#11805 = EDGE_LOOP('',(#11806,#11807,#11808));
#11806 = ORIENTED_EDGE('',*,*,#11783,.F.);
#11807 = ORIENTED_EDGE('',*,*,#11709,.F.);
#11808 = ORIENTED_EDGE('',*,*,#4595,.T.);
#11809 = ADVANCED_FACE('',(#11810),#7155,.T.);
#11810 = FACE_BOUND('',#11811,.T.);
#11811 = EDGE_LOOP('',(#11812,#11833,#11834));
#11812 = ORIENTED_EDGE('',*,*,#11813,.T.);
#11813 = EDGE_CURVE('',#4685,#7113,#11814,.T.);
#11814 = SURFACE_CURVE('',#11815,(#11819,#11826),.PCURVE_S1.);
#11815 = LINE('',#11816,#11817);
#11816 = CARTESIAN_POINT('',(43.80414090841,-8.338007718988,
    15.320885591843));
#11817 = VECTOR('',#11818,1.);
#11818 = DIRECTION('',(2.016027161492E-03,-2.63879813917E-05,
    -0.999997967467));
#11819 = PCURVE('',#7155,#11820);
#11820 = DEFINITIONAL_REPRESENTATION('',(#11821),#11825);
#11821 = LINE('',#11822,#11823);
#11822 = CARTESIAN_POINT('',(-0.,0.));
#11823 = VECTOR('',#11824,1.);
#11824 = DIRECTION('',(-4.369575277162E-04,-0.999999904534));
#11825 = ( GEOMETRIC_REPRESENTATION_CONTEXT(2) 
PARAMETRIC_REPRESENTATION_CONTEXT() REPRESENTATION_CONTEXT('2D SPACE',''
  ) );
#11826 = PCURVE('',#4758,#11827);
#11827 = DEFINITIONAL_REPRESENTATION('',(#11828),#11832);
#11828 = LINE('',#11829,#11830);
#11829 = CARTESIAN_POINT('',(4.186924531033,8.264890633734E-02));
#11830 = VECTOR('',#11831,1.);
#11831 = DIRECTION('',(-2.629705092334E-04,-0.999999965423));
#11832 = ( GEOMETRIC_REPRESENTATION_CONTEXT(2) 
PARAMETRIC_REPRESENTATION_CONTEXT() REPRESENTATION_CONTEXT('2D SPACE',''
  ) );
#11833 = ORIENTED_EDGE('',*,*,#7141,.F.);
#11834 = ORIENTED_EDGE('',*,*,#11835,.T.);
#11835 = EDGE_CURVE('',#6997,#4685,#11836,.T.);
#11836 = SURFACE_CURVE('',#11837,(#11841,#11848),.PCURVE_S1.);
#11837 = LINE('',#11838,#11839);
#11838 = CARTESIAN_POINT('',(42.881561446641,-12.38254695712,
    -1.687198307137E-02));
#11839 = VECTOR('',#11840,1.);
#11840 = DIRECTION('',(5.806450285042E-02,0.254551688882,0.965314431259)
  );
#11841 = PCURVE('',#7155,#11842);
#11842 = DEFINITIONAL_REPRESENTATION('',(#11843),#11847);
#11843 = LINE('',#11844,#11845);
#11844 = CARTESIAN_POINT('',(4.14831762666,-15.33778728523));
#11845 = VECTOR('',#11846,1.);
#11846 = DIRECTION('',(-0.261083202737,0.965316301141));
#11847 = ( GEOMETRIC_REPRESENTATION_CONTEXT(2) 
PARAMETRIC_REPRESENTATION_CONTEXT() REPRESENTATION_CONTEXT('2D SPACE',''
  ) );
#11848 = PCURVE('',#4700,#11849);
#11849 = DEFINITIONAL_REPRESENTATION('',(#11850),#11854);
#11850 = LINE('',#11851,#11852);
#11851 = CARTESIAN_POINT('',(4.147754662692,-15.33793953557));
#11852 = VECTOR('',#11853,1.);
#11853 = DIRECTION('',(-0.261047771401,0.96532588334));
#11854 = ( GEOMETRIC_REPRESENTATION_CONTEXT(2) 
PARAMETRIC_REPRESENTATION_CONTEXT() REPRESENTATION_CONTEXT('2D SPACE',''
  ) );
#11855 = ADVANCED_FACE('',(#11856),#4700,.T.);
#11856 = FACE_BOUND('',#11857,.T.);
#11857 = EDGE_LOOP('',(#11858,#11859,#11860));
#11858 = ORIENTED_EDGE('',*,*,#11835,.F.);
#11859 = ORIENTED_EDGE('',*,*,#11761,.F.);
#11860 = ORIENTED_EDGE('',*,*,#4684,.T.);
#11861 = ADVANCED_FACE('',(#11862),#4758,.T.);
#11862 = FACE_BOUND('',#11863,.T.);
#11863 = EDGE_LOOP('',(#11864,#11885,#11886));
#11864 = ORIENTED_EDGE('',*,*,#11865,.F.);
#11865 = EDGE_CURVE('',#7113,#4743,#11866,.T.);
#11866 = SURFACE_CURVE('',#11867,(#11871,#11878),.PCURVE_S1.);
#11867 = LINE('',#11868,#11869);
#11868 = CARTESIAN_POINT('',(43.835062757919,-8.338412458173,
    -1.709558755682E-02));
#11869 = VECTOR('',#11870,1.);
#11870 = DIRECTION('',(3.600994043136E-02,0.261975247959,0.964402537142)
  );
#11871 = PCURVE('',#4758,#11872);
#11872 = DEFINITIONAL_REPRESENTATION('',(#11873),#11877);
#11873 = LINE('',#11874,#11875);
#11874 = CARTESIAN_POINT('',(4.182891086114,-15.25536291774));
#11875 = VECTOR('',#11876,1.);
#11876 = DIRECTION('',(-0.264431522052,0.96440446398));
#11877 = ( GEOMETRIC_REPRESENTATION_CONTEXT(2) 
PARAMETRIC_REPRESENTATION_CONTEXT() REPRESENTATION_CONTEXT('2D SPACE',''
  ) );
#11878 = PCURVE('',#7213,#11879);
#11879 = DEFINITIONAL_REPRESENTATION('',(#11880),#11884);
#11880 = LINE('',#11881,#11882);
#11881 = CARTESIAN_POINT('',(4.182993229678,-15.25533491047));
#11882 = VECTOR('',#11883,1.);
#11883 = DIRECTION('',(-0.264437979303,0.964402693434));
#11884 = ( GEOMETRIC_REPRESENTATION_CONTEXT(2) 
PARAMETRIC_REPRESENTATION_CONTEXT() REPRESENTATION_CONTEXT('2D SPACE',''
  ) );
#11885 = ORIENTED_EDGE('',*,*,#11813,.F.);
#11886 = ORIENTED_EDGE('',*,*,#4742,.T.);
#11887 = ADVANCED_FACE('',(#11888),#7213,.T.);
#11888 = FACE_BOUND('',#11889,.T.);
#11889 = EDGE_LOOP('',(#11890,#11911,#11912));
#11890 = ORIENTED_EDGE('',*,*,#11891,.F.);
#11891 = EDGE_CURVE('',#7171,#4743,#11892,.T.);
#11892 = SURFACE_CURVE('',#11893,(#11897,#11904),.PCURVE_S1.);
#11893 = LINE('',#11894,#11895);
#11894 = CARTESIAN_POINT('',(44.393684900436,-4.211031819345,
    1.772139967413E-02));
#11895 = VECTOR('',#11896,1.);
#11896 = DIRECTION('',(7.226109264602E-04,1.094314924401E-03,
    0.999999140154));
#11897 = PCURVE('',#7213,#11898);
#11898 = DEFINITIONAL_REPRESENTATION('',(#11899),#11903);
#11899 = LINE('',#11900,#11901);
#11900 = CARTESIAN_POINT('',(1.798066841403E-02,-15.2205179176));
#11901 = VECTOR('',#11902,1.);
#11902 = DIRECTION('',(-1.181343234489E-03,0.999999302214));
#11903 = ( GEOMETRIC_REPRESENTATION_CONTEXT(2) 
PARAMETRIC_REPRESENTATION_CONTEXT() REPRESENTATION_CONTEXT('2D SPACE',''
  ) );
#11904 = PCURVE('',#4816,#11905);
#11905 = DEFINITIONAL_REPRESENTATION('',(#11906),#11910);
#11906 = LINE('',#11907,#11908);
#11907 = CARTESIAN_POINT('',(4.186136346541,-15.24557322245));
#11908 = VECTOR('',#11909,1.);
#11909 = DIRECTION('',(-1.123590532844E-03,0.999999368772));
#11910 = ( GEOMETRIC_REPRESENTATION_CONTEXT(2) 
PARAMETRIC_REPRESENTATION_CONTEXT() REPRESENTATION_CONTEXT('2D SPACE',''
  ) );
#11911 = ORIENTED_EDGE('',*,*,#7199,.F.);
#11912 = ORIENTED_EDGE('',*,*,#11865,.T.);
#11913 = ADVANCED_FACE('',(#11914),#4816,.T.);
#11914 = FACE_BOUND('',#11915,.T.);
#11915 = EDGE_LOOP('',(#11916,#11937,#11938));
#11916 = ORIENTED_EDGE('',*,*,#11917,.F.);
#11917 = EDGE_CURVE('',#7171,#4801,#11918,.T.);
#11918 = SURFACE_CURVE('',#11919,(#11923,#11930),.PCURVE_S1.);
#11919 = LINE('',#11920,#11921);
#11920 = CARTESIAN_POINT('',(44.393684900436,-4.211031819345,
    1.772139967413E-02));
#11921 = VECTOR('',#11922,1.);
#11922 = DIRECTION('',(1.172983123769E-02,0.264521190385,0.964308535115)
  );
#11923 = PCURVE('',#4816,#11924);
#11924 = DEFINITIONAL_REPRESENTATION('',(#11925),#11929);
#11925 = LINE('',#11926,#11927);
#11926 = CARTESIAN_POINT('',(4.186136346541,-15.24557322245));
#11927 = VECTOR('',#11928,1.);
#11928 = DIRECTION('',(-0.264780331451,0.964308755574));
#11929 = ( GEOMETRIC_REPRESENTATION_CONTEXT(2) 
PARAMETRIC_REPRESENTATION_CONTEXT() REPRESENTATION_CONTEXT('2D SPACE',''
  ) );
#11930 = PCURVE('',#7271,#11931);
#11931 = DEFINITIONAL_REPRESENTATION('',(#11932),#11936);
#11932 = LINE('',#11933,#11934);
#11933 = CARTESIAN_POINT('',(4.186147970137,-15.24557003083));
#11934 = VECTOR('',#11935,1.);
#11935 = DIRECTION('',(-0.264781066663,0.964308553699));
#11936 = ( GEOMETRIC_REPRESENTATION_CONTEXT(2) 
PARAMETRIC_REPRESENTATION_CONTEXT() REPRESENTATION_CONTEXT('2D SPACE',''
  ) );
#11937 = ORIENTED_EDGE('',*,*,#11891,.T.);
#11938 = ORIENTED_EDGE('',*,*,#4800,.T.);
#11939 = ADVANCED_FACE('',(#11940),#7271,.T.);
#11940 = FACE_BOUND('',#11941,.T.);
#11941 = EDGE_LOOP('',(#11942,#11943,#11944));
#11942 = ORIENTED_EDGE('',*,*,#8487,.T.);
#11943 = ORIENTED_EDGE('',*,*,#7257,.F.);
#11944 = ORIENTED_EDGE('',*,*,#11917,.T.);
#11945 = ( GEOMETRIC_REPRESENTATION_CONTEXT(3) 
GLOBAL_UNCERTAINTY_ASSIGNED_CONTEXT((#11949)) 
GLOBAL_UNIT_ASSIGNED_CONTEXT((#11946,#11947,#11948)) 
REPRESENTATION_CONTEXT('Context #1',
  '3D Context with UNIT and UNCERTAINTY') );
#11946 = ( LENGTH_UNIT() NAMED_UNIT(*) SI_UNIT(.MILLI.,.METRE.) );
#11947 = ( NAMED_UNIT(*) PLANE_ANGLE_UNIT() SI_UNIT($,.RADIAN.) );
#11948 = ( NAMED_UNIT(*) SI_UNIT($,.STERADIAN.) SOLID_ANGLE_UNIT() );
#11949 = UNCERTAINTY_MEASURE_WITH_UNIT(LENGTH_MEASURE(1.E-07),#11946,
  'distance_accuracy_value','confusion accuracy');
#11950 = PRODUCT_TYPE('part',$,(#7));
ENDSEC;
END-ISO-10303-21;
