ISO-10303-21;
HEADER;
FILE_DESCRIPTION(('Open CASCADE Model'),'2;1');
FILE_NAME('Open CASCADE Shape Model','2026-10-04T20:43:30',('Author'),(
    'Open CASCADE'),'Open CASCADE STEP processor 7.8','Open CASCADE 7.8'
  ,'Unknown');
FILE_SCHEMA(('AUTOMOTIVE_DESIGN_CC2 { 1 2 10303 214 -1 1 5 4 }'));
ENDSEC;
DATA;
#1 = APPLICATION_PROTOCOL_DEFINITION('committee draft',
  'automotive_design',1997,#2);
#2 = APPLICATION_CONTEXT(
  'core data for automotive mechanical design processes');
#3 = SHAPE_DEFINITION_REPRESENTATION(#4,#10);
#4 = PRODUCT_DEFINITION_SHAPE('','',#5);
#5 = PRODUCT_DEFINITION('design','',#6,#9);
#6 = PRODUCT_DEFINITION_FORMATION('','',#7);
#7 = PRODUCT('Open CASCADE STEP translator 7.8 26',
  'Open CASCADE STEP translator 7.8 26','',(#8));
#8 = MECHANICAL_CONTEXT('',#2,'mechanical');
#9 = PRODUCT_DEFINITION_CONTEXT('part definition',#2,'design');
#10 = ADVANCED_BREP_SHAPE_REPRESENTATION('',(#11,#15),#5331);
#11 = AXIS2_PLACEMENT_3D('',#12,#13,#14);
#12 = CARTESIAN_POINT('',(0.,0.,0.));
#13 = DIRECTION('',(0.,0.,1.));
#14 = DIRECTION('',(1.,0.,-0.));
#15 = MANIFOLD_SOLID_BREP('',#16);
#16 = CLOSED_SHELL('',(#17,#109,#162,#220,#278,#336,#394,#452,#510,#568,
    #626,#684,#742,#800,#858,#916,#974,#1027,#1080,#1133,#1191,#1249,
    #1307,#1365,#1423,#1481,#1539,#1597,#1655,#1713,#1766,#1814,#1867,
    #1920,#1978,#2031,#2089,#2140,#2198,#2251,#2309,#2367,#2425,#2478,
    #2531,#2577,#2625,#2631,#2657,#2703,#2761,#2814,#2820,#2878,#2931,
    #2989,#3047,#3100,#3148,#3179,#3237,#3295,#3348,#3401,#3459,#3517,
    #3570,#3618,#3644,#3692,#3718,#3771,#3819,#3877,#3930,#3978,#4026,
    #4057,#4105,#4163,#4211,#4264,#4295,#4343,#4396,#4422,#4448,#4474,
    #4500,#4926,#4932,#4959,#4966,#4972,#4999,#5027,#5054,#5082,#5110,
    #5117,#5144,#5172,#5178,#5206,#5214,#5241,#5268,#5296,#5323));
#17 = ADVANCED_FACE('',(#18),#32,.T.);
#18 = FACE_BOUND('',#19,.T.);
#19 = EDGE_LOOP('',(#20,#55,#83));
#20 = ORIENTED_EDGE('',*,*,#21,.T.);
#21 = EDGE_CURVE('',#22,#24,#26,.T.);
#22 = VERTEX_POINT('',#23);
#23 = CARTESIAN_POINT('',(32.849734653436,25.395070631109,
    1.951483833835E-04));
#24 = VERTEX_POINT('',#25);
#25 = CARTESIAN_POINT('',(33.213972079164,24.830664318521,
    -6.201504319669E-05));
#26 = SURFACE_CURVE('',#27,(#31,#43),.PCURVE_S1.);
#27 = LINE('',#28,#29);
#28 = CARTESIAN_POINT('',(32.849734653436,25.395070631109,
    1.951483833835E-04));
#29 = VECTOR('',#30,1.);
#30 = DIRECTION('',(0.542236483517,-0.840225832369,-3.828365298795E-04)
  );
#31 = PCURVE('',#32,#37);
#32 = PLANE('',#33);
#33 = AXIS2_PLACEMENT_3D('',#34,#35,#36);
#34 = CARTESIAN_POINT('',(32.849734653436,25.395070631109,
    1.951483833835E-04));
#35 = DIRECTION('',(4.544405596154E-03,3.388342490246E-03,
    -0.999983933627));
#36 = DIRECTION('',(-0.999989674017,-2.447147631166E-22,
    -4.544431683232E-03));
#37 = DEFINITIONAL_REPRESENTATION('',(#38),#42);
#38 = LINE('',#39,#40);
#39 = CARTESIAN_POINT('',(-0.,0.));
#40 = VECTOR('',#41,1.);
#41 = DIRECTION('',(-0.542229144618,-0.84023065567));
#42 = ( GEOMETRIC_REPRESENTATION_CONTEXT(2) 
PARAMETRIC_REPRESENTATION_CONTEXT() REPRESENTATION_CONTEXT('2D SPACE',''
  ) );
#43 = PCURVE('',#44,#49);
#44 = PLANE('',#45);
#45 = AXIS2_PLACEMENT_3D('',#46,#47,#48);
#46 = CARTESIAN_POINT('',(32.849779860673,25.39500057996,16.242074640854
    ));
#47 = DIRECTION('',(0.840225893942,0.542236523253,0.));
#48 = DIRECTION('',(-0.542236523253,0.840225893942,0.));
#49 = DEFINITIONAL_REPRESENTATION('',(#50),#54);
#50 = LINE('',#51,#52);
#51 = CARTESIAN_POINT('',(8.337180418971E-05,-16.24187949247));
#52 = VECTOR('',#53,1.);
#53 = DIRECTION('',(-0.999999926718,-3.828365298795E-04));
#54 = ( GEOMETRIC_REPRESENTATION_CONTEXT(2) 
PARAMETRIC_REPRESENTATION_CONTEXT() REPRESENTATION_CONTEXT('2D SPACE',''
  ) );
#55 = ORIENTED_EDGE('',*,*,#56,.T.);
#56 = EDGE_CURVE('',#24,#57,#59,.T.);
#57 = VERTEX_POINT('',#58);
#58 = CARTESIAN_POINT('',(33.546030420979,23.981699561535,
    -1.429612587552E-03));
#59 = SURFACE_CURVE('',#60,(#64,#71),.PCURVE_S1.);
#60 = LINE('',#61,#62);
#61 = CARTESIAN_POINT('',(33.213972079164,24.830664318521,
    -6.201504319669E-05));
#62 = VECTOR('',#63,1.);
#63 = DIRECTION('',(0.364260747841,-0.931295794529,-1.500224633809E-03)
  );
#64 = PCURVE('',#32,#65);
#65 = DEFINITIONAL_REPRESENTATION('',(#66),#70);
#66 = LINE('',#67,#68);
#67 = CARTESIAN_POINT('',(-0.364232495957,-0.564409552552));
#68 = VECTOR('',#69,1.);
#69 = DIRECTION('',(-0.364250168823,-0.931301140616));
#70 = ( GEOMETRIC_REPRESENTATION_CONTEXT(2) 
PARAMETRIC_REPRESENTATION_CONTEXT() REPRESENTATION_CONTEXT('2D SPACE',''
  ) );
#71 = PCURVE('',#72,#77);
#72 = PLANE('',#73);
#73 = AXIS2_PLACEMENT_3D('',#74,#75,#76);
#74 = CARTESIAN_POINT('',(33.213972079164,24.830664318521,
    16.242074640854));
#75 = DIRECTION('',(0.931296842553,0.364261157758,0.));
#76 = DIRECTION('',(-0.364261157758,0.931296842553,0.));
#77 = DEFINITIONAL_REPRESENTATION('',(#78),#82);
#78 = LINE('',#79,#80);
#79 = CARTESIAN_POINT('',(-8.903966970413E-14,-16.24213665589));
#80 = VECTOR('',#81,1.);
#81 = DIRECTION('',(-0.999998874662,-1.500224633809E-03));
#82 = ( GEOMETRIC_REPRESENTATION_CONTEXT(2) 
PARAMETRIC_REPRESENTATION_CONTEXT() REPRESENTATION_CONTEXT('2D SPACE',''
  ) );
#83 = ORIENTED_EDGE('',*,*,#84,.F.);
#84 = EDGE_CURVE('',#22,#57,#85,.T.);
#85 = SURFACE_CURVE('',#86,(#90,#97),.PCURVE_S1.);
#86 = LINE('',#87,#88);
#87 = CARTESIAN_POINT('',(32.849734653436,25.395070631109,
    1.951483833835E-04));
#88 = VECTOR('',#89,1.);
#89 = DIRECTION('',(0.441930175171,-0.8970488598,-1.031215374222E-03));
#90 = PCURVE('',#32,#91);
#91 = DEFINITIONAL_REPRESENTATION('',(#92),#96);
#92 = LINE('',#93,#94);
#93 = CARTESIAN_POINT('',(-0.,0.));
#94 = VECTOR('',#95,1.);
#95 = DIRECTION('',(-0.44192092552,-0.897054009293));
#96 = ( GEOMETRIC_REPRESENTATION_CONTEXT(2) 
PARAMETRIC_REPRESENTATION_CONTEXT() REPRESENTATION_CONTEXT('2D SPACE',''
  ) );
#97 = PCURVE('',#98,#103);
#98 = PLANE('',#99);
#99 = AXIS2_PLACEMENT_3D('',#100,#101,#102);
#100 = CARTESIAN_POINT('',(32.44603122497,26.020631727649,
    -3.709413900728E-04));
#101 = DIRECTION('',(1.345308104538E-02,7.777071728685E-03,
    -0.999879258594));
#102 = DIRECTION('',(-0.999909497736,8.763401273678E-21,
    -1.345348790414E-02));
#103 = DEFINITIONAL_REPRESENTATION('',(#104),#108);
#104 = LINE('',#105,#106);
#105 = CARTESIAN_POINT('',(-0.403674508274,-0.625580015256));
#106 = VECTOR('',#107,1.);
#107 = DIRECTION('',(-0.441876306046,-0.897075989064));
#108 = ( GEOMETRIC_REPRESENTATION_CONTEXT(2) 
PARAMETRIC_REPRESENTATION_CONTEXT() REPRESENTATION_CONTEXT('2D SPACE',''
  ) );
#109 = ADVANCED_FACE('',(#110),#98,.T.);
#110 = FACE_BOUND('',#111,.T.);
#111 = EDGE_LOOP('',(#112,#135,#136));
#112 = ORIENTED_EDGE('',*,*,#113,.T.);
#113 = EDGE_CURVE('',#114,#22,#116,.T.);
#114 = VERTEX_POINT('',#115);
#115 = CARTESIAN_POINT('',(32.44603122497,26.020631727649,
    -3.709413900728E-04));
#116 = SURFACE_CURVE('',#117,(#121,#128),.PCURVE_S1.);
#117 = LINE('',#118,#119);
#118 = CARTESIAN_POINT('',(32.44603122497,26.020631727649,
    -3.709413900728E-04));
#119 = VECTOR('',#120,1.);
#120 = DIRECTION('',(0.542236366512,-0.840225651063,7.603464331357E-04)
  );
#121 = PCURVE('',#98,#122);
#122 = DEFINITIONAL_REPRESENTATION('',(#123),#127);
#123 = LINE('',#124,#125);
#124 = CARTESIAN_POINT('',(0.,0.));
#125 = VECTOR('',#126,1.);
#126 = DIRECTION('',(-0.542197522205,-0.840251061835));
#127 = ( GEOMETRIC_REPRESENTATION_CONTEXT(2) 
PARAMETRIC_REPRESENTATION_CONTEXT() REPRESENTATION_CONTEXT('2D SPACE',''
  ) );
#128 = PCURVE('',#44,#129);
#129 = DEFINITIONAL_REPRESENTATION('',(#130),#134);
#130 = LINE('',#131,#132);
#131 = CARTESIAN_POINT('',(0.744598746836,-16.24244558224));
#132 = VECTOR('',#133,1.);
#133 = DIRECTION('',(-0.999999710937,7.603464331357E-04));
#134 = ( GEOMETRIC_REPRESENTATION_CONTEXT(2) 
PARAMETRIC_REPRESENTATION_CONTEXT() REPRESENTATION_CONTEXT('2D SPACE',''
  ) );
#135 = ORIENTED_EDGE('',*,*,#84,.T.);
#136 = ORIENTED_EDGE('',*,*,#137,.F.);
#137 = EDGE_CURVE('',#114,#57,#138,.T.);
#138 = SURFACE_CURVE('',#139,(#143,#150),.PCURVE_S1.);
#139 = LINE('',#140,#141);
#140 = CARTESIAN_POINT('',(32.44603122497,26.020631727649,
    -3.709413900728E-04));
#141 = VECTOR('',#142,1.);
#142 = DIRECTION('',(0.474806558321,-0.88009006548,-4.569676318788E-04)
  );
#143 = PCURVE('',#98,#144);
#144 = DEFINITIONAL_REPRESENTATION('',(#145),#149);
#145 = LINE('',#146,#147);
#146 = CARTESIAN_POINT('',(0.,0.));
#147 = VECTOR('',#148,1.);
#148 = DIRECTION('',(-0.474757439444,-0.880116681862));
#149 = ( GEOMETRIC_REPRESENTATION_CONTEXT(2) 
PARAMETRIC_REPRESENTATION_CONTEXT() REPRESENTATION_CONTEXT('2D SPACE',''
  ) );
#150 = PCURVE('',#151,#156);
#151 = PLANE('',#152);
#152 = AXIS2_PLACEMENT_3D('',#153,#154,#155);
#153 = CARTESIAN_POINT('',(31.783309058981,26.656481924786,
    -9.044579085192E-04));
#154 = DIRECTION('',(2.701628013141E-03,1.976747424417E-03,
    -0.999994396822));
#155 = DIRECTION('',(-0.999996350582,-2.343236156778E-22,
    -2.701633291503E-03));
#156 = DEFINITIONAL_REPRESENTATION('',(#157),#161);
#157 = LINE('',#158,#159);
#158 = CARTESIAN_POINT('',(-0.662721188804,-0.635851439442));
#159 = VECTOR('',#160,1.);
#160 = DIRECTION('',(-0.474803590995,-0.880091784974));
#161 = ( GEOMETRIC_REPRESENTATION_CONTEXT(2) 
PARAMETRIC_REPRESENTATION_CONTEXT() REPRESENTATION_CONTEXT('2D SPACE',''
  ) );
#162 = ADVANCED_FACE('',(#163),#151,.T.);
#163 = FACE_BOUND('',#164,.T.);
#164 = EDGE_LOOP('',(#165,#193,#194));
#165 = ORIENTED_EDGE('',*,*,#166,.T.);
#166 = EDGE_CURVE('',#167,#114,#169,.T.);
#167 = VERTEX_POINT('',#168);
#168 = CARTESIAN_POINT('',(31.783309058981,26.656481924786,
    -9.044579085192E-04));
#169 = SURFACE_CURVE('',#170,(#174,#181),.PCURVE_S1.);
#170 = LINE('',#171,#172);
#171 = CARTESIAN_POINT('',(31.783309058981,26.656481924786,
    -9.044579085192E-04));
#172 = VECTOR('',#173,1.);
#173 = DIRECTION('',(0.721584670852,-0.692325953105,5.809030708714E-04)
  );
#174 = PCURVE('',#151,#175);
#175 = DEFINITIONAL_REPRESENTATION('',(#176),#180);
#176 = LINE('',#177,#178);
#177 = CARTESIAN_POINT('',(-0.,0.));
#178 = VECTOR('',#179,1.);
#179 = DIRECTION('',(-0.721583606875,-0.692327305752));
#180 = ( GEOMETRIC_REPRESENTATION_CONTEXT(2) 
PARAMETRIC_REPRESENTATION_CONTEXT() REPRESENTATION_CONTEXT('2D SPACE',''
  ) );
#181 = PCURVE('',#182,#187);
#182 = PLANE('',#183);
#183 = AXIS2_PLACEMENT_3D('',#184,#185,#186);
#184 = CARTESIAN_POINT('',(31.782670709402,26.656886181024,
    16.242074640854));
#185 = DIRECTION('',(0.692326066011,0.72158479629,9.249590041657E-06));
#186 = DIRECTION('',(0.721584796321,-0.69232606604,1.897357334925E-22));
#187 = DEFINITIONAL_REPRESENTATION('',(#188),#192);
#188 = LINE('',#189,#190);
#189 = CARTESIAN_POINT('',(7.405004817636E-04,16.242979099457));
#190 = VECTOR('',#191,1.);
#191 = DIRECTION('',(0.999999831276,-5.809030708962E-04));
#192 = ( GEOMETRIC_REPRESENTATION_CONTEXT(2) 
PARAMETRIC_REPRESENTATION_CONTEXT() REPRESENTATION_CONTEXT('2D SPACE',''
  ) );
#193 = ORIENTED_EDGE('',*,*,#137,.T.);
#194 = ORIENTED_EDGE('',*,*,#195,.F.);
#195 = EDGE_CURVE('',#167,#57,#196,.T.);
#196 = SURFACE_CURVE('',#197,(#201,#208),.PCURVE_S1.);
#197 = LINE('',#198,#199);
#198 = CARTESIAN_POINT('',(31.783309058981,26.656481924786,
    -9.044579085192E-04));
#199 = VECTOR('',#200,1.);
#200 = DIRECTION('',(0.550269092718,-0.83498736441,-1.639376449379E-04)
  );
#201 = PCURVE('',#151,#202);
#202 = DEFINITIONAL_REPRESENTATION('',(#203),#207);
#203 = LINE('',#204,#205);
#204 = CARTESIAN_POINT('',(-0.,0.));
#205 = VECTOR('',#206,1.);
#206 = DIRECTION('',(-0.550266641656,-0.834988995784));
#207 = ( GEOMETRIC_REPRESENTATION_CONTEXT(2) 
PARAMETRIC_REPRESENTATION_CONTEXT() REPRESENTATION_CONTEXT('2D SPACE',''
  ) );
#208 = PCURVE('',#209,#214);
#209 = PLANE('',#210);
#210 = AXIS2_PLACEMENT_3D('',#211,#212,#213);
#211 = CARTESIAN_POINT('',(31.783309058981,26.656481924786,
    -9.044579085192E-04));
#212 = DIRECTION('',(1.458622456103E-02,9.808844087268E-03,
    -0.999845502381));
#213 = DIRECTION('',(-0.999893605131,2.415741952829E-21,
    -1.458692630696E-02));
#214 = DEFINITIONAL_REPRESENTATION('',(#215),#219);
#215 = LINE('',#216,#217);
#216 = CARTESIAN_POINT('',(0.,0.));
#217 = VECTOR('',#218,1.);
#218 = DIRECTION('',(-0.550208155563,-0.835027535805));
#219 = ( GEOMETRIC_REPRESENTATION_CONTEXT(2) 
PARAMETRIC_REPRESENTATION_CONTEXT() REPRESENTATION_CONTEXT('2D SPACE',''
  ) );
#220 = ADVANCED_FACE('',(#221),#209,.T.);
#221 = FACE_BOUND('',#222,.T.);
#222 = EDGE_LOOP('',(#223,#224,#252));
#223 = ORIENTED_EDGE('',*,*,#195,.T.);
#224 = ORIENTED_EDGE('',*,*,#225,.F.);
#225 = EDGE_CURVE('',#226,#57,#228,.T.);
#226 = VERTEX_POINT('',#227);
#227 = CARTESIAN_POINT('',(31.201321625427,27.025044947455,
    -5.77903319062E-03));
#228 = SURFACE_CURVE('',#229,(#233,#240),.PCURVE_S1.);
#229 = LINE('',#230,#231);
#230 = CARTESIAN_POINT('',(31.201321625427,27.025044947455,
    -5.77903319062E-03));
#231 = VECTOR('',#232,1.);
#232 = DIRECTION('',(0.610310984083,-0.792161107985,1.132123176016E-03)
  );
#233 = PCURVE('',#209,#234);
#234 = DEFINITIONAL_REPRESENTATION('',(#235),#239);
#235 = LINE('',#236,#237);
#236 = CARTESIAN_POINT('',(0.581996618147,0.368580754303));
#237 = VECTOR('',#238,1.);
#238 = DIRECTION('',(-0.610262564323,-0.792199219001));
#239 = ( GEOMETRIC_REPRESENTATION_CONTEXT(2) 
PARAMETRIC_REPRESENTATION_CONTEXT() REPRESENTATION_CONTEXT('2D SPACE',''
  ) );
#240 = PCURVE('',#241,#246);
#241 = PLANE('',#242);
#242 = AXIS2_PLACEMENT_3D('',#243,#244,#245);
#243 = CARTESIAN_POINT('',(31.201321625427,27.025044947455,
    -5.77903319062E-03));
#244 = DIRECTION('',(-6.082123624357E-03,-6.115003468526E-03,
    -0.999962806561));
#245 = DIRECTION('',(2.681657131805E-21,-0.9999813025,6.115116575464E-03
    ));
#246 = DEFINITIONAL_REPRESENTATION('',(#247),#251);
#247 = LINE('',#248,#249);
#248 = CARTESIAN_POINT('',(0.,0.));
#249 = VECTOR('',#250,1.);
#250 = DIRECTION('',(0.792153219618,-0.610322272778));
#251 = ( GEOMETRIC_REPRESENTATION_CONTEXT(2) 
PARAMETRIC_REPRESENTATION_CONTEXT() REPRESENTATION_CONTEXT('2D SPACE',''
  ) );
#252 = ORIENTED_EDGE('',*,*,#253,.T.);
#253 = EDGE_CURVE('',#226,#167,#254,.T.);
#254 = SURFACE_CURVE('',#255,(#259,#266),.PCURVE_S1.);
#255 = LINE('',#256,#257);
#256 = CARTESIAN_POINT('',(31.201321625427,27.025044947455,
    -5.77903319062E-03));
#257 = VECTOR('',#258,1.);
#258 = DIRECTION('',(0.844816965791,-0.535008621428,7.075967043132E-03)
  );
#259 = PCURVE('',#209,#260);
#260 = DEFINITIONAL_REPRESENTATION('',(#261),#265);
#261 = LINE('',#262,#263);
#262 = CARTESIAN_POINT('',(0.581996618147,0.368580754303));
#263 = VECTOR('',#264,1.);
#264 = DIRECTION('',(-0.84483029821,-0.53503436079));
#265 = ( GEOMETRIC_REPRESENTATION_CONTEXT(2) 
PARAMETRIC_REPRESENTATION_CONTEXT() REPRESENTATION_CONTEXT('2D SPACE',''
  ) );
#266 = PCURVE('',#267,#272);
#267 = PLANE('',#268);
#268 = AXIS2_PLACEMENT_3D('',#269,#270,#271);
#269 = CARTESIAN_POINT('',(31.200839364633,27.025350355245,
    16.242074640854));
#270 = DIRECTION('',(0.535022015687,0.844838116287,0.));
#271 = DIRECTION('',(0.844838116287,-0.535022015687,0.));
#272 = DEFINITIONAL_REPRESENTATION('',(#273),#277);
#273 = LINE('',#274,#275);
#274 = CARTESIAN_POINT('',(5.708321922904E-04,16.247853674045));
#275 = VECTOR('',#276,1.);
#276 = DIRECTION('',(0.999974965032,-7.075967043132E-03));
#277 = ( GEOMETRIC_REPRESENTATION_CONTEXT(2) 
PARAMETRIC_REPRESENTATION_CONTEXT() REPRESENTATION_CONTEXT('2D SPACE',''
  ) );
#278 = ADVANCED_FACE('',(#279),#241,.T.);
#279 = FACE_BOUND('',#280,.T.);
#280 = EDGE_LOOP('',(#281,#282,#310));
#281 = ORIENTED_EDGE('',*,*,#225,.T.);
#282 = ORIENTED_EDGE('',*,*,#283,.T.);
#283 = EDGE_CURVE('',#57,#284,#286,.T.);
#284 = VERTEX_POINT('',#285);
#285 = CARTESIAN_POINT('',(33.674942984717,23.224041549725,
    2.419549796821E-03));
#286 = SURFACE_CURVE('',#287,(#291,#298),.PCURVE_S1.);
#287 = LINE('',#288,#289);
#288 = CARTESIAN_POINT('',(33.546030420979,23.981699561535,
    -1.429612587552E-03));
#289 = VECTOR('',#290,1.);
#290 = DIRECTION('',(0.167733383062,-0.985819673733,5.008301828474E-03)
  );
#291 = PCURVE('',#241,#292);
#292 = DEFINITIONAL_REPRESENTATION('',(#293),#297);
#293 = LINE('',#294,#295);
#294 = CARTESIAN_POINT('',(3.043315080182,-2.344752164755));
#295 = VECTOR('',#296,1.);
#296 = DIRECTION('',(0.985831867719,-0.167736485564));
#297 = ( GEOMETRIC_REPRESENTATION_CONTEXT(2) 
PARAMETRIC_REPRESENTATION_CONTEXT() REPRESENTATION_CONTEXT('2D SPACE',''
  ) );
#298 = PCURVE('',#299,#304);
#299 = PLANE('',#300);
#300 = AXIS2_PLACEMENT_3D('',#301,#302,#303);
#301 = CARTESIAN_POINT('',(33.674877796591,23.222426535761,
    16.242074640854));
#302 = DIRECTION('',(0.985832020118,0.167735588601,2.063836073041E-05));
#303 = DIRECTION('',(-0.167735588637,0.985832020328,-3.303127077394E-22)
  );
#304 = DEFINITIONAL_REPRESENTATION('',(#305),#309);
#305 = LINE('',#306,#307);
#306 = CARTESIAN_POINT('',(0.770127951373,-16.2435042569));
#307 = VECTOR('',#308,1.);
#308 = DIRECTION('',(-0.999987458378,5.008301829541E-03));
#309 = ( GEOMETRIC_REPRESENTATION_CONTEXT(2) 
PARAMETRIC_REPRESENTATION_CONTEXT() REPRESENTATION_CONTEXT('2D SPACE',''
  ) );
#310 = ORIENTED_EDGE('',*,*,#311,.F.);
#311 = EDGE_CURVE('',#226,#284,#312,.T.);
#312 = SURFACE_CURVE('',#313,(#317,#324),.PCURVE_S1.);
#313 = LINE('',#314,#315);
#314 = CARTESIAN_POINT('',(31.201321625427,27.025044947455,
    -5.77903319062E-03));
#315 = VECTOR('',#316,1.);
#316 = DIRECTION('',(0.545447634277,-0.838142953199,1.807834363222E-03)
  );
#317 = PCURVE('',#241,#318);
#318 = DEFINITIONAL_REPRESENTATION('',(#319),#323);
#319 = LINE('',#320,#321);
#320 = CARTESIAN_POINT('',(0.,0.));
#321 = VECTOR('',#322,1.);
#322 = DIRECTION('',(0.838138337139,-0.545457723218));
#323 = ( GEOMETRIC_REPRESENTATION_CONTEXT(2) 
PARAMETRIC_REPRESENTATION_CONTEXT() REPRESENTATION_CONTEXT('2D SPACE',''
  ) );
#324 = PCURVE('',#325,#330);
#325 = PLANE('',#326);
#326 = AXIS2_PLACEMENT_3D('',#327,#328,#329);
#327 = CARTESIAN_POINT('',(31.201321625427,27.025044947455,
    -5.77903319062E-03));
#328 = DIRECTION('',(-5.415420940905E-03,-5.681139717034E-03,
    -0.999969198459));
#329 = DIRECTION('',(6.628039304137E-21,-0.999983861722,
    5.681223023645E-03));
#330 = DEFINITIONAL_REPRESENTATION('',(#331),#335);
#331 = LINE('',#332,#333);
#332 = CARTESIAN_POINT('',(0.,0.));
#333 = VECTOR('',#334,1.);
#334 = DIRECTION('',(0.838139697725,-0.545455632565));
#335 = ( GEOMETRIC_REPRESENTATION_CONTEXT(2) 
PARAMETRIC_REPRESENTATION_CONTEXT() REPRESENTATION_CONTEXT('2D SPACE',''
  ) );
#336 = ADVANCED_FACE('',(#337),#325,.T.);
#337 = FACE_BOUND('',#338,.T.);
#338 = EDGE_LOOP('',(#339,#340,#368));
#339 = ORIENTED_EDGE('',*,*,#311,.T.);
#340 = ORIENTED_EDGE('',*,*,#341,.T.);
#341 = EDGE_CURVE('',#284,#342,#344,.T.);
#342 = VERTEX_POINT('',#343);
#343 = CARTESIAN_POINT('',(33.713692002652,22.443489350361,
    6.644263782379E-03));
#344 = SURFACE_CURVE('',#345,(#349,#356),.PCURVE_S1.);
#345 = LINE('',#346,#347);
#346 = CARTESIAN_POINT('',(33.674942984717,23.224041549725,
    2.419549796821E-03));
#347 = VECTOR('',#348,1.);
#348 = DIRECTION('',(4.958130069661E-02,-0.998755461903,
    5.405732213031E-03));
#349 = PCURVE('',#325,#350);
#350 = DEFINITIONAL_REPRESENTATION('',(#351),#355);
#351 = LINE('',#352,#353);
#352 = CARTESIAN_POINT('',(3.80098863406,-2.473657631767));
#353 = VECTOR('',#354,1.);
#354 = DIRECTION('',(0.99877005488,-4.958202774265E-02));
#355 = ( GEOMETRIC_REPRESENTATION_CONTEXT(2) 
PARAMETRIC_REPRESENTATION_CONTEXT() REPRESENTATION_CONTEXT('2D SPACE',''
  ) );
#356 = PCURVE('',#357,#362);
#357 = PLANE('',#358);
#358 = AXIS2_PLACEMENT_3D('',#359,#360,#361);
#359 = CARTESIAN_POINT('',(33.702604869348,22.443431872043,
    16.242074640854));
#360 = DIRECTION('',(0.998769639708,4.958569708965E-02,
    6.822327453481E-04));
#361 = DIRECTION('',(-4.958570862928E-02,0.998769872143,
    3.01536292534E-21));
#362 = DEFINITIONAL_REPRESENTATION('',(#363),#367);
#363 = LINE('',#364,#365);
#364 = CARTESIAN_POINT('',(0.781021062123,-16.23965887036));
#365 = VECTOR('',#366,1.);
#366 = DIRECTION('',(-0.999985388916,5.405733471057E-03));
#367 = ( GEOMETRIC_REPRESENTATION_CONTEXT(2) 
PARAMETRIC_REPRESENTATION_CONTEXT() REPRESENTATION_CONTEXT('2D SPACE',''
  ) );
#368 = ORIENTED_EDGE('',*,*,#369,.F.);
#369 = EDGE_CURVE('',#226,#342,#370,.T.);
#370 = SURFACE_CURVE('',#371,(#375,#382),.PCURVE_S1.);
#371 = LINE('',#372,#373);
#372 = CARTESIAN_POINT('',(31.201321625427,27.025044947455,
    -5.77903319062E-03));
#373 = VECTOR('',#374,1.);
#374 = DIRECTION('',(0.480817186888,-0.876817643503,2.377569309278E-03)
  );
#375 = PCURVE('',#325,#376);
#376 = DEFINITIONAL_REPRESENTATION('',(#377),#381);
#377 = LINE('',#378,#379);
#378 = CARTESIAN_POINT('',(0.,0.));
#379 = VECTOR('',#380,1.);
#380 = DIRECTION('',(0.876817000677,-0.480824237454));
#381 = ( GEOMETRIC_REPRESENTATION_CONTEXT(2) 
PARAMETRIC_REPRESENTATION_CONTEXT() REPRESENTATION_CONTEXT('2D SPACE',''
  ) );
#382 = PCURVE('',#383,#388);
#383 = PLANE('',#384);
#384 = AXIS2_PLACEMENT_3D('',#385,#386,#387);
#385 = CARTESIAN_POINT('',(31.201321625427,27.025044947455,
    -5.77903319062E-03));
#386 = DIRECTION('',(-9.596517261636E-03,-7.973784200434E-03,
    -0.999922159781));
#387 = DIRECTION('',(-0.99995394944,-1.303657741022E-20,
    9.596822355392E-03));
#388 = DEFINITIONAL_REPRESENTATION('',(#389),#393);
#389 = LINE('',#390,#391);
#390 = CARTESIAN_POINT('',(0.,0.));
#391 = VECTOR('',#392,1.);
#392 = DIRECTION('',(-0.480772227877,-0.876845519406));
#393 = ( GEOMETRIC_REPRESENTATION_CONTEXT(2) 
PARAMETRIC_REPRESENTATION_CONTEXT() REPRESENTATION_CONTEXT('2D SPACE',''
  ) );
#394 = ADVANCED_FACE('',(#395),#383,.T.);
#395 = FACE_BOUND('',#396,.T.);
#396 = EDGE_LOOP('',(#397,#398,#426));
#397 = ORIENTED_EDGE('',*,*,#369,.T.);
#398 = ORIENTED_EDGE('',*,*,#399,.F.);
#399 = EDGE_CURVE('',#400,#342,#402,.T.);
#400 = VERTEX_POINT('',#401);
#401 = CARTESIAN_POINT('',(28.25699598974,27.913376335786,
    1.539452396142E-02));
#402 = SURFACE_CURVE('',#403,(#407,#414),.PCURVE_S1.);
#403 = LINE('',#404,#405);
#404 = CARTESIAN_POINT('',(28.25699598974,27.913376335786,
    1.539452396142E-02));
#405 = VECTOR('',#406,1.);
#406 = DIRECTION('',(0.706252168312,-0.707959456553,-1.132533351705E-03)
  );
#407 = PCURVE('',#383,#408);
#408 = DEFINITIONAL_REPRESENTATION('',(#409),#413);
#409 = LINE('',#410,#411);
#410 = CARTESIAN_POINT('',(2.94439324671,0.888359630281));
#411 = VECTOR('',#412,1.);
#412 = DIRECTION('',(-0.706230513725,-0.707981964095));
#413 = ( GEOMETRIC_REPRESENTATION_CONTEXT(2) 
PARAMETRIC_REPRESENTATION_CONTEXT() REPRESENTATION_CONTEXT('2D SPACE',''
  ) );
#414 = PCURVE('',#415,#420);
#415 = PLANE('',#416);
#416 = AXIS2_PLACEMENT_3D('',#417,#418,#419);
#417 = CARTESIAN_POINT('',(28.25699598974,27.913376335786,
    1.539452396142E-02));
#418 = DIRECTION('',(-1.960956188991E-03,-3.565154132308E-04,
    -0.999998013772));
#419 = DIRECTION('',(-0.999998077323,-5.007714551732E-23,
    1.960956313613E-03));
#420 = DEFINITIONAL_REPRESENTATION('',(#421),#425);
#421 = LINE('',#422,#423);
#422 = CARTESIAN_POINT('',(0.,0.));
#423 = VECTOR('',#424,1.);
#424 = DIRECTION('',(-0.706253031266,-0.707959501545));
#425 = ( GEOMETRIC_REPRESENTATION_CONTEXT(2) 
PARAMETRIC_REPRESENTATION_CONTEXT() REPRESENTATION_CONTEXT('2D SPACE',''
  ) );
#426 = ORIENTED_EDGE('',*,*,#427,.T.);
#427 = EDGE_CURVE('',#400,#226,#428,.T.);
#428 = SURFACE_CURVE('',#429,(#433,#440),.PCURVE_S1.);
#429 = LINE('',#430,#431);
#430 = CARTESIAN_POINT('',(28.25699598974,27.913376335786,
    1.539452396142E-02));
#431 = VECTOR('',#432,1.);
#432 = DIRECTION('',(0.957351936588,-0.288842295378,-6.8846141535E-03));
#433 = PCURVE('',#383,#434);
#434 = DEFINITIONAL_REPRESENTATION('',(#435),#439);
#435 = LINE('',#436,#437);
#436 = CARTESIAN_POINT('',(2.94439324671,0.888359630281));
#437 = VECTOR('',#438,1.);
#438 = DIRECTION('',(-0.957373920414,-0.28885147829));
#439 = ( GEOMETRIC_REPRESENTATION_CONTEXT(2) 
PARAMETRIC_REPRESENTATION_CONTEXT() REPRESENTATION_CONTEXT('2D SPACE',''
  ) );
#440 = PCURVE('',#441,#446);
#441 = PLANE('',#442);
#442 = AXIS2_PLACEMENT_3D('',#443,#444,#445);
#443 = CARTESIAN_POINT('',(31.201321625427,27.025044947455,
    -5.77903319062E-03));
#444 = DIRECTION('',(-1.176934950112E-02,-1.517805877935E-02,
    -0.999815537459));
#445 = DIRECTION('',(5.541335771979E-21,-0.999884790672,
    1.517911010261E-02));
#446 = DEFINITIONAL_REPRESENTATION('',(#447),#451);
#447 = LINE('',#448,#449);
#448 = CARTESIAN_POINT('',(-0.887907648514,2.944529577317));
#449 = VECTOR('',#450,1.);
#450 = DIRECTION('',(0.288704515735,-0.957418248518));
#451 = ( GEOMETRIC_REPRESENTATION_CONTEXT(2) 
PARAMETRIC_REPRESENTATION_CONTEXT() REPRESENTATION_CONTEXT('2D SPACE',''
  ) );
#452 = ADVANCED_FACE('',(#453),#415,.T.);
#453 = FACE_BOUND('',#454,.T.);
#454 = EDGE_LOOP('',(#455,#456,#484));
#455 = ORIENTED_EDGE('',*,*,#399,.T.);
#456 = ORIENTED_EDGE('',*,*,#457,.F.);
#457 = EDGE_CURVE('',#458,#342,#460,.T.);
#458 = VERTEX_POINT('',#459);
#459 = CARTESIAN_POINT('',(28.256995354336,-27.91272296381,
    3.529742959999E-02));
#460 = SURFACE_CURVE('',#461,(#465,#472),.PCURVE_S1.);
#461 = LINE('',#462,#463);
#462 = CARTESIAN_POINT('',(28.256995354336,-27.91272296381,
    3.529742959999E-02));
#463 = VECTOR('',#464,1.);
#464 = DIRECTION('',(0.107731257594,0.994179891228,-5.656978546794E-04)
  );
#465 = PCURVE('',#415,#466);
#466 = DEFINITIONAL_REPRESENTATION('',(#467),#471);
#467 = LINE('',#468,#469);
#468 = CARTESIAN_POINT('',(3.96641309756E-05,-55.82610284743));
#469 = VECTOR('',#470,1.);
#470 = DIRECTION('',(-0.107732159771,0.99417995441));
#471 = ( GEOMETRIC_REPRESENTATION_CONTEXT(2) 
PARAMETRIC_REPRESENTATION_CONTEXT() REPRESENTATION_CONTEXT('2D SPACE',''
  ) );
#472 = PCURVE('',#473,#478);
#473 = PLANE('',#474);
#474 = AXIS2_PLACEMENT_3D('',#475,#476,#477);
#475 = CARTESIAN_POINT('',(33.713692002652,22.443489350361,
    6.644263782379E-03));
#476 = DIRECTION('',(-8.305220363164E-03,3.30979859731E-04,
    -0.999965456287));
#477 = DIRECTION('',(-0.999965511059,-4.666256443628E-22,
    8.305220818073E-03));
#478 = DEFINITIONAL_REPRESENTATION('',(#479),#483);
#479 = LINE('',#480,#481);
#480 = CARTESIAN_POINT('',(5.456746423496,-50.35621507237));
#481 = VECTOR('',#482,1.);
#482 = DIRECTION('',(-0.107732240303,0.994179945684));
#483 = ( GEOMETRIC_REPRESENTATION_CONTEXT(2) 
PARAMETRIC_REPRESENTATION_CONTEXT() REPRESENTATION_CONTEXT('2D SPACE',''
  ) );
#484 = ORIENTED_EDGE('',*,*,#485,.T.);
#485 = EDGE_CURVE('',#458,#400,#486,.T.);
#486 = SURFACE_CURVE('',#487,(#491,#498),.PCURVE_S1.);
#487 = LINE('',#488,#489);
#488 = CARTESIAN_POINT('',(28.256995354336,-27.91272296381,
    3.529742959999E-02));
#489 = VECTOR('',#490,1.);
#490 = DIRECTION('',(1.13818392055E-08,0.999999936448,
    -3.565161210152E-04));
#491 = PCURVE('',#415,#492);
#492 = DEFINITIONAL_REPRESENTATION('',(#493),#497);
#493 = LINE('',#494,#495);
#494 = CARTESIAN_POINT('',(3.96641309756E-05,-55.82610284743));
#495 = VECTOR('',#496,1.);
#496 = DIRECTION('',(-7.104943557316E-07,1.));
#497 = ( GEOMETRIC_REPRESENTATION_CONTEXT(2) 
PARAMETRIC_REPRESENTATION_CONTEXT() REPRESENTATION_CONTEXT('2D SPACE',''
  ) );
#498 = PCURVE('',#499,#504);
#499 = PLANE('',#500);
#500 = AXIS2_PLACEMENT_3D('',#501,#502,#503);
#501 = CARTESIAN_POINT('',(28.25699598974,27.913376335786,
    1.539452396142E-02));
#502 = DIRECTION('',(-2.317271999846E-04,-3.565161088057E-04,
    -0.999999909599));
#503 = DIRECTION('',(2.335428286164E-24,-0.999999936448,
    3.565161183778E-04));
#504 = DEFINITIONAL_REPRESENTATION('',(#505),#509);
#505 = LINE('',#506,#507);
#506 = CARTESIAN_POINT('',(55.82610284745,6.35403743139E-07));
#507 = VECTOR('',#508,1.);
#508 = DIRECTION('',(-1.,-1.138183951108E-08));
#509 = ( GEOMETRIC_REPRESENTATION_CONTEXT(2) 
PARAMETRIC_REPRESENTATION_CONTEXT() REPRESENTATION_CONTEXT('2D SPACE',''
  ) );
#510 = ADVANCED_FACE('',(#511),#473,.T.);
#511 = FACE_BOUND('',#512,.T.);
#512 = EDGE_LOOP('',(#513,#541,#567));
#513 = ORIENTED_EDGE('',*,*,#514,.T.);
#514 = EDGE_CURVE('',#342,#515,#517,.T.);
#515 = VERTEX_POINT('',#516);
#516 = CARTESIAN_POINT('',(33.756448811705,-22.44353105026,
    -8.568066145132E-03));
#517 = SURFACE_CURVE('',#518,(#522,#529),.PCURVE_S1.);
#518 = LINE('',#519,#520);
#519 = CARTESIAN_POINT('',(33.713692002652,22.443489350361,
    6.644263782379E-03));
#520 = VECTOR('',#521,1.);
#521 = DIRECTION('',(9.525423344687E-04,-0.999999488904,
    -3.389024715113E-04));
#522 = PCURVE('',#473,#523);
#523 = DEFINITIONAL_REPRESENTATION('',(#524),#528);
#524 = LINE('',#525,#526);
#525 = CARTESIAN_POINT('',(0.,0.));
#526 = VECTOR('',#527,1.);
#527 = DIRECTION('',(-9.553241421539E-04,-0.999999543678));
#528 = ( GEOMETRIC_REPRESENTATION_CONTEXT(2) 
PARAMETRIC_REPRESENTATION_CONTEXT() REPRESENTATION_CONTEXT('2D SPACE',''
  ) );
#529 = PCURVE('',#530,#535);
#530 = PLANE('',#531);
#531 = AXIS2_PLACEMENT_3D('',#532,#533,#534);
#532 = CARTESIAN_POINT('',(33.710029342093,-22.44347441356,
    16.242074640854));
#533 = DIRECTION('',(0.999995467583,9.51570444341E-04,2.856453505421E-03
    ));
#534 = DIRECTION('',(-2.856454798661E-03,4.490057305168E-22,
    0.999995920325));
#535 = DEFINITIONAL_REPRESENTATION('',(#536),#540);
#536 = LINE('',#537,#538);
#537 = CARTESIAN_POINT('',(-16.23537460401,-44.8869840862));
#538 = VECTOR('',#539,1.);
#539 = DIRECTION('',(-3.416219830215E-04,0.999999941647));
#540 = ( GEOMETRIC_REPRESENTATION_CONTEXT(2) 
PARAMETRIC_REPRESENTATION_CONTEXT() REPRESENTATION_CONTEXT('2D SPACE',''
  ) );
#541 = ORIENTED_EDGE('',*,*,#542,.F.);
#542 = EDGE_CURVE('',#458,#515,#543,.T.);
#543 = SURFACE_CURVE('',#544,(#548,#555),.PCURVE_S1.);
#544 = LINE('',#545,#546);
#545 = CARTESIAN_POINT('',(28.256995354336,-27.91272296381,
    3.529742959999E-02));
#546 = VECTOR('',#547,1.);
#547 = DIRECTION('',(0.709043589293,0.705141973648,-5.655570829058E-03)
  );
#548 = PCURVE('',#473,#549);
#549 = DEFINITIONAL_REPRESENTATION('',(#550),#554);
#550 = LINE('',#551,#552);
#551 = CARTESIAN_POINT('',(5.456746423496,-50.35621507237));
#552 = VECTOR('',#553,1.);
#553 = DIRECTION('',(-0.709066105895,0.705142012272));
#554 = ( GEOMETRIC_REPRESENTATION_CONTEXT(2) 
PARAMETRIC_REPRESENTATION_CONTEXT() REPRESENTATION_CONTEXT('2D SPACE',''
  ) );
#555 = PCURVE('',#556,#561);
#556 = PLANE('',#557);
#557 = AXIS2_PLACEMENT_3D('',#558,#559,#560);
#558 = CARTESIAN_POINT('',(33.756448811705,-22.44353105026,
    -8.568066145132E-03));
#559 = DIRECTION('',(-9.33764661133E-03,1.369198745793E-03,
    -0.999955465834));
#560 = DIRECTION('',(-0.999956403146,-1.53973981114E-21,
    9.33765536401E-03));
#561 = DEFINITIONAL_REPRESENTATION('',(#562),#566);
#562 = LINE('',#563,#564);
#563 = CARTESIAN_POINT('',(5.49962329938,-5.469197040115));
#564 = VECTOR('',#565,1.);
#565 = DIRECTION('',(-0.709065486995,0.705142634616));
#566 = ( GEOMETRIC_REPRESENTATION_CONTEXT(2) 
PARAMETRIC_REPRESENTATION_CONTEXT() REPRESENTATION_CONTEXT('2D SPACE',''
  ) );
#567 = ORIENTED_EDGE('',*,*,#457,.T.);
#568 = ADVANCED_FACE('',(#569),#556,.T.);
#569 = FACE_BOUND('',#570,.T.);
#570 = EDGE_LOOP('',(#571,#599,#625));
#571 = ORIENTED_EDGE('',*,*,#572,.F.);
#572 = EDGE_CURVE('',#573,#515,#575,.T.);
#573 = VERTEX_POINT('',#574);
#574 = CARTESIAN_POINT('',(33.6910598181,-23.22172063994,
    -9.023003301008E-03));
#575 = SURFACE_CURVE('',#576,(#580,#587),.PCURVE_S1.);
#576 = LINE('',#577,#578);
#577 = CARTESIAN_POINT('',(33.6910598181,-23.22172063994,
    -9.023003301008E-03));
#578 = VECTOR('',#579,1.);
#579 = DIRECTION('',(8.373198198133E-02,0.996488141335,
    5.825565991781E-04));
#580 = PCURVE('',#556,#581);
#581 = DEFINITIONAL_REPRESENTATION('',(#582),#586);
#582 = LINE('',#583,#584);
#583 = CARTESIAN_POINT('',(6.538189480462E-02,-0.778190319125));
#584 = VECTOR('',#585,1.);
#585 = DIRECTION('',(-8.372289181756E-02,0.996489075397));
#586 = ( GEOMETRIC_REPRESENTATION_CONTEXT(2) 
PARAMETRIC_REPRESENTATION_CONTEXT() REPRESENTATION_CONTEXT('2D SPACE',''
  ) );
#587 = PCURVE('',#588,#593);
#588 = PLANE('',#589);
#589 = AXIS2_PLACEMENT_3D('',#590,#591,#592);
#590 = CARTESIAN_POINT('',(33.710029342093,-22.44347441356,
    16.242074640854));
#591 = DIRECTION('',(0.996484133882,-8.373330946602E-02,
    2.846718630402E-03));
#592 = DIRECTION('',(8.373364874737E-02,0.996488171564,
    1.735282020109E-20));
#593 = DEFINITIONAL_REPRESENTATION('',(#594),#598);
#594 = LINE('',#595,#596);
#595 = CARTESIAN_POINT('',(-0.777101546619,-16.25116349243));
#596 = VECTOR('',#597,1.);
#597 = DIRECTION('',(0.999999830313,5.825589596555E-04));
#598 = ( GEOMETRIC_REPRESENTATION_CONTEXT(2) 
PARAMETRIC_REPRESENTATION_CONTEXT() REPRESENTATION_CONTEXT('2D SPACE',''
  ) );
#599 = ORIENTED_EDGE('',*,*,#600,.F.);
#600 = EDGE_CURVE('',#458,#573,#601,.T.);
#601 = SURFACE_CURVE('',#602,(#606,#613),.PCURVE_S1.);
#602 = LINE('',#603,#604);
#603 = CARTESIAN_POINT('',(28.256995354336,-27.91272296381,
    3.529742959999E-02));
#604 = VECTOR('',#605,1.);
#605 = DIRECTION('',(0.756950056559,0.653443568446,-6.173712957374E-03)
  );
#606 = PCURVE('',#556,#607);
#607 = DEFINITIONAL_REPRESENTATION('',(#608),#612);
#608 = LINE('',#609,#610);
#609 = CARTESIAN_POINT('',(5.49962329938,-5.469197040115));
#610 = VECTOR('',#611,1.);
#611 = DIRECTION('',(-0.756974703922,0.653444180954));
#612 = ( GEOMETRIC_REPRESENTATION_CONTEXT(2) 
PARAMETRIC_REPRESENTATION_CONTEXT() REPRESENTATION_CONTEXT('2D SPACE',''
  ) );
#613 = PCURVE('',#614,#619);
#614 = PLANE('',#615);
#615 = AXIS2_PLACEMENT_3D('',#616,#617,#618);
#616 = CARTESIAN_POINT('',(33.6910598181,-23.22172063994,
    -9.023003301008E-03));
#617 = DIRECTION('',(-6.402525556126E-03,-2.031057717489E-03,
    -0.999977440981));
#618 = DIRECTION('',(-0.999979503539,2.138202983353E-22,
    6.402538762001E-03));
#619 = DEFINITIONAL_REPRESENTATION('',(#620),#624);
#620 = LINE('',#621,#622);
#621 = CARTESIAN_POINT('',(5.434236847961,-4.691011999542));
#622 = VECTOR('',#623,1.);
#623 = DIRECTION('',(-0.756974069198,0.653444916241));
#624 = ( GEOMETRIC_REPRESENTATION_CONTEXT(2) 
PARAMETRIC_REPRESENTATION_CONTEXT() REPRESENTATION_CONTEXT('2D SPACE',''
  ) );
#625 = ORIENTED_EDGE('',*,*,#542,.T.);
#626 = ADVANCED_FACE('',(#627),#614,.T.);
#627 = FACE_BOUND('',#628,.T.);
#628 = EDGE_LOOP('',(#629,#657,#683));
#629 = ORIENTED_EDGE('',*,*,#630,.F.);
#630 = EDGE_CURVE('',#631,#573,#633,.T.);
#631 = VERTEX_POINT('',#632);
#632 = CARTESIAN_POINT('',(33.516476921275,-24.06384278001,
    -6.194769368598E-03));
#633 = SURFACE_CURVE('',#634,(#638,#645),.PCURVE_S1.);
#634 = LINE('',#635,#636);
#635 = CARTESIAN_POINT('',(33.516476921275,-24.06384278001,
    -6.194769368598E-03));
#636 = VECTOR('',#637,1.);
#637 = DIRECTION('',(0.202995561956,0.979174135421,-3.288517643449E-03)
  );
#638 = PCURVE('',#614,#639);
#639 = DEFINITIONAL_REPRESENTATION('',(#640),#644);
#640 = LINE('',#641,#642);
#641 = CARTESIAN_POINT('',(0.174597426371,-0.842123877028));
#642 = VECTOR('',#643,1.);
#643 = DIRECTION('',(-0.203012456127,0.97917615507));
#644 = ( GEOMETRIC_REPRESENTATION_CONTEXT(2) 
PARAMETRIC_REPRESENTATION_CONTEXT() REPRESENTATION_CONTEXT('2D SPACE',''
  ) );
#645 = PCURVE('',#646,#651);
#646 = PLANE('',#647);
#647 = AXIS2_PLACEMENT_3D('',#648,#649,#650);
#648 = CARTESIAN_POINT('',(33.690177654518,-23.22597586481,
    16.242074640854));
#649 = DIRECTION('',(0.979179430029,-0.202996659597,0.));
#650 = DIRECTION('',(0.202996659597,0.979179430029,0.));
#651 = DEFINITIONAL_REPRESENTATION('',(#652),#656);
#652 = LINE('',#653,#654);
#653 = CARTESIAN_POINT('',(-0.855682717084,-16.24826941022));
#654 = VECTOR('',#655,1.);
#655 = DIRECTION('',(0.999994592811,-3.288517643449E-03));
#656 = ( GEOMETRIC_REPRESENTATION_CONTEXT(2) 
PARAMETRIC_REPRESENTATION_CONTEXT() REPRESENTATION_CONTEXT('2D SPACE',''
  ) );
#657 = ORIENTED_EDGE('',*,*,#658,.F.);
#658 = EDGE_CURVE('',#458,#631,#659,.T.);
#659 = SURFACE_CURVE('',#660,(#664,#671),.PCURVE_S1.);
#660 = LINE('',#661,#662);
#661 = CARTESIAN_POINT('',(28.256995354336,-27.91272296381,
    3.529742959999E-02));
#662 = VECTOR('',#663,1.);
#663 = DIRECTION('',(0.806978942579,0.590545897215,-6.366279722209E-03)
  );
#664 = PCURVE('',#614,#665);
#665 = DEFINITIONAL_REPRESENTATION('',(#666),#670);
#666 = LINE('',#667,#668);
#667 = CARTESIAN_POINT('',(5.434236847961,-4.691011999542));
#668 = VECTOR('',#669,1.);
#669 = DIRECTION('',(-0.807003162719,0.590547115277));
#670 = ( GEOMETRIC_REPRESENTATION_CONTEXT(2) 
PARAMETRIC_REPRESENTATION_CONTEXT() REPRESENTATION_CONTEXT('2D SPACE',''
  ) );
#671 = PCURVE('',#672,#677);
#672 = PLANE('',#673);
#673 = AXIS2_PLACEMENT_3D('',#674,#675,#676);
#674 = CARTESIAN_POINT('',(33.516476921275,-24.06384278001,
    -6.194769368598E-03));
#675 = DIRECTION('',(-2.58252241954E-02,2.45165870722E-02,-0.99936579627
    ));
#676 = DIRECTION('',(-0.999666272653,1.150766435889E-19,
    2.583298898983E-02));
#677 = DEFINITIONAL_REPRESENTATION('',(#678),#682);
#678 = LINE('',#679,#680);
#679 = CARTESIAN_POINT('',(5.258798201628,-3.850037415316));
#680 = VECTOR('',#681,1.);
#681 = DIRECTION('',(-0.806874091671,0.590723454918));
#682 = ( GEOMETRIC_REPRESENTATION_CONTEXT(2) 
PARAMETRIC_REPRESENTATION_CONTEXT() REPRESENTATION_CONTEXT('2D SPACE',''
  ) );
#683 = ORIENTED_EDGE('',*,*,#600,.T.);
#684 = ADVANCED_FACE('',(#685),#672,.T.);
#685 = FACE_BOUND('',#686,.T.);
#686 = EDGE_LOOP('',(#687,#715,#741));
#687 = ORIENTED_EDGE('',*,*,#688,.F.);
#688 = EDGE_CURVE('',#689,#631,#691,.T.);
#689 = VERTEX_POINT('',#690);
#690 = CARTESIAN_POINT('',(29.786203355712,-27.65460942883,
    2.11230694913E-03));
#691 = SURFACE_CURVE('',#692,(#696,#703),.PCURVE_S1.);
#692 = LINE('',#693,#694);
#693 = CARTESIAN_POINT('',(29.786203355712,-27.65460942883,
    2.11230694913E-03));
#694 = VECTOR('',#695,1.);
#695 = DIRECTION('',(0.720449416044,0.693505634326,-1.604393934372E-03)
  );
#696 = PCURVE('',#672,#697);
#697 = DEFINITIONAL_REPRESENTATION('',(#698),#702);
#698 = LINE('',#699,#700);
#699 = CARTESIAN_POINT('',(3.729243267873,-3.591846274104));
#700 = VECTOR('',#701,1.);
#701 = DIRECTION('',(-0.720250428662,0.693714148632));
#702 = ( GEOMETRIC_REPRESENTATION_CONTEXT(2) 
PARAMETRIC_REPRESENTATION_CONTEXT() REPRESENTATION_CONTEXT('2D SPACE',''
  ) );
#703 = PCURVE('',#704,#709);
#704 = PLANE('',#705);
#705 = AXIS2_PLACEMENT_3D('',#706,#707,#708);
#706 = CARTESIAN_POINT('',(33.516476921275,-24.06384278001,
    -6.194769368598E-03));
#707 = DIRECTION('',(1.063734624594E-02,-1.336374113576E-02,
    -0.999854118003));
#708 = DIRECTION('',(-9.209883905224E-21,-0.999910691118,
    1.336449727453E-02));
#709 = DEFINITIONAL_REPRESENTATION('',(#710),#714);
#710 = LINE('',#711,#712);
#711 = CARTESIAN_POINT('',(3.59055698137,3.730484629549));
#712 = VECTOR('',#713,1.);
#713 = DIRECTION('',(-0.693465140032,-0.720490180058));
#714 = ( GEOMETRIC_REPRESENTATION_CONTEXT(2) 
PARAMETRIC_REPRESENTATION_CONTEXT() REPRESENTATION_CONTEXT('2D SPACE',''
  ) );
#715 = ORIENTED_EDGE('',*,*,#716,.F.);
#716 = EDGE_CURVE('',#458,#689,#717,.T.);
#717 = SURFACE_CURVE('',#718,(#722,#729),.PCURVE_S1.);
#718 = LINE('',#719,#720);
#719 = CARTESIAN_POINT('',(28.256995354336,-27.91272296381,
    3.529742959999E-02));
#720 = VECTOR('',#721,1.);
#721 = DIRECTION('',(0.98582678502,0.166396746631,-2.139328511487E-02));
#722 = PCURVE('',#672,#723);
#723 = DEFINITIONAL_REPRESENTATION('',(#724),#728);
#724 = LINE('',#725,#726);
#725 = CARTESIAN_POINT('',(5.258798201628,-3.850037415316));
#726 = VECTOR('',#727,1.);
#727 = DIRECTION('',(-0.986050440161,0.166446776653));
#728 = ( GEOMETRIC_REPRESENTATION_CONTEXT(2) 
PARAMETRIC_REPRESENTATION_CONTEXT() REPRESENTATION_CONTEXT('2D SPACE',''
  ) );
#729 = PCURVE('',#730,#735);
#730 = PLANE('',#731);
#731 = AXIS2_PLACEMENT_3D('',#732,#733,#734);
#732 = CARTESIAN_POINT('',(29.786203355712,-27.65460942883,
    2.11230694913E-03));
#733 = DIRECTION('',(-4.827687636806E-02,0.159243576404,-0.986058226771)
  );
#734 = DIRECTION('',(-1.996958138133E-19,-0.987209320918,-0.159429472473
    ));
#735 = DEFINITIONAL_REPRESENTATION('',(#736),#740);
#736 = LINE('',#737,#738);
#737 = CARTESIAN_POINT('',(0.249521400982,1.53099315192));
#738 = VECTOR('',#739,1.);
#739 = DIRECTION('',(-0.160857699085,-0.986977608989));
#740 = ( GEOMETRIC_REPRESENTATION_CONTEXT(2) 
PARAMETRIC_REPRESENTATION_CONTEXT() REPRESENTATION_CONTEXT('2D SPACE',''
  ) );
#741 = ORIENTED_EDGE('',*,*,#658,.T.);
#742 = ADVANCED_FACE('',(#743),#704,.T.);
#743 = FACE_BOUND('',#744,.T.);
#744 = EDGE_LOOP('',(#745,#773,#799));
#745 = ORIENTED_EDGE('',*,*,#746,.F.);
#746 = EDGE_CURVE('',#747,#631,#749,.T.);
#747 = VERTEX_POINT('',#748);
#748 = CARTESIAN_POINT('',(30.385366495275,-27.46228255451,
    5.916161074432E-03));
#749 = SURFACE_CURVE('',#750,(#754,#761),.PCURVE_S1.);
#750 = LINE('',#751,#752);
#751 = CARTESIAN_POINT('',(30.385366495275,-27.46228255451,
    5.916161074432E-03));
#752 = VECTOR('',#753,1.);
#753 = DIRECTION('',(0.677586815888,0.735438126574,-2.62086150913E-03));
#754 = PCURVE('',#704,#755);
#755 = DEFINITIONAL_REPRESENTATION('',(#756),#760);
#756 = LINE('',#757,#758);
#757 = CARTESIAN_POINT('',(3.398298120146,3.131287588515));
#758 = VECTOR('',#759,1.);
#759 = DIRECTION('',(-0.735407471914,-0.677625154678));
#760 = ( GEOMETRIC_REPRESENTATION_CONTEXT(2) 
PARAMETRIC_REPRESENTATION_CONTEXT() REPRESENTATION_CONTEXT('2D SPACE',''
  ) );
#761 = PCURVE('',#762,#767);
#762 = PLANE('',#763);
#763 = AXIS2_PLACEMENT_3D('',#764,#765,#766);
#764 = CARTESIAN_POINT('',(33.516476921275,-24.06384278001,
    -6.194769368598E-03));
#765 = DIRECTION('',(1.890428931799E-05,-3.581068081216E-03,
    -0.999993587776));
#766 = DIRECTION('',(1.072005300871E-24,-0.999993587955,
    3.581068081856E-03));
#767 = DEFINITIONAL_REPRESENTATION('',(#768),#772);
#768 = LINE('',#769,#770);
#769 = CARTESIAN_POINT('',(3.398461353623,3.131110426559));
#770 = VECTOR('',#771,1.);
#771 = DIRECTION('',(-0.735442796396,-0.677586816009));
#772 = ( GEOMETRIC_REPRESENTATION_CONTEXT(2) 
PARAMETRIC_REPRESENTATION_CONTEXT() REPRESENTATION_CONTEXT('2D SPACE',''
  ) );
#773 = ORIENTED_EDGE('',*,*,#774,.F.);
#774 = EDGE_CURVE('',#689,#747,#775,.T.);
#775 = SURFACE_CURVE('',#776,(#780,#787),.PCURVE_S1.);
#776 = LINE('',#777,#778);
#777 = CARTESIAN_POINT('',(29.786203355712,-27.65460942883,
    2.11230694913E-03));
#778 = VECTOR('',#779,1.);
#779 = DIRECTION('',(0.952132053038,0.305627248423,6.044716703404E-03));
#780 = PCURVE('',#704,#781);
#781 = DEFINITIONAL_REPRESENTATION('',(#782),#786);
#782 = LINE('',#783,#784);
#783 = CARTESIAN_POINT('',(3.59055698137,3.730484629549));
#784 = VECTOR('',#785,1.);
#785 = DIRECTION('',(-0.305519168595,-0.952185925973));
#786 = ( GEOMETRIC_REPRESENTATION_CONTEXT(2) 
PARAMETRIC_REPRESENTATION_CONTEXT() REPRESENTATION_CONTEXT('2D SPACE',''
  ) );
#787 = PCURVE('',#788,#793);
#788 = PLANE('',#789);
#789 = AXIS2_PLACEMENT_3D('',#790,#791,#792);
#790 = CARTESIAN_POINT('',(29.786960319901,-27.65436644901,
    16.242074640854));
#791 = DIRECTION('',(0.305632832172,-0.9521494483,0.));
#792 = DIRECTION('',(-0.9521494483,-0.305632832172,0.));
#793 = DEFINITIONAL_REPRESENTATION('',(#794),#798);
#794 = LINE('',#795,#796);
#795 = CARTESIAN_POINT('',(7.950056475724E-04,16.239962333905));
#796 = VECTOR('',#797,1.);
#797 = DIRECTION('',(-0.999981730533,-6.044716703404E-03));
#798 = ( GEOMETRIC_REPRESENTATION_CONTEXT(2) 
PARAMETRIC_REPRESENTATION_CONTEXT() REPRESENTATION_CONTEXT('2D SPACE',''
  ) );
#799 = ORIENTED_EDGE('',*,*,#688,.T.);
#800 = ADVANCED_FACE('',(#801),#762,.T.);
#801 = FACE_BOUND('',#802,.T.);
#802 = EDGE_LOOP('',(#803,#831,#857));
#803 = ORIENTED_EDGE('',*,*,#804,.F.);
#804 = EDGE_CURVE('',#805,#631,#807,.T.);
#805 = VERTEX_POINT('',#806);
#806 = CARTESIAN_POINT('',(32.924317264238,-25.34675182657,
    -1.611749700997E-03));
#807 = SURFACE_CURVE('',#808,(#812,#819),.PCURVE_S1.);
#808 = LINE('',#809,#810);
#809 = CARTESIAN_POINT('',(32.924317264238,-25.34675182657,
    -1.611749700997E-03));
#810 = VECTOR('',#811,1.);
#811 = DIRECTION('',(0.419083855116,0.907941739371,-3.243499498064E-03)
  );
#812 = PCURVE('',#762,#813);
#813 = DEFINITIONAL_REPRESENTATION('',(#814),#818);
#814 = LINE('',#815,#816);
#815 = CARTESIAN_POINT('',(1.282917232593,0.592159657142));
#816 = VECTOR('',#817,1.);
#817 = DIRECTION('',(-0.9079475328,-0.419083855191));
#818 = ( GEOMETRIC_REPRESENTATION_CONTEXT(2) 
PARAMETRIC_REPRESENTATION_CONTEXT() REPRESENTATION_CONTEXT('2D SPACE',''
  ) );
#819 = PCURVE('',#820,#825);
#820 = PLANE('',#821);
#821 = AXIS2_PLACEMENT_3D('',#822,#823,#824);
#822 = CARTESIAN_POINT('',(33.516476921275,-24.06384278001,
    -6.194769368598E-03));
#823 = DIRECTION('',(0.907946515313,-0.419086059575,9.12607101835E-12));
#824 = DIRECTION('',(0.419086059575,0.907946515313,-1.292102551767E-28)
  );
#825 = DEFINITIONAL_REPRESENTATION('',(#826),#830);
#826 = LINE('',#827,#828);
#827 = CARTESIAN_POINT('',(-1.412978655593,4.583019667601E-03));
#828 = VECTOR('',#829,1.);
#829 = DIRECTION('',(0.999994739842,-3.243499498064E-03));
#830 = ( GEOMETRIC_REPRESENTATION_CONTEXT(2) 
PARAMETRIC_REPRESENTATION_CONTEXT() REPRESENTATION_CONTEXT('2D SPACE',''
  ) );
#831 = ORIENTED_EDGE('',*,*,#832,.F.);
#832 = EDGE_CURVE('',#747,#805,#833,.T.);
#833 = SURFACE_CURVE('',#834,(#838,#845),.PCURVE_S1.);
#834 = LINE('',#835,#836);
#835 = CARTESIAN_POINT('',(30.385366495275,-27.46228255451,
    5.916161074432E-03));
#836 = VECTOR('',#837,1.);
#837 = DIRECTION('',(0.768258211902,0.640136025536,-2.277861919336E-03)
  );
#838 = PCURVE('',#762,#839);
#839 = DEFINITIONAL_REPRESENTATION('',(#840),#844);
#840 = LINE('',#841,#842);
#841 = CARTESIAN_POINT('',(3.398461353623,3.131110426559));
#842 = VECTOR('',#843,1.);
#843 = DIRECTION('',(-0.640140078134,-0.76825821204));
#844 = ( GEOMETRIC_REPRESENTATION_CONTEXT(2) 
PARAMETRIC_REPRESENTATION_CONTEXT() REPRESENTATION_CONTEXT('2D SPACE',''
  ) );
#845 = PCURVE('',#846,#851);
#846 = PLANE('',#847);
#847 = AXIS2_PLACEMENT_3D('',#848,#849,#850);
#848 = CARTESIAN_POINT('',(32.924317264238,-25.34675182657,
    -1.611749700997E-03));
#849 = DIRECTION('',(-1.257301403747E-02,1.153159732995E-02,
    -0.9998544602));
#850 = DIRECTION('',(-0.999920946022,2.868575747249E-20,
    1.257385008633E-02));
#851 = DEFINITIONAL_REPRESENTATION('',(#852),#856);
#852 = LINE('',#853,#854);
#853 = CARTESIAN_POINT('',(2.538844709627,-2.115671401221));
#854 = VECTOR('',#855,1.);
#855 = DIRECTION('',(-0.768226119529,0.640178591702));
#856 = ( GEOMETRIC_REPRESENTATION_CONTEXT(2) 
PARAMETRIC_REPRESENTATION_CONTEXT() REPRESENTATION_CONTEXT('2D SPACE',''
  ) );
#857 = ORIENTED_EDGE('',*,*,#746,.T.);
#858 = ADVANCED_FACE('',(#859),#846,.T.);
#859 = FACE_BOUND('',#860,.T.);
#860 = EDGE_LOOP('',(#861,#889,#915));
#861 = ORIENTED_EDGE('',*,*,#862,.F.);
#862 = EDGE_CURVE('',#863,#805,#865,.T.);
#863 = VERTEX_POINT('',#864);
#864 = CARTESIAN_POINT('',(31.193186740001,-27.01017234461,
    9.722591525811E-04));
#865 = SURFACE_CURVE('',#866,(#870,#877),.PCURVE_S1.);
#866 = LINE('',#867,#868);
#867 = CARTESIAN_POINT('',(31.193186740001,-27.01017234461,
    9.722591525811E-04));
#868 = VECTOR('',#869,1.);
#869 = DIRECTION('',(0.721067361336,0.692864129508,-1.076316557089E-03)
  );
#870 = PCURVE('',#846,#871);
#871 = DEFINITIONAL_REPRESENTATION('',(#872),#876);
#872 = LINE('',#873,#874);
#873 = CARTESIAN_POINT('',(1.731026162423,-1.663531128025));
#874 = VECTOR('',#875,1.);
#875 = DIRECTION('',(-0.721023891536,0.692910201855));
#876 = ( GEOMETRIC_REPRESENTATION_CONTEXT(2) 
PARAMETRIC_REPRESENTATION_CONTEXT() REPRESENTATION_CONTEXT('2D SPACE',''
  ) );
#877 = PCURVE('',#878,#883);
#878 = PLANE('',#879);
#879 = AXIS2_PLACEMENT_3D('',#880,#881,#882);
#880 = CARTESIAN_POINT('',(32.924317264238,-25.34675182657,
    -1.611749700997E-03));
#881 = DIRECTION('',(1.956367447196E-03,-3.589419874346E-03,
    -0.999991644311));
#882 = DIRECTION('',(1.297623805874E-21,-0.999993557987,
    3.589426743391E-03));
#883 = DEFINITIONAL_REPRESENTATION('',(#884),#888);
#884 = LINE('',#885,#886);
#885 = CARTESIAN_POINT('',(1.663419077379,1.731133837088));
#886 = VECTOR('',#887,1.);
#887 = DIRECTION('',(-0.692863529427,-0.721068741237));
#888 = ( GEOMETRIC_REPRESENTATION_CONTEXT(2) 
PARAMETRIC_REPRESENTATION_CONTEXT() REPRESENTATION_CONTEXT('2D SPACE',''
  ) );
#889 = ORIENTED_EDGE('',*,*,#890,.F.);
#890 = EDGE_CURVE('',#747,#863,#891,.T.);
#891 = SURFACE_CURVE('',#892,(#896,#903),.PCURVE_S1.);
#892 = LINE('',#893,#894);
#893 = CARTESIAN_POINT('',(30.385366495275,-27.46228255451,
    5.916161074432E-03));
#894 = VECTOR('',#895,1.);
#895 = DIRECTION('',(0.872617479927,0.488375074268,-5.340464372138E-03)
  );
#896 = PCURVE('',#846,#897);
#897 = DEFINITIONAL_REPRESENTATION('',(#898),#902);
#898 = LINE('',#899,#900);
#899 = CARTESIAN_POINT('',(2.538844709627,-2.115671401221));
#900 = VECTOR('',#901,1.);
#901 = DIRECTION('',(-0.872615646242,0.488407549013));
#902 = ( GEOMETRIC_REPRESENTATION_CONTEXT(2) 
PARAMETRIC_REPRESENTATION_CONTEXT() REPRESENTATION_CONTEXT('2D SPACE',''
  ) );
#903 = PCURVE('',#904,#909);
#904 = PLANE('',#905);
#905 = AXIS2_PLACEMENT_3D('',#906,#907,#908);
#906 = CARTESIAN_POINT('',(31.220811042841,-27.05374256577,
    16.242074640854));
#907 = DIRECTION('',(0.488364801222,-0.872633807145,-3.171680340591E-03)
  );
#908 = DIRECTION('',(-0.872638196332,-0.488367257607,-1.283222644516E-19
    ));
#909 = DEFINITIONAL_REPRESENTATION('',(#910),#914);
#910 = LINE('',#911,#912);
#911 = CARTESIAN_POINT('',(0.928558377048,16.23624014467));
#912 = VECTOR('',#913,1.);
#913 = DIRECTION('',(-0.999985739475,5.340491233691E-03));
#914 = ( GEOMETRIC_REPRESENTATION_CONTEXT(2) 
PARAMETRIC_REPRESENTATION_CONTEXT() REPRESENTATION_CONTEXT('2D SPACE',''
  ) );
#915 = ORIENTED_EDGE('',*,*,#832,.T.);
#916 = ADVANCED_FACE('',(#917),#878,.T.);
#917 = FACE_BOUND('',#918,.T.);
#918 = EDGE_LOOP('',(#919,#947,#973));
#919 = ORIENTED_EDGE('',*,*,#920,.F.);
#920 = EDGE_CURVE('',#921,#805,#923,.T.);
#921 = VERTEX_POINT('',#922);
#922 = CARTESIAN_POINT('',(32.409652233208,-26.04155726738,
    -1.246627302223E-04));
#923 = SURFACE_CURVE('',#924,(#928,#935),.PCURVE_S1.);
#924 = LINE('',#925,#926);
#925 = CARTESIAN_POINT('',(32.409652233208,-26.04155726738,
    -1.246627302223E-04));
#926 = VECTOR('',#927,1.);
#927 = DIRECTION('',(0.595222439195,0.803559139074,-1.71985171067E-03));
#928 = PCURVE('',#878,#929);
#929 = DEFINITIONAL_REPRESENTATION('',(#930),#934);
#930 = LINE('',#931,#932);
#931 = CARTESIAN_POINT('',(0.694806302656,0.514666015941));
#932 = VECTOR('',#933,1.);
#933 = DIRECTION('',(-0.803560135817,-0.595223578267));
#934 = ( GEOMETRIC_REPRESENTATION_CONTEXT(2) 
PARAMETRIC_REPRESENTATION_CONTEXT() REPRESENTATION_CONTEXT('2D SPACE',''
  ) );
#935 = PCURVE('',#936,#941);
#936 = PLANE('',#937);
#937 = AXIS2_PLACEMENT_3D('',#938,#939,#940);
#938 = CARTESIAN_POINT('',(32.924317264238,-25.34675182657,
    16.242074640854));
#939 = DIRECTION('',(0.803560327496,-0.595223319498,0.));
#940 = DIRECTION('',(0.595223319498,0.803560327496,0.));
#941 = DEFINITIONAL_REPRESENTATION('',(#942),#946);
#942 = LINE('',#943,#944);
#943 = CARTESIAN_POINT('',(-0.864658715764,-16.24219930358));
#944 = VECTOR('',#945,1.);
#945 = DIRECTION('',(0.999998521054,-1.71985171067E-03));
#946 = ( GEOMETRIC_REPRESENTATION_CONTEXT(2) 
PARAMETRIC_REPRESENTATION_CONTEXT() REPRESENTATION_CONTEXT('2D SPACE',''
  ) );
#947 = ORIENTED_EDGE('',*,*,#948,.F.);
#948 = EDGE_CURVE('',#863,#921,#949,.T.);
#949 = SURFACE_CURVE('',#950,(#954,#961),.PCURVE_S1.);
#950 = LINE('',#951,#952);
#951 = CARTESIAN_POINT('',(31.193186740001,-27.01017234461,
    9.722591525811E-04));
#952 = VECTOR('',#953,1.);
#953 = DIRECTION('',(0.78229621078,0.622906205606,-7.054189676823E-04));
#954 = PCURVE('',#878,#955);
#955 = DEFINITIONAL_REPRESENTATION('',(#956),#960);
#956 = LINE('',#957,#958);
#957 = CARTESIAN_POINT('',(1.663419077379,1.731133837088));
#958 = VECTOR('',#959,1.);
#959 = DIRECTION('',(-0.622904724886,-0.782297707855));
#960 = ( GEOMETRIC_REPRESENTATION_CONTEXT(2) 
PARAMETRIC_REPRESENTATION_CONTEXT() REPRESENTATION_CONTEXT('2D SPACE',''
  ) );
#961 = PCURVE('',#962,#967);
#962 = PLANE('',#963);
#963 = AXIS2_PLACEMENT_3D('',#964,#965,#966);
#964 = CARTESIAN_POINT('',(32.409652233208,-26.04155726738,
    -1.246627302223E-04));
#965 = DIRECTION('',(-3.524426904116E-03,3.293810583335E-03,
    -0.999988364546));
#966 = DIRECTION('',(-0.999993789121,9.083942018599E-22,
    3.524446022857E-03));
#967 = DEFINITIONAL_REPRESENTATION('',(#968),#972);
#968 = LINE('',#969,#970);
#969 = CARTESIAN_POINT('',(1.216461803929,-0.96862033162));
#970 = VECTOR('',#971,1.);
#971 = DIRECTION('',(-0.782293838244,0.622909584647));
#972 = ( GEOMETRIC_REPRESENTATION_CONTEXT(2) 
PARAMETRIC_REPRESENTATION_CONTEXT() REPRESENTATION_CONTEXT('2D SPACE',''
  ) );
#973 = ORIENTED_EDGE('',*,*,#862,.T.);
#974 = ADVANCED_FACE('',(#975),#962,.T.);
#975 = FACE_BOUND('',#976,.T.);
#976 = EDGE_LOOP('',(#977,#1005,#1026));
#977 = ORIENTED_EDGE('',*,*,#978,.F.);
#978 = EDGE_CURVE('',#979,#921,#981,.T.);
#979 = VERTEX_POINT('',#980);
#980 = CARTESIAN_POINT('',(31.872861137645,-26.62979208285,
    -1.703163430111E-04));
#981 = SURFACE_CURVE('',#982,(#986,#993),.PCURVE_S1.);
#982 = LINE('',#983,#984);
#983 = CARTESIAN_POINT('',(31.872861137645,-26.62979208285,
    -1.703163430111E-04));
#984 = VECTOR('',#985,1.);
#985 = DIRECTION('',(0.674068774327,0.738668588875,5.732895919947E-05));
#986 = PCURVE('',#962,#987);
#987 = DEFINITIONAL_REPRESENTATION('',(#988),#992);
#988 = LINE('',#989,#990);
#989 = CARTESIAN_POINT('',(0.536787600715,-0.588238006431));
#990 = VECTOR('',#991,1.);
#991 = DIRECTION('',(-0.674064385715,0.738672595885));
#992 = ( GEOMETRIC_REPRESENTATION_CONTEXT(2) 
PARAMETRIC_REPRESENTATION_CONTEXT() REPRESENTATION_CONTEXT('2D SPACE',''
  ) );
#993 = PCURVE('',#994,#999);
#994 = PLANE('',#995);
#995 = AXIS2_PLACEMENT_3D('',#996,#997,#998);
#996 = CARTESIAN_POINT('',(31.842882738153,-26.58176570867,
    16.242074640854));
#997 = DIRECTION('',(0.738664299449,-0.674065120531,3.356486575588E-03)
  );
#998 = DIRECTION('',(0.674068917573,0.738668460381,-1.028268207533E-19)
  );
#999 = DEFINITIONAL_REPRESENTATION('',(#1000),#1004);
#1000 = LINE('',#1001,#1002);
#1001 = CARTESIAN_POINT('',(-1.526806057262E-02,-16.24233645055));
#1002 = VECTOR('',#1003,1.);
#1003 = DIRECTION('',(0.999999998357,5.732928213629E-05));
#1004 = ( GEOMETRIC_REPRESENTATION_CONTEXT(2) 
PARAMETRIC_REPRESENTATION_CONTEXT() REPRESENTATION_CONTEXT('2D SPACE',''
  ) );
#1005 = ORIENTED_EDGE('',*,*,#1006,.F.);
#1006 = EDGE_CURVE('',#863,#979,#1007,.T.);
#1007 = SURFACE_CURVE('',#1008,(#1012,#1019),.PCURVE_S1.);
#1008 = LINE('',#1009,#1010);
#1009 = CARTESIAN_POINT('',(31.193186740001,-27.01017234461,
    9.722591525811E-04));
#1010 = VECTOR('',#1011,1.);
#1011 = DIRECTION('',(0.87263498514,0.488370792282,-1.46695440357E-03));
#1012 = PCURVE('',#962,#1013);
#1013 = DEFINITIONAL_REPRESENTATION('',(#1014),#1018);
#1014 = LINE('',#1015,#1016);
#1015 = CARTESIAN_POINT('',(1.216461803929,-0.96862033162));
#1016 = VECTOR('',#1017,1.);
#1017 = DIRECTION('',(-0.872634735511,0.488373441517));
#1018 = ( GEOMETRIC_REPRESENTATION_CONTEXT(2) 
PARAMETRIC_REPRESENTATION_CONTEXT() REPRESENTATION_CONTEXT('2D SPACE',''
  ) );
#1019 = PCURVE('',#904,#1020);
#1020 = DEFINITIONAL_REPRESENTATION('',(#1021),#1025);
#1021 = LINE('',#1022,#1023);
#1022 = CARTESIAN_POINT('',(2.827752384025E-03,16.241184071459));
#1023 = VECTOR('',#1024,1.);
#1024 = DIRECTION('',(-0.999998924011,1.466961782081E-03));
#1025 = ( GEOMETRIC_REPRESENTATION_CONTEXT(2) 
PARAMETRIC_REPRESENTATION_CONTEXT() REPRESENTATION_CONTEXT('2D SPACE',''
  ) );
#1026 = ORIENTED_EDGE('',*,*,#948,.T.);
#1027 = ADVANCED_FACE('',(#1028),#820,.T.);
#1028 = FACE_BOUND('',#1029,.T.);
#1029 = EDGE_LOOP('',(#1030,#1058,#1079));
#1030 = ORIENTED_EDGE('',*,*,#1031,.F.);
#1031 = EDGE_CURVE('',#1032,#631,#1034,.T.);
#1032 = VERTEX_POINT('',#1033);
#1033 = CARTESIAN_POINT('',(33.218537092355,-24.70932697892,
    -5.864637605768E-06));
#1034 = SURFACE_CURVE('',#1035,(#1039,#1046),.PCURVE_S1.);
#1035 = LINE('',#1036,#1037);
#1036 = CARTESIAN_POINT('',(33.218537092355,-24.70932697892,
    -5.864637605768E-06));
#1037 = VECTOR('',#1038,1.);
#1038 = DIRECTION('',(0.419070180492,0.907912113409,-8.705064482532E-03)
  );
#1039 = PCURVE('',#820,#1040);
#1040 = DEFINITIONAL_REPRESENTATION('',(#1041),#1045);
#1041 = LINE('',#1042,#1043);
#1042 = CARTESIAN_POINT('',(-0.710927557987,6.188904730992E-03));
#1043 = VECTOR('',#1044,1.);
#1044 = DIRECTION('',(0.999962110208,-8.705064482532E-03));
#1045 = ( GEOMETRIC_REPRESENTATION_CONTEXT(2) 
PARAMETRIC_REPRESENTATION_CONTEXT() REPRESENTATION_CONTEXT('2D SPACE',''
  ) );
#1046 = PCURVE('',#1047,#1052);
#1047 = PLANE('',#1048);
#1048 = AXIS2_PLACEMENT_3D('',#1049,#1050,#1051);
#1049 = CARTESIAN_POINT('',(33.218455321493,-24.70950413482,
    16.242074640854));
#1050 = DIRECTION('',(0.907946515313,-0.419086059575,0.));
#1051 = DIRECTION('',(0.419086059575,0.907946515313,0.));
#1052 = DEFINITIONAL_REPRESENTATION('',(#1053),#1057);
#1053 = LINE('',#1054,#1055);
#1054 = CARTESIAN_POINT('',(1.951171122156E-04,-16.24208050549));
#1055 = VECTOR('',#1056,1.);
#1056 = DIRECTION('',(0.999962110208,-8.705064482532E-03));
#1057 = ( GEOMETRIC_REPRESENTATION_CONTEXT(2) 
PARAMETRIC_REPRESENTATION_CONTEXT() REPRESENTATION_CONTEXT('2D SPACE',''
  ) );
#1058 = ORIENTED_EDGE('',*,*,#1059,.F.);
#1059 = EDGE_CURVE('',#805,#1032,#1060,.T.);
#1060 = SURFACE_CURVE('',#1061,(#1065,#1072),.PCURVE_S1.);
#1061 = LINE('',#1062,#1063);
#1062 = CARTESIAN_POINT('',(32.924317264238,-25.34675182657,
    -1.611749700997E-03));
#1063 = VECTOR('',#1064,1.);
#1064 = DIRECTION('',(0.41908496319,0.907944140005,2.287413078132E-03));
#1065 = PCURVE('',#820,#1066);
#1066 = DEFINITIONAL_REPRESENTATION('',(#1067),#1071);
#1067 = LINE('',#1068,#1069);
#1068 = CARTESIAN_POINT('',(-1.412978655593,4.583019667601E-03));
#1069 = VECTOR('',#1070,1.);
#1070 = DIRECTION('',(0.999997383867,2.287413078132E-03));
#1071 = ( GEOMETRIC_REPRESENTATION_CONTEXT(2) 
PARAMETRIC_REPRESENTATION_CONTEXT() REPRESENTATION_CONTEXT('2D SPACE',''
  ) );
#1072 = PCURVE('',#1047,#1073);
#1073 = DEFINITIONAL_REPRESENTATION('',(#1074),#1078);
#1074 = LINE('',#1075,#1076);
#1075 = CARTESIAN_POINT('',(-0.701855980495,-16.24368639055));
#1076 = VECTOR('',#1077,1.);
#1077 = DIRECTION('',(0.999997383867,2.287413078132E-03));
#1078 = ( GEOMETRIC_REPRESENTATION_CONTEXT(2) 
PARAMETRIC_REPRESENTATION_CONTEXT() REPRESENTATION_CONTEXT('2D SPACE',''
  ) );
#1079 = ORIENTED_EDGE('',*,*,#804,.T.);
#1080 = ADVANCED_FACE('',(#1081),#730,.T.);
#1081 = FACE_BOUND('',#1082,.T.);
#1082 = EDGE_LOOP('',(#1083,#1106,#1132));
#1083 = ORIENTED_EDGE('',*,*,#1084,.F.);
#1084 = EDGE_CURVE('',#1085,#689,#1087,.T.);
#1085 = VERTEX_POINT('',#1086);
#1086 = CARTESIAN_POINT('',(29.043356703319,-27.8930576332,
    -2.654124042678E-05));
#1087 = SURFACE_CURVE('',#1088,(#1092,#1099),.PCURVE_S1.);
#1088 = LINE('',#1089,#1090);
#1089 = CARTESIAN_POINT('',(29.043356703319,-27.8930576332,
    -2.654124042678E-05));
#1090 = VECTOR('',#1091,1.);
#1091 = DIRECTION('',(0.952145870266,0.30563168365,2.74147492521E-03));
#1092 = PCURVE('',#730,#1093);
#1093 = DEFINITIONAL_REPRESENTATION('',(#1094),#1098);
#1094 = LINE('',#1095,#1096);
#1095 = CARTESIAN_POINT('',(0.23573928535,0.743713828804));
#1096 = VECTOR('',#1097,1.);
#1097 = DIRECTION('',(-0.302159518768,-0.953257376168));
#1098 = ( GEOMETRIC_REPRESENTATION_CONTEXT(2) 
PARAMETRIC_REPRESENTATION_CONTEXT() REPRESENTATION_CONTEXT('2D SPACE',''
  ) );
#1099 = PCURVE('',#788,#1100);
#1100 = DEFINITIONAL_REPRESENTATION('',(#1101),#1105);
#1101 = LINE('',#1102,#1103);
#1102 = CARTESIAN_POINT('',(0.780973635924,16.242101182095));
#1103 = VECTOR('',#1104,1.);
#1104 = DIRECTION('',(-0.999996242151,-2.74147492521E-03));
#1105 = ( GEOMETRIC_REPRESENTATION_CONTEXT(2) 
PARAMETRIC_REPRESENTATION_CONTEXT() REPRESENTATION_CONTEXT('2D SPACE',''
  ) );
#1106 = ORIENTED_EDGE('',*,*,#1107,.F.);
#1107 = EDGE_CURVE('',#458,#1085,#1108,.T.);
#1108 = SURFACE_CURVE('',#1109,(#1113,#1120),.PCURVE_S1.);
#1109 = LINE('',#1110,#1111);
#1110 = CARTESIAN_POINT('',(28.256995354336,-27.91272296381,
    3.529742959999E-02));
#1111 = VECTOR('',#1112,1.);
#1112 = DIRECTION('',(0.998680975551,2.497502143845E-02,
    -4.486153560936E-02));
#1113 = PCURVE('',#730,#1114);
#1114 = DEFINITIONAL_REPRESENTATION('',(#1115),#1119);
#1115 = LINE('',#1116,#1117);
#1116 = CARTESIAN_POINT('',(0.249521400982,1.53099315192));
#1117 = VECTOR('',#1118,1.);
#1118 = DIRECTION('',(-1.750332299762E-02,-0.999846805108));
#1119 = ( GEOMETRIC_REPRESENTATION_CONTEXT(2) 
PARAMETRIC_REPRESENTATION_CONTEXT() REPRESENTATION_CONTEXT('2D SPACE',''
  ) );
#1120 = PCURVE('',#1121,#1126);
#1121 = PLANE('',#1122);
#1122 = AXIS2_PLACEMENT_3D('',#1123,#1124,#1125);
#1123 = CARTESIAN_POINT('',(28.257001598732,-27.91914394123,
    16.242074640854));
#1124 = DIRECTION('',(2.498240834093E-02,-0.999687812468,
    -3.960768256022E-04));
#1125 = DIRECTION('',(-0.999687890882,-2.498241030051E-02,
    -9.55952222396E-23));
#1126 = DEFINITIONAL_REPRESENTATION('',(#1127),#1131);
#1127 = LINE('',#1128,#1129);
#1128 = CARTESIAN_POINT('',(-1.541690459757E-04,16.206778482488));
#1129 = VECTOR('',#1130,1.);
#1130 = DIRECTION('',(-0.998993214345,4.486153912823E-02));
#1131 = ( GEOMETRIC_REPRESENTATION_CONTEXT(2) 
PARAMETRIC_REPRESENTATION_CONTEXT() REPRESENTATION_CONTEXT('2D SPACE',''
  ) );
#1132 = ORIENTED_EDGE('',*,*,#716,.T.);
#1133 = ADVANCED_FACE('',(#1134),#499,.T.);
#1134 = FACE_BOUND('',#1135,.T.);
#1135 = EDGE_LOOP('',(#1136,#1137,#1165));
#1136 = ORIENTED_EDGE('',*,*,#485,.F.);
#1137 = ORIENTED_EDGE('',*,*,#1138,.F.);
#1138 = EDGE_CURVE('',#1139,#458,#1141,.T.);
#1139 = VERTEX_POINT('',#1140);
#1140 = CARTESIAN_POINT('',(-28.25699611086,27.909556154813,
    2.84917162509E-02));
#1141 = SURFACE_CURVE('',#1142,(#1146,#1153),.PCURVE_S1.);
#1142 = LINE('',#1143,#1144);
#1143 = CARTESIAN_POINT('',(-28.25699611086,27.909556154813,
    2.84917162509E-02));
#1144 = VECTOR('',#1145,1.);
#1145 = DIRECTION('',(0.711447312527,-0.702739435465,8.567624311279E-05)
  );
#1146 = PCURVE('',#499,#1147);
#1147 = DEFINITIONAL_REPRESENTATION('',(#1148),#1152);
#1148 = LINE('',#1149,#1150);
#1149 = CARTESIAN_POINT('',(3.824850090389E-03,56.513993617937));
#1150 = VECTOR('',#1151,1.);
#1151 = DIRECTION('',(0.702739421349,-0.711447331629));
#1152 = ( GEOMETRIC_REPRESENTATION_CONTEXT(2) 
PARAMETRIC_REPRESENTATION_CONTEXT() REPRESENTATION_CONTEXT('2D SPACE',''
  ) );
#1153 = PCURVE('',#1154,#1159);
#1154 = PLANE('',#1155);
#1155 = AXIS2_PLACEMENT_3D('',#1156,#1157,#1158);
#1156 = CARTESIAN_POINT('',(28.256995354336,-27.91272296381,
    3.529742959999E-02));
#1157 = DIRECTION('',(1.801358951965E-05,-1.036807088213E-04,
    -0.999999994463));
#1158 = DIRECTION('',(1.560144492326E-25,-0.999999994625,
    1.036807088382E-04));
#1159 = DEFINITIONAL_REPRESENTATION('',(#1160),#1164);
#1160 = LINE('',#1161,#1162);
#1161 = CARTESIAN_POINT('',(-55.8222795242,56.513991474373));
#1162 = VECTOR('',#1163,1.);
#1163 = DIRECTION('',(0.70273944057,-0.711447312643));
#1164 = ( GEOMETRIC_REPRESENTATION_CONTEXT(2) 
PARAMETRIC_REPRESENTATION_CONTEXT() REPRESENTATION_CONTEXT('2D SPACE',''
  ) );
#1165 = ORIENTED_EDGE('',*,*,#1166,.T.);
#1166 = EDGE_CURVE('',#1139,#400,#1167,.T.);
#1167 = SURFACE_CURVE('',#1168,(#1172,#1179),.PCURVE_S1.);
#1168 = LINE('',#1169,#1170);
#1169 = CARTESIAN_POINT('',(-28.25699611086,27.909556154813,
    2.84917162509E-02));
#1170 = VECTOR('',#1171,1.);
#1171 = DIRECTION('',(0.999999970861,6.759708029287E-05,
    -2.317513136308E-04));
#1172 = PCURVE('',#499,#1173);
#1173 = DEFINITIONAL_REPRESENTATION('',(#1174),#1178);
#1174 = LINE('',#1175,#1176);
#1175 = CARTESIAN_POINT('',(3.824850090389E-03,56.513993617937));
#1176 = VECTOR('',#1177,1.);
#1177 = DIRECTION('',(-6.767969907572E-05,-0.99999999771));
#1178 = ( GEOMETRIC_REPRESENTATION_CONTEXT(2) 
PARAMETRIC_REPRESENTATION_CONTEXT() REPRESENTATION_CONTEXT('2D SPACE',''
  ) );
#1179 = PCURVE('',#1180,#1185);
#1180 = PLANE('',#1181);
#1181 = AXIS2_PLACEMENT_3D('',#1182,#1183,#1184);
#1182 = CARTESIAN_POINT('',(28.256989698029,27.906906704933,
    16.242074640854));
#1183 = DIRECTION('',(-6.750467673403E-05,0.999999918239,
    3.987032377106E-04));
#1184 = DIRECTION('',(-2.066878847842E-24,-3.98703238619E-04,
    0.999999920518));
#1185 = DEFINITIONAL_REPRESENTATION('',(#1186),#1190);
#1186 = LINE('',#1187,#1188);
#1187 = CARTESIAN_POINT('',(-16.21358269225,-56.51398593766));
#1188 = VECTOR('',#1189,1.);
#1189 = DIRECTION('',(-2.317782463855E-04,0.999999973139));
#1190 = ( GEOMETRIC_REPRESENTATION_CONTEXT(2) 
PARAMETRIC_REPRESENTATION_CONTEXT() REPRESENTATION_CONTEXT('2D SPACE',''
  ) );
#1191 = ADVANCED_FACE('',(#1192),#1154,.T.);
#1192 = FACE_BOUND('',#1193,.T.);
#1193 = EDGE_LOOP('',(#1194,#1222,#1248));
#1194 = ORIENTED_EDGE('',*,*,#1195,.F.);
#1195 = EDGE_CURVE('',#1196,#458,#1198,.T.);
#1196 = VERTEX_POINT('',#1197);
#1197 = CARTESIAN_POINT('',(-28.25699166261,-27.90047027285,
    3.427813946242E-02));
#1198 = SURFACE_CURVE('',#1199,(#1203,#1210),.PCURVE_S1.);
#1199 = LINE('',#1200,#1201);
#1200 = CARTESIAN_POINT('',(-28.25699166261,-27.90047027285,
    3.427813946242E-02));
#1201 = VECTOR('',#1202,1.);
#1202 = DIRECTION('',(0.999999976334,-2.16808109078E-04,
    1.803606801165E-05));
#1203 = PCURVE('',#1154,#1204);
#1204 = DEFINITIONAL_REPRESENTATION('',(#1205),#1209);
#1205 = LINE('',#1206,#1207);
#1206 = CARTESIAN_POINT('',(-1.225279656644E-02,56.513987026124));
#1207 = VECTOR('',#1208,1.);
#1208 = DIRECTION('',(2.16809977905E-04,-0.999999976497));
#1209 = ( GEOMETRIC_REPRESENTATION_CONTEXT(2) 
PARAMETRIC_REPRESENTATION_CONTEXT() REPRESENTATION_CONTEXT('2D SPACE',''
  ) );
#1210 = PCURVE('',#1211,#1216);
#1211 = PLANE('',#1212);
#1212 = AXIS2_PLACEMENT_3D('',#1213,#1214,#1215);
#1213 = CARTESIAN_POINT('',(28.257001598732,-27.91914394123,
    16.242074640854));
#1214 = DIRECTION('',(-2.168009463741E-04,-0.999999898015,
    -3.961907619142E-04));
#1215 = DIRECTION('',(-5.341103301528E-24,3.961907712252E-04,
    -0.999999921516));
#1216 = DEFINITIONAL_REPRESENTATION('',(#1217),#1221);
#1217 = LINE('',#1218,#1219);
#1218 = CARTESIAN_POINT('',(16.207802627681,-56.5139945895));
#1219 = VECTOR('',#1220,1.);
#1220 = DIRECTION('',(-1.812196396805E-05,0.999999999836));
#1221 = ( GEOMETRIC_REPRESENTATION_CONTEXT(2) 
PARAMETRIC_REPRESENTATION_CONTEXT() REPRESENTATION_CONTEXT('2D SPACE',''
  ) );
#1222 = ORIENTED_EDGE('',*,*,#1223,.F.);
#1223 = EDGE_CURVE('',#1139,#1196,#1224,.T.);
#1224 = SURFACE_CURVE('',#1225,(#1229,#1236),.PCURVE_S1.);
#1225 = LINE('',#1226,#1227);
#1226 = CARTESIAN_POINT('',(-28.25699611086,27.909556154813,
    2.84917162509E-02));
#1227 = VECTOR('',#1228,1.);
#1228 = DIRECTION('',(7.970339451866E-08,-0.999999994625,
    1.036807102739E-04));
#1229 = PCURVE('',#1154,#1230);
#1230 = DEFINITIONAL_REPRESENTATION('',(#1231),#1235);
#1231 = LINE('',#1232,#1233);
#1232 = CARTESIAN_POINT('',(-55.8222795242,56.513991474373));
#1233 = VECTOR('',#1234,1.);
#1234 = DIRECTION('',(1.,-7.970339453159E-08));
#1235 = ( GEOMETRIC_REPRESENTATION_CONTEXT(2) 
PARAMETRIC_REPRESENTATION_CONTEXT() REPRESENTATION_CONTEXT('2D SPACE',''
  ) );
#1236 = PCURVE('',#1237,#1242);
#1237 = PLANE('',#1238);
#1238 = AXIS2_PLACEMENT_3D('',#1239,#1240,#1241);
#1239 = CARTESIAN_POINT('',(-28.25699611086,27.909556154813,
    2.84917162509E-02));
#1240 = DIRECTION('',(5.267507045491E-03,-1.036788520306E-04,
    -0.999986121214));
#1241 = DIRECTION('',(-0.999986126588,-7.353622071605E-23,
    -5.267507073802E-03));
#1242 = DEFINITIONAL_REPRESENTATION('',(#1243),#1247);
#1243 = LINE('',#1244,#1245);
#1244 = CARTESIAN_POINT('',(-0.,0.));
#1245 = VECTOR('',#1246,1.);
#1246 = DIRECTION('',(-6.258411635453E-07,-1.));
#1247 = ( GEOMETRIC_REPRESENTATION_CONTEXT(2) 
PARAMETRIC_REPRESENTATION_CONTEXT() REPRESENTATION_CONTEXT('2D SPACE',''
  ) );
#1248 = ORIENTED_EDGE('',*,*,#1138,.T.);
#1249 = ADVANCED_FACE('',(#1250),#1237,.T.);
#1250 = FACE_BOUND('',#1251,.T.);
#1251 = EDGE_LOOP('',(#1252,#1253,#1281));
#1252 = ORIENTED_EDGE('',*,*,#1223,.T.);
#1253 = ORIENTED_EDGE('',*,*,#1254,.F.);
#1254 = EDGE_CURVE('',#1255,#1196,#1257,.T.);
#1255 = VERTEX_POINT('',#1256);
#1256 = CARTESIAN_POINT('',(-33.73041052026,22.443499637292,
    2.267894685233E-04));
#1257 = SURFACE_CURVE('',#1258,(#1262,#1269),.PCURVE_S1.);
#1258 = LINE('',#1259,#1260);
#1259 = CARTESIAN_POINT('',(-33.73041052026,22.443499637292,
    2.267894685233E-04));
#1260 = VECTOR('',#1261,1.);
#1261 = DIRECTION('',(0.108083516979,-0.994141590127,6.724114782629E-04)
  );
#1262 = PCURVE('',#1237,#1263);
#1263 = DEFINITIONAL_REPRESENTATION('',(#1264),#1268);
#1264 = LINE('',#1265,#1266);
#1265 = CARTESIAN_POINT('',(5.473487360163,-5.466056546899));
#1266 = VECTOR('',#1267,1.);
#1267 = DIRECTION('',(-0.108085559424,-0.99414159547));
#1268 = ( GEOMETRIC_REPRESENTATION_CONTEXT(2) 
PARAMETRIC_REPRESENTATION_CONTEXT() REPRESENTATION_CONTEXT('2D SPACE',''
  ) );
#1269 = PCURVE('',#1270,#1275);
#1270 = PLANE('',#1271);
#1271 = AXIS2_PLACEMENT_3D('',#1272,#1273,#1274);
#1272 = CARTESIAN_POINT('',(-33.73041052026,22.443499637292,
    2.267894685233E-04));
#1273 = DIRECTION('',(8.644335237767E-03,2.634673223661E-04,
    -0.999962602327));
#1274 = DIRECTION('',(-0.999962637034,-5.299232158849E-22,
    -8.644335537791E-03));
#1275 = DEFINITIONAL_REPRESENTATION('',(#1276),#1280);
#1276 = LINE('',#1277,#1278);
#1277 = CARTESIAN_POINT('',(-0.,0.));
#1278 = VECTOR('',#1279,1.);
#1279 = DIRECTION('',(-0.108085291208,-0.994141624631));
#1280 = ( GEOMETRIC_REPRESENTATION_CONTEXT(2) 
PARAMETRIC_REPRESENTATION_CONTEXT() REPRESENTATION_CONTEXT('2D SPACE',''
  ) );
#1281 = ORIENTED_EDGE('',*,*,#1282,.T.);
#1282 = EDGE_CURVE('',#1255,#1139,#1283,.T.);
#1283 = SURFACE_CURVE('',#1284,(#1288,#1295),.PCURVE_S1.);
#1284 = LINE('',#1285,#1286);
#1285 = CARTESIAN_POINT('',(-33.73041052026,22.443499637292,
    2.267894685233E-04));
#1286 = VECTOR('',#1287,1.);
#1287 = DIRECTION('',(0.707577497771,0.706626303812,3.653957963247E-03)
  );
#1288 = PCURVE('',#1237,#1289);
#1289 = DEFINITIONAL_REPRESENTATION('',(#1290),#1294);
#1290 = LINE('',#1291,#1292);
#1291 = CARTESIAN_POINT('',(5.473487360163,-5.466056546899));
#1292 = VECTOR('',#1293,1.);
#1293 = DIRECTION('',(-0.707586928506,0.70662630761));
#1294 = ( GEOMETRIC_REPRESENTATION_CONTEXT(2) 
PARAMETRIC_REPRESENTATION_CONTEXT() REPRESENTATION_CONTEXT('2D SPACE',''
  ) );
#1295 = PCURVE('',#1296,#1301);
#1296 = PLANE('',#1297);
#1297 = AXIS2_PLACEMENT_3D('',#1298,#1299,#1300);
#1298 = CARTESIAN_POINT('',(-28.25699611086,27.909556154813,
    2.84917162509E-02));
#1299 = DIRECTION('',(1.837492723762E-02,-1.32299969328E-02,
    -0.999743631753));
#1300 = DIRECTION('',(-0.999831137213,3.88256772732E-21,
    -1.837653555641E-02));
#1301 = DEFINITIONAL_REPRESENTATION('',(#1302),#1306);
#1302 = LINE('',#1303,#1304);
#1303 = CARTESIAN_POINT('',(5.473009564814,-5.466534949968));
#1304 = VECTOR('',#1305,1.);
#1305 = DIRECTION('',(-0.707525161351,0.706688153329));
#1306 = ( GEOMETRIC_REPRESENTATION_CONTEXT(2) 
PARAMETRIC_REPRESENTATION_CONTEXT() REPRESENTATION_CONTEXT('2D SPACE',''
  ) );
#1307 = ADVANCED_FACE('',(#1308),#1270,.T.);
#1308 = FACE_BOUND('',#1309,.T.);
#1309 = EDGE_LOOP('',(#1310,#1311,#1339));
#1310 = ORIENTED_EDGE('',*,*,#1254,.T.);
#1311 = ORIENTED_EDGE('',*,*,#1312,.F.);
#1312 = EDGE_CURVE('',#1313,#1196,#1315,.T.);
#1313 = VERTEX_POINT('',#1314);
#1314 = CARTESIAN_POINT('',(-33.76521642633,-22.44354174768,
    -1.190080659832E-02));
#1315 = SURFACE_CURVE('',#1316,(#1320,#1327),.PCURVE_S1.);
#1316 = LINE('',#1317,#1318);
#1317 = CARTESIAN_POINT('',(-33.76521642633,-22.44354174768,
    -1.190080659832E-02));
#1318 = VECTOR('',#1319,1.);
#1319 = DIRECTION('',(0.710394334662,-0.703778671937,5.955686826425E-03)
  );
#1320 = PCURVE('',#1270,#1321);
#1321 = DEFINITIONAL_REPRESENTATION('',(#1322),#1326);
#1322 = LINE('',#1323,#1324);
#1323 = CARTESIAN_POINT('',(3.490944062899E-02,-44.88704294289));
#1324 = VECTOR('',#1325,1.);
#1325 = DIRECTION('',(-0.710419275178,-0.703778696364));
#1326 = ( GEOMETRIC_REPRESENTATION_CONTEXT(2) 
PARAMETRIC_REPRESENTATION_CONTEXT() REPRESENTATION_CONTEXT('2D SPACE',''
  ) );
#1327 = PCURVE('',#1328,#1333);
#1328 = PLANE('',#1329);
#1329 = AXIS2_PLACEMENT_3D('',#1330,#1331,#1332);
#1330 = CARTESIAN_POINT('',(-28.25699166261,-27.90047027285,
    3.427813946242E-02));
#1331 = DIRECTION('',(1.105927644059E-02,2.701341392787E-03,
    -0.99993519548));
#1332 = DIRECTION('',(-0.999938843886,6.988831629661E-22,
    -1.105931679194E-02));
#1333 = DEFINITIONAL_REPRESENTATION('',(#1334),#1338);
#1334 = LINE('',#1335,#1336);
#1335 = CARTESIAN_POINT('',(5.508398609684,5.456948435552));
#1336 = VECTOR('',#1337,1.);
#1337 = DIRECTION('',(-0.710416755533,-0.703781239774));
#1338 = ( GEOMETRIC_REPRESENTATION_CONTEXT(2) 
PARAMETRIC_REPRESENTATION_CONTEXT() REPRESENTATION_CONTEXT('2D SPACE',''
  ) );
#1339 = ORIENTED_EDGE('',*,*,#1340,.T.);
#1340 = EDGE_CURVE('',#1313,#1255,#1341,.T.);
#1341 = SURFACE_CURVE('',#1342,(#1346,#1353),.PCURVE_S1.);
#1342 = LINE('',#1343,#1344);
#1343 = CARTESIAN_POINT('',(-33.76521642633,-22.44354174768,
    -1.190080659832E-02));
#1344 = VECTOR('',#1345,1.);
#1345 = DIRECTION('',(7.754107480286E-04,0.99999966287,
    2.701802481089E-04));
#1346 = PCURVE('',#1270,#1347);
#1347 = DEFINITIONAL_REPRESENTATION('',(#1348),#1352);
#1348 = LINE('',#1349,#1350);
#1349 = CARTESIAN_POINT('',(3.490944062899E-02,-44.88704294289));
#1350 = VECTOR('',#1351,1.);
#1351 = DIRECTION('',(-7.777173051032E-04,0.999999697578));
#1352 = ( GEOMETRIC_REPRESENTATION_CONTEXT(2) 
PARAMETRIC_REPRESENTATION_CONTEXT() REPRESENTATION_CONTEXT('2D SPACE',''
  ) );
#1353 = PCURVE('',#1354,#1359);
#1354 = PLANE('',#1355);
#1355 = AXIS2_PLACEMENT_3D('',#1356,#1357,#1358);
#1356 = CARTESIAN_POINT('',(-33.72581498605,-22.44349367373,
    16.242074640854));
#1357 = DIRECTION('',(-0.999996761741,7.747535540752E-04,
    2.424100834018E-03));
#1358 = DIRECTION('',(-2.424101561544E-03,-1.375007661082E-22,
    -0.999997061861));
#1359 = DEFINITIONAL_REPRESENTATION('',(#1360),#1364);
#1360 = LINE('',#1361,#1362);
#1361 = CARTESIAN_POINT('',(16.254023204114,4.80739724549E-05));
#1362 = VECTOR('',#1363,1.);
#1363 = DIRECTION('',(-2.72059128687E-04,-0.999999962992));
#1364 = ( GEOMETRIC_REPRESENTATION_CONTEXT(2) 
PARAMETRIC_REPRESENTATION_CONTEXT() REPRESENTATION_CONTEXT('2D SPACE',''
  ) );
#1365 = ADVANCED_FACE('',(#1366),#1354,.T.);
#1366 = FACE_BOUND('',#1367,.T.);
#1367 = EDGE_LOOP('',(#1368,#1396,#1397));
#1368 = ORIENTED_EDGE('',*,*,#1369,.F.);
#1369 = EDGE_CURVE('',#1255,#1370,#1372,.T.);
#1370 = VERTEX_POINT('',#1371);
#1371 = CARTESIAN_POINT('',(-33.72581498605,-22.44349367373,
    16.242074640854));
#1372 = SURFACE_CURVE('',#1373,(#1377,#1384),.PCURVE_S1.);
#1373 = LINE('',#1374,#1375);
#1374 = CARTESIAN_POINT('',(-33.73041052026,22.443499637292,
    2.267894685233E-04));
#1375 = VECTOR('',#1376,1.);
#1376 = DIRECTION('',(9.627159396423E-05,-0.940335160595,0.340249579692)
  );
#1377 = PCURVE('',#1354,#1378);
#1378 = DEFINITIONAL_REPRESENTATION('',(#1379),#1383);
#1379 = LINE('',#1380,#1381);
#1380 = CARTESIAN_POINT('',(16.241811270629,-44.88700678258));
#1381 = VECTOR('',#1382,1.);
#1382 = DIRECTION('',(-0.340248813363,0.94033544281));
#1383 = ( GEOMETRIC_REPRESENTATION_CONTEXT(2) 
PARAMETRIC_REPRESENTATION_CONTEXT() REPRESENTATION_CONTEXT('2D SPACE',''
  ) );
#1384 = PCURVE('',#1385,#1390);
#1385 = PLANE('',#1386);
#1386 = AXIS2_PLACEMENT_3D('',#1387,#1388,#1389);
#1387 = CARTESIAN_POINT('',(-33.72581498605,-22.44349367373,
    16.242074640854));
#1388 = DIRECTION('',(-0.999999971734,-1.655635660284E-05,
    2.371878521383E-04));
#1389 = DIRECTION('',(-2.371878521708E-04,2.666373194418E-25,
    -0.999999971871));
#1390 = DEFINITIONAL_REPRESENTATION('',(#1391),#1395);
#1391 = LINE('',#1392,#1393);
#1392 = CARTESIAN_POINT('',(16.241848484523,-44.88699331717));
#1393 = VECTOR('',#1394,1.);
#1394 = DIRECTION('',(-0.340249592955,0.940335160724));
#1395 = ( GEOMETRIC_REPRESENTATION_CONTEXT(2) 
PARAMETRIC_REPRESENTATION_CONTEXT() REPRESENTATION_CONTEXT('2D SPACE',''
  ) );
#1396 = ORIENTED_EDGE('',*,*,#1340,.F.);
#1397 = ORIENTED_EDGE('',*,*,#1398,.T.);
#1398 = EDGE_CURVE('',#1313,#1370,#1399,.T.);
#1399 = SURFACE_CURVE('',#1400,(#1404,#1411),.PCURVE_S1.);
#1400 = LINE('',#1401,#1402);
#1401 = CARTESIAN_POINT('',(-33.76521642633,-22.44354174768,
    -1.190080659832E-02));
#1402 = VECTOR('',#1403,1.);
#1403 = DIRECTION('',(2.424103852989E-03,2.957665152987E-06,
    0.999997061852));
#1404 = PCURVE('',#1354,#1405);
#1405 = DEFINITIONAL_REPRESENTATION('',(#1406),#1410);
#1406 = LINE('',#1407,#1408);
#1407 = CARTESIAN_POINT('',(16.254023204114,4.80739724549E-05));
#1408 = VECTOR('',#1409,1.);
#1409 = DIRECTION('',(-0.999999999996,-2.957666040646E-06));
#1410 = ( GEOMETRIC_REPRESENTATION_CONTEXT(2) 
PARAMETRIC_REPRESENTATION_CONTEXT() REPRESENTATION_CONTEXT('2D SPACE',''
  ) );
#1411 = PCURVE('',#1412,#1417);
#1412 = PLANE('',#1413);
#1413 = AXIS2_PLACEMENT_3D('',#1414,#1415,#1416);
#1414 = CARTESIAN_POINT('',(-33.72581498605,-22.44349367373,
    16.242074640854));
#1415 = DIRECTION('',(-0.993779199166,-0.111342257425,2.40936037789E-03)
  );
#1416 = DIRECTION('',(0.111342580598,-0.993782083631,1.485679051917E-20)
  );
#1417 = DEFINITIONAL_REPRESENTATION('',(#1418),#1422);
#1418 = LINE('',#1419,#1420);
#1419 = CARTESIAN_POINT('',(-4.339283001412E-03,-16.25402262496));
#1420 = VECTOR('',#1421,1.);
#1421 = DIRECTION('',(2.669667039909E-04,0.999999964364));
#1422 = ( GEOMETRIC_REPRESENTATION_CONTEXT(2) 
PARAMETRIC_REPRESENTATION_CONTEXT() REPRESENTATION_CONTEXT('2D SPACE',''
  ) );
#1423 = ADVANCED_FACE('',(#1424),#1385,.T.);
#1424 = FACE_BOUND('',#1425,.T.);
#1425 = EDGE_LOOP('',(#1426,#1454,#1480));
#1426 = ORIENTED_EDGE('',*,*,#1427,.F.);
#1427 = EDGE_CURVE('',#1428,#1370,#1430,.T.);
#1428 = VERTEX_POINT('',#1429);
#1429 = CARTESIAN_POINT('',(-33.72655815097,22.443489342747,
    16.242074640854));
#1430 = SURFACE_CURVE('',#1431,(#1435,#1442),.PCURVE_S1.);
#1431 = LINE('',#1432,#1433);
#1432 = CARTESIAN_POINT('',(-33.72655815097,22.443489342747,
    16.242074640854));
#1433 = VECTOR('',#1434,1.);
#1434 = DIRECTION('',(1.655635706856E-05,-0.999999999863,0.));
#1435 = PCURVE('',#1385,#1436);
#1436 = DEFINITIONAL_REPRESENTATION('',(#1437),#1441);
#1437 = LINE('',#1438,#1439);
#1438 = CARTESIAN_POINT('',(1.76269690864E-07,-44.88698302262));
#1439 = VECTOR('',#1440,1.);
#1440 = DIRECTION('',(-3.926966772864E-09,1.));
#1441 = ( GEOMETRIC_REPRESENTATION_CONTEXT(2) 
PARAMETRIC_REPRESENTATION_CONTEXT() REPRESENTATION_CONTEXT('2D SPACE',''
  ) );
#1442 = PCURVE('',#1443,#1448);
#1443 = PLANE('',#1444);
#1444 = AXIS2_PLACEMENT_3D('',#1445,#1446,#1447);
#1445 = CARTESIAN_POINT('',(-31.19870886883,-27.02200830195,
    16.242074640854));
#1446 = DIRECTION('',(0.,0.,1.));
#1447 = DIRECTION('',(1.,0.,-0.));
#1448 = DEFINITIONAL_REPRESENTATION('',(#1449),#1453);
#1449 = LINE('',#1450,#1451);
#1450 = CARTESIAN_POINT('',(-2.52784928214,49.465497644701));
#1451 = VECTOR('',#1452,1.);
#1452 = DIRECTION('',(1.655635706856E-05,-0.999999999863));
#1453 = ( GEOMETRIC_REPRESENTATION_CONTEXT(2) 
PARAMETRIC_REPRESENTATION_CONTEXT() REPRESENTATION_CONTEXT('2D SPACE',''
  ) );
#1454 = ORIENTED_EDGE('',*,*,#1455,.F.);
#1455 = EDGE_CURVE('',#1255,#1428,#1456,.T.);
#1456 = SURFACE_CURVE('',#1457,(#1461,#1468),.PCURVE_S1.);
#1457 = LINE('',#1458,#1459);
#1458 = CARTESIAN_POINT('',(-33.73041052026,22.443499637292,
    2.267894685233E-04));
#1459 = VECTOR('',#1460,1.);
#1460 = DIRECTION('',(2.371878626646E-04,-6.338284448255E-07,
    0.999999971871));
#1461 = PCURVE('',#1385,#1462);
#1462 = DEFINITIONAL_REPRESENTATION('',(#1463),#1467);
#1463 = LINE('',#1464,#1465);
#1464 = CARTESIAN_POINT('',(16.241848484523,-44.88699331717));
#1465 = VECTOR('',#1466,1.);
#1466 = DIRECTION('',(-1.,6.338284449124E-07));
#1467 = ( GEOMETRIC_REPRESENTATION_CONTEXT(2) 
PARAMETRIC_REPRESENTATION_CONTEXT() REPRESENTATION_CONTEXT('2D SPACE',''
  ) );
#1468 = PCURVE('',#1469,#1474);
#1469 = PLANE('',#1470);
#1470 = AXIS2_PLACEMENT_3D('',#1471,#1472,#1473);
#1471 = CARTESIAN_POINT('',(-33.72655815097,22.443489342747,
    16.242074640854));
#1472 = DIRECTION('',(-0.99720725797,7.468352352064E-02,
    2.365728013477E-04));
#1473 = DIRECTION('',(-7.468352561053E-02,-0.997207285875,
    1.36821704119E-22));
#1474 = DEFINITIONAL_REPRESENTATION('',(#1475),#1479);
#1475 = LINE('',#1476,#1477);
#1476 = CARTESIAN_POINT('',(2.774427244973E-04,-16.24184830588));
#1477 = VECTOR('',#1478,1.);
#1478 = DIRECTION('',(-1.708196747265E-05,0.999999999854));
#1479 = ( GEOMETRIC_REPRESENTATION_CONTEXT(2) 
PARAMETRIC_REPRESENTATION_CONTEXT() REPRESENTATION_CONTEXT('2D SPACE',''
  ) );
#1480 = ORIENTED_EDGE('',*,*,#1369,.T.);
#1481 = ADVANCED_FACE('',(#1482),#1412,.T.);
#1482 = FACE_BOUND('',#1483,.T.);
#1483 = EDGE_LOOP('',(#1484,#1485,#1513));
#1484 = ORIENTED_EDGE('',*,*,#1398,.F.);
#1485 = ORIENTED_EDGE('',*,*,#1486,.T.);
#1486 = EDGE_CURVE('',#1313,#1487,#1489,.T.);
#1487 = VERTEX_POINT('',#1488);
#1488 = CARTESIAN_POINT('',(-33.6778206112,-23.22333018879,
    2.676643281241E-05));
#1489 = SURFACE_CURVE('',#1490,(#1494,#1501),.PCURVE_S1.);
#1490 = LINE('',#1491,#1492);
#1491 = CARTESIAN_POINT('',(-33.76521642633,-22.44354174768,
    -1.190080659832E-02));
#1492 = VECTOR('',#1493,1.);
#1493 = DIRECTION('',(0.11136611144,-0.993663212646,1.519898207302E-02)
  );
#1494 = PCURVE('',#1412,#1495);
#1495 = DEFINITIONAL_REPRESENTATION('',(#1496),#1500);
#1496 = LINE('',#1497,#1498);
#1497 = CARTESIAN_POINT('',(-4.339283001412E-03,-16.25402262496));
#1498 = VECTOR('',#1499,1.);
#1499 = DIRECTION('',(0.99988448813,1.519902618839E-02));
#1500 = ( GEOMETRIC_REPRESENTATION_CONTEXT(2) 
PARAMETRIC_REPRESENTATION_CONTEXT() REPRESENTATION_CONTEXT('2D SPACE',''
  ) );
#1501 = PCURVE('',#1502,#1507);
#1502 = PLANE('',#1503);
#1503 = AXIS2_PLACEMENT_3D('',#1504,#1505,#1506);
#1504 = CARTESIAN_POINT('',(-33.76521642633,-22.44354174768,
    -1.190080659832E-02));
#1505 = DIRECTION('',(-9.549322469936E-02,-2.592337260777E-02,
    -0.995092469467));
#1506 = DIRECTION('',(-0.995426999726,1.785680227052E-20,
    9.552532761864E-02));
#1507 = DEFINITIONAL_REPRESENTATION('',(#1508),#1512);
#1508 = LINE('',#1509,#1510);
#1509 = CARTESIAN_POINT('',(0.,0.));
#1510 = VECTOR('',#1511,1.);
#1511 = DIRECTION('',(-0.10940494644,-0.993997262418));
#1512 = ( GEOMETRIC_REPRESENTATION_CONTEXT(2) 
PARAMETRIC_REPRESENTATION_CONTEXT() REPRESENTATION_CONTEXT('2D SPACE',''
  ) );
#1513 = ORIENTED_EDGE('',*,*,#1514,.F.);
#1514 = EDGE_CURVE('',#1370,#1487,#1515,.T.);
#1515 = SURFACE_CURVE('',#1516,(#1520,#1527),.PCURVE_S1.);
#1516 = LINE('',#1517,#1518);
#1517 = CARTESIAN_POINT('',(-33.72581498605,-22.44349367373,
    16.242074640854));
#1518 = VECTOR('',#1519,1.);
#1519 = DIRECTION('',(2.951533045535E-03,-4.795797948002E-02,
    -0.998844993308));
#1520 = PCURVE('',#1412,#1521);
#1521 = DEFINITIONAL_REPRESENTATION('',(#1522),#1526);
#1522 = LINE('',#1523,#1524);
#1523 = CARTESIAN_POINT('',(0.,0.));
#1524 = VECTOR('',#1525,1.);
#1525 = DIRECTION('',(4.798841208039E-02,-0.998847892477));
#1526 = ( GEOMETRIC_REPRESENTATION_CONTEXT(2) 
PARAMETRIC_REPRESENTATION_CONTEXT() REPRESENTATION_CONTEXT('2D SPACE',''
  ) );
#1527 = PCURVE('',#1528,#1533);
#1528 = PLANE('',#1529);
#1529 = AXIS2_PLACEMENT_3D('',#1530,#1531,#1532);
#1530 = CARTESIAN_POINT('',(-33.67802800076,-23.22234395989,
    16.242074640854));
#1531 = DIRECTION('',(-0.998123030412,-6.12406407476E-02,
    -9.026140707325E-06));
#1532 = DIRECTION('',(6.12406407501E-02,-0.998123030453,
    -1.430650064477E-24));
#1533 = DEFINITIONAL_REPRESENTATION('',(#1534),#1538);
#1534 = LINE('',#1535,#1536);
#1535 = CARTESIAN_POINT('',(-0.78031491349,-3.552713638729E-15));
#1536 = VECTOR('',#1537,1.);
#1537 = DIRECTION('',(4.80487175879E-02,-0.998844993349));
#1538 = ( GEOMETRIC_REPRESENTATION_CONTEXT(2) 
PARAMETRIC_REPRESENTATION_CONTEXT() REPRESENTATION_CONTEXT('2D SPACE',''
  ) );
#1539 = ADVANCED_FACE('',(#1540),#1502,.T.);
#1540 = FACE_BOUND('',#1541,.T.);
#1541 = EDGE_LOOP('',(#1542,#1570,#1596));
#1542 = ORIENTED_EDGE('',*,*,#1543,.T.);
#1543 = EDGE_CURVE('',#1313,#1544,#1546,.T.);
#1544 = VERTEX_POINT('',#1545);
#1545 = CARTESIAN_POINT('',(-33.26187232431,-24.72989277847,
    -6.415733188805E-04));
#1546 = SURFACE_CURVE('',#1547,(#1551,#1558),.PCURVE_S1.);
#1547 = LINE('',#1548,#1549);
#1548 = CARTESIAN_POINT('',(-33.76521642633,-22.44354174768,
    -1.190080659832E-02));
#1549 = VECTOR('',#1550,1.);
#1550 = DIRECTION('',(0.215000621244,-0.976602070098,4.809318595591E-03)
  );
#1551 = PCURVE('',#1502,#1552);
#1552 = DEFINITIONAL_REPRESENTATION('',(#1553),#1557);
#1553 = LINE('',#1554,#1555);
#1554 = CARTESIAN_POINT('',(0.,0.));
#1555 = VECTOR('',#1556,1.);
#1556 = DIRECTION('',(-0.213558011609,-0.976930384253));
#1557 = ( GEOMETRIC_REPRESENTATION_CONTEXT(2) 
PARAMETRIC_REPRESENTATION_CONTEXT() REPRESENTATION_CONTEXT('2D SPACE',''
  ) );
#1558 = PCURVE('',#1559,#1564);
#1559 = PLANE('',#1560);
#1560 = AXIS2_PLACEMENT_3D('',#1561,#1562,#1563);
#1561 = CARTESIAN_POINT('',(-33.76521642633,-22.44354174768,
    -1.190080659832E-02));
#1562 = DIRECTION('',(-5.437015093698E-02,-1.688623737464E-02,
    -0.998378055485));
#1563 = DIRECTION('',(-0.998520427195,-2.500428116382E-20,
    5.437790428383E-02));
#1564 = DEFINITIONAL_REPRESENTATION('',(#1565),#1569);
#1565 = LINE('',#1566,#1567);
#1566 = CARTESIAN_POINT('',(0.,0.));
#1567 = VECTOR('',#1568,1.);
#1568 = DIRECTION('',(-0.214420991505,-0.976741336487));
#1569 = ( GEOMETRIC_REPRESENTATION_CONTEXT(2) 
PARAMETRIC_REPRESENTATION_CONTEXT() REPRESENTATION_CONTEXT('2D SPACE',''
  ) );
#1570 = ORIENTED_EDGE('',*,*,#1571,.F.);
#1571 = EDGE_CURVE('',#1487,#1544,#1572,.T.);
#1572 = SURFACE_CURVE('',#1573,(#1577,#1584),.PCURVE_S1.);
#1573 = LINE('',#1574,#1575);
#1574 = CARTESIAN_POINT('',(-33.6778206112,-23.22333018879,
    2.676643281241E-05));
#1575 = VECTOR('',#1576,1.);
#1576 = DIRECTION('',(0.266133986343,-0.963935951427,-4.276202786657E-04
    ));
#1577 = PCURVE('',#1502,#1578);
#1578 = DEFINITIONAL_REPRESENTATION('',(#1579),#1583);
#1579 = LINE('',#1580,#1581);
#1580 = CARTESIAN_POINT('',(-8.585676872044E-02,-0.780050590446));
#1581 = VECTOR('',#1582,1.);
#1582 = DIRECTION('',(-0.264957804118,-0.964260007486));
#1583 = ( GEOMETRIC_REPRESENTATION_CONTEXT(2) 
PARAMETRIC_REPRESENTATION_CONTEXT() REPRESENTATION_CONTEXT('2D SPACE',''
  ) );
#1584 = PCURVE('',#1585,#1590);
#1585 = PLANE('',#1586);
#1586 = AXIS2_PLACEMENT_3D('',#1587,#1588,#1589);
#1587 = CARTESIAN_POINT('',(-33.6778206112,-23.22333018879,
    2.676643281241E-05));
#1588 = DIRECTION('',(-6.123949132781E-03,-1.247156582896E-03,
    -0.999980470733));
#1589 = DIRECTION('',(-0.999981248419,4.01799887321E-22,
    6.12395389538E-03));
#1590 = DEFINITIONAL_REPRESENTATION('',(#1591),#1595);
#1591 = LINE('',#1592,#1593);
#1592 = CARTESIAN_POINT('',(0.,0.));
#1593 = VECTOR('',#1594,1.);
#1594 = DIRECTION('',(-0.266131614637,-0.963936701081));
#1595 = ( GEOMETRIC_REPRESENTATION_CONTEXT(2) 
PARAMETRIC_REPRESENTATION_CONTEXT() REPRESENTATION_CONTEXT('2D SPACE',''
  ) );
#1596 = ORIENTED_EDGE('',*,*,#1486,.F.);
#1597 = ADVANCED_FACE('',(#1598),#1585,.T.);
#1598 = FACE_BOUND('',#1599,.T.);
#1599 = EDGE_LOOP('',(#1600,#1601,#1629));
#1600 = ORIENTED_EDGE('',*,*,#1571,.T.);
#1601 = ORIENTED_EDGE('',*,*,#1602,.F.);
#1602 = EDGE_CURVE('',#1603,#1544,#1605,.T.);
#1603 = VERTEX_POINT('',#1604);
#1604 = CARTESIAN_POINT('',(-33.51711541544,-23.98755432282,
    -4.277458087287E-06));
#1605 = SURFACE_CURVE('',#1606,(#1610,#1617),.PCURVE_S1.);
#1606 = LINE('',#1607,#1608);
#1607 = CARTESIAN_POINT('',(-33.51711541544,-23.98755432282,
    -4.277458087287E-06));
#1608 = VECTOR('',#1609,1.);
#1609 = DIRECTION('',(0.325152855322,-0.945661124071,-8.118479050882E-04
    ));
#1610 = PCURVE('',#1585,#1611);
#1611 = DEFINITIONAL_REPRESENTATION('',(#1612),#1616);
#1612 = LINE('',#1613,#1614);
#1613 = CARTESIAN_POINT('',(-0.160702372393,-0.764224728367));
#1614 = VECTOR('',#1615,1.);
#1615 = DIRECTION('',(-0.32515172991,-0.945661859512));
#1616 = ( GEOMETRIC_REPRESENTATION_CONTEXT(2) 
PARAMETRIC_REPRESENTATION_CONTEXT() REPRESENTATION_CONTEXT('2D SPACE',''
  ) );
#1617 = PCURVE('',#1618,#1623);
#1618 = PLANE('',#1619);
#1619 = AXIS2_PLACEMENT_3D('',#1620,#1621,#1622);
#1620 = CARTESIAN_POINT('',(-33.20530403393,-24.70419891844,
    16.242074640854));
#1621 = DIRECTION('',(-0.945653574919,-0.325153528605,3.807765552275E-03
    ));
#1622 = DIRECTION('',(0.325155885844,-0.945660430546,-1.67348912932E-19)
  );
#1623 = DEFINITIONAL_REPRESENTATION('',(#1624),#1628);
#1624 = LINE('',#1625,#1626);
#1625 = CARTESIAN_POINT('',(-0.779089742806,-16.24219666718));
#1626 = VECTOR('',#1627,1.);
#1627 = DIRECTION('',(0.999999670447,-8.118537906755E-04));
#1628 = ( GEOMETRIC_REPRESENTATION_CONTEXT(2) 
PARAMETRIC_REPRESENTATION_CONTEXT() REPRESENTATION_CONTEXT('2D SPACE',''
  ) );
#1629 = ORIENTED_EDGE('',*,*,#1630,.F.);
#1630 = EDGE_CURVE('',#1487,#1603,#1631,.T.);
#1631 = SURFACE_CURVE('',#1632,(#1636,#1643),.PCURVE_S1.);
#1632 = LINE('',#1633,#1634);
#1633 = CARTESIAN_POINT('',(-33.6778206112,-23.22333018879,
    2.676643281241E-05));
#1634 = VECTOR('',#1635,1.);
#1635 = DIRECTION('',(0.205784743704,-0.978597280641,-3.975203852145E-05
    ));
#1636 = PCURVE('',#1585,#1637);
#1637 = DEFINITIONAL_REPRESENTATION('',(#1638),#1642);
#1638 = LINE('',#1639,#1640);
#1639 = CARTESIAN_POINT('',(0.,0.));
#1640 = VECTOR('',#1641,1.);
#1641 = DIRECTION('',(-0.205781128355,-0.978598041697));
#1642 = ( GEOMETRIC_REPRESENTATION_CONTEXT(2) 
PARAMETRIC_REPRESENTATION_CONTEXT() REPRESENTATION_CONTEXT('2D SPACE',''
  ) );
#1643 = PCURVE('',#1644,#1649);
#1644 = PLANE('',#1645);
#1645 = AXIS2_PLACEMENT_3D('',#1646,#1647,#1648);
#1646 = CARTESIAN_POINT('',(-33.67802799428,-23.2223439907,
    16.242074640854));
#1647 = DIRECTION('',(-0.978597281414,-0.205784743867,0.));
#1648 = DIRECTION('',(0.205784743867,-0.978597281414,0.));
#1649 = DEFINITIONAL_REPRESENTATION('',(#1650),#1654);
#1650 = LINE('',#1651,#1652);
#1651 = CARTESIAN_POINT('',(1.007767052378E-03,-16.24204787442));
#1652 = VECTOR('',#1653,1.);
#1653 = DIRECTION('',(0.99999999921,-3.975203852145E-05));
#1654 = ( GEOMETRIC_REPRESENTATION_CONTEXT(2) 
PARAMETRIC_REPRESENTATION_CONTEXT() REPRESENTATION_CONTEXT('2D SPACE',''
  ) );
#1655 = ADVANCED_FACE('',(#1656),#1618,.T.);
#1656 = FACE_BOUND('',#1657,.T.);
#1657 = EDGE_LOOP('',(#1658,#1686,#1687));
#1658 = ORIENTED_EDGE('',*,*,#1659,.F.);
#1659 = EDGE_CURVE('',#1603,#1660,#1662,.T.);
#1660 = VERTEX_POINT('',#1661);
#1661 = CARTESIAN_POINT('',(-33.20530403393,-24.70419891844,
    16.242074640854));
#1662 = SURFACE_CURVE('',#1663,(#1667,#1674),.PCURVE_S1.);
#1663 = LINE('',#1664,#1665);
#1664 = CARTESIAN_POINT('',(-33.51711541544,-23.98755432282,
    -4.277458087287E-06));
#1665 = VECTOR('',#1666,1.);
#1666 = DIRECTION('',(1.917556427033E-02,-4.40717219358E-02,
    0.998844322735));
#1667 = PCURVE('',#1618,#1668);
#1668 = DEFINITIONAL_REPRESENTATION('',(#1669),#1673);
#1669 = LINE('',#1670,#1671);
#1670 = CARTESIAN_POINT('',(-0.779089742806,-16.24219666718));
#1671 = VECTOR('',#1672,1.);
#1672 = DIRECTION('',(4.79119311276E-02,0.998851563975));
#1673 = ( GEOMETRIC_REPRESENTATION_CONTEXT(2) 
PARAMETRIC_REPRESENTATION_CONTEXT() REPRESENTATION_CONTEXT('2D SPACE',''
  ) );
#1674 = PCURVE('',#1675,#1680);
#1675 = PLANE('',#1676);
#1676 = AXIS2_PLACEMENT_3D('',#1677,#1678,#1679);
#1677 = CARTESIAN_POINT('',(-33.20530403393,-24.70419891844,
    16.242074640854));
#1678 = DIRECTION('',(-0.937837014785,-0.347065545428,2.69088753808E-03)
  );
#1679 = DIRECTION('',(0.347066801964,-0.937840410184,-3.913646733054E-21
    ));
#1680 = DEFINITIONAL_REPRESENTATION('',(#1681),#1685);
#1681 = LINE('',#1682,#1683);
#1682 = CARTESIAN_POINT('',(-0.780317640501,-16.24213772206));
#1683 = VECTOR('',#1684,1.);
#1684 = DIRECTION('',(4.798744354495E-02,0.998847939009));
#1685 = ( GEOMETRIC_REPRESENTATION_CONTEXT(2) 
PARAMETRIC_REPRESENTATION_CONTEXT() REPRESENTATION_CONTEXT('2D SPACE',''
  ) );
#1686 = ORIENTED_EDGE('',*,*,#1602,.T.);
#1687 = ORIENTED_EDGE('',*,*,#1688,.T.);
#1688 = EDGE_CURVE('',#1544,#1660,#1689,.T.);
#1689 = SURFACE_CURVE('',#1690,(#1694,#1701),.PCURVE_S1.);
#1690 = LINE('',#1691,#1692);
#1691 = CARTESIAN_POINT('',(-33.26187232431,-24.72989277847,
    -6.415733188805E-04));
#1692 = VECTOR('',#1693,1.);
#1693 = DIRECTION('',(3.482661138607E-03,1.581858091244E-03,
    0.999992684371));
#1694 = PCURVE('',#1618,#1695);
#1695 = DEFINITIONAL_REPRESENTATION('',(#1696),#1700);
#1696 = LINE('',#1697,#1698);
#1697 = CARTESIAN_POINT('',(5.904154173802E-03,-16.24283396766));
#1698 = VECTOR('',#1699,1.);
#1699 = DIRECTION('',(-3.634928360105E-04,0.999999933936));
#1700 = ( GEOMETRIC_REPRESENTATION_CONTEXT(2) 
PARAMETRIC_REPRESENTATION_CONTEXT() REPRESENTATION_CONTEXT('2D SPACE',''
  ) );
#1701 = PCURVE('',#1702,#1707);
#1702 = PLANE('',#1703);
#1703 = AXIS2_PLACEMENT_3D('',#1704,#1705,#1706);
#1704 = CARTESIAN_POINT('',(-32.87705996817,-25.41263225372,
    16.242074640854));
#1705 = DIRECTION('',(-0.907330502678,-0.420400676187,3.824966874778E-03
    ));
#1706 = DIRECTION('',(0.42040375153,-0.907337140042,1.575587470263E-21)
  );
#1707 = DEFINITIONAL_REPRESENTATION('',(#1708),#1712);
#1708 = LINE('',#1709,#1710);
#1709 = CARTESIAN_POINT('',(-0.781251441023,-16.24283503396));
#1710 = VECTOR('',#1711,1.);
#1711 = DIRECTION('',(2.88452115166E-05,0.999999999584));
#1712 = ( GEOMETRIC_REPRESENTATION_CONTEXT(2) 
PARAMETRIC_REPRESENTATION_CONTEXT() REPRESENTATION_CONTEXT('2D SPACE',''
  ) );
#1713 = ADVANCED_FACE('',(#1714),#1675,.T.);
#1714 = FACE_BOUND('',#1715,.T.);
#1715 = EDGE_LOOP('',(#1716,#1739,#1765));
#1716 = ORIENTED_EDGE('',*,*,#1717,.F.);
#1717 = EDGE_CURVE('',#1718,#1660,#1720,.T.);
#1718 = VERTEX_POINT('',#1719);
#1719 = CARTESIAN_POINT('',(-33.47492862051,-23.97562208124,
    16.242074640854));
#1720 = SURFACE_CURVE('',#1721,(#1725,#1732),.PCURVE_S1.);
#1721 = LINE('',#1722,#1723);
#1722 = CARTESIAN_POINT('',(-33.47492862051,-23.97562208124,
    16.242074640854));
#1723 = VECTOR('',#1724,1.);
#1724 = DIRECTION('',(0.347066801964,-0.937840410184,0.));
#1725 = PCURVE('',#1675,#1726);
#1726 = DEFINITIONAL_REPRESENTATION('',(#1727),#1731);
#1727 = LINE('',#1728,#1729);
#1728 = CARTESIAN_POINT('',(-0.776866542841,-1.26392690126E-19));
#1729 = VECTOR('',#1730,1.);
#1730 = DIRECTION('',(1.,2.085379163312E-19));
#1731 = ( GEOMETRIC_REPRESENTATION_CONTEXT(2) 
PARAMETRIC_REPRESENTATION_CONTEXT() REPRESENTATION_CONTEXT('2D SPACE',''
  ) );
#1732 = PCURVE('',#1443,#1733);
#1733 = DEFINITIONAL_REPRESENTATION('',(#1734),#1738);
#1734 = LINE('',#1735,#1736);
#1735 = CARTESIAN_POINT('',(-2.27621975168,3.04638622071));
#1736 = VECTOR('',#1737,1.);
#1737 = DIRECTION('',(0.347066801964,-0.937840410184));
#1738 = ( GEOMETRIC_REPRESENTATION_CONTEXT(2) 
PARAMETRIC_REPRESENTATION_CONTEXT() REPRESENTATION_CONTEXT('2D SPACE',''
  ) );
#1739 = ORIENTED_EDGE('',*,*,#1740,.F.);
#1740 = EDGE_CURVE('',#1603,#1718,#1741,.T.);
#1741 = SURFACE_CURVE('',#1742,(#1746,#1753),.PCURVE_S1.);
#1742 = LINE('',#1743,#1744);
#1743 = CARTESIAN_POINT('',(-33.51711541544,-23.98755432282,
    -4.277458087287E-06));
#1744 = VECTOR('',#1745,1.);
#1745 = DIRECTION('',(2.597367089203E-03,7.34647219373E-04,
    0.999996356982));
#1746 = PCURVE('',#1675,#1747);
#1747 = DEFINITIONAL_REPRESENTATION('',(#1748),#1752);
#1748 = LINE('',#1749,#1750);
#1749 = CARTESIAN_POINT('',(-0.780317640501,-16.24213772206));
#1750 = VECTOR('',#1751,1.);
#1751 = DIRECTION('',(2.124780396177E-04,0.999999977427));
#1752 = ( GEOMETRIC_REPRESENTATION_CONTEXT(2) 
PARAMETRIC_REPRESENTATION_CONTEXT() REPRESENTATION_CONTEXT('2D SPACE',''
  ) );
#1753 = PCURVE('',#1754,#1759);
#1754 = PLANE('',#1755);
#1755 = AXIS2_PLACEMENT_3D('',#1756,#1757,#1758);
#1756 = CARTESIAN_POINT('',(-33.47492862051,-23.97562208124,
    16.242074640854));
#1757 = DIRECTION('',(-0.965517664865,-0.260323556197,2.699059616184E-03
    ));
#1758 = DIRECTION('',(0.260324504421,-0.965521181745,5.040655561562E-20)
  );
#1759 = DEFINITIONAL_REPRESENTATION('',(#1760),#1764);
#1760 = LINE('',#1761,#1762);
#1761 = CARTESIAN_POINT('',(5.385755113741E-04,-16.24213807978));
#1762 = VECTOR('',#1763,1.);
#1763 = DIRECTION('',(-3.315915111868E-05,0.99999999945));
#1764 = ( GEOMETRIC_REPRESENTATION_CONTEXT(2) 
PARAMETRIC_REPRESENTATION_CONTEXT() REPRESENTATION_CONTEXT('2D SPACE',''
  ) );
#1765 = ORIENTED_EDGE('',*,*,#1659,.T.);
#1766 = ADVANCED_FACE('',(#1767),#1754,.T.);
#1767 = FACE_BOUND('',#1768,.T.);
#1768 = EDGE_LOOP('',(#1769,#1792,#1813));
#1769 = ORIENTED_EDGE('',*,*,#1770,.F.);
#1770 = EDGE_CURVE('',#1771,#1718,#1773,.T.);
#1771 = VERTEX_POINT('',#1772);
#1772 = CARTESIAN_POINT('',(-33.67802800076,-23.22234395989,
    16.242074640854));
#1773 = SURFACE_CURVE('',#1774,(#1778,#1785),.PCURVE_S1.);
#1774 = LINE('',#1775,#1776);
#1775 = CARTESIAN_POINT('',(-33.67802800076,-23.22234395989,
    16.242074640854));
#1776 = VECTOR('',#1777,1.);
#1777 = DIRECTION('',(0.260324504421,-0.965521181745,-4.553723534932E-15
    ));
#1778 = PCURVE('',#1754,#1779);
#1779 = DEFINITIONAL_REPRESENTATION('',(#1780),#1784);
#1780 = LINE('',#1781,#1782);
#1781 = CARTESIAN_POINT('',(-0.780177727424,3.552597340271E-15));
#1782 = VECTOR('',#1783,1.);
#1783 = DIRECTION('',(1.,-4.553538823406E-15));
#1784 = ( GEOMETRIC_REPRESENTATION_CONTEXT(2) 
PARAMETRIC_REPRESENTATION_CONTEXT() REPRESENTATION_CONTEXT('2D SPACE',''
  ) );
#1785 = PCURVE('',#1443,#1786);
#1786 = DEFINITIONAL_REPRESENTATION('',(#1787),#1791);
#1787 = LINE('',#1788,#1789);
#1788 = CARTESIAN_POINT('',(-2.479319131932,3.799664342063));
#1789 = VECTOR('',#1790,1.);
#1790 = DIRECTION('',(0.260324504421,-0.965521181745));
#1791 = ( GEOMETRIC_REPRESENTATION_CONTEXT(2) 
PARAMETRIC_REPRESENTATION_CONTEXT() REPRESENTATION_CONTEXT('2D SPACE',''
  ) );
#1792 = ORIENTED_EDGE('',*,*,#1793,.T.);
#1793 = EDGE_CURVE('',#1771,#1603,#1794,.T.);
#1794 = SURFACE_CURVE('',#1795,(#1799,#1806),.PCURVE_S1.);
#1795 = LINE('',#1796,#1797);
#1796 = CARTESIAN_POINT('',(-33.67802800076,-23.22234395989,
    16.242074640854));
#1797 = VECTOR('',#1798,1.);
#1798 = DIRECTION('',(9.895680869464E-03,-4.705833005219E-02,
    -0.998843125357));
#1799 = PCURVE('',#1754,#1800);
#1800 = DEFINITIONAL_REPRESENTATION('',(#1801),#1805);
#1801 = LINE('',#1802,#1803);
#1802 = CARTESIAN_POINT('',(-0.780177727424,3.552597340271E-15));
#1803 = VECTOR('',#1804,1.);
#1804 = DIRECTION('',(4.801190266118E-02,-0.998846763624));
#1805 = ( GEOMETRIC_REPRESENTATION_CONTEXT(2) 
PARAMETRIC_REPRESENTATION_CONTEXT() REPRESENTATION_CONTEXT('2D SPACE',''
  ) );
#1806 = PCURVE('',#1644,#1807);
#1807 = DEFINITIONAL_REPRESENTATION('',(#1808),#1812);
#1808 = LINE('',#1809,#1810);
#1809 = CARTESIAN_POINT('',(-3.148370479095E-08,3.552713678801E-15));
#1810 = VECTOR('',#1811,1.);
#1811 = DIRECTION('',(4.808753401008E-02,-0.998843125357));
#1812 = ( GEOMETRIC_REPRESENTATION_CONTEXT(2) 
PARAMETRIC_REPRESENTATION_CONTEXT() REPRESENTATION_CONTEXT('2D SPACE',''
  ) );
#1813 = ORIENTED_EDGE('',*,*,#1740,.T.);
#1814 = ADVANCED_FACE('',(#1815),#1702,.T.);
#1815 = FACE_BOUND('',#1816,.T.);
#1816 = EDGE_LOOP('',(#1817,#1840,#1841));
#1817 = ORIENTED_EDGE('',*,*,#1818,.F.);
#1818 = EDGE_CURVE('',#1660,#1819,#1821,.T.);
#1819 = VERTEX_POINT('',#1820);
#1820 = CARTESIAN_POINT('',(-32.87705996817,-25.41263225372,
    16.242074640854));
#1821 = SURFACE_CURVE('',#1822,(#1826,#1833),.PCURVE_S1.);
#1822 = LINE('',#1823,#1824);
#1823 = CARTESIAN_POINT('',(-33.20530403393,-24.70419891844,
    16.242074640854));
#1824 = VECTOR('',#1825,1.);
#1825 = DIRECTION('',(0.42040375153,-0.907337140042,0.));
#1826 = PCURVE('',#1702,#1827);
#1827 = DEFINITIONAL_REPRESENTATION('',(#1828),#1832);
#1828 = LINE('',#1829,#1830);
#1829 = CARTESIAN_POINT('',(-0.78078291301,-1.402227882747E-19));
#1830 = VECTOR('',#1831,1.);
#1831 = DIRECTION('',(1.,9.734686065631E-21));
#1832 = ( GEOMETRIC_REPRESENTATION_CONTEXT(2) 
PARAMETRIC_REPRESENTATION_CONTEXT() REPRESENTATION_CONTEXT('2D SPACE',''
  ) );
#1833 = PCURVE('',#1443,#1834);
#1834 = DEFINITIONAL_REPRESENTATION('',(#1835),#1839);
#1835 = LINE('',#1836,#1837);
#1836 = CARTESIAN_POINT('',(-2.006595165104,2.317809383513));
#1837 = VECTOR('',#1838,1.);
#1838 = DIRECTION('',(0.42040375153,-0.907337140042));
#1839 = ( GEOMETRIC_REPRESENTATION_CONTEXT(2) 
PARAMETRIC_REPRESENTATION_CONTEXT() REPRESENTATION_CONTEXT('2D SPACE',''
  ) );
#1840 = ORIENTED_EDGE('',*,*,#1688,.F.);
#1841 = ORIENTED_EDGE('',*,*,#1842,.T.);
#1842 = EDGE_CURVE('',#1544,#1819,#1843,.T.);
#1843 = SURFACE_CURVE('',#1844,(#1848,#1855),.PCURVE_S1.);
#1844 = LINE('',#1845,#1846);
#1845 = CARTESIAN_POINT('',(-33.26187232431,-24.72989277847,
    -6.415733188805E-04));
#1846 = VECTOR('',#1847,1.);
#1847 = DIRECTION('',(2.366384970776E-02,-4.198473379094E-02,
    0.998837977024));
#1848 = PCURVE('',#1702,#1849);
#1849 = DEFINITIONAL_REPRESENTATION('',(#1850),#1854);
#1850 = LINE('',#1851,#1852);
#1851 = CARTESIAN_POINT('',(-0.781251441023,-16.24283503396));
#1852 = VECTOR('',#1853,1.);
#1853 = DIRECTION('',(4.804267947608E-02,0.99884528379));
#1854 = ( GEOMETRIC_REPRESENTATION_CONTEXT(2) 
PARAMETRIC_REPRESENTATION_CONTEXT() REPRESENTATION_CONTEXT('2D SPACE',''
  ) );
#1855 = PCURVE('',#1856,#1861);
#1856 = PLANE('',#1857);
#1857 = AXIS2_PLACEMENT_3D('',#1858,#1859,#1860);
#1858 = CARTESIAN_POINT('',(-32.87705996817,-25.41263225372,
    16.242074640854));
#1859 = DIRECTION('',(-0.870691878063,-0.491828884278,
    -4.543583034055E-05));
#1860 = DIRECTION('',(0.491828884786,-0.870691878962,3.74695906746E-22)
  );
#1861 = DEFINITIONAL_REPRESENTATION('',(#1862),#1866);
#1862 = LINE('',#1863,#1864);
#1863 = CARTESIAN_POINT('',(-0.783717548518,-16.24271623093));
#1864 = VECTOR('',#1865,1.);
#1865 = DIRECTION('',(4.819433156366E-02,0.998837978055));
#1866 = ( GEOMETRIC_REPRESENTATION_CONTEXT(2) 
PARAMETRIC_REPRESENTATION_CONTEXT() REPRESENTATION_CONTEXT('2D SPACE',''
  ) );
#1867 = ADVANCED_FACE('',(#1868),#1856,.T.);
#1868 = FACE_BOUND('',#1869,.T.);
#1869 = EDGE_LOOP('',(#1870,#1871,#1894));
#1870 = ORIENTED_EDGE('',*,*,#1842,.F.);
#1871 = ORIENTED_EDGE('',*,*,#1872,.T.);
#1872 = EDGE_CURVE('',#1544,#1873,#1875,.T.);
#1873 = VERTEX_POINT('',#1874);
#1874 = CARTESIAN_POINT('',(-32.87643774993,-25.41223237834,
    -1.009088711353E-02));
#1875 = SURFACE_CURVE('',#1876,(#1880,#1887),.PCURVE_S1.);
#1876 = LINE('',#1877,#1878);
#1877 = CARTESIAN_POINT('',(-33.26187232431,-24.72989277847,
    -6.415733188805E-04));
#1878 = VECTOR('',#1879,1.);
#1879 = DIRECTION('',(0.491793612687,-0.870628322424,-1.205681191405E-02
    ));
#1880 = PCURVE('',#1856,#1881);
#1881 = DEFINITIONAL_REPRESENTATION('',(#1882),#1886);
#1882 = LINE('',#1883,#1884);
#1883 = CARTESIAN_POINT('',(-0.783717548518,-16.24271623093));
#1884 = VECTOR('',#1885,1.);
#1885 = DIRECTION('',(0.999927314001,-1.20568119265E-02));
#1886 = ( GEOMETRIC_REPRESENTATION_CONTEXT(2) 
PARAMETRIC_REPRESENTATION_CONTEXT() REPRESENTATION_CONTEXT('2D SPACE',''
  ) );
#1887 = PCURVE('',#1559,#1888);
#1888 = DEFINITIONAL_REPRESENTATION('',(#1889),#1893);
#1889 = LINE('',#1890,#1891);
#1890 = CARTESIAN_POINT('',(-0.501987114262,-2.286677071312));
#1891 = VECTOR('',#1892,1.);
#1892 = DIRECTION('',(-0.491721592396,-0.870752476638));
#1893 = ( GEOMETRIC_REPRESENTATION_CONTEXT(2) 
PARAMETRIC_REPRESENTATION_CONTEXT() REPRESENTATION_CONTEXT('2D SPACE',''
  ) );
#1894 = ORIENTED_EDGE('',*,*,#1895,.F.);
#1895 = EDGE_CURVE('',#1819,#1873,#1896,.T.);
#1896 = SURFACE_CURVE('',#1897,(#1901,#1908),.PCURVE_S1.);
#1897 = LINE('',#1898,#1899);
#1898 = CARTESIAN_POINT('',(-32.87705996817,-25.41263225372,
    16.242074640854));
#1899 = VECTOR('',#1900,1.);
#1900 = DIRECTION('',(3.828525141226E-05,2.460443708385E-05,
    -0.999999998964));
#1901 = PCURVE('',#1856,#1902);
#1902 = DEFINITIONAL_REPRESENTATION('',(#1903),#1907);
#1903 = LINE('',#1904,#1905);
#1904 = CARTESIAN_POINT('',(0.,0.));
#1905 = VECTOR('',#1906,1.);
#1906 = DIRECTION('',(-2.593091049498E-06,-0.999999999997));
#1907 = ( GEOMETRIC_REPRESENTATION_CONTEXT(2) 
PARAMETRIC_REPRESENTATION_CONTEXT() REPRESENTATION_CONTEXT('2D SPACE',''
  ) );
#1908 = PCURVE('',#1909,#1914);
#1909 = PLANE('',#1910);
#1910 = AXIS2_PLACEMENT_3D('',#1911,#1912,#1913);
#1911 = CARTESIAN_POINT('',(-32.87705996817,-25.41263225372,
    16.242074640854));
#1912 = DIRECTION('',(-0.777469373015,-0.628920799447,
    -4.523985269877E-05));
#1913 = DIRECTION('',(0.628920800091,-0.77746937381,3.358230847712E-21)
  );
#1914 = DEFINITIONAL_REPRESENTATION('',(#1915),#1919);
#1915 = LINE('',#1916,#1917);
#1916 = CARTESIAN_POINT('',(0.,0.));
#1917 = VECTOR('',#1918,1.);
#1918 = DIRECTION('',(4.949194657347E-06,-0.999999999988));
#1919 = ( GEOMETRIC_REPRESENTATION_CONTEXT(2) 
PARAMETRIC_REPRESENTATION_CONTEXT() REPRESENTATION_CONTEXT('2D SPACE',''
  ) );
#1920 = ADVANCED_FACE('',(#1921),#1909,.T.);
#1921 = FACE_BOUND('',#1922,.T.);
#1922 = EDGE_LOOP('',(#1923,#1924,#1952));
#1923 = ORIENTED_EDGE('',*,*,#1895,.T.);
#1924 = ORIENTED_EDGE('',*,*,#1925,.T.);
#1925 = EDGE_CURVE('',#1873,#1926,#1928,.T.);
#1926 = VERTEX_POINT('',#1927);
#1927 = CARTESIAN_POINT('',(-32.38456120641,-26.02028897676,
    8.307934161369E-04));
#1928 = SURFACE_CURVE('',#1929,(#1933,#1940),.PCURVE_S1.);
#1929 = LINE('',#1930,#1931);
#1930 = CARTESIAN_POINT('',(-32.87643774993,-25.41223237834,
    -1.009088711353E-02));
#1931 = VECTOR('',#1932,1.);
#1932 = DIRECTION('',(0.628858994861,-0.777393974844,1.396325384999E-02)
  );
#1933 = PCURVE('',#1909,#1934);
#1934 = DEFINITIONAL_REPRESENTATION('',(#1935),#1939);
#1935 = LINE('',#1936,#1937);
#1936 = CARTESIAN_POINT('',(8.043513088462E-05,-16.25216554459));
#1937 = VECTOR('',#1938,1.);
#1938 = DIRECTION('',(0.999902509019,1.396325386427E-02));
#1939 = ( GEOMETRIC_REPRESENTATION_CONTEXT(2) 
PARAMETRIC_REPRESENTATION_CONTEXT() REPRESENTATION_CONTEXT('2D SPACE',''
  ) );
#1940 = PCURVE('',#1941,#1946);
#1941 = PLANE('',#1942);
#1942 = AXIS2_PLACEMENT_3D('',#1943,#1944,#1945);
#1943 = CARTESIAN_POINT('',(-29.04293702766,-27.9098120964,
    -4.120965690172E-03));
#1944 = DIRECTION('',(-2.143119347759E-02,-3.528268884848E-02,
    -0.999147554575));
#1945 = DIRECTION('',(-1.175771229079E-19,-0.99937708591,
    3.529079424054E-02));
#1946 = DEFINITIONAL_REPRESENTATION('',(#1947),#1951);
#1947 = LINE('',#1948,#1949);
#1948 = CARTESIAN_POINT('',(-2.496234623732,3.834381381521));
#1949 = VECTOR('',#1950,1.);
#1950 = DIRECTION('',(0.777402499503,-0.629003460855));
#1951 = ( GEOMETRIC_REPRESENTATION_CONTEXT(2) 
PARAMETRIC_REPRESENTATION_CONTEXT() REPRESENTATION_CONTEXT('2D SPACE',''
  ) );
#1952 = ORIENTED_EDGE('',*,*,#1953,.F.);
#1953 = EDGE_CURVE('',#1819,#1926,#1954,.T.);
#1954 = SURFACE_CURVE('',#1955,(#1959,#1966),.PCURVE_S1.);
#1955 = LINE('',#1956,#1957);
#1956 = CARTESIAN_POINT('',(-32.87705996817,-25.41263225372,
    16.242074640854));
#1957 = VECTOR('',#1958,1.);
#1958 = DIRECTION('',(3.028885052346E-02,-3.737110645236E-02,
    -0.99884232286));
#1959 = PCURVE('',#1909,#1960);
#1960 = DEFINITIONAL_REPRESENTATION('',(#1961),#1965);
#1961 = LINE('',#1962,#1963);
#1962 = CARTESIAN_POINT('',(0.,0.));
#1963 = VECTOR('',#1964,1.);
#1964 = DIRECTION('',(4.810417883716E-02,-0.998842323882));
#1965 = ( GEOMETRIC_REPRESENTATION_CONTEXT(2) 
PARAMETRIC_REPRESENTATION_CONTEXT() REPRESENTATION_CONTEXT('2D SPACE',''
  ) );
#1966 = PCURVE('',#1967,#1972);
#1967 = PLANE('',#1968);
#1968 = AXIS2_PLACEMENT_3D('',#1969,#1970,#1971);
#1969 = CARTESIAN_POINT('',(-32.38483479952,-26.02001650857,
    16.242074640854));
#1970 = DIRECTION('',(-0.776911254519,-0.629610119514,-2.52498139726E-06
    ));
#1971 = DIRECTION('',(0.629610119516,-0.776911254522,1.851788979376E-22)
  );
#1972 = DEFINITIONAL_REPRESENTATION('',(#1973),#1977);
#1973 = LINE('',#1974,#1975);
#1974 = CARTESIAN_POINT('',(-0.78179361068,-3.552713647931E-15));
#1975 = VECTOR('',#1976,1.);
#1976 = DIRECTION('',(4.810419999485E-02,-0.998842322863));
#1977 = ( GEOMETRIC_REPRESENTATION_CONTEXT(2) 
PARAMETRIC_REPRESENTATION_CONTEXT() REPRESENTATION_CONTEXT('2D SPACE',''
  ) );
#1978 = ADVANCED_FACE('',(#1979),#1967,.T.);
#1979 = FACE_BOUND('',#1980,.T.);
#1980 = EDGE_LOOP('',(#1981,#2004,#2005));
#1981 = ORIENTED_EDGE('',*,*,#1982,.F.);
#1982 = EDGE_CURVE('',#1819,#1983,#1985,.T.);
#1983 = VERTEX_POINT('',#1984);
#1984 = CARTESIAN_POINT('',(-32.38483479952,-26.02001650857,
    16.242074640854));
#1985 = SURFACE_CURVE('',#1986,(#1990,#1997),.PCURVE_S1.);
#1986 = LINE('',#1987,#1988);
#1987 = CARTESIAN_POINT('',(-32.87705996817,-25.41263225372,
    16.242074640854));
#1988 = VECTOR('',#1989,1.);
#1989 = DIRECTION('',(0.629610119516,-0.776911254522,4.544311478462E-15)
  );
#1990 = PCURVE('',#1967,#1991);
#1991 = DEFINITIONAL_REPRESENTATION('',(#1992),#1996);
#1992 = LINE('',#1993,#1994);
#1993 = CARTESIAN_POINT('',(-0.78179361068,-3.552713647931E-15));
#1994 = VECTOR('',#1995,1.);
#1995 = DIRECTION('',(1.,4.544311245331E-15));
#1996 = ( GEOMETRIC_REPRESENTATION_CONTEXT(2) 
PARAMETRIC_REPRESENTATION_CONTEXT() REPRESENTATION_CONTEXT('2D SPACE',''
  ) );
#1997 = PCURVE('',#1443,#1998);
#1998 = DEFINITIONAL_REPRESENTATION('',(#1999),#2003);
#1999 = LINE('',#2000,#2001);
#2000 = CARTESIAN_POINT('',(-1.678351099344,1.609376048229));
#2001 = VECTOR('',#2002,1.);
#2002 = DIRECTION('',(0.629610119516,-0.776911254522));
#2003 = ( GEOMETRIC_REPRESENTATION_CONTEXT(2) 
PARAMETRIC_REPRESENTATION_CONTEXT() REPRESENTATION_CONTEXT('2D SPACE',''
  ) );
#2004 = ORIENTED_EDGE('',*,*,#1953,.T.);
#2005 = ORIENTED_EDGE('',*,*,#2006,.F.);
#2006 = EDGE_CURVE('',#1983,#1926,#2007,.T.);
#2007 = SURFACE_CURVE('',#2008,(#2012,#2019),.PCURVE_S1.);
#2008 = LINE('',#2009,#2010);
#2009 = CARTESIAN_POINT('',(-32.38483479952,-26.02001650857,
    16.242074640854));
#2010 = VECTOR('',#2011,1.);
#2011 = DIRECTION('',(1.684557619725E-05,-1.677631285233E-05,
    -0.999999999717));
#2012 = PCURVE('',#1967,#2013);
#2013 = DEFINITIONAL_REPRESENTATION('',(#2014),#2018);
#2014 = LINE('',#2015,#2016);
#2015 = CARTESIAN_POINT('',(0.,0.));
#2016 = VECTOR('',#2017,1.);
#2017 = DIRECTION('',(2.363985150723E-05,-0.999999999721));
#2018 = ( GEOMETRIC_REPRESENTATION_CONTEXT(2) 
PARAMETRIC_REPRESENTATION_CONTEXT() REPRESENTATION_CONTEXT('2D SPACE',''
  ) );
#2019 = PCURVE('',#2020,#2025);
#2020 = PLANE('',#2021);
#2021 = AXIS2_PLACEMENT_3D('',#2022,#2023,#2024);
#2022 = CARTESIAN_POINT('',(-31.84278944709,-26.55983315279,
    16.242074640854));
#2023 = DIRECTION('',(-0.705648596489,-0.70856196502,0.));
#2024 = DIRECTION('',(-0.70856196502,0.705648596489,0.));
#2025 = DEFINITIONAL_REPRESENTATION('',(#2026),#2030);
#2026 = LINE('',#2027,#2028);
#2027 = CARTESIAN_POINT('',(0.7649935774,-3.552713678801E-15));
#2028 = VECTOR('',#2029,1.);
#2029 = DIRECTION('',(-2.377431619073E-05,0.999999999717));
#2030 = ( GEOMETRIC_REPRESENTATION_CONTEXT(2) 
PARAMETRIC_REPRESENTATION_CONTEXT() REPRESENTATION_CONTEXT('2D SPACE',''
  ) );
#2031 = ADVANCED_FACE('',(#2032),#1941,.T.);
#2032 = FACE_BOUND('',#2033,.T.);
#2033 = EDGE_LOOP('',(#2034,#2062,#2063));
#2034 = ORIENTED_EDGE('',*,*,#2035,.F.);
#2035 = EDGE_CURVE('',#1926,#2036,#2038,.T.);
#2036 = VERTEX_POINT('',#2037);
#2037 = CARTESIAN_POINT('',(-29.04293702766,-27.9098120964,
    -4.120965690172E-03));
#2038 = SURFACE_CURVE('',#2039,(#2043,#2050),.PCURVE_S1.);
#2039 = LINE('',#2040,#2041);
#2040 = CARTESIAN_POINT('',(-32.38456120641,-26.02028897676,
    8.307934161369E-04));
#2041 = VECTOR('',#2042,1.);
#2042 = DIRECTION('',(0.870475172349,-0.492210636278,-1.289906683375E-03
    ));
#2043 = PCURVE('',#1941,#2044);
#2044 = DEFINITIONAL_REPRESENTATION('',(#2045),#2049);
#2045 = LINE('',#2046,#2047);
#2046 = CARTESIAN_POINT('',(-1.888171357551,3.342391840593));
#2047 = VECTOR('',#2048,1.);
#2048 = DIRECTION('',(0.491858509506,-0.870675144142));
#2049 = ( GEOMETRIC_REPRESENTATION_CONTEXT(2) 
PARAMETRIC_REPRESENTATION_CONTEXT() REPRESENTATION_CONTEXT('2D SPACE',''
  ) );
#2050 = PCURVE('',#2051,#2056);
#2051 = PLANE('',#2052);
#2052 = AXIS2_PLACEMENT_3D('',#2053,#2054,#2055);
#2053 = CARTESIAN_POINT('',(-29.04293702766,-27.9098120964,
    -4.120965690172E-03));
#2054 = DIRECTION('',(-7.377169538344E-03,-1.042610841153E-02,
    -0.99991843349));
#2055 = DIRECTION('',(5.29160152151E-21,-0.999945643696,
    1.042639213123E-02));
#2056 = DEFINITIONAL_REPRESENTATION('',(#2057),#2061);
#2057 = LINE('',#2058,#2059);
#2058 = CARTESIAN_POINT('',(-1.889368783163,3.341715112446));
#2059 = VECTOR('',#2060,1.);
#2060 = DIRECTION('',(0.492170432455,-0.87049886009));
#2061 = ( GEOMETRIC_REPRESENTATION_CONTEXT(2) 
PARAMETRIC_REPRESENTATION_CONTEXT() REPRESENTATION_CONTEXT('2D SPACE',''
  ) );
#2062 = ORIENTED_EDGE('',*,*,#1925,.F.);
#2063 = ORIENTED_EDGE('',*,*,#2064,.T.);
#2064 = EDGE_CURVE('',#1873,#2036,#2065,.T.);
#2065 = SURFACE_CURVE('',#2066,(#2070,#2077),.PCURVE_S1.);
#2066 = LINE('',#2067,#2068);
#2067 = CARTESIAN_POINT('',(-32.87643774993,-25.41223237834,
    -1.009088711353E-02));
#2068 = VECTOR('',#2069,1.);
#2069 = DIRECTION('',(0.837862753483,-0.545879385769,1.304806015242E-03)
  );
#2070 = PCURVE('',#1941,#2071);
#2071 = DEFINITIONAL_REPRESENTATION('',(#2072),#2076);
#2072 = LINE('',#2073,#2074);
#2073 = CARTESIAN_POINT('',(-2.496234623732,3.834381381521));
#2074 = VECTOR('',#2075,1.);
#2075 = DIRECTION('',(0.545585397449,-0.838055233317));
#2076 = ( GEOMETRIC_REPRESENTATION_CONTEXT(2) 
PARAMETRIC_REPRESENTATION_CONTEXT() REPRESENTATION_CONTEXT('2D SPACE',''
  ) );
#2077 = PCURVE('',#2078,#2083);
#2078 = PLANE('',#2079);
#2079 = AXIS2_PLACEMENT_3D('',#2080,#2081,#2082);
#2080 = CARTESIAN_POINT('',(-28.25699166261,-27.90047027285,
    3.427813946242E-02));
#2081 = DIRECTION('',(4.783336632442E-02,7.103727445E-02,-0.99632608854)
  );
#2082 = DIRECTION('',(5.527986728185E-19,-0.997467860677,
    -7.111868191447E-02));
#2083 = DEFINITIONAL_REPRESENTATION('',(#2084),#2088);
#2084 = LINE('',#2085,#2086);
#2085 = CARTESIAN_POINT('',(-2.478781862811,4.624739891112));
#2086 = VECTOR('',#2087,1.);
#2087 = DIRECTION('',(0.544404347026,-0.838822929431));
#2088 = ( GEOMETRIC_REPRESENTATION_CONTEXT(2) 
PARAMETRIC_REPRESENTATION_CONTEXT() REPRESENTATION_CONTEXT('2D SPACE',''
  ) );
#2089 = ADVANCED_FACE('',(#2090),#2078,.T.);
#2090 = FACE_BOUND('',#2091,.T.);
#2091 = EDGE_LOOP('',(#2092,#2118,#2119));
#2092 = ORIENTED_EDGE('',*,*,#2093,.F.);
#2093 = EDGE_CURVE('',#2036,#1196,#2094,.T.);
#2094 = SURFACE_CURVE('',#2095,(#2099,#2106),.PCURVE_S1.);
#2095 = LINE('',#2096,#2097);
#2096 = CARTESIAN_POINT('',(-29.04293702766,-27.9098120964,
    -4.120965690172E-03));
#2097 = VECTOR('',#2098,1.);
#2098 = DIRECTION('',(0.998738238481,1.187110046646E-02,
    4.879557326114E-02));
#2099 = PCURVE('',#2078,#2100);
#2100 = DEFINITIONAL_REPRESENTATION('',(#2101),#2105);
#2101 = LINE('',#2102,#2103);
#2102 = CARTESIAN_POINT('',(1.204906248947E-02,0.786846044582));
#2103 = VECTOR('',#2104,1.);
#2104 = DIRECTION('',(-1.531131803975E-02,-0.999882774899));
#2105 = ( GEOMETRIC_REPRESENTATION_CONTEXT(2) 
PARAMETRIC_REPRESENTATION_CONTEXT() REPRESENTATION_CONTEXT('2D SPACE',''
  ) );
#2106 = PCURVE('',#2107,#2112);
#2107 = PLANE('',#2108);
#2108 = AXIS2_PLACEMENT_3D('',#2109,#2110,#2111);
#2109 = CARTESIAN_POINT('',(-28.25698069208,-27.90743806377,
    16.242074640854));
#2110 = DIRECTION('',(1.190625707885E-02,-0.999929025604,
    -4.298811994289E-04));
#2111 = DIRECTION('',(-0.999929117996,-1.190625817897E-02,
    3.18539512315E-23));
#2112 = DEFINITIONAL_REPRESENTATION('',(#2113),#2117);
#2113 = LINE('',#2114,#2115);
#2114 = CARTESIAN_POINT('',(0.785928891264,16.246197107675));
#2115 = VECTOR('',#2116,1.);
#2116 = DIRECTION('',(-0.9988087863,-4.87955777698E-02));
#2117 = ( GEOMETRIC_REPRESENTATION_CONTEXT(2) 
PARAMETRIC_REPRESENTATION_CONTEXT() REPRESENTATION_CONTEXT('2D SPACE',''
  ) );
#2118 = ORIENTED_EDGE('',*,*,#2064,.F.);
#2119 = ORIENTED_EDGE('',*,*,#2120,.T.);
#2120 = EDGE_CURVE('',#1873,#1196,#2121,.T.);
#2121 = SURFACE_CURVE('',#2122,(#2126,#2133),.PCURVE_S1.);
#2122 = LINE('',#2123,#2124);
#2123 = CARTESIAN_POINT('',(-32.87643774993,-25.41223237834,
    -1.009088711353E-02));
#2124 = VECTOR('',#2125,1.);
#2125 = DIRECTION('',(0.880372481836,-0.474207541162,8.455834163879E-03)
  );
#2126 = PCURVE('',#2078,#2127);
#2127 = DEFINITIONAL_REPRESENTATION('',(#2128),#2132);
#2128 = LINE('',#2129,#2130);
#2129 = CARTESIAN_POINT('',(-2.478781862811,4.624739891112));
#2130 = VECTOR('',#2131,1.);
#2131 = DIRECTION('',(0.472405413819,-0.881381373183));
#2132 = ( GEOMETRIC_REPRESENTATION_CONTEXT(2) 
PARAMETRIC_REPRESENTATION_CONTEXT() REPRESENTATION_CONTEXT('2D SPACE',''
  ) );
#2133 = PCURVE('',#1328,#2134);
#2134 = DEFINITIONAL_REPRESENTATION('',(#2135),#2139);
#2135 = LINE('',#2136,#2137);
#2136 = CARTESIAN_POINT('',(4.619654271064,2.488246973208));
#2137 = VECTOR('',#2138,1.);
#2138 = DIRECTION('',(-0.880412157425,-0.474209271376));
#2139 = ( GEOMETRIC_REPRESENTATION_CONTEXT(2) 
PARAMETRIC_REPRESENTATION_CONTEXT() REPRESENTATION_CONTEXT('2D SPACE',''
  ) );
#2140 = ADVANCED_FACE('',(#2141),#2107,.T.);
#2141 = FACE_BOUND('',#2142,.T.);
#2142 = EDGE_LOOP('',(#2143,#2171,#2172));
#2143 = ORIENTED_EDGE('',*,*,#2144,.F.);
#2144 = EDGE_CURVE('',#2036,#2145,#2147,.T.);
#2145 = VERTEX_POINT('',#2146);
#2146 = CARTESIAN_POINT('',(-28.25698069208,-27.90743806377,
    16.242074640854));
#2147 = SURFACE_CURVE('',#2148,(#2152,#2159),.PCURVE_S1.);
#2148 = LINE('',#2149,#2150);
#2149 = CARTESIAN_POINT('',(-29.04293702766,-27.9098120964,
    -4.120965690172E-03));
#2150 = VECTOR('',#2151,1.);
#2151 = DIRECTION('',(4.832135622503E-02,1.459578236433E-04,
    0.998831830304));
#2152 = PCURVE('',#2107,#2153);
#2153 = DEFINITIONAL_REPRESENTATION('',(#2154),#2158);
#2154 = LINE('',#2155,#2156);
#2155 = CARTESIAN_POINT('',(0.785928891264,16.246197107675));
#2156 = VECTOR('',#2157,1.);
#2157 = DIRECTION('',(-4.831966892199E-02,-0.998831922595));
#2158 = ( GEOMETRIC_REPRESENTATION_CONTEXT(2) 
PARAMETRIC_REPRESENTATION_CONTEXT() REPRESENTATION_CONTEXT('2D SPACE',''
  ) );
#2159 = PCURVE('',#2160,#2165);
#2160 = PLANE('',#2161);
#2161 = AXIS2_PLACEMENT_3D('',#2162,#2163,#2164);
#2162 = CARTESIAN_POINT('',(-28.25698069208,-27.90743806377,
    16.242074640854));
#2163 = DIRECTION('',(-6.595691534983E-02,-0.997816893015,
    3.336664574664E-03));
#2164 = DIRECTION('',(-0.997822447574,6.595728251297E-02,
    1.342357986913E-20));
#2165 = DEFINITIONAL_REPRESENTATION('',(#2166),#2170);
#2166 = LINE('',#2167,#2168);
#2167 = CARTESIAN_POINT('',(0.784088289713,16.246286044432));
#2168 = VECTOR('',#2169,1.);
#2169 = DIRECTION('',(-4.820650695717E-02,-0.998837390513));
#2170 = ( GEOMETRIC_REPRESENTATION_CONTEXT(2) 
PARAMETRIC_REPRESENTATION_CONTEXT() REPRESENTATION_CONTEXT('2D SPACE',''
  ) );
#2171 = ORIENTED_EDGE('',*,*,#2093,.T.);
#2172 = ORIENTED_EDGE('',*,*,#2173,.T.);
#2173 = EDGE_CURVE('',#1196,#2145,#2174,.T.);
#2174 = SURFACE_CURVE('',#2175,(#2179,#2186),.PCURVE_S1.);
#2175 = LINE('',#2176,#2177);
#2176 = CARTESIAN_POINT('',(-28.25699166261,-27.90047027285,
    3.427813946242E-02));
#2177 = VECTOR('',#2178,1.);
#2178 = DIRECTION('',(6.768675815001E-07,-4.299036128941E-04,
    0.999999907591));
#2179 = PCURVE('',#2107,#2180);
#2180 = DEFINITIONAL_REPRESENTATION('',(#2181),#2185);
#2181 = LINE('',#2182,#2183);
#2182 = CARTESIAN_POINT('',(-7.199056217379E-05,16.207797998975));
#2183 = VECTOR('',#2184,1.);
#2184 = DIRECTION('',(4.441723803421E-06,-0.99999999999));
#2185 = ( GEOMETRIC_REPRESENTATION_CONTEXT(2) 
PARAMETRIC_REPRESENTATION_CONTEXT() REPRESENTATION_CONTEXT('2D SPACE',''
  ) );
#2186 = PCURVE('',#2187,#2192);
#2187 = PLANE('',#2188);
#2188 = AXIS2_PLACEMENT_3D('',#2189,#2190,#2191);
#2189 = CARTESIAN_POINT('',(28.257001598732,-27.91914394123,
    16.242074640854));
#2190 = DIRECTION('',(-2.071323882601E-04,-0.99999988614,
    -4.299034634707E-04));
#2191 = DIRECTION('',(1.862802383612E-23,4.29903472693E-04,
    -0.999999907591));
#2192 = DEFINITIONAL_REPRESENTATION('',(#2193),#2197);
#2193 = LINE('',#2194,#2195);
#2194 = CARTESIAN_POINT('',(16.207803031528,-56.51399447368));
#2195 = VECTOR('',#2196,1.);
#2196 = DIRECTION('',(-1.,6.768675960202E-07));
#2197 = ( GEOMETRIC_REPRESENTATION_CONTEXT(2) 
PARAMETRIC_REPRESENTATION_CONTEXT() REPRESENTATION_CONTEXT('2D SPACE',''
  ) );
#2198 = ADVANCED_FACE('',(#2199),#2160,.T.);
#2199 = FACE_BOUND('',#2200,.T.);
#2200 = EDGE_LOOP('',(#2201,#2224,#2250));
#2201 = ORIENTED_EDGE('',*,*,#2202,.F.);
#2202 = EDGE_CURVE('',#2203,#2145,#2205,.T.);
#2203 = VERTEX_POINT('',#2204);
#2204 = CARTESIAN_POINT('',(-29.03519941763,-27.85599685551,
    16.242074640854));
#2205 = SURFACE_CURVE('',#2206,(#2210,#2217),.PCURVE_S1.);
#2206 = LINE('',#2207,#2208);
#2207 = CARTESIAN_POINT('',(-29.03519941763,-27.85599685551,
    16.242074640854));
#2208 = VECTOR('',#2209,1.);
#2209 = DIRECTION('',(0.997822447574,-6.595728251297E-02,
    -4.555245642569E-15));
#2210 = PCURVE('',#2160,#2211);
#2211 = DEFINITIONAL_REPRESENTATION('',(#2212),#2216);
#2212 = LINE('',#2213,#2214);
#2213 = CARTESIAN_POINT('',(0.77991703578,-3.552723525622E-15));
#2214 = VECTOR('',#2215,1.);
#2215 = DIRECTION('',(-1.,4.555292201938E-15));
#2216 = ( GEOMETRIC_REPRESENTATION_CONTEXT(2) 
PARAMETRIC_REPRESENTATION_CONTEXT() REPRESENTATION_CONTEXT('2D SPACE',''
  ) );
#2217 = PCURVE('',#1443,#2218);
#2218 = DEFINITIONAL_REPRESENTATION('',(#2219),#2223);
#2219 = LINE('',#2220,#2221);
#2220 = CARTESIAN_POINT('',(2.163509451202,-0.833988553556));
#2221 = VECTOR('',#2222,1.);
#2222 = DIRECTION('',(0.997822447574,-6.595728251297E-02));
#2223 = ( GEOMETRIC_REPRESENTATION_CONTEXT(2) 
PARAMETRIC_REPRESENTATION_CONTEXT() REPRESENTATION_CONTEXT('2D SPACE',''
  ) );
#2224 = ORIENTED_EDGE('',*,*,#2225,.F.);
#2225 = EDGE_CURVE('',#2036,#2203,#2226,.T.);
#2226 = SURFACE_CURVE('',#2227,(#2231,#2238),.PCURVE_S1.);
#2227 = LINE('',#2228,#2229);
#2228 = CARTESIAN_POINT('',(-29.04293702766,-27.9098120964,
    -4.120965690172E-03));
#2229 = VECTOR('',#2230,1.);
#2230 = DIRECTION('',(4.762694535803E-04,3.312464089997E-03,
    0.999994400359));
#2231 = PCURVE('',#2160,#2232);
#2232 = DEFINITIONAL_REPRESENTATION('',(#2233),#2237);
#2233 = LINE('',#2234,#2235);
#2234 = CARTESIAN_POINT('',(0.784088289713,16.246286044432));
#2235 = VECTOR('',#2236,1.);
#2236 = DIRECTION('',(-2.567512220785E-04,-0.999999967039));
#2237 = ( GEOMETRIC_REPRESENTATION_CONTEXT(2) 
PARAMETRIC_REPRESENTATION_CONTEXT() REPRESENTATION_CONTEXT('2D SPACE',''
  ) );
#2238 = PCURVE('',#2239,#2244);
#2239 = PLANE('',#2240);
#2240 = AXIS2_PLACEMENT_3D('',#2241,#2242,#2243);
#2241 = CARTESIAN_POINT('',(-29.03519949022,-27.85599684468,
    16.242074640854));
#2242 = DIRECTION('',(-0.147523388758,-0.989052905981,3.346481857019E-03
    ));
#2243 = DIRECTION('',(-0.9890584442,0.147524214818,1.283897807764E-19));
#2244 = DEFINITIONAL_REPRESENTATION('',(#2245),#2249);
#2245 = LINE('',#2246,#2247);
#2246 = CARTESIAN_POINT('',(-2.861760084433E-04,16.2462865774));
#2247 = VECTOR('',#2248,1.);
#2248 = DIRECTION('',(1.76103392113E-05,-0.999999999845));
#2249 = ( GEOMETRIC_REPRESENTATION_CONTEXT(2) 
PARAMETRIC_REPRESENTATION_CONTEXT() REPRESENTATION_CONTEXT('2D SPACE',''
  ) );
#2250 = ORIENTED_EDGE('',*,*,#2144,.T.);
#2251 = ADVANCED_FACE('',(#2252),#2051,.T.);
#2252 = FACE_BOUND('',#2253,.T.);
#2253 = EDGE_LOOP('',(#2254,#2282,#2308));
#2254 = ORIENTED_EDGE('',*,*,#2255,.F.);
#2255 = EDGE_CURVE('',#2256,#2036,#2258,.T.);
#2256 = VERTEX_POINT('',#2257);
#2257 = CARTESIAN_POINT('',(-30.51823748084,-27.39306182141,
    1.375329797834E-03));
#2258 = SURFACE_CURVE('',#2259,(#2263,#2270),.PCURVE_S1.);
#2259 = LINE('',#2260,#2261);
#2260 = CARTESIAN_POINT('',(-30.51823748084,-27.39306182141,
    1.375329797834E-03));
#2261 = VECTOR('',#2262,1.);
#2262 = DIRECTION('',(0.943773682827,-0.33057355136,-3.516069573103E-03)
  );
#2263 = PCURVE('',#2051,#2264);
#2264 = DEFINITIONAL_REPRESENTATION('',(#2265),#2269);
#2265 = LINE('',#2266,#2267);
#2266 = CARTESIAN_POINT('',(-0.516664879825,1.475340599687));
#2267 = VECTOR('',#2268,1.);
#2268 = DIRECTION('',(0.330518922683,-0.943799365198));
#2269 = ( GEOMETRIC_REPRESENTATION_CONTEXT(2) 
PARAMETRIC_REPRESENTATION_CONTEXT() REPRESENTATION_CONTEXT('2D SPACE',''
  ) );
#2270 = PCURVE('',#2271,#2276);
#2271 = PLANE('',#2272);
#2272 = AXIS2_PLACEMENT_3D('',#2273,#2274,#2275);
#2273 = CARTESIAN_POINT('',(-29.04293702766,-27.9098120964,
    -4.120965690172E-03));
#2274 = DIRECTION('',(-2.457361239331E-02,-5.954245575862E-02,
    -0.997923260344));
#2275 = DIRECTION('',(8.74988390716E-20,-0.998224701053,
    5.956044163066E-02));
#2276 = DEFINITIONAL_REPRESENTATION('',(#2277),#2281);
#2277 = LINE('',#2278,#2279);
#2278 = CARTESIAN_POINT('',(-0.515505526987,1.475746094277));
#2279 = VECTOR('',#2280,1.);
#2280 = DIRECTION('',(0.329777265826,-0.94405876668));
#2281 = ( GEOMETRIC_REPRESENTATION_CONTEXT(2) 
PARAMETRIC_REPRESENTATION_CONTEXT() REPRESENTATION_CONTEXT('2D SPACE',''
  ) );
#2282 = ORIENTED_EDGE('',*,*,#2283,.F.);
#2283 = EDGE_CURVE('',#1926,#2256,#2284,.T.);
#2284 = SURFACE_CURVE('',#2285,(#2289,#2296),.PCURVE_S1.);
#2285 = LINE('',#2286,#2287);
#2286 = CARTESIAN_POINT('',(-32.38456120641,-26.02028897676,
    8.307934161369E-04));
#2287 = VECTOR('',#2288,1.);
#2288 = DIRECTION('',(0.805552927066,-0.592523777121,2.350357926452E-04)
  );
#2289 = PCURVE('',#2051,#2290);
#2290 = DEFINITIONAL_REPRESENTATION('',(#2291),#2295);
#2291 = LINE('',#2292,#2293);
#2292 = CARTESIAN_POINT('',(-1.889368783163,3.341715112446));
#2293 = VECTOR('',#2294,1.);
#2294 = DIRECTION('',(0.592494020294,-0.805574848115));
#2295 = ( GEOMETRIC_REPRESENTATION_CONTEXT(2) 
PARAMETRIC_REPRESENTATION_CONTEXT() REPRESENTATION_CONTEXT('2D SPACE',''
  ) );
#2296 = PCURVE('',#2297,#2302);
#2297 = PLANE('',#2298);
#2298 = AXIS2_PLACEMENT_3D('',#2299,#2300,#2301);
#2299 = CARTESIAN_POINT('',(-30.51823748084,-27.39306182141,
    1.375329797834E-03));
#2300 = DIRECTION('',(6.500811631885E-03,8.441391855637E-03,
    -0.999943239565));
#2301 = DIRECTION('',(3.63725961848E-21,-0.999964369311,
    -8.441570230229E-03));
#2302 = DEFINITIONAL_REPRESENTATION('',(#2303),#2307);
#2303 = LINE('',#2304,#2305);
#2304 = CARTESIAN_POINT('',(-1.372719335061,1.866363162748));
#2305 = VECTOR('',#2306,1.);
#2306 = DIRECTION('',(0.592500681019,-0.805569949161));
#2307 = ( GEOMETRIC_REPRESENTATION_CONTEXT(2) 
PARAMETRIC_REPRESENTATION_CONTEXT() REPRESENTATION_CONTEXT('2D SPACE',''
  ) );
#2308 = ORIENTED_EDGE('',*,*,#2035,.T.);
#2309 = ADVANCED_FACE('',(#2310),#2297,.T.);
#2310 = FACE_BOUND('',#2311,.T.);
#2311 = EDGE_LOOP('',(#2312,#2340,#2366));
#2312 = ORIENTED_EDGE('',*,*,#2313,.F.);
#2313 = EDGE_CURVE('',#2314,#2256,#2316,.T.);
#2314 = VERTEX_POINT('',#2315);
#2315 = CARTESIAN_POINT('',(-31.19843505737,-27.02220478179,
    8.396977597869E-05));
#2316 = SURFACE_CURVE('',#2317,(#2321,#2328),.PCURVE_S1.);
#2317 = LINE('',#2318,#2319);
#2318 = CARTESIAN_POINT('',(-31.19843505737,-27.02220478179,
    8.396977597869E-05));
#2319 = VECTOR('',#2320,1.);
#2320 = DIRECTION('',(0.877981060354,-0.478692468355,1.666853397325E-03)
  );
#2321 = PCURVE('',#2297,#2322);
#2322 = DEFINITIONAL_REPRESENTATION('',(#2323),#2327);
#2323 = LINE('',#2324,#2325);
#2324 = CARTESIAN_POINT('',(-0.370832924612,0.680211949746));
#2325 = VECTOR('',#2326,1.);
#2326 = DIRECTION('',(0.478661341352,-0.877999612924));
#2327 = ( GEOMETRIC_REPRESENTATION_CONTEXT(2) 
PARAMETRIC_REPRESENTATION_CONTEXT() REPRESENTATION_CONTEXT('2D SPACE',''
  ) );
#2328 = PCURVE('',#2329,#2334);
#2329 = PLANE('',#2330);
#2330 = AXIS2_PLACEMENT_3D('',#2331,#2332,#2333);
#2331 = CARTESIAN_POINT('',(-30.56537046811,-27.47647514928,
    16.242074640854));
#2332 = DIRECTION('',(-0.478676173509,-0.877971712788,
    -5.898513265694E-03));
#2333 = DIRECTION('',(-0.877986986584,0.478684500886,6.307559815582E-19)
  );
#2334 = DEFINITIONAL_REPRESENTATION('',(#2335),#2339);
#2335 = LINE('',#2336,#2337);
#2336 = CARTESIAN_POINT('',(0.773274655164,16.242273227846));
#2337 = VECTOR('',#2338,1.);
#2338 = DIRECTION('',(-0.999998610751,-1.666882395045E-03));
#2339 = ( GEOMETRIC_REPRESENTATION_CONTEXT(2) 
PARAMETRIC_REPRESENTATION_CONTEXT() REPRESENTATION_CONTEXT('2D SPACE',''
  ) );
#2340 = ORIENTED_EDGE('',*,*,#2341,.F.);
#2341 = EDGE_CURVE('',#1926,#2314,#2342,.T.);
#2342 = SURFACE_CURVE('',#2343,(#2347,#2354),.PCURVE_S1.);
#2343 = LINE('',#2344,#2345);
#2344 = CARTESIAN_POINT('',(-32.38456120641,-26.02028897676,
    8.307934161369E-04));
#2345 = VECTOR('',#2346,1.);
#2346 = DIRECTION('',(0.763935156611,-0.64529283673,-4.809984460497E-04)
  );
#2347 = PCURVE('',#2297,#2348);
#2348 = DEFINITIONAL_REPRESENTATION('',(#2349),#2353);
#2349 = LINE('',#2350,#2351);
#2350 = CARTESIAN_POINT('',(-1.372719335061,1.866363162748));
#2351 = VECTOR('',#2352,1.);
#2352 = DIRECTION('',(0.645273904884,-0.763951299283));
#2353 = ( GEOMETRIC_REPRESENTATION_CONTEXT(2) 
PARAMETRIC_REPRESENTATION_CONTEXT() REPRESENTATION_CONTEXT('2D SPACE',''
  ) );
#2354 = PCURVE('',#2355,#2360);
#2355 = PLANE('',#2356);
#2356 = AXIS2_PLACEMENT_3D('',#2357,#2358,#2359);
#2357 = CARTESIAN_POINT('',(-31.19843505737,-27.02220478179,
    8.396977597869E-05));
#2358 = DIRECTION('',(4.059919026775E-03,5.551746033389E-03,
    -0.999976347307));
#2359 = DIRECTION('',(3.653375716012E-21,-0.999984588685,
    -5.55179178851E-03));
#2360 = DEFINITIONAL_REPRESENTATION('',(#2361),#2365);
#2361 = LINE('',#2362,#2363);
#2362 = CARTESIAN_POINT('',(-1.001904510404,1.186135924581));
#2363 = VECTOR('',#2364,1.);
#2364 = DIRECTION('',(0.645285562322,-0.763941452638));
#2365 = ( GEOMETRIC_REPRESENTATION_CONTEXT(2) 
PARAMETRIC_REPRESENTATION_CONTEXT() REPRESENTATION_CONTEXT('2D SPACE',''
  ) );
#2366 = ORIENTED_EDGE('',*,*,#2283,.T.);
#2367 = ADVANCED_FACE('',(#2368),#2329,.T.);
#2368 = FACE_BOUND('',#2369,.T.);
#2369 = EDGE_LOOP('',(#2370,#2398,#2399));
#2370 = ORIENTED_EDGE('',*,*,#2371,.F.);
#2371 = EDGE_CURVE('',#2314,#2372,#2374,.T.);
#2372 = VERTEX_POINT('',#2373);
#2373 = CARTESIAN_POINT('',(-30.56537046811,-27.47647514928,
    16.242074640854));
#2374 = SURFACE_CURVE('',#2375,(#2379,#2386),.PCURVE_S1.);
#2375 = LINE('',#2376,#2377);
#2376 = CARTESIAN_POINT('',(-31.19843505737,-27.02220478179,
    8.396977597869E-05));
#2377 = VECTOR('',#2378,1.);
#2378 = DIRECTION('',(3.89322570308E-02,-2.793675559846E-02,
    0.99885124871));
#2379 = PCURVE('',#2329,#2380);
#2380 = DEFINITIONAL_REPRESENTATION('',(#2381),#2385);
#2381 = LINE('',#2382,#2383);
#2382 = CARTESIAN_POINT('',(0.773274655164,16.242273227846));
#2383 = VECTOR('',#2384,1.);
#2384 = DIRECTION('',(-4.755490694143E-02,-0.998868625409));
#2385 = ( GEOMETRIC_REPRESENTATION_CONTEXT(2) 
PARAMETRIC_REPRESENTATION_CONTEXT() REPRESENTATION_CONTEXT('2D SPACE',''
  ) );
#2386 = PCURVE('',#2387,#2392);
#2387 = PLANE('',#2388);
#2388 = AXIS2_PLACEMENT_3D('',#2389,#2390,#2391);
#2389 = CARTESIAN_POINT('',(-31.19870886883,-27.02200830195,
    16.242074640854));
#2390 = DIRECTION('',(-0.583005597441,-0.812468136823,0.));
#2391 = DIRECTION('',(-0.812468136823,0.583005597441,0.));
#2392 = DEFINITIONAL_REPRESENTATION('',(#2393),#2397);
#2393 = LINE('',#2394,#2395);
#2394 = CARTESIAN_POINT('',(-3.370119354202E-04,16.241990671078));
#2395 = VECTOR('',#2396,1.);
#2396 = DIRECTION('',(-4.791850322037E-02,-0.99885124871));
#2397 = ( GEOMETRIC_REPRESENTATION_CONTEXT(2) 
PARAMETRIC_REPRESENTATION_CONTEXT() REPRESENTATION_CONTEXT('2D SPACE',''
  ) );
#2398 = ORIENTED_EDGE('',*,*,#2313,.T.);
#2399 = ORIENTED_EDGE('',*,*,#2400,.F.);
#2400 = EDGE_CURVE('',#2372,#2256,#2401,.T.);
#2401 = SURFACE_CURVE('',#2402,(#2406,#2413),.PCURVE_S1.);
#2402 = LINE('',#2403,#2404);
#2403 = CARTESIAN_POINT('',(-30.56537046811,-27.47647514928,
    16.242074640854));
#2404 = VECTOR('',#2405,1.);
#2405 = DIRECTION('',(2.902102072765E-03,5.135978128096E-03,
    -0.999982599615));
#2406 = PCURVE('',#2329,#2407);
#2407 = DEFINITIONAL_REPRESENTATION('',(#2408),#2412);
#2408 = LINE('',#2409,#2410);
#2409 = CARTESIAN_POINT('',(0.,0.));
#2410 = VECTOR('',#2411,1.);
#2411 = DIRECTION('',(-8.949472681514E-05,0.999999995995));
#2412 = ( GEOMETRIC_REPRESENTATION_CONTEXT(2) 
PARAMETRIC_REPRESENTATION_CONTEXT() REPRESENTATION_CONTEXT('2D SPACE',''
  ) );
#2413 = PCURVE('',#2414,#2419);
#2414 = PLANE('',#2415);
#2415 = AXIS2_PLACEMENT_3D('',#2416,#2417,#2418);
#2416 = CARTESIAN_POINT('',(-29.81222317532,-27.74009893216,
    16.242074640854));
#2417 = DIRECTION('',(-0.330369674414,-0.94383375878,-5.806377091747E-03
    ));
#2418 = DIRECTION('',(-0.943849669395,0.330375243599,-8.691831055484E-20
    ));
#2419 = DEFINITIONAL_REPRESENTATION('',(#2420),#2424);
#2420 = LINE('',#2421,#2422);
#2421 = CARTESIAN_POINT('',(0.797952594797,-8.126177708575E-20));
#2422 = VECTOR('',#2423,1.);
#2423 = DIRECTION('',(-1.042348056741E-03,0.999999456755));
#2424 = ( GEOMETRIC_REPRESENTATION_CONTEXT(2) 
PARAMETRIC_REPRESENTATION_CONTEXT() REPRESENTATION_CONTEXT('2D SPACE',''
  ) );
#2425 = ADVANCED_FACE('',(#2426),#2414,.T.);
#2426 = FACE_BOUND('',#2427,.T.);
#2427 = EDGE_LOOP('',(#2428,#2451,#2452));
#2428 = ORIENTED_EDGE('',*,*,#2429,.F.);
#2429 = EDGE_CURVE('',#2372,#2430,#2432,.T.);
#2430 = VERTEX_POINT('',#2431);
#2431 = CARTESIAN_POINT('',(-29.81222317532,-27.74009893216,
    16.242074640854));
#2432 = SURFACE_CURVE('',#2433,(#2437,#2444),.PCURVE_S1.);
#2433 = LINE('',#2434,#2435);
#2434 = CARTESIAN_POINT('',(-30.56537046811,-27.47647514928,
    16.242074640854));
#2435 = VECTOR('',#2436,1.);
#2436 = DIRECTION('',(0.943849669395,-0.330375243599,0.));
#2437 = PCURVE('',#2414,#2438);
#2438 = DEFINITIONAL_REPRESENTATION('',(#2439),#2443);
#2439 = LINE('',#2440,#2441);
#2440 = CARTESIAN_POINT('',(0.797952594797,-8.126177708575E-20));
#2441 = VECTOR('',#2442,1.);
#2442 = DIRECTION('',(-1.,-2.800546772655E-20));
#2443 = ( GEOMETRIC_REPRESENTATION_CONTEXT(2) 
PARAMETRIC_REPRESENTATION_CONTEXT() REPRESENTATION_CONTEXT('2D SPACE',''
  ) );
#2444 = PCURVE('',#1443,#2445);
#2445 = DEFINITIONAL_REPRESENTATION('',(#2446),#2450);
#2446 = LINE('',#2447,#2448);
#2447 = CARTESIAN_POINT('',(0.633338400721,-0.454466847326));
#2448 = VECTOR('',#2449,1.);
#2449 = DIRECTION('',(0.943849669395,-0.330375243599));
#2450 = ( GEOMETRIC_REPRESENTATION_CONTEXT(2) 
PARAMETRIC_REPRESENTATION_CONTEXT() REPRESENTATION_CONTEXT('2D SPACE',''
  ) );
#2451 = ORIENTED_EDGE('',*,*,#2400,.T.);
#2452 = ORIENTED_EDGE('',*,*,#2453,.T.);
#2453 = EDGE_CURVE('',#2256,#2430,#2454,.T.);
#2454 = SURFACE_CURVE('',#2455,(#2459,#2466),.PCURVE_S1.);
#2455 = LINE('',#2456,#2457);
#2456 = CARTESIAN_POINT('',(-30.51823748084,-27.39306182141,
    1.375329797834E-03));
#2457 = VECTOR('',#2458,1.);
#2458 = DIRECTION('',(4.34210033583E-02,-2.134333459491E-02,
    0.998828853476));
#2459 = PCURVE('',#2414,#2460);
#2460 = DEFINITIONAL_REPRESENTATION('',(#2461),#2465);
#2461 = LINE('',#2462,#2463);
#2462 = CARTESIAN_POINT('',(0.781023838864,16.240973087568));
#2463 = VECTOR('',#2464,1.);
#2464 = DIRECTION('',(-4.803420903054E-02,-0.998845691167));
#2465 = ( GEOMETRIC_REPRESENTATION_CONTEXT(2) 
PARAMETRIC_REPRESENTATION_CONTEXT() REPRESENTATION_CONTEXT('2D SPACE',''
  ) );
#2466 = PCURVE('',#2467,#2472);
#2467 = PLANE('',#2468);
#2468 = AXIS2_PLACEMENT_3D('',#2469,#2470,#2471);
#2469 = CARTESIAN_POINT('',(-29.81222317532,-27.74009893216,
    16.242074640854));
#2470 = DIRECTION('',(-0.357663594286,-0.933840102884,
    -4.406310080085E-03));
#2471 = DIRECTION('',(-0.933849168534,0.357667066458,-7.609353092436E-21
    ));
#2472 = DEFINITIONAL_REPRESENTATION('',(#2473),#2477);
#2473 = LINE('',#2474,#2475);
#2474 = CARTESIAN_POINT('',(0.783434617546,16.240856974557));
#2475 = VECTOR('',#2476,1.);
#2476 = DIRECTION('',(-4.818247575605E-02,-0.998838550032));
#2477 = ( GEOMETRIC_REPRESENTATION_CONTEXT(2) 
PARAMETRIC_REPRESENTATION_CONTEXT() REPRESENTATION_CONTEXT('2D SPACE',''
  ) );
#2478 = ADVANCED_FACE('',(#2479),#2467,.T.);
#2479 = FACE_BOUND('',#2480,.T.);
#2480 = EDGE_LOOP('',(#2481,#2482,#2505));
#2481 = ORIENTED_EDGE('',*,*,#2453,.F.);
#2482 = ORIENTED_EDGE('',*,*,#2483,.T.);
#2483 = EDGE_CURVE('',#2256,#2484,#2486,.T.);
#2484 = VERTEX_POINT('',#2485);
#2485 = CARTESIAN_POINT('',(-29.79199392781,-27.67120923174,
    8.780824976513E-05));
#2486 = SURFACE_CURVE('',#2487,(#2491,#2498),.PCURVE_S1.);
#2487 = LINE('',#2488,#2489);
#2488 = CARTESIAN_POINT('',(-30.51823748084,-27.39306182141,
    1.375329797834E-03));
#2489 = VECTOR('',#2490,1.);
#2490 = DIRECTION('',(0.9338504979,-0.357659763791,-1.655577710407E-03)
  );
#2491 = PCURVE('',#2467,#2492);
#2492 = DEFINITIONAL_REPRESENTATION('',(#2493),#2497);
#2493 = LINE('',#2494,#2495);
#2494 = CARTESIAN_POINT('',(0.783434617546,16.240856974557));
#2495 = VECTOR('',#2496,1.);
#2496 = DIRECTION('',(-0.999998629504,1.655593782633E-03));
#2497 = ( GEOMETRIC_REPRESENTATION_CONTEXT(2) 
PARAMETRIC_REPRESENTATION_CONTEXT() REPRESENTATION_CONTEXT('2D SPACE',''
  ) );
#2498 = PCURVE('',#2271,#2499);
#2499 = DEFINITIONAL_REPRESENTATION('',(#2500),#2504);
#2500 = LINE('',#2501,#2502);
#2501 = CARTESIAN_POINT('',(-0.515505526987,1.475746094277));
#2502 = VECTOR('',#2503,1.);
#2503 = DIRECTION('',(0.356926203849,-0.934132584276));
#2504 = ( GEOMETRIC_REPRESENTATION_CONTEXT(2) 
PARAMETRIC_REPRESENTATION_CONTEXT() REPRESENTATION_CONTEXT('2D SPACE',''
  ) );
#2505 = ORIENTED_EDGE('',*,*,#2506,.F.);
#2506 = EDGE_CURVE('',#2430,#2484,#2507,.T.);
#2507 = SURFACE_CURVE('',#2508,(#2512,#2519),.PCURVE_S1.);
#2508 = LINE('',#2509,#2510);
#2509 = CARTESIAN_POINT('',(-29.81222317532,-27.74009893216,
    16.242074640854));
#2510 = VECTOR('',#2511,1.);
#2511 = DIRECTION('',(1.245478774321E-03,4.241416277944E-03,
    -0.999990229538));
#2512 = PCURVE('',#2467,#2513);
#2513 = DEFINITIONAL_REPRESENTATION('',(#2514),#2518);
#2514 = LINE('',#2515,#2516);
#2515 = CARTESIAN_POINT('',(0.,0.));
#2516 = VECTOR('',#2517,1.);
#2517 = DIRECTION('',(3.539255999319E-04,0.999999937368));
#2518 = ( GEOMETRIC_REPRESENTATION_CONTEXT(2) 
PARAMETRIC_REPRESENTATION_CONTEXT() REPRESENTATION_CONTEXT('2D SPACE',''
  ) );
#2519 = PCURVE('',#2520,#2525);
#2520 = PLANE('',#2521);
#2521 = AXIS2_PLACEMENT_3D('',#2522,#2523,#2524);
#2522 = CARTESIAN_POINT('',(-29.81222317532,-27.74009893216,
    16.242074640854));
#2523 = DIRECTION('',(-0.303531144543,-0.952811268617,
    -4.419354001524E-03));
#2524 = DIRECTION('',(-0.952820573284,0.303534108673,4.709233482039E-20)
  );
#2525 = DEFINITIONAL_REPRESENTATION('',(#2526),#2530);
#2526 = LINE('',#2527,#2528);
#2527 = CARTESIAN_POINT('',(0.,0.));
#2528 = VECTOR('',#2529,1.);
#2529 = DIRECTION('',(1.006967096741E-04,0.99999999493));
#2530 = ( GEOMETRIC_REPRESENTATION_CONTEXT(2) 
PARAMETRIC_REPRESENTATION_CONTEXT() REPRESENTATION_CONTEXT('2D SPACE',''
  ) );
#2531 = ADVANCED_FACE('',(#2532),#2520,.T.);
#2532 = FACE_BOUND('',#2533,.T.);
#2533 = EDGE_LOOP('',(#2534,#2535,#2556));
#2534 = ORIENTED_EDGE('',*,*,#2506,.T.);
#2535 = ORIENTED_EDGE('',*,*,#2536,.T.);
#2536 = EDGE_CURVE('',#2484,#2036,#2537,.T.);
#2537 = SURFACE_CURVE('',#2538,(#2542,#2549),.PCURVE_S1.);
#2538 = LINE('',#2539,#2540);
#2539 = CARTESIAN_POINT('',(-29.79199392781,-27.67120923174,
    8.780824976513E-05));
#2540 = VECTOR('',#2541,1.);
#2541 = DIRECTION('',(0.952814099888,-0.303507215102,-5.353637557293E-03
    ));
#2542 = PCURVE('',#2520,#2543);
#2543 = DEFINITIONAL_REPRESENTATION('',(#2544),#2548);
#2544 = LINE('',#2545,#2546);
#2545 = CARTESIAN_POINT('',(1.635530612503E-03,16.242145443531));
#2546 = VECTOR('',#2547,1.);
#2547 = DIRECTION('',(-0.9999856689,5.353689838176E-03));
#2548 = ( GEOMETRIC_REPRESENTATION_CONTEXT(2) 
PARAMETRIC_REPRESENTATION_CONTEXT() REPRESENTATION_CONTEXT('2D SPACE',''
  ) );
#2549 = PCURVE('',#2271,#2550);
#2550 = DEFINITIONAL_REPRESENTATION('',(#2551),#2555);
#2551 = LINE('',#2552,#2553);
#2552 = CARTESIAN_POINT('',(-0.237928596808,0.749283166293));
#2553 = VECTOR('',#2554,1.);
#2554 = DIRECTION('',(0.302649534046,-0.953101914562));
#2555 = ( GEOMETRIC_REPRESENTATION_CONTEXT(2) 
PARAMETRIC_REPRESENTATION_CONTEXT() REPRESENTATION_CONTEXT('2D SPACE',''
  ) );
#2556 = ORIENTED_EDGE('',*,*,#2557,.F.);
#2557 = EDGE_CURVE('',#2430,#2036,#2558,.T.);
#2558 = SURFACE_CURVE('',#2559,(#2563,#2570),.PCURVE_S1.);
#2559 = LINE('',#2560,#2561);
#2560 = CARTESIAN_POINT('',(-29.81222317532,-27.74009893216,
    16.242074640854));
#2561 = VECTOR('',#2562,1.);
#2562 = DIRECTION('',(4.729620032887E-02,-1.043407298905E-02,
    -0.998826411122));
#2563 = PCURVE('',#2520,#2564);
#2564 = DEFINITIONAL_REPRESENTATION('',(#2565),#2569);
#2565 = LINE('',#2566,#2567);
#2566 = CARTESIAN_POINT('',(0.,0.));
#2567 = VECTOR('',#2568,1.);
#2568 = DIRECTION('',(-4.823188975604E-02,0.99883616515));
#2569 = ( GEOMETRIC_REPRESENTATION_CONTEXT(2) 
PARAMETRIC_REPRESENTATION_CONTEXT() REPRESENTATION_CONTEXT('2D SPACE',''
  ) );
#2570 = PCURVE('',#2239,#2571);
#2571 = DEFINITIONAL_REPRESENTATION('',(#2572),#2576);
#2572 = LINE('',#2573,#2574);
#2573 = CARTESIAN_POINT('',(0.785619585634,-3.550039172573E-15));
#2574 = VECTOR('',#2575,1.);
#2575 = DIRECTION('',(-4.831798473888E-02,0.998832004068));
#2576 = ( GEOMETRIC_REPRESENTATION_CONTEXT(2) 
PARAMETRIC_REPRESENTATION_CONTEXT() REPRESENTATION_CONTEXT('2D SPACE',''
  ) );
#2577 = ADVANCED_FACE('',(#2578),#2355,.T.);
#2578 = FACE_BOUND('',#2579,.T.);
#2579 = EDGE_LOOP('',(#2580,#2603,#2624));
#2580 = ORIENTED_EDGE('',*,*,#2581,.F.);
#2581 = EDGE_CURVE('',#2582,#2314,#2584,.T.);
#2582 = VERTEX_POINT('',#2583);
#2583 = CARTESIAN_POINT('',(-31.84278944709,-26.55983315279,
    3.491182612869E-05));
#2584 = SURFACE_CURVE('',#2585,(#2589,#2596),.PCURVE_S1.);
#2585 = LINE('',#2586,#2587);
#2586 = CARTESIAN_POINT('',(-31.84278944709,-26.55983315279,
    3.491182612869E-05));
#2587 = VECTOR('',#2588,1.);
#2588 = DIRECTION('',(0.812468135269,-0.583005596325,6.185729727444E-05)
  );
#2589 = PCURVE('',#2355,#2590);
#2590 = DEFINITIONAL_REPRESENTATION('',(#2591),#2595);
#2591 = LINE('',#2592,#2593);
#2592 = CARTESIAN_POINT('',(-0.462364230894,0.644359700209));
#2593 = VECTOR('',#2594,1.);
#2594 = DIRECTION('',(0.582996268024,-0.812474831284));
#2595 = ( GEOMETRIC_REPRESENTATION_CONTEXT(2) 
PARAMETRIC_REPRESENTATION_CONTEXT() REPRESENTATION_CONTEXT('2D SPACE',''
  ) );
#2596 = PCURVE('',#2387,#2597);
#2597 = DEFINITIONAL_REPRESENTATION('',(#2598),#2602);
#2598 = LINE('',#2599,#2600);
#2599 = CARTESIAN_POINT('',(0.79274564634,16.242039729028));
#2600 = VECTOR('',#2601,1.);
#2601 = DIRECTION('',(-0.999999998087,-6.185729727444E-05));
#2602 = ( GEOMETRIC_REPRESENTATION_CONTEXT(2) 
PARAMETRIC_REPRESENTATION_CONTEXT() REPRESENTATION_CONTEXT('2D SPACE',''
  ) );
#2603 = ORIENTED_EDGE('',*,*,#2604,.F.);
#2604 = EDGE_CURVE('',#1926,#2582,#2605,.T.);
#2605 = SURFACE_CURVE('',#2606,(#2610,#2617),.PCURVE_S1.);
#2606 = LINE('',#2607,#2608);
#2607 = CARTESIAN_POINT('',(-32.38456120641,-26.02028897676,
    8.307934161369E-04));
#2608 = VECTOR('',#2609,1.);
#2609 = DIRECTION('',(0.708561581165,-0.705648214212,-1.040901649331E-03
    ));
#2610 = PCURVE('',#2355,#2611);
#2611 = DEFINITIONAL_REPRESENTATION('',(#2612),#2616);
#2612 = LINE('',#2613,#2614);
#2613 = CARTESIAN_POINT('',(-1.001904510404,1.186135924581));
#2614 = VECTOR('',#2615,1.);
#2615 = DIRECTION('',(0.705643118114,-0.708567420827));
#2616 = ( GEOMETRIC_REPRESENTATION_CONTEXT(2) 
PARAMETRIC_REPRESENTATION_CONTEXT() REPRESENTATION_CONTEXT('2D SPACE',''
  ) );
#2617 = PCURVE('',#2020,#2618);
#2618 = DEFINITIONAL_REPRESENTATION('',(#2619),#2623);
#2619 = LINE('',#2620,#2621);
#2620 = CARTESIAN_POINT('',(0.764607452933,16.241243847438));
#2621 = VECTOR('',#2622,1.);
#2622 = DIRECTION('',(-0.999999458262,1.040901649331E-03));
#2623 = ( GEOMETRIC_REPRESENTATION_CONTEXT(2) 
PARAMETRIC_REPRESENTATION_CONTEXT() REPRESENTATION_CONTEXT('2D SPACE',''
  ) );
#2624 = ORIENTED_EDGE('',*,*,#2341,.T.);
#2625 = ADVANCED_FACE('',(#2626),#2271,.T.);
#2626 = FACE_BOUND('',#2627,.T.);
#2627 = EDGE_LOOP('',(#2628,#2629,#2630));
#2628 = ORIENTED_EDGE('',*,*,#2536,.F.);
#2629 = ORIENTED_EDGE('',*,*,#2483,.F.);
#2630 = ORIENTED_EDGE('',*,*,#2255,.T.);
#2631 = ADVANCED_FACE('',(#2632),#1559,.T.);
#2632 = FACE_BOUND('',#2633,.T.);
#2633 = EDGE_LOOP('',(#2634,#2655,#2656));
#2634 = ORIENTED_EDGE('',*,*,#2635,.T.);
#2635 = EDGE_CURVE('',#1313,#1873,#2636,.T.);
#2636 = SURFACE_CURVE('',#2637,(#2641,#2648),.PCURVE_S1.);
#2637 = LINE('',#2638,#2639);
#2638 = CARTESIAN_POINT('',(-33.76521642633,-22.44354174768,
    -1.190080659832E-02));
#2639 = VECTOR('',#2640,1.);
#2640 = DIRECTION('',(0.286806454799,-0.957988369639,5.840560813254E-04)
  );
#2641 = PCURVE('',#1559,#2642);
#2642 = DEFINITIONAL_REPRESENTATION('',(#2643),#2647);
#2643 = LINE('',#2644,#2645);
#2644 = CARTESIAN_POINT('',(0.,0.));
#2645 = VECTOR('',#2646,1.);
#2646 = DIRECTION('',(-0.286350344022,-0.958124981659));
#2647 = ( GEOMETRIC_REPRESENTATION_CONTEXT(2) 
PARAMETRIC_REPRESENTATION_CONTEXT() REPRESENTATION_CONTEXT('2D SPACE',''
  ) );
#2648 = PCURVE('',#1328,#2649);
#2649 = DEFINITIONAL_REPRESENTATION('',(#2650),#2654);
#2650 = LINE('',#2651,#2652);
#2651 = CARTESIAN_POINT('',(5.508398609684,5.456948435552));
#2652 = VECTOR('',#2653,1.);
#2653 = DIRECTION('',(-0.286795374092,-0.957991864997));
#2654 = ( GEOMETRIC_REPRESENTATION_CONTEXT(2) 
PARAMETRIC_REPRESENTATION_CONTEXT() REPRESENTATION_CONTEXT('2D SPACE',''
  ) );
#2655 = ORIENTED_EDGE('',*,*,#1872,.F.);
#2656 = ORIENTED_EDGE('',*,*,#1543,.F.);
#2657 = ADVANCED_FACE('',(#2658),#1528,.T.);
#2658 = FACE_BOUND('',#2659,.T.);
#2659 = EDGE_LOOP('',(#2660,#2681,#2682));
#2660 = ORIENTED_EDGE('',*,*,#2661,.F.);
#2661 = EDGE_CURVE('',#1370,#1771,#2662,.T.);
#2662 = SURFACE_CURVE('',#2663,(#2667,#2674),.PCURVE_S1.);
#2663 = LINE('',#2664,#2665);
#2664 = CARTESIAN_POINT('',(-33.72581498605,-22.44349367373,
    16.242074640854));
#2665 = VECTOR('',#2666,1.);
#2666 = DIRECTION('',(6.12406407501E-02,-0.998123030453,
    4.552922951208E-15));
#2667 = PCURVE('',#1528,#2668);
#2668 = DEFINITIONAL_REPRESENTATION('',(#2669),#2673);
#2669 = LINE('',#2670,#2671);
#2670 = CARTESIAN_POINT('',(-0.78031491349,-3.552713638729E-15));
#2671 = VECTOR('',#2672,1.);
#2672 = DIRECTION('',(1.,4.552922870202E-15));
#2673 = ( GEOMETRIC_REPRESENTATION_CONTEXT(2) 
PARAMETRIC_REPRESENTATION_CONTEXT() REPRESENTATION_CONTEXT('2D SPACE',''
  ) );
#2674 = PCURVE('',#1443,#2675);
#2675 = DEFINITIONAL_REPRESENTATION('',(#2676),#2680);
#2676 = LINE('',#2677,#2678);
#2677 = CARTESIAN_POINT('',(-2.527106117221,4.578514628224));
#2678 = VECTOR('',#2679,1.);
#2679 = DIRECTION('',(6.12406407501E-02,-0.998123030453));
#2680 = ( GEOMETRIC_REPRESENTATION_CONTEXT(2) 
PARAMETRIC_REPRESENTATION_CONTEXT() REPRESENTATION_CONTEXT('2D SPACE',''
  ) );
#2681 = ORIENTED_EDGE('',*,*,#1514,.T.);
#2682 = ORIENTED_EDGE('',*,*,#2683,.F.);
#2683 = EDGE_CURVE('',#1771,#1487,#2684,.T.);
#2684 = SURFACE_CURVE('',#2685,(#2689,#2696),.PCURVE_S1.);
#2685 = LINE('',#2686,#2687);
#2686 = CARTESIAN_POINT('',(-33.67802800076,-23.22234395989,
    16.242074640854));
#2687 = VECTOR('',#2688,1.);
#2688 = DIRECTION('',(1.276868316264E-05,-6.07207239722E-05,
    -0.999999998075));
#2689 = PCURVE('',#1528,#2690);
#2690 = DEFINITIONAL_REPRESENTATION('',(#2691),#2695);
#2691 = LINE('',#2692,#2693);
#2692 = CARTESIAN_POINT('',(0.,0.));
#2693 = VECTOR('',#2694,1.);
#2694 = DIRECTION('',(6.138871536085E-05,-0.999999998116));
#2695 = ( GEOMETRIC_REPRESENTATION_CONTEXT(2) 
PARAMETRIC_REPRESENTATION_CONTEXT() REPRESENTATION_CONTEXT('2D SPACE',''
  ) );
#2696 = PCURVE('',#1644,#2697);
#2697 = DEFINITIONAL_REPRESENTATION('',(#2698),#2702);
#2698 = LINE('',#2699,#2700);
#2699 = CARTESIAN_POINT('',(-3.148370479095E-08,3.552713678801E-15));
#2700 = VECTOR('',#2701,1.);
#2701 = DIRECTION('',(6.204873559885E-05,-0.999999998075));
#2702 = ( GEOMETRIC_REPRESENTATION_CONTEXT(2) 
PARAMETRIC_REPRESENTATION_CONTEXT() REPRESENTATION_CONTEXT('2D SPACE',''
  ) );
#2703 = ADVANCED_FACE('',(#2704),#1469,.T.);
#2704 = FACE_BOUND('',#2705,.T.);
#2705 = EDGE_LOOP('',(#2706,#2734,#2760));
#2706 = ORIENTED_EDGE('',*,*,#2707,.T.);
#2707 = EDGE_CURVE('',#1428,#2708,#2710,.T.);
#2708 = VERTEX_POINT('',#2709);
#2709 = CARTESIAN_POINT('',(-33.67205900142,23.222634367897,
    3.58324596311E-04));
#2710 = SURFACE_CURVE('',#2711,(#2715,#2722),.PCURVE_S1.);
#2711 = LINE('',#2712,#2713);
#2712 = CARTESIAN_POINT('',(-33.72655815097,22.443489342747,
    16.242074640854));
#2713 = VECTOR('',#2714,1.);
#2714 = DIRECTION('',(3.351631156705E-03,4.791646775154E-02,
    -0.998845723166));
#2715 = PCURVE('',#1469,#2716);
#2716 = DEFINITIONAL_REPRESENTATION('',(#2717),#2721);
#2717 = LINE('',#2718,#2719);
#2718 = CARTESIAN_POINT('',(0.,0.));
#2719 = VECTOR('',#2720,1.);
#2720 = DIRECTION('',(-4.803296238656E-02,-0.998845751117));
#2721 = ( GEOMETRIC_REPRESENTATION_CONTEXT(2) 
PARAMETRIC_REPRESENTATION_CONTEXT() REPRESENTATION_CONTEXT('2D SPACE',''
  ) );
#2722 = PCURVE('',#2723,#2728);
#2723 = PLANE('',#2724);
#2724 = AXIS2_PLACEMENT_3D('',#2725,#2726,#2727);
#2725 = CARTESIAN_POINT('',(-33.67227745928,23.221823123836,
    16.242074640854));
#2726 = DIRECTION('',(-0.99757702831,6.957062950199E-02,
    -9.942901171121E-06));
#2727 = DIRECTION('',(-6.957062950543E-02,-0.997577028359,
    1.240199074024E-22));
#2728 = DEFINITIONAL_REPRESENTATION('',(#2729),#2733);
#2729 = LINE('',#2730,#2731);
#2730 = CARTESIAN_POINT('',(0.780224242302,-3.552713638177E-15));
#2731 = VECTOR('',#2732,1.);
#2732 = DIRECTION('',(-4.803354259849E-02,-0.998845723215));
#2733 = ( GEOMETRIC_REPRESENTATION_CONTEXT(2) 
PARAMETRIC_REPRESENTATION_CONTEXT() REPRESENTATION_CONTEXT('2D SPACE',''
  ) );
#2734 = ORIENTED_EDGE('',*,*,#2735,.F.);
#2735 = EDGE_CURVE('',#1255,#2708,#2736,.T.);
#2736 = SURFACE_CURVE('',#2737,(#2741,#2748),.PCURVE_S1.);
#2737 = LINE('',#2738,#2739);
#2738 = CARTESIAN_POINT('',(-33.73041052026,22.443499637292,
    2.267894685233E-04));
#2739 = VECTOR('',#2740,1.);
#2740 = DIRECTION('',(7.468356426814E-02,0.997207268769,
    1.683505822242E-04));
#2741 = PCURVE('',#1469,#2742);
#2742 = DEFINITIONAL_REPRESENTATION('',(#2743),#2747);
#2743 = LINE('',#2744,#2745);
#2744 = CARTESIAN_POINT('',(2.774427244973E-04,-16.24184830588));
#2745 = VECTOR('',#2746,1.);
#2746 = DIRECTION('',(-0.999999985829,1.683505869352E-04));
#2747 = ( GEOMETRIC_REPRESENTATION_CONTEXT(2) 
PARAMETRIC_REPRESENTATION_CONTEXT() REPRESENTATION_CONTEXT('2D SPACE',''
  ) );
#2748 = PCURVE('',#2749,#2754);
#2749 = PLANE('',#2750);
#2750 = AXIS2_PLACEMENT_3D('',#2751,#2752,#2753);
#2751 = CARTESIAN_POINT('',(-31.83122755767,26.569020716501,
    4.006909181342E-06));
#2752 = DIRECTION('',(-5.780749018847E-04,2.121156263289E-04,
    -0.999999810418));
#2753 = DIRECTION('',(-0.999999832915,1.817060211715E-23,
    5.780749148894E-04));
#2754 = DEFINITIONAL_REPRESENTATION('',(#2755),#2759);
#2755 = LINE('',#2756,#2757);
#2756 = CARTESIAN_POINT('',(1.899182774041,-4.125521172019));
#2757 = VECTOR('',#2758,1.);
#2758 = DIRECTION('',(-7.468345447036E-02,0.997207291203));
#2759 = ( GEOMETRIC_REPRESENTATION_CONTEXT(2) 
PARAMETRIC_REPRESENTATION_CONTEXT() REPRESENTATION_CONTEXT('2D SPACE',''
  ) );
#2760 = ORIENTED_EDGE('',*,*,#1455,.T.);
#2761 = ADVANCED_FACE('',(#2762),#2723,.T.);
#2762 = FACE_BOUND('',#2763,.T.);
#2763 = EDGE_LOOP('',(#2764,#2792,#2793));
#2764 = ORIENTED_EDGE('',*,*,#2765,.T.);
#2765 = EDGE_CURVE('',#2766,#2708,#2768,.T.);
#2766 = VERTEX_POINT('',#2767);
#2767 = CARTESIAN_POINT('',(-33.67227745928,23.221823123836,
    16.242074640854));
#2768 = SURFACE_CURVE('',#2769,(#2773,#2780),.PCURVE_S1.);
#2769 = LINE('',#2770,#2771);
#2770 = CARTESIAN_POINT('',(-33.67227745928,23.221823123836,
    16.242074640854));
#2771 = VECTOR('',#2772,1.);
#2772 = DIRECTION('',(1.345041699217E-05,4.994817323972E-05,
    -0.999999998662));
#2773 = PCURVE('',#2723,#2774);
#2774 = DEFINITIONAL_REPRESENTATION('',(#2775),#2779);
#2775 = LINE('',#2776,#2777);
#2776 = CARTESIAN_POINT('',(0.,0.));
#2777 = VECTOR('',#2778,1.);
#2778 = DIRECTION('',(-5.076290420971E-05,-0.999999998712));
#2779 = ( GEOMETRIC_REPRESENTATION_CONTEXT(2) 
PARAMETRIC_REPRESENTATION_CONTEXT() REPRESENTATION_CONTEXT('2D SPACE',''
  ) );
#2780 = PCURVE('',#2781,#2786);
#2781 = PLANE('',#2782);
#2782 = AXIS2_PLACEMENT_3D('',#2783,#2784,#2785);
#2783 = CARTESIAN_POINT('',(-33.67227743055,23.221823230531,
    16.242074640854));
#2784 = DIRECTION('',(-0.965602013962,0.260024519292,0.));
#2785 = DIRECTION('',(-0.260024519292,-0.965602013962,0.));
#2786 = DEFINITIONAL_REPRESENTATION('',(#2787),#2791);
#2787 = LINE('',#2788,#2789);
#2788 = CARTESIAN_POINT('',(1.104962475063E-07,3.552713678801E-15));
#2789 = VECTOR('',#2790,1.);
#2790 = DIRECTION('',(-5.172749488665E-05,-0.999999998662));
#2791 = ( GEOMETRIC_REPRESENTATION_CONTEXT(2) 
PARAMETRIC_REPRESENTATION_CONTEXT() REPRESENTATION_CONTEXT('2D SPACE',''
  ) );
#2792 = ORIENTED_EDGE('',*,*,#2707,.F.);
#2793 = ORIENTED_EDGE('',*,*,#2794,.T.);
#2794 = EDGE_CURVE('',#1428,#2766,#2795,.T.);
#2795 = SURFACE_CURVE('',#2796,(#2800,#2807),.PCURVE_S1.);
#2796 = LINE('',#2797,#2798);
#2797 = CARTESIAN_POINT('',(-33.72655815097,22.443489342747,
    16.242074640854));
#2798 = VECTOR('',#2799,1.);
#2799 = DIRECTION('',(6.957062950543E-02,0.997577028359,
    4.553452054143E-15));
#2800 = PCURVE('',#2723,#2801);
#2801 = DEFINITIONAL_REPRESENTATION('',(#2802),#2806);
#2802 = LINE('',#2803,#2804);
#2803 = CARTESIAN_POINT('',(0.780224242302,-3.552713638177E-15));
#2804 = VECTOR('',#2805,1.);
#2805 = DIRECTION('',(-1.,4.553452099298E-15));
#2806 = ( GEOMETRIC_REPRESENTATION_CONTEXT(2) 
PARAMETRIC_REPRESENTATION_CONTEXT() REPRESENTATION_CONTEXT('2D SPACE',''
  ) );
#2807 = PCURVE('',#1443,#2808);
#2808 = DEFINITIONAL_REPRESENTATION('',(#2809),#2813);
#2809 = LINE('',#2810,#2811);
#2810 = CARTESIAN_POINT('',(-2.52784928214,49.465497644701));
#2811 = VECTOR('',#2812,1.);
#2812 = DIRECTION('',(6.957062950543E-02,0.997577028359));
#2813 = ( GEOMETRIC_REPRESENTATION_CONTEXT(2) 
PARAMETRIC_REPRESENTATION_CONTEXT() REPRESENTATION_CONTEXT('2D SPACE',''
  ) );
#2814 = ADVANCED_FACE('',(#2815),#1328,.T.);
#2815 = FACE_BOUND('',#2816,.T.);
#2816 = EDGE_LOOP('',(#2817,#2818,#2819));
#2817 = ORIENTED_EDGE('',*,*,#2120,.F.);
#2818 = ORIENTED_EDGE('',*,*,#2635,.F.);
#2819 = ORIENTED_EDGE('',*,*,#1312,.T.);
#2820 = ADVANCED_FACE('',(#2821),#2749,.T.);
#2821 = FACE_BOUND('',#2822,.T.);
#2822 = EDGE_LOOP('',(#2823,#2851,#2852));
#2823 = ORIENTED_EDGE('',*,*,#2824,.F.);
#2824 = EDGE_CURVE('',#1255,#2825,#2827,.T.);
#2825 = VERTEX_POINT('',#2826);
#2826 = CARTESIAN_POINT('',(-31.83122755767,26.569020716501,
    4.006909181342E-06));
#2827 = SURFACE_CURVE('',#2828,(#2832,#2839),.PCURVE_S1.);
#2828 = LINE('',#2829,#2830);
#2829 = CARTESIAN_POINT('',(-33.73041052026,22.443499637292,
    2.267894685233E-04));
#2830 = VECTOR('',#2831,1.);
#2831 = DIRECTION('',(0.418167873843,0.908369763301,-4.90529406617E-05)
  );
#2832 = PCURVE('',#2749,#2833);
#2833 = DEFINITIONAL_REPRESENTATION('',(#2834),#2838);
#2834 = LINE('',#2835,#2836);
#2835 = CARTESIAN_POINT('',(1.899182774041,-4.125521172019));
#2836 = VECTOR('',#2837,1.);
#2837 = DIRECTION('',(-0.418167832329,0.908369783736));
#2838 = ( GEOMETRIC_REPRESENTATION_CONTEXT(2) 
PARAMETRIC_REPRESENTATION_CONTEXT() REPRESENTATION_CONTEXT('2D SPACE',''
  ) );
#2839 = PCURVE('',#2840,#2845);
#2840 = PLANE('',#2841);
#2841 = AXIS2_PLACEMENT_3D('',#2842,#2843,#2844);
#2842 = CARTESIAN_POINT('',(-31.19675394254,27.149753214581,
    -1.548520371947E-02));
#2843 = DIRECTION('',(-4.205905461619E-02,1.930793578847E-02,
    -0.998928545763));
#2844 = DIRECTION('',(-0.999114796315,-6.463329508809E-20,
    4.206689654059E-02));
#2845 = DEFINITIONAL_REPRESENTATION('',(#2846),#2850);
#2846 = LINE('',#2847,#2848);
#2847 = CARTESIAN_POINT('',(2.53207473037,-4.707131059798));
#2848 = VECTOR('',#2849,1.);
#2849 = DIRECTION('',(-0.417799773605,0.908539129139));
#2850 = ( GEOMETRIC_REPRESENTATION_CONTEXT(2) 
PARAMETRIC_REPRESENTATION_CONTEXT() REPRESENTATION_CONTEXT('2D SPACE',''
  ) );
#2851 = ORIENTED_EDGE('',*,*,#2735,.T.);
#2852 = ORIENTED_EDGE('',*,*,#2853,.T.);
#2853 = EDGE_CURVE('',#2708,#2825,#2854,.T.);
#2854 = SURFACE_CURVE('',#2855,(#2859,#2866),.PCURVE_S1.);
#2855 = LINE('',#2856,#2857);
#2856 = CARTESIAN_POINT('',(-33.67205900142,23.222634367897,
    3.58324596311E-04));
#2857 = VECTOR('',#2858,1.);
#2858 = DIRECTION('',(0.481982862226,0.87618063886,-9.277060839024E-05)
  );
#2859 = PCURVE('',#2749,#2860);
#2860 = DEFINITIONAL_REPRESENTATION('',(#2861),#2865);
#2861 = LINE('',#2862,#2863);
#2862 = CARTESIAN_POINT('',(1.840831340992,-3.346386423886));
#2863 = VECTOR('',#2864,1.);
#2864 = DIRECTION('',(-0.481982835323,0.876180658571));
#2865 = ( GEOMETRIC_REPRESENTATION_CONTEXT(2) 
PARAMETRIC_REPRESENTATION_CONTEXT() REPRESENTATION_CONTEXT('2D SPACE',''
  ) );
#2866 = PCURVE('',#2867,#2872);
#2867 = PLANE('',#2868);
#2868 = AXIS2_PLACEMENT_3D('',#2869,#2870,#2871);
#2869 = CARTESIAN_POINT('',(-31.83122755767,26.569020716501,
    4.006909181342E-06));
#2870 = DIRECTION('',(-9.402402624192E-03,5.066342960351E-03,
    -0.99994296187));
#2871 = DIRECTION('',(-0.999955795301,-9.407119610642E-21,
    9.402523296156E-03));
#2872 = DEFINITIONAL_REPRESENTATION('',(#2873),#2877);
#2873 = LINE('',#2874,#2875);
#2874 = CARTESIAN_POINT('',(1.840753401826,-3.34642929667));
#2875 = VECTOR('',#2876,1.);
#2876 = DIRECTION('',(-0.481962428597,0.876191883905));
#2877 = ( GEOMETRIC_REPRESENTATION_CONTEXT(2) 
PARAMETRIC_REPRESENTATION_CONTEXT() REPRESENTATION_CONTEXT('2D SPACE',''
  ) );
#2878 = ADVANCED_FACE('',(#2879),#2867,.T.);
#2879 = FACE_BOUND('',#2880,.T.);
#2880 = EDGE_LOOP('',(#2881,#2882,#2905));
#2881 = ORIENTED_EDGE('',*,*,#2853,.F.);
#2882 = ORIENTED_EDGE('',*,*,#2883,.T.);
#2883 = EDGE_CURVE('',#2708,#2884,#2886,.T.);
#2884 = VERTEX_POINT('',#2885);
#2885 = CARTESIAN_POINT('',(-33.41735490307,24.168478979011,
    2.755604037047E-03));
#2886 = SURFACE_CURVE('',#2887,(#2891,#2898),.PCURVE_S1.);
#2887 = LINE('',#2888,#2889);
#2888 = CARTESIAN_POINT('',(-33.67205900142,23.222634367897,
    3.58324596311E-04));
#2889 = VECTOR('',#2890,1.);
#2890 = DIRECTION('',(0.26002374058,0.965599122215,2.447348006723E-03));
#2891 = PCURVE('',#2867,#2892);
#2892 = DEFINITIONAL_REPRESENTATION('',(#2893),#2897);
#2893 = LINE('',#2894,#2895);
#2894 = CARTESIAN_POINT('',(1.840753401826,-3.34642929667));
#2895 = VECTOR('',#2896,1.);
#2896 = DIRECTION('',(-0.259989235062,0.965611514871));
#2897 = ( GEOMETRIC_REPRESENTATION_CONTEXT(2) 
PARAMETRIC_REPRESENTATION_CONTEXT() REPRESENTATION_CONTEXT('2D SPACE',''
  ) );
#2898 = PCURVE('',#2781,#2899);
#2899 = DEFINITIONAL_REPRESENTATION('',(#2900),#2904);
#2900 = LINE('',#2901,#2902);
#2901 = CARTESIAN_POINT('',(-8.400328025761E-04,-16.24171631625));
#2902 = VECTOR('',#2903,1.);
#2903 = DIRECTION('',(-0.999997005239,2.447348006723E-03));
#2904 = ( GEOMETRIC_REPRESENTATION_CONTEXT(2) 
PARAMETRIC_REPRESENTATION_CONTEXT() REPRESENTATION_CONTEXT('2D SPACE',''
  ) );
#2905 = ORIENTED_EDGE('',*,*,#2906,.T.);
#2906 = EDGE_CURVE('',#2884,#2825,#2907,.T.);
#2907 = SURFACE_CURVE('',#2908,(#2912,#2919),.PCURVE_S1.);
#2908 = LINE('',#2909,#2910);
#2909 = CARTESIAN_POINT('',(-33.41735490307,24.168478979011,
    2.755604037047E-03));
#2910 = VECTOR('',#2911,1.);
#2911 = DIRECTION('',(0.551270350467,0.834326126951,-9.563380376889E-04)
  );
#2912 = PCURVE('',#2867,#2913);
#2913 = DEFINITIONAL_REPRESENTATION('',(#2914),#2918);
#2914 = LINE('',#2915,#2916);
#2915 = CARTESIAN_POINT('',(1.586083103072,-2.400572546433));
#2916 = VECTOR('',#2917,1.);
#2917 = DIRECTION('',(-0.551254973718,0.834336834828));
#2918 = ( GEOMETRIC_REPRESENTATION_CONTEXT(2) 
PARAMETRIC_REPRESENTATION_CONTEXT() REPRESENTATION_CONTEXT('2D SPACE',''
  ) );
#2919 = PCURVE('',#2920,#2925);
#2920 = PLANE('',#2921);
#2921 = AXIS2_PLACEMENT_3D('',#2922,#2923,#2924);
#2922 = CARTESIAN_POINT('',(-31.83122755767,26.569020716501,
    4.006909181342E-06));
#2923 = DIRECTION('',(1.112112424013E-02,-8.494268872588E-03,
    -0.999902079202));
#2924 = DIRECTION('',(-0.999938153923,9.443008773054E-21,
    -1.112152547087E-02));
#2925 = DEFINITIONAL_REPRESENTATION('',(#2926),#2930);
#2926 = LINE('',#2927,#2928);
#2927 = CARTESIAN_POINT('',(1.585998647687,-2.400628344845));
#2928 = VECTOR('',#2929,1.);
#2929 = DIRECTION('',(-0.551225620621,0.834356227981));
#2930 = ( GEOMETRIC_REPRESENTATION_CONTEXT(2) 
PARAMETRIC_REPRESENTATION_CONTEXT() REPRESENTATION_CONTEXT('2D SPACE',''
  ) );
#2931 = ADVANCED_FACE('',(#2932),#2920,.T.);
#2932 = FACE_BOUND('',#2933,.T.);
#2933 = EDGE_LOOP('',(#2934,#2935,#2963));
#2934 = ORIENTED_EDGE('',*,*,#2906,.F.);
#2935 = ORIENTED_EDGE('',*,*,#2936,.T.);
#2936 = EDGE_CURVE('',#2884,#2937,#2939,.T.);
#2937 = VERTEX_POINT('',#2938);
#2938 = CARTESIAN_POINT('',(-33.19594145581,24.698639640454,
    7.144434164879E-04));
#2939 = SURFACE_CURVE('',#2940,(#2944,#2951),.PCURVE_S1.);
#2940 = LINE('',#2941,#2942);
#2941 = CARTESIAN_POINT('',(-33.41735490307,24.168478979011,
    2.755604037047E-03));
#2942 = VECTOR('',#2943,1.);
#2943 = DIRECTION('',(0.385373882895,0.922753677253,-3.55267488794E-03)
  );
#2944 = PCURVE('',#2920,#2945);
#2945 = DEFINITIONAL_REPRESENTATION('',(#2946),#2950);
#2946 = LINE('',#2947,#2948);
#2947 = CARTESIAN_POINT('',(1.585998647687,-2.400628344845));
#2948 = VECTOR('',#2949,1.);
#2949 = DIRECTION('',(-0.385310537868,0.922786968595));
#2950 = ( GEOMETRIC_REPRESENTATION_CONTEXT(2) 
PARAMETRIC_REPRESENTATION_CONTEXT() REPRESENTATION_CONTEXT('2D SPACE',''
  ) );
#2951 = PCURVE('',#2952,#2957);
#2952 = PLANE('',#2953);
#2953 = AXIS2_PLACEMENT_3D('',#2954,#2955,#2956);
#2954 = CARTESIAN_POINT('',(-33.17896518043,24.693179354808,
    16.242074640854));
#2955 = DIRECTION('',(-0.92275745037,0.385379670955,1.094075092675E-03)
  );
#2956 = DIRECTION('',(-0.385379901605,-0.922758002641,
    -3.792884798401E-22));
#2957 = DEFINITIONAL_REPRESENTATION('',(#2958),#2962);
#2958 = LINE('',#2959,#2960);
#2959 = CARTESIAN_POINT('',(0.576042078609,-16.23932875606));
#2960 = VECTOR('',#2961,1.);
#2961 = DIRECTION('',(-0.999993689223,-3.552677014218E-03));
#2962 = ( GEOMETRIC_REPRESENTATION_CONTEXT(2) 
PARAMETRIC_REPRESENTATION_CONTEXT() REPRESENTATION_CONTEXT('2D SPACE',''
  ) );
#2963 = ORIENTED_EDGE('',*,*,#2964,.T.);
#2964 = EDGE_CURVE('',#2937,#2825,#2965,.T.);
#2965 = SURFACE_CURVE('',#2966,(#2970,#2977),.PCURVE_S1.);
#2966 = LINE('',#2967,#2968);
#2967 = CARTESIAN_POINT('',(-33.19594145581,24.698639640454,
    7.144434164879E-04));
#2968 = VECTOR('',#2969,1.);
#2969 = DIRECTION('',(0.589424293017,0.807823562822,-3.068397974301E-04)
  );
#2970 = PCURVE('',#2920,#2971);
#2971 = DEFINITIONAL_REPRESENTATION('',(#2972),#2976);
#2972 = LINE('',#2973,#2974);
#2973 = CARTESIAN_POINT('',(1.364621594793,-1.870448556131));
#2974 = VECTOR('',#2975,1.);
#2975 = DIRECTION('',(-0.58938442691,0.807852707686));
#2976 = ( GEOMETRIC_REPRESENTATION_CONTEXT(2) 
PARAMETRIC_REPRESENTATION_CONTEXT() REPRESENTATION_CONTEXT('2D SPACE',''
  ) );
#2977 = PCURVE('',#2978,#2983);
#2978 = PLANE('',#2979);
#2979 = AXIS2_PLACEMENT_3D('',#2980,#2981,#2982);
#2980 = CARTESIAN_POINT('',(-31.83122755767,26.569020716501,
    4.006909181342E-06));
#2981 = DIRECTION('',(5.049827553006E-04,-7.482930725833E-04,
    -0.999999592525));
#2982 = DIRECTION('',(-4.46869152371E-24,-0.999999720029,
    7.482931679935E-04));
#2983 = DEFINITIONAL_REPRESENTATION('',(#2984),#2988);
#2984 = LINE('',#2985,#2986);
#2985 = CARTESIAN_POINT('',(1.870381084008,1.364714072137));
#2986 = VECTOR('',#2987,1.);
#2987 = DIRECTION('',(-0.807823566261,-0.589424368171));
#2988 = ( GEOMETRIC_REPRESENTATION_CONTEXT(2) 
PARAMETRIC_REPRESENTATION_CONTEXT() REPRESENTATION_CONTEXT('2D SPACE',''
  ) );
#2989 = ADVANCED_FACE('',(#2990),#2978,.T.);
#2990 = FACE_BOUND('',#2991,.T.);
#2991 = EDGE_LOOP('',(#2992,#2993,#3021));
#2992 = ORIENTED_EDGE('',*,*,#2964,.F.);
#2993 = ORIENTED_EDGE('',*,*,#2994,.T.);
#2994 = EDGE_CURVE('',#2937,#2995,#2997,.T.);
#2995 = VERTEX_POINT('',#2996);
#2996 = CARTESIAN_POINT('',(-32.27329677556,26.16439559876,
    8.354778250919E-05));
#2997 = SURFACE_CURVE('',#2998,(#3002,#3009),.PCURVE_S1.);
#2998 = LINE('',#2999,#3000);
#2999 = CARTESIAN_POINT('',(-33.19594145581,24.698639640454,
    7.144434164879E-04));
#3000 = VECTOR('',#3001,1.);
#3001 = DIRECTION('',(0.532714535999,0.846294919308,-3.642651197316E-04)
  );
#3002 = PCURVE('',#2978,#3003);
#3003 = DEFINITIONAL_REPRESENTATION('',(#3004),#3008);
#3004 = LINE('',#3005,#3006);
#3005 = CARTESIAN_POINT('',(1.870381084008,1.364714072137));
#3006 = VECTOR('',#3007,1.);
#3007 = DIRECTION('',(-0.846294954946,-0.532714603923));
#3008 = ( GEOMETRIC_REPRESENTATION_CONTEXT(2) 
PARAMETRIC_REPRESENTATION_CONTEXT() REPRESENTATION_CONTEXT('2D SPACE',''
  ) );
#3009 = PCURVE('',#3010,#3015);
#3010 = PLANE('',#3011);
#3011 = AXIS2_PLACEMENT_3D('',#3012,#3013,#3014);
#3012 = CARTESIAN_POINT('',(-32.27329677556,26.16439559876,
    8.354778250919E-05));
#3013 = DIRECTION('',(-5.609854240966E-04,-7.730162373976E-05,
    -0.99999983966));
#3014 = DIRECTION('',(-0.999999842648,-1.080210928697E-24,
    5.609854257727E-04));
#3015 = DEFINITIONAL_REPRESENTATION('',(#3016),#3020);
#3016 = LINE('',#3017,#3018);
#3017 = CARTESIAN_POINT('',(0.922644888988,-1.465755962685));
#3018 = VECTOR('',#3019,1.);
#3019 = DIRECTION('',(-0.532714656523,0.846294921836));
#3020 = ( GEOMETRIC_REPRESENTATION_CONTEXT(2) 
PARAMETRIC_REPRESENTATION_CONTEXT() REPRESENTATION_CONTEXT('2D SPACE',''
  ) );
#3021 = ORIENTED_EDGE('',*,*,#3022,.T.);
#3022 = EDGE_CURVE('',#2995,#2825,#3023,.T.);
#3023 = SURFACE_CURVE('',#3024,(#3028,#3035),.PCURVE_S1.);
#3024 = LINE('',#3025,#3026);
#3025 = CARTESIAN_POINT('',(-32.27329677556,26.16439559876,
    8.354778250919E-05));
#3026 = VECTOR('',#3027,1.);
#3027 = DIRECTION('',(0.737656788946,0.675175861614,-1.327255163557E-04)
  );
#3028 = PCURVE('',#2978,#3029);
#3029 = DEFINITIONAL_REPRESENTATION('',(#3030),#3034);
#3030 = LINE('',#3031,#3032);
#3031 = CARTESIAN_POINT('',(0.404625063977,0.442069274252));
#3032 = VECTOR('',#3033,1.);
#3033 = DIRECTION('',(-0.675175771902,-0.737656883));
#3034 = ( GEOMETRIC_REPRESENTATION_CONTEXT(2) 
PARAMETRIC_REPRESENTATION_CONTEXT() REPRESENTATION_CONTEXT('2D SPACE',''
  ) );
#3035 = PCURVE('',#3036,#3041);
#3036 = PLANE('',#3037);
#3037 = AXIS2_PLACEMENT_3D('',#3038,#3039,#3040);
#3038 = CARTESIAN_POINT('',(-31.83117839733,26.569065712869,
    16.242074640854));
#3039 = DIRECTION('',(-0.675175867561,0.737656795443,0.));
#3040 = DIRECTION('',(0.737656795443,0.675175867561,0.));
#3041 = DEFINITIONAL_REPRESENTATION('',(#3042),#3046);
#3042 = LINE('',#3043,#3044);
#3043 = CARTESIAN_POINT('',(-0.59935512146,16.241991093072));
#3044 = VECTOR('',#3045,1.);
#3045 = DIRECTION('',(0.999999991192,1.327255163557E-04));
#3046 = ( GEOMETRIC_REPRESENTATION_CONTEXT(2) 
PARAMETRIC_REPRESENTATION_CONTEXT() REPRESENTATION_CONTEXT('2D SPACE',''
  ) );
#3047 = ADVANCED_FACE('',(#3048),#3010,.T.);
#3048 = FACE_BOUND('',#3049,.T.);
#3049 = EDGE_LOOP('',(#3050,#3051,#3074));
#3050 = ORIENTED_EDGE('',*,*,#2994,.F.);
#3051 = ORIENTED_EDGE('',*,*,#3052,.T.);
#3052 = EDGE_CURVE('',#2937,#3053,#3055,.T.);
#3053 = VERTEX_POINT('',#3054);
#3054 = CARTESIAN_POINT('',(-32.95162730264,25.28362873428,
    5.321661016115E-04));
#3055 = SURFACE_CURVE('',#3056,(#3060,#3067),.PCURVE_S1.);
#3056 = LINE('',#3057,#3058);
#3057 = CARTESIAN_POINT('',(-33.19594145581,24.698639640454,
    7.144434164879E-04));
#3058 = VECTOR('',#3059,1.);
#3059 = DIRECTION('',(0.385379595402,0.922758085729,-2.875230802121E-04)
  );
#3060 = PCURVE('',#3010,#3061);
#3061 = DEFINITIONAL_REPRESENTATION('',(#3062),#3066);
#3062 = LINE('',#3063,#3064);
#3063 = CARTESIAN_POINT('',(0.922644888988,-1.465755962685));
#3064 = VECTOR('',#3065,1.);
#3065 = DIRECTION('',(-0.385379696058,0.922758088486));
#3066 = ( GEOMETRIC_REPRESENTATION_CONTEXT(2) 
PARAMETRIC_REPRESENTATION_CONTEXT() REPRESENTATION_CONTEXT('2D SPACE',''
  ) );
#3067 = PCURVE('',#2952,#3068);
#3068 = DEFINITIONAL_REPRESENTATION('',(#3069),#3073);
#3069 = LINE('',#3070,#3071);
#3070 = CARTESIAN_POINT('',(1.503793054908E-03,-16.2413699179));
#3071 = VECTOR('',#3072,1.);
#3072 = DIRECTION('',(-0.999999958665,-2.875232522948E-04));
#3073 = ( GEOMETRIC_REPRESENTATION_CONTEXT(2) 
PARAMETRIC_REPRESENTATION_CONTEXT() REPRESENTATION_CONTEXT('2D SPACE',''
  ) );
#3074 = ORIENTED_EDGE('',*,*,#3075,.T.);
#3075 = EDGE_CURVE('',#3053,#2995,#3076,.T.);
#3076 = SURFACE_CURVE('',#3077,(#3081,#3088),.PCURVE_S1.);
#3077 = LINE('',#3078,#3079);
#3078 = CARTESIAN_POINT('',(-32.95162730264,25.28362873428,
    5.321661016115E-04));
#3079 = VECTOR('',#3080,1.);
#3080 = DIRECTION('',(0.610172629399,0.792268388544,-4.035416488518E-04)
  );
#3081 = PCURVE('',#3010,#3082);
#3082 = DEFINITIONAL_REPRESENTATION('',(#3083),#3087);
#3083 = LINE('',#3084,#3085);
#3084 = CARTESIAN_POINT('',(0.678330672009,-0.880766867112));
#3085 = VECTOR('',#3086,1.);
#3086 = DIRECTION('',(-0.610172759768,0.792268390911));
#3087 = ( GEOMETRIC_REPRESENTATION_CONTEXT(2) 
PARAMETRIC_REPRESENTATION_CONTEXT() REPRESENTATION_CONTEXT('2D SPACE',''
  ) );
#3088 = PCURVE('',#3089,#3094);
#3089 = PLANE('',#3090);
#3090 = AXIS2_PLACEMENT_3D('',#3091,#3092,#3093);
#3091 = CARTESIAN_POINT('',(-32.9095562182,25.338255226298,
    16.242074640854));
#3092 = DIRECTION('',(-0.792268453053,0.610172679082,0.));
#3093 = DIRECTION('',(-0.610172679082,-0.792268453053,0.));
#3094 = DEFINITIONAL_REPRESENTATION('',(#3095),#3099);
#3095 = LINE('',#3096,#3097);
#3096 = CARTESIAN_POINT('',(6.894947262889E-02,-16.24154247475));
#3097 = VECTOR('',#3098,1.);
#3098 = DIRECTION('',(-0.999999918577,-4.035416488518E-04));
#3099 = ( GEOMETRIC_REPRESENTATION_CONTEXT(2) 
PARAMETRIC_REPRESENTATION_CONTEXT() REPRESENTATION_CONTEXT('2D SPACE',''
  ) );
#3100 = ADVANCED_FACE('',(#3101),#2840,.T.);
#3101 = FACE_BOUND('',#3102,.T.);
#3102 = EDGE_LOOP('',(#3103,#3126,#3127));
#3103 = ORIENTED_EDGE('',*,*,#3104,.F.);
#3104 = EDGE_CURVE('',#1255,#3105,#3107,.T.);
#3105 = VERTEX_POINT('',#3106);
#3106 = CARTESIAN_POINT('',(-31.19675394254,27.149753214581,
    -1.548520371947E-02));
#3107 = SURFACE_CURVE('',#3108,(#3112,#3119),.PCURVE_S1.);
#3108 = LINE('',#3109,#3110);
#3109 = CARTESIAN_POINT('',(-33.73041052026,22.443499637292,
    2.267894685233E-04));
#3110 = VECTOR('',#3111,1.);
#3111 = DIRECTION('',(0.474028159373,0.880504777327,-2.939596185406E-03)
  );
#3112 = PCURVE('',#2840,#3113);
#3113 = DEFINITIONAL_REPRESENTATION('',(#3114),#3118);
#3114 = LINE('',#3115,#3116);
#3115 = CARTESIAN_POINT('',(2.53207473037,-4.707131059798));
#3116 = VECTOR('',#3117,1.);
#3117 = DIRECTION('',(-0.473732207588,0.880668947729));
#3118 = ( GEOMETRIC_REPRESENTATION_CONTEXT(2) 
PARAMETRIC_REPRESENTATION_CONTEXT() REPRESENTATION_CONTEXT('2D SPACE',''
  ) );
#3119 = PCURVE('',#1296,#3120);
#3120 = DEFINITIONAL_REPRESENTATION('',(#3121),#3125);
#3121 = LINE('',#3122,#3123);
#3122 = CARTESIAN_POINT('',(5.473009564814,-5.466534949968));
#3123 = VECTOR('',#3124,1.);
#3124 = DIRECTION('',(-0.473894094063,0.880581846061));
#3125 = ( GEOMETRIC_REPRESENTATION_CONTEXT(2) 
PARAMETRIC_REPRESENTATION_CONTEXT() REPRESENTATION_CONTEXT('2D SPACE',''
  ) );
#3126 = ORIENTED_EDGE('',*,*,#2824,.T.);
#3127 = ORIENTED_EDGE('',*,*,#3128,.T.);
#3128 = EDGE_CURVE('',#2825,#3105,#3129,.T.);
#3129 = SURFACE_CURVE('',#3130,(#3134,#3141),.PCURVE_S1.);
#3130 = LINE('',#3131,#3132);
#3131 = CARTESIAN_POINT('',(-31.83122755767,26.569020716501,
    4.006909181342E-06));
#3132 = VECTOR('',#3133,1.);
#3133 = DIRECTION('',(0.737537215354,0.675066416132,-1.800527083014E-02)
  );
#3134 = PCURVE('',#2840,#3135);
#3135 = DEFINITIONAL_REPRESENTATION('',(#3136),#3140);
#3136 = LINE('',#3137,#3138);
#3137 = CARTESIAN_POINT('',(0.634563559774,-0.580840775843));
#3138 = VECTOR('',#3139,1.);
#3139 = DIRECTION('',(-0.737641770559,0.675192282485));
#3140 = ( GEOMETRIC_REPRESENTATION_CONTEXT(2) 
PARAMETRIC_REPRESENTATION_CONTEXT() REPRESENTATION_CONTEXT('2D SPACE',''
  ) );
#3141 = PCURVE('',#3036,#3142);
#3142 = DEFINITIONAL_REPRESENTATION('',(#3143),#3147);
#3143 = LINE('',#3144,#3145);
#3144 = CARTESIAN_POINT('',(-6.664392210072E-05,16.242070633945));
#3145 = VECTOR('',#3146,1.);
#3146 = DIRECTION('',(0.999837891972,1.800527083014E-02));
#3147 = ( GEOMETRIC_REPRESENTATION_CONTEXT(2) 
PARAMETRIC_REPRESENTATION_CONTEXT() REPRESENTATION_CONTEXT('2D SPACE',''
  ) );
#3148 = ADVANCED_FACE('',(#3149),#1296,.T.);
#3149 = FACE_BOUND('',#3150,.T.);
#3150 = EDGE_LOOP('',(#3151,#3152,#3153));
#3151 = ORIENTED_EDGE('',*,*,#1282,.F.);
#3152 = ORIENTED_EDGE('',*,*,#3104,.T.);
#3153 = ORIENTED_EDGE('',*,*,#3154,.T.);
#3154 = EDGE_CURVE('',#3105,#1139,#3155,.T.);
#3155 = SURFACE_CURVE('',#3156,(#3160,#3167),.PCURVE_S1.);
#3156 = LINE('',#3157,#3158);
#3157 = CARTESIAN_POINT('',(-31.19675394254,27.149753214581,
    -1.548520371947E-02));
#3158 = VECTOR('',#3159,1.);
#3159 = DIRECTION('',(0.96808362966,0.250208632929,1.448191951304E-02));
#3160 = PCURVE('',#1296,#3161);
#3161 = DEFINITIONAL_REPRESENTATION('',(#3162),#3166);
#3162 = LINE('',#3163,#3164);
#3163 = CARTESIAN_POINT('',(2.940069559409,-0.759869444187));
#3164 = VECTOR('',#3165,1.);
#3165 = DIRECTION('',(-0.968186283869,0.250230533165));
#3166 = ( GEOMETRIC_REPRESENTATION_CONTEXT(2) 
PARAMETRIC_REPRESENTATION_CONTEXT() REPRESENTATION_CONTEXT('2D SPACE',''
  ) );
#3167 = PCURVE('',#3168,#3173);
#3168 = PLANE('',#3169);
#3169 = AXIS2_PLACEMENT_3D('',#3170,#3171,#3172);
#3170 = CARTESIAN_POINT('',(-28.25699611086,27.909556154813,
    2.84917162509E-02));
#3171 = DIRECTION('',(4.761010706292E-02,-0.1268629788,-0.990776999287)
  );
#3172 = DIRECTION('',(-7.438710065708E-20,-0.991901820047,0.127007005269
    ));
#3173 = DEFINITIONAL_REPRESENTATION('',(#3174),#3178);
#3174 = LINE('',#3175,#3176);
#3175 = CARTESIAN_POINT('',(0.748064542387,2.943095313916));
#3176 = VECTOR('',#3177,1.);
#3177 = DIRECTION('',(-0.246343093166,-0.969182686829));
#3178 = ( GEOMETRIC_REPRESENTATION_CONTEXT(2) 
PARAMETRIC_REPRESENTATION_CONTEXT() REPRESENTATION_CONTEXT('2D SPACE',''
  ) );
#3179 = ADVANCED_FACE('',(#3180),#3168,.T.);
#3180 = FACE_BOUND('',#3181,.T.);
#3181 = EDGE_LOOP('',(#3182,#3183,#3211));
#3182 = ORIENTED_EDGE('',*,*,#3154,.F.);
#3183 = ORIENTED_EDGE('',*,*,#3184,.T.);
#3184 = EDGE_CURVE('',#3105,#3185,#3187,.T.);
#3185 = VERTEX_POINT('',#3186);
#3186 = CARTESIAN_POINT('',(-29.0326442468,27.837547480637,
    4.395350741291E-04));
#3187 = SURFACE_CURVE('',#3188,(#3192,#3199),.PCURVE_S1.);
#3188 = LINE('',#3189,#3190);
#3189 = CARTESIAN_POINT('',(-31.19675394254,27.149753214581,
    -1.548520371947E-02));
#3190 = VECTOR('',#3191,1.);
#3191 = DIRECTION('',(0.953002314959,0.302881840536,7.012728128024E-03)
  );
#3192 = PCURVE('',#3168,#3193);
#3193 = DEFINITIONAL_REPRESENTATION('',(#3194),#3198);
#3194 = LINE('',#3195,#3196);
#3195 = CARTESIAN_POINT('',(0.748064542387,2.943095313916));
#3196 = VECTOR('',#3197,1.);
#3197 = DIRECTION('',(-0.299538383289,-0.95408425044));
#3198 = ( GEOMETRIC_REPRESENTATION_CONTEXT(2) 
PARAMETRIC_REPRESENTATION_CONTEXT() REPRESENTATION_CONTEXT('2D SPACE',''
  ) );
#3199 = PCURVE('',#3200,#3205);
#3200 = PLANE('',#3201);
#3201 = AXIS2_PLACEMENT_3D('',#3202,#3203,#3204);
#3202 = CARTESIAN_POINT('',(-29.0326442468,27.837547480637,
    4.395350741291E-04));
#3203 = DIRECTION('',(-6.598560268663E-03,4.389256229216E-02,
    -0.99901446535));
#3204 = DIRECTION('',(-7.786530950639E-21,-0.999036215103,
    -4.389351788634E-02));
#3205 = DEFINITIONAL_REPRESENTATION('',(#3206),#3210);
#3206 = LINE('',#3207,#3208);
#3207 = CARTESIAN_POINT('',(0.687830373137,2.164156811022));
#3208 = VECTOR('',#3209,1.);
#3209 = DIRECTION('',(-0.3028977409,-0.953023062973));
#3210 = ( GEOMETRIC_REPRESENTATION_CONTEXT(2) 
PARAMETRIC_REPRESENTATION_CONTEXT() REPRESENTATION_CONTEXT('2D SPACE',''
  ) );
#3211 = ORIENTED_EDGE('',*,*,#3212,.T.);
#3212 = EDGE_CURVE('',#3185,#1139,#3213,.T.);
#3213 = SURFACE_CURVE('',#3214,(#3218,#3225),.PCURVE_S1.);
#3214 = LINE('',#3215,#3216);
#3215 = CARTESIAN_POINT('',(-29.0326442468,27.837547480637,
    4.395350741291E-04));
#3216 = VECTOR('',#3217,1.);
#3217 = DIRECTION('',(0.995073321164,9.237940149035E-02,
    3.598793808183E-02));
#3218 = PCURVE('',#3168,#3219);
#3219 = DEFINITIONAL_REPRESENTATION('',(#3220),#3224);
#3220 = LINE('',#3221,#3222);
#3221 = CARTESIAN_POINT('',(6.786271145204E-02,0.776528722718));
#3222 = VECTOR('',#3223,1.);
#3223 = DIRECTION('',(-8.706057623156E-02,-0.996203019503));
#3224 = ( GEOMETRIC_REPRESENTATION_CONTEXT(2) 
PARAMETRIC_REPRESENTATION_CONTEXT() REPRESENTATION_CONTEXT('2D SPACE',''
  ) );
#3225 = PCURVE('',#3226,#3231);
#3226 = PLANE('',#3227);
#3227 = AXIS2_PLACEMENT_3D('',#3228,#3229,#3230);
#3228 = CARTESIAN_POINT('',(-28.25792464162,27.926098645268,
    16.242074640854));
#3229 = DIRECTION('',(-9.240261546137E-02,0.995721202838,
    -1.021212105994E-03));
#3230 = DIRECTION('',(0.995721722045,9.240266364356E-02,
    3.416030994394E-22));
#3231 = DEFINITIONAL_REPRESENTATION('',(#3232),#3236);
#3232 = LINE('',#3233,#3234);
#3233 = CARTESIAN_POINT('',(-0.779587502855,16.241643574777));
#3234 = VECTOR('',#3235,1.);
#3235 = DIRECTION('',(0.999352223674,-3.598795684729E-02));
#3236 = ( GEOMETRIC_REPRESENTATION_CONTEXT(2) 
PARAMETRIC_REPRESENTATION_CONTEXT() REPRESENTATION_CONTEXT('2D SPACE',''
  ) );
#3237 = ADVANCED_FACE('',(#3238),#3200,.T.);
#3238 = FACE_BOUND('',#3239,.T.);
#3239 = EDGE_LOOP('',(#3240,#3241,#3269));
#3240 = ORIENTED_EDGE('',*,*,#3184,.F.);
#3241 = ORIENTED_EDGE('',*,*,#3242,.T.);
#3242 = EDGE_CURVE('',#3105,#3243,#3245,.T.);
#3243 = VERTEX_POINT('',#3244);
#3244 = CARTESIAN_POINT('',(-29.92660152332,27.685446054813,
    -3.385220691289E-04));
#3245 = SURFACE_CURVE('',#3246,(#3250,#3257),.PCURVE_S1.);
#3246 = LINE('',#3247,#3248);
#3247 = CARTESIAN_POINT('',(-31.19675394254,27.149753214581,
    -1.548520371947E-02));
#3248 = VECTOR('',#3249,1.);
#3249 = DIRECTION('',(0.921348214222,0.388583003309,1.098716018551E-02)
  );
#3250 = PCURVE('',#3200,#3251);
#3251 = DEFINITIONAL_REPRESENTATION('',(#3252),#3256);
#3252 = LINE('',#3253,#3254);
#3253 = CARTESIAN_POINT('',(0.687830373137,2.164156811022));
#3254 = VECTOR('',#3255,1.);
#3255 = DIRECTION('',(-0.388690757991,-0.921368273087));
#3256 = ( GEOMETRIC_REPRESENTATION_CONTEXT(2) 
PARAMETRIC_REPRESENTATION_CONTEXT() REPRESENTATION_CONTEXT('2D SPACE',''
  ) );
#3257 = PCURVE('',#3258,#3263);
#3258 = PLANE('',#3259);
#3259 = AXIS2_PLACEMENT_3D('',#3260,#3261,#3262);
#3260 = CARTESIAN_POINT('',(-29.92660152332,27.685446054813,
    -3.385220691289E-04));
#3261 = DIRECTION('',(-0.388636116976,0.921386054444,3.115647262762E-03)
  );
#3262 = DIRECTION('',(0.921390526542,0.388638003286,8.268184343454E-20)
  );
#3263 = DEFINITIONAL_REPRESENTATION('',(#3264),#3268);
#3264 = LINE('',#3265,#3266);
#3265 = CARTESIAN_POINT('',(-1.378497002131,1.514675516725E-02));
#3266 = VECTOR('',#3267,1.);
#3267 = DIRECTION('',(0.999939638748,-1.09872135135E-02));
#3268 = ( GEOMETRIC_REPRESENTATION_CONTEXT(2) 
PARAMETRIC_REPRESENTATION_CONTEXT() REPRESENTATION_CONTEXT('2D SPACE',''
  ) );
#3269 = ORIENTED_EDGE('',*,*,#3270,.T.);
#3270 = EDGE_CURVE('',#3243,#3185,#3271,.T.);
#3271 = SURFACE_CURVE('',#3272,(#3276,#3283),.PCURVE_S1.);
#3272 = LINE('',#3273,#3274);
#3273 = CARTESIAN_POINT('',(-29.92660152332,27.685446054813,
    -3.385220691289E-04));
#3274 = VECTOR('',#3275,1.);
#3275 = DIRECTION('',(0.985832026295,0.167733359033,8.58020478446E-04));
#3276 = PCURVE('',#3200,#3277);
#3277 = DEFINITIONAL_REPRESENTATION('',(#3278),#3282);
#3278 = LINE('',#3279,#3280);
#3279 = CARTESIAN_POINT('',(0.151988984432,0.893976739053));
#3280 = VECTOR('',#3281,1.);
#3281 = DIRECTION('',(-0.167609361692,-0.985853489051));
#3282 = ( GEOMETRIC_REPRESENTATION_CONTEXT(2) 
PARAMETRIC_REPRESENTATION_CONTEXT() REPRESENTATION_CONTEXT('2D SPACE',''
  ) );
#3283 = PCURVE('',#3284,#3289);
#3284 = PLANE('',#3285);
#3285 = AXIS2_PLACEMENT_3D('',#3286,#3287,#3288);
#3286 = CARTESIAN_POINT('',(-29.88027977989,27.650060965749,
    16.242074640854));
#3287 = DIRECTION('',(-0.167735063701,0.985828612011,2.626051523001E-03)
  );
#3288 = DIRECTION('',(0.985832011237,0.167735642067,-3.194437374123E-20)
  );
#3289 = DEFINITIONAL_REPRESENTATION('',(#3290),#3294);
#3290 = LINE('',#3291,#3292);
#3291 = CARTESIAN_POINT('',(-3.973011686118E-02,16.242469168244));
#3292 = VECTOR('',#3293,1.);
#3293 = DIRECTION('',(0.999999631898,-8.580234369788E-04));
#3294 = ( GEOMETRIC_REPRESENTATION_CONTEXT(2) 
PARAMETRIC_REPRESENTATION_CONTEXT() REPRESENTATION_CONTEXT('2D SPACE',''
  ) );
#3295 = ADVANCED_FACE('',(#3296),#3258,.T.);
#3296 = FACE_BOUND('',#3297,.T.);
#3297 = EDGE_LOOP('',(#3298,#3299,#3327));
#3298 = ORIENTED_EDGE('',*,*,#3242,.F.);
#3299 = ORIENTED_EDGE('',*,*,#3300,.T.);
#3300 = EDGE_CURVE('',#3105,#3301,#3303,.T.);
#3301 = VERTEX_POINT('',#3302);
#3302 = CARTESIAN_POINT('',(-30.53380896827,27.429327977272,
    -5.56488786021E-05));
#3303 = SURFACE_CURVE('',#3304,(#3308,#3315),.PCURVE_S1.);
#3304 = LINE('',#3305,#3306);
#3305 = CARTESIAN_POINT('',(-31.19675394254,27.149753214581,
    -1.548520371947E-02));
#3306 = VECTOR('',#3307,1.);
#3307 = DIRECTION('',(0.921204684978,0.38848711611,2.14403589412E-02));
#3308 = PCURVE('',#3258,#3309);
#3309 = DEFINITIONAL_REPRESENTATION('',(#3310),#3314);
#3310 = LINE('',#3311,#3312);
#3311 = CARTESIAN_POINT('',(-1.378497002131,1.514675516725E-02));
#3312 = VECTOR('',#3313,1.);
#3313 = DIRECTION('',(0.999770126852,-2.144046300551E-02));
#3314 = ( GEOMETRIC_REPRESENTATION_CONTEXT(2) 
PARAMETRIC_REPRESENTATION_CONTEXT() REPRESENTATION_CONTEXT('2D SPACE',''
  ) );
#3315 = PCURVE('',#3316,#3321);
#3316 = PLANE('',#3317);
#3317 = AXIS2_PLACEMENT_3D('',#3318,#3319,#3320);
#3318 = CARTESIAN_POINT('',(-30.51226742422,27.38349167822,
    16.242074640854));
#3319 = DIRECTION('',(-0.388636116976,0.921386054444,3.115647261986E-03)
  );
#3320 = DIRECTION('',(0.921390526542,0.388638003286,6.554253717681E-20)
  );
#3321 = DEFINITIONAL_REPRESENTATION('',(#3322),#3326);
#3322 = LINE('',#3323,#3324);
#3323 = CARTESIAN_POINT('',(-0.72151904332,16.257638753311));
#3324 = VECTOR('',#3325,1.);
#3325 = DIRECTION('',(0.999770126852,-2.144046300551E-02));
#3326 = ( GEOMETRIC_REPRESENTATION_CONTEXT(2) 
PARAMETRIC_REPRESENTATION_CONTEXT() REPRESENTATION_CONTEXT('2D SPACE',''
  ) );
#3327 = ORIENTED_EDGE('',*,*,#3328,.T.);
#3328 = EDGE_CURVE('',#3301,#3243,#3329,.T.);
#3329 = SURFACE_CURVE('',#3330,(#3334,#3341),.PCURVE_S1.);
#3330 = LINE('',#3331,#3332);
#3331 = CARTESIAN_POINT('',(-30.53380896827,27.429327977272,
    -5.56488786021E-05));
#3332 = VECTOR('',#3333,1.);
#3333 = DIRECTION('',(0.921389921912,0.388639199714,-4.292379961717E-04)
  );
#3334 = PCURVE('',#3258,#3335);
#3335 = DEFINITIONAL_REPRESENTATION('',(#3336),#3340);
#3336 = LINE('',#3337,#3338);
#3337 = CARTESIAN_POINT('',(-0.659012405683,-2.828745634983E-04));
#3338 = VECTOR('',#3339,1.);
#3339 = DIRECTION('',(0.999999907876,4.292400795488E-04));
#3340 = ( GEOMETRIC_REPRESENTATION_CONTEXT(2) 
PARAMETRIC_REPRESENTATION_CONTEXT() REPRESENTATION_CONTEXT('2D SPACE',''
  ) );
#3341 = PCURVE('',#3316,#3342);
#3342 = DEFINITIONAL_REPRESENTATION('',(#3343),#3347);
#3343 = LINE('',#3344,#3345);
#3344 = CARTESIAN_POINT('',(-2.034446871345E-03,16.24220912358));
#3345 = VECTOR('',#3346,1.);
#3346 = DIRECTION('',(0.999999907876,4.292400795489E-04));
#3347 = ( GEOMETRIC_REPRESENTATION_CONTEXT(2) 
PARAMETRIC_REPRESENTATION_CONTEXT() REPRESENTATION_CONTEXT('2D SPACE',''
  ) );
#3348 = ADVANCED_FACE('',(#3349),#3226,.T.);
#3349 = FACE_BOUND('',#3350,.T.);
#3350 = EDGE_LOOP('',(#3351,#3379,#3380));
#3351 = ORIENTED_EDGE('',*,*,#3352,.T.);
#3352 = EDGE_CURVE('',#3353,#1139,#3355,.T.);
#3353 = VERTEX_POINT('',#3354);
#3354 = CARTESIAN_POINT('',(-28.25792464162,27.926098645268,
    16.242074640854));
#3355 = SURFACE_CURVE('',#3356,(#3360,#3367),.PCURVE_S1.);
#3356 = LINE('',#3357,#3358);
#3357 = CARTESIAN_POINT('',(-28.25792464162,27.926098645268,
    16.242074640854));
#3358 = VECTOR('',#3359,1.);
#3359 = DIRECTION('',(5.726866640213E-05,-1.020285392469E-03,
    -0.999999477869));
#3360 = PCURVE('',#3226,#3361);
#3361 = DEFINITIONAL_REPRESENTATION('',(#3362),#3366);
#3362 = LINE('',#3363,#3364);
#3363 = CARTESIAN_POINT('',(0.,0.));
#3364 = VECTOR('',#3365,1.);
#3365 = DIRECTION('',(-3.725343281162E-05,0.999999999306));
#3366 = ( GEOMETRIC_REPRESENTATION_CONTEXT(2) 
PARAMETRIC_REPRESENTATION_CONTEXT() REPRESENTATION_CONTEXT('2D SPACE',''
  ) );
#3367 = PCURVE('',#3368,#3373);
#3368 = PLANE('',#3369);
#3369 = AXIS2_PLACEMENT_3D('',#3370,#3371,#3372);
#3370 = CARTESIAN_POINT('',(28.256989698029,27.906906704933,
    16.242074640854));
#3371 = DIRECTION('',(3.395905216215E-04,0.999999421868,
    -1.020265887425E-03));
#3372 = DIRECTION('',(-1.279838590882E-23,1.020265946255E-03,
    0.999999479529));
#3373 = DEFINITIONAL_REPRESENTATION('',(#3374),#3378);
#3374 = LINE('',#3375,#3376);
#3375 = CARTESIAN_POINT('',(1.958088316684E-05,-56.51491759835));
#3376 = VECTOR('',#3377,1.);
#3377 = DIRECTION('',(-0.99999999836,5.726866970429E-05));
#3378 = ( GEOMETRIC_REPRESENTATION_CONTEXT(2) 
PARAMETRIC_REPRESENTATION_CONTEXT() REPRESENTATION_CONTEXT('2D SPACE',''
  ) );
#3379 = ORIENTED_EDGE('',*,*,#3212,.F.);
#3380 = ORIENTED_EDGE('',*,*,#3381,.T.);
#3381 = EDGE_CURVE('',#3185,#3353,#3382,.T.);
#3382 = SURFACE_CURVE('',#3383,(#3387,#3394),.PCURVE_S1.);
#3383 = LINE('',#3384,#3385);
#3384 = CARTESIAN_POINT('',(-29.0326442468,27.837547480637,
    4.395350741291E-04));
#3385 = VECTOR('',#3386,1.);
#3386 = DIRECTION('',(4.764472818685E-02,5.445836327434E-03,
    0.998849499546));
#3387 = PCURVE('',#3226,#3388);
#3388 = DEFINITIONAL_REPRESENTATION('',(#3389),#3393);
#3389 = LINE('',#3390,#3391);
#3390 = CARTESIAN_POINT('',(-0.779587502855,16.241643574777));
#3391 = VECTOR('',#3392,1.);
#3392 = DIRECTION('',(4.794410057898E-02,-0.998850020383));
#3393 = ( GEOMETRIC_REPRESENTATION_CONTEXT(2) 
PARAMETRIC_REPRESENTATION_CONTEXT() REPRESENTATION_CONTEXT('2D SPACE',''
  ) );
#3394 = PCURVE('',#3284,#3395);
#3395 = DEFINITIONAL_REPRESENTATION('',(#3396),#3400);
#3396 = LINE('',#3397,#3398);
#3397 = CARTESIAN_POINT('',(0.867074413332,16.241691108418));
#3398 = VECTOR('',#3399,1.);
#3399 = DIRECTION('',(4.788315906628E-02,-0.99885294367));
#3400 = ( GEOMETRIC_REPRESENTATION_CONTEXT(2) 
PARAMETRIC_REPRESENTATION_CONTEXT() REPRESENTATION_CONTEXT('2D SPACE',''
  ) );
#3401 = ADVANCED_FACE('',(#3402),#441,.T.);
#3402 = FACE_BOUND('',#3403,.T.);
#3403 = EDGE_LOOP('',(#3404,#3405,#3433));
#3404 = ORIENTED_EDGE('',*,*,#427,.F.);
#3405 = ORIENTED_EDGE('',*,*,#3406,.T.);
#3406 = EDGE_CURVE('',#400,#3407,#3409,.T.);
#3407 = VERTEX_POINT('',#3408);
#3408 = CARTESIAN_POINT('',(29.789632946919,27.663168469224,
    1.151426341792E-03));
#3409 = SURFACE_CURVE('',#3410,(#3414,#3421),.PCURVE_S1.);
#3410 = LINE('',#3411,#3412);
#3411 = CARTESIAN_POINT('',(28.25699598974,27.913376335786,
    1.539452396142E-02));
#3412 = VECTOR('',#3413,1.);
#3413 = DIRECTION('',(0.986893274292,-0.161113471477,-9.171393903853E-03
    ));
#3414 = PCURVE('',#441,#3415);
#3415 = DEFINITIONAL_REPRESENTATION('',(#3416),#3420);
#3416 = LINE('',#3417,#3418);
#3417 = CARTESIAN_POINT('',(-0.887907648514,2.944529577317));
#3418 = VECTOR('',#3419,1.);
#3419 = DIRECTION('',(0.160955696104,-0.986961632431));
#3420 = ( GEOMETRIC_REPRESENTATION_CONTEXT(2) 
PARAMETRIC_REPRESENTATION_CONTEXT() REPRESENTATION_CONTEXT('2D SPACE',''
  ) );
#3421 = PCURVE('',#3422,#3427);
#3422 = PLANE('',#3423);
#3423 = AXIS2_PLACEMENT_3D('',#3424,#3425,#3426);
#3424 = CARTESIAN_POINT('',(29.789632946919,27.663168469224,
    1.151426341792E-03));
#3425 = DIRECTION('',(-1.988796337952E-02,-6.502953376421E-02,
    -0.997685135026));
#3426 = DIRECTION('',(1.756640358402E-19,-0.997882501319,
    6.504239818164E-02));
#3427 = DEFINITIONAL_REPRESENTATION('',(#3428),#3432);
#3428 = LINE('',#3429,#3430);
#3429 = CARTESIAN_POINT('',(-0.248751646508,1.532940149905));
#3430 = VECTOR('',#3431,1.);
#3431 = DIRECTION('',(0.160175784459,-0.987088505694));
#3432 = ( GEOMETRIC_REPRESENTATION_CONTEXT(2) 
PARAMETRIC_REPRESENTATION_CONTEXT() REPRESENTATION_CONTEXT('2D SPACE',''
  ) );
#3433 = ORIENTED_EDGE('',*,*,#3434,.T.);
#3434 = EDGE_CURVE('',#3407,#226,#3435,.T.);
#3435 = SURFACE_CURVE('',#3436,(#3440,#3447),.PCURVE_S1.);
#3436 = LINE('',#3437,#3438);
#3437 = CARTESIAN_POINT('',(29.789632946919,27.663168469224,
    1.151426341792E-03));
#3438 = VECTOR('',#3439,1.);
#3439 = DIRECTION('',(0.91121937133,-0.411897129438,-4.473485602242E-03)
  );
#3440 = PCURVE('',#441,#3441);
#3441 = DEFINITIONAL_REPRESENTATION('',(#3442),#3446);
#3442 = LINE('',#3443,#3444);
#3443 = CARTESIAN_POINT('',(-0.637944805779,1.411786460522));
#3444 = VECTOR('',#3445,1.);
#3445 = DIRECTION('',(0.411781771516,-0.911282487842));
#3446 = ( GEOMETRIC_REPRESENTATION_CONTEXT(2) 
PARAMETRIC_REPRESENTATION_CONTEXT() REPRESENTATION_CONTEXT('2D SPACE',''
  ) );
#3447 = PCURVE('',#3448,#3453);
#3448 = PLANE('',#3449);
#3449 = AXIS2_PLACEMENT_3D('',#3450,#3451,#3452);
#3450 = CARTESIAN_POINT('',(31.201321625427,27.025044947455,
    -5.77903319062E-03));
#3451 = DIRECTION('',(4.264073753533E-03,2.029154821762E-02,
    -0.999785012263));
#3452 = DIRECTION('',(2.784414959432E-21,-0.999794101595,
    -2.02917326939E-02));
#3453 = DEFINITIONAL_REPRESENTATION('',(#3454),#3458);
#3454 = LINE('',#3455,#3456);
#3455 = CARTESIAN_POINT('',(-0.638132764187,1.411701512574));
#3456 = VECTOR('',#3457,1.);
#3457 = DIRECTION('',(0.41190309525,-0.911227655486));
#3458 = ( GEOMETRIC_REPRESENTATION_CONTEXT(2) 
PARAMETRIC_REPRESENTATION_CONTEXT() REPRESENTATION_CONTEXT('2D SPACE',''
  ) );
#3459 = ADVANCED_FACE('',(#3460),#3422,.T.);
#3460 = FACE_BOUND('',#3461,.T.);
#3461 = EDGE_LOOP('',(#3462,#3463,#3491));
#3462 = ORIENTED_EDGE('',*,*,#3406,.F.);
#3463 = ORIENTED_EDGE('',*,*,#3464,.T.);
#3464 = EDGE_CURVE('',#400,#3465,#3467,.T.);
#3465 = VERTEX_POINT('',#3466);
#3466 = CARTESIAN_POINT('',(29.043030373658,27.910461332046,
    -8.436929470615E-05));
#3467 = SURFACE_CURVE('',#3468,(#3472,#3479),.PCURVE_S1.);
#3468 = LINE('',#3469,#3470);
#3469 = CARTESIAN_POINT('',(28.25699598974,27.913376335786,
    1.539452396142E-02));
#3470 = VECTOR('',#3471,1.);
#3471 = DIRECTION('',(0.999799288928,-3.707749592073E-03,
    -1.968843448517E-02));
#3472 = PCURVE('',#3422,#3473);
#3473 = DEFINITIONAL_REPRESENTATION('',(#3474),#3478);
#3474 = LINE('',#3475,#3476);
#3475 = CARTESIAN_POINT('',(-0.248751646508,1.532940149905));
#3476 = VECTOR('',#3477,1.);
#3477 = DIRECTION('',(2.419315441845E-03,-0.999997073452));
#3478 = ( GEOMETRIC_REPRESENTATION_CONTEXT(2) 
PARAMETRIC_REPRESENTATION_CONTEXT() REPRESENTATION_CONTEXT('2D SPACE',''
  ) );
#3479 = PCURVE('',#3480,#3485);
#3480 = PLANE('',#3481);
#3481 = AXIS2_PLACEMENT_3D('',#3482,#3483,#3484);
#3482 = CARTESIAN_POINT('',(28.256989698029,27.906906704933,
    16.242074640854));
#3483 = DIRECTION('',(3.71631941709E-03,0.999993014979,
    3.987019524927E-04));
#3484 = DIRECTION('',(0.99999309446,-3.716319712469E-03,
    1.335243686146E-22));
#3485 = DEFINITIONAL_REPRESENTATION('',(#3486),#3490);
#3486 = LINE('',#3487,#3488);
#3487 = CARTESIAN_POINT('',(-1.775154929955E-05,16.226681406616));
#3488 = VECTOR('',#3489,1.);
#3489 = DIRECTION('',(0.999806163957,1.968843605004E-02));
#3490 = ( GEOMETRIC_REPRESENTATION_CONTEXT(2) 
PARAMETRIC_REPRESENTATION_CONTEXT() REPRESENTATION_CONTEXT('2D SPACE',''
  ) );
#3491 = ORIENTED_EDGE('',*,*,#3492,.T.);
#3492 = EDGE_CURVE('',#3465,#3407,#3493,.T.);
#3493 = SURFACE_CURVE('',#3494,(#3498,#3505),.PCURVE_S1.);
#3494 = LINE('',#3495,#3496);
#3495 = CARTESIAN_POINT('',(29.043030373658,27.910461332046,
    -8.436929470615E-05));
#3496 = VECTOR('',#3497,1.);
#3497 = DIRECTION('',(0.949281055079,-0.314424887002,1.571274233027E-03)
  );
#3498 = PCURVE('',#3422,#3499);
#3499 = DEFINITIONAL_REPRESENTATION('',(#3500),#3504);
#3500 = LINE('',#3501,#3502);
#3501 = CARTESIAN_POINT('',(-0.246849599623,0.74675026934));
#3502 = VECTOR('',#3503,1.);
#3503 = DIRECTION('',(0.313861292163,-0.949468845872));
#3504 = ( GEOMETRIC_REPRESENTATION_CONTEXT(2) 
PARAMETRIC_REPRESENTATION_CONTEXT() REPRESENTATION_CONTEXT('2D SPACE',''
  ) );
#3505 = PCURVE('',#3506,#3511);
#3506 = PLANE('',#3507);
#3507 = AXIS2_PLACEMENT_3D('',#3508,#3509,#3510);
#3508 = CARTESIAN_POINT('',(29.806040552865,27.719047643413,
    16.242074640854));
#3509 = DIRECTION('',(0.314428601483,0.949274360331,-3.583767200679E-03)
  );
#3510 = DIRECTION('',(0.949280456339,-0.314430620666,-1.588042269911E-19
    ));
#3511 = DEFINITIONAL_REPRESENTATION('',(#3512),#3516);
#3512 = LINE('',#3513,#3514);
#3513 = CARTESIAN_POINT('',(-0.78449697603,16.242263313323));
#3514 = VECTOR('',#3515,1.);
#3515 = DIRECTION('',(0.999998765532,-1.571284323366E-03));
#3516 = ( GEOMETRIC_REPRESENTATION_CONTEXT(2) 
PARAMETRIC_REPRESENTATION_CONTEXT() REPRESENTATION_CONTEXT('2D SPACE',''
  ) );
#3517 = ADVANCED_FACE('',(#3518),#3448,.T.);
#3518 = FACE_BOUND('',#3519,.T.);
#3519 = EDGE_LOOP('',(#3520,#3521,#3549));
#3520 = ORIENTED_EDGE('',*,*,#3434,.F.);
#3521 = ORIENTED_EDGE('',*,*,#3522,.T.);
#3522 = EDGE_CURVE('',#3407,#3523,#3525,.T.);
#3523 = VERTEX_POINT('',#3524);
#3524 = CARTESIAN_POINT('',(30.538144880883,27.445023818889,
    -8.362177728394E-05));
#3525 = SURFACE_CURVE('',#3526,(#3530,#3537),.PCURVE_S1.);
#3526 = LINE('',#3527,#3528);
#3527 = CARTESIAN_POINT('',(29.789632946919,27.663168469224,
    1.151426341792E-03));
#3528 = VECTOR('',#3529,1.);
#3529 = DIRECTION('',(0.960057843513,-0.279797118886,-1.58409983867E-03)
  );
#3530 = PCURVE('',#3448,#3531);
#3531 = DEFINITIONAL_REPRESENTATION('',(#3532),#3536);
#3532 = LINE('',#3533,#3534);
#3533 = CARTESIAN_POINT('',(-0.638132764187,1.411701512574));
#3534 = VECTOR('',#3535,1.);
#3535 = DIRECTION('',(0.279771653236,-0.960066571674));
#3536 = ( GEOMETRIC_REPRESENTATION_CONTEXT(2) 
PARAMETRIC_REPRESENTATION_CONTEXT() REPRESENTATION_CONTEXT('2D SPACE',''
  ) );
#3537 = PCURVE('',#3538,#3543);
#3538 = PLANE('',#3539);
#3539 = AXIS2_PLACEMENT_3D('',#3540,#3541,#3542);
#3540 = CARTESIAN_POINT('',(29.806040552865,27.719047643413,
    16.242074640854));
#3541 = DIRECTION('',(0.279790217564,0.960054464985,-3.585863780493E-03)
  );
#3542 = DIRECTION('',(0.960060637435,-0.279792016411,1.915804377489E-19)
  );
#3543 = DEFINITIONAL_REPRESENTATION('',(#3544),#3548);
#3544 = LINE('',#3545,#3546);
#3545 = CARTESIAN_POINT('',(-1.177498010232E-04,16.241027631818));
#3546 = VECTOR('',#3547,1.);
#3547 = DIRECTION('',(0.999998745297,1.584110023278E-03));
#3548 = ( GEOMETRIC_REPRESENTATION_CONTEXT(2) 
PARAMETRIC_REPRESENTATION_CONTEXT() REPRESENTATION_CONTEXT('2D SPACE',''
  ) );
#3549 = ORIENTED_EDGE('',*,*,#3550,.T.);
#3550 = EDGE_CURVE('',#3523,#226,#3551,.T.);
#3551 = SURFACE_CURVE('',#3552,(#3556,#3563),.PCURVE_S1.);
#3552 = LINE('',#3553,#3554);
#3553 = CARTESIAN_POINT('',(30.538144880883,27.445023818889,
    -8.362177728394E-05));
#3554 = VECTOR('',#3555,1.);
#3555 = DIRECTION('',(0.844815879861,-0.535007933726,-7.255341873656E-03
    ));
#3556 = PCURVE('',#3448,#3557);
#3557 = DEFINITIONAL_REPRESENTATION('',(#3558),#3562);
#3558 = LINE('',#3559,#3560);
#3559 = CARTESIAN_POINT('',(-0.42000796822,0.663182773674));
#3560 = VECTOR('',#3561,1.);
#3561 = DIRECTION('',(0.535044999903,-0.844823560324));
#3562 = ( GEOMETRIC_REPRESENTATION_CONTEXT(2) 
PARAMETRIC_REPRESENTATION_CONTEXT() REPRESENTATION_CONTEXT('2D SPACE',''
  ) );
#3563 = PCURVE('',#267,#3564);
#3564 = DEFINITIONAL_REPRESENTATION('',(#3565),#3569);
#3565 = LINE('',#3566,#3567);
#3566 = CARTESIAN_POINT('',(-0.784404101774,16.242158262631));
#3567 = VECTOR('',#3568,1.);
#3568 = DIRECTION('',(0.999973679661,7.255341873656E-03));
#3569 = ( GEOMETRIC_REPRESENTATION_CONTEXT(2) 
PARAMETRIC_REPRESENTATION_CONTEXT() REPRESENTATION_CONTEXT('2D SPACE',''
  ) );
#3570 = ADVANCED_FACE('',(#3571),#1211,.T.);
#3571 = FACE_BOUND('',#3572,.T.);
#3572 = EDGE_LOOP('',(#3573,#3596,#3597));
#3573 = ORIENTED_EDGE('',*,*,#3574,.F.);
#3574 = EDGE_CURVE('',#1196,#3575,#3577,.T.);
#3575 = VERTEX_POINT('',#3576);
#3576 = CARTESIAN_POINT('',(28.257001598732,-27.91914394123,
    16.242074640854));
#3577 = SURFACE_CURVE('',#3578,(#3582,#3589),.PCURVE_S1.);
#3578 = LINE('',#3579,#3580);
#3579 = CARTESIAN_POINT('',(-28.25699166261,-27.90047027285,
    3.427813946242E-02));
#3580 = VECTOR('',#3581,1.);
#3581 = DIRECTION('',(0.96124961495,-3.176214508326E-04,0.275679300773)
  );
#3582 = PCURVE('',#1211,#3583);
#3583 = DEFINITIONAL_REPRESENTATION('',(#3584),#3588);
#3584 = LINE('',#3585,#3586);
#3585 = CARTESIAN_POINT('',(16.207802627681,-56.5139945895));
#3586 = VECTOR('',#3587,1.);
#3587 = DIRECTION('',(-0.275679404975,0.961249637541));
#3588 = ( GEOMETRIC_REPRESENTATION_CONTEXT(2) 
PARAMETRIC_REPRESENTATION_CONTEXT() REPRESENTATION_CONTEXT('2D SPACE',''
  ) );
#3589 = PCURVE('',#2187,#3590);
#3590 = DEFINITIONAL_REPRESENTATION('',(#3591),#3595);
#3591 = LINE('',#3592,#3593);
#3592 = CARTESIAN_POINT('',(16.207803031528,-56.51399447368));
#3593 = VECTOR('',#3594,1.);
#3594 = DIRECTION('',(-0.275679411844,0.961249635571));
#3595 = ( GEOMETRIC_REPRESENTATION_CONTEXT(2) 
PARAMETRIC_REPRESENTATION_CONTEXT() REPRESENTATION_CONTEXT('2D SPACE',''
  ) );
#3596 = ORIENTED_EDGE('',*,*,#1195,.T.);
#3597 = ORIENTED_EDGE('',*,*,#3598,.T.);
#3598 = EDGE_CURVE('',#458,#3575,#3599,.T.);
#3599 = SURFACE_CURVE('',#3600,(#3604,#3611),.PCURVE_S1.);
#3600 = LINE('',#3601,#3602);
#3601 = CARTESIAN_POINT('',(28.256995354336,-27.91272296381,
    3.529742959999E-02));
#3602 = VECTOR('',#3603,1.);
#3603 = DIRECTION('',(3.852952888613E-07,-3.961908547576E-04,
    0.999999921516));
#3604 = PCURVE('',#1211,#3605);
#3605 = DEFINITIONAL_REPRESENTATION('',(#3606),#3610);
#3606 = LINE('',#3607,#3608);
#3607 = CARTESIAN_POINT('',(16.20677848322,-6.244395543955E-06));
#3608 = VECTOR('',#3609,1.);
#3609 = DIRECTION('',(-1.,3.852952979162E-07));
#3610 = ( GEOMETRIC_REPRESENTATION_CONTEXT(2) 
PARAMETRIC_REPRESENTATION_CONTEXT() REPRESENTATION_CONTEXT('2D SPACE',''
  ) );
#3611 = PCURVE('',#1121,#3612);
#3612 = DEFINITIONAL_REPRESENTATION('',(#3613),#3617);
#3613 = LINE('',#3614,#3615);
#3614 = CARTESIAN_POINT('',(-1.541690459757E-04,16.206778482488));
#3615 = VECTOR('',#3616,1.);
#3616 = DIRECTION('',(9.512627456177E-06,-0.999999999955));
#3617 = ( GEOMETRIC_REPRESENTATION_CONTEXT(2) 
PARAMETRIC_REPRESENTATION_CONTEXT() REPRESENTATION_CONTEXT('2D SPACE',''
  ) );
#3618 = ADVANCED_FACE('',(#3619),#2187,.T.);
#3619 = FACE_BOUND('',#3620,.T.);
#3620 = EDGE_LOOP('',(#3621,#3642,#3643));
#3621 = ORIENTED_EDGE('',*,*,#3622,.F.);
#3622 = EDGE_CURVE('',#2145,#3575,#3623,.T.);
#3623 = SURFACE_CURVE('',#3624,(#3628,#3635),.PCURVE_S1.);
#3624 = LINE('',#3625,#3626);
#3625 = CARTESIAN_POINT('',(-28.25698069208,-27.90743806377,
    16.242074640854));
#3626 = VECTOR('',#3627,1.);
#3627 = DIRECTION('',(0.999999978548,-2.071324074009E-04,0.));
#3628 = PCURVE('',#2187,#3629);
#3629 = DEFINITIONAL_REPRESENTATION('',(#3630),#3634);
#3630 = LINE('',#3631,#3632);
#3631 = CARTESIAN_POINT('',(5.032397368747E-06,-56.51398350315));
#3632 = VECTOR('',#3633,1.);
#3633 = DIRECTION('',(-8.904694124891E-08,1.));
#3634 = ( GEOMETRIC_REPRESENTATION_CONTEXT(2) 
PARAMETRIC_REPRESENTATION_CONTEXT() REPRESENTATION_CONTEXT('2D SPACE',''
  ) );
#3635 = PCURVE('',#1443,#3636);
#3636 = DEFINITIONAL_REPRESENTATION('',(#3637),#3641);
#3637 = LINE('',#3638,#3639);
#3638 = CARTESIAN_POINT('',(2.941728176748,-0.885429761821));
#3639 = VECTOR('',#3640,1.);
#3640 = DIRECTION('',(0.999999978548,-2.071324074009E-04));
#3641 = ( GEOMETRIC_REPRESENTATION_CONTEXT(2) 
PARAMETRIC_REPRESENTATION_CONTEXT() REPRESENTATION_CONTEXT('2D SPACE',''
  ) );
#3642 = ORIENTED_EDGE('',*,*,#2173,.F.);
#3643 = ORIENTED_EDGE('',*,*,#3574,.T.);
#3644 = ADVANCED_FACE('',(#3645),#1180,.T.);
#3645 = FACE_BOUND('',#3646,.T.);
#3646 = EDGE_LOOP('',(#3647,#3670,#3671));
#3647 = ORIENTED_EDGE('',*,*,#3648,.T.);
#3648 = EDGE_CURVE('',#3649,#400,#3651,.T.);
#3649 = VERTEX_POINT('',#3650);
#3650 = CARTESIAN_POINT('',(28.256989698029,27.906906704933,
    16.242074640854));
#3651 = SURFACE_CURVE('',#3652,(#3656,#3663),.PCURVE_S1.);
#3652 = LINE('',#3653,#3654);
#3653 = CARTESIAN_POINT('',(28.256989698029,27.906906704933,
    16.242074640854));
#3654 = VECTOR('',#3655,1.);
#3655 = DIRECTION('',(3.877386055723E-07,3.987032647932E-04,
    -0.999999920518));
#3656 = PCURVE('',#1180,#3657);
#3657 = DEFINITIONAL_REPRESENTATION('',(#3658),#3662);
#3658 = LINE('',#3659,#3660);
#3659 = CARTESIAN_POINT('',(0.,0.));
#3660 = VECTOR('',#3661,1.);
#3661 = DIRECTION('',(-1.,3.877386064557E-07));
#3662 = ( GEOMETRIC_REPRESENTATION_CONTEXT(2) 
PARAMETRIC_REPRESENTATION_CONTEXT() REPRESENTATION_CONTEXT('2D SPACE',''
  ) );
#3663 = PCURVE('',#3480,#3664);
#3664 = DEFINITIONAL_REPRESENTATION('',(#3665),#3669);
#3665 = LINE('',#3666,#3667);
#3666 = CARTESIAN_POINT('',(0.,0.));
#3667 = VECTOR('',#3668,1.);
#3668 = DIRECTION('',(-1.093972874349E-06,0.999999999999));
#3669 = ( GEOMETRIC_REPRESENTATION_CONTEXT(2) 
PARAMETRIC_REPRESENTATION_CONTEXT() REPRESENTATION_CONTEXT('2D SPACE',''
  ) );
#3670 = ORIENTED_EDGE('',*,*,#1166,.F.);
#3671 = ORIENTED_EDGE('',*,*,#3672,.T.);
#3672 = EDGE_CURVE('',#1139,#3649,#3673,.T.);
#3673 = SURFACE_CURVE('',#3674,(#3678,#3685),.PCURVE_S1.);
#3674 = LINE('',#3675,#3676);
#3675 = CARTESIAN_POINT('',(-28.25699611086,27.909556154813,
    2.84917162509E-02));
#3676 = VECTOR('',#3677,1.);
#3677 = DIRECTION('',(0.961223567835,-4.506342333757E-05,0.275770285941)
  );
#3678 = PCURVE('',#1180,#3679);
#3679 = DEFINITIONAL_REPRESENTATION('',(#3680),#3684);
#3680 = LINE('',#3681,#3682);
#3681 = CARTESIAN_POINT('',(-16.21358269225,-56.51398593766));
#3682 = VECTOR('',#3683,1.);
#3683 = DIRECTION('',(0.275770281989,0.961223570025));
#3684 = ( GEOMETRIC_REPRESENTATION_CONTEXT(2) 
PARAMETRIC_REPRESENTATION_CONTEXT() REPRESENTATION_CONTEXT('2D SPACE',''
  ) );
#3685 = PCURVE('',#3368,#3686);
#3686 = DEFINITIONAL_REPRESENTATION('',(#3687),#3691);
#3687 = LINE('',#3688,#3689);
#3688 = CARTESIAN_POINT('',(-16.21357178275,-56.51398906754));
#3689 = VECTOR('',#3690,1.);
#3690 = DIRECTION('',(0.275770096434,0.96122362326));
#3691 = ( GEOMETRIC_REPRESENTATION_CONTEXT(2) 
PARAMETRIC_REPRESENTATION_CONTEXT() REPRESENTATION_CONTEXT('2D SPACE',''
  ) );
#3692 = ADVANCED_FACE('',(#3693),#3368,.T.);
#3693 = FACE_BOUND('',#3694,.T.);
#3694 = EDGE_LOOP('',(#3695,#3696,#3697));
#3695 = ORIENTED_EDGE('',*,*,#3672,.F.);
#3696 = ORIENTED_EDGE('',*,*,#3352,.F.);
#3697 = ORIENTED_EDGE('',*,*,#3698,.T.);
#3698 = EDGE_CURVE('',#3353,#3649,#3699,.T.);
#3699 = SURFACE_CURVE('',#3700,(#3704,#3711),.PCURVE_S1.);
#3700 = LINE('',#3701,#3702);
#3701 = CARTESIAN_POINT('',(-28.25792464162,27.926098645268,
    16.242074640854));
#3702 = VECTOR('',#3703,1.);
#3703 = DIRECTION('',(0.999999942339,-3.395906983687E-04,0.));
#3704 = PCURVE('',#3368,#3705);
#3705 = DEFINITIONAL_REPRESENTATION('',(#3706),#3710);
#3706 = LINE('',#3707,#3708);
#3707 = CARTESIAN_POINT('',(1.958088316684E-05,-56.51491759835));
#3708 = VECTOR('',#3709,1.);
#3709 = DIRECTION('',(-3.464728252105E-07,1.));
#3710 = ( GEOMETRIC_REPRESENTATION_CONTEXT(2) 
PARAMETRIC_REPRESENTATION_CONTEXT() REPRESENTATION_CONTEXT('2D SPACE',''
  ) );
#3711 = PCURVE('',#1443,#3712);
#3712 = DEFINITIONAL_REPRESENTATION('',(#3713),#3717);
#3713 = LINE('',#3714,#3715);
#3714 = CARTESIAN_POINT('',(2.94078422721,54.948106947222));
#3715 = VECTOR('',#3716,1.);
#3716 = DIRECTION('',(0.999999942339,-3.395906983687E-04));
#3717 = ( GEOMETRIC_REPRESENTATION_CONTEXT(2) 
PARAMETRIC_REPRESENTATION_CONTEXT() REPRESENTATION_CONTEXT('2D SPACE',''
  ) );
#3718 = ADVANCED_FACE('',(#3719),#588,.T.);
#3719 = FACE_BOUND('',#3720,.T.);
#3720 = EDGE_LOOP('',(#3721,#3749,#3750));
#3721 = ORIENTED_EDGE('',*,*,#3722,.F.);
#3722 = EDGE_CURVE('',#573,#3723,#3725,.T.);
#3723 = VERTEX_POINT('',#3724);
#3724 = CARTESIAN_POINT('',(33.710029342093,-22.44347441356,
    16.242074640854));
#3725 = SURFACE_CURVE('',#3726,(#3730,#3737),.PCURVE_S1.);
#3726 = LINE('',#3727,#3728);
#3727 = CARTESIAN_POINT('',(33.6910598181,-23.22172063994,
    -9.023003301008E-03));
#3728 = VECTOR('',#3729,1.);
#3729 = DIRECTION('',(1.165939500031E-03,4.783398974102E-02,
    0.998854619057));
#3730 = PCURVE('',#588,#3731);
#3731 = DEFINITIONAL_REPRESENTATION('',(#3732),#3736);
#3732 = LINE('',#3733,#3734);
#3733 = CARTESIAN_POINT('',(-0.777101546619,-16.25116349243));
#3734 = VECTOR('',#3735,1.);
#3735 = DIRECTION('',(4.776363334421E-02,0.998858666344));
#3736 = ( GEOMETRIC_REPRESENTATION_CONTEXT(2) 
PARAMETRIC_REPRESENTATION_CONTEXT() REPRESENTATION_CONTEXT('2D SPACE',''
  ) );
#3737 = PCURVE('',#3738,#3743);
#3738 = PLANE('',#3739);
#3739 = AXIS2_PLACEMENT_3D('',#3740,#3741,#3742);
#3740 = CARTESIAN_POINT('',(33.690177649128,-23.22597589081,
    16.242074640854));
#3741 = DIRECTION('',(0.999678347652,-2.536136761193E-02,
    4.762547462447E-05));
#3742 = DIRECTION('',(2.536136764069E-02,0.999678348786,
    -2.223914459292E-22));
#3743 = DEFINITIONAL_REPRESENTATION('',(#3744),#3748);
#3744 = LINE('',#3745,#3746);
#3745 = CARTESIAN_POINT('',(4.276255167336E-03,-16.25109766258));
#3746 = VECTOR('',#3747,1.);
#3747 = DIRECTION('',(4.784817370045E-02,0.998854620189));
#3748 = ( GEOMETRIC_REPRESENTATION_CONTEXT(2) 
PARAMETRIC_REPRESENTATION_CONTEXT() REPRESENTATION_CONTEXT('2D SPACE',''
  ) );
#3749 = ORIENTED_EDGE('',*,*,#572,.T.);
#3750 = ORIENTED_EDGE('',*,*,#3751,.F.);
#3751 = EDGE_CURVE('',#3723,#515,#3752,.T.);
#3752 = SURFACE_CURVE('',#3753,(#3757,#3764),.PCURVE_S1.);
#3753 = LINE('',#3754,#3755);
#3754 = CARTESIAN_POINT('',(33.710029342093,-22.44347441356,
    16.242074640854));
#3755 = VECTOR('',#3756,1.);
#3756 = DIRECTION('',(2.85645811503E-03,-3.485183449257E-06,
    -0.999995920309));
#3757 = PCURVE('',#588,#3758);
#3758 = DEFINITIONAL_REPRESENTATION('',(#3759),#3763);
#3759 = LINE('',#3760,#3761);
#3760 = CARTESIAN_POINT('',(0.,0.));
#3761 = VECTOR('',#3762,1.);
#3762 = DIRECTION('',(2.357087163825E-04,-0.999999972221));
#3763 = ( GEOMETRIC_REPRESENTATION_CONTEXT(2) 
PARAMETRIC_REPRESENTATION_CONTEXT() REPRESENTATION_CONTEXT('2D SPACE',''
  ) );
#3764 = PCURVE('',#530,#3765);
#3765 = DEFINITIONAL_REPRESENTATION('',(#3766),#3770);
#3766 = LINE('',#3767,#3768);
#3767 = CARTESIAN_POINT('',(0.,0.));
#3768 = VECTOR('',#3769,1.);
#3769 = DIRECTION('',(-0.999999999994,3.485185027151E-06));
#3770 = ( GEOMETRIC_REPRESENTATION_CONTEXT(2) 
PARAMETRIC_REPRESENTATION_CONTEXT() REPRESENTATION_CONTEXT('2D SPACE',''
  ) );
#3771 = ADVANCED_FACE('',(#3772),#3738,.T.);
#3772 = FACE_BOUND('',#3773,.T.);
#3773 = EDGE_LOOP('',(#3774,#3797,#3798));
#3774 = ORIENTED_EDGE('',*,*,#3775,.T.);
#3775 = EDGE_CURVE('',#3776,#573,#3778,.T.);
#3776 = VERTEX_POINT('',#3777);
#3777 = CARTESIAN_POINT('',(33.690177649128,-23.22597589081,
    16.242074640854));
#3778 = SURFACE_CURVE('',#3779,(#3783,#3790),.PCURVE_S1.);
#3779 = LINE('',#3780,#3781);
#3780 = CARTESIAN_POINT('',(33.690177649128,-23.22597589081,
    16.242074640854));
#3781 = VECTOR('',#3782,1.);
#3782 = DIRECTION('',(5.428365267184E-05,2.618438953087E-04,
    -0.999999964246));
#3783 = PCURVE('',#3738,#3784);
#3784 = DEFINITIONAL_REPRESENTATION('',(#3785),#3789);
#3785 = LINE('',#3786,#3787);
#3786 = CARTESIAN_POINT('',(0.,0.));
#3787 = VECTOR('',#3788,1.);
#3788 = DIRECTION('',(2.631363805742E-04,-0.99999996538));
#3789 = ( GEOMETRIC_REPRESENTATION_CONTEXT(2) 
PARAMETRIC_REPRESENTATION_CONTEXT() REPRESENTATION_CONTEXT('2D SPACE',''
  ) );
#3790 = PCURVE('',#646,#3791);
#3791 = DEFINITIONAL_REPRESENTATION('',(#3792),#3796);
#3792 = LINE('',#3793,#3794);
#3793 = CARTESIAN_POINT('',(-2.655182868417E-08,3.552713678801E-15));
#3794 = VECTOR('',#3795,1.);
#3795 = DIRECTION('',(2.674115563282E-04,-0.999999964246));
#3796 = ( GEOMETRIC_REPRESENTATION_CONTEXT(2) 
PARAMETRIC_REPRESENTATION_CONTEXT() REPRESENTATION_CONTEXT('2D SPACE',''
  ) );
#3797 = ORIENTED_EDGE('',*,*,#3722,.T.);
#3798 = ORIENTED_EDGE('',*,*,#3799,.F.);
#3799 = EDGE_CURVE('',#3776,#3723,#3800,.T.);
#3800 = SURFACE_CURVE('',#3801,(#3805,#3812),.PCURVE_S1.);
#3801 = LINE('',#3802,#3803);
#3802 = CARTESIAN_POINT('',(33.690177649128,-23.22597589081,
    16.242074640854));
#3803 = VECTOR('',#3804,1.);
#3804 = DIRECTION('',(2.536136764069E-02,0.999678348786,
    -4.538740241888E-15));
#3805 = PCURVE('',#3738,#3806);
#3806 = DEFINITIONAL_REPRESENTATION('',(#3807),#3811);
#3807 = LINE('',#3808,#3809);
#3808 = CARTESIAN_POINT('',(0.,0.));
#3809 = VECTOR('',#3810,1.);
#3810 = DIRECTION('',(1.,-4.538739869244E-15));
#3811 = ( GEOMETRIC_REPRESENTATION_CONTEXT(2) 
PARAMETRIC_REPRESENTATION_CONTEXT() REPRESENTATION_CONTEXT('2D SPACE',''
  ) );
#3812 = PCURVE('',#1443,#3813);
#3813 = DEFINITIONAL_REPRESENTATION('',(#3814),#3818);
#3814 = LINE('',#3815,#3816);
#3815 = CARTESIAN_POINT('',(64.888886517962,3.796032411143));
#3816 = VECTOR('',#3817,1.);
#3817 = DIRECTION('',(2.536136764069E-02,0.999678348786));
#3818 = ( GEOMETRIC_REPRESENTATION_CONTEXT(2) 
PARAMETRIC_REPRESENTATION_CONTEXT() REPRESENTATION_CONTEXT('2D SPACE',''
  ) );
#3819 = ADVANCED_FACE('',(#3820),#994,.T.);
#3820 = FACE_BOUND('',#3821,.T.);
#3821 = EDGE_LOOP('',(#3822,#3850,#3851));
#3822 = ORIENTED_EDGE('',*,*,#3823,.T.);
#3823 = EDGE_CURVE('',#3824,#979,#3826,.T.);
#3824 = VERTEX_POINT('',#3825);
#3825 = CARTESIAN_POINT('',(31.842882738153,-26.58176570867,
    16.242074640854));
#3826 = SURFACE_CURVE('',#3827,(#3831,#3838),.PCURVE_S1.);
#3827 = LINE('',#3828,#3829);
#3828 = CARTESIAN_POINT('',(31.842882738153,-26.58176570867,
    16.242074640854));
#3829 = VECTOR('',#3830,1.);
#3830 = DIRECTION('',(1.845694204083E-03,-2.956862339468E-03,
    -0.999993925171));
#3831 = PCURVE('',#994,#3832);
#3832 = DEFINITIONAL_REPRESENTATION('',(#3833),#3837);
#3833 = LINE('',#3834,#3835);
#3834 = CARTESIAN_POINT('',(0.,0.));
#3835 = VECTOR('',#3836,1.);
#3836 = DIRECTION('',(-9.400158575367E-04,-0.999999558185));
#3837 = ( GEOMETRIC_REPRESENTATION_CONTEXT(2) 
PARAMETRIC_REPRESENTATION_CONTEXT() REPRESENTATION_CONTEXT('2D SPACE',''
  ) );
#3838 = PCURVE('',#3839,#3844);
#3839 = PLANE('',#3840);
#3840 = AXIS2_PLACEMENT_3D('',#3841,#3842,#3843);
#3841 = CARTESIAN_POINT('',(31.220811160088,-27.05374250015,
    16.242074640854));
#3842 = DIRECTION('',(0.604431952574,-0.796649211058,3.47119968852E-03)
  );
#3843 = DIRECTION('',(-0.796654010606,-0.604435594076,4.874189659426E-20
    ));
#3844 = DEFINITIONAL_REPRESENTATION('',(#3845),#3849);
#3845 = LINE('',#3846,#3847);
#3846 = CARTESIAN_POINT('',(-0.780855389898,3.552601275143E-15));
#3847 = VECTOR('',#3848,1.);
#3848 = DIRECTION('',(3.168531547233E-04,0.999999949802));
#3849 = ( GEOMETRIC_REPRESENTATION_CONTEXT(2) 
PARAMETRIC_REPRESENTATION_CONTEXT() REPRESENTATION_CONTEXT('2D SPACE',''
  ) );
#3850 = ORIENTED_EDGE('',*,*,#978,.T.);
#3851 = ORIENTED_EDGE('',*,*,#3852,.F.);
#3852 = EDGE_CURVE('',#3824,#921,#3853,.T.);
#3853 = SURFACE_CURVE('',#3854,(#3858,#3865),.PCURVE_S1.);
#3854 = LINE('',#3855,#3856);
#3855 = CARTESIAN_POINT('',(31.842882738153,-26.58176570867,
    16.242074640854));
#3856 = VECTOR('',#3857,1.);
#3857 = DIRECTION('',(3.485439909817E-02,3.322098449788E-02,
    -0.998840095837));
#3858 = PCURVE('',#994,#3859);
#3859 = DEFINITIONAL_REPRESENTATION('',(#3860),#3864);
#3860 = LINE('',#3861,#3862);
#3861 = CARTESIAN_POINT('',(0.,0.));
#3862 = VECTOR('',#3863,1.);
#3863 = DIRECTION('',(4.803356054416E-02,-0.998845722352));
#3864 = ( GEOMETRIC_REPRESENTATION_CONTEXT(2) 
PARAMETRIC_REPRESENTATION_CONTEXT() REPRESENTATION_CONTEXT('2D SPACE',''
  ) );
#3865 = PCURVE('',#3866,#3871);
#3866 = PLANE('',#3867);
#3867 = AXIS2_PLACEMENT_3D('',#3868,#3869,#3870);
#3868 = CARTESIAN_POINT('',(31.842882738153,-26.58176570867,
    16.242074640854));
#3869 = DIRECTION('',(0.747179255416,-0.664610724218,3.968063973689E-03)
  );
#3870 = DIRECTION('',(0.664615956604,0.747185137852,1.567648248868E-20)
  );
#3871 = DEFINITIONAL_REPRESENTATION('',(#3872),#3876);
#3872 = LINE('',#3873,#3874);
#3873 = CARTESIAN_POINT('',(0.,0.));
#3874 = VECTOR('',#3875,1.);
#3875 = DIRECTION('',(4.798701568013E-02,-0.998847959564));
#3876 = ( GEOMETRIC_REPRESENTATION_CONTEXT(2) 
PARAMETRIC_REPRESENTATION_CONTEXT() REPRESENTATION_CONTEXT('2D SPACE',''
  ) );
#3877 = ADVANCED_FACE('',(#3878),#3866,.T.);
#3878 = FACE_BOUND('',#3879,.T.);
#3879 = EDGE_LOOP('',(#3880,#3881,#3909));
#3880 = ORIENTED_EDGE('',*,*,#3852,.T.);
#3881 = ORIENTED_EDGE('',*,*,#3882,.F.);
#3882 = EDGE_CURVE('',#3883,#921,#3885,.T.);
#3883 = VERTEX_POINT('',#3884);
#3884 = CARTESIAN_POINT('',(32.360820882747,-25.99948103717,
    16.242074640854));
#3885 = SURFACE_CURVE('',#3886,(#3890,#3897),.PCURVE_S1.);
#3886 = LINE('',#3887,#3888);
#3887 = CARTESIAN_POINT('',(32.360820882747,-25.99948103717,
    16.242074640854));
#3888 = VECTOR('',#3889,1.);
#3889 = DIRECTION('',(3.006425731735E-03,-2.59052964952E-03,
    -0.999992125249));
#3890 = PCURVE('',#3866,#3891);
#3891 = DEFINITIONAL_REPRESENTATION('',(#3892),#3896);
#3892 = LINE('',#3893,#3894);
#3893 = CARTESIAN_POINT('',(0.779304407979,1.322740661259E-19));
#3894 = VECTOR('',#3895,1.);
#3895 = DIRECTION('',(6.251326036913E-05,-0.999999998046));
#3896 = ( GEOMETRIC_REPRESENTATION_CONTEXT(2) 
PARAMETRIC_REPRESENTATION_CONTEXT() REPRESENTATION_CONTEXT('2D SPACE',''
  ) );
#3897 = PCURVE('',#3898,#3903);
#3898 = PLANE('',#3899);
#3899 = AXIS2_PLACEMENT_3D('',#3900,#3901,#3902);
#3900 = CARTESIAN_POINT('',(32.360820882747,-25.99948103717,
    16.242074640854));
#3901 = DIRECTION('',(0.756945704498,-0.653465722908,3.968554625047E-03)
  );
#3902 = DIRECTION('',(0.653470868824,0.756951665299,-2.215955467163E-20)
  );
#3903 = DEFINITIONAL_REPRESENTATION('',(#3904),#3908);
#3904 = LINE('',#3905,#3906);
#3905 = CARTESIAN_POINT('',(0.,0.));
#3906 = VECTOR('',#3907,1.);
#3907 = DIRECTION('',(3.7059027618E-06,-0.999999999993));
#3908 = ( GEOMETRIC_REPRESENTATION_CONTEXT(2) 
PARAMETRIC_REPRESENTATION_CONTEXT() REPRESENTATION_CONTEXT('2D SPACE',''
  ) );
#3909 = ORIENTED_EDGE('',*,*,#3910,.F.);
#3910 = EDGE_CURVE('',#3824,#3883,#3911,.T.);
#3911 = SURFACE_CURVE('',#3912,(#3916,#3923),.PCURVE_S1.);
#3912 = LINE('',#3913,#3914);
#3913 = CARTESIAN_POINT('',(31.842882738153,-26.58176570867,
    16.242074640854));
#3914 = VECTOR('',#3915,1.);
#3915 = DIRECTION('',(0.664615956604,0.747185137852,0.));
#3916 = PCURVE('',#3866,#3917);
#3917 = DEFINITIONAL_REPRESENTATION('',(#3918),#3922);
#3918 = LINE('',#3919,#3920);
#3919 = CARTESIAN_POINT('',(0.,0.));
#3920 = VECTOR('',#3921,1.);
#3921 = DIRECTION('',(1.,1.297422071278E-19));
#3922 = ( GEOMETRIC_REPRESENTATION_CONTEXT(2) 
PARAMETRIC_REPRESENTATION_CONTEXT() REPRESENTATION_CONTEXT('2D SPACE',''
  ) );
#3923 = PCURVE('',#1443,#3924);
#3924 = DEFINITIONAL_REPRESENTATION('',(#3925),#3929);
#3925 = LINE('',#3926,#3927);
#3926 = CARTESIAN_POINT('',(63.041591606987,0.440242593276));
#3927 = VECTOR('',#3928,1.);
#3928 = DIRECTION('',(0.664615956604,0.747185137852));
#3929 = ( GEOMETRIC_REPRESENTATION_CONTEXT(2) 
PARAMETRIC_REPRESENTATION_CONTEXT() REPRESENTATION_CONTEXT('2D SPACE',''
  ) );
#3930 = ADVANCED_FACE('',(#3931),#3898,.T.);
#3931 = FACE_BOUND('',#3932,.T.);
#3932 = EDGE_LOOP('',(#3933,#3934,#3957));
#3933 = ORIENTED_EDGE('',*,*,#3882,.T.);
#3934 = ORIENTED_EDGE('',*,*,#3935,.T.);
#3935 = EDGE_CURVE('',#921,#3936,#3938,.T.);
#3936 = VERTEX_POINT('',#3937);
#3937 = CARTESIAN_POINT('',(32.924317264238,-25.34675182657,
    16.242074640854));
#3938 = SURFACE_CURVE('',#3939,(#3943,#3950),.PCURVE_S1.);
#3939 = LINE('',#3940,#3941);
#3940 = CARTESIAN_POINT('',(32.409652233208,-26.04155726738,
    -1.246627302223E-04));
#3941 = VECTOR('',#3942,1.);
#3942 = DIRECTION('',(3.164210016297E-02,4.271730548305E-02,
    0.998586004964));
#3943 = PCURVE('',#3898,#3944);
#3944 = DEFINITIONAL_REPRESENTATION('',(#3945),#3949);
#3945 = LINE('',#3946,#3947);
#3946 = CARTESIAN_POINT('',(6.019248525769E-05,-16.24232720775));
#3947 = VECTOR('',#3948,1.);
#3948 = DIRECTION('',(5.301212620738E-02,0.998593868635));
#3949 = ( GEOMETRIC_REPRESENTATION_CONTEXT(2) 
PARAMETRIC_REPRESENTATION_CONTEXT() REPRESENTATION_CONTEXT('2D SPACE',''
  ) );
#3950 = PCURVE('',#936,#3951);
#3951 = DEFINITIONAL_REPRESENTATION('',(#3952),#3956);
#3952 = LINE('',#3953,#3954);
#3953 = CARTESIAN_POINT('',(-0.864658715764,-16.24219930358));
#3954 = VECTOR('',#3955,1.);
#3955 = DIRECTION('',(5.31600478786E-02,0.998586004964));
#3956 = ( GEOMETRIC_REPRESENTATION_CONTEXT(2) 
PARAMETRIC_REPRESENTATION_CONTEXT() REPRESENTATION_CONTEXT('2D SPACE',''
  ) );
#3957 = ORIENTED_EDGE('',*,*,#3958,.F.);
#3958 = EDGE_CURVE('',#3883,#3936,#3959,.T.);
#3959 = SURFACE_CURVE('',#3960,(#3964,#3971),.PCURVE_S1.);
#3960 = LINE('',#3961,#3962);
#3961 = CARTESIAN_POINT('',(32.360820882747,-25.99948103717,
    16.242074640854));
#3962 = VECTOR('',#3963,1.);
#3963 = DIRECTION('',(0.653470868824,0.756951665299,4.119981903389E-15)
  );
#3964 = PCURVE('',#3898,#3965);
#3965 = DEFINITIONAL_REPRESENTATION('',(#3966),#3970);
#3966 = LINE('',#3967,#3968);
#3967 = CARTESIAN_POINT('',(0.,0.));
#3968 = VECTOR('',#3969,1.);
#3969 = DIRECTION('',(1.,4.12056756648E-15));
#3970 = ( GEOMETRIC_REPRESENTATION_CONTEXT(2) 
PARAMETRIC_REPRESENTATION_CONTEXT() REPRESENTATION_CONTEXT('2D SPACE',''
  ) );
#3971 = PCURVE('',#1443,#3972);
#3972 = DEFINITIONAL_REPRESENTATION('',(#3973),#3977);
#3973 = LINE('',#3974,#3975);
#3974 = CARTESIAN_POINT('',(63.559529751582,1.02252726478));
#3975 = VECTOR('',#3976,1.);
#3976 = DIRECTION('',(0.653470868824,0.756951665299));
#3977 = ( GEOMETRIC_REPRESENTATION_CONTEXT(2) 
PARAMETRIC_REPRESENTATION_CONTEXT() REPRESENTATION_CONTEXT('2D SPACE',''
  ) );
#3978 = ADVANCED_FACE('',(#3979),#3839,.T.);
#3979 = FACE_BOUND('',#3980,.T.);
#3980 = EDGE_LOOP('',(#3981,#4004,#4005));
#3981 = ORIENTED_EDGE('',*,*,#3982,.T.);
#3982 = EDGE_CURVE('',#3983,#979,#3985,.T.);
#3983 = VERTEX_POINT('',#3984);
#3984 = CARTESIAN_POINT('',(31.220811160088,-27.05374250015,
    16.242074640854));
#3985 = SURFACE_CURVE('',#3986,(#3990,#3997),.PCURVE_S1.);
#3986 = LINE('',#3987,#3988);
#3987 = CARTESIAN_POINT('',(31.220811160088,-27.05374250015,
    16.242074640854));
#3988 = VECTOR('',#3989,1.);
#3989 = DIRECTION('',(4.009936464418E-02,2.607183952109E-02,
    -0.998855495124));
#3990 = PCURVE('',#3839,#3991);
#3991 = DEFINITIONAL_REPRESENTATION('',(#3992),#3996);
#3992 = LINE('',#3993,#3994);
#3993 = CARTESIAN_POINT('',(0.,0.));
#3994 = VECTOR('',#3995,1.);
#3995 = DIRECTION('',(-4.77040674761E-02,0.998861512897));
#3996 = ( GEOMETRIC_REPRESENTATION_CONTEXT(2) 
PARAMETRIC_REPRESENTATION_CONTEXT() REPRESENTATION_CONTEXT('2D SPACE',''
  ) );
#3997 = PCURVE('',#904,#3998);
#3998 = DEFINITIONAL_REPRESENTATION('',(#3999),#4003);
#3999 = LINE('',#4000,#4001);
#4000 = CARTESIAN_POINT('',(-1.343588901574E-07,-3.551995932968E-15));
#4001 = VECTOR('',#4002,1.);
#4002 = DIRECTION('',(-4.772487000483E-02,0.998860519183));
#4003 = ( GEOMETRIC_REPRESENTATION_CONTEXT(2) 
PARAMETRIC_REPRESENTATION_CONTEXT() REPRESENTATION_CONTEXT('2D SPACE',''
  ) );
#4004 = ORIENTED_EDGE('',*,*,#3823,.F.);
#4005 = ORIENTED_EDGE('',*,*,#4006,.F.);
#4006 = EDGE_CURVE('',#3983,#3824,#4007,.T.);
#4007 = SURFACE_CURVE('',#4008,(#4012,#4019),.PCURVE_S1.);
#4008 = LINE('',#4009,#4010);
#4009 = CARTESIAN_POINT('',(31.220811160088,-27.05374250015,
    16.242074640854));
#4010 = VECTOR('',#4011,1.);
#4011 = DIRECTION('',(0.796654010606,0.604435594076,-4.549771602736E-15)
  );
#4012 = PCURVE('',#3839,#4013);
#4013 = DEFINITIONAL_REPRESENTATION('',(#4014),#4018);
#4014 = LINE('',#4015,#4016);
#4015 = CARTESIAN_POINT('',(0.,0.));
#4016 = VECTOR('',#4017,1.);
#4017 = DIRECTION('',(-1.,4.549485756506E-15));
#4018 = ( GEOMETRIC_REPRESENTATION_CONTEXT(2) 
PARAMETRIC_REPRESENTATION_CONTEXT() REPRESENTATION_CONTEXT('2D SPACE',''
  ) );
#4019 = PCURVE('',#1443,#4020);
#4020 = DEFINITIONAL_REPRESENTATION('',(#4021),#4025);
#4021 = LINE('',#4022,#4023);
#4022 = CARTESIAN_POINT('',(62.419520028922,-3.17341982048E-02));
#4023 = VECTOR('',#4024,1.);
#4024 = DIRECTION('',(0.796654010606,0.604435594076));
#4025 = ( GEOMETRIC_REPRESENTATION_CONTEXT(2) 
PARAMETRIC_REPRESENTATION_CONTEXT() REPRESENTATION_CONTEXT('2D SPACE',''
  ) );
#4026 = ADVANCED_FACE('',(#4027),#1121,.T.);
#4027 = FACE_BOUND('',#4028,.T.);
#4028 = EDGE_LOOP('',(#4029,#4030,#4031));
#4029 = ORIENTED_EDGE('',*,*,#3598,.F.);
#4030 = ORIENTED_EDGE('',*,*,#1107,.T.);
#4031 = ORIENTED_EDGE('',*,*,#4032,.F.);
#4032 = EDGE_CURVE('',#3575,#1085,#4033,.T.);
#4033 = SURFACE_CURVE('',#4034,(#4038,#4045),.PCURVE_S1.);
#4034 = LINE('',#4035,#4036);
#4035 = CARTESIAN_POINT('',(28.257001598732,-27.91914394123,
    16.242074640854));
#4036 = VECTOR('',#4037,1.);
#4037 = DIRECTION('',(4.835791279222E-02,1.604210872419E-03,
    -0.998828783515));
#4038 = PCURVE('',#1121,#4039);
#4039 = DEFINITIONAL_REPRESENTATION('',(#4040),#4044);
#4040 = LINE('',#4041,#4042);
#4041 = CARTESIAN_POINT('',(-0.,0.));
#4042 = VECTOR('',#4043,1.);
#4043 = DIRECTION('',(-4.838289690092E-02,0.998828861861));
#4044 = ( GEOMETRIC_REPRESENTATION_CONTEXT(2) 
PARAMETRIC_REPRESENTATION_CONTEXT() REPRESENTATION_CONTEXT('2D SPACE',''
  ) );
#4045 = PCURVE('',#4046,#4051);
#4046 = PLANE('',#4047);
#4047 = AXIS2_PLACEMENT_3D('',#4048,#4049,#4050);
#4048 = CARTESIAN_POINT('',(28.257001598732,-27.91914394123,
    16.242074640854));
#4049 = DIRECTION('',(3.231249188585E-02,-0.99947781426,
    -4.085636330882E-05));
#4050 = DIRECTION('',(-0.999477815095,-3.231249191282E-02,
    9.570001024263E-23));
#4051 = DEFINITIONAL_REPRESENTATION('',(#4052),#4056);
#4052 = LINE('',#4053,#4054);
#4053 = CARTESIAN_POINT('',(0.,0.));
#4054 = VECTOR('',#4055,1.);
#4055 = DIRECTION('',(-4.838449707095E-02,0.998828784349));
#4056 = ( GEOMETRIC_REPRESENTATION_CONTEXT(2) 
PARAMETRIC_REPRESENTATION_CONTEXT() REPRESENTATION_CONTEXT('2D SPACE',''
  ) );
#4057 = ADVANCED_FACE('',(#4058),#4046,.T.);
#4058 = FACE_BOUND('',#4059,.T.);
#4059 = EDGE_LOOP('',(#4060,#4061,#4084));
#4060 = ORIENTED_EDGE('',*,*,#4032,.T.);
#4061 = ORIENTED_EDGE('',*,*,#4062,.F.);
#4062 = EDGE_CURVE('',#4063,#1085,#4065,.T.);
#4063 = VERTEX_POINT('',#4064);
#4064 = CARTESIAN_POINT('',(29.04105665241,-27.8937959323,
    16.242074640854));
#4065 = SURFACE_CURVE('',#4066,(#4070,#4077),.PCURVE_S1.);
#4066 = LINE('',#4067,#4068);
#4067 = CARTESIAN_POINT('',(29.04105665241,-27.8937959323,
    16.242074640854));
#4068 = VECTOR('',#4069,1.);
#4069 = DIRECTION('',(1.41610426995E-04,4.545588504513E-05,
    -0.99999998894));
#4070 = PCURVE('',#4046,#4071);
#4071 = DEFINITIONAL_REPRESENTATION('',(#4072),#4076);
#4072 = LINE('',#4073,#4074);
#4073 = CARTESIAN_POINT('',(-0.784464689298,-3.552713617712E-15));
#4074 = VECTOR('',#4075,1.);
#4075 = DIRECTION('',(-1.430052730855E-04,0.999999989775));
#4076 = ( GEOMETRIC_REPRESENTATION_CONTEXT(2) 
PARAMETRIC_REPRESENTATION_CONTEXT() REPRESENTATION_CONTEXT('2D SPACE',''
  ) );
#4077 = PCURVE('',#788,#4078);
#4078 = DEFINITIONAL_REPRESENTATION('',(#4079),#4083);
#4079 = LINE('',#4080,#4081);
#4080 = CARTESIAN_POINT('',(0.78338927657,-3.552713678801E-15));
#4081 = VECTOR('',#4082,1.);
#4082 = DIRECTION('',(-1.487271008221E-04,0.99999998894));
#4083 = ( GEOMETRIC_REPRESENTATION_CONTEXT(2) 
PARAMETRIC_REPRESENTATION_CONTEXT() REPRESENTATION_CONTEXT('2D SPACE',''
  ) );
#4084 = ORIENTED_EDGE('',*,*,#4085,.F.);
#4085 = EDGE_CURVE('',#3575,#4063,#4086,.T.);
#4086 = SURFACE_CURVE('',#4087,(#4091,#4098),.PCURVE_S1.);
#4087 = LINE('',#4088,#4089);
#4088 = CARTESIAN_POINT('',(28.257001598732,-27.91914394123,
    16.242074640854));
#4089 = VECTOR('',#4090,1.);
#4090 = DIRECTION('',(0.999477815095,3.231249191282E-02,
    4.528838234872E-15));
#4091 = PCURVE('',#4046,#4092);
#4092 = DEFINITIONAL_REPRESENTATION('',(#4093),#4097);
#4093 = LINE('',#4094,#4095);
#4094 = CARTESIAN_POINT('',(0.,0.));
#4095 = VECTOR('',#4096,1.);
#4096 = DIRECTION('',(-1.,-4.528838235702E-15));
#4097 = ( GEOMETRIC_REPRESENTATION_CONTEXT(2) 
PARAMETRIC_REPRESENTATION_CONTEXT() REPRESENTATION_CONTEXT('2D SPACE',''
  ) );
#4098 = PCURVE('',#1443,#4099);
#4099 = DEFINITIONAL_REPRESENTATION('',(#4100),#4104);
#4100 = LINE('',#4101,#4102);
#4101 = CARTESIAN_POINT('',(59.455710467566,-0.897135639276));
#4102 = VECTOR('',#4103,1.);
#4103 = DIRECTION('',(0.999477815095,3.231249191282E-02));
#4104 = ( GEOMETRIC_REPRESENTATION_CONTEXT(2) 
PARAMETRIC_REPRESENTATION_CONTEXT() REPRESENTATION_CONTEXT('2D SPACE',''
  ) );
#4105 = ADVANCED_FACE('',(#4106),#357,.T.);
#4106 = FACE_BOUND('',#4107,.T.);
#4107 = EDGE_LOOP('',(#4108,#4136,#4137));
#4108 = ORIENTED_EDGE('',*,*,#4109,.T.);
#4109 = EDGE_CURVE('',#4110,#342,#4112,.T.);
#4110 = VERTEX_POINT('',#4111);
#4111 = CARTESIAN_POINT('',(33.702604869348,22.443431872043,
    16.242074640854));
#4112 = SURFACE_CURVE('',#4113,(#4117,#4124),.PCURVE_S1.);
#4113 = LINE('',#4114,#4115);
#4114 = CARTESIAN_POINT('',(33.702604869348,22.443431872043,
    16.242074640854));
#4115 = VECTOR('',#4116,1.);
#4116 = DIRECTION('',(6.828972476458E-04,3.540300654783E-06,
    -0.999999766819));
#4117 = PCURVE('',#357,#4118);
#4118 = DEFINITIONAL_REPRESENTATION('',(#4119),#4123);
#4119 = LINE('',#4120,#4121);
#4120 = CARTESIAN_POINT('',(0.,0.));
#4121 = VECTOR('',#4122,1.);
#4122 = DIRECTION('',(-3.032599831317E-05,-0.99999999954));
#4123 = ( GEOMETRIC_REPRESENTATION_CONTEXT(2) 
PARAMETRIC_REPRESENTATION_CONTEXT() REPRESENTATION_CONTEXT('2D SPACE',''
  ) );
#4124 = PCURVE('',#4125,#4130);
#4125 = PLANE('',#4126);
#4126 = AXIS2_PLACEMENT_3D('',#4127,#4128,#4129);
#4127 = CARTESIAN_POINT('',(33.710029342093,-22.44347441356,
    16.242074640854));
#4128 = DIRECTION('',(0.999999753146,1.654039346085E-04,
    6.828978238881E-04));
#4129 = DIRECTION('',(-6.828978332296E-04,7.341378630694E-24,
    0.999999766825));
#4130 = DEFINITIONAL_REPRESENTATION('',(#4131),#4135);
#4131 = LINE('',#4132,#4133);
#4132 = CARTESIAN_POINT('',(5.070156350297E-06,-44.88690689962));
#4133 = VECTOR('',#4134,1.);
#4134 = DIRECTION('',(-0.999999999994,-3.540300703212E-06));
#4135 = ( GEOMETRIC_REPRESENTATION_CONTEXT(2) 
PARAMETRIC_REPRESENTATION_CONTEXT() REPRESENTATION_CONTEXT('2D SPACE',''
  ) );
#4136 = ORIENTED_EDGE('',*,*,#341,.F.);
#4137 = ORIENTED_EDGE('',*,*,#4138,.T.);
#4138 = EDGE_CURVE('',#284,#4110,#4139,.T.);
#4139 = SURFACE_CURVE('',#4140,(#4144,#4151),.PCURVE_S1.);
#4140 = LINE('',#4141,#4142);
#4141 = CARTESIAN_POINT('',(33.674942984717,23.224041549725,
    2.419549796821E-03));
#4142 = VECTOR('',#4143,1.);
#4143 = DIRECTION('',(1.701387298906E-03,-4.801261406189E-02,
    0.998845280397));
#4144 = PCURVE('',#357,#4145);
#4145 = DEFINITIONAL_REPRESENTATION('',(#4146),#4150);
#4146 = LINE('',#4147,#4148);
#4147 = CARTESIAN_POINT('',(0.781021062123,-16.23965887036));
#4148 = VECTOR('',#4149,1.);
#4149 = DIRECTION('',(-4.80379169027E-02,0.99884551285));
#4150 = ( GEOMETRIC_REPRESENTATION_CONTEXT(2) 
PARAMETRIC_REPRESENTATION_CONTEXT() REPRESENTATION_CONTEXT('2D SPACE',''
  ) );
#4151 = PCURVE('',#4152,#4157);
#4152 = PLANE('',#4153);
#4153 = AXIS2_PLACEMENT_3D('',#4154,#4155,#4156);
#4154 = CARTESIAN_POINT('',(33.674877769164,23.222426696956,
    16.242074640854));
#4155 = DIRECTION('',(0.999367154978,3.557090797056E-02,
    7.550410405154E-06));
#4156 = DIRECTION('',(-3.557090797157E-02,0.999367155007,
    -5.554467530973E-23));
#4157 = DEFINITIONAL_REPRESENTATION('',(#4158),#4162);
#4158 = LINE('',#4159,#4160);
#4159 = CARTESIAN_POINT('',(1.61151104073E-03,-16.23965509152));
#4160 = VECTOR('',#4161,1.);
#4161 = DIRECTION('',(-4.80427494105E-02,0.998845280426));
#4162 = ( GEOMETRIC_REPRESENTATION_CONTEXT(2) 
PARAMETRIC_REPRESENTATION_CONTEXT() REPRESENTATION_CONTEXT('2D SPACE',''
  ) );
#4163 = ADVANCED_FACE('',(#4164),#4152,.T.);
#4164 = FACE_BOUND('',#4165,.T.);
#4165 = EDGE_LOOP('',(#4166,#4189,#4190));
#4166 = ORIENTED_EDGE('',*,*,#4167,.T.);
#4167 = EDGE_CURVE('',#4168,#4110,#4170,.T.);
#4168 = VERTEX_POINT('',#4169);
#4169 = CARTESIAN_POINT('',(33.674877769164,23.222426696956,
    16.242074640854));
#4170 = SURFACE_CURVE('',#4171,(#4175,#4182),.PCURVE_S1.);
#4171 = LINE('',#4172,#4173);
#4172 = CARTESIAN_POINT('',(33.674877769164,23.222426696956,
    16.242074640854));
#4173 = VECTOR('',#4174,1.);
#4174 = DIRECTION('',(3.557090797157E-02,-0.999367155007,
    -4.557752180358E-15));
#4175 = PCURVE('',#4152,#4176);
#4176 = DEFINITIONAL_REPRESENTATION('',(#4177),#4181);
#4177 = LINE('',#4178,#4179);
#4178 = CARTESIAN_POINT('',(0.,0.));
#4179 = VECTOR('',#4180,1.);
#4180 = DIRECTION('',(-1.,-4.557752291349E-15));
#4181 = ( GEOMETRIC_REPRESENTATION_CONTEXT(2) 
PARAMETRIC_REPRESENTATION_CONTEXT() REPRESENTATION_CONTEXT('2D SPACE',''
  ) );
#4182 = PCURVE('',#1443,#4183);
#4183 = DEFINITIONAL_REPRESENTATION('',(#4184),#4188);
#4184 = LINE('',#4185,#4186);
#4185 = CARTESIAN_POINT('',(64.873586637999,50.244434998911));
#4186 = VECTOR('',#4187,1.);
#4187 = DIRECTION('',(3.557090797157E-02,-0.999367155007));
#4188 = ( GEOMETRIC_REPRESENTATION_CONTEXT(2) 
PARAMETRIC_REPRESENTATION_CONTEXT() REPRESENTATION_CONTEXT('2D SPACE',''
  ) );
#4189 = ORIENTED_EDGE('',*,*,#4138,.F.);
#4190 = ORIENTED_EDGE('',*,*,#4191,.F.);
#4191 = EDGE_CURVE('',#4168,#284,#4192,.T.);
#4192 = SURFACE_CURVE('',#4193,(#4197,#4204),.PCURVE_S1.);
#4193 = LINE('',#4194,#4195);
#4194 = CARTESIAN_POINT('',(33.674877769164,23.222426696956,
    16.242074640854));
#4195 = VECTOR('',#4196,1.);
#4196 = DIRECTION('',(4.015821284709E-06,9.943885825153E-05,
    -0.999999995048));
#4197 = PCURVE('',#4152,#4198);
#4198 = DEFINITIONAL_REPRESENTATION('',(#4199),#4203);
#4199 = LINE('',#4200,#4201);
#4200 = CARTESIAN_POINT('',(0.,0.));
#4201 = VECTOR('',#4202,1.);
#4202 = DIRECTION('',(9.92330824586E-05,-0.999999995076));
#4203 = ( GEOMETRIC_REPRESENTATION_CONTEXT(2) 
PARAMETRIC_REPRESENTATION_CONTEXT() REPRESENTATION_CONTEXT('2D SPACE',''
  ) );
#4204 = PCURVE('',#299,#4205);
#4205 = DEFINITIONAL_REPRESENTATION('',(#4206),#4210);
#4206 = LINE('',#4207,#4208);
#4207 = CARTESIAN_POINT('',(1.635119971435E-07,3.552671389261E-15));
#4208 = VECTOR('',#4209,1.);
#4209 = DIRECTION('',(9.73564143822E-05,-0.999999995261));
#4210 = ( GEOMETRIC_REPRESENTATION_CONTEXT(2) 
PARAMETRIC_REPRESENTATION_CONTEXT() REPRESENTATION_CONTEXT('2D SPACE',''
  ) );
#4211 = ADVANCED_FACE('',(#4212),#3538,.T.);
#4212 = FACE_BOUND('',#4213,.T.);
#4213 = EDGE_LOOP('',(#4214,#4242,#4243));
#4214 = ORIENTED_EDGE('',*,*,#4215,.T.);
#4215 = EDGE_CURVE('',#4216,#3523,#4218,.T.);
#4216 = VERTEX_POINT('',#4217);
#4217 = CARTESIAN_POINT('',(29.806040552865,27.719047643413,
    16.242074640854));
#4218 = SURFACE_CURVE('',#4219,(#4223,#4230),.PCURVE_S1.);
#4219 = LINE('',#4220,#4221);
#4220 = CARTESIAN_POINT('',(29.806040552865,27.719047643413,
    16.242074640854));
#4221 = VECTOR('',#4222,1.);
#4222 = DIRECTION('',(4.502221248029E-02,-1.685164037451E-02,
    -0.99884384295));
#4223 = PCURVE('',#3538,#4224);
#4224 = DEFINITIONAL_REPRESENTATION('',(#4225),#4229);
#4225 = LINE('',#4226,#4227);
#4226 = CARTESIAN_POINT('',(0.,-0.));
#4227 = VECTOR('',#4228,1.);
#4228 = DIRECTION('',(4.793900845279E-02,0.998850264789));
#4229 = ( GEOMETRIC_REPRESENTATION_CONTEXT(2) 
PARAMETRIC_REPRESENTATION_CONTEXT() REPRESENTATION_CONTEXT('2D SPACE',''
  ) );
#4230 = PCURVE('',#4231,#4236);
#4231 = PLANE('',#4232);
#4232 = AXIS2_PLACEMENT_3D('',#4233,#4234,#4235);
#4233 = CARTESIAN_POINT('',(29.806040552865,27.719047643413,
    16.242074640854));
#4234 = DIRECTION('',(0.352482774648,0.935818296282,9.959613979504E-05)
  );
#4235 = DIRECTION('',(0.935818300924,-0.352482776396,4.635473397253E-22)
  );
#4236 = DEFINITIONAL_REPRESENTATION('',(#4237),#4241);
#4237 = LINE('',#4238,#4239);
#4238 = CARTESIAN_POINT('',(0.,0.));
#4239 = VECTOR('',#4240,1.);
#4240 = DIRECTION('',(4.807252337317E-02,0.998843847904));
#4241 = ( GEOMETRIC_REPRESENTATION_CONTEXT(2) 
PARAMETRIC_REPRESENTATION_CONTEXT() REPRESENTATION_CONTEXT('2D SPACE',''
  ) );
#4242 = ORIENTED_EDGE('',*,*,#3522,.F.);
#4243 = ORIENTED_EDGE('',*,*,#4244,.T.);
#4244 = EDGE_CURVE('',#3407,#4216,#4245,.T.);
#4245 = SURFACE_CURVE('',#4246,(#4250,#4257),.PCURVE_S1.);
#4246 = LINE('',#4247,#4248);
#4247 = CARTESIAN_POINT('',(29.789632946919,27.663168469224,
    1.151426341792E-03));
#4248 = VECTOR('',#4249,1.);
#4249 = DIRECTION('',(1.010256636271E-03,3.44061813415E-03,
    0.999993570744));
#4250 = PCURVE('',#3538,#4251);
#4251 = DEFINITIONAL_REPRESENTATION('',(#4252),#4256);
#4252 = LINE('',#4253,#4254);
#4253 = CARTESIAN_POINT('',(-1.177498010232E-04,16.241027631818));
#4254 = VECTOR('',#4255,1.);
#4255 = DIRECTION('',(7.250144737725E-06,-0.999999999974));
#4256 = ( GEOMETRIC_REPRESENTATION_CONTEXT(2) 
PARAMETRIC_REPRESENTATION_CONTEXT() REPRESENTATION_CONTEXT('2D SPACE',''
  ) );
#4257 = PCURVE('',#3506,#4258);
#4258 = DEFINITIONAL_REPRESENTATION('',(#4259),#4263);
#4259 = LINE('',#4260,#4261);
#4260 = CARTESIAN_POINT('',(1.994703763263E-03,16.241027509751));
#4261 = VECTOR('',#4262,1.);
#4262 = DIRECTION('',(-1.228188146976E-04,-0.999999992458));
#4263 = ( GEOMETRIC_REPRESENTATION_CONTEXT(2) 
PARAMETRIC_REPRESENTATION_CONTEXT() REPRESENTATION_CONTEXT('2D SPACE',''
  ) );
#4264 = ADVANCED_FACE('',(#4265),#3506,.T.);
#4265 = FACE_BOUND('',#4266,.T.);
#4266 = EDGE_LOOP('',(#4267,#4268,#4269));
#4267 = ORIENTED_EDGE('',*,*,#4244,.F.);
#4268 = ORIENTED_EDGE('',*,*,#3492,.F.);
#4269 = ORIENTED_EDGE('',*,*,#4270,.T.);
#4270 = EDGE_CURVE('',#3465,#4216,#4271,.T.);
#4271 = SURFACE_CURVE('',#4272,(#4276,#4283),.PCURVE_S1.);
#4272 = LINE('',#4273,#4274);
#4273 = CARTESIAN_POINT('',(29.043030373658,27.910461332046,
    -8.436929470615E-05));
#4274 = VECTOR('',#4275,1.);
#4275 = DIRECTION('',(4.692213881237E-02,-1.177119246035E-02,
    0.998829190561));
#4276 = PCURVE('',#3506,#4277);
#4277 = DEFINITIONAL_REPRESENTATION('',(#4278),#4282);
#4278 = LINE('',#4279,#4280);
#4279 = CARTESIAN_POINT('',(-0.78449697603,16.242263313323));
#4280 = VECTOR('',#4281,1.);
#4281 = DIRECTION('',(4.824349269551E-02,-0.998835604798));
#4282 = ( GEOMETRIC_REPRESENTATION_CONTEXT(2) 
PARAMETRIC_REPRESENTATION_CONTEXT() REPRESENTATION_CONTEXT('2D SPACE',''
  ) );
#4283 = PCURVE('',#4284,#4289);
#4284 = PLANE('',#4285);
#4285 = AXIS2_PLACEMENT_3D('',#4286,#4287,#4288);
#4286 = CARTESIAN_POINT('',(29.04142678459,27.899308125092,
    16.242074640854));
#4287 = DIRECTION('',(0.229463058593,0.97331712573,6.910147709399E-04));
#4288 = DIRECTION('',(0.973317358111,-0.229463113377,-1.641956844465E-20
    ));
#4289 = DEFINITIONAL_REPRESENTATION('',(#4290),#4294);
#4290 = LINE('',#4291,#4292);
#4291 = CARTESIAN_POINT('',(-9.984485162782E-04,16.242162887977));
#4292 = VECTOR('',#4293,1.);
#4293 = DIRECTION('',(4.837118665587E-02,-0.998829429033));
#4294 = ( GEOMETRIC_REPRESENTATION_CONTEXT(2) 
PARAMETRIC_REPRESENTATION_CONTEXT() REPRESENTATION_CONTEXT('2D SPACE',''
  ) );
#4295 = ADVANCED_FACE('',(#4296),#4231,.T.);
#4296 = FACE_BOUND('',#4297,.T.);
#4297 = EDGE_LOOP('',(#4298,#4321,#4342));
#4298 = ORIENTED_EDGE('',*,*,#4299,.T.);
#4299 = EDGE_CURVE('',#4216,#4300,#4302,.T.);
#4300 = VERTEX_POINT('',#4301);
#4301 = CARTESIAN_POINT('',(30.544880751449,27.440758103389,
    16.242074640854));
#4302 = SURFACE_CURVE('',#4303,(#4307,#4314),.PCURVE_S1.);
#4303 = LINE('',#4304,#4305);
#4304 = CARTESIAN_POINT('',(29.806040552865,27.719047643413,
    16.242074640854));
#4305 = VECTOR('',#4306,1.);
#4306 = DIRECTION('',(0.935818300924,-0.352482776396,4.49988303957E-15)
  );
#4307 = PCURVE('',#4231,#4308);
#4308 = DEFINITIONAL_REPRESENTATION('',(#4309),#4313);
#4309 = LINE('',#4310,#4311);
#4310 = CARTESIAN_POINT('',(0.,0.));
#4311 = VECTOR('',#4312,1.);
#4312 = DIRECTION('',(1.,-4.499884047719E-15));
#4313 = ( GEOMETRIC_REPRESENTATION_CONTEXT(2) 
PARAMETRIC_REPRESENTATION_CONTEXT() REPRESENTATION_CONTEXT('2D SPACE',''
  ) );
#4314 = PCURVE('',#1443,#4315);
#4315 = DEFINITIONAL_REPRESENTATION('',(#4316),#4320);
#4316 = LINE('',#4317,#4318);
#4317 = CARTESIAN_POINT('',(61.004749421699,54.741055945367));
#4318 = VECTOR('',#4319,1.);
#4319 = DIRECTION('',(0.935818300924,-0.352482776396));
#4320 = ( GEOMETRIC_REPRESENTATION_CONTEXT(2) 
PARAMETRIC_REPRESENTATION_CONTEXT() REPRESENTATION_CONTEXT('2D SPACE',''
  ) );
#4321 = ORIENTED_EDGE('',*,*,#4322,.F.);
#4322 = EDGE_CURVE('',#3523,#4300,#4323,.T.);
#4323 = SURFACE_CURVE('',#4324,(#4328,#4335),.PCURVE_S1.);
#4324 = LINE('',#4325,#4326);
#4325 = CARTESIAN_POINT('',(30.538144880883,27.445023818889,
    -8.362177728394E-05));
#4326 = VECTOR('',#4327,1.);
#4327 = DIRECTION('',(4.147151902907E-04,-2.62632275661E-04,
    0.999999879518));
#4328 = PCURVE('',#4231,#4329);
#4329 = DEFINITIONAL_REPRESENTATION('',(#4330),#4334);
#4330 = LINE('',#4331,#4332);
#4331 = CARTESIAN_POINT('',(0.781705306812,16.242158343188));
#4332 = VECTOR('',#4333,1.);
#4333 = DIRECTION('',(4.806714184414E-04,-0.999999884477));
#4334 = ( GEOMETRIC_REPRESENTATION_CONTEXT(2) 
PARAMETRIC_REPRESENTATION_CONTEXT() REPRESENTATION_CONTEXT('2D SPACE',''
  ) );
#4335 = PCURVE('',#267,#4336);
#4336 = DEFINITIONAL_REPRESENTATION('',(#4337),#4341);
#4337 = LINE('',#4338,#4339);
#4338 = CARTESIAN_POINT('',(-0.784404101774,16.242158262631));
#4339 = VECTOR('',#4340,1.);
#4340 = DIRECTION('',(4.908812496691E-04,-0.999999879518));
#4341 = ( GEOMETRIC_REPRESENTATION_CONTEXT(2) 
PARAMETRIC_REPRESENTATION_CONTEXT() REPRESENTATION_CONTEXT('2D SPACE',''
  ) );
#4342 = ORIENTED_EDGE('',*,*,#4215,.F.);
#4343 = ADVANCED_FACE('',(#4344),#4284,.T.);
#4344 = FACE_BOUND('',#4345,.T.);
#4345 = EDGE_LOOP('',(#4346,#4369,#4370));
#4346 = ORIENTED_EDGE('',*,*,#4347,.T.);
#4347 = EDGE_CURVE('',#4348,#4216,#4350,.T.);
#4348 = VERTEX_POINT('',#4349);
#4349 = CARTESIAN_POINT('',(29.04142678459,27.899308125092,
    16.242074640854));
#4350 = SURFACE_CURVE('',#4351,(#4355,#4362),.PCURVE_S1.);
#4351 = LINE('',#4352,#4353);
#4352 = CARTESIAN_POINT('',(29.04142678459,27.899308125092,
    16.242074640854));
#4353 = VECTOR('',#4354,1.);
#4354 = DIRECTION('',(0.973317358111,-0.229463113377,0.));
#4355 = PCURVE('',#4284,#4356);
#4356 = DEFINITIONAL_REPRESENTATION('',(#4357),#4361);
#4357 = LINE('',#4358,#4359);
#4358 = CARTESIAN_POINT('',(0.,0.));
#4359 = VECTOR('',#4360,1.);
#4360 = DIRECTION('',(1.,-3.535146403809E-21));
#4361 = ( GEOMETRIC_REPRESENTATION_CONTEXT(2) 
PARAMETRIC_REPRESENTATION_CONTEXT() REPRESENTATION_CONTEXT('2D SPACE',''
  ) );
#4362 = PCURVE('',#1443,#4363);
#4363 = DEFINITIONAL_REPRESENTATION('',(#4364),#4368);
#4364 = LINE('',#4365,#4366);
#4365 = CARTESIAN_POINT('',(60.240135653424,54.921316427046));
#4366 = VECTOR('',#4367,1.);
#4367 = DIRECTION('',(0.973317358111,-0.229463113377));
#4368 = ( GEOMETRIC_REPRESENTATION_CONTEXT(2) 
PARAMETRIC_REPRESENTATION_CONTEXT() REPRESENTATION_CONTEXT('2D SPACE',''
  ) );
#4369 = ORIENTED_EDGE('',*,*,#4270,.F.);
#4370 = ORIENTED_EDGE('',*,*,#4371,.F.);
#4371 = EDGE_CURVE('',#4348,#3465,#4372,.T.);
#4372 = SURFACE_CURVE('',#4373,(#4377,#4384),.PCURVE_S1.);
#4373 = LINE('',#4374,#4375);
#4374 = CARTESIAN_POINT('',(29.04142678459,27.899308125092,
    16.242074640854));
#4375 = VECTOR('',#4376,1.);
#4376 = DIRECTION('',(9.873001991878E-05,6.866823716957E-04,
    -0.99999975936));
#4377 = PCURVE('',#4284,#4378);
#4378 = DEFINITIONAL_REPRESENTATION('',(#4379),#4383);
#4379 = LINE('',#4380,#4381);
#4380 = CARTESIAN_POINT('',(0.,0.));
#4381 = VECTOR('',#4382,1.);
#4382 = DIRECTION('',(-6.147263275698E-05,0.999999998111));
#4383 = ( GEOMETRIC_REPRESENTATION_CONTEXT(2) 
PARAMETRIC_REPRESENTATION_CONTEXT() REPRESENTATION_CONTEXT('2D SPACE',''
  ) );
#4384 = PCURVE('',#4385,#4390);
#4385 = PLANE('',#4386);
#4386 = AXIS2_PLACEMENT_3D('',#4387,#4388,#4389);
#4387 = CARTESIAN_POINT('',(28.256989698029,27.906906704933,
    16.242074640854));
#4388 = DIRECTION('',(9.686209011173E-03,0.999952851165,
    6.87606480496E-04));
#4389 = DIRECTION('',(0.999953087555,-9.686211301007E-03,
    -7.154874383161E-22));
#4390 = DEFINITIONAL_REPRESENTATION('',(#4391),#4395);
#4391 = LINE('',#4392,#4393);
#4392 = CARTESIAN_POINT('',(0.784473888149,3.043812561703E-22));
#4393 = VECTOR('',#4394,1.);
#4394 = DIRECTION('',(9.207403770323E-05,0.999999995761));
#4395 = ( GEOMETRIC_REPRESENTATION_CONTEXT(2) 
PARAMETRIC_REPRESENTATION_CONTEXT() REPRESENTATION_CONTEXT('2D SPACE',''
  ) );
#4396 = ADVANCED_FACE('',(#4397),#3480,.T.);
#4397 = FACE_BOUND('',#4398,.T.);
#4398 = EDGE_LOOP('',(#4399,#4420,#4421));
#4399 = ORIENTED_EDGE('',*,*,#4400,.T.);
#4400 = EDGE_CURVE('',#3649,#3465,#4401,.T.);
#4401 = SURFACE_CURVE('',#4402,(#4406,#4413),.PCURVE_S1.);
#4402 = LINE('',#4403,#4404);
#4403 = CARTESIAN_POINT('',(28.256989698029,27.906906704933,
    16.242074640854));
#4404 = VECTOR('',#4405,1.);
#4405 = DIRECTION('',(4.833851111526E-02,2.185960441677E-04,
    -0.998830986984));
#4406 = PCURVE('',#3480,#4407);
#4407 = DEFINITIONAL_REPRESENTATION('',(#4408),#4412);
#4408 = LINE('',#4409,#4410);
#4409 = CARTESIAN_POINT('',(0.,0.));
#4410 = VECTOR('',#4411,1.);
#4411 = DIRECTION('',(4.833736493896E-02,0.998831066372));
#4412 = ( GEOMETRIC_REPRESENTATION_CONTEXT(2) 
PARAMETRIC_REPRESENTATION_CONTEXT() REPRESENTATION_CONTEXT('2D SPACE',''
  ) );
#4413 = PCURVE('',#4385,#4414);
#4414 = DEFINITIONAL_REPRESENTATION('',(#4415),#4419);
#4415 = LINE('',#4416,#4417);
#4416 = CARTESIAN_POINT('',(0.,0.));
#4417 = VECTOR('',#4418,1.);
#4418 = DIRECTION('',(4.833412607004E-02,0.998831223109));
#4419 = ( GEOMETRIC_REPRESENTATION_CONTEXT(2) 
PARAMETRIC_REPRESENTATION_CONTEXT() REPRESENTATION_CONTEXT('2D SPACE',''
  ) );
#4420 = ORIENTED_EDGE('',*,*,#3464,.F.);
#4421 = ORIENTED_EDGE('',*,*,#3648,.F.);
#4422 = ADVANCED_FACE('',(#4423),#4385,.T.);
#4423 = FACE_BOUND('',#4424,.T.);
#4424 = EDGE_LOOP('',(#4425,#4446,#4447));
#4425 = ORIENTED_EDGE('',*,*,#4426,.T.);
#4426 = EDGE_CURVE('',#3649,#4348,#4427,.T.);
#4427 = SURFACE_CURVE('',#4428,(#4432,#4439),.PCURVE_S1.);
#4428 = LINE('',#4429,#4430);
#4429 = CARTESIAN_POINT('',(28.256989698029,27.906906704933,
    16.242074640854));
#4430 = VECTOR('',#4431,1.);
#4431 = DIRECTION('',(0.999953087555,-9.686211301007E-03,0.));
#4432 = PCURVE('',#4385,#4433);
#4433 = DEFINITIONAL_REPRESENTATION('',(#4434),#4438);
#4434 = LINE('',#4435,#4436);
#4435 = CARTESIAN_POINT('',(0.,0.));
#4436 = VECTOR('',#4437,1.);
#4437 = DIRECTION('',(1.,7.268167887421E-22));
#4438 = ( GEOMETRIC_REPRESENTATION_CONTEXT(2) 
PARAMETRIC_REPRESENTATION_CONTEXT() REPRESENTATION_CONTEXT('2D SPACE',''
  ) );
#4439 = PCURVE('',#1443,#4440);
#4440 = DEFINITIONAL_REPRESENTATION('',(#4441),#4445);
#4441 = LINE('',#4442,#4443);
#4442 = CARTESIAN_POINT('',(59.455698566863,54.928915006887));
#4443 = VECTOR('',#4444,1.);
#4444 = DIRECTION('',(0.999953087555,-9.686211301007E-03));
#4445 = ( GEOMETRIC_REPRESENTATION_CONTEXT(2) 
PARAMETRIC_REPRESENTATION_CONTEXT() REPRESENTATION_CONTEXT('2D SPACE',''
  ) );
#4446 = ORIENTED_EDGE('',*,*,#4371,.T.);
#4447 = ORIENTED_EDGE('',*,*,#4400,.F.);
#4448 = ADVANCED_FACE('',(#4449),#530,.T.);
#4449 = FACE_BOUND('',#4450,.T.);
#4450 = EDGE_LOOP('',(#4451,#4452,#4453));
#4451 = ORIENTED_EDGE('',*,*,#3751,.T.);
#4452 = ORIENTED_EDGE('',*,*,#514,.F.);
#4453 = ORIENTED_EDGE('',*,*,#4454,.F.);
#4454 = EDGE_CURVE('',#3723,#342,#4455,.T.);
#4455 = SURFACE_CURVE('',#4456,(#4460,#4467),.PCURVE_S1.);
#4456 = LINE('',#4457,#4458);
#4457 = CARTESIAN_POINT('',(33.710029342093,-22.44347441356,
    16.242074640854));
#4458 = VECTOR('',#4459,1.);
#4459 = DIRECTION('',(7.673242928855E-05,0.940378098702,-0.340130894794)
  );
#4460 = PCURVE('',#530,#4461);
#4461 = DEFINITIONAL_REPRESENTATION('',(#4462),#4466);
#4462 = LINE('',#4463,#4464);
#4463 = CARTESIAN_POINT('',(0.,0.));
#4464 = VECTOR('',#4465,1.);
#4465 = DIRECTION('',(-0.340129726353,-0.940378524452));
#4466 = ( GEOMETRIC_REPRESENTATION_CONTEXT(2) 
PARAMETRIC_REPRESENTATION_CONTEXT() REPRESENTATION_CONTEXT('2D SPACE',''
  ) );
#4467 = PCURVE('',#4125,#4468);
#4468 = DEFINITIONAL_REPRESENTATION('',(#4469),#4473);
#4469 = LINE('',#4470,#4471);
#4470 = CARTESIAN_POINT('',(0.,0.));
#4471 = VECTOR('',#4472,1.);
#4472 = DIRECTION('',(-0.340130867884,-0.940378111566));
#4473 = ( GEOMETRIC_REPRESENTATION_CONTEXT(2) 
PARAMETRIC_REPRESENTATION_CONTEXT() REPRESENTATION_CONTEXT('2D SPACE',''
  ) );
#4474 = ADVANCED_FACE('',(#4475),#4125,.T.);
#4475 = FACE_BOUND('',#4476,.T.);
#4476 = EDGE_LOOP('',(#4477,#4478,#4479));
#4477 = ORIENTED_EDGE('',*,*,#4454,.T.);
#4478 = ORIENTED_EDGE('',*,*,#4109,.F.);
#4479 = ORIENTED_EDGE('',*,*,#4480,.T.);
#4480 = EDGE_CURVE('',#4110,#3723,#4481,.T.);
#4481 = SURFACE_CURVE('',#4482,(#4486,#4493),.PCURVE_S1.);
#4482 = LINE('',#4483,#4484);
#4483 = CARTESIAN_POINT('',(33.702604869348,22.443431872043,
    16.242074640854));
#4484 = VECTOR('',#4485,1.);
#4485 = DIRECTION('',(1.654039731765E-04,-0.999999986321,0.));
#4486 = PCURVE('',#4125,#4487);
#4487 = DEFINITIONAL_REPRESENTATION('',(#4488),#4492);
#4488 = LINE('',#4489,#4490);
#4489 = CARTESIAN_POINT('',(5.070156350297E-06,-44.88690689962));
#4490 = VECTOR('',#4491,1.);
#4491 = DIRECTION('',(-1.129540148898E-07,1.));
#4492 = ( GEOMETRIC_REPRESENTATION_CONTEXT(2) 
PARAMETRIC_REPRESENTATION_CONTEXT() REPRESENTATION_CONTEXT('2D SPACE',''
  ) );
#4493 = PCURVE('',#1443,#4494);
#4494 = DEFINITIONAL_REPRESENTATION('',(#4495),#4499);
#4495 = LINE('',#4496,#4497);
#4496 = CARTESIAN_POINT('',(64.901313738183,49.465440173997));
#4497 = VECTOR('',#4498,1.);
#4498 = DIRECTION('',(1.654039731765E-04,-0.999999986321));
#4499 = ( GEOMETRIC_REPRESENTATION_CONTEXT(2) 
PARAMETRIC_REPRESENTATION_CONTEXT() REPRESENTATION_CONTEXT('2D SPACE',''
  ) );
#4500 = ADVANCED_FACE('',(#4501),#1443,.T.);
#4501 = FACE_BOUND('',#4502,.T.);
#4502 = EDGE_LOOP('',(#4503,#4504,#4505,#4506,#4507,#4508,#4509,#4510,
    #4533,#4554,#4555,#4576,#4577,#4578,#4579,#4602,#4623,#4624,#4625,
    #4626,#4649,#4670,#4671,#4672,#4673,#4696,#4719,#4742,#4765,#4786,
    #4787,#4788,#4789,#4790,#4813,#4836,#4859,#4882,#4905));
#4503 = ORIENTED_EDGE('',*,*,#2794,.F.);
#4504 = ORIENTED_EDGE('',*,*,#1427,.T.);
#4505 = ORIENTED_EDGE('',*,*,#2661,.T.);
#4506 = ORIENTED_EDGE('',*,*,#1770,.T.);
#4507 = ORIENTED_EDGE('',*,*,#1717,.T.);
#4508 = ORIENTED_EDGE('',*,*,#1818,.T.);
#4509 = ORIENTED_EDGE('',*,*,#1982,.T.);
#4510 = ORIENTED_EDGE('',*,*,#4511,.T.);
#4511 = EDGE_CURVE('',#1983,#4512,#4514,.T.);
#4512 = VERTEX_POINT('',#4513);
#4513 = CARTESIAN_POINT('',(-31.84278944709,-26.55983315279,
    16.242074640854));
#4514 = SURFACE_CURVE('',#4515,(#4519,#4526),.PCURVE_S1.);
#4515 = LINE('',#4516,#4517);
#4516 = CARTESIAN_POINT('',(-32.38483479952,-26.02001650857,
    16.242074640854));
#4517 = VECTOR('',#4518,1.);
#4518 = DIRECTION('',(0.70856196502,-0.705648596489,0.));
#4519 = PCURVE('',#1443,#4520);
#4520 = DEFINITIONAL_REPRESENTATION('',(#4521),#4525);
#4521 = LINE('',#4522,#4523);
#4522 = CARTESIAN_POINT('',(-1.186125930687,1.001991793378));
#4523 = VECTOR('',#4524,1.);
#4524 = DIRECTION('',(0.70856196502,-0.705648596489));
#4525 = ( GEOMETRIC_REPRESENTATION_CONTEXT(2) 
PARAMETRIC_REPRESENTATION_CONTEXT() REPRESENTATION_CONTEXT('2D SPACE',''
  ) );
#4526 = PCURVE('',#2020,#4527);
#4527 = DEFINITIONAL_REPRESENTATION('',(#4528),#4532);
#4528 = LINE('',#4529,#4530);
#4529 = CARTESIAN_POINT('',(0.7649935774,-3.552713678801E-15));
#4530 = VECTOR('',#4531,1.);
#4531 = DIRECTION('',(-1.,-0.));
#4532 = ( GEOMETRIC_REPRESENTATION_CONTEXT(2) 
PARAMETRIC_REPRESENTATION_CONTEXT() REPRESENTATION_CONTEXT('2D SPACE',''
  ) );
#4533 = ORIENTED_EDGE('',*,*,#4534,.T.);
#4534 = EDGE_CURVE('',#4512,#2372,#4535,.T.);
#4535 = SURFACE_CURVE('',#4536,(#4540,#4547),.PCURVE_S1.);
#4536 = LINE('',#4537,#4538);
#4537 = CARTESIAN_POINT('',(-31.84278944709,-26.55983315279,
    16.242074640854));
#4538 = VECTOR('',#4539,1.);
#4539 = DIRECTION('',(0.812468136823,-0.583005597441,0.));
#4540 = PCURVE('',#1443,#4541);
#4541 = DEFINITIONAL_REPRESENTATION('',(#4542),#4546);
#4542 = LINE('',#4543,#4544);
#4543 = CARTESIAN_POINT('',(-0.644080578256,0.462175149163));
#4544 = VECTOR('',#4545,1.);
#4545 = DIRECTION('',(0.812468136823,-0.583005597441));
#4546 = ( GEOMETRIC_REPRESENTATION_CONTEXT(2) 
PARAMETRIC_REPRESENTATION_CONTEXT() REPRESENTATION_CONTEXT('2D SPACE',''
  ) );
#4547 = PCURVE('',#2387,#4548);
#4548 = DEFINITIONAL_REPRESENTATION('',(#4549),#4553);
#4549 = LINE('',#4550,#4551);
#4550 = CARTESIAN_POINT('',(0.79274564634,-3.552713678801E-15));
#4551 = VECTOR('',#4552,1.);
#4552 = DIRECTION('',(-1.,-0.));
#4553 = ( GEOMETRIC_REPRESENTATION_CONTEXT(2) 
PARAMETRIC_REPRESENTATION_CONTEXT() REPRESENTATION_CONTEXT('2D SPACE',''
  ) );
#4554 = ORIENTED_EDGE('',*,*,#2429,.T.);
#4555 = ORIENTED_EDGE('',*,*,#4556,.T.);
#4556 = EDGE_CURVE('',#2430,#2203,#4557,.T.);
#4557 = SURFACE_CURVE('',#4558,(#4562,#4569),.PCURVE_S1.);
#4558 = LINE('',#4559,#4560);
#4559 = CARTESIAN_POINT('',(-29.81222317532,-27.74009893216,
    16.242074640854));
#4560 = VECTOR('',#4561,1.);
#4561 = DIRECTION('',(0.9890584442,-0.147524214818,0.));
#4562 = PCURVE('',#1443,#4563);
#4563 = DEFINITIONAL_REPRESENTATION('',(#4564),#4568);
#4564 = LINE('',#4565,#4566);
#4565 = CARTESIAN_POINT('',(1.386485693514,-0.718090630213));
#4566 = VECTOR('',#4567,1.);
#4567 = DIRECTION('',(0.9890584442,-0.147524214818));
#4568 = ( GEOMETRIC_REPRESENTATION_CONTEXT(2) 
PARAMETRIC_REPRESENTATION_CONTEXT() REPRESENTATION_CONTEXT('2D SPACE',''
  ) );
#4569 = PCURVE('',#2239,#4570);
#4570 = DEFINITIONAL_REPRESENTATION('',(#4571),#4575);
#4571 = LINE('',#4572,#4573);
#4572 = CARTESIAN_POINT('',(0.785619585634,-3.550039172573E-15));
#4573 = VECTOR('',#4574,1.);
#4574 = DIRECTION('',(-1.,-4.631631940678E-18));
#4575 = ( GEOMETRIC_REPRESENTATION_CONTEXT(2) 
PARAMETRIC_REPRESENTATION_CONTEXT() REPRESENTATION_CONTEXT('2D SPACE',''
  ) );
#4576 = ORIENTED_EDGE('',*,*,#2202,.T.);
#4577 = ORIENTED_EDGE('',*,*,#3622,.T.);
#4578 = ORIENTED_EDGE('',*,*,#4085,.T.);
#4579 = ORIENTED_EDGE('',*,*,#4580,.T.);
#4580 = EDGE_CURVE('',#4063,#4581,#4583,.T.);
#4581 = VERTEX_POINT('',#4582);
#4582 = CARTESIAN_POINT('',(30.632638751465,-27.38291001472,
    16.242074640854));
#4583 = SURFACE_CURVE('',#4584,(#4588,#4595),.PCURVE_S1.);
#4584 = LINE('',#4585,#4586);
#4585 = CARTESIAN_POINT('',(29.04105665241,-27.8937959323,
    16.242074640854));
#4586 = VECTOR('',#4587,1.);
#4587 = DIRECTION('',(0.9521494483,0.305632832172,0.));
#4588 = PCURVE('',#1443,#4589);
#4589 = DEFINITIONAL_REPRESENTATION('',(#4590),#4594);
#4590 = LINE('',#4591,#4592);
#4591 = CARTESIAN_POINT('',(60.239765521244,-0.871787630347));
#4592 = VECTOR('',#4593,1.);
#4593 = DIRECTION('',(0.9521494483,0.305632832172));
#4594 = ( GEOMETRIC_REPRESENTATION_CONTEXT(2) 
PARAMETRIC_REPRESENTATION_CONTEXT() REPRESENTATION_CONTEXT('2D SPACE',''
  ) );
#4595 = PCURVE('',#788,#4596);
#4596 = DEFINITIONAL_REPRESENTATION('',(#4597),#4601);
#4597 = LINE('',#4598,#4599);
#4598 = CARTESIAN_POINT('',(0.78338927657,-3.552713678801E-15));
#4599 = VECTOR('',#4600,1.);
#4600 = DIRECTION('',(-1.,0.));
#4601 = ( GEOMETRIC_REPRESENTATION_CONTEXT(2) 
PARAMETRIC_REPRESENTATION_CONTEXT() REPRESENTATION_CONTEXT('2D SPACE',''
  ) );
#4602 = ORIENTED_EDGE('',*,*,#4603,.T.);
#4603 = EDGE_CURVE('',#4581,#3983,#4604,.T.);
#4604 = SURFACE_CURVE('',#4605,(#4609,#4616),.PCURVE_S1.);
#4605 = LINE('',#4606,#4607);
#4606 = CARTESIAN_POINT('',(30.632638751465,-27.38291001472,
    16.242074640854));
#4607 = VECTOR('',#4608,1.);
#4608 = DIRECTION('',(0.872638196332,0.488367257607,0.));
#4609 = PCURVE('',#1443,#4610);
#4610 = DEFINITIONAL_REPRESENTATION('',(#4611),#4615);
#4611 = LINE('',#4612,#4613);
#4612 = CARTESIAN_POINT('',(61.831347620299,-0.360901712767));
#4613 = VECTOR('',#4614,1.);
#4614 = DIRECTION('',(0.872638196332,0.488367257607));
#4615 = ( GEOMETRIC_REPRESENTATION_CONTEXT(2) 
PARAMETRIC_REPRESENTATION_CONTEXT() REPRESENTATION_CONTEXT('2D SPACE',''
  ) );
#4616 = PCURVE('',#904,#4617);
#4617 = DEFINITIONAL_REPRESENTATION('',(#4618),#4622);
#4618 = LINE('',#4619,#4620);
#4619 = CARTESIAN_POINT('',(0.674016211814,-3.554630778504E-15));
#4620 = VECTOR('',#4621,1.);
#4621 = DIRECTION('',(-1.,1.853109003423E-17));
#4622 = ( GEOMETRIC_REPRESENTATION_CONTEXT(2) 
PARAMETRIC_REPRESENTATION_CONTEXT() REPRESENTATION_CONTEXT('2D SPACE',''
  ) );
#4623 = ORIENTED_EDGE('',*,*,#4006,.T.);
#4624 = ORIENTED_EDGE('',*,*,#3910,.T.);
#4625 = ORIENTED_EDGE('',*,*,#3958,.T.);
#4626 = ORIENTED_EDGE('',*,*,#4627,.T.);
#4627 = EDGE_CURVE('',#3936,#4628,#4630,.T.);
#4628 = VERTEX_POINT('',#4629);
#4629 = CARTESIAN_POINT('',(33.516476921275,-24.06384278001,
    16.242074640854));
#4630 = SURFACE_CURVE('',#4631,(#4635,#4642),.PCURVE_S1.);
#4631 = LINE('',#4632,#4633);
#4632 = CARTESIAN_POINT('',(32.924317264238,-25.34675182657,
    16.242074640854));
#4633 = VECTOR('',#4634,1.);
#4634 = DIRECTION('',(0.419086059575,0.907946515313,0.));
#4635 = PCURVE('',#1443,#4636);
#4636 = DEFINITIONAL_REPRESENTATION('',(#4637),#4641);
#4637 = LINE('',#4638,#4639);
#4638 = CARTESIAN_POINT('',(64.123026133073,1.675256475383));
#4639 = VECTOR('',#4640,1.);
#4640 = DIRECTION('',(0.419086059575,0.907946515313));
#4641 = ( GEOMETRIC_REPRESENTATION_CONTEXT(2) 
PARAMETRIC_REPRESENTATION_CONTEXT() REPRESENTATION_CONTEXT('2D SPACE',''
  ) );
#4642 = PCURVE('',#1047,#4643);
#4643 = DEFINITIONAL_REPRESENTATION('',(#4644),#4648);
#4644 = LINE('',#4645,#4646);
#4645 = CARTESIAN_POINT('',(-0.701855980495,3.552713678801E-15));
#4646 = VECTOR('',#4647,1.);
#4647 = DIRECTION('',(1.,0.));
#4648 = ( GEOMETRIC_REPRESENTATION_CONTEXT(2) 
PARAMETRIC_REPRESENTATION_CONTEXT() REPRESENTATION_CONTEXT('2D SPACE',''
  ) );
#4649 = ORIENTED_EDGE('',*,*,#4650,.T.);
#4650 = EDGE_CURVE('',#4628,#3776,#4651,.T.);
#4651 = SURFACE_CURVE('',#4652,(#4656,#4663),.PCURVE_S1.);
#4652 = LINE('',#4653,#4654);
#4653 = CARTESIAN_POINT('',(33.516476921275,-24.06384278001,
    16.242074640854));
#4654 = VECTOR('',#4655,1.);
#4655 = DIRECTION('',(0.202996659598,0.979179430029,0.));
#4656 = PCURVE('',#1443,#4657);
#4657 = DEFINITIONAL_REPRESENTATION('',(#4658),#4662);
#4658 = LINE('',#4659,#4660);
#4659 = CARTESIAN_POINT('',(64.715185790109,2.958165521942));
#4660 = VECTOR('',#4661,1.);
#4661 = DIRECTION('',(0.202996659598,0.979179430029));
#4662 = ( GEOMETRIC_REPRESENTATION_CONTEXT(2) 
PARAMETRIC_REPRESENTATION_CONTEXT() REPRESENTATION_CONTEXT('2D SPACE',''
  ) );
#4663 = PCURVE('',#646,#4664);
#4664 = DEFINITIONAL_REPRESENTATION('',(#4665),#4669);
#4665 = LINE('',#4666,#4667);
#4666 = CARTESIAN_POINT('',(-0.855682717084,3.552713678801E-15));
#4667 = VECTOR('',#4668,1.);
#4668 = DIRECTION('',(1.,0.));
#4669 = ( GEOMETRIC_REPRESENTATION_CONTEXT(2) 
PARAMETRIC_REPRESENTATION_CONTEXT() REPRESENTATION_CONTEXT('2D SPACE',''
  ) );
#4670 = ORIENTED_EDGE('',*,*,#3799,.T.);
#4671 = ORIENTED_EDGE('',*,*,#4480,.F.);
#4672 = ORIENTED_EDGE('',*,*,#4167,.F.);
#4673 = ORIENTED_EDGE('',*,*,#4674,.F.);
#4674 = EDGE_CURVE('',#4675,#4168,#4677,.T.);
#4675 = VERTEX_POINT('',#4676);
#4676 = CARTESIAN_POINT('',(33.545428540922,23.983238372316,
    16.242074640854));
#4677 = SURFACE_CURVE('',#4678,(#4682,#4689),.PCURVE_S1.);
#4678 = LINE('',#4679,#4680);
#4679 = CARTESIAN_POINT('',(33.545428540922,23.983238372316,
    16.242074640854));
#4680 = VECTOR('',#4681,1.);
#4681 = DIRECTION('',(0.167735588637,-0.985832020328,0.));
#4682 = PCURVE('',#1443,#4683);
#4683 = DEFINITIONAL_REPRESENTATION('',(#4684),#4688);
#4684 = LINE('',#4685,#4686);
#4685 = CARTESIAN_POINT('',(64.744137409756,51.00524667427));
#4686 = VECTOR('',#4687,1.);
#4687 = DIRECTION('',(0.167735588637,-0.985832020328));
#4688 = ( GEOMETRIC_REPRESENTATION_CONTEXT(2) 
PARAMETRIC_REPRESENTATION_CONTEXT() REPRESENTATION_CONTEXT('2D SPACE',''
  ) );
#4689 = PCURVE('',#299,#4690);
#4690 = DEFINITIONAL_REPRESENTATION('',(#4691),#4695);
#4691 = LINE('',#4692,#4693);
#4692 = CARTESIAN_POINT('',(0.771745917019,3.55273156714E-15));
#4693 = VECTOR('',#4694,1.);
#4694 = DIRECTION('',(-1.,8.745703568852E-19));
#4695 = ( GEOMETRIC_REPRESENTATION_CONTEXT(2) 
PARAMETRIC_REPRESENTATION_CONTEXT() REPRESENTATION_CONTEXT('2D SPACE',''
  ) );
#4696 = ORIENTED_EDGE('',*,*,#4697,.F.);
#4697 = EDGE_CURVE('',#4698,#4675,#4700,.T.);
#4698 = VERTEX_POINT('',#4699);
#4699 = CARTESIAN_POINT('',(33.213972079164,24.830664318521,
    16.242074640854));
#4700 = SURFACE_CURVE('',#4701,(#4705,#4712),.PCURVE_S1.);
#4701 = LINE('',#4702,#4703);
#4702 = CARTESIAN_POINT('',(33.213972079164,24.830664318521,
    16.242074640854));
#4703 = VECTOR('',#4704,1.);
#4704 = DIRECTION('',(0.364261157758,-0.931296842553,0.));
#4705 = PCURVE('',#1443,#4706);
#4706 = DEFINITIONAL_REPRESENTATION('',(#4707),#4711);
#4707 = LINE('',#4708,#4709);
#4708 = CARTESIAN_POINT('',(64.412680947998,51.852672620476));
#4709 = VECTOR('',#4710,1.);
#4710 = DIRECTION('',(0.364261157758,-0.931296842553));
#4711 = ( GEOMETRIC_REPRESENTATION_CONTEXT(2) 
PARAMETRIC_REPRESENTATION_CONTEXT() REPRESENTATION_CONTEXT('2D SPACE',''
  ) );
#4712 = PCURVE('',#72,#4713);
#4713 = DEFINITIONAL_REPRESENTATION('',(#4714),#4718);
#4714 = LINE('',#4715,#4716);
#4715 = CARTESIAN_POINT('',(-8.903966970413E-14,3.552713678801E-15));
#4716 = VECTOR('',#4717,1.);
#4717 = DIRECTION('',(-1.,0.));
#4718 = ( GEOMETRIC_REPRESENTATION_CONTEXT(2) 
PARAMETRIC_REPRESENTATION_CONTEXT() REPRESENTATION_CONTEXT('2D SPACE',''
  ) );
#4719 = ORIENTED_EDGE('',*,*,#4720,.F.);
#4720 = EDGE_CURVE('',#4721,#4698,#4723,.T.);
#4721 = VERTEX_POINT('',#4722);
#4722 = CARTESIAN_POINT('',(32.446384048885,26.02008500721,
    16.242074640854));
#4723 = SURFACE_CURVE('',#4724,(#4728,#4735),.PCURVE_S1.);
#4724 = LINE('',#4725,#4726);
#4725 = CARTESIAN_POINT('',(32.446384048885,26.02008500721,
    16.242074640854));
#4726 = VECTOR('',#4727,1.);
#4727 = DIRECTION('',(0.542236523253,-0.840225893942,0.));
#4728 = PCURVE('',#1443,#4729);
#4729 = DEFINITIONAL_REPRESENTATION('',(#4730),#4734);
#4730 = LINE('',#4731,#4732);
#4731 = CARTESIAN_POINT('',(63.64509291772,53.042093309165));
#4732 = VECTOR('',#4733,1.);
#4733 = DIRECTION('',(0.542236523253,-0.840225893942));
#4734 = ( GEOMETRIC_REPRESENTATION_CONTEXT(2) 
PARAMETRIC_REPRESENTATION_CONTEXT() REPRESENTATION_CONTEXT('2D SPACE',''
  ) );
#4735 = PCURVE('',#44,#4736);
#4736 = DEFINITIONAL_REPRESENTATION('',(#4737),#4741);
#4737 = LINE('',#4738,#4739);
#4738 = CARTESIAN_POINT('',(0.743948064154,3.552713678801E-15));
#4739 = VECTOR('',#4740,1.);
#4740 = DIRECTION('',(-1.,0.));
#4741 = ( GEOMETRIC_REPRESENTATION_CONTEXT(2) 
PARAMETRIC_REPRESENTATION_CONTEXT() REPRESENTATION_CONTEXT('2D SPACE',''
  ) );
#4742 = ORIENTED_EDGE('',*,*,#4743,.F.);
#4743 = EDGE_CURVE('',#4744,#4721,#4746,.T.);
#4744 = VERTEX_POINT('',#4745);
#4745 = CARTESIAN_POINT('',(31.782670709402,26.656886181024,
    16.242074640854));
#4746 = SURFACE_CURVE('',#4747,(#4751,#4758),.PCURVE_S1.);
#4747 = LINE('',#4748,#4749);
#4748 = CARTESIAN_POINT('',(31.782670709402,26.656886181024,
    16.242074640854));
#4749 = VECTOR('',#4750,1.);
#4750 = DIRECTION('',(0.721584796321,-0.69232606604,0.));
#4751 = PCURVE('',#1443,#4752);
#4752 = DEFINITIONAL_REPRESENTATION('',(#4753),#4757);
#4753 = LINE('',#4754,#4755);
#4754 = CARTESIAN_POINT('',(62.981379578237,53.678894482978));
#4755 = VECTOR('',#4756,1.);
#4756 = DIRECTION('',(0.721584796321,-0.69232606604));
#4757 = ( GEOMETRIC_REPRESENTATION_CONTEXT(2) 
PARAMETRIC_REPRESENTATION_CONTEXT() REPRESENTATION_CONTEXT('2D SPACE',''
  ) );
#4758 = PCURVE('',#182,#4759);
#4759 = DEFINITIONAL_REPRESENTATION('',(#4760),#4764);
#4760 = LINE('',#4761,#4762);
#4761 = CARTESIAN_POINT('',(-1.231208752479E-13,3.247818352324E-22));
#4762 = VECTOR('',#4763,1.);
#4763 = DIRECTION('',(1.,8.869222378643E-20));
#4764 = ( GEOMETRIC_REPRESENTATION_CONTEXT(2) 
PARAMETRIC_REPRESENTATION_CONTEXT() REPRESENTATION_CONTEXT('2D SPACE',''
  ) );
#4765 = ORIENTED_EDGE('',*,*,#4766,.F.);
#4766 = EDGE_CURVE('',#4300,#4744,#4767,.T.);
#4767 = SURFACE_CURVE('',#4768,(#4772,#4779),.PCURVE_S1.);
#4768 = LINE('',#4769,#4770);
#4769 = CARTESIAN_POINT('',(30.544880751449,27.440758103389,
    16.242074640854));
#4770 = VECTOR('',#4771,1.);
#4771 = DIRECTION('',(0.844838116287,-0.535022015687,0.));
#4772 = PCURVE('',#1443,#4773);
#4773 = DEFINITIONAL_REPRESENTATION('',(#4774),#4778);
#4774 = LINE('',#4775,#4776);
#4775 = CARTESIAN_POINT('',(61.743589620284,54.462766405343));
#4776 = VECTOR('',#4777,1.);
#4777 = DIRECTION('',(0.844838116287,-0.535022015687));
#4778 = ( GEOMETRIC_REPRESENTATION_CONTEXT(2) 
PARAMETRIC_REPRESENTATION_CONTEXT() REPRESENTATION_CONTEXT('2D SPACE',''
  ) );
#4779 = PCURVE('',#267,#4780);
#4780 = DEFINITIONAL_REPRESENTATION('',(#4781),#4785);
#4781 = LINE('',#4782,#4783);
#4782 = CARTESIAN_POINT('',(-0.776431129868,-3.552713678801E-15));
#4783 = VECTOR('',#4784,1.);
#4784 = DIRECTION('',(1.,0.));
#4785 = ( GEOMETRIC_REPRESENTATION_CONTEXT(2) 
PARAMETRIC_REPRESENTATION_CONTEXT() REPRESENTATION_CONTEXT('2D SPACE',''
  ) );
#4786 = ORIENTED_EDGE('',*,*,#4299,.F.);
#4787 = ORIENTED_EDGE('',*,*,#4347,.F.);
#4788 = ORIENTED_EDGE('',*,*,#4426,.F.);
#4789 = ORIENTED_EDGE('',*,*,#3698,.F.);
#4790 = ORIENTED_EDGE('',*,*,#4791,.F.);
#4791 = EDGE_CURVE('',#4792,#3353,#4794,.T.);
#4792 = VERTEX_POINT('',#4793);
#4793 = CARTESIAN_POINT('',(-29.88027977989,27.650060965749,
    16.242074640854));
#4794 = SURFACE_CURVE('',#4795,(#4799,#4806),.PCURVE_S1.);
#4795 = LINE('',#4796,#4797);
#4796 = CARTESIAN_POINT('',(-29.88027977989,27.650060965749,
    16.242074640854));
#4797 = VECTOR('',#4798,1.);
#4798 = DIRECTION('',(0.985832011237,0.167735642067,-2.158823791849E-15)
  );
#4799 = PCURVE('',#1443,#4800);
#4800 = DEFINITIONAL_REPRESENTATION('',(#4801),#4805);
#4801 = LINE('',#4802,#4803);
#4802 = CARTESIAN_POINT('',(1.318429088941,54.672069267703));
#4803 = VECTOR('',#4804,1.);
#4804 = DIRECTION('',(0.985832011237,0.167735642067));
#4805 = ( GEOMETRIC_REPRESENTATION_CONTEXT(2) 
PARAMETRIC_REPRESENTATION_CONTEXT() REPRESENTATION_CONTEXT('2D SPACE',''
  ) );
#4806 = PCURVE('',#3284,#4807);
#4807 = DEFINITIONAL_REPRESENTATION('',(#4808),#4812);
#4808 = LINE('',#4809,#4810);
#4809 = CARTESIAN_POINT('',(-1.150557074323E-13,-3.548611510125E-15));
#4810 = VECTOR('',#4811,1.);
#4811 = DIRECTION('',(1.,2.190214565622E-15));
#4812 = ( GEOMETRIC_REPRESENTATION_CONTEXT(2) 
PARAMETRIC_REPRESENTATION_CONTEXT() REPRESENTATION_CONTEXT('2D SPACE',''
  ) );
#4813 = ORIENTED_EDGE('',*,*,#4814,.F.);
#4814 = EDGE_CURVE('',#4815,#4792,#4817,.T.);
#4815 = VERTEX_POINT('',#4816);
#4816 = CARTESIAN_POINT('',(-31.30815061081,27.047792055126,
    16.242074640854));
#4817 = SURFACE_CURVE('',#4818,(#4822,#4829),.PCURVE_S1.);
#4818 = LINE('',#4819,#4820);
#4819 = CARTESIAN_POINT('',(-31.30815061081,27.047792055126,
    16.242074640854));
#4820 = VECTOR('',#4821,1.);
#4821 = DIRECTION('',(0.921390526542,0.388638003286,2.29253000781E-15));
#4822 = PCURVE('',#1443,#4823);
#4823 = DEFINITIONAL_REPRESENTATION('',(#4824),#4828);
#4824 = LINE('',#4825,#4826);
#4825 = CARTESIAN_POINT('',(-0.109441741981,54.06980035708));
#4826 = VECTOR('',#4827,1.);
#4827 = DIRECTION('',(0.921390526542,0.388638003286));
#4828 = ( GEOMETRIC_REPRESENTATION_CONTEXT(2) 
PARAMETRIC_REPRESENTATION_CONTEXT() REPRESENTATION_CONTEXT('2D SPACE',''
  ) );
#4829 = PCURVE('',#3316,#4830);
#4830 = DEFINITIONAL_REPRESENTATION('',(#4831),#4835);
#4831 = LINE('',#4832,#4833);
#4832 = CARTESIAN_POINT('',(-0.863784859578,2.716004909842E-18));
#4833 = VECTOR('',#4834,1.);
#4834 = DIRECTION('',(1.,-2.286564101754E-15));
#4835 = ( GEOMETRIC_REPRESENTATION_CONTEXT(2) 
PARAMETRIC_REPRESENTATION_CONTEXT() REPRESENTATION_CONTEXT('2D SPACE',''
  ) );
#4836 = ORIENTED_EDGE('',*,*,#4837,.F.);
#4837 = EDGE_CURVE('',#4838,#4815,#4840,.T.);
#4838 = VERTEX_POINT('',#4839);
#4839 = CARTESIAN_POINT('',(-32.27329677556,26.16439559876,
    16.242074640854));
#4840 = SURFACE_CURVE('',#4841,(#4845,#4852),.PCURVE_S1.);
#4841 = LINE('',#4842,#4843);
#4842 = CARTESIAN_POINT('',(-32.27329677556,26.16439559876,
    16.242074640854));
#4843 = VECTOR('',#4844,1.);
#4844 = DIRECTION('',(0.737656795443,0.675175867561,-2.715322800986E-15)
  );
#4845 = PCURVE('',#1443,#4846);
#4846 = DEFINITIONAL_REPRESENTATION('',(#4847),#4851);
#4847 = LINE('',#4848,#4849);
#4848 = CARTESIAN_POINT('',(-1.074587906731,53.186403900714));
#4849 = VECTOR('',#4850,1.);
#4850 = DIRECTION('',(0.737656795443,0.675175867561));
#4851 = ( GEOMETRIC_REPRESENTATION_CONTEXT(2) 
PARAMETRIC_REPRESENTATION_CONTEXT() REPRESENTATION_CONTEXT('2D SPACE',''
  ) );
#4852 = PCURVE('',#3036,#4853);
#4853 = DEFINITIONAL_REPRESENTATION('',(#4854),#4858);
#4854 = LINE('',#4855,#4856);
#4855 = CARTESIAN_POINT('',(-0.59935512146,-3.552713678801E-15));
#4856 = VECTOR('',#4857,1.);
#4857 = DIRECTION('',(1.,2.715322800986E-15));
#4858 = ( GEOMETRIC_REPRESENTATION_CONTEXT(2) 
PARAMETRIC_REPRESENTATION_CONTEXT() REPRESENTATION_CONTEXT('2D SPACE',''
  ) );
#4859 = ORIENTED_EDGE('',*,*,#4860,.F.);
#4860 = EDGE_CURVE('',#4861,#4838,#4863,.T.);
#4861 = VERTEX_POINT('',#4862);
#4862 = CARTESIAN_POINT('',(-32.9095562182,25.338255226298,
    16.242074640854));
#4863 = SURFACE_CURVE('',#4864,(#4868,#4875),.PCURVE_S1.);
#4864 = LINE('',#4865,#4866);
#4865 = CARTESIAN_POINT('',(-32.9095562182,25.338255226298,
    16.242074640854));
#4866 = VECTOR('',#4867,1.);
#4867 = DIRECTION('',(0.610172679082,0.792268453053,3.407051712114E-15)
  );
#4868 = PCURVE('',#1443,#4869);
#4869 = DEFINITIONAL_REPRESENTATION('',(#4870),#4874);
#4870 = LINE('',#4871,#4872);
#4871 = CARTESIAN_POINT('',(-1.710847349373,52.360263528252));
#4872 = VECTOR('',#4873,1.);
#4873 = DIRECTION('',(0.610172679082,0.792268453053));
#4874 = ( GEOMETRIC_REPRESENTATION_CONTEXT(2) 
PARAMETRIC_REPRESENTATION_CONTEXT() REPRESENTATION_CONTEXT('2D SPACE',''
  ) );
#4875 = PCURVE('',#3089,#4876);
#4876 = DEFINITIONAL_REPRESENTATION('',(#4877),#4881);
#4877 = LINE('',#4878,#4879);
#4878 = CARTESIAN_POINT('',(-1.492471874331E-13,0.));
#4879 = VECTOR('',#4880,1.);
#4880 = DIRECTION('',(-1.,3.407051712114E-15));
#4881 = ( GEOMETRIC_REPRESENTATION_CONTEXT(2) 
PARAMETRIC_REPRESENTATION_CONTEXT() REPRESENTATION_CONTEXT('2D SPACE',''
  ) );
#4882 = ORIENTED_EDGE('',*,*,#4883,.F.);
#4883 = EDGE_CURVE('',#4884,#4861,#4886,.T.);
#4884 = VERTEX_POINT('',#4885);
#4885 = CARTESIAN_POINT('',(-33.45230520532,24.038690902358,
    16.242074640854));
#4886 = SURFACE_CURVE('',#4887,(#4891,#4898),.PCURVE_S1.);
#4887 = LINE('',#4888,#4889);
#4888 = CARTESIAN_POINT('',(-33.45230520532,24.038690902358,
    16.242074640854));
#4889 = VECTOR('',#4890,1.);
#4890 = DIRECTION('',(0.385379901605,0.922758002641,-2.522610784103E-15)
  );
#4891 = PCURVE('',#1443,#4892);
#4892 = DEFINITIONAL_REPRESENTATION('',(#4893),#4897);
#4893 = LINE('',#4894,#4895);
#4894 = CARTESIAN_POINT('',(-2.253596336492,51.060699204313));
#4895 = VECTOR('',#4896,1.);
#4896 = DIRECTION('',(0.385379901605,0.922758002641));
#4897 = ( GEOMETRIC_REPRESENTATION_CONTEXT(2) 
PARAMETRIC_REPRESENTATION_CONTEXT() REPRESENTATION_CONTEXT('2D SPACE',''
  ) );
#4898 = PCURVE('',#2952,#4899);
#4899 = DEFINITIONAL_REPRESENTATION('',(#4900),#4904);
#4900 = LINE('',#4901,#4902);
#4901 = CARTESIAN_POINT('',(0.70927420903,3.553118777749E-15));
#4902 = VECTOR('',#4903,1.);
#4903 = DIRECTION('',(-1.,-2.504812339984E-15));
#4904 = ( GEOMETRIC_REPRESENTATION_CONTEXT(2) 
PARAMETRIC_REPRESENTATION_CONTEXT() REPRESENTATION_CONTEXT('2D SPACE',''
  ) );
#4905 = ORIENTED_EDGE('',*,*,#4906,.F.);
#4906 = EDGE_CURVE('',#2766,#4884,#4907,.T.);
#4907 = SURFACE_CURVE('',#4908,(#4912,#4919),.PCURVE_S1.);
#4908 = LINE('',#4909,#4910);
#4909 = CARTESIAN_POINT('',(-33.67227745928,23.221823123836,
    16.242074640854));
#4910 = VECTOR('',#4911,1.);
#4911 = DIRECTION('',(0.260024519292,0.965602013962,0.));
#4912 = PCURVE('',#1443,#4913);
#4913 = DEFINITIONAL_REPRESENTATION('',(#4914),#4918);
#4914 = LINE('',#4915,#4916);
#4915 = CARTESIAN_POINT('',(-2.473568590448,50.24383142579));
#4916 = VECTOR('',#4917,1.);
#4917 = DIRECTION('',(0.260024519292,0.965602013962));
#4918 = ( GEOMETRIC_REPRESENTATION_CONTEXT(2) 
PARAMETRIC_REPRESENTATION_CONTEXT() REPRESENTATION_CONTEXT('2D SPACE',''
  ) );
#4919 = PCURVE('',#2781,#4920);
#4920 = DEFINITIONAL_REPRESENTATION('',(#4921),#4925);
#4921 = LINE('',#4922,#4923);
#4922 = CARTESIAN_POINT('',(1.104962475063E-07,3.552713678801E-15));
#4923 = VECTOR('',#4924,1.);
#4924 = DIRECTION('',(-1.,0.));
#4925 = ( GEOMETRIC_REPRESENTATION_CONTEXT(2) 
PARAMETRIC_REPRESENTATION_CONTEXT() REPRESENTATION_CONTEXT('2D SPACE',''
  ) );
#4926 = ADVANCED_FACE('',(#4927),#1644,.T.);
#4927 = FACE_BOUND('',#4928,.T.);
#4928 = EDGE_LOOP('',(#4929,#4930,#4931));
#4929 = ORIENTED_EDGE('',*,*,#2683,.T.);
#4930 = ORIENTED_EDGE('',*,*,#1630,.T.);
#4931 = ORIENTED_EDGE('',*,*,#1793,.F.);
#4932 = ADVANCED_FACE('',(#4933),#2020,.T.);
#4933 = FACE_BOUND('',#4934,.T.);
#4934 = EDGE_LOOP('',(#4935,#4936,#4937,#4958));
#4935 = ORIENTED_EDGE('',*,*,#2006,.T.);
#4936 = ORIENTED_EDGE('',*,*,#2604,.T.);
#4937 = ORIENTED_EDGE('',*,*,#4938,.T.);
#4938 = EDGE_CURVE('',#2582,#4512,#4939,.T.);
#4939 = SURFACE_CURVE('',#4940,(#4944,#4951),.PCURVE_S1.);
#4940 = LINE('',#4941,#4942);
#4941 = CARTESIAN_POINT('',(-31.84278944709,-26.55983315279,
    3.491182612869E-05));
#4942 = VECTOR('',#4943,1.);
#4943 = DIRECTION('',(0.,0.,1.));
#4944 = PCURVE('',#2020,#4945);
#4945 = DEFINITIONAL_REPRESENTATION('',(#4946),#4950);
#4946 = LINE('',#4947,#4948);
#4947 = CARTESIAN_POINT('',(-1.73343014809E-13,16.242039729028));
#4948 = VECTOR('',#4949,1.);
#4949 = DIRECTION('',(0.,-1.));
#4950 = ( GEOMETRIC_REPRESENTATION_CONTEXT(2) 
PARAMETRIC_REPRESENTATION_CONTEXT() REPRESENTATION_CONTEXT('2D SPACE',''
  ) );
#4951 = PCURVE('',#2387,#4952);
#4952 = DEFINITIONAL_REPRESENTATION('',(#4953),#4957);
#4953 = LINE('',#4954,#4955);
#4954 = CARTESIAN_POINT('',(0.79274564634,16.242039729028));
#4955 = VECTOR('',#4956,1.);
#4956 = DIRECTION('',(0.,-1.));
#4957 = ( GEOMETRIC_REPRESENTATION_CONTEXT(2) 
PARAMETRIC_REPRESENTATION_CONTEXT() REPRESENTATION_CONTEXT('2D SPACE',''
  ) );
#4958 = ORIENTED_EDGE('',*,*,#4511,.F.);
#4959 = ADVANCED_FACE('',(#4960),#2387,.T.);
#4960 = FACE_BOUND('',#4961,.T.);
#4961 = EDGE_LOOP('',(#4962,#4963,#4964,#4965));
#4962 = ORIENTED_EDGE('',*,*,#2581,.T.);
#4963 = ORIENTED_EDGE('',*,*,#2371,.T.);
#4964 = ORIENTED_EDGE('',*,*,#4534,.F.);
#4965 = ORIENTED_EDGE('',*,*,#4938,.F.);
#4966 = ADVANCED_FACE('',(#4967),#2239,.T.);
#4967 = FACE_BOUND('',#4968,.T.);
#4968 = EDGE_LOOP('',(#4969,#4970,#4971));
#4969 = ORIENTED_EDGE('',*,*,#2557,.T.);
#4970 = ORIENTED_EDGE('',*,*,#2225,.T.);
#4971 = ORIENTED_EDGE('',*,*,#4556,.F.);
#4972 = ADVANCED_FACE('',(#4973),#2781,.T.);
#4973 = FACE_BOUND('',#4974,.T.);
#4974 = EDGE_LOOP('',(#4975,#4976,#4977,#4978));
#4975 = ORIENTED_EDGE('',*,*,#2883,.F.);
#4976 = ORIENTED_EDGE('',*,*,#2765,.F.);
#4977 = ORIENTED_EDGE('',*,*,#4906,.T.);
#4978 = ORIENTED_EDGE('',*,*,#4979,.T.);
#4979 = EDGE_CURVE('',#4884,#2884,#4980,.T.);
#4980 = SURFACE_CURVE('',#4981,(#4985,#4992),.PCURVE_S1.);
#4981 = LINE('',#4982,#4983);
#4982 = CARTESIAN_POINT('',(-33.45230520532,24.038690902358,
    16.242074640854));
#4983 = VECTOR('',#4984,1.);
#4984 = DIRECTION('',(2.15212873488E-03,7.991938015564E-03,
    -0.999965748048));
#4985 = PCURVE('',#2781,#4986);
#4986 = DEFINITIONAL_REPRESENTATION('',(#4987),#4991);
#4987 = LINE('',#4988,#4989);
#4988 = CARTESIAN_POINT('',(-0.845967241178,3.552713678801E-15));
#4989 = VECTOR('',#4990,1.);
#4990 = DIRECTION('',(-8.276637683028E-03,-0.999965748048));
#4991 = ( GEOMETRIC_REPRESENTATION_CONTEXT(2) 
PARAMETRIC_REPRESENTATION_CONTEXT() REPRESENTATION_CONTEXT('2D SPACE',''
  ) );
#4992 = PCURVE('',#2952,#4993);
#4993 = DEFINITIONAL_REPRESENTATION('',(#4994),#4998);
#4994 = LINE('',#4995,#4996);
#4995 = CARTESIAN_POINT('',(0.70927420903,3.553118777749E-15));
#4996 = VECTOR('',#4997,1.);
#4997 = DIRECTION('',(-8.204011920565E-03,-0.999966346528));
#4998 = ( GEOMETRIC_REPRESENTATION_CONTEXT(2) 
PARAMETRIC_REPRESENTATION_CONTEXT() REPRESENTATION_CONTEXT('2D SPACE',''
  ) );
#4999 = ADVANCED_FACE('',(#5000),#2952,.T.);
#5000 = FACE_BOUND('',#5001,.T.);
#5001 = EDGE_LOOP('',(#5002,#5003,#5004,#5005,#5006));
#5002 = ORIENTED_EDGE('',*,*,#3052,.F.);
#5003 = ORIENTED_EDGE('',*,*,#2936,.F.);
#5004 = ORIENTED_EDGE('',*,*,#4979,.F.);
#5005 = ORIENTED_EDGE('',*,*,#4883,.T.);
#5006 = ORIENTED_EDGE('',*,*,#5007,.F.);
#5007 = EDGE_CURVE('',#3053,#4861,#5008,.T.);
#5008 = SURFACE_CURVE('',#5009,(#5013,#5020),.PCURVE_S1.);
#5009 = LINE('',#5010,#5011);
#5010 = CARTESIAN_POINT('',(-32.95162730264,25.28362873428,
    5.321661016115E-04));
#5011 = VECTOR('',#5012,1.);
#5012 = DIRECTION('',(2.590314645267E-03,3.363350486317E-03,
    0.999990989031));
#5013 = PCURVE('',#2952,#5014);
#5014 = DEFINITIONAL_REPRESENTATION('',(#5015),#5019);
#5015 = LINE('',#5016,#5017);
#5016 = CARTESIAN_POINT('',(-0.632453339039,-16.24155219532));
#5017 = VECTOR('',#5018,1.);
#5018 = DIRECTION('',(-4.101813780057E-03,0.999991587526));
#5019 = ( GEOMETRIC_REPRESENTATION_CONTEXT(2) 
PARAMETRIC_REPRESENTATION_CONTEXT() REPRESENTATION_CONTEXT('2D SPACE',''
  ) );
#5020 = PCURVE('',#3089,#5021);
#5021 = DEFINITIONAL_REPRESENTATION('',(#5022),#5026);
#5022 = LINE('',#5023,#5024);
#5023 = CARTESIAN_POINT('',(6.894947262889E-02,-16.24154247475));
#5024 = VECTOR('',#5025,1.);
#5025 = DIRECTION('',(-4.245215713635E-03,0.999990989031));
#5026 = ( GEOMETRIC_REPRESENTATION_CONTEXT(2) 
PARAMETRIC_REPRESENTATION_CONTEXT() REPRESENTATION_CONTEXT('2D SPACE',''
  ) );
#5027 = ADVANCED_FACE('',(#5028),#3089,.T.);
#5028 = FACE_BOUND('',#5029,.T.);
#5029 = EDGE_LOOP('',(#5030,#5031,#5032,#5033));
#5030 = ORIENTED_EDGE('',*,*,#3075,.F.);
#5031 = ORIENTED_EDGE('',*,*,#5007,.T.);
#5032 = ORIENTED_EDGE('',*,*,#4860,.T.);
#5033 = ORIENTED_EDGE('',*,*,#5034,.F.);
#5034 = EDGE_CURVE('',#2995,#4838,#5035,.T.);
#5035 = SURFACE_CURVE('',#5036,(#5040,#5047),.PCURVE_S1.);
#5036 = LINE('',#5037,#5038);
#5037 = CARTESIAN_POINT('',(-32.27329677556,26.16439559876,
    8.354778250919E-05));
#5038 = VECTOR('',#5039,1.);
#5039 = DIRECTION('',(0.,0.,1.));
#5040 = PCURVE('',#3089,#5041);
#5041 = DEFINITIONAL_REPRESENTATION('',(#5042),#5046);
#5042 = LINE('',#5043,#5044);
#5043 = CARTESIAN_POINT('',(-1.042753083603,-16.24199109307));
#5044 = VECTOR('',#5045,1.);
#5045 = DIRECTION('',(0.,1.));
#5046 = ( GEOMETRIC_REPRESENTATION_CONTEXT(2) 
PARAMETRIC_REPRESENTATION_CONTEXT() REPRESENTATION_CONTEXT('2D SPACE',''
  ) );
#5047 = PCURVE('',#3036,#5048);
#5048 = DEFINITIONAL_REPRESENTATION('',(#5049),#5053);
#5049 = LINE('',#5050,#5051);
#5050 = CARTESIAN_POINT('',(-0.59935512146,16.241991093072));
#5051 = VECTOR('',#5052,1.);
#5052 = DIRECTION('',(0.,-1.));
#5053 = ( GEOMETRIC_REPRESENTATION_CONTEXT(2) 
PARAMETRIC_REPRESENTATION_CONTEXT() REPRESENTATION_CONTEXT('2D SPACE',''
  ) );
#5054 = ADVANCED_FACE('',(#5055),#3036,.T.);
#5055 = FACE_BOUND('',#5056,.T.);
#5056 = EDGE_LOOP('',(#5057,#5058,#5059,#5060,#5061));
#5057 = ORIENTED_EDGE('',*,*,#3128,.F.);
#5058 = ORIENTED_EDGE('',*,*,#3022,.F.);
#5059 = ORIENTED_EDGE('',*,*,#5034,.T.);
#5060 = ORIENTED_EDGE('',*,*,#4837,.T.);
#5061 = ORIENTED_EDGE('',*,*,#5062,.T.);
#5062 = EDGE_CURVE('',#4815,#3105,#5063,.T.);
#5063 = SURFACE_CURVE('',#5064,(#5068,#5075),.PCURVE_S1.);
#5064 = LINE('',#5065,#5066);
#5065 = CARTESIAN_POINT('',(-31.30815061081,27.047792055126,
    16.242074640854));
#5066 = VECTOR('',#5067,1.);
#5067 = DIRECTION('',(6.851696308129E-03,6.271344651991E-03,
    -0.999956861317));
#5068 = PCURVE('',#3036,#5069);
#5069 = DEFINITIONAL_REPRESENTATION('',(#5070),#5074);
#5070 = LINE('',#5071,#5072);
#5071 = CARTESIAN_POINT('',(0.709039474391,0.));
#5072 = VECTOR('',#5073,1.);
#5073 = DIRECTION('',(9.288460908185E-03,0.999956861317));
#5074 = ( GEOMETRIC_REPRESENTATION_CONTEXT(2) 
PARAMETRIC_REPRESENTATION_CONTEXT() REPRESENTATION_CONTEXT('2D SPACE',''
  ) );
#5075 = PCURVE('',#3316,#5076);
#5076 = DEFINITIONAL_REPRESENTATION('',(#5077),#5081);
#5077 = LINE('',#5078,#5079);
#5078 = CARTESIAN_POINT('',(-0.863784859578,2.716004909842E-18));
#5079 = VECTOR('',#5080,1.);
#5080 = DIRECTION('',(8.750370932521E-03,0.999961714771));
#5081 = ( GEOMETRIC_REPRESENTATION_CONTEXT(2) 
PARAMETRIC_REPRESENTATION_CONTEXT() REPRESENTATION_CONTEXT('2D SPACE',''
  ) );
#5082 = ADVANCED_FACE('',(#5083),#3316,.T.);
#5083 = FACE_BOUND('',#5084,.T.);
#5084 = EDGE_LOOP('',(#5085,#5086,#5087,#5088,#5089));
#5085 = ORIENTED_EDGE('',*,*,#3328,.F.);
#5086 = ORIENTED_EDGE('',*,*,#3300,.F.);
#5087 = ORIENTED_EDGE('',*,*,#5062,.F.);
#5088 = ORIENTED_EDGE('',*,*,#4814,.T.);
#5089 = ORIENTED_EDGE('',*,*,#5090,.F.);
#5090 = EDGE_CURVE('',#3243,#4792,#5091,.T.);
#5091 = SURFACE_CURVE('',#5092,(#5096,#5103),.PCURVE_S1.);
#5092 = LINE('',#5093,#5094);
#5093 = CARTESIAN_POINT('',(-29.92660152332,27.685446054813,
    -3.385220691289E-04));
#5094 = VECTOR('',#5095,1.);
#5095 = DIRECTION('',(2.851881963222E-03,-2.178547044752E-03,
    0.99999356033));
#5096 = PCURVE('',#3316,#5097);
#5097 = DEFINITIONAL_REPRESENTATION('',(#5098),#5102);
#5098 = LINE('',#5099,#5100);
#5099 = CARTESIAN_POINT('',(0.656977958811,16.242491998144));
#5100 = VECTOR('',#5101,1.);
#5101 = DIRECTION('',(1.781030850194E-03,-0.999998413963));
#5102 = ( GEOMETRIC_REPRESENTATION_CONTEXT(2) 
PARAMETRIC_REPRESENTATION_CONTEXT() REPRESENTATION_CONTEXT('2D SPACE',''
  ) );
#5103 = PCURVE('',#3284,#5104);
#5104 = DEFINITIONAL_REPRESENTATION('',(#5105),#5109);
#5105 = LINE('',#5106,#5107);
#5106 = CARTESIAN_POINT('',(-3.973011686118E-02,16.242469168244));
#5107 = VECTOR('',#5108,1.);
#5108 = DIRECTION('',(2.44605654429E-03,-0.999997008399));
#5109 = ( GEOMETRIC_REPRESENTATION_CONTEXT(2) 
PARAMETRIC_REPRESENTATION_CONTEXT() REPRESENTATION_CONTEXT('2D SPACE',''
  ) );
#5110 = ADVANCED_FACE('',(#5111),#3284,.T.);
#5111 = FACE_BOUND('',#5112,.T.);
#5112 = EDGE_LOOP('',(#5113,#5114,#5115,#5116));
#5113 = ORIENTED_EDGE('',*,*,#3381,.F.);
#5114 = ORIENTED_EDGE('',*,*,#3270,.F.);
#5115 = ORIENTED_EDGE('',*,*,#5090,.T.);
#5116 = ORIENTED_EDGE('',*,*,#4791,.T.);
#5117 = ADVANCED_FACE('',(#5118),#646,.T.);
#5118 = FACE_BOUND('',#5119,.T.);
#5119 = EDGE_LOOP('',(#5120,#5121,#5122,#5123));
#5120 = ORIENTED_EDGE('',*,*,#630,.T.);
#5121 = ORIENTED_EDGE('',*,*,#3775,.F.);
#5122 = ORIENTED_EDGE('',*,*,#4650,.F.);
#5123 = ORIENTED_EDGE('',*,*,#5124,.F.);
#5124 = EDGE_CURVE('',#631,#4628,#5125,.T.);
#5125 = SURFACE_CURVE('',#5126,(#5130,#5137),.PCURVE_S1.);
#5126 = LINE('',#5127,#5128);
#5127 = CARTESIAN_POINT('',(33.516476921275,-24.06384278001,
    -6.194769368598E-03));
#5128 = VECTOR('',#5129,1.);
#5129 = DIRECTION('',(0.,0.,1.));
#5130 = PCURVE('',#646,#5131);
#5131 = DEFINITIONAL_REPRESENTATION('',(#5132),#5136);
#5132 = LINE('',#5133,#5134);
#5133 = CARTESIAN_POINT('',(-0.855682717084,-16.24826941022));
#5134 = VECTOR('',#5135,1.);
#5135 = DIRECTION('',(0.,1.));
#5136 = ( GEOMETRIC_REPRESENTATION_CONTEXT(2) 
PARAMETRIC_REPRESENTATION_CONTEXT() REPRESENTATION_CONTEXT('2D SPACE',''
  ) );
#5137 = PCURVE('',#1047,#5138);
#5138 = DEFINITIONAL_REPRESENTATION('',(#5139),#5143);
#5139 = LINE('',#5140,#5141);
#5140 = CARTESIAN_POINT('',(0.711122675099,-16.24826941022));
#5141 = VECTOR('',#5142,1.);
#5142 = DIRECTION('',(0.,1.));
#5143 = ( GEOMETRIC_REPRESENTATION_CONTEXT(2) 
PARAMETRIC_REPRESENTATION_CONTEXT() REPRESENTATION_CONTEXT('2D SPACE',''
  ) );
#5144 = ADVANCED_FACE('',(#5145),#1047,.T.);
#5145 = FACE_BOUND('',#5146,.T.);
#5146 = EDGE_LOOP('',(#5147,#5148,#5149,#5150,#5151));
#5147 = ORIENTED_EDGE('',*,*,#1059,.T.);
#5148 = ORIENTED_EDGE('',*,*,#1031,.T.);
#5149 = ORIENTED_EDGE('',*,*,#5124,.T.);
#5150 = ORIENTED_EDGE('',*,*,#4627,.F.);
#5151 = ORIENTED_EDGE('',*,*,#5152,.F.);
#5152 = EDGE_CURVE('',#805,#3936,#5153,.T.);
#5153 = SURFACE_CURVE('',#5154,(#5158,#5165),.PCURVE_S1.);
#5154 = LINE('',#5155,#5156);
#5155 = CARTESIAN_POINT('',(32.924317264238,-25.34675182657,
    -1.611749700997E-03));
#5156 = VECTOR('',#5157,1.);
#5157 = DIRECTION('',(0.,0.,1.));
#5158 = PCURVE('',#1047,#5159);
#5159 = DEFINITIONAL_REPRESENTATION('',(#5160),#5164);
#5160 = LINE('',#5161,#5162);
#5161 = CARTESIAN_POINT('',(-0.701855980495,-16.24368639055));
#5162 = VECTOR('',#5163,1.);
#5163 = DIRECTION('',(0.,1.));
#5164 = ( GEOMETRIC_REPRESENTATION_CONTEXT(2) 
PARAMETRIC_REPRESENTATION_CONTEXT() REPRESENTATION_CONTEXT('2D SPACE',''
  ) );
#5165 = PCURVE('',#936,#5166);
#5166 = DEFINITIONAL_REPRESENTATION('',(#5167),#5171);
#5167 = LINE('',#5168,#5169);
#5168 = CARTESIAN_POINT('',(6.323929778018E-13,-16.24368639055));
#5169 = VECTOR('',#5170,1.);
#5170 = DIRECTION('',(0.,1.));
#5171 = ( GEOMETRIC_REPRESENTATION_CONTEXT(2) 
PARAMETRIC_REPRESENTATION_CONTEXT() REPRESENTATION_CONTEXT('2D SPACE',''
  ) );
#5172 = ADVANCED_FACE('',(#5173),#936,.T.);
#5173 = FACE_BOUND('',#5174,.T.);
#5174 = EDGE_LOOP('',(#5175,#5176,#5177));
#5175 = ORIENTED_EDGE('',*,*,#3935,.F.);
#5176 = ORIENTED_EDGE('',*,*,#920,.T.);
#5177 = ORIENTED_EDGE('',*,*,#5152,.T.);
#5178 = ADVANCED_FACE('',(#5179),#904,.T.);
#5179 = FACE_BOUND('',#5180,.T.);
#5180 = EDGE_LOOP('',(#5181,#5182,#5183,#5184,#5185));
#5181 = ORIENTED_EDGE('',*,*,#890,.T.);
#5182 = ORIENTED_EDGE('',*,*,#1006,.T.);
#5183 = ORIENTED_EDGE('',*,*,#3982,.F.);
#5184 = ORIENTED_EDGE('',*,*,#4603,.F.);
#5185 = ORIENTED_EDGE('',*,*,#5186,.F.);
#5186 = EDGE_CURVE('',#747,#4581,#5187,.T.);
#5187 = SURFACE_CURVE('',#5188,(#5192,#5199),.PCURVE_S1.);
#5188 = LINE('',#5189,#5190);
#5189 = CARTESIAN_POINT('',(30.385366495275,-27.46228255451,
    5.916161074432E-03));
#5190 = VECTOR('',#5191,1.);
#5191 = DIRECTION('',(1.522777885521E-02,4.888002810392E-03,
    0.999872102911));
#5192 = PCURVE('',#904,#5193);
#5193 = DEFINITIONAL_REPRESENTATION('',(#5194),#5198);
#5194 = LINE('',#5195,#5196);
#5195 = CARTESIAN_POINT('',(0.928558377048,16.23624014467));
#5196 = VECTOR('',#5197,1.);
#5197 = DIRECTION('',(-1.567548200204E-02,-0.999877132084));
#5198 = ( GEOMETRIC_REPRESENTATION_CONTEXT(2) 
PARAMETRIC_REPRESENTATION_CONTEXT() REPRESENTATION_CONTEXT('2D SPACE',''
  ) );
#5199 = PCURVE('',#788,#5200);
#5200 = DEFINITIONAL_REPRESENTATION('',(#5201),#5205);
#5201 = LINE('',#5202,#5203);
#5202 = CARTESIAN_POINT('',(-0.62847925443,16.23615847978));
#5203 = VECTOR('',#5204,1.);
#5204 = DIRECTION('',(-1.599305537844E-02,-0.999872102911));
#5205 = ( GEOMETRIC_REPRESENTATION_CONTEXT(2) 
PARAMETRIC_REPRESENTATION_CONTEXT() REPRESENTATION_CONTEXT('2D SPACE',''
  ) );
#5206 = ADVANCED_FACE('',(#5207),#788,.T.);
#5207 = FACE_BOUND('',#5208,.T.);
#5208 = EDGE_LOOP('',(#5209,#5210,#5211,#5212,#5213));
#5209 = ORIENTED_EDGE('',*,*,#4062,.T.);
#5210 = ORIENTED_EDGE('',*,*,#1084,.T.);
#5211 = ORIENTED_EDGE('',*,*,#774,.T.);
#5212 = ORIENTED_EDGE('',*,*,#5186,.T.);
#5213 = ORIENTED_EDGE('',*,*,#4580,.F.);
#5214 = ADVANCED_FACE('',(#5215),#299,.T.);
#5215 = FACE_BOUND('',#5216,.T.);
#5216 = EDGE_LOOP('',(#5217,#5218,#5219,#5240));
#5217 = ORIENTED_EDGE('',*,*,#4191,.T.);
#5218 = ORIENTED_EDGE('',*,*,#283,.F.);
#5219 = ORIENTED_EDGE('',*,*,#5220,.F.);
#5220 = EDGE_CURVE('',#4675,#57,#5221,.T.);
#5221 = SURFACE_CURVE('',#5222,(#5226,#5233),.PCURVE_S1.);
#5222 = LINE('',#5223,#5224);
#5223 = CARTESIAN_POINT('',(33.545428540922,23.983238372316,
    16.242074640854));
#5224 = VECTOR('',#5225,1.);
#5225 = DIRECTION('',(3.705358427592E-05,-9.473391633078E-05,
    -0.999999994826));
#5226 = PCURVE('',#299,#5227);
#5227 = DEFINITIONAL_REPRESENTATION('',(#5228),#5232);
#5228 = LINE('',#5229,#5230);
#5229 = CARTESIAN_POINT('',(0.771745917019,3.55273156714E-15));
#5230 = VECTOR('',#5231,1.);
#5231 = DIRECTION('',(-9.960693289962E-05,-0.999999995039));
#5232 = ( GEOMETRIC_REPRESENTATION_CONTEXT(2) 
PARAMETRIC_REPRESENTATION_CONTEXT() REPRESENTATION_CONTEXT('2D SPACE',''
  ) );
#5233 = PCURVE('',#72,#5234);
#5234 = DEFINITIONAL_REPRESENTATION('',(#5235),#5239);
#5235 = LINE('',#5236,#5237);
#5236 = CARTESIAN_POINT('',(-0.909941822505,3.552713678801E-15));
#5237 = VECTOR('',#5238,1.);
#5238 = DIRECTION('',(-1.017225786689E-04,-0.999999994826));
#5239 = ( GEOMETRIC_REPRESENTATION_CONTEXT(2) 
PARAMETRIC_REPRESENTATION_CONTEXT() REPRESENTATION_CONTEXT('2D SPACE',''
  ) );
#5240 = ORIENTED_EDGE('',*,*,#4674,.T.);
#5241 = ADVANCED_FACE('',(#5242),#72,.T.);
#5242 = FACE_BOUND('',#5243,.T.);
#5243 = EDGE_LOOP('',(#5244,#5245,#5266,#5267));
#5244 = ORIENTED_EDGE('',*,*,#56,.F.);
#5245 = ORIENTED_EDGE('',*,*,#5246,.T.);
#5246 = EDGE_CURVE('',#24,#4698,#5247,.T.);
#5247 = SURFACE_CURVE('',#5248,(#5252,#5259),.PCURVE_S1.);
#5248 = LINE('',#5249,#5250);
#5249 = CARTESIAN_POINT('',(33.213972079164,24.830664318521,
    -6.201504319669E-05));
#5250 = VECTOR('',#5251,1.);
#5251 = DIRECTION('',(0.,0.,1.));
#5252 = PCURVE('',#72,#5253);
#5253 = DEFINITIONAL_REPRESENTATION('',(#5254),#5258);
#5254 = LINE('',#5255,#5256);
#5255 = CARTESIAN_POINT('',(-8.903966970413E-14,-16.24213665589));
#5256 = VECTOR('',#5257,1.);
#5257 = DIRECTION('',(0.,1.));
#5258 = ( GEOMETRIC_REPRESENTATION_CONTEXT(2) 
PARAMETRIC_REPRESENTATION_CONTEXT() REPRESENTATION_CONTEXT('2D SPACE',''
  ) );
#5259 = PCURVE('',#44,#5260);
#5260 = DEFINITIONAL_REPRESENTATION('',(#5261),#5265);
#5261 = LINE('',#5262,#5263);
#5262 = CARTESIAN_POINT('',(-0.671648262102,-16.24213665589));
#5263 = VECTOR('',#5264,1.);
#5264 = DIRECTION('',(0.,1.));
#5265 = ( GEOMETRIC_REPRESENTATION_CONTEXT(2) 
PARAMETRIC_REPRESENTATION_CONTEXT() REPRESENTATION_CONTEXT('2D SPACE',''
  ) );
#5266 = ORIENTED_EDGE('',*,*,#4697,.T.);
#5267 = ORIENTED_EDGE('',*,*,#5220,.T.);
#5268 = ADVANCED_FACE('',(#5269),#44,.T.);
#5269 = FACE_BOUND('',#5270,.T.);
#5270 = EDGE_LOOP('',(#5271,#5272,#5273,#5294,#5295));
#5271 = ORIENTED_EDGE('',*,*,#21,.F.);
#5272 = ORIENTED_EDGE('',*,*,#113,.F.);
#5273 = ORIENTED_EDGE('',*,*,#5274,.T.);
#5274 = EDGE_CURVE('',#114,#4721,#5275,.T.);
#5275 = SURFACE_CURVE('',#5276,(#5280,#5287),.PCURVE_S1.);
#5276 = LINE('',#5277,#5278);
#5277 = CARTESIAN_POINT('',(32.44603122497,26.020631727649,
    -3.709413900728E-04));
#5278 = VECTOR('',#5279,1.);
#5279 = DIRECTION('',(2.172233938189E-05,-3.365998276083E-05,
    0.999999999198));
#5280 = PCURVE('',#44,#5281);
#5281 = DEFINITIONAL_REPRESENTATION('',(#5282),#5286);
#5282 = LINE('',#5283,#5284);
#5283 = CARTESIAN_POINT('',(0.744598746836,-16.24244558224));
#5284 = VECTOR('',#5285,1.);
#5285 = DIRECTION('',(-4.006063488865E-05,0.999999999198));
#5286 = ( GEOMETRIC_REPRESENTATION_CONTEXT(2) 
PARAMETRIC_REPRESENTATION_CONTEXT() REPRESENTATION_CONTEXT('2D SPACE',''
  ) );
#5287 = PCURVE('',#182,#5288);
#5288 = DEFINITIONAL_REPRESENTATION('',(#5289),#5293);
#5289 = LINE('',#5290,#5291);
#5290 = CARTESIAN_POINT('',(0.919166405218,16.242445582939));
#5291 = VECTOR('',#5292,1.);
#5292 = DIRECTION('',(3.897819328629E-05,-0.99999999924));
#5293 = ( GEOMETRIC_REPRESENTATION_CONTEXT(2) 
PARAMETRIC_REPRESENTATION_CONTEXT() REPRESENTATION_CONTEXT('2D SPACE',''
  ) );
#5294 = ORIENTED_EDGE('',*,*,#4720,.T.);
#5295 = ORIENTED_EDGE('',*,*,#5246,.F.);
#5296 = ADVANCED_FACE('',(#5297),#182,.T.);
#5297 = FACE_BOUND('',#5298,.T.);
#5298 = EDGE_LOOP('',(#5299,#5300,#5321,#5322));
#5299 = ORIENTED_EDGE('',*,*,#166,.F.);
#5300 = ORIENTED_EDGE('',*,*,#5301,.F.);
#5301 = EDGE_CURVE('',#4744,#167,#5302,.T.);
#5302 = SURFACE_CURVE('',#5303,(#5307,#5314),.PCURVE_S1.);
#5303 = LINE('',#5304,#5305);
#5304 = CARTESIAN_POINT('',(31.782670709402,26.656886181024,
    16.242074640854));
#5305 = VECTOR('',#5306,1.);
#5306 = DIRECTION('',(3.930003077163E-05,-2.48880599445E-05,
    -0.999999998918));
#5307 = PCURVE('',#182,#5308);
#5308 = DEFINITIONAL_REPRESENTATION('',(#5309),#5313);
#5309 = LINE('',#5310,#5311);
#5310 = CARTESIAN_POINT('',(-1.231208752479E-13,3.247818352324E-22));
#5311 = VECTOR('',#5312,1.);
#5312 = DIRECTION('',(4.558895733249E-05,0.999999998961));
#5313 = ( GEOMETRIC_REPRESENTATION_CONTEXT(2) 
PARAMETRIC_REPRESENTATION_CONTEXT() REPRESENTATION_CONTEXT('2D SPACE',''
  ) );
#5314 = PCURVE('',#267,#5315);
#5315 = DEFINITIONAL_REPRESENTATION('',(#5316),#5320);
#5316 = LINE('',#5317,#5318);
#5317 = CARTESIAN_POINT('',(0.688689742511,-3.552713678801E-15));
#5318 = VECTOR('',#5319,1.);
#5319 = DIRECTION('',(4.651782396514E-05,0.999999998918));
#5320 = ( GEOMETRIC_REPRESENTATION_CONTEXT(2) 
PARAMETRIC_REPRESENTATION_CONTEXT() REPRESENTATION_CONTEXT('2D SPACE',''
  ) );
#5321 = ORIENTED_EDGE('',*,*,#4743,.T.);
#5322 = ORIENTED_EDGE('',*,*,#5274,.F.);
#5323 = ADVANCED_FACE('',(#5324),#267,.T.);
#5324 = FACE_BOUND('',#5325,.T.);
#5325 = EDGE_LOOP('',(#5326,#5327,#5328,#5329,#5330));
#5326 = ORIENTED_EDGE('',*,*,#253,.F.);
#5327 = ORIENTED_EDGE('',*,*,#3550,.F.);
#5328 = ORIENTED_EDGE('',*,*,#4322,.T.);
#5329 = ORIENTED_EDGE('',*,*,#4766,.T.);
#5330 = ORIENTED_EDGE('',*,*,#5301,.T.);
#5331 = ( GEOMETRIC_REPRESENTATION_CONTEXT(3) 
GLOBAL_UNCERTAINTY_ASSIGNED_CONTEXT((#5335)) 
GLOBAL_UNIT_ASSIGNED_CONTEXT((#5332,#5333,#5334)) REPRESENTATION_CONTEXT
('Context #1','3D Context with UNIT and UNCERTAINTY') );
#5332 = ( LENGTH_UNIT() NAMED_UNIT(*) SI_UNIT(.MILLI.,.METRE.) );
#5333 = ( NAMED_UNIT(*) PLANE_ANGLE_UNIT() SI_UNIT($,.RADIAN.) );
#5334 = ( NAMED_UNIT(*) SI_UNIT($,.STERADIAN.) SOLID_ANGLE_UNIT() );
#5335 = UNCERTAINTY_MEASURE_WITH_UNIT(LENGTH_MEASURE(1.E-07),#5332,
  'distance_accuracy_value','confusion accuracy');
#5336 = PRODUCT_TYPE('part',$,(#7));
ENDSEC;
END-ISO-10303-21;
