ISO-10303-21;
HEADER;
FILE_DESCRIPTION(('Open CASCADE Model'),'2;1');
FILE_NAME('Open CASCADE Shape Model','2026-10-04T20:46:50',('Author'),(
    'Open CASCADE'),'Open CASCADE STEP processor 7.8','Open CASCADE 7.8'
  ,'Unknown');
FILE_SCHEMA(('AUTOMOTIVE_DESIGN_CC2 { 1 2 10303 214 -1 1 5 4 }'));
ENDSEC;
DATA;
#1 = APPLICATION_PROTOCOL_DEFINITION('committee draft',
  'automotive_design',1997,#2);
#2 = APPLICATION_CONTEXT(
  'core data for automotive mechanical design processes');
#3 = SHAPE_DEFINITION_REPRESENTATION(#4,#10);
#4 = PRODUCT_DEFINITION_SHAPE('','',#5);
#5 = PRODUCT_DEFINITION('design','',#6,#9);
#6 = PRODUCT_DEFINITION_FORMATION('','',#7);
#7 = PRODUCT('Open CASCADE STEP translator 7.8 311',
  'Open CASCADE STEP translator 7.8 311','',(#8));
#8 = MECHANICAL_CONTEXT('',#2,'mechanical');
#9 = PRODUCT_DEFINITION_CONTEXT('part definition',#2,'design');
#10 = ADVANCED_BREP_SHAPE_REPRESENTATION('',(#11,#15),#13461);
#11 = AXIS2_PLACEMENT_3D('',#12,#13,#14);
#12 = CARTESIAN_POINT('',(0.,0.,0.));
#13 = DIRECTION('',(0.,0.,1.));
#14 = DIRECTION('',(1.,0.,-0.));
#15 = MANIFOLD_SOLID_BREP('',#16);
#16 = CLOSED_SHELL('',(#17,#109,#167,#220,#278,#331,#389,#447,#505,#558,
    #616,#674,#732,#790,#848,#906,#964,#1022,#1080,#1133,#1191,#1249,
    #1307,#1365,#1423,#1481,#1539,#1592,#1650,#1708,#1766,#1819,#1877,
    #1935,#1993,#2046,#2104,#2162,#2220,#2278,#2336,#2389,#2447,#2505,
    #2563,#2621,#2679,#2732,#2790,#2843,#2896,#2922,#2980,#3038,#3089,
    #3147,#3200,#3253,#3311,#3369,#3395,#3421,#3447,#3478,#3504,#3557,
    #3583,#3641,#3699,#3757,#3803,#3861,#3914,#3940,#3971,#3997,#4050,
    #4076,#4134,#4192,#4250,#4276,#4334,#4365,#4423,#4481,#4534,#4587,
    #4618,#4676,#4734,#4792,#4850,#4908,#4961,#5019,#5072,#5130,#5188,
    #5239,#5292,#5350,#5408,#5466,#5517,#5570,#5623,#5654,#5660,#5713,
    #5771,#5829,#5887,#5933,#5986,#6044,#6102,#6160,#6211,#6269,#6322,
    #6380,#6438,#6464,#6495,#6548,#6606,#6637,#6695,#6748,#6801,#6859,
    #6917,#6975,#7033,#7091,#7149,#7207,#7265,#7318,#7376,#7434,#7487,
    #7545,#7603,#7661,#7719,#7777,#7803,#7829,#7855,#7886,#7939,#7997,
    #8055,#8113,#8171,#8229,#8287,#8345,#8403,#8454,#8485,#8538,#8569,
    #8595,#8621,#8647,#8653,#8711,#8764,#8795,#8848,#8879,#8937,#8990,
    #9016,#9042,#9068,#9099,#9152,#9178,#9209,#9262,#9293,#9346,#9399,
    #9425,#9456,#9504,#9535,#9588,#9619,#9672,#9703,#9761,#9809,#9835,
    #9866,#9919,#9950,#10008,#10054,#10060,#10066,#10072,#10078,#10109,
    #10157,#10188,#10241,#10272,#10325,#10351,#10377,#10423,#10429,
    #10435,#10441,#10467,#10498,#10546,#10577,#10630,#10661,#10714,
    #10745,#10798,#10829,#10860,#10908,#10934,#10965,#11023,#11071,
    #11097,#11128,#11186,#11239,#11265,#11291,#11322,#11348,#11374,
    #11425,#11431,#11477,#11483,#11514,#11545,#11571,#11602,#11628,
    #11679,#11685,#11736,#11762,#11768,#11799,#11845,#11851,#11882,
    #11908,#11934,#11965,#11991,#12017,#12063,#12089,#12095,#12121,
    #12152,#12183,#12234,#12260,#12266,#12292,#12318,#12344,#12375,
    #12406,#12452,#12478,#12504,#12510,#12536,#12562,#12588,#12619,
    #12670,#12696,#12722,#12748,#12754,#12785,#12811,#12862,#12888,
    #12894,#12920,#12946,#12972,#12998,#13024,#13075,#13081,#13107,
    #13133,#13164,#13215,#13221,#13247,#13293,#13319,#13325,#13351,
    #13377,#13403,#13429,#13455));
#17 = ADVANCED_FACE('',(#18),#32,.T.);
#18 = FACE_BOUND('',#19,.T.);
#19 = EDGE_LOOP('',(#20,#55,#83));
#20 = ORIENTED_EDGE('',*,*,#21,.T.);
#21 = EDGE_CURVE('',#22,#24,#26,.T.);
#22 = VERTEX_POINT('',#23);
#23 = CARTESIAN_POINT('',(29.903995561743,-2.410549943323,
    12.865343769018));
#24 = VERTEX_POINT('',#25);
#25 = CARTESIAN_POINT('',(29.912433513724,-2.399869600317,9.340190917781
    ));
#26 = SURFACE_CURVE('',#27,(#31,#43),.PCURVE_S1.);
#27 = LINE('',#28,#29);
#28 = CARTESIAN_POINT('',(29.903995561743,-2.410549943323,
    12.865343769018));
#29 = VECTOR('',#30,1.);
#30 = DIRECTION('',(2.393623606456E-03,3.029730579604E-03,
    -0.999992545622));
#31 = PCURVE('',#32,#37);
#32 = PLANE('',#33);
#33 = AXIS2_PLACEMENT_3D('',#34,#35,#36);
#34 = CARTESIAN_POINT('',(29.903995561743,-2.410549943323,
    12.865343769018));
#35 = DIRECTION('',(-0.992584522637,0.12153984836,-2.007655715397E-03));
#36 = DIRECTION('',(-0.121540093305,-0.992586523039,-2.644882874247E-21)
  );
#37 = DEFINITIONAL_REPRESENTATION('',(#38),#42);
#38 = LINE('',#39,#40);
#39 = CARTESIAN_POINT('',(-0.,0.));
#40 = VECTOR('',#41,1.);
#41 = DIRECTION('',(-3.29819097822E-03,-0.999994560953));
#42 = ( GEOMETRIC_REPRESENTATION_CONTEXT(2) 
PARAMETRIC_REPRESENTATION_CONTEXT() REPRESENTATION_CONTEXT('2D SPACE',''
  ) );
#43 = PCURVE('',#44,#49);
#44 = PLANE('',#45);
#45 = AXIS2_PLACEMENT_3D('',#46,#47,#48);
#46 = CARTESIAN_POINT('',(30.031449866432,-3.859658468693E-02,
    12.854584561384));
#47 = DIRECTION('',(-0.998557516447,5.364628511727E-02,
    -2.227653659042E-03));
#48 = DIRECTION('',(-5.364641822603E-02,-0.998559994097,
    -4.435665308613E-21));
#49 = DEFINITIONAL_REPRESENTATION('',(#50),#54);
#50 = LINE('',#51,#52);
#51 = CARTESIAN_POINT('',(2.375375198733,1.075923433022E-02));
#52 = VECTOR('',#53,1.);
#53 = DIRECTION('',(-3.153777082753E-03,-0.999995026833));
#54 = ( GEOMETRIC_REPRESENTATION_CONTEXT(2) 
PARAMETRIC_REPRESENTATION_CONTEXT() REPRESENTATION_CONTEXT('2D SPACE',''
  ) );
#55 = ORIENTED_EDGE('',*,*,#56,.F.);
#56 = EDGE_CURVE('',#57,#24,#59,.T.);
#57 = VERTEX_POINT('',#58);
#58 = CARTESIAN_POINT('',(29.609062852994,-4.87766434988,9.32535985631)
  );
#59 = SURFACE_CURVE('',#60,(#64,#71),.PCURVE_S1.);
#60 = LINE('',#61,#62);
#61 = CARTESIAN_POINT('',(29.609062852994,-4.87766434988,9.32535985631)
  );
#62 = VECTOR('',#63,1.);
#63 = DIRECTION('',(0.121526108964,0.992570454902,5.94111898635E-03));
#64 = PCURVE('',#32,#65);
#65 = DEFINITIONAL_REPRESENTATION('',(#66),#70);
#66 = LINE('',#67,#68);
#67 = CARTESIAN_POINT('',(2.484670659685,-3.539991047004));
#68 = VECTOR('',#69,1.);
#69 = DIRECTION('',(-0.999982351326,5.941130959765E-03));
#70 = ( GEOMETRIC_REPRESENTATION_CONTEXT(2) 
PARAMETRIC_REPRESENTATION_CONTEXT() REPRESENTATION_CONTEXT('2D SPACE',''
  ) );
#71 = PCURVE('',#72,#77);
#72 = PLANE('',#73);
#73 = AXIS2_PLACEMENT_3D('',#74,#75,#76);
#74 = CARTESIAN_POINT('',(29.912433513724,-2.399869600317,9.340190917781
    ));
#75 = DIRECTION('',(0.330341080233,-4.608838692551E-02,0.942735716572));
#76 = DIRECTION('',(0.943738565543,2.652813414392E-20,-0.330692485411));
#77 = DEFINITIONAL_REPRESENTATION('',(#78),#82);
#78 = LINE('',#79,#80);
#79 = CARTESIAN_POINT('',(-0.281398071606,-2.480430540135));
#80 = VECTOR('',#81,1.);
#81 = DIRECTION('',(0.112724192346,0.993626316308));
#82 = ( GEOMETRIC_REPRESENTATION_CONTEXT(2) 
PARAMETRIC_REPRESENTATION_CONTEXT() REPRESENTATION_CONTEXT('2D SPACE',''
  ) );
#83 = ORIENTED_EDGE('',*,*,#84,.T.);
#84 = EDGE_CURVE('',#57,#22,#85,.T.);
#85 = SURFACE_CURVE('',#86,(#90,#97),.PCURVE_S1.);
#86 = LINE('',#87,#88);
#87 = CARTESIAN_POINT('',(29.609062852994,-4.87766434988,9.32535985631)
  );
#88 = VECTOR('',#89,1.);
#89 = DIRECTION('',(6.819344540625E-02,0.570438702129,0.818504331764));
#90 = PCURVE('',#32,#91);
#91 = DEFINITIONAL_REPRESENTATION('',(#92),#96);
#92 = LINE('',#93,#94);
#93 = CARTESIAN_POINT('',(2.484670659685,-3.539991047004));
#94 = VECTOR('',#95,1.);
#95 = DIRECTION('',(-0.574498005671,0.818505981334));
#96 = ( GEOMETRIC_REPRESENTATION_CONTEXT(2) 
PARAMETRIC_REPRESENTATION_CONTEXT() REPRESENTATION_CONTEXT('2D SPACE',''
  ) );
#97 = PCURVE('',#98,#103);
#98 = PLANE('',#99);
#99 = AXIS2_PLACEMENT_3D('',#100,#101,#102);
#100 = CARTESIAN_POINT('',(29.903995561743,-2.410549943323,
    12.865343769018));
#101 = DIRECTION('',(-0.993264430103,0.115852147531,2.012909336807E-03)
  );
#102 = DIRECTION('',(-0.115852382237,-0.993266442366,6.881498330742E-21)
  );
#103 = DEFINITIONAL_REPRESENTATION('',(#104),#108);
#104 = LINE('',#105,#106);
#105 = CARTESIAN_POINT('',(2.484670606418,-3.53999108439));
#106 = VECTOR('',#107,1.);
#107 = DIRECTION('',(-0.574497993355,0.818505989979));
#108 = ( GEOMETRIC_REPRESENTATION_CONTEXT(2) 
PARAMETRIC_REPRESENTATION_CONTEXT() REPRESENTATION_CONTEXT('2D SPACE',''
  ) );
#109 = ADVANCED_FACE('',(#110),#98,.T.);
#110 = FACE_BOUND('',#111,.T.);
#111 = EDGE_LOOP('',(#112,#113,#141));
#112 = ORIENTED_EDGE('',*,*,#84,.F.);
#113 = ORIENTED_EDGE('',*,*,#114,.T.);
#114 = EDGE_CURVE('',#57,#115,#117,.T.);
#115 = VERTEX_POINT('',#116);
#116 = CARTESIAN_POINT('',(29.611713024524,-4.917846625217,
    12.945753418962));
#117 = SURFACE_CURVE('',#118,(#122,#129),.PCURVE_S1.);
#118 = LINE('',#119,#120);
#119 = CARTESIAN_POINT('',(29.609062852994,-4.87766434988,9.32535985631)
  );
#120 = VECTOR('',#121,1.);
#121 = DIRECTION('',(7.319667210435E-04,-1.109818288576E-02,
    0.999938145368));
#122 = PCURVE('',#98,#123);
#123 = DEFINITIONAL_REPRESENTATION('',(#124),#128);
#124 = LINE('',#125,#126);
#125 = CARTESIAN_POINT('',(2.484670606418,-3.53999108439));
#126 = VECTOR('',#127,1.);
#127 = DIRECTION('',(1.093865254331E-02,0.999940171151));
#128 = ( GEOMETRIC_REPRESENTATION_CONTEXT(2) 
PARAMETRIC_REPRESENTATION_CONTEXT() REPRESENTATION_CONTEXT('2D SPACE',''
  ) );
#129 = PCURVE('',#130,#135);
#130 = PLANE('',#131);
#131 = AXIS2_PLACEMENT_3D('',#132,#133,#134);
#132 = CARTESIAN_POINT('',(29.611713024524,-4.917846625217,
    12.945753418962));
#133 = DIRECTION('',(-0.976453344291,0.215706284891,3.108871450096E-03)
  );
#134 = DIRECTION('',(-0.215707327308,-0.976458063076,5.565065180652E-20)
  );
#135 = DEFINITIONAL_REPRESENTATION('',(#136),#140);
#136 = LINE('',#137,#138);
#137 = CARTESIAN_POINT('',(-3.866464532744E-02,-3.620411058479));
#138 = VECTOR('',#139,1.);
#139 = DIRECTION('',(1.067901957921E-02,0.999942977645));
#140 = ( GEOMETRIC_REPRESENTATION_CONTEXT(2) 
PARAMETRIC_REPRESENTATION_CONTEXT() REPRESENTATION_CONTEXT('2D SPACE',''
  ) );
#141 = ORIENTED_EDGE('',*,*,#142,.T.);
#142 = EDGE_CURVE('',#115,#22,#143,.T.);
#143 = SURFACE_CURVE('',#144,(#148,#155),.PCURVE_S1.);
#144 = LINE('',#145,#146);
#145 = CARTESIAN_POINT('',(29.611713024524,-4.917846625217,
    12.945753418962));
#146 = VECTOR('',#147,1.);
#147 = DIRECTION('',(0.115729991875,0.992770308435,-3.183839932156E-02)
  );
#148 = PCURVE('',#98,#149);
#149 = DEFINITIONAL_REPRESENTATION('',(#150),#154);
#150 = LINE('',#151,#152);
#151 = CARTESIAN_POINT('',(2.524275283403,8.04098128463E-02));
#152 = VECTOR('',#153,1.);
#153 = DIRECTION('',(-0.9994930276,-3.183846382324E-02));
#154 = ( GEOMETRIC_REPRESENTATION_CONTEXT(2) 
PARAMETRIC_REPRESENTATION_CONTEXT() REPRESENTATION_CONTEXT('2D SPACE',''
  ) );
#155 = PCURVE('',#156,#161);
#156 = PLANE('',#157);
#157 = AXIS2_PLACEMENT_3D('',#158,#159,#160);
#158 = CARTESIAN_POINT('',(29.903995561743,-2.410549943323,
    12.865343769018));
#159 = DIRECTION('',(5.973388724916E-02,2.503957231992E-02,
    0.997900236763));
#160 = DIRECTION('',(0.998213215781,-8.10097375242E-20,
    -5.975262204112E-02));
#161 = DEFINITIONAL_REPRESENTATION('',(#162),#166);
#162 = LINE('',#163,#164);
#163 = CARTESIAN_POINT('',(-0.296564978816,-2.508083064362));
#164 = VECTOR('',#165,1.);
#165 = DIRECTION('',(0.117425635193,0.993081678514));
#166 = ( GEOMETRIC_REPRESENTATION_CONTEXT(2) 
PARAMETRIC_REPRESENTATION_CONTEXT() REPRESENTATION_CONTEXT('2D SPACE',''
  ) );
#167 = ADVANCED_FACE('',(#168),#130,.T.);
#168 = FACE_BOUND('',#169,.T.);
#169 = EDGE_LOOP('',(#170,#171,#194));
#170 = ORIENTED_EDGE('',*,*,#114,.F.);
#171 = ORIENTED_EDGE('',*,*,#172,.F.);
#172 = EDGE_CURVE('',#173,#57,#175,.T.);
#173 = VERTEX_POINT('',#174);
#174 = CARTESIAN_POINT('',(29.080058091093,-7.27333234096,9.393607542322
    ));
#175 = SURFACE_CURVE('',#176,(#180,#187),.PCURVE_S1.);
#176 = LINE('',#177,#178);
#177 = CARTESIAN_POINT('',(29.080058091093,-7.27333234096,9.393607542322
    ));
#178 = VECTOR('',#179,1.);
#179 = DIRECTION('',(0.215539500505,0.976099119255,-2.780706945016E-02)
  );
#180 = PCURVE('',#130,#181);
#181 = DEFINITIONAL_REPRESENTATION('',(#182),#186);
#182 = LINE('',#183,#184);
#183 = CARTESIAN_POINT('',(2.414714884337,-3.552163042654));
#184 = VECTOR('',#185,1.);
#185 = DIRECTION('',(-0.999613304941,-2.780720382993E-02));
#186 = ( GEOMETRIC_REPRESENTATION_CONTEXT(2) 
PARAMETRIC_REPRESENTATION_CONTEXT() REPRESENTATION_CONTEXT('2D SPACE',''
  ) );
#187 = PCURVE('',#72,#188);
#188 = DEFINITIONAL_REPRESENTATION('',(#189),#193);
#189 = LINE('',#190,#191);
#190 = CARTESIAN_POINT('',(-0.803209263679,-4.878646958241));
#191 = VECTOR('',#192,1.);
#192 = DIRECTION('',(0.212608527933,0.977137459035));
#193 = ( GEOMETRIC_REPRESENTATION_CONTEXT(2) 
PARAMETRIC_REPRESENTATION_CONTEXT() REPRESENTATION_CONTEXT('2D SPACE',''
  ) );
#194 = ORIENTED_EDGE('',*,*,#195,.T.);
#195 = EDGE_CURVE('',#173,#115,#196,.T.);
#196 = SURFACE_CURVE('',#197,(#201,#208),.PCURVE_S1.);
#197 = LINE('',#198,#199);
#198 = CARTESIAN_POINT('',(29.080058091093,-7.27333234096,9.393607542322
    ));
#199 = VECTOR('',#200,1.);
#200 = DIRECTION('',(0.123778963923,0.548400029974,0.827004338087));
#201 = PCURVE('',#130,#202);
#202 = DEFINITIONAL_REPRESENTATION('',(#203),#207);
#203 = LINE('',#204,#205);
#204 = CARTESIAN_POINT('',(2.414714884337,-3.552163042654));
#205 = VECTOR('',#206,1.);
#206 = DIRECTION('',(-0.562189660544,0.827008334648));
#207 = ( GEOMETRIC_REPRESENTATION_CONTEXT(2) 
PARAMETRIC_REPRESENTATION_CONTEXT() REPRESENTATION_CONTEXT('2D SPACE',''
  ) );
#208 = PCURVE('',#209,#214);
#209 = PLANE('',#210);
#210 = AXIS2_PLACEMENT_3D('',#211,#212,#213);
#211 = CARTESIAN_POINT('',(29.611713024524,-4.917846625217,
    12.945753418962));
#212 = DIRECTION('',(-0.977638586542,0.210177196944,6.952696575103E-03)
  );
#213 = DIRECTION('',(-0.21018227711,-0.977662216918,3.814224256718E-20)
  );
#214 = DEFINITIONAL_REPRESENTATION('',(#215),#219);
#215 = LINE('',#216,#217);
#216 = CARTESIAN_POINT('',(2.414613831317,-3.5522317351));
#217 = VECTOR('',#218,1.);
#218 = DIRECTION('',(-0.562166133558,0.827024327502));
#219 = ( GEOMETRIC_REPRESENTATION_CONTEXT(2) 
PARAMETRIC_REPRESENTATION_CONTEXT() REPRESENTATION_CONTEXT('2D SPACE',''
  ) );
#220 = ADVANCED_FACE('',(#221),#209,.T.);
#221 = FACE_BOUND('',#222,.T.);
#222 = EDGE_LOOP('',(#223,#224,#252));
#223 = ORIENTED_EDGE('',*,*,#195,.F.);
#224 = ORIENTED_EDGE('',*,*,#225,.T.);
#225 = EDGE_CURVE('',#173,#226,#228,.T.);
#226 = VERTEX_POINT('',#227);
#227 = CARTESIAN_POINT('',(29.105711521408,-7.271382531907,
    12.941867945422));
#228 = SURFACE_CURVE('',#229,(#233,#240),.PCURVE_S1.);
#229 = LINE('',#230,#231);
#230 = CARTESIAN_POINT('',(29.080058091093,-7.27333234096,9.393607542322
    ));
#231 = VECTOR('',#232,1.);
#232 = DIRECTION('',(7.229671188312E-03,5.494968180638E-04,
    0.999973714608));
#233 = PCURVE('',#209,#234);
#234 = DEFINITIONAL_REPRESENTATION('',(#235),#239);
#235 = LINE('',#236,#237);
#236 = CARTESIAN_POINT('',(2.414613831317,-3.5522317351));
#237 = VECTOR('',#238,1.);
#238 = DIRECTION('',(-2.056771030456E-03,0.999997884844));
#239 = ( GEOMETRIC_REPRESENTATION_CONTEXT(2) 
PARAMETRIC_REPRESENTATION_CONTEXT() REPRESENTATION_CONTEXT('2D SPACE',''
  ) );
#240 = PCURVE('',#241,#246);
#241 = PLANE('',#242);
#242 = AXIS2_PLACEMENT_3D('',#243,#244,#245);
#243 = CARTESIAN_POINT('',(29.105711521408,-7.271382531907,
    12.941867945422));
#244 = DIRECTION('',(-0.963560280008,0.267404341181,6.819465412278E-03)
  );
#245 = DIRECTION('',(-0.267410559232,-0.963582686027,9.978897045176E-20)
  );
#246 = DEFINITIONAL_REPRESENTATION('',(#247),#251);
#247 = LINE('',#248,#249);
#248 = CARTESIAN_POINT('',(8.738800391052E-03,-3.548342912095));
#249 = VECTOR('',#250,1.);
#250 = DIRECTION('',(-2.462776035442E-03,0.999996967363));
#251 = ( GEOMETRIC_REPRESENTATION_CONTEXT(2) 
PARAMETRIC_REPRESENTATION_CONTEXT() REPRESENTATION_CONTEXT('2D SPACE',''
  ) );
#252 = ORIENTED_EDGE('',*,*,#253,.T.);
#253 = EDGE_CURVE('',#226,#115,#254,.T.);
#254 = SURFACE_CURVE('',#255,(#259,#266),.PCURVE_S1.);
#255 = LINE('',#256,#257);
#256 = CARTESIAN_POINT('',(29.105711521408,-7.271382531907,
    12.941867945422));
#257 = VECTOR('',#258,1.);
#258 = DIRECTION('',(0.210192974749,0.977658584726,1.61402532748E-03));
#259 = PCURVE('',#209,#260);
#260 = DEFINITIONAL_REPRESENTATION('',(#261),#265);
#261 = LINE('',#262,#263);
#262 = CARTESIAN_POINT('',(2.407315680277,-3.885567455714E-03));
#263 = VECTOR('',#264,1.);
#264 = DIRECTION('',(-0.999998697397,1.614064339878E-03));
#265 = ( GEOMETRIC_REPRESENTATION_CONTEXT(2) 
PARAMETRIC_REPRESENTATION_CONTEXT() REPRESENTATION_CONTEXT('2D SPACE',''
  ) );
#266 = PCURVE('',#267,#272);
#267 = PLANE('',#268);
#268 = AXIS2_PLACEMENT_3D('',#269,#270,#271);
#269 = CARTESIAN_POINT('',(29.611713024524,-4.917846625217,
    12.945753418962));
#270 = DIRECTION('',(-7.537057932972E-05,-1.634702364449E-03,
    0.999998661033));
#271 = DIRECTION('',(-1.535634825775E-23,0.999998663873,
    1.634702369092E-03));
#272 = DEFINITIONAL_REPRESENTATION('',(#273),#277);
#273 = LINE('',#274,#275);
#274 = CARTESIAN_POINT('',(-2.35353911366,0.506001504554));
#275 = VECTOR('',#276,1.);
#276 = DIRECTION('',(0.977659916901,-0.210192975346));
#277 = ( GEOMETRIC_REPRESENTATION_CONTEXT(2) 
PARAMETRIC_REPRESENTATION_CONTEXT() REPRESENTATION_CONTEXT('2D SPACE',''
  ) );
#278 = ADVANCED_FACE('',(#279),#267,.T.);
#279 = FACE_BOUND('',#280,.T.);
#280 = EDGE_LOOP('',(#281,#282,#310));
#281 = ORIENTED_EDGE('',*,*,#253,.F.);
#282 = ORIENTED_EDGE('',*,*,#283,.T.);
#283 = EDGE_CURVE('',#226,#284,#286,.T.);
#284 = VERTEX_POINT('',#285);
#285 = CARTESIAN_POINT('',(50.566854290482,-51.90953967633,
    12.870515287618));
#286 = SURFACE_CURVE('',#287,(#291,#298),.PCURVE_S1.);
#287 = LINE('',#288,#289);
#288 = CARTESIAN_POINT('',(29.105711521408,-7.271382531907,
    12.941867945422));
#289 = VECTOR('',#290,1.);
#290 = DIRECTION('',(0.433302025836,-0.901247623594,-1.440615325468E-03)
  );
#291 = PCURVE('',#267,#292);
#292 = DEFINITIONAL_REPRESENTATION('',(#293),#297);
#293 = LINE('',#294,#295);
#294 = CARTESIAN_POINT('',(-2.35353911366,0.506001504554));
#295 = VECTOR('',#296,1.);
#296 = DIRECTION('',(-0.90124877439,-0.433302027066));
#297 = ( GEOMETRIC_REPRESENTATION_CONTEXT(2) 
PARAMETRIC_REPRESENTATION_CONTEXT() REPRESENTATION_CONTEXT('2D SPACE',''
  ) );
#298 = PCURVE('',#299,#304);
#299 = PLANE('',#300);
#300 = AXIS2_PLACEMENT_3D('',#301,#302,#303);
#301 = CARTESIAN_POINT('',(29.105711521408,-7.271382531907,
    12.941867945422));
#302 = DIRECTION('',(7.814236139305E-03,2.158514833859E-03,
    0.999967138724));
#303 = DIRECTION('',(0.999969468248,1.509878527381E-21,
    -7.814254343359E-03));
#304 = DEFINITIONAL_REPRESENTATION('',(#305),#309);
#305 = LINE('',#306,#307);
#306 = CARTESIAN_POINT('',(0.,0.));
#307 = VECTOR('',#308,1.);
#308 = DIRECTION('',(0.4333000537,-0.901249723142));
#309 = ( GEOMETRIC_REPRESENTATION_CONTEXT(2) 
PARAMETRIC_REPRESENTATION_CONTEXT() REPRESENTATION_CONTEXT('2D SPACE',''
  ) );
#310 = ORIENTED_EDGE('',*,*,#311,.F.);
#311 = EDGE_CURVE('',#115,#284,#312,.T.);
#312 = SURFACE_CURVE('',#313,(#317,#324),.PCURVE_S1.);
#313 = LINE('',#314,#315);
#314 = CARTESIAN_POINT('',(29.611713024524,-4.917846625217,
    12.945753418962));
#315 = VECTOR('',#316,1.);
#316 = DIRECTION('',(0.407272888343,-0.913305346604,-1.462287973973E-03)
  );
#317 = PCURVE('',#267,#318);
#318 = DEFINITIONAL_REPRESENTATION('',(#319),#323);
#319 = LINE('',#320,#321);
#320 = CARTESIAN_POINT('',(0.,0.));
#321 = VECTOR('',#322,1.);
#322 = DIRECTION('',(-0.913306516718,-0.407272889499));
#323 = ( GEOMETRIC_REPRESENTATION_CONTEXT(2) 
PARAMETRIC_REPRESENTATION_CONTEXT() REPRESENTATION_CONTEXT('2D SPACE',''
  ) );
#324 = PCURVE('',#156,#325);
#325 = DEFINITIONAL_REPRESENTATION('',(#326),#330);
#326 = LINE('',#327,#328);
#327 = CARTESIAN_POINT('',(-0.296564978816,-2.508083064362));
#328 = VECTOR('',#329,1.);
#329 = DIRECTION('',(0.406632555113,-0.913591793484));
#330 = ( GEOMETRIC_REPRESENTATION_CONTEXT(2) 
PARAMETRIC_REPRESENTATION_CONTEXT() REPRESENTATION_CONTEXT('2D SPACE',''
  ) );
#331 = ADVANCED_FACE('',(#332),#299,.T.);
#332 = FACE_BOUND('',#333,.T.);
#333 = EDGE_LOOP('',(#334,#362,#388));
#334 = ORIENTED_EDGE('',*,*,#335,.F.);
#335 = EDGE_CURVE('',#336,#226,#338,.T.);
#336 = VERTEX_POINT('',#337);
#337 = CARTESIAN_POINT('',(28.44157188098,-9.595385963454,12.95207442068
    ));
#338 = SURFACE_CURVE('',#339,(#343,#350),.PCURVE_S1.);
#339 = LINE('',#340,#341);
#340 = CARTESIAN_POINT('',(28.44157188098,-9.595385963454,12.95207442068
    ));
#341 = VECTOR('',#342,1.);
#342 = DIRECTION('',(0.274771715801,0.961500220047,-4.222682322129E-03)
  );
#343 = PCURVE('',#299,#344);
#344 = DEFINITIONAL_REPRESENTATION('',(#345),#349);
#345 = LINE('',#346,#347);
#346 = CARTESIAN_POINT('',(-0.664199119075,-2.324008845548));
#347 = VECTOR('',#348,1.);
#348 = DIRECTION('',(0.274796323653,0.961502459959));
#349 = ( GEOMETRIC_REPRESENTATION_CONTEXT(2) 
PARAMETRIC_REPRESENTATION_CONTEXT() REPRESENTATION_CONTEXT('2D SPACE',''
  ) );
#350 = PCURVE('',#351,#356);
#351 = PLANE('',#352);
#352 = AXIS2_PLACEMENT_3D('',#353,#354,#355);
#353 = CARTESIAN_POINT('',(29.105711521408,-7.271382531907,
    12.941867945422));
#354 = DIRECTION('',(-0.961505474575,0.274780614011,1.684198624915E-03)
  );
#355 = DIRECTION('',(-0.274781003723,-0.961506838245,-1.55958813926E-20)
  );
#356 = DEFINITIONAL_REPRESENTATION('',(#357),#361);
#357 = LINE('',#358,#359);
#358 = CARTESIAN_POINT('',(2.417038148548,1.0206489734E-02));
#359 = VECTOR('',#360,1.);
#360 = DIRECTION('',(-0.999991084412,-4.222688311014E-03));
#361 = ( GEOMETRIC_REPRESENTATION_CONTEXT(2) 
PARAMETRIC_REPRESENTATION_CONTEXT() REPRESENTATION_CONTEXT('2D SPACE',''
  ) );
#362 = ORIENTED_EDGE('',*,*,#363,.T.);
#363 = EDGE_CURVE('',#336,#284,#364,.T.);
#364 = SURFACE_CURVE('',#365,(#369,#376),.PCURVE_S1.);
#365 = LINE('',#366,#367);
#366 = CARTESIAN_POINT('',(28.44157188098,-9.595385963454,12.95207442068
    ));
#367 = VECTOR('',#368,1.);
#368 = DIRECTION('',(0.463360776544,-0.886168084109,-1.708059699785E-03)
  );
#369 = PCURVE('',#299,#370);
#370 = DEFINITIONAL_REPRESENTATION('',(#371),#375);
#371 = LINE('',#372,#373);
#372 = CARTESIAN_POINT('',(-0.664199119075,-2.324008845548));
#373 = VECTOR('',#374,1.);
#374 = DIRECTION('',(0.463359976541,-0.886170148527));
#375 = ( GEOMETRIC_REPRESENTATION_CONTEXT(2) 
PARAMETRIC_REPRESENTATION_CONTEXT() REPRESENTATION_CONTEXT('2D SPACE',''
  ) );
#376 = PCURVE('',#377,#382);
#377 = PLANE('',#378);
#378 = AXIS2_PLACEMENT_3D('',#379,#380,#381);
#379 = CARTESIAN_POINT('',(28.44157188098,-9.595385963454,12.95207442068
    ));
#380 = DIRECTION('',(-1.840490726792E-02,-1.155059488551E-02,
    0.9997638937));
#381 = DIRECTION('',(0.999830592745,-8.127034152175E-21,
    1.840613514757E-02));
#382 = DEFINITIONAL_REPRESENTATION('',(#383),#387);
#383 = LINE('',#384,#385);
#384 = CARTESIAN_POINT('',(0.,0.));
#385 = VECTOR('',#386,1.);
#386 = DIRECTION('',(0.463250841089,-0.886227204632));
#387 = ( GEOMETRIC_REPRESENTATION_CONTEXT(2) 
PARAMETRIC_REPRESENTATION_CONTEXT() REPRESENTATION_CONTEXT('2D SPACE',''
  ) );
#388 = ORIENTED_EDGE('',*,*,#283,.F.);
#389 = ADVANCED_FACE('',(#390),#377,.T.);
#390 = FACE_BOUND('',#391,.T.);
#391 = EDGE_LOOP('',(#392,#420,#446));
#392 = ORIENTED_EDGE('',*,*,#393,.F.);
#393 = EDGE_CURVE('',#394,#336,#396,.T.);
#394 = VERTEX_POINT('',#395);
#395 = CARTESIAN_POINT('',(27.528330379811,-11.93865664136,
    12.908189763786));
#396 = SURFACE_CURVE('',#397,(#401,#408),.PCURVE_S1.);
#397 = LINE('',#398,#399);
#398 = CARTESIAN_POINT('',(27.528330379811,-11.93865664136,
    12.908189763786));
#399 = VECTOR('',#400,1.);
#400 = DIRECTION('',(0.363071161408,0.931598055313,1.744692211864E-02));
#401 = PCURVE('',#377,#402);
#402 = DEFINITIONAL_REPRESENTATION('',(#403),#407);
#403 = LINE('',#404,#405);
#404 = CARTESIAN_POINT('',(-0.91389453836,-2.343427008735));
#405 = VECTOR('',#406,1.);
#406 = DIRECTION('',(0.363330784925,0.931660206688));
#407 = ( GEOMETRIC_REPRESENTATION_CONTEXT(2) 
PARAMETRIC_REPRESENTATION_CONTEXT() REPRESENTATION_CONTEXT('2D SPACE',''
  ) );
#408 = PCURVE('',#409,#414);
#409 = PLANE('',#410);
#410 = AXIS2_PLACEMENT_3D('',#411,#412,#413);
#411 = CARTESIAN_POINT('',(28.44157188098,-9.595385963454,12.95207442068
    ));
#412 = DIRECTION('',(-0.931748080117,0.363102484369,1.449497500692E-03)
  );
#413 = DIRECTION('',(-0.363102865817,-0.93174905894,1.132296520028E-20)
  );
#414 = DEFINITIONAL_REPRESENTATION('',(#415),#419);
#415 = LINE('',#416,#417);
#416 = CARTESIAN_POINT('',(2.51494085524,-4.388470299567E-02));
#417 = VECTOR('',#418,1.);
#418 = DIRECTION('',(-0.999847790551,1.744694044704E-02));
#419 = ( GEOMETRIC_REPRESENTATION_CONTEXT(2) 
PARAMETRIC_REPRESENTATION_CONTEXT() REPRESENTATION_CONTEXT('2D SPACE',''
  ) );
#420 = ORIENTED_EDGE('',*,*,#421,.T.);
#421 = EDGE_CURVE('',#394,#284,#422,.T.);
#422 = SURFACE_CURVE('',#423,(#427,#434),.PCURVE_S1.);
#423 = LINE('',#424,#425);
#424 = CARTESIAN_POINT('',(27.528330379811,-11.93865664136,
    12.908189763786));
#425 = VECTOR('',#426,1.);
#426 = DIRECTION('',(0.499370958246,-0.866387891885,-8.166121813477E-04)
  );
#427 = PCURVE('',#377,#428);
#428 = DEFINITIONAL_REPRESENTATION('',(#429),#433);
#429 = LINE('',#430,#431);
#430 = CARTESIAN_POINT('',(-0.91389453836,-2.343427008735));
#431 = VECTOR('',#432,1.);
#432 = DIRECTION('',(0.499271330509,-0.866445692777));
#433 = ( GEOMETRIC_REPRESENTATION_CONTEXT(2) 
PARAMETRIC_REPRESENTATION_CONTEXT() REPRESENTATION_CONTEXT('2D SPACE',''
  ) );
#434 = PCURVE('',#435,#440);
#435 = PLANE('',#436);
#436 = AXIS2_PLACEMENT_3D('',#437,#438,#439);
#437 = CARTESIAN_POINT('',(27.528330379811,-11.93865664136,
    12.908189763786));
#438 = DIRECTION('',(-2.136756390913E-02,-1.325814328658E-02,
    0.999683774425));
#439 = DIRECTION('',(0.999771647399,1.581894746568E-20,
    2.136944213445E-02));
#440 = DEFINITIONAL_REPRESENTATION('',(#441),#445);
#441 = LINE('',#442,#443);
#442 = CARTESIAN_POINT('',(0.,0.));
#443 = VECTOR('',#444,1.);
#444 = DIRECTION('',(0.499239475042,-0.866464048048));
#445 = ( GEOMETRIC_REPRESENTATION_CONTEXT(2) 
PARAMETRIC_REPRESENTATION_CONTEXT() REPRESENTATION_CONTEXT('2D SPACE',''
  ) );
#446 = ORIENTED_EDGE('',*,*,#363,.F.);
#447 = ADVANCED_FACE('',(#448),#409,.T.);
#448 = FACE_BOUND('',#449,.T.);
#449 = EDGE_LOOP('',(#450,#478,#504));
#450 = ORIENTED_EDGE('',*,*,#451,.F.);
#451 = EDGE_CURVE('',#452,#336,#454,.T.);
#452 = VERTEX_POINT('',#453);
#453 = CARTESIAN_POINT('',(27.526362071491,-11.92936840569,
    9.316221553554));
#454 = SURFACE_CURVE('',#455,(#459,#466),.PCURVE_S1.);
#455 = LINE('',#456,#457);
#456 = CARTESIAN_POINT('',(27.526362071491,-11.92936840569,
    9.316221553554));
#457 = VECTOR('',#458,1.);
#458 = DIRECTION('',(0.20723025155,0.528481844933,0.823263361518));
#459 = PCURVE('',#409,#460);
#460 = DEFINITIONAL_REPRESENTATION('',(#461),#465);
#461 = LINE('',#462,#463);
#462 = CARTESIAN_POINT('',(2.507001248793,-3.635856686674));
#463 = VECTOR('',#464,1.);
#464 = DIRECTION('',(-0.567658359906,0.823264226375));
#465 = ( GEOMETRIC_REPRESENTATION_CONTEXT(2) 
PARAMETRIC_REPRESENTATION_CONTEXT() REPRESENTATION_CONTEXT('2D SPACE',''
  ) );
#466 = PCURVE('',#467,#472);
#467 = PLANE('',#468);
#468 = AXIS2_PLACEMENT_3D('',#469,#470,#471);
#469 = CARTESIAN_POINT('',(28.44157188098,-9.595385963454,12.95207442068
    ));
#470 = DIRECTION('',(-0.931765193527,0.363058435469,1.482081800519E-03)
  );
#471 = DIRECTION('',(-0.363058834211,-0.931766216871,-4.065799149776E-20
    ));
#472 = DEFINITIONAL_REPRESENTATION('',(#473),#477);
#473 = LINE('',#474,#475);
#474 = CARTESIAN_POINT('',(2.507000996944,-3.63585686033));
#475 = VECTOR('',#476,1.);
#476 = DIRECTION('',(-0.56765830288,0.823264265696));
#477 = ( GEOMETRIC_REPRESENTATION_CONTEXT(2) 
PARAMETRIC_REPRESENTATION_CONTEXT() REPRESENTATION_CONTEXT('2D SPACE',''
  ) );
#478 = ORIENTED_EDGE('',*,*,#479,.T.);
#479 = EDGE_CURVE('',#452,#394,#480,.T.);
#480 = SURFACE_CURVE('',#481,(#485,#492),.PCURVE_S1.);
#481 = LINE('',#482,#483);
#482 = CARTESIAN_POINT('',(27.526362071491,-11.92936840569,
    9.316221553554));
#483 = VECTOR('',#484,1.);
#484 = DIRECTION('',(5.479729576602E-04,-2.585825562188E-03,
    0.99999650661));
#485 = PCURVE('',#409,#486);
#486 = DEFINITIONAL_REPRESENTATION('',(#487),#491);
#487 = LINE('',#488,#489);
#488 = CARTESIAN_POINT('',(2.507001248793,-3.635856686674));
#489 = VECTOR('',#490,1.);
#490 = DIRECTION('',(2.210369982836E-03,0.999997557129));
#491 = ( GEOMETRIC_REPRESENTATION_CONTEXT(2) 
PARAMETRIC_REPRESENTATION_CONTEXT() REPRESENTATION_CONTEXT('2D SPACE',''
  ) );
#492 = PCURVE('',#493,#498);
#493 = PLANE('',#494);
#494 = AXIS2_PLACEMENT_3D('',#495,#496,#497);
#495 = CARTESIAN_POINT('',(27.528330379811,-11.93865664136,
    12.908189763786));
#496 = DIRECTION('',(-0.900488734395,0.434876328882,1.617963454918E-03)
  );
#497 = DIRECTION('',(-0.434876898094,-0.90048991305,1.182409572767E-19)
  );
#498 = DEFINITIONAL_REPRESENTATION('',(#499),#503);
#499 = LINE('',#500,#501);
#500 = CARTESIAN_POINT('',(-7.507990708759E-03,-3.59197291178));
#501 = VECTOR('',#502,1.);
#502 = DIRECTION('',(2.090209055589E-03,0.999997815511));
#503 = ( GEOMETRIC_REPRESENTATION_CONTEXT(2) 
PARAMETRIC_REPRESENTATION_CONTEXT() REPRESENTATION_CONTEXT('2D SPACE',''
  ) );
#504 = ORIENTED_EDGE('',*,*,#393,.T.);
#505 = ADVANCED_FACE('',(#506),#467,.T.);
#506 = FACE_BOUND('',#507,.T.);
#507 = EDGE_LOOP('',(#508,#531,#557));
#508 = ORIENTED_EDGE('',*,*,#509,.F.);
#509 = EDGE_CURVE('',#510,#336,#512,.T.);
#510 = VERTEX_POINT('',#511);
#511 = CARTESIAN_POINT('',(28.433615430229,-9.601006022194,
    9.326677941753));
#512 = SURFACE_CURVE('',#513,(#517,#524),.PCURVE_S1.);
#513 = LINE('',#514,#515);
#514 = CARTESIAN_POINT('',(28.433615430229,-9.601006022194,
    9.326677941753));
#515 = VECTOR('',#516,1.);
#516 = DIRECTION('',(2.194635008057E-03,1.550185885946E-03,
    0.999996390244));
#517 = PCURVE('',#467,#518);
#518 = DEFINITIONAL_REPRESENTATION('',(#519),#523);
#519 = LINE('',#520,#521);
#520 = CARTESIAN_POINT('',(8.125240604744E-03,-3.625400460646));
#521 = VECTOR('',#522,1.);
#522 = DIRECTION('',(-2.241192465937E-03,0.999997488525));
#523 = ( GEOMETRIC_REPRESENTATION_CONTEXT(2) 
PARAMETRIC_REPRESENTATION_CONTEXT() REPRESENTATION_CONTEXT('2D SPACE',''
  ) );
#524 = PCURVE('',#351,#525);
#525 = DEFINITIONAL_REPRESENTATION('',(#526),#530);
#526 = LINE('',#527,#528);
#527 = CARTESIAN_POINT('',(2.424628154981,-3.615195130968));
#528 = VECTOR('',#529,1.);
#529 = DIRECTION('',(-2.093558340209E-03,0.999997808504));
#530 = ( GEOMETRIC_REPRESENTATION_CONTEXT(2) 
PARAMETRIC_REPRESENTATION_CONTEXT() REPRESENTATION_CONTEXT('2D SPACE',''
  ) );
#531 = ORIENTED_EDGE('',*,*,#532,.F.);
#532 = EDGE_CURVE('',#452,#510,#533,.T.);
#533 = SURFACE_CURVE('',#534,(#538,#545),.PCURVE_S1.);
#534 = LINE('',#535,#536);
#535 = CARTESIAN_POINT('',(27.526362071491,-11.92936840569,
    9.316221553554));
#536 = VECTOR('',#537,1.);
#537 = DIRECTION('',(0.363061434224,0.931755808017,4.184400377132E-03));
#538 = PCURVE('',#467,#539);
#539 = DEFINITIONAL_REPRESENTATION('',(#540),#544);
#540 = LINE('',#541,#542);
#541 = CARTESIAN_POINT('',(2.507000996944,-3.63585686033));
#542 = VECTOR('',#543,1.);
#543 = DIRECTION('',(-0.999991245339,4.184404972796E-03));
#544 = ( GEOMETRIC_REPRESENTATION_CONTEXT(2) 
PARAMETRIC_REPRESENTATION_CONTEXT() REPRESENTATION_CONTEXT('2D SPACE',''
  ) );
#545 = PCURVE('',#546,#551);
#546 = PLANE('',#547);
#547 = AXIS2_PLACEMENT_3D('',#548,#549,#550);
#548 = CARTESIAN_POINT('',(29.080058091093,-7.27333234096,9.393607542322
    ));
#549 = DIRECTION('',(0.21104856466,-8.66081609017E-02,0.973631105615));
#550 = DIRECTION('',(0.977303368314,1.517866294461E-18,-0.211844580489)
  );
#551 = DEFINITIONAL_REPRESENTATION('',(#552),#556);
#552 = LINE('',#553,#554);
#553 = CARTESIAN_POINT('',(-1.502038550966,-4.673597323277));
#554 = VECTOR('',#555,1.);
#555 = DIRECTION('',(0.353934720029,0.935270128871));
#556 = ( GEOMETRIC_REPRESENTATION_CONTEXT(2) 
PARAMETRIC_REPRESENTATION_CONTEXT() REPRESENTATION_CONTEXT('2D SPACE',''
  ) );
#557 = ORIENTED_EDGE('',*,*,#451,.T.);
#558 = ADVANCED_FACE('',(#559),#435,.T.);
#559 = FACE_BOUND('',#560,.T.);
#560 = EDGE_LOOP('',(#561,#589,#615));
#561 = ORIENTED_EDGE('',*,*,#562,.F.);
#562 = EDGE_CURVE('',#563,#394,#565,.T.);
#563 = VERTEX_POINT('',#564);
#564 = CARTESIAN_POINT('',(26.514710739476,-14.08856438649,
    12.858011528763));
#565 = SURFACE_CURVE('',#566,(#570,#577),.PCURVE_S1.);
#566 = LINE('',#567,#568);
#567 = CARTESIAN_POINT('',(26.514710739476,-14.08856438649,
    12.858011528763));
#568 = VECTOR('',#569,1.);
#569 = DIRECTION('',(0.426355799987,0.90430926957,2.110632103409E-02));
#570 = PCURVE('',#435,#571);
#571 = DEFINITIONAL_REPRESENTATION('',(#572),#576);
#572 = LINE('',#573,#574);
#573 = CARTESIAN_POINT('',(-1.014460458543,-2.150096723675));
#574 = VECTOR('',#575,1.);
#575 = DIRECTION('',(0.426709470837,0.904388759051));
#576 = ( GEOMETRIC_REPRESENTATION_CONTEXT(2) 
PARAMETRIC_REPRESENTATION_CONTEXT() REPRESENTATION_CONTEXT('2D SPACE',''
  ) );
#577 = PCURVE('',#578,#583);
#578 = PLANE('',#579);
#579 = AXIS2_PLACEMENT_3D('',#580,#581,#582);
#580 = CARTESIAN_POINT('',(27.528330379811,-11.93865664136,
    12.908189763786));
#581 = DIRECTION('',(-0.904554076881,0.426281051224,8.147844250631E-03)
  );
#582 = DIRECTION('',(-0.426295201766,-0.904584103857,3.412226460647E-20)
  );
#583 = DEFINITIONAL_REPRESENTATION('',(#584),#588);
#584 = LINE('',#585,#586);
#585 = CARTESIAN_POINT('',(2.376873560093,-5.017990070681E-02));
#586 = VECTOR('',#587,1.);
#587 = DIRECTION('',(-0.999777222003,2.11070216655E-02));
#588 = ( GEOMETRIC_REPRESENTATION_CONTEXT(2) 
PARAMETRIC_REPRESENTATION_CONTEXT() REPRESENTATION_CONTEXT('2D SPACE',''
  ) );
#589 = ORIENTED_EDGE('',*,*,#590,.T.);
#590 = EDGE_CURVE('',#563,#284,#591,.T.);
#591 = SURFACE_CURVE('',#592,(#596,#603),.PCURVE_S1.);
#592 = LINE('',#593,#594);
#593 = CARTESIAN_POINT('',(26.514710739476,-14.08856438649,
    12.858011528763));
#594 = VECTOR('',#595,1.);
#595 = DIRECTION('',(0.536625338721,-0.843820578096,2.789703053511E-04)
  );
#596 = PCURVE('',#435,#597);
#597 = DEFINITIONAL_REPRESENTATION('',(#598),#602);
#598 = LINE('',#599,#600);
#599 = CARTESIAN_POINT('',(-1.014460458543,-2.150096723675));
#600 = VECTOR('',#601,1.);
#601 = DIRECTION('',(0.536508760369,-0.843894750575));
#602 = ( GEOMETRIC_REPRESENTATION_CONTEXT(2) 
PARAMETRIC_REPRESENTATION_CONTEXT() REPRESENTATION_CONTEXT('2D SPACE',''
  ) );
#603 = PCURVE('',#604,#609);
#604 = PLANE('',#605);
#605 = AXIS2_PLACEMENT_3D('',#606,#607,#608);
#606 = CARTESIAN_POINT('',(26.514710739476,-14.08856438649,
    12.858011528763));
#607 = DIRECTION('',(5.573034289442E-03,3.874751786109E-03,
    0.999976963528));
#608 = DIRECTION('',(0.999984470291,-1.840780983746E-21,
    -5.573076125849E-03));
#609 = DEFINITIONAL_REPRESENTATION('',(#610),#614);
#610 = LINE('',#611,#612);
#611 = CARTESIAN_POINT('',(0.,0.));
#612 = VECTOR('',#613,1.);
#613 = DIRECTION('',(0.536615450362,-0.843826912603));
#614 = ( GEOMETRIC_REPRESENTATION_CONTEXT(2) 
PARAMETRIC_REPRESENTATION_CONTEXT() REPRESENTATION_CONTEXT('2D SPACE',''
  ) );
#615 = ORIENTED_EDGE('',*,*,#421,.F.);
#616 = ADVANCED_FACE('',(#617),#604,.T.);
#617 = FACE_BOUND('',#618,.T.);
#618 = EDGE_LOOP('',(#619,#647,#673));
#619 = ORIENTED_EDGE('',*,*,#620,.F.);
#620 = EDGE_CURVE('',#621,#563,#623,.T.);
#621 = VERTEX_POINT('',#622);
#622 = CARTESIAN_POINT('',(25.26063523257,-16.22523497474,
    12.873279954473));
#623 = SURFACE_CURVE('',#624,(#628,#635),.PCURVE_S1.);
#624 = LINE('',#625,#626);
#625 = CARTESIAN_POINT('',(25.26063523257,-16.22523497474,
    12.873279954473));
#626 = VECTOR('',#627,1.);
#627 = DIRECTION('',(0.506173775849,0.862409490853,-6.162688490863E-03)
  );
#628 = PCURVE('',#604,#629);
#629 = DEFINITIONAL_REPRESENTATION('',(#630),#634);
#630 = LINE('',#631,#632);
#631 = CARTESIAN_POINT('',(-1.254141123576,-2.136686628099));
#632 = VECTOR('',#633,1.);
#633 = DIRECTION('',(0.50620026025,0.862415964905));
#634 = ( GEOMETRIC_REPRESENTATION_CONTEXT(2) 
PARAMETRIC_REPRESENTATION_CONTEXT() REPRESENTATION_CONTEXT('2D SPACE',''
  ) );
#635 = PCURVE('',#636,#641);
#636 = PLANE('',#637);
#637 = AXIS2_PLACEMENT_3D('',#638,#639,#640);
#638 = CARTESIAN_POINT('',(26.514710739476,-14.08856438649,
    12.858011528763));
#639 = DIRECTION('',(-0.862388721653,0.506206919793,6.344061736298E-03)
  );
#640 = DIRECTION('',(-0.506217106786,-0.862406076508,-3.966924171068E-19
    ));
#641 = DEFINITIONAL_REPRESENTATION('',(#642),#646);
#642 = LINE('',#643,#644);
#643 = CARTESIAN_POINT('',(2.4775121736,1.526873297469E-02));
#644 = VECTOR('',#645,1.);
#645 = DIRECTION('',(-0.999981009691,-6.162812509836E-03));
#646 = ( GEOMETRIC_REPRESENTATION_CONTEXT(2) 
PARAMETRIC_REPRESENTATION_CONTEXT() REPRESENTATION_CONTEXT('2D SPACE',''
  ) );
#647 = ORIENTED_EDGE('',*,*,#648,.T.);
#648 = EDGE_CURVE('',#621,#284,#649,.T.);
#649 = SURFACE_CURVE('',#650,(#654,#661),.PCURVE_S1.);
#650 = LINE('',#651,#652);
#651 = CARTESIAN_POINT('',(25.26063523257,-16.22523497474,
    12.873279954473));
#652 = VECTOR('',#653,1.);
#653 = DIRECTION('',(0.578471411042,-0.81570265576,-6.319714269802E-05)
  );
#654 = PCURVE('',#604,#655);
#655 = DEFINITIONAL_REPRESENTATION('',(#656),#660);
#656 = LINE('',#657,#658);
#657 = CARTESIAN_POINT('',(-1.254141123576,-2.136686628099));
#658 = VECTOR('',#659,1.);
#659 = DIRECTION('',(0.578462779751,-0.815708779187));
#660 = ( GEOMETRIC_REPRESENTATION_CONTEXT(2) 
PARAMETRIC_REPRESENTATION_CONTEXT() REPRESENTATION_CONTEXT('2D SPACE',''
  ) );
#661 = PCURVE('',#662,#667);
#662 = PLANE('',#663);
#663 = AXIS2_PLACEMENT_3D('',#664,#665,#666);
#664 = CARTESIAN_POINT('',(25.26063523257,-16.22523497474,
    12.873279954473));
#665 = DIRECTION('',(1.615938154856E-02,1.138227929491E-02,0.99980463997
    ));
#666 = DIRECTION('',(0.99986941175,2.264034764862E-20,
    -1.616042842498E-02));
#667 = DEFINITIONAL_REPRESENTATION('',(#668),#672);
#668 = LINE('',#669,#670);
#669 = CARTESIAN_POINT('',(0.,0.));
#670 = VECTOR('',#671,1.);
#671 = DIRECTION('',(0.578396890765,-0.815755500596));
#672 = ( GEOMETRIC_REPRESENTATION_CONTEXT(2) 
PARAMETRIC_REPRESENTATION_CONTEXT() REPRESENTATION_CONTEXT('2D SPACE',''
  ) );
#673 = ORIENTED_EDGE('',*,*,#590,.F.);
#674 = ADVANCED_FACE('',(#675),#662,.T.);
#675 = FACE_BOUND('',#676,.T.);
#676 = EDGE_LOOP('',(#677,#705,#731));
#677 = ORIENTED_EDGE('',*,*,#678,.F.);
#678 = EDGE_CURVE('',#679,#621,#681,.T.);
#679 = VERTEX_POINT('',#680);
#680 = CARTESIAN_POINT('',(23.802433503882,-18.24825920098,12.919879323)
  );
#681 = SURFACE_CURVE('',#682,(#686,#693),.PCURVE_S1.);
#682 = LINE('',#683,#684);
#683 = CARTESIAN_POINT('',(23.802433503882,-18.24825920098,12.919879323)
  );
#684 = VECTOR('',#685,1.);
#685 = DIRECTION('',(0.584631544182,0.811083784937,-1.868291625456E-02)
  );
#686 = PCURVE('',#662,#687);
#687 = DEFINITIONAL_REPRESENTATION('',(#688),#692);
#688 = LINE('',#689,#690);
#689 = CARTESIAN_POINT('',(-1.458764370436,-2.023155286727));
#690 = VECTOR('',#691,1.);
#691 = DIRECTION('',(0.584857122103,0.811136330543));
#692 = ( GEOMETRIC_REPRESENTATION_CONTEXT(2) 
PARAMETRIC_REPRESENTATION_CONTEXT() REPRESENTATION_CONTEXT('2D SPACE',''
  ) );
#693 = PCURVE('',#694,#699);
#694 = PLANE('',#695);
#695 = AXIS2_PLACEMENT_3D('',#696,#697,#698);
#696 = CARTESIAN_POINT('',(25.26063523257,-16.22523497474,
    12.873279954473));
#697 = DIRECTION('',(-0.811153551757,0.584807706576,5.464595367919E-03)
  );
#698 = DIRECTION('',(-0.584816438477,-0.811165663281,-2.354012123197E-19
    ));
#699 = DEFINITIONAL_REPRESENTATION('',(#700),#704);
#700 = LINE('',#701,#702);
#701 = CARTESIAN_POINT('',(2.493788129869,4.66000643123E-02));
#702 = VECTOR('',#703,1.);
#703 = DIRECTION('',(-0.999825453875,-1.868319521358E-02));
#704 = ( GEOMETRIC_REPRESENTATION_CONTEXT(2) 
PARAMETRIC_REPRESENTATION_CONTEXT() REPRESENTATION_CONTEXT('2D SPACE',''
  ) );
#705 = ORIENTED_EDGE('',*,*,#706,.T.);
#706 = EDGE_CURVE('',#679,#284,#707,.T.);
#707 = SURFACE_CURVE('',#708,(#712,#719),.PCURVE_S1.);
#708 = LINE('',#709,#710);
#709 = CARTESIAN_POINT('',(23.802433503882,-18.24825920098,12.919879323)
  );
#710 = VECTOR('',#711,1.);
#711 = DIRECTION('',(0.622357969283,-0.782731908422,-1.147870938836E-03)
  );
#712 = PCURVE('',#662,#713);
#713 = DEFINITIONAL_REPRESENTATION('',(#714),#718);
#714 = LINE('',#715,#716);
#715 = CARTESIAN_POINT('',(-1.458764370436,-2.023155286727));
#716 = VECTOR('',#717,1.);
#717 = DIRECTION('',(0.622295246731,-0.782782617267));
#718 = ( GEOMETRIC_REPRESENTATION_CONTEXT(2) 
PARAMETRIC_REPRESENTATION_CONTEXT() REPRESENTATION_CONTEXT('2D SPACE',''
  ) );
#719 = PCURVE('',#720,#725);
#720 = PLANE('',#721);
#721 = AXIS2_PLACEMENT_3D('',#722,#723,#724);
#722 = CARTESIAN_POINT('',(23.802433503882,-18.24825920098,12.919879323)
  );
#723 = DIRECTION('',(4.799958097116E-04,-1.084842593761E-03,
    0.99999929636));
#724 = DIRECTION('',(-2.367619046735E-23,0.999999411558,
    1.084842718733E-03));
#725 = DEFINITIONAL_REPRESENTATION('',(#726),#730);
#726 = LINE('',#727,#728);
#727 = CARTESIAN_POINT('',(0.,0.));
#728 = VECTOR('',#729,1.);
#729 = DIRECTION('',(-0.782732693089,-0.622358040978));
#730 = ( GEOMETRIC_REPRESENTATION_CONTEXT(2) 
PARAMETRIC_REPRESENTATION_CONTEXT() REPRESENTATION_CONTEXT('2D SPACE',''
  ) );
#731 = ORIENTED_EDGE('',*,*,#648,.F.);
#732 = ADVANCED_FACE('',(#733),#720,.T.);
#733 = FACE_BOUND('',#734,.T.);
#734 = EDGE_LOOP('',(#735,#763,#789));
#735 = ORIENTED_EDGE('',*,*,#736,.F.);
#736 = EDGE_CURVE('',#737,#679,#739,.T.);
#737 = VERTEX_POINT('',#738);
#738 = CARTESIAN_POINT('',(22.253036200073,-20.12473595241,
    12.918587344398));
#739 = SURFACE_CURVE('',#740,(#744,#751),.PCURVE_S1.);
#740 = LINE('',#741,#742);
#741 = CARTESIAN_POINT('',(22.253036200073,-20.12473595241,
    12.918587344398));
#742 = VECTOR('',#743,1.);
#743 = DIRECTION('',(0.636701652051,0.771110059849,5.309192859567E-04));
#744 = PCURVE('',#720,#745);
#745 = DEFINITIONAL_REPRESENTATION('',(#746),#750);
#746 = LINE('',#747,#748);
#747 = CARTESIAN_POINT('',(-1.876477048824,1.549397482297));
#748 = VECTOR('',#749,1.);
#749 = DIRECTION('',(0.771110182059,-0.636701725398));
#750 = ( GEOMETRIC_REPRESENTATION_CONTEXT(2) 
PARAMETRIC_REPRESENTATION_CONTEXT() REPRESENTATION_CONTEXT('2D SPACE',''
  ) );
#751 = PCURVE('',#752,#757);
#752 = PLANE('',#753);
#753 = AXIS2_PLACEMENT_3D('',#754,#755,#756);
#754 = CARTESIAN_POINT('',(23.802433503882,-18.24825920098,12.919879323)
  );
#755 = DIRECTION('',(-0.771097903815,0.636687418086,6.095439551216E-03)
  );
#756 = DIRECTION('',(-0.63669924628,-0.771112229047,1.391644874872E-19)
  );
#757 = DEFINITIONAL_REPRESENTATION('',(#758),#762);
#758 = LINE('',#759,#760);
#759 = CARTESIAN_POINT('',(2.433474266073,-1.292002603836E-03));
#760 = VECTOR('',#761,1.);
#761 = DIRECTION('',(-0.999999859057,5.309291492208E-04));
#762 = ( GEOMETRIC_REPRESENTATION_CONTEXT(2) 
PARAMETRIC_REPRESENTATION_CONTEXT() REPRESENTATION_CONTEXT('2D SPACE',''
  ) );
#763 = ORIENTED_EDGE('',*,*,#764,.T.);
#764 = EDGE_CURVE('',#737,#284,#765,.T.);
#765 = SURFACE_CURVE('',#766,(#770,#777),.PCURVE_S1.);
#766 = LINE('',#767,#768);
#767 = CARTESIAN_POINT('',(22.253036200073,-20.12473595241,
    12.918587344398));
#768 = VECTOR('',#769,1.);
#769 = DIRECTION('',(0.665159089478,-0.746700817132,-1.129327221601E-03)
  );
#770 = PCURVE('',#720,#771);
#771 = DEFINITIONAL_REPRESENTATION('',(#772),#776);
#772 = LINE('',#773,#774);
#773 = CARTESIAN_POINT('',(-1.876477048824,1.549397482297));
#774 = VECTOR('',#775,1.);
#775 = DIRECTION('',(-0.746701602884,-0.665159166103));
#776 = ( GEOMETRIC_REPRESENTATION_CONTEXT(2) 
PARAMETRIC_REPRESENTATION_CONTEXT() REPRESENTATION_CONTEXT('2D SPACE',''
  ) );
#777 = PCURVE('',#778,#783);
#778 = PLANE('',#779);
#779 = AXIS2_PLACEMENT_3D('',#780,#781,#782);
#780 = CARTESIAN_POINT('',(22.253036200073,-20.12473595241,
    12.918587344398));
#781 = DIRECTION('',(-5.885446184955E-03,-6.755101648535E-03,
    0.999959864257));
#782 = DIRECTION('',(4.651794184644E-21,0.99997718325,6.75521864479E-03)
  );
#783 = DEFINITIONAL_REPRESENTATION('',(#784),#788);
#784 = LINE('',#785,#786);
#785 = CARTESIAN_POINT('',(0.,0.));
#786 = VECTOR('',#787,1.);
#787 = DIRECTION('',(-0.746691408698,-0.665170609826));
#788 = ( GEOMETRIC_REPRESENTATION_CONTEXT(2) 
PARAMETRIC_REPRESENTATION_CONTEXT() REPRESENTATION_CONTEXT('2D SPACE',''
  ) );
#789 = ORIENTED_EDGE('',*,*,#706,.F.);
#790 = ADVANCED_FACE('',(#791),#778,.T.);
#791 = FACE_BOUND('',#792,.T.);
#792 = EDGE_LOOP('',(#793,#821,#847));
#793 = ORIENTED_EDGE('',*,*,#794,.F.);
#794 = EDGE_CURVE('',#795,#737,#797,.T.);
#795 = VERTEX_POINT('',#796);
#796 = CARTESIAN_POINT('',(20.544075600541,-21.86014116313,
    12.896805635932));
#797 = SURFACE_CURVE('',#798,(#802,#809),.PCURVE_S1.);
#798 = LINE('',#799,#800);
#799 = CARTESIAN_POINT('',(20.544075600541,-21.86014116313,
    12.896805635932));
#800 = VECTOR('',#801,1.);
#801 = DIRECTION('',(0.701629131186,0.712486203946,8.942676145183E-03));
#802 = PCURVE('',#778,#803);
#803 = DEFINITIONAL_REPRESENTATION('',(#804),#808);
#804 = LINE('',#805,#806);
#805 = CARTESIAN_POINT('',(-1.735512754617,1.708990198197));
#806 = VECTOR('',#807,1.);
#807 = DIRECTION('',(0.71253035706,-0.701641283184));
#808 = ( GEOMETRIC_REPRESENTATION_CONTEXT(2) 
PARAMETRIC_REPRESENTATION_CONTEXT() REPRESENTATION_CONTEXT('2D SPACE',''
  ) );
#809 = PCURVE('',#810,#815);
#810 = PLANE('',#811);
#811 = AXIS2_PLACEMENT_3D('',#812,#813,#814);
#812 = CARTESIAN_POINT('',(22.253036200073,-20.12473595241,
    12.918587344398));
#813 = DIRECTION('',(-0.712523810861,0.701646111911,1.597684482205E-03)
  );
#814 = DIRECTION('',(-0.701647007422,-0.712524720256,5.0458302501E-20));
#815 = DEFINITIONAL_REPRESENTATION('',(#816),#820);
#816 = LINE('',#817,#818);
#817 = CARTESIAN_POINT('',(2.435606202763,-2.178173626562E-02));
#818 = VECTOR('',#819,1.);
#819 = DIRECTION('',(-0.99996001337,8.942687558723E-03));
#820 = ( GEOMETRIC_REPRESENTATION_CONTEXT(2) 
PARAMETRIC_REPRESENTATION_CONTEXT() REPRESENTATION_CONTEXT('2D SPACE',''
  ) );
#821 = ORIENTED_EDGE('',*,*,#822,.T.);
#822 = EDGE_CURVE('',#795,#284,#823,.T.);
#823 = SURFACE_CURVE('',#824,(#828,#835),.PCURVE_S1.);
#824 = LINE('',#825,#826);
#825 = CARTESIAN_POINT('',(20.544075600541,-21.86014116313,
    12.896805635932));
#826 = VECTOR('',#827,1.);
#827 = DIRECTION('',(0.706793235726,-0.707419916927,-6.189247352895E-04)
  );
#828 = PCURVE('',#778,#829);
#829 = DEFINITIONAL_REPRESENTATION('',(#830),#834);
#830 = LINE('',#831,#832);
#831 = CARTESIAN_POINT('',(-1.735512754617,1.708990198197));
#832 = VECTOR('',#833,1.);
#833 = DIRECTION('',(-0.707407956875,-0.706805477164));
#834 = ( GEOMETRIC_REPRESENTATION_CONTEXT(2) 
PARAMETRIC_REPRESENTATION_CONTEXT() REPRESENTATION_CONTEXT('2D SPACE',''
  ) );
#835 = PCURVE('',#836,#841);
#836 = PLANE('',#837);
#837 = AXIS2_PLACEMENT_3D('',#838,#839,#840);
#838 = CARTESIAN_POINT('',(20.544075600541,-21.86014116313,
    12.896805635932));
#839 = DIRECTION('',(-1.290489936338E-02,-1.376821583698E-02,
    0.999821934049));
#840 = DIRECTION('',(1.051836839703E-20,0.999905197835,
    1.376936243493E-02));
#841 = DEFINITIONAL_REPRESENTATION('',(#842),#846);
#842 = LINE('',#843,#844);
#843 = CARTESIAN_POINT('',(0.,0.));
#844 = VECTOR('',#845,1.);
#845 = DIRECTION('',(-0.707361374186,-0.706852096488));
#846 = ( GEOMETRIC_REPRESENTATION_CONTEXT(2) 
PARAMETRIC_REPRESENTATION_CONTEXT() REPRESENTATION_CONTEXT('2D SPACE',''
  ) );
#847 = ORIENTED_EDGE('',*,*,#764,.F.);
#848 = ADVANCED_FACE('',(#849),#836,.T.);
#849 = FACE_BOUND('',#850,.T.);
#850 = EDGE_LOOP('',(#851,#879,#905));
#851 = ORIENTED_EDGE('',*,*,#852,.F.);
#852 = EDGE_CURVE('',#853,#795,#855,.T.);
#853 = VERTEX_POINT('',#854);
#854 = CARTESIAN_POINT('',(18.712661293554,-23.49626128288,
    12.850636742556));
#855 = SURFACE_CURVE('',#856,(#860,#867),.PCURVE_S1.);
#856 = LINE('',#857,#858);
#857 = CARTESIAN_POINT('',(18.712661293554,-23.49626128288,
    12.850636742556));
#858 = VECTOR('',#859,1.);
#859 = DIRECTION('',(0.74561798909,0.666108476354,1.879659742002E-02));
#860 = PCURVE('',#836,#861);
#861 = DEFINITIONAL_REPRESENTATION('',(#862),#866);
#862 = LINE('',#863,#864);
#863 = CARTESIAN_POINT('',(-1.636600728252,1.831566824635));
#864 = VECTOR('',#865,1.);
#865 = DIRECTION('',(0.666304144991,-0.745680083124));
#866 = ( GEOMETRIC_REPRESENTATION_CONTEXT(2) 
PARAMETRIC_REPRESENTATION_CONTEXT() REPRESENTATION_CONTEXT('2D SPACE',''
  ) );
#867 = PCURVE('',#868,#873);
#868 = PLANE('',#869);
#869 = AXIS2_PLACEMENT_3D('',#870,#871,#872);
#870 = CARTESIAN_POINT('',(20.544075600541,-21.86014116313,
    12.896805635932));
#871 = DIRECTION('',(-0.666258768531,0.745716538289,2.469388057004E-03)
  );
#872 = DIRECTION('',(0.745718811944,0.666260799922,3.180453075011E-19));
#873 = DEFINITIONAL_REPRESENTATION('',(#874),#878);
#874 = LINE('',#875,#876);
#875 = CARTESIAN_POINT('',(-2.45580280094,4.616903414301E-02));
#876 = VECTOR('',#877,1.);
#877 = DIRECTION('',(0.999823327279,-1.879665472995E-02));
#878 = ( GEOMETRIC_REPRESENTATION_CONTEXT(2) 
PARAMETRIC_REPRESENTATION_CONTEXT() REPRESENTATION_CONTEXT('2D SPACE',''
  ) );
#879 = ORIENTED_EDGE('',*,*,#880,.T.);
#880 = EDGE_CURVE('',#853,#284,#881,.T.);
#881 = SURFACE_CURVE('',#882,(#886,#893),.PCURVE_S1.);
#882 = LINE('',#883,#884);
#883 = CARTESIAN_POINT('',(18.712661293554,-23.49626128288,
    12.850636742556));
#884 = VECTOR('',#885,1.);
#885 = DIRECTION('',(0.746262977915,-0.665651072945,4.657039101905E-04)
  );
#886 = PCURVE('',#836,#887);
#887 = DEFINITIONAL_REPRESENTATION('',(#888),#892);
#888 = LINE('',#889,#890);
#889 = CARTESIAN_POINT('',(-1.636600728252,1.831566824635));
#890 = VECTOR('',#891,1.);
#891 = DIRECTION('',(-0.665581555337,-0.746325125663));
#892 = ( GEOMETRIC_REPRESENTATION_CONTEXT(2) 
PARAMETRIC_REPRESENTATION_CONTEXT() REPRESENTATION_CONTEXT('2D SPACE',''
  ) );
#893 = PCURVE('',#894,#899);
#894 = PLANE('',#895);
#895 = AXIS2_PLACEMENT_3D('',#896,#897,#898);
#896 = CARTESIAN_POINT('',(50.566854290482,-51.90953967633,
    12.870515287618));
#897 = DIRECTION('',(2.01544978383E-02,2.329454443029E-02,0.999525467618
    ));
#898 = DIRECTION('',(1.77587923822E-22,0.999728534998,
    -2.329927703818E-02));
#899 = DEFINITIONAL_REPRESENTATION('',(#900),#904);
#900 = LINE('',#901,#902);
#901 = CARTESIAN_POINT('',(28.406028338499,31.860664615444));
#902 = VECTOR('',#903,1.);
#903 = DIRECTION('',(-0.66548122254,-0.746414591528));
#904 = ( GEOMETRIC_REPRESENTATION_CONTEXT(2) 
PARAMETRIC_REPRESENTATION_CONTEXT() REPRESENTATION_CONTEXT('2D SPACE',''
  ) );
#905 = ORIENTED_EDGE('',*,*,#822,.F.);
#906 = ADVANCED_FACE('',(#907),#894,.T.);
#907 = FACE_BOUND('',#908,.T.);
#908 = EDGE_LOOP('',(#909,#910,#938));
#909 = ORIENTED_EDGE('',*,*,#880,.F.);
#910 = ORIENTED_EDGE('',*,*,#911,.F.);
#911 = EDGE_CURVE('',#912,#853,#914,.T.);
#912 = VERTEX_POINT('',#913);
#913 = CARTESIAN_POINT('',(16.729655641625,-24.86915327392,
    12.922618276733));
#914 = SURFACE_CURVE('',#915,(#919,#926),.PCURVE_S1.);
#915 = LINE('',#916,#917);
#916 = CARTESIAN_POINT('',(16.729655641625,-24.86915327392,
    12.922618276733));
#917 = VECTOR('',#918,1.);
#918 = DIRECTION('',(0.82181814053,0.568968395085,-2.98313474359E-02));
#919 = PCURVE('',#894,#920);
#920 = DEFINITIONAL_REPRESENTATION('',(#921),#925);
#921 = LINE('',#922,#923);
#922 = CARTESIAN_POINT('',(27.031831921883,33.844073142313));
#923 = VECTOR('',#924,1.);
#924 = DIRECTION('',(0.569508988907,-0.821985104217));
#925 = ( GEOMETRIC_REPRESENTATION_CONTEXT(2) 
PARAMETRIC_REPRESENTATION_CONTEXT() REPRESENTATION_CONTEXT('2D SPACE',''
  ) );
#926 = PCURVE('',#927,#932);
#927 = PLANE('',#928);
#928 = AXIS2_PLACEMENT_3D('',#929,#930,#931);
#929 = CARTESIAN_POINT('',(18.712661293554,-23.49626128288,
    12.850636742556));
#930 = DIRECTION('',(-0.569171543096,0.822216369951,1.998878337828E-03)
  );
#931 = DIRECTION('',(0.822218012545,0.569172680166,-6.196845003453E-20)
  );
#932 = DEFINITIONAL_REPRESENTATION('',(#933),#937);
#933 = LINE('',#934,#935);
#934 = CARTESIAN_POINT('',(-2.411875580111,-7.19816779793E-02));
#935 = VECTOR('',#936,1.);
#936 = DIRECTION('',(0.99955494454,2.983140703187E-02));
#937 = ( GEOMETRIC_REPRESENTATION_CONTEXT(2) 
PARAMETRIC_REPRESENTATION_CONTEXT() REPRESENTATION_CONTEXT('2D SPACE',''
  ) );
#938 = ORIENTED_EDGE('',*,*,#939,.T.);
#939 = EDGE_CURVE('',#912,#284,#940,.T.);
#940 = SURFACE_CURVE('',#941,(#945,#952),.PCURVE_S1.);
#941 = LINE('',#942,#943);
#942 = CARTESIAN_POINT('',(16.729655641625,-24.86915327392,
    12.922618276733));
#943 = VECTOR('',#944,1.);
#944 = DIRECTION('',(0.781198926666,-0.624281018456,-1.20290097284E-03)
  );
#945 = PCURVE('',#894,#946);
#946 = DEFINITIONAL_REPRESENTATION('',(#947),#951);
#947 = LINE('',#948,#949);
#948 = CARTESIAN_POINT('',(27.031831921883,33.844073142313));
#949 = VECTOR('',#950,1.);
#950 = DIRECTION('',(-0.624083521285,-0.781357638));
#951 = ( GEOMETRIC_REPRESENTATION_CONTEXT(2) 
PARAMETRIC_REPRESENTATION_CONTEXT() REPRESENTATION_CONTEXT('2D SPACE',''
  ) );
#952 = PCURVE('',#953,#958);
#953 = PLANE('',#954);
#954 = AXIS2_PLACEMENT_3D('',#955,#956,#957);
#955 = CARTESIAN_POINT('',(50.566854290482,-51.90953967633,
    12.870515287618));
#956 = DIRECTION('',(2.676571076528E-03,1.422498808865E-03,
    0.999995406222));
#957 = DIRECTION('',(0.99999641797,2.072980729576E-22,
    -2.676573784557E-03));
#958 = DEFINITIONAL_REPRESENTATION('',(#959),#963);
#959 = LINE('',#960,#961);
#960 = CARTESIAN_POINT('',(-33.83721690049,27.040413760597));
#961 = VECTOR('',#962,1.);
#962 = DIRECTION('',(0.781199348042,-0.624281650074));
#963 = ( GEOMETRIC_REPRESENTATION_CONTEXT(2) 
PARAMETRIC_REPRESENTATION_CONTEXT() REPRESENTATION_CONTEXT('2D SPACE',''
  ) );
#964 = ADVANCED_FACE('',(#965),#953,.T.);
#965 = FACE_BOUND('',#966,.T.);
#966 = EDGE_LOOP('',(#967,#968,#996));
#967 = ORIENTED_EDGE('',*,*,#939,.F.);
#968 = ORIENTED_EDGE('',*,*,#969,.F.);
#969 = EDGE_CURVE('',#970,#912,#972,.T.);
#970 = VERTEX_POINT('',#971);
#971 = CARTESIAN_POINT('',(14.626721841538,-26.22055042171,
    12.930169324039));
#972 = SURFACE_CURVE('',#973,(#977,#984),.PCURVE_S1.);
#973 = LINE('',#974,#975);
#974 = CARTESIAN_POINT('',(14.626721841538,-26.22055042171,
    12.930169324039));
#975 = VECTOR('',#976,1.);
#976 = DIRECTION('',(0.841263584685,0.540616736883,-3.020742319394E-03)
  );
#977 = PCURVE('',#953,#978);
#978 = DEFINITIONAL_REPRESENTATION('',(#979),#983);
#979 = LINE('',#980,#981);
#980 = CARTESIAN_POINT('',(-35.94016337874,25.689015245525));
#981 = VECTOR('',#982,1.);
#982 = DIRECTION('',(0.841268656494,0.540617283854));
#983 = ( GEOMETRIC_REPRESENTATION_CONTEXT(2) 
PARAMETRIC_REPRESENTATION_CONTEXT() REPRESENTATION_CONTEXT('2D SPACE',''
  ) );
#984 = PCURVE('',#985,#990);
#985 = PLANE('',#986);
#986 = AXIS2_PLACEMENT_3D('',#987,#988,#989);
#987 = CARTESIAN_POINT('',(16.729655641625,-24.86915327392,
    12.922618276733));
#988 = DIRECTION('',(-0.540622323905,0.841227864108,-7.948807673045E-03)
  );
#989 = DIRECTION('',(0.841254441246,0.540639403931,3.348972286736E-19));
#990 = DEFINITIONAL_REPRESENTATION('',(#991),#995);
#991 = LINE('',#992,#993);
#992 = CARTESIAN_POINT('',(-2.499720947427,-7.551285868309E-03));
#993 = VECTOR('',#994,1.);
#994 = DIRECTION('',(0.999995437259,3.020837754519E-03));
#995 = ( GEOMETRIC_REPRESENTATION_CONTEXT(2) 
PARAMETRIC_REPRESENTATION_CONTEXT() REPRESENTATION_CONTEXT('2D SPACE',''
  ) );
#996 = ORIENTED_EDGE('',*,*,#997,.T.);
#997 = EDGE_CURVE('',#970,#284,#998,.T.);
#998 = SURFACE_CURVE('',#999,(#1003,#1010),.PCURVE_S1.);
#999 = LINE('',#1000,#1001);
#1000 = CARTESIAN_POINT('',(14.626721841538,-26.22055042171,
    12.930169324039));
#1001 = VECTOR('',#1002,1.);
#1002 = DIRECTION('',(0.813545690499,-0.581499429115,-1.3503368225E-03)
  );
#1003 = PCURVE('',#953,#1004);
#1004 = DEFINITIONAL_REPRESENTATION('',(#1005),#1009);
#1005 = LINE('',#1006,#1007);
#1006 = CARTESIAN_POINT('',(-35.94016337874,25.689015245525));
#1007 = VECTOR('',#1008,1.);
#1008 = DIRECTION('',(0.81354639063,-0.581500017449));
#1009 = ( GEOMETRIC_REPRESENTATION_CONTEXT(2) 
PARAMETRIC_REPRESENTATION_CONTEXT() REPRESENTATION_CONTEXT('2D SPACE',''
  ) );
#1010 = PCURVE('',#1011,#1016);
#1011 = PLANE('',#1012);
#1012 = AXIS2_PLACEMENT_3D('',#1013,#1014,#1015);
#1013 = CARTESIAN_POINT('',(50.566854290482,-51.90953967633,
    12.870515287618));
#1014 = DIRECTION('',(-2.563191649961E-02,-3.817999189585E-02,
    0.998942086948));
#1015 = DIRECTION('',(1.378105673316E-19,0.999270398781,
    3.81925401139E-02));
#1016 = DEFINITIONAL_REPRESENTATION('',(#1017),#1021);
#1017 = LINE('',#1018,#1019);
#1018 = CARTESIAN_POINT('',(25.672524875914,35.951944515853));
#1019 = VECTOR('',#1020,1.);
#1020 = DIRECTION('',(-0.581126739216,-0.81381307004));
#1021 = ( GEOMETRIC_REPRESENTATION_CONTEXT(2) 
PARAMETRIC_REPRESENTATION_CONTEXT() REPRESENTATION_CONTEXT('2D SPACE',''
  ) );
#1022 = ADVANCED_FACE('',(#1023),#985,.T.);
#1023 = FACE_BOUND('',#1024,.T.);
#1024 = EDGE_LOOP('',(#1025,#1053,#1079));
#1025 = ORIENTED_EDGE('',*,*,#1026,.T.);
#1026 = EDGE_CURVE('',#912,#1027,#1029,.T.);
#1027 = VERTEX_POINT('',#1028);
#1028 = CARTESIAN_POINT('',(16.745339976925,-24.89329654583,
    9.300780128447));
#1029 = SURFACE_CURVE('',#1030,(#1034,#1041),.PCURVE_S1.);
#1030 = LINE('',#1031,#1032);
#1031 = CARTESIAN_POINT('',(16.729655641625,-24.86915327392,
    12.922618276733));
#1032 = VECTOR('',#1033,1.);
#1033 = DIRECTION('',(4.330353577914E-03,-6.665816683805E-03,
    -0.999968406964));
#1034 = PCURVE('',#985,#1035);
#1035 = DEFINITIONAL_REPRESENTATION('',(#1036),#1040);
#1036 = LINE('',#1037,#1038);
#1037 = CARTESIAN_POINT('',(0.,0.));
#1038 = VECTOR('',#1039,1.);
#1039 = DIRECTION('',(3.912602093919E-05,0.999999999235));
#1040 = ( GEOMETRIC_REPRESENTATION_CONTEXT(2) 
PARAMETRIC_REPRESENTATION_CONTEXT() REPRESENTATION_CONTEXT('2D SPACE',''
  ) );
#1041 = PCURVE('',#1042,#1047);
#1042 = PLANE('',#1043);
#1043 = AXIS2_PLACEMENT_3D('',#1044,#1045,#1046);
#1044 = CARTESIAN_POINT('',(16.729655641625,-24.86915327392,
    12.922618276733));
#1045 = DIRECTION('',(-0.581102437514,0.813791677399,-7.941216046893E-03
    ));
#1046 = DIRECTION('',(0.813817338649,0.581120761386,2.34752747593E-19));
#1047 = DEFINITIONAL_REPRESENTATION('',(#1048),#1052);
#1048 = LINE('',#1049,#1050);
#1049 = CARTESIAN_POINT('',(0.,0.));
#1050 = VECTOR('',#1051,1.);
#1051 = DIRECTION('',(-3.495276423673E-04,0.999999938915));
#1052 = ( GEOMETRIC_REPRESENTATION_CONTEXT(2) 
PARAMETRIC_REPRESENTATION_CONTEXT() REPRESENTATION_CONTEXT('2D SPACE',''
  ) );
#1053 = ORIENTED_EDGE('',*,*,#1054,.F.);
#1054 = EDGE_CURVE('',#970,#1027,#1055,.T.);
#1055 = SURFACE_CURVE('',#1056,(#1060,#1067),.PCURVE_S1.);
#1056 = LINE('',#1057,#1058);
#1057 = CARTESIAN_POINT('',(14.626721841538,-26.22055042171,
    12.930169324039));
#1058 = VECTOR('',#1059,1.);
#1059 = DIRECTION('',(0.480727396236,0.301162011803,-0.823530578154));
#1060 = PCURVE('',#985,#1061);
#1061 = DEFINITIONAL_REPRESENTATION('',(#1062),#1066);
#1062 = LINE('',#1063,#1064);
#1063 = CARTESIAN_POINT('',(-2.499720947427,-7.551285868309E-03));
#1064 = VECTOR('',#1065,1.);
#1065 = DIRECTION('',(0.56723410766,0.823556596177));
#1066 = ( GEOMETRIC_REPRESENTATION_CONTEXT(2) 
PARAMETRIC_REPRESENTATION_CONTEXT() REPRESENTATION_CONTEXT('2D SPACE',''
  ) );
#1067 = PCURVE('',#1068,#1073);
#1068 = PLANE('',#1069);
#1069 = AXIS2_PLACEMENT_3D('',#1070,#1071,#1072);
#1070 = CARTESIAN_POINT('',(14.626721841538,-26.22055042171,
    12.930169324039));
#1071 = DIRECTION('',(-0.539941735871,0.841669954299,-7.389850790053E-03
    ));
#1072 = DIRECTION('',(0.841692936994,0.539956479555,5.321496850477E-19)
  );
#1073 = DEFINITIONAL_REPRESENTATION('',(#1074),#1078);
#1074 = LINE('',#1075,#1076);
#1075 = CARTESIAN_POINT('',(0.,0.));
#1076 = VECTOR('',#1077,1.);
#1077 = DIRECTION('',(0.5672392337,0.823553065534));
#1078 = ( GEOMETRIC_REPRESENTATION_CONTEXT(2) 
PARAMETRIC_REPRESENTATION_CONTEXT() REPRESENTATION_CONTEXT('2D SPACE',''
  ) );
#1079 = ORIENTED_EDGE('',*,*,#969,.T.);
#1080 = ADVANCED_FACE('',(#1081),#1042,.T.);
#1081 = FACE_BOUND('',#1082,.T.);
#1082 = EDGE_LOOP('',(#1083,#1106,#1132));
#1083 = ORIENTED_EDGE('',*,*,#1084,.T.);
#1084 = EDGE_CURVE('',#912,#1085,#1087,.T.);
#1085 = VERTEX_POINT('',#1086);
#1086 = CARTESIAN_POINT('',(18.750197285466,-23.46165634467,
    9.304483827939));
#1087 = SURFACE_CURVE('',#1088,(#1092,#1099),.PCURVE_S1.);
#1088 = LINE('',#1089,#1090);
#1089 = CARTESIAN_POINT('',(16.729655641625,-24.86915327392,
    12.922618276733));
#1090 = VECTOR('',#1091,1.);
#1091 = DIRECTION('',(0.461670390178,0.321596765146,-0.826701863722));
#1092 = PCURVE('',#1042,#1093);
#1093 = DEFINITIONAL_REPRESENTATION('',(#1094),#1098);
#1094 = LINE('',#1095,#1096);
#1095 = CARTESIAN_POINT('',(0.,0.));
#1096 = VECTOR('',#1097,1.);
#1097 = DIRECTION('',(0.562601925289,0.826727932068));
#1098 = ( GEOMETRIC_REPRESENTATION_CONTEXT(2) 
PARAMETRIC_REPRESENTATION_CONTEXT() REPRESENTATION_CONTEXT('2D SPACE',''
  ) );
#1099 = PCURVE('',#927,#1100);
#1100 = DEFINITIONAL_REPRESENTATION('',(#1101),#1105);
#1101 = LINE('',#1102,#1103);
#1102 = CARTESIAN_POINT('',(-2.411875580111,-7.19816779793E-02));
#1103 = VECTOR('',#1104,1.);
#1104 = DIRECTION('',(0.562637803413,0.826703515276));
#1105 = ( GEOMETRIC_REPRESENTATION_CONTEXT(2) 
PARAMETRIC_REPRESENTATION_CONTEXT() REPRESENTATION_CONTEXT('2D SPACE',''
  ) );
#1106 = ORIENTED_EDGE('',*,*,#1107,.F.);
#1107 = EDGE_CURVE('',#1027,#1085,#1108,.T.);
#1108 = SURFACE_CURVE('',#1109,(#1113,#1120),.PCURVE_S1.);
#1109 = LINE('',#1110,#1111);
#1110 = CARTESIAN_POINT('',(16.745339976925,-24.89329654583,
    9.300780128447));
#1111 = VECTOR('',#1112,1.);
#1112 = DIRECTION('',(0.813809480764,0.581129820954,1.503401637425E-03)
  );
#1113 = PCURVE('',#1042,#1114);
#1114 = DEFINITIONAL_REPRESENTATION('',(#1115),#1119);
#1115 = LINE('',#1116,#1117);
#1116 = CARTESIAN_POINT('',(-1.265972544923E-03,3.621952355518));
#1117 = VECTOR('',#1118,1.);
#1118 = DIRECTION('',(0.99999886982,-1.50344904411E-03));
#1119 = ( GEOMETRIC_REPRESENTATION_CONTEXT(2) 
PARAMETRIC_REPRESENTATION_CONTEXT() REPRESENTATION_CONTEXT('2D SPACE',''
  ) );
#1120 = PCURVE('',#1121,#1126);
#1121 = PLANE('',#1122);
#1122 = AXIS2_PLACEMENT_3D('',#1123,#1124,#1125);
#1123 = CARTESIAN_POINT('',(20.574173864955,-21.82148920028,
    9.345247457556));
#1124 = DIRECTION('',(7.653229101173E-02,-0.109738972724,0.991009670133)
  );
#1125 = DIRECTION('',(-9.483675600567E-19,0.993924748774,0.110061772536)
  );
#1126 = DEFINITIONAL_REPRESENTATION('',(#1127),#1131);
#1127 = LINE('',#1128,#1129);
#1128 = CARTESIAN_POINT('',(-3.058039497273,3.840096494464));
#1129 = VECTOR('',#1130,1.);
#1130 = DIRECTION('',(0.577764778346,-0.816203320811));
#1131 = ( GEOMETRIC_REPRESENTATION_CONTEXT(2) 
PARAMETRIC_REPRESENTATION_CONTEXT() REPRESENTATION_CONTEXT('2D SPACE',''
  ) );
#1132 = ORIENTED_EDGE('',*,*,#1026,.F.);
#1133 = ADVANCED_FACE('',(#1134),#1011,.T.);
#1134 = FACE_BOUND('',#1135,.T.);
#1135 = EDGE_LOOP('',(#1136,#1137,#1165));
#1136 = ORIENTED_EDGE('',*,*,#997,.F.);
#1137 = ORIENTED_EDGE('',*,*,#1138,.F.);
#1138 = EDGE_CURVE('',#1139,#970,#1141,.T.);
#1139 = VERTEX_POINT('',#1140);
#1140 = CARTESIAN_POINT('',(12.453698084019,-27.32460179374,
    12.832214260157));
#1141 = SURFACE_CURVE('',#1142,(#1146,#1153),.PCURVE_S1.);
#1142 = LINE('',#1143,#1144);
#1143 = CARTESIAN_POINT('',(12.453698084019,-27.32460179374,
    12.832214260157));
#1144 = VECTOR('',#1145,1.);
#1145 = DIRECTION('',(0.890811200863,0.452595755168,4.015578190766E-02)
  );
#1146 = PCURVE('',#1011,#1147);
#1147 = DEFINITIONAL_REPRESENTATION('',(#1148),#1152);
#1148 = LINE('',#1149,#1150);
#1149 = CARTESIAN_POINT('',(24.565537868406,38.125682458331));
#1150 = VECTOR('',#1151,1.);
#1151 = DIRECTION('',(0.453799192065,-0.891103974451));
#1152 = ( GEOMETRIC_REPRESENTATION_CONTEXT(2) 
PARAMETRIC_REPRESENTATION_CONTEXT() REPRESENTATION_CONTEXT('2D SPACE',''
  ) );
#1153 = PCURVE('',#1154,#1159);
#1154 = PLANE('',#1155);
#1155 = AXIS2_PLACEMENT_3D('',#1156,#1157,#1158);
#1156 = CARTESIAN_POINT('',(14.626721841538,-26.22055042171,
    12.930169324039));
#1157 = DIRECTION('',(-0.453815589855,0.890614535576,2.927728514057E-02)
  );
#1158 = DIRECTION('',(0.890996480456,0.454010211135,6.849180791592E-19)
  );
#1159 = DEFINITIONAL_REPRESENTATION('',(#1160),#1164);
#1160 = LINE('',#1161,#1162);
#1161 = CARTESIAN_POINT('',(-2.437407116415,9.799707244277E-02));
#1162 = VECTOR('',#1163,1.);
#1163 = DIRECTION('',(0.999192739083,-4.017300293279E-02));
#1164 = ( GEOMETRIC_REPRESENTATION_CONTEXT(2) 
PARAMETRIC_REPRESENTATION_CONTEXT() REPRESENTATION_CONTEXT('2D SPACE',''
  ) );
#1165 = ORIENTED_EDGE('',*,*,#1166,.T.);
#1166 = EDGE_CURVE('',#1139,#284,#1167,.T.);
#1167 = SURFACE_CURVE('',#1168,(#1172,#1179),.PCURVE_S1.);
#1168 = LINE('',#1169,#1170);
#1169 = CARTESIAN_POINT('',(12.453698084019,-27.32460179374,
    12.832214260157));
#1170 = VECTOR('',#1171,1.);
#1171 = DIRECTION('',(0.840338482785,-0.54206136295,8.444807648801E-04)
  );
#1172 = PCURVE('',#1011,#1173);
#1173 = DEFINITIONAL_REPRESENTATION('',(#1174),#1178);
#1174 = LINE('',#1175,#1176);
#1175 = CARTESIAN_POINT('',(24.565537868406,38.125682458331));
#1176 = VECTOR('',#1177,1.);
#1177 = DIRECTION('',(-0.541633621453,-0.840614668032));
#1178 = ( GEOMETRIC_REPRESENTATION_CONTEXT(2) 
PARAMETRIC_REPRESENTATION_CONTEXT() REPRESENTATION_CONTEXT('2D SPACE',''
  ) );
#1179 = PCURVE('',#1180,#1185);
#1180 = PLANE('',#1181);
#1181 = AXIS2_PLACEMENT_3D('',#1182,#1183,#1184);
#1182 = CARTESIAN_POINT('',(50.566854290482,-51.90953967633,
    12.870515287618));
#1183 = DIRECTION('',(2.177561038885E-02,3.531452037887E-02,
    0.999138983046));
#1184 = DIRECTION('',(6.462830012495E-20,0.99937595179,
    -3.532289602797E-02));
#1185 = DEFINITIONAL_REPRESENTATION('',(#1186),#1190);
#1186 = LINE('',#1187,#1188);
#1187 = CARTESIAN_POINT('',(24.570948599318,38.122195616297));
#1188 = VECTOR('',#1189,1.);
#1189 = DIRECTION('',(-0.541752920033,-0.840537788345));
#1190 = ( GEOMETRIC_REPRESENTATION_CONTEXT(2) 
PARAMETRIC_REPRESENTATION_CONTEXT() REPRESENTATION_CONTEXT('2D SPACE',''
  ) );
#1191 = ADVANCED_FACE('',(#1192),#1180,.T.);
#1192 = FACE_BOUND('',#1193,.T.);
#1193 = EDGE_LOOP('',(#1194,#1195,#1223));
#1194 = ORIENTED_EDGE('',*,*,#1166,.F.);
#1195 = ORIENTED_EDGE('',*,*,#1196,.F.);
#1196 = EDGE_CURVE('',#1197,#1139,#1199,.T.);
#1197 = VERTEX_POINT('',#1198);
#1198 = CARTESIAN_POINT('',(10.206239678421,-28.24044548293,
    12.913566665189));
#1199 = SURFACE_CURVE('',#1200,(#1204,#1211),.PCURVE_S1.);
#1200 = LINE('',#1201,#1202);
#1201 = CARTESIAN_POINT('',(10.206239678421,-28.24044548293,
    12.913566665189));
#1202 = VECTOR('',#1203,1.);
#1203 = DIRECTION('',(0.925541909859,0.377160135696,-3.35023153873E-02)
  );
#1204 = PCURVE('',#1180,#1205);
#1205 = DEFINITIONAL_REPRESENTATION('',(#1206),#1210);
#1206 = LINE('',#1207,#1208);
#1207 = CARTESIAN_POINT('',(23.652802838198,40.370187058244));
#1208 = VECTOR('',#1209,1.);
#1209 = DIRECTION('',(0.378108168391,-0.925761423368));
#1210 = ( GEOMETRIC_REPRESENTATION_CONTEXT(2) 
PARAMETRIC_REPRESENTATION_CONTEXT() REPRESENTATION_CONTEXT('2D SPACE',''
  ) );
#1211 = PCURVE('',#1212,#1217);
#1212 = PLANE('',#1213);
#1213 = AXIS2_PLACEMENT_3D('',#1214,#1215,#1216);
#1214 = CARTESIAN_POINT('',(12.453698084019,-27.32460179374,
    12.832214260157));
#1215 = DIRECTION('',(-0.377192626712,0.926117973806,5.587570786744E-03)
  );
#1216 = DIRECTION('',(0.926132431285,0.377198515006,1.407252118965E-19)
  );
#1217 = DEFINITIONAL_REPRESENTATION('',(#1218),#1222);
#1218 = LINE('',#1219,#1220);
#1219 = CARTESIAN_POINT('',(-2.426898996928,-8.135367501047E-02));
#1220 = VECTOR('',#1221,1.);
#1221 = DIRECTION('',(0.999438622338,3.350283838656E-02));
#1222 = ( GEOMETRIC_REPRESENTATION_CONTEXT(2) 
PARAMETRIC_REPRESENTATION_CONTEXT() REPRESENTATION_CONTEXT('2D SPACE',''
  ) );
#1223 = ORIENTED_EDGE('',*,*,#1224,.T.);
#1224 = EDGE_CURVE('',#1197,#284,#1225,.T.);
#1225 = SURFACE_CURVE('',#1226,(#1230,#1237),.PCURVE_S1.);
#1226 = LINE('',#1227,#1228);
#1227 = CARTESIAN_POINT('',(10.206239678421,-28.24044548293,
    12.913566665189));
#1228 = VECTOR('',#1229,1.);
#1229 = DIRECTION('',(0.862609722015,-0.505869173668,-9.201182190998E-04
    ));
#1230 = PCURVE('',#1180,#1231);
#1231 = DEFINITIONAL_REPRESENTATION('',(#1232),#1236);
#1232 = LINE('',#1233,#1234);
#1233 = CARTESIAN_POINT('',(23.652802838198,40.370187058244));
#1234 = VECTOR('',#1235,1.);
#1235 = DIRECTION('',(-0.505520985675,-0.862814309711));
#1236 = ( GEOMETRIC_REPRESENTATION_CONTEXT(2) 
PARAMETRIC_REPRESENTATION_CONTEXT() REPRESENTATION_CONTEXT('2D SPACE',''
  ) );
#1237 = PCURVE('',#1238,#1243);
#1238 = PLANE('',#1239);
#1239 = AXIS2_PLACEMENT_3D('',#1240,#1241,#1242);
#1240 = CARTESIAN_POINT('',(50.566854290482,-51.90953967633,
    12.870515287618));
#1241 = DIRECTION('',(-1.429012260121E-02,-2.61856386941E-02,
    0.999554953328));
#1242 = DIRECTION('',(-3.882963262609E-20,0.999657027322,
    2.618831275692E-02));
#1243 = DEFINITIONAL_REPRESENTATION('',(#1244),#1248);
#1244 = LINE('',#1245,#1246);
#1245 = CARTESIAN_POINT('',(23.662103783722,40.364736215521));
#1246 = VECTOR('',#1247,1.);
#1247 = DIRECTION('',(-0.505719770706,-0.862697811239));
#1248 = ( GEOMETRIC_REPRESENTATION_CONTEXT(2) 
PARAMETRIC_REPRESENTATION_CONTEXT() REPRESENTATION_CONTEXT('2D SPACE',''
  ) );
#1249 = ADVANCED_FACE('',(#1250),#1238,.T.);
#1250 = FACE_BOUND('',#1251,.T.);
#1251 = EDGE_LOOP('',(#1252,#1253,#1281));
#1252 = ORIENTED_EDGE('',*,*,#1224,.F.);
#1253 = ORIENTED_EDGE('',*,*,#1254,.F.);
#1254 = EDGE_CURVE('',#1255,#1197,#1257,.T.);
#1255 = VERTEX_POINT('',#1256);
#1256 = CARTESIAN_POINT('',(7.897455006923,-28.94927339533,
    12.861989783443));
#1257 = SURFACE_CURVE('',#1258,(#1262,#1269),.PCURVE_S1.);
#1258 = LINE('',#1259,#1260);
#1259 = CARTESIAN_POINT('',(7.897455006923,-28.94927339533,
    12.861989783443));
#1260 = VECTOR('',#1261,1.);
#1261 = DIRECTION('',(0.955743325503,0.293426041229,2.135073967142E-02)
  );
#1262 = PCURVE('',#1238,#1263);
#1263 = DEFINITIONAL_REPRESENTATION('',(#1264),#1268);
#1264 = LINE('',#1265,#1266);
#1265 = CARTESIAN_POINT('',(22.952168268419,42.673756658823));
#1266 = VECTOR('',#1267,1.);
#1267 = DIRECTION('',(0.293884543962,-0.955840925479));
#1268 = ( GEOMETRIC_REPRESENTATION_CONTEXT(2) 
PARAMETRIC_REPRESENTATION_CONTEXT() REPRESENTATION_CONTEXT('2D SPACE',''
  ) );
#1269 = PCURVE('',#1270,#1275);
#1270 = PLANE('',#1271);
#1271 = AXIS2_PLACEMENT_3D('',#1272,#1273,#1274);
#1272 = CARTESIAN_POINT('',(10.206239678421,-28.24044548293,
    12.913566665189));
#1273 = DIRECTION('',(-0.293181211581,0.955956079997,-1.388345390984E-02
    ));
#1274 = DIRECTION('',(0.956048223725,0.293209471049,2.698379699271E-19)
  );
#1275 = DEFINITIONAL_REPRESENTATION('',(#1276),#1280);
#1276 = LINE('',#1277,#1278);
#1277 = CARTESIAN_POINT('',(-2.415144541409,5.158185319372E-02));
#1278 = VECTOR('',#1279,1.);
#1279 = DIRECTION('',(0.999772003025,-2.135279764959E-02));
#1280 = ( GEOMETRIC_REPRESENTATION_CONTEXT(2) 
PARAMETRIC_REPRESENTATION_CONTEXT() REPRESENTATION_CONTEXT('2D SPACE',''
  ) );
#1281 = ORIENTED_EDGE('',*,*,#1282,.T.);
#1282 = EDGE_CURVE('',#1255,#284,#1283,.T.);
#1283 = SURFACE_CURVE('',#1284,(#1288,#1295),.PCURVE_S1.);
#1284 = LINE('',#1285,#1286);
#1285 = CARTESIAN_POINT('',(7.897455006923,-28.94927339533,
    12.861989783443));
#1286 = VECTOR('',#1287,1.);
#1287 = DIRECTION('',(0.880605134065,-0.473850785481,1.759481706537E-04)
  );
#1288 = PCURVE('',#1238,#1289);
#1289 = DEFINITIONAL_REPRESENTATION('',(#1290),#1294);
#1290 = LINE('',#1291,#1292);
#1291 = CARTESIAN_POINT('',(22.952168268419,42.673756658823));
#1292 = VECTOR('',#1293,1.);
#1293 = DIRECTION('',(-0.473683659823,-0.88069506097));
#1294 = ( GEOMETRIC_REPRESENTATION_CONTEXT(2) 
PARAMETRIC_REPRESENTATION_CONTEXT() REPRESENTATION_CONTEXT('2D SPACE',''
  ) );
#1295 = PCURVE('',#1296,#1301);
#1296 = PLANE('',#1297);
#1297 = AXIS2_PLACEMENT_3D('',#1298,#1299,#1300);
#1298 = CARTESIAN_POINT('',(50.566854290482,-51.90953967633,
    12.870515287618));
#1299 = DIRECTION('',(4.020666137985E-03,7.843314169237E-03,
    0.999961157579));
#1300 = DIRECTION('',(-6.370271995104E-22,0.999969240241,
    -7.843377566558E-03));
#1301 = DEFINITIONAL_REPRESENTATION('',(#1302),#1306);
#1302 = LINE('',#1303,#1304);
#1303 = CARTESIAN_POINT('',(22.959626897487,42.669744179294));
#1304 = VECTOR('',#1305,1.);
#1305 = DIRECTION('',(-0.473837589973,-0.880612251975));
#1306 = ( GEOMETRIC_REPRESENTATION_CONTEXT(2) 
PARAMETRIC_REPRESENTATION_CONTEXT() REPRESENTATION_CONTEXT('2D SPACE',''
  ) );
#1307 = ADVANCED_FACE('',(#1308),#1296,.T.);
#1308 = FACE_BOUND('',#1309,.T.);
#1309 = EDGE_LOOP('',(#1310,#1311,#1339));
#1310 = ORIENTED_EDGE('',*,*,#1282,.F.);
#1311 = ORIENTED_EDGE('',*,*,#1312,.F.);
#1312 = EDGE_CURVE('',#1313,#1255,#1315,.T.);
#1313 = VERTEX_POINT('',#1314);
#1314 = CARTESIAN_POINT('',(5.46823892924,-29.52449260131,
    12.876269029858));
#1315 = SURFACE_CURVE('',#1316,(#1320,#1327),.PCURVE_S1.);
#1316 = LINE('',#1317,#1318);
#1317 = CARTESIAN_POINT('',(5.46823892924,-29.52449260131,
    12.876269029858));
#1318 = VECTOR('',#1319,1.);
#1319 = DIRECTION('',(0.973075277916,0.230416550369,-5.719862387264E-03)
  );
#1320 = PCURVE('',#1296,#1321);
#1321 = DEFINITIONAL_REPRESENTATION('',(#1322),#1326);
#1322 = LINE('',#1323,#1324);
#1323 = CARTESIAN_POINT('',(22.384313387592,45.098979892272));
#1324 = VECTOR('',#1325,1.);
#1325 = DIRECTION('',(0.230454325852,-0.97308314326));
#1326 = ( GEOMETRIC_REPRESENTATION_CONTEXT(2) 
PARAMETRIC_REPRESENTATION_CONTEXT() REPRESENTATION_CONTEXT('2D SPACE',''
  ) );
#1327 = PCURVE('',#1328,#1333);
#1328 = PLANE('',#1329);
#1329 = AXIS2_PLACEMENT_3D('',#1330,#1331,#1332);
#1330 = CARTESIAN_POINT('',(7.897455006923,-28.94927339533,
    12.861989783443));
#1331 = DIRECTION('',(-0.230251203284,0.972901672218,2.11357417934E-02)
  );
#1332 = DIRECTION('',(0.973119052166,0.230302649382,6.925998307401E-19)
  );
#1333 = DEFINITIONAL_REPRESENTATION('',(#1334),#1338);
#1334 = LINE('',#1335,#1336);
#1335 = CARTESIAN_POINT('',(-2.496390954132,-1.428243689303E-02));
#1336 = VECTOR('',#1337,1.);
#1337 = DIRECTION('',(0.999983634142,5.721140402731E-03));
#1338 = ( GEOMETRIC_REPRESENTATION_CONTEXT(2) 
PARAMETRIC_REPRESENTATION_CONTEXT() REPRESENTATION_CONTEXT('2D SPACE',''
  ) );
#1339 = ORIENTED_EDGE('',*,*,#1340,.T.);
#1340 = EDGE_CURVE('',#1313,#284,#1341,.T.);
#1341 = SURFACE_CURVE('',#1342,(#1346,#1353),.PCURVE_S1.);
#1342 = LINE('',#1343,#1344);
#1343 = CARTESIAN_POINT('',(5.46823892924,-29.52449260131,
    12.876269029858));
#1344 = VECTOR('',#1345,1.);
#1345 = DIRECTION('',(0.895728365178,-0.444601712499,-1.142782342379E-04
    ));
#1346 = PCURVE('',#1296,#1347);
#1347 = DEFINITIONAL_REPRESENTATION('',(#1348),#1352);
#1348 = LINE('',#1349,#1350);
#1349 = CARTESIAN_POINT('',(22.384313387592,45.098979892272));
#1350 = VECTOR('',#1351,1.);
#1351 = DIRECTION('',(-0.44458714033,-0.895735605329));
#1352 = ( GEOMETRIC_REPRESENTATION_CONTEXT(2) 
PARAMETRIC_REPRESENTATION_CONTEXT() REPRESENTATION_CONTEXT('2D SPACE',''
  ) );
#1353 = PCURVE('',#1354,#1359);
#1354 = PLANE('',#1355);
#1355 = AXIS2_PLACEMENT_3D('',#1356,#1357,#1358);
#1356 = CARTESIAN_POINT('',(50.566854290482,-51.90953967633,
    12.870515287618));
#1357 = DIRECTION('',(2.117030101099E-02,4.239454938567E-02,
    0.998876629288));
#1358 = DIRECTION('',(1.536757022374E-19,0.999100543642,
    -4.240405280967E-02));
#1359 = DEFINITIONAL_REPRESENTATION('',(#1360),#1364);
#1360 = LINE('',#1361,#1362);
#1361 = CARTESIAN_POINT('',(22.364668720105,45.108724945374));
#1362 = VECTOR('',#1363,1.);
#1363 = DIRECTION('',(-0.444196966801,-0.89592915718));
#1364 = ( GEOMETRIC_REPRESENTATION_CONTEXT(2) 
PARAMETRIC_REPRESENTATION_CONTEXT() REPRESENTATION_CONTEXT('2D SPACE',''
  ) );
#1365 = ADVANCED_FACE('',(#1366),#1354,.T.);
#1366 = FACE_BOUND('',#1367,.T.);
#1367 = EDGE_LOOP('',(#1368,#1369,#1397));
#1368 = ORIENTED_EDGE('',*,*,#1340,.F.);
#1369 = ORIENTED_EDGE('',*,*,#1370,.F.);
#1370 = EDGE_CURVE('',#1371,#1313,#1373,.T.);
#1371 = VERTEX_POINT('',#1372);
#1372 = CARTESIAN_POINT('',(3.011845396333,-29.83958454133,
    12.941703308115));
#1373 = SURFACE_CURVE('',#1374,(#1378,#1385),.PCURVE_S1.);
#1374 = LINE('',#1375,#1376);
#1375 = CARTESIAN_POINT('',(3.011845396333,-29.83958454133,
    12.941703308115));
#1376 = VECTOR('',#1377,1.);
#1377 = DIRECTION('',(0.991526980293,0.127187340147,-2.641264579911E-02)
  );
#1378 = PCURVE('',#1354,#1379);
#1379 = DEFINITIONAL_REPRESENTATION('',(#1380),#1384);
#1380 = LINE('',#1381,#1382);
#1381 = CARTESIAN_POINT('',(22.047085512942,47.565669118625));
#1382 = VECTOR('',#1383,1.);
#1383 = DIRECTION('',(0.128192943912,-0.991749247104));
#1384 = ( GEOMETRIC_REPRESENTATION_CONTEXT(2) 
PARAMETRIC_REPRESENTATION_CONTEXT() REPRESENTATION_CONTEXT('2D SPACE',''
  ) );
#1385 = PCURVE('',#1386,#1391);
#1386 = PLANE('',#1387);
#1387 = AXIS2_PLACEMENT_3D('',#1388,#1389,#1390);
#1388 = CARTESIAN_POINT('',(5.46823892924,-29.52449260131,
    12.876269029858));
#1389 = DIRECTION('',(-0.126651827946,0.991723837554,2.105099772636E-02)
  );
#1390 = DIRECTION('',(0.991943649098,0.126679899807,-4.7183136364E-19));
#1391 = DEFINITIONAL_REPRESENTATION('',(#1392),#1396);
#1392 = LINE('',#1393,#1394);
#1393 = CARTESIAN_POINT('',(-2.476519780043,-6.544878149798E-02));
#1394 = VECTOR('',#1395,1.);
#1395 = DIRECTION('',(0.999650970517,2.641850005432E-02));
#1396 = ( GEOMETRIC_REPRESENTATION_CONTEXT(2) 
PARAMETRIC_REPRESENTATION_CONTEXT() REPRESENTATION_CONTEXT('2D SPACE',''
  ) );
#1397 = ORIENTED_EDGE('',*,*,#1398,.T.);
#1398 = EDGE_CURVE('',#1371,#284,#1399,.T.);
#1399 = SURFACE_CURVE('',#1400,(#1404,#1411),.PCURVE_S1.);
#1400 = LINE('',#1401,#1402);
#1401 = CARTESIAN_POINT('',(3.011845396333,-29.83958454133,
    12.941703308115));
#1402 = VECTOR('',#1403,1.);
#1403 = DIRECTION('',(0.907074826628,-0.42096723759,-1.35785615126E-03)
  );
#1404 = PCURVE('',#1354,#1405);
#1405 = DEFINITIONAL_REPRESENTATION('',(#1406),#1410);
#1406 = LINE('',#1407,#1408);
#1407 = CARTESIAN_POINT('',(22.047085512942,47.565669118625));
#1408 = VECTOR('',#1409,1.);
#1409 = DIRECTION('',(-0.420531017328,-0.907278162123));
#1410 = ( GEOMETRIC_REPRESENTATION_CONTEXT(2) 
PARAMETRIC_REPRESENTATION_CONTEXT() REPRESENTATION_CONTEXT('2D SPACE',''
  ) );
#1411 = PCURVE('',#1412,#1417);
#1412 = PLANE('',#1413);
#1413 = AXIS2_PLACEMENT_3D('',#1414,#1415,#1416);
#1414 = CARTESIAN_POINT('',(50.566854290482,-51.90953967633,
    12.870515287618));
#1415 = DIRECTION('',(-1.680038200263E-02,-3.942304978875E-02,
    0.999081363208));
#1416 = DIRECTION('',(-1.02776306474E-19,0.999222389837,
    3.942861460058E-02));
#1417 = DEFINITIONAL_REPRESENTATION('',(#1418),#1422);
#1418 = LINE('',#1419,#1420);
#1419 = CARTESIAN_POINT('',(22.055600158599,47.561721583239));
#1420 = VECTOR('',#1421,1.);
#1421 = DIRECTION('',(-0.420693427575,-0.907202865954));
#1422 = ( GEOMETRIC_REPRESENTATION_CONTEXT(2) 
PARAMETRIC_REPRESENTATION_CONTEXT() REPRESENTATION_CONTEXT('2D SPACE',''
  ) );
#1423 = ADVANCED_FACE('',(#1424),#1412,.T.);
#1424 = FACE_BOUND('',#1425,.T.);
#1425 = EDGE_LOOP('',(#1426,#1427,#1455));
#1426 = ORIENTED_EDGE('',*,*,#1398,.F.);
#1427 = ORIENTED_EDGE('',*,*,#1428,.F.);
#1428 = EDGE_CURVE('',#1429,#1371,#1431,.T.);
#1429 = VERTEX_POINT('',#1430);
#1430 = CARTESIAN_POINT('',(0.597101691462,-29.996295662,12.894913678446
    ));
#1431 = SURFACE_CURVE('',#1432,(#1436,#1443),.PCURVE_S1.);
#1432 = LINE('',#1433,#1434);
#1433 = CARTESIAN_POINT('',(0.597101691462,-29.996295662,12.894913678446
    ));
#1434 = VECTOR('',#1435,1.);
#1435 = DIRECTION('',(0.997714282959,6.474928294798E-02,
    1.933235470093E-02));
#1436 = PCURVE('',#1412,#1437);
#1437 = DEFINITIONAL_REPRESENTATION('',(#1438),#1442);
#1438 = LINE('',#1439,#1440);
#1439 = CARTESIAN_POINT('',(21.897166047811,49.976806144397));
#1440 = VECTOR('',#1441,1.);
#1441 = DIRECTION('',(6.546118121031E-02,-0.997855116615));
#1442 = ( GEOMETRIC_REPRESENTATION_CONTEXT(2) 
PARAMETRIC_REPRESENTATION_CONTEXT() REPRESENTATION_CONTEXT('2D SPACE',''
  ) );
#1443 = PCURVE('',#1444,#1449);
#1444 = PLANE('',#1445);
#1445 = AXIS2_PLACEMENT_3D('',#1446,#1447,#1448);
#1446 = CARTESIAN_POINT('',(3.011845396333,-29.83958454133,
    12.941703308115));
#1447 = DIRECTION('',(-6.465709944828E-02,0.997893163918,
    -5.356575016137E-03));
#1448 = DIRECTION('',(0.997907480449,6.465802706795E-02,
    2.360354517852E-20));
#1449 = DEFINITIONAL_REPRESENTATION('',(#1450),#1454);
#1450 = LINE('',#1451,#1452);
#1451 = CARTESIAN_POINT('',(-2.419823438341,4.679030094775E-02));
#1452 = VECTOR('',#1453,1.);
#1453 = DIRECTION('',(0.999813107204,-1.933263205752E-02));
#1454 = ( GEOMETRIC_REPRESENTATION_CONTEXT(2) 
PARAMETRIC_REPRESENTATION_CONTEXT() REPRESENTATION_CONTEXT('2D SPACE',''
  ) );
#1455 = ORIENTED_EDGE('',*,*,#1456,.T.);
#1456 = EDGE_CURVE('',#1429,#284,#1457,.T.);
#1457 = SURFACE_CURVE('',#1458,(#1462,#1469),.PCURVE_S1.);
#1458 = LINE('',#1459,#1460);
#1459 = CARTESIAN_POINT('',(0.597101691462,-29.996295662,12.894913678446
    ));
#1460 = VECTOR('',#1461,1.);
#1461 = DIRECTION('',(0.915810457969,-0.401610514212,-4.471565360285E-04
    ));
#1462 = PCURVE('',#1412,#1463);
#1463 = DEFINITIONAL_REPRESENTATION('',(#1464),#1468);
#1464 = LINE('',#1465,#1466);
#1465 = CARTESIAN_POINT('',(21.897166047811,49.976806144397));
#1466 = VECTOR('',#1467,1.);
#1467 = DIRECTION('',(-0.401315848557,-0.915939730384));
#1468 = ( GEOMETRIC_REPRESENTATION_CONTEXT(2) 
PARAMETRIC_REPRESENTATION_CONTEXT() REPRESENTATION_CONTEXT('2D SPACE',''
  ) );
#1469 = PCURVE('',#1470,#1475);
#1470 = PLANE('',#1471);
#1471 = AXIS2_PLACEMENT_3D('',#1472,#1473,#1474);
#1472 = CARTESIAN_POINT('',(50.566854290482,-51.90953967633,
    12.870515287618));
#1473 = DIRECTION('',(7.450922335688E-04,5.856592796024E-04,
    0.99999955092));
#1474 = DIRECTION('',(0.999999722419,2.765198575574E-24,
    -7.450923613509E-04));
#1475 = DEFINITIONAL_REPRESENTATION('',(#1476),#1480);
#1476 = LINE('',#1477,#1478);
#1477 = CARTESIAN_POINT('',(-49.9697569074,21.913247772409));
#1478 = VECTOR('',#1479,1.);
#1479 = DIRECTION('',(0.91581053693,-0.401610583088));
#1480 = ( GEOMETRIC_REPRESENTATION_CONTEXT(2) 
PARAMETRIC_REPRESENTATION_CONTEXT() REPRESENTATION_CONTEXT('2D SPACE',''
  ) );
#1481 = ADVANCED_FACE('',(#1482),#1444,.T.);
#1482 = FACE_BOUND('',#1483,.T.);
#1483 = EDGE_LOOP('',(#1484,#1512,#1538));
#1484 = ORIENTED_EDGE('',*,*,#1485,.T.);
#1485 = EDGE_CURVE('',#1371,#1486,#1488,.T.);
#1486 = VERTEX_POINT('',#1487);
#1487 = CARTESIAN_POINT('',(3.022559883614,-29.85801341519,
    9.379200242553));
#1488 = SURFACE_CURVE('',#1489,(#1493,#1500),.PCURVE_S1.);
#1489 = LINE('',#1490,#1491);
#1490 = CARTESIAN_POINT('',(3.011845396333,-29.83958454133,
    12.941703308115));
#1491 = VECTOR('',#1492,1.);
#1492 = DIRECTION('',(3.007518946579E-03,-5.172920164369E-03,
    -0.999982097703));
#1493 = PCURVE('',#1444,#1494);
#1494 = DEFINITIONAL_REPRESENTATION('',(#1495),#1499);
#1495 = LINE('',#1496,#1497);
#1496 = CARTESIAN_POINT('',(0.,0.));
#1497 = VECTOR('',#1498,1.);
#1498 = DIRECTION('',(2.666754842375E-03,0.999996444203));
#1499 = ( GEOMETRIC_REPRESENTATION_CONTEXT(2) 
PARAMETRIC_REPRESENTATION_CONTEXT() REPRESENTATION_CONTEXT('2D SPACE',''
  ) );
#1500 = PCURVE('',#1501,#1506);
#1501 = PLANE('',#1502);
#1502 = AXIS2_PLACEMENT_3D('',#1503,#1504,#1505);
#1503 = CARTESIAN_POINT('',(3.011845396333,-29.83958454133,
    12.941703308115));
#1504 = DIRECTION('',(-0.165464100702,0.986199918654,-5.599270102941E-03
    ));
#1505 = DIRECTION('',(0.986215378601,0.165466694564,1.567625060961E-20)
  );
#1506 = DEFINITIONAL_REPRESENTATION('',(#1507),#1511);
#1507 = LINE('',#1508,#1509);
#1508 = CARTESIAN_POINT('',(0.,0.));
#1509 = VECTOR('',#1510,1.);
#1510 = DIRECTION('',(2.110115435709E-03,0.999997773704));
#1511 = ( GEOMETRIC_REPRESENTATION_CONTEXT(2) 
PARAMETRIC_REPRESENTATION_CONTEXT() REPRESENTATION_CONTEXT('2D SPACE',''
  ) );
#1512 = ORIENTED_EDGE('',*,*,#1513,.F.);
#1513 = EDGE_CURVE('',#1429,#1486,#1514,.T.);
#1514 = SURFACE_CURVE('',#1515,(#1519,#1526),.PCURVE_S1.);
#1515 = LINE('',#1516,#1517);
#1516 = CARTESIAN_POINT('',(0.597101691462,-29.996295662,12.894913678446
    ));
#1517 = VECTOR('',#1518,1.);
#1518 = DIRECTION('',(0.567566981515,3.235860245833E-02,-0.822691097764)
  );
#1519 = PCURVE('',#1444,#1520);
#1520 = DEFINITIONAL_REPRESENTATION('',(#1521),#1525);
#1521 = LINE('',#1522,#1523);
#1522 = CARTESIAN_POINT('',(-2.419823438341,4.679030094775E-02));
#1523 = VECTOR('',#1524,1.);
#1524 = DIRECTION('',(0.568471579904,0.822702900713));
#1525 = ( GEOMETRIC_REPRESENTATION_CONTEXT(2) 
PARAMETRIC_REPRESENTATION_CONTEXT() REPRESENTATION_CONTEXT('2D SPACE',''
  ) );
#1526 = PCURVE('',#1527,#1532);
#1527 = PLANE('',#1528);
#1528 = AXIS2_PLACEMENT_3D('',#1529,#1530,#1531);
#1529 = CARTESIAN_POINT('',(0.597101691462,-29.996295662,12.894913678446
    ));
#1530 = DIRECTION('',(-4.461891258046E-02,0.998967834826,
    8.509854455738E-03));
#1531 = DIRECTION('',(0.999004008229,4.462052826601E-02,
    -6.022703033176E-21));
#1532 = DEFINITIONAL_REPRESENTATION('',(#1533),#1537);
#1533 = LINE('',#1534,#1535);
#1534 = CARTESIAN_POINT('',(0.,0.));
#1535 = VECTOR('',#1536,1.);
#1536 = DIRECTION('',(0.568445547408,0.822720888049));
#1537 = ( GEOMETRIC_REPRESENTATION_CONTEXT(2) 
PARAMETRIC_REPRESENTATION_CONTEXT() REPRESENTATION_CONTEXT('2D SPACE',''
  ) );
#1538 = ORIENTED_EDGE('',*,*,#1428,.T.);
#1539 = ADVANCED_FACE('',(#1540),#1501,.T.);
#1540 = FACE_BOUND('',#1541,.T.);
#1541 = EDGE_LOOP('',(#1542,#1565,#1591));
#1542 = ORIENTED_EDGE('',*,*,#1543,.T.);
#1543 = EDGE_CURVE('',#1371,#1544,#1546,.T.);
#1544 = VERTEX_POINT('',#1545);
#1545 = CARTESIAN_POINT('',(5.451934911058,-29.45082133544,
    9.307484063623));
#1546 = SURFACE_CURVE('',#1547,(#1551,#1558),.PCURVE_S1.);
#1547 = LINE('',#1548,#1549);
#1548 = CARTESIAN_POINT('',(3.011845396333,-29.83958454133,
    12.941703308115));
#1549 = VECTOR('',#1550,1.);
#1550 = DIRECTION('',(0.555244161909,8.846335314043E-02,-0.826969259294)
  );
#1551 = PCURVE('',#1501,#1552);
#1552 = DEFINITIONAL_REPRESENTATION('',(#1553),#1557);
#1553 = LINE('',#1554,#1555);
#1554 = CARTESIAN_POINT('',(0.,0.));
#1555 = VECTOR('',#1556,1.);
#1556 = DIRECTION('',(0.562228069988,0.826982223097));
#1557 = ( GEOMETRIC_REPRESENTATION_CONTEXT(2) 
PARAMETRIC_REPRESENTATION_CONTEXT() REPRESENTATION_CONTEXT('2D SPACE',''
  ) );
#1558 = PCURVE('',#1386,#1559);
#1559 = DEFINITIONAL_REPRESENTATION('',(#1560),#1564);
#1560 = LINE('',#1561,#1562);
#1561 = CARTESIAN_POINT('',(-2.476519780043,-6.544878149798E-02));
#1562 = VECTOR('',#1563,1.);
#1563 = DIRECTION('',(0.561977448817,0.827152553657));
#1564 = ( GEOMETRIC_REPRESENTATION_CONTEXT(2) 
PARAMETRIC_REPRESENTATION_CONTEXT() REPRESENTATION_CONTEXT('2D SPACE',''
  ) );
#1565 = ORIENTED_EDGE('',*,*,#1566,.F.);
#1566 = EDGE_CURVE('',#1486,#1544,#1567,.T.);
#1567 = SURFACE_CURVE('',#1568,(#1572,#1579),.PCURVE_S1.);
#1568 = LINE('',#1569,#1570);
#1569 = CARTESIAN_POINT('',(3.022559883614,-29.85801341519,
    9.379200242553));
#1570 = VECTOR('',#1571,1.);
#1571 = DIRECTION('',(0.985824615447,0.165235902609,-2.91019598524E-02)
  );
#1572 = PCURVE('',#1501,#1573);
#1573 = DEFINITIONAL_REPRESENTATION('',(#1574),#1578);
#1574 = LINE('',#1575,#1576);
#1575 = CARTESIAN_POINT('',(7.517427287616E-03,3.562558912362));
#1576 = VECTOR('',#1577,1.);
#1577 = DIRECTION('',(0.999576434986,2.910241606291E-02));
#1578 = ( GEOMETRIC_REPRESENTATION_CONTEXT(2) 
PARAMETRIC_REPRESENTATION_CONTEXT() REPRESENTATION_CONTEXT('2D SPACE',''
  ) );
#1579 = PCURVE('',#1580,#1585);
#1580 = PLANE('',#1581);
#1581 = AXIS2_PLACEMENT_3D('',#1582,#1583,#1584);
#1582 = CARTESIAN_POINT('',(7.86564804622,-29.00998514008,9.353312579574
    ));
#1583 = DIRECTION('',(0.166484710519,-0.941886988501,0.291773443027));
#1584 = DIRECTION('',(-8.647515003215E-18,-0.29590305538,-0.955217976075
    ));
#1585 = DEFINITIONAL_REPRESENTATION('',(#1586),#1590);
#1586 = LINE('',#1587,#1588);
#1587 = CARTESIAN_POINT('',(0.226205796618,-4.911634759918));
#1588 = VECTOR('',#1589,1.);
#1589 = DIRECTION('',(-2.109509325043E-02,0.999777473761));
#1590 = ( GEOMETRIC_REPRESENTATION_CONTEXT(2) 
PARAMETRIC_REPRESENTATION_CONTEXT() REPRESENTATION_CONTEXT('2D SPACE',''
  ) );
#1591 = ORIENTED_EDGE('',*,*,#1485,.F.);
#1592 = ADVANCED_FACE('',(#1593),#1527,.T.);
#1593 = FACE_BOUND('',#1594,.T.);
#1594 = EDGE_LOOP('',(#1595,#1596,#1624));
#1595 = ORIENTED_EDGE('',*,*,#1513,.T.);
#1596 = ORIENTED_EDGE('',*,*,#1597,.F.);
#1597 = EDGE_CURVE('',#1598,#1486,#1600,.T.);
#1598 = VERTEX_POINT('',#1599);
#1599 = CARTESIAN_POINT('',(0.63359771533,-29.96432150024,9.332837921481
    ));
#1600 = SURFACE_CURVE('',#1601,(#1605,#1612),.PCURVE_S1.);
#1601 = LINE('',#1602,#1603);
#1602 = CARTESIAN_POINT('',(0.63359771533,-29.96432150024,9.332837921481
    ));
#1603 = VECTOR('',#1604,1.);
#1604 = DIRECTION('',(0.998823653921,4.444734678259E-02,
    1.93840587148E-02));
#1605 = PCURVE('',#1527,#1606);
#1606 = DEFINITIONAL_REPRESENTATION('',(#1607),#1611);
#1607 = LINE('',#1608,#1609);
#1608 = CARTESIAN_POINT('',(3.788637811733E-02,3.5622047425));
#1609 = VECTOR('',#1610,1.);
#1610 = DIRECTION('',(0.999812097874,-1.938476062665E-02));
#1611 = ( GEOMETRIC_REPRESENTATION_CONTEXT(2) 
PARAMETRIC_REPRESENTATION_CONTEXT() REPRESENTATION_CONTEXT('2D SPACE',''
  ) );
#1612 = PCURVE('',#1613,#1618);
#1613 = PLANE('',#1614);
#1614 = AXIS2_PLACEMENT_3D('',#1615,#1616,#1617);
#1615 = CARTESIAN_POINT('',(3.022559883614,-29.85801341519,
    9.379200242553));
#1616 = DIRECTION('',(-1.765996177292E-02,-3.885957076326E-02,
    0.999088614443));
#1617 = DIRECTION('',(6.218520996832E-20,0.9992444459,3.886563183076E-02
    ));
#1618 = DEFINITIONAL_REPRESENTATION('',(#1619),#1623);
#1619 = LINE('',#1620,#1621);
#1620 = CARTESIAN_POINT('',(-0.108029664435,2.389334783336));
#1621 = VECTOR('',#1622,1.);
#1622 = DIRECTION('',(4.51671380969E-02,-0.998979444051));
#1623 = ( GEOMETRIC_REPRESENTATION_CONTEXT(2) 
PARAMETRIC_REPRESENTATION_CONTEXT() REPRESENTATION_CONTEXT('2D SPACE',''
  ) );
#1624 = ORIENTED_EDGE('',*,*,#1625,.F.);
#1625 = EDGE_CURVE('',#1429,#1598,#1626,.T.);
#1626 = SURFACE_CURVE('',#1627,(#1631,#1638),.PCURVE_S1.);
#1627 = LINE('',#1628,#1629);
#1628 = CARTESIAN_POINT('',(0.597101691462,-29.996295662,12.894913678446
    ));
#1629 = VECTOR('',#1630,1.);
#1630 = DIRECTION('',(1.024476764197E-02,8.97543959949E-03,
    -0.999907238808));
#1631 = PCURVE('',#1527,#1632);
#1632 = DEFINITIONAL_REPRESENTATION('',(#1633),#1637);
#1633 = LINE('',#1634,#1635);
#1634 = CARTESIAN_POINT('',(0.,0.));
#1635 = VECTOR('',#1636,1.);
#1636 = DIRECTION('',(1.063505279405E-02,0.999943446227));
#1637 = ( GEOMETRIC_REPRESENTATION_CONTEXT(2) 
PARAMETRIC_REPRESENTATION_CONTEXT() REPRESENTATION_CONTEXT('2D SPACE',''
  ) );
#1638 = PCURVE('',#1639,#1644);
#1639 = PLANE('',#1640);
#1640 = AXIS2_PLACEMENT_3D('',#1641,#1642,#1643);
#1641 = CARTESIAN_POINT('',(0.597101691462,-29.996295662,12.894913678446
    ));
#1642 = DIRECTION('',(2.393163472949E-02,0.999671093815,
    9.218516679589E-03));
#1643 = DIRECTION('',(0.999713573072,-2.393265166202E-02,
    -2.738350922281E-20));
#1644 = DEFINITIONAL_REPRESENTATION('',(#1645),#1649);
#1645 = LINE('',#1646,#1647);
#1646 = CARTESIAN_POINT('',(0.,0.));
#1647 = VECTOR('',#1648,1.);
#1648 = DIRECTION('',(1.00270271952E-02,0.999949728099));
#1649 = ( GEOMETRIC_REPRESENTATION_CONTEXT(2) 
PARAMETRIC_REPRESENTATION_CONTEXT() REPRESENTATION_CONTEXT('2D SPACE',''
  ) );
#1650 = ADVANCED_FACE('',(#1651),#1639,.T.);
#1651 = FACE_BOUND('',#1652,.T.);
#1652 = EDGE_LOOP('',(#1653,#1654,#1682));
#1653 = ORIENTED_EDGE('',*,*,#1625,.T.);
#1654 = ORIENTED_EDGE('',*,*,#1655,.F.);
#1655 = EDGE_CURVE('',#1656,#1598,#1658,.T.);
#1656 = VERTEX_POINT('',#1657);
#1657 = CARTESIAN_POINT('',(-1.800402211366,-29.90618346355,
    9.347014003826));
#1658 = SURFACE_CURVE('',#1659,(#1663,#1670),.PCURVE_S1.);
#1659 = LINE('',#1660,#1661);
#1660 = CARTESIAN_POINT('',(-1.800402211366,-29.90618346355,
    9.347014003826));
#1661 = VECTOR('',#1662,1.);
#1662 = DIRECTION('',(0.999697910604,-2.387858486098E-02,
    -5.822432344762E-03));
#1663 = PCURVE('',#1639,#1664);
#1664 = DEFINITIONAL_REPRESENTATION('',(#1665),#1669);
#1665 = LINE('',#1666,#1667);
#1666 = CARTESIAN_POINT('',(-2.398973817006,3.548050436349));
#1667 = VECTOR('',#1668,1.);
#1668 = DIRECTION('',(0.999983048057,5.822679758738E-03));
#1669 = ( GEOMETRIC_REPRESENTATION_CONTEXT(2) 
PARAMETRIC_REPRESENTATION_CONTEXT() REPRESENTATION_CONTEXT('2D SPACE',''
  ) );
#1670 = PCURVE('',#1671,#1676);
#1671 = PLANE('',#1672);
#1672 = AXIS2_PLACEMENT_3D('',#1673,#1674,#1675);
#1673 = CARTESIAN_POINT('',(0.63359771533,-29.96432150024,9.332837921481
    ));
#1674 = DIRECTION('',(1.139093509143E-02,0.240212284189,0.970653545361)
  );
#1675 = DIRECTION('',(2.722488990136E-19,0.97071652429,-0.240227869887)
  );
#1676 = DEFINITIONAL_REPRESENTATION('',(#1677),#1681);
#1677 = LINE('',#1678,#1679);
#1678 = CARTESIAN_POINT('',(5.303006283551E-02,2.43415785195));
#1679 = VECTOR('',#1680,1.);
#1680 = DIRECTION('',(-2.178062638147E-02,-0.999762774019));
#1681 = ( GEOMETRIC_REPRESENTATION_CONTEXT(2) 
PARAMETRIC_REPRESENTATION_CONTEXT() REPRESENTATION_CONTEXT('2D SPACE',''
  ) );
#1682 = ORIENTED_EDGE('',*,*,#1683,.T.);
#1683 = EDGE_CURVE('',#1656,#1429,#1684,.T.);
#1684 = SURFACE_CURVE('',#1685,(#1689,#1696),.PCURVE_S1.);
#1685 = LINE('',#1686,#1687);
#1686 = CARTESIAN_POINT('',(-1.800402211366,-29.90618346355,
    9.347014003826));
#1687 = VECTOR('',#1688,1.);
#1688 = DIRECTION('',(0.559777466221,-2.103970636535E-02,0.828375832016)
  );
#1689 = PCURVE('',#1639,#1690);
#1690 = DEFINITIONAL_REPRESENTATION('',(#1691),#1695);
#1691 = LINE('',#1692,#1693);
#1692 = CARTESIAN_POINT('',(-2.398973817006,3.548050436349));
#1693 = VECTOR('',#1694,1.);
#1694 = DIRECTION('',(0.560120666844,-0.828411032383));
#1695 = ( GEOMETRIC_REPRESENTATION_CONTEXT(2) 
PARAMETRIC_REPRESENTATION_CONTEXT() REPRESENTATION_CONTEXT('2D SPACE',''
  ) );
#1696 = PCURVE('',#1697,#1702);
#1697 = PLANE('',#1698);
#1698 = AXIS2_PLACEMENT_3D('',#1699,#1700,#1701);
#1699 = CARTESIAN_POINT('',(0.597101691462,-29.996295662,12.894913678446
    ));
#1700 = DIRECTION('',(2.4890488623E-02,0.99965344826,8.570120094936E-03)
  );
#1701 = DIRECTION('',(0.999690161035,-2.48914027387E-02,
    3.767300568498E-22));
#1702 = DEFINITIONAL_REPRESENTATION('',(#1703),#1707);
#1703 = LINE('',#1704,#1705);
#1704 = CARTESIAN_POINT('',(-2.399004081722,3.548029973018));
#1705 = VECTOR('',#1706,1.);
#1706 = DIRECTION('',(0.560127733155,-0.828406254534));
#1707 = ( GEOMETRIC_REPRESENTATION_CONTEXT(2) 
PARAMETRIC_REPRESENTATION_CONTEXT() REPRESENTATION_CONTEXT('2D SPACE',''
  ) );
#1708 = ADVANCED_FACE('',(#1709),#1697,.T.);
#1709 = FACE_BOUND('',#1710,.T.);
#1710 = EDGE_LOOP('',(#1711,#1712,#1740));
#1711 = ORIENTED_EDGE('',*,*,#1683,.F.);
#1712 = ORIENTED_EDGE('',*,*,#1713,.F.);
#1713 = EDGE_CURVE('',#1714,#1656,#1716,.T.);
#1714 = VERTEX_POINT('',#1715);
#1715 = CARTESIAN_POINT('',(-1.87602563799,-29.93508157488,
    12.937442181343));
#1716 = SURFACE_CURVE('',#1717,(#1721,#1728),.PCURVE_S1.);
#1717 = LINE('',#1718,#1719);
#1718 = CARTESIAN_POINT('',(-1.87602563799,-29.93508157488,
    12.937442181343));
#1719 = VECTOR('',#1720,1.);
#1720 = DIRECTION('',(2.105715707317E-02,8.046607994864E-03,
    -0.999745891832));
#1721 = PCURVE('',#1697,#1722);
#1722 = DEFINITIONAL_REPRESENTATION('',(#1723),#1727);
#1723 = LINE('',#1724,#1725);
#1724 = CARTESIAN_POINT('',(-2.473884762735,-4.253006477737E-02));
#1725 = VECTOR('',#1726,1.);
#1726 = DIRECTION('',(2.085034138513E-02,0.999782608002));
#1727 = ( GEOMETRIC_REPRESENTATION_CONTEXT(2) 
PARAMETRIC_REPRESENTATION_CONTEXT() REPRESENTATION_CONTEXT('2D SPACE',''
  ) );
#1728 = PCURVE('',#1729,#1734);
#1729 = PLANE('',#1730);
#1730 = AXIS2_PLACEMENT_3D('',#1731,#1732,#1733);
#1731 = CARTESIAN_POINT('',(-1.87602563799,-29.93508157488,
    12.937442181343));
#1732 = DIRECTION('',(8.098625123045E-02,0.996667748439,
    9.727606750065E-03));
#1733 = DIRECTION('',(0.996714907293,-8.09900832184E-02,
    -6.037928992077E-21));
#1734 = DEFINITIONAL_REPRESENTATION('',(#1735),#1739);
#1735 = LINE('',#1736,#1737);
#1736 = CARTESIAN_POINT('',(0.,0.));
#1737 = VECTOR('',#1738,1.);
#1738 = DIRECTION('',(2.033628690891E-02,0.999793196334));
#1739 = ( GEOMETRIC_REPRESENTATION_CONTEXT(2) 
PARAMETRIC_REPRESENTATION_CONTEXT() REPRESENTATION_CONTEXT('2D SPACE',''
  ) );
#1740 = ORIENTED_EDGE('',*,*,#1741,.T.);
#1741 = EDGE_CURVE('',#1714,#1429,#1742,.T.);
#1742 = SURFACE_CURVE('',#1743,(#1747,#1754),.PCURVE_S1.);
#1743 = LINE('',#1744,#1745);
#1744 = CARTESIAN_POINT('',(-1.87602563799,-29.93508157488,
    12.937442181343));
#1745 = VECTOR('',#1746,1.);
#1746 = DIRECTION('',(0.999546130626,-2.474045844709E-02,
    -1.718843991796E-02));
#1747 = PCURVE('',#1697,#1748);
#1748 = DEFINITIONAL_REPRESENTATION('',(#1749),#1753);
#1749 = LINE('',#1750,#1751);
#1750 = CARTESIAN_POINT('',(-2.473884762735,-4.253006477737E-02));
#1751 = VECTOR('',#1752,1.);
#1752 = DIRECTION('',(0.999852257002,1.718907117205E-02));
#1753 = ( GEOMETRIC_REPRESENTATION_CONTEXT(2) 
PARAMETRIC_REPRESENTATION_CONTEXT() REPRESENTATION_CONTEXT('2D SPACE',''
  ) );
#1754 = PCURVE('',#1755,#1760);
#1755 = PLANE('',#1756);
#1756 = AXIS2_PLACEMENT_3D('',#1757,#1758,#1759);
#1757 = CARTESIAN_POINT('',(0.597101691462,-29.996295662,12.894913678446
    ));
#1758 = DIRECTION('',(1.62998792381E-02,-3.567959393517E-02,
    0.999230344072));
#1759 = DIRECTION('',(4.267243872674E-21,0.999363111316,
    3.568433466528E-02));
#1760 = DEFINITIONAL_REPRESENTATION('',(#1761),#1765);
#1761 = LINE('',#1762,#1763);
#1762 = CARTESIAN_POINT('',(6.269270189888E-02,2.473455932664));
#1763 = VECTOR('',#1764,1.);
#1764 = DIRECTION('',(-2.533805957148E-02,-0.999678939829));
#1765 = ( GEOMETRIC_REPRESENTATION_CONTEXT(2) 
PARAMETRIC_REPRESENTATION_CONTEXT() REPRESENTATION_CONTEXT('2D SPACE',''
  ) );
#1766 = ADVANCED_FACE('',(#1767),#1729,.T.);
#1767 = FACE_BOUND('',#1768,.T.);
#1768 = EDGE_LOOP('',(#1769,#1770,#1793));
#1769 = ORIENTED_EDGE('',*,*,#1713,.T.);
#1770 = ORIENTED_EDGE('',*,*,#1771,.F.);
#1771 = EDGE_CURVE('',#1772,#1656,#1774,.T.);
#1772 = VERTEX_POINT('',#1773);
#1773 = CARTESIAN_POINT('',(-4.252138635695,-29.70676180515,
    9.326434094849));
#1774 = SURFACE_CURVE('',#1775,(#1779,#1786),.PCURVE_S1.);
#1775 = LINE('',#1776,#1777);
#1776 = CARTESIAN_POINT('',(-4.252138635695,-29.70676180515,
    9.326434094849));
#1777 = VECTOR('',#1778,1.);
#1778 = DIRECTION('',(0.996673431162,-8.106836712086E-02,
    8.366090371469E-03));
#1779 = PCURVE('',#1729,#1780);
#1780 = DEFINITIONAL_REPRESENTATION('',(#1781),#1785);
#1781 = LINE('',#1782,#1783);
#1782 = CARTESIAN_POINT('',(-2.386798883377,3.611178946847));
#1783 = VECTOR('',#1784,1.);
#1784 = DIRECTION('',(0.999965000342,-8.36648622579E-03));
#1785 = ( GEOMETRIC_REPRESENTATION_CONTEXT(2) 
PARAMETRIC_REPRESENTATION_CONTEXT() REPRESENTATION_CONTEXT('2D SPACE',''
  ) );
#1786 = PCURVE('',#1671,#1787);
#1787 = DEFINITIONAL_REPRESENTATION('',(#1788),#1792);
#1788 = LINE('',#1789,#1790);
#1789 = CARTESIAN_POINT('',(0.251555829647,4.886053352331));
#1790 = VECTOR('',#1791,1.);
#1791 = DIRECTION('',(-8.070417163064E-02,-0.996738098339));
#1792 = ( GEOMETRIC_REPRESENTATION_CONTEXT(2) 
PARAMETRIC_REPRESENTATION_CONTEXT() REPRESENTATION_CONTEXT('2D SPACE',''
  ) );
#1793 = ORIENTED_EDGE('',*,*,#1794,.T.);
#1794 = EDGE_CURVE('',#1772,#1714,#1795,.T.);
#1795 = SURFACE_CURVE('',#1796,(#1800,#1807),.PCURVE_S1.);
#1796 = LINE('',#1797,#1798);
#1797 = CARTESIAN_POINT('',(-4.252138635695,-29.70676180515,
    9.326434094849));
#1798 = VECTOR('',#1799,1.);
#1799 = DIRECTION('',(0.548923934503,-5.274588643129E-02,0.834206440634)
  );
#1800 = PCURVE('',#1729,#1801);
#1801 = DEFINITIONAL_REPRESENTATION('',(#1802),#1806);
#1802 = LINE('',#1803,#1804);
#1803 = CARTESIAN_POINT('',(-2.386798883377,3.611178946847));
#1804 = VECTOR('',#1805,1.);
#1805 = DIRECTION('',(0.55139256222,-0.834245912383));
#1806 = ( GEOMETRIC_REPRESENTATION_CONTEXT(2) 
PARAMETRIC_REPRESENTATION_CONTEXT() REPRESENTATION_CONTEXT('2D SPACE',''
  ) );
#1807 = PCURVE('',#1808,#1813);
#1808 = PLANE('',#1809);
#1809 = AXIS2_PLACEMENT_3D('',#1810,#1811,#1812);
#1810 = CARTESIAN_POINT('',(-1.87602563799,-29.93508157488,
    12.937442181343));
#1811 = DIRECTION('',(9.585321562458E-02,0.995395470489,
    -1.355873189379E-04));
#1812 = DIRECTION('',(0.995395479639,-9.585321650566E-02,
    -2.060533529474E-21));
#1813 = DEFINITIONAL_REPRESENTATION('',(#1814),#1818);
#1814 = LINE('',#1815,#1816);
#1815 = CARTESIAN_POINT('',(-2.387057321348,3.611008119686));
#1816 = VECTOR('',#1817,1.);
#1817 = DIRECTION('',(0.551452265941,-0.834206448302));
#1818 = ( GEOMETRIC_REPRESENTATION_CONTEXT(2) 
PARAMETRIC_REPRESENTATION_CONTEXT() REPRESENTATION_CONTEXT('2D SPACE',''
  ) );
#1819 = ADVANCED_FACE('',(#1820),#1808,.T.);
#1820 = FACE_BOUND('',#1821,.T.);
#1821 = EDGE_LOOP('',(#1822,#1823,#1851));
#1822 = ORIENTED_EDGE('',*,*,#1794,.F.);
#1823 = ORIENTED_EDGE('',*,*,#1824,.F.);
#1824 = EDGE_CURVE('',#1825,#1772,#1827,.T.);
#1825 = VERTEX_POINT('',#1826);
#1826 = CARTESIAN_POINT('',(-4.291355810437,-29.70250139065,
    12.879162980161));
#1827 = SURFACE_CURVE('',#1828,(#1832,#1839),.PCURVE_S1.);
#1828 = LINE('',#1829,#1830);
#1829 = CARTESIAN_POINT('',(-4.291355810437,-29.70250139065,
    12.879162980161));
#1830 = VECTOR('',#1831,1.);
#1831 = DIRECTION('',(1.103792569322E-02,-1.199121021154E-03,
    -0.999938361253));
#1832 = PCURVE('',#1808,#1833);
#1833 = DEFINITIONAL_REPRESENTATION('',(#1834),#1838);
#1834 = LINE('',#1835,#1836);
#1835 = CARTESIAN_POINT('',(-2.426502294243,5.827920171776E-02));
#1836 = VECTOR('',#1837,1.);
#1837 = DIRECTION('',(1.110204094648E-02,0.999938370444));
#1838 = ( GEOMETRIC_REPRESENTATION_CONTEXT(2) 
PARAMETRIC_REPRESENTATION_CONTEXT() REPRESENTATION_CONTEXT('2D SPACE',''
  ) );
#1839 = PCURVE('',#1840,#1845);
#1840 = PLANE('',#1841);
#1841 = AXIS2_PLACEMENT_3D('',#1842,#1843,#1844);
#1842 = CARTESIAN_POINT('',(-4.291355810437,-29.70250139065,
    12.879162980161));
#1843 = DIRECTION('',(0.18764140266,0.982237194284,8.934056605172E-04));
#1844 = DIRECTION('',(0.982237586282,-0.187641477546,-2.094256436668E-20
    ));
#1845 = DEFINITIONAL_REPRESENTATION('',(#1846),#1850);
#1846 = LINE('',#1847,#1848);
#1847 = CARTESIAN_POINT('',(0.,0.));
#1848 = VECTOR('',#1849,1.);
#1849 = DIRECTION('',(1.106687033063E-02,0.999938760315));
#1850 = ( GEOMETRIC_REPRESENTATION_CONTEXT(2) 
PARAMETRIC_REPRESENTATION_CONTEXT() REPRESENTATION_CONTEXT('2D SPACE',''
  ) );
#1851 = ORIENTED_EDGE('',*,*,#1852,.T.);
#1852 = EDGE_CURVE('',#1825,#1714,#1853,.T.);
#1853 = SURFACE_CURVE('',#1854,(#1858,#1865),.PCURVE_S1.);
#1854 = LINE('',#1855,#1856);
#1855 = CARTESIAN_POINT('',(-4.291355810437,-29.70250139065,
    12.879162980161));
#1856 = VECTOR('',#1857,1.);
#1857 = DIRECTION('',(0.995108817002,-9.58223412363E-02,
    2.401085682018E-02));
#1858 = PCURVE('',#1808,#1859);
#1859 = DEFINITIONAL_REPRESENTATION('',(#1860),#1864);
#1860 = LINE('',#1861,#1862);
#1861 = CARTESIAN_POINT('',(-2.426502294243,5.827920171776E-02));
#1862 = VECTOR('',#1863,1.);
#1863 = DIRECTION('',(0.999711697813,-2.401085704089E-02));
#1864 = ( GEOMETRIC_REPRESENTATION_CONTEXT(2) 
PARAMETRIC_REPRESENTATION_CONTEXT() REPRESENTATION_CONTEXT('2D SPACE',''
  ) );
#1865 = PCURVE('',#1866,#1871);
#1866 = PLANE('',#1867);
#1867 = AXIS2_PLACEMENT_3D('',#1868,#1869,#1870);
#1868 = CARTESIAN_POINT('',(-1.87602563799,-29.93508157488,
    12.937442181343));
#1869 = DIRECTION('',(-1.983721479931E-02,4.427355910342E-02,
    0.998822475154));
#1870 = DIRECTION('',(1.877067012888E-19,0.999019059034,
    -4.428227283207E-02));
#1871 = DEFINITIONAL_REPRESENTATION('',(#1872),#1876);
#1872 = LINE('',#1873,#1874);
#1873 = CARTESIAN_POINT('',(0.234932772282,2.415805547188));
#1874 = VECTOR('',#1875,1.);
#1875 = DIRECTION('',(-9.679160048895E-02,-0.995304669975));
#1876 = ( GEOMETRIC_REPRESENTATION_CONTEXT(2) 
PARAMETRIC_REPRESENTATION_CONTEXT() REPRESENTATION_CONTEXT('2D SPACE',''
  ) );
#1877 = ADVANCED_FACE('',(#1878),#1840,.T.);
#1878 = FACE_BOUND('',#1879,.T.);
#1879 = EDGE_LOOP('',(#1880,#1881,#1909));
#1880 = ORIENTED_EDGE('',*,*,#1824,.T.);
#1881 = ORIENTED_EDGE('',*,*,#1882,.F.);
#1882 = EDGE_CURVE('',#1883,#1772,#1885,.T.);
#1883 = VERTEX_POINT('',#1884);
#1884 = CARTESIAN_POINT('',(-6.685067444907,-29.24197980231,
    9.317483972656));
#1885 = SURFACE_CURVE('',#1886,(#1890,#1897),.PCURVE_S1.);
#1886 = LINE('',#1887,#1888);
#1887 = CARTESIAN_POINT('',(-6.685067444907,-29.24197980231,
    9.317483972656));
#1888 = VECTOR('',#1889,1.);
#1889 = DIRECTION('',(0.982230568228,-0.187643423442,3.613374782732E-03)
  );
#1890 = PCURVE('',#1840,#1891);
#1891 = DEFINITIONAL_REPRESENTATION('',(#1892),#1896);
#1892 = LINE('',#1893,#1894);
#1893 = CARTESIAN_POINT('',(-2.437606489375,3.561680428925));
#1894 = VECTOR('',#1895,1.);
#1895 = DIRECTION('',(0.999993471735,-3.613376224783E-03));
#1896 = ( GEOMETRIC_REPRESENTATION_CONTEXT(2) 
PARAMETRIC_REPRESENTATION_CONTEXT() REPRESENTATION_CONTEXT('2D SPACE',''
  ) );
#1897 = PCURVE('',#1898,#1903);
#1898 = PLANE('',#1899);
#1899 = AXIS2_PLACEMENT_3D('',#1900,#1901,#1902);
#1900 = CARTESIAN_POINT('',(-4.252138635695,-29.70676180515,
    9.326434094849));
#1901 = DIRECTION('',(2.016991146626E-02,0.124682978995,0.991991597455)
  );
#1902 = DIRECTION('',(1.401801779508E-19,0.992193442697,-0.124708348833)
  );
#1903 = DEFINITIONAL_REPRESENTATION('',(#1904),#1908);
#1904 = LINE('',#1905,#1906);
#1905 = CARTESIAN_POINT('',(0.462269810462,2.433423848794));
#1906 = VECTOR('',#1907,1.);
#1907 = DIRECTION('',(-0.186629192308,-0.982430427348));
#1908 = ( GEOMETRIC_REPRESENTATION_CONTEXT(2) 
PARAMETRIC_REPRESENTATION_CONTEXT() REPRESENTATION_CONTEXT('2D SPACE',''
  ) );
#1909 = ORIENTED_EDGE('',*,*,#1910,.T.);
#1910 = EDGE_CURVE('',#1883,#1825,#1911,.T.);
#1911 = SURFACE_CURVE('',#1912,(#1916,#1923),.PCURVE_S1.);
#1912 = LINE('',#1913,#1914);
#1913 = CARTESIAN_POINT('',(-6.685067444907,-29.24197980231,
    9.317483972656));
#1914 = VECTOR('',#1915,1.);
#1915 = DIRECTION('',(0.554618852159,-0.106702056774,0.825234875602));
#1916 = PCURVE('',#1840,#1917);
#1917 = DEFINITIONAL_REPRESENTATION('',(#1918),#1922);
#1918 = LINE('',#1919,#1920);
#1919 = CARTESIAN_POINT('',(-2.437606489375,3.561680428925));
#1920 = VECTOR('',#1921,1.);
#1921 = DIRECTION('',(0.564789214241,-0.825235204943));
#1922 = ( GEOMETRIC_REPRESENTATION_CONTEXT(2) 
PARAMETRIC_REPRESENTATION_CONTEXT() REPRESENTATION_CONTEXT('2D SPACE',''
  ) );
#1923 = PCURVE('',#1924,#1929);
#1924 = PLANE('',#1925);
#1925 = AXIS2_PLACEMENT_3D('',#1926,#1927,#1928);
#1926 = CARTESIAN_POINT('',(-4.291355810437,-29.70250139065,
    12.879162980161));
#1927 = DIRECTION('',(0.200601048845,0.979639095854,-8.152366347074E-03)
  );
#1928 = DIRECTION('',(0.979671651411,-0.200607715258,-1.677284176508E-19
    ));
#1929 = DEFINITIONAL_REPRESENTATION('',(#1930),#1934);
#1930 = LINE('',#1931,#1932);
#1931 = CARTESIAN_POINT('',(-2.437435613608,3.561797369917));
#1932 = VECTOR('',#1933,1.);
#1933 = DIRECTION('',(0.564749622621,-0.825262299969));
#1934 = ( GEOMETRIC_REPRESENTATION_CONTEXT(2) 
PARAMETRIC_REPRESENTATION_CONTEXT() REPRESENTATION_CONTEXT('2D SPACE',''
  ) );
#1935 = ADVANCED_FACE('',(#1936),#1924,.T.);
#1936 = FACE_BOUND('',#1937,.T.);
#1937 = EDGE_LOOP('',(#1938,#1939,#1967));
#1938 = ORIENTED_EDGE('',*,*,#1910,.F.);
#1939 = ORIENTED_EDGE('',*,*,#1940,.T.);
#1940 = EDGE_CURVE('',#1883,#1941,#1943,.T.);
#1941 = VERTEX_POINT('',#1942);
#1942 = CARTESIAN_POINT('',(-6.684716560808,-29.21220952212,
    12.903500209369));
#1943 = SURFACE_CURVE('',#1944,(#1948,#1955),.PCURVE_S1.);
#1944 = LINE('',#1945,#1946);
#1945 = CARTESIAN_POINT('',(-6.685067444907,-29.24197980231,
    9.317483972656));
#1946 = VECTOR('',#1947,1.);
#1947 = DIRECTION('',(9.784451133654E-05,8.301483390557E-03,
    0.999965537306));
#1948 = PCURVE('',#1924,#1949);
#1949 = DEFINITIONAL_REPRESENTATION('',(#1950),#1954);
#1950 = LINE('',#1951,#1952);
#1951 = CARTESIAN_POINT('',(-2.437435613608,3.561797369917));
#1952 = VECTOR('',#1953,1.);
#1953 = DIRECTION('',(-1.56948612223E-03,-0.999998768356));
#1954 = ( GEOMETRIC_REPRESENTATION_CONTEXT(2) 
PARAMETRIC_REPRESENTATION_CONTEXT() REPRESENTATION_CONTEXT('2D SPACE',''
  ) );
#1955 = PCURVE('',#1956,#1961);
#1956 = PLANE('',#1957);
#1957 = AXIS2_PLACEMENT_3D('',#1958,#1959,#1960);
#1958 = CARTESIAN_POINT('',(-6.684716560808,-29.21220952212,
    12.903500209369));
#1959 = DIRECTION('',(0.247939496477,0.968741935264,-8.066532598644E-03)
  );
#1960 = DIRECTION('',(0.968773454311,-0.247947563452,-4.821214957549E-20
    ));
#1961 = DEFINITIONAL_REPRESENTATION('',(#1962),#1966);
#1962 = LINE('',#1963,#1964);
#1963 = CARTESIAN_POINT('',(7.041541236352E-03,3.58613291156));
#1964 = VECTOR('',#1965,1.);
#1965 = DIRECTION('',(-1.963543414495E-03,-0.999998072247));
#1966 = ( GEOMETRIC_REPRESENTATION_CONTEXT(2) 
PARAMETRIC_REPRESENTATION_CONTEXT() REPRESENTATION_CONTEXT('2D SPACE',''
  ) );
#1967 = ORIENTED_EDGE('',*,*,#1968,.T.);
#1968 = EDGE_CURVE('',#1941,#1825,#1969,.T.);
#1969 = SURFACE_CURVE('',#1970,(#1974,#1981),.PCURVE_S1.);
#1970 = LINE('',#1971,#1972);
#1971 = CARTESIAN_POINT('',(-6.684716560808,-29.21220952212,
    12.903500209369));
#1972 = VECTOR('',#1973,1.);
#1973 = DIRECTION('',(0.979606750601,-0.200677321256,-9.961270577216E-03
    ));
#1974 = PCURVE('',#1924,#1975);
#1975 = DEFINITIONAL_REPRESENTATION('',(#1976),#1980);
#1976 = LINE('',#1977,#1978);
#1977 = CARTESIAN_POINT('',(-2.443064010296,-2.433803798782E-02));
#1978 = VECTOR('',#1979,1.);
#1979 = DIRECTION('',(0.999950382016,9.961601612103E-03));
#1980 = ( GEOMETRIC_REPRESENTATION_CONTEXT(2) 
PARAMETRIC_REPRESENTATION_CONTEXT() REPRESENTATION_CONTEXT('2D SPACE',''
  ) );
#1981 = PCURVE('',#1982,#1987);
#1982 = PLANE('',#1983);
#1983 = AXIS2_PLACEMENT_3D('',#1984,#1985,#1986);
#1984 = CARTESIAN_POINT('',(-4.291355810437,-29.70250139065,
    12.879162980161));
#1985 = DIRECTION('',(7.559671596616E-03,-1.273025460894E-02,
    0.999890389984));
#1986 = DIRECTION('',(-1.051740230481E-21,0.999918962394,
    1.273061838287E-02));
#1987 = DEFINITIONAL_REPRESENTATION('',(#1988),#1992);
#1988 = LINE('',#1989,#1990);
#1989 = CARTESIAN_POINT('',(0.490561964434,2.393429141952));
#1990 = VECTOR('',#1991,1.);
#1991 = DIRECTION('',(-0.20078787198,-0.979634743395));
#1992 = ( GEOMETRIC_REPRESENTATION_CONTEXT(2) 
PARAMETRIC_REPRESENTATION_CONTEXT() REPRESENTATION_CONTEXT('2D SPACE',''
  ) );
#1993 = ADVANCED_FACE('',(#1994),#1956,.T.);
#1994 = FACE_BOUND('',#1995,.T.);
#1995 = EDGE_LOOP('',(#1996,#1997,#2020));
#1996 = ORIENTED_EDGE('',*,*,#1940,.F.);
#1997 = ORIENTED_EDGE('',*,*,#1998,.F.);
#1998 = EDGE_CURVE('',#1999,#1883,#2001,.T.);
#1999 = VERTEX_POINT('',#2000);
#2000 = CARTESIAN_POINT('',(-9.021555721485,-28.64420978959,
    9.289857746457));
#2001 = SURFACE_CURVE('',#2002,(#2006,#2013),.PCURVE_S1.);
#2002 = LINE('',#2003,#2004);
#2003 = CARTESIAN_POINT('',(-9.021555721485,-28.64420978959,
    9.289857746457));
#2004 = VECTOR('',#2005,1.);
#2005 = DIRECTION('',(0.968732807883,-0.247841784055,1.145412623964E-02)
  );
#2006 = PCURVE('',#1956,#2007);
#2007 = DEFINITIONAL_REPRESENTATION('',(#2008),#2012);
#2008 = LINE('',#2009,#2010);
#2009 = CARTESIAN_POINT('',(-2.404701895581,3.613760036608));
#2010 = VECTOR('',#2011,1.);
#2011 = DIRECTION('',(0.999934395075,-1.14544989118E-02));
#2012 = ( GEOMETRIC_REPRESENTATION_CONTEXT(2) 
PARAMETRIC_REPRESENTATION_CONTEXT() REPRESENTATION_CONTEXT('2D SPACE',''
  ) );
#2013 = PCURVE('',#1898,#2014);
#2014 = DEFINITIONAL_REPRESENTATION('',(#2015),#2019);
#2015 = LINE('',#2016,#2017);
#2016 = CARTESIAN_POINT('',(1.058818518379,4.77038754174));
#2017 = VECTOR('',#2018,1.);
#2018 = DIRECTION('',(-0.247335418137,-0.968929920549));
#2019 = ( GEOMETRIC_REPRESENTATION_CONTEXT(2) 
PARAMETRIC_REPRESENTATION_CONTEXT() REPRESENTATION_CONTEXT('2D SPACE',''
  ) );
#2020 = ORIENTED_EDGE('',*,*,#2021,.T.);
#2021 = EDGE_CURVE('',#1999,#1941,#2022,.T.);
#2022 = SURFACE_CURVE('',#2023,(#2027,#2034),.PCURVE_S1.);
#2023 = LINE('',#2024,#2025);
#2024 = CARTESIAN_POINT('',(-9.021555721485,-28.64420978959,
    9.289857746457));
#2025 = VECTOR('',#2026,1.);
#2026 = DIRECTION('',(0.538352852485,-0.1308537966,0.832498342423));
#2027 = PCURVE('',#1956,#2028);
#2028 = DEFINITIONAL_REPRESENTATION('',(#2029),#2033);
#2029 = LINE('',#2030,#2031);
#2030 = CARTESIAN_POINT('',(-2.404701895581,3.613760036608));
#2031 = VECTOR('',#2032,1.);
#2032 = DIRECTION('',(0.553986832576,-0.83252542864));
#2033 = ( GEOMETRIC_REPRESENTATION_CONTEXT(2) 
PARAMETRIC_REPRESENTATION_CONTEXT() REPRESENTATION_CONTEXT('2D SPACE',''
  ) );
#2034 = PCURVE('',#2035,#2040);
#2035 = PLANE('',#2036);
#2036 = AXIS2_PLACEMENT_3D('',#2037,#2038,#2039);
#2037 = CARTESIAN_POINT('',(-6.684716560808,-29.21220952212,
    12.903500209369));
#2038 = DIRECTION('',(0.260931696678,0.965207148318,-1.702382170065E-02)
  );
#2039 = DIRECTION('',(0.965347042311,-0.260969515272,-4.877606707272E-19
    ));
#2040 = DEFINITIONAL_REPRESENTATION('',(#2041),#2045);
#2041 = LINE('',#2042,#2043);
#2042 = CARTESIAN_POINT('',(-2.404091386989,3.614166212531));
#2043 = VECTOR('',#2044,1.);
#2044 = DIRECTION('',(0.553846185737,-0.832619002032));
#2045 = ( GEOMETRIC_REPRESENTATION_CONTEXT(2) 
PARAMETRIC_REPRESENTATION_CONTEXT() REPRESENTATION_CONTEXT('2D SPACE',''
  ) );
#2046 = ADVANCED_FACE('',(#2047),#2035,.T.);
#2047 = FACE_BOUND('',#2048,.T.);
#2048 = EDGE_LOOP('',(#2049,#2050,#2078));
#2049 = ORIENTED_EDGE('',*,*,#2021,.F.);
#2050 = ORIENTED_EDGE('',*,*,#2051,.F.);
#2051 = EDGE_CURVE('',#2052,#1999,#2054,.T.);
#2052 = VERTEX_POINT('',#2053);
#2053 = CARTESIAN_POINT('',(-9.057132832706,-28.57133302062,
    12.876477920885));
#2054 = SURFACE_CURVE('',#2055,(#2059,#2066),.PCURVE_S1.);
#2055 = LINE('',#2056,#2057);
#2056 = CARTESIAN_POINT('',(-9.057132832706,-28.57133302062,
    12.876477920885));
#2057 = VECTOR('',#2058,1.);
#2058 = DIRECTION('',(9.916862790192E-03,-2.031387298214E-02,
    -0.99974446855));
#2059 = PCURVE('',#2035,#2060);
#2060 = DEFINITIONAL_REPRESENTATION('',(#2061),#2065);
#2061 = LINE('',#2062,#2063);
#2062 = CARTESIAN_POINT('',(-2.457454261152,2.702620500702E-02));
#2063 = VECTOR('',#2064,1.);
#2064 = DIRECTION('',(1.487451574896E-02,0.999889368271));
#2065 = ( GEOMETRIC_REPRESENTATION_CONTEXT(2) 
PARAMETRIC_REPRESENTATION_CONTEXT() REPRESENTATION_CONTEXT('2D SPACE',''
  ) );
#2066 = PCURVE('',#2067,#2072);
#2067 = PLANE('',#2068);
#2068 = AXIS2_PLACEMENT_3D('',#2069,#2070,#2071);
#2069 = CARTESIAN_POINT('',(-9.057132832706,-28.57133302062,
    12.876477920885));
#2070 = DIRECTION('',(0.339821000461,0.940358470913,-1.573638544239E-02)
  );
#2071 = DIRECTION('',(0.940474924826,-0.339863083865,-4.315182493466E-19
    ));
#2072 = DEFINITIONAL_REPRESENTATION('',(#2073),#2077);
#2073 = LINE('',#2074,#2075);
#2074 = CARTESIAN_POINT('',(0.,-0.));
#2075 = VECTOR('',#2076,1.);
#2076 = DIRECTION('',(1.623049630406E-02,0.999868276819));
#2077 = ( GEOMETRIC_REPRESENTATION_CONTEXT(2) 
PARAMETRIC_REPRESENTATION_CONTEXT() REPRESENTATION_CONTEXT('2D SPACE',''
  ) );
#2078 = ORIENTED_EDGE('',*,*,#2079,.T.);
#2079 = EDGE_CURVE('',#2052,#1941,#2080,.T.);
#2080 = SURFACE_CURVE('',#2081,(#2085,#2092),.PCURVE_S1.);
#2081 = LINE('',#2082,#2083);
#2082 = CARTESIAN_POINT('',(-9.057132832706,-28.57133302062,
    12.876477920885));
#2083 = VECTOR('',#2084,1.);
#2084 = DIRECTION('',(0.965337525393,-0.260773011618,1.099538449671E-02)
  );
#2085 = PCURVE('',#2035,#2086);
#2086 = DEFINITIONAL_REPRESENTATION('',(#2087),#2091);
#2087 = LINE('',#2088,#2089);
#2088 = CARTESIAN_POINT('',(-2.457454261152,2.702620500702E-02));
#2089 = VECTOR('',#2090,1.);
#2090 = DIRECTION('',(0.999939531408,-1.099697813207E-02));
#2091 = ( GEOMETRIC_REPRESENTATION_CONTEXT(2) 
PARAMETRIC_REPRESENTATION_CONTEXT() REPRESENTATION_CONTEXT('2D SPACE',''
  ) );
#2092 = PCURVE('',#2093,#2098);
#2093 = PLANE('',#2094);
#2094 = AXIS2_PLACEMENT_3D('',#2095,#2096,#2097);
#2095 = CARTESIAN_POINT('',(-6.684716560808,-29.21220952212,
    12.903500209369));
#2096 = DIRECTION('',(-7.153821787176E-03,1.567608308896E-02,
    0.999851530605));
#2097 = DIRECTION('',(1.324371293446E-20,0.999877116371,
    -1.567648423311E-02));
#2098 = DEFINITIONAL_REPRESENTATION('',(#2099),#2103);
#2099 = LINE('',#2100,#2101);
#2100 = CARTESIAN_POINT('',(0.641221362744,2.372476980999));
#2101 = VECTOR('',#2102,1.);
#2102 = DIRECTION('',(-0.260913335856,-0.96536222796));
#2103 = ( GEOMETRIC_REPRESENTATION_CONTEXT(2) 
PARAMETRIC_REPRESENTATION_CONTEXT() REPRESENTATION_CONTEXT('2D SPACE',''
  ) );
#2104 = ADVANCED_FACE('',(#2105),#2067,.T.);
#2105 = FACE_BOUND('',#2106,.T.);
#2106 = EDGE_LOOP('',(#2107,#2108,#2136));
#2107 = ORIENTED_EDGE('',*,*,#2051,.T.);
#2108 = ORIENTED_EDGE('',*,*,#2109,.F.);
#2109 = EDGE_CURVE('',#2110,#1999,#2112,.T.);
#2110 = VERTEX_POINT('',#2111);
#2111 = CARTESIAN_POINT('',(-11.31018364076,-27.81705464865,
    9.296118035963));
#2112 = SURFACE_CURVE('',#2113,(#2117,#2124),.PCURVE_S1.);
#2113 = LINE('',#2114,#2115);
#2114 = CARTESIAN_POINT('',(-11.31018364076,-27.81705464865,
    9.296118035963));
#2115 = VECTOR('',#2116,1.);
#2116 = DIRECTION('',(0.940458051992,-0.33990003617,-2.572519379327E-03)
  );
#2117 = PCURVE('',#2067,#2118);
#2118 = DEFINITIONAL_REPRESENTATION('',(#2119),#2123);
#2119 = LINE('',#2120,#2121);
#2120 = CARTESIAN_POINT('',(-2.375289162928,3.580803276382));
#2121 = VECTOR('',#2122,1.);
#2122 = DIRECTION('',(0.999996690247,2.572837959906E-03));
#2123 = ( GEOMETRIC_REPRESENTATION_CONTEXT(2) 
PARAMETRIC_REPRESENTATION_CONTEXT() REPRESENTATION_CONTEXT('2D SPACE',''
  ) );
#2124 = PCURVE('',#2125,#2130);
#2125 = PLANE('',#2126);
#2126 = AXIS2_PLACEMENT_3D('',#2127,#2128,#2129);
#2127 = CARTESIAN_POINT('',(-4.252138635695,-29.70676180515,
    9.326434094849));
#2128 = DIRECTION('',(-2.431292934337E-02,-7.481563540168E-02,
    0.996900949025));
#2129 = DIRECTION('',(1.517552472939E-19,0.997195723029,
    7.483775766415E-02));
#2130 = DEFINITIONAL_REPRESENTATION('',(#2131),#2135);
#2131 = LINE('',#2132,#2133);
#2132 = CARTESIAN_POINT('',(1.882139108372,7.060132000966));
#2133 = VECTOR('',#2134,1.);
#2134 = DIRECTION('',(-0.339139383908,-0.940736136375));
#2135 = ( GEOMETRIC_REPRESENTATION_CONTEXT(2) 
PARAMETRIC_REPRESENTATION_CONTEXT() REPRESENTATION_CONTEXT('2D SPACE',''
  ) );
#2136 = ORIENTED_EDGE('',*,*,#2137,.T.);
#2137 = EDGE_CURVE('',#2110,#2052,#2138,.T.);
#2138 = SURFACE_CURVE('',#2139,(#2143,#2150),.PCURVE_S1.);
#2139 = LINE('',#2140,#2141);
#2140 = CARTESIAN_POINT('',(-11.31018364076,-27.81705464865,
    9.296118035963));
#2141 = VECTOR('',#2142,1.);
#2142 = DIRECTION('',(0.52433194422,-0.175536318953,0.833224467355));
#2143 = PCURVE('',#2067,#2144);
#2144 = DEFINITIONAL_REPRESENTATION('',(#2145),#2149);
#2145 = LINE('',#2146,#2147);
#2146 = CARTESIAN_POINT('',(-2.375289162928,3.580803276382));
#2147 = VECTOR('',#2148,1.);
#2148 = DIRECTION('',(0.552779360513,-0.833327653802));
#2149 = ( GEOMETRIC_REPRESENTATION_CONTEXT(2) 
PARAMETRIC_REPRESENTATION_CONTEXT() REPRESENTATION_CONTEXT('2D SPACE',''
  ) );
#2150 = PCURVE('',#2151,#2156);
#2151 = PLANE('',#2152);
#2152 = AXIS2_PLACEMENT_3D('',#2153,#2154,#2155);
#2153 = CARTESIAN_POINT('',(-9.057132832706,-28.57133302062,
    12.876477920885));
#2154 = DIRECTION('',(0.329258723866,0.944203441475,-8.279726108536E-03)
  );
#2155 = DIRECTION('',(0.944235807537,-0.329270010425,-4.721804696676E-19
    ));
#2156 = DEFINITIONAL_REPRESENTATION('',(#2157),#2161);
#2157 = LINE('',#2158,#2159);
#2158 = CARTESIAN_POINT('',(-2.375772496571,3.580482614985));
#2159 = VECTOR('',#2160,1.);
#2160 = DIRECTION('',(0.552891842339,-0.833253029202));
#2161 = ( GEOMETRIC_REPRESENTATION_CONTEXT(2) 
PARAMETRIC_REPRESENTATION_CONTEXT() REPRESENTATION_CONTEXT('2D SPACE',''
  ) );
#2162 = ADVANCED_FACE('',(#2163),#2151,.T.);
#2163 = FACE_BOUND('',#2164,.T.);
#2164 = EDGE_LOOP('',(#2165,#2166,#2194));
#2165 = ORIENTED_EDGE('',*,*,#2137,.F.);
#2166 = ORIENTED_EDGE('',*,*,#2167,.F.);
#2167 = EDGE_CURVE('',#2168,#2110,#2170,.T.);
#2168 = VERTEX_POINT('',#2169);
#2169 = CARTESIAN_POINT('',(-11.32691726207,-27.77915166289,
    12.953055282749));
#2170 = SURFACE_CURVE('',#2171,(#2175,#2182),.PCURVE_S1.);
#2171 = LINE('',#2172,#2173);
#2172 = CARTESIAN_POINT('',(-11.32691726207,-27.77915166289,
    12.953055282749));
#2173 = VECTOR('',#2174,1.);
#2174 = DIRECTION('',(4.57556317672E-03,-1.036401522022E-02,
    -0.999935823646));
#2175 = PCURVE('',#2151,#2176);
#2176 = DEFINITIONAL_REPRESENTATION('',(#2177),#2181);
#2177 = LINE('',#2178,#2179);
#2178 = CARTESIAN_POINT('',(-2.404053297517,-7.657998683564E-02));
#2179 = VECTOR('',#2180,1.);
#2180 = DIRECTION('',(7.732969990712E-03,0.999970100141));
#2181 = ( GEOMETRIC_REPRESENTATION_CONTEXT(2) 
PARAMETRIC_REPRESENTATION_CONTEXT() REPRESENTATION_CONTEXT('2D SPACE',''
  ) );
#2182 = PCURVE('',#2183,#2188);
#2183 = PLANE('',#2184);
#2184 = AXIS2_PLACEMENT_3D('',#2185,#2186,#2187);
#2185 = CARTESIAN_POINT('',(-11.32691726207,-27.77915166289,
    12.953055282749));
#2186 = DIRECTION('',(0.437247392757,0.899311475972,-7.320294545089E-03)
  );
#2187 = DIRECTION('',(0.899335572513,-0.437259108553,3.985464998643E-19)
  );
#2188 = DEFINITIONAL_REPRESENTATION('',(#2189),#2193);
#2189 = LINE('',#2190,#2191);
#2190 = CARTESIAN_POINT('',(0.,-0.));
#2191 = VECTOR('',#2192,1.);
#2192 = DIRECTION('',(8.646726785331E-03,0.999962616359));
#2193 = ( GEOMETRIC_REPRESENTATION_CONTEXT(2) 
PARAMETRIC_REPRESENTATION_CONTEXT() REPRESENTATION_CONTEXT('2D SPACE',''
  ) );
#2194 = ORIENTED_EDGE('',*,*,#2195,.T.);
#2195 = EDGE_CURVE('',#2168,#2052,#2196,.T.);
#2196 = SURFACE_CURVE('',#2197,(#2201,#2208),.PCURVE_S1.);
#2197 = LINE('',#2198,#2199);
#2198 = CARTESIAN_POINT('',(-11.32691726207,-27.77915166289,
    12.953055282749));
#2199 = VECTOR('',#2200,1.);
#2200 = DIRECTION('',(0.943670308679,-0.329351993392,-3.183728893929E-02
    ));
#2201 = PCURVE('',#2151,#2202);
#2202 = DEFINITIONAL_REPRESENTATION('',(#2203),#2207);
#2203 = LINE('',#2204,#2205);
#2204 = CARTESIAN_POINT('',(-2.404053297517,-7.657998683564E-02));
#2205 = VECTOR('',#2206,1.);
#2206 = DIRECTION('',(0.999493030261,3.183838028E-02));
#2207 = ( GEOMETRIC_REPRESENTATION_CONTEXT(2) 
PARAMETRIC_REPRESENTATION_CONTEXT() REPRESENTATION_CONTEXT('2D SPACE',''
  ) );
#2208 = PCURVE('',#2209,#2214);
#2209 = PLANE('',#2210);
#2210 = AXIS2_PLACEMENT_3D('',#2211,#2212,#2213);
#2211 = CARTESIAN_POINT('',(-9.057132832706,-28.57133302062,
    12.876477920885));
#2212 = DIRECTION('',(2.144844703287E-02,-3.512972987533E-02,
    0.999152574034));
#2213 = DIRECTION('',(6.539872836164E-20,0.999382476376,
    3.513781313248E-02));
#2214 = DEFINITIONAL_REPRESENTATION('',(#2215),#2219);
#2215 = LINE('',#2216,#2217);
#2216 = CARTESIAN_POINT('',(0.794382928064,2.27030670071));
#2217 = VECTOR('',#2218,1.);
#2218 = DIRECTION('',(-0.330267303465,-0.9438874447));
#2219 = ( GEOMETRIC_REPRESENTATION_CONTEXT(2) 
PARAMETRIC_REPRESENTATION_CONTEXT() REPRESENTATION_CONTEXT('2D SPACE',''
  ) );
#2220 = ADVANCED_FACE('',(#2221),#2183,.T.);
#2221 = FACE_BOUND('',#2222,.T.);
#2222 = EDGE_LOOP('',(#2223,#2224,#2252));
#2223 = ORIENTED_EDGE('',*,*,#2167,.T.);
#2224 = ORIENTED_EDGE('',*,*,#2225,.F.);
#2225 = EDGE_CURVE('',#2226,#2110,#2228,.T.);
#2226 = VERTEX_POINT('',#2227);
#2227 = CARTESIAN_POINT('',(-13.52399022264,-26.74023267037,
    9.353111186292));
#2228 = SURFACE_CURVE('',#2229,(#2233,#2240),.PCURVE_S1.);
#2229 = LINE('',#2230,#2231);
#2230 = CARTESIAN_POINT('',(-13.52399022264,-26.74023267037,
    9.353111186292));
#2231 = VECTOR('',#2232,1.);
#2232 = DIRECTION('',(0.899020564169,-0.437294346464,-2.314475644873E-02
    ));
#2233 = PCURVE('',#2183,#2234);
#2234 = DEFINITIONAL_REPRESENTATION('',(#2235),#2239);
#2235 = LINE('',#2236,#2237);
#2236 = CARTESIAN_POINT('',(-2.430182661372,3.600040554918));
#2237 = VECTOR('',#2238,1.);
#2238 = DIRECTION('',(0.999732109888,2.314537659935E-02));
#2239 = ( GEOMETRIC_REPRESENTATION_CONTEXT(2) 
PARAMETRIC_REPRESENTATION_CONTEXT() REPRESENTATION_CONTEXT('2D SPACE',''
  ) );
#2240 = PCURVE('',#2241,#2246);
#2241 = PLANE('',#2242);
#2242 = AXIS2_PLACEMENT_3D('',#2243,#2244,#2245);
#2243 = CARTESIAN_POINT('',(-11.31018364076,-27.81705464865,
    9.296118035963));
#2244 = DIRECTION('',(0.222204388769,0.410003929142,0.884602728743));
#2245 = DIRECTION('',(2.497327677572E-18,0.907284749965,-0.42051680404)
  );
#2246 = DEFINITIONAL_REPRESENTATION('',(#2247),#2251);
#2247 = LINE('',#2248,#2249);
#2248 = CARTESIAN_POINT('',(0.953017581889,2.270570602878));
#2249 = VECTOR('',#2250,1.);
#2250 = DIRECTION('',(-0.387017732781,-0.922072271849));
#2251 = ( GEOMETRIC_REPRESENTATION_CONTEXT(2) 
PARAMETRIC_REPRESENTATION_CONTEXT() REPRESENTATION_CONTEXT('2D SPACE',''
  ) );
#2252 = ORIENTED_EDGE('',*,*,#2253,.T.);
#2253 = EDGE_CURVE('',#2226,#2168,#2254,.T.);
#2254 = SURFACE_CURVE('',#2255,(#2259,#2266),.PCURVE_S1.);
#2255 = LINE('',#2256,#2257);
#2256 = CARTESIAN_POINT('',(-13.52399022264,-26.74023267037,
    9.353111186292));
#2257 = VECTOR('',#2258,1.);
#2258 = DIRECTION('',(0.505828908656,-0.239188806925,0.828809887616));
#2259 = PCURVE('',#2183,#2260);
#2260 = DEFINITIONAL_REPRESENTATION('',(#2261),#2265);
#2261 = LINE('',#2262,#2263);
#2262 = CARTESIAN_POINT('',(-2.430182661372,3.600040554918));
#2263 = VECTOR('',#2264,1.);
#2264 = DIRECTION('',(0.559497415652,-0.828832095107));
#2265 = ( GEOMETRIC_REPRESENTATION_CONTEXT(2) 
PARAMETRIC_REPRESENTATION_CONTEXT() REPRESENTATION_CONTEXT('2D SPACE',''
  ) );
#2266 = PCURVE('',#2267,#2272);
#2267 = PLANE('',#2268);
#2268 = AXIS2_PLACEMENT_3D('',#2269,#2270,#2271);
#2269 = CARTESIAN_POINT('',(-11.32691726207,-27.77915166289,
    12.953055282749));
#2270 = DIRECTION('',(0.412026655122,0.9110995452,1.147406667188E-02));
#2271 = DIRECTION('',(0.911159526166,-0.412053780322,4.193001814861E-19)
  );
#2272 = DEFINITIONAL_REPRESENTATION('',(#2273),#2277);
#2273 = LINE('',#2274,#2275);
#2274 = CARTESIAN_POINT('',(-2.429974456017,3.600181093749));
#2275 = VECTOR('',#2276,1.);
#2276 = DIRECTION('',(0.559449480836,-0.828864451157));
#2277 = ( GEOMETRIC_REPRESENTATION_CONTEXT(2) 
PARAMETRIC_REPRESENTATION_CONTEXT() REPRESENTATION_CONTEXT('2D SPACE',''
  ) );
#2278 = ADVANCED_FACE('',(#2279),#2267,.T.);
#2279 = FACE_BOUND('',#2280,.T.);
#2280 = EDGE_LOOP('',(#2281,#2282,#2310));
#2281 = ORIENTED_EDGE('',*,*,#2253,.F.);
#2282 = ORIENTED_EDGE('',*,*,#2283,.F.);
#2283 = EDGE_CURVE('',#2284,#2226,#2286,.T.);
#2284 = VERTEX_POINT('',#2285);
#2285 = CARTESIAN_POINT('',(-13.54975841715,-26.77253095007,
    12.843079659471));
#2286 = SURFACE_CURVE('',#2287,(#2291,#2298),.PCURVE_S1.);
#2287 = LINE('',#2288,#2289);
#2288 = CARTESIAN_POINT('',(-13.54975841715,-26.77253095007,
    12.843079659471));
#2289 = VECTOR('',#2290,1.);
#2290 = DIRECTION('',(7.382986126608E-03,9.253956494275E-03,
    -0.999929925447));
#2291 = PCURVE('',#2267,#2292);
#2292 = DEFINITIONAL_REPRESENTATION('',(#2293),#2297);
#2293 = LINE('',#2294,#2295);
#2294 = CARTESIAN_POINT('',(-2.440144763671,0.109982863369));
#2295 = VECTOR('',#2296,1.);
#2296 = DIRECTION('',(2.913950384411E-03,0.999995754438));
#2297 = ( GEOMETRIC_REPRESENTATION_CONTEXT(2) 
PARAMETRIC_REPRESENTATION_CONTEXT() REPRESENTATION_CONTEXT('2D SPACE',''
  ) );
#2298 = PCURVE('',#2299,#2304);
#2299 = PLANE('',#2300);
#2300 = AXIS2_PLACEMENT_3D('',#2301,#2302,#2303);
#2301 = CARTESIAN_POINT('',(-13.54975841715,-26.77253095007,
    12.843079659471));
#2302 = DIRECTION('',(0.482841801875,0.875629851275,1.166867255038E-02)
  );
#2303 = DIRECTION('',(0.875689469332,-0.482874676599,2.06109416965E-19)
  );
#2304 = DEFINITIONAL_REPRESENTATION('',(#2305),#2309);
#2305 = LINE('',#2306,#2307);
#2306 = CARTESIAN_POINT('',(0.,0.));
#2307 = VECTOR('',#2308,1.);
#2308 = DIRECTION('',(1.99670195386E-03,0.999998006589));
#2309 = ( GEOMETRIC_REPRESENTATION_CONTEXT(2) 
PARAMETRIC_REPRESENTATION_CONTEXT() REPRESENTATION_CONTEXT('2D SPACE',''
  ) );
#2310 = ORIENTED_EDGE('',*,*,#2311,.T.);
#2311 = EDGE_CURVE('',#2284,#2168,#2312,.T.);
#2312 = SURFACE_CURVE('',#2313,(#2317,#2324),.PCURVE_S1.);
#2313 = LINE('',#2314,#2315);
#2314 = CARTESIAN_POINT('',(-13.54975841715,-26.77253095007,
    12.843079659471));
#2315 = VECTOR('',#2316,1.);
#2316 = DIRECTION('',(0.910022536779,-0.412106610745,4.502359309387E-02)
  );
#2317 = PCURVE('',#2267,#2318);
#2318 = DEFINITIONAL_REPRESENTATION('',(#2319),#2323);
#2319 = LINE('',#2320,#2321);
#2320 = CARTESIAN_POINT('',(-2.440144763671,0.109982863369));
#2321 = VECTOR('',#2322,1.);
#2322 = DIRECTION('',(0.998985790264,-4.502655715925E-02));
#2323 = ( GEOMETRIC_REPRESENTATION_CONTEXT(2) 
PARAMETRIC_REPRESENTATION_CONTEXT() REPRESENTATION_CONTEXT('2D SPACE',''
  ) );
#2324 = PCURVE('',#2325,#2330);
#2325 = PLANE('',#2326);
#2326 = AXIS2_PLACEMENT_3D('',#2327,#2328,#2329);
#2327 = CARTESIAN_POINT('',(-11.32691726207,-27.77915166289,
    12.953055282749));
#2328 = DIRECTION('',(-2.854359371409E-02,4.606120708247E-02,
    0.99853073486));
#2329 = DIRECTION('',(2.018221594787E-19,0.998937753426,
    -4.607998243487E-02));
#2330 = DEFINITIONAL_REPRESENTATION('',(#2331),#2335);
#2331 = LINE('',#2332,#2333);
#2332 = CARTESIAN_POINT('',(1.010619108196,2.223747223957));
#2333 = VECTOR('',#2334,1.);
#2334 = DIRECTION('',(-0.413743538288,-0.910393477857));
#2335 = ( GEOMETRIC_REPRESENTATION_CONTEXT(2) 
PARAMETRIC_REPRESENTATION_CONTEXT() REPRESENTATION_CONTEXT('2D SPACE',''
  ) );
#2336 = ADVANCED_FACE('',(#2337),#2299,.T.);
#2337 = FACE_BOUND('',#2338,.T.);
#2338 = EDGE_LOOP('',(#2339,#2340,#2363));
#2339 = ORIENTED_EDGE('',*,*,#2283,.T.);
#2340 = ORIENTED_EDGE('',*,*,#2341,.F.);
#2341 = EDGE_CURVE('',#2342,#2226,#2344,.T.);
#2342 = VERTEX_POINT('',#2343);
#2343 = CARTESIAN_POINT('',(-15.67892571481,-25.55182647719,
    9.343598345702));
#2344 = SURFACE_CURVE('',#2345,(#2349,#2356),.PCURVE_S1.);
#2345 = LINE('',#2346,#2347);
#2346 = CARTESIAN_POINT('',(-15.67892571481,-25.55182647719,
    9.343598345702));
#2347 = VECTOR('',#2348,1.);
#2348 = DIRECTION('',(0.875661143924,-0.482910569873,3.865556487767E-03)
  );
#2349 = PCURVE('',#2299,#2350);
#2350 = DEFINITIONAL_REPRESENTATION('',(#2351),#2355);
#2351 = LINE('',#2352,#2353);
#2352 = CARTESIAN_POINT('',(-2.453936658573,3.499719579147));
#2353 = VECTOR('',#2354,1.);
#2354 = DIRECTION('',(0.999992527691,-3.865819677707E-03));
#2355 = ( GEOMETRIC_REPRESENTATION_CONTEXT(2) 
PARAMETRIC_REPRESENTATION_CONTEXT() REPRESENTATION_CONTEXT('2D SPACE',''
  ) );
#2356 = PCURVE('',#2241,#2357);
#2357 = DEFINITIONAL_REPRESENTATION('',(#2358),#2362);
#2358 = LINE('',#2359,#2360);
#2359 = CARTESIAN_POINT('',(2.035240707046,4.48076060759));
#2360 = VECTOR('',#2361,1.);
#2361 = DIRECTION('',(-0.439762927103,-0.898113894752));
#2362 = ( GEOMETRIC_REPRESENTATION_CONTEXT(2) 
PARAMETRIC_REPRESENTATION_CONTEXT() REPRESENTATION_CONTEXT('2D SPACE',''
  ) );
#2363 = ORIENTED_EDGE('',*,*,#2364,.T.);
#2364 = EDGE_CURVE('',#2342,#2284,#2365,.T.);
#2365 = SURFACE_CURVE('',#2366,(#2370,#2377),.PCURVE_S1.);
#2366 = LINE('',#2367,#2368);
#2367 = CARTESIAN_POINT('',(-15.67892571481,-25.55182647719,
    9.343598345702));
#2368 = VECTOR('',#2369,1.);
#2369 = DIRECTION('',(0.498129644776,-0.285590092485,0.818721659705));
#2370 = PCURVE('',#2299,#2371);
#2371 = DEFINITIONAL_REPRESENTATION('',(#2372),#2376);
#2372 = LINE('',#2373,#2374);
#2373 = CARTESIAN_POINT('',(-2.453936658573,3.499719579147));
#2374 = VECTOR('',#2375,1.);
#2375 = DIRECTION('',(0.574111107841,-0.818777403116));
#2376 = ( GEOMETRIC_REPRESENTATION_CONTEXT(2) 
PARAMETRIC_REPRESENTATION_CONTEXT() REPRESENTATION_CONTEXT('2D SPACE',''
  ) );
#2377 = PCURVE('',#2378,#2383);
#2378 = PLANE('',#2379);
#2379 = AXIS2_PLACEMENT_3D('',#2380,#2381,#2382);
#2380 = CARTESIAN_POINT('',(-13.54975841715,-26.77253095007,
    12.843079659471));
#2381 = DIRECTION('',(0.493855466259,0.869539357788,2.843185597282E-03)
  );
#2382 = DIRECTION('',(0.869542872358,-0.493857462362,6.673473361049E-20)
  );
#2383 = DEFINITIONAL_REPRESENTATION('',(#2384),#2388);
#2384 = LINE('',#2385,#2386);
#2385 = CARTESIAN_POINT('',(-2.45425626101,3.499495458241));
#2386 = VECTOR('',#2387,1.);
#2387 = DIRECTION('',(0.574185880476,-0.818724968877));
#2388 = ( GEOMETRIC_REPRESENTATION_CONTEXT(2) 
PARAMETRIC_REPRESENTATION_CONTEXT() REPRESENTATION_CONTEXT('2D SPACE',''
  ) );
#2389 = ADVANCED_FACE('',(#2390),#2378,.T.);
#2390 = FACE_BOUND('',#2391,.T.);
#2391 = EDGE_LOOP('',(#2392,#2393,#2421));
#2392 = ORIENTED_EDGE('',*,*,#2364,.F.);
#2393 = ORIENTED_EDGE('',*,*,#2394,.T.);
#2394 = EDGE_CURVE('',#2342,#2395,#2397,.T.);
#2395 = VERTEX_POINT('',#2396);
#2396 = CARTESIAN_POINT('',(-15.67497681052,-25.56587775553,
    12.955023355654));
#2397 = SURFACE_CURVE('',#2398,(#2402,#2409),.PCURVE_S1.);
#2398 = LINE('',#2399,#2400);
#2399 = CARTESIAN_POINT('',(-15.67892571481,-25.55182647719,
    9.343598345702));
#2400 = VECTOR('',#2401,1.);
#2401 = DIRECTION('',(1.093438746205E-03,-3.890753246574E-03,
    0.999991833182));
#2402 = PCURVE('',#2378,#2403);
#2403 = DEFINITIONAL_REPRESENTATION('',(#2404),#2408);
#2404 = LINE('',#2405,#2406);
#2405 = CARTESIAN_POINT('',(-2.45425626101,3.499495458241));
#2406 = VECTOR('',#2407,1.);
#2407 = DIRECTION('',(2.872269393153E-03,-0.999995875026));
#2408 = ( GEOMETRIC_REPRESENTATION_CONTEXT(2) 
PARAMETRIC_REPRESENTATION_CONTEXT() REPRESENTATION_CONTEXT('2D SPACE',''
  ) );
#2409 = PCURVE('',#2410,#2415);
#2410 = PLANE('',#2411);
#2411 = AXIS2_PLACEMENT_3D('',#2412,#2413,#2414);
#2412 = CARTESIAN_POINT('',(-15.67497681052,-25.56587775553,
    12.955023355654));
#2413 = DIRECTION('',(0.539623019175,0.841902479308,2.685612020059E-03)
  );
#2414 = DIRECTION('',(0.84190551544,-0.539624965204,1.181341770508E-19)
  );
#2415 = DEFINITIONAL_REPRESENTATION('',(#2416),#2420);
#2416 = LINE('',#2417,#2418);
#2417 = CARTESIAN_POINT('',(-1.090702488077E-02,3.611438033745));
#2418 = VECTOR('',#2419,1.);
#2419 = DIRECTION('',(3.020119696527E-03,-0.999995439428));
#2420 = ( GEOMETRIC_REPRESENTATION_CONTEXT(2) 
PARAMETRIC_REPRESENTATION_CONTEXT() REPRESENTATION_CONTEXT('2D SPACE',''
  ) );
#2421 = ORIENTED_EDGE('',*,*,#2422,.T.);
#2422 = EDGE_CURVE('',#2395,#2284,#2423,.T.);
#2423 = SURFACE_CURVE('',#2424,(#2428,#2435),.PCURVE_S1.);
#2424 = LINE('',#2425,#2426);
#2425 = CARTESIAN_POINT('',(-15.67497681052,-25.56587775553,
    12.955023355654));
#2426 = VECTOR('',#2427,1.);
#2427 = DIRECTION('',(0.868696328315,-0.493227050415,-4.575768690657E-02
    ));
#2428 = PCURVE('',#2378,#2429);
#2429 = DEFINITIONAL_REPRESENTATION('',(#2430),#2434);
#2430 = LINE('',#2431,#2432);
#2431 = CARTESIAN_POINT('',(-2.443883190773,-0.111944148646));
#2432 = VECTOR('',#2433,1.);
#2433 = DIRECTION('',(0.998952560016,4.575787185349E-02));
#2434 = ( GEOMETRIC_REPRESENTATION_CONTEXT(2) 
PARAMETRIC_REPRESENTATION_CONTEXT() REPRESENTATION_CONTEXT('2D SPACE',''
  ) );
#2435 = PCURVE('',#2436,#2441);
#2436 = PLANE('',#2437);
#2437 = AXIS2_PLACEMENT_3D('',#2438,#2439,#2440);
#2438 = CARTESIAN_POINT('',(-13.54975841715,-26.77253095007,
    12.843079659471));
#2439 = DIRECTION('',(2.992978340213E-02,-3.994258340378E-02,
    0.99875362232));
#2440 = DIRECTION('',(-9.158031954681E-20,0.999201260805,
    3.996048555416E-02));
#2441 = DEFINITIONAL_REPRESENTATION('',(#2442),#2446);
#2442 = LINE('',#2443,#2444);
#2443 = CARTESIAN_POINT('',(1.210162717799,2.126170910113));
#2444 = VECTOR('',#2445,1.);
#2445 = DIRECTION('',(-0.494661590024,-0.869085675497));
#2446 = ( GEOMETRIC_REPRESENTATION_CONTEXT(2) 
PARAMETRIC_REPRESENTATION_CONTEXT() REPRESENTATION_CONTEXT('2D SPACE',''
  ) );
#2447 = ADVANCED_FACE('',(#2448),#2410,.T.);
#2448 = FACE_BOUND('',#2449,.T.);
#2449 = EDGE_LOOP('',(#2450,#2451,#2479));
#2450 = ORIENTED_EDGE('',*,*,#2394,.F.);
#2451 = ORIENTED_EDGE('',*,*,#2452,.F.);
#2452 = EDGE_CURVE('',#2453,#2342,#2455,.T.);
#2453 = VERTEX_POINT('',#2454);
#2454 = CARTESIAN_POINT('',(-17.71255625498,-24.248364934,9.345961711553
    ));
#2455 = SURFACE_CURVE('',#2456,(#2460,#2467),.PCURVE_S1.);
#2456 = LINE('',#2457,#2458);
#2457 = CARTESIAN_POINT('',(-17.71255625498,-24.248364934,9.345961711553
    ));
#2458 = VECTOR('',#2459,1.);
#2459 = DIRECTION('',(0.841906530407,-0.539622494679,-9.784142714024E-04
    ));
#2460 = PCURVE('',#2410,#2461);
#2461 = DEFINITIONAL_REPRESENTATION('',(#2462),#2466);
#2462 = LINE('',#2463,#2464);
#2463 = CARTESIAN_POINT('',(-2.426412182909,3.609074659372));
#2464 = VECTOR('',#2465,1.);
#2465 = DIRECTION('',(0.999999521349,9.784177998338E-04));
#2466 = ( GEOMETRIC_REPRESENTATION_CONTEXT(2) 
PARAMETRIC_REPRESENTATION_CONTEXT() REPRESENTATION_CONTEXT('2D SPACE',''
  ) );
#2467 = PCURVE('',#2468,#2473);
#2468 = PLANE('',#2469);
#2469 = AXIS2_PLACEMENT_3D('',#2470,#2471,#2472);
#2470 = CARTESIAN_POINT('',(-15.67892571481,-25.55182647719,
    9.343598345702));
#2471 = DIRECTION('',(8.034058928836E-03,1.072156976262E-02,
    0.999910246892));
#2472 = DIRECTION('',(-1.12962808375E-20,0.999942518609,
    -1.072191579715E-02));
#2473 = DEFINITIONAL_REPRESENTATION('',(#2474),#2478);
#2474 = LINE('',#2475,#2476);
#2475 = CARTESIAN_POINT('',(1.303361278596,2.033696174815));
#2476 = VECTOR('',#2477,1.);
#2477 = DIRECTION('',(-0.539580985952,-0.841933702615));
#2478 = ( GEOMETRIC_REPRESENTATION_CONTEXT(2) 
PARAMETRIC_REPRESENTATION_CONTEXT() REPRESENTATION_CONTEXT('2D SPACE',''
  ) );
#2479 = ORIENTED_EDGE('',*,*,#2480,.T.);
#2480 = EDGE_CURVE('',#2453,#2395,#2481,.T.);
#2481 = SURFACE_CURVE('',#2482,(#2486,#2493),.PCURVE_S1.);
#2482 = LINE('',#2483,#2484);
#2483 = CARTESIAN_POINT('',(-17.71255625498,-24.248364934,9.345961711553
    ));
#2484 = VECTOR('',#2485,1.);
#2485 = DIRECTION('',(0.468527982318,-0.302953401707,0.829879970947));
#2486 = PCURVE('',#2410,#2487);
#2487 = DEFINITIONAL_REPRESENTATION('',(#2488),#2492);
#2488 = LINE('',#2489,#2490);
#2489 = CARTESIAN_POINT('',(-2.426412182909,3.609074659372));
#2490 = VECTOR('',#2491,1.);
#2491 = DIRECTION('',(0.557937511306,-0.829882963723));
#2492 = ( GEOMETRIC_REPRESENTATION_CONTEXT(2) 
PARAMETRIC_REPRESENTATION_CONTEXT() REPRESENTATION_CONTEXT('2D SPACE',''
  ) );
#2493 = PCURVE('',#2494,#2499);
#2494 = PLANE('',#2495);
#2495 = AXIS2_PLACEMENT_3D('',#2496,#2497,#2498);
#2496 = CARTESIAN_POINT('',(-15.67497681052,-25.56587775553,
    12.955023355654));
#2497 = DIRECTION('',(0.552261634375,0.833637409568,-7.467031936403E-03)
  );
#2498 = DIRECTION('',(0.83366065092,-0.552277031125,-4.78876908946E-19)
  );
#2499 = DEFINITIONAL_REPRESENTATION('',(#2500),#2504);
#2500 = LINE('',#2501,#2502);
#2501 = CARTESIAN_POINT('',(-2.42628187551,3.609162262751));
#2502 = VECTOR('',#2503,1.);
#2503 = DIRECTION('',(0.557907547977,-0.829903107544));
#2504 = ( GEOMETRIC_REPRESENTATION_CONTEXT(2) 
PARAMETRIC_REPRESENTATION_CONTEXT() REPRESENTATION_CONTEXT('2D SPACE',''
  ) );
#2505 = ADVANCED_FACE('',(#2506),#2494,.T.);
#2506 = FACE_BOUND('',#2507,.T.);
#2507 = EDGE_LOOP('',(#2508,#2509,#2537));
#2508 = ORIENTED_EDGE('',*,*,#2480,.F.);
#2509 = ORIENTED_EDGE('',*,*,#2510,.T.);
#2510 = EDGE_CURVE('',#2453,#2511,#2513,.T.);
#2511 = VERTEX_POINT('',#2512);
#2512 = CARTESIAN_POINT('',(-17.69609546445,-24.22769386837,
    12.871169172811));
#2513 = SURFACE_CURVE('',#2514,(#2518,#2525),.PCURVE_S1.);
#2514 = LINE('',#2515,#2516);
#2515 = CARTESIAN_POINT('',(-17.71255625498,-24.248364934,9.345961711553
    ));
#2516 = VECTOR('',#2517,1.);
#2517 = DIRECTION('',(4.669321816848E-03,5.863622257273E-03,
    0.999971907289));
#2518 = PCURVE('',#2494,#2519);
#2519 = DEFINITIONAL_REPRESENTATION('',(#2520),#2524);
#2520 = LINE('',#2521,#2522);
#2521 = CARTESIAN_POINT('',(-2.42628187551,3.609162262751));
#2522 = VECTOR('',#2523,1.);
#2523 = DIRECTION('',(6.54285973304E-04,-0.999999785955));
#2524 = ( GEOMETRIC_REPRESENTATION_CONTEXT(2) 
PARAMETRIC_REPRESENTATION_CONTEXT() REPRESENTATION_CONTEXT('2D SPACE',''
  ) );
#2525 = PCURVE('',#2526,#2531);
#2526 = PLANE('',#2527);
#2527 = AXIS2_PLACEMENT_3D('',#2528,#2529,#2530);
#2528 = CARTESIAN_POINT('',(-17.69609546445,-24.22769386837,
    12.871169172811));
#2529 = DIRECTION('',(0.621538369275,0.783347860826,-7.495629192138E-03)
  );
#2530 = DIRECTION('',(0.783369867741,-0.621555830409,4.051218318454E-19)
  );
#2531 = DEFINITIONAL_REPRESENTATION('',(#2532),#2536);
#2532 = LINE('',#2533,#2534);
#2533 = CARTESIAN_POINT('',(-4.666593726982E-05,3.525306496365));
#2534 = VECTOR('',#2535,1.);
#2535 = DIRECTION('',(1.323741277924E-05,-0.999999999912));
#2536 = ( GEOMETRIC_REPRESENTATION_CONTEXT(2) 
PARAMETRIC_REPRESENTATION_CONTEXT() REPRESENTATION_CONTEXT('2D SPACE',''
  ) );
#2537 = ORIENTED_EDGE('',*,*,#2538,.T.);
#2538 = EDGE_CURVE('',#2511,#2395,#2539,.T.);
#2539 = SURFACE_CURVE('',#2540,(#2544,#2551),.PCURVE_S1.);
#2540 = LINE('',#2541,#2542);
#2541 = CARTESIAN_POINT('',(-17.69609546445,-24.22769386837,
    12.871169172811));
#2542 = VECTOR('',#2543,1.);
#2543 = DIRECTION('',(0.833304819095,-0.551731626366,3.45729799332E-02)
  );
#2544 = PCURVE('',#2494,#2545);
#2545 = DEFINITIONAL_REPRESENTATION('',(#2546),#2550);
#2546 = LINE('',#2547,#2548);
#2547 = CARTESIAN_POINT('',(-2.423975316917,8.385652065188E-02));
#2548 = VECTOR('',#2549,1.);
#2549 = DIRECTION('',(0.999402142488,-3.457394380882E-02));
#2550 = ( GEOMETRIC_REPRESENTATION_CONTEXT(2) 
PARAMETRIC_REPRESENTATION_CONTEXT() REPRESENTATION_CONTEXT('2D SPACE',''
  ) );
#2551 = PCURVE('',#2552,#2557);
#2552 = PLANE('',#2553);
#2553 = AXIS2_PLACEMENT_3D('',#2554,#2555,#2556);
#2554 = CARTESIAN_POINT('',(-15.67497681052,-25.56587775553,
    12.955023355654));
#2555 = DIRECTION('',(-2.222333610671E-02,2.90558434104E-02,
    0.999330716678));
#2556 = DIRECTION('',(-2.394202860717E-20,0.999577581184,
    -2.906302107073E-02));
#2557 = DEFINITIONAL_REPRESENTATION('',(#2558),#2562);
#2558 = LINE('',#2559,#2560);
#2559 = CARTESIAN_POINT('',(1.340055668992,2.02161793054));
#2560 = VECTOR('',#2561,1.);
#2561 = DIRECTION('',(-0.55250335979,-0.83351067025));
#2562 = ( GEOMETRIC_REPRESENTATION_CONTEXT(2) 
PARAMETRIC_REPRESENTATION_CONTEXT() REPRESENTATION_CONTEXT('2D SPACE',''
  ) );
#2563 = ADVANCED_FACE('',(#2564),#2526,.T.);
#2564 = FACE_BOUND('',#2565,.T.);
#2565 = EDGE_LOOP('',(#2566,#2567,#2595));
#2566 = ORIENTED_EDGE('',*,*,#2510,.F.);
#2567 = ORIENTED_EDGE('',*,*,#2568,.F.);
#2568 = EDGE_CURVE('',#2569,#2453,#2571,.T.);
#2569 = VERTEX_POINT('',#2570);
#2570 = CARTESIAN_POINT('',(-19.70016381691,-22.67142404603,
    9.335143200069));
#2571 = SURFACE_CURVE('',#2572,(#2576,#2583),.PCURVE_S1.);
#2572 = LINE('',#2573,#2574);
#2573 = CARTESIAN_POINT('',(-19.70016381691,-22.67142404603,
    9.335143200069));
#2574 = VECTOR('',#2575,1.);
#2575 = DIRECTION('',(0.783382612059,-0.62152514186,4.263937181339E-03)
  );
#2576 = PCURVE('',#2526,#2577);
#2577 = DEFINITIONAL_REPRESENTATION('',(#2578),#2582);
#2578 = LINE('',#2579,#2580);
#2579 = CARTESIAN_POINT('',(-2.537235341977,3.536125311778));
#2580 = VECTOR('',#2581,1.);
#2581 = DIRECTION('',(0.999990908868,-4.264056969884E-03));
#2582 = ( GEOMETRIC_REPRESENTATION_CONTEXT(2) 
PARAMETRIC_REPRESENTATION_CONTEXT() REPRESENTATION_CONTEXT('2D SPACE',''
  ) );
#2583 = PCURVE('',#2584,#2589);
#2584 = PLANE('',#2585);
#2585 = AXIS2_PLACEMENT_3D('',#2586,#2587,#2588);
#2586 = CARTESIAN_POINT('',(-17.71255625498,-24.248364934,9.345961711553
    ));
#2587 = DIRECTION('',(8.229017165643E-02,0.110515170194,0.990461874484)
  );
#2588 = DIRECTION('',(-1.096807647822E-19,0.993832544627,-0.110891267643
    ));
#2589 = DEFINITIONAL_REPRESENTATION('',(#2590),#2594);
#2590 = LINE('',#2591,#2592);
#2591 = CARTESIAN_POINT('',(1.568414853879,1.994371648094));
#2592 = VECTOR('',#2593,1.);
#2593 = DIRECTION('',(-0.618164746684,-0.78604856463));
#2594 = ( GEOMETRIC_REPRESENTATION_CONTEXT(2) 
PARAMETRIC_REPRESENTATION_CONTEXT() REPRESENTATION_CONTEXT('2D SPACE',''
  ) );
#2595 = ORIENTED_EDGE('',*,*,#2596,.T.);
#2596 = EDGE_CURVE('',#2569,#2511,#2597,.T.);
#2597 = SURFACE_CURVE('',#2598,(#2602,#2609),.PCURVE_S1.);
#2598 = LINE('',#2599,#2600);
#2599 = CARTESIAN_POINT('',(-19.70016381691,-22.67142404603,
    9.335143200069));
#2600 = VECTOR('',#2601,1.);
#2601 = DIRECTION('',(0.460471263426,-0.357581382115,0.8124664736));
#2602 = PCURVE('',#2526,#2603);
#2603 = DEFINITIONAL_REPRESENTATION('',(#2604),#2608);
#2604 = LINE('',#2605,#2606);
#2605 = CARTESIAN_POINT('',(-2.537235341977,3.536125311778));
#2606 = VECTOR('',#2607,1.);
#2607 = DIRECTION('',(0.582976105628,-0.812489298555));
#2608 = ( GEOMETRIC_REPRESENTATION_CONTEXT(2) 
PARAMETRIC_REPRESENTATION_CONTEXT() REPRESENTATION_CONTEXT('2D SPACE',''
  ) );
#2609 = PCURVE('',#2610,#2615);
#2610 = PLANE('',#2611);
#2611 = AXIS2_PLACEMENT_3D('',#2612,#2613,#2614);
#2612 = CARTESIAN_POINT('',(-17.69609546445,-24.22769386837,
    12.871169172811));
#2613 = DIRECTION('',(0.616036534838,0.78771375272,-2.455915622287E-03)
  );
#2614 = DIRECTION('',(0.787716128287,-0.616038392665,-1.794679751199E-19
    ));
#2615 = DEFINITIONAL_REPRESENTATION('',(#2616),#2620);
#2616 = LINE('',#2617,#2618);
#2617 = CARTESIAN_POINT('',(-2.53735892333,3.536036636599));
#2618 = VECTOR('',#2619,1.);
#2619 = DIRECTION('',(0.583004500698,-0.812468923815));
#2620 = ( GEOMETRIC_REPRESENTATION_CONTEXT(2) 
PARAMETRIC_REPRESENTATION_CONTEXT() REPRESENTATION_CONTEXT('2D SPACE',''
  ) );
#2621 = ADVANCED_FACE('',(#2622),#2610,.T.);
#2622 = FACE_BOUND('',#2623,.T.);
#2623 = EDGE_LOOP('',(#2624,#2625,#2653));
#2624 = ORIENTED_EDGE('',*,*,#2596,.F.);
#2625 = ORIENTED_EDGE('',*,*,#2626,.T.);
#2626 = EDGE_CURVE('',#2569,#2627,#2629,.T.);
#2627 = VERTEX_POINT('',#2628);
#2628 = CARTESIAN_POINT('',(-19.69254342918,-22.66642154581,
    12.851133483756));
#2629 = SURFACE_CURVE('',#2630,(#2634,#2641),.PCURVE_S1.);
#2630 = LINE('',#2631,#2632);
#2631 = CARTESIAN_POINT('',(-19.70016381691,-22.67142404603,
    9.335143200069));
#2632 = VECTOR('',#2633,1.);
#2633 = DIRECTION('',(2.167344475555E-03,1.422780780373E-03,
    0.999996639151));
#2634 = PCURVE('',#2610,#2635);
#2635 = DEFINITIONAL_REPRESENTATION('',(#2636),#2640);
#2636 = LINE('',#2637,#2638);
#2637 = CARTESIAN_POINT('',(-2.53735892333,3.536036636599));
#2638 = VECTOR('',#2639,1.);
#2639 = DIRECTION('',(8.307646138923E-04,-0.999999654915));
#2640 = ( GEOMETRIC_REPRESENTATION_CONTEXT(2) 
PARAMETRIC_REPRESENTATION_CONTEXT() REPRESENTATION_CONTEXT('2D SPACE',''
  ) );
#2641 = PCURVE('',#2642,#2647);
#2642 = PLANE('',#2643);
#2643 = AXIS2_PLACEMENT_3D('',#2644,#2645,#2646);
#2644 = CARTESIAN_POINT('',(-19.69254342918,-22.66642154581,
    12.851133483756));
#2645 = DIRECTION('',(0.68538706102,0.728174579732,-2.521511131536E-03)
  );
#2646 = DIRECTION('',(0.728176894617,-0.685389239882,1.48038538865E-19)
  );
#2647 = DEFINITIONAL_REPRESENTATION('',(#2648),#2652);
#2648 = LINE('',#2649,#2650);
#2649 = CARTESIAN_POINT('',(-2.12033045388E-03,3.516001461106));
#2650 = VECTOR('',#2651,1.);
#2651 = DIRECTION('',(6.030515321975E-04,-0.999999818164));
#2652 = ( GEOMETRIC_REPRESENTATION_CONTEXT(2) 
PARAMETRIC_REPRESENTATION_CONTEXT() REPRESENTATION_CONTEXT('2D SPACE',''
  ) );
#2653 = ORIENTED_EDGE('',*,*,#2654,.T.);
#2654 = EDGE_CURVE('',#2627,#2511,#2655,.T.);
#2655 = SURFACE_CURVE('',#2656,(#2660,#2667),.PCURVE_S1.);
#2656 = LINE('',#2657,#2658);
#2657 = CARTESIAN_POINT('',(-19.69254342918,-22.66642154581,
    12.851133483756));
#2658 = VECTOR('',#2659,1.);
#2659 = DIRECTION('',(0.787703475145,-0.616003850763,7.905130599017E-03)
  );
#2660 = PCURVE('',#2610,#2661);
#2661 = DEFINITIONAL_REPRESENTATION('',(#2662),#2666);
#2662 = LINE('',#2663,#2664);
#2663 = CARTESIAN_POINT('',(-2.534437953203,2.003574947787E-02));
#2664 = VECTOR('',#2665,1.);
#2665 = DIRECTION('',(0.999968753778,-7.905154439108E-03));
#2666 = ( GEOMETRIC_REPRESENTATION_CONTEXT(2) 
PARAMETRIC_REPRESENTATION_CONTEXT() REPRESENTATION_CONTEXT('2D SPACE',''
  ) );
#2667 = PCURVE('',#2668,#2673);
#2668 = PLANE('',#2669);
#2669 = AXIS2_PLACEMENT_3D('',#2670,#2671,#2672);
#2670 = CARTESIAN_POINT('',(-17.69609546445,-24.22769386837,
    12.871169172811));
#2671 = DIRECTION('',(-4.112294936948E-03,7.573926684095E-03,
    0.999962861643));
#2672 = DIRECTION('',(3.017347656524E-21,0.999971316921,
    -7.573990726129E-03));
#2673 = DEFINITIONAL_REPRESENTATION('',(#2674),#2678);
#2674 = LINE('',#2675,#2676);
#2675 = CARTESIAN_POINT('',(1.561379290579,1.996464845882));
#2676 = VECTOR('',#2677,1.);
#2677 = DIRECTION('',(-0.616046055262,-0.787710135644));
#2678 = ( GEOMETRIC_REPRESENTATION_CONTEXT(2) 
PARAMETRIC_REPRESENTATION_CONTEXT() REPRESENTATION_CONTEXT('2D SPACE',''
  ) );
#2679 = ADVANCED_FACE('',(#2680),#2642,.T.);
#2680 = FACE_BOUND('',#2681,.T.);
#2681 = EDGE_LOOP('',(#2682,#2683,#2706));
#2682 = ORIENTED_EDGE('',*,*,#2626,.F.);
#2683 = ORIENTED_EDGE('',*,*,#2684,.F.);
#2684 = EDGE_CURVE('',#2685,#2569,#2687,.T.);
#2685 = VERTEX_POINT('',#2686);
#2686 = CARTESIAN_POINT('',(-21.44531019218,-21.02895496086,
    9.29686877813));
#2687 = SURFACE_CURVE('',#2688,(#2692,#2699),.PCURVE_S1.);
#2688 = LINE('',#2689,#2690);
#2689 = CARTESIAN_POINT('',(-21.44531019218,-21.02895496086,
    9.29686877813));
#2690 = VECTOR('',#2691,1.);
#2691 = DIRECTION('',(0.728111641348,-0.685272524077,1.596889096211E-02)
  );
#2692 = PCURVE('',#2642,#2693);
#2693 = DEFINITIONAL_REPRESENTATION('',(#2694),#2698);
#2694 = LINE('',#2695,#2696);
#2695 = CARTESIAN_POINT('',(-2.398626236461,3.554276004721));
#2696 = VECTOR('',#2697,1.);
#2697 = DIRECTION('',(0.99987248832,-1.596894172761E-02));
#2698 = ( GEOMETRIC_REPRESENTATION_CONTEXT(2) 
PARAMETRIC_REPRESENTATION_CONTEXT() REPRESENTATION_CONTEXT('2D SPACE',''
  ) );
#2699 = PCURVE('',#2584,#2700);
#2700 = DEFINITIONAL_REPRESENTATION('',(#2701),#2705);
#2701 = LINE('',#2702,#2703);
#2702 = CARTESIAN_POINT('',(3.204998383428,3.745456982687));
#2703 = VECTOR('',#2704,1.);
#2704 = DIRECTION('',(-0.682816946928,-0.730589499643));
#2705 = ( GEOMETRIC_REPRESENTATION_CONTEXT(2) 
PARAMETRIC_REPRESENTATION_CONTEXT() REPRESENTATION_CONTEXT('2D SPACE',''
  ) );
#2706 = ORIENTED_EDGE('',*,*,#2707,.T.);
#2707 = EDGE_CURVE('',#2685,#2627,#2708,.T.);
#2708 = SURFACE_CURVE('',#2709,(#2713,#2720),.PCURVE_S1.);
#2709 = LINE('',#2710,#2711);
#2710 = CARTESIAN_POINT('',(-21.44531019218,-21.02895496086,
    9.29686877813));
#2711 = VECTOR('',#2712,1.);
#2712 = DIRECTION('',(0.408768222649,-0.381878707258,0.82890119622));
#2713 = PCURVE('',#2642,#2714);
#2714 = DEFINITIONAL_REPRESENTATION('',(#2715),#2719);
#2715 = LINE('',#2716,#2717);
#2716 = CARTESIAN_POINT('',(-2.398626236461,3.554276004721));
#2717 = VECTOR('',#2718,1.);
#2718 = DIRECTION('',(0.559391131882,-0.828903831317));
#2719 = ( GEOMETRIC_REPRESENTATION_CONTEXT(2) 
PARAMETRIC_REPRESENTATION_CONTEXT() REPRESENTATION_CONTEXT('2D SPACE',''
  ) );
#2720 = PCURVE('',#2721,#2726);
#2721 = PLANE('',#2722);
#2722 = AXIS2_PLACEMENT_3D('',#2723,#2724,#2725);
#2723 = CARTESIAN_POINT('',(-19.69254342918,-22.66642154581,
    12.851133483756));
#2724 = DIRECTION('',(0.698192403105,0.715762198546,-1.45548403772E-02)
  );
#2725 = DIRECTION('',(0.715838025335,-0.698266368576,9.194354083186E-19)
  );
#2726 = DEFINITIONAL_REPRESENTATION('',(#2727),#2731);
#2727 = LINE('',#2728,#2729);
#2728 = CARTESIAN_POINT('',(-2.398084944437,3.554641239174));
#2729 = VECTOR('',#2730,1.);
#2730 = DIRECTION('',(0.559264895475,-0.828989008787));
#2731 = ( GEOMETRIC_REPRESENTATION_CONTEXT(2) 
PARAMETRIC_REPRESENTATION_CONTEXT() REPRESENTATION_CONTEXT('2D SPACE',''
  ) );
#2732 = ADVANCED_FACE('',(#2733),#2721,.T.);
#2733 = FACE_BOUND('',#2734,.T.);
#2734 = EDGE_LOOP('',(#2735,#2736,#2764));
#2735 = ORIENTED_EDGE('',*,*,#2707,.F.);
#2736 = ORIENTED_EDGE('',*,*,#2737,.T.);
#2737 = EDGE_CURVE('',#2685,#2738,#2740,.T.);
#2738 = VERTEX_POINT('',#2739);
#2739 = CARTESIAN_POINT('',(-21.40068308945,-20.99953136792,
    12.884582439967));
#2740 = SURFACE_CURVE('',#2741,(#2745,#2752),.PCURVE_S1.);
#2741 = LINE('',#2742,#2743);
#2742 = CARTESIAN_POINT('',(-21.44531019218,-21.02895496086,
    9.29686877813));
#2743 = VECTOR('',#2744,1.);
#2744 = DIRECTION('',(1.243748929721E-02,8.200299815421E-03,
    0.999889025814));
#2745 = PCURVE('',#2721,#2746);
#2746 = DEFINITIONAL_REPRESENTATION('',(#2747),#2751);
#2747 = LINE('',#2748,#2749);
#2748 = CARTESIAN_POINT('',(-2.398084944437,3.554641239174));
#2749 = VECTOR('',#2750,1.);
#2750 = DIRECTION('',(3.177234205288E-03,-0.999994952579));
#2751 = ( GEOMETRIC_REPRESENTATION_CONTEXT(2) 
PARAMETRIC_REPRESENTATION_CONTEXT() REPRESENTATION_CONTEXT('2D SPACE',''
  ) );
#2752 = PCURVE('',#2753,#2758);
#2753 = PLANE('',#2754);
#2754 = AXIS2_PLACEMENT_3D('',#2755,#2756,#2757);
#2755 = CARTESIAN_POINT('',(-21.40068308945,-20.99953136792,
    12.884582439967));
#2756 = DIRECTION('',(0.725837233235,0.687710070868,-1.466864942851E-02)
  );
#2757 = DIRECTION('',(-0.687784069849,0.725915334775,6.752885117504E-19)
  );
#2758 = DEFINITIONAL_REPRESENTATION('',(#2759),#2763);
#2759 = LINE('',#2760,#2761);
#2760 = CARTESIAN_POINT('',(9.33477302109E-03,-3.588099707013));
#2761 = VECTOR('',#2762,1.);
#2762 = DIRECTION('',(-2.601583621774E-03,0.999996615876));
#2763 = ( GEOMETRIC_REPRESENTATION_CONTEXT(2) 
PARAMETRIC_REPRESENTATION_CONTEXT() REPRESENTATION_CONTEXT('2D SPACE',''
  ) );
#2764 = ORIENTED_EDGE('',*,*,#2765,.T.);
#2765 = EDGE_CURVE('',#2738,#2627,#2766,.T.);
#2766 = SURFACE_CURVE('',#2767,(#2771,#2778),.PCURVE_S1.);
#2767 = LINE('',#2768,#2769);
#2768 = CARTESIAN_POINT('',(-21.40068308945,-20.99953136792,
    12.884582439967));
#2769 = VECTOR('',#2770,1.);
#2770 = DIRECTION('',(0.715625284175,-0.698343809343,-1.401344360202E-02
    ));
#2771 = PCURVE('',#2721,#2772);
#2772 = DEFINITIONAL_REPRESENTATION('',(#2773),#2777);
#2773 = LINE('',#2774,#2775);
#2774 = CARTESIAN_POINT('',(-2.386684672736,-3.345249974356E-02));
#2775 = VECTOR('',#2776,1.);
#2776 = DIRECTION('',(0.999901786071,1.401492816551E-02));
#2777 = ( GEOMETRIC_REPRESENTATION_CONTEXT(2) 
PARAMETRIC_REPRESENTATION_CONTEXT() REPRESENTATION_CONTEXT('2D SPACE',''
  ) );
#2778 = PCURVE('',#2779,#2784);
#2779 = PLANE('',#2780);
#2780 = AXIS2_PLACEMENT_3D('',#2781,#2782,#2783);
#2781 = CARTESIAN_POINT('',(-19.69254342918,-22.66642154581,
    12.851133483756));
#2782 = DIRECTION('',(1.120486272875E-02,-8.582541401676E-03,
    0.999900390556));
#2783 = DIRECTION('',(0.999937218931,-1.037495878787E-20,
    -1.120527542674E-02));
#2784 = DEFINITIONAL_REPRESENTATION('',(#2785),#2789);
#2785 = LINE('',#2786,#2787);
#2786 = CARTESIAN_POINT('',(-1.708407226204,1.666951572863));
#2787 = VECTOR('',#2788,1.);
#2788 = DIRECTION('',(0.71573738095,-0.698369530772));
#2789 = ( GEOMETRIC_REPRESENTATION_CONTEXT(2) 
PARAMETRIC_REPRESENTATION_CONTEXT() REPRESENTATION_CONTEXT('2D SPACE',''
  ) );
#2790 = ADVANCED_FACE('',(#2791),#2779,.T.);
#2791 = FACE_BOUND('',#2792,.T.);
#2792 = EDGE_LOOP('',(#2793,#2794,#2822));
#2793 = ORIENTED_EDGE('',*,*,#2765,.F.);
#2794 = ORIENTED_EDGE('',*,*,#2795,.F.);
#2795 = EDGE_CURVE('',#2796,#2738,#2798,.T.);
#2796 = VERTEX_POINT('',#2797);
#2797 = CARTESIAN_POINT('',(-50.57698541746,-51.94681778853,
    12.945898643183));
#2798 = SURFACE_CURVE('',#2799,(#2803,#2810),.PCURVE_S1.);
#2799 = LINE('',#2800,#2801);
#2800 = CARTESIAN_POINT('',(-50.57698541746,-51.94681778853,
    12.945898643183));
#2801 = VECTOR('',#2802,1.);
#2802 = DIRECTION('',(0.685980195449,0.727618782831,-1.44163919724E-03)
  );
#2803 = PCURVE('',#2779,#2804);
#2804 = DEFINITIONAL_REPRESENTATION('',(#2805),#2809);
#2805 = LINE('',#2806,#2807);
#2806 = CARTESIAN_POINT('',(-30.88356489969,-29.28147469953));
#2807 = VECTOR('',#2808,1.);
#2808 = DIRECTION('',(0.685953282843,0.727645582518));
#2809 = ( GEOMETRIC_REPRESENTATION_CONTEXT(2) 
PARAMETRIC_REPRESENTATION_CONTEXT() REPRESENTATION_CONTEXT('2D SPACE',''
  ) );
#2810 = PCURVE('',#2811,#2816);
#2811 = PLANE('',#2812);
#2812 = AXIS2_PLACEMENT_3D('',#2813,#2814,#2815);
#2813 = CARTESIAN_POINT('',(-23.11514275452,-19.18989828321,
    12.890325105424));
#2814 = DIRECTION('',(2.72708080376E-03,-5.897179224269E-04,
    0.999996107624));
#2815 = DIRECTION('',(0.999996281507,-3.090534046566E-23,
    -2.727081277955E-03));
#2816 = DEFINITIONAL_REPRESENTATION('',(#2817),#2821);
#2817 = LINE('',#2818,#2819);
#2818 = CARTESIAN_POINT('',(-27.46189209982,-32.75692520121));
#2819 = VECTOR('',#2820,1.);
#2820 = DIRECTION('',(0.685981576103,0.727618909352));
#2821 = ( GEOMETRIC_REPRESENTATION_CONTEXT(2) 
PARAMETRIC_REPRESENTATION_CONTEXT() REPRESENTATION_CONTEXT('2D SPACE',''
  ) );
#2822 = ORIENTED_EDGE('',*,*,#2823,.T.);
#2823 = EDGE_CURVE('',#2796,#2627,#2824,.T.);
#2824 = SURFACE_CURVE('',#2825,(#2829,#2836),.PCURVE_S1.);
#2825 = LINE('',#2826,#2827);
#2826 = CARTESIAN_POINT('',(-50.57698541746,-51.94681778853,
    12.945898643183));
#2827 = VECTOR('',#2828,1.);
#2828 = DIRECTION('',(0.725699181457,0.688008531743,-2.226719804519E-03)
  );
#2829 = PCURVE('',#2779,#2830);
#2830 = DEFINITIONAL_REPRESENTATION('',(#2831),#2835);
#2831 = LINE('',#2832,#2833);
#2832 = CARTESIAN_POINT('',(-30.88356489969,-29.28147469953));
#2833 = VECTOR('',#2834,1.);
#2834 = DIRECTION('',(0.725678572295,0.688033872503));
#2835 = ( GEOMETRIC_REPRESENTATION_CONTEXT(2) 
PARAMETRIC_REPRESENTATION_CONTEXT() REPRESENTATION_CONTEXT('2D SPACE',''
  ) );
#2836 = PCURVE('',#2668,#2837);
#2837 = DEFINITIONAL_REPRESENTATION('',(#2838),#2842);
#2838 = LINE('',#2839,#2840);
#2839 = CARTESIAN_POINT('',(-27.71889485065,32.881167980405));
#2840 = VECTOR('',#2841,1.);
#2841 = DIRECTION('',(0.688005662695,-0.725705317673));
#2842 = ( GEOMETRIC_REPRESENTATION_CONTEXT(2) 
PARAMETRIC_REPRESENTATION_CONTEXT() REPRESENTATION_CONTEXT('2D SPACE',''
  ) );
#2843 = ADVANCED_FACE('',(#2844),#2811,.T.);
#2844 = FACE_BOUND('',#2845,.T.);
#2845 = EDGE_LOOP('',(#2846,#2874,#2875));
#2846 = ORIENTED_EDGE('',*,*,#2847,.F.);
#2847 = EDGE_CURVE('',#2796,#2848,#2850,.T.);
#2848 = VERTEX_POINT('',#2849);
#2849 = CARTESIAN_POINT('',(-23.11514275452,-19.18989828321,
    12.890325105424));
#2850 = SURFACE_CURVE('',#2851,(#2855,#2862),.PCURVE_S1.);
#2851 = LINE('',#2852,#2853);
#2852 = CARTESIAN_POINT('',(-50.57698541746,-51.94681778853,
    12.945898643183));
#2853 = VECTOR('',#2854,1.);
#2854 = DIRECTION('',(0.642450983913,0.766325676848,-1.300104820031E-03)
  );
#2855 = PCURVE('',#2811,#2856);
#2856 = DEFINITIONAL_REPRESENTATION('',(#2857),#2861);
#2857 = LINE('',#2858,#2859);
#2858 = CARTESIAN_POINT('',(-27.46189209982,-32.75692520121));
#2859 = VECTOR('',#2860,1.);
#2860 = DIRECTION('',(0.642452140455,0.766325810099));
#2861 = ( GEOMETRIC_REPRESENTATION_CONTEXT(2) 
PARAMETRIC_REPRESENTATION_CONTEXT() REPRESENTATION_CONTEXT('2D SPACE',''
  ) );
#2862 = PCURVE('',#2863,#2868);
#2863 = PLANE('',#2864);
#2864 = AXIS2_PLACEMENT_3D('',#2865,#2866,#2867);
#2865 = CARTESIAN_POINT('',(-24.55080623885,-17.28471659462,
    12.921151648653));
#2866 = DIRECTION('',(1.122881127523E-02,-7.717315097189E-03,
    0.999907174114));
#2867 = DIRECTION('',(0.999936951156,-5.27418880064E-21,
    -1.122914566706E-02));
#2868 = DEFINITIONAL_REPRESENTATION('',(#2869),#2873);
#2869 = LINE('',#2870,#2871);
#2870 = CARTESIAN_POINT('',(-26.02481614571,-34.66313342457));
#2871 = VECTOR('',#2872,1.);
#2872 = DIRECTION('',(0.642425077188,0.766348497878));
#2873 = ( GEOMETRIC_REPRESENTATION_CONTEXT(2) 
PARAMETRIC_REPRESENTATION_CONTEXT() REPRESENTATION_CONTEXT('2D SPACE',''
  ) );
#2874 = ORIENTED_EDGE('',*,*,#2795,.T.);
#2875 = ORIENTED_EDGE('',*,*,#2876,.F.);
#2876 = EDGE_CURVE('',#2848,#2738,#2877,.T.);
#2877 = SURFACE_CURVE('',#2878,(#2882,#2889),.PCURVE_S1.);
#2878 = LINE('',#2879,#2880);
#2879 = CARTESIAN_POINT('',(-23.11514275452,-19.18989828321,
    12.890325105424));
#2880 = VECTOR('',#2881,1.);
#2881 = DIRECTION('',(0.687757711788,-0.725936652157,-2.30367767456E-03)
  );
#2882 = PCURVE('',#2811,#2883);
#2883 = DEFINITIONAL_REPRESENTATION('',(#2884),#2888);
#2884 = LINE('',#2885,#2886);
#2885 = CARTESIAN_POINT('',(0.,0.));
#2886 = VECTOR('',#2887,1.);
#2887 = DIRECTION('',(0.687761436682,-0.725936778385));
#2888 = ( GEOMETRIC_REPRESENTATION_CONTEXT(2) 
PARAMETRIC_REPRESENTATION_CONTEXT() REPRESENTATION_CONTEXT('2D SPACE',''
  ) );
#2889 = PCURVE('',#2753,#2890);
#2890 = DEFINITIONAL_REPRESENTATION('',(#2891),#2895);
#2891 = LINE('',#2892,#2893);
#2892 = CARTESIAN_POINT('',(2.492818452546,5.743283379428E-03));
#2893 = VECTOR('',#2894,1.);
#2894 = DIRECTION('',(-0.99999734596,-2.303925554891E-03));
#2895 = ( GEOMETRIC_REPRESENTATION_CONTEXT(2) 
PARAMETRIC_REPRESENTATION_CONTEXT() REPRESENTATION_CONTEXT('2D SPACE',''
  ) );
#2896 = ADVANCED_FACE('',(#2897),#2668,.T.);
#2897 = FACE_BOUND('',#2898,.T.);
#2898 = EDGE_LOOP('',(#2899,#2900,#2901));
#2899 = ORIENTED_EDGE('',*,*,#2654,.F.);
#2900 = ORIENTED_EDGE('',*,*,#2823,.F.);
#2901 = ORIENTED_EDGE('',*,*,#2902,.T.);
#2902 = EDGE_CURVE('',#2796,#2511,#2903,.T.);
#2903 = SURFACE_CURVE('',#2904,(#2908,#2915),.PCURVE_S1.);
#2904 = LINE('',#2905,#2906);
#2905 = CARTESIAN_POINT('',(-50.57698541746,-51.94681778853,
    12.945898643183));
#2906 = VECTOR('',#2907,1.);
#2907 = DIRECTION('',(0.76456676668,0.644542193996,-1.737655812233E-03)
  );
#2908 = PCURVE('',#2668,#2909);
#2909 = DEFINITIONAL_REPRESENTATION('',(#2910),#2914);
#2910 = LINE('',#2911,#2912);
#2911 = CARTESIAN_POINT('',(-27.71889485065,32.881167980405));
#2912 = VECTOR('',#2913,1.);
#2913 = DIRECTION('',(0.64453686753,-0.764573231545));
#2914 = ( GEOMETRIC_REPRESENTATION_CONTEXT(2) 
PARAMETRIC_REPRESENTATION_CONTEXT() REPRESENTATION_CONTEXT('2D SPACE',''
  ) );
#2915 = PCURVE('',#2552,#2916);
#2916 = DEFINITIONAL_REPRESENTATION('',(#2917),#2921);
#2917 = LINE('',#2918,#2919);
#2918 = CARTESIAN_POINT('',(-26.36953103584,34.910630444515));
#2919 = VECTOR('',#2920,1.);
#2920 = DIRECTION('',(0.644320428773,-0.764755637486));
#2921 = ( GEOMETRIC_REPRESENTATION_CONTEXT(2) 
PARAMETRIC_REPRESENTATION_CONTEXT() REPRESENTATION_CONTEXT('2D SPACE',''
  ) );
#2922 = ADVANCED_FACE('',(#2923),#2863,.T.);
#2923 = FACE_BOUND('',#2924,.T.);
#2924 = EDGE_LOOP('',(#2925,#2953,#2954));
#2925 = ORIENTED_EDGE('',*,*,#2926,.F.);
#2926 = EDGE_CURVE('',#2796,#2927,#2929,.T.);
#2927 = VERTEX_POINT('',#2928);
#2928 = CARTESIAN_POINT('',(-24.55080623885,-17.28471659462,
    12.921151648653));
#2929 = SURFACE_CURVE('',#2930,(#2934,#2941),.PCURVE_S1.);
#2930 = LINE('',#2931,#2932);
#2931 = CARTESIAN_POINT('',(-50.57698541746,-51.94681778853,
    12.945898643183));
#2932 = VECTOR('',#2933,1.);
#2933 = DIRECTION('',(0.600436908643,0.79967192822,-5.709254820549E-04)
  );
#2934 = PCURVE('',#2863,#2935);
#2935 = DEFINITIONAL_REPRESENTATION('',(#2936),#2940);
#2936 = LINE('',#2937,#2938);
#2937 = CARTESIAN_POINT('',(-26.02481614571,-34.66313342457));
#2938 = VECTOR('',#2939,1.);
#2939 = DIRECTION('',(0.600405462796,0.799695742295));
#2940 = ( GEOMETRIC_REPRESENTATION_CONTEXT(2) 
PARAMETRIC_REPRESENTATION_CONTEXT() REPRESENTATION_CONTEXT('2D SPACE',''
  ) );
#2941 = PCURVE('',#2942,#2947);
#2942 = PLANE('',#2943);
#2943 = AXIS2_PLACEMENT_3D('',#2944,#2945,#2946);
#2944 = CARTESIAN_POINT('',(-25.85801012502,-15.1686075825,
    12.953039250976));
#2945 = DIRECTION('',(1.153109518734E-02,-7.944289923152E-03,
    0.999901956244));
#2946 = DIRECTION('',(0.999933510515,-5.863068879969E-21,
    -1.153145907832E-02));
#2947 = DEFINITIONAL_REPRESENTATION('',(#2948),#2952);
#2948 = LINE('',#2949,#2950);
#2949 = CARTESIAN_POINT('',(-24.71724939889,-36.77937082942));
#2950 = VECTOR('',#2951,1.);
#2951 = DIRECTION('',(0.600403569507,0.799697163759));
#2952 = ( GEOMETRIC_REPRESENTATION_CONTEXT(2) 
PARAMETRIC_REPRESENTATION_CONTEXT() REPRESENTATION_CONTEXT('2D SPACE',''
  ) );
#2953 = ORIENTED_EDGE('',*,*,#2847,.T.);
#2954 = ORIENTED_EDGE('',*,*,#2955,.F.);
#2955 = EDGE_CURVE('',#2927,#2848,#2956,.T.);
#2956 = SURFACE_CURVE('',#2957,(#2961,#2968),.PCURVE_S1.);
#2957 = LINE('',#2958,#2959);
#2958 = CARTESIAN_POINT('',(-24.55080623885,-17.28471659462,
    12.921151648653));
#2959 = VECTOR('',#2960,1.);
#2960 = DIRECTION('',(0.601766415546,-0.798567608791,-1.292111878968E-02
    ));
#2961 = PCURVE('',#2863,#2962);
#2962 = DEFINITIONAL_REPRESENTATION('',(#2963),#2967);
#2963 = LINE('',#2964,#2965);
#2964 = CARTESIAN_POINT('',(0.,0.));
#2965 = VECTOR('',#2966,1.);
#2966 = DIRECTION('',(0.601873567994,-0.79859138998));
#2967 = ( GEOMETRIC_REPRESENTATION_CONTEXT(2) 
PARAMETRIC_REPRESENTATION_CONTEXT() REPRESENTATION_CONTEXT('2D SPACE',''
  ) );
#2968 = PCURVE('',#2969,#2974);
#2969 = PLANE('',#2970);
#2970 = AXIS2_PLACEMENT_3D('',#2971,#2972,#2973);
#2971 = CARTESIAN_POINT('',(-23.11514275452,-19.18989828321,
    12.890325105424));
#2972 = DIRECTION('',(0.798637148785,0.60150986985,1.909400571694E-02));
#2973 = DIRECTION('',(-0.601619549392,0.798782772592,-1.029061467748E-18
    ));
#2974 = DEFINITIONAL_REPRESENTATION('',(#2975),#2979);
#2975 = LINE('',#2976,#2977);
#2976 = CARTESIAN_POINT('',(2.385549530021,3.083216415347E-02));
#2977 = VECTOR('',#2978,1.);
#2978 = DIRECTION('',(-0.999916488412,-1.292347483149E-02));
#2979 = ( GEOMETRIC_REPRESENTATION_CONTEXT(2) 
PARAMETRIC_REPRESENTATION_CONTEXT() REPRESENTATION_CONTEXT('2D SPACE',''
  ) );
#2980 = ADVANCED_FACE('',(#2981),#2969,.T.);
#2981 = FACE_BOUND('',#2982,.T.);
#2982 = EDGE_LOOP('',(#2983,#3011,#3037));
#2983 = ORIENTED_EDGE('',*,*,#2984,.T.);
#2984 = EDGE_CURVE('',#2848,#2985,#2987,.T.);
#2985 = VERTEX_POINT('',#2986);
#2986 = CARTESIAN_POINT('',(-23.05053880511,-19.16279440856,
    9.334321033963));
#2987 = SURFACE_CURVE('',#2988,(#2992,#2999),.PCURVE_S1.);
#2988 = LINE('',#2989,#2990);
#2989 = CARTESIAN_POINT('',(-23.11514275452,-19.18989828321,
    12.890325105424));
#2990 = VECTOR('',#2991,1.);
#2991 = DIRECTION('',(1.816404412765E-02,7.620524435259E-03,
    -0.999805978732));
#2992 = PCURVE('',#2969,#2993);
#2993 = DEFINITIONAL_REPRESENTATION('',(#2994),#2998);
#2994 = LINE('',#2995,#2996);
#2995 = CARTESIAN_POINT('',(0.,0.));
#2996 = VECTOR('',#2997,1.);
#2997 = DIRECTION('',(-4.840700406214E-03,-0.999988283741));
#2998 = ( GEOMETRIC_REPRESENTATION_CONTEXT(2) 
PARAMETRIC_REPRESENTATION_CONTEXT() REPRESENTATION_CONTEXT('2D SPACE',''
  ) );
#2999 = PCURVE('',#3000,#3005);
#3000 = PLANE('',#3001);
#3001 = AXIS2_PLACEMENT_3D('',#3002,#3003,#3004);
#3002 = CARTESIAN_POINT('',(-23.11514275452,-19.18989828321,
    12.890325105424));
#3003 = DIRECTION('',(0.758171571785,0.651785703592,1.874204712275E-02)
  );
#3004 = DIRECTION('',(-0.651900208294,0.75830476619,5.288216105851E-19)
  );
#3005 = DEFINITIONAL_REPRESENTATION('',(#3006),#3010);
#3006 = LINE('',#3007,#3008);
#3007 = CARTESIAN_POINT('',(0.,0.));
#3008 = VECTOR('',#3009,1.);
#3009 = DIRECTION('',(-6.062464150144E-03,-0.999981623095));
#3010 = ( GEOMETRIC_REPRESENTATION_CONTEXT(2) 
PARAMETRIC_REPRESENTATION_CONTEXT() REPRESENTATION_CONTEXT('2D SPACE',''
  ) );
#3011 = ORIENTED_EDGE('',*,*,#3012,.F.);
#3012 = EDGE_CURVE('',#2927,#2985,#3013,.T.);
#3013 = SURFACE_CURVE('',#3014,(#3018,#3025),.PCURVE_S1.);
#3014 = LINE('',#3015,#3016);
#3015 = CARTESIAN_POINT('',(-24.55080623885,-17.28471659462,
    12.921151648653));
#3016 = VECTOR('',#3017,1.);
#3017 = DIRECTION('',(0.347461675451,-0.434962493477,-0.83070934349));
#3018 = PCURVE('',#2969,#3019);
#3019 = DEFINITIONAL_REPRESENTATION('',(#3020),#3024);
#3020 = LINE('',#3021,#3022);
#3021 = CARTESIAN_POINT('',(2.385549530021,3.083216415347E-02));
#3022 = VECTOR('',#3023,1.);
#3023 = DIRECTION('',(-0.556480283128,-0.830860815353));
#3024 = ( GEOMETRIC_REPRESENTATION_CONTEXT(2) 
PARAMETRIC_REPRESENTATION_CONTEXT() REPRESENTATION_CONTEXT('2D SPACE',''
  ) );
#3025 = PCURVE('',#3026,#3031);
#3026 = PLANE('',#3027);
#3027 = AXIS2_PLACEMENT_3D('',#3028,#3029,#3030);
#3028 = CARTESIAN_POINT('',(-24.55080623885,-17.28471659462,
    12.921151648653));
#3029 = DIRECTION('',(0.782313234432,0.622884298067,1.074454904894E-03)
  );
#3030 = DIRECTION('',(-0.622884657613,0.782313686005,2.912921164215E-21)
  );
#3031 = DEFINITIONAL_REPRESENTATION('',(#3032),#3036);
#3032 = LINE('',#3033,#3034);
#3033 = CARTESIAN_POINT('',(0.,0.));
#3034 = VECTOR('',#3035,1.);
#3035 = DIRECTION('',(-0.556705658292,-0.830709822998));
#3036 = ( GEOMETRIC_REPRESENTATION_CONTEXT(2) 
PARAMETRIC_REPRESENTATION_CONTEXT() REPRESENTATION_CONTEXT('2D SPACE',''
  ) );
#3037 = ORIENTED_EDGE('',*,*,#2955,.T.);
#3038 = ADVANCED_FACE('',(#3039),#3000,.T.);
#3039 = FACE_BOUND('',#3040,.T.);
#3040 = EDGE_LOOP('',(#3041,#3062,#3088));
#3041 = ORIENTED_EDGE('',*,*,#3042,.T.);
#3042 = EDGE_CURVE('',#2848,#2685,#3043,.T.);
#3043 = SURFACE_CURVE('',#3044,(#3048,#3055),.PCURVE_S1.);
#3044 = LINE('',#3045,#3046);
#3045 = CARTESIAN_POINT('',(-23.11514275452,-19.18989828321,
    12.890325105424));
#3046 = VECTOR('',#3047,1.);
#3047 = DIRECTION('',(0.382247861661,-0.420985611587,-0.822592053871));
#3048 = PCURVE('',#3000,#3049);
#3049 = DEFINITIONAL_REPRESENTATION('',(#3050),#3054);
#3050 = LINE('',#3051,#3052);
#3051 = CARTESIAN_POINT('',(0.,0.));
#3052 = VECTOR('',#3053,1.);
#3053 = DIRECTION('',(-0.5684228564,-0.822736565567));
#3054 = ( GEOMETRIC_REPRESENTATION_CONTEXT(2) 
PARAMETRIC_REPRESENTATION_CONTEXT() REPRESENTATION_CONTEXT('2D SPACE',''
  ) );
#3055 = PCURVE('',#2753,#3056);
#3056 = DEFINITIONAL_REPRESENTATION('',(#3057),#3061);
#3057 = LINE('',#3058,#3059);
#3058 = CARTESIAN_POINT('',(2.492818452546,5.743283379428E-03));
#3059 = VECTOR('',#3060,1.);
#3060 = DIRECTION('',(-0.568503901155,-0.822680566424));
#3061 = ( GEOMETRIC_REPRESENTATION_CONTEXT(2) 
PARAMETRIC_REPRESENTATION_CONTEXT() REPRESENTATION_CONTEXT('2D SPACE',''
  ) );
#3062 = ORIENTED_EDGE('',*,*,#3063,.F.);
#3063 = EDGE_CURVE('',#2985,#2685,#3064,.T.);
#3064 = SURFACE_CURVE('',#3065,(#3069,#3076),.PCURVE_S1.);
#3065 = LINE('',#3066,#3067);
#3066 = CARTESIAN_POINT('',(-23.05053880511,-19.16279440856,
    9.334321033963));
#3067 = VECTOR('',#3068,1.);
#3068 = DIRECTION('',(0.652040989137,-0.758031075828,-1.521303927837E-02
    ));
#3069 = PCURVE('',#3000,#3070);
#3070 = DEFINITIONAL_REPRESENTATION('',(#3071),#3075);
#3071 = LINE('',#3072,#3073);
#3072 = CARTESIAN_POINT('',(-2.156233075175E-02,-3.556628784739));
#3073 = VECTOR('',#3074,1.);
#3074 = DIRECTION('',(-0.999884234355,-1.521571188151E-02));
#3075 = ( GEOMETRIC_REPRESENTATION_CONTEXT(2) 
PARAMETRIC_REPRESENTATION_CONTEXT() REPRESENTATION_CONTEXT('2D SPACE',''
  ) );
#3076 = PCURVE('',#3077,#3082);
#3077 = PLANE('',#3078);
#3078 = AXIS2_PLACEMENT_3D('',#3079,#3080,#3081);
#3079 = CARTESIAN_POINT('',(-17.71255625498,-24.248364934,9.345961711553
    ));
#3080 = DIRECTION('',(-0.116353880429,-0.119872074023,0.985947493723));
#3081 = DIRECTION('',(1.111245762502E-18,0.992690022641,0.12069183464));
#3082 = DEFINITIONAL_REPRESENTATION('',(#3083),#3087);
#3083 = LINE('',#3084,#3085);
#3084 = CARTESIAN_POINT('',(5.046990185311,5.374487031287));
#3085 = VECTOR('',#3086,1.);
#3086 = DIRECTION('',(-0.754325975447,-0.65650005542));
#3087 = ( GEOMETRIC_REPRESENTATION_CONTEXT(2) 
PARAMETRIC_REPRESENTATION_CONTEXT() REPRESENTATION_CONTEXT('2D SPACE',''
  ) );
#3088 = ORIENTED_EDGE('',*,*,#2984,.F.);
#3089 = ADVANCED_FACE('',(#3090),#3026,.T.);
#3090 = FACE_BOUND('',#3091,.T.);
#3091 = EDGE_LOOP('',(#3092,#3093,#3121));
#3092 = ORIENTED_EDGE('',*,*,#3012,.T.);
#3093 = ORIENTED_EDGE('',*,*,#3094,.F.);
#3094 = EDGE_CURVE('',#3095,#2985,#3097,.T.);
#3095 = VERTEX_POINT('',#3096);
#3096 = CARTESIAN_POINT('',(-24.59053735809,-17.22865681082,
    9.350430658981));
#3097 = SURFACE_CURVE('',#3098,(#3102,#3109),.PCURVE_S1.);
#3098 = LINE('',#3099,#3100);
#3099 = CARTESIAN_POINT('',(-24.59053735809,-17.22865681082,
    9.350430658981));
#3100 = VECTOR('',#3101,1.);
#3101 = DIRECTION('',(0.622876911919,-0.782292718249,-6.515794098602E-03
    ));
#3102 = PCURVE('',#3026,#3103);
#3103 = DEFINITIONAL_REPRESENTATION('',(#3104),#3108);
#3104 = LINE('',#3105,#3106);
#3105 = CARTESIAN_POINT('',(6.860424070833E-02,-3.570723050789));
#3106 = VECTOR('',#3107,1.);
#3107 = DIRECTION('',(-0.999978771964,-6.515797859695E-03));
#3108 = ( GEOMETRIC_REPRESENTATION_CONTEXT(2) 
PARAMETRIC_REPRESENTATION_CONTEXT() REPRESENTATION_CONTEXT('2D SPACE',''
  ) );
#3109 = PCURVE('',#3110,#3115);
#3110 = PLANE('',#3111);
#3111 = AXIS2_PLACEMENT_3D('',#3112,#3113,#3114);
#3112 = CARTESIAN_POINT('',(-25.91497155481,-15.1957112199,
    9.357710736791));
#3113 = DIRECTION('',(3.278243958838E-02,1.777872000968E-02,
    0.999304372436));
#3114 = DIRECTION('',(0.99946234139,2.422142988572E-20,
    -3.278762180096E-02));
#3115 = DEFINITIONAL_REPRESENTATION('',(#3116),#3120);
#3116 = LINE('',#3117,#3118);
#3117 = CARTESIAN_POINT('',(1.323960799708,-2.033266956752));
#3118 = VECTOR('',#3119,1.);
#3119 = DIRECTION('',(0.622755654177,-0.782416382236));
#3120 = ( GEOMETRIC_REPRESENTATION_CONTEXT(2) 
PARAMETRIC_REPRESENTATION_CONTEXT() REPRESENTATION_CONTEXT('2D SPACE',''
  ) );
#3121 = ORIENTED_EDGE('',*,*,#3122,.T.);
#3122 = EDGE_CURVE('',#3095,#2927,#3123,.T.);
#3123 = SURFACE_CURVE('',#3124,(#3128,#3135),.PCURVE_S1.);
#3124 = LINE('',#3125,#3126);
#3125 = CARTESIAN_POINT('',(-24.59053735809,-17.22865681082,
    9.350430658981));
#3126 = VECTOR('',#3127,1.);
#3127 = DIRECTION('',(1.112485834369E-02,-1.569694399431E-02,
    0.999814904608));
#3128 = PCURVE('',#3026,#3129);
#3129 = DEFINITIONAL_REPRESENTATION('',(#3130),#3134);
#3130 = LINE('',#3131,#3132);
#3131 = CARTESIAN_POINT('',(6.860424070833E-02,-3.570723050789));
#3132 = VECTOR('',#3133,1.);
#3133 = DIRECTION('',(-1.92094376956E-02,0.999815481728));
#3134 = ( GEOMETRIC_REPRESENTATION_CONTEXT(2) 
PARAMETRIC_REPRESENTATION_CONTEXT() REPRESENTATION_CONTEXT('2D SPACE',''
  ) );
#3135 = PCURVE('',#3136,#3141);
#3136 = PLANE('',#3137);
#3137 = AXIS2_PLACEMENT_3D('',#3138,#3139,#3140);
#3138 = CARTESIAN_POINT('',(-24.55080623885,-17.28471659462,
    12.921151648653));
#3139 = DIRECTION('',(0.837873021722,0.545864665036,-7.529509688772E-04)
  );
#3140 = DIRECTION('',(-0.545864819771,0.837873259232,2.240333409092E-20)
  );
#3141 = DEFINITIONAL_REPRESENTATION('',(#3142),#3146);
#3142 = LINE('',#3143,#3144);
#3143 = CARTESIAN_POINT('',(6.865881401028E-02,-3.570722001856));
#3144 = VECTOR('',#3145,1.);
#3145 = DIRECTION('',(-1.922471841926E-02,0.999815188023));
#3146 = ( GEOMETRIC_REPRESENTATION_CONTEXT(2) 
PARAMETRIC_REPRESENTATION_CONTEXT() REPRESENTATION_CONTEXT('2D SPACE',''
  ) );
#3147 = ADVANCED_FACE('',(#3148),#3136,.T.);
#3148 = FACE_BOUND('',#3149,.T.);
#3149 = EDGE_LOOP('',(#3150,#3151,#3174));
#3150 = ORIENTED_EDGE('',*,*,#3122,.F.);
#3151 = ORIENTED_EDGE('',*,*,#3152,.F.);
#3152 = EDGE_CURVE('',#3153,#3095,#3155,.T.);
#3153 = VERTEX_POINT('',#3154);
#3154 = CARTESIAN_POINT('',(-25.91497155481,-15.1957112199,
    9.357710736791));
#3155 = SURFACE_CURVE('',#3156,(#3160,#3167),.PCURVE_S1.);
#3156 = LINE('',#3157,#3158);
#3157 = CARTESIAN_POINT('',(-25.91497155481,-15.1957112199,
    9.357710736791));
#3158 = VECTOR('',#3159,1.);
#3159 = DIRECTION('',(0.545860469704,-0.837870720862,-3.000456121251E-03
    ));
#3160 = PCURVE('',#3136,#3161);
#3161 = DEFINITIONAL_REPRESENTATION('',(#3162),#3166);
#3162 = LINE('',#3163,#3164);
#3163 = CARTESIAN_POINT('',(2.494971596201,-3.563441921983));
#3164 = VECTOR('',#3165,1.);
#3165 = DIRECTION('',(-0.999995498619,-3.000456971783E-03));
#3166 = ( GEOMETRIC_REPRESENTATION_CONTEXT(2) 
PARAMETRIC_REPRESENTATION_CONTEXT() REPRESENTATION_CONTEXT('2D SPACE',''
  ) );
#3167 = PCURVE('',#3110,#3168);
#3168 = DEFINITIONAL_REPRESENTATION('',(#3169),#3173);
#3169 = LINE('',#3170,#3171);
#3170 = CARTESIAN_POINT('',(0.,0.));
#3171 = VECTOR('',#3172,1.);
#3172 = DIRECTION('',(0.545665360944,-0.838003170559));
#3173 = ( GEOMETRIC_REPRESENTATION_CONTEXT(2) 
PARAMETRIC_REPRESENTATION_CONTEXT() REPRESENTATION_CONTEXT('2D SPACE',''
  ) );
#3174 = ORIENTED_EDGE('',*,*,#3175,.T.);
#3175 = EDGE_CURVE('',#3153,#2927,#3176,.T.);
#3176 = SURFACE_CURVE('',#3177,(#3181,#3188),.PCURVE_S1.);
#3177 = LINE('',#3178,#3179);
#3178 = CARTESIAN_POINT('',(-25.91497155481,-15.1957112199,
    9.357710736791));
#3179 = VECTOR('',#3180,1.);
#3180 = DIRECTION('',(0.313597065676,-0.480224755773,0.819170961608));
#3181 = PCURVE('',#3136,#3182);
#3182 = DEFINITIONAL_REPRESENTATION('',(#3183),#3187);
#3183 = LINE('',#3184,#3185);
#3184 = CARTESIAN_POINT('',(2.494971596201,-3.563441921983));
#3185 = VECTOR('',#3186,1.);
#3186 = DIRECTION('',(-0.573549087019,0.819171193817));
#3187 = ( GEOMETRIC_REPRESENTATION_CONTEXT(2) 
PARAMETRIC_REPRESENTATION_CONTEXT() REPRESENTATION_CONTEXT('2D SPACE',''
  ) );
#3188 = PCURVE('',#3189,#3194);
#3189 = PLANE('',#3190);
#3190 = AXIS2_PLACEMENT_3D('',#3191,#3192,#3193);
#3191 = CARTESIAN_POINT('',(-24.55080623885,-17.28471659462,
    12.921151648653));
#3192 = DIRECTION('',(0.850516011901,0.525660007562,-1.743760162509E-02)
  );
#3193 = DIRECTION('',(-0.525739944498,0.850645349578,-4.514765339511E-19
    ));
#3194 = DEFINITIONAL_REPRESENTATION('',(#3195),#3199);
#3195 = LINE('',#3196,#3197);
#3196 = CARTESIAN_POINT('',(2.494198904745,-3.563982803096));
#3197 = VECTOR('',#3198,1.);
#3198 = DIRECTION('',(-0.573371459154,0.819295532655));
#3199 = ( GEOMETRIC_REPRESENTATION_CONTEXT(2) 
PARAMETRIC_REPRESENTATION_CONTEXT() REPRESENTATION_CONTEXT('2D SPACE',''
  ) );
#3200 = ADVANCED_FACE('',(#3201),#3189,.T.);
#3201 = FACE_BOUND('',#3202,.T.);
#3202 = EDGE_LOOP('',(#3203,#3204,#3232));
#3203 = ORIENTED_EDGE('',*,*,#3175,.F.);
#3204 = ORIENTED_EDGE('',*,*,#3205,.T.);
#3205 = EDGE_CURVE('',#3153,#3206,#3208,.T.);
#3206 = VERTEX_POINT('',#3207);
#3207 = CARTESIAN_POINT('',(-25.85801012502,-15.1686075825,
    12.953039250976));
#3208 = SURFACE_CURVE('',#3209,(#3213,#3220),.PCURVE_S1.);
#3209 = LINE('',#3210,#3211);
#3210 = CARTESIAN_POINT('',(-25.91497155481,-15.1957112199,
    9.357710736791));
#3211 = VECTOR('',#3212,1.);
#3212 = DIRECTION('',(1.584074005894E-02,7.537410423891E-03,
    0.999846117359));
#3213 = PCURVE('',#3189,#3214);
#3214 = DEFINITIONAL_REPRESENTATION('',(#3215),#3219);
#3215 = LINE('',#3216,#3217);
#3216 = CARTESIAN_POINT('',(2.494198904745,-3.563982803096));
#3217 = VECTOR('',#3218,1.);
#3218 = DIRECTION('',(-1.916446674458E-03,0.999998163614));
#3219 = ( GEOMETRIC_REPRESENTATION_CONTEXT(2) 
PARAMETRIC_REPRESENTATION_CONTEXT() REPRESENTATION_CONTEXT('2D SPACE',''
  ) );
#3220 = PCURVE('',#3221,#3226);
#3221 = PLANE('',#3222);
#3222 = AXIS2_PLACEMENT_3D('',#3223,#3224,#3225);
#3223 = CARTESIAN_POINT('',(-25.85801012502,-15.1686075825,
    12.953039250976));
#3224 = DIRECTION('',(0.887186962656,0.461076926359,-1.753172191773E-02)
  );
#3225 = DIRECTION('',(-0.461147801293,0.887323337551,-2.014624416212E-19
    ));
#3226 = DEFINITIONAL_REPRESENTATION('',(#3227),#3231);
#3227 = LINE('',#3228,#3229);
#3228 = CARTESIAN_POINT('',(2.217948111411E-03,-3.595881173963));
#3229 = VECTOR('',#3230,1.);
#3230 = DIRECTION('',(-6.168022752163E-04,0.999999809777));
#3231 = ( GEOMETRIC_REPRESENTATION_CONTEXT(2) 
PARAMETRIC_REPRESENTATION_CONTEXT() REPRESENTATION_CONTEXT('2D SPACE',''
  ) );
#3232 = ORIENTED_EDGE('',*,*,#3233,.T.);
#3233 = EDGE_CURVE('',#3206,#2927,#3234,.T.);
#3234 = SURFACE_CURVE('',#3235,(#3239,#3246),.PCURVE_S1.);
#3235 = LINE('',#3236,#3237);
#3236 = CARTESIAN_POINT('',(-25.85801012502,-15.1686075825,
    12.953039250976));
#3237 = VECTOR('',#3238,1.);
#3238 = DIRECTION('',(0.525506555509,-0.850692971315,-1.281907454307E-02
    ));
#3239 = PCURVE('',#3189,#3240);
#3240 = DEFINITIONAL_REPRESENTATION('',(#3241),#3245);
#3241 = LINE('',#3242,#3243);
#3242 = CARTESIAN_POINT('',(2.487307588916,3.189245145888E-02));
#3243 = VECTOR('',#3244,1.);
#3244 = DIRECTION('',(-0.999917807295,-1.282102393533E-02));
#3245 = ( GEOMETRIC_REPRESENTATION_CONTEXT(2) 
PARAMETRIC_REPRESENTATION_CONTEXT() REPRESENTATION_CONTEXT('2D SPACE',''
  ) );
#3246 = PCURVE('',#2942,#3247);
#3247 = DEFINITIONAL_REPRESENTATION('',(#3248),#3252);
#3248 = LINE('',#3249,#3250);
#3249 = CARTESIAN_POINT('',(0.,0.));
#3250 = VECTOR('',#3251,1.);
#3251 = DIRECTION('',(0.525619437483,-0.850719816944));
#3252 = ( GEOMETRIC_REPRESENTATION_CONTEXT(2) 
PARAMETRIC_REPRESENTATION_CONTEXT() REPRESENTATION_CONTEXT('2D SPACE',''
  ) );
#3253 = ADVANCED_FACE('',(#3254),#3221,.T.);
#3254 = FACE_BOUND('',#3255,.T.);
#3255 = EDGE_LOOP('',(#3256,#3257,#3285));
#3256 = ORIENTED_EDGE('',*,*,#3205,.F.);
#3257 = ORIENTED_EDGE('',*,*,#3258,.F.);
#3258 = EDGE_CURVE('',#3259,#3153,#3261,.T.);
#3259 = VERTEX_POINT('',#3260);
#3260 = CARTESIAN_POINT('',(-27.06179487651,-12.99082786624,
    9.310604137612));
#3261 = SURFACE_CURVE('',#3262,(#3266,#3273),.PCURVE_S1.);
#3262 = LINE('',#3263,#3264);
#3263 = CARTESIAN_POINT('',(-27.06179487651,-12.99082786624,
    9.310604137612));
#3264 = VECTOR('',#3265,1.);
#3265 = DIRECTION('',(0.461359810739,-0.887010708185,1.895068862883E-02)
  );
#3266 = PCURVE('',#3221,#3267);
#3267 = DEFINITIONAL_REPRESENTATION('',(#3268),#3272);
#3268 = LINE('',#3269,#3270);
#3269 = CARTESIAN_POINT('',(2.487517457665,-3.642995014183));
#3270 = VECTOR('',#3271,1.);
#3271 = DIRECTION('',(-0.999820364358,1.895360165426E-02));
#3272 = ( GEOMETRIC_REPRESENTATION_CONTEXT(2) 
PARAMETRIC_REPRESENTATION_CONTEXT() REPRESENTATION_CONTEXT('2D SPACE',''
  ) );
#3273 = PCURVE('',#3274,#3279);
#3274 = PLANE('',#3275);
#3275 = AXIS2_PLACEMENT_3D('',#3276,#3277,#3278);
#3276 = CARTESIAN_POINT('',(-27.99253691215,-10.75748416168,
    9.346834221738));
#3277 = DIRECTION('',(-0.337527103084,-0.155723770442,0.928345604828));
#3278 = DIRECTION('',(0.9398106924,1.957658506028E-18,0.341695569844));
#3279 = DEFINITIONAL_REPRESENTATION('',(#3280),#3284);
#3280 = LINE('',#3281,#3282);
#3281 = CARTESIAN_POINT('',(0.862341657716,-2.260925545875));
#3282 = VECTOR('',#3283,1.);
#3283 = DIRECTION('',(0.440066249526,-0.897965308922));
#3284 = ( GEOMETRIC_REPRESENTATION_CONTEXT(2) 
PARAMETRIC_REPRESENTATION_CONTEXT() REPRESENTATION_CONTEXT('2D SPACE',''
  ) );
#3285 = ORIENTED_EDGE('',*,*,#3286,.T.);
#3286 = EDGE_CURVE('',#3259,#3206,#3287,.T.);
#3287 = SURFACE_CURVE('',#3288,(#3292,#3299),.PCURVE_S1.);
#3288 = LINE('',#3289,#3290);
#3289 = CARTESIAN_POINT('',(-27.06179487651,-12.99082786624,
    9.310604137612));
#3290 = VECTOR('',#3291,1.);
#3291 = DIRECTION('',(0.272889509301,-0.493687295339,0.825714339305));
#3292 = PCURVE('',#3221,#3293);
#3293 = DEFINITIONAL_REPRESENTATION('',(#3294),#3298);
#3294 = LINE('',#3295,#3296);
#3295 = CARTESIAN_POINT('',(2.487517457665,-3.642995014183));
#3296 = VECTOR('',#3297,1.);
#3297 = DIRECTION('',(-0.563902655817,0.82584126487));
#3298 = ( GEOMETRIC_REPRESENTATION_CONTEXT(2) 
PARAMETRIC_REPRESENTATION_CONTEXT() REPRESENTATION_CONTEXT('2D SPACE',''
  ) );
#3299 = PCURVE('',#3300,#3305);
#3300 = PLANE('',#3301);
#3301 = AXIS2_PLACEMENT_3D('',#3302,#3303,#3304);
#3302 = CARTESIAN_POINT('',(-25.85801012502,-15.1686075825,
    12.953039250976));
#3303 = DIRECTION('',(0.870650221493,0.491861772106,6.339475998085E-03)
  );
#3304 = DIRECTION('',(-0.491871656109,0.870667717282,-1.833909269201E-20
    ));
#3305 = DEFINITIONAL_REPRESENTATION('',(#3306),#3310);
#3306 = LINE('',#3307,#3308);
#3307 = CARTESIAN_POINT('',(2.488230093616,-3.642508308402));
#3308 = VECTOR('',#3309,1.);
#3309 = DIRECTION('',(-0.564064205359,0.825730932104));
#3310 = ( GEOMETRIC_REPRESENTATION_CONTEXT(2) 
PARAMETRIC_REPRESENTATION_CONTEXT() REPRESENTATION_CONTEXT('2D SPACE',''
  ) );
#3311 = ADVANCED_FACE('',(#3312),#3300,.T.);
#3312 = FACE_BOUND('',#3313,.T.);
#3313 = EDGE_LOOP('',(#3314,#3315,#3343));
#3314 = ORIENTED_EDGE('',*,*,#3286,.F.);
#3315 = ORIENTED_EDGE('',*,*,#3316,.T.);
#3316 = EDGE_CURVE('',#3259,#3317,#3319,.T.);
#3317 = VERTEX_POINT('',#3318);
#3318 = CARTESIAN_POINT('',(-27.05443271996,-13.04976959164,
    12.872620663782));
#3319 = SURFACE_CURVE('',#3320,(#3324,#3331),.PCURVE_S1.);
#3320 = LINE('',#3321,#3322);
#3321 = CARTESIAN_POINT('',(-27.06179487651,-12.99082786624,
    9.310604137612));
#3322 = VECTOR('',#3323,1.);
#3323 = DIRECTION('',(2.066563437159E-03,-1.654499109703E-02,
    0.99986098663));
#3324 = PCURVE('',#3300,#3325);
#3325 = DEFINITIONAL_REPRESENTATION('',(#3326),#3330);
#3326 = LINE('',#3327,#3328);
#3327 = CARTESIAN_POINT('',(2.488230093616,-3.642508308402));
#3328 = VECTOR('',#3329,1.);
#3329 = DIRECTION('',(-1.542167361119E-02,0.99988107892));
#3330 = ( GEOMETRIC_REPRESENTATION_CONTEXT(2) 
PARAMETRIC_REPRESENTATION_CONTEXT() REPRESENTATION_CONTEXT('2D SPACE',''
  ) );
#3331 = PCURVE('',#3332,#3337);
#3332 = PLANE('',#3333);
#3333 = AXIS2_PLACEMENT_3D('',#3334,#3335,#3336);
#3334 = CARTESIAN_POINT('',(-27.05443271996,-13.04976959164,
    12.872620663782));
#3335 = DIRECTION('',(0.917935353102,0.39670254038,4.667117152042E-03));
#3336 = DIRECTION('',(-0.396706860934,0.917945350491,2.114811026028E-20)
  );
#3337 = DEFINITIONAL_REPRESENTATION('',(#3338),#3342);
#3338 = LINE('',#3339,#3340);
#3339 = CARTESIAN_POINT('',(5.702590079773E-02,-3.562055320694));
#3340 = VECTOR('',#3341,1.);
#3341 = DIRECTION('',(-1.600721754551E-02,0.999871876285));
#3342 = ( GEOMETRIC_REPRESENTATION_CONTEXT(2) 
PARAMETRIC_REPRESENTATION_CONTEXT() REPRESENTATION_CONTEXT('2D SPACE',''
  ) );
#3343 = ORIENTED_EDGE('',*,*,#3344,.T.);
#3344 = EDGE_CURVE('',#3317,#3206,#3345,.T.);
#3345 = SURFACE_CURVE('',#3346,(#3350,#3357),.PCURVE_S1.);
#3346 = LINE('',#3347,#3348);
#3347 = CARTESIAN_POINT('',(-27.05443271996,-13.04976959164,
    12.872620663782));
#3348 = VECTOR('',#3349,1.);
#3349 = DIRECTION('',(0.491420917527,-0.870295591174,3.303128515971E-02)
  );
#3350 = PCURVE('',#3300,#3351);
#3351 = DEFINITIONAL_REPRESENTATION('',(#3352),#3356);
#3352 = LINE('',#3353,#3354);
#3353 = CARTESIAN_POINT('',(2.433290199972,-8.042020321212E-02));
#3354 = VECTOR('',#3355,1.);
#3355 = DIRECTION('',(-0.999454296279,3.303194892615E-02));
#3356 = ( GEOMETRIC_REPRESENTATION_CONTEXT(2) 
PARAMETRIC_REPRESENTATION_CONTEXT() REPRESENTATION_CONTEXT('2D SPACE',''
  ) );
#3357 = PCURVE('',#3358,#3363);
#3358 = PLANE('',#3359);
#3359 = AXIS2_PLACEMENT_3D('',#3360,#3361,#3362);
#3360 = CARTESIAN_POINT('',(-27.05443271996,-13.04976959164,
    12.872620663782));
#3361 = DIRECTION('',(-3.082393390142E-02,2.052303106042E-02,
    0.999314109925));
#3362 = DIRECTION('',(0.999524629385,1.161713258226E-19,
    3.083042739316E-02));
#3363 = DEFINITIONAL_REPRESENTATION('',(#3364),#3368);
#3364 = LINE('',#3365,#3366);
#3365 = CARTESIAN_POINT('',(0.,0.));
#3366 = VECTOR('',#3367,1.);
#3367 = DIRECTION('',(0.492205679102,-0.870478931083));
#3368 = ( GEOMETRIC_REPRESENTATION_CONTEXT(2) 
PARAMETRIC_REPRESENTATION_CONTEXT() REPRESENTATION_CONTEXT('2D SPACE',''
  ) );
#3369 = ADVANCED_FACE('',(#3370),#2552,.T.);
#3370 = FACE_BOUND('',#3371,.T.);
#3371 = EDGE_LOOP('',(#3372,#3373,#3374));
#3372 = ORIENTED_EDGE('',*,*,#2538,.F.);
#3373 = ORIENTED_EDGE('',*,*,#2902,.F.);
#3374 = ORIENTED_EDGE('',*,*,#3375,.T.);
#3375 = EDGE_CURVE('',#2796,#2395,#3376,.T.);
#3376 = SURFACE_CURVE('',#3377,(#3381,#3388),.PCURVE_S1.);
#3377 = LINE('',#3378,#3379);
#3378 = CARTESIAN_POINT('',(-50.57698541746,-51.94681778853,
    12.945898643183));
#3379 = VECTOR('',#3380,1.);
#3380 = DIRECTION('',(0.797751489091,0.602986333307,2.085625799767E-04)
  );
#3381 = PCURVE('',#2552,#3382);
#3382 = DEFINITIONAL_REPRESENTATION('',(#3383),#3387);
#3383 = LINE('',#3384,#3385);
#3384 = CARTESIAN_POINT('',(-26.36953103584,34.910630444515));
#3385 = VECTOR('',#3386,1.);
#3386 = DIRECTION('',(0.602725559075,-0.797948557513));
#3387 = ( GEOMETRIC_REPRESENTATION_CONTEXT(2) 
PARAMETRIC_REPRESENTATION_CONTEXT() REPRESENTATION_CONTEXT('2D SPACE',''
  ) );
#3388 = PCURVE('',#2436,#3389);
#3389 = DEFINITIONAL_REPRESENTATION('',(#3390),#3394);
#3390 = LINE('',#3391,#3392);
#3391 = CARTESIAN_POINT('',(-25.15007045233,37.04382249638));
#3392 = VECTOR('',#3393,1.);
#3393 = DIRECTION('',(0.60251303875,-0.798109039001));
#3394 = ( GEOMETRIC_REPRESENTATION_CONTEXT(2) 
PARAMETRIC_REPRESENTATION_CONTEXT() REPRESENTATION_CONTEXT('2D SPACE',''
  ) );
#3395 = ADVANCED_FACE('',(#3396),#2942,.T.);
#3396 = FACE_BOUND('',#3397,.T.);
#3397 = EDGE_LOOP('',(#3398,#3419,#3420));
#3398 = ORIENTED_EDGE('',*,*,#3399,.F.);
#3399 = EDGE_CURVE('',#2796,#3206,#3400,.T.);
#3400 = SURFACE_CURVE('',#3401,(#3405,#3412),.PCURVE_S1.);
#3401 = LINE('',#3402,#3403);
#3402 = CARTESIAN_POINT('',(-50.57698541746,-51.94681778853,
    12.945898643183));
#3403 = VECTOR('',#3404,1.);
#3404 = DIRECTION('',(0.557823511168,0.829959579993,1.611393216576E-04)
  );
#3405 = PCURVE('',#2942,#3406);
#3406 = DEFINITIONAL_REPRESENTATION('',(#3407),#3411);
#3407 = LINE('',#3408,#3409);
#3408 = CARTESIAN_POINT('',(-24.71724939889,-36.77937082942));
#3409 = VECTOR('',#3410,1.);
#3410 = DIRECTION('',(0.557784563598,0.829985771331));
#3411 = ( GEOMETRIC_REPRESENTATION_CONTEXT(2) 
PARAMETRIC_REPRESENTATION_CONTEXT() REPRESENTATION_CONTEXT('2D SPACE',''
  ) );
#3412 = PCURVE('',#3358,#3413);
#3413 = DEFINITIONAL_REPRESENTATION('',(#3414),#3418);
#3414 = LINE('',#3415,#3416);
#3415 = CARTESIAN_POINT('',(-23.50911157573,-38.90524240278));
#3416 = VECTOR('',#3417,1.);
#3417 = DIRECTION('',(0.557563306256,0.830134422559));
#3418 = ( GEOMETRIC_REPRESENTATION_CONTEXT(2) 
PARAMETRIC_REPRESENTATION_CONTEXT() REPRESENTATION_CONTEXT('2D SPACE',''
  ) );
#3419 = ORIENTED_EDGE('',*,*,#2926,.T.);
#3420 = ORIENTED_EDGE('',*,*,#3233,.F.);
#3421 = ADVANCED_FACE('',(#3422),#2436,.T.);
#3422 = FACE_BOUND('',#3423,.T.);
#3423 = EDGE_LOOP('',(#3424,#3425,#3426));
#3424 = ORIENTED_EDGE('',*,*,#2422,.F.);
#3425 = ORIENTED_EDGE('',*,*,#3375,.F.);
#3426 = ORIENTED_EDGE('',*,*,#3427,.T.);
#3427 = EDGE_CURVE('',#2796,#2284,#3428,.T.);
#3428 = SURFACE_CURVE('',#3429,(#3433,#3440),.PCURVE_S1.);
#3429 = LINE('',#3430,#3431);
#3430 = CARTESIAN_POINT('',(-50.57698541746,-51.94681778853,
    12.945898643183));
#3431 = VECTOR('',#3432,1.);
#3432 = DIRECTION('',(0.826968222438,0.562243973543,-2.296365109713E-03)
  );
#3433 = PCURVE('',#2436,#3434);
#3434 = DEFINITIONAL_REPRESENTATION('',(#3435),#3439);
#3435 = LINE('',#3436,#3437);
#3436 = CARTESIAN_POINT('',(-25.15007045233,37.04382249638));
#3437 = VECTOR('',#3438,1.);
#3438 = DIRECTION('',(0.561703123379,-0.827338867204));
#3439 = ( GEOMETRIC_REPRESENTATION_CONTEXT(2) 
PARAMETRIC_REPRESENTATION_CONTEXT() REPRESENTATION_CONTEXT('2D SPACE',''
  ) );
#3440 = PCURVE('',#2325,#3441);
#3441 = DEFINITIONAL_REPRESENTATION('',(#3442),#3446);
#3442 = LINE('',#3443,#3444);
#3443 = CARTESIAN_POINT('',(-24.14166432726,39.266067168625));
#3444 = VECTOR('',#3445,1.);
#3445 = DIRECTION('',(0.561752548272,-0.827305309127));
#3446 = ( GEOMETRIC_REPRESENTATION_CONTEXT(2) 
PARAMETRIC_REPRESENTATION_CONTEXT() REPRESENTATION_CONTEXT('2D SPACE',''
  ) );
#3447 = ADVANCED_FACE('',(#3448),#3358,.T.);
#3448 = FACE_BOUND('',#3449,.T.);
#3449 = EDGE_LOOP('',(#3450,#3476,#3477));
#3450 = ORIENTED_EDGE('',*,*,#3451,.F.);
#3451 = EDGE_CURVE('',#2796,#3317,#3452,.T.);
#3452 = SURFACE_CURVE('',#3453,(#3457,#3464),.PCURVE_S1.);
#3453 = LINE('',#3454,#3455);
#3454 = CARTESIAN_POINT('',(-50.57698541746,-51.94681778853,
    12.945898643183));
#3455 = VECTOR('',#3456,1.);
#3456 = DIRECTION('',(0.517473554696,0.855697681135,-1.612045128326E-03)
  );
#3457 = PCURVE('',#3358,#3458);
#3458 = DEFINITIONAL_REPRESENTATION('',(#3459),#3463);
#3459 = LINE('',#3460,#3461);
#3460 = CARTESIAN_POINT('',(-23.50911157573,-38.90524240278));
#3461 = VECTOR('',#3462,1.);
#3462 = DIRECTION('',(0.517177862934,0.855877945791));
#3463 = ( GEOMETRIC_REPRESENTATION_CONTEXT(2) 
PARAMETRIC_REPRESENTATION_CONTEXT() REPRESENTATION_CONTEXT('2D SPACE',''
  ) );
#3464 = PCURVE('',#3465,#3470);
#3465 = PLANE('',#3466);
#3466 = AXIS2_PLACEMENT_3D('',#3467,#3468,#3469);
#3467 = CARTESIAN_POINT('',(-28.02971077184,-10.79362166236,
    12.920313469052));
#3468 = DIRECTION('',(2.219422482963E-02,-1.153840185345E-02,
    0.999687091878));
#3469 = DIRECTION('',(0.999753645052,-6.07117189255E-20,
    -2.219570238809E-02));
#3470 = DEFINITIONAL_REPRESENTATION('',(#3471),#3475);
#3471 = LINE('',#3472,#3473);
#3472 = CARTESIAN_POINT('',(-22.54228789386,-41.1559358593));
#3473 = VECTOR('',#3474,1.);
#3474 = DIRECTION('',(0.517381853,0.855754648358));
#3475 = ( GEOMETRIC_REPRESENTATION_CONTEXT(2) 
PARAMETRIC_REPRESENTATION_CONTEXT() REPRESENTATION_CONTEXT('2D SPACE',''
  ) );
#3476 = ORIENTED_EDGE('',*,*,#3399,.T.);
#3477 = ORIENTED_EDGE('',*,*,#3344,.F.);
#3478 = ADVANCED_FACE('',(#3479),#2325,.T.);
#3479 = FACE_BOUND('',#3480,.T.);
#3480 = EDGE_LOOP('',(#3481,#3482,#3483));
#3481 = ORIENTED_EDGE('',*,*,#2311,.F.);
#3482 = ORIENTED_EDGE('',*,*,#3427,.F.);
#3483 = ORIENTED_EDGE('',*,*,#3484,.T.);
#3484 = EDGE_CURVE('',#2796,#2168,#3485,.T.);
#3485 = SURFACE_CURVE('',#3486,(#3490,#3497),.PCURVE_S1.);
#3486 = LINE('',#3487,#3488);
#3487 = CARTESIAN_POINT('',(-50.57698541746,-51.94681778853,
    12.945898643183));
#3488 = VECTOR('',#3489,1.);
#3489 = DIRECTION('',(0.851524858682,0.524314210126,1.552623162521E-04)
  );
#3490 = PCURVE('',#2325,#3491);
#3491 = DEFINITIONAL_REPRESENTATION('',(#3492),#3496);
#3492 = LINE('',#3493,#3494);
#3493 = CARTESIAN_POINT('',(-24.14166432726,39.266067168625));
#3494 = VECTOR('',#3495,1.);
#3495 = DIRECTION('',(0.523750104668,-0.851871955085));
#3496 = ( GEOMETRIC_REPRESENTATION_CONTEXT(2) 
PARAMETRIC_REPRESENTATION_CONTEXT() REPRESENTATION_CONTEXT('2D SPACE',''
  ) );
#3497 = PCURVE('',#2209,#3498);
#3498 = DEFINITIONAL_REPRESENTATION('',(#3499),#3503);
#3499 = LINE('',#3500,#3501);
#3500 = CARTESIAN_POINT('',(-23.35861056148,41.529406192102));
#3501 = VECTOR('',#3502,1.);
#3502 = DIRECTION('',(0.523995889294,-0.851720792281));
#3503 = ( GEOMETRIC_REPRESENTATION_CONTEXT(2) 
PARAMETRIC_REPRESENTATION_CONTEXT() REPRESENTATION_CONTEXT('2D SPACE',''
  ) );
#3504 = ADVANCED_FACE('',(#3505),#3465,.T.);
#3505 = FACE_BOUND('',#3506,.T.);
#3506 = EDGE_LOOP('',(#3507,#3535,#3536));
#3507 = ORIENTED_EDGE('',*,*,#3508,.F.);
#3508 = EDGE_CURVE('',#2796,#3509,#3511,.T.);
#3509 = VERTEX_POINT('',#3510);
#3510 = CARTESIAN_POINT('',(-28.02971077184,-10.79362166236,
    12.920313469052));
#3511 = SURFACE_CURVE('',#3512,(#3516,#3523),.PCURVE_S1.);
#3512 = LINE('',#3513,#3514);
#3513 = CARTESIAN_POINT('',(-50.57698541746,-51.94681778853,
    12.945898643183));
#3514 = VECTOR('',#3515,1.);
#3515 = DIRECTION('',(0.48049488656,0.876997358439,-5.452342039134E-04)
  );
#3516 = PCURVE('',#3465,#3517);
#3517 = DEFINITIONAL_REPRESENTATION('',(#3518),#3522);
#3518 = LINE('',#3519,#3520);
#3519 = CARTESIAN_POINT('',(-22.54228789386,-41.1559358593));
#3520 = VECTOR('',#3521,1.);
#3521 = DIRECTION('',(0.480388616123,0.877055743667));
#3522 = ( GEOMETRIC_REPRESENTATION_CONTEXT(2) 
PARAMETRIC_REPRESENTATION_CONTEXT() REPRESENTATION_CONTEXT('2D SPACE',''
  ) );
#3523 = PCURVE('',#3524,#3529);
#3524 = PLANE('',#3525);
#3525 = AXIS2_PLACEMENT_3D('',#3526,#3527,#3528);
#3526 = CARTESIAN_POINT('',(-28.76504290057,-8.432311116323,
    12.909287257539));
#3527 = DIRECTION('',(-4.71055914693E-03,3.20254663769E-03,
    0.999983777032));
#3528 = DIRECTION('',(0.999988905141,-1.735837169099E-23,
    4.710583303582E-03));
#3529 = DEFINITIONAL_REPRESENTATION('',(#3530),#3534);
#3530 = LINE('',#3531,#3532);
#3531 = CARTESIAN_POINT('',(-21.81152805547,-43.51472982295));
#3532 = VECTOR('',#3533,1.);
#3533 = DIRECTION('',(0.480486987165,0.87700185585));
#3534 = ( GEOMETRIC_REPRESENTATION_CONTEXT(2) 
PARAMETRIC_REPRESENTATION_CONTEXT() REPRESENTATION_CONTEXT('2D SPACE',''
  ) );
#3535 = ORIENTED_EDGE('',*,*,#3451,.T.);
#3536 = ORIENTED_EDGE('',*,*,#3537,.F.);
#3537 = EDGE_CURVE('',#3509,#3317,#3538,.T.);
#3538 = SURFACE_CURVE('',#3539,(#3543,#3550),.PCURVE_S1.);
#3539 = LINE('',#3540,#3541);
#3540 = CARTESIAN_POINT('',(-28.02971077184,-10.79362166236,
    12.920313469052));
#3541 = VECTOR('',#3542,1.);
#3542 = DIRECTION('',(0.396715313313,-0.917736671011,-1.940007380348E-02
    ));
#3543 = PCURVE('',#3465,#3544);
#3544 = DEFINITIONAL_REPRESENTATION('',(#3545),#3549);
#3545 = LINE('',#3546,#3547);
#3546 = CARTESIAN_POINT('',(0.,0.));
#3547 = VECTOR('',#3548,1.);
#3548 = DIRECTION('',(0.397048178798,-0.917797768418));
#3549 = ( GEOMETRIC_REPRESENTATION_CONTEXT(2) 
PARAMETRIC_REPRESENTATION_CONTEXT() REPRESENTATION_CONTEXT('2D SPACE',''
  ) );
#3550 = PCURVE('',#3332,#3551);
#3551 = DEFINITIONAL_REPRESENTATION('',(#3552),#3556);
#3552 = LINE('',#3553,#3554);
#3553 = CARTESIAN_POINT('',(2.457919996212,4.769332470049E-02));
#3554 = VECTOR('',#3555,1.);
#3555 = DIRECTION('',(-0.999811796759,-1.940028509296E-02));
#3556 = ( GEOMETRIC_REPRESENTATION_CONTEXT(2) 
PARAMETRIC_REPRESENTATION_CONTEXT() REPRESENTATION_CONTEXT('2D SPACE',''
  ) );
#3557 = ADVANCED_FACE('',(#3558),#2209,.T.);
#3558 = FACE_BOUND('',#3559,.T.);
#3559 = EDGE_LOOP('',(#3560,#3561,#3562));
#3560 = ORIENTED_EDGE('',*,*,#2195,.F.);
#3561 = ORIENTED_EDGE('',*,*,#3484,.F.);
#3562 = ORIENTED_EDGE('',*,*,#3563,.T.);
#3563 = EDGE_CURVE('',#2796,#2052,#3564,.T.);
#3564 = SURFACE_CURVE('',#3565,(#3569,#3576),.PCURVE_S1.);
#3565 = LINE('',#3566,#3567);
#3566 = CARTESIAN_POINT('',(-50.57698541746,-51.94681778853,
    12.945898643183));
#3567 = VECTOR('',#3568,1.);
#3568 = DIRECTION('',(0.87139010198,0.49058859287,-1.45695436079E-03));
#3569 = PCURVE('',#2209,#3570);
#3570 = DEFINITIONAL_REPRESENTATION('',(#3571),#3575);
#3571 = LINE('',#3572,#3573);
#3572 = CARTESIAN_POINT('',(-23.35861056148,41.529406192102));
#3573 = VECTOR('',#3574,1.);
#3574 = DIRECTION('',(0.490234448635,-0.871590606519));
#3575 = ( GEOMETRIC_REPRESENTATION_CONTEXT(2) 
PARAMETRIC_REPRESENTATION_CONTEXT() REPRESENTATION_CONTEXT('2D SPACE',''
  ) );
#3576 = PCURVE('',#2093,#3577);
#3577 = DEFINITIONAL_REPRESENTATION('',(#3578),#3582);
#3578 = LINE('',#3579,#3580);
#3579 = CARTESIAN_POINT('',(-22.73247921362,43.893392040738));
#3580 = VECTOR('',#3581,1.);
#3581 = DIRECTION('',(0.490551147486,-0.871412400474));
#3582 = ( GEOMETRIC_REPRESENTATION_CONTEXT(2) 
PARAMETRIC_REPRESENTATION_CONTEXT() REPRESENTATION_CONTEXT('2D SPACE',''
  ) );
#3583 = ADVANCED_FACE('',(#3584),#3524,.T.);
#3584 = FACE_BOUND('',#3585,.T.);
#3585 = EDGE_LOOP('',(#3586,#3614,#3615));
#3586 = ORIENTED_EDGE('',*,*,#3587,.F.);
#3587 = EDGE_CURVE('',#2796,#3588,#3590,.T.);
#3588 = VERTEX_POINT('',#3589);
#3589 = CARTESIAN_POINT('',(-28.76504290057,-8.432311116323,
    12.909287257539));
#3590 = SURFACE_CURVE('',#3591,(#3595,#3602),.PCURVE_S1.);
#3591 = LINE('',#3592,#3593);
#3592 = CARTESIAN_POINT('',(-50.57698541746,-51.94681778853,
    12.945898643183));
#3593 = VECTOR('',#3594,1.);
#3594 = DIRECTION('',(0.448112085922,0.89397706498,-7.521569606513E-04)
  );
#3595 = PCURVE('',#3524,#3596);
#3596 = DEFINITIONAL_REPRESENTATION('',(#3597),#3601);
#3597 = LINE('',#3598,#3599);
#3598 = CARTESIAN_POINT('',(-21.81152805547,-43.51472982295));
#3599 = VECTOR('',#3600,1.);
#3600 = DIRECTION('',(0.448103571084,0.893981649466));
#3601 = ( GEOMETRIC_REPRESENTATION_CONTEXT(2) 
PARAMETRIC_REPRESENTATION_CONTEXT() REPRESENTATION_CONTEXT('2D SPACE',''
  ) );
#3602 = PCURVE('',#3603,#3608);
#3603 = PLANE('',#3604);
#3604 = AXIS2_PLACEMENT_3D('',#3605,#3606,#3607);
#3605 = CARTESIAN_POINT('',(-29.34165582466,-6.081890970929,
    12.881937736187));
#3606 = DIRECTION('',(-1.445681653253E-02,8.087822661661E-03,
    0.999862784376));
#3607 = DIRECTION('',(0.99989548793,-1.504139235502E-21,
    1.445728938669E-02));
#3608 = DEFINITIONAL_REPRESENTATION('',(#3609),#3613);
#3609 = LINE('',#3610,#3611);
#3610 = CARTESIAN_POINT('',(-21.23218554321,-45.86642696957));
#3611 = VECTOR('',#3612,1.);
#3612 = DIRECTION('',(0.44805437865,0.89400630522));
#3613 = ( GEOMETRIC_REPRESENTATION_CONTEXT(2) 
PARAMETRIC_REPRESENTATION_CONTEXT() REPRESENTATION_CONTEXT('2D SPACE',''
  ) );
#3614 = ORIENTED_EDGE('',*,*,#3508,.T.);
#3615 = ORIENTED_EDGE('',*,*,#3616,.F.);
#3616 = EDGE_CURVE('',#3588,#3509,#3617,.T.);
#3617 = SURFACE_CURVE('',#3618,(#3622,#3629),.PCURVE_S1.);
#3618 = LINE('',#3619,#3620);
#3619 = CARTESIAN_POINT('',(-28.76504290057,-8.432311116323,
    12.909287257539));
#3620 = VECTOR('',#3621,1.);
#3621 = DIRECTION('',(0.29732245224,-0.954766716453,4.458312261597E-03)
  );
#3622 = PCURVE('',#3524,#3623);
#3623 = DEFINITIONAL_REPRESENTATION('',(#3624),#3628);
#3624 = LINE('',#3625,#3626);
#3625 = CARTESIAN_POINT('',(0.,0.));
#3626 = VECTOR('',#3627,1.);
#3627 = DIRECTION('',(0.297340154741,-0.95477161268));
#3628 = ( GEOMETRIC_REPRESENTATION_CONTEXT(2) 
PARAMETRIC_REPRESENTATION_CONTEXT() REPRESENTATION_CONTEXT('2D SPACE',''
  ) );
#3629 = PCURVE('',#3630,#3635);
#3630 = PLANE('',#3631);
#3631 = AXIS2_PLACEMENT_3D('',#3632,#3633,#3634);
#3632 = CARTESIAN_POINT('',(-28.02971077184,-10.79362166236,
    12.920313469052));
#3633 = DIRECTION('',(0.95476406953,0.297339564593,3.841205699527E-03));
#3634 = DIRECTION('',(-0.297341758219,0.954771113314,-8.946538242912E-20
    ));
#3635 = DEFINITIONAL_REPRESENTATION('',(#3636),#3640);
#3636 = LINE('',#3637,#3638);
#3637 = CARTESIAN_POINT('',(2.473156046952,-1.102629285865E-02));
#3638 = VECTOR('',#3639,1.);
#3639 = DIRECTION('',(-0.99999006153,4.458345152851E-03));
#3640 = ( GEOMETRIC_REPRESENTATION_CONTEXT(2) 
PARAMETRIC_REPRESENTATION_CONTEXT() REPRESENTATION_CONTEXT('2D SPACE',''
  ) );
#3641 = ADVANCED_FACE('',(#3642),#3630,.T.);
#3642 = FACE_BOUND('',#3643,.T.);
#3643 = EDGE_LOOP('',(#3644,#3672,#3698));
#3644 = ORIENTED_EDGE('',*,*,#3645,.F.);
#3645 = EDGE_CURVE('',#3646,#3509,#3648,.T.);
#3646 = VERTEX_POINT('',#3647);
#3647 = CARTESIAN_POINT('',(-28.74947302715,-8.436298131591,
    9.347890291659));
#3648 = SURFACE_CURVE('',#3649,(#3653,#3660),.PCURVE_S1.);
#3649 = LINE('',#3650,#3651);
#3650 = CARTESIAN_POINT('',(-28.74947302715,-8.436298131591,
    9.347890291659));
#3651 = VECTOR('',#3652,1.);
#3652 = DIRECTION('',(0.165836621278,-0.54313846929,0.823103163778));
#3653 = PCURVE('',#3630,#3654);
#3654 = DEFINITIONAL_REPRESENTATION('',(#3655),#3659);
#3655 = LINE('',#3656,#3657);
#3656 = CARTESIAN_POINT('',(2.464719786408,-3.572449532989));
#3657 = VECTOR('',#3658,1.);
#3658 = DIRECTION('',(-0.567883073555,0.823109236231));
#3659 = ( GEOMETRIC_REPRESENTATION_CONTEXT(2) 
PARAMETRIC_REPRESENTATION_CONTEXT() REPRESENTATION_CONTEXT('2D SPACE',''
  ) );
#3660 = PCURVE('',#3661,#3666);
#3661 = PLANE('',#3662);
#3662 = AXIS2_PLACEMENT_3D('',#3663,#3664,#3665);
#3663 = CARTESIAN_POINT('',(-28.02971077184,-10.79362166236,
    12.920313469052));
#3664 = DIRECTION('',(0.950647611158,0.309999175292,1.302423579512E-02)
  );
#3665 = DIRECTION('',(-0.310025471329,0.950728250936,5.710498622352E-19)
  );
#3666 = DEFINITIONAL_REPRESENTATION('',(#3667),#3671);
#3667 = LINE('',#3668,#3669);
#3668 = CARTESIAN_POINT('',(2.464318709745,-3.572726212301));
#3669 = VECTOR('',#3670,1.);
#3670 = DIRECTION('',(-0.567790663599,0.823172984451));
#3671 = ( GEOMETRIC_REPRESENTATION_CONTEXT(2) 
PARAMETRIC_REPRESENTATION_CONTEXT() REPRESENTATION_CONTEXT('2D SPACE',''
  ) );
#3672 = ORIENTED_EDGE('',*,*,#3673,.F.);
#3673 = EDGE_CURVE('',#3588,#3646,#3674,.T.);
#3674 = SURFACE_CURVE('',#3675,(#3679,#3686),.PCURVE_S1.);
#3675 = LINE('',#3676,#3677);
#3676 = CARTESIAN_POINT('',(-28.76504290057,-8.432311116323,
    12.909287257539));
#3677 = VECTOR('',#3678,1.);
#3678 = DIRECTION('',(4.371799891968E-03,-1.119497406872E-03,
    -0.999989816994));
#3679 = PCURVE('',#3630,#3680);
#3680 = DEFINITIONAL_REPRESENTATION('',(#3681),#3685);
#3681 = LINE('',#3682,#3683);
#3682 = CARTESIAN_POINT('',(2.473156046952,-1.102629285865E-02));
#3683 = VECTOR('',#3684,1.);
#3684 = DIRECTION('',(-2.368782451972E-03,-0.999997194431));
#3685 = ( GEOMETRIC_REPRESENTATION_CONTEXT(2) 
PARAMETRIC_REPRESENTATION_CONTEXT() REPRESENTATION_CONTEXT('2D SPACE',''
  ) );
#3686 = PCURVE('',#3687,#3692);
#3687 = PLANE('',#3688);
#3688 = AXIS2_PLACEMENT_3D('',#3689,#3690,#3691);
#3689 = CARTESIAN_POINT('',(-28.76504290057,-8.432311116323,
    12.909287257539));
#3690 = DIRECTION('',(0.965811455652,0.259215682525,3.932183174518E-03)
  );
#3691 = DIRECTION('',(-0.259217686553,0.965818922458,2.001581074695E-19)
  );
#3692 = DEFINITIONAL_REPRESENTATION('',(#3693),#3697);
#3693 = LINE('',#3694,#3695);
#3694 = CARTESIAN_POINT('',(0.,0.));
#3695 = VECTOR('',#3696,1.);
#3696 = DIRECTION('',(-2.214479633269E-03,-0.999997548037));
#3697 = ( GEOMETRIC_REPRESENTATION_CONTEXT(2) 
PARAMETRIC_REPRESENTATION_CONTEXT() REPRESENTATION_CONTEXT('2D SPACE',''
  ) );
#3698 = ORIENTED_EDGE('',*,*,#3616,.T.);
#3699 = ADVANCED_FACE('',(#3700),#3661,.T.);
#3700 = FACE_BOUND('',#3701,.T.);
#3701 = EDGE_LOOP('',(#3702,#3730,#3756));
#3702 = ORIENTED_EDGE('',*,*,#3703,.T.);
#3703 = EDGE_CURVE('',#3509,#3704,#3706,.T.);
#3704 = VERTEX_POINT('',#3705);
#3705 = CARTESIAN_POINT('',(-27.99253691215,-10.75748416168,
    9.346834221738));
#3706 = SURFACE_CURVE('',#3707,(#3711,#3718),.PCURVE_S1.);
#3707 = LINE('',#3708,#3709);
#3708 = CARTESIAN_POINT('',(-28.02971077184,-10.79362166236,
    12.920313469052));
#3709 = VECTOR('',#3710,1.);
#3710 = DIRECTION('',(1.040161296903E-02,1.011162948375E-02,
    -0.999894775162));
#3711 = PCURVE('',#3661,#3712);
#3712 = DEFINITIONAL_REPRESENTATION('',(#3713),#3717);
#3713 = LINE('',#3714,#3715);
#3714 = CARTESIAN_POINT('',(0.,0.));
#3715 = VECTOR('',#3716,1.);
#3716 = DIRECTION('',(6.388646849899E-03,-0.999979592387));
#3717 = ( GEOMETRIC_REPRESENTATION_CONTEXT(2) 
PARAMETRIC_REPRESENTATION_CONTEXT() REPRESENTATION_CONTEXT('2D SPACE',''
  ) );
#3718 = PCURVE('',#3719,#3724);
#3719 = PLANE('',#3720);
#3720 = AXIS2_PLACEMENT_3D('',#3721,#3722,#3723);
#3721 = CARTESIAN_POINT('',(-28.02971077184,-10.79362166236,
    12.920313469052));
#3722 = DIRECTION('',(0.923043885503,0.384458064887,1.349006224422E-02)
  );
#3723 = DIRECTION('',(-0.384493051843,0.923127885552,2.469355622055E-19)
  );
#3724 = DEFINITIONAL_REPRESENTATION('',(#3725),#3729);
#3725 = LINE('',#3726,#3727);
#3726 = CARTESIAN_POINT('',(0.,0.));
#3727 = VECTOR('',#3728,1.);
#3728 = DIRECTION('',(5.334979230268E-03,-0.999985768897));
#3729 = ( GEOMETRIC_REPRESENTATION_CONTEXT(2) 
PARAMETRIC_REPRESENTATION_CONTEXT() REPRESENTATION_CONTEXT('2D SPACE',''
  ) );
#3730 = ORIENTED_EDGE('',*,*,#3731,.F.);
#3731 = EDGE_CURVE('',#3646,#3704,#3732,.T.);
#3732 = SURFACE_CURVE('',#3733,(#3737,#3744),.PCURVE_S1.);
#3733 = LINE('',#3734,#3735);
#3734 = CARTESIAN_POINT('',(-28.74947302715,-8.436298131591,
    9.347890291659));
#3735 = VECTOR('',#3736,1.);
#3736 = DIRECTION('',(0.310030798853,-0.950726415254,-4.325519611737E-04
    ));
#3737 = PCURVE('',#3661,#3738);
#3738 = DEFINITIONAL_REPRESENTATION('',(#3739),#3743);
#3739 = LINE('',#3740,#3741);
#3740 = CARTESIAN_POINT('',(2.464318709745,-3.572726212301));
#3741 = VECTOR('',#3742,1.);
#3742 = DIRECTION('',(-0.999999906434,-4.325886528917E-04));
#3743 = ( GEOMETRIC_REPRESENTATION_CONTEXT(2) 
PARAMETRIC_REPRESENTATION_CONTEXT() REPRESENTATION_CONTEXT('2D SPACE',''
  ) );
#3744 = PCURVE('',#3745,#3750);
#3745 = PLANE('',#3746);
#3746 = AXIS2_PLACEMENT_3D('',#3747,#3748,#3749);
#3747 = CARTESIAN_POINT('',(-28.74947302715,-8.436298131591,
    9.347890291659));
#3748 = DIRECTION('',(-2.045609035069E-02,-7.125570922648E-03,
    0.999765359775));
#3749 = DIRECTION('',(0.999790741666,4.467424043609E-21,
    2.045660968678E-02));
#3750 = DEFINITIONAL_REPRESENTATION('',(#3751),#3755);
#3751 = LINE('',#3752,#3753);
#3752 = CARTESIAN_POINT('',(0.,0.));
#3753 = VECTOR('',#3754,1.);
#3754 = DIRECTION('',(0.309957073778,-0.950750552151));
#3755 = ( GEOMETRIC_REPRESENTATION_CONTEXT(2) 
PARAMETRIC_REPRESENTATION_CONTEXT() REPRESENTATION_CONTEXT('2D SPACE',''
  ) );
#3756 = ORIENTED_EDGE('',*,*,#3645,.T.);
#3757 = ADVANCED_FACE('',(#3758),#3719,.T.);
#3758 = FACE_BOUND('',#3759,.T.);
#3759 = EDGE_LOOP('',(#3760,#3781,#3802));
#3760 = ORIENTED_EDGE('',*,*,#3761,.T.);
#3761 = EDGE_CURVE('',#3509,#3259,#3762,.T.);
#3762 = SURFACE_CURVE('',#3763,(#3767,#3774),.PCURVE_S1.);
#3763 = LINE('',#3764,#3765);
#3764 = CARTESIAN_POINT('',(-28.02971077184,-10.79362166236,
    12.920313469052));
#3765 = VECTOR('',#3766,1.);
#3766 = DIRECTION('',(0.223265354251,-0.506820916816,-0.832637460044));
#3767 = PCURVE('',#3719,#3768);
#3768 = DEFINITIONAL_REPRESENTATION('',(#3769),#3773);
#3769 = LINE('',#3770,#3771);
#3770 = CARTESIAN_POINT('',(0.,0.));
#3771 = VECTOR('',#3772,1.);
#3772 = DIRECTION('',(-0.553704498721,-0.83271323281));
#3773 = ( GEOMETRIC_REPRESENTATION_CONTEXT(2) 
PARAMETRIC_REPRESENTATION_CONTEXT() REPRESENTATION_CONTEXT('2D SPACE',''
  ) );
#3774 = PCURVE('',#3332,#3775);
#3775 = DEFINITIONAL_REPRESENTATION('',(#3776),#3780);
#3776 = LINE('',#3777,#3778);
#3777 = CARTESIAN_POINT('',(2.457919996212,4.769332470049E-02));
#3778 = VECTOR('',#3779,1.);
#3779 = DIRECTION('',(-0.553804801963,-0.83264652844));
#3780 = ( GEOMETRIC_REPRESENTATION_CONTEXT(2) 
PARAMETRIC_REPRESENTATION_CONTEXT() REPRESENTATION_CONTEXT('2D SPACE',''
  ) );
#3781 = ORIENTED_EDGE('',*,*,#3782,.F.);
#3782 = EDGE_CURVE('',#3704,#3259,#3783,.T.);
#3783 = SURFACE_CURVE('',#3784,(#3788,#3795),.PCURVE_S1.);
#3784 = LINE('',#3785,#3786);
#3785 = CARTESIAN_POINT('',(-27.99253691215,-10.75748416168,
    9.346834221738));
#3786 = VECTOR('',#3787,1.);
#3787 = DIRECTION('',(0.384636413968,-0.922946725077,-1.497236516943E-02
    ));
#3788 = PCURVE('',#3719,#3789);
#3789 = DEFINITIONAL_REPRESENTATION('',(#3790),#3794);
#3790 = LINE('',#3791,#3792);
#3791 = CARTESIAN_POINT('',(1.906644382767E-02,-3.573804445755));
#3792 = VECTOR('',#3793,1.);
#3793 = DIRECTION('',(-0.999887887455,-1.497372770423E-02));
#3794 = ( GEOMETRIC_REPRESENTATION_CONTEXT(2) 
PARAMETRIC_REPRESENTATION_CONTEXT() REPRESENTATION_CONTEXT('2D SPACE',''
  ) );
#3795 = PCURVE('',#3274,#3796);
#3796 = DEFINITIONAL_REPRESENTATION('',(#3797),#3801);
#3797 = LINE('',#3798,#3799);
#3798 = CARTESIAN_POINT('',(0.,0.));
#3799 = VECTOR('',#3800,1.);
#3800 = DIRECTION('',(0.356369423685,-0.934345136372));
#3801 = ( GEOMETRIC_REPRESENTATION_CONTEXT(2) 
PARAMETRIC_REPRESENTATION_CONTEXT() REPRESENTATION_CONTEXT('2D SPACE',''
  ) );
#3802 = ORIENTED_EDGE('',*,*,#3703,.F.);
#3803 = ADVANCED_FACE('',(#3804),#3687,.T.);
#3804 = FACE_BOUND('',#3805,.T.);
#3805 = EDGE_LOOP('',(#3806,#3807,#3835));
#3806 = ORIENTED_EDGE('',*,*,#3673,.T.);
#3807 = ORIENTED_EDGE('',*,*,#3808,.F.);
#3808 = EDGE_CURVE('',#3809,#3646,#3811,.T.);
#3809 = VERTEX_POINT('',#3810);
#3810 = CARTESIAN_POINT('',(-29.3809615846,-6.08261534516,9.29382184451)
  );
#3811 = SURFACE_CURVE('',#3812,(#3816,#3823),.PCURVE_S1.);
#3812 = LINE('',#3813,#3814);
#3813 = CARTESIAN_POINT('',(-29.3809615846,-6.08261534516,9.29382184451)
  );
#3814 = VECTOR('',#3815,1.);
#3815 = DIRECTION('',(0.259069664694,-0.9656038943,2.218170750383E-02));
#3816 = PCURVE('',#3687,#3817);
#3817 = DEFINITIONAL_REPRESENTATION('',(#3818),#3822);
#3818 = LINE('',#3819,#3820);
#3819 = CARTESIAN_POINT('',(2.429037654187,-3.615493364633));
#3820 = VECTOR('',#3821,1.);
#3821 = DIRECTION('',(-0.999753951852,2.218187899331E-02));
#3822 = ( GEOMETRIC_REPRESENTATION_CONTEXT(2) 
PARAMETRIC_REPRESENTATION_CONTEXT() REPRESENTATION_CONTEXT('2D SPACE',''
  ) );
#3823 = PCURVE('',#3824,#3829);
#3824 = PLANE('',#3825);
#3825 = AXIS2_PLACEMENT_3D('',#3826,#3827,#3828);
#3826 = CARTESIAN_POINT('',(-29.80573052533,-3.688545603054,
    9.289007589844));
#3827 = DIRECTION('',(-0.224599745981,-3.789166492399E-02,0.973714114016
    ));
#3828 = DIRECTION('',(0.974413886428,-7.039639716743E-19,0.224761157533)
  );
#3829 = DEFINITIONAL_REPRESENTATION('',(#3830),#3834);
#3830 = LINE('',#3831,#3832);
#3831 = CARTESIAN_POINT('',(0.414982811826,-2.395790271709));
#3832 = VECTOR('',#3833,1.);
#3833 = DIRECTION('',(0.257426665085,-0.966297838197));
#3834 = ( GEOMETRIC_REPRESENTATION_CONTEXT(2) 
PARAMETRIC_REPRESENTATION_CONTEXT() REPRESENTATION_CONTEXT('2D SPACE',''
  ) );
#3835 = ORIENTED_EDGE('',*,*,#3836,.T.);
#3836 = EDGE_CURVE('',#3809,#3588,#3837,.T.);
#3837 = SURFACE_CURVE('',#3838,(#3842,#3849),.PCURVE_S1.);
#3838 = LINE('',#3839,#3840);
#3839 = CARTESIAN_POINT('',(-29.3809615846,-6.08261534516,9.29382184451)
  );
#3840 = VECTOR('',#3841,1.);
#3841 = DIRECTION('',(0.141405608613,-0.539454589043,0.830056142808));
#3842 = PCURVE('',#3687,#3843);
#3843 = DEFINITIONAL_REPRESENTATION('',(#3844),#3848);
#3844 = LINE('',#3845,#3846);
#3845 = CARTESIAN_POINT('',(2.429037654187,-3.615493364633));
#3846 = VECTOR('',#3847,1.);
#3847 = DIRECTION('',(-0.557670284634,0.830062560073));
#3848 = ( GEOMETRIC_REPRESENTATION_CONTEXT(2) 
PARAMETRIC_REPRESENTATION_CONTEXT() REPRESENTATION_CONTEXT('2D SPACE',''
  ) );
#3849 = PCURVE('',#3850,#3855);
#3850 = PLANE('',#3851);
#3851 = AXIS2_PLACEMENT_3D('',#3852,#3853,#3854);
#3852 = CARTESIAN_POINT('',(-28.76504290057,-8.432311116323,
    12.909287257539));
#3853 = DIRECTION('',(0.971175089923,0.238127567201,-1.068674189393E-02)
  );
#3854 = DIRECTION('',(-0.238141166218,0.971230551904,1.758086683166E-19)
  );
#3855 = DEFINITIONAL_REPRESENTATION('',(#3856),#3860);
#3856 = LINE('',#3857,#3858);
#3857 = CARTESIAN_POINT('',(2.428771914343,-3.615671885454));
#3858 = VECTOR('',#3859,1.);
#3859 = DIRECTION('',(-0.557609274788,0.830103545752));
#3860 = ( GEOMETRIC_REPRESENTATION_CONTEXT(2) 
PARAMETRIC_REPRESENTATION_CONTEXT() REPRESENTATION_CONTEXT('2D SPACE',''
  ) );
#3861 = ADVANCED_FACE('',(#3862),#3850,.T.);
#3862 = FACE_BOUND('',#3863,.T.);
#3863 = EDGE_LOOP('',(#3864,#3865,#3893));
#3864 = ORIENTED_EDGE('',*,*,#3836,.F.);
#3865 = ORIENTED_EDGE('',*,*,#3866,.T.);
#3866 = EDGE_CURVE('',#3809,#3867,#3869,.T.);
#3867 = VERTEX_POINT('',#3868);
#3868 = CARTESIAN_POINT('',(-29.34165582466,-6.081890970929,
    12.881937736187));
#3869 = SURFACE_CURVE('',#3870,(#3874,#3881),.PCURVE_S1.);
#3870 = LINE('',#3871,#3872);
#3871 = CARTESIAN_POINT('',(-29.3809615846,-6.08261534516,9.29382184451)
  );
#3872 = VECTOR('',#3873,1.);
#3873 = DIRECTION('',(1.09537713397E-02,2.018693876648E-04,0.99993998527
    ));
#3874 = PCURVE('',#3850,#3875);
#3875 = DEFINITIONAL_REPRESENTATION('',(#3876),#3880);
#3876 = LINE('',#3877,#3878);
#3877 = CARTESIAN_POINT('',(2.428771914343,-3.615671885454));
#3878 = VECTOR('',#3879,1.);
#3879 = DIRECTION('',(-2.41248216453E-03,0.999997089961));
#3880 = ( GEOMETRIC_REPRESENTATION_CONTEXT(2) 
PARAMETRIC_REPRESENTATION_CONTEXT() REPRESENTATION_CONTEXT('2D SPACE',''
  ) );
#3881 = PCURVE('',#3882,#3887);
#3882 = PLANE('',#3883);
#3883 = AXIS2_PLACEMENT_3D('',#3884,#3885,#3886);
#3884 = CARTESIAN_POINT('',(-29.34165582466,-6.081890970929,
    12.881937736187));
#3885 = DIRECTION('',(0.984485008323,0.175134804428,-1.081982737328E-02)
  );
#3886 = DIRECTION('',(-0.175145056727,0.984542639556,1.698869098363E-19)
  );
#3887 = DEFINITIONAL_REPRESENTATION('',(#3888),#3892);
#3888 = LINE('',#3889,#3890);
#3889 = CARTESIAN_POINT('',(6.171032237339E-03,-3.588325938088));
#3890 = VECTOR('',#3891,1.);
#3891 = DIRECTION('',(-1.71974988289E-03,0.999998521229));
#3892 = ( GEOMETRIC_REPRESENTATION_CONTEXT(2) 
PARAMETRIC_REPRESENTATION_CONTEXT() REPRESENTATION_CONTEXT('2D SPACE',''
  ) );
#3893 = ORIENTED_EDGE('',*,*,#3894,.T.);
#3894 = EDGE_CURVE('',#3867,#3588,#3895,.T.);
#3895 = SURFACE_CURVE('',#3896,(#3900,#3907),.PCURVE_S1.);
#3896 = LINE('',#3897,#3898);
#3897 = CARTESIAN_POINT('',(-29.34165582466,-6.081890970929,
    12.881937736187));
#3898 = VECTOR('',#3899,1.);
#3899 = DIRECTION('',(0.238243254057,-0.971139772366,1.130019583601E-02)
  );
#3900 = PCURVE('',#3850,#3901);
#3901 = DEFINITIONAL_REPRESENTATION('',(#3902),#3906);
#3902 = LINE('',#3903,#3904);
#3903 = CARTESIAN_POINT('',(2.420115129215,-2.735108323144E-02));
#3904 = VECTOR('',#3905,1.);
#3905 = DIRECTION('',(-0.999936143456,1.130084116893E-02));
#3906 = ( GEOMETRIC_REPRESENTATION_CONTEXT(2) 
PARAMETRIC_REPRESENTATION_CONTEXT() REPRESENTATION_CONTEXT('2D SPACE',''
  ) );
#3907 = PCURVE('',#3603,#3908);
#3908 = DEFINITIONAL_REPRESENTATION('',(#3909),#3913);
#3909 = LINE('',#3910,#3911);
#3910 = CARTESIAN_POINT('',(0.,0.));
#3911 = VECTOR('',#3912,1.);
#3912 = DIRECTION('',(0.238381724962,-0.971171536447));
#3913 = ( GEOMETRIC_REPRESENTATION_CONTEXT(2) 
PARAMETRIC_REPRESENTATION_CONTEXT() REPRESENTATION_CONTEXT('2D SPACE',''
  ) );
#3914 = ADVANCED_FACE('',(#3915),#2093,.T.);
#3915 = FACE_BOUND('',#3916,.T.);
#3916 = EDGE_LOOP('',(#3917,#3918,#3919));
#3917 = ORIENTED_EDGE('',*,*,#2079,.F.);
#3918 = ORIENTED_EDGE('',*,*,#3563,.F.);
#3919 = ORIENTED_EDGE('',*,*,#3920,.T.);
#3920 = EDGE_CURVE('',#2796,#1941,#3921,.T.);
#3921 = SURFACE_CURVE('',#3922,(#3926,#3933),.PCURVE_S1.);
#3922 = LINE('',#3923,#3924);
#3923 = CARTESIAN_POINT('',(-50.57698541746,-51.94681778853,
    12.945898643183));
#3924 = VECTOR('',#3925,1.);
#3925 = DIRECTION('',(0.88795539047,0.459928786691,-8.57734604135E-04));
#3926 = PCURVE('',#2093,#3927);
#3927 = DEFINITIONAL_REPRESENTATION('',(#3928),#3932);
#3928 = LINE('',#3929,#3930);
#3929 = CARTESIAN_POINT('',(-22.73247921362,43.893392040738));
#3930 = VECTOR('',#3931,1.);
#3931 = DIRECTION('',(0.459885715236,-0.887978112862));
#3932 = ( GEOMETRIC_REPRESENTATION_CONTEXT(2) 
PARAMETRIC_REPRESENTATION_CONTEXT() REPRESENTATION_CONTEXT('2D SPACE',''
  ) );
#3933 = PCURVE('',#1982,#3934);
#3934 = DEFINITIONAL_REPRESENTATION('',(#3935),#3939);
#3935 = LINE('',#3936,#3937);
#3936 = CARTESIAN_POINT('',(-22.24166418547,46.286952243988));
#3937 = VECTOR('',#3938,1.);
#3938 = DIRECTION('',(0.459880595672,-0.887980764276));
#3939 = ( GEOMETRIC_REPRESENTATION_CONTEXT(2) 
PARAMETRIC_REPRESENTATION_CONTEXT() REPRESENTATION_CONTEXT('2D SPACE',''
  ) );
#3940 = ADVANCED_FACE('',(#3941),#3603,.T.);
#3941 = FACE_BOUND('',#3942,.T.);
#3942 = EDGE_LOOP('',(#3943,#3969,#3970));
#3943 = ORIENTED_EDGE('',*,*,#3944,.F.);
#3944 = EDGE_CURVE('',#2796,#3867,#3945,.T.);
#3945 = SURFACE_CURVE('',#3946,(#3950,#3957),.PCURVE_S1.);
#3946 = LINE('',#3947,#3948);
#3947 = CARTESIAN_POINT('',(-50.57698541746,-51.94681778853,
    12.945898643183));
#3948 = VECTOR('',#3949,1.);
#3949 = DIRECTION('',(0.420148765829,0.907454358691,-1.265489947687E-03)
  );
#3950 = PCURVE('',#3603,#3951);
#3951 = DEFINITIONAL_REPRESENTATION('',(#3952),#3956);
#3952 = LINE('',#3953,#3954);
#3953 = CARTESIAN_POINT('',(-21.23218554321,-45.86642696957));
#3954 = VECTOR('',#3955,1.);
#3955 = DIRECTION('',(0.420086559657,0.907484039747));
#3956 = ( GEOMETRIC_REPRESENTATION_CONTEXT(2) 
PARAMETRIC_REPRESENTATION_CONTEXT() REPRESENTATION_CONTEXT('2D SPACE',''
  ) );
#3957 = PCURVE('',#3958,#3963);
#3958 = PLANE('',#3959);
#3959 = AXIS2_PLACEMENT_3D('',#3960,#3961,#3962);
#3960 = CARTESIAN_POINT('',(-29.76812636988,-3.685383338972,
    12.868817117434));
#3961 = DIRECTION('',(-6.365874212672E-03,4.341889521136E-03,
    0.99997031138));
#3962 = DIRECTION('',(0.999979737235,1.011543790595E-21,
    6.365934218266E-03));
#3963 = DEFINITIONAL_REPRESENTATION('',(#3964),#3968);
#3964 = LINE('',#3965,#3966);
#3965 = CARTESIAN_POINT('',(-20.80794670664,-48.26188936838));
#3966 = VECTOR('',#3967,1.);
#3967 = DIRECTION('',(0.420132196427,0.907462912479));
#3968 = ( GEOMETRIC_REPRESENTATION_CONTEXT(2) 
PARAMETRIC_REPRESENTATION_CONTEXT() REPRESENTATION_CONTEXT('2D SPACE',''
  ) );
#3969 = ORIENTED_EDGE('',*,*,#3587,.T.);
#3970 = ORIENTED_EDGE('',*,*,#3894,.F.);
#3971 = ADVANCED_FACE('',(#3972),#1982,.T.);
#3972 = FACE_BOUND('',#3973,.T.);
#3973 = EDGE_LOOP('',(#3974,#3975,#3976));
#3974 = ORIENTED_EDGE('',*,*,#1968,.F.);
#3975 = ORIENTED_EDGE('',*,*,#3920,.F.);
#3976 = ORIENTED_EDGE('',*,*,#3977,.T.);
#3977 = EDGE_CURVE('',#2796,#1825,#3978,.T.);
#3978 = SURFACE_CURVE('',#3979,(#3983,#3990),.PCURVE_S1.);
#3979 = LINE('',#3980,#3981);
#3980 = CARTESIAN_POINT('',(-50.57698541746,-51.94681778853,
    12.945898643183));
#3981 = VECTOR('',#3982,1.);
#3982 = DIRECTION('',(0.901315455051,0.433161357568,-1.299536918812E-03)
  );
#3983 = PCURVE('',#1982,#3984);
#3984 = DEFINITIONAL_REPRESENTATION('',(#3985),#3989);
#3985 = LINE('',#3986,#3987);
#3986 = CARTESIAN_POINT('',(-22.24166418547,46.286952243988));
#3987 = VECTOR('',#3988,1.);
#3988 = DIRECTION('',(0.4331097113,-0.901341210629));
#3989 = ( GEOMETRIC_REPRESENTATION_CONTEXT(2) 
PARAMETRIC_REPRESENTATION_CONTEXT() REPRESENTATION_CONTEXT('2D SPACE',''
  ) );
#3990 = PCURVE('',#1866,#3991);
#3991 = DEFINITIONAL_REPRESENTATION('',(#3992),#3996);
#3992 = LINE('',#3993,#3994);
#3993 = CARTESIAN_POINT('',(-21.99051847121,48.710544889793));
#3994 = VECTOR('',#3995,1.);
#3995 = DIRECTION('',(0.432793998295,-0.901492848025));
#3996 = ( GEOMETRIC_REPRESENTATION_CONTEXT(2) 
PARAMETRIC_REPRESENTATION_CONTEXT() REPRESENTATION_CONTEXT('2D SPACE',''
  ) );
#3997 = ADVANCED_FACE('',(#3998),#3958,.T.);
#3998 = FACE_BOUND('',#3999,.T.);
#3999 = EDGE_LOOP('',(#4000,#4028,#4029));
#4000 = ORIENTED_EDGE('',*,*,#4001,.F.);
#4001 = EDGE_CURVE('',#2796,#4002,#4004,.T.);
#4002 = VERTEX_POINT('',#4003);
#4003 = CARTESIAN_POINT('',(-29.76812636988,-3.685383338972,
    12.868817117434));
#4004 = SURFACE_CURVE('',#4005,(#4009,#4016),.PCURVE_S1.);
#4005 = LINE('',#4006,#4007);
#4006 = CARTESIAN_POINT('',(-50.57698541746,-51.94681778853,
    12.945898643183));
#4007 = VECTOR('',#4008,1.);
#4008 = DIRECTION('',(0.395933484636,0.918278021464,-1.4666425017E-03));
#4009 = PCURVE('',#3958,#4010);
#4010 = DEFINITIONAL_REPRESENTATION('',(#4011),#4015);
#4011 = LINE('',#4012,#4013);
#4012 = CARTESIAN_POINT('',(-20.80794670664,-48.26188936838));
#4013 = VECTOR('',#4014,1.);
#4014 = DIRECTION('',(0.395916125379,0.918286677277));
#4015 = ( GEOMETRIC_REPRESENTATION_CONTEXT(2) 
PARAMETRIC_REPRESENTATION_CONTEXT() REPRESENTATION_CONTEXT('2D SPACE',''
  ) );
#4016 = PCURVE('',#4017,#4022);
#4017 = PLANE('',#4018);
#4018 = AXIS2_PLACEMENT_3D('',#4019,#4020,#4021);
#4019 = CARTESIAN_POINT('',(-29.96746283537,-1.203260334615,
    12.865359016961));
#4020 = DIRECTION('',(3.987717990121E-04,1.425226082914E-03,
    0.999998904855));
#4021 = DIRECTION('',(1.065071765034E-22,0.999998984365,
    -1.425226196233E-03));
#4022 = DEFINITIONAL_REPRESENTATION('',(#4023),#4027);
#4023 = LINE('',#4024,#4025);
#4024 = CARTESIAN_POINT('',(-50.74362070415,20.609524220749));
#4025 = VECTOR('',#4026,1.);
#4026 = DIRECTION('',(0.918279179126,-0.395933516116));
#4027 = ( GEOMETRIC_REPRESENTATION_CONTEXT(2) 
PARAMETRIC_REPRESENTATION_CONTEXT() REPRESENTATION_CONTEXT('2D SPACE',''
  ) );
#4028 = ORIENTED_EDGE('',*,*,#3944,.T.);
#4029 = ORIENTED_EDGE('',*,*,#4030,.F.);
#4030 = EDGE_CURVE('',#4002,#3867,#4031,.T.);
#4031 = SURFACE_CURVE('',#4032,(#4036,#4043),.PCURVE_S1.);
#4032 = LINE('',#4033,#4034);
#4033 = CARTESIAN_POINT('',(-29.76812636988,-3.685383338972,
    12.868817117434));
#4034 = VECTOR('',#4035,1.);
#4035 = DIRECTION('',(0.175199934279,-0.984518120468,5.390129679831E-03)
  );
#4036 = PCURVE('',#3958,#4037);
#4037 = DEFINITIONAL_REPRESENTATION('',(#4038),#4042);
#4038 = LINE('',#4039,#4040);
#4039 = CARTESIAN_POINT('',(0.,0.));
#4040 = VECTOR('',#4041,1.);
#4041 = DIRECTION('',(0.175230697455,-0.98452740067));
#4042 = ( GEOMETRIC_REPRESENTATION_CONTEXT(2) 
PARAMETRIC_REPRESENTATION_CONTEXT() REPRESENTATION_CONTEXT('2D SPACE',''
  ) );
#4043 = PCURVE('',#3882,#4044);
#4044 = DEFINITIONAL_REPRESENTATION('',(#4045),#4049);
#4045 = LINE('',#4046,#4047);
#4046 = CARTESIAN_POINT('',(2.434158157519,-1.312138682798E-02));
#4047 = VECTOR('',#4048,1.);
#4048 = DIRECTION('',(-0.999985471445,5.390445215177E-03));
#4049 = ( GEOMETRIC_REPRESENTATION_CONTEXT(2) 
PARAMETRIC_REPRESENTATION_CONTEXT() REPRESENTATION_CONTEXT('2D SPACE',''
  ) );
#4050 = ADVANCED_FACE('',(#4051),#1866,.T.);
#4051 = FACE_BOUND('',#4052,.T.);
#4052 = EDGE_LOOP('',(#4053,#4054,#4055));
#4053 = ORIENTED_EDGE('',*,*,#1852,.F.);
#4054 = ORIENTED_EDGE('',*,*,#3977,.F.);
#4055 = ORIENTED_EDGE('',*,*,#4056,.T.);
#4056 = EDGE_CURVE('',#2796,#1714,#4057,.T.);
#4057 = SURFACE_CURVE('',#4058,(#4062,#4069),.PCURVE_S1.);
#4058 = LINE('',#4059,#4060);
#4059 = CARTESIAN_POINT('',(-50.57698541746,-51.94681778853,
    12.945898643183));
#4060 = VECTOR('',#4061,1.);
#4061 = DIRECTION('',(0.911245934468,0.41186262501,-1.582292526986E-04)
  );
#4062 = PCURVE('',#1866,#4063);
#4063 = DEFINITIONAL_REPRESENTATION('',(#4064),#4068);
#4064 = LINE('',#4065,#4066);
#4065 = CARTESIAN_POINT('',(-21.99051847121,48.710544889793));
#4066 = VECTOR('',#4067,1.);
#4067 = DIRECTION('',(0.411465618839,-0.911425281915));
#4068 = ( GEOMETRIC_REPRESENTATION_CONTEXT(2) 
PARAMETRIC_REPRESENTATION_CONTEXT() REPRESENTATION_CONTEXT('2D SPACE',''
  ) );
#4069 = PCURVE('',#1755,#4070);
#4070 = DEFINITIONAL_REPRESENTATION('',(#4071),#4075);
#4071 = LINE('',#4072,#4073);
#4072 = CARTESIAN_POINT('',(-21.93472272283,51.180886584723));
#4073 = VECTOR('',#4074,1.);
#4074 = DIRECTION('',(0.411594668059,-0.911367011267));
#4075 = ( GEOMETRIC_REPRESENTATION_CONTEXT(2) 
PARAMETRIC_REPRESENTATION_CONTEXT() REPRESENTATION_CONTEXT('2D SPACE',''
  ) );
#4076 = ADVANCED_FACE('',(#4077),#4017,.T.);
#4077 = FACE_BOUND('',#4078,.T.);
#4078 = EDGE_LOOP('',(#4079,#4107,#4108));
#4079 = ORIENTED_EDGE('',*,*,#4080,.F.);
#4080 = EDGE_CURVE('',#2796,#4081,#4083,.T.);
#4081 = VERTEX_POINT('',#4082);
#4082 = CARTESIAN_POINT('',(-29.96746283537,-1.203260334615,
    12.865359016961));
#4083 = SURFACE_CURVE('',#4084,(#4088,#4095),.PCURVE_S1.);
#4084 = LINE('',#4085,#4086);
#4085 = CARTESIAN_POINT('',(-50.57698541746,-51.94681778853,
    12.945898643183));
#4086 = VECTOR('',#4087,1.);
#4087 = DIRECTION('',(0.37629753239,0.926497708938,-1.470527154933E-03)
  );
#4088 = PCURVE('',#4017,#4089);
#4089 = DEFINITIONAL_REPRESENTATION('',(#4090),#4094);
#4090 = LINE('',#4091,#4092);
#4091 = CARTESIAN_POINT('',(-50.74362070415,20.609524220749));
#4092 = VECTOR('',#4093,1.);
#4093 = DIRECTION('',(0.926498863788,-0.376297562309));
#4094 = ( GEOMETRIC_REPRESENTATION_CONTEXT(2) 
PARAMETRIC_REPRESENTATION_CONTEXT() REPRESENTATION_CONTEXT('2D SPACE',''
  ) );
#4095 = PCURVE('',#4096,#4101);
#4096 = PLANE('',#4097);
#4097 = AXIS2_PLACEMENT_3D('',#4098,#4099,#4100);
#4098 = CARTESIAN_POINT('',(-29.96770464137,1.254919397975,
    12.90987517229));
#4099 = DIRECTION('',(4.841923747041E-02,-1.808043096589E-02,
    0.998663444539));
#4100 = DIRECTION('',(0.998826717102,3.181291021719E-20,
    -4.84271535837E-02));
#4101 = DEFINITIONAL_REPRESENTATION('',(#4102),#4106);
#4102 = LINE('',#4103,#4104);
#4103 = CARTESIAN_POINT('',(-20.58684477356,-53.21043519583));
#4104 = VECTOR('',#4105,1.);
#4105 = DIRECTION('',(0.375927242375,0.926649183046));
#4106 = ( GEOMETRIC_REPRESENTATION_CONTEXT(2) 
PARAMETRIC_REPRESENTATION_CONTEXT() REPRESENTATION_CONTEXT('2D SPACE',''
  ) );
#4107 = ORIENTED_EDGE('',*,*,#4001,.T.);
#4108 = ORIENTED_EDGE('',*,*,#4109,.F.);
#4109 = EDGE_CURVE('',#4081,#4002,#4110,.T.);
#4110 = SURFACE_CURVE('',#4111,(#4115,#4122),.PCURVE_S1.);
#4111 = LINE('',#4112,#4113);
#4112 = CARTESIAN_POINT('',(-29.96746283537,-1.203260334615,
    12.865359016961));
#4113 = VECTOR('',#4114,1.);
#4114 = DIRECTION('',(8.005105095235E-02,-0.996789797635,
    1.388730238031E-03));
#4115 = PCURVE('',#4017,#4116);
#4116 = DEFINITIONAL_REPRESENTATION('',(#4117),#4121);
#4117 = LINE('',#4118,#4119);
#4118 = CARTESIAN_POINT('',(0.,0.));
#4119 = VECTOR('',#4120,1.);
#4120 = DIRECTION('',(-0.996790764515,-8.005105731716E-02));
#4121 = ( GEOMETRIC_REPRESENTATION_CONTEXT(2) 
PARAMETRIC_REPRESENTATION_CONTEXT() REPRESENTATION_CONTEXT('2D SPACE',''
  ) );
#4122 = PCURVE('',#4123,#4128);
#4123 = PLANE('',#4124);
#4124 = AXIS2_PLACEMENT_3D('',#4125,#4126,#4127);
#4125 = CARTESIAN_POINT('',(-29.76812636988,-3.685383338972,
    12.868817117434));
#4126 = DIRECTION('',(0.996790692748,8.005043690376E-02,
    -4.923433557212E-04));
#4127 = DIRECTION('',(-8.005044660595E-02,0.99679081356,
    5.638072285693E-21));
#4128 = DEFINITIONAL_REPRESENTATION('',(#4129),#4133);
#4129 = LINE('',#4130,#4131);
#4130 = CARTESIAN_POINT('',(2.490114381956,-3.458100892105E-03));
#4131 = VECTOR('',#4132,1.);
#4132 = DIRECTION('',(-0.999999035713,1.388730406347E-03));
#4133 = ( GEOMETRIC_REPRESENTATION_CONTEXT(2) 
PARAMETRIC_REPRESENTATION_CONTEXT() REPRESENTATION_CONTEXT('2D SPACE',''
  ) );
#4134 = ADVANCED_FACE('',(#4135),#4123,.T.);
#4135 = FACE_BOUND('',#4136,.T.);
#4136 = EDGE_LOOP('',(#4137,#4165,#4191));
#4137 = ORIENTED_EDGE('',*,*,#4138,.F.);
#4138 = EDGE_CURVE('',#4139,#4002,#4141,.T.);
#4139 = VERTEX_POINT('',#4140);
#4140 = CARTESIAN_POINT('',(-29.96938949342,-1.200807975944,
    9.363407764027));
#4141 = SURFACE_CURVE('',#4142,(#4146,#4153),.PCURVE_S1.);
#4142 = LINE('',#4143,#4144);
#4143 = CARTESIAN_POINT('',(-29.96938949342,-1.200807975944,
    9.363407764027));
#4144 = VECTOR('',#4145,1.);
#4145 = DIRECTION('',(4.679080823788E-02,-0.577628366891,0.814957722846)
  );
#4146 = PCURVE('',#4123,#4147);
#4147 = DEFINITIONAL_REPRESENTATION('',(#4148),#4152);
#4148 = LINE('',#4149,#4150);
#4149 = CARTESIAN_POINT('',(2.492713100389,-3.505409778265));
#4150 = VECTOR('',#4151,1.);
#4151 = DIRECTION('',(-0.579520274866,0.81495782162));
#4152 = ( GEOMETRIC_REPRESENTATION_CONTEXT(2) 
PARAMETRIC_REPRESENTATION_CONTEXT() REPRESENTATION_CONTEXT('2D SPACE',''
  ) );
#4153 = PCURVE('',#4154,#4159);
#4154 = PLANE('',#4155);
#4155 = AXIS2_PLACEMENT_3D('',#4156,#4157,#4158);
#4156 = CARTESIAN_POINT('',(-29.76812636988,-3.685383338972,
    12.868817117434));
#4157 = DIRECTION('',(0.997766966217,6.595455942034E-02,
    -1.053931767818E-02));
#4158 = DIRECTION('',(-6.595822274999E-02,0.997822385423,
    2.951374763364E-20));
#4159 = DEFINITIONAL_REPRESENTATION('',(#4160),#4164);
#4160 = LINE('',#4161,#4162);
#4161 = CARTESIAN_POINT('',(2.492439873434,-3.505604055184));
#4162 = VECTOR('',#4163,1.);
#4163 = DIRECTION('',(-0.579456753492,0.815002988235));
#4164 = ( GEOMETRIC_REPRESENTATION_CONTEXT(2) 
PARAMETRIC_REPRESENTATION_CONTEXT() REPRESENTATION_CONTEXT('2D SPACE',''
  ) );
#4165 = ORIENTED_EDGE('',*,*,#4166,.T.);
#4166 = EDGE_CURVE('',#4139,#4081,#4167,.T.);
#4167 = SURFACE_CURVE('',#4168,(#4172,#4179),.PCURVE_S1.);
#4168 = LINE('',#4169,#4170);
#4169 = CARTESIAN_POINT('',(-29.96938949342,-1.200807975944,
    9.363407764027));
#4170 = VECTOR('',#4171,1.);
#4171 = DIRECTION('',(5.501667924627E-04,-7.002832197674E-04,
    0.99999960346));
#4172 = PCURVE('',#4123,#4173);
#4173 = DEFINITIONAL_REPRESENTATION('',(#4174),#4178);
#4174 = LINE('',#4175,#4176);
#4175 = CARTESIAN_POINT('',(2.492713100389,-3.505409778265));
#4176 = VECTOR('',#4177,1.);
#4177 = DIRECTION('',(-7.42076977799E-04,0.999999724661));
#4178 = ( GEOMETRIC_REPRESENTATION_CONTEXT(2) 
PARAMETRIC_REPRESENTATION_CONTEXT() REPRESENTATION_CONTEXT('2D SPACE',''
  ) );
#4179 = PCURVE('',#4180,#4185);
#4180 = PLANE('',#4181);
#4181 = AXIS2_PLACEMENT_3D('',#4182,#4183,#4184);
#4182 = CARTESIAN_POINT('',(-29.96746283537,-1.203260334615,
    12.865359016961));
#4183 = DIRECTION('',(0.99990816285,1.354155017581E-02,
    -5.406335607377E-04));
#4184 = DIRECTION('',(-1.35415521548E-02,0.999908308979,
    1.044418901822E-22));
#4185 = DEFINITIONAL_REPRESENTATION('',(#4186),#4190);
#4186 = LINE('',#4187,#4188);
#4187 = CARTESIAN_POINT('',(2.478223752559E-03,-3.501951764717));
#4188 = VECTOR('',#4189,1.);
#4189 = DIRECTION('',(-7.07669122398E-04,0.999999749602));
#4190 = ( GEOMETRIC_REPRESENTATION_CONTEXT(2) 
PARAMETRIC_REPRESENTATION_CONTEXT() REPRESENTATION_CONTEXT('2D SPACE',''
  ) );
#4191 = ORIENTED_EDGE('',*,*,#4109,.T.);
#4192 = ADVANCED_FACE('',(#4193),#4154,.T.);
#4193 = FACE_BOUND('',#4194,.T.);
#4194 = EDGE_LOOP('',(#4195,#4223,#4249));
#4195 = ORIENTED_EDGE('',*,*,#4196,.F.);
#4196 = EDGE_CURVE('',#4197,#4002,#4199,.T.);
#4197 = VERTEX_POINT('',#4198);
#4198 = CARTESIAN_POINT('',(-29.80573052533,-3.688545603054,
    9.289007589844));
#4199 = SURFACE_CURVE('',#4200,(#4204,#4211),.PCURVE_S1.);
#4200 = LINE('',#4201,#4202);
#4201 = CARTESIAN_POINT('',(-29.80573052533,-3.688545603054,
    9.289007589844));
#4202 = VECTOR('',#4203,1.);
#4203 = DIRECTION('',(1.050392931663E-02,8.833119106392E-04,
    0.999944442071));
#4204 = PCURVE('',#4154,#4205);
#4205 = DEFINITIONAL_REPRESENTATION('',(#4206),#4210);
#4206 = LINE('',#4207,#4208);
#4207 = CARTESIAN_POINT('',(-6.750746282744E-04,-3.580008361794));
#4208 = VECTOR('',#4209,1.);
#4209 = DIRECTION('',(1.885678881303E-04,0.999999982221));
#4210 = ( GEOMETRIC_REPRESENTATION_CONTEXT(2) 
PARAMETRIC_REPRESENTATION_CONTEXT() REPRESENTATION_CONTEXT('2D SPACE',''
  ) );
#4211 = PCURVE('',#4212,#4217);
#4212 = PLANE('',#4213);
#4213 = AXIS2_PLACEMENT_3D('',#4214,#4215,#4216);
#4214 = CARTESIAN_POINT('',(-29.76812636988,-3.685383338972,
    12.868817117434));
#4215 = DIRECTION('',(0.98457161646,0.174666970335,-1.049673925884E-02)
  );
#4216 = DIRECTION('',(-0.174676593668,0.984625861749,2.320327347927E-19)
  );
#4217 = DEFINITIONAL_REPRESENTATION('',(#4218),#4222);
#4218 = LINE('',#4219,#4220);
#4219 = CARTESIAN_POINT('',(3.454918785231E-03,-3.580006758343));
#4220 = VECTOR('',#4221,1.);
#4221 = DIRECTION('',(-9.650588419505E-04,0.999999534331));
#4222 = ( GEOMETRIC_REPRESENTATION_CONTEXT(2) 
PARAMETRIC_REPRESENTATION_CONTEXT() REPRESENTATION_CONTEXT('2D SPACE',''
  ) );
#4223 = ORIENTED_EDGE('',*,*,#4224,.F.);
#4224 = EDGE_CURVE('',#4139,#4197,#4225,.T.);
#4225 = SURFACE_CURVE('',#4226,(#4230,#4237),.PCURVE_S1.);
#4226 = LINE('',#4227,#4228);
#4227 = CARTESIAN_POINT('',(-29.96938949342,-1.200807975944,
    9.363407764027));
#4228 = VECTOR('',#4229,1.);
#4229 = DIRECTION('',(6.561515933264E-02,-0.997399059108,
    -2.982897509746E-02));
#4230 = PCURVE('',#4154,#4231);
#4231 = DEFINITIONAL_REPRESENTATION('',(#4232),#4236);
#4232 = LINE('',#4233,#4234);
#4233 = CARTESIAN_POINT('',(2.492439873434,-3.505604055184));
#4234 = VECTOR('',#4235,1.);
#4235 = DIRECTION('',(-0.999554967673,-2.983063189526E-02));
#4236 = ( GEOMETRIC_REPRESENTATION_CONTEXT(2) 
PARAMETRIC_REPRESENTATION_CONTEXT() REPRESENTATION_CONTEXT('2D SPACE',''
  ) );
#4237 = PCURVE('',#4238,#4243);
#4238 = PLANE('',#4239);
#4239 = AXIS2_PLACEMENT_3D('',#4240,#4241,#4242);
#4240 = CARTESIAN_POINT('',(-29.80739686929,3.671686146755,
    9.359353914766));
#4241 = DIRECTION('',(0.296426531207,-9.060541294222E-03,0.955012679596)
  );
#4242 = DIRECTION('',(0.955051882132,1.100189090825E-19,-0.296438699288)
  );
#4243 = DEFINITIONAL_REPRESENTATION('',(#4244),#4248);
#4244 = LINE('',#4245,#4246);
#4245 = CARTESIAN_POINT('',(-0.155913078365,-4.872694134839));
#4246 = VECTOR('',#4247,1.);
#4247 = DIRECTION('',(7.150834399603E-02,-0.997440001574));
#4248 = ( GEOMETRIC_REPRESENTATION_CONTEXT(2) 
PARAMETRIC_REPRESENTATION_CONTEXT() REPRESENTATION_CONTEXT('2D SPACE',''
  ) );
#4249 = ORIENTED_EDGE('',*,*,#4138,.T.);
#4250 = ADVANCED_FACE('',(#4251),#1755,.T.);
#4251 = FACE_BOUND('',#4252,.T.);
#4252 = EDGE_LOOP('',(#4253,#4254,#4255));
#4253 = ORIENTED_EDGE('',*,*,#1741,.F.);
#4254 = ORIENTED_EDGE('',*,*,#4056,.F.);
#4255 = ORIENTED_EDGE('',*,*,#4256,.T.);
#4256 = EDGE_CURVE('',#2796,#1429,#4257,.T.);
#4257 = SURFACE_CURVE('',#4258,(#4262,#4269),.PCURVE_S1.);
#4258 = LINE('',#4259,#4260);
#4259 = CARTESIAN_POINT('',(-50.57698541746,-51.94681778853,
    12.945898643183));
#4260 = VECTOR('',#4261,1.);
#4261 = DIRECTION('',(0.919022549028,0.394203901562,-9.156261479497E-04)
  );
#4262 = PCURVE('',#1755,#4263);
#4263 = DEFINITIONAL_REPRESENTATION('',(#4264),#4268);
#4264 = LINE('',#4265,#4266);
#4265 = CARTESIAN_POINT('',(-21.93472272283,51.180886584723));
#4266 = VECTOR('',#4267,1.);
#4267 = DIRECTION('',(0.393920164048,-0.919144659102));
#4268 = ( GEOMETRIC_REPRESENTATION_CONTEXT(2) 
PARAMETRIC_REPRESENTATION_CONTEXT() REPRESENTATION_CONTEXT('2D SPACE',''
  ) );
#4269 = PCURVE('',#1470,#4270);
#4270 = DEFINITIONAL_REPRESENTATION('',(#4271),#4275);
#4271 = LINE('',#4272,#4273);
#4272 = CARTESIAN_POINT('',(-101.1438677998,-3.727811859459E-02));
#4273 = VECTOR('',#4274,1.);
#4274 = DIRECTION('',(0.919022976151,0.394203969167));
#4275 = ( GEOMETRIC_REPRESENTATION_CONTEXT(2) 
PARAMETRIC_REPRESENTATION_CONTEXT() REPRESENTATION_CONTEXT('2D SPACE',''
  ) );
#4276 = ADVANCED_FACE('',(#4277),#4096,.T.);
#4277 = FACE_BOUND('',#4278,.T.);
#4278 = EDGE_LOOP('',(#4279,#4307,#4308));
#4279 = ORIENTED_EDGE('',*,*,#4280,.F.);
#4280 = EDGE_CURVE('',#2796,#4281,#4283,.T.);
#4281 = VERTEX_POINT('',#4282);
#4282 = CARTESIAN_POINT('',(-29.96770464137,1.254919397975,
    12.90987517229));
#4283 = SURFACE_CURVE('',#4284,(#4288,#4295),.PCURVE_S1.);
#4284 = LINE('',#4285,#4286);
#4285 = CARTESIAN_POINT('',(-50.57698541746,-51.94681778853,
    12.945898643183));
#4286 = VECTOR('',#4287,1.);
#4287 = DIRECTION('',(0.361223580243,0.932479021974,-6.313916176906E-04)
  );
#4288 = PCURVE('',#4096,#4289);
#4289 = DEFINITIONAL_REPRESENTATION('',(#4290),#4294);
#4290 = LINE('',#4291,#4292);
#4291 = CARTESIAN_POINT('',(-20.58684477356,-53.21043519583));
#4292 = VECTOR('',#4293,1.);
#4293 = DIRECTION('',(0.360830339293,0.932631473973));
#4294 = ( GEOMETRIC_REPRESENTATION_CONTEXT(2) 
PARAMETRIC_REPRESENTATION_CONTEXT() REPRESENTATION_CONTEXT('2D SPACE',''
  ) );
#4295 = PCURVE('',#4296,#4301);
#4296 = PLANE('',#4297);
#4297 = AXIS2_PLACEMENT_3D('',#4298,#4299,#4300);
#4298 = CARTESIAN_POINT('',(-50.56047006568,51.90538815399,
    12.908375786124));
#4299 = DIRECTION('',(8.155566566322E-04,3.611803195479E-04,
    0.999999602208));
#4300 = DIRECTION('',(0.999999667434,-6.178289215795E-24,
    -8.155567098274E-04));
#4301 = DEFINITIONAL_REPRESENTATION('',(#4302),#4306);
#4302 = LINE('',#4303,#4304);
#4303 = CARTESIAN_POINT('',(-1.654594830757E-02,-103.8522127163));
#4304 = VECTOR('',#4305,1.);
#4305 = DIRECTION('',(0.361223975048,0.932479082795));
#4306 = ( GEOMETRIC_REPRESENTATION_CONTEXT(2) 
PARAMETRIC_REPRESENTATION_CONTEXT() REPRESENTATION_CONTEXT('2D SPACE',''
  ) );
#4307 = ORIENTED_EDGE('',*,*,#4080,.T.);
#4308 = ORIENTED_EDGE('',*,*,#4309,.F.);
#4309 = EDGE_CURVE('',#4281,#4081,#4310,.T.);
#4310 = SURFACE_CURVE('',#4311,(#4315,#4322),.PCURVE_S1.);
#4311 = LINE('',#4312,#4313);
#4312 = CARTESIAN_POINT('',(-29.96770464137,1.254919397975,
    12.90987517229));
#4313 = VECTOR('',#4314,1.);
#4314 = DIRECTION('',(9.835178538206E-05,-0.999836060336,
    -1.810642923142E-02));
#4315 = PCURVE('',#4096,#4316);
#4316 = DEFINITIONAL_REPRESENTATION('',(#4317),#4321);
#4317 = LINE('',#4318,#4319);
#4318 = CARTESIAN_POINT('',(0.,0.));
#4319 = VECTOR('',#4320,1.);
#4320 = DIRECTION('',(9.750792201566E-04,-0.99999952461));
#4321 = ( GEOMETRIC_REPRESENTATION_CONTEXT(2) 
PARAMETRIC_REPRESENTATION_CONTEXT() REPRESENTATION_CONTEXT('2D SPACE',''
  ) );
#4322 = PCURVE('',#4323,#4328);
#4323 = PLANE('',#4324);
#4324 = AXIS2_PLACEMENT_3D('',#4325,#4326,#4327);
#4325 = CARTESIAN_POINT('',(-29.96746283537,-1.203260334615,
    12.865359016961));
#4326 = DIRECTION('',(0.999952518127,2.747658792062E-04,
    -9.740944306077E-03));
#4327 = DIRECTION('',(9.74094467378E-03,3.176965930353E-22,
    0.999952555873));
#4328 = DEFINITIONAL_REPRESENTATION('',(#4329),#4333);
#4329 = LINE('',#4330,#4331);
#4330 = CARTESIAN_POINT('',(4.451168788075E-02,-2.458179825382));
#4331 = VECTOR('',#4332,1.);
#4332 = DIRECTION('',(-1.810461214839E-02,0.999836098078));
#4333 = ( GEOMETRIC_REPRESENTATION_CONTEXT(2) 
PARAMETRIC_REPRESENTATION_CONTEXT() REPRESENTATION_CONTEXT('2D SPACE',''
  ) );
#4334 = ADVANCED_FACE('',(#4335),#1470,.T.);
#4335 = FACE_BOUND('',#4336,.T.);
#4336 = EDGE_LOOP('',(#4337,#4338,#4339));
#4337 = ORIENTED_EDGE('',*,*,#1456,.F.);
#4338 = ORIENTED_EDGE('',*,*,#4256,.F.);
#4339 = ORIENTED_EDGE('',*,*,#4340,.T.);
#4340 = EDGE_CURVE('',#2796,#284,#4341,.T.);
#4341 = SURFACE_CURVE('',#4342,(#4346,#4353),.PCURVE_S1.);
#4342 = LINE('',#4343,#4344);
#4343 = CARTESIAN_POINT('',(-50.57698541746,-51.94681778853,
    12.945898643183));
#4344 = VECTOR('',#4345,1.);
#4345 = DIRECTION('',(0.999999654338,3.685651980729E-04,
    -7.453081643496E-04));
#4346 = PCURVE('',#1470,#4347);
#4347 = DEFINITIONAL_REPRESENTATION('',(#4348),#4352);
#4348 = LINE('',#4349,#4350);
#4349 = CARTESIAN_POINT('',(-101.1438677998,-3.727811859459E-02));
#4350 = VECTOR('',#4351,1.);
#4351 = DIRECTION('',(0.99999993208,3.685652612813E-04));
#4352 = ( GEOMETRIC_REPRESENTATION_CONTEXT(2) 
PARAMETRIC_REPRESENTATION_CONTEXT() REPRESENTATION_CONTEXT('2D SPACE',''
  ) );
#4353 = PCURVE('',#4354,#4359);
#4354 = PLANE('',#4355);
#4355 = AXIS2_PLACEMENT_3D('',#4356,#4357,#4358);
#4356 = CARTESIAN_POINT('',(50.566854290482,-51.90953967633,
    12.870515287618));
#4357 = DIRECTION('',(3.675203134637E-04,-0.999998950221,
    -1.401601089481E-03));
#4358 = DIRECTION('',(-7.642152873877E-23,1.401601184139E-03,
    -0.999999017757));
#4359 = DEFINITIONAL_REPRESENTATION('',(#4360),#4364);
#4360 = LINE('',#4361,#4362);
#4361 = CARTESIAN_POINT('',(-7.543553056659E-02,-101.1438465387));
#4362 = VECTOR('',#4363,1.);
#4363 = DIRECTION('',(7.458240136936E-04,0.999999721873));
#4364 = ( GEOMETRIC_REPRESENTATION_CONTEXT(2) 
PARAMETRIC_REPRESENTATION_CONTEXT() REPRESENTATION_CONTEXT('2D SPACE',''
  ) );
#4365 = ADVANCED_FACE('',(#4366),#4354,.T.);
#4366 = FACE_BOUND('',#4367,.T.);
#4367 = EDGE_LOOP('',(#4368,#4369,#4397));
#4368 = ORIENTED_EDGE('',*,*,#4340,.F.);
#4369 = ORIENTED_EDGE('',*,*,#4370,.T.);
#4370 = EDGE_CURVE('',#2796,#4371,#4373,.T.);
#4371 = VERTEX_POINT('',#4372);
#4372 = CARTESIAN_POINT('',(50.542394566553,-51.89152830228,
    1.354427091194E-02));
#4373 = SURFACE_CURVE('',#4374,(#4378,#4385),.PCURVE_S1.);
#4374 = LINE('',#4375,#4376);
#4375 = CARTESIAN_POINT('',(-50.57698541746,-51.94681778853,
    12.945898643183));
#4376 = VECTOR('',#4377,1.);
#4377 = DIRECTION('',(0.99192065474,5.423568005309E-04,-0.126858663674)
  );
#4378 = PCURVE('',#4354,#4379);
#4379 = DEFINITIONAL_REPRESENTATION('',(#4380),#4384);
#4380 = LINE('',#4381,#4382);
#4381 = CARTESIAN_POINT('',(-7.543553056659E-02,-101.1438465387));
#4382 = VECTOR('',#4383,1.);
#4383 = DIRECTION('',(0.126859299235,0.99192072173));
#4384 = ( GEOMETRIC_REPRESENTATION_CONTEXT(2) 
PARAMETRIC_REPRESENTATION_CONTEXT() REPRESENTATION_CONTEXT('2D SPACE',''
  ) );
#4385 = PCURVE('',#4386,#4391);
#4386 = PLANE('',#4387);
#4387 = AXIS2_PLACEMENT_3D('',#4388,#4389,#4390);
#4388 = CARTESIAN_POINT('',(50.542394566553,-51.89152830228,
    1.354427091194E-02));
#4389 = DIRECTION('',(2.779508499087E-04,-0.999997752275,
    -2.101948615202E-03));
#4390 = DIRECTION('',(1.473155550618E-23,2.101948696397E-03,
    -0.999997790903));
#4391 = DEFINITIONAL_REPRESENTATION('',(#4392),#4396);
#4392 = LINE('',#4393,#4394);
#4393 = CARTESIAN_POINT('',(-12.93244201911,-101.11938389));
#4394 = VECTOR('',#4395,1.);
#4395 = DIRECTION('',(0.126859523437,0.991920693056));
#4396 = ( GEOMETRIC_REPRESENTATION_CONTEXT(2) 
PARAMETRIC_REPRESENTATION_CONTEXT() REPRESENTATION_CONTEXT('2D SPACE',''
  ) );
#4397 = ORIENTED_EDGE('',*,*,#4398,.T.);
#4398 = EDGE_CURVE('',#4371,#284,#4399,.T.);
#4399 = SURFACE_CURVE('',#4400,(#4404,#4411),.PCURVE_S1.);
#4400 = LINE('',#4401,#4402);
#4401 = CARTESIAN_POINT('',(50.542394566553,-51.89152830228,
    1.354427091194E-02));
#4402 = VECTOR('',#4403,1.);
#4403 = DIRECTION('',(1.902443089628E-03,-1.400899461895E-03,
    0.999997209092));
#4404 = PCURVE('',#4354,#4405);
#4405 = DEFINITIONAL_REPRESENTATION('',(#4406),#4410);
#4406 = LINE('',#4407,#4408);
#4407 = CARTESIAN_POINT('',(12.856983632794,-2.445972558103E-02));
#4408 = VECTOR('',#4409,1.);
#4409 = DIRECTION('',(-0.999998190353,1.90244321811E-03));
#4410 = ( GEOMETRIC_REPRESENTATION_CONTEXT(2) 
PARAMETRIC_REPRESENTATION_CONTEXT() REPRESENTATION_CONTEXT('2D SPACE',''
  ) );
#4411 = PCURVE('',#4412,#4417);
#4412 = PLANE('',#4413);
#4413 = AXIS2_PLACEMENT_3D('',#4414,#4415,#4416);
#4414 = CARTESIAN_POINT('',(50.566854290482,-51.90953967633,
    12.870515287618));
#4415 = DIRECTION('',(0.999998087597,4.559996273906E-04,
    -1.901805949524E-03));
#4416 = DIRECTION('',(1.901806147251E-03,-6.930506087661E-23,
    0.999998191565));
#4417 = DEFINITIONAL_REPRESENTATION('',(#4418),#4422);
#4418 = LINE('',#4419,#4420);
#4419 = CARTESIAN_POINT('',(-12.85699428336,-1.80113759196E-02));
#4420 = VECTOR('',#4421,1.);
#4421 = DIRECTION('',(0.99999901874,1.400899607543E-03));
#4422 = ( GEOMETRIC_REPRESENTATION_CONTEXT(2) 
PARAMETRIC_REPRESENTATION_CONTEXT() REPRESENTATION_CONTEXT('2D SPACE',''
  ) );
#4423 = ADVANCED_FACE('',(#4424),#4386,.T.);
#4424 = FACE_BOUND('',#4425,.T.);
#4425 = EDGE_LOOP('',(#4426,#4427,#4455));
#4426 = ORIENTED_EDGE('',*,*,#4370,.F.);
#4427 = ORIENTED_EDGE('',*,*,#4428,.T.);
#4428 = EDGE_CURVE('',#2796,#4429,#4431,.T.);
#4429 = VERTEX_POINT('',#4430);
#4430 = CARTESIAN_POINT('',(-50.50705117208,-51.91959447943,
    3.712792969927E-03));
#4431 = SURFACE_CURVE('',#4432,(#4436,#4443),.PCURVE_S1.);
#4432 = LINE('',#4433,#4434);
#4433 = CARTESIAN_POINT('',(-50.57698541746,-51.94681778853,
    12.945898643183));
#4434 = VECTOR('',#4435,1.);
#4435 = DIRECTION('',(5.403497562991E-03,2.103419913527E-03,
    -0.999983188778));
#4436 = PCURVE('',#4386,#4437);
#4437 = DEFINITIONAL_REPRESENTATION('',(#4438),#4442);
#4438 = LINE('',#4439,#4440);
#4439 = CARTESIAN_POINT('',(-12.93244201911,-101.11938389));
#4440 = VECTOR('',#4441,1.);
#4441 = DIRECTION('',(0.999985400999,5.403497771719E-03));
#4442 = ( GEOMETRIC_REPRESENTATION_CONTEXT(2) 
PARAMETRIC_REPRESENTATION_CONTEXT() REPRESENTATION_CONTEXT('2D SPACE',''
  ) );
#4443 = PCURVE('',#4444,#4449);
#4444 = PLANE('',#4445);
#4445 = AXIS2_PLACEMENT_3D('',#4446,#4447,#4448);
#4446 = CARTESIAN_POINT('',(-50.57698541746,-51.94681778853,
    12.945898643183));
#4447 = DIRECTION('',(-0.999985390385,1.570729060161E-04,
    -5.403179063737E-03));
#4448 = DIRECTION('',(5.403179130391E-03,-4.124416525785E-23,
    -0.999985402721));
#4449 = DEFINITIONAL_REPRESENTATION('',(#4450),#4454);
#4450 = LINE('',#4451,#4452);
#4451 = CARTESIAN_POINT('',(0.,-0.));
#4452 = VECTOR('',#4453,1.);
#4453 = DIRECTION('',(0.99999778781,-2.103419939474E-03));
#4454 = ( GEOMETRIC_REPRESENTATION_CONTEXT(2) 
PARAMETRIC_REPRESENTATION_CONTEXT() REPRESENTATION_CONTEXT('2D SPACE',''
  ) );
#4455 = ORIENTED_EDGE('',*,*,#4456,.T.);
#4456 = EDGE_CURVE('',#4429,#4371,#4457,.T.);
#4457 = SURFACE_CURVE('',#4458,(#4462,#4469),.PCURVE_S1.);
#4458 = LINE('',#4459,#4460);
#4459 = CARTESIAN_POINT('',(-50.50705117208,-51.91959447943,
    3.712792969927E-03));
#4460 = VECTOR('',#4461,1.);
#4461 = DIRECTION('',(0.999999956695,2.777469557493E-04,
    9.729373025649E-05));
#4462 = PCURVE('',#4386,#4463);
#4463 = DEFINITIONAL_REPRESENTATION('',(#4464),#4468);
#4464 = LINE('',#4465,#4466);
#4465 = CARTESIAN_POINT('',(9.772462558855E-03,-101.049449642));
#4466 = VECTOR('',#4467,1.);
#4467 = DIRECTION('',(-9.670970547367E-05,0.999999995324));
#4468 = ( GEOMETRIC_REPRESENTATION_CONTEXT(2) 
PARAMETRIC_REPRESENTATION_CONTEXT() REPRESENTATION_CONTEXT('2D SPACE',''
  ) );
#4469 = PCURVE('',#4470,#4475);
#4470 = PLANE('',#4471);
#4471 = AXIS2_PLACEMENT_3D('',#4472,#4473,#4474);
#4472 = CARTESIAN_POINT('',(-50.52618305224,51.882923320913,
    6.820912944066E-03));
#4473 = DIRECTION('',(9.728541251193E-05,2.996055661069E-05,
    -0.999999994819));
#4474 = DIRECTION('',(-0.999999995268,4.200765471353E-25,
    -9.728541255559E-05));
#4475 = DEFINITIONAL_REPRESENTATION('',(#4476),#4480);
#4476 = LINE('',#4477,#4478);
#4477 = CARTESIAN_POINT('',(-1.913157769683E-02,-103.8025178469));
#4478 = VECTOR('',#4479,1.);
#4479 = DIRECTION('',(-0.999999961428,2.777469558739E-04));
#4480 = ( GEOMETRIC_REPRESENTATION_CONTEXT(2) 
PARAMETRIC_REPRESENTATION_CONTEXT() REPRESENTATION_CONTEXT('2D SPACE',''
  ) );
#4481 = ADVANCED_FACE('',(#4482),#4444,.T.);
#4482 = FACE_BOUND('',#4483,.T.);
#4483 = EDGE_LOOP('',(#4484,#4507,#4533));
#4484 = ORIENTED_EDGE('',*,*,#4485,.T.);
#4485 = EDGE_CURVE('',#2796,#4486,#4488,.T.);
#4486 = VERTEX_POINT('',#4487);
#4487 = CARTESIAN_POINT('',(-50.56047006568,51.90538815399,
    12.908375786124));
#4488 = SURFACE_CURVE('',#4489,(#4493,#4500),.PCURVE_S1.);
#4489 = LINE('',#4490,#4491);
#4490 = CARTESIAN_POINT('',(-50.57698541746,-51.94681778853,
    12.945898643183));
#4491 = VECTOR('',#4492,1.);
#4492 = DIRECTION('',(1.590274404425E-04,0.999999922083,
    -3.613101310196E-04));
#4493 = PCURVE('',#4444,#4494);
#4494 = DEFINITIONAL_REPRESENTATION('',(#4495),#4499);
#4495 = LINE('',#4496,#4497);
#4496 = CARTESIAN_POINT('',(0.,-0.));
#4497 = VECTOR('',#4498,1.);
#4498 = DIRECTION('',(3.621641106222E-04,-0.999999934419));
#4499 = ( GEOMETRIC_REPRESENTATION_CONTEXT(2) 
PARAMETRIC_REPRESENTATION_CONTEXT() REPRESENTATION_CONTEXT('2D SPACE',''
  ) );
#4500 = PCURVE('',#4296,#4501);
#4501 = DEFINITIONAL_REPRESENTATION('',(#4502),#4506);
#4502 = LINE('',#4503,#4504);
#4503 = CARTESIAN_POINT('',(-1.654594830757E-02,-103.8522127163));
#4504 = VECTOR('',#4505,1.);
#4505 = DIRECTION('',(1.59322056457E-04,0.999999987308));
#4506 = ( GEOMETRIC_REPRESENTATION_CONTEXT(2) 
PARAMETRIC_REPRESENTATION_CONTEXT() REPRESENTATION_CONTEXT('2D SPACE',''
  ) );
#4507 = ORIENTED_EDGE('',*,*,#4508,.T.);
#4508 = EDGE_CURVE('',#4486,#4429,#4509,.T.);
#4509 = SURFACE_CURVE('',#4510,(#4514,#4521),.PCURVE_S1.);
#4510 = LINE('',#4511,#4512);
#4511 = CARTESIAN_POINT('',(-50.56047006568,51.90538815399,
    12.908375786124));
#4512 = VECTOR('',#4513,1.);
#4513 = DIRECTION('',(5.105802231979E-04,-0.992363922849,-0.123343357891
    ));
#4514 = PCURVE('',#4444,#4515);
#4515 = DEFINITIONAL_REPRESENTATION('',(#4516),#4520);
#4516 = LINE('',#4517,#4518);
#4517 = CARTESIAN_POINT('',(3.761154473192E-02,-103.8522072236));
#4518 = VECTOR('',#4519,1.);
#4519 = DIRECTION('',(0.12334431617,0.992363935091));
#4520 = ( GEOMETRIC_REPRESENTATION_CONTEXT(2) 
PARAMETRIC_REPRESENTATION_CONTEXT() REPRESENTATION_CONTEXT('2D SPACE',''
  ) );
#4521 = PCURVE('',#4522,#4527);
#4522 = PLANE('',#4523);
#4523 = AXIS2_PLACEMENT_3D('',#4524,#4525,#4526);
#4524 = CARTESIAN_POINT('',(-50.50705117208,-51.91959447943,
    3.712792969927E-03));
#4525 = DIRECTION('',(-0.999996452515,-1.842301479988E-04,
    -2.657257473385E-03));
#4526 = DIRECTION('',(2.65725751848E-03,-6.528330054013E-23,
    -0.999996469485));
#4527 = DEFINITIONAL_REPRESENTATION('',(#4528),#4532);
#4528 = LINE('',#4529,#4530);
#4529 = CARTESIAN_POINT('',(-12.9047593808,-103.8249843953));
#4530 = VECTOR('',#4531,1.);
#4531 = DIRECTION('',(0.123344279168,0.99236393969));
#4532 = ( GEOMETRIC_REPRESENTATION_CONTEXT(2) 
PARAMETRIC_REPRESENTATION_CONTEXT() REPRESENTATION_CONTEXT('2D SPACE',''
  ) );
#4533 = ORIENTED_EDGE('',*,*,#4428,.F.);
#4534 = ADVANCED_FACE('',(#4535),#4522,.T.);
#4535 = FACE_BOUND('',#4536,.T.);
#4536 = EDGE_LOOP('',(#4537,#4538,#4566));
#4537 = ORIENTED_EDGE('',*,*,#4508,.F.);
#4538 = ORIENTED_EDGE('',*,*,#4539,.T.);
#4539 = EDGE_CURVE('',#4486,#4540,#4542,.T.);
#4540 = VERTEX_POINT('',#4541);
#4541 = CARTESIAN_POINT('',(-50.52618305224,51.882923320913,
    6.820912944066E-03));
#4542 = SURFACE_CURVE('',#4543,(#4547,#4554),.PCURVE_S1.);
#4543 = LINE('',#4544,#4545);
#4544 = CARTESIAN_POINT('',(-50.56047006568,51.90538815399,
    12.908375786124));
#4545 = VECTOR('',#4546,1.);
#4546 = DIRECTION('',(2.657574278187E-03,-1.741241262051E-03,
    -0.999994952676));
#4547 = PCURVE('',#4522,#4548);
#4548 = DEFINITIONAL_REPRESENTATION('',(#4549),#4553);
#4549 = LINE('',#4550,#4551);
#4550 = CARTESIAN_POINT('',(-12.9047593808,-103.8249843953));
#4551 = VECTOR('',#4552,1.);
#4552 = DIRECTION('',(0.999998484038,1.7412412916E-03));
#4553 = ( GEOMETRIC_REPRESENTATION_CONTEXT(2) 
PARAMETRIC_REPRESENTATION_CONTEXT() REPRESENTATION_CONTEXT('2D SPACE',''
  ) );
#4554 = PCURVE('',#4555,#4560);
#4555 = PLANE('',#4556);
#4556 = AXIS2_PLACEMENT_3D('',#4557,#4558,#4559);
#4557 = CARTESIAN_POINT('',(50.508177140138,51.932036569481,
    1.502485932105E-02));
#4558 = DIRECTION('',(-4.859621263172E-04,0.999998363699,
    -1.742538688459E-03));
#4559 = DIRECTION('',(3.125137644796E-23,1.742538894218E-03,
    0.999998481778));
#4560 = DEFINITIONAL_REPRESENTATION('',(#4561),#4565);
#4561 = LINE('',#4562,#4563);
#4562 = CARTESIAN_POINT('',(12.893284915932,-101.0686591399));
#4563 = VECTOR('',#4564,1.);
#4564 = DIRECTION('',(-0.999996468642,2.657574591993E-03));
#4565 = ( GEOMETRIC_REPRESENTATION_CONTEXT(2) 
PARAMETRIC_REPRESENTATION_CONTEXT() REPRESENTATION_CONTEXT('2D SPACE',''
  ) );
#4566 = ORIENTED_EDGE('',*,*,#4567,.T.);
#4567 = EDGE_CURVE('',#4540,#4429,#4568,.T.);
#4568 = SURFACE_CURVE('',#4569,(#4573,#4580),.PCURVE_S1.);
#4569 = LINE('',#4570,#4571);
#4570 = CARTESIAN_POINT('',(-50.52618305224,51.882923320913,
    6.820912944066E-03));
#4571 = VECTOR('',#4572,1.);
#4572 = DIRECTION('',(1.843103638908E-04,-0.999999982567,
    -2.994262553373E-05));
#4573 = PCURVE('',#4522,#4574);
#4574 = DEFINITIONAL_REPRESENTATION('',(#4575),#4579);
#4575 = LINE('',#4576,#4577);
#4576 = CARTESIAN_POINT('',(-3.158947333278E-03,-103.8025195619));
#4577 = VECTOR('',#4578,1.);
#4578 = DIRECTION('',(3.043227992102E-05,0.999999999537));
#4579 = ( GEOMETRIC_REPRESENTATION_CONTEXT(2) 
PARAMETRIC_REPRESENTATION_CONTEXT() REPRESENTATION_CONTEXT('2D SPACE',''
  ) );
#4580 = PCURVE('',#4470,#4581);
#4581 = DEFINITIONAL_REPRESENTATION('',(#4582),#4586);
#4582 = LINE('',#4583,#4584);
#4583 = CARTESIAN_POINT('',(0.,0.));
#4584 = VECTOR('',#4585,1.);
#4585 = DIRECTION('',(-1.843074500379E-04,-0.999999983015));
#4586 = ( GEOMETRIC_REPRESENTATION_CONTEXT(2) 
PARAMETRIC_REPRESENTATION_CONTEXT() REPRESENTATION_CONTEXT('2D SPACE',''
  ) );
#4587 = ADVANCED_FACE('',(#4588),#4296,.T.);
#4588 = FACE_BOUND('',#4589,.T.);
#4589 = EDGE_LOOP('',(#4590,#4591,#4592));
#4590 = ORIENTED_EDGE('',*,*,#4485,.F.);
#4591 = ORIENTED_EDGE('',*,*,#4280,.T.);
#4592 = ORIENTED_EDGE('',*,*,#4593,.F.);
#4593 = EDGE_CURVE('',#4486,#4281,#4594,.T.);
#4594 = SURFACE_CURVE('',#4595,(#4599,#4606),.PCURVE_S1.);
#4595 = LINE('',#4596,#4597);
#4596 = CARTESIAN_POINT('',(-50.56047006568,51.90538815399,
    12.908375786124));
#4597 = VECTOR('',#4598,1.);
#4598 = DIRECTION('',(0.376628404927,-0.926364422811,2.742280644244E-05)
  );
#4599 = PCURVE('',#4296,#4600);
#4600 = DEFINITIONAL_REPRESENTATION('',(#4601),#4605);
#4601 = LINE('',#4602,#4603);
#4602 = CARTESIAN_POINT('',(0.,0.));
#4603 = VECTOR('',#4604,1.);
#4604 = DIRECTION('',(0.376628257308,-0.926364483234));
#4605 = ( GEOMETRIC_REPRESENTATION_CONTEXT(2) 
PARAMETRIC_REPRESENTATION_CONTEXT() REPRESENTATION_CONTEXT('2D SPACE',''
  ) );
#4606 = PCURVE('',#4607,#4612);
#4607 = PLANE('',#4608);
#4608 = AXIS2_PLACEMENT_3D('',#4609,#4610,#4611);
#4609 = CARTESIAN_POINT('',(-50.56047006568,51.90538815399,
    12.908375786124));
#4610 = DIRECTION('',(-3.88553787942E-03,-1.550125773357E-03,
    0.999991249814));
#4611 = DIRECTION('',(0.999992451251,-9.201398773752E-22,
    3.885542547688E-03));
#4612 = DEFINITIONAL_REPRESENTATION('',(#4613),#4617);
#4613 = LINE('',#4614,#4615);
#4614 = CARTESIAN_POINT('',(0.,0.));
#4615 = VECTOR('',#4616,1.);
#4616 = DIRECTION('',(0.376625668406,-0.926365535789));
#4617 = ( GEOMETRIC_REPRESENTATION_CONTEXT(2) 
PARAMETRIC_REPRESENTATION_CONTEXT() REPRESENTATION_CONTEXT('2D SPACE',''
  ) );
#4618 = ADVANCED_FACE('',(#4619),#4607,.T.);
#4619 = FACE_BOUND('',#4620,.T.);
#4620 = EDGE_LOOP('',(#4621,#4622,#4650));
#4621 = ORIENTED_EDGE('',*,*,#4593,.T.);
#4622 = ORIENTED_EDGE('',*,*,#4623,.T.);
#4623 = EDGE_CURVE('',#4281,#4624,#4626,.T.);
#4624 = VERTEX_POINT('',#4625);
#4625 = CARTESIAN_POINT('',(-29.78200319995,3.677970946792,
    12.914352796111));
#4626 = SURFACE_CURVE('',#4627,(#4631,#4638),.PCURVE_S1.);
#4627 = LINE('',#4628,#4629);
#4628 = CARTESIAN_POINT('',(-29.96770464137,1.254919397975,
    12.90987517229));
#4629 = VECTOR('',#4630,1.);
#4630 = DIRECTION('',(7.641527432069E-02,0.997074375845,
    1.842521253293E-03));
#4631 = PCURVE('',#4607,#4632);
#4632 = DEFINITIONAL_REPRESENTATION('',(#4633),#4637);
#4633 = LINE('',#4634,#4635);
#4634 = CARTESIAN_POINT('',(20.59261580062,-50.65052960987));
#4635 = VECTOR('',#4636,1.);
#4636 = DIRECTION('',(7.642185667569E-02,0.997075573777));
#4637 = ( GEOMETRIC_REPRESENTATION_CONTEXT(2) 
PARAMETRIC_REPRESENTATION_CONTEXT() REPRESENTATION_CONTEXT('2D SPACE',''
  ) );
#4638 = PCURVE('',#4639,#4644);
#4639 = PLANE('',#4640);
#4640 = AXIS2_PLACEMENT_3D('',#4641,#4642,#4643);
#4641 = CARTESIAN_POINT('',(-29.96770464137,1.254919397975,
    12.90987517229));
#4642 = DIRECTION('',(0.9970527142,-7.640070277203E-02,
    -6.986968105036E-03));
#4643 = DIRECTION('',(7.64025676945E-02,0.997077052012,
    -8.587601271404E-21));
#4644 = DEFINITIONAL_REPRESENTATION('',(#4645),#4649);
#4645 = LINE('',#4646,#4647);
#4646 = CARTESIAN_POINT('',(0.,0.));
#4647 = VECTOR('',#4648,1.);
#4648 = DIRECTION('',(0.999998302473,1.842566228786E-03));
#4649 = ( GEOMETRIC_REPRESENTATION_CONTEXT(2) 
PARAMETRIC_REPRESENTATION_CONTEXT() REPRESENTATION_CONTEXT('2D SPACE',''
  ) );
#4650 = ORIENTED_EDGE('',*,*,#4651,.F.);
#4651 = EDGE_CURVE('',#4486,#4624,#4652,.T.);
#4652 = SURFACE_CURVE('',#4653,(#4657,#4664),.PCURVE_S1.);
#4653 = LINE('',#4654,#4655);
#4654 = CARTESIAN_POINT('',(-50.56047006568,51.90538815399,
    12.908375786124));
#4655 = VECTOR('',#4656,1.);
#4656 = DIRECTION('',(0.395681386967,-0.918387841303,1.138193504419E-04)
  );
#4657 = PCURVE('',#4607,#4658);
#4658 = DEFINITIONAL_REPRESENTATION('',(#4659),#4663);
#4659 = LINE('',#4660,#4661);
#4660 = CARTESIAN_POINT('',(0.,0.));
#4661 = VECTOR('',#4662,1.);
#4662 = DIRECTION('',(0.395678842318,-0.918388944697));
#4663 = ( GEOMETRIC_REPRESENTATION_CONTEXT(2) 
PARAMETRIC_REPRESENTATION_CONTEXT() REPRESENTATION_CONTEXT('2D SPACE',''
  ) );
#4664 = PCURVE('',#4665,#4670);
#4665 = PLANE('',#4666);
#4666 = AXIS2_PLACEMENT_3D('',#4667,#4668,#4669);
#4667 = CARTESIAN_POINT('',(-50.56047006568,51.90538815399,
    12.908375786124));
#4668 = DIRECTION('',(1.314884831065E-02,5.789016253132E-03,
    0.999896792214));
#4669 = DIRECTION('',(0.99991354726,6.407859664922E-21,
    -1.314906864296E-02));
#4670 = DEFINITIONAL_REPRESENTATION('',(#4671),#4675);
#4671 = LINE('',#4672,#4673);
#4672 = CARTESIAN_POINT('',(0.,0.));
#4673 = VECTOR('',#4674,1.);
#4674 = DIRECTION('',(0.395645682609,-0.918403230522));
#4675 = ( GEOMETRIC_REPRESENTATION_CONTEXT(2) 
PARAMETRIC_REPRESENTATION_CONTEXT() REPRESENTATION_CONTEXT('2D SPACE',''
  ) );
#4676 = ADVANCED_FACE('',(#4677),#4665,.T.);
#4677 = FACE_BOUND('',#4678,.T.);
#4678 = EDGE_LOOP('',(#4679,#4680,#4708));
#4679 = ORIENTED_EDGE('',*,*,#4651,.T.);
#4680 = ORIENTED_EDGE('',*,*,#4681,.T.);
#4681 = EDGE_CURVE('',#4624,#4682,#4684,.T.);
#4682 = VERTEX_POINT('',#4683);
#4683 = CARTESIAN_POINT('',(-29.34854879944,6.063150215136,
    12.894843514888));
#4684 = SURFACE_CURVE('',#4685,(#4689,#4696),.PCURVE_S1.);
#4685 = LINE('',#4686,#4687);
#4686 = CARTESIAN_POINT('',(-29.78200319995,3.677970946792,
    12.914352796111));
#4687 = VECTOR('',#4688,1.);
#4688 = DIRECTION('',(0.178793975292,0.983853624886,-8.047310030198E-03)
  );
#4689 = PCURVE('',#4665,#4690);
#4690 = DEFINITIONAL_REPRESENTATION('',(#4691),#4695);
#4691 = LINE('',#4692,#4693);
#4692 = CARTESIAN_POINT('',(20.776591918215,-48.22822534321));
#4693 = VECTOR('',#4694,1.);
#4694 = DIRECTION('',(0.178884332695,0.9838701111));
#4695 = ( GEOMETRIC_REPRESENTATION_CONTEXT(2) 
PARAMETRIC_REPRESENTATION_CONTEXT() REPRESENTATION_CONTEXT('2D SPACE',''
  ) );
#4696 = PCURVE('',#4697,#4702);
#4697 = PLANE('',#4698);
#4698 = AXIS2_PLACEMENT_3D('',#4699,#4700,#4701);
#4699 = CARTESIAN_POINT('',(-29.78200319995,3.677970946792,
    12.914352796111));
#4700 = DIRECTION('',(0.98387666022,-0.17874955499,5.942563923896E-03));
#4701 = DIRECTION('',(0.178752711261,0.983894033022,7.271669004264E-20)
  );
#4702 = DEFINITIONAL_REPRESENTATION('',(#4703),#4707);
#4703 = LINE('',#4704,#4705);
#4704 = CARTESIAN_POINT('',(0.,0.));
#4705 = VECTOR('',#4706,1.);
#4706 = DIRECTION('',(0.999967618733,-8.04745212558E-03));
#4707 = ( GEOMETRIC_REPRESENTATION_CONTEXT(2) 
PARAMETRIC_REPRESENTATION_CONTEXT() REPRESENTATION_CONTEXT('2D SPACE',''
  ) );
#4708 = ORIENTED_EDGE('',*,*,#4709,.F.);
#4709 = EDGE_CURVE('',#4486,#4682,#4710,.T.);
#4710 = SURFACE_CURVE('',#4711,(#4715,#4722),.PCURVE_S1.);
#4711 = LINE('',#4712,#4713);
#4712 = CARTESIAN_POINT('',(-50.56047006568,51.90538815399,
    12.908375786124));
#4713 = VECTOR('',#4714,1.);
#4714 = DIRECTION('',(0.419938716588,-0.907552424127,-2.679023999608E-04
    ));
#4715 = PCURVE('',#4665,#4716);
#4716 = DEFINITIONAL_REPRESENTATION('',(#4717),#4721);
#4717 = LINE('',#4718,#4719);
#4718 = CARTESIAN_POINT('',(0.,0.));
#4719 = VECTOR('',#4720,1.);
#4720 = DIRECTION('',(0.419905934402,-0.907567631779));
#4721 = ( GEOMETRIC_REPRESENTATION_CONTEXT(2) 
PARAMETRIC_REPRESENTATION_CONTEXT() REPRESENTATION_CONTEXT('2D SPACE',''
  ) );
#4722 = PCURVE('',#4723,#4728);
#4723 = PLANE('',#4724);
#4724 = AXIS2_PLACEMENT_3D('',#4725,#4726,#4727);
#4725 = CARTESIAN_POINT('',(-50.56047006568,51.90538815399,
    12.908375786124));
#4726 = DIRECTION('',(-7.645649054858E-03,-3.83294293608E-03,
    0.999963425631));
#4727 = DIRECTION('',(0.999970771169,1.138635110264E-21,
    7.645705218318E-03));
#4728 = DEFINITIONAL_REPRESENTATION('',(#4729),#4733);
#4729 = LINE('',#4730,#4731);
#4730 = CARTESIAN_POINT('',(0.,0.));
#4731 = VECTOR('',#4732,1.);
#4732 = DIRECTION('',(0.419924393967,-0.907559090832));
#4733 = ( GEOMETRIC_REPRESENTATION_CONTEXT(2) 
PARAMETRIC_REPRESENTATION_CONTEXT() REPRESENTATION_CONTEXT('2D SPACE',''
  ) );
#4734 = ADVANCED_FACE('',(#4735),#4723,.T.);
#4735 = FACE_BOUND('',#4736,.T.);
#4736 = EDGE_LOOP('',(#4737,#4738,#4766));
#4737 = ORIENTED_EDGE('',*,*,#4709,.T.);
#4738 = ORIENTED_EDGE('',*,*,#4739,.T.);
#4739 = EDGE_CURVE('',#4682,#4740,#4742,.T.);
#4740 = VERTEX_POINT('',#4741);
#4741 = CARTESIAN_POINT('',(-28.79358150573,8.497984858244,
    12.908419678839));
#4742 = SURFACE_CURVE('',#4743,(#4747,#4754),.PCURVE_S1.);
#4743 = LINE('',#4744,#4745);
#4744 = CARTESIAN_POINT('',(-29.34854879944,6.063150215136,
    12.894843514888));
#4745 = VECTOR('',#4746,1.);
#4746 = DIRECTION('',(0.22222539999,0.974980163001,5.43629957722E-03));
#4747 = PCURVE('',#4723,#4748);
#4748 = DEFINITIONAL_REPRESENTATION('',(#4749),#4753);
#4749 = LINE('',#4750,#4751);
#4750 = CARTESIAN_POINT('',(21.211197802819,-45.84257468707));
#4751 = VECTOR('',#4752,1.);
#4752 = DIRECTION('',(0.222260468945,0.974987325017));
#4753 = ( GEOMETRIC_REPRESENTATION_CONTEXT(2) 
PARAMETRIC_REPRESENTATION_CONTEXT() REPRESENTATION_CONTEXT('2D SPACE',''
  ) );
#4754 = PCURVE('',#4755,#4760);
#4755 = PLANE('',#4756);
#4756 = AXIS2_PLACEMENT_3D('',#4757,#4758,#4759);
#4757 = CARTESIAN_POINT('',(-29.34854879944,6.063150215136,
    12.894843514888));
#4758 = DIRECTION('',(0.974950144578,-0.222265322328,8.387018358154E-03)
  );
#4759 = DIRECTION('',(0.222273140043,0.974984436397,-1.598495021256E-19)
  );
#4760 = DEFINITIONAL_REPRESENTATION('',(#4761),#4765);
#4761 = LINE('',#4762,#4763);
#4762 = CARTESIAN_POINT('',(0.,0.));
#4763 = VECTOR('',#4764,1.);
#4764 = DIRECTION('',(0.999985222175,5.436490787609E-03));
#4765 = ( GEOMETRIC_REPRESENTATION_CONTEXT(2) 
PARAMETRIC_REPRESENTATION_CONTEXT() REPRESENTATION_CONTEXT('2D SPACE',''
  ) );
#4766 = ORIENTED_EDGE('',*,*,#4767,.F.);
#4767 = EDGE_CURVE('',#4486,#4740,#4768,.T.);
#4768 = SURFACE_CURVE('',#4769,(#4773,#4780),.PCURVE_S1.);
#4769 = LINE('',#4770,#4771);
#4770 = CARTESIAN_POINT('',(-50.56047006568,51.90538815399,
    12.908375786124));
#4771 = VECTOR('',#4772,1.);
#4772 = DIRECTION('',(0.448254279378,-0.893906091834,9.039003084018E-07)
  );
#4773 = PCURVE('',#4723,#4774);
#4774 = DEFINITIONAL_REPRESENTATION('',(#4775),#4779);
#4775 = LINE('',#4776,#4777);
#4776 = CARTESIAN_POINT('',(0.,0.));
#4777 = VECTOR('',#4778,1.);
#4778 = DIRECTION('',(0.44824118434,-0.893912658296));
#4779 = ( GEOMETRIC_REPRESENTATION_CONTEXT(2) 
PARAMETRIC_REPRESENTATION_CONTEXT() REPRESENTATION_CONTEXT('2D SPACE',''
  ) );
#4780 = PCURVE('',#4781,#4786);
#4781 = PLANE('',#4782);
#4782 = AXIS2_PLACEMENT_3D('',#4783,#4784,#4785);
#4783 = CARTESIAN_POINT('',(-50.56047006568,51.90538815399,
    12.908375786124));
#4784 = DIRECTION('',(-1.790361306409E-03,-8.967756524513E-04,
    0.999997995198));
#4785 = DIRECTION('',(0.999998397301,2.268993067426E-22,
    1.79036202632E-03));
#4786 = DEFINITIONAL_REPRESENTATION('',(#4787),#4791);
#4787 = LINE('',#4788,#4789);
#4788 = CARTESIAN_POINT('',(0.,0.));
#4789 = VECTOR('',#4790,1.);
#4790 = DIRECTION('',(0.44825356258,-0.893906451277));
#4791 = ( GEOMETRIC_REPRESENTATION_CONTEXT(2) 
PARAMETRIC_REPRESENTATION_CONTEXT() REPRESENTATION_CONTEXT('2D SPACE',''
  ) );
#4792 = ADVANCED_FACE('',(#4793),#4781,.T.);
#4793 = FACE_BOUND('',#4794,.T.);
#4794 = EDGE_LOOP('',(#4795,#4796,#4824));
#4795 = ORIENTED_EDGE('',*,*,#4767,.T.);
#4796 = ORIENTED_EDGE('',*,*,#4797,.T.);
#4797 = EDGE_CURVE('',#4740,#4798,#4800,.T.);
#4798 = VERTEX_POINT('',#4799);
#4799 = CARTESIAN_POINT('',(-28.00546026612,10.759005257991,
    12.911858335549));
#4800 = SURFACE_CURVE('',#4801,(#4805,#4812),.PCURVE_S1.);
#4801 = LINE('',#4802,#4803);
#4802 = CARTESIAN_POINT('',(-28.79358150573,8.497984858244,
    12.908419678839));
#4803 = VECTOR('',#4804,1.);
#4804 = DIRECTION('',(0.329145877196,0.944277993573,1.436098435571E-03)
  );
#4805 = PCURVE('',#4781,#4806);
#4806 = DEFINITIONAL_REPRESENTATION('',(#4807),#4811);
#4807 = LINE('',#4808,#4809);
#4808 = CARTESIAN_POINT('',(21.766853752751,-43.40742075001));
#4809 = VECTOR('',#4810,1.);
#4810 = DIRECTION('',(0.32914792081,0.94427837327));
#4811 = ( GEOMETRIC_REPRESENTATION_CONTEXT(2) 
PARAMETRIC_REPRESENTATION_CONTEXT() REPRESENTATION_CONTEXT('2D SPACE',''
  ) );
#4812 = PCURVE('',#4813,#4818);
#4813 = PLANE('',#4814);
#4814 = AXIS2_PLACEMENT_3D('',#4815,#4816,#4817);
#4815 = CARTESIAN_POINT('',(-28.79358150573,8.497984858244,
    12.908419678839));
#4816 = DIRECTION('',(0.944264318231,-0.329131843631,-6.093178537394E-03
    ));
#4817 = DIRECTION('',(0.329137953611,0.944281847487,1.64532604582E-19));
#4818 = DEFINITIONAL_REPRESENTATION('',(#4819),#4823);
#4819 = LINE('',#4820,#4821);
#4820 = CARTESIAN_POINT('',(0.,0.));
#4821 = VECTOR('',#4822,1.);
#4822 = DIRECTION('',(0.999998968772,1.436125095201E-03));
#4823 = ( GEOMETRIC_REPRESENTATION_CONTEXT(2) 
PARAMETRIC_REPRESENTATION_CONTEXT() REPRESENTATION_CONTEXT('2D SPACE',''
  ) );
#4824 = ORIENTED_EDGE('',*,*,#4825,.F.);
#4825 = EDGE_CURVE('',#4486,#4798,#4826,.T.);
#4826 = SURFACE_CURVE('',#4827,(#4831,#4838),.PCURVE_S1.);
#4827 = LINE('',#4828,#4829);
#4828 = CARTESIAN_POINT('',(-50.56047006568,51.90538815399,
    12.908375786124));
#4829 = VECTOR('',#4830,1.);
#4830 = DIRECTION('',(0.480682921092,-0.87689447704,7.421863458993E-05)
  );
#4831 = PCURVE('',#4781,#4832);
#4832 = DEFINITIONAL_REPRESENTATION('',(#4833),#4837);
#4833 = LINE('',#4834,#4835);
#4834 = CARTESIAN_POINT('',(0.,0.));
#4835 = VECTOR('',#4836,1.);
#4836 = DIRECTION('',(0.48068228358,-0.876894829642));
#4837 = ( GEOMETRIC_REPRESENTATION_CONTEXT(2) 
PARAMETRIC_REPRESENTATION_CONTEXT() REPRESENTATION_CONTEXT('2D SPACE',''
  ) );
#4838 = PCURVE('',#4839,#4844);
#4839 = PLANE('',#4840);
#4840 = AXIS2_PLACEMENT_3D('',#4841,#4842,#4843);
#4841 = CARTESIAN_POINT('',(-50.56047006568,51.90538815399,
    12.908375786124));
#4842 = DIRECTION('',(-2.082548606404E-02,-1.133118974056E-02,
    0.999718912129));
#4843 = DIRECTION('',(0.999783098196,4.314847503899E-20,
    2.082682314591E-02));
#4844 = DEFINITIONAL_REPRESENTATION('',(#4845),#4849);
#4845 = LINE('',#4846,#4847);
#4846 = CARTESIAN_POINT('',(0.,0.));
#4847 = VECTOR('',#4848,1.);
#4848 = DIRECTION('',(0.480580205837,-0.876950777272));
#4849 = ( GEOMETRIC_REPRESENTATION_CONTEXT(2) 
PARAMETRIC_REPRESENTATION_CONTEXT() REPRESENTATION_CONTEXT('2D SPACE',''
  ) );
#4850 = ADVANCED_FACE('',(#4851),#4813,.T.);
#4851 = FACE_BOUND('',#4852,.T.);
#4852 = EDGE_LOOP('',(#4853,#4881,#4907));
#4853 = ORIENTED_EDGE('',*,*,#4854,.T.);
#4854 = EDGE_CURVE('',#4740,#4855,#4857,.T.);
#4855 = VERTEX_POINT('',#4856);
#4856 = CARTESIAN_POINT('',(-28.01321730158,10.803403324142,
    9.311519197393));
#4857 = SURFACE_CURVE('',#4858,(#4862,#4869),.PCURVE_S1.);
#4858 = LINE('',#4859,#4860);
#4859 = CARTESIAN_POINT('',(-28.79358150573,8.497984858244,
    12.908419678839));
#4860 = VECTOR('',#4861,1.);
#4861 = DIRECTION('',(0.179683374094,0.530835943584,-0.828207151668));
#4862 = PCURVE('',#4813,#4863);
#4863 = DEFINITIONAL_REPRESENTATION('',(#4864),#4868);
#4864 = LINE('',#4865,#4866);
#4865 = CARTESIAN_POINT('',(0.,0.));
#4866 = VECTOR('',#4867,1.);
#4867 = DIRECTION('',(0.560399363567,-0.828222526447));
#4868 = ( GEOMETRIC_REPRESENTATION_CONTEXT(2) 
PARAMETRIC_REPRESENTATION_CONTEXT() REPRESENTATION_CONTEXT('2D SPACE',''
  ) );
#4869 = PCURVE('',#4870,#4875);
#4870 = PLANE('',#4871);
#4871 = AXIS2_PLACEMENT_3D('',#4872,#4873,#4874);
#4872 = CARTESIAN_POINT('',(-28.79358150573,8.497984858244,
    12.908419678839));
#4873 = DIRECTION('',(0.951639038277,-0.30706682025,9.649286450238E-03)
  );
#4874 = DIRECTION('',(0.307081116549,0.951683344322,-6.387419078432E-19)
  );
#4875 = DEFINITIONAL_REPRESENTATION('',(#4876),#4880);
#4876 = LINE('',#4877,#4878);
#4877 = CARTESIAN_POINT('',(0.,0.));
#4878 = VECTOR('',#4879,1.);
#4879 = DIRECTION('',(0.560365097218,-0.828245711018));
#4880 = ( GEOMETRIC_REPRESENTATION_CONTEXT(2) 
PARAMETRIC_REPRESENTATION_CONTEXT() REPRESENTATION_CONTEXT('2D SPACE',''
  ) );
#4881 = ORIENTED_EDGE('',*,*,#4882,.T.);
#4882 = EDGE_CURVE('',#4855,#4798,#4883,.T.);
#4883 = SURFACE_CURVE('',#4884,(#4888,#4895),.PCURVE_S1.);
#4884 = LINE('',#4885,#4886);
#4885 = CARTESIAN_POINT('',(-28.01321730158,10.803403324142,
    9.311519197393));
#4886 = VECTOR('',#4887,1.);
#4887 = DIRECTION('',(2.154360304453E-03,-1.233066831197E-02,
    0.999921653606));
#4888 = PCURVE('',#4813,#4889);
#4889 = DEFINITIONAL_REPRESENTATION('',(#4890),#4894);
#4890 = LINE('',#4891,#4892);
#4891 = CARTESIAN_POINT('',(2.433812285435,-3.596967254052));
#4892 = VECTOR('',#4893,1.);
#4893 = DIRECTION('',(-1.093454451242E-02,0.999940216081));
#4894 = ( GEOMETRIC_REPRESENTATION_CONTEXT(2) 
PARAMETRIC_REPRESENTATION_CONTEXT() REPRESENTATION_CONTEXT('2D SPACE',''
  ) );
#4895 = PCURVE('',#4896,#4901);
#4896 = PLANE('',#4897);
#4897 = AXIS2_PLACEMENT_3D('',#4898,#4899,#4900);
#4898 = CARTESIAN_POINT('',(-28.00546026612,10.759005257991,
    12.911858335549));
#4899 = DIRECTION('',(0.918104017264,-0.396280061501,-6.864862684411E-03
    ));
#4900 = DIRECTION('',(0.396289399446,0.91812565147,2.30443727978E-19));
#4901 = DEFINITIONAL_REPRESENTATION('',(#4902),#4906);
#4902 = LINE('',#4903,#4904);
#4903 = CARTESIAN_POINT('',(3.768897248646E-02,-3.600423976557));
#4904 = VECTOR('',#4905,1.);
#4905 = DIRECTION('',(-1.046735272575E-02,0.999945215763));
#4906 = ( GEOMETRIC_REPRESENTATION_CONTEXT(2) 
PARAMETRIC_REPRESENTATION_CONTEXT() REPRESENTATION_CONTEXT('2D SPACE',''
  ) );
#4907 = ORIENTED_EDGE('',*,*,#4797,.F.);
#4908 = ADVANCED_FACE('',(#4909),#4870,.T.);
#4909 = FACE_BOUND('',#4910,.T.);
#4910 = EDGE_LOOP('',(#4911,#4934,#4960));
#4911 = ORIENTED_EDGE('',*,*,#4912,.T.);
#4912 = EDGE_CURVE('',#4740,#4913,#4915,.T.);
#4913 = VERTEX_POINT('',#4914);
#4914 = CARTESIAN_POINT('',(-28.77600497167,8.43978079756,9.322760574042
    ));
#4915 = SURFACE_CURVE('',#4916,(#4920,#4927),.PCURVE_S1.);
#4916 = LINE('',#4917,#4918);
#4917 = CARTESIAN_POINT('',(-28.79358150573,8.497984858244,
    12.908419678839));
#4918 = VECTOR('',#4919,1.);
#4919 = DIRECTION('',(4.901193137352E-03,-1.623012487624E-02,
    -0.999856270347));
#4920 = PCURVE('',#4870,#4921);
#4921 = DEFINITIONAL_REPRESENTATION('',(#4922),#4926);
#4922 = LINE('',#4923,#4924);
#4923 = CARTESIAN_POINT('',(0.,0.));
#4924 = VECTOR('',#4925,1.);
#4925 = DIRECTION('',(-1.394087565994E-02,-0.999902821271));
#4926 = ( GEOMETRIC_REPRESENTATION_CONTEXT(2) 
PARAMETRIC_REPRESENTATION_CONTEXT() REPRESENTATION_CONTEXT('2D SPACE',''
  ) );
#4927 = PCURVE('',#4755,#4928);
#4928 = DEFINITIONAL_REPRESENTATION('',(#4929),#4933);
#4929 = LINE('',#4930,#4931);
#4930 = CARTESIAN_POINT('',(2.497280205222,1.3576641463E-02));
#4931 = VECTOR('',#4932,1.);
#4932 = DIRECTION('',(-1.473471556651E-02,-0.999891438186));
#4933 = ( GEOMETRIC_REPRESENTATION_CONTEXT(2) 
PARAMETRIC_REPRESENTATION_CONTEXT() REPRESENTATION_CONTEXT('2D SPACE',''
  ) );
#4934 = ORIENTED_EDGE('',*,*,#4935,.T.);
#4935 = EDGE_CURVE('',#4913,#4855,#4936,.T.);
#4936 = SURFACE_CURVE('',#4937,(#4941,#4948),.PCURVE_S1.);
#4937 = LINE('',#4938,#4939);
#4938 = CARTESIAN_POINT('',(-28.77600497167,8.43978079756,9.322760574042
    ));
#4939 = VECTOR('',#4940,1.);
#4940 = DIRECTION('',(0.307119536208,0.951660183563,-4.526090966466E-03)
  );
#4941 = PCURVE('',#4870,#4942);
#4942 = DEFINITIONAL_REPRESENTATION('',(#4943),#4947);
#4943 = LINE('',#4944,#4945);
#4944 = CARTESIAN_POINT('',(-4.999441341858E-02,-3.585826044535));
#4945 = VECTOR('',#4946,1.);
#4946 = DIRECTION('',(0.999989756244,-4.52630169047E-03));
#4947 = ( GEOMETRIC_REPRESENTATION_CONTEXT(2) 
PARAMETRIC_REPRESENTATION_CONTEXT() REPRESENTATION_CONTEXT('2D SPACE',''
  ) );
#4948 = PCURVE('',#4949,#4954);
#4949 = PLANE('',#4950);
#4950 = AXIS2_PLACEMENT_3D('',#4951,#4952,#4953);
#4951 = CARTESIAN_POINT('',(-28.01321730158,10.803403324142,
    9.311519197393));
#4952 = DIRECTION('',(0.164660004584,-4.845362170062E-02,0.985159545167)
  );
#4953 = DIRECTION('',(0.986318041328,1.162468588973E-18,-0.164853636147)
  );
#4954 = DEFINITIONAL_REPRESENTATION('',(#4955),#4959);
#4955 = LINE('',#4956,#4957);
#4956 = CARTESIAN_POINT('',(-0.754204422526,-2.366402023198));
#4957 = VECTOR('',#4958,1.);
#4958 = DIRECTION('',(0.30366368196,0.952779286225));
#4959 = ( GEOMETRIC_REPRESENTATION_CONTEXT(2) 
PARAMETRIC_REPRESENTATION_CONTEXT() REPRESENTATION_CONTEXT('2D SPACE',''
  ) );
#4960 = ORIENTED_EDGE('',*,*,#4854,.F.);
#4961 = ADVANCED_FACE('',(#4962),#4896,.T.);
#4962 = FACE_BOUND('',#4963,.T.);
#4963 = EDGE_LOOP('',(#4964,#4965,#4993));
#4964 = ORIENTED_EDGE('',*,*,#4882,.F.);
#4965 = ORIENTED_EDGE('',*,*,#4966,.T.);
#4966 = EDGE_CURVE('',#4855,#4967,#4969,.T.);
#4967 = VERTEX_POINT('',#4968);
#4968 = CARTESIAN_POINT('',(-27.04539914526,13.045773325648,
    9.304412747141));
#4969 = SURFACE_CURVE('',#4970,(#4974,#4981),.PCURVE_S1.);
#4970 = LINE('',#4971,#4972);
#4971 = CARTESIAN_POINT('',(-28.01321730158,10.803403324142,
    9.311519197393));
#4972 = VECTOR('',#4973,1.);
#4973 = DIRECTION('',(0.396269382029,0.918129680635,-2.909708431738E-03)
  );
#4974 = PCURVE('',#4896,#4975);
#4975 = DEFINITIONAL_REPRESENTATION('',(#4976),#4980);
#4976 = LINE('',#4977,#4978);
#4977 = CARTESIAN_POINT('',(3.768897248646E-02,-3.600423976557));
#4978 = VECTOR('',#4979,1.);
#4979 = DIRECTION('',(0.99999576659,-2.909776996115E-03));
#4980 = ( GEOMETRIC_REPRESENTATION_CONTEXT(2) 
PARAMETRIC_REPRESENTATION_CONTEXT() REPRESENTATION_CONTEXT('2D SPACE',''
  ) );
#4981 = PCURVE('',#4982,#4987);
#4982 = PLANE('',#4983);
#4983 = AXIS2_PLACEMENT_3D('',#4984,#4985,#4986);
#4984 = CARTESIAN_POINT('',(-27.04539914526,13.045773325648,
    9.304412747141));
#4985 = DIRECTION('',(3.251003879849E-03,1.765998043314E-03,
    0.999993156089));
#4986 = DIRECTION('',(0.999994715456,1.140258084222E-21,
    -3.251008949394E-03));
#4987 = DEFINITIONAL_REPRESENTATION('',(#4988),#4992);
#4988 = LINE('',#4989,#4990);
#4989 = CARTESIAN_POINT('',(-0.967836144978,-2.242373498209));
#4990 = VECTOR('',#4991,1.);
#4991 = DIRECTION('',(0.396276747414,0.918131112347));
#4992 = ( GEOMETRIC_REPRESENTATION_CONTEXT(2) 
PARAMETRIC_REPRESENTATION_CONTEXT() REPRESENTATION_CONTEXT('2D SPACE',''
  ) );
#4993 = ORIENTED_EDGE('',*,*,#4994,.F.);
#4994 = EDGE_CURVE('',#4798,#4967,#4995,.T.);
#4995 = SURFACE_CURVE('',#4996,(#5000,#5007),.PCURVE_S1.);
#4996 = LINE('',#4997,#4998);
#4997 = CARTESIAN_POINT('',(-28.00546026612,10.759005257991,
    12.911858335549));
#4998 = VECTOR('',#4999,1.);
#4999 = DIRECTION('',(0.219304726651,0.522361582083,-0.824041148506));
#5000 = PCURVE('',#4896,#5001);
#5001 = DEFINITIONAL_REPRESENTATION('',(#5002),#5006);
#5002 = LINE('',#5003,#5004);
#5003 = CARTESIAN_POINT('',(0.,0.));
#5004 = VECTOR('',#5005,1.);
#5005 = DIRECTION('',(0.566501706273,-0.824060566214));
#5006 = ( GEOMETRIC_REPRESENTATION_CONTEXT(2) 
PARAMETRIC_REPRESENTATION_CONTEXT() REPRESENTATION_CONTEXT('2D SPACE',''
  ) );
#5007 = PCURVE('',#5008,#5013);
#5008 = PLANE('',#5009);
#5009 = AXIS2_PLACEMENT_3D('',#5010,#5011,#5012);
#5010 = CARTESIAN_POINT('',(-28.00546026612,10.759005257991,
    12.911858335549));
#5011 = DIRECTION('',(0.91774470081,-0.397100373282,-7.480486257721E-03)
  );
#5012 = DIRECTION('',(0.397111484155,0.917770379317,-5.546673378877E-21)
  );
#5013 = DEFINITIONAL_REPRESENTATION('',(#5014),#5018);
#5014 = LINE('',#5015,#5016);
#5015 = CARTESIAN_POINT('',(0.,0.));
#5016 = VECTOR('',#5017,1.);
#5017 = DIRECTION('',(0.566496412812,-0.824064205187));
#5018 = ( GEOMETRIC_REPRESENTATION_CONTEXT(2) 
PARAMETRIC_REPRESENTATION_CONTEXT() REPRESENTATION_CONTEXT('2D SPACE',''
  ) );
#5019 = ADVANCED_FACE('',(#5020),#5008,.T.);
#5020 = FACE_BOUND('',#5021,.T.);
#5021 = EDGE_LOOP('',(#5022,#5023,#5051));
#5022 = ORIENTED_EDGE('',*,*,#4994,.T.);
#5023 = ORIENTED_EDGE('',*,*,#5024,.T.);
#5024 = EDGE_CURVE('',#4967,#5025,#5027,.T.);
#5025 = VERTEX_POINT('',#5026);
#5026 = CARTESIAN_POINT('',(-27.0309003484,13.010462326552,
    12.957678586287));
#5027 = SURFACE_CURVE('',#5028,(#5032,#5039),.PCURVE_S1.);
#5028 = LINE('',#5029,#5030);
#5029 = CARTESIAN_POINT('',(-27.04539914526,13.045773325648,
    9.304412747141));
#5030 = VECTOR('',#5031,1.);
#5031 = DIRECTION('',(3.968505471578E-03,-9.665070454179E-03,
    0.999945417199));
#5032 = PCURVE('',#5008,#5033);
#5033 = DEFINITIONAL_REPRESENTATION('',(#5034),#5038);
#5034 = LINE('',#5035,#5036);
#5035 = CARTESIAN_POINT('',(2.479979293451,-3.607546524777));
#5036 = VECTOR('',#5037,1.);
#5037 = DIRECTION('',(-7.294376279163E-03,0.999973395683));
#5038 = ( GEOMETRIC_REPRESENTATION_CONTEXT(2) 
PARAMETRIC_REPRESENTATION_CONTEXT() REPRESENTATION_CONTEXT('2D SPACE',''
  ) );
#5039 = PCURVE('',#5040,#5045);
#5040 = PLANE('',#5041);
#5041 = AXIS2_PLACEMENT_3D('',#5042,#5043,#5044);
#5042 = CARTESIAN_POINT('',(-27.0309003484,13.010462326552,
    12.957678586287));
#5043 = DIRECTION('',(0.867000189321,-0.498239399493,-8.256664566207E-03
    ));
#5044 = DIRECTION('',(0.498256383477,0.867029743622,-1.565414267346E-19)
  );
#5045 = DEFINITIONAL_REPRESENTATION('',(#5046),#5050);
#5046 = LINE('',#5047,#5048);
#5047 = CARTESIAN_POINT('',(2.339156840701E-02,-3.653390371664));
#5048 = VECTOR('',#5049,1.);
#5049 = DIRECTION('',(-6.402570373897E-03,0.999979503336));
#5050 = ( GEOMETRIC_REPRESENTATION_CONTEXT(2) 
PARAMETRIC_REPRESENTATION_CONTEXT() REPRESENTATION_CONTEXT('2D SPACE',''
  ) );
#5051 = ORIENTED_EDGE('',*,*,#5052,.F.);
#5052 = EDGE_CURVE('',#4798,#5025,#5053,.T.);
#5053 = SURFACE_CURVE('',#5054,(#5058,#5065),.PCURVE_S1.);
#5054 = LINE('',#5055,#5056);
#5055 = CARTESIAN_POINT('',(-28.00546026612,10.759005257991,
    12.911858335549));
#5056 = VECTOR('',#5057,1.);
#5057 = DIRECTION('',(0.397170441982,0.917554870423,1.867350473437E-02)
  );
#5058 = PCURVE('',#5008,#5059);
#5059 = DEFINITIONAL_REPRESENTATION('',(#5060),#5064);
#5060 = LINE('',#5061,#5062);
#5061 = CARTESIAN_POINT('',(0.,0.));
#5062 = VECTOR('',#5063,1.);
#5063 = DIRECTION('',(0.99982562515,1.867402721925E-02));
#5064 = ( GEOMETRIC_REPRESENTATION_CONTEXT(2) 
PARAMETRIC_REPRESENTATION_CONTEXT() REPRESENTATION_CONTEXT('2D SPACE',''
  ) );
#5065 = PCURVE('',#4839,#5066);
#5066 = DEFINITIONAL_REPRESENTATION('',(#5067),#5071);
#5067 = LINE('',#5068,#5069);
#5068 = CARTESIAN_POINT('',(22.550190107675,-41.14902466302));
#5069 = VECTOR('',#5070,1.);
#5070 = DIRECTION('',(0.397473204777,0.91761378122));
#5071 = ( GEOMETRIC_REPRESENTATION_CONTEXT(2) 
PARAMETRIC_REPRESENTATION_CONTEXT() REPRESENTATION_CONTEXT('2D SPACE',''
  ) );
#5072 = ADVANCED_FACE('',(#5073),#5040,.T.);
#5073 = FACE_BOUND('',#5074,.T.);
#5074 = EDGE_LOOP('',(#5075,#5076,#5104));
#5075 = ORIENTED_EDGE('',*,*,#5024,.F.);
#5076 = ORIENTED_EDGE('',*,*,#5077,.T.);
#5077 = EDGE_CURVE('',#4967,#5078,#5080,.T.);
#5078 = VERTEX_POINT('',#5079);
#5079 = CARTESIAN_POINT('',(-25.83813335561,15.146811551895,
    9.289835920277));
#5080 = SURFACE_CURVE('',#5081,(#5085,#5092),.PCURVE_S1.);
#5081 = LINE('',#5082,#5083);
#5082 = CARTESIAN_POINT('',(-27.04539914526,13.045773325648,
    9.304412747141));
#5083 = VECTOR('',#5084,1.);
#5084 = DIRECTION('',(0.498204303281,0.867038803425,-6.015442443437E-03)
  );
#5085 = PCURVE('',#5040,#5086);
#5086 = DEFINITIONAL_REPRESENTATION('',(#5087),#5091);
#5087 = LINE('',#5088,#5089);
#5088 = CARTESIAN_POINT('',(2.339156840701E-02,-3.653390371664));
#5089 = VECTOR('',#5090,1.);
#5090 = DIRECTION('',(0.999981905829,-6.015647497826E-03));
#5091 = ( GEOMETRIC_REPRESENTATION_CONTEXT(2) 
PARAMETRIC_REPRESENTATION_CONTEXT() REPRESENTATION_CONTEXT('2D SPACE',''
  ) );
#5092 = PCURVE('',#5093,#5098);
#5093 = PLANE('',#5094);
#5094 = AXIS2_PLACEMENT_3D('',#5095,#5096,#5097);
#5095 = CARTESIAN_POINT('',(-21.45934993546,21.004370580315,
    9.369582437097));
#5096 = DIRECTION('',(-0.117682061289,7.44909249205E-02,0.990253520345)
  );
#5097 = DIRECTION('',(0.993012415125,-6.465655410275E-19,0.118009929272)
  );
#5098 = DEFINITIONAL_REPRESENTATION('',(#5099),#5103);
#5099 = LINE('',#5100,#5101);
#5100 = CARTESIAN_POINT('',(-5.55470688733,-7.980770296192));
#5101 = VECTOR('',#5102,1.);
#5102 = DIRECTION('',(0.49401317649,0.869454415973));
#5103 = ( GEOMETRIC_REPRESENTATION_CONTEXT(2) 
PARAMETRIC_REPRESENTATION_CONTEXT() REPRESENTATION_CONTEXT('2D SPACE',''
  ) );
#5104 = ORIENTED_EDGE('',*,*,#5105,.F.);
#5105 = EDGE_CURVE('',#5025,#5078,#5106,.T.);
#5106 = SURFACE_CURVE('',#5107,(#5111,#5118),.PCURVE_S1.);
#5107 = LINE('',#5108,#5109);
#5108 = CARTESIAN_POINT('',(-27.0309003484,13.010462326552,
    12.957678586287));
#5109 = VECTOR('',#5110,1.);
#5110 = DIRECTION('',(0.27052678063,0.484536947892,-0.831888939156));
#5111 = PCURVE('',#5040,#5112);
#5112 = DEFINITIONAL_REPRESENTATION('',(#5113),#5117);
#5113 = LINE('',#5114,#5115);
#5114 = CARTESIAN_POINT('',(0.,0.));
#5115 = VECTOR('',#5116,1.);
#5116 = DIRECTION('',(0.554899641056,-0.831917296584));
#5117 = ( GEOMETRIC_REPRESENTATION_CONTEXT(2) 
PARAMETRIC_REPRESENTATION_CONTEXT() REPRESENTATION_CONTEXT('2D SPACE',''
  ) );
#5118 = PCURVE('',#5119,#5124);
#5119 = PLANE('',#5120);
#5120 = AXIS2_PLACEMENT_3D('',#5121,#5122,#5123);
#5121 = CARTESIAN_POINT('',(-27.0309003484,13.010462326552,
    12.957678586287));
#5122 = DIRECTION('',(0.88599357249,-0.46333831437,1.8248176438E-02));
#5123 = DIRECTION('',(0.463415478532,0.886141125474,1.036934009925E-19)
  );
#5124 = DEFINITIONAL_REPRESENTATION('',(#5125),#5129);
#5125 = LINE('',#5126,#5127);
#5126 = CARTESIAN_POINT('',(0.,0.));
#5127 = VECTOR('',#5128,1.);
#5128 = DIRECTION('',(0.55473441384,-0.832027481578));
#5129 = ( GEOMETRIC_REPRESENTATION_CONTEXT(2) 
PARAMETRIC_REPRESENTATION_CONTEXT() REPRESENTATION_CONTEXT('2D SPACE',''
  ) );
#5130 = ADVANCED_FACE('',(#5131),#5119,.T.);
#5131 = FACE_BOUND('',#5132,.T.);
#5132 = EDGE_LOOP('',(#5133,#5134,#5162));
#5133 = ORIENTED_EDGE('',*,*,#5105,.T.);
#5134 = ORIENTED_EDGE('',*,*,#5135,.F.);
#5135 = EDGE_CURVE('',#5136,#5078,#5138,.T.);
#5136 = VERTEX_POINT('',#5137);
#5137 = CARTESIAN_POINT('',(-25.90241315687,15.163024590119,
    12.822441645526));
#5138 = SURFACE_CURVE('',#5139,(#5143,#5150),.PCURVE_S1.);
#5139 = LINE('',#5140,#5141);
#5140 = CARTESIAN_POINT('',(-25.90241315687,15.163024590119,
    12.822441645526));
#5141 = VECTOR('',#5142,1.);
#5142 = DIRECTION('',(1.819294049437E-02,-4.588732912155E-03,
    -0.999823964729));
#5143 = PCURVE('',#5119,#5144);
#5144 = DEFINITIONAL_REPRESENTATION('',(#5145),#5149);
#5145 = LINE('',#5146,#5147);
#5146 = CARTESIAN_POINT('',(2.430432378771,-0.135259463062));
#5147 = VECTOR('',#5148,1.);
#5148 = DIRECTION('',(4.364625277819E-03,-0.999990474978));
#5149 = ( GEOMETRIC_REPRESENTATION_CONTEXT(2) 
PARAMETRIC_REPRESENTATION_CONTEXT() REPRESENTATION_CONTEXT('2D SPACE',''
  ) );
#5150 = PCURVE('',#5151,#5156);
#5151 = PLANE('',#5152);
#5152 = AXIS2_PLACEMENT_3D('',#5153,#5154,#5155);
#5153 = CARTESIAN_POINT('',(-25.90241315687,15.163024590119,
    12.822441645526));
#5154 = DIRECTION('',(0.83121913296,-0.555663872706,1.767522478748E-02)
  );
#5155 = DIRECTION('',(0.555750691517,0.83134900546,1.084710936655E-18));
#5156 = DEFINITIONAL_REPRESENTATION('',(#5157),#5161);
#5157 = LINE('',#5158,#5159);
#5158 = CARTESIAN_POINT('',(0.,0.));
#5159 = VECTOR('',#5160,1.);
#5160 = DIRECTION('',(6.295900717626E-03,-0.999980180621));
#5161 = ( GEOMETRIC_REPRESENTATION_CONTEXT(2) 
PARAMETRIC_REPRESENTATION_CONTEXT() REPRESENTATION_CONTEXT('2D SPACE',''
  ) );
#5162 = ORIENTED_EDGE('',*,*,#5163,.F.);
#5163 = EDGE_CURVE('',#5025,#5136,#5164,.T.);
#5164 = SURFACE_CURVE('',#5165,(#5169,#5176),.PCURVE_S1.);
#5165 = LINE('',#5166,#5167);
#5166 = CARTESIAN_POINT('',(-27.0309003484,13.010462326552,
    12.957678586287));
#5167 = VECTOR('',#5168,1.);
#5168 = DIRECTION('',(0.463598032669,0.884302133047,-5.555719209886E-02)
  );
#5169 = PCURVE('',#5119,#5170);
#5170 = DEFINITIONAL_REPRESENTATION('',(#5171),#5175);
#5171 = LINE('',#5172,#5173);
#5172 = CARTESIAN_POINT('',(0.,0.));
#5173 = VECTOR('',#5174,1.);
#5174 = DIRECTION('',(0.998454991593,-5.55664445695E-02));
#5175 = ( GEOMETRIC_REPRESENTATION_CONTEXT(2) 
PARAMETRIC_REPRESENTATION_CONTEXT() REPRESENTATION_CONTEXT('2D SPACE',''
  ) );
#5176 = PCURVE('',#5177,#5182);
#5177 = PLANE('',#5178);
#5178 = AXIS2_PLACEMENT_3D('',#5179,#5180,#5181);
#5179 = CARTESIAN_POINT('',(-50.56047006568,51.90538815399,
    12.908375786124));
#5180 = DIRECTION('',(5.440221820336E-02,3.417571063637E-02,
    0.997934075707));
#5181 = DIRECTION('',(0.998517369834,-1.144672203624E-19,
    -5.443401639037E-02));
#5182 = DEFINITIONAL_REPRESENTATION('',(#5183),#5187);
#5183 = LINE('',#5184,#5185);
#5184 = CARTESIAN_POINT('',(23.492000317984,-38.91765997626));
#5185 = VECTOR('',#5186,1.);
#5186 = DIRECTION('',(0.465934889346,0.884819009114));
#5187 = ( GEOMETRIC_REPRESENTATION_CONTEXT(2) 
PARAMETRIC_REPRESENTATION_CONTEXT() REPRESENTATION_CONTEXT('2D SPACE',''
  ) );
#5188 = ADVANCED_FACE('',(#5189),#5177,.T.);
#5189 = FACE_BOUND('',#5190,.T.);
#5190 = EDGE_LOOP('',(#5191,#5212,#5213));
#5191 = ORIENTED_EDGE('',*,*,#5192,.T.);
#5192 = EDGE_CURVE('',#4486,#5025,#5193,.T.);
#5193 = SURFACE_CURVE('',#5194,(#5198,#5205),.PCURVE_S1.);
#5194 = LINE('',#5195,#5196);
#5195 = CARTESIAN_POINT('',(-50.56047006568,51.90538815399,
    12.908375786124));
#5196 = VECTOR('',#5197,1.);
#5197 = DIRECTION('',(0.517607616806,-0.855617425447,1.084571677302E-03)
  );
#5198 = PCURVE('',#5177,#5199);
#5199 = DEFINITIONAL_REPRESENTATION('',(#5200),#5204);
#5200 = LINE('',#5201,#5202);
#5201 = CARTESIAN_POINT('',(0.,0.));
#5202 = VECTOR('',#5203,1.);
#5203 = DIRECTION('',(0.516781158546,-0.856117535255));
#5204 = ( GEOMETRIC_REPRESENTATION_CONTEXT(2) 
PARAMETRIC_REPRESENTATION_CONTEXT() REPRESENTATION_CONTEXT('2D SPACE',''
  ) );
#5205 = PCURVE('',#4839,#5206);
#5206 = DEFINITIONAL_REPRESENTATION('',(#5207),#5211);
#5207 = LINE('',#5208,#5209);
#5208 = CARTESIAN_POINT('',(0.,0.));
#5209 = VECTOR('',#5210,1.);
#5210 = DIRECTION('',(0.517517934962,-0.855672359605));
#5211 = ( GEOMETRIC_REPRESENTATION_CONTEXT(2) 
PARAMETRIC_REPRESENTATION_CONTEXT() REPRESENTATION_CONTEXT('2D SPACE',''
  ) );
#5212 = ORIENTED_EDGE('',*,*,#5163,.T.);
#5213 = ORIENTED_EDGE('',*,*,#5214,.F.);
#5214 = EDGE_CURVE('',#4486,#5136,#5215,.T.);
#5215 = SURFACE_CURVE('',#5216,(#5220,#5227),.PCURVE_S1.);
#5216 = LINE('',#5217,#5218);
#5217 = CARTESIAN_POINT('',(-50.56047006568,51.90538815399,
    12.908375786124));
#5218 = VECTOR('',#5219,1.);
#5219 = DIRECTION('',(0.557249071199,-0.830343122548,-1.942031369681E-03
    ));
#5220 = PCURVE('',#5177,#5221);
#5221 = DEFINITIONAL_REPRESENTATION('',(#5222),#5226);
#5222 = LINE('',#5223,#5224);
#5223 = CARTESIAN_POINT('',(0.,0.));
#5224 = VECTOR('',#5225,1.);
#5225 = DIRECTION('',(0.556528589483,-0.830828459484));
#5226 = ( GEOMETRIC_REPRESENTATION_CONTEXT(2) 
PARAMETRIC_REPRESENTATION_CONTEXT() REPRESENTATION_CONTEXT('2D SPACE',''
  ) );
#5227 = PCURVE('',#5228,#5233);
#5228 = PLANE('',#5229);
#5229 = AXIS2_PLACEMENT_3D('',#5230,#5231,#5232);
#5230 = CARTESIAN_POINT('',(-50.56047006568,51.90538815399,
    12.908375786124));
#5231 = DIRECTION('',(-1.805252005888E-02,-1.445337682339E-02,
    0.999732567449));
#5232 = DIRECTION('',(0.99983700593,-2.26685027716E-20,1.8054405941E-02)
  );
#5233 = DEFINITIONAL_REPRESENTATION('',(#5234),#5238);
#5234 = LINE('',#5235,#5236);
#5235 = CARTESIAN_POINT('',(0.,0.));
#5236 = VECTOR('',#5237,1.);
#5237 = DIRECTION('',(0.557123180682,-0.83042986552));
#5238 = ( GEOMETRIC_REPRESENTATION_CONTEXT(2) 
PARAMETRIC_REPRESENTATION_CONTEXT() REPRESENTATION_CONTEXT('2D SPACE',''
  ) );
#5239 = ADVANCED_FACE('',(#5240),#5228,.T.);
#5240 = FACE_BOUND('',#5241,.T.);
#5241 = EDGE_LOOP('',(#5242,#5243,#5266));
#5242 = ORIENTED_EDGE('',*,*,#5214,.T.);
#5243 = ORIENTED_EDGE('',*,*,#5244,.T.);
#5244 = EDGE_CURVE('',#5136,#5245,#5247,.T.);
#5245 = VERTEX_POINT('',#5246);
#5246 = CARTESIAN_POINT('',(-24.52120443824,17.230922878336,
    12.877278722036));
#5247 = SURFACE_CURVE('',#5248,(#5252,#5259),.PCURVE_S1.);
#5248 = LINE('',#5249,#5250);
#5249 = CARTESIAN_POINT('',(-25.90241315687,15.163024590119,
    12.822441645526));
#5250 = VECTOR('',#5251,1.);
#5251 = DIRECTION('',(0.555291568923,0.831363478485,2.204631772124E-02)
  );
#5252 = PCURVE('',#5228,#5253);
#5253 = DEFINITIONAL_REPRESENTATION('',(#5254),#5258);
#5254 = LINE('',#5255,#5256);
#5255 = CARTESIAN_POINT('',(24.652486301886,-36.74620190699));
#5256 = VECTOR('',#5257,1.);
#5257 = DIRECTION('',(0.555599092859,0.83145032805));
#5258 = ( GEOMETRIC_REPRESENTATION_CONTEXT(2) 
PARAMETRIC_REPRESENTATION_CONTEXT() REPRESENTATION_CONTEXT('2D SPACE',''
  ) );
#5259 = PCURVE('',#5151,#5260);
#5260 = DEFINITIONAL_REPRESENTATION('',(#5261),#5265);
#5261 = LINE('',#5262,#5263);
#5262 = CARTESIAN_POINT('',(0.,0.));
#5263 = VECTOR('',#5264,1.);
#5264 = DIRECTION('',(0.999756874436,2.204976231279E-02));
#5265 = ( GEOMETRIC_REPRESENTATION_CONTEXT(2) 
PARAMETRIC_REPRESENTATION_CONTEXT() REPRESENTATION_CONTEXT('2D SPACE',''
  ) );
#5266 = ORIENTED_EDGE('',*,*,#5267,.F.);
#5267 = EDGE_CURVE('',#4486,#5245,#5268,.T.);
#5268 = SURFACE_CURVE('',#5269,(#5273,#5280),.PCURVE_S1.);
#5269 = LINE('',#5270,#5271);
#5270 = CARTESIAN_POINT('',(-50.56047006568,51.90538815399,
    12.908375786124));
#5271 = VECTOR('',#5272,1.);
#5272 = DIRECTION('',(0.600492930847,-0.799629742898,-7.171310981608E-04
    ));
#5273 = PCURVE('',#5228,#5274);
#5274 = DEFINITIONAL_REPRESENTATION('',(#5275),#5279);
#5275 = LINE('',#5276,#5277);
#5276 = CARTESIAN_POINT('',(0.,0.));
#5277 = VECTOR('',#5278,1.);
#5278 = DIRECTION('',(0.600382106683,-0.799713277353));
#5279 = ( GEOMETRIC_REPRESENTATION_CONTEXT(2) 
PARAMETRIC_REPRESENTATION_CONTEXT() REPRESENTATION_CONTEXT('2D SPACE',''
  ) );
#5280 = PCURVE('',#5281,#5286);
#5281 = PLANE('',#5282);
#5282 = AXIS2_PLACEMENT_3D('',#5283,#5284,#5285);
#5283 = CARTESIAN_POINT('',(-50.56047006568,51.90538815399,
    12.908375786124));
#5284 = DIRECTION('',(8.136522796297E-03,5.213446403706E-03,
    0.999953307397));
#5285 = DIRECTION('',(0.999966897051,-2.258901434565E-21,
    -8.136633373991E-03));
#5286 = DEFINITIONAL_REPRESENTATION('',(#5287),#5291);
#5287 = LINE('',#5288,#5289);
#5288 = CARTESIAN_POINT('',(0.,0.));
#5289 = VECTOR('',#5290,1.);
#5290 = DIRECTION('',(0.600478887792,-0.799640610097));
#5291 = ( GEOMETRIC_REPRESENTATION_CONTEXT(2) 
PARAMETRIC_REPRESENTATION_CONTEXT() REPRESENTATION_CONTEXT('2D SPACE',''
  ) );
#5292 = ADVANCED_FACE('',(#5293),#5281,.T.);
#5293 = FACE_BOUND('',#5294,.T.);
#5294 = EDGE_LOOP('',(#5295,#5296,#5324));
#5295 = ORIENTED_EDGE('',*,*,#5267,.T.);
#5296 = ORIENTED_EDGE('',*,*,#5297,.T.);
#5297 = EDGE_CURVE('',#5245,#5298,#5300,.T.);
#5298 = VERTEX_POINT('',#5299);
#5299 = CARTESIAN_POINT('',(-23.05738576943,19.197197655564,
    12.855116225077));
#5300 = SURFACE_CURVE('',#5301,(#5305,#5312),.PCURVE_S1.);
#5301 = LINE('',#5302,#5303);
#5302 = CARTESIAN_POINT('',(-24.52120443824,17.230922878336,
    12.877278722036));
#5303 = VECTOR('',#5304,1.);
#5304 = DIRECTION('',(0.597129288147,0.802094059221,-9.04065258543E-03)
  );
#5305 = PCURVE('',#5281,#5306);
#5306 = DEFINITIONAL_REPRESENTATION('',(#5307),#5311);
#5307 = LINE('',#5308,#5309);
#5308 = CARTESIAN_POINT('',(26.038656676365,-34.67493651164));
#5309 = VECTOR('',#5310,1.);
#5310 = DIRECTION('',(0.597183081882,0.802104959911));
#5311 = ( GEOMETRIC_REPRESENTATION_CONTEXT(2) 
PARAMETRIC_REPRESENTATION_CONTEXT() REPRESENTATION_CONTEXT('2D SPACE',''
  ) );
#5312 = PCURVE('',#5313,#5318);
#5313 = PLANE('',#5314);
#5314 = AXIS2_PLACEMENT_3D('',#5315,#5316,#5317);
#5315 = CARTESIAN_POINT('',(-24.52120443824,17.230922878336,
    12.877278722036));
#5316 = DIRECTION('',(0.802100545131,-0.596939598911,1.725777366837E-02)
  );
#5317 = DIRECTION('',(0.597028512257,0.802220016923,-1.51989427496E-19)
  );
#5318 = DEFINITIONAL_REPRESENTATION('',(#5319),#5323);
#5319 = LINE('',#5320,#5321);
#5320 = CARTESIAN_POINT('',(0.,0.));
#5321 = VECTOR('',#5322,1.);
#5322 = DIRECTION('',(0.99995912029,-9.041999178409E-03));
#5323 = ( GEOMETRIC_REPRESENTATION_CONTEXT(2) 
PARAMETRIC_REPRESENTATION_CONTEXT() REPRESENTATION_CONTEXT('2D SPACE',''
  ) );
#5324 = ORIENTED_EDGE('',*,*,#5325,.F.);
#5325 = EDGE_CURVE('',#4486,#5298,#5326,.T.);
#5326 = SURFACE_CURVE('',#5327,(#5331,#5338),.PCURVE_S1.);
#5327 = LINE('',#5328,#5329);
#5328 = CARTESIAN_POINT('',(-50.56047006568,51.90538815399,
    12.908375786124));
#5329 = VECTOR('',#5330,1.);
#5330 = DIRECTION('',(0.643578457489,-0.765379132082,-1.246285899277E-03
    ));
#5331 = PCURVE('',#5281,#5332);
#5332 = DEFINITIONAL_REPRESENTATION('',(#5333),#5337);
#5333 = LINE('',#5334,#5335);
#5334 = CARTESIAN_POINT('',(0.,0.));
#5335 = VECTOR('',#5336,1.);
#5336 = DIRECTION('',(0.643567293716,-0.765389533806));
#5337 = ( GEOMETRIC_REPRESENTATION_CONTEXT(2) 
PARAMETRIC_REPRESENTATION_CONTEXT() REPRESENTATION_CONTEXT('2D SPACE',''
  ) );
#5338 = PCURVE('',#5339,#5344);
#5339 = PLANE('',#5340);
#5340 = AXIS2_PLACEMENT_3D('',#5341,#5342,#5343);
#5341 = CARTESIAN_POINT('',(-50.56047006568,51.90538815399,
    12.908375786124));
#5342 = DIRECTION('',(-1.001428660086E-02,-1.004879709625E-02,
    0.999899362806));
#5343 = DIRECTION('',(5.321787320319E-22,0.9999495045,1.004930101067E-02
    ));
#5344 = DEFINITIONAL_REPRESENTATION('',(#5345),#5349);
#5345 = LINE('',#5346,#5347);
#5346 = CARTESIAN_POINT('',(0.,0.));
#5347 = VECTOR('',#5348,1.);
#5348 = DIRECTION('',(-0.765353008182,-0.643610730851));
#5349 = ( GEOMETRIC_REPRESENTATION_CONTEXT(2) 
PARAMETRIC_REPRESENTATION_CONTEXT() REPRESENTATION_CONTEXT('2D SPACE',''
  ) );
#5350 = ADVANCED_FACE('',(#5351),#5313,.T.);
#5351 = FACE_BOUND('',#5352,.T.);
#5352 = EDGE_LOOP('',(#5353,#5381,#5407));
#5353 = ORIENTED_EDGE('',*,*,#5354,.T.);
#5354 = EDGE_CURVE('',#5245,#5355,#5357,.T.);
#5355 = VERTEX_POINT('',#5356);
#5356 = CARTESIAN_POINT('',(-23.02604475941,19.137390338803,
    9.329748580871));
#5357 = SURFACE_CURVE('',#5358,(#5362,#5369),.PCURVE_S1.);
#5358 = LINE('',#5359,#5360);
#5359 = CARTESIAN_POINT('',(-24.52120443824,17.230922878336,
    12.877278722036));
#5360 = VECTOR('',#5361,1.);
#5361 = DIRECTION('',(0.34804025971,0.443783657001,-0.825786923728));
#5362 = PCURVE('',#5313,#5363);
#5363 = DEFINITIONAL_REPRESENTATION('',(#5364),#5368);
#5364 = LINE('',#5365,#5366);
#5365 = CARTESIAN_POINT('',(0.,0.));
#5366 = VECTOR('',#5367,1.);
#5367 = DIRECTION('',(0.56380209129,-0.825909923574));
#5368 = ( GEOMETRIC_REPRESENTATION_CONTEXT(2) 
PARAMETRIC_REPRESENTATION_CONTEXT() REPRESENTATION_CONTEXT('2D SPACE',''
  ) );
#5369 = PCURVE('',#5370,#5375);
#5370 = PLANE('',#5371);
#5371 = AXIS2_PLACEMENT_3D('',#5372,#5373,#5374);
#5372 = CARTESIAN_POINT('',(-24.52120443824,17.230922878336,
    12.877278722036));
#5373 = DIRECTION('',(0.782627284596,-0.622473060924,-4.671384182984E-03
    ));
#5374 = DIRECTION('',(0.622479852785,0.782635823916,1.092604178312E-20)
  );
#5375 = DEFINITIONAL_REPRESENTATION('',(#5376),#5380);
#5376 = LINE('',#5377,#5378);
#5377 = CARTESIAN_POINT('',(0.,0.));
#5378 = VECTOR('',#5379,1.);
#5379 = DIRECTION('',(0.563969037665,-0.825795933966));
#5380 = ( GEOMETRIC_REPRESENTATION_CONTEXT(2) 
PARAMETRIC_REPRESENTATION_CONTEXT() REPRESENTATION_CONTEXT('2D SPACE',''
  ) );
#5381 = ORIENTED_EDGE('',*,*,#5382,.F.);
#5382 = EDGE_CURVE('',#5298,#5355,#5383,.T.);
#5383 = SURFACE_CURVE('',#5384,(#5388,#5395),.PCURVE_S1.);
#5384 = LINE('',#5385,#5386);
#5385 = CARTESIAN_POINT('',(-23.05738576943,19.197197655564,
    12.855116225077));
#5386 = VECTOR('',#5387,1.);
#5387 = DIRECTION('',(8.888509280989E-03,-1.696173447389E-02,
    -0.999816630171));
#5388 = PCURVE('',#5313,#5389);
#5389 = DEFINITIONAL_REPRESENTATION('',(#5390),#5394);
#5390 = LINE('',#5391,#5392);
#5391 = CARTESIAN_POINT('',(2.451326467116,-2.216579803307E-02));
#5392 = VECTOR('',#5393,1.);
#5393 = DIRECTION('',(-8.300349444479E-03,-0.999965551506));
#5394 = ( GEOMETRIC_REPRESENTATION_CONTEXT(2) 
PARAMETRIC_REPRESENTATION_CONTEXT() REPRESENTATION_CONTEXT('2D SPACE',''
  ) );
#5395 = PCURVE('',#5396,#5401);
#5396 = PLANE('',#5397);
#5397 = AXIS2_PLACEMENT_3D('',#5398,#5399,#5400);
#5398 = CARTESIAN_POINT('',(-23.05738576943,19.197197655564,
    12.855116225077));
#5399 = DIRECTION('',(0.765715391747,-0.642935557516,1.771461890319E-02)
  );
#5400 = DIRECTION('',(0.643036460336,0.765835563733,2.706026058581E-19)
  );
#5401 = DEFINITIONAL_REPRESENTATION('',(#5402),#5406);
#5402 = LINE('',#5403,#5404);
#5403 = CARTESIAN_POINT('',(0.,0.));
#5404 = VECTOR('',#5405,1.);
#5405 = DIRECTION('',(-7.274263936987E-03,-0.999973542192));
#5406 = ( GEOMETRIC_REPRESENTATION_CONTEXT(2) 
PARAMETRIC_REPRESENTATION_CONTEXT() REPRESENTATION_CONTEXT('2D SPACE',''
  ) );
#5407 = ORIENTED_EDGE('',*,*,#5297,.F.);
#5408 = ADVANCED_FACE('',(#5409),#5370,.T.);
#5409 = FACE_BOUND('',#5410,.T.);
#5410 = EDGE_LOOP('',(#5411,#5439,#5465));
#5411 = ORIENTED_EDGE('',*,*,#5412,.F.);
#5412 = EDGE_CURVE('',#5413,#5245,#5415,.T.);
#5413 = VERTEX_POINT('',#5414);
#5414 = CARTESIAN_POINT('',(-24.53966708473,17.234327974216,
    9.330374699186));
#5415 = SURFACE_CURVE('',#5416,(#5420,#5427),.PCURVE_S1.);
#5416 = LINE('',#5417,#5418);
#5417 = CARTESIAN_POINT('',(-24.53966708473,17.234327974216,
    9.330374699186));
#5418 = VECTOR('',#5419,1.);
#5419 = DIRECTION('',(5.205212138326E-03,-9.600057289027E-04,
    0.99998599198));
#5420 = PCURVE('',#5370,#5421);
#5421 = DEFINITIONAL_REPRESENTATION('',(#5422),#5426);
#5422 = LINE('',#5423,#5424);
#5423 = CARTESIAN_POINT('',(-8.827675454408E-03,-3.546942723452));
#5424 = VECTOR('',#5425,1.);
#5425 = DIRECTION('',(2.488804810979E-03,0.999996902921));
#5426 = ( GEOMETRIC_REPRESENTATION_CONTEXT(2) 
PARAMETRIC_REPRESENTATION_CONTEXT() REPRESENTATION_CONTEXT('2D SPACE',''
  ) );
#5427 = PCURVE('',#5428,#5433);
#5428 = PLANE('',#5429);
#5429 = AXIS2_PLACEMENT_3D('',#5430,#5431,#5432);
#5430 = CARTESIAN_POINT('',(-24.52120443824,17.230922878336,
    12.877278722036));
#5431 = DIRECTION('',(0.849168172516,-0.528099553113,-4.927148095069E-03
    ));
#5432 = DIRECTION('',(0.52810596351,0.849178480241,1.647272200793E-19));
#5433 = DEFINITIONAL_REPRESENTATION('',(#5434),#5438);
#5434 = LINE('',#5435,#5436);
#5435 = CARTESIAN_POINT('',(-6.858699573116E-03,-3.546947077353));
#5436 = VECTOR('',#5437,1.);
#5437 = DIRECTION('',(1.933687365694E-03,0.999998130425));
#5438 = ( GEOMETRIC_REPRESENTATION_CONTEXT(2) 
PARAMETRIC_REPRESENTATION_CONTEXT() REPRESENTATION_CONTEXT('2D SPACE',''
  ) );
#5439 = ORIENTED_EDGE('',*,*,#5440,.T.);
#5440 = EDGE_CURVE('',#5413,#5355,#5441,.T.);
#5441 = SURFACE_CURVE('',#5442,(#5446,#5453),.PCURVE_S1.);
#5442 = LINE('',#5443,#5444);
#5443 = CARTESIAN_POINT('',(-24.53966708473,17.234327974216,
    9.330374699186));
#5444 = VECTOR('',#5445,1.);
#5445 = DIRECTION('',(0.622478890751,0.782636546724,-2.574918642333E-04)
  );
#5446 = PCURVE('',#5370,#5447);
#5447 = DEFINITIONAL_REPRESENTATION('',(#5448),#5452);
#5448 = LINE('',#5449,#5450);
#5449 = CARTESIAN_POINT('',(-8.827675454408E-03,-3.546942723452));
#5450 = VECTOR('',#5451,1.);
#5451 = DIRECTION('',(0.999999966848,-2.574946737512E-04));
#5452 = ( GEOMETRIC_REPRESENTATION_CONTEXT(2) 
PARAMETRIC_REPRESENTATION_CONTEXT() REPRESENTATION_CONTEXT('2D SPACE',''
  ) );
#5453 = PCURVE('',#5454,#5459);
#5454 = PLANE('',#5455);
#5455 = AXIS2_PLACEMENT_3D('',#5456,#5457,#5458);
#5456 = CARTESIAN_POINT('',(-21.45934993546,21.004370580315,
    9.369582437097));
#5457 = DIRECTION('',(-0.41809839096,0.332817404811,0.845237428497));
#5458 = DIRECTION('',(0.896336409987,-4.523651959056E-18,0.443374604744)
  );
#5459 = DEFINITIONAL_REPRESENTATION('',(#5460),#5464);
#5460 = LINE('',#5461,#5462);
#5461 = CARTESIAN_POINT('',(-2.778384130498,-3.997961213169));
#5462 = VECTOR('',#5463,1.);
#5463 = DIRECTION('',(0.557836328874,0.829950980593));
#5464 = ( GEOMETRIC_REPRESENTATION_CONTEXT(2) 
PARAMETRIC_REPRESENTATION_CONTEXT() REPRESENTATION_CONTEXT('2D SPACE',''
  ) );
#5465 = ORIENTED_EDGE('',*,*,#5354,.F.);
#5466 = ADVANCED_FACE('',(#5467),#5428,.T.);
#5467 = FACE_BOUND('',#5468,.T.);
#5468 = EDGE_LOOP('',(#5469,#5490,#5516));
#5469 = ORIENTED_EDGE('',*,*,#5470,.F.);
#5470 = EDGE_CURVE('',#5078,#5245,#5471,.T.);
#5471 = SURFACE_CURVE('',#5472,(#5476,#5483),.PCURVE_S1.);
#5472 = LINE('',#5473,#5474);
#5473 = CARTESIAN_POINT('',(-25.83813335561,15.146811551895,
    9.289835920277));
#5474 = VECTOR('',#5475,1.);
#5475 = DIRECTION('',(0.30254194941,0.478789018277,0.824153774987));
#5476 = PCURVE('',#5428,#5477);
#5477 = DEFINITIONAL_REPRESENTATION('',(#5478),#5482);
#5478 = LINE('',#5479,#5480);
#5479 = CARTESIAN_POINT('',(-2.465260503624,-3.587486348346));
#5480 = VECTOR('',#5481,1.);
#5481 = DIRECTION('',(0.566351538592,0.824163779072));
#5482 = ( GEOMETRIC_REPRESENTATION_CONTEXT(2) 
PARAMETRIC_REPRESENTATION_CONTEXT() REPRESENTATION_CONTEXT('2D SPACE',''
  ) );
#5483 = PCURVE('',#5151,#5484);
#5484 = DEFINITIONAL_REPRESENTATION('',(#5485),#5489);
#5485 = LINE('',#5486,#5487);
#5486 = CARTESIAN_POINT('',(2.224485079902E-02,-3.533157671564));
#5487 = VECTOR('',#5488,1.);
#5488 = DIRECTION('',(0.566178671767,0.824282543571));
#5489 = ( GEOMETRIC_REPRESENTATION_CONTEXT(2) 
PARAMETRIC_REPRESENTATION_CONTEXT() REPRESENTATION_CONTEXT('2D SPACE',''
  ) );
#5490 = ORIENTED_EDGE('',*,*,#5491,.T.);
#5491 = EDGE_CURVE('',#5078,#5413,#5492,.T.);
#5492 = SURFACE_CURVE('',#5493,(#5497,#5504),.PCURVE_S1.);
#5493 = LINE('',#5494,#5495);
#5494 = CARTESIAN_POINT('',(-25.83813335561,15.146811551895,
    9.289835920277));
#5495 = VECTOR('',#5496,1.);
#5496 = DIRECTION('',(0.528103161668,0.849020145837,1.648764992361E-02)
  );
#5497 = PCURVE('',#5428,#5498);
#5498 = DEFINITIONAL_REPRESENTATION('',(#5499),#5503);
#5499 = LINE('',#5500,#5501);
#5500 = CARTESIAN_POINT('',(-2.465260503624,-3.587486348346));
#5501 = VECTOR('',#5502,1.);
#5502 = DIRECTION('',(0.999864066161,1.648785006085E-02));
#5503 = ( GEOMETRIC_REPRESENTATION_CONTEXT(2) 
PARAMETRIC_REPRESENTATION_CONTEXT() REPRESENTATION_CONTEXT('2D SPACE',''
  ) );
#5504 = PCURVE('',#5505,#5510);
#5505 = PLANE('',#5506);
#5506 = AXIS2_PLACEMENT_3D('',#5507,#5508,#5509);
#5507 = CARTESIAN_POINT('',(-21.45934993546,21.004370580315,
    9.369582437097));
#5508 = DIRECTION('',(4.614405575105E-02,-4.807874303166E-02,
    0.997777109673));
#5509 = DIRECTION('',(-2.764185307027E-20,0.998841079457,
    4.813001132527E-02));
#5510 = DEFINITIONAL_REPRESENTATION('',(#5511),#5515);
#5511 = LINE('',#5512,#5513);
#5512 = CARTESIAN_POINT('',(-5.854608783685,4.383452692673));
#5513 = VECTOR('',#5514,1.);
#5514 = DIRECTION('',(0.848829749725,-0.528666299268));
#5515 = ( GEOMETRIC_REPRESENTATION_CONTEXT(2) 
PARAMETRIC_REPRESENTATION_CONTEXT() REPRESENTATION_CONTEXT('2D SPACE',''
  ) );
#5516 = ORIENTED_EDGE('',*,*,#5412,.T.);
#5517 = ADVANCED_FACE('',(#5518),#5396,.T.);
#5518 = FACE_BOUND('',#5519,.T.);
#5519 = EDGE_LOOP('',(#5520,#5521,#5544));
#5520 = ORIENTED_EDGE('',*,*,#5382,.T.);
#5521 = ORIENTED_EDGE('',*,*,#5522,.T.);
#5522 = EDGE_CURVE('',#5355,#5523,#5525,.T.);
#5523 = VERTEX_POINT('',#5524);
#5524 = CARTESIAN_POINT('',(-21.45934993546,21.004370580315,
    9.369582437097));
#5525 = SURFACE_CURVE('',#5526,(#5530,#5537),.PCURVE_S1.);
#5526 = LINE('',#5527,#5528);
#5527 = CARTESIAN_POINT('',(-23.02604475941,19.137390338803,
    9.329748580871));
#5528 = VECTOR('',#5529,1.);
#5529 = DIRECTION('',(0.642728832973,0.76591944613,1.634164326969E-02));
#5530 = PCURVE('',#5396,#5531);
#5531 = DEFINITIONAL_REPRESENTATION('',(#5532),#5536);
#5532 = LINE('',#5533,#5534);
#5533 = CARTESIAN_POINT('',(-2.564915800059E-02,-3.525920918222));
#5534 = VECTOR('',#5535,1.);
#5535 = DIRECTION('',(0.999866424512,1.634420794025E-02));
#5536 = ( GEOMETRIC_REPRESENTATION_CONTEXT(2) 
PARAMETRIC_REPRESENTATION_CONTEXT() REPRESENTATION_CONTEXT('2D SPACE',''
  ) );
#5537 = PCURVE('',#5454,#5538);
#5538 = DEFINITIONAL_REPRESENTATION('',(#5539),#5543);
#5539 = LINE('',#5540,#5541);
#5540 = CARTESIAN_POINT('',(-1.421946934301,-1.979848869412));
#5541 = VECTOR('',#5542,1.);
#5542 = DIRECTION('',(0.583346724368,0.812223244662));
#5543 = ( GEOMETRIC_REPRESENTATION_CONTEXT(2) 
PARAMETRIC_REPRESENTATION_CONTEXT() REPRESENTATION_CONTEXT('2D SPACE',''
  ) );
#5544 = ORIENTED_EDGE('',*,*,#5545,.F.);
#5545 = EDGE_CURVE('',#5298,#5523,#5546,.T.);
#5546 = SURFACE_CURVE('',#5547,(#5551,#5558),.PCURVE_S1.);
#5547 = LINE('',#5548,#5549);
#5548 = CARTESIAN_POINT('',(-23.05738576943,19.197197655564,
    12.855116225077));
#5549 = VECTOR('',#5550,1.);
#5550 = DIRECTION('',(0.376990267825,0.426327489301,-0.822267115864));
#5551 = PCURVE('',#5396,#5552);
#5552 = DEFINITIONAL_REPRESENTATION('',(#5553),#5557);
#5553 = LINE('',#5554,#5555);
#5554 = CARTESIAN_POINT('',(0.,0.));
#5555 = VECTOR('',#5556,1.);
#5556 = DIRECTION('',(0.568915240507,-0.822396163123));
#5557 = ( GEOMETRIC_REPRESENTATION_CONTEXT(2) 
PARAMETRIC_REPRESENTATION_CONTEXT() REPRESENTATION_CONTEXT('2D SPACE',''
  ) );
#5558 = PCURVE('',#5559,#5564);
#5559 = PLANE('',#5560);
#5560 = AXIS2_PLACEMENT_3D('',#5561,#5562,#5563);
#5561 = CARTESIAN_POINT('',(-23.05738576943,19.197197655564,
    12.855116225077));
#5562 = DIRECTION('',(0.739533034759,-0.673047432419,-9.901727854412E-03
    ));
#5563 = DIRECTION('',(0.673080429049,0.739569290892,5.965212276223E-19)
  );
#5564 = DEFINITIONAL_REPRESENTATION('',(#5565),#5569);
#5565 = LINE('',#5566,#5567);
#5566 = CARTESIAN_POINT('',(0.,0.));
#5567 = VECTOR('',#5568,1.);
#5568 = DIRECTION('',(0.569043490165,-0.822307428095));
#5569 = ( GEOMETRIC_REPRESENTATION_CONTEXT(2) 
PARAMETRIC_REPRESENTATION_CONTEXT() REPRESENTATION_CONTEXT('2D SPACE',''
  ) );
#5570 = ADVANCED_FACE('',(#5571),#5559,.T.);
#5571 = FACE_BOUND('',#5572,.T.);
#5572 = EDGE_LOOP('',(#5573,#5574,#5602));
#5573 = ORIENTED_EDGE('',*,*,#5545,.T.);
#5574 = ORIENTED_EDGE('',*,*,#5575,.T.);
#5575 = EDGE_CURVE('',#5523,#5576,#5578,.T.);
#5576 = VERTEX_POINT('',#5577);
#5577 = CARTESIAN_POINT('',(-21.40779969305,21.009223726107,
    12.889847830426));
#5578 = SURFACE_CURVE('',#5579,(#5583,#5590),.PCURVE_S1.);
#5579 = LINE('',#5580,#5581);
#5580 = CARTESIAN_POINT('',(-21.45934993546,21.004370580315,
    9.369582437097));
#5581 = VECTOR('',#5582,1.);
#5582 = DIRECTION('',(1.464226735535E-02,1.378481552621E-03,
    0.999891846049));
#5583 = PCURVE('',#5559,#5584);
#5584 = DEFINITIONAL_REPRESENTATION('',(#5585),#5589);
#5585 = LINE('',#5586,#5587);
#5586 = CARTESIAN_POINT('',(2.41213624324,-3.485704668756));
#5587 = VECTOR('',#5588,1.);
#5588 = DIRECTION('',(1.087490621817E-02,0.999940866459));
#5589 = ( GEOMETRIC_REPRESENTATION_CONTEXT(2) 
PARAMETRIC_REPRESENTATION_CONTEXT() REPRESENTATION_CONTEXT('2D SPACE',''
  ) );
#5590 = PCURVE('',#5591,#5596);
#5591 = PLANE('',#5592);
#5592 = AXIS2_PLACEMENT_3D('',#5593,#5594,#5595);
#5593 = CARTESIAN_POINT('',(-21.40779969305,21.009223726107,
    12.889847830426));
#5594 = DIRECTION('',(0.685595574514,-0.727926545042,-9.036217688327E-03
    ));
#5595 = DIRECTION('',(-0.727956265639,-0.685623566775,-5.14493830742E-19
    ));
#5596 = DEFINITIONAL_REPRESENTATION('',(#5597),#5601);
#5597 = LINE('',#5598,#5599);
#5598 = CARTESIAN_POINT('',(4.08537530879E-02,3.520409122651));
#5599 = VECTOR('',#5600,1.);
#5600 = DIRECTION('',(-1.160404970333E-02,-0.999932670749));
#5601 = ( GEOMETRIC_REPRESENTATION_CONTEXT(2) 
PARAMETRIC_REPRESENTATION_CONTEXT() REPRESENTATION_CONTEXT('2D SPACE',''
  ) );
#5602 = ORIENTED_EDGE('',*,*,#5603,.F.);
#5603 = EDGE_CURVE('',#5298,#5576,#5604,.T.);
#5604 = SURFACE_CURVE('',#5605,(#5609,#5616),.PCURVE_S1.);
#5605 = LINE('',#5606,#5607);
#5606 = CARTESIAN_POINT('',(-23.05738576943,19.197197655564,
    12.855116225077));
#5607 = VECTOR('',#5608,1.);
#5608 = DIRECTION('',(0.673116612597,0.739400549026,1.417229502436E-02)
  );
#5609 = PCURVE('',#5559,#5610);
#5610 = DEFINITIONAL_REPRESENTATION('',(#5611),#5615);
#5611 = LINE('',#5612,#5613);
#5612 = CARTESIAN_POINT('',(0.,0.));
#5613 = VECTOR('',#5614,1.);
#5614 = DIRECTION('',(0.999899558135,1.417298983122E-02));
#5615 = ( GEOMETRIC_REPRESENTATION_CONTEXT(2) 
PARAMETRIC_REPRESENTATION_CONTEXT() REPRESENTATION_CONTEXT('2D SPACE',''
  ) );
#5616 = PCURVE('',#5339,#5617);
#5617 = DEFINITIONAL_REPRESENTATION('',(#5618),#5622);
#5618 = LINE('',#5619,#5620);
#5619 = CARTESIAN_POINT('',(-32.70707410334,-27.50446348626));
#5620 = VECTOR('',#5621,1.);
#5621 = DIRECTION('',(0.739505634284,-0.6731503672));
#5622 = ( GEOMETRIC_REPRESENTATION_CONTEXT(2) 
PARAMETRIC_REPRESENTATION_CONTEXT() REPRESENTATION_CONTEXT('2D SPACE',''
  ) );
#5623 = ADVANCED_FACE('',(#5624),#5339,.T.);
#5624 = FACE_BOUND('',#5625,.T.);
#5625 = EDGE_LOOP('',(#5626,#5627,#5628));
#5626 = ORIENTED_EDGE('',*,*,#5325,.T.);
#5627 = ORIENTED_EDGE('',*,*,#5603,.T.);
#5628 = ORIENTED_EDGE('',*,*,#5629,.F.);
#5629 = EDGE_CURVE('',#4486,#5576,#5630,.T.);
#5630 = SURFACE_CURVE('',#5631,(#5635,#5642),.PCURVE_S1.);
#5631 = LINE('',#5632,#5633);
#5632 = CARTESIAN_POINT('',(-50.56047006568,51.90538815399,
    12.908375786124));
#5633 = VECTOR('',#5634,1.);
#5634 = DIRECTION('',(0.686286939686,-0.727330768064,-4.361691005304E-04
    ));
#5635 = PCURVE('',#5339,#5636);
#5636 = DEFINITIONAL_REPRESENTATION('',(#5637),#5641);
#5637 = LINE('',#5638,#5639);
#5638 = CARTESIAN_POINT('',(0.,0.));
#5639 = VECTOR('',#5640,1.);
#5640 = DIRECTION('',(-0.727298424328,-0.686321354739));
#5641 = ( GEOMETRIC_REPRESENTATION_CONTEXT(2) 
PARAMETRIC_REPRESENTATION_CONTEXT() REPRESENTATION_CONTEXT('2D SPACE',''
  ) );
#5642 = PCURVE('',#5643,#5648);
#5643 = PLANE('',#5644);
#5644 = AXIS2_PLACEMENT_3D('',#5645,#5646,#5647);
#5645 = CARTESIAN_POINT('',(-19.66675962555,22.649452687168,
    12.854784999886));
#5646 = DIRECTION('',(1.095948839884E-02,9.741415950282E-03,
    0.999892491436));
#5647 = DIRECTION('',(0.999939937304,-3.416810851097E-21,
    -1.096000843719E-02));
#5648 = DEFINITIONAL_REPRESENTATION('',(#5649),#5653);
#5649 = LINE('',#5650,#5651);
#5650 = CARTESIAN_POINT('',(-30.89244223605,29.257323689324));
#5651 = VECTOR('',#5652,1.);
#5652 = DIRECTION('',(0.686250499859,-0.727365280614));
#5653 = ( GEOMETRIC_REPRESENTATION_CONTEXT(2) 
PARAMETRIC_REPRESENTATION_CONTEXT() REPRESENTATION_CONTEXT('2D SPACE',''
  ) );
#5654 = ADVANCED_FACE('',(#5655),#4839,.T.);
#5655 = FACE_BOUND('',#5656,.T.);
#5656 = EDGE_LOOP('',(#5657,#5658,#5659));
#5657 = ORIENTED_EDGE('',*,*,#4825,.T.);
#5658 = ORIENTED_EDGE('',*,*,#5052,.T.);
#5659 = ORIENTED_EDGE('',*,*,#5192,.F.);
#5660 = ADVANCED_FACE('',(#5661),#5643,.T.);
#5661 = FACE_BOUND('',#5662,.T.);
#5662 = EDGE_LOOP('',(#5663,#5691,#5692));
#5663 = ORIENTED_EDGE('',*,*,#5664,.F.);
#5664 = EDGE_CURVE('',#4486,#5665,#5667,.T.);
#5665 = VERTEX_POINT('',#5666);
#5666 = CARTESIAN_POINT('',(-19.66675962555,22.649452687168,
    12.854784999886));
#5667 = SURFACE_CURVE('',#5668,(#5672,#5679),.PCURVE_S1.);
#5668 = LINE('',#5669,#5670);
#5669 = CARTESIAN_POINT('',(-50.56047006568,51.90538815399,
    12.908375786124));
#5670 = VECTOR('',#5671,1.);
#5671 = DIRECTION('',(0.72609044296,-0.687598052797,-1.259536558199E-03)
  );
#5672 = PCURVE('',#5643,#5673);
#5673 = DEFINITIONAL_REPRESENTATION('',(#5674),#5678);
#5674 = LINE('',#5675,#5676);
#5675 = CARTESIAN_POINT('',(-30.89244223605,29.257323689324));
#5676 = VECTOR('',#5677,1.);
#5677 = DIRECTION('',(0.726060636541,-0.687630679991));
#5678 = ( GEOMETRIC_REPRESENTATION_CONTEXT(2) 
PARAMETRIC_REPRESENTATION_CONTEXT() REPRESENTATION_CONTEXT('2D SPACE',''
  ) );
#5679 = PCURVE('',#5680,#5685);
#5680 = PLANE('',#5681);
#5681 = AXIS2_PLACEMENT_3D('',#5682,#5683,#5684);
#5682 = CARTESIAN_POINT('',(-17.70400044004,24.20471840874,
    12.928768593699));
#5683 = DIRECTION('',(-1.972282673329E-02,-2.265789450932E-02,
    0.999548713131));
#5684 = DIRECTION('',(-1.341200339746E-20,0.99974317704,
    2.266230264139E-02));
#5685 = DEFINITIONAL_REPRESENTATION('',(#5686),#5690);
#5686 = LINE('',#5687,#5688);
#5687 = CARTESIAN_POINT('',(27.693093429288,32.86286190792));
#5688 = VECTOR('',#5689,1.);
#5689 = DIRECTION('',(-0.687450005829,-0.726231705096));
#5690 = ( GEOMETRIC_REPRESENTATION_CONTEXT(2) 
PARAMETRIC_REPRESENTATION_CONTEXT() REPRESENTATION_CONTEXT('2D SPACE',''
  ) );
#5691 = ORIENTED_EDGE('',*,*,#5629,.T.);
#5692 = ORIENTED_EDGE('',*,*,#5693,.T.);
#5693 = EDGE_CURVE('',#5576,#5665,#5694,.T.);
#5694 = SURFACE_CURVE('',#5695,(#5699,#5706),.PCURVE_S1.);
#5695 = LINE('',#5696,#5697);
#5696 = CARTESIAN_POINT('',(-21.40779969305,21.009223726107,
    12.889847830426));
#5697 = VECTOR('',#5698,1.);
#5698 = DIRECTION('',(0.727787253546,0.685646328902,-1.465691779087E-02)
  );
#5699 = PCURVE('',#5643,#5700);
#5700 = DEFINITIONAL_REPRESENTATION('',(#5701),#5705);
#5701 = LINE('',#5702,#5703);
#5702 = CARTESIAN_POINT('',(-1.741319784862,-1.640306791515));
#5703 = VECTOR('',#5704,1.);
#5704 = DIRECTION('',(0.727904180624,0.685678863486));
#5705 = ( GEOMETRIC_REPRESENTATION_CONTEXT(2) 
PARAMETRIC_REPRESENTATION_CONTEXT() REPRESENTATION_CONTEXT('2D SPACE',''
  ) );
#5706 = PCURVE('',#5591,#5707);
#5707 = DEFINITIONAL_REPRESENTATION('',(#5708),#5712);
#5708 = LINE('',#5709,#5710);
#5709 = CARTESIAN_POINT('',(-0.,0.));
#5710 = VECTOR('',#5711,1.);
#5711 = DIRECTION('',(-0.999892572839,1.465751621986E-02));
#5712 = ( GEOMETRIC_REPRESENTATION_CONTEXT(2) 
PARAMETRIC_REPRESENTATION_CONTEXT() REPRESENTATION_CONTEXT('2D SPACE',''
  ) );
#5713 = ADVANCED_FACE('',(#5714),#5680,.T.);
#5714 = FACE_BOUND('',#5715,.T.);
#5715 = EDGE_LOOP('',(#5716,#5744,#5745));
#5716 = ORIENTED_EDGE('',*,*,#5717,.F.);
#5717 = EDGE_CURVE('',#4486,#5718,#5720,.T.);
#5718 = VERTEX_POINT('',#5719);
#5719 = CARTESIAN_POINT('',(-17.70400044004,24.20471840874,
    12.928768593699));
#5720 = SURFACE_CURVE('',#5721,(#5725,#5732),.PCURVE_S1.);
#5721 = LINE('',#5722,#5723);
#5722 = CARTESIAN_POINT('',(-50.56047006568,51.90538815399,
    12.908375786124));
#5723 = VECTOR('',#5724,1.);
#5724 = DIRECTION('',(0.764543380329,-0.644572101803,4.745240805074E-04)
  );
#5725 = PCURVE('',#5680,#5726);
#5726 = DEFINITIONAL_REPRESENTATION('',(#5727),#5731);
#5727 = LINE('',#5728,#5729);
#5728 = CARTESIAN_POINT('',(27.693093429288,32.86286190792));
#5729 = VECTOR('',#5730,1.);
#5730 = DIRECTION('',(-0.644395807079,-0.764692123549));
#5731 = ( GEOMETRIC_REPRESENTATION_CONTEXT(2) 
PARAMETRIC_REPRESENTATION_CONTEXT() REPRESENTATION_CONTEXT('2D SPACE',''
  ) );
#5732 = PCURVE('',#5733,#5738);
#5733 = PLANE('',#5734);
#5734 = AXIS2_PLACEMENT_3D('',#5735,#5736,#5737);
#5735 = CARTESIAN_POINT('',(-15.7176831639,25.596818619759,
    12.946755283582));
#5736 = DIRECTION('',(-5.226356091734E-03,-5.462950420268E-03,
    0.999971420279));
#5737 = DIRECTION('',(-8.701856368002E-22,0.999985077567,
    5.46302503149E-03));
#5738 = DEFINITIONAL_REPRESENTATION('',(#5739),#5743);
#5739 = LINE('',#5740,#5741);
#5740 = CARTESIAN_POINT('',(26.307967278221,34.843262773368));
#5741 = VECTOR('',#5742,1.);
#5742 = DIRECTION('',(-0.644559890882,-0.764553822217));
#5743 = ( GEOMETRIC_REPRESENTATION_CONTEXT(2) 
PARAMETRIC_REPRESENTATION_CONTEXT() REPRESENTATION_CONTEXT('2D SPACE',''
  ) );
#5744 = ORIENTED_EDGE('',*,*,#5664,.T.);
#5745 = ORIENTED_EDGE('',*,*,#5746,.T.);
#5746 = EDGE_CURVE('',#5665,#5718,#5747,.T.);
#5747 = SURFACE_CURVE('',#5748,(#5752,#5759),.PCURVE_S1.);
#5748 = LINE('',#5749,#5750);
#5749 = CARTESIAN_POINT('',(-19.66675962555,22.649452687168,
    12.854784999886));
#5750 = VECTOR('',#5751,1.);
#5751 = DIRECTION('',(0.78342901017,0.620779305889,2.953031329445E-02));
#5752 = PCURVE('',#5680,#5753);
#5753 = DEFINITIONAL_REPRESENTATION('',(#5754),#5758);
#5754 = LINE('',#5755,#5756);
#5755 = CARTESIAN_POINT('',(-1.55654293222,1.963141043653));
#5756 = VECTOR('',#5757,1.);
#5757 = DIRECTION('',(0.621289100408,-0.783581427622));
#5758 = ( GEOMETRIC_REPRESENTATION_CONTEXT(2) 
PARAMETRIC_REPRESENTATION_CONTEXT() REPRESENTATION_CONTEXT('2D SPACE',''
  ) );
#5759 = PCURVE('',#5760,#5765);
#5760 = PLANE('',#5761);
#5761 = AXIS2_PLACEMENT_3D('',#5762,#5763,#5764);
#5762 = CARTESIAN_POINT('',(-19.66675962555,22.649452687168,
    12.854784999886));
#5763 = DIRECTION('',(0.621208046941,-0.783608903525,-7.592676176823E-03
    ));
#5764 = DIRECTION('',(-0.783631491531,-0.621225953644,-3.71525322002E-19
    ));
#5765 = DEFINITIONAL_REPRESENTATION('',(#5766),#5770);
#5766 = LINE('',#5767,#5768);
#5767 = CARTESIAN_POINT('',(-0.,0.));
#5768 = VECTOR('',#5769,1.);
#5769 = DIRECTION('',(-0.999563860052,-2.953116452381E-02));
#5770 = ( GEOMETRIC_REPRESENTATION_CONTEXT(2) 
PARAMETRIC_REPRESENTATION_CONTEXT() REPRESENTATION_CONTEXT('2D SPACE',''
  ) );
#5771 = ADVANCED_FACE('',(#5772),#5760,.T.);
#5772 = FACE_BOUND('',#5773,.T.);
#5773 = EDGE_LOOP('',(#5774,#5802,#5828));
#5774 = ORIENTED_EDGE('',*,*,#5775,.T.);
#5775 = EDGE_CURVE('',#5665,#5776,#5778,.T.);
#5776 = VERTEX_POINT('',#5777);
#5777 = CARTESIAN_POINT('',(-17.74682106677,24.205832293995,
    9.310364797796));
#5778 = SURFACE_CURVE('',#5779,(#5783,#5790),.PCURVE_S1.);
#5779 = LINE('',#5780,#5781);
#5780 = CARTESIAN_POINT('',(-19.66675962555,22.649452687168,
    12.854784999886));
#5781 = VECTOR('',#5782,1.);
#5782 = DIRECTION('',(0.444323142938,0.360186254581,-0.820269959623));
#5783 = PCURVE('',#5760,#5784);
#5784 = DEFINITIONAL_REPRESENTATION('',(#5785),#5789);
#5785 = LINE('',#5786,#5787);
#5786 = CARTESIAN_POINT('',(-0.,0.));
#5787 = VECTOR('',#5788,1.);
#5788 = DIRECTION('',(-0.571942656714,0.820293604407));
#5789 = ( GEOMETRIC_REPRESENTATION_CONTEXT(2) 
PARAMETRIC_REPRESENTATION_CONTEXT() REPRESENTATION_CONTEXT('2D SPACE',''
  ) );
#5790 = PCURVE('',#5791,#5796);
#5791 = PLANE('',#5792);
#5792 = AXIS2_PLACEMENT_3D('',#5793,#5794,#5795);
#5793 = CARTESIAN_POINT('',(-19.66675962555,22.649452687168,
    12.854784999886));
#5794 = DIRECTION('',(0.635882170509,-0.771766152139,5.556225404362E-03)
  );
#5795 = DIRECTION('',(-0.771778065259,-0.635891986099,2.0258099485E-19)
  );
#5796 = DEFINITIONAL_REPRESENTATION('',(#5797),#5801);
#5797 = LINE('',#5798,#5799);
#5798 = CARTESIAN_POINT('',(0.,0.));
#5799 = VECTOR('',#5800,1.);
#5800 = DIRECTION('',(-0.571958408398,0.820282621456));
#5801 = ( GEOMETRIC_REPRESENTATION_CONTEXT(2) 
PARAMETRIC_REPRESENTATION_CONTEXT() REPRESENTATION_CONTEXT('2D SPACE',''
  ) );
#5802 = ORIENTED_EDGE('',*,*,#5803,.T.);
#5803 = EDGE_CURVE('',#5776,#5718,#5804,.T.);
#5804 = SURFACE_CURVE('',#5805,(#5809,#5816),.PCURVE_S1.);
#5805 = LINE('',#5806,#5807);
#5806 = CARTESIAN_POINT('',(-17.74682106677,24.205832293995,
    9.310364797796));
#5807 = VECTOR('',#5808,1.);
#5808 = DIRECTION('',(1.183329141478E-02,-3.078172793955E-04,
    0.999929936777));
#5809 = PCURVE('',#5760,#5810);
#5810 = DEFINITIONAL_REPRESENTATION('',(#5811),#5815);
#5811 = LINE('',#5812,#5813);
#5812 = CARTESIAN_POINT('',(-2.471387721945,3.544522372172));
#5813 = VECTOR('',#5814,1.);
#5814 = DIRECTION('',(-9.081715718151E-03,-0.999958760369));
#5815 = ( GEOMETRIC_REPRESENTATION_CONTEXT(2) 
PARAMETRIC_REPRESENTATION_CONTEXT() REPRESENTATION_CONTEXT('2D SPACE',''
  ) );
#5816 = PCURVE('',#5817,#5822);
#5817 = PLANE('',#5818);
#5818 = AXIS2_PLACEMENT_3D('',#5819,#5820,#5821);
#5819 = CARTESIAN_POINT('',(-17.70400044004,24.20471840874,
    12.928768593699));
#5820 = DIRECTION('',(0.573955113442,-0.818856461885,-7.044329833133E-03
    ));
#5821 = DIRECTION('',(-0.818876779527,-0.57396935454,-2.886863994797E-19
    ));
#5822 = DEFINITIONAL_REPRESENTATION('',(#5823),#5827);
#5823 = LINE('',#5824,#5825);
#5824 = CARTESIAN_POINT('',(3.44254809088E-02,3.618493576515));
#5825 = VECTOR('',#5826,1.);
#5826 = DIRECTION('',(-9.513329879775E-03,-0.999954747253));
#5827 = ( GEOMETRIC_REPRESENTATION_CONTEXT(2) 
PARAMETRIC_REPRESENTATION_CONTEXT() REPRESENTATION_CONTEXT('2D SPACE',''
  ) );
#5828 = ORIENTED_EDGE('',*,*,#5746,.F.);
#5829 = ADVANCED_FACE('',(#5830),#5791,.T.);
#5830 = FACE_BOUND('',#5831,.T.);
#5831 = EDGE_LOOP('',(#5832,#5860,#5886));
#5832 = ORIENTED_EDGE('',*,*,#5833,.T.);
#5833 = EDGE_CURVE('',#5665,#5834,#5836,.T.);
#5834 = VERTEX_POINT('',#5835);
#5835 = CARTESIAN_POINT('',(-19.60185589774,22.677353539197,
    9.302339110296));
#5836 = SURFACE_CURVE('',#5837,(#5841,#5848),.PCURVE_S1.);
#5837 = LINE('',#5838,#5839);
#5838 = CARTESIAN_POINT('',(-19.66675962555,22.649452687168,
    12.854784999886));
#5839 = VECTOR('',#5840,1.);
#5840 = DIRECTION('',(1.826654070193E-02,7.852431076576E-03,
    -0.999802316869));
#5841 = PCURVE('',#5791,#5842);
#5842 = DEFINITIONAL_REPRESENTATION('',(#5843),#5847);
#5843 = LINE('',#5844,#5845);
#5844 = CARTESIAN_POINT('',(0.,0.));
#5845 = VECTOR('',#5846,1.);
#5846 = DIRECTION('',(-1.90910134349E-02,0.999817749995));
#5847 = ( GEOMETRIC_REPRESENTATION_CONTEXT(2) 
PARAMETRIC_REPRESENTATION_CONTEXT() REPRESENTATION_CONTEXT('2D SPACE',''
  ) );
#5848 = PCURVE('',#5849,#5854);
#5849 = PLANE('',#5850);
#5850 = AXIS2_PLACEMENT_3D('',#5851,#5852,#5853);
#5851 = CARTESIAN_POINT('',(-19.66675962555,22.649452687168,
    12.854784999886));
#5852 = DIRECTION('',(0.669352481364,-0.742917470847,6.394310156621E-03)
  );
#5853 = DIRECTION('',(-0.742932659221,-0.669366165759,
    -2.300121011896E-19));
#5854 = DEFINITIONAL_REPRESENTATION('',(#5855),#5859);
#5855 = LINE('',#5856,#5857);
#5856 = CARTESIAN_POINT('',(-0.,0.));
#5857 = VECTOR('',#5858,1.);
#5858 = DIRECTION('',(-1.882696134006E-02,0.999822757056));
#5859 = ( GEOMETRIC_REPRESENTATION_CONTEXT(2) 
PARAMETRIC_REPRESENTATION_CONTEXT() REPRESENTATION_CONTEXT('2D SPACE',''
  ) );
#5860 = ORIENTED_EDGE('',*,*,#5861,.T.);
#5861 = EDGE_CURVE('',#5834,#5776,#5862,.T.);
#5862 = SURFACE_CURVE('',#5863,(#5867,#5874),.PCURVE_S1.);
#5863 = LINE('',#5864,#5865);
#5864 = CARTESIAN_POINT('',(-19.60185589774,22.677353539197,
    9.302339110296));
#5865 = VECTOR('',#5866,1.);
#5866 = DIRECTION('',(0.771761965602,0.635902759608,3.33897793013E-03));
#5867 = PCURVE('',#5791,#5868);
#5868 = DEFINITIONAL_REPRESENTATION('',(#5869),#5873);
#5869 = LINE('',#5870,#5871);
#5870 = CARTESIAN_POINT('',(-6.78332016846E-02,3.552500725777));
#5871 = VECTOR('',#5872,1.);
#5872 = DIRECTION('',(-0.999994425426,-3.339029471187E-03));
#5873 = ( GEOMETRIC_REPRESENTATION_CONTEXT(2) 
PARAMETRIC_REPRESENTATION_CONTEXT() REPRESENTATION_CONTEXT('2D SPACE',''
  ) );
#5874 = PCURVE('',#5875,#5880);
#5875 = PLANE('',#5876);
#5876 = AXIS2_PLACEMENT_3D('',#5877,#5878,#5879);
#5877 = CARTESIAN_POINT('',(-17.74682106677,24.205832293995,
    9.310364797796));
#5878 = DIRECTION('',(-0.362332703762,0.435417163915,0.824091563573));
#5879 = DIRECTION('',(-1.76981018963E-17,0.884172096631,-0.467161324961)
  );
#5880 = DEFINITIONAL_REPRESENTATION('',(#5881),#5885);
#5881 = LINE('',#5882,#5883);
#5882 = CARTESIAN_POINT('',(-1.347688974479,1.990276455096));
#5883 = VECTOR('',#5884,1.);
#5884 = DIRECTION('',(0.560687634862,-0.828027400581));
#5885 = ( GEOMETRIC_REPRESENTATION_CONTEXT(2) 
PARAMETRIC_REPRESENTATION_CONTEXT() REPRESENTATION_CONTEXT('2D SPACE',''
  ) );
#5886 = ORIENTED_EDGE('',*,*,#5775,.F.);
#5887 = ADVANCED_FACE('',(#5888),#5849,.T.);
#5888 = FACE_BOUND('',#5889,.T.);
#5889 = EDGE_LOOP('',(#5890,#5911,#5932));
#5890 = ORIENTED_EDGE('',*,*,#5891,.F.);
#5891 = EDGE_CURVE('',#5523,#5665,#5892,.T.);
#5892 = SURFACE_CURVE('',#5893,(#5897,#5904),.PCURVE_S1.);
#5893 = LINE('',#5894,#5895);
#5894 = CARTESIAN_POINT('',(-21.45934993546,21.004370580315,
    9.369582437097));
#5895 = VECTOR('',#5896,1.);
#5896 = DIRECTION('',(0.4217414537,0.387037303148,0.819961140667));
#5897 = PCURVE('',#5849,#5898);
#5898 = DEFINITIONAL_REPRESENTATION('',(#5899),#5903);
#5899 = LINE('',#5900,#5901);
#5900 = CARTESIAN_POINT('',(2.432936188063,3.485273815065));
#5901 = VECTOR('',#5902,1.);
#5902 = DIRECTION('',(-0.572395175314,-0.819977904139));
#5903 = ( GEOMETRIC_REPRESENTATION_CONTEXT(2) 
PARAMETRIC_REPRESENTATION_CONTEXT() REPRESENTATION_CONTEXT('2D SPACE',''
  ) );
#5904 = PCURVE('',#5591,#5905);
#5905 = DEFINITIONAL_REPRESENTATION('',(#5906),#5910);
#5906 = LINE('',#5907,#5908);
#5907 = CARTESIAN_POINT('',(4.08537530879E-02,3.520409122651));
#5908 = VECTOR('',#5909,1.);
#5909 = DIRECTION('',(-0.572371229959,-0.819994618955));
#5910 = ( GEOMETRIC_REPRESENTATION_CONTEXT(2) 
PARAMETRIC_REPRESENTATION_CONTEXT() REPRESENTATION_CONTEXT('2D SPACE',''
  ) );
#5911 = ORIENTED_EDGE('',*,*,#5912,.T.);
#5912 = EDGE_CURVE('',#5523,#5834,#5913,.T.);
#5913 = SURFACE_CURVE('',#5914,(#5918,#5925),.PCURVE_S1.);
#5914 = LINE('',#5915,#5916);
#5915 = CARTESIAN_POINT('',(-21.45934993546,21.004370580315,
    9.369582437097));
#5916 = VECTOR('',#5917,1.);
#5917 = DIRECTION('',(0.742779107005,0.668996380605,-2.688942048772E-02)
  );
#5918 = PCURVE('',#5849,#5919);
#5919 = DEFINITIONAL_REPRESENTATION('',(#5920),#5924);
#5920 = LINE('',#5921,#5922);
#5921 = CARTESIAN_POINT('',(2.432936188063,3.485273815065));
#5922 = VECTOR('',#5923,1.);
#5923 = DIRECTION('',(-0.999638399373,2.688997022117E-02));
#5924 = ( GEOMETRIC_REPRESENTATION_CONTEXT(2) 
PARAMETRIC_REPRESENTATION_CONTEXT() REPRESENTATION_CONTEXT('2D SPACE',''
  ) );
#5925 = PCURVE('',#5875,#5926);
#5926 = DEFINITIONAL_REPRESENTATION('',(#5927),#5931);
#5927 = LINE('',#5928,#5929);
#5928 = CARTESIAN_POINT('',(-2.858307306505,3.983191405824));
#5929 = VECTOR('',#5930,1.);
#5930 = DIRECTION('',(0.604069629781,-0.796931541838));
#5931 = ( GEOMETRIC_REPRESENTATION_CONTEXT(2) 
PARAMETRIC_REPRESENTATION_CONTEXT() REPRESENTATION_CONTEXT('2D SPACE',''
  ) );
#5932 = ORIENTED_EDGE('',*,*,#5833,.F.);
#5933 = ADVANCED_FACE('',(#5934),#5733,.T.);
#5934 = FACE_BOUND('',#5935,.T.);
#5935 = EDGE_LOOP('',(#5936,#5964,#5965));
#5936 = ORIENTED_EDGE('',*,*,#5937,.F.);
#5937 = EDGE_CURVE('',#4486,#5938,#5940,.T.);
#5938 = VERTEX_POINT('',#5939);
#5939 = CARTESIAN_POINT('',(-15.7176831639,25.596818619759,
    12.946755283582));
#5940 = SURFACE_CURVE('',#5941,(#5945,#5952),.PCURVE_S1.);
#5941 = LINE('',#5942,#5943);
#5942 = CARTESIAN_POINT('',(-50.56047006568,51.90538815399,
    12.908375786124));
#5943 = VECTOR('',#5944,1.);
#5944 = DIRECTION('',(0.798055269048,-0.602583616434,8.790617196241E-04)
  );
#5945 = PCURVE('',#5733,#5946);
#5946 = DEFINITIONAL_REPRESENTATION('',(#5947),#5951);
#5947 = LINE('',#5948,#5949);
#5948 = CARTESIAN_POINT('',(26.307967278221,34.843262773368));
#5949 = VECTOR('',#5950,1.);
#5950 = DIRECTION('',(-0.602569822085,-0.798066168631));
#5951 = ( GEOMETRIC_REPRESENTATION_CONTEXT(2) 
PARAMETRIC_REPRESENTATION_CONTEXT() REPRESENTATION_CONTEXT('2D SPACE',''
  ) );
#5952 = PCURVE('',#5953,#5958);
#5953 = PLANE('',#5954);
#5954 = AXIS2_PLACEMENT_3D('',#5955,#5956,#5957);
#5955 = CARTESIAN_POINT('',(-13.56336585515,26.785794303705,
    12.854522262656));
#5956 = DIRECTION('',(2.424812844957E-02,3.35715305133E-02,
    0.999142122326));
#5957 = DIRECTION('',(2.451902850603E-21,0.999435985582,
    -3.358140442319E-02));
#5958 = DEFINITIONAL_REPRESENTATION('',(#5959),#5963);
#5959 = LINE('',#5960,#5961);
#5960 = CARTESIAN_POINT('',(25.103617560237,37.007985634989));
#5961 = VECTOR('',#5962,1.);
#5962 = DIRECTION('',(-0.602273270714,-0.79828998953));
#5963 = ( GEOMETRIC_REPRESENTATION_CONTEXT(2) 
PARAMETRIC_REPRESENTATION_CONTEXT() REPRESENTATION_CONTEXT('2D SPACE',''
  ) );
#5964 = ORIENTED_EDGE('',*,*,#5717,.T.);
#5965 = ORIENTED_EDGE('',*,*,#5966,.T.);
#5966 = EDGE_CURVE('',#5718,#5938,#5967,.T.);
#5967 = SURFACE_CURVE('',#5968,(#5972,#5979),.PCURVE_S1.);
#5968 = LINE('',#5969,#5970);
#5969 = CARTESIAN_POINT('',(-17.70400044004,24.20471840874,
    12.928768593699));
#5970 = VECTOR('',#5971,1.);
#5971 = DIRECTION('',(0.818884247073,0.57391079806,7.415238834026E-03));
#5972 = PCURVE('',#5733,#5973);
#5973 = DEFINITIONAL_REPRESENTATION('',(#5974),#5978);
#5974 = LINE('',#5975,#5976);
#5975 = CARTESIAN_POINT('',(-1.392177699234,1.986344404624));
#5976 = VECTOR('',#5977,1.);
#5977 = DIRECTION('',(0.57394274355,-0.818895431131));
#5978 = ( GEOMETRIC_REPRESENTATION_CONTEXT(2) 
PARAMETRIC_REPRESENTATION_CONTEXT() REPRESENTATION_CONTEXT('2D SPACE',''
  ) );
#5979 = PCURVE('',#5817,#5980);
#5980 = DEFINITIONAL_REPRESENTATION('',(#5981),#5985);
#5981 = LINE('',#5982,#5983);
#5982 = CARTESIAN_POINT('',(-0.,0.));
#5983 = VECTOR('',#5984,1.);
#5984 = DIRECTION('',(-0.999972505374,-7.415422822525E-03));
#5985 = ( GEOMETRIC_REPRESENTATION_CONTEXT(2) 
PARAMETRIC_REPRESENTATION_CONTEXT() REPRESENTATION_CONTEXT('2D SPACE',''
  ) );
#5986 = ADVANCED_FACE('',(#5987),#5953,.T.);
#5987 = FACE_BOUND('',#5988,.T.);
#5988 = EDGE_LOOP('',(#5989,#6017,#6018));
#5989 = ORIENTED_EDGE('',*,*,#5990,.F.);
#5990 = EDGE_CURVE('',#4486,#5991,#5993,.T.);
#5991 = VERTEX_POINT('',#5992);
#5992 = CARTESIAN_POINT('',(-13.56336585515,26.785794303705,
    12.854522262656));
#5993 = SURFACE_CURVE('',#5994,(#5998,#6005),.PCURVE_S1.);
#5994 = LINE('',#5995,#5996);
#5995 = CARTESIAN_POINT('',(-50.56047006568,51.90538815399,
    12.908375786124));
#5996 = VECTOR('',#5997,1.);
#5997 = DIRECTION('',(0.82732536303,-0.561721722411,-1.204266842071E-03)
  );
#5998 = PCURVE('',#5953,#5999);
#5999 = DEFINITIONAL_REPRESENTATION('',(#6000),#6004);
#6000 = LINE('',#6001,#6002);
#6001 = CARTESIAN_POINT('',(25.103617560237,37.007985634989));
#6002 = VECTOR('',#6003,1.);
#6003 = DIRECTION('',(-0.561364462289,-0.827568692302));
#6004 = ( GEOMETRIC_REPRESENTATION_CONTEXT(2) 
PARAMETRIC_REPRESENTATION_CONTEXT() REPRESENTATION_CONTEXT('2D SPACE',''
  ) );
#6005 = PCURVE('',#6006,#6011);
#6006 = PLANE('',#6007);
#6007 = AXIS2_PLACEMENT_3D('',#6008,#6009,#6010);
#6008 = CARTESIAN_POINT('',(-11.32417636687,27.758485245628,
    12.97774693044));
#6009 = DIRECTION('',(-3.293150420753E-02,-5.064275616138E-02,
    0.998173746038));
#6010 = DIRECTION('',(-1.461508836744E-19,0.998715438383,
    5.067023914565E-02));
#6011 = DEFINITIONAL_REPRESENTATION('',(#6012),#6016);
#6012 = LINE('',#6013,#6014);
#6013 = CARTESIAN_POINT('',(24.112369671249,39.257586584984));
#6014 = VECTOR('',#6015,1.);
#6015 = DIRECTION('',(-0.561061176736,-0.82777433879));
#6016 = ( GEOMETRIC_REPRESENTATION_CONTEXT(2) 
PARAMETRIC_REPRESENTATION_CONTEXT() REPRESENTATION_CONTEXT('2D SPACE',''
  ) );
#6017 = ORIENTED_EDGE('',*,*,#5937,.T.);
#6018 = ORIENTED_EDGE('',*,*,#6019,.T.);
#6019 = EDGE_CURVE('',#5938,#5991,#6020,.T.);
#6020 = SURFACE_CURVE('',#6021,(#6025,#6032),.PCURVE_S1.);
#6021 = LINE('',#6022,#6023);
#6022 = CARTESIAN_POINT('',(-15.7176831639,25.596818619759,
    12.946755283582));
#6023 = VECTOR('',#6024,1.);
#6024 = DIRECTION('',(0.874896782509,0.482858767434,-3.745705097468E-02)
  );
#6025 = PCURVE('',#5953,#6026);
#6026 = DEFINITIONAL_REPRESENTATION('',(#6027),#6031);
#6027 = LINE('',#6028,#6029);
#6028 = CARTESIAN_POINT('',(-1.191402398895,2.154950927022));
#6029 = VECTOR('',#6030,1.);
#6030 = DIRECTION('',(0.483844288504,-0.875154103277));
#6031 = ( GEOMETRIC_REPRESENTATION_CONTEXT(2) 
PARAMETRIC_REPRESENTATION_CONTEXT() REPRESENTATION_CONTEXT('2D SPACE',''
  ) );
#6032 = PCURVE('',#6033,#6038);
#6033 = PLANE('',#6034);
#6034 = AXIS2_PLACEMENT_3D('',#6035,#6036,#6037);
#6035 = CARTESIAN_POINT('',(-15.7176831639,25.596818619759,
    12.946755283582));
#6036 = DIRECTION('',(0.483542465929,-0.87524573675,1.147100447908E-02)
  );
#6037 = DIRECTION('',(-0.875303326576,-0.483574282282,
    -6.304596562438E-19));
#6038 = DEFINITIONAL_REPRESENTATION('',(#6039),#6043);
#6039 = LINE('',#6040,#6041);
#6040 = CARTESIAN_POINT('',(-0.,0.));
#6041 = VECTOR('',#6042,1.);
#6042 = DIRECTION('',(-0.999298146046,3.745951559115E-02));
#6043 = ( GEOMETRIC_REPRESENTATION_CONTEXT(2) 
PARAMETRIC_REPRESENTATION_CONTEXT() REPRESENTATION_CONTEXT('2D SPACE',''
  ) );
#6044 = ADVANCED_FACE('',(#6045),#6033,.T.);
#6045 = FACE_BOUND('',#6046,.T.);
#6046 = EDGE_LOOP('',(#6047,#6075,#6101));
#6047 = ORIENTED_EDGE('',*,*,#6048,.T.);
#6048 = EDGE_CURVE('',#5938,#6049,#6051,.T.);
#6049 = VERTEX_POINT('',#6050);
#6050 = CARTESIAN_POINT('',(-13.54048553394,26.752240569956,
    9.329864118801));
#6051 = SURFACE_CURVE('',#6052,(#6056,#6063),.PCURVE_S1.);
#6052 = LINE('',#6053,#6054);
#6053 = CARTESIAN_POINT('',(-15.7176831639,25.596818619759,
    12.946755283582));
#6054 = VECTOR('',#6055,1.);
#6055 = DIRECTION('',(0.497431256028,0.263982921908,-0.826362609553));
#6056 = PCURVE('',#6033,#6057);
#6057 = DEFINITIONAL_REPRESENTATION('',(#6058),#6062);
#6058 = LINE('',#6059,#6060);
#6059 = CARTESIAN_POINT('',(-0.,0.));
#6060 = VECTOR('',#6061,1.);
#6061 = DIRECTION('',(-0.56305858514,0.826416982945));
#6062 = ( GEOMETRIC_REPRESENTATION_CONTEXT(2) 
PARAMETRIC_REPRESENTATION_CONTEXT() REPRESENTATION_CONTEXT('2D SPACE',''
  ) );
#6063 = PCURVE('',#6064,#6069);
#6064 = PLANE('',#6065);
#6065 = AXIS2_PLACEMENT_3D('',#6066,#6067,#6068);
#6066 = CARTESIAN_POINT('',(-15.7176831639,25.596818619759,
    12.946755283582));
#6067 = DIRECTION('',(0.478677777932,-0.877957092101,7.676545082982E-03)
  );
#6068 = DIRECTION('',(-0.877982961962,-0.478691882639,4.815895934694E-20
    ));
#6069 = DEFINITIONAL_REPRESENTATION('',(#6070),#6074);
#6070 = LINE('',#6071,#6072);
#6071 = CARTESIAN_POINT('',(0.,0.));
#6072 = VECTOR('',#6073,1.);
#6073 = DIRECTION('',(-0.563102649412,0.826386959133));
#6074 = ( GEOMETRIC_REPRESENTATION_CONTEXT(2) 
PARAMETRIC_REPRESENTATION_CONTEXT() REPRESENTATION_CONTEXT('2D SPACE',''
  ) );
#6075 = ORIENTED_EDGE('',*,*,#6076,.F.);
#6076 = EDGE_CURVE('',#5991,#6049,#6077,.T.);
#6077 = SURFACE_CURVE('',#6078,(#6082,#6089),.PCURVE_S1.);
#6078 = LINE('',#6079,#6080);
#6079 = CARTESIAN_POINT('',(-13.56336585515,26.785794303705,
    12.854522262656));
#6080 = VECTOR('',#6081,1.);
#6081 = DIRECTION('',(6.491069936669E-03,-9.519081065106E-03,
    -0.999933624351));
#6082 = PCURVE('',#6033,#6083);
#6083 = DEFINITIONAL_REPRESENTATION('',(#6084),#6088);
#6084 = LINE('',#6085,#6086);
#6085 = CARTESIAN_POINT('',(-2.460639169869,9.223908971772E-02));
#6086 = VECTOR('',#6087,1.);
#6087 = DIRECTION('',(-1.078472314568E-03,0.999999418449));
#6088 = ( GEOMETRIC_REPRESENTATION_CONTEXT(2) 
PARAMETRIC_REPRESENTATION_CONTEXT() REPRESENTATION_CONTEXT('2D SPACE',''
  ) );
#6089 = PCURVE('',#6090,#6095);
#6090 = PLANE('',#6091);
#6091 = AXIS2_PLACEMENT_3D('',#6092,#6093,#6094);
#6092 = CARTESIAN_POINT('',(-13.56336585515,26.785794303705,
    12.854522262656));
#6093 = DIRECTION('',(0.422450365208,-0.906314739837,1.137019304829E-02)
  );
#6094 = DIRECTION('',(-0.906373330287,-0.42247767532,2.26215330187E-19)
  );
#6095 = DEFINITIONAL_REPRESENTATION('',(#6096),#6100);
#6096 = LINE('',#6097,#6098);
#6097 = CARTESIAN_POINT('',(0.,0.));
#6098 = VECTOR('',#6099,1.);
#6099 = DIRECTION('',(-1.861733436054E-03,0.999998266973));
#6100 = ( GEOMETRIC_REPRESENTATION_CONTEXT(2) 
PARAMETRIC_REPRESENTATION_CONTEXT() REPRESENTATION_CONTEXT('2D SPACE',''
  ) );
#6101 = ORIENTED_EDGE('',*,*,#6019,.F.);
#6102 = ADVANCED_FACE('',(#6103),#6064,.T.);
#6103 = FACE_BOUND('',#6104,.T.);
#6104 = EDGE_LOOP('',(#6105,#6133,#6159));
#6105 = ORIENTED_EDGE('',*,*,#6106,.T.);
#6106 = EDGE_CURVE('',#5938,#6107,#6109,.T.);
#6107 = VERTEX_POINT('',#6108);
#6108 = CARTESIAN_POINT('',(-15.69484942442,25.577976800392,
    9.368021319228));
#6109 = SURFACE_CURVE('',#6110,(#6114,#6121),.PCURVE_S1.);
#6110 = LINE('',#6111,#6112);
#6111 = CARTESIAN_POINT('',(-15.7176831639,25.596818619759,
    12.946755283582));
#6112 = VECTOR('',#6113,1.);
#6113 = DIRECTION('',(6.380177599988E-03,-5.264759807004E-03,
    -0.999965787234));
#6114 = PCURVE('',#6064,#6115);
#6115 = DEFINITIONAL_REPRESENTATION('',(#6116),#6120);
#6116 = LINE('',#6117,#6118);
#6117 = CARTESIAN_POINT('',(0.,0.));
#6118 = VECTOR('',#6119,1.);
#6119 = DIRECTION('',(-3.081489443422E-03,0.9999952522));
#6120 = ( GEOMETRIC_REPRESENTATION_CONTEXT(2) 
PARAMETRIC_REPRESENTATION_CONTEXT() REPRESENTATION_CONTEXT('2D SPACE',''
  ) );
#6121 = PCURVE('',#6122,#6127);
#6122 = PLANE('',#6123);
#6123 = AXIS2_PLACEMENT_3D('',#6124,#6125,#6126);
#6124 = CARTESIAN_POINT('',(-15.7176831639,25.596818619759,
    12.946755283582));
#6125 = DIRECTION('',(0.55569603898,-0.831347788446,7.922556895142E-03)
  );
#6126 = DIRECTION('',(-0.831373880239,-0.555713479462,4.237591361583E-19
    ));
#6127 = DEFINITIONAL_REPRESENTATION('',(#6128),#6132);
#6128 = LINE('',#6129,#6130);
#6129 = CARTESIAN_POINT('',(0.,0.));
#6130 = VECTOR('',#6131,1.);
#6131 = DIRECTION('',(-2.378615017037E-03,0.999997171091));
#6132 = ( GEOMETRIC_REPRESENTATION_CONTEXT(2) 
PARAMETRIC_REPRESENTATION_CONTEXT() REPRESENTATION_CONTEXT('2D SPACE',''
  ) );
#6133 = ORIENTED_EDGE('',*,*,#6134,.T.);
#6134 = EDGE_CURVE('',#6107,#6049,#6135,.T.);
#6135 = SURFACE_CURVE('',#6136,(#6140,#6147),.PCURVE_S1.);
#6136 = LINE('',#6137,#6138);
#6137 = CARTESIAN_POINT('',(-15.69484942442,25.577976800392,
    9.368021319228));
#6138 = VECTOR('',#6139,1.);
#6139 = DIRECTION('',(0.877933947286,0.478529198768,-1.554960224499E-02)
  );
#6140 = PCURVE('',#6064,#6141);
#6141 = DEFINITIONAL_REPRESENTATION('',(#6142),#6146);
#6142 = LINE('',#6143,#6144);
#6143 = CARTESIAN_POINT('',(-1.102820823748E-02,3.578839415238));
#6144 = VECTOR('',#6145,1.);
#6145 = DIRECTION('',(-0.999879090501,1.555006042917E-02));
#6146 = ( GEOMETRIC_REPRESENTATION_CONTEXT(2) 
PARAMETRIC_REPRESENTATION_CONTEXT() REPRESENTATION_CONTEXT('2D SPACE',''
  ) );
#6147 = PCURVE('',#6148,#6153);
#6148 = PLANE('',#6149);
#6149 = AXIS2_PLACEMENT_3D('',#6150,#6151,#6152);
#6150 = CARTESIAN_POINT('',(29.080058091093,-7.27333234096,
    9.393607542322));
#6151 = DIRECTION('',(9.917078778978E-03,1.429527917485E-02,
    0.999848636815));
#6152 = DIRECTION('',(1.77248866075E-20,0.999897807225,
    -1.429598218599E-02));
#6153 = DEFINITIONAL_REPRESENTATION('',(#6154),#6158);
#6154 = LINE('',#6155,#6156);
#6155 = CARTESIAN_POINT('',(32.848317755097,44.777109449349));
#6156 = VECTOR('',#6157,1.);
#6157 = DIRECTION('',(0.478702593378,-0.877977122193));
#6158 = ( GEOMETRIC_REPRESENTATION_CONTEXT(2) 
PARAMETRIC_REPRESENTATION_CONTEXT() REPRESENTATION_CONTEXT('2D SPACE',''
  ) );
#6159 = ORIENTED_EDGE('',*,*,#6048,.F.);
#6160 = ADVANCED_FACE('',(#6161),#6122,.T.);
#6161 = FACE_BOUND('',#6162,.T.);
#6162 = EDGE_LOOP('',(#6163,#6184,#6210));
#6163 = ORIENTED_EDGE('',*,*,#6164,.F.);
#6164 = EDGE_CURVE('',#5776,#5938,#6165,.T.);
#6165 = SURFACE_CURVE('',#6166,(#6170,#6177),.PCURVE_S1.);
#6166 = LINE('',#6167,#6168);
#6167 = CARTESIAN_POINT('',(-17.74682106677,24.205832293995,
    9.310364797796));
#6168 = VECTOR('',#6169,1.);
#6169 = DIRECTION('',(0.46217648271,0.316824778952,0.828260199618));
#6170 = PCURVE('',#6122,#6171);
#6171 = DEFINITIONAL_REPRESENTATION('',(#6172),#6176);
#6172 = LINE('',#6173,#6174);
#6173 = CARTESIAN_POINT('',(2.45996210282,3.636504613653));
#6174 = VECTOR('',#6175,1.);
#6175 = DIRECTION('',(-0.560305256077,-0.828286194508));
#6176 = ( GEOMETRIC_REPRESENTATION_CONTEXT(2) 
PARAMETRIC_REPRESENTATION_CONTEXT() REPRESENTATION_CONTEXT('2D SPACE',''
  ) );
#6177 = PCURVE('',#5817,#6178);
#6178 = DEFINITIONAL_REPRESENTATION('',(#6179),#6183);
#6179 = LINE('',#6180,#6181);
#6180 = CARTESIAN_POINT('',(3.44254809088E-02,3.618493576515));
#6181 = VECTOR('',#6182,1.);
#6182 = DIRECTION('',(-0.560313303612,-0.828280750588));
#6183 = ( GEOMETRIC_REPRESENTATION_CONTEXT(2) 
PARAMETRIC_REPRESENTATION_CONTEXT() REPRESENTATION_CONTEXT('2D SPACE',''
  ) );
#6184 = ORIENTED_EDGE('',*,*,#6185,.T.);
#6185 = EDGE_CURVE('',#5776,#6107,#6186,.T.);
#6186 = SURFACE_CURVE('',#6187,(#6191,#6198),.PCURVE_S1.);
#6187 = LINE('',#6188,#6189);
#6188 = CARTESIAN_POINT('',(-17.74682106677,24.205832293995,
    9.310364797796));
#6189 = VECTOR('',#6190,1.);
#6190 = DIRECTION('',(0.831044369171,0.555715752693,2.335077468595E-02)
  );
#6191 = PCURVE('',#6122,#6192);
#6192 = DEFINITIONAL_REPRESENTATION('',(#6193),#6197);
#6193 = LINE('',#6194,#6195);
#6194 = CARTESIAN_POINT('',(2.45996210282,3.636504613653));
#6195 = VECTOR('',#6196,1.);
#6196 = DIRECTION('',(-0.999727316369,-2.335150754841E-02));
#6197 = ( GEOMETRIC_REPRESENTATION_CONTEXT(2) 
PARAMETRIC_REPRESENTATION_CONTEXT() REPRESENTATION_CONTEXT('2D SPACE',''
  ) );
#6198 = PCURVE('',#6199,#6204);
#6199 = PLANE('',#6200);
#6200 = AXIS2_PLACEMENT_3D('',#6201,#6202,#6203);
#6201 = CARTESIAN_POINT('',(-15.69484942442,25.577976800392,
    9.368021319228));
#6202 = DIRECTION('',(-1.626988632018E-02,-1.76763707838E-02,
    0.999711376706));
#6203 = DIRECTION('',(2.674359645767E-20,0.99984371938,
    1.767871079737E-02));
#6204 = DEFINITIONAL_REPRESENTATION('',(#6205),#6209);
#6205 = LINE('',#6206,#6207);
#6206 = CARTESIAN_POINT('',(-1.372949359772,2.052243284164));
#6207 = VECTOR('',#6208,1.);
#6208 = DIRECTION('',(0.556041716683,-0.831154383558));
#6209 = ( GEOMETRIC_REPRESENTATION_CONTEXT(2) 
PARAMETRIC_REPRESENTATION_CONTEXT() REPRESENTATION_CONTEXT('2D SPACE',''
  ) );
#6210 = ORIENTED_EDGE('',*,*,#6106,.F.);
#6211 = ADVANCED_FACE('',(#6212),#6090,.T.);
#6212 = FACE_BOUND('',#6213,.T.);
#6213 = EDGE_LOOP('',(#6214,#6215,#6243));
#6214 = ORIENTED_EDGE('',*,*,#6076,.T.);
#6215 = ORIENTED_EDGE('',*,*,#6216,.T.);
#6216 = EDGE_CURVE('',#6049,#6217,#6219,.T.);
#6217 = VERTEX_POINT('',#6218);
#6218 = CARTESIAN_POINT('',(-11.35959143777,27.768157978537,
    9.27897795101));
#6219 = SURFACE_CURVE('',#6220,(#6224,#6231),.PCURVE_S1.);
#6220 = LINE('',#6221,#6222);
#6221 = CARTESIAN_POINT('',(-13.54048553394,26.752240569956,
    9.329864118801));
#6222 = VECTOR('',#6223,1.);
#6223 = DIRECTION('',(0.906272225179,0.422165263363,-2.114578630687E-02)
  );
#6224 = PCURVE('',#6090,#6225);
#6225 = DEFINITIONAL_REPRESENTATION('',(#6226),#6230);
#6226 = LINE('',#6227,#6228);
#6227 = CARTESIAN_POINT('',(-6.562409501266E-03,3.524886002124));
#6228 = VECTOR('',#6229,1.);
#6229 = DIRECTION('',(-0.999776373949,2.114715331668E-02));
#6230 = ( GEOMETRIC_REPRESENTATION_CONTEXT(2) 
PARAMETRIC_REPRESENTATION_CONTEXT() REPRESENTATION_CONTEXT('2D SPACE',''
  ) );
#6231 = PCURVE('',#6232,#6237);
#6232 = PLANE('',#6233);
#6233 = AXIS2_PLACEMENT_3D('',#6234,#6235,#6236);
#6234 = CARTESIAN_POINT('',(30.025278634079,2.791513046801E-02,
    9.352934985586));
#6235 = DIRECTION('',(1.302898915985E-02,2.210275212899E-02,
    0.999670802709));
#6236 = DIRECTION('',(6.302286221357E-20,0.999755662852,
    -2.210462838934E-02));
#6237 = DEFINITIONAL_REPRESENTATION('',(#6238),#6242);
#6238 = LINE('',#6239,#6240);
#6239 = CARTESIAN_POINT('',(26.718305666953,43.569462382401));
#6240 = VECTOR('',#6241,1.);
#6241 = DIRECTION('',(0.422529532454,-0.906349156895));
#6242 = ( GEOMETRIC_REPRESENTATION_CONTEXT(2) 
PARAMETRIC_REPRESENTATION_CONTEXT() REPRESENTATION_CONTEXT('2D SPACE',''
  ) );
#6243 = ORIENTED_EDGE('',*,*,#6244,.F.);
#6244 = EDGE_CURVE('',#5991,#6217,#6245,.T.);
#6245 = SURFACE_CURVE('',#6246,(#6250,#6257),.PCURVE_S1.);
#6246 = LINE('',#6247,#6248);
#6247 = CARTESIAN_POINT('',(-13.56336585515,26.785794303705,
    12.854522262656));
#6248 = VECTOR('',#6249,1.);
#6249 = DIRECTION('',(0.510903127108,0.227742308592,-0.828921851316));
#6250 = PCURVE('',#6090,#6251);
#6251 = DEFINITIONAL_REPRESENTATION('',(#6252),#6256);
#6252 = LINE('',#6253,#6254);
#6253 = CARTESIAN_POINT('',(0.,0.));
#6254 = VECTOR('',#6255,1.);
#6255 = DIRECTION('',(-0.559285009877,0.828975438555));
#6256 = ( GEOMETRIC_REPRESENTATION_CONTEXT(2) 
PARAMETRIC_REPRESENTATION_CONTEXT() REPRESENTATION_CONTEXT('2D SPACE',''
  ) );
#6257 = PCURVE('',#6258,#6263);
#6258 = PLANE('',#6259);
#6259 = AXIS2_PLACEMENT_3D('',#6260,#6261,#6262);
#6260 = CARTESIAN_POINT('',(-13.56336585515,26.785794303705,
    12.854522262656));
#6261 = DIRECTION('',(0.39870652725,-0.917057506057,-6.215763238256E-03)
  );
#6262 = DIRECTION('',(-0.917075222156,-0.398714229628,8.17004923142E-20)
  );
#6263 = DEFINITIONAL_REPRESENTATION('',(#6264),#6268);
#6264 = LINE('',#6265,#6266);
#6265 = CARTESIAN_POINT('',(0.,0.));
#6266 = VECTOR('',#6267,1.);
#6267 = DIRECTION('',(-0.559340697916,0.828937864773));
#6268 = ( GEOMETRIC_REPRESENTATION_CONTEXT(2) 
PARAMETRIC_REPRESENTATION_CONTEXT() REPRESENTATION_CONTEXT('2D SPACE',''
  ) );
#6269 = ADVANCED_FACE('',(#6270),#6258,.T.);
#6270 = FACE_BOUND('',#6271,.T.);
#6271 = EDGE_LOOP('',(#6272,#6273,#6301));
#6272 = ORIENTED_EDGE('',*,*,#6244,.T.);
#6273 = ORIENTED_EDGE('',*,*,#6274,.T.);
#6274 = EDGE_CURVE('',#6217,#6275,#6277,.T.);
#6275 = VERTEX_POINT('',#6276);
#6276 = CARTESIAN_POINT('',(-11.32417636687,27.758485245628,
    12.97774693044));
#6277 = SURFACE_CURVE('',#6278,(#6282,#6289),.PCURVE_S1.);
#6278 = LINE('',#6279,#6280);
#6279 = CARTESIAN_POINT('',(-11.35959143777,27.768157978537,
    9.27897795101));
#6280 = VECTOR('',#6281,1.);
#6281 = DIRECTION('',(9.574354804931E-03,-2.614993403934E-03,
    0.999950745557));
#6282 = PCURVE('',#6258,#6283);
#6283 = DEFINITIONAL_REPRESENTATION('',(#6284),#6288);
#6284 = LINE('',#6285,#6286);
#6285 = CARTESIAN_POINT('',(-2.41270928922,3.575613385499));
#6286 = VECTOR('',#6287,1.);
#6287 = DIRECTION('',(-7.737768479197E-03,-0.999970063021));
#6288 = ( GEOMETRIC_REPRESENTATION_CONTEXT(2) 
PARAMETRIC_REPRESENTATION_CONTEXT() REPRESENTATION_CONTEXT('2D SPACE',''
  ) );
#6289 = PCURVE('',#6290,#6295);
#6290 = PLANE('',#6291);
#6291 = AXIS2_PLACEMENT_3D('',#6292,#6293,#6294);
#6292 = CARTESIAN_POINT('',(-11.32417636687,27.758485245628,
    12.97774693044));
#6293 = DIRECTION('',(0.344677927296,-0.9387033641,-5.755055336777E-03)
  );
#6294 = DIRECTION('',(-0.938718909725,-0.344683635418,-1.58855519849E-19
    ));
#6295 = DEFINITIONAL_REPRESENTATION('',(#6296),#6300);
#6296 = LINE('',#6297,#6298);
#6297 = CARTESIAN_POINT('',(2.991076399972E-02,3.698830233791));
#6298 = VECTOR('',#6299,1.);
#6299 = DIRECTION('',(-8.086282470741E-03,-0.999967305483));
#6300 = ( GEOMETRIC_REPRESENTATION_CONTEXT(2) 
PARAMETRIC_REPRESENTATION_CONTEXT() REPRESENTATION_CONTEXT('2D SPACE',''
  ) );
#6301 = ORIENTED_EDGE('',*,*,#6302,.F.);
#6302 = EDGE_CURVE('',#5991,#6275,#6303,.T.);
#6303 = SURFACE_CURVE('',#6304,(#6308,#6315),.PCURVE_S1.);
#6304 = LINE('',#6305,#6306);
#6305 = CARTESIAN_POINT('',(-13.56336585515,26.785794303705,
    12.854522262656));
#6306 = VECTOR('',#6307,1.);
#6307 = DIRECTION('',(0.916034139905,0.397919923724,5.04102056392E-02));
#6308 = PCURVE('',#6258,#6309);
#6309 = DEFINITIONAL_REPRESENTATION('',(#6310),#6314);
#6310 = LINE('',#6311,#6312);
#6311 = CARTESIAN_POINT('',(0.,0.));
#6312 = VECTOR('',#6313,1.);
#6313 = DIRECTION('',(-0.998728548197,-5.041117948453E-02));
#6314 = ( GEOMETRIC_REPRESENTATION_CONTEXT(2) 
PARAMETRIC_REPRESENTATION_CONTEXT() REPRESENTATION_CONTEXT('2D SPACE',''
  ) );
#6315 = PCURVE('',#6006,#6316);
#6316 = DEFINITIONAL_REPRESENTATION('',(#6317),#6321);
#6317 = LINE('',#6318,#6319);
#6318 = CARTESIAN_POINT('',(-0.977685283859,2.240404659291));
#6319 = VECTOR('',#6320,1.);
#6320 = DIRECTION('',(0.399963068238,-0.916531256448));
#6321 = ( GEOMETRIC_REPRESENTATION_CONTEXT(2) 
PARAMETRIC_REPRESENTATION_CONTEXT() REPRESENTATION_CONTEXT('2D SPACE',''
  ) );
#6322 = ADVANCED_FACE('',(#6323),#6290,.T.);
#6323 = FACE_BOUND('',#6324,.T.);
#6324 = EDGE_LOOP('',(#6325,#6326,#6354));
#6325 = ORIENTED_EDGE('',*,*,#6274,.F.);
#6326 = ORIENTED_EDGE('',*,*,#6327,.T.);
#6327 = EDGE_CURVE('',#6217,#6328,#6330,.T.);
#6328 = VERTEX_POINT('',#6329);
#6329 = CARTESIAN_POINT('',(-9.017856672099,28.627794661005,
    9.313806386534));
#6330 = SURFACE_CURVE('',#6331,(#6335,#6342),.PCURVE_S1.);
#6331 = LINE('',#6332,#6333);
#6332 = CARTESIAN_POINT('',(-11.35959143777,27.768157978537,
    9.27897795101));
#6333 = VECTOR('',#6334,1.);
#6334 = DIRECTION('',(0.938655119214,0.344574622408,1.396054317422E-02)
  );
#6335 = PCURVE('',#6290,#6336);
#6336 = DEFINITIONAL_REPRESENTATION('',(#6337),#6341);
#6337 = LINE('',#6338,#6339);
#6338 = CARTESIAN_POINT('',(2.991076399972E-02,3.698830233791));
#6339 = VECTOR('',#6340,1.);
#6340 = DIRECTION('',(-0.999902543641,-1.396077437118E-02));
#6341 = ( GEOMETRIC_REPRESENTATION_CONTEXT(2) 
PARAMETRIC_REPRESENTATION_CONTEXT() REPRESENTATION_CONTEXT('2D SPACE',''
  ) );
#6342 = PCURVE('',#6343,#6348);
#6343 = PLANE('',#6344);
#6344 = AXIS2_PLACEMENT_3D('',#6345,#6346,#6347);
#6345 = CARTESIAN_POINT('',(-6.699516792193,29.207140083068,
    9.370202402607));
#6346 = DIRECTION('',(-4.429514044695E-02,8.031981099942E-02,
    0.995784448811));
#6347 = DIRECTION('',(-3.651615210189E-19,0.996762782861,
    -8.039872326413E-02));
#6348 = DEFINITIONAL_REPRESENTATION('',(#6349),#6353);
#6349 = LINE('',#6350,#6351);
#6350 = CARTESIAN_POINT('',(-1.426989477561,4.664653055812));
#6351 = VECTOR('',#6352,1.);
#6352 = DIRECTION('',(0.342336749687,-0.939577325085));
#6353 = ( GEOMETRIC_REPRESENTATION_CONTEXT(2) 
PARAMETRIC_REPRESENTATION_CONTEXT() REPRESENTATION_CONTEXT('2D SPACE',''
  ) );
#6354 = ORIENTED_EDGE('',*,*,#6355,.F.);
#6355 = EDGE_CURVE('',#6275,#6328,#6356,.T.);
#6356 = SURFACE_CURVE('',#6357,(#6361,#6368),.PCURVE_S1.);
#6357 = LINE('',#6358,#6359);
#6358 = CARTESIAN_POINT('',(-11.32417636687,27.758485245628,
    12.97774693044));
#6359 = VECTOR('',#6360,1.);
#6360 = DIRECTION('',(0.522288344988,0.196863503732,-0.829734683853));
#6361 = PCURVE('',#6290,#6362);
#6362 = DEFINITIONAL_REPRESENTATION('',(#6363),#6367);
#6363 = LINE('',#6364,#6365);
#6364 = CARTESIAN_POINT('',(-0.,0.));
#6365 = VECTOR('',#6366,1.);
#6366 = DIRECTION('',(-0.558137573917,0.829748424875));
#6367 = ( GEOMETRIC_REPRESENTATION_CONTEXT(2) 
PARAMETRIC_REPRESENTATION_CONTEXT() REPRESENTATION_CONTEXT('2D SPACE',''
  ) );
#6368 = PCURVE('',#6369,#6374);
#6369 = PLANE('',#6370);
#6370 = AXIS2_PLACEMENT_3D('',#6371,#6372,#6373);
#6371 = CARTESIAN_POINT('',(-11.32417636687,27.758485245628,
    12.97774693044));
#6372 = DIRECTION('',(0.351757850429,-0.936090783054,-6.786335883123E-04
    ));
#6373 = DIRECTION('',(-0.936090998609,-0.351757931429,7.880976334397E-21
    ));
#6374 = DEFINITIONAL_REPRESENTATION('',(#6375),#6379);
#6375 = LINE('',#6376,#6377);
#6376 = CARTESIAN_POINT('',(0.,0.));
#6377 = VECTOR('',#6378,1.);
#6378 = DIRECTION('',(-0.558157717268,0.829734874917));
#6379 = ( GEOMETRIC_REPRESENTATION_CONTEXT(2) 
PARAMETRIC_REPRESENTATION_CONTEXT() REPRESENTATION_CONTEXT('2D SPACE',''
  ) );
#6380 = ADVANCED_FACE('',(#6381),#6369,.T.);
#6381 = FACE_BOUND('',#6382,.T.);
#6382 = EDGE_LOOP('',(#6383,#6384,#6412));
#6383 = ORIENTED_EDGE('',*,*,#6355,.T.);
#6384 = ORIENTED_EDGE('',*,*,#6385,.F.);
#6385 = EDGE_CURVE('',#6386,#6328,#6388,.T.);
#6386 = VERTEX_POINT('',#6387);
#6387 = CARTESIAN_POINT('',(-9.019892055588,28.624390576459,
    12.954312971954));
#6388 = SURFACE_CURVE('',#6389,(#6393,#6400),.PCURVE_S1.);
#6389 = LINE('',#6390,#6391);
#6390 = CARTESIAN_POINT('',(-9.019892055588,28.624390576459,
    12.954312971954));
#6391 = VECTOR('',#6392,1.);
#6392 = DIRECTION('',(5.590931464145E-04,9.350573734828E-04,
    -0.999999406541));
#6393 = PCURVE('',#6369,#6394);
#6394 = DEFINITIONAL_REPRESENTATION('',(#6395),#6399);
#6395 = LINE('',#6396,#6397);
#6396 = CARTESIAN_POINT('',(-2.461608870022,2.343396388243E-02));
#6397 = VECTOR('',#6398,1.);
#6398 = DIRECTION('',(-8.522759092064E-04,0.999999636813));
#6399 = ( GEOMETRIC_REPRESENTATION_CONTEXT(2) 
PARAMETRIC_REPRESENTATION_CONTEXT() REPRESENTATION_CONTEXT('2D SPACE',''
  ) );
#6400 = PCURVE('',#6401,#6406);
#6401 = PLANE('',#6402);
#6402 = AXIS2_PLACEMENT_3D('',#6403,#6404,#6405);
#6403 = CARTESIAN_POINT('',(-9.019892055588,28.624390576459,
    12.954312971954));
#6404 = DIRECTION('',(0.274185702422,-0.961676475837,-7.459277752448E-04
    ));
#6405 = DIRECTION('',(-0.96167674338,-0.274185778702,-1.044697393934E-20
    ));
#6406 = DEFINITIONAL_REPRESENTATION('',(#6407),#6411);
#6407 = LINE('',#6408,#6409);
#6408 = CARTESIAN_POINT('',(-0.,0.));
#6409 = VECTOR('',#6410,1.);
#6410 = DIRECTION('',(-7.940463103693E-04,0.999999684745));
#6411 = ( GEOMETRIC_REPRESENTATION_CONTEXT(2) 
PARAMETRIC_REPRESENTATION_CONTEXT() REPRESENTATION_CONTEXT('2D SPACE',''
  ) );
#6412 = ORIENTED_EDGE('',*,*,#6413,.F.);
#6413 = EDGE_CURVE('',#6275,#6386,#6414,.T.);
#6414 = SURFACE_CURVE('',#6415,(#6419,#6426),.PCURVE_S1.);
#6415 = LINE('',#6416,#6417);
#6416 = CARTESIAN_POINT('',(-11.32417636687,27.758485245628,
    12.97774693044));
#6417 = VECTOR('',#6418,1.);
#6418 = DIRECTION('',(0.936046311934,0.351748040568,-9.519341995941E-03)
  );
#6419 = PCURVE('',#6369,#6420);
#6420 = DEFINITIONAL_REPRESENTATION('',(#6421),#6425);
#6421 = LINE('',#6422,#6423);
#6422 = CARTESIAN_POINT('',(0.,0.));
#6423 = VECTOR('',#6424,1.);
#6424 = DIRECTION('',(-0.999954690017,9.519344187978E-03));
#6425 = ( GEOMETRIC_REPRESENTATION_CONTEXT(2) 
PARAMETRIC_REPRESENTATION_CONTEXT() REPRESENTATION_CONTEXT('2D SPACE',''
  ) );
#6426 = PCURVE('',#6427,#6432);
#6427 = PLANE('',#6428);
#6428 = AXIS2_PLACEMENT_3D('',#6429,#6430,#6431);
#6429 = CARTESIAN_POINT('',(-9.019892055588,28.624390576459,
    12.954312971954));
#6430 = DIRECTION('',(5.643440449341E-03,1.204264982226E-02,
    0.999911559172));
#6431 = DIRECTION('',(-6.689399316838E-21,0.999927482354,
    -1.204284159652E-02));
#6432 = DEFINITIONAL_REPRESENTATION('',(#6433),#6437);
#6433 = LINE('',#6434,#6435);
#6434 = CARTESIAN_POINT('',(-0.866124748865,2.304321006074));
#6435 = VECTOR('',#6436,1.);
#6436 = DIRECTION('',(0.351837172556,-0.936061218088));
#6437 = ( GEOMETRIC_REPRESENTATION_CONTEXT(2) 
PARAMETRIC_REPRESENTATION_CONTEXT() REPRESENTATION_CONTEXT('2D SPACE',''
  ) );
#6438 = ADVANCED_FACE('',(#6439),#6006,.T.);
#6439 = FACE_BOUND('',#6440,.T.);
#6440 = EDGE_LOOP('',(#6441,#6462,#6463));
#6441 = ORIENTED_EDGE('',*,*,#6442,.F.);
#6442 = EDGE_CURVE('',#4486,#6275,#6443,.T.);
#6443 = SURFACE_CURVE('',#6444,(#6448,#6455),.PCURVE_S1.);
#6444 = LINE('',#6445,#6446);
#6445 = CARTESIAN_POINT('',(-50.56047006568,51.90538815399,
    12.908375786124));
#6446 = VECTOR('',#6447,1.);
#6447 = DIRECTION('',(0.851642901801,-0.524120311165,1.505734540085E-03)
  );
#6448 = PCURVE('',#6006,#6449);
#6449 = DEFINITIONAL_REPRESENTATION('',(#6450),#6454);
#6450 = LINE('',#6451,#6452);
#6451 = CARTESIAN_POINT('',(24.112369671249,39.257586584984));
#6452 = VECTOR('',#6453,1.);
#6453 = DIRECTION('',(-0.523370750401,-0.852105074286));
#6454 = ( GEOMETRIC_REPRESENTATION_CONTEXT(2) 
PARAMETRIC_REPRESENTATION_CONTEXT() REPRESENTATION_CONTEXT('2D SPACE',''
  ) );
#6455 = PCURVE('',#6427,#6456);
#6456 = DEFINITIONAL_REPRESENTATION('',(#6457),#6461);
#6457 = LINE('',#6458,#6459);
#6458 = CARTESIAN_POINT('',(23.279862508636,41.541239526788));
#6459 = VECTOR('',#6460,1.);
#6460 = DIRECTION('',(-0.524100436516,-0.851656463865));
#6461 = ( GEOMETRIC_REPRESENTATION_CONTEXT(2) 
PARAMETRIC_REPRESENTATION_CONTEXT() REPRESENTATION_CONTEXT('2D SPACE',''
  ) );
#6462 = ORIENTED_EDGE('',*,*,#5990,.T.);
#6463 = ORIENTED_EDGE('',*,*,#6302,.T.);
#6464 = ADVANCED_FACE('',(#6465),#6427,.T.);
#6465 = FACE_BOUND('',#6466,.T.);
#6466 = EDGE_LOOP('',(#6467,#6493,#6494));
#6467 = ORIENTED_EDGE('',*,*,#6468,.F.);
#6468 = EDGE_CURVE('',#4486,#6386,#6469,.T.);
#6469 = SURFACE_CURVE('',#6470,(#6474,#6481),.PCURVE_S1.);
#6470 = LINE('',#6471,#6472);
#6471 = CARTESIAN_POINT('',(-50.56047006568,51.90538815399,
    12.908375786124));
#6472 = VECTOR('',#6473,1.);
#6473 = DIRECTION('',(0.872341966018,-0.488895248225,9.646696536337E-04)
  );
#6474 = PCURVE('',#6427,#6475);
#6475 = DEFINITIONAL_REPRESENTATION('',(#6476),#6480);
#6476 = LINE('',#6477,#6478);
#6477 = CARTESIAN_POINT('',(23.279862508636,41.541239526788));
#6478 = VECTOR('',#6479,1.);
#6479 = DIRECTION('',(-0.488871412056,-0.872355857706));
#6480 = ( GEOMETRIC_REPRESENTATION_CONTEXT(2) 
PARAMETRIC_REPRESENTATION_CONTEXT() REPRESENTATION_CONTEXT('2D SPACE',''
  ) );
#6481 = PCURVE('',#6482,#6487);
#6482 = PLANE('',#6483);
#6483 = AXIS2_PLACEMENT_3D('',#6484,#6485,#6486);
#6484 = CARTESIAN_POINT('',(-6.693532223284,29.287711471182,
    12.893320902497));
#6485 = DIRECTION('',(1.699277547308E-02,3.229227203714E-02,0.9993340056
    ));
#6486 = DIRECTION('',(-4.805388140724E-21,0.999478317909,
    -3.229693531518E-02));
#6487 = DEFINITIONAL_REPRESENTATION('',(#6488),#6492);
#6488 = LINE('',#6489,#6490);
#6489 = CARTESIAN_POINT('',(22.605391219329,43.873272600385));
#6490 = VECTOR('',#6491,1.);
#6491 = DIRECTION('',(-0.488671356202,-0.872467939599));
#6492 = ( GEOMETRIC_REPRESENTATION_CONTEXT(2) 
PARAMETRIC_REPRESENTATION_CONTEXT() REPRESENTATION_CONTEXT('2D SPACE',''
  ) );
#6493 = ORIENTED_EDGE('',*,*,#6442,.T.);
#6494 = ORIENTED_EDGE('',*,*,#6413,.T.);
#6495 = ADVANCED_FACE('',(#6496),#6482,.T.);
#6496 = FACE_BOUND('',#6497,.T.);
#6497 = EDGE_LOOP('',(#6498,#6526,#6527));
#6498 = ORIENTED_EDGE('',*,*,#6499,.F.);
#6499 = EDGE_CURVE('',#4486,#6500,#6502,.T.);
#6500 = VERTEX_POINT('',#6501);
#6501 = CARTESIAN_POINT('',(-6.693532223284,29.287711471182,
    12.893320902497));
#6502 = SURFACE_CURVE('',#6503,(#6507,#6514),.PCURVE_S1.);
#6503 = LINE('',#6504,#6505);
#6504 = CARTESIAN_POINT('',(-50.56047006568,51.90538815399,
    12.908375786124));
#6505 = VECTOR('',#6506,1.);
#6506 = DIRECTION('',(0.888813138057,-0.458269694143,-3.050356149124E-04
    ));
#6507 = PCURVE('',#6482,#6508);
#6508 = DEFINITIONAL_REPRESENTATION('',(#6509),#6513);
#6509 = LINE('',#6510,#6511);
#6510 = CARTESIAN_POINT('',(22.605391219329,43.873272600385));
#6511 = VECTOR('',#6512,1.);
#6512 = DIRECTION('',(-0.458020771335,-0.888941490215));
#6513 = ( GEOMETRIC_REPRESENTATION_CONTEXT(2) 
PARAMETRIC_REPRESENTATION_CONTEXT() REPRESENTATION_CONTEXT('2D SPACE',''
  ) );
#6514 = PCURVE('',#6515,#6520);
#6515 = PLANE('',#6516);
#6516 = AXIS2_PLACEMENT_3D('',#6517,#6518,#6519);
#6517 = CARTESIAN_POINT('',(-4.288515085724,29.718511981044,
    12.830263413814));
#6518 = DIRECTION('',(1.95300793823E-02,3.721351259305E-02,
    0.999116474932));
#6519 = DIRECTION('',(-3.45601560554E-20,0.999307072959,
    -3.722061168736E-02));
#6520 = DEFINITIONAL_REPRESENTATION('',(#6521),#6525);
#6521 = LINE('',#6522,#6523);
#6522 = CARTESIAN_POINT('',(22.16859489621,46.280782122297));
#6523 = VECTOR('',#6524,1.);
#6524 = DIRECTION('',(-0.457940793067,-0.888982693895));
#6525 = ( GEOMETRIC_REPRESENTATION_CONTEXT(2) 
PARAMETRIC_REPRESENTATION_CONTEXT() REPRESENTATION_CONTEXT('2D SPACE',''
  ) );
#6526 = ORIENTED_EDGE('',*,*,#6468,.T.);
#6527 = ORIENTED_EDGE('',*,*,#6528,.T.);
#6528 = EDGE_CURVE('',#6386,#6500,#6529,.T.);
#6529 = SURFACE_CURVE('',#6530,(#6534,#6541),.PCURVE_S1.);
#6530 = LINE('',#6531,#6532);
#6531 = CARTESIAN_POINT('',(-9.019892055588,28.624390576459,
    12.954312971954));
#6532 = VECTOR('',#6533,1.);
#6533 = DIRECTION('',(0.961366068931,0.274116751908,-2.520491681277E-02)
  );
#6534 = PCURVE('',#6482,#6535);
#6535 = DEFINITIONAL_REPRESENTATION('',(#6536),#6540);
#6536 = LINE('',#6537,#6538);
#6537 = CARTESIAN_POINT('',(-0.664944709013,2.326695778401));
#6538 = VECTOR('',#6539,1.);
#6539 = DIRECTION('',(0.274787791675,-0.961504898348));
#6540 = ( GEOMETRIC_REPRESENTATION_CONTEXT(2) 
PARAMETRIC_REPRESENTATION_CONTEXT() REPRESENTATION_CONTEXT('2D SPACE',''
  ) );
#6541 = PCURVE('',#6401,#6542);
#6542 = DEFINITIONAL_REPRESENTATION('',(#6543),#6547);
#6543 = LINE('',#6544,#6545);
#6544 = CARTESIAN_POINT('',(-0.,0.));
#6545 = VECTOR('',#6546,1.);
#6546 = DIRECTION('',(-0.999682305443,2.520492382489E-02));
#6547 = ( GEOMETRIC_REPRESENTATION_CONTEXT(2) 
PARAMETRIC_REPRESENTATION_CONTEXT() REPRESENTATION_CONTEXT('2D SPACE',''
  ) );
#6548 = ADVANCED_FACE('',(#6549),#6515,.T.);
#6549 = FACE_BOUND('',#6550,.T.);
#6550 = EDGE_LOOP('',(#6551,#6579,#6580));
#6551 = ORIENTED_EDGE('',*,*,#6552,.F.);
#6552 = EDGE_CURVE('',#4486,#6553,#6555,.T.);
#6553 = VERTEX_POINT('',#6554);
#6554 = CARTESIAN_POINT('',(-4.288515085724,29.718511981044,
    12.830263413814));
#6555 = SURFACE_CURVE('',#6556,(#6560,#6567),.PCURVE_S1.);
#6556 = LINE('',#6557,#6558);
#6557 = CARTESIAN_POINT('',(-50.56047006568,51.90538815399,
    12.908375786124));
#6558 = VECTOR('',#6559,1.);
#6559 = DIRECTION('',(0.901701820359,-0.432355768022,-1.522176193649E-03
    ));
#6560 = PCURVE('',#6515,#6561);
#6561 = DEFINITIONAL_REPRESENTATION('',(#6562),#6566);
#6562 = LINE('',#6563,#6564);
#6563 = CARTESIAN_POINT('',(22.16859489621,46.280782122297));
#6564 = VECTOR('',#6565,1.);
#6565 = DIRECTION('',(-0.431999520689,-0.901873834926));
#6566 = ( GEOMETRIC_REPRESENTATION_CONTEXT(2) 
PARAMETRIC_REPRESENTATION_CONTEXT() REPRESENTATION_CONTEXT('2D SPACE',''
  ) );
#6567 = PCURVE('',#6568,#6573);
#6568 = PLANE('',#6569);
#6569 = AXIS2_PLACEMENT_3D('',#6570,#6571,#6572);
#6570 = CARTESIAN_POINT('',(-1.832874634257,29.985217359478,
    12.909382327903));
#6571 = DIRECTION('',(-2.590554747842E-02,-5.754108912124E-02,
    0.998006976765));
#6572 = DIRECTION('',(-1.202133182116E-19,0.998342025351,
    5.756040668213E-02));
#6573 = DEFINITIONAL_REPRESENTATION('',(#6574),#6578);
#6574 = LINE('',#6575,#6576);
#6575 = CARTESIAN_POINT('',(21.883769770086,48.743954146667));
#6576 = VECTOR('',#6577,1.);
#6577 = DIRECTION('',(-0.4317265502,-0.902004537601));
#6578 = ( GEOMETRIC_REPRESENTATION_CONTEXT(2) 
PARAMETRIC_REPRESENTATION_CONTEXT() REPRESENTATION_CONTEXT('2D SPACE',''
  ) );
#6579 = ORIENTED_EDGE('',*,*,#6499,.T.);
#6580 = ORIENTED_EDGE('',*,*,#6581,.T.);
#6581 = EDGE_CURVE('',#6500,#6553,#6582,.T.);
#6582 = SURFACE_CURVE('',#6583,(#6587,#6594),.PCURVE_S1.);
#6583 = LINE('',#6584,#6585);
#6584 = CARTESIAN_POINT('',(-6.693532223284,29.287711471182,
    12.893320902497));
#6585 = VECTOR('',#6586,1.);
#6586 = DIRECTION('',(0.98400535392,0.176260701662,-2.579977726559E-02)
  );
#6587 = PCURVE('',#6515,#6588);
#6588 = DEFINITIONAL_REPRESENTATION('',(#6589),#6593);
#6589 = LINE('',#6590,#6591);
#6590 = CARTESIAN_POINT('',(-0.43284903484,2.40547593444));
#6591 = VECTOR('',#6592,1.);
#6592 = DIRECTION('',(0.177098849347,-0.98419306925));
#6593 = ( GEOMETRIC_REPRESENTATION_CONTEXT(2) 
PARAMETRIC_REPRESENTATION_CONTEXT() REPRESENTATION_CONTEXT('2D SPACE',''
  ) );
#6594 = PCURVE('',#6595,#6600);
#6595 = PLANE('',#6596);
#6596 = AXIS2_PLACEMENT_3D('',#6597,#6598,#6599);
#6597 = CARTESIAN_POINT('',(-6.693532223284,29.287711471182,
    12.893320902497));
#6598 = DIRECTION('',(0.176709395698,-0.984128563047,1.627147405399E-02)
  );
#6599 = DIRECTION('',(-0.984258868288,-0.176732793211,
    -2.926683141875E-19));
#6600 = DEFINITIONAL_REPRESENTATION('',(#6601),#6605);
#6601 = LINE('',#6602,#6603);
#6602 = CARTESIAN_POINT('',(-0.,0.));
#6603 = VECTOR('',#6604,1.);
#6604 = DIRECTION('',(-0.999667042177,2.580319332965E-02));
#6605 = ( GEOMETRIC_REPRESENTATION_CONTEXT(2) 
PARAMETRIC_REPRESENTATION_CONTEXT() REPRESENTATION_CONTEXT('2D SPACE',''
  ) );
#6606 = ADVANCED_FACE('',(#6607),#156,.T.);
#6607 = FACE_BOUND('',#6608,.T.);
#6608 = EDGE_LOOP('',(#6609,#6610,#6611));
#6609 = ORIENTED_EDGE('',*,*,#142,.F.);
#6610 = ORIENTED_EDGE('',*,*,#311,.T.);
#6611 = ORIENTED_EDGE('',*,*,#6612,.F.);
#6612 = EDGE_CURVE('',#22,#284,#6613,.T.);
#6613 = SURFACE_CURVE('',#6614,(#6618,#6625),.PCURVE_S1.);
#6614 = LINE('',#6615,#6616);
#6615 = CARTESIAN_POINT('',(29.903995561743,-2.410549943323,
    12.865343769018));
#6616 = VECTOR('',#6617,1.);
#6617 = DIRECTION('',(0.385223387115,-0.922823348601,9.641405081194E-05)
  );
#6618 = PCURVE('',#156,#6619);
#6619 = DEFINITIONAL_REPRESENTATION('',(#6620),#6624);
#6620 = LINE('',#6621,#6622);
#6621 = CARTESIAN_POINT('',(0.,0.));
#6622 = VECTOR('',#6623,1.);
#6623 = DIRECTION('',(0.384529315054,-0.923112780685));
#6624 = ( GEOMETRIC_REPRESENTATION_CONTEXT(2) 
PARAMETRIC_REPRESENTATION_CONTEXT() REPRESENTATION_CONTEXT('2D SPACE',''
  ) );
#6625 = PCURVE('',#6626,#6631);
#6626 = PLANE('',#6627);
#6627 = AXIS2_PLACEMENT_3D('',#6628,#6629,#6630);
#6628 = CARTESIAN_POINT('',(30.031449866432,-3.859658468693E-02,
    12.854584561384));
#6629 = DIRECTION('',(9.404812404626E-03,4.030416762848E-03,
    0.999947651252));
#6630 = DIRECTION('',(0.999955773055,-6.501552120614E-21,
    -9.404888792663E-03));
#6631 = DEFINITIONAL_REPRESENTATION('',(#6632),#6636);
#6632 = LINE('',#6633,#6634);
#6633 = CARTESIAN_POINT('',(-0.127549856926,-2.371972624184));
#6634 = VECTOR('',#6635,1.);
#6635 = DIRECTION('',(0.385205443098,-0.922830843984));
#6636 = ( GEOMETRIC_REPRESENTATION_CONTEXT(2) 
PARAMETRIC_REPRESENTATION_CONTEXT() REPRESENTATION_CONTEXT('2D SPACE',''
  ) );
#6637 = ADVANCED_FACE('',(#6638),#6568,.T.);
#6638 = FACE_BOUND('',#6639,.T.);
#6639 = EDGE_LOOP('',(#6640,#6668,#6669));
#6640 = ORIENTED_EDGE('',*,*,#6641,.F.);
#6641 = EDGE_CURVE('',#4486,#6642,#6644,.T.);
#6642 = VERTEX_POINT('',#6643);
#6643 = CARTESIAN_POINT('',(-1.832874634257,29.985217359478,
    12.909382327903));
#6644 = SURFACE_CURVE('',#6645,(#6649,#6656),.PCURVE_S1.);
#6645 = LINE('',#6646,#6647);
#6646 = CARTESIAN_POINT('',(-50.56047006568,51.90538815399,
    12.908375786124));
#6647 = VECTOR('',#6648,1.);
#6648 = DIRECTION('',(0.911972255664,-0.410251879392,1.88381587258E-05)
  );
#6649 = PCURVE('',#6568,#6650);
#6650 = DEFINITIONAL_REPRESENTATION('',(#6651),#6655);
#6651 = LINE('',#6652,#6653);
#6652 = CARTESIAN_POINT('',(21.883769770086,48.743954146667));
#6653 = VECTOR('',#6654,1.);
#6654 = DIRECTION('',(-0.409570607844,-0.912278420873));
#6655 = ( GEOMETRIC_REPRESENTATION_CONTEXT(2) 
PARAMETRIC_REPRESENTATION_CONTEXT() REPRESENTATION_CONTEXT('2D SPACE',''
  ) );
#6656 = PCURVE('',#6657,#6662);
#6657 = PLANE('',#6658);
#6658 = AXIS2_PLACEMENT_3D('',#6659,#6660,#6661);
#6659 = CARTESIAN_POINT('',(0.578710182022,29.988612726581,
    12.941835912094));
#6660 = DIRECTION('',(-1.340829641128E-02,-2.976017128891E-02,
    0.999467132922));
#6661 = DIRECTION('',(1.26966790692E-21,0.999556988345,
    2.976284682737E-02));
#6662 = DEFINITIONAL_REPRESENTATION('',(#6663),#6667);
#6663 = LINE('',#6664,#6665);
#6664 = CARTESIAN_POINT('',(21.906070171844,51.143777830242));
#6665 = VECTOR('',#6666,1.);
#6666 = DIRECTION('',(-0.410069572351,-0.912054245005));
#6667 = ( GEOMETRIC_REPRESENTATION_CONTEXT(2) 
PARAMETRIC_REPRESENTATION_CONTEXT() REPRESENTATION_CONTEXT('2D SPACE',''
  ) );
#6668 = ORIENTED_EDGE('',*,*,#6552,.T.);
#6669 = ORIENTED_EDGE('',*,*,#6670,.T.);
#6670 = EDGE_CURVE('',#6553,#6642,#6671,.T.);
#6671 = SURFACE_CURVE('',#6672,(#6676,#6683),.PCURVE_S1.);
#6672 = LINE('',#6673,#6674);
#6673 = CARTESIAN_POINT('',(-4.288515085724,29.718511981044,
    12.830263413814));
#6674 = VECTOR('',#6675,1.);
#6675 = DIRECTION('',(0.993644084341,0.107918983573,3.20144754486E-02));
#6676 = PCURVE('',#6568,#6677);
#6677 = DEFINITIONAL_REPRESENTATION('',(#6678),#6682);
#6678 = LINE('',#6679,#6680);
#6679 = CARTESIAN_POINT('',(-0.270817304549,2.45646485338));
#6680 = VECTOR('',#6681,1.);
#6681 = DIRECTION('',(0.10958282286,-0.993977668227));
#6682 = ( GEOMETRIC_REPRESENTATION_CONTEXT(2) 
PARAMETRIC_REPRESENTATION_CONTEXT() REPRESENTATION_CONTEXT('2D SPACE',''
  ) );
#6683 = PCURVE('',#6684,#6689);
#6684 = PLANE('',#6685);
#6685 = AXIS2_PLACEMENT_3D('',#6686,#6687,#6688);
#6686 = CARTESIAN_POINT('',(-4.288515085724,29.718511981044,
    12.830263413814));
#6687 = DIRECTION('',(0.107877780472,-0.994159587196,3.016565470786E-03)
  );
#6688 = DIRECTION('',(-0.994164110487,-0.107878271302,2.035479188764E-21
    ));
#6689 = DEFINITIONAL_REPRESENTATION('',(#6690),#6694);
#6690 = LINE('',#6691,#6692);
#6691 = CARTESIAN_POINT('',(0.,0.));
#6692 = VECTOR('',#6693,1.);
#6693 = DIRECTION('',(-0.999487400639,-3.201462111014E-02));
#6694 = ( GEOMETRIC_REPRESENTATION_CONTEXT(2) 
PARAMETRIC_REPRESENTATION_CONTEXT() REPRESENTATION_CONTEXT('2D SPACE',''
  ) );
#6695 = ADVANCED_FACE('',(#6696),#6626,.T.);
#6696 = FACE_BOUND('',#6697,.T.);
#6697 = EDGE_LOOP('',(#6698,#6721,#6722));
#6698 = ORIENTED_EDGE('',*,*,#6699,.F.);
#6699 = EDGE_CURVE('',#22,#6700,#6702,.T.);
#6700 = VERTEX_POINT('',#6701);
#6701 = CARTESIAN_POINT('',(30.031449866432,-3.859658468693E-02,
    12.854584561384));
#6702 = SURFACE_CURVE('',#6703,(#6707,#6714),.PCURVE_S1.);
#6703 = LINE('',#6704,#6705);
#6704 = CARTESIAN_POINT('',(29.903995561743,-2.410549943323,
    12.865343769018));
#6705 = VECTOR('',#6706,1.);
#6706 = DIRECTION('',(5.365594342056E-02,0.9985492096,-4.52943066519E-03
    ));
#6707 = PCURVE('',#6626,#6708);
#6708 = DEFINITIONAL_REPRESENTATION('',(#6709),#6713);
#6709 = LINE('',#6710,#6711);
#6710 = CARTESIAN_POINT('',(-0.127549856926,-2.371972624184));
#6711 = VECTOR('',#6712,1.);
#6712 = DIRECTION('',(5.369616917382E-02,0.998557320045));
#6713 = ( GEOMETRIC_REPRESENTATION_CONTEXT(2) 
PARAMETRIC_REPRESENTATION_CONTEXT() REPRESENTATION_CONTEXT('2D SPACE',''
  ) );
#6714 = PCURVE('',#44,#6715);
#6715 = DEFINITIONAL_REPRESENTATION('',(#6716),#6720);
#6716 = LINE('',#6717,#6718);
#6717 = CARTESIAN_POINT('',(2.375375198733,1.075923433022E-02));
#6718 = VECTOR('',#6719,1.);
#6719 = DIRECTION('',(-0.999989742025,-4.529441903748E-03));
#6720 = ( GEOMETRIC_REPRESENTATION_CONTEXT(2) 
PARAMETRIC_REPRESENTATION_CONTEXT() REPRESENTATION_CONTEXT('2D SPACE',''
  ) );
#6721 = ORIENTED_EDGE('',*,*,#6612,.T.);
#6722 = ORIENTED_EDGE('',*,*,#6723,.F.);
#6723 = EDGE_CURVE('',#6700,#284,#6724,.T.);
#6724 = SURFACE_CURVE('',#6725,(#6729,#6736),.PCURVE_S1.);
#6725 = LINE('',#6726,#6727);
#6726 = CARTESIAN_POINT('',(30.031449866432,-3.859658468693E-02,
    12.854584561384));
#6727 = VECTOR('',#6728,1.);
#6728 = DIRECTION('',(0.368097345505,-0.929787213662,2.855584393393E-04)
  );
#6729 = PCURVE('',#6626,#6730);
#6730 = DEFINITIONAL_REPRESENTATION('',(#6731),#6735);
#6731 = LINE('',#6732,#6733);
#6732 = CARTESIAN_POINT('',(0.,0.));
#6733 = VECTOR('',#6734,1.);
#6734 = DIRECTION('',(0.368078380038,-0.929794765606));
#6735 = ( GEOMETRIC_REPRESENTATION_CONTEXT(2) 
PARAMETRIC_REPRESENTATION_CONTEXT() REPRESENTATION_CONTEXT('2D SPACE',''
  ) );
#6736 = PCURVE('',#6737,#6742);
#6737 = PLANE('',#6738);
#6738 = AXIS2_PLACEMENT_3D('',#6739,#6740,#6741);
#6739 = CARTESIAN_POINT('',(50.519508563345,51.878617592485,
    12.860905710312));
#6740 = DIRECTION('',(-5.425223228736E-04,9.234087962198E-05,
    0.999999848571));
#6741 = DIRECTION('',(0.999999852835,-5.564558984114E-24,
    5.425223251866E-04));
#6742 = DEFINITIONAL_REPRESENTATION('',(#6743),#6747);
#6743 = LINE('',#6744,#6745);
#6744 = CARTESIAN_POINT('',(-20.48805911114,-51.91721439851));
#6745 = VECTOR('',#6746,1.);
#6746 = DIRECTION('',(0.368097446255,-0.929787217626));
#6747 = ( GEOMETRIC_REPRESENTATION_CONTEXT(2) 
PARAMETRIC_REPRESENTATION_CONTEXT() REPRESENTATION_CONTEXT('2D SPACE',''
  ) );
#6748 = ADVANCED_FACE('',(#6749),#6737,.T.);
#6749 = FACE_BOUND('',#6750,.T.);
#6750 = EDGE_LOOP('',(#6751,#6779,#6780));
#6751 = ORIENTED_EDGE('',*,*,#6752,.F.);
#6752 = EDGE_CURVE('',#6700,#6753,#6755,.T.);
#6753 = VERTEX_POINT('',#6754);
#6754 = CARTESIAN_POINT('',(50.519508563345,51.878617592485,
    12.860905710312));
#6755 = SURFACE_CURVE('',#6756,(#6760,#6767),.PCURVE_S1.);
#6756 = LINE('',#6757,#6758);
#6757 = CARTESIAN_POINT('',(30.031449866432,-3.859658468693E-02,
    12.854584561384));
#6758 = VECTOR('',#6759,1.);
#6759 = DIRECTION('',(0.367080056588,0.930189345901,1.132546397154E-04)
  );
#6760 = PCURVE('',#6737,#6761);
#6761 = DEFINITIONAL_REPRESENTATION('',(#6762),#6766);
#6762 = LINE('',#6763,#6764);
#6763 = CARTESIAN_POINT('',(-20.48805911114,-51.91721439851));
#6764 = VECTOR('',#6765,1.);
#6765 = DIRECTION('',(0.36708006401,0.930189349867));
#6766 = ( GEOMETRIC_REPRESENTATION_CONTEXT(2) 
PARAMETRIC_REPRESENTATION_CONTEXT() REPRESENTATION_CONTEXT('2D SPACE',''
  ) );
#6767 = PCURVE('',#6768,#6773);
#6768 = PLANE('',#6769);
#6769 = AXIS2_PLACEMENT_3D('',#6770,#6771,#6772);
#6770 = CARTESIAN_POINT('',(50.519508563345,51.878617592485,
    12.860905710312));
#6771 = DIRECTION('',(6.30488532105E-02,-2.500240466614E-02,
    0.997697209513));
#6772 = DIRECTION('',(0.998009196151,1.281445550567E-19,
    -6.306856901164E-02));
#6773 = DEFINITIONAL_REPRESENTATION('',(#6774),#6778);
#6774 = LINE('',#6775,#6776);
#6775 = CARTESIAN_POINT('',(-20.44687232499,-51.93344903979));
#6776 = VECTOR('',#6777,1.);
#6777 = DIRECTION('',(0.366342129391,0.930480222376));
#6778 = ( GEOMETRIC_REPRESENTATION_CONTEXT(2) 
PARAMETRIC_REPRESENTATION_CONTEXT() REPRESENTATION_CONTEXT('2D SPACE',''
  ) );
#6779 = ORIENTED_EDGE('',*,*,#6723,.T.);
#6780 = ORIENTED_EDGE('',*,*,#6781,.F.);
#6781 = EDGE_CURVE('',#6753,#284,#6782,.T.);
#6782 = SURFACE_CURVE('',#6783,(#6787,#6794),.PCURVE_S1.);
#6783 = LINE('',#6784,#6785);
#6784 = CARTESIAN_POINT('',(50.519508563345,51.878617592485,
    12.860905710312));
#6785 = VECTOR('',#6786,1.);
#6786 = DIRECTION('',(4.561765354953E-04,-0.999999891665,
    9.258836959246E-05));
#6787 = PCURVE('',#6737,#6788);
#6788 = DEFINITIONAL_REPRESENTATION('',(#6789),#6793);
#6789 = LINE('',#6790,#6791);
#6790 = CARTESIAN_POINT('',(0.,0.));
#6791 = VECTOR('',#6792,1.);
#6792 = DIRECTION('',(4.562266996195E-04,-0.999999895929));
#6793 = ( GEOMETRIC_REPRESENTATION_CONTEXT(2) 
PARAMETRIC_REPRESENTATION_CONTEXT() REPRESENTATION_CONTEXT('2D SPACE',''
  ) );
#6794 = PCURVE('',#4412,#6795);
#6795 = DEFINITIONAL_REPRESENTATION('',(#6796),#6800);
#6796 = LINE('',#6797,#6798);
#6797 = CARTESIAN_POINT('',(-9.699602322198E-03,-103.7881680594));
#6798 = VECTOR('',#6799,1.);
#6799 = DIRECTION('',(9.345576149185E-05,0.999999995633));
#6800 = ( GEOMETRIC_REPRESENTATION_CONTEXT(2) 
PARAMETRIC_REPRESENTATION_CONTEXT() REPRESENTATION_CONTEXT('2D SPACE',''
  ) );
#6801 = ADVANCED_FACE('',(#6802),#6768,.T.);
#6802 = FACE_BOUND('',#6803,.T.);
#6803 = EDGE_LOOP('',(#6804,#6832,#6858));
#6804 = ORIENTED_EDGE('',*,*,#6805,.F.);
#6805 = EDGE_CURVE('',#6806,#6753,#6808,.T.);
#6806 = VERTEX_POINT('',#6807);
#6807 = CARTESIAN_POINT('',(29.90668532169,2.441986592178,
    12.924632673374));
#6808 = SURFACE_CURVE('',#6809,(#6813,#6820),.PCURVE_S1.);
#6809 = LINE('',#6810,#6811);
#6810 = CARTESIAN_POINT('',(29.90668532169,2.441986592178,
    12.924632673374));
#6811 = VECTOR('',#6812,1.);
#6812 = DIRECTION('',(0.384841426175,0.922981939757,-1.189782450603E-03)
  );
#6813 = PCURVE('',#6768,#6814);
#6814 = DEFINITIONAL_REPRESENTATION('',(#6815),#6819);
#6815 = LINE('',#6816,#6817);
#6816 = CARTESIAN_POINT('',(-20.57580632218,-49.45209016785));
#6817 = VECTOR('',#6818,1.);
#6818 = DIRECTION('',(0.384150320259,0.923270562427));
#6819 = ( GEOMETRIC_REPRESENTATION_CONTEXT(2) 
PARAMETRIC_REPRESENTATION_CONTEXT() REPRESENTATION_CONTEXT('2D SPACE',''
  ) );
#6820 = PCURVE('',#6821,#6826);
#6821 = PLANE('',#6822);
#6822 = AXIS2_PLACEMENT_3D('',#6823,#6824,#6825);
#6823 = CARTESIAN_POINT('',(50.519508563345,51.878617592485,
    12.860905710312));
#6824 = DIRECTION('',(1.248408972194E-02,-3.916343463199E-03,
    0.999914401215));
#6825 = DIRECTION('',(0.99992206952,-6.417987257816E-22,
    -1.248418546194E-02));
#6826 = DEFINITIONAL_REPRESENTATION('',(#6827),#6831);
#6827 = LINE('',#6828,#6829);
#6828 = CARTESIAN_POINT('',(-20.61201245367,-49.43701012791));
#6829 = VECTOR('',#6830,1.);
#6830 = DIRECTION('',(0.384826288763,0.92298901807));
#6831 = ( GEOMETRIC_REPRESENTATION_CONTEXT(2) 
PARAMETRIC_REPRESENTATION_CONTEXT() REPRESENTATION_CONTEXT('2D SPACE',''
  ) );
#6832 = ORIENTED_EDGE('',*,*,#6833,.T.);
#6833 = EDGE_CURVE('',#6806,#6700,#6834,.T.);
#6834 = SURFACE_CURVE('',#6835,(#6839,#6846),.PCURVE_S1.);
#6835 = LINE('',#6836,#6837);
#6836 = CARTESIAN_POINT('',(29.90668532169,2.441986592178,
    12.924632673374));
#6837 = VECTOR('',#6838,1.);
#6838 = DIRECTION('',(5.021299314137E-02,-0.998340564653,
    -2.819170601834E-02));
#6839 = PCURVE('',#6768,#6840);
#6840 = DEFINITIONAL_REPRESENTATION('',(#6841),#6845);
#6841 = LINE('',#6842,#6843);
#6842 = CARTESIAN_POINT('',(-20.57580632218,-49.45209016785));
#6843 = VECTOR('',#6844,1.);
#6844 = DIRECTION('',(5.189103947795E-02,-0.998652752473));
#6845 = ( GEOMETRIC_REPRESENTATION_CONTEXT(2) 
PARAMETRIC_REPRESENTATION_CONTEXT() REPRESENTATION_CONTEXT('2D SPACE',''
  ) );
#6846 = PCURVE('',#6847,#6852);
#6847 = PLANE('',#6848);
#6848 = AXIS2_PLACEMENT_3D('',#6849,#6850,#6851);
#6849 = CARTESIAN_POINT('',(29.90668532169,2.441986592178,
    12.924632673374));
#6850 = DIRECTION('',(-0.998736062401,-5.025563358032E-02,
    8.055757305472E-04));
#6851 = DIRECTION('',(5.025564988709E-02,-0.998736386468,
    -6.871919733041E-21));
#6852 = DEFINITIONAL_REPRESENTATION('',(#6853),#6857);
#6853 = LINE('',#6854,#6855);
#6854 = CARTESIAN_POINT('',(0.,0.));
#6855 = VECTOR('',#6856,1.);
#6856 = DIRECTION('',(0.999602534609,-2.819171516588E-02));
#6857 = ( GEOMETRIC_REPRESENTATION_CONTEXT(2) 
PARAMETRIC_REPRESENTATION_CONTEXT() REPRESENTATION_CONTEXT('2D SPACE',''
  ) );
#6858 = ORIENTED_EDGE('',*,*,#6752,.T.);
#6859 = ADVANCED_FACE('',(#6860),#6821,.T.);
#6860 = FACE_BOUND('',#6861,.T.);
#6861 = EDGE_LOOP('',(#6862,#6890,#6916));
#6862 = ORIENTED_EDGE('',*,*,#6863,.F.);
#6863 = EDGE_CURVE('',#6864,#6753,#6866,.T.);
#6864 = VERTEX_POINT('',#6865);
#6865 = CARTESIAN_POINT('',(29.557197838005,4.848985168724,
    12.938423520097));
#6866 = SURFACE_CURVE('',#6867,(#6871,#6878),.PCURVE_S1.);
#6867 = LINE('',#6868,#6869);
#6868 = CARTESIAN_POINT('',(29.557197838005,4.848985168724,
    12.938423520097));
#6869 = VECTOR('',#6870,1.);
#6870 = DIRECTION('',(0.407114924611,0.913375701255,-1.505495157486E-03)
  );
#6871 = PCURVE('',#6821,#6872);
#6872 = DEFINITIONAL_REPRESENTATION('',(#6873),#6877);
#6873 = LINE('',#6874,#6875);
#6874 = CARTESIAN_POINT('',(-20.96164486911,-47.02999309219));
#6875 = VECTOR('',#6876,1.);
#6876 = DIRECTION('',(0.40710199283,0.913382705898));
#6877 = ( GEOMETRIC_REPRESENTATION_CONTEXT(2) 
PARAMETRIC_REPRESENTATION_CONTEXT() REPRESENTATION_CONTEXT('2D SPACE',''
  ) );
#6878 = PCURVE('',#6879,#6884);
#6879 = PLANE('',#6880);
#6880 = AXIS2_PLACEMENT_3D('',#6881,#6882,#6883);
#6881 = CARTESIAN_POINT('',(50.519508563345,51.878617592485,
    12.860905710312));
#6882 = DIRECTION('',(3.102428310963E-02,-1.218095680945E-02,
    0.999444404731));
#6883 = DIRECTION('',(0.999518559619,3.391252855114E-20,
    -3.102658499079E-02));
#6884 = DEFINITIONAL_REPRESENTATION('',(#6885),#6889);
#6885 = LINE('',#6886,#6887);
#6886 = CARTESIAN_POINT('',(-20.9546237354,-47.03312183959));
#6887 = VECTOR('',#6888,1.);
#6888 = DIRECTION('',(0.40696563342,0.91344347018));
#6889 = ( GEOMETRIC_REPRESENTATION_CONTEXT(2) 
PARAMETRIC_REPRESENTATION_CONTEXT() REPRESENTATION_CONTEXT('2D SPACE',''
  ) );
#6890 = ORIENTED_EDGE('',*,*,#6891,.T.);
#6891 = EDGE_CURVE('',#6864,#6806,#6892,.T.);
#6892 = SURFACE_CURVE('',#6893,(#6897,#6904),.PCURVE_S1.);
#6893 = LINE('',#6894,#6895);
#6894 = CARTESIAN_POINT('',(29.557197838005,4.848985168724,
    12.938423520097));
#6895 = VECTOR('',#6896,1.);
#6896 = DIRECTION('',(0.143687339832,-0.989606891775,-5.669931463357E-03
    ));
#6897 = PCURVE('',#6821,#6898);
#6898 = DEFINITIONAL_REPRESENTATION('',(#6899),#6903);
#6899 = LINE('',#6900,#6901);
#6900 = CARTESIAN_POINT('',(-20.96164486911,-47.02999309219));
#6901 = VECTOR('',#6902,1.);
#6902 = DIRECTION('',(0.143746926685,-0.989614481032));
#6903 = ( GEOMETRIC_REPRESENTATION_CONTEXT(2) 
PARAMETRIC_REPRESENTATION_CONTEXT() REPRESENTATION_CONTEXT('2D SPACE',''
  ) );
#6904 = PCURVE('',#6905,#6910);
#6905 = PLANE('',#6906);
#6906 = AXIS2_PLACEMENT_3D('',#6907,#6908,#6909);
#6907 = CARTESIAN_POINT('',(29.557197838005,4.848985168724,
    12.938423520097));
#6908 = DIRECTION('',(-0.9896231117,-0.143683747857,-1.037974020602E-03)
  );
#6909 = DIRECTION('',(0.143683825259,-0.989623644806,3.720901109655E-20)
  );
#6910 = DEFINITIONAL_REPRESENTATION('',(#6911),#6915);
#6911 = LINE('',#6912,#6913);
#6912 = CARTESIAN_POINT('',(0.,0.));
#6913 = VECTOR('',#6914,1.);
#6914 = DIRECTION('',(0.999983925792,-5.669934517724E-03));
#6915 = ( GEOMETRIC_REPRESENTATION_CONTEXT(2) 
PARAMETRIC_REPRESENTATION_CONTEXT() REPRESENTATION_CONTEXT('2D SPACE',''
  ) );
#6916 = ORIENTED_EDGE('',*,*,#6805,.T.);
#6917 = ADVANCED_FACE('',(#6918),#6879,.T.);
#6918 = FACE_BOUND('',#6919,.T.);
#6919 = EDGE_LOOP('',(#6920,#6948,#6974));
#6920 = ORIENTED_EDGE('',*,*,#6921,.F.);
#6921 = EDGE_CURVE('',#6922,#6753,#6924,.T.);
#6922 = VERTEX_POINT('',#6923);
#6923 = CARTESIAN_POINT('',(29.099490529706,7.287068881464,
    12.982346156823));
#6924 = SURFACE_CURVE('',#6925,(#6929,#6936),.PCURVE_S1.);
#6925 = LINE('',#6926,#6927);
#6926 = CARTESIAN_POINT('',(29.099490529706,7.287068881464,
    12.982346156823));
#6927 = VECTOR('',#6928,1.);
#6928 = DIRECTION('',(0.432993838291,0.901393537644,-2.454851577438E-03)
  );
#6929 = PCURVE('',#6879,#6930);
#6930 = DEFINITIONAL_REPRESENTATION('',(#6931),#6935);
#6931 = LINE('',#6932,#6933);
#6932 = CARTESIAN_POINT('',(-21.41347345434,-44.59485723052));
#6933 = VECTOR('',#6934,1.);
#6934 = DIRECTION('',(0.432861543234,0.901460417539));
#6935 = ( GEOMETRIC_REPRESENTATION_CONTEXT(2) 
PARAMETRIC_REPRESENTATION_CONTEXT() REPRESENTATION_CONTEXT('2D SPACE',''
  ) );
#6936 = PCURVE('',#6937,#6942);
#6937 = PLANE('',#6938);
#6938 = AXIS2_PLACEMENT_3D('',#6939,#6940,#6941);
#6939 = CARTESIAN_POINT('',(50.519508563345,51.878617592485,
    12.860905710312));
#6940 = DIRECTION('',(-5.009571797442E-02,2.678300185629E-02,
    0.998385241203));
#6941 = DIRECTION('',(0.998743519405,-1.027677469168E-19,
    5.011369520705E-02));
#6942 = DEFINITIONAL_REPRESENTATION('',(#6943),#6947);
#6943 = LINE('',#6944,#6945);
#6944 = CARTESIAN_POINT('',(-21.3870183671,-44.60755073029));
#6945 = VECTOR('',#6946,1.);
#6946 = DIRECTION('',(0.432326768252,0.901717009628));
#6947 = ( GEOMETRIC_REPRESENTATION_CONTEXT(2) 
PARAMETRIC_REPRESENTATION_CONTEXT() REPRESENTATION_CONTEXT('2D SPACE',''
  ) );
#6948 = ORIENTED_EDGE('',*,*,#6949,.T.);
#6949 = EDGE_CURVE('',#6922,#6864,#6950,.T.);
#6950 = SURFACE_CURVE('',#6951,(#6955,#6962),.PCURVE_S1.);
#6951 = LINE('',#6952,#6953);
#6952 = CARTESIAN_POINT('',(29.099490529706,7.287068881464,
    12.982346156823));
#6953 = VECTOR('',#6954,1.);
#6954 = DIRECTION('',(0.184480268566,-0.982676767351,-1.770314712567E-02
    ));
#6955 = PCURVE('',#6879,#6956);
#6956 = DEFINITIONAL_REPRESENTATION('',(#6957),#6961);
#6957 = LINE('',#6958,#6959);
#6958 = CARTESIAN_POINT('',(-21.41347345434,-44.59485723052));
#6959 = VECTOR('',#6960,1.);
#6960 = DIRECTION('',(0.184940720514,-0.982749678146));
#6961 = ( GEOMETRIC_REPRESENTATION_CONTEXT(2) 
PARAMETRIC_REPRESENTATION_CONTEXT() REPRESENTATION_CONTEXT('2D SPACE',''
  ) );
#6962 = PCURVE('',#6963,#6968);
#6963 = PLANE('',#6964);
#6964 = AXIS2_PLACEMENT_3D('',#6965,#6966,#6967);
#6965 = CARTESIAN_POINT('',(29.099490529706,7.287068881464,
    12.982346156823));
#6966 = DIRECTION('',(-0.982829394056,-0.184516177978,4.027944702758E-04
    ));
#6967 = DIRECTION('',(0.184516192947,-0.982829473785,-6.688435679871E-21
    ));
#6968 = DEFINITIONAL_REPRESENTATION('',(#6969),#6973);
#6969 = LINE('',#6970,#6971);
#6970 = CARTESIAN_POINT('',(0.,0.));
#6971 = VECTOR('',#6972,1.);
#6972 = DIRECTION('',(0.999843286986,-1.770314856178E-02));
#6973 = ( GEOMETRIC_REPRESENTATION_CONTEXT(2) 
PARAMETRIC_REPRESENTATION_CONTEXT() REPRESENTATION_CONTEXT('2D SPACE',''
  ) );
#6974 = ORIENTED_EDGE('',*,*,#6863,.T.);
#6975 = ADVANCED_FACE('',(#6976),#6937,.T.);
#6976 = FACE_BOUND('',#6977,.T.);
#6977 = EDGE_LOOP('',(#6978,#7006,#7032));
#6978 = ORIENTED_EDGE('',*,*,#6979,.F.);
#6979 = EDGE_CURVE('',#6980,#6753,#6982,.T.);
#6980 = VERTEX_POINT('',#6981);
#6981 = CARTESIAN_POINT('',(28.447691086914,9.606559847174,
    12.887417578164));
#6982 = SURFACE_CURVE('',#6983,(#6987,#6994),.PCURVE_S1.);
#6983 = LINE('',#6984,#6985);
#6984 = CARTESIAN_POINT('',(28.447691086914,9.606559847174,
    12.887417578164));
#6985 = VECTOR('',#6986,1.);
#6986 = DIRECTION('',(0.462843335251,0.886439923476,-5.559506530523E-04)
  );
#6987 = PCURVE('',#6937,#6988);
#6988 = DEFINITIONAL_REPRESENTATION('',(#6989),#6993);
#6989 = LINE('',#6990,#6991);
#6990 = CARTESIAN_POINT('',(-22.0427560584,-42.28722739746));
#6991 = VECTOR('',#6992,1.);
#6992 = DIRECTION('',(0.46223392084,0.886758029242));
#6993 = ( GEOMETRIC_REPRESENTATION_CONTEXT(2) 
PARAMETRIC_REPRESENTATION_CONTEXT() REPRESENTATION_CONTEXT('2D SPACE',''
  ) );
#6994 = PCURVE('',#6995,#7000);
#6995 = PLANE('',#6996);
#6996 = AXIS2_PLACEMENT_3D('',#6997,#6998,#6999);
#6997 = CARTESIAN_POINT('',(50.519508563345,51.878617592485,
    12.860905710312));
#6998 = DIRECTION('',(1.030998944423E-02,-4.756097929242E-03,
    0.999935539748));
#6999 = DIRECTION('',(0.999946849444,6.168656048161E-21,
    -1.03101060546E-02));
#7000 = DEFINITIONAL_REPRESENTATION('',(#7001),#7005);
#7001 = LINE('',#7002,#7003);
#7002 = CARTESIAN_POINT('',(-22.07091768723,-42.27253586027));
#7003 = VECTOR('',#7004,1.);
#7004 = DIRECTION('',(0.462824466781,0.886449949489));
#7005 = ( GEOMETRIC_REPRESENTATION_CONTEXT(2) 
PARAMETRIC_REPRESENTATION_CONTEXT() REPRESENTATION_CONTEXT('2D SPACE',''
  ) );
#7006 = ORIENTED_EDGE('',*,*,#7007,.T.);
#7007 = EDGE_CURVE('',#6980,#6922,#7008,.T.);
#7008 = SURFACE_CURVE('',#7009,(#7013,#7020),.PCURVE_S1.);
#7009 = LINE('',#7010,#7011);
#7010 = CARTESIAN_POINT('',(28.447691086914,9.606559847174,
    12.887417578164));
#7011 = VECTOR('',#7012,1.);
#7012 = DIRECTION('',(0.270321441144,-0.961964830601,3.93698252934E-02)
  );
#7013 = PCURVE('',#6937,#7014);
#7014 = DEFINITIONAL_REPRESENTATION('',(#7015),#7019);
#7015 = LINE('',#7016,#7017);
#7016 = CARTESIAN_POINT('',(-22.0427560584,-42.28722739746));
#7017 = VECTOR('',#7018,1.);
#7018 = DIRECTION('',(0.271954754924,-0.962310039059));
#7019 = ( GEOMETRIC_REPRESENTATION_CONTEXT(2) 
PARAMETRIC_REPRESENTATION_CONTEXT() REPRESENTATION_CONTEXT('2D SPACE',''
  ) );
#7020 = PCURVE('',#7021,#7026);
#7021 = PLANE('',#7022);
#7022 = AXIS2_PLACEMENT_3D('',#7023,#7024,#7025);
#7023 = CARTESIAN_POINT('',(28.447691086914,9.606559847174,
    12.887417578164));
#7024 = DIRECTION('',(-0.962768027306,-0.27018015854,8.967024477989E-03)
  );
#7025 = DIRECTION('',(0.270191021455,-0.962806736539,-3.034983578267E-19
    ));
#7026 = DEFINITIONAL_REPRESENTATION('',(#7027),#7031);
#7027 = LINE('',#7028,#7029);
#7028 = CARTESIAN_POINT('',(0.,0.));
#7029 = VECTOR('',#7030,1.);
#7030 = DIRECTION('',(0.999224645521,3.937140820403E-02));
#7031 = ( GEOMETRIC_REPRESENTATION_CONTEXT(2) 
PARAMETRIC_REPRESENTATION_CONTEXT() REPRESENTATION_CONTEXT('2D SPACE',''
  ) );
#7032 = ORIENTED_EDGE('',*,*,#6921,.T.);
#7033 = ADVANCED_FACE('',(#7034),#6995,.T.);
#7034 = FACE_BOUND('',#7035,.T.);
#7035 = EDGE_LOOP('',(#7036,#7064,#7090));
#7036 = ORIENTED_EDGE('',*,*,#7037,.F.);
#7037 = EDGE_CURVE('',#7038,#6753,#7040,.T.);
#7038 = VERTEX_POINT('',#7039);
#7039 = CARTESIAN_POINT('',(27.57314252274,11.899714940572,
    12.907341919148));
#7040 = SURFACE_CURVE('',#7041,(#7045,#7052),.PCURVE_S1.);
#7041 = LINE('',#7042,#7043);
#7042 = CARTESIAN_POINT('',(27.57314252274,11.899714940572,
    12.907341919148));
#7043 = VECTOR('',#7044,1.);
#7044 = DIRECTION('',(0.497794076708,0.867294668716,-1.007378234195E-03)
  );
#7045 = PCURVE('',#6995,#7046);
#7046 = DEFINITIONAL_REPRESENTATION('',(#7047),#7051);
#7047 = LINE('',#7048,#7049);
#7048 = CARTESIAN_POINT('',(-22.94562519073,-39.97935483031));
#7049 = VECTOR('',#7050,1.);
#7050 = DIRECTION('',(0.497778004853,0.867304478188));
#7051 = ( GEOMETRIC_REPRESENTATION_CONTEXT(2) 
PARAMETRIC_REPRESENTATION_CONTEXT() REPRESENTATION_CONTEXT('2D SPACE',''
  ) );
#7052 = PCURVE('',#7053,#7058);
#7053 = PLANE('',#7054);
#7054 = AXIS2_PLACEMENT_3D('',#7055,#7056,#7057);
#7055 = CARTESIAN_POINT('',(50.519508563345,51.878617592485,
    12.860905710312));
#7056 = DIRECTION('',(6.236697199983E-03,-2.418134577589E-03,
    0.999977627866));
#7057 = DIRECTION('',(0.999980551501,-6.638136720847E-22,
    -6.236715434216E-03));
#7058 = DEFINITIONAL_REPRESENTATION('',(#7059),#7063);
#7059 = LINE('',#7060,#7061);
#7060 = CARTESIAN_POINT('',(-22.94620937765,-39.97901953824));
#7061 = VECTOR('',#7062,1.);
#7062 = DIRECTION('',(0.497790678092,0.867297204426));
#7063 = ( GEOMETRIC_REPRESENTATION_CONTEXT(2) 
PARAMETRIC_REPRESENTATION_CONTEXT() REPRESENTATION_CONTEXT('2D SPACE',''
  ) );
#7064 = ORIENTED_EDGE('',*,*,#7065,.T.);
#7065 = EDGE_CURVE('',#7038,#6980,#7066,.T.);
#7066 = SURFACE_CURVE('',#7067,(#7071,#7078),.PCURVE_S1.);
#7067 = LINE('',#7068,#7069);
#7068 = CARTESIAN_POINT('',(27.57314252274,11.899714940572,
    12.907341919148));
#7069 = VECTOR('',#7070,1.);
#7070 = DIRECTION('',(0.356327163811,-0.934325987239,-8.117998478965E-03
    ));
#7071 = PCURVE('',#6995,#7072);
#7072 = DEFINITIONAL_REPRESENTATION('',(#7073),#7077);
#7073 = LINE('',#7074,#7075);
#7074 = CARTESIAN_POINT('',(-22.94562519073,-39.97935483031));
#7075 = VECTOR('',#7076,1.);
#7076 = DIRECTION('',(0.35639192225,-0.934336554864));
#7077 = ( GEOMETRIC_REPRESENTATION_CONTEXT(2) 
PARAMETRIC_REPRESENTATION_CONTEXT() REPRESENTATION_CONTEXT('2D SPACE',''
  ) );
#7078 = PCURVE('',#7079,#7084);
#7079 = PLANE('',#7080);
#7080 = AXIS2_PLACEMENT_3D('',#7081,#7082,#7083);
#7081 = CARTESIAN_POINT('',(27.57314252274,11.899714940572,
    12.907341919148));
#7082 = DIRECTION('',(-0.93429691849,-0.356391135754,8.638660577622E-03)
  );
#7083 = DIRECTION('',(0.356404434602,-0.934331782075,2.956005500173E-19)
  );
#7084 = DEFINITIONAL_REPRESENTATION('',(#7085),#7089);
#7085 = LINE('',#7086,#7087);
#7086 = CARTESIAN_POINT('',(0.,0.));
#7087 = VECTOR('',#7088,1.);
#7088 = DIRECTION('',(0.999967046048,-8.11830140465E-03));
#7089 = ( GEOMETRIC_REPRESENTATION_CONTEXT(2) 
PARAMETRIC_REPRESENTATION_CONTEXT() REPRESENTATION_CONTEXT('2D SPACE',''
  ) );
#7090 = ORIENTED_EDGE('',*,*,#6979,.T.);
#7091 = ADVANCED_FACE('',(#7092),#7053,.T.);
#7092 = FACE_BOUND('',#7093,.T.);
#7093 = EDGE_LOOP('',(#7094,#7122,#7148));
#7094 = ORIENTED_EDGE('',*,*,#7095,.F.);
#7095 = EDGE_CURVE('',#7096,#6753,#7098,.T.);
#7096 = VERTEX_POINT('',#7097);
#7097 = CARTESIAN_POINT('',(26.485869036009,14.126511845506,
    12.91950788143));
#7098 = SURFACE_CURVE('',#7099,(#7103,#7110),.PCURVE_S1.);
#7099 = LINE('',#7100,#7101);
#7100 = CARTESIAN_POINT('',(26.485869036009,14.126511845506,
    12.91950788143));
#7101 = VECTOR('',#7102,1.);
#7102 = DIRECTION('',(0.537027262385,0.843563871194,-1.309454753588E-03)
  );
#7103 = PCURVE('',#7053,#7104);
#7104 = DEFINITIONAL_REPRESENTATION('',(#7105),#7109);
#7105 = LINE('',#7106,#7107);
#7106 = CARTESIAN_POINT('',(-24.03353759419,-37.75221612282));
#7107 = VECTOR('',#7108,1.);
#7108 = DIRECTION('',(0.537024984707,0.843566337522));
#7109 = ( GEOMETRIC_REPRESENTATION_CONTEXT(2) 
PARAMETRIC_REPRESENTATION_CONTEXT() REPRESENTATION_CONTEXT('2D SPACE',''
  ) );
#7110 = PCURVE('',#7111,#7116);
#7111 = PLANE('',#7112);
#7112 = AXIS2_PLACEMENT_3D('',#7113,#7114,#7115);
#7113 = CARTESIAN_POINT('',(50.519508563345,51.878617592485,
    12.860905710312));
#7114 = DIRECTION('',(-2.678790804588E-03,3.257639276985E-03,
    0.999991105894));
#7115 = DIRECTION('',(-4.05233846036E-22,0.999994693841,
    -3.257650965328E-03));
#7116 = DEFINITIONAL_REPRESENTATION('',(#7117),#7121);
#7117 = LINE('',#7118,#7119);
#7118 = CARTESIAN_POINT('',(-37.75209633372,24.033725759539));
#7119 = VECTOR('',#7120,1.);
#7120 = DIRECTION('',(0.843563660857,-0.537029189228));
#7121 = ( GEOMETRIC_REPRESENTATION_CONTEXT(2) 
PARAMETRIC_REPRESENTATION_CONTEXT() REPRESENTATION_CONTEXT('2D SPACE',''
  ) );
#7122 = ORIENTED_EDGE('',*,*,#7123,.T.);
#7123 = EDGE_CURVE('',#7096,#7038,#7124,.T.);
#7124 = SURFACE_CURVE('',#7125,(#7129,#7136),.PCURVE_S1.);
#7125 = LINE('',#7126,#7127);
#7126 = CARTESIAN_POINT('',(26.485869036009,14.126511845506,
    12.91950788143));
#7127 = VECTOR('',#7128,1.);
#7128 = DIRECTION('',(0.438754424114,-0.898593597255,-4.909408571017E-03
    ));
#7129 = PCURVE('',#7053,#7130);
#7130 = DEFINITIONAL_REPRESENTATION('',(#7131),#7135);
#7131 = LINE('',#7132,#7133);
#7132 = CARTESIAN_POINT('',(-24.03353759419,-37.75221612282));
#7133 = VECTOR('',#7134,1.);
#7134 = DIRECTION('',(0.438776509583,-0.898596224474));
#7135 = ( GEOMETRIC_REPRESENTATION_CONTEXT(2) 
PARAMETRIC_REPRESENTATION_CONTEXT() REPRESENTATION_CONTEXT('2D SPACE',''
  ) );
#7136 = PCURVE('',#7137,#7142);
#7137 = PLANE('',#7138);
#7138 = AXIS2_PLACEMENT_3D('',#7139,#7140,#7141);
#7139 = CARTESIAN_POINT('',(26.485869036009,14.126511845506,
    12.91950788143));
#7140 = DIRECTION('',(-0.898462536107,-0.438775300481,1.553405617212E-02
    ));
#7141 = DIRECTION('',(0.438828249818,-0.898570958334,7.129463116941E-19)
  );
#7142 = DEFINITIONAL_REPRESENTATION('',(#7143),#7147);
#7143 = LINE('',#7144,#7145);
#7144 = CARTESIAN_POINT('',(0.,0.));
#7145 = VECTOR('',#7146,1.);
#7146 = DIRECTION('',(0.999987945872,-4.910001015324E-03));
#7147 = ( GEOMETRIC_REPRESENTATION_CONTEXT(2) 
PARAMETRIC_REPRESENTATION_CONTEXT() REPRESENTATION_CONTEXT('2D SPACE',''
  ) );
#7148 = ORIENTED_EDGE('',*,*,#7037,.T.);
#7149 = ADVANCED_FACE('',(#7150),#7137,.T.);
#7150 = FACE_BOUND('',#7151,.T.);
#7151 = EDGE_LOOP('',(#7152,#7180,#7206));
#7152 = ORIENTED_EDGE('',*,*,#7153,.T.);
#7153 = EDGE_CURVE('',#7096,#7154,#7156,.T.);
#7154 = VERTEX_POINT('',#7155);
#7155 = CARTESIAN_POINT('',(27.522637954126,11.877341200307,
    9.35427716913));
#7156 = SURFACE_CURVE('',#7157,(#7161,#7168),.PCURVE_S1.);
#7157 = LINE('',#7158,#7159);
#7158 = CARTESIAN_POINT('',(26.485869036009,14.126511845506,
    12.91950788143));
#7159 = VECTOR('',#7160,1.);
#7160 = DIRECTION('',(0.238830249285,-0.518119299769,-0.821287101587));
#7161 = PCURVE('',#7137,#7162);
#7162 = DEFINITIONAL_REPRESENTATION('',(#7163),#7167);
#7163 = LINE('',#7164,#7165);
#7164 = CARTESIAN_POINT('',(0.,0.));
#7165 = VECTOR('',#7166,1.);
#7166 = DIRECTION('',(0.570372416022,-0.821386210647));
#7167 = ( GEOMETRIC_REPRESENTATION_CONTEXT(2) 
PARAMETRIC_REPRESENTATION_CONTEXT() REPRESENTATION_CONTEXT('2D SPACE',''
  ) );
#7168 = PCURVE('',#7169,#7174);
#7169 = PLANE('',#7170);
#7170 = AXIS2_PLACEMENT_3D('',#7171,#7172,#7173);
#7171 = CARTESIAN_POINT('',(26.485869036009,14.126511845506,
    12.91950788143));
#7172 = DIRECTION('',(-0.905246951022,-0.424858908211,4.781817513462E-03
    ));
#7173 = DIRECTION('',(0.424863765659,-0.905257300788,4.29248592269E-19)
  );
#7174 = DEFINITIONAL_REPRESENTATION('',(#7175),#7179);
#7175 = LINE('',#7176,#7177);
#7176 = CARTESIAN_POINT('',(0.,0.));
#7177 = VECTOR('',#7178,1.);
#7178 = DIRECTION('',(0.570501597859,-0.821296491433));
#7179 = ( GEOMETRIC_REPRESENTATION_CONTEXT(2) 
PARAMETRIC_REPRESENTATION_CONTEXT() REPRESENTATION_CONTEXT('2D SPACE',''
  ) );
#7180 = ORIENTED_EDGE('',*,*,#7181,.T.);
#7181 = EDGE_CURVE('',#7154,#7038,#7182,.T.);
#7182 = SURFACE_CURVE('',#7183,(#7187,#7194),.PCURVE_S1.);
#7183 = LINE('',#7184,#7185);
#7184 = CARTESIAN_POINT('',(27.522637954126,11.877341200307,
    9.35427716913));
#7185 = VECTOR('',#7186,1.);
#7186 = DIRECTION('',(1.421265014203E-02,6.296264901836E-03,
    0.999879171512));
#7187 = PCURVE('',#7137,#7188);
#7188 = DEFINITIONAL_REPRESENTATION('',(#7189),#7193);
#7189 = LINE('',#7190,#7191);
#7190 = CARTESIAN_POINT('',(2.476002911916,-3.565660947553));
#7191 = VECTOR('',#7192,1.);
#7192 = DIRECTION('',(5.792716003252E-04,0.999999832222));
#7193 = ( GEOMETRIC_REPRESENTATION_CONTEXT(2) 
PARAMETRIC_REPRESENTATION_CONTEXT() REPRESENTATION_CONTEXT('2D SPACE',''
  ) );
#7194 = PCURVE('',#7195,#7200);
#7195 = PLANE('',#7196);
#7196 = AXIS2_PLACEMENT_3D('',#7197,#7198,#7199);
#7197 = CARTESIAN_POINT('',(27.57314252274,11.899714940572,
    12.907341919148));
#7198 = DIRECTION('',(-0.930597598097,-0.365714240426,1.553076838011E-02
    ));
#7199 = DIRECTION('',(0.365758354416,-0.930709850692,-1.032995322679E-18
    ));
#7200 = DEFINITIONAL_REPRESENTATION('',(#7201),#7205);
#7201 = LINE('',#7202,#7203);
#7202 = CARTESIAN_POINT('',(2.350992554217E-03,-3.553493335629));
#7203 = VECTOR('',#7204,1.);
#7204 = DIRECTION('',(-6.616002388727E-04,0.999999781143));
#7205 = ( GEOMETRIC_REPRESENTATION_CONTEXT(2) 
PARAMETRIC_REPRESENTATION_CONTEXT() REPRESENTATION_CONTEXT('2D SPACE',''
  ) );
#7206 = ORIENTED_EDGE('',*,*,#7123,.F.);
#7207 = ADVANCED_FACE('',(#7208),#7169,.T.);
#7208 = FACE_BOUND('',#7209,.T.);
#7209 = EDGE_LOOP('',(#7210,#7238,#7264));
#7210 = ORIENTED_EDGE('',*,*,#7211,.F.);
#7211 = EDGE_CURVE('',#7212,#7096,#7214,.T.);
#7212 = VERTEX_POINT('',#7213);
#7213 = CARTESIAN_POINT('',(26.461388417364,14.137891636868,
    9.296157637454));
#7214 = SURFACE_CURVE('',#7215,(#7219,#7226),.PCURVE_S1.);
#7215 = LINE('',#7216,#7217);
#7216 = CARTESIAN_POINT('',(26.461388417364,14.137891636868,
    9.296157637454));
#7217 = VECTOR('',#7218,1.);
#7218 = DIRECTION('',(6.756161436057E-03,-3.14059496054E-03,
    0.999972245088));
#7219 = PCURVE('',#7169,#7220);
#7220 = DEFINITIONAL_REPRESENTATION('',(#7221),#7225);
#7221 = LINE('',#7222,#7223);
#7222 = CARTESIAN_POINT('',(-2.070256703477E-02,-3.623391670049));
#7223 = VECTOR('',#7224,1.);
#7224 = DIRECTION('',(5.713494705972E-03,0.999983677856));
#7225 = ( GEOMETRIC_REPRESENTATION_CONTEXT(2) 
PARAMETRIC_REPRESENTATION_CONTEXT() REPRESENTATION_CONTEXT('2D SPACE',''
  ) );
#7226 = PCURVE('',#7227,#7232);
#7227 = PLANE('',#7228);
#7228 = AXIS2_PLACEMENT_3D('',#7229,#7230,#7231);
#7229 = CARTESIAN_POINT('',(25.233959262607,16.199883606813,
    12.909399889854));
#7230 = DIRECTION('',(-0.856054561329,-0.516868724541,4.160482976699E-03
    ));
#7231 = DIRECTION('',(0.516873197999,-0.856061970414,8.236221432327E-20)
  );
#7232 = DEFINITIONAL_REPRESENTATION('',(#7233),#7237);
#7233 = LINE('',#7234,#7235);
#7234 = CARTESIAN_POINT('',(2.399618141307,-3.613273524729));
#7235 = VECTOR('',#7236,1.);
#7236 = DIRECTION('',(6.180622677849E-03,0.999980899769));
#7237 = ( GEOMETRIC_REPRESENTATION_CONTEXT(2) 
PARAMETRIC_REPRESENTATION_CONTEXT() REPRESENTATION_CONTEXT('2D SPACE',''
  ) );
#7238 = ORIENTED_EDGE('',*,*,#7239,.T.);
#7239 = EDGE_CURVE('',#7212,#7154,#7240,.T.);
#7240 = SURFACE_CURVE('',#7241,(#7245,#7252),.PCURVE_S1.);
#7241 = LINE('',#7242,#7243);
#7242 = CARTESIAN_POINT('',(26.461388417364,14.137891636868,
    9.296157637454));
#7243 = VECTOR('',#7244,1.);
#7244 = DIRECTION('',(0.424849465741,-0.90496496063,2.326696137563E-02)
  );
#7245 = PCURVE('',#7169,#7246);
#7246 = DEFINITIONAL_REPRESENTATION('',(#7247),#7251);
#7247 = LINE('',#7248,#7249);
#7248 = CARTESIAN_POINT('',(-2.070256703477E-02,-3.623391670049));
#7249 = VECTOR('',#7250,1.);
#7250 = DIRECTION('',(0.999729281421,2.326722738878E-02));
#7251 = ( GEOMETRIC_REPRESENTATION_CONTEXT(2) 
PARAMETRIC_REPRESENTATION_CONTEXT() REPRESENTATION_CONTEXT('2D SPACE',''
  ) );
#7252 = PCURVE('',#7253,#7258);
#7253 = PLANE('',#7254);
#7254 = AXIS2_PLACEMENT_3D('',#7255,#7256,#7257);
#7255 = CARTESIAN_POINT('',(26.461388417364,14.137891636868,
    9.296157637454));
#7256 = DIRECTION('',(-0.329190339607,-0.130498996535,0.935202508665));
#7257 = DIRECTION('',(0.943268928204,-5.897751347331E-18,0.332029711148)
  );
#7258 = DEFINITIONAL_REPRESENTATION('',(#7259),#7263);
#7259 = LINE('',#7260,#7261);
#7260 = CARTESIAN_POINT('',(0.,0.));
#7261 = VECTOR('',#7262,1.);
#7262 = DIRECTION('',(0.408472622663,-0.912770571685));
#7263 = ( GEOMETRIC_REPRESENTATION_CONTEXT(2) 
PARAMETRIC_REPRESENTATION_CONTEXT() REPRESENTATION_CONTEXT('2D SPACE',''
  ) );
#7264 = ORIENTED_EDGE('',*,*,#7153,.F.);
#7265 = ADVANCED_FACE('',(#7266),#7227,.T.);
#7266 = FACE_BOUND('',#7267,.T.);
#7267 = EDGE_LOOP('',(#7268,#7296,#7297));
#7268 = ORIENTED_EDGE('',*,*,#7269,.T.);
#7269 = EDGE_CURVE('',#7270,#7212,#7272,.T.);
#7270 = VERTEX_POINT('',#7271);
#7271 = CARTESIAN_POINT('',(25.233959262607,16.199883606813,
    12.909399889854));
#7272 = SURFACE_CURVE('',#7273,(#7277,#7284),.PCURVE_S1.);
#7273 = LINE('',#7274,#7275);
#7274 = CARTESIAN_POINT('',(25.233959262607,16.199883606813,
    12.909399889854));
#7275 = VECTOR('',#7276,1.);
#7276 = DIRECTION('',(0.282980735785,-0.475387115074,-0.833024005654));
#7277 = PCURVE('',#7227,#7278);
#7278 = DEFINITIONAL_REPRESENTATION('',(#7279),#7283);
#7279 = LINE('',#7280,#7281);
#7280 = CARTESIAN_POINT('',(0.,0.));
#7281 = VECTOR('',#7282,1.);
#7282 = DIRECTION('',(0.553225988317,-0.833031215412));
#7283 = ( GEOMETRIC_REPRESENTATION_CONTEXT(2) 
PARAMETRIC_REPRESENTATION_CONTEXT() REPRESENTATION_CONTEXT('2D SPACE',''
  ) );
#7284 = PCURVE('',#7285,#7290);
#7285 = PLANE('',#7286);
#7286 = AXIS2_PLACEMENT_3D('',#7287,#7288,#7289);
#7287 = CARTESIAN_POINT('',(25.233959262607,16.199883606813,
    12.909399889854));
#7288 = DIRECTION('',(-0.850777631941,-0.525414252158,1.082980228065E-02
    ));
#7289 = DIRECTION('',(0.525445066374,-0.850827527895,9.415654289362E-19)
  );
#7290 = DEFINITIONAL_REPRESENTATION('',(#7291),#7295);
#7291 = LINE('',#7292,#7293);
#7292 = CARTESIAN_POINT('',(0.,0.));
#7293 = VECTOR('',#7294,1.);
#7294 = DIRECTION('',(0.553163275408,-0.833072860403));
#7295 = ( GEOMETRIC_REPRESENTATION_CONTEXT(2) 
PARAMETRIC_REPRESENTATION_CONTEXT() REPRESENTATION_CONTEXT('2D SPACE',''
  ) );
#7296 = ORIENTED_EDGE('',*,*,#7211,.T.);
#7297 = ORIENTED_EDGE('',*,*,#7298,.F.);
#7298 = EDGE_CURVE('',#7270,#7096,#7299,.T.);
#7299 = SURFACE_CURVE('',#7300,(#7304,#7311),.PCURVE_S1.);
#7300 = LINE('',#7301,#7302);
#7301 = CARTESIAN_POINT('',(25.233959262607,16.199883606813,
    12.909399889854));
#7302 = VECTOR('',#7303,1.);
#7303 = DIRECTION('',(0.516883560809,-0.85604554069,4.173347624176E-03)
  );
#7304 = PCURVE('',#7227,#7305);
#7305 = DEFINITIONAL_REPRESENTATION('',(#7306),#7310);
#7306 = LINE('',#7307,#7308);
#7307 = CARTESIAN_POINT('',(0.,0.));
#7308 = VECTOR('',#7309,1.);
#7309 = DIRECTION('',(0.999991291396,4.173383744173E-03));
#7310 = ( GEOMETRIC_REPRESENTATION_CONTEXT(2) 
PARAMETRIC_REPRESENTATION_CONTEXT() REPRESENTATION_CONTEXT('2D SPACE',''
  ) );
#7311 = PCURVE('',#7111,#7312);
#7312 = DEFINITIONAL_REPRESENTATION('',(#7313),#7317);
#7313 = LINE('',#7314,#7315);
#7314 = CARTESIAN_POINT('',(-35.67870264574,25.285640024768));
#7315 = VECTOR('',#7316,1.);
#7316 = DIRECTION('',(-0.856054593686,-0.516885415377));
#7317 = ( GEOMETRIC_REPRESENTATION_CONTEXT(2) 
PARAMETRIC_REPRESENTATION_CONTEXT() REPRESENTATION_CONTEXT('2D SPACE',''
  ) );
#7318 = ADVANCED_FACE('',(#7319),#7285,.T.);
#7319 = FACE_BOUND('',#7320,.T.);
#7320 = EDGE_LOOP('',(#7321,#7349,#7375));
#7321 = ORIENTED_EDGE('',*,*,#7322,.F.);
#7322 = EDGE_CURVE('',#7323,#7270,#7325,.T.);
#7323 = VERTEX_POINT('',#7324);
#7324 = CARTESIAN_POINT('',(25.192347522102,16.192894125463,
    9.301327447537));
#7325 = SURFACE_CURVE('',#7326,(#7330,#7337),.PCURVE_S1.);
#7326 = LINE('',#7327,#7328);
#7327 = CARTESIAN_POINT('',(25.192347522102,16.192894125463,
    9.301327447537));
#7328 = VECTOR('',#7329,1.);
#7329 = DIRECTION('',(1.153216738724E-02,1.937046321607E-03,
    0.999931626146));
#7330 = PCURVE('',#7285,#7331);
#7331 = DEFINITIONAL_REPRESENTATION('',(#7332),#7336);
#7332 = LINE('',#7333,#7334);
#7333 = CARTESIAN_POINT('',(-1.591784061315E-02,-3.608284046629));
#7334 = VECTOR('',#7335,1.);
#7335 = DIRECTION('',(4.411428124989E-03,0.999990269604));
#7336 = ( GEOMETRIC_REPRESENTATION_CONTEXT(2) 
PARAMETRIC_REPRESENTATION_CONTEXT() REPRESENTATION_CONTEXT('2D SPACE',''
  ) );
#7337 = PCURVE('',#7338,#7343);
#7338 = PLANE('',#7339);
#7339 = AXIS2_PLACEMENT_3D('',#7340,#7341,#7342);
#7340 = CARTESIAN_POINT('',(23.811252991045,18.197957949244,
    12.849005329529));
#7341 = DIRECTION('',(-0.814703434803,-0.579782426651,1.05190810281E-02)
  );
#7342 = DIRECTION('',(0.579814506085,-0.814748512446,-1.55358467922E-19)
  );
#7343 = DEFINITIONAL_REPRESENTATION('',(#7344),#7348);
#7344 = LINE('',#7345,#7346);
#7345 = CARTESIAN_POINT('',(2.434401411167,-3.547874175451));
#7346 = VECTOR('',#7347,1.);
#7347 = DIRECTION('',(5.10831232866E-03,0.999986952487));
#7348 = ( GEOMETRIC_REPRESENTATION_CONTEXT(2) 
PARAMETRIC_REPRESENTATION_CONTEXT() REPRESENTATION_CONTEXT('2D SPACE',''
  ) );
#7349 = ORIENTED_EDGE('',*,*,#7350,.T.);
#7350 = EDGE_CURVE('',#7323,#7212,#7351,.T.);
#7351 = SURFACE_CURVE('',#7352,(#7356,#7363),.PCURVE_S1.);
#7352 = LINE('',#7353,#7354);
#7353 = CARTESIAN_POINT('',(25.192347522102,16.192894125463,
    9.301327447537));
#7354 = VECTOR('',#7355,1.);
#7355 = DIRECTION('',(0.52542413847,-0.850837759567,-2.140469246564E-03)
  );
#7356 = PCURVE('',#7285,#7357);
#7357 = DEFINITIONAL_REPRESENTATION('',(#7358),#7362);
#7358 = LINE('',#7359,#7360);
#7359 = CARTESIAN_POINT('',(-1.591784061315E-02,-3.608284046629));
#7360 = VECTOR('',#7361,1.);
#7361 = DIRECTION('',(0.999997708924,-2.140594779665E-03));
#7362 = ( GEOMETRIC_REPRESENTATION_CONTEXT(2) 
PARAMETRIC_REPRESENTATION_CONTEXT() REPRESENTATION_CONTEXT('2D SPACE',''
  ) );
#7363 = PCURVE('',#7364,#7369);
#7364 = PLANE('',#7365);
#7365 = AXIS2_PLACEMENT_3D('',#7366,#7367,#7368);
#7366 = CARTESIAN_POINT('',(23.860033506341,18.254074391643,
    9.294505317577));
#7367 = DIRECTION('',(-0.196430771846,-0.123750331217,0.9726771342));
#7368 = DIRECTION('',(0.980211642991,3.411277667533E-18,0.197952355242)
  );
#7369 = DEFINITIONAL_REPRESENTATION('',(#7370),#7374);
#7370 = LINE('',#7371,#7372);
#7371 = CARTESIAN_POINT('',(1.307300167061,-2.077146490005));
#7372 = VECTOR('',#7373,1.);
#7373 = DIRECTION('',(0.514603147108,-0.857428481558));
#7374 = ( GEOMETRIC_REPRESENTATION_CONTEXT(2) 
PARAMETRIC_REPRESENTATION_CONTEXT() REPRESENTATION_CONTEXT('2D SPACE',''
  ) );
#7375 = ORIENTED_EDGE('',*,*,#7269,.F.);
#7376 = ADVANCED_FACE('',(#7377),#7338,.T.);
#7377 = FACE_BOUND('',#7378,.T.);
#7378 = EDGE_LOOP('',(#7379,#7407,#7408));
#7379 = ORIENTED_EDGE('',*,*,#7380,.T.);
#7380 = EDGE_CURVE('',#7381,#7323,#7383,.T.);
#7381 = VERTEX_POINT('',#7382);
#7382 = CARTESIAN_POINT('',(23.811252991045,18.197957949244,
    12.849005329529));
#7383 = SURFACE_CURVE('',#7384,(#7388,#7395),.PCURVE_S1.);
#7384 = LINE('',#7385,#7386);
#7385 = CARTESIAN_POINT('',(23.811252991045,18.197957949244,
    12.849005329529));
#7386 = VECTOR('',#7387,1.);
#7387 = DIRECTION('',(0.32097894373,-0.46599508853,-0.824512640987));
#7388 = PCURVE('',#7338,#7389);
#7389 = DEFINITIONAL_REPRESENTATION('',(#7390),#7394);
#7390 = LINE('',#7391,#7392);
#7391 = CARTESIAN_POINT('',(0.,0.));
#7392 = VECTOR('',#7393,1.);
#7393 = DIRECTION('',(0.565777052909,-0.824558261375));
#7394 = ( GEOMETRIC_REPRESENTATION_CONTEXT(2) 
PARAMETRIC_REPRESENTATION_CONTEXT() REPRESENTATION_CONTEXT('2D SPACE',''
  ) );
#7395 = PCURVE('',#7396,#7401);
#7396 = PLANE('',#7397);
#7397 = AXIS2_PLACEMENT_3D('',#7398,#7399,#7400);
#7398 = CARTESIAN_POINT('',(23.811252991045,18.197957949244,
    12.849005329529));
#7399 = DIRECTION('',(-0.839628685604,-0.542789077822,-2.00919712257E-02
    ));
#7400 = DIRECTION('',(0.542898669534,-0.839798210654,-3.176079757802E-20
    ));
#7401 = DEFINITIONAL_REPRESENTATION('',(#7402),#7406);
#7402 = LINE('',#7403,#7404);
#7403 = CARTESIAN_POINT('',(0.,0.));
#7404 = VECTOR('',#7405,1.);
#7405 = DIRECTION('',(0.56560088302,-0.824679114036));
#7406 = ( GEOMETRIC_REPRESENTATION_CONTEXT(2) 
PARAMETRIC_REPRESENTATION_CONTEXT() REPRESENTATION_CONTEXT('2D SPACE',''
  ) );
#7407 = ORIENTED_EDGE('',*,*,#7322,.T.);
#7408 = ORIENTED_EDGE('',*,*,#7409,.F.);
#7409 = EDGE_CURVE('',#7381,#7270,#7410,.T.);
#7410 = SURFACE_CURVE('',#7411,(#7415,#7422),.PCURVE_S1.);
#7411 = LINE('',#7412,#7413);
#7412 = CARTESIAN_POINT('',(23.811252991045,18.197957949244,
    12.849005329529));
#7413 = VECTOR('',#7414,1.);
#7414 = DIRECTION('',(0.579849778514,-0.814351484963,2.461489987634E-02)
  );
#7415 = PCURVE('',#7338,#7416);
#7416 = DEFINITIONAL_REPRESENTATION('',(#7417),#7421);
#7417 = LINE('',#7418,#7419);
#7418 = CARTESIAN_POINT('',(0.,0.));
#7419 = VECTOR('',#7420,1.);
#7420 = DIRECTION('',(0.999696973915,2.461626182182E-02));
#7421 = ( GEOMETRIC_REPRESENTATION_CONTEXT(2) 
PARAMETRIC_REPRESENTATION_CONTEXT() REPRESENTATION_CONTEXT('2D SPACE',''
  ) );
#7422 = PCURVE('',#7423,#7428);
#7423 = PLANE('',#7424);
#7424 = AXIS2_PLACEMENT_3D('',#7425,#7426,#7427);
#7425 = CARTESIAN_POINT('',(50.519508563345,51.878617592485,
    12.860905710312));
#7426 = DIRECTION('',(-2.031171316401E-02,1.575366941542E-02,
    0.999669573513));
#7427 = DIRECTION('',(0.999793644655,-3.289629485783E-20,
    2.031423409444E-02));
#7428 = DEFINITIONAL_REPRESENTATION('',(#7429),#7433);
#7429 = LINE('',#7430,#7431);
#7430 = CARTESIAN_POINT('',(-26.70298592813,-33.68483982238));
#7431 = VECTOR('',#7432,1.);
#7432 = DIRECTION('',(0.580230156251,-0.814452555878));
#7433 = ( GEOMETRIC_REPRESENTATION_CONTEXT(2) 
PARAMETRIC_REPRESENTATION_CONTEXT() REPRESENTATION_CONTEXT('2D SPACE',''
  ) );
#7434 = ADVANCED_FACE('',(#7435),#7396,.T.);
#7435 = FACE_BOUND('',#7436,.T.);
#7436 = EDGE_LOOP('',(#7437,#7465,#7486));
#7437 = ORIENTED_EDGE('',*,*,#7438,.T.);
#7438 = EDGE_CURVE('',#7381,#7439,#7441,.T.);
#7439 = VERTEX_POINT('',#7440);
#7440 = CARTESIAN_POINT('',(23.860033506341,18.254074391643,
    9.294505317577));
#7441 = SURFACE_CURVE('',#7442,(#7446,#7453),.PCURVE_S1.);
#7442 = LINE('',#7443,#7444);
#7443 = CARTESIAN_POINT('',(23.811252991045,18.197957949244,
    12.849005329529));
#7444 = VECTOR('',#7445,1.);
#7445 = DIRECTION('',(1.372059247173E-02,1.578398326529E-02,
    -0.999781281688));
#7446 = PCURVE('',#7396,#7447);
#7447 = DEFINITIONAL_REPRESENTATION('',(#7448),#7452);
#7448 = LINE('',#7449,#7450);
#7449 = CARTESIAN_POINT('',(0.,0.));
#7450 = VECTOR('',#7451,1.);
#7451 = DIRECTION('',(-5.806469505061E-03,-0.999983142314));
#7452 = ( GEOMETRIC_REPRESENTATION_CONTEXT(2) 
PARAMETRIC_REPRESENTATION_CONTEXT() REPRESENTATION_CONTEXT('2D SPACE',''
  ) );
#7453 = PCURVE('',#7454,#7459);
#7454 = PLANE('',#7455);
#7455 = AXIS2_PLACEMENT_3D('',#7456,#7457,#7458);
#7456 = CARTESIAN_POINT('',(22.251414490854,20.117746010925,
    12.872940940076));
#7457 = DIRECTION('',(-0.776072860017,-0.63030666886,-2.06014352651E-02)
  );
#7458 = DIRECTION('',(0.630440468558,-0.776237602545,9.74208040223E-19)
  );
#7459 = DEFINITIONAL_REPRESENTATION('',(#7460),#7464);
#7460 = LINE('',#7461,#7462);
#7461 = CARTESIAN_POINT('',(2.473596997328,-2.394069153068E-02));
#7462 = VECTOR('',#7463,1.);
#7463 = DIRECTION('',(-3.602104581684E-03,-0.9999935124));
#7464 = ( GEOMETRIC_REPRESENTATION_CONTEXT(2) 
PARAMETRIC_REPRESENTATION_CONTEXT() REPRESENTATION_CONTEXT('2D SPACE',''
  ) );
#7465 = ORIENTED_EDGE('',*,*,#7466,.T.);
#7466 = EDGE_CURVE('',#7439,#7323,#7467,.T.);
#7467 = SURFACE_CURVE('',#7468,(#7472,#7479),.PCURVE_S1.);
#7468 = LINE('',#7469,#7470);
#7469 = CARTESIAN_POINT('',(23.860033506341,18.254074391643,
    9.294505317577));
#7470 = VECTOR('',#7471,1.);
#7471 = DIRECTION('',(0.542849659943,-0.839825291441,2.779668220083E-03)
  );
#7472 = PCURVE('',#7396,#7473);
#7473 = DEFINITIONAL_REPRESENTATION('',(#7474),#7478);
#7474 = LINE('',#7475,#7476);
#7475 = CARTESIAN_POINT('',(-2.064361106089E-02,-3.555217682515));
#7476 = VECTOR('',#7477,1.);
#7477 = DIRECTION('',(0.999996135155,2.7802294484E-03));
#7478 = ( GEOMETRIC_REPRESENTATION_CONTEXT(2) 
PARAMETRIC_REPRESENTATION_CONTEXT() REPRESENTATION_CONTEXT('2D SPACE',''
  ) );
#7479 = PCURVE('',#7364,#7480);
#7480 = DEFINITIONAL_REPRESENTATION('',(#7481),#7485);
#7481 = LINE('',#7482,#7483);
#7482 = CARTESIAN_POINT('',(0.,0.));
#7483 = VECTOR('',#7484,1.);
#7484 = DIRECTION('',(0.532657798941,-0.846330709137));
#7485 = ( GEOMETRIC_REPRESENTATION_CONTEXT(2) 
PARAMETRIC_REPRESENTATION_CONTEXT() REPRESENTATION_CONTEXT('2D SPACE',''
  ) );
#7486 = ORIENTED_EDGE('',*,*,#7380,.F.);
#7487 = ADVANCED_FACE('',(#7488),#7454,.T.);
#7488 = FACE_BOUND('',#7489,.T.);
#7489 = EDGE_LOOP('',(#7490,#7518,#7519));
#7490 = ORIENTED_EDGE('',*,*,#7491,.T.);
#7491 = EDGE_CURVE('',#7492,#7439,#7494,.T.);
#7492 = VERTEX_POINT('',#7493);
#7493 = CARTESIAN_POINT('',(22.251414490854,20.117746010925,
    12.872940940076));
#7494 = SURFACE_CURVE('',#7495,(#7499,#7506),.PCURVE_S1.);
#7495 = LINE('',#7496,#7497);
#7496 = CARTESIAN_POINT('',(22.251414490854,20.117746010925,
    12.872940940076));
#7497 = VECTOR('',#7498,1.);
#7498 = DIRECTION('',(0.370349534902,-0.429069848588,-0.823856957869));
#7499 = PCURVE('',#7454,#7500);
#7500 = DEFINITIONAL_REPRESENTATION('',(#7501),#7505);
#7501 = LINE('',#7502,#7503);
#7502 = CARTESIAN_POINT('',(0.,0.));
#7503 = VECTOR('',#7504,1.);
#7504 = DIRECTION('',(0.566543484907,-0.824031843869));
#7505 = ( GEOMETRIC_REPRESENTATION_CONTEXT(2) 
PARAMETRIC_REPRESENTATION_CONTEXT() REPRESENTATION_CONTEXT('2D SPACE',''
  ) );
#7506 = PCURVE('',#7507,#7512);
#7507 = PLANE('',#7508);
#7508 = AXIS2_PLACEMENT_3D('',#7509,#7510,#7511);
#7509 = CARTESIAN_POINT('',(22.251414490854,20.117746010925,
    12.872940940076));
#7510 = DIRECTION('',(-0.76198418098,-0.647574151003,-5.27511974815E-03)
  );
#7511 = DIRECTION('',(0.647583161178,-0.761994783026,-3.328082520842E-19
    ));
#7512 = DEFINITIONAL_REPRESENTATION('',(#7513),#7517);
#7513 = LINE('',#7514,#7515);
#7514 = CARTESIAN_POINT('',(0.,0.));
#7515 = VECTOR('',#7516,1.);
#7516 = DIRECTION('',(0.566781108731,-0.823868420797));
#7517 = ( GEOMETRIC_REPRESENTATION_CONTEXT(2) 
PARAMETRIC_REPRESENTATION_CONTEXT() REPRESENTATION_CONTEXT('2D SPACE',''
  ) );
#7518 = ORIENTED_EDGE('',*,*,#7438,.F.);
#7519 = ORIENTED_EDGE('',*,*,#7520,.F.);
#7520 = EDGE_CURVE('',#7492,#7381,#7521,.T.);
#7521 = SURFACE_CURVE('',#7522,(#7526,#7533),.PCURVE_S1.);
#7522 = LINE('',#7523,#7524);
#7523 = CARTESIAN_POINT('',(22.251414490854,20.117746010925,
    12.872940940076));
#7524 = VECTOR('',#7525,1.);
#7525 = DIRECTION('',(0.630565710361,-0.776075550584,-9.675985857583E-03
    ));
#7526 = PCURVE('',#7454,#7527);
#7527 = DEFINITIONAL_REPRESENTATION('',(#7528),#7532);
#7528 = LINE('',#7529,#7530);
#7529 = CARTESIAN_POINT('',(0.,0.));
#7530 = VECTOR('',#7531,1.);
#7531 = DIRECTION('',(0.999953166676,-9.678039848195E-03));
#7532 = ( GEOMETRIC_REPRESENTATION_CONTEXT(2) 
PARAMETRIC_REPRESENTATION_CONTEXT() REPRESENTATION_CONTEXT('2D SPACE',''
  ) );
#7533 = PCURVE('',#7534,#7539);
#7534 = PLANE('',#7535);
#7535 = AXIS2_PLACEMENT_3D('',#7536,#7537,#7538);
#7536 = CARTESIAN_POINT('',(50.519508563345,51.878617592485,
    12.860905710312));
#7537 = DIRECTION('',(7.545309153546E-03,-6.336629110107E-03,
    0.999951456542));
#7538 = DIRECTION('',(0.999971532607,-3.797468606402E-21,
    -7.545460641011E-03));
#7539 = DEFINITIONAL_REPRESENTATION('',(#7540),#7544);
#7540 = LINE('',#7541,#7542);
#7541 = CARTESIAN_POINT('',(-28.26738016489,-31.76150924581));
#7542 = VECTOR('',#7543,1.);
#7543 = DIRECTION('',(0.63062076957,-0.776091131883));
#7544 = ( GEOMETRIC_REPRESENTATION_CONTEXT(2) 
PARAMETRIC_REPRESENTATION_CONTEXT() REPRESENTATION_CONTEXT('2D SPACE',''
  ) );
#7545 = ADVANCED_FACE('',(#7546),#7507,.T.);
#7546 = FACE_BOUND('',#7547,.T.);
#7547 = EDGE_LOOP('',(#7548,#7576,#7602));
#7548 = ORIENTED_EDGE('',*,*,#7549,.T.);
#7549 = EDGE_CURVE('',#7492,#7550,#7552,.T.);
#7550 = VERTEX_POINT('',#7551);
#7551 = CARTESIAN_POINT('',(22.270974452512,20.123293110702,
    9.366567497283));
#7552 = SURFACE_CURVE('',#7553,(#7557,#7564),.PCURVE_S1.);
#7553 = LINE('',#7554,#7555);
#7554 = CARTESIAN_POINT('',(22.251414490854,20.117746010925,
    12.872940940076));
#7555 = VECTOR('',#7556,1.);
#7556 = DIRECTION('',(5.578308519921E-03,1.581978251865E-03,
    -0.999983189768));
#7557 = PCURVE('',#7507,#7558);
#7558 = DEFINITIONAL_REPRESENTATION('',(#7559),#7563);
#7559 = LINE('',#7560,#7561);
#7560 = CARTESIAN_POINT('',(0.,0.));
#7561 = VECTOR('',#7562,1.);
#7562 = DIRECTION('',(2.406959490575E-03,-0.999997103269));
#7563 = ( GEOMETRIC_REPRESENTATION_CONTEXT(2) 
PARAMETRIC_REPRESENTATION_CONTEXT() REPRESENTATION_CONTEXT('2D SPACE',''
  ) );
#7564 = PCURVE('',#7565,#7570);
#7565 = PLANE('',#7566);
#7566 = AXIS2_PLACEMENT_3D('',#7567,#7568,#7569);
#7567 = CARTESIAN_POINT('',(20.584319526028,21.828542921212,
    12.899410320147));
#7568 = DIRECTION('',(-0.716225259158,-0.697850538661,
    -5.099395562577E-03));
#7569 = DIRECTION('',(0.697859612233,-0.716234571641,-4.043125121956E-20
    ));
#7570 = DEFINITIONAL_REPRESENTATION('',(#7571),#7575);
#7571 = LINE('',#7572,#7573);
#7572 = CARTESIAN_POINT('',(2.388730137914,-2.646972422974E-02));
#7573 = VECTOR('',#7574,1.);
#7574 = DIRECTION('',(2.759808705059E-03,-0.999996191721));
#7575 = ( GEOMETRIC_REPRESENTATION_CONTEXT(2) 
PARAMETRIC_REPRESENTATION_CONTEXT() REPRESENTATION_CONTEXT('2D SPACE',''
  ) );
#7576 = ORIENTED_EDGE('',*,*,#7577,.T.);
#7577 = EDGE_CURVE('',#7550,#7439,#7578,.T.);
#7578 = SURFACE_CURVE('',#7579,(#7583,#7590),.PCURVE_S1.);
#7579 = LINE('',#7580,#7581);
#7580 = CARTESIAN_POINT('',(22.270974452512,20.123293110702,
    9.366567497283));
#7581 = VECTOR('',#7582,1.);
#7582 = DIRECTION('',(0.647422000541,-0.761565984364,-2.935991613175E-02
    ));
#7583 = PCURVE('',#7507,#7584);
#7584 = DEFINITIONAL_REPRESENTATION('',(#7585),#7589);
#7585 = LINE('',#7586,#7587);
#7586 = CARTESIAN_POINT('',(8.43984071131E-03,-3.506422229542));
#7587 = VECTOR('',#7588,1.);
#7588 = DIRECTION('',(0.999568892742,-2.936032463783E-02));
#7589 = ( GEOMETRIC_REPRESENTATION_CONTEXT(2) 
PARAMETRIC_REPRESENTATION_CONTEXT() REPRESENTATION_CONTEXT('2D SPACE',''
  ) );
#7590 = PCURVE('',#7591,#7596);
#7591 = PLANE('',#7592);
#7592 = AXIS2_PLACEMENT_3D('',#7593,#7594,#7595);
#7593 = CARTESIAN_POINT('',(22.270974452512,20.123293110702,
    9.366567497283));
#7594 = DIRECTION('',(8.767933078185E-02,3.615964921161E-02,
    0.995492247445));
#7595 = DIRECTION('',(0.996143699481,1.415352295081E-19,
    -8.773670830411E-02));
#7596 = DEFINITIONAL_REPRESENTATION('',(#7597),#7601);
#7597 = LINE('',#7598,#7599);
#7598 = CARTESIAN_POINT('',(0.,0.));
#7599 = VECTOR('',#7600,1.);
#7600 = DIRECTION('',(0.647501289142,-0.762064354605));
#7601 = ( GEOMETRIC_REPRESENTATION_CONTEXT(2) 
PARAMETRIC_REPRESENTATION_CONTEXT() REPRESENTATION_CONTEXT('2D SPACE',''
  ) );
#7602 = ORIENTED_EDGE('',*,*,#7491,.F.);
#7603 = ADVANCED_FACE('',(#7604),#7565,.T.);
#7604 = FACE_BOUND('',#7605,.T.);
#7605 = EDGE_LOOP('',(#7606,#7634,#7635));
#7606 = ORIENTED_EDGE('',*,*,#7607,.T.);
#7607 = EDGE_CURVE('',#7608,#7550,#7610,.T.);
#7608 = VERTEX_POINT('',#7609);
#7609 = CARTESIAN_POINT('',(20.584319526028,21.828542921212,
    12.899410320147));
#7610 = SURFACE_CURVE('',#7611,(#7615,#7622),.PCURVE_S1.);
#7611 = LINE('',#7612,#7613);
#7612 = CARTESIAN_POINT('',(20.584319526028,21.828542921212,
    12.899410320147));
#7613 = VECTOR('',#7614,1.);
#7614 = DIRECTION('',(0.394992919782,-0.399347602782,-0.827346412015));
#7615 = PCURVE('',#7565,#7616);
#7616 = DEFINITIONAL_REPRESENTATION('',(#7617),#7621);
#7617 = LINE('',#7618,#7619);
#7618 = CARTESIAN_POINT('',(0.,0.));
#7619 = VECTOR('',#7620,1.);
#7620 = DIRECTION('',(0.561676165048,-0.827357169315));
#7621 = ( GEOMETRIC_REPRESENTATION_CONTEXT(2) 
PARAMETRIC_REPRESENTATION_CONTEXT() REPRESENTATION_CONTEXT('2D SPACE',''
  ) );
#7622 = PCURVE('',#7623,#7628);
#7623 = PLANE('',#7624);
#7624 = AXIS2_PLACEMENT_3D('',#7625,#7626,#7627);
#7625 = CARTESIAN_POINT('',(20.584319526028,21.828542921212,
    12.899410320147));
#7626 = DIRECTION('',(-0.712169479713,-0.702006619278,-1.15700220864E-03
    ));
#7627 = DIRECTION('',(0.702007089151,-0.712169956388,-1.696252060332E-20
    ));
#7628 = DEFINITIONAL_REPRESENTATION('',(#7629),#7633);
#7629 = LINE('',#7630,#7631);
#7630 = CARTESIAN_POINT('',(0.,0.));
#7631 = VECTOR('',#7632,1.);
#7632 = DIRECTION('',(0.561691194708,-0.827346965781));
#7633 = ( GEOMETRIC_REPRESENTATION_CONTEXT(2) 
PARAMETRIC_REPRESENTATION_CONTEXT() REPRESENTATION_CONTEXT('2D SPACE',''
  ) );
#7634 = ORIENTED_EDGE('',*,*,#7549,.F.);
#7635 = ORIENTED_EDGE('',*,*,#7636,.F.);
#7636 = EDGE_CURVE('',#7608,#7492,#7637,.T.);
#7637 = SURFACE_CURVE('',#7638,(#7642,#7649),.PCURVE_S1.);
#7638 = LINE('',#7639,#7640);
#7639 = CARTESIAN_POINT('',(20.584319526028,21.828542921212,
    12.899410320147));
#7640 = VECTOR('',#7641,1.);
#7641 = DIRECTION('',(0.697857240593,-0.71615117088,-1.108026172822E-02)
  );
#7642 = PCURVE('',#7565,#7643);
#7643 = DEFINITIONAL_REPRESENTATION('',(#7644),#7648);
#7644 = LINE('',#7645,#7646);
#7645 = CARTESIAN_POINT('',(0.,0.));
#7646 = VECTOR('',#7647,1.);
#7647 = DIRECTION('',(0.999938610419,-1.108040579568E-02));
#7648 = ( GEOMETRIC_REPRESENTATION_CONTEXT(2) 
PARAMETRIC_REPRESENTATION_CONTEXT() REPRESENTATION_CONTEXT('2D SPACE',''
  ) );
#7649 = PCURVE('',#7650,#7655);
#7650 = PLANE('',#7651);
#7651 = AXIS2_PLACEMENT_3D('',#7652,#7653,#7654);
#7652 = CARTESIAN_POINT('',(50.519508563345,51.878617592485,
    12.860905710312));
#7653 = DIRECTION('',(8.500962520973E-03,-7.187193324905E-03,
    0.999938037024));
#7654 = DIRECTION('',(0.999963864299,-1.856299861663E-21,
    -8.501182091268E-03));
#7655 = DEFINITIONAL_REPRESENTATION('',(#7656),#7660);
#7656 = LINE('',#7657,#7658);
#7657 = CARTESIAN_POINT('',(-29.93443464296,-30.05085083088));
#7658 = VECTOR('',#7659,1.);
#7659 = DIRECTION('',(0.697926218355,-0.716169668258));
#7660 = ( GEOMETRIC_REPRESENTATION_CONTEXT(2) 
PARAMETRIC_REPRESENTATION_CONTEXT() REPRESENTATION_CONTEXT('2D SPACE',''
  ) );
#7661 = ADVANCED_FACE('',(#7662),#7623,.T.);
#7662 = FACE_BOUND('',#7663,.T.);
#7663 = EDGE_LOOP('',(#7664,#7692,#7718));
#7664 = ORIENTED_EDGE('',*,*,#7665,.F.);
#7665 = EDGE_CURVE('',#7666,#7608,#7668,.T.);
#7666 = VERTEX_POINT('',#7667);
#7667 = CARTESIAN_POINT('',(20.544989989322,21.874362150372,
    9.307276756288));
#7668 = SURFACE_CURVE('',#7669,(#7673,#7680),.PCURVE_S1.);
#7669 = LINE('',#7670,#7671);
#7670 = CARTESIAN_POINT('',(20.544989989322,21.874362150372,
    9.307276756288));
#7671 = VECTOR('',#7672,1.);
#7672 = DIRECTION('',(1.094724913979E-02,-1.275363401188E-02,
    0.999858741301));
#7673 = PCURVE('',#7623,#7674);
#7674 = DEFINITIONAL_REPRESENTATION('',(#7675),#7679);
#7675 = LINE('',#7676,#7677);
#7676 = CARTESIAN_POINT('',(-6.024069201333E-02,-3.592135968174));
#7677 = VECTOR('',#7678,1.);
#7678 = DIRECTION('',(1.676780148086E-02,0.999859410534));
#7679 = ( GEOMETRIC_REPRESENTATION_CONTEXT(2) 
PARAMETRIC_REPRESENTATION_CONTEXT() REPRESENTATION_CONTEXT('2D SPACE',''
  ) );
#7680 = PCURVE('',#7681,#7686);
#7681 = PLANE('',#7682);
#7682 = AXIS2_PLACEMENT_3D('',#7683,#7684,#7685);
#7683 = CARTESIAN_POINT('',(20.584319526028,21.828542921212,
    12.899410320147));
#7684 = DIRECTION('',(-0.647228710626,-0.762291310762,-2.63698293902E-03
    ));
#7685 = DIRECTION('',(-0.76229396114,0.647230960948,-1.966288558311E-19)
  );
#7686 = DEFINITIONAL_REPRESENTATION('',(#7687),#7691);
#7687 = LINE('',#7688,#7689);
#7688 = CARTESIAN_POINT('',(5.963629204463E-02,3.592146053196));
#7689 = VECTOR('',#7690,1.);
#7690 = DIRECTION('',(-1.659956870744E-02,-0.999862217667));
#7691 = ( GEOMETRIC_REPRESENTATION_CONTEXT(2) 
PARAMETRIC_REPRESENTATION_CONTEXT() REPRESENTATION_CONTEXT('2D SPACE',''
  ) );
#7692 = ORIENTED_EDGE('',*,*,#7693,.T.);
#7693 = EDGE_CURVE('',#7666,#7550,#7694,.T.);
#7694 = SURFACE_CURVE('',#7695,(#7699,#7706),.PCURVE_S1.);
#7695 = LINE('',#7696,#7697);
#7696 = CARTESIAN_POINT('',(20.544989989322,21.874362150372,
    9.307276756288));
#7697 = VECTOR('',#7698,1.);
#7698 = DIRECTION('',(0.701783201012,-0.711982559554,2.410754377794E-02)
  );
#7699 = PCURVE('',#7623,#7700);
#7700 = DEFINITIONAL_REPRESENTATION('',(#7701),#7705);
#7701 = LINE('',#7702,#7703);
#7702 = CARTESIAN_POINT('',(-6.024069201333E-02,-3.592135968174));
#7703 = VECTOR('',#7704,1.);
#7704 = DIRECTION('',(0.999709370545,2.410755991379E-02));
#7705 = ( GEOMETRIC_REPRESENTATION_CONTEXT(2) 
PARAMETRIC_REPRESENTATION_CONTEXT() REPRESENTATION_CONTEXT('2D SPACE',''
  ) );
#7706 = PCURVE('',#7707,#7712);
#7707 = PLANE('',#7708);
#7708 = AXIS2_PLACEMENT_3D('',#7709,#7710,#7711);
#7709 = CARTESIAN_POINT('',(20.544989989322,21.874362150372,
    9.307276756288));
#7710 = DIRECTION('',(-6.4241649007E-02,-2.954638444502E-02,
    0.99749687804));
#7711 = DIRECTION('',(0.997932565141,-1.36818840381E-19,
    6.426970850118E-02));
#7712 = DEFINITIONAL_REPRESENTATION('',(#7713),#7717);
#7713 = LINE('',#7714,#7715);
#7714 = CARTESIAN_POINT('',(0.,0.));
#7715 = VECTOR('',#7716,1.);
#7716 = DIRECTION('',(0.701881694771,-0.712293539593));
#7717 = ( GEOMETRIC_REPRESENTATION_CONTEXT(2) 
PARAMETRIC_REPRESENTATION_CONTEXT() REPRESENTATION_CONTEXT('2D SPACE',''
  ) );
#7718 = ORIENTED_EDGE('',*,*,#7607,.F.);
#7719 = ADVANCED_FACE('',(#7720),#7681,.T.);
#7720 = FACE_BOUND('',#7721,.T.);
#7721 = EDGE_LOOP('',(#7722,#7750,#7776));
#7722 = ORIENTED_EDGE('',*,*,#7723,.F.);
#7723 = EDGE_CURVE('',#7724,#7608,#7726,.T.);
#7724 = VERTEX_POINT('',#7725);
#7725 = CARTESIAN_POINT('',(18.716708606384,23.426489855751,
    9.361406472188));
#7726 = SURFACE_CURVE('',#7727,(#7731,#7738),.PCURVE_S1.);
#7727 = LINE('',#7728,#7729);
#7728 = CARTESIAN_POINT('',(18.716708606384,23.426489855751,
    9.361406472188));
#7729 = VECTOR('',#7730,1.);
#7730 = DIRECTION('',(0.433521426822,-0.370925350543,0.821263390643));
#7731 = PCURVE('',#7681,#7732);
#7732 = DEFINITIONAL_REPRESENTATION('',(#7733),#7737);
#7733 = LINE('',#7734,#7735);
#7734 = CARTESIAN_POINT('',(2.457909255789,3.538016149094));
#7735 = VECTOR('',#7736,1.);
#7736 = DIRECTION('',(-0.570545136763,-0.821266246059));
#7737 = ( GEOMETRIC_REPRESENTATION_CONTEXT(2) 
PARAMETRIC_REPRESENTATION_CONTEXT() REPRESENTATION_CONTEXT('2D SPACE',''
  ) );
#7738 = PCURVE('',#7739,#7744);
#7739 = PLANE('',#7740);
#7740 = AXIS2_PLACEMENT_3D('',#7741,#7742,#7743);
#7741 = CARTESIAN_POINT('',(18.72972947516,23.43689477727,
    12.951886679207));
#7742 = DIRECTION('',(-0.655091992869,-0.755535333456,4.565170055123E-03
    ));
#7743 = DIRECTION('',(-0.755543206551,0.655098819289,-2.04441279339E-20)
  );
#7744 = DEFINITIONAL_REPRESENTATION('',(#7745),#7749);
#7745 = LINE('',#7746,#7747);
#7746 = CARTESIAN_POINT('',(3.021577145279E-03,3.590517621803));
#7747 = VECTOR('',#7748,1.);
#7748 = DIRECTION('',(-0.570536928115,-0.821271948661));
#7749 = ( GEOMETRIC_REPRESENTATION_CONTEXT(2) 
PARAMETRIC_REPRESENTATION_CONTEXT() REPRESENTATION_CONTEXT('2D SPACE',''
  ) );
#7750 = ORIENTED_EDGE('',*,*,#7751,.T.);
#7751 = EDGE_CURVE('',#7724,#7666,#7752,.T.);
#7752 = SURFACE_CURVE('',#7753,(#7757,#7764),.PCURVE_S1.);
#7753 = LINE('',#7754,#7755);
#7754 = CARTESIAN_POINT('',(18.716708606384,23.426489855751,
    9.361406472188));
#7755 = VECTOR('',#7756,1.);
#7756 = DIRECTION('',(0.76213838269,-0.647020808802,-2.256454313715E-02)
  );
#7757 = PCURVE('',#7681,#7758);
#7758 = DEFINITIONAL_REPRESENTATION('',(#7759),#7763);
#7759 = LINE('',#7760,#7761);
#7760 = CARTESIAN_POINT('',(2.457909255789,3.538016149094));
#7761 = VECTOR('',#7762,1.);
#7762 = DIRECTION('',(-0.999745386512,2.256462159086E-02));
#7763 = ( GEOMETRIC_REPRESENTATION_CONTEXT(2) 
PARAMETRIC_REPRESENTATION_CONTEXT() REPRESENTATION_CONTEXT('2D SPACE',''
  ) );
#7764 = PCURVE('',#7765,#7770);
#7765 = PLANE('',#7766);
#7766 = AXIS2_PLACEMENT_3D('',#7767,#7768,#7769);
#7767 = CARTESIAN_POINT('',(20.544989989322,21.874362150372,
    9.307276756288));
#7768 = DIRECTION('',(-8.743605974485E-02,-0.137401539786,0.986648748198
    ));
#7769 = DIRECTION('',(1.418395400957E-18,0.990442008579,0.137929792437)
  );
#7770 = DEFINITIONAL_REPRESENTATION('',(#7771),#7775);
#7771 = LINE('',#7772,#7773);
#7772 = CARTESIAN_POINT('',(1.544758582566,1.835310376131));
#7773 = VECTOR('',#7774,1.);
#7774 = DIRECTION('',(-0.643948912214,-0.765068492658));
#7775 = ( GEOMETRIC_REPRESENTATION_CONTEXT(2) 
PARAMETRIC_REPRESENTATION_CONTEXT() REPRESENTATION_CONTEXT('2D SPACE',''
  ) );
#7776 = ORIENTED_EDGE('',*,*,#7665,.T.);
#7777 = ADVANCED_FACE('',(#7778),#7111,.T.);
#7778 = FACE_BOUND('',#7779,.T.);
#7779 = EDGE_LOOP('',(#7780,#7801,#7802));
#7780 = ORIENTED_EDGE('',*,*,#7781,.F.);
#7781 = EDGE_CURVE('',#7270,#6753,#7782,.T.);
#7782 = SURFACE_CURVE('',#7783,(#7787,#7794),.PCURVE_S1.);
#7783 = LINE('',#7784,#7785);
#7784 = CARTESIAN_POINT('',(25.233959262607,16.199883606813,
    12.909399889854));
#7785 = VECTOR('',#7786,1.);
#7786 = DIRECTION('',(0.578216640271,0.815882520445,-1.108939388014E-03)
  );
#7787 = PCURVE('',#7111,#7788);
#7788 = DEFINITIONAL_REPRESENTATION('',(#7789),#7793);
#7789 = LINE('',#7790,#7791);
#7790 = CARTESIAN_POINT('',(-35.67870264574,25.285640024768));
#7791 = VECTOR('',#7792,1.);
#7792 = DIRECTION('',(0.81588180378,-0.5782187149));
#7793 = ( GEOMETRIC_REPRESENTATION_CONTEXT(2) 
PARAMETRIC_REPRESENTATION_CONTEXT() REPRESENTATION_CONTEXT('2D SPACE',''
  ) );
#7794 = PCURVE('',#7423,#7795);
#7795 = DEFINITIONAL_REPRESENTATION('',(#7796),#7800);
#7796 = LINE('',#7797,#7798);
#7797 = CARTESIAN_POINT('',(-25.27934637038,-35.68316215012));
#7798 = VECTOR('',#7799,1.);
#7799 = DIRECTION('',(0.578074794922,0.81598378138));
#7800 = ( GEOMETRIC_REPRESENTATION_CONTEXT(2) 
PARAMETRIC_REPRESENTATION_CONTEXT() REPRESENTATION_CONTEXT('2D SPACE',''
  ) );
#7801 = ORIENTED_EDGE('',*,*,#7298,.T.);
#7802 = ORIENTED_EDGE('',*,*,#7095,.T.);
#7803 = ADVANCED_FACE('',(#7804),#7423,.T.);
#7804 = FACE_BOUND('',#7805,.T.);
#7805 = EDGE_LOOP('',(#7806,#7827,#7828));
#7806 = ORIENTED_EDGE('',*,*,#7807,.F.);
#7807 = EDGE_CURVE('',#7381,#6753,#7808,.T.);
#7808 = SURFACE_CURVE('',#7809,(#7813,#7820),.PCURVE_S1.);
#7809 = LINE('',#7810,#7811);
#7810 = CARTESIAN_POINT('',(23.811252991045,18.197957949244,
    12.849005329529));
#7811 = VECTOR('',#7812,1.);
#7812 = DIRECTION('',(0.621337679768,0.783542858467,2.768490425913E-04)
  );
#7813 = PCURVE('',#7423,#7814);
#7814 = DEFINITIONAL_REPRESENTATION('',(#7815),#7819);
#7815 = LINE('',#7816,#7817);
#7816 = CARTESIAN_POINT('',(-26.70298592813,-33.68483982238));
#7817 = VECTOR('',#7818,1.);
#7818 = DIRECTION('',(0.621215087393,0.783640105657));
#7819 = ( GEOMETRIC_REPRESENTATION_CONTEXT(2) 
PARAMETRIC_REPRESENTATION_CONTEXT() REPRESENTATION_CONTEXT('2D SPACE',''
  ) );
#7820 = PCURVE('',#7534,#7821);
#7821 = DEFINITIONAL_REPRESENTATION('',(#7822),#7826);
#7822 = LINE('',#7823,#7824);
#7823 = CARTESIAN_POINT('',(-26.70740546402,-33.68133585115));
#7824 = VECTOR('',#7825,1.);
#7825 = DIRECTION('',(0.62131790295,0.783558589688));
#7826 = ( GEOMETRIC_REPRESENTATION_CONTEXT(2) 
PARAMETRIC_REPRESENTATION_CONTEXT() REPRESENTATION_CONTEXT('2D SPACE',''
  ) );
#7827 = ORIENTED_EDGE('',*,*,#7409,.T.);
#7828 = ORIENTED_EDGE('',*,*,#7781,.T.);
#7829 = ADVANCED_FACE('',(#7830),#7534,.T.);
#7830 = FACE_BOUND('',#7831,.T.);
#7831 = EDGE_LOOP('',(#7832,#7853,#7854));
#7832 = ORIENTED_EDGE('',*,*,#7833,.F.);
#7833 = EDGE_CURVE('',#7492,#6753,#7834,.T.);
#7834 = SURFACE_CURVE('',#7835,(#7839,#7846),.PCURVE_S1.);
#7835 = LINE('',#7836,#7837);
#7836 = CARTESIAN_POINT('',(22.251414490854,20.117746010925,
    12.872940940076));
#7837 = VECTOR('',#7838,1.);
#7838 = DIRECTION('',(0.664839390002,0.746986281922,-2.83057456734E-04)
  );
#7839 = PCURVE('',#7534,#7840);
#7840 = DEFINITIONAL_REPRESENTATION('',(#7841),#7845);
#7841 = LINE('',#7842,#7843);
#7842 = CARTESIAN_POINT('',(-28.26738016489,-31.76150924581));
#7843 = VECTOR('',#7844,1.);
#7844 = DIRECTION('',(0.664822599557,0.747001279195));
#7845 = ( GEOMETRIC_REPRESENTATION_CONTEXT(2) 
PARAMETRIC_REPRESENTATION_CONTEXT() REPRESENTATION_CONTEXT('2D SPACE',''
  ) );
#7846 = PCURVE('',#7650,#7847);
#7847 = DEFINITIONAL_REPRESENTATION('',(#7848),#7852);
#7848 = LINE('',#7849,#7850);
#7849 = CARTESIAN_POINT('',(-28.26717489876,-31.76169192913));
#7850 = VECTOR('',#7851,1.);
#7851 = DIRECTION('',(0.664817771888,0.747005575737));
#7852 = ( GEOMETRIC_REPRESENTATION_CONTEXT(2) 
PARAMETRIC_REPRESENTATION_CONTEXT() REPRESENTATION_CONTEXT('2D SPACE',''
  ) );
#7853 = ORIENTED_EDGE('',*,*,#7520,.T.);
#7854 = ORIENTED_EDGE('',*,*,#7807,.T.);
#7855 = ADVANCED_FACE('',(#7856),#7650,.T.);
#7856 = FACE_BOUND('',#7857,.T.);
#7857 = EDGE_LOOP('',(#7858,#7884,#7885));
#7858 = ORIENTED_EDGE('',*,*,#7859,.F.);
#7859 = EDGE_CURVE('',#7608,#6753,#7860,.T.);
#7860 = SURFACE_CURVE('',#7861,(#7865,#7872),.PCURVE_S1.);
#7861 = LINE('',#7862,#7863);
#7862 = CARTESIAN_POINT('',(20.584319526028,21.828542921212,
    12.899410320147));
#7863 = VECTOR('',#7864,1.);
#7864 = DIRECTION('',(0.70575092321,0.70845946272,-9.07783274881E-04));
#7865 = PCURVE('',#7650,#7866);
#7866 = DEFINITIONAL_REPRESENTATION('',(#7867),#7871);
#7867 = LINE('',#7868,#7869);
#7868 = CARTESIAN_POINT('',(-29.93443464296,-30.05085083088));
#7869 = VECTOR('',#7870,1.);
#7870 = DIRECTION('',(0.705733137637,0.70847776143));
#7871 = ( GEOMETRIC_REPRESENTATION_CONTEXT(2) 
PARAMETRIC_REPRESENTATION_CONTEXT() REPRESENTATION_CONTEXT('2D SPACE',''
  ) );
#7872 = PCURVE('',#7873,#7878);
#7873 = PLANE('',#7874);
#7874 = AXIS2_PLACEMENT_3D('',#7875,#7876,#7877);
#7875 = CARTESIAN_POINT('',(50.519508563345,51.878617592485,
    12.860905710312));
#7876 = DIRECTION('',(1.577321911546E-02,-1.443186053857E-02,
    0.99977143736));
#7877 = DIRECTION('',(0.999875569123,-9.31192097292E-21,
    -1.577486198409E-02));
#7878 = DEFINITIONAL_REPRESENTATION('',(#7879),#7883);
#7879 = LINE('',#7880,#7881);
#7880 = CARTESIAN_POINT('',(-29.9320715804,-30.05320455391));
#7881 = VECTOR('',#7882,1.);
#7882 = DIRECTION('',(0.70567742616,0.708533252719));
#7883 = ( GEOMETRIC_REPRESENTATION_CONTEXT(2) 
PARAMETRIC_REPRESENTATION_CONTEXT() REPRESENTATION_CONTEXT('2D SPACE',''
  ) );
#7884 = ORIENTED_EDGE('',*,*,#7636,.T.);
#7885 = ORIENTED_EDGE('',*,*,#7833,.T.);
#7886 = ADVANCED_FACE('',(#7887),#7873,.T.);
#7887 = FACE_BOUND('',#7888,.T.);
#7888 = EDGE_LOOP('',(#7889,#7917,#7938));
#7889 = ORIENTED_EDGE('',*,*,#7890,.F.);
#7890 = EDGE_CURVE('',#7891,#6753,#7893,.T.);
#7891 = VERTEX_POINT('',#7892);
#7892 = CARTESIAN_POINT('',(18.72972947516,23.43689477727,
    12.951886679207));
#7893 = SURFACE_CURVE('',#7894,(#7898,#7905),.PCURVE_S1.);
#7894 = LINE('',#7895,#7896);
#7895 = CARTESIAN_POINT('',(18.72972947516,23.43689477727,
    12.951886679207));
#7896 = VECTOR('',#7897,1.);
#7897 = DIRECTION('',(0.745260164783,0.666770378403,-2.132902266561E-03)
  );
#7898 = PCURVE('',#7873,#7899);
#7899 = DEFINITIONAL_REPRESENTATION('',(#7900),#7904);
#7900 = LINE('',#7901,#7902);
#7901 = CARTESIAN_POINT('',(-31.78725867032,-28.44468517905));
#7902 = VECTOR('',#7903,1.);
#7903 = DIRECTION('',(0.745201077646,0.666839826252));
#7904 = ( GEOMETRIC_REPRESENTATION_CONTEXT(2) 
PARAMETRIC_REPRESENTATION_CONTEXT() REPRESENTATION_CONTEXT('2D SPACE',''
  ) );
#7905 = PCURVE('',#7906,#7911);
#7906 = PLANE('',#7907);
#7907 = AXIS2_PLACEMENT_3D('',#7908,#7909,#7910);
#7908 = CARTESIAN_POINT('',(50.519508563345,51.878617592485,
    12.860905710312));
#7909 = DIRECTION('',(1.364397207633E-03,1.673839213191E-03,
    0.999997668339));
#7910 = DIRECTION('',(-8.199816034154E-23,0.999998599128,
    -1.673840771186E-03));
#7911 = DEFINITIONAL_REPRESENTATION('',(#7912),#7916);
#7912 = LINE('',#7913,#7914);
#7913 = CARTESIAN_POINT('',(-28.44183525964,31.78980867783));
#7914 = VECTOR('',#7915,1.);
#7915 = DIRECTION('',(0.666773014482,-0.745260858464));
#7916 = ( GEOMETRIC_REPRESENTATION_CONTEXT(2) 
PARAMETRIC_REPRESENTATION_CONTEXT() REPRESENTATION_CONTEXT('2D SPACE',''
  ) );
#7917 = ORIENTED_EDGE('',*,*,#7918,.T.);
#7918 = EDGE_CURVE('',#7891,#7608,#7919,.T.);
#7919 = SURFACE_CURVE('',#7920,(#7924,#7931),.PCURVE_S1.);
#7920 = LINE('',#7921,#7922);
#7921 = CARTESIAN_POINT('',(18.72972947516,23.43689477727,
    12.951886679207));
#7922 = VECTOR('',#7923,1.);
#7923 = DIRECTION('',(0.755306720513,-0.655022906686,-2.137170241363E-02
    ));
#7924 = PCURVE('',#7873,#7925);
#7925 = DEFINITIONAL_REPRESENTATION('',(#7926),#7930);
#7926 = LINE('',#7927,#7928);
#7927 = CARTESIAN_POINT('',(-31.78725867032,-28.44468517905));
#7928 = VECTOR('',#7929,1.);
#7929 = DIRECTION('',(0.755549872692,-0.65509113097));
#7930 = ( GEOMETRIC_REPRESENTATION_CONTEXT(2) 
PARAMETRIC_REPRESENTATION_CONTEXT() REPRESENTATION_CONTEXT('2D SPACE',''
  ) );
#7931 = PCURVE('',#7739,#7932);
#7932 = DEFINITIONAL_REPRESENTATION('',(#7933),#7937);
#7933 = LINE('',#7934,#7935);
#7934 = CARTESIAN_POINT('',(0.,-0.));
#7935 = VECTOR('',#7936,1.);
#7936 = DIRECTION('',(-0.999771594324,2.137192511856E-02));
#7937 = ( GEOMETRIC_REPRESENTATION_CONTEXT(2) 
PARAMETRIC_REPRESENTATION_CONTEXT() REPRESENTATION_CONTEXT('2D SPACE',''
  ) );
#7938 = ORIENTED_EDGE('',*,*,#7859,.T.);
#7939 = ADVANCED_FACE('',(#7940),#7906,.T.);
#7940 = FACE_BOUND('',#7941,.T.);
#7941 = EDGE_LOOP('',(#7942,#7970,#7996));
#7942 = ORIENTED_EDGE('',*,*,#7943,.F.);
#7943 = EDGE_CURVE('',#7944,#6753,#7946,.T.);
#7944 = VERTEX_POINT('',#7945);
#7945 = CARTESIAN_POINT('',(16.693303552679,24.92308683567,
    12.952177527182));
#7946 = SURFACE_CURVE('',#7947,(#7951,#7958),.PCURVE_S1.);
#7947 = LINE('',#7948,#7949);
#7948 = CARTESIAN_POINT('',(16.693303552679,24.92308683567,
    12.952177527182));
#7949 = VECTOR('',#7950,1.);
#7950 = DIRECTION('',(0.78205472681,0.623206186902,-2.110185159253E-03)
  );
#7951 = PCURVE('',#7906,#7952);
#7952 = DEFINITIONAL_REPRESENTATION('',(#7953),#7957);
#7953 = LINE('',#7954,#7955);
#7954 = CARTESIAN_POINT('',(-26.95564577004,33.826236495799));
#7955 = VECTOR('',#7956,1.);
#7956 = DIRECTION('',(0.623208845983,-0.78205545474));
#7957 = ( GEOMETRIC_REPRESENTATION_CONTEXT(2) 
PARAMETRIC_REPRESENTATION_CONTEXT() REPRESENTATION_CONTEXT('2D SPACE',''
  ) );
#7958 = PCURVE('',#7959,#7964);
#7959 = PLANE('',#7960);
#7960 = AXIS2_PLACEMENT_3D('',#7961,#7962,#7963);
#7961 = CARTESIAN_POINT('',(50.519508563345,51.878617592485,
    12.860905710312));
#7962 = DIRECTION('',(-5.399954894361E-04,4.063620527137E-03,
    0.999991597661));
#7963 = DIRECTION('',(-6.17734097641E-22,0.999991743458,
    -4.063621119603E-03));
#7964 = DEFINITIONAL_REPRESENTATION('',(#7965),#7969);
#7965 = LINE('',#7966,#7967);
#7966 = CARTESIAN_POINT('',(-26.95567909141,33.826209942445));
#7967 = VECTOR('',#7968,1.);
#7968 = DIRECTION('',(0.623209616366,-0.782054840832));
#7969 = ( GEOMETRIC_REPRESENTATION_CONTEXT(2) 
PARAMETRIC_REPRESENTATION_CONTEXT() REPRESENTATION_CONTEXT('2D SPACE',''
  ) );
#7970 = ORIENTED_EDGE('',*,*,#7971,.T.);
#7971 = EDGE_CURVE('',#7944,#7891,#7972,.T.);
#7972 = SURFACE_CURVE('',#7973,(#7977,#7984),.PCURVE_S1.);
#7973 = LINE('',#7974,#7975);
#7974 = CARTESIAN_POINT('',(16.693303552679,24.92308683567,
    12.952177527182));
#7975 = VECTOR('',#7976,1.);
#7976 = DIRECTION('',(0.807762323088,-0.589508283309,-1.153668459451E-04
    ));
#7977 = PCURVE('',#7906,#7978);
#7978 = DEFINITIONAL_REPRESENTATION('',(#7979),#7983);
#7979 = LINE('',#7980,#7981);
#7980 = CARTESIAN_POINT('',(-26.95564577004,33.826236495799));
#7981 = VECTOR('',#7982,1.);
#7982 = DIRECTION('',(-0.589507264377,-0.807763074946));
#7983 = ( GEOMETRIC_REPRESENTATION_CONTEXT(2) 
PARAMETRIC_REPRESENTATION_CONTEXT() REPRESENTATION_CONTEXT('2D SPACE',''
  ) );
#7984 = PCURVE('',#7985,#7990);
#7985 = PLANE('',#7986);
#7986 = AXIS2_PLACEMENT_3D('',#7987,#7988,#7989);
#7987 = CARTESIAN_POINT('',(16.693303552679,24.92308683567,
    12.952177527182));
#7988 = DIRECTION('',(-0.589463744118,-0.80769885728,-1.245192031808E-02
    ));
#7989 = DIRECTION('',(-0.807761481545,0.589509447703,6.424950741103E-19)
  );
#7990 = DEFINITIONAL_REPRESENTATION('',(#7991),#7995);
#7991 = LINE('',#7992,#7993);
#7992 = CARTESIAN_POINT('',(0.,0.));
#7993 = VECTOR('',#7994,1.);
#7994 = DIRECTION('',(-0.999999993344,1.153757908184E-04));
#7995 = ( GEOMETRIC_REPRESENTATION_CONTEXT(2) 
PARAMETRIC_REPRESENTATION_CONTEXT() REPRESENTATION_CONTEXT('2D SPACE',''
  ) );
#7996 = ORIENTED_EDGE('',*,*,#7890,.T.);
#7997 = ADVANCED_FACE('',(#7998),#7959,.T.);
#7998 = FACE_BOUND('',#7999,.T.);
#7999 = EDGE_LOOP('',(#8000,#8028,#8054));
#8000 = ORIENTED_EDGE('',*,*,#8001,.F.);
#8001 = EDGE_CURVE('',#8002,#6753,#8004,.T.);
#8002 = VERTEX_POINT('',#8003);
#8003 = CARTESIAN_POINT('',(14.644093491986,26.20938944509,
    12.945843864087));
#8004 = SURFACE_CURVE('',#8005,(#8009,#8016),.PCURVE_S1.);
#8005 = LINE('',#8006,#8007);
#8006 = CARTESIAN_POINT('',(14.644093491986,26.20938944509,
    12.945843864087));
#8007 = VECTOR('',#8008,1.);
#8008 = DIRECTION('',(0.813260667443,0.581896364805,-1.925465098944E-03)
  );
#8009 = PCURVE('',#7959,#8010);
#8010 = DEFINITIONAL_REPRESENTATION('',(#8011),#8015);
#8011 = LINE('',#8012,#8013);
#8012 = CARTESIAN_POINT('',(-25.6693613648,35.875420301908));
#8013 = VECTOR('',#8014,1.);
#8014 = DIRECTION('',(0.581899384714,-0.813260786015));
#8015 = ( GEOMETRIC_REPRESENTATION_CONTEXT(2) 
PARAMETRIC_REPRESENTATION_CONTEXT() REPRESENTATION_CONTEXT('2D SPACE',''
  ) );
#8016 = PCURVE('',#8017,#8022);
#8017 = PLANE('',#8018);
#8018 = AXIS2_PLACEMENT_3D('',#8019,#8020,#8021);
#8019 = CARTESIAN_POINT('',(50.519508563345,51.878617592485,
    12.860905710312));
#8020 = DIRECTION('',(-2.087045532934E-02,3.247511320811E-02,
    0.999254617761));
#8021 = DIRECTION('',(-1.693191813622E-20,0.999472314499,
    -3.248218820789E-02));
#8022 = DEFINITIONAL_REPRESENTATION('',(#8023),#8027);
#8023 = LINE('',#8024,#8025);
#8024 = CARTESIAN_POINT('',(-25.65844184496,35.883230857933));
#8025 = VECTOR('',#8026,1.);
#8026 = DIRECTION('',(0.58165184985,-0.813437843702));
#8027 = ( GEOMETRIC_REPRESENTATION_CONTEXT(2) 
PARAMETRIC_REPRESENTATION_CONTEXT() REPRESENTATION_CONTEXT('2D SPACE',''
  ) );
#8028 = ORIENTED_EDGE('',*,*,#8029,.T.);
#8029 = EDGE_CURVE('',#8002,#7944,#8030,.T.);
#8030 = SURFACE_CURVE('',#8031,(#8035,#8042),.PCURVE_S1.);
#8031 = LINE('',#8032,#8033);
#8032 = CARTESIAN_POINT('',(14.644093491986,26.20938944509,
    12.945843864087));
#8033 = VECTOR('',#8034,1.);
#8034 = DIRECTION('',(0.846963520995,-0.531644562965,2.617780235735E-03)
  );
#8035 = PCURVE('',#7959,#8036);
#8036 = DEFINITIONAL_REPRESENTATION('',(#8037),#8041);
#8037 = LINE('',#8038,#8039);
#8038 = CARTESIAN_POINT('',(-25.6693613648,35.875420301908));
#8039 = VECTOR('',#8040,1.);
#8040 = DIRECTION('',(-0.531650811086,-0.846963644481));
#8041 = ( GEOMETRIC_REPRESENTATION_CONTEXT(2) 
PARAMETRIC_REPRESENTATION_CONTEXT() REPRESENTATION_CONTEXT('2D SPACE',''
  ) );
#8042 = PCURVE('',#8043,#8048);
#8043 = PLANE('',#8044);
#8044 = AXIS2_PLACEMENT_3D('',#8045,#8046,#8047);
#8045 = CARTESIAN_POINT('',(14.644093491986,26.20938944509,
    12.945843864087));
#8046 = DIRECTION('',(-0.53158563985,-0.846926329266,-1.151087752722E-02
    ));
#8047 = DIRECTION('',(-0.846982443839,0.531620860979,2.538089017981E-19)
  );
#8048 = DEFINITIONAL_REPRESENTATION('',(#8049),#8053);
#8049 = LINE('',#8050,#8051);
#8050 = CARTESIAN_POINT('',(0.,0.));
#8051 = VECTOR('',#8052,1.);
#8052 = DIRECTION('',(-0.999996573153,-2.617953681306E-03));
#8053 = ( GEOMETRIC_REPRESENTATION_CONTEXT(2) 
PARAMETRIC_REPRESENTATION_CONTEXT() REPRESENTATION_CONTEXT('2D SPACE',''
  ) );
#8054 = ORIENTED_EDGE('',*,*,#7943,.T.);
#8055 = ADVANCED_FACE('',(#8056),#8017,.T.);
#8056 = FACE_BOUND('',#8057,.T.);
#8057 = EDGE_LOOP('',(#8058,#8086,#8112));
#8058 = ORIENTED_EDGE('',*,*,#8059,.F.);
#8059 = EDGE_CURVE('',#8060,#6753,#8062,.T.);
#8060 = VERTEX_POINT('',#8061);
#8061 = CARTESIAN_POINT('',(12.505715808158,27.315503070879,
    12.865233697554));
#8062 = SURFACE_CURVE('',#8063,(#8067,#8074),.PCURVE_S1.);
#8063 = LINE('',#8064,#8065);
#8064 = CARTESIAN_POINT('',(12.505715808158,27.315503070879,
    12.865233697554));
#8065 = VECTOR('',#8066,1.);
#8066 = DIRECTION('',(0.839913077855,0.542720934278,-9.562668762601E-05)
  );
#8067 = PCURVE('',#8017,#8068);
#8068 = DEFINITIONAL_REPRESENTATION('',(#8069),#8073);
#8069 = LINE('',#8070,#8071);
#8070 = CARTESIAN_POINT('',(-24.5502935047,38.022074406854));
#8071 = VECTOR('',#8072,1.);
#8072 = DIRECTION('',(0.542437654474,-0.840096060584));
#8073 = ( GEOMETRIC_REPRESENTATION_CONTEXT(2) 
PARAMETRIC_REPRESENTATION_CONTEXT() REPRESENTATION_CONTEXT('2D SPACE',''
  ) );
#8074 = PCURVE('',#8075,#8080);
#8075 = PLANE('',#8076);
#8076 = AXIS2_PLACEMENT_3D('',#8077,#8078,#8079);
#8077 = CARTESIAN_POINT('',(50.519508563345,51.878617592485,
    12.860905710312));
#8078 = DIRECTION('',(1.728760498038E-02,-2.657812880613E-02,
    0.99949724451));
#8079 = DIRECTION('',(2.712493232979E-21,0.999646633512,
    2.658210128345E-02));
#8080 = DEFINITIONAL_REPRESENTATION('',(#8081),#8085);
#8081 = LINE('',#8082,#8083);
#8082 = CARTESIAN_POINT('',(-24.55431969309,38.019474454242));
#8083 = VECTOR('',#8084,1.);
#8084 = DIRECTION('',(0.542526612929,-0.840038614746));
#8085 = ( GEOMETRIC_REPRESENTATION_CONTEXT(2) 
PARAMETRIC_REPRESENTATION_CONTEXT() REPRESENTATION_CONTEXT('2D SPACE',''
  ) );
#8086 = ORIENTED_EDGE('',*,*,#8087,.T.);
#8087 = EDGE_CURVE('',#8060,#8002,#8088,.T.);
#8088 = SURFACE_CURVE('',#8089,(#8093,#8100),.PCURVE_S1.);
#8089 = LINE('',#8090,#8091);
#8090 = CARTESIAN_POINT('',(12.505715808158,27.315503070879,
    12.865233697554));
#8091 = VECTOR('',#8092,1.);
#8092 = DIRECTION('',(0.887710654536,-0.459184015138,3.346392184882E-02)
  );
#8093 = PCURVE('',#8017,#8094);
#8094 = DEFINITIONAL_REPRESENTATION('',(#8095),#8099);
#8095 = LINE('',#8096,#8097);
#8096 = CARTESIAN_POINT('',(-24.5502935047,38.022074406854));
#8097 = VECTOR('',#8098,1.);
#8098 = DIRECTION('',(-0.460028691798,-0.887904050403));
#8099 = ( GEOMETRIC_REPRESENTATION_CONTEXT(2) 
PARAMETRIC_REPRESENTATION_CONTEXT() REPRESENTATION_CONTEXT('2D SPACE',''
  ) );
#8100 = PCURVE('',#8101,#8106);
#8101 = PLANE('',#8102);
#8102 = AXIS2_PLACEMENT_3D('',#8103,#8104,#8105);
#8103 = CARTESIAN_POINT('',(12.505715808158,27.315503070879,
    12.865233697554));
#8104 = DIRECTION('',(-0.459756088976,-0.887969083152,1.162953204245E-02
    ));
#8105 = DIRECTION('',(-0.888029136384,0.459787182219,-3.697069230908E-19
    ));
#8106 = DEFINITIONAL_REPRESENTATION('',(#8107),#8111);
#8107 = LINE('',#8108,#8109);
#8108 = CARTESIAN_POINT('',(0.,-0.));
#8109 = VECTOR('',#8110,1.);
#8110 = DIRECTION('',(-0.999439850347,-3.346618500943E-02));
#8111 = ( GEOMETRIC_REPRESENTATION_CONTEXT(2) 
PARAMETRIC_REPRESENTATION_CONTEXT() REPRESENTATION_CONTEXT('2D SPACE',''
  ) );
#8112 = ORIENTED_EDGE('',*,*,#8001,.T.);
#8113 = ADVANCED_FACE('',(#8114),#8075,.T.);
#8114 = FACE_BOUND('',#8115,.T.);
#8115 = EDGE_LOOP('',(#8116,#8144,#8170));
#8116 = ORIENTED_EDGE('',*,*,#8117,.F.);
#8117 = EDGE_CURVE('',#8118,#6753,#8120,.T.);
#8118 = VERTEX_POINT('',#8119);
#8119 = CARTESIAN_POINT('',(10.181354668353,28.176394822725,
    12.928328948123));
#8120 = SURFACE_CURVE('',#8121,(#8125,#8132),.PCURVE_S1.);
#8121 = LINE('',#8122,#8123);
#8122 = CARTESIAN_POINT('',(10.181354668353,28.176394822725,
    12.928328948123));
#8123 = VECTOR('',#8124,1.);
#8124 = DIRECTION('',(0.862177041444,0.506605045845,-1.44108646746E-03)
  );
#8125 = PCURVE('',#8075,#8126);
#8126 = DEFINITIONAL_REPRESENTATION('',(#8127),#8131);
#8127 = LINE('',#8128,#8129);
#8128 = CARTESIAN_POINT('',(-23.6920549472,40.344183002699));
#8129 = VECTOR('',#8130,1.);
#8130 = DIRECTION('',(0.506387721493,-0.862305905999));
#8131 = ( GEOMETRIC_REPRESENTATION_CONTEXT(2) 
PARAMETRIC_REPRESENTATION_CONTEXT() REPRESENTATION_CONTEXT('2D SPACE',''
  ) );
#8132 = PCURVE('',#8133,#8138);
#8133 = PLANE('',#8134);
#8134 = AXIS2_PLACEMENT_3D('',#8135,#8136,#8137);
#8135 = CARTESIAN_POINT('',(50.519508563345,51.878617592485,
    12.860905710312));
#8136 = DIRECTION('',(6.345866088799E-03,-7.955404778791E-03,
    0.999948219419));
#8137 = DIRECTION('',(-4.114667206946E-21,0.999968353992,
    7.95556496577E-03));
#8138 = DEFINITIONAL_REPRESENTATION('',(#8139),#8143);
#8139 = LINE('',#8140,#8141);
#8140 = CARTESIAN_POINT('',(-23.70093629908,40.338966128584));
#8141 = VECTOR('',#8142,1.);
#8142 = DIRECTION('',(0.506577549161,-0.862194401911));
#8143 = ( GEOMETRIC_REPRESENTATION_CONTEXT(2) 
PARAMETRIC_REPRESENTATION_CONTEXT() REPRESENTATION_CONTEXT('2D SPACE',''
  ) );
#8144 = ORIENTED_EDGE('',*,*,#8145,.T.);
#8145 = EDGE_CURVE('',#8118,#8060,#8146,.T.);
#8146 = SURFACE_CURVE('',#8147,(#8151,#8158),.PCURVE_S1.);
#8147 = LINE('',#8148,#8149);
#8148 = CARTESIAN_POINT('',(10.181354668353,28.176394822725,
    12.928328948123));
#8149 = VECTOR('',#8150,1.);
#8150 = DIRECTION('',(0.937442823623,-0.347208005186,-2.544707396696E-02
    ));
#8151 = PCURVE('',#8075,#8152);
#8152 = DEFINITIONAL_REPRESENTATION('',(#8153),#8157);
#8153 = LINE('',#8154,#8155);
#8154 = CARTESIAN_POINT('',(-23.6920549472,40.344183002699));
#8155 = VECTOR('',#8156,1.);
#8156 = DIRECTION('',(-0.34776175021,-0.937582937713));
#8157 = ( GEOMETRIC_REPRESENTATION_CONTEXT(2) 
PARAMETRIC_REPRESENTATION_CONTEXT() REPRESENTATION_CONTEXT('2D SPACE',''
  ) );
#8158 = PCURVE('',#8159,#8164);
#8159 = PLANE('',#8160);
#8160 = AXIS2_PLACEMENT_3D('',#8161,#8162,#8163);
#8161 = CARTESIAN_POINT('',(10.181354668353,28.176394822725,
    12.928328948123));
#8162 = DIRECTION('',(-0.347428052045,-0.937695039244,
    -4.664979031754E-03));
#8163 = DIRECTION('',(-0.937705242484,0.347431832477,-1.150474718657E-19
    ));
#8164 = DEFINITIONAL_REPRESENTATION('',(#8165),#8169);
#8165 = LINE('',#8166,#8167);
#8166 = CARTESIAN_POINT('',(0.,0.));
#8167 = VECTOR('',#8168,1.);
#8168 = DIRECTION('',(-0.999676163732,2.544735086147E-02));
#8169 = ( GEOMETRIC_REPRESENTATION_CONTEXT(2) 
PARAMETRIC_REPRESENTATION_CONTEXT() REPRESENTATION_CONTEXT('2D SPACE',''
  ) );
#8170 = ORIENTED_EDGE('',*,*,#8059,.T.);
#8171 = ADVANCED_FACE('',(#8172),#8133,.T.);
#8172 = FACE_BOUND('',#8173,.T.);
#8173 = EDGE_LOOP('',(#8174,#8202,#8228));
#8174 = ORIENTED_EDGE('',*,*,#8175,.F.);
#8175 = EDGE_CURVE('',#8176,#6753,#8178,.T.);
#8176 = VERTEX_POINT('',#8177);
#8177 = CARTESIAN_POINT('',(7.839741524049,28.927258123559,
    12.94916301186));
#8178 = SURFACE_CURVE('',#8179,(#8183,#8190),.PCURVE_S1.);
#8179 = LINE('',#8180,#8181);
#8180 = CARTESIAN_POINT('',(7.839741524049,28.927258123559,
    12.94916301186));
#8181 = VECTOR('',#8182,1.);
#8182 = DIRECTION('',(0.8807283897,0.473618186526,-1.82125434284E-03));
#8183 = PCURVE('',#8133,#8184);
#8184 = DEFINITIONAL_REPRESENTATION('',(#8185),#8189);
#8185 = LINE('',#8186,#8187);
#8186 = CARTESIAN_POINT('',(-22.94993101333,42.680626422711));
#8187 = VECTOR('',#8188,1.);
#8188 = DIRECTION('',(0.473588709294,-0.880746123709));
#8189 = ( GEOMETRIC_REPRESENTATION_CONTEXT(2) 
PARAMETRIC_REPRESENTATION_CONTEXT() REPRESENTATION_CONTEXT('2D SPACE',''
  ) );
#8190 = PCURVE('',#8191,#8196);
#8191 = PLANE('',#8192);
#8192 = AXIS2_PLACEMENT_3D('',#8193,#8194,#8195);
#8193 = CARTESIAN_POINT('',(50.519508563345,51.878617592485,
    12.860905710312));
#8194 = DIRECTION('',(-2.719815446785E-02,5.441528371283E-02,
    0.998147903515));
#8195 = DIRECTION('',(4.183034442505E-20,0.998517293236,
    -5.443542145631E-02));
#8196 = DEFINITIONAL_REPRESENTATION('',(#8197),#8201);
#8197 = LINE('',#8198,#8199);
#8198 = CARTESIAN_POINT('',(-22.92213365639,42.695561759858));
#8199 = VECTOR('',#8200,1.);
#8200 = DIRECTION('',(0.473015090385,-0.881054325378));
#8201 = ( GEOMETRIC_REPRESENTATION_CONTEXT(2) 
PARAMETRIC_REPRESENTATION_CONTEXT() REPRESENTATION_CONTEXT('2D SPACE',''
  ) );
#8202 = ORIENTED_EDGE('',*,*,#8203,.T.);
#8203 = EDGE_CURVE('',#8176,#8118,#8204,.T.);
#8204 = SURFACE_CURVE('',#8205,(#8209,#8216),.PCURVE_S1.);
#8205 = LINE('',#8206,#8207);
#8206 = CARTESIAN_POINT('',(7.839741524049,28.927258123559,
    12.94916301186));
#8207 = VECTOR('',#8208,1.);
#8208 = DIRECTION('',(0.952207176744,-0.30533541612,-8.472084750422E-03)
  );
#8209 = PCURVE('',#8133,#8210);
#8210 = DEFINITIONAL_REPRESENTATION('',(#8211),#8215);
#8211 = LINE('',#8212,#8213);
#8212 = CARTESIAN_POINT('',(-22.94993101333,42.680626422711));
#8213 = VECTOR('',#8214,1.);
#8214 = DIRECTION('',(-0.305393153694,-0.952226350022));
#8215 = ( GEOMETRIC_REPRESENTATION_CONTEXT(2) 
PARAMETRIC_REPRESENTATION_CONTEXT() REPRESENTATION_CONTEXT('2D SPACE',''
  ) );
#8216 = PCURVE('',#8217,#8222);
#8217 = PLANE('',#8218);
#8218 = AXIS2_PLACEMENT_3D('',#8219,#8220,#8221);
#8219 = CARTESIAN_POINT('',(7.839741524049,28.927258123559,
    12.94916301186));
#8220 = DIRECTION('',(-0.305384098114,-0.952215140194,
    -5.184535049278E-03));
#8221 = DIRECTION('',(-0.95222793794,0.305388202468,-5.940183957806E-21)
  );
#8222 = DEFINITIONAL_REPRESENTATION('',(#8223),#8227);
#8223 = LINE('',#8224,#8225);
#8224 = CARTESIAN_POINT('',(0.,0.));
#8225 = VECTOR('',#8226,1.);
#8226 = DIRECTION('',(-0.999964110281,8.47219861501E-03));
#8227 = ( GEOMETRIC_REPRESENTATION_CONTEXT(2) 
PARAMETRIC_REPRESENTATION_CONTEXT() REPRESENTATION_CONTEXT('2D SPACE',''
  ) );
#8228 = ORIENTED_EDGE('',*,*,#8117,.T.);
#8229 = ADVANCED_FACE('',(#8230),#8191,.T.);
#8230 = FACE_BOUND('',#8231,.T.);
#8231 = EDGE_LOOP('',(#8232,#8260,#8286));
#8232 = ORIENTED_EDGE('',*,*,#8233,.F.);
#8233 = EDGE_CURVE('',#8234,#6753,#8236,.T.);
#8234 = VERTEX_POINT('',#8235);
#8235 = CARTESIAN_POINT('',(5.478299864465,29.509898444464,
    12.853053614595));
#8236 = SURFACE_CURVE('',#8237,(#8241,#8248),.PCURVE_S1.);
#8237 = LINE('',#8238,#8239);
#8238 = CARTESIAN_POINT('',(5.478299864465,29.509898444464,
    12.853053614595));
#8239 = VECTOR('',#8240,1.);
#8240 = DIRECTION('',(0.895631994768,0.444795802104,1.561367546236E-04)
  );
#8241 = PCURVE('',#8191,#8242);
#8242 = DEFINITIONAL_REPRESENTATION('',(#8243),#8247);
#8243 = LINE('',#8244,#8245);
#8244 = CARTESIAN_POINT('',(-22.33512546469,45.057877330283));
#8245 = VECTOR('',#8246,1.);
#8246 = DIRECTION('',(0.444127800989,-0.8959634459));
#8247 = ( GEOMETRIC_REPRESENTATION_CONTEXT(2) 
PARAMETRIC_REPRESENTATION_CONTEXT() REPRESENTATION_CONTEXT('2D SPACE',''
  ) );
#8248 = PCURVE('',#8249,#8254);
#8249 = PLANE('',#8250);
#8250 = AXIS2_PLACEMENT_3D('',#8251,#8252,#8253);
#8251 = CARTESIAN_POINT('',(50.519508563345,51.878617592485,
    12.860905710312));
#8252 = DIRECTION('',(2.590654168531E-02,-5.251532573891E-02,
    0.998284023543));
#8253 = DIRECTION('',(-2.327361683052E-19,0.998619190876,
    5.253295741612E-02));
#8254 = DEFINITIONAL_REPRESENTATION('',(#8255),#8259);
#8255 = LINE('',#8256,#8257);
#8256 = CARTESIAN_POINT('',(-22.33824471033,45.056330990171));
#8257 = VECTOR('',#8258,1.);
#8258 = DIRECTION('',(0.444189826327,-0.895932697354));
#8259 = ( GEOMETRIC_REPRESENTATION_CONTEXT(2) 
PARAMETRIC_REPRESENTATION_CONTEXT() REPRESENTATION_CONTEXT('2D SPACE',''
  ) );
#8260 = ORIENTED_EDGE('',*,*,#8261,.T.);
#8261 = EDGE_CURVE('',#8234,#8176,#8262,.T.);
#8262 = SURFACE_CURVE('',#8263,(#8267,#8274),.PCURVE_S1.);
#8263 = LINE('',#8264,#8265);
#8264 = CARTESIAN_POINT('',(5.478299864465,29.509898444464,
    12.853053614595));
#8265 = VECTOR('',#8266,1.);
#8266 = DIRECTION('',(0.970127654245,-0.239360343921,3.948367038488E-02)
  );
#8267 = PCURVE('',#8191,#8268);
#8268 = DEFINITIONAL_REPRESENTATION('',(#8269),#8273);
#8269 = LINE('',#8270,#8271);
#8270 = CARTESIAN_POINT('',(-22.33512546469,45.057877330283));
#8271 = VECTOR('',#8272,1.);
#8272 = DIRECTION('',(-0.241154752958,-0.970486674368));
#8273 = ( GEOMETRIC_REPRESENTATION_CONTEXT(2) 
PARAMETRIC_REPRESENTATION_CONTEXT() REPRESENTATION_CONTEXT('2D SPACE',''
  ) );
#8274 = PCURVE('',#8275,#8280);
#8275 = PLANE('',#8276);
#8276 = AXIS2_PLACEMENT_3D('',#8277,#8278,#8279);
#8277 = CARTESIAN_POINT('',(5.478299864465,29.509898444464,
    12.853053614595));
#8278 = DIRECTION('',(-0.238554191936,-0.970830838502,
    -2.407032454148E-02));
#8279 = DIRECTION('',(-0.97111220101,0.238623328806,7.320590817092E-19)
  );
#8280 = DEFINITIONAL_REPRESENTATION('',(#8281),#8285);
#8281 = LINE('',#8282,#8283);
#8282 = CARTESIAN_POINT('',(0.,0.));
#8283 = VECTOR('',#8284,1.);
#8284 = DIRECTION('',(-0.999219763625,-3.949511339232E-02));
#8285 = ( GEOMETRIC_REPRESENTATION_CONTEXT(2) 
PARAMETRIC_REPRESENTATION_CONTEXT() REPRESENTATION_CONTEXT('2D SPACE',''
  ) );
#8286 = ORIENTED_EDGE('',*,*,#8175,.T.);
#8287 = ADVANCED_FACE('',(#8288),#8249,.T.);
#8288 = FACE_BOUND('',#8289,.T.);
#8289 = EDGE_LOOP('',(#8290,#8318,#8344));
#8290 = ORIENTED_EDGE('',*,*,#8291,.F.);
#8291 = EDGE_CURVE('',#8292,#6753,#8294,.T.);
#8292 = VERTEX_POINT('',#8293);
#8293 = CARTESIAN_POINT('',(3.035151181332,29.878664188855,
    12.935855086362));
#8294 = SURFACE_CURVE('',#8295,(#8299,#8306),.PCURVE_S1.);
#8295 = LINE('',#8296,#8297);
#8296 = CARTESIAN_POINT('',(3.035151181332,29.878664188855,
    12.935855086362));
#8297 = VECTOR('',#8298,1.);
#8298 = DIRECTION('',(0.907346067477,0.420382043815,-1.432156300896E-03)
  );
#8299 = PCURVE('',#8249,#8300);
#8300 = DEFINITIONAL_REPRESENTATION('',(#8301),#8305);
#8301 = LINE('',#8302,#8303);
#8302 = CARTESIAN_POINT('',(-21.96563835485,47.500299944498));
#8303 = VECTOR('',#8304,1.);
#8304 = DIRECTION('',(0.419726341047,-0.907650702986));
#8305 = ( GEOMETRIC_REPRESENTATION_CONTEXT(2) 
PARAMETRIC_REPRESENTATION_CONTEXT() REPRESENTATION_CONTEXT('2D SPACE',''
  ) );
#8306 = PCURVE('',#8307,#8312);
#8307 = PLANE('',#8308);
#8308 = AXIS2_PLACEMENT_3D('',#8309,#8310,#8311);
#8309 = CARTESIAN_POINT('',(50.519508563345,51.878617592485,
    12.860905710312));
#8310 = DIRECTION('',(2.359300657395E-03,-1.685495142417E-03,
    0.999995796394));
#8311 = DIRECTION('',(0.999997216838,2.154169261054E-22,
    -2.359304008663E-03));
#8312 = DEFINITIONAL_REPRESENTATION('',(#8313),#8317);
#8313 = LINE('',#8314,#8315);
#8314 = CARTESIAN_POINT('',(-47.48440205373,-21.99998465346));
#8315 = VECTOR('',#8316,1.);
#8316 = DIRECTION('',(0.907346921079,0.420382640946));
#8317 = ( GEOMETRIC_REPRESENTATION_CONTEXT(2) 
PARAMETRIC_REPRESENTATION_CONTEXT() REPRESENTATION_CONTEXT('2D SPACE',''
  ) );
#8318 = ORIENTED_EDGE('',*,*,#8319,.T.);
#8319 = EDGE_CURVE('',#8292,#8234,#8320,.T.);
#8320 = SURFACE_CURVE('',#8321,(#8325,#8332),.PCURVE_S1.);
#8321 = LINE('',#8322,#8323);
#8322 = CARTESIAN_POINT('',(3.035151181332,29.878664188855,
    12.935855086362));
#8323 = VECTOR('',#8324,1.);
#8324 = DIRECTION('',(0.988245007687,-0.149164440305,-3.34929026907E-02)
  );
#8325 = PCURVE('',#8249,#8326);
#8326 = DEFINITIONAL_REPRESENTATION('',(#8327),#8331);
#8327 = LINE('',#8328,#8329);
#8328 = CARTESIAN_POINT('',(-21.96563835485,47.500299944498));
#8329 = VECTOR('',#8330,1.);
#8330 = DIRECTION('',(-0.150717953915,-0.988576804486));
#8331 = ( GEOMETRIC_REPRESENTATION_CONTEXT(2) 
PARAMETRIC_REPRESENTATION_CONTEXT() REPRESENTATION_CONTEXT('2D SPACE',''
  ) );
#8332 = PCURVE('',#8333,#8338);
#8333 = PLANE('',#8334);
#8334 = AXIS2_PLACEMENT_3D('',#8335,#8336,#8337);
#8335 = CARTESIAN_POINT('',(3.035151181332,29.878664188855,
    12.935855086362));
#8336 = DIRECTION('',(-0.148906140022,-0.988799830554,1.00924010888E-02)
  );
#8337 = DIRECTION('',(-0.988850192276,0.148913724135,8.126357830621E-20)
  );
#8338 = DEFINITIONAL_REPRESENTATION('',(#8339),#8343);
#8339 = LINE('',#8340,#8341);
#8340 = CARTESIAN_POINT('',(0.,-0.));
#8341 = VECTOR('',#8342,1.);
#8342 = DIRECTION('',(-0.999438898181,3.349460855694E-02));
#8343 = ( GEOMETRIC_REPRESENTATION_CONTEXT(2) 
PARAMETRIC_REPRESENTATION_CONTEXT() REPRESENTATION_CONTEXT('2D SPACE',''
  ) );
#8344 = ORIENTED_EDGE('',*,*,#8233,.T.);
#8345 = ADVANCED_FACE('',(#8346),#8307,.T.);
#8346 = FACE_BOUND('',#8347,.T.);
#8347 = EDGE_LOOP('',(#8348,#8376,#8402));
#8348 = ORIENTED_EDGE('',*,*,#8349,.F.);
#8349 = EDGE_CURVE('',#8350,#6753,#8352,.T.);
#8350 = VERTEX_POINT('',#8351);
#8351 = CARTESIAN_POINT('',(0.578710182022,29.988612726581,
    12.941835912094));
#8352 = SURFACE_CURVE('',#8353,(#8357,#8364),.PCURVE_S1.);
#8353 = LINE('',#8354,#8355);
#8354 = CARTESIAN_POINT('',(0.578710182022,29.988612726581,
    12.941835912094));
#8355 = VECTOR('',#8356,1.);
#8356 = DIRECTION('',(0.915880633247,0.401447957745,-1.484205436415E-03)
  );
#8357 = PCURVE('',#8307,#8358);
#8358 = DEFINITIONAL_REPRESENTATION('',(#8359),#8363);
#8359 = LINE('',#8360,#8361);
#8360 = CARTESIAN_POINT('',(-49.94085032696,-21.89003595956));
#8361 = VECTOR('',#8362,1.);
#8362 = DIRECTION('',(0.915881585895,0.401448527982));
#8363 = ( GEOMETRIC_REPRESENTATION_CONTEXT(2) 
PARAMETRIC_REPRESENTATION_CONTEXT() REPRESENTATION_CONTEXT('2D SPACE',''
  ) );
#8364 = PCURVE('',#8365,#8370);
#8365 = PLANE('',#8366);
#8366 = AXIS2_PLACEMENT_3D('',#8367,#8368,#8369);
#8367 = CARTESIAN_POINT('',(50.519508563345,51.878617592485,
    12.860905710312));
#8368 = DIRECTION('',(4.703221795762E-04,2.624103987091E-03,
    0.999996446431));
#8369 = DIRECTION('',(-6.091774220038E-23,0.999996557032,
    -2.624104277321E-03));
#8370 = DEFINITIONAL_REPRESENTATION('',(#8371),#8375);
#8371 = LINE('',#8372,#8373);
#8372 = CARTESIAN_POINT('',(-21.89014186861,49.94080390485));
#8373 = VECTOR('',#8374,1.);
#8374 = DIRECTION('',(0.401450470283,-0.915880734544));
#8375 = ( GEOMETRIC_REPRESENTATION_CONTEXT(2) 
PARAMETRIC_REPRESENTATION_CONTEXT() REPRESENTATION_CONTEXT('2D SPACE',''
  ) );
#8376 = ORIENTED_EDGE('',*,*,#8377,.T.);
#8377 = EDGE_CURVE('',#8350,#8292,#8378,.T.);
#8378 = SURFACE_CURVE('',#8379,(#8383,#8390),.PCURVE_S1.);
#8379 = LINE('',#8380,#8381);
#8380 = CARTESIAN_POINT('',(0.578710182022,29.988612726581,
    12.941835912094));
#8381 = VECTOR('',#8382,1.);
#8382 = DIRECTION('',(0.998996850769,-4.471438270496E-02,
    -2.432310026073E-03));
#8383 = PCURVE('',#8307,#8384);
#8384 = DEFINITIONAL_REPRESENTATION('',(#8385),#8389);
#8385 = LINE('',#8386,#8387);
#8386 = CARTESIAN_POINT('',(-49.94085032696,-21.89003595956));
#8387 = VECTOR('',#8388,1.);
#8388 = DIRECTION('',(0.998999808959,-4.47144462195E-02));
#8389 = ( GEOMETRIC_REPRESENTATION_CONTEXT(2) 
PARAMETRIC_REPRESENTATION_CONTEXT() REPRESENTATION_CONTEXT('2D SPACE',''
  ) );
#8390 = PCURVE('',#8391,#8396);
#8391 = PLANE('',#8392);
#8392 = AXIS2_PLACEMENT_3D('',#8393,#8394,#8395);
#8393 = CARTESIAN_POINT('',(0.578710182022,29.988612726581,
    12.941835912094));
#8394 = DIRECTION('',(-4.466132136889E-02,-0.998827517526,
    1.868038025067E-02));
#8395 = DIRECTION('',(-0.99900183688,4.466911584047E-02,
    1.049723609737E-19));
#8396 = DEFINITIONAL_REPRESENTATION('',(#8397),#8401);
#8397 = LINE('',#8398,#8399);
#8398 = CARTESIAN_POINT('',(0.,-0.));
#8399 = VECTOR('',#8400,1.);
#8400 = DIRECTION('',(-0.999997040897,2.432734522501E-03));
#8401 = ( GEOMETRIC_REPRESENTATION_CONTEXT(2) 
PARAMETRIC_REPRESENTATION_CONTEXT() REPRESENTATION_CONTEXT('2D SPACE',''
  ) );
#8402 = ORIENTED_EDGE('',*,*,#8291,.T.);
#8403 = ADVANCED_FACE('',(#8404),#8365,.T.);
#8404 = FACE_BOUND('',#8405,.T.);
#8405 = EDGE_LOOP('',(#8406,#8432,#8453));
#8406 = ORIENTED_EDGE('',*,*,#8407,.F.);
#8407 = EDGE_CURVE('',#4486,#6753,#8408,.T.);
#8408 = SURFACE_CURVE('',#8409,(#8413,#8420),.PCURVE_S1.);
#8409 = LINE('',#8410,#8411);
#8410 = CARTESIAN_POINT('',(-50.56047006568,51.90538815399,
    12.908375786124));
#8411 = VECTOR('',#8412,1.);
#8412 = DIRECTION('',(0.999999854653,-2.648453034595E-04,
    -4.696287984577E-04));
#8413 = PCURVE('',#8365,#8414);
#8414 = DEFINITIONAL_REPRESENTATION('',(#8415),#8419);
#8415 = LINE('',#8416,#8417);
#8416 = CARTESIAN_POINT('',(2.664590290556E-02,101.07998980862));
#8417 = VECTOR('',#8418,1.);
#8418 = DIRECTION('',(-2.63612036667E-04,-0.999999965254));
#8419 = ( GEOMETRIC_REPRESENTATION_CONTEXT(2) 
PARAMETRIC_REPRESENTATION_CONTEXT() REPRESENTATION_CONTEXT('2D SPACE',''
  ) );
#8420 = PCURVE('',#8421,#8426);
#8421 = PLANE('',#8422);
#8422 = AXIS2_PLACEMENT_3D('',#8423,#8424,#8425);
#8423 = CARTESIAN_POINT('',(50.519508563345,51.878617592485,
    12.860905710312));
#8424 = DIRECTION('',(2.66795844422E-04,0.99999131914,4.158180409439E-03
    ));
#8425 = DIRECTION('',(1.631596523012E-22,-4.158180557429E-03,
    0.99999135473));
#8426 = DEFINITIONAL_REPRESENTATION('',(#8427),#8431);
#8427 = LINE('',#8428,#8429);
#8428 = CARTESIAN_POINT('',(4.735834859133E-02,-101.0799822264));
#8429 = VECTOR('',#8430,1.);
#8430 = DIRECTION('',(-4.685234637983E-04,0.999999890243));
#8431 = ( GEOMETRIC_REPRESENTATION_CONTEXT(2) 
PARAMETRIC_REPRESENTATION_CONTEXT() REPRESENTATION_CONTEXT('2D SPACE',''
  ) );
#8432 = ORIENTED_EDGE('',*,*,#8433,.T.);
#8433 = EDGE_CURVE('',#4486,#8350,#8434,.T.);
#8434 = SURFACE_CURVE('',#8435,(#8439,#8446),.PCURVE_S1.);
#8435 = LINE('',#8436,#8437);
#8436 = CARTESIAN_POINT('',(-50.56047006568,51.90538815399,
    12.908375786124));
#8437 = VECTOR('',#8438,1.);
#8438 = DIRECTION('',(0.919144968623,-0.393918982764,6.013922453604E-04)
  );
#8439 = PCURVE('',#8365,#8440);
#8440 = DEFINITIONAL_REPRESENTATION('',(#8441),#8445);
#8441 = LINE('',#8442,#8443);
#8442 = CARTESIAN_POINT('',(2.664590290556E-02,101.07998980862));
#8443 = VECTOR('',#8444,1.);
#8444 = DIRECTION('',(-0.393919204629,-0.919145070282));
#8445 = ( GEOMETRIC_REPRESENTATION_CONTEXT(2) 
PARAMETRIC_REPRESENTATION_CONTEXT() REPRESENTATION_CONTEXT('2D SPACE',''
  ) );
#8446 = PCURVE('',#6657,#8447);
#8447 = DEFINITIONAL_REPRESENTATION('',(#8448),#8452);
#8448 = LINE('',#8449,#8450);
#8449 = CARTESIAN_POINT('',(21.906070171844,51.143777830242));
#8450 = VECTOR('',#8451,1.);
#8451 = DIRECTION('',(-0.393726572918,-0.919227602816));
#8452 = ( GEOMETRIC_REPRESENTATION_CONTEXT(2) 
PARAMETRIC_REPRESENTATION_CONTEXT() REPRESENTATION_CONTEXT('2D SPACE',''
  ) );
#8453 = ORIENTED_EDGE('',*,*,#8349,.T.);
#8454 = ADVANCED_FACE('',(#8455),#6657,.T.);
#8455 = FACE_BOUND('',#8456,.T.);
#8456 = EDGE_LOOP('',(#8457,#8458,#8459));
#8457 = ORIENTED_EDGE('',*,*,#8433,.F.);
#8458 = ORIENTED_EDGE('',*,*,#6641,.T.);
#8459 = ORIENTED_EDGE('',*,*,#8460,.T.);
#8460 = EDGE_CURVE('',#6642,#8350,#8461,.T.);
#8461 = SURFACE_CURVE('',#8462,(#8466,#8473),.PCURVE_S1.);
#8462 = LINE('',#8463,#8464);
#8463 = CARTESIAN_POINT('',(-1.832874634257,29.985217359478,
    12.909382327903));
#8464 = VECTOR('',#8465,1.);
#8465 = DIRECTION('',(0.999908471044,1.407811289214E-03,
    1.345613620099E-02));
#8466 = PCURVE('',#6657,#8467);
#8467 = DEFINITIONAL_REPRESENTATION('',(#8468),#8472);
#8468 = LINE('',#8469,#8470);
#8469 = CARTESIAN_POINT('',(-4.359773971728E-03,2.411801625781));
#8470 = VECTOR('',#8471,1.);
#8471 = DIRECTION('',(1.807680533043E-03,-0.999998366144));
#8472 = ( GEOMETRIC_REPRESENTATION_CONTEXT(2) 
PARAMETRIC_REPRESENTATION_CONTEXT() REPRESENTATION_CONTEXT('2D SPACE',''
  ) );
#8473 = PCURVE('',#8474,#8479);
#8474 = PLANE('',#8475);
#8475 = AXIS2_PLACEMENT_3D('',#8476,#8477,#8478);
#8476 = CARTESIAN_POINT('',(-1.832874634257,29.985217359478,
    12.909382327903));
#8477 = DIRECTION('',(1.373427965205E-03,-0.999995769497,
    2.564114703593E-03));
#8478 = DIRECTION('',(1.131076033483E-22,-2.564117121946E-03,
    -0.999996712646));
#8479 = DEFINITIONAL_REPRESENTATION('',(#8480),#8484);
#8480 = LINE('',#8481,#8482);
#8481 = CARTESIAN_POINT('',(0.,0.));
#8482 = VECTOR('',#8483,1.);
#8483 = DIRECTION('',(-1.345970175894E-02,0.999909414111));
#8484 = ( GEOMETRIC_REPRESENTATION_CONTEXT(2) 
PARAMETRIC_REPRESENTATION_CONTEXT() REPRESENTATION_CONTEXT('2D SPACE',''
  ) );
#8485 = ADVANCED_FACE('',(#8486),#4555,.T.);
#8486 = FACE_BOUND('',#8487,.T.);
#8487 = EDGE_LOOP('',(#8488,#8516,#8517));
#8488 = ORIENTED_EDGE('',*,*,#8489,.F.);
#8489 = EDGE_CURVE('',#4540,#8490,#8492,.T.);
#8490 = VERTEX_POINT('',#8491);
#8491 = CARTESIAN_POINT('',(50.508177140138,51.932036569481,
    1.502485932105E-02));
#8492 = SURFACE_CURVE('',#8493,(#8497,#8504),.PCURVE_S1.);
#8493 = LINE('',#8494,#8495);
#8494 = CARTESIAN_POINT('',(-50.52618305224,51.882923320913,
    6.820912944066E-03));
#8495 = VECTOR('',#8496,1.);
#8496 = DIRECTION('',(0.999999878555,4.861043560837E-04,
    8.119955790322E-05));
#8497 = PCURVE('',#4555,#8498);
#8498 = DEFINITIONAL_REPRESENTATION('',(#8499),#8503);
#8499 = LINE('',#8500,#8501);
#8500 = CARTESIAN_POINT('',(-8.289515667428E-03,-101.0343721224));
#8501 = VECTOR('',#8502,1.);
#8502 = DIRECTION('',(8.204649037139E-05,0.999999996634));
#8503 = ( GEOMETRIC_REPRESENTATION_CONTEXT(2) 
PARAMETRIC_REPRESENTATION_CONTEXT() REPRESENTATION_CONTEXT('2D SPACE',''
  ) );
#8504 = PCURVE('',#8505,#8510);
#8505 = PLANE('',#8506);
#8506 = AXIS2_PLACEMENT_3D('',#8507,#8508,#8509);
#8507 = CARTESIAN_POINT('',(50.508177140138,51.932036569481,
    1.502485932105E-02));
#8508 = DIRECTION('',(8.119262233066E-05,1.428737886718E-05,
    -0.999999996602));
#8509 = DIRECTION('',(-0.999999996704,-1.066969758387E-25,
    -8.119262233895E-05));
#8510 = DEFINITIONAL_REPRESENTATION('',(#8511),#8515);
#8511 = LINE('',#8512,#8513);
#8512 = CARTESIAN_POINT('',(101.03436052546,-4.911324857324E-02));
#8513 = VECTOR('',#8514,1.);
#8514 = DIRECTION('',(-0.999999881851,4.861043561333E-04));
#8515 = ( GEOMETRIC_REPRESENTATION_CONTEXT(2) 
PARAMETRIC_REPRESENTATION_CONTEXT() REPRESENTATION_CONTEXT('2D SPACE',''
  ) );
#8516 = ORIENTED_EDGE('',*,*,#4539,.F.);
#8517 = ORIENTED_EDGE('',*,*,#8518,.T.);
#8518 = EDGE_CURVE('',#4486,#8490,#8519,.T.);
#8519 = SURFACE_CURVE('',#8520,(#8524,#8531),.PCURVE_S1.);
#8520 = LINE('',#8521,#8522);
#8521 = CARTESIAN_POINT('',(-50.56047006568,51.90538815399,
    12.908375786124));
#8522 = VECTOR('',#8523,1.);
#8523 = DIRECTION('',(0.991960873961,2.615468421818E-04,-0.126544680346)
  );
#8524 = PCURVE('',#4555,#8525);
#8525 = DEFINITIONAL_REPRESENTATION('',(#8526),#8530);
#8526 = LINE('',#8527,#8528);
#8527 = CARTESIAN_POINT('',(12.893284915932,-101.0686591399));
#8528 = VECTOR('',#8529,1.);
#8529 = DIRECTION('',(-0.126544032467,0.991960991091));
#8530 = ( GEOMETRIC_REPRESENTATION_CONTEXT(2) 
PARAMETRIC_REPRESENTATION_CONTEXT() REPRESENTATION_CONTEXT('2D SPACE',''
  ) );
#8531 = PCURVE('',#8421,#8532);
#8532 = DEFINITIONAL_REPRESENTATION('',(#8533),#8537);
#8533 = LINE('',#8534,#8535);
#8534 = CARTESIAN_POINT('',(4.735834859133E-02,-101.0799822264));
#8535 = VECTOR('',#8536,1.);
#8536 = DIRECTION('',(-0.126544673892,0.991960909265));
#8537 = ( GEOMETRIC_REPRESENTATION_CONTEXT(2) 
PARAMETRIC_REPRESENTATION_CONTEXT() REPRESENTATION_CONTEXT('2D SPACE',''
  ) );
#8538 = ADVANCED_FACE('',(#8539),#8421,.T.);
#8539 = FACE_BOUND('',#8540,.T.);
#8540 = EDGE_LOOP('',(#8541,#8567,#8568));
#8541 = ORIENTED_EDGE('',*,*,#8542,.F.);
#8542 = EDGE_CURVE('',#8490,#6753,#8543,.T.);
#8543 = SURFACE_CURVE('',#8544,(#8548,#8555),.PCURVE_S1.);
#8544 = LINE('',#8545,#8546);
#8545 = CARTESIAN_POINT('',(50.508177140138,51.932036569481,
    1.502485932105E-02));
#8546 = VECTOR('',#8547,1.);
#8547 = DIRECTION('',(8.820976120876E-04,-4.158414277647E-03,
    0.999990964706));
#8548 = PCURVE('',#8421,#8549);
#8549 = DEFINITIONAL_REPRESENTATION('',(#8550),#8554);
#8550 = LINE('',#8551,#8552);
#8551 = CARTESIAN_POINT('',(-12.84599192063,-1.133142360984E-02));
#8552 = VECTOR('',#8553,1.);
#8553 = DIRECTION('',(0.999999610952,8.820976434814E-04));
#8554 = ( GEOMETRIC_REPRESENTATION_CONTEXT(2) 
PARAMETRIC_REPRESENTATION_CONTEXT() REPRESENTATION_CONTEXT('2D SPACE',''
  ) );
#8555 = PCURVE('',#8556,#8561);
#8556 = PLANE('',#8557);
#8557 = AXIS2_PLACEMENT_3D('',#8558,#8559,#8560);
#8558 = CARTESIAN_POINT('',(50.542394566553,-51.89152830228,
    1.354427091194E-02));
#8559 = DIRECTION('',(0.99999955784,3.29585247175E-04,
    -8.807346277576E-04));
#8560 = DIRECTION('',(8.807346755932E-04,-1.111183721521E-23,
    0.999999612153));
#8561 = DEFINITIONAL_REPRESENTATION('',(#8562),#8566);
#8562 = LINE('',#8563,#8564);
#8563 = CARTESIAN_POINT('',(1.45045136092E-03,-103.8235705107));
#8564 = VECTOR('',#8565,1.);
#8565 = DIRECTION('',(0.999991353757,4.158414503504E-03));
#8566 = ( GEOMETRIC_REPRESENTATION_CONTEXT(2) 
PARAMETRIC_REPRESENTATION_CONTEXT() REPRESENTATION_CONTEXT('2D SPACE',''
  ) );
#8567 = ORIENTED_EDGE('',*,*,#8518,.F.);
#8568 = ORIENTED_EDGE('',*,*,#8407,.T.);
#8569 = ADVANCED_FACE('',(#8570),#4470,.T.);
#8570 = FACE_BOUND('',#8571,.T.);
#8571 = EDGE_LOOP('',(#8572,#8593,#8594));
#8572 = ORIENTED_EDGE('',*,*,#8573,.T.);
#8573 = EDGE_CURVE('',#4540,#4371,#8574,.T.);
#8574 = SURFACE_CURVE('',#8575,(#8579,#8586),.PCURVE_S1.);
#8575 = LINE('',#8576,#8577);
#8576 = CARTESIAN_POINT('',(-50.52618305224,51.882923320913,
    6.820912944066E-03));
#8577 = VECTOR('',#8578,1.);
#8578 = DIRECTION('',(0.697705384414,-0.716384808888,4.64132687532E-05)
  );
#8579 = PCURVE('',#4470,#8580);
#8580 = DEFINITIONAL_REPRESENTATION('',(#8581),#8585);
#8581 = LINE('',#8582,#8583);
#8582 = CARTESIAN_POINT('',(0.,0.));
#8583 = VECTOR('',#8584,1.);
#8584 = DIRECTION('',(-0.697705385627,-0.71638480921));
#8585 = ( GEOMETRIC_REPRESENTATION_CONTEXT(2) 
PARAMETRIC_REPRESENTATION_CONTEXT() REPRESENTATION_CONTEXT('2D SPACE',''
  ) );
#8586 = PCURVE('',#8505,#8587);
#8587 = DEFINITIONAL_REPRESENTATION('',(#8588),#8592);
#8588 = LINE('',#8589,#8590);
#8589 = CARTESIAN_POINT('',(101.03436052546,-4.911324857324E-02));
#8590 = VECTOR('',#8591,1.);
#8591 = DIRECTION('',(-0.697705385882,-0.716384808962));
#8592 = ( GEOMETRIC_REPRESENTATION_CONTEXT(2) 
PARAMETRIC_REPRESENTATION_CONTEXT() REPRESENTATION_CONTEXT('2D SPACE',''
  ) );
#8593 = ORIENTED_EDGE('',*,*,#4456,.F.);
#8594 = ORIENTED_EDGE('',*,*,#4567,.F.);
#8595 = ADVANCED_FACE('',(#8596),#8505,.T.);
#8596 = FACE_BOUND('',#8597,.T.);
#8597 = EDGE_LOOP('',(#8598,#8619,#8620));
#8598 = ORIENTED_EDGE('',*,*,#8599,.T.);
#8599 = EDGE_CURVE('',#8490,#4371,#8600,.T.);
#8600 = SURFACE_CURVE('',#8601,(#8605,#8612),.PCURVE_S1.);
#8601 = LINE('',#8602,#8603);
#8602 = CARTESIAN_POINT('',(50.508177140138,51.932036569481,
    1.502485932105E-02));
#8603 = VECTOR('',#8604,1.);
#8604 = DIRECTION('',(3.295728151447E-04,-0.999999945589,
    -1.426061925714E-05));
#8605 = PCURVE('',#8505,#8606);
#8606 = DEFINITIONAL_REPRESENTATION('',(#8607),#8611);
#8607 = LINE('',#8608,#8609);
#8608 = CARTESIAN_POINT('',(-0.,0.));
#8609 = VECTOR('',#8610,1.);
#8610 = DIRECTION('',(-3.295716562014E-04,-0.999999945691));
#8611 = ( GEOMETRIC_REPRESENTATION_CONTEXT(2) 
PARAMETRIC_REPRESENTATION_CONTEXT() REPRESENTATION_CONTEXT('2D SPACE',''
  ) );
#8612 = PCURVE('',#8556,#8613);
#8613 = DEFINITIONAL_REPRESENTATION('',(#8614),#8618);
#8614 = LINE('',#8615,#8616);
#8615 = CARTESIAN_POINT('',(1.45045136092E-03,-103.8235705107));
#8616 = VECTOR('',#8617,1.);
#8617 = DIRECTION('',(-1.397034751977E-05,0.999999999902));
#8618 = ( GEOMETRIC_REPRESENTATION_CONTEXT(2) 
PARAMETRIC_REPRESENTATION_CONTEXT() REPRESENTATION_CONTEXT('2D SPACE',''
  ) );
#8619 = ORIENTED_EDGE('',*,*,#8573,.F.);
#8620 = ORIENTED_EDGE('',*,*,#8489,.T.);
#8621 = ADVANCED_FACE('',(#8622),#8556,.T.);
#8622 = FACE_BOUND('',#8623,.T.);
#8623 = EDGE_LOOP('',(#8624,#8625,#8626));
#8624 = ORIENTED_EDGE('',*,*,#8599,.F.);
#8625 = ORIENTED_EDGE('',*,*,#8542,.T.);
#8626 = ORIENTED_EDGE('',*,*,#8627,.T.);
#8627 = EDGE_CURVE('',#6753,#4371,#8628,.T.);
#8628 = SURFACE_CURVE('',#8629,(#8633,#8640),.PCURVE_S1.);
#8629 = LINE('',#8630,#8631);
#8630 = CARTESIAN_POINT('',(50.519508563345,51.878617592485,
    12.860905710312));
#8631 = VECTOR('',#8632,1.);
#8632 = DIRECTION('',(2.18874090189E-04,-0.99242301352,-0.122867873467)
  );
#8633 = PCURVE('',#8556,#8634);
#8634 = DEFINITIONAL_REPRESENTATION('',(#8635),#8639);
#8635 = LINE('',#8636,#8637);
#8636 = CARTESIAN_POINT('',(12.847336300095,-103.7701515308));
#8637 = VECTOR('',#8638,1.);
#8638 = DIRECTION('',(-0.122867633043,0.992423067422));
#8639 = ( GEOMETRIC_REPRESENTATION_CONTEXT(2) 
PARAMETRIC_REPRESENTATION_CONTEXT() REPRESENTATION_CONTEXT('2D SPACE',''
  ) );
#8640 = PCURVE('',#4412,#8641);
#8641 = DEFINITIONAL_REPRESENTATION('',(#8642),#8646);
#8642 = LINE('',#8643,#8644);
#8643 = CARTESIAN_POINT('',(-9.699602322198E-03,-103.7881680594));
#8644 = VECTOR('',#8645,1.);
#8645 = DIRECTION('',(-0.122867235013,0.9924231167));
#8646 = ( GEOMETRIC_REPRESENTATION_CONTEXT(2) 
PARAMETRIC_REPRESENTATION_CONTEXT() REPRESENTATION_CONTEXT('2D SPACE',''
  ) );
#8647 = ADVANCED_FACE('',(#8648),#4412,.T.);
#8648 = FACE_BOUND('',#8649,.T.);
#8649 = EDGE_LOOP('',(#8650,#8651,#8652));
#8650 = ORIENTED_EDGE('',*,*,#4398,.F.);
#8651 = ORIENTED_EDGE('',*,*,#8627,.F.);
#8652 = ORIENTED_EDGE('',*,*,#6781,.T.);
#8653 = ADVANCED_FACE('',(#8654),#6847,.T.);
#8654 = FACE_BOUND('',#8655,.T.);
#8655 = EDGE_LOOP('',(#8656,#8684,#8710));
#8656 = ORIENTED_EDGE('',*,*,#8657,.T.);
#8657 = EDGE_CURVE('',#6806,#8658,#8660,.T.);
#8658 = VERTEX_POINT('',#8659);
#8659 = CARTESIAN_POINT('',(30.025278634079,2.791513046801E-02,
    9.352934985586));
#8660 = SURFACE_CURVE('',#8661,(#8665,#8672),.PCURVE_S1.);
#8661 = LINE('',#8662,#8663);
#8662 = CARTESIAN_POINT('',(29.90668532169,2.441986592178,
    12.924632673374));
#8663 = VECTOR('',#8664,1.);
#8664 = DIRECTION('',(2.749903093914E-02,-0.5597670263,-0.828193624441)
  );
#8665 = PCURVE('',#6847,#8666);
#8666 = DEFINITIONAL_REPRESENTATION('',(#8667),#8671);
#8667 = LINE('',#8668,#8669);
#8668 = CARTESIAN_POINT('',(0.,0.));
#8669 = VECTOR('',#8670,1.);
#8670 = DIRECTION('',(0.560441678781,-0.82819389317));
#8671 = ( GEOMETRIC_REPRESENTATION_CONTEXT(2) 
PARAMETRIC_REPRESENTATION_CONTEXT() REPRESENTATION_CONTEXT('2D SPACE',''
  ) );
#8672 = PCURVE('',#8673,#8678);
#8673 = PLANE('',#8674);
#8674 = AXIS2_PLACEMENT_3D('',#8675,#8676,#8677);
#8675 = CARTESIAN_POINT('',(29.90668532169,2.441986592178,
    12.924632673374));
#8676 = DIRECTION('',(-0.998821714397,-4.852885819619E-02,
    -3.64376850776E-04));
#8677 = DIRECTION('',(4.852886141779E-02,-0.998821780704,
    -1.326867688948E-22));
#8678 = DEFINITIONAL_REPRESENTATION('',(#8679),#8683);
#8679 = LINE('',#8680,#8681);
#8680 = CARTESIAN_POINT('',(0.,0.));
#8681 = VECTOR('',#8682,1.);
#8682 = DIRECTION('',(0.56044199465,-0.828193679421));
#8683 = ( GEOMETRIC_REPRESENTATION_CONTEXT(2) 
PARAMETRIC_REPRESENTATION_CONTEXT() REPRESENTATION_CONTEXT('2D SPACE',''
  ) );
#8684 = ORIENTED_EDGE('',*,*,#8685,.T.);
#8685 = EDGE_CURVE('',#8658,#6700,#8686,.T.);
#8686 = SURFACE_CURVE('',#8687,(#8691,#8698),.PCURVE_S1.);
#8687 = LINE('',#8688,#8689);
#8688 = CARTESIAN_POINT('',(30.025278634079,2.791513046801E-02,
    9.352934985586));
#8689 = VECTOR('',#8690,1.);
#8690 = DIRECTION('',(1.762058050634E-03,-1.89909399678E-02,
    0.999818103132));
#8691 = PCURVE('',#6847,#8692);
#8692 = DEFINITIONAL_REPRESENTATION('',(#8693),#8697);
#8693 = LINE('',#8694,#8695);
#8694 = CARTESIAN_POINT('',(2.416980992329,-3.571698846719));
#8695 = VECTOR('',#8696,1.);
#8696 = DIRECTION('',(1.905549613154E-02,0.999818427549));
#8697 = ( GEOMETRIC_REPRESENTATION_CONTEXT(2) 
PARAMETRIC_REPRESENTATION_CONTEXT() REPRESENTATION_CONTEXT('2D SPACE',''
  ) );
#8698 = PCURVE('',#8699,#8704);
#8699 = PLANE('',#8700);
#8700 = AXIS2_PLACEMENT_3D('',#8701,#8702,#8703);
#8701 = CARTESIAN_POINT('',(30.031449866432,-3.859658468693E-02,
    12.854584561384));
#8702 = DIRECTION('',(-0.998918676216,4.641656459959E-02,
    2.642127481891E-03));
#8703 = DIRECTION('',(-4.641672661369E-02,-0.998922162879,
    1.759632622079E-20));
#8704 = DEFINITIONAL_REPRESENTATION('',(#8705),#8709);
#8705 = LINE('',#8706,#8707);
#8706 = CARTESIAN_POINT('',(-6.615357795434E-02,-3.501661798086));
#8707 = VECTOR('',#8708,1.);
#8708 = DIRECTION('',(1.888868186093E-02,0.999821592934));
#8709 = ( GEOMETRIC_REPRESENTATION_CONTEXT(2) 
PARAMETRIC_REPRESENTATION_CONTEXT() REPRESENTATION_CONTEXT('2D SPACE',''
  ) );
#8710 = ORIENTED_EDGE('',*,*,#6833,.F.);
#8711 = ADVANCED_FACE('',(#8712),#8673,.T.);
#8712 = FACE_BOUND('',#8713,.T.);
#8713 = EDGE_LOOP('',(#8714,#8737,#8763));
#8714 = ORIENTED_EDGE('',*,*,#8715,.T.);
#8715 = EDGE_CURVE('',#6806,#8716,#8718,.T.);
#8716 = VERTEX_POINT('',#8717);
#8717 = CARTESIAN_POINT('',(29.906759871977,2.467402118906,
    9.335357077644));
#8718 = SURFACE_CURVE('',#8719,(#8723,#8730),.PCURVE_S1.);
#8719 = LINE('',#8720,#8721);
#8720 = CARTESIAN_POINT('',(29.90668532169,2.441986592178,
    12.924632673374));
#8721 = VECTOR('',#8722,1.);
#8722 = DIRECTION('',(2.076976709871E-05,7.080785217259E-03,
    -0.99997493071));
#8723 = PCURVE('',#8673,#8724);
#8724 = DEFINITIONAL_REPRESENTATION('',(#8725),#8729);
#8725 = LINE('',#8726,#8727);
#8726 = CARTESIAN_POINT('',(0.,0.));
#8727 = VECTOR('',#8728,1.);
#8728 = DIRECTION('',(-7.071434566339E-03,-0.999974997094));
#8729 = ( GEOMETRIC_REPRESENTATION_CONTEXT(2) 
PARAMETRIC_REPRESENTATION_CONTEXT() REPRESENTATION_CONTEXT('2D SPACE',''
  ) );
#8730 = PCURVE('',#6905,#8731);
#8731 = DEFINITIONAL_REPRESENTATION('',(#8732),#8736);
#8732 = LINE('',#8733,#8734);
#8733 = CARTESIAN_POINT('',(2.4322384029,-1.379085415299E-02));
#8734 = VECTOR('',#8735,1.);
#8735 = DIRECTION('',(-7.004328195206E-03,-0.999975469392));
#8736 = ( GEOMETRIC_REPRESENTATION_CONTEXT(2) 
PARAMETRIC_REPRESENTATION_CONTEXT() REPRESENTATION_CONTEXT('2D SPACE',''
  ) );
#8737 = ORIENTED_EDGE('',*,*,#8738,.T.);
#8738 = EDGE_CURVE('',#8716,#8658,#8739,.T.);
#8739 = SURFACE_CURVE('',#8740,(#8744,#8751),.PCURVE_S1.);
#8740 = LINE('',#8741,#8742);
#8741 = CARTESIAN_POINT('',(29.906759871977,2.467402118906,
    9.335357077644));
#8742 = VECTOR('',#8743,1.);
#8743 = DIRECTION('',(4.852498532173E-02,-0.998796040453,
    7.196900387375E-03));
#8744 = PCURVE('',#8673,#8745);
#8745 = DEFINITIONAL_REPRESENTATION('',(#8746),#8750);
#8746 = LINE('',#8747,#8748);
#8747 = CARTESIAN_POINT('',(-2.538196382356E-02,-3.589275834005));
#8748 = VECTOR('',#8749,1.);
#8749 = DIRECTION('',(0.999974101974,7.196900865143E-03));
#8750 = ( GEOMETRIC_REPRESENTATION_CONTEXT(2) 
PARAMETRIC_REPRESENTATION_CONTEXT() REPRESENTATION_CONTEXT('2D SPACE',''
  ) );
#8751 = PCURVE('',#8752,#8757);
#8752 = PLANE('',#8753);
#8753 = AXIS2_PLACEMENT_3D('',#8754,#8755,#8756);
#8754 = CARTESIAN_POINT('',(5.498101158284,29.470860987816,
    9.320524935281));
#8755 = DIRECTION('',(7.781736156815E-03,7.583214055562E-03,
    0.999940967981));
#8756 = DIRECTION('',(0.999969720092,-2.965166508611E-21,
    -7.781959911361E-03));
#8757 = DEFINITIONAL_REPRESENTATION('',(#8758),#8762);
#8758 = LINE('',#8759,#8760);
#8759 = CARTESIAN_POINT('',(24.407804198604,-27.00423532117));
#8760 = VECTOR('',#8761,1.);
#8761 = DIRECTION('',(4.846750999931E-02,-0.998824759642));
#8762 = ( GEOMETRIC_REPRESENTATION_CONTEXT(2) 
PARAMETRIC_REPRESENTATION_CONTEXT() REPRESENTATION_CONTEXT('2D SPACE',''
  ) );
#8763 = ORIENTED_EDGE('',*,*,#8657,.F.);
#8764 = ADVANCED_FACE('',(#8765),#6905,.T.);
#8765 = FACE_BOUND('',#8766,.T.);
#8766 = EDGE_LOOP('',(#8767,#8793,#8794));
#8767 = ORIENTED_EDGE('',*,*,#8768,.T.);
#8768 = EDGE_CURVE('',#6864,#8716,#8769,.T.);
#8769 = SURFACE_CURVE('',#8770,(#8774,#8781),.PCURVE_S1.);
#8770 = LINE('',#8771,#8772);
#8771 = CARTESIAN_POINT('',(29.557197838005,4.848985168724,
    12.938423520097));
#8772 = VECTOR('',#8773,1.);
#8773 = DIRECTION('',(8.067150961165E-02,-0.549618898,-0.831511379657));
#8774 = PCURVE('',#6905,#8775);
#8775 = DEFINITIONAL_REPRESENTATION('',(#8776),#8780);
#8776 = LINE('',#8777,#8778);
#8777 = CARTESIAN_POINT('',(0.,0.));
#8778 = VECTOR('',#8779,1.);
#8779 = DIRECTION('',(0.555507048183,-0.831511827588));
#8780 = ( GEOMETRIC_REPRESENTATION_CONTEXT(2) 
PARAMETRIC_REPRESENTATION_CONTEXT() REPRESENTATION_CONTEXT('2D SPACE',''
  ) );
#8781 = PCURVE('',#8782,#8787);
#8782 = PLANE('',#8783);
#8783 = AXIS2_PLACEMENT_3D('',#8784,#8785,#8786);
#8784 = CARTESIAN_POINT('',(29.557197838005,4.848985168724,
    12.938423520097));
#8785 = DIRECTION('',(-0.989291250955,-0.145954019856,4.948445709587E-04
    ));
#8786 = DIRECTION('',(0.145954037726,-0.98929137208,-2.390249623193E-21)
  );
#8787 = DEFINITIONAL_REPRESENTATION('',(#8788),#8792);
#8788 = LINE('',#8789,#8790);
#8789 = CARTESIAN_POINT('',(0.,0.));
#8790 = VECTOR('',#8791,1.);
#8791 = DIRECTION('',(0.55550756628,-0.831511481463));
#8792 = ( GEOMETRIC_REPRESENTATION_CONTEXT(2) 
PARAMETRIC_REPRESENTATION_CONTEXT() REPRESENTATION_CONTEXT('2D SPACE',''
  ) );
#8793 = ORIENTED_EDGE('',*,*,#8715,.F.);
#8794 = ORIENTED_EDGE('',*,*,#6891,.F.);
#8795 = ADVANCED_FACE('',(#8796),#8782,.T.);
#8796 = FACE_BOUND('',#8797,.T.);
#8797 = EDGE_LOOP('',(#8798,#8821,#8847));
#8798 = ORIENTED_EDGE('',*,*,#8799,.F.);
#8799 = EDGE_CURVE('',#8800,#6864,#8802,.T.);
#8800 = VERTEX_POINT('',#8801);
#8801 = CARTESIAN_POINT('',(29.55424602458,4.856961408531,9.389755846805
    ));
#8802 = SURFACE_CURVE('',#8803,(#8807,#8814),.PCURVE_S1.);
#8803 = LINE('',#8804,#8805);
#8804 = CARTESIAN_POINT('',(29.55424602458,4.856961408531,9.389755846805
    ));
#8805 = VECTOR('',#8806,1.);
#8806 = DIRECTION('',(8.31806531063E-04,-2.247665218151E-03,
    0.999997128045));
#8807 = PCURVE('',#8782,#8808);
#8808 = DEFINITIONAL_REPRESENTATION('',(#8809),#8813);
#8809 = LINE('',#8810,#8811);
#8810 = CARTESIAN_POINT('',(-8.321654311082E-03,-3.548668107775));
#8811 = VECTOR('',#8812,1.);
#8812 = DIRECTION('',(2.345001329456E-03,0.999997250481));
#8813 = ( GEOMETRIC_REPRESENTATION_CONTEXT(2) 
PARAMETRIC_REPRESENTATION_CONTEXT() REPRESENTATION_CONTEXT('2D SPACE',''
  ) );
#8814 = PCURVE('',#6963,#8815);
#8815 = DEFINITIONAL_REPRESENTATION('',(#8816),#8820);
#8816 = LINE('',#8817,#8818);
#8817 = CARTESIAN_POINT('',(2.472291001499,-3.592590601455));
#8818 = VECTOR('',#8819,1.);
#8819 = DIRECTION('',(2.36255339798E-03,0.999997209167));
#8820 = ( GEOMETRIC_REPRESENTATION_CONTEXT(2) 
PARAMETRIC_REPRESENTATION_CONTEXT() REPRESENTATION_CONTEXT('2D SPACE',''
  ) );
#8821 = ORIENTED_EDGE('',*,*,#8822,.T.);
#8822 = EDGE_CURVE('',#8800,#8716,#8823,.T.);
#8823 = SURFACE_CURVE('',#8824,(#8828,#8835),.PCURVE_S1.);
#8824 = LINE('',#8825,#8826);
#8825 = CARTESIAN_POINT('',(29.55424602458,4.856961408531,9.389755846805
    ));
#8826 = VECTOR('',#8827,1.);
#8827 = DIRECTION('',(0.145906014251,-0.98904220172,-2.251573277805E-02)
  );
#8828 = PCURVE('',#8782,#8829);
#8829 = DEFINITIONAL_REPRESENTATION('',(#8830),#8834);
#8830 = LINE('',#8831,#8832);
#8831 = CARTESIAN_POINT('',(-8.321654311082E-03,-3.548668107775));
#8832 = VECTOR('',#8833,1.);
#8833 = DIRECTION('',(0.999746488693,-2.251573553477E-02));
#8834 = ( GEOMETRIC_REPRESENTATION_CONTEXT(2) 
PARAMETRIC_REPRESENTATION_CONTEXT() REPRESENTATION_CONTEXT('2D SPACE',''
  ) );
#8835 = PCURVE('',#8836,#8841);
#8836 = PLANE('',#8837);
#8837 = AXIS2_PLACEMENT_3D('',#8838,#8839,#8840);
#8838 = CARTESIAN_POINT('',(23.860033506341,18.254074391643,
    9.294505317577));
#8839 = DIRECTION('',(-0.106956191431,-3.839616652041E-02,0.99352207198)
  );
#8840 = DIRECTION('',(0.994255240452,1.477942246013E-19,0.107035119629)
  );
#8841 = DEFINITIONAL_REPRESENTATION('',(#8842),#8846);
#8842 = LINE('',#8843,#8844);
#8843 = CARTESIAN_POINT('',(5.671695788296,-13.40699936725));
#8844 = VECTOR('',#8845,1.);
#8845 = DIRECTION('',(0.142657845131,-0.989772064277));
#8846 = ( GEOMETRIC_REPRESENTATION_CONTEXT(2) 
PARAMETRIC_REPRESENTATION_CONTEXT() REPRESENTATION_CONTEXT('2D SPACE',''
  ) );
#8847 = ORIENTED_EDGE('',*,*,#8768,.F.);
#8848 = ADVANCED_FACE('',(#8849),#6963,.T.);
#8849 = FACE_BOUND('',#8850,.T.);
#8850 = EDGE_LOOP('',(#8851,#8877,#8878));
#8851 = ORIENTED_EDGE('',*,*,#8852,.T.);
#8852 = EDGE_CURVE('',#6922,#8800,#8853,.T.);
#8853 = SURFACE_CURVE('',#8854,(#8858,#8865),.PCURVE_S1.);
#8854 = LINE('',#8855,#8856);
#8855 = CARTESIAN_POINT('',(29.099490529706,7.287068881464,
    12.982346156823));
#8856 = VECTOR('',#8857,1.);
#8857 = DIRECTION('',(0.104276132471,-0.557227370802,-0.823786468343));
#8858 = PCURVE('',#6963,#8859);
#8859 = DEFINITIONAL_REPRESENTATION('',(#8860),#8864);
#8860 = LINE('',#8861,#8862);
#8861 = CARTESIAN_POINT('',(0.,0.));
#8862 = VECTOR('',#8863,1.);
#8863 = DIRECTION('',(0.566900118603,-0.82378653517));
#8864 = ( GEOMETRIC_REPRESENTATION_CONTEXT(2) 
PARAMETRIC_REPRESENTATION_CONTEXT() REPRESENTATION_CONTEXT('2D SPACE',''
  ) );
#8865 = PCURVE('',#8866,#8871);
#8866 = PLANE('',#8867);
#8867 = AXIS2_PLACEMENT_3D('',#8868,#8869,#8870);
#8868 = CARTESIAN_POINT('',(29.099490529706,7.287068881464,
    12.982346156823));
#8869 = DIRECTION('',(-0.985486531214,-0.169451493969,
    -1.012363511054E-02));
#8870 = DIRECTION('',(0.169460178008,-0.985537035362,-1.258239912509E-19
    ));
#8871 = DEFINITIONAL_REPRESENTATION('',(#8872),#8876);
#8872 = LINE('',#8873,#8874);
#8873 = CARTESIAN_POINT('',(0.,0.));
#8874 = VECTOR('',#8875,1.);
#8875 = DIRECTION('',(0.566838863014,-0.823828685697));
#8876 = ( GEOMETRIC_REPRESENTATION_CONTEXT(2) 
PARAMETRIC_REPRESENTATION_CONTEXT() REPRESENTATION_CONTEXT('2D SPACE',''
  ) );
#8877 = ORIENTED_EDGE('',*,*,#8799,.T.);
#8878 = ORIENTED_EDGE('',*,*,#6949,.F.);
#8879 = ADVANCED_FACE('',(#8880),#8866,.T.);
#8880 = FACE_BOUND('',#8881,.T.);
#8881 = EDGE_LOOP('',(#8882,#8910,#8936));
#8882 = ORIENTED_EDGE('',*,*,#8883,.T.);
#8883 = EDGE_CURVE('',#6922,#8884,#8886,.T.);
#8884 = VERTEX_POINT('',#8885);
#8885 = CARTESIAN_POINT('',(29.134131801674,7.306573648183,
    9.283712375529));
#8886 = SURFACE_CURVE('',#8887,(#8891,#8898),.PCURVE_S1.);
#8887 = LINE('',#8888,#8889);
#8888 = CARTESIAN_POINT('',(29.099490529706,7.287068881464,
    12.982346156823));
#8889 = VECTOR('',#8890,1.);
#8890 = DIRECTION('',(9.365423320441E-03,5.273201205011E-03,
    -0.999942239429));
#8891 = PCURVE('',#8866,#8892);
#8892 = DEFINITIONAL_REPRESENTATION('',(#8893),#8897);
#8893 = LINE('',#8894,#8895);
#8894 = CARTESIAN_POINT('',(0.,0.));
#8895 = VECTOR('',#8896,1.);
#8896 = DIRECTION('',(-3.609868779449E-03,-0.999993484402));
#8897 = ( GEOMETRIC_REPRESENTATION_CONTEXT(2) 
PARAMETRIC_REPRESENTATION_CONTEXT() REPRESENTATION_CONTEXT('2D SPACE',''
  ) );
#8898 = PCURVE('',#8899,#8904);
#8899 = PLANE('',#8900);
#8900 = AXIS2_PLACEMENT_3D('',#8901,#8902,#8903);
#8901 = CARTESIAN_POINT('',(29.099490529706,7.287068881464,
    12.982346156823));
#8902 = DIRECTION('',(-0.954463681585,-0.298141885948,
    -1.051172573755E-02));
#8903 = DIRECTION('',(0.298158359112,-0.954516418346,-2.413819555111E-19
    ));
#8904 = DEFINITIONAL_REPRESENTATION('',(#8905),#8909);
#8905 = LINE('',#8906,#8907);
#8906 = CARTESIAN_POINT('',(0.,0.));
#8907 = VECTOR('',#8908,1.);
#8908 = DIRECTION('',(-2.240977877807E-03,-0.999997489006));
#8909 = ( GEOMETRIC_REPRESENTATION_CONTEXT(2) 
PARAMETRIC_REPRESENTATION_CONTEXT() REPRESENTATION_CONTEXT('2D SPACE',''
  ) );
#8910 = ORIENTED_EDGE('',*,*,#8911,.T.);
#8911 = EDGE_CURVE('',#8884,#8800,#8912,.T.);
#8912 = SURFACE_CURVE('',#8913,(#8917,#8924),.PCURVE_S1.);
#8913 = LINE('',#8914,#8915);
#8914 = CARTESIAN_POINT('',(29.134131801674,7.306573648183,
    9.283712375529));
#8915 = VECTOR('',#8916,1.);
#8916 = DIRECTION('',(0.168880791488,-0.984714230833,4.262818153946E-02)
  );
#8917 = PCURVE('',#8866,#8918);
#8918 = DEFINITIONAL_REPRESENTATION('',(#8919),#8923);
#8919 = LINE('',#8920,#8921);
#8920 = CARTESIAN_POINT('',(-1.335235385329E-02,-3.698823328632));
#8921 = VECTOR('',#8922,1.);
#8922 = DIRECTION('',(0.999090912721,4.263036614566E-02));
#8923 = ( GEOMETRIC_REPRESENTATION_CONTEXT(2) 
PARAMETRIC_REPRESENTATION_CONTEXT() REPRESENTATION_CONTEXT('2D SPACE',''
  ) );
#8924 = PCURVE('',#8925,#8930);
#8925 = PLANE('',#8926);
#8926 = AXIS2_PLACEMENT_3D('',#8927,#8928,#8929);
#8927 = CARTESIAN_POINT('',(26.461388417364,14.137891636868,
    9.296157637454));
#8928 = DIRECTION('',(0.200504311498,7.666769881295E-02,0.976688325429)
  );
#8929 = DIRECTION('',(0.979571497755,-1.259678502512E-18,-0.201096197842
    ));
#8930 = DEFINITIONAL_REPRESENTATION('',(#8931),#8935);
#8931 = LINE('',#8932,#8933);
#8932 = CARTESIAN_POINT('',(2.620645934938,-6.851483958176));
#8933 = VECTOR('',#8934,1.);
#8934 = DIRECTION('',(0.156858444631,-0.987621095536));
#8935 = ( GEOMETRIC_REPRESENTATION_CONTEXT(2) 
PARAMETRIC_REPRESENTATION_CONTEXT() REPRESENTATION_CONTEXT('2D SPACE',''
  ) );
#8936 = ORIENTED_EDGE('',*,*,#8852,.F.);
#8937 = ADVANCED_FACE('',(#8938),#8899,.T.);
#8938 = FACE_BOUND('',#8939,.T.);
#8939 = EDGE_LOOP('',(#8940,#8963,#8989));
#8940 = ORIENTED_EDGE('',*,*,#8941,.F.);
#8941 = EDGE_CURVE('',#8942,#6922,#8944,.T.);
#8942 = VERTEX_POINT('',#8943);
#8943 = CARTESIAN_POINT('',(28.414146224946,9.608927956242,
    9.357137876435));
#8944 = SURFACE_CURVE('',#8945,(#8949,#8956),.PCURVE_S1.);
#8945 = LINE('',#8946,#8947);
#8946 = CARTESIAN_POINT('',(28.414146224946,9.608927956242,
    9.357137876435));
#8947 = VECTOR('',#8948,1.);
#8948 = DIRECTION('',(0.157216928412,-0.532630897211,0.831617198449));
#8949 = PCURVE('',#8899,#8950);
#8950 = DEFINITIONAL_REPRESENTATION('',(#8951),#8955);
#8951 = LINE('',#8952,#8953);
#8952 = CARTESIAN_POINT('',(-2.420593741295,-3.625408583181));
#8953 = VECTOR('',#8954,1.);
#8954 = DIRECTION('',(0.555280477706,0.831663147601));
#8955 = ( GEOMETRIC_REPRESENTATION_CONTEXT(2) 
PARAMETRIC_REPRESENTATION_CONTEXT() REPRESENTATION_CONTEXT('2D SPACE',''
  ) );
#8956 = PCURVE('',#7021,#8957);
#8957 = DEFINITIONAL_REPRESENTATION('',(#8958),#8962);
#8958 = LINE('',#8959,#8960);
#8959 = CARTESIAN_POINT('',(-1.134355188347E-02,-3.530421640821));
#8960 = VECTOR('',#8961,1.);
#8961 = DIRECTION('',(0.555299218402,0.831650634607));
#8962 = ( GEOMETRIC_REPRESENTATION_CONTEXT(2) 
PARAMETRIC_REPRESENTATION_CONTEXT() REPRESENTATION_CONTEXT('2D SPACE',''
  ) );
#8963 = ORIENTED_EDGE('',*,*,#8964,.T.);
#8964 = EDGE_CURVE('',#8942,#8884,#8965,.T.);
#8965 = SURFACE_CURVE('',#8966,(#8970,#8977),.PCURVE_S1.);
#8966 = LINE('',#8967,#8968);
#8967 = CARTESIAN_POINT('',(28.414146224946,9.608927956242,
    9.357137876435));
#8968 = VECTOR('',#8969,1.);
#8969 = DIRECTION('',(0.298325600657,-0.953979154691,-3.042381315593E-02
    ));
#8970 = PCURVE('',#8899,#8971);
#8971 = DEFINITIONAL_REPRESENTATION('',(#8972),#8976);
#8972 = LINE('',#8973,#8974);
#8973 = CARTESIAN_POINT('',(-2.420593741295,-3.625408583181));
#8974 = VECTOR('',#8975,1.);
#8975 = DIRECTION('',(0.999537037486,-3.042549415582E-02));
#8976 = ( GEOMETRIC_REPRESENTATION_CONTEXT(2) 
PARAMETRIC_REPRESENTATION_CONTEXT() REPRESENTATION_CONTEXT('2D SPACE',''
  ) );
#8977 = PCURVE('',#8978,#8983);
#8978 = PLANE('',#8979);
#8979 = AXIS2_PLACEMENT_3D('',#8980,#8981,#8982);
#8980 = CARTESIAN_POINT('',(27.522637954126,11.877341200307,
    9.35427716913));
#8981 = DIRECTION('',(-0.377487399779,-0.147203234393,0.914239832206));
#8982 = DIRECTION('',(0.924309007573,-4.034555423049E-19,0.381644937761)
  );
#8983 = DEFINITIONAL_REPRESENTATION('',(#8984),#8988);
#8984 = LINE('',#8985,#8986);
#8985 = CARTESIAN_POINT('',(0.825120899506,-2.293396897101));
#8986 = VECTOR('',#8987,1.);
#8987 = DIRECTION('',(0.264133945599,-0.964486007562));
#8988 = ( GEOMETRIC_REPRESENTATION_CONTEXT(2) 
PARAMETRIC_REPRESENTATION_CONTEXT() REPRESENTATION_CONTEXT('2D SPACE',''
  ) );
#8989 = ORIENTED_EDGE('',*,*,#8883,.F.);
#8990 = ADVANCED_FACE('',(#8991),#7021,.T.);
#8991 = FACE_BOUND('',#8992,.T.);
#8992 = EDGE_LOOP('',(#8993,#9014,#9015));
#8993 = ORIENTED_EDGE('',*,*,#8994,.F.);
#8994 = EDGE_CURVE('',#8942,#6980,#8995,.T.);
#8995 = SURFACE_CURVE('',#8996,(#9000,#9007),.PCURVE_S1.);
#8996 = LINE('',#8997,#8998);
#8997 = CARTESIAN_POINT('',(28.414146224946,9.608927956242,
    9.357137876435));
#8998 = VECTOR('',#8999,1.);
#8999 = DIRECTION('',(9.501609786201E-03,-6.707688444136E-04,
    0.999954633711));
#9000 = PCURVE('',#7021,#9001);
#9001 = DEFINITIONAL_REPRESENTATION('',(#9002),#9006);
#9002 = LINE('',#9003,#9004);
#9003 = CARTESIAN_POINT('',(-1.134355188347E-02,-3.530421640821));
#9004 = VECTOR('',#9005,1.);
#9005 = DIRECTION('',(3.213070415658E-03,0.999994838076));
#9006 = ( GEOMETRIC_REPRESENTATION_CONTEXT(2) 
PARAMETRIC_REPRESENTATION_CONTEXT() REPRESENTATION_CONTEXT('2D SPACE',''
  ) );
#9007 = PCURVE('',#7079,#9008);
#9008 = DEFINITIONAL_REPRESENTATION('',(#9009),#9013);
#9009 = LINE('',#9010,#9011);
#9010 = CARTESIAN_POINT('',(2.440092534406,-3.550336519702));
#9011 = VECTOR('',#9012,1.);
#9012 = DIRECTION('',(4.013136513421E-03,0.999991947335));
#9013 = ( GEOMETRIC_REPRESENTATION_CONTEXT(2) 
PARAMETRIC_REPRESENTATION_CONTEXT() REPRESENTATION_CONTEXT('2D SPACE',''
  ) );
#9014 = ORIENTED_EDGE('',*,*,#8941,.T.);
#9015 = ORIENTED_EDGE('',*,*,#7007,.F.);
#9016 = ADVANCED_FACE('',(#9017),#7079,.T.);
#9017 = FACE_BOUND('',#9018,.T.);
#9018 = EDGE_LOOP('',(#9019,#9040,#9041));
#9019 = ORIENTED_EDGE('',*,*,#9020,.T.);
#9020 = EDGE_CURVE('',#7038,#8942,#9021,.T.);
#9021 = SURFACE_CURVE('',#9022,(#9026,#9033),.PCURVE_S1.);
#9022 = LINE('',#9023,#9024);
#9023 = CARTESIAN_POINT('',(27.57314252274,11.899714940572,
    12.907341919148));
#9024 = VECTOR('',#9025,1.);
#9025 = DIRECTION('',(0.19521865321,-0.53175075056,-0.824093936829));
#9026 = PCURVE('',#7079,#9027);
#9027 = DEFINITIONAL_REPRESENTATION('',(#9028),#9032);
#9028 = LINE('',#9029,#9030);
#9029 = CARTESIAN_POINT('',(0.,0.));
#9030 = VECTOR('',#9031,1.);
#9031 = DIRECTION('',(0.566408420111,-0.824124688155));
#9032 = ( GEOMETRIC_REPRESENTATION_CONTEXT(2) 
PARAMETRIC_REPRESENTATION_CONTEXT() REPRESENTATION_CONTEXT('2D SPACE',''
  ) );
#9033 = PCURVE('',#7195,#9034);
#9034 = DEFINITIONAL_REPRESENTATION('',(#9035),#9039);
#9035 = LINE('',#9036,#9037);
#9036 = CARTESIAN_POINT('',(0.,0.));
#9037 = VECTOR('',#9038,1.);
#9038 = DIRECTION('',(0.566308515008,-0.824193342505));
#9039 = ( GEOMETRIC_REPRESENTATION_CONTEXT(2) 
PARAMETRIC_REPRESENTATION_CONTEXT() REPRESENTATION_CONTEXT('2D SPACE',''
  ) );
#9040 = ORIENTED_EDGE('',*,*,#8994,.T.);
#9041 = ORIENTED_EDGE('',*,*,#7065,.F.);
#9042 = ADVANCED_FACE('',(#9043),#7195,.T.);
#9043 = FACE_BOUND('',#9044,.T.);
#9044 = EDGE_LOOP('',(#9045,#9046,#9067));
#9045 = ORIENTED_EDGE('',*,*,#7181,.F.);
#9046 = ORIENTED_EDGE('',*,*,#9047,.T.);
#9047 = EDGE_CURVE('',#7154,#8942,#9048,.T.);
#9048 = SURFACE_CURVE('',#9049,(#9053,#9060),.PCURVE_S1.);
#9049 = LINE('',#9050,#9051);
#9050 = CARTESIAN_POINT('',(27.522637954126,11.877341200307,
    9.35427716913));
#9051 = VECTOR('',#9052,1.);
#9052 = DIRECTION('',(0.365775070073,-0.930702541368,1.173713636908E-03)
  );
#9053 = PCURVE('',#7195,#9054);
#9054 = DEFINITIONAL_REPRESENTATION('',(#9055),#9059);
#9055 = LINE('',#9056,#9057);
#9056 = CARTESIAN_POINT('',(2.350992554217E-03,-3.553493335629));
#9057 = VECTOR('',#9058,1.);
#9058 = DIRECTION('',(0.999999311032,1.173855215182E-03));
#9059 = ( GEOMETRIC_REPRESENTATION_CONTEXT(2) 
PARAMETRIC_REPRESENTATION_CONTEXT() REPRESENTATION_CONTEXT('2D SPACE',''
  ) );
#9060 = PCURVE('',#8978,#9061);
#9061 = DEFINITIONAL_REPRESENTATION('',(#9062),#9066);
#9062 = LINE('',#9063,#9064);
#9063 = CARTESIAN_POINT('',(0.,0.));
#9064 = VECTOR('',#9065,1.);
#9065 = DIRECTION('',(0.338537133882,-0.940953032294));
#9066 = ( GEOMETRIC_REPRESENTATION_CONTEXT(2) 
PARAMETRIC_REPRESENTATION_CONTEXT() REPRESENTATION_CONTEXT('2D SPACE',''
  ) );
#9067 = ORIENTED_EDGE('',*,*,#9020,.F.);
#9068 = ADVANCED_FACE('',(#9069),#7739,.T.);
#9069 = FACE_BOUND('',#9070,.T.);
#9070 = EDGE_LOOP('',(#9071,#9097,#9098));
#9071 = ORIENTED_EDGE('',*,*,#9072,.F.);
#9072 = EDGE_CURVE('',#7724,#7891,#9073,.T.);
#9073 = SURFACE_CURVE('',#9074,(#9078,#9085),.PCURVE_S1.);
#9074 = LINE('',#9075,#9076);
#9075 = CARTESIAN_POINT('',(18.716708606384,23.426489855751,
    9.361406472188));
#9076 = VECTOR('',#9077,1.);
#9077 = DIRECTION('',(3.626458783042E-03,2.897887973381E-03,
    0.999989225463));
#9078 = PCURVE('',#7739,#9079);
#9079 = DEFINITIONAL_REPRESENTATION('',(#9080),#9084);
#9080 = LINE('',#9081,#9082);
#9081 = CARTESIAN_POINT('',(3.021577145279E-03,3.590517621803));
#9082 = VECTOR('',#9083,1.);
#9083 = DIRECTION('',(-8.415433075715E-04,-0.999999645902));
#9084 = ( GEOMETRIC_REPRESENTATION_CONTEXT(2) 
PARAMETRIC_REPRESENTATION_CONTEXT() REPRESENTATION_CONTEXT('2D SPACE',''
  ) );
#9085 = PCURVE('',#9086,#9091);
#9086 = PLANE('',#9087);
#9087 = AXIS2_PLACEMENT_3D('',#9088,#9089,#9090);
#9088 = CARTESIAN_POINT('',(18.72972947516,23.43689477727,
    12.951886679207));
#9089 = DIRECTION('',(-0.609288462416,-0.792935843865,4.507447307191E-03
    ));
#9090 = DIRECTION('',(-0.792943899059,0.609294651992,-7.277014146064E-20
    ));
#9091 = DEFINITIONAL_REPRESENTATION('',(#9092),#9096);
#9092 = LINE('',#9093,#9094);
#9093 = CARTESIAN_POINT('',(3.985155420511E-03,3.590516681613));
#9094 = VECTOR('',#9095,1.);
#9095 = DIRECTION('',(-1.109910722949E-03,-0.999999384049));
#9096 = ( GEOMETRIC_REPRESENTATION_CONTEXT(2) 
PARAMETRIC_REPRESENTATION_CONTEXT() REPRESENTATION_CONTEXT('2D SPACE',''
  ) );
#9097 = ORIENTED_EDGE('',*,*,#7723,.T.);
#9098 = ORIENTED_EDGE('',*,*,#7918,.F.);
#9099 = ADVANCED_FACE('',(#9100),#9086,.T.);
#9100 = FACE_BOUND('',#9101,.T.);
#9101 = EDGE_LOOP('',(#9102,#9125,#9151));
#9102 = ORIENTED_EDGE('',*,*,#9103,.F.);
#9103 = EDGE_CURVE('',#9104,#7891,#9106,.T.);
#9104 = VERTEX_POINT('',#9105);
#9105 = CARTESIAN_POINT('',(16.757750637738,24.931654559568,
    9.345556242185));
#9106 = SURFACE_CURVE('',#9107,(#9111,#9118),.PCURVE_S1.);
#9107 = LINE('',#9108,#9109);
#9108 = CARTESIAN_POINT('',(16.757750637738,24.931654559568,
    9.345556242185));
#9109 = VECTOR('',#9110,1.);
#9110 = DIRECTION('',(0.450879360604,-0.341766514989,0.824562581866));
#9111 = PCURVE('',#9086,#9112);
#9112 = DEFINITIONAL_REPRESENTATION('',(#9113),#9117);
#9113 = LINE('',#9114,#9115);
#9114 = CARTESIAN_POINT('',(2.474417729573,3.606367072635));
#9115 = VECTOR('',#9116,1.);
#9116 = DIRECTION('',(-0.565758548015,-0.824570958346));
#9117 = ( GEOMETRIC_REPRESENTATION_CONTEXT(2) 
PARAMETRIC_REPRESENTATION_CONTEXT() REPRESENTATION_CONTEXT('2D SPACE',''
  ) );
#9118 = PCURVE('',#7985,#9119);
#9119 = DEFINITIONAL_REPRESENTATION('',(#9120),#9124);
#9120 = LINE('',#9121,#9122);
#9121 = CARTESIAN_POINT('',(-4.700711872562E-02,3.606900921407));
#9122 = VECTOR('',#9123,1.);
#9123 = DIRECTION('',(-0.565677569814,-0.824626513647));
#9124 = ( GEOMETRIC_REPRESENTATION_CONTEXT(2) 
PARAMETRIC_REPRESENTATION_CONTEXT() REPRESENTATION_CONTEXT('2D SPACE',''
  ) );
#9125 = ORIENTED_EDGE('',*,*,#9126,.T.);
#9126 = EDGE_CURVE('',#9104,#7724,#9127,.T.);
#9127 = SURFACE_CURVE('',#9128,(#9132,#9139),.PCURVE_S1.);
#9128 = LINE('',#9129,#9130);
#9129 = CARTESIAN_POINT('',(16.757750637738,24.931654559568,
    9.345556242185));
#9130 = VECTOR('',#9131,1.);
#9131 = DIRECTION('',(0.792945198988,-0.609259179972,6.415841475668E-03)
  );
#9132 = PCURVE('',#9086,#9133);
#9133 = DEFINITIONAL_REPRESENTATION('',(#9134),#9138);
#9134 = LINE('',#9135,#9136);
#9135 = CARTESIAN_POINT('',(2.474417729573,3.606367072635));
#9136 = VECTOR('',#9137,1.);
#9137 = DIRECTION('',(-0.999979417859,-6.415906652248E-03));
#9138 = ( GEOMETRIC_REPRESENTATION_CONTEXT(2) 
PARAMETRIC_REPRESENTATION_CONTEXT() REPRESENTATION_CONTEXT('2D SPACE',''
  ) );
#9139 = PCURVE('',#9140,#9145);
#9140 = PLANE('',#9141);
#9141 = AXIS2_PLACEMENT_3D('',#9142,#9143,#9144);
#9142 = CARTESIAN_POINT('',(18.716708606384,23.426489855751,
    9.361406472188));
#9143 = DIRECTION('',(2.149839073443E-02,3.850027587991E-02,
    0.999027300905));
#9144 = DIRECTION('',(-1.546110504948E-19,0.999258246582,
    -3.850917600936E-02));
#9145 = DEFINITIONAL_REPRESENTATION('',(#9146),#9150);
#9146 = LINE('',#9147,#9148);
#9147 = CARTESIAN_POINT('',(1.504658622051,1.959410822012));
#9148 = VECTOR('',#9149,1.);
#9149 = DIRECTION('',(-0.609054328662,-0.793128504555));
#9150 = ( GEOMETRIC_REPRESENTATION_CONTEXT(2) 
PARAMETRIC_REPRESENTATION_CONTEXT() REPRESENTATION_CONTEXT('2D SPACE',''
  ) );
#9151 = ORIENTED_EDGE('',*,*,#9072,.T.);
#9152 = ADVANCED_FACE('',(#9153),#7985,.T.);
#9153 = FACE_BOUND('',#9154,.T.);
#9154 = EDGE_LOOP('',(#9155,#9176,#9177));
#9155 = ORIENTED_EDGE('',*,*,#9156,.T.);
#9156 = EDGE_CURVE('',#7944,#9104,#9157,.T.);
#9157 = SURFACE_CURVE('',#9158,(#9162,#9169),.PCURVE_S1.);
#9158 = LINE('',#9159,#9160);
#9159 = CARTESIAN_POINT('',(16.693303552679,24.92308683567,
    12.952177527182));
#9160 = VECTOR('',#9161,1.);
#9161 = DIRECTION('',(1.786619984202E-02,2.375168205196E-03,
    -0.999837565547));
#9162 = PCURVE('',#7985,#9163);
#9163 = DEFINITIONAL_REPRESENTATION('',(#9164),#9168);
#9164 = LINE('',#9165,#9166);
#9165 = CARTESIAN_POINT('',(0.,0.));
#9166 = VECTOR('',#9167,1.);
#9167 = DIRECTION('',(-1.303144395712E-02,0.999915087129));
#9168 = ( GEOMETRIC_REPRESENTATION_CONTEXT(2) 
PARAMETRIC_REPRESENTATION_CONTEXT() REPRESENTATION_CONTEXT('2D SPACE',''
  ) );
#9169 = PCURVE('',#8043,#9170);
#9170 = DEFINITIONAL_REPRESENTATION('',(#9171),#9175);
#9171 = LINE('',#9172,#9173);
#9172 = CARTESIAN_POINT('',(-2.419470245845,-6.334082742851E-03));
#9173 = VECTOR('',#9174,1.);
#9174 = DIRECTION('',(-1.386966863809E-02,0.99990381152));
#9175 = ( GEOMETRIC_REPRESENTATION_CONTEXT(2) 
PARAMETRIC_REPRESENTATION_CONTEXT() REPRESENTATION_CONTEXT('2D SPACE',''
  ) );
#9176 = ORIENTED_EDGE('',*,*,#9103,.T.);
#9177 = ORIENTED_EDGE('',*,*,#7971,.F.);
#9178 = ADVANCED_FACE('',(#9179),#8043,.T.);
#9179 = FACE_BOUND('',#9180,.T.);
#9180 = EDGE_LOOP('',(#9181,#9207,#9208));
#9181 = ORIENTED_EDGE('',*,*,#9182,.T.);
#9182 = EDGE_CURVE('',#8002,#9104,#9183,.T.);
#9183 = SURFACE_CURVE('',#9184,(#9188,#9195),.PCURVE_S1.);
#9184 = LINE('',#9185,#9186);
#9185 = CARTESIAN_POINT('',(14.644093491986,26.20938944509,
    12.945843864087));
#9186 = VECTOR('',#9187,1.);
#9187 = DIRECTION('',(0.484114129985,-0.29265366604,-0.824613449383));
#9188 = PCURVE('',#8043,#9189);
#9189 = DEFINITIONAL_REPRESENTATION('',(#9190),#9194);
#9190 = LINE('',#9191,#9192);
#9191 = CARTESIAN_POINT('',(0.,0.));
#9192 = VECTOR('',#9193,1.);
#9193 = DIRECTION('',(-0.56561696282,0.824668085578));
#9194 = ( GEOMETRIC_REPRESENTATION_CONTEXT(2) 
PARAMETRIC_REPRESENTATION_CONTEXT() REPRESENTATION_CONTEXT('2D SPACE',''
  ) );
#9195 = PCURVE('',#9196,#9201);
#9196 = PLANE('',#9197);
#9197 = AXIS2_PLACEMENT_3D('',#9198,#9199,#9200);
#9198 = CARTESIAN_POINT('',(14.644093491986,26.20938944509,
    12.945843864087));
#9199 = DIRECTION('',(-0.503415135425,-0.863973662663,1.107752904039E-02
    ));
#9200 = DIRECTION('',(-0.864026677359,0.503446025719,-1.559124785415E-19
    ));
#9201 = DEFINITIONAL_REPRESENTATION('',(#9202),#9206);
#9202 = LINE('',#9203,#9204);
#9203 = CARTESIAN_POINT('',(0.,-0.));
#9204 = VECTOR('',#9205,1.);
#9205 = DIRECTION('',(-0.565622848273,0.824664048878));
#9206 = ( GEOMETRIC_REPRESENTATION_CONTEXT(2) 
PARAMETRIC_REPRESENTATION_CONTEXT() REPRESENTATION_CONTEXT('2D SPACE',''
  ) );
#9207 = ORIENTED_EDGE('',*,*,#9156,.F.);
#9208 = ORIENTED_EDGE('',*,*,#8029,.F.);
#9209 = ADVANCED_FACE('',(#9210),#9196,.T.);
#9210 = FACE_BOUND('',#9211,.T.);
#9211 = EDGE_LOOP('',(#9212,#9235,#9261));
#9212 = ORIENTED_EDGE('',*,*,#9213,.T.);
#9213 = EDGE_CURVE('',#8002,#9214,#9216,.T.);
#9214 = VERTEX_POINT('',#9215);
#9215 = CARTESIAN_POINT('',(14.659457079477,26.153968519371,
    9.32157372613));
#9216 = SURFACE_CURVE('',#9217,(#9221,#9228),.PCURVE_S1.);
#9217 = LINE('',#9218,#9219);
#9218 = CARTESIAN_POINT('',(14.644093491986,26.20938944509,
    12.945843864087));
#9219 = VECTOR('',#9220,1.);
#9220 = DIRECTION('',(4.23855092795E-03,-1.528968519007E-02,
    -0.999874122184));
#9221 = PCURVE('',#9196,#9222);
#9222 = DEFINITIONAL_REPRESENTATION('',(#9223),#9227);
#9223 = LINE('',#9224,#9225);
#9224 = CARTESIAN_POINT('',(0.,-0.));
#9225 = VECTOR('',#9226,1.);
#9226 = DIRECTION('',(-1.135975231853E-02,0.999935475932));
#9227 = ( GEOMETRIC_REPRESENTATION_CONTEXT(2) 
PARAMETRIC_REPRESENTATION_CONTEXT() REPRESENTATION_CONTEXT('2D SPACE',''
  ) );
#9228 = PCURVE('',#8101,#9229);
#9229 = DEFINITIONAL_REPRESENTATION('',(#9230),#9234);
#9230 = LINE('',#9231,#9232);
#9231 = CARTESIAN_POINT('',(-2.407518555048,-8.061561818747E-02));
#9232 = VECTOR('',#9233,1.);
#9233 = DIRECTION('',(-1.079395799063E-02,0.999941743539));
#9234 = ( GEOMETRIC_REPRESENTATION_CONTEXT(2) 
PARAMETRIC_REPRESENTATION_CONTEXT() REPRESENTATION_CONTEXT('2D SPACE',''
  ) );
#9235 = ORIENTED_EDGE('',*,*,#9236,.T.);
#9236 = EDGE_CURVE('',#9214,#9104,#9237,.T.);
#9237 = SURFACE_CURVE('',#9238,(#9242,#9249),.PCURVE_S1.);
#9238 = LINE('',#9239,#9240);
#9239 = CARTESIAN_POINT('',(14.659457079477,26.153968519371,
    9.32157372613));
#9240 = VECTOR('',#9241,1.);
#9241 = DIRECTION('',(0.864039617068,-0.503326944701,9.875569558127E-03)
  );
#9242 = PCURVE('',#9196,#9243);
#9243 = DEFINITIONAL_REPRESENTATION('',(#9244),#9248);
#9244 = LINE('',#9245,#9246);
#9245 = CARTESIAN_POINT('',(-4.117599424685E-02,3.624492528508));
#9246 = VECTOR('',#9247,1.);
#9247 = DIRECTION('',(-0.999951229389,-9.876175537614E-03));
#9248 = ( GEOMETRIC_REPRESENTATION_CONTEXT(2) 
PARAMETRIC_REPRESENTATION_CONTEXT() REPRESENTATION_CONTEXT('2D SPACE',''
  ) );
#9249 = PCURVE('',#9250,#9255);
#9250 = PLANE('',#9251);
#9251 = AXIS2_PLACEMENT_3D('',#9252,#9253,#9254);
#9252 = CARTESIAN_POINT('',(16.757750637738,24.931654559568,
    9.345556242185));
#9253 = DIRECTION('',(0.191754277064,0.347187627401,0.917982052443));
#9254 = DIRECTION('',(-5.315391906344E-18,0.935339172449,-0.353752219048
    ));
#9255 = DEFINITIONAL_REPRESENTATION('',(#9256),#9260);
#9256 = LINE('',#9257,#9258);
#9257 = CARTESIAN_POINT('',(1.151761995909,2.137967899391));
#9258 = VECTOR('',#9259,1.);
#9259 = DIRECTION('',(-0.474274912574,-0.880376798481));
#9260 = ( GEOMETRIC_REPRESENTATION_CONTEXT(2) 
PARAMETRIC_REPRESENTATION_CONTEXT() REPRESENTATION_CONTEXT('2D SPACE',''
  ) );
#9261 = ORIENTED_EDGE('',*,*,#9182,.F.);
#9262 = ADVANCED_FACE('',(#9263),#8101,.T.);
#9263 = FACE_BOUND('',#9264,.T.);
#9264 = EDGE_LOOP('',(#9265,#9291,#9292));
#9265 = ORIENTED_EDGE('',*,*,#9266,.T.);
#9266 = EDGE_CURVE('',#8060,#9214,#9267,.T.);
#9267 = SURFACE_CURVE('',#9268,(#9272,#9279),.PCURVE_S1.);
#9268 = LINE('',#9269,#9270);
#9269 = CARTESIAN_POINT('',(12.505715808158,27.315503070879,
    12.865233697554));
#9270 = VECTOR('',#9271,1.);
#9271 = DIRECTION('',(0.500122871683,-0.269721346382,-0.822877578091));
#9272 = PCURVE('',#8101,#9273);
#9273 = DEFINITIONAL_REPRESENTATION('',(#9274),#9278);
#9274 = LINE('',#9275,#9276);
#9275 = CARTESIAN_POINT('',(0.,-0.));
#9276 = VECTOR('',#9277,1.);
#9277 = DIRECTION('',(-0.568138099664,0.822933229193));
#9278 = ( GEOMETRIC_REPRESENTATION_CONTEXT(2) 
PARAMETRIC_REPRESENTATION_CONTEXT() REPRESENTATION_CONTEXT('2D SPACE',''
  ) );
#9279 = PCURVE('',#9280,#9285);
#9280 = PLANE('',#9281);
#9281 = AXIS2_PLACEMENT_3D('',#9282,#9283,#9284);
#9282 = CARTESIAN_POINT('',(12.505715808158,27.315503070879,
    12.865233697554));
#9283 = DIRECTION('',(-0.462748670616,-0.886440633541,9.309728876732E-03
    ));
#9284 = DIRECTION('',(-0.886479050409,0.462768725376,2.366966595827E-19)
  );
#9285 = DEFINITIONAL_REPRESENTATION('',(#9286),#9290);
#9286 = LINE('',#9287,#9288);
#9287 = CARTESIAN_POINT('',(0.,-0.));
#9288 = VECTOR('',#9289,1.);
#9289 = DIRECTION('',(-0.56816705205,0.822913240242));
#9290 = ( GEOMETRIC_REPRESENTATION_CONTEXT(2) 
PARAMETRIC_REPRESENTATION_CONTEXT() REPRESENTATION_CONTEXT('2D SPACE',''
  ) );
#9291 = ORIENTED_EDGE('',*,*,#9213,.F.);
#9292 = ORIENTED_EDGE('',*,*,#8087,.F.);
#9293 = ADVANCED_FACE('',(#9294),#9280,.T.);
#9294 = FACE_BOUND('',#9295,.T.);
#9295 = EDGE_LOOP('',(#9296,#9324,#9345));
#9296 = ORIENTED_EDGE('',*,*,#9297,.F.);
#9297 = EDGE_CURVE('',#9298,#8060,#9300,.T.);
#9298 = VERTEX_POINT('',#9299);
#9299 = CARTESIAN_POINT('',(12.458313923845,27.303295116556,
    9.346679489448));
#9300 = SURFACE_CURVE('',#9301,(#9305,#9312),.PCURVE_S1.);
#9301 = LINE('',#9302,#9303);
#9302 = CARTESIAN_POINT('',(12.458313923845,27.303295116556,
    9.346679489448));
#9303 = VECTOR('',#9304,1.);
#9304 = DIRECTION('',(1.347067439593E-02,3.469258239776E-03,
    0.999903247909));
#9305 = PCURVE('',#9280,#9306);
#9306 = DEFINITIONAL_REPRESENTATION('',(#9307),#9311);
#9307 = LINE('',#9308,#9309);
#9308 = CARTESIAN_POINT('',(3.637131793179E-02,3.518706696416));
#9309 = VECTOR('',#9310,1.);
#9310 = DIRECTION('',(-1.033600643325E-02,-0.999946582059));
#9311 = ( GEOMETRIC_REPRESENTATION_CONTEXT(2) 
PARAMETRIC_REPRESENTATION_CONTEXT() REPRESENTATION_CONTEXT('2D SPACE',''
  ) );
#9312 = PCURVE('',#9313,#9318);
#9313 = PLANE('',#9314);
#9314 = AXIS2_PLACEMENT_3D('',#9315,#9316,#9317);
#9315 = CARTESIAN_POINT('',(12.505715808158,27.315503070879,
    12.865233697554));
#9316 = DIRECTION('',(-0.364242111865,-0.931268733434,8.138186003651E-03
    ));
#9317 = DIRECTION('',(-0.931299573964,0.364254174355,-1.334053599238E-19
    ));
#9318 = DEFINITIONAL_REPRESENTATION('',(#9319),#9323);
#9319 = LINE('',#9320,#9321);
#9320 = CARTESIAN_POINT('',(3.969855634329E-02,3.518670730943));
#9321 = VECTOR('',#9322,1.);
#9322 = DIRECTION('',(-1.128154153018E-02,-0.999936361385));
#9323 = ( GEOMETRIC_REPRESENTATION_CONTEXT(2) 
PARAMETRIC_REPRESENTATION_CONTEXT() REPRESENTATION_CONTEXT('2D SPACE',''
  ) );
#9324 = ORIENTED_EDGE('',*,*,#9325,.T.);
#9325 = EDGE_CURVE('',#9298,#9214,#9326,.T.);
#9326 = SURFACE_CURVE('',#9327,(#9331,#9338),.PCURVE_S1.);
#9327 = LINE('',#9328,#9329);
#9328 = CARTESIAN_POINT('',(12.458313923845,27.303295116556,
    9.346679489448));
#9329 = VECTOR('',#9330,1.);
#9330 = DIRECTION('',(0.886390182905,-0.462828512579,-1.010997493814E-02
    ));
#9331 = PCURVE('',#9280,#9332);
#9332 = DEFINITIONAL_REPRESENTATION('',(#9333),#9337);
#9333 = LINE('',#9334,#9335);
#9334 = CARTESIAN_POINT('',(3.637131793179E-02,3.518706696416));
#9335 = VECTOR('',#9336,1.);
#9336 = DIRECTION('',(-0.999948888467,1.01104130877E-02));
#9337 = ( GEOMETRIC_REPRESENTATION_CONTEXT(2) 
PARAMETRIC_REPRESENTATION_CONTEXT() REPRESENTATION_CONTEXT('2D SPACE',''
  ) );
#9338 = PCURVE('',#9250,#9339);
#9339 = DEFINITIONAL_REPRESENTATION('',(#9340),#9344);
#9340 = LINE('',#9341,#9342);
#9341 = CARTESIAN_POINT('',(2.217890964709,4.380730066858));
#9342 = VECTOR('',#9343,1.);
#9343 = DIRECTION('',(-0.429325211873,-0.903149966755));
#9344 = ( GEOMETRIC_REPRESENTATION_CONTEXT(2) 
PARAMETRIC_REPRESENTATION_CONTEXT() REPRESENTATION_CONTEXT('2D SPACE',''
  ) );
#9345 = ORIENTED_EDGE('',*,*,#9266,.F.);
#9346 = ADVANCED_FACE('',(#9347),#9313,.T.);
#9347 = FACE_BOUND('',#9348,.T.);
#9348 = EDGE_LOOP('',(#9349,#9372,#9398));
#9349 = ORIENTED_EDGE('',*,*,#9350,.F.);
#9350 = EDGE_CURVE('',#9351,#8060,#9353,.T.);
#9351 = VERTEX_POINT('',#9352);
#9352 = CARTESIAN_POINT('',(10.147324989479,28.206951622693,
    9.320575389497));
#9353 = SURFACE_CURVE('',#9354,(#9358,#9365),.PCURVE_S1.);
#9354 = LINE('',#9355,#9356);
#9355 = CARTESIAN_POINT('',(10.147324989479,28.206951622693,
    9.320575389497));
#9356 = VECTOR('',#9357,1.);
#9357 = DIRECTION('',(0.542176139679,-0.204937252434,0.814890027014));
#9358 = PCURVE('',#9313,#9359);
#9359 = DEFINITIONAL_REPRESENTATION('',(#9360),#9364);
#9360 = LINE('',#9361,#9362);
#9361 = CARTESIAN_POINT('',(2.521082220897,3.544775695375));
#9362 = VECTOR('',#9363,1.);
#9363 = DIRECTION('',(-0.579577657576,-0.814917013467));
#9364 = ( GEOMETRIC_REPRESENTATION_CONTEXT(2) 
PARAMETRIC_REPRESENTATION_CONTEXT() REPRESENTATION_CONTEXT('2D SPACE',''
  ) );
#9365 = PCURVE('',#8159,#9366);
#9366 = DEFINITIONAL_REPRESENTATION('',(#9367),#9371);
#9367 = LINE('',#9368,#9369);
#9368 = CARTESIAN_POINT('',(4.252621328774E-02,3.607792815286));
#9369 = VECTOR('',#9370,1.);
#9370 = DIRECTION('',(-0.579603133683,-0.814898893989));
#9371 = ( GEOMETRIC_REPRESENTATION_CONTEXT(2) 
PARAMETRIC_REPRESENTATION_CONTEXT() REPRESENTATION_CONTEXT('2D SPACE',''
  ) );
#9372 = ORIENTED_EDGE('',*,*,#9373,.T.);
#9373 = EDGE_CURVE('',#9351,#9298,#9374,.T.);
#9374 = SURFACE_CURVE('',#9375,(#9379,#9386),.PCURVE_S1.);
#9375 = LINE('',#9376,#9377);
#9376 = CARTESIAN_POINT('',(10.147324989479,28.206951622693,
    9.320575389497));
#9377 = VECTOR('',#9378,1.);
#9378 = DIRECTION('',(0.931279225795,-0.364154288628,1.051939523834E-02)
  );
#9379 = PCURVE('',#9313,#9380);
#9380 = DEFINITIONAL_REPRESENTATION('',(#9381),#9385);
#9381 = LINE('',#9382,#9383);
#9382 = CARTESIAN_POINT('',(2.521082220897,3.544775695375));
#9383 = VECTOR('',#9384,1.);
#9384 = DIRECTION('',(-0.999944665966,-1.05197436058E-02));
#9385 = ( GEOMETRIC_REPRESENTATION_CONTEXT(2) 
PARAMETRIC_REPRESENTATION_CONTEXT() REPRESENTATION_CONTEXT('2D SPACE',''
  ) );
#9386 = PCURVE('',#9387,#9392);
#9387 = PLANE('',#9388);
#9388 = AXIS2_PLACEMENT_3D('',#9389,#9390,#9391);
#9389 = CARTESIAN_POINT('',(12.458313923845,27.303295116556,
    9.346679489448));
#9390 = DIRECTION('',(0.10806336126,0.303703731418,0.946618377952));
#9391 = DIRECTION('',(2.189632356033E-18,0.952194420231,-0.305492693989)
  );
#9392 = DEFINITIONAL_REPRESENTATION('',(#9393),#9397);
#9393 = LINE('',#9394,#9395);
#9394 = CARTESIAN_POINT('',(0.868431294767,2.324601782273));
#9395 = VECTOR('',#9396,1.);
#9396 = DIRECTION('',(-0.349959280125,-0.936764913014));
#9397 = ( GEOMETRIC_REPRESENTATION_CONTEXT(2) 
PARAMETRIC_REPRESENTATION_CONTEXT() REPRESENTATION_CONTEXT('2D SPACE',''
  ) );
#9398 = ORIENTED_EDGE('',*,*,#9297,.T.);
#9399 = ADVANCED_FACE('',(#9400),#8159,.T.);
#9400 = FACE_BOUND('',#9401,.T.);
#9401 = EDGE_LOOP('',(#9402,#9423,#9424));
#9402 = ORIENTED_EDGE('',*,*,#9403,.F.);
#9403 = EDGE_CURVE('',#9351,#8118,#9404,.T.);
#9404 = SURFACE_CURVE('',#9405,(#9409,#9416),.PCURVE_S1.);
#9405 = LINE('',#9406,#9407);
#9406 = CARTESIAN_POINT('',(10.147324989479,28.206951622693,
    9.320575389497));
#9407 = VECTOR('',#9408,1.);
#9408 = DIRECTION('',(9.431615617768E-03,-8.469077621324E-03,
    0.999919656448));
#9409 = PCURVE('',#8159,#9410);
#9410 = DEFINITIONAL_REPRESENTATION('',(#9411),#9415);
#9411 = LINE('',#9412,#9413);
#9412 = CARTESIAN_POINT('',(4.252621328774E-02,3.607792815286));
#9413 = VECTOR('',#9414,1.);
#9414 = DIRECTION('',(-1.178650256724E-02,-0.999930536766));
#9415 = ( GEOMETRIC_REPRESENTATION_CONTEXT(2) 
PARAMETRIC_REPRESENTATION_CONTEXT() REPRESENTATION_CONTEXT('2D SPACE',''
  ) );
#9416 = PCURVE('',#8217,#9417);
#9417 = DEFINITIONAL_REPRESENTATION('',(#9418),#9422);
#9418 = LINE('',#9419,#9420);
#9419 = CARTESIAN_POINT('',(-2.417318552436,3.628636390482));
#9420 = VECTOR('',#9421,1.);
#9421 = DIRECTION('',(-1.156740428249E-02,-0.999933095341));
#9422 = ( GEOMETRIC_REPRESENTATION_CONTEXT(2) 
PARAMETRIC_REPRESENTATION_CONTEXT() REPRESENTATION_CONTEXT('2D SPACE',''
  ) );
#9423 = ORIENTED_EDGE('',*,*,#9350,.T.);
#9424 = ORIENTED_EDGE('',*,*,#8145,.F.);
#9425 = ADVANCED_FACE('',(#9426),#8217,.T.);
#9426 = FACE_BOUND('',#9427,.T.);
#9427 = EDGE_LOOP('',(#9428,#9454,#9455));
#9428 = ORIENTED_EDGE('',*,*,#9429,.T.);
#9429 = EDGE_CURVE('',#8176,#9351,#9430,.T.);
#9430 = SURFACE_CURVE('',#9431,(#9435,#9442),.PCURVE_S1.);
#9431 = LINE('',#9432,#9433);
#9432 = CARTESIAN_POINT('',(7.839741524049,28.927258123559,
    12.94916301186));
#9433 = VECTOR('',#9434,1.);
#9434 = DIRECTION('',(0.529250694275,-0.165204301983,-0.832226676583));
#9435 = PCURVE('',#8217,#9436);
#9436 = DEFINITIONAL_REPRESENTATION('',(#9437),#9441);
#9437 = LINE('',#9438,#9439);
#9438 = CARTESIAN_POINT('',(0.,0.));
#9439 = VECTOR('',#9440,1.);
#9440 = DIRECTION('',(-0.554418742085,0.832237861687));
#9441 = ( GEOMETRIC_REPRESENTATION_CONTEXT(2) 
PARAMETRIC_REPRESENTATION_CONTEXT() REPRESENTATION_CONTEXT('2D SPACE',''
  ) );
#9442 = PCURVE('',#9443,#9448);
#9443 = PLANE('',#9444);
#9444 = AXIS2_PLACEMENT_3D('',#9445,#9446,#9447);
#9445 = CARTESIAN_POINT('',(7.839741524049,28.927258123559,
    12.94916301186));
#9446 = DIRECTION('',(-0.332788629594,-0.942683009264,
    -2.450453139295E-02));
#9447 = DIRECTION('',(-0.942966164194,0.33288858975,1.006923516635E-19)
  );
#9448 = DEFINITIONAL_REPRESENTATION('',(#9449),#9453);
#9449 = LINE('',#9450,#9451);
#9450 = CARTESIAN_POINT('',(0.,0.));
#9451 = VECTOR('',#9452,1.);
#9452 = DIRECTION('',(-0.554060124185,0.8324766536));
#9453 = ( GEOMETRIC_REPRESENTATION_CONTEXT(2) 
PARAMETRIC_REPRESENTATION_CONTEXT() REPRESENTATION_CONTEXT('2D SPACE',''
  ) );
#9454 = ORIENTED_EDGE('',*,*,#9403,.T.);
#9455 = ORIENTED_EDGE('',*,*,#8203,.F.);
#9456 = ADVANCED_FACE('',(#9457),#9443,.T.);
#9457 = FACE_BOUND('',#9458,.T.);
#9458 = EDGE_LOOP('',(#9459,#9482,#9503));
#9459 = ORIENTED_EDGE('',*,*,#9460,.T.);
#9460 = EDGE_CURVE('',#8176,#9461,#9463,.T.);
#9461 = VERTEX_POINT('',#9462);
#9462 = CARTESIAN_POINT('',(7.880330061946,29.007199304381,
    9.322625724548));
#9463 = SURFACE_CURVE('',#9464,(#9468,#9475),.PCURVE_S1.);
#9464 = LINE('',#9465,#9466);
#9465 = CARTESIAN_POINT('',(7.839741524049,28.927258123559,
    12.94916301186));
#9466 = VECTOR('',#9467,1.);
#9467 = DIRECTION('',(1.118867311574E-02,2.203665830389E-02,
    -0.999694552993));
#9468 = PCURVE('',#9443,#9469);
#9469 = DEFINITIONAL_REPRESENTATION('',(#9470),#9474);
#9470 = LINE('',#9471,#9472);
#9471 = CARTESIAN_POINT('',(0.,0.));
#9472 = VECTOR('',#9473,1.);
#9473 = DIRECTION('',(-3.214788064778E-03,0.999994832555));
#9474 = ( GEOMETRIC_REPRESENTATION_CONTEXT(2) 
PARAMETRIC_REPRESENTATION_CONTEXT() REPRESENTATION_CONTEXT('2D SPACE',''
  ) );
#9475 = PCURVE('',#8275,#9476);
#9476 = DEFINITIONAL_REPRESENTATION('',(#9477),#9481);
#9477 = LINE('',#9478,#9479);
#9478 = CARTESIAN_POINT('',(-2.432256380464,-9.613725132615E-02));
#9479 = VECTOR('',#9480,1.);
#9480 = DIRECTION('',(-5.606996215569E-03,0.999984280673));
#9481 = ( GEOMETRIC_REPRESENTATION_CONTEXT(2) 
PARAMETRIC_REPRESENTATION_CONTEXT() REPRESENTATION_CONTEXT('2D SPACE',''
  ) );
#9482 = ORIENTED_EDGE('',*,*,#9483,.T.);
#9483 = EDGE_CURVE('',#9461,#9351,#9484,.T.);
#9484 = SURFACE_CURVE('',#9485,(#9489,#9496),.PCURVE_S1.);
#9485 = LINE('',#9486,#9487);
#9486 = CARTESIAN_POINT('',(7.880330061946,29.007199304381,
    9.322625724548));
#9487 = VECTOR('',#9488,1.);
#9488 = DIRECTION('',(0.942972780089,-0.332868755901,-8.528515523207E-04
    ));
#9489 = PCURVE('',#9443,#9490);
#9490 = DEFINITIONAL_REPRESENTATION('',(#9491),#9495);
#9491 = LINE('',#9492,#9493);
#9492 = CARTESIAN_POINT('',(-1.16621109446E-02,3.627626595067));
#9493 = VECTOR('',#9494,1.);
#9494 = DIRECTION('',(-0.999999636104,8.531077244584E-04));
#9495 = ( GEOMETRIC_REPRESENTATION_CONTEXT(2) 
PARAMETRIC_REPRESENTATION_CONTEXT() REPRESENTATION_CONTEXT('2D SPACE',''
  ) );
#9496 = PCURVE('',#9387,#9497);
#9497 = DEFINITIONAL_REPRESENTATION('',(#9498),#9502);
#9498 = LINE('',#9499,#9500);
#9499 = CARTESIAN_POINT('',(1.629796309695,4.604950411633));
#9500 = VECTOR('',#9501,1.);
#9501 = DIRECTION('',(-0.31669523212,-0.948527348026));
#9502 = ( GEOMETRIC_REPRESENTATION_CONTEXT(2) 
PARAMETRIC_REPRESENTATION_CONTEXT() REPRESENTATION_CONTEXT('2D SPACE',''
  ) );
#9503 = ORIENTED_EDGE('',*,*,#9429,.F.);
#9504 = ADVANCED_FACE('',(#9505),#8275,.T.);
#9505 = FACE_BOUND('',#9506,.T.);
#9506 = EDGE_LOOP('',(#9507,#9533,#9534));
#9507 = ORIENTED_EDGE('',*,*,#9508,.T.);
#9508 = EDGE_CURVE('',#8234,#9461,#9509,.T.);
#9509 = SURFACE_CURVE('',#9510,(#9514,#9521),.PCURVE_S1.);
#9510 = LINE('',#9511,#9512);
#9511 = CARTESIAN_POINT('',(5.478299864465,29.509898444464,
    12.853053614595));
#9512 = VECTOR('',#9513,1.);
#9513 = DIRECTION('',(0.558666416429,-0.116918233346,-0.821110200805));
#9514 = PCURVE('',#8275,#9515);
#9515 = DEFINITIONAL_REPRESENTATION('',(#9516),#9520);
#9516 = LINE('',#9517,#9518);
#9517 = CARTESIAN_POINT('',(0.,0.));
#9518 = VECTOR('',#9519,1.);
#9519 = DIRECTION('',(-0.570427191327,0.821348171846));
#9520 = ( GEOMETRIC_REPRESENTATION_CONTEXT(2) 
PARAMETRIC_REPRESENTATION_CONTEXT() REPRESENTATION_CONTEXT('2D SPACE',''
  ) );
#9521 = PCURVE('',#9522,#9527);
#9522 = PLANE('',#9523);
#9523 = AXIS2_PLACEMENT_3D('',#9524,#9525,#9526);
#9524 = CARTESIAN_POINT('',(5.478299864465,29.509898444464,
    12.853053614595));
#9525 = DIRECTION('',(-0.191047698812,-0.981532072445,9.775865178916E-03
    ));
#9526 = DIRECTION('',(-0.98157897711,0.191056828446,-1.757001677304E-19)
  );
#9527 = DEFINITIONAL_REPRESENTATION('',(#9528),#9532);
#9528 = LINE('',#9529,#9530);
#9529 = CARTESIAN_POINT('',(0.,-0.));
#9530 = VECTOR('',#9531,1.);
#9531 = DIRECTION('',(-0.570713236434,0.821149439358));
#9532 = ( GEOMETRIC_REPRESENTATION_CONTEXT(2) 
PARAMETRIC_REPRESENTATION_CONTEXT() REPRESENTATION_CONTEXT('2D SPACE',''
  ) );
#9533 = ORIENTED_EDGE('',*,*,#9460,.F.);
#9534 = ORIENTED_EDGE('',*,*,#8261,.F.);
#9535 = ADVANCED_FACE('',(#9536),#9522,.T.);
#9536 = FACE_BOUND('',#9537,.T.);
#9537 = EDGE_LOOP('',(#9538,#9561,#9587));
#9538 = ORIENTED_EDGE('',*,*,#9539,.T.);
#9539 = EDGE_CURVE('',#8234,#9540,#9542,.T.);
#9540 = VERTEX_POINT('',#9541);
#9541 = CARTESIAN_POINT('',(5.498101158284,29.470860987816,
    9.320524935281));
#9542 = SURFACE_CURVE('',#9543,(#9547,#9554),.PCURVE_S1.);
#9543 = LINE('',#9544,#9545);
#9544 = CARTESIAN_POINT('',(5.478299864465,29.509898444464,
    12.853053614595));
#9545 = VECTOR('',#9546,1.);
#9546 = DIRECTION('',(5.604986010191E-03,-1.105000513557E-02,
    -0.999923237813));
#9547 = PCURVE('',#9522,#9548);
#9548 = DEFINITIONAL_REPRESENTATION('',(#9549),#9553);
#9549 = LINE('',#9550,#9551);
#9550 = CARTESIAN_POINT('',(0.,-0.));
#9551 = VECTOR('',#9552,1.);
#9552 = DIRECTION('',(-7.612915370108E-03,0.99997102134));
#9553 = ( GEOMETRIC_REPRESENTATION_CONTEXT(2) 
PARAMETRIC_REPRESENTATION_CONTEXT() REPRESENTATION_CONTEXT('2D SPACE',''
  ) );
#9554 = PCURVE('',#8333,#9555);
#9555 = DEFINITIONAL_REPRESENTATION('',(#9556),#9560);
#9556 = LINE('',#9557,#9558);
#9557 = CARTESIAN_POINT('',(-2.470822325406,8.280568902594E-02));
#9558 = VECTOR('',#9559,1.);
#9559 = DIRECTION('',(-7.187988910325E-03,0.999974166074));
#9560 = ( GEOMETRIC_REPRESENTATION_CONTEXT(2) 
PARAMETRIC_REPRESENTATION_CONTEXT() REPRESENTATION_CONTEXT('2D SPACE',''
  ) );
#9561 = ORIENTED_EDGE('',*,*,#9562,.T.);
#9562 = EDGE_CURVE('',#9540,#9461,#9563,.T.);
#9563 = SURFACE_CURVE('',#9564,(#9568,#9575),.PCURVE_S1.);
#9564 = LINE('',#9565,#9566);
#9565 = CARTESIAN_POINT('',(5.498101158284,29.470860987816,
    9.320524935281));
#9566 = VECTOR('',#9567,1.);
#9567 = DIRECTION('',(0.981580226158,-0.191048450209,8.656150552061E-04)
  );
#9568 = PCURVE('',#9522,#9569);
#9569 = DEFINITIONAL_REPRESENTATION('',(#9570),#9574);
#9570 = LINE('',#9571,#9572);
#9571 = CARTESIAN_POINT('',(-2.689490638993E-02,3.532697488952));
#9572 = VECTOR('',#9573,1.);
#9573 = DIRECTION('',(-0.999999625319,-8.656564205217E-04));
#9574 = ( GEOMETRIC_REPRESENTATION_CONTEXT(2) 
PARAMETRIC_REPRESENTATION_CONTEXT() REPRESENTATION_CONTEXT('2D SPACE',''
  ) );
#9575 = PCURVE('',#9576,#9581);
#9576 = PLANE('',#9577);
#9577 = AXIS2_PLACEMENT_3D('',#9578,#9579,#9580);
#9578 = CARTESIAN_POINT('',(12.458313923845,27.303295116556,
    9.346679489448));
#9579 = DIRECTION('',(3.909678307564E-03,2.46168395159E-02,
    0.999689314551));
#9580 = DIRECTION('',(-1.181785128253E-20,0.999696955056,
    -2.461702765945E-02));
#9581 = DEFINITIONAL_REPRESENTATION('',(#9582),#9586);
#9582 = LINE('',#9583,#9584);
#9583 = CARTESIAN_POINT('',(2.167552848766,6.96026596163));
#9584 = VECTOR('',#9585,1.);
#9585 = DIRECTION('',(-0.191011862812,-0.981587728257));
#9586 = ( GEOMETRIC_REPRESENTATION_CONTEXT(2) 
PARAMETRIC_REPRESENTATION_CONTEXT() REPRESENTATION_CONTEXT('2D SPACE',''
  ) );
#9587 = ORIENTED_EDGE('',*,*,#9508,.F.);
#9588 = ADVANCED_FACE('',(#9589),#8333,.T.);
#9589 = FACE_BOUND('',#9590,.T.);
#9590 = EDGE_LOOP('',(#9591,#9617,#9618));
#9591 = ORIENTED_EDGE('',*,*,#9592,.T.);
#9592 = EDGE_CURVE('',#8292,#9540,#9593,.T.);
#9593 = SURFACE_CURVE('',#9594,(#9598,#9605),.PCURVE_S1.);
#9594 = LINE('',#9595,#9596);
#9595 = CARTESIAN_POINT('',(3.035151181332,29.878664188855,
    12.935855086362));
#9596 = VECTOR('',#9597,1.);
#9597 = DIRECTION('',(0.560586657487,-9.281919467402E-02,-0.822877388526
    ));
#9598 = PCURVE('',#8333,#9599);
#9599 = DEFINITIONAL_REPRESENTATION('',(#9600),#9604);
#9600 = LINE('',#9601,#9602);
#9601 = CARTESIAN_POINT('',(0.,-0.));
#9602 = VECTOR('',#9603,1.);
#9603 = DIRECTION('',(-0.568158275993,0.822919299458));
#9604 = ( GEOMETRIC_REPRESENTATION_CONTEXT(2) 
PARAMETRIC_REPRESENTATION_CONTEXT() REPRESENTATION_CONTEXT('2D SPACE',''
  ) );
#9605 = PCURVE('',#9606,#9611);
#9606 = PLANE('',#9607);
#9607 = AXIS2_PLACEMENT_3D('',#9608,#9609,#9610);
#9608 = CARTESIAN_POINT('',(3.035151181332,29.878664188855,
    12.935855086362));
#9609 = DIRECTION('',(-0.13653648051,-0.990458410232,1.870633824214E-02)
  );
#9610 = DIRECTION('',(-0.99063174984,0.136560375688,1.571925411623E-19)
  );
#9611 = DEFINITIONAL_REPRESENTATION('',(#9612),#9616);
#9612 = LINE('',#9613,#9614);
#9613 = CARTESIAN_POINT('',(0.,-0.));
#9614 = VECTOR('',#9615,1.);
#9615 = DIRECTION('',(-0.568010365539,0.823021399868));
#9616 = ( GEOMETRIC_REPRESENTATION_CONTEXT(2) 
PARAMETRIC_REPRESENTATION_CONTEXT() REPRESENTATION_CONTEXT('2D SPACE',''
  ) );
#9617 = ORIENTED_EDGE('',*,*,#9539,.F.);
#9618 = ORIENTED_EDGE('',*,*,#8319,.F.);
#9619 = ADVANCED_FACE('',(#9620),#9606,.T.);
#9620 = FACE_BOUND('',#9621,.T.);
#9621 = EDGE_LOOP('',(#9622,#9645,#9671));
#9622 = ORIENTED_EDGE('',*,*,#9623,.F.);
#9623 = EDGE_CURVE('',#9624,#8292,#9626,.T.);
#9624 = VERTEX_POINT('',#9625);
#9625 = CARTESIAN_POINT('',(3.028117368367,29.812476637757,
    9.380034174581));
#9626 = SURFACE_CURVE('',#9627,(#9631,#9638),.PCURVE_S1.);
#9627 = LINE('',#9628,#9629);
#9628 = CARTESIAN_POINT('',(3.028117368367,29.812476637757,
    9.380034174581));
#9629 = VECTOR('',#9630,1.);
#9630 = DIRECTION('',(1.977765804127E-03,1.861059938085E-02,
    0.999824851678));
#9631 = PCURVE('',#9606,#9632);
#9632 = DEFINITIONAL_REPRESENTATION('',(#9633),#9637);
#9633 = LINE('',#9634,#9635);
#9634 = CARTESIAN_POINT('',(-2.070678397771E-03,3.556443214139));
#9635 = VECTOR('',#9636,1.);
#9636 = DIRECTION('',(5.822328439167E-04,-0.999999830502));
#9637 = ( GEOMETRIC_REPRESENTATION_CONTEXT(2) 
PARAMETRIC_REPRESENTATION_CONTEXT() REPRESENTATION_CONTEXT('2D SPACE',''
  ) );
#9638 = PCURVE('',#8391,#9639);
#9639 = DEFINITIONAL_REPRESENTATION('',(#9640),#9644);
#9640 = LINE('',#9641,#9642);
#9641 = CARTESIAN_POINT('',(-2.454830121782,3.56242335733));
#9642 = VECTOR('',#9643,1.);
#9643 = DIRECTION('',(-1.144472651638E-03,-0.999999345091));
#9644 = ( GEOMETRIC_REPRESENTATION_CONTEXT(2) 
PARAMETRIC_REPRESENTATION_CONTEXT() REPRESENTATION_CONTEXT('2D SPACE',''
  ) );
#9645 = ORIENTED_EDGE('',*,*,#9646,.T.);
#9646 = EDGE_CURVE('',#9624,#9540,#9647,.T.);
#9647 = SURFACE_CURVE('',#9648,(#9652,#9659),.PCURVE_S1.);
#9648 = LINE('',#9649,#9650);
#9649 = CARTESIAN_POINT('',(3.028117368367,29.812476637757,
    9.380034174581));
#9650 = VECTOR('',#9651,1.);
#9651 = DIRECTION('',(0.99028869211,-0.136963698534,-2.385899332434E-02)
  );
#9652 = PCURVE('',#9606,#9653);
#9653 = DEFINITIONAL_REPRESENTATION('',(#9654),#9658);
#9654 = LINE('',#9655,#9656);
#9655 = CARTESIAN_POINT('',(-2.070678397771E-03,3.556443214139));
#9656 = VECTOR('',#9657,1.);
#9657 = DIRECTION('',(-0.99971523404,2.386316887429E-02));
#9658 = ( GEOMETRIC_REPRESENTATION_CONTEXT(2) 
PARAMETRIC_REPRESENTATION_CONTEXT() REPRESENTATION_CONTEXT('2D SPACE',''
  ) );
#9659 = PCURVE('',#9660,#9665);
#9660 = PLANE('',#9661);
#9661 = AXIS2_PLACEMENT_3D('',#9662,#9663,#9664);
#9662 = CARTESIAN_POINT('',(5.498101158284,29.470860987816,
    9.320524935281));
#9663 = DIRECTION('',(2.738427007692E-02,2.391226342508E-02,
    0.999338934201));
#9664 = DIRECTION('',(0.999624765959,6.318356051068E-20,
    -2.739210254875E-02));
#9665 = DEFINITIONAL_REPRESENTATION('',(#9666),#9670);
#9666 = LINE('',#9667,#9668);
#9667 = CARTESIAN_POINT('',(-2.470687051104,0.341713359136));
#9668 = VECTOR('',#9669,1.);
#9669 = DIRECTION('',(0.990570650074,-0.137002873005));
#9670 = ( GEOMETRIC_REPRESENTATION_CONTEXT(2) 
PARAMETRIC_REPRESENTATION_CONTEXT() REPRESENTATION_CONTEXT('2D SPACE',''
  ) );
#9671 = ORIENTED_EDGE('',*,*,#9592,.F.);
#9672 = ADVANCED_FACE('',(#9673),#8391,.T.);
#9673 = FACE_BOUND('',#9674,.T.);
#9674 = EDGE_LOOP('',(#9675,#9701,#9702));
#9675 = ORIENTED_EDGE('',*,*,#9676,.T.);
#9676 = EDGE_CURVE('',#8350,#9624,#9677,.T.);
#9677 = SURFACE_CURVE('',#9678,(#9682,#9689),.PCURVE_S1.);
#9678 = LINE('',#9679,#9680);
#9679 = CARTESIAN_POINT('',(0.578710182022,29.988612726581,
    12.941835912094));
#9680 = VECTOR('',#9681,1.);
#9681 = DIRECTION('',(0.566164030888,-4.071267471959E-02,-0.823286565083
    ));
#9682 = PCURVE('',#8391,#9683);
#9683 = DEFINITIONAL_REPRESENTATION('',(#9684),#9688);
#9684 = LINE('',#9685,#9686);
#9685 = CARTESIAN_POINT('',(0.,-0.));
#9686 = VECTOR('',#9687,1.);
#9687 = DIRECTION('',(-0.567417506016,0.823430248331));
#9688 = ( GEOMETRIC_REPRESENTATION_CONTEXT(2) 
PARAMETRIC_REPRESENTATION_CONTEXT() REPRESENTATION_CONTEXT('2D SPACE',''
  ) );
#9689 = PCURVE('',#9690,#9695);
#9690 = PLANE('',#9691);
#9691 = AXIS2_PLACEMENT_3D('',#9692,#9693,#9694);
#9692 = CARTESIAN_POINT('',(0.578710182022,29.988612726581,
    12.941835912094));
#9693 = DIRECTION('',(-8.720564155949E-02,-0.996132757303,
    -1.071008442245E-02));
#9694 = DIRECTION('',(-0.996189893375,8.721064349097E-02,
    6.717536822095E-20));
#9695 = DEFINITIONAL_REPRESENTATION('',(#9696),#9700);
#9696 = LINE('',#9697,#9698);
#9697 = CARTESIAN_POINT('',(0.,0.));
#9698 = VECTOR('',#9699,1.);
#9699 = DIRECTION('',(-0.567557464124,0.823333787062));
#9700 = ( GEOMETRIC_REPRESENTATION_CONTEXT(2) 
PARAMETRIC_REPRESENTATION_CONTEXT() REPRESENTATION_CONTEXT('2D SPACE',''
  ) );
#9701 = ORIENTED_EDGE('',*,*,#9623,.T.);
#9702 = ORIENTED_EDGE('',*,*,#8377,.F.);
#9703 = ADVANCED_FACE('',(#9704),#9690,.T.);
#9704 = FACE_BOUND('',#9705,.T.);
#9705 = EDGE_LOOP('',(#9706,#9734,#9760));
#9706 = ORIENTED_EDGE('',*,*,#9707,.T.);
#9707 = EDGE_CURVE('',#8350,#9708,#9710,.T.);
#9708 = VERTEX_POINT('',#9709);
#9709 = CARTESIAN_POINT('',(0.598983478933,30.025395171594,
    9.355669573938));
#9710 = SURFACE_CURVE('',#9711,(#9715,#9722),.PCURVE_S1.);
#9711 = LINE('',#9712,#9713);
#9712 = CARTESIAN_POINT('',(0.578710182022,29.988612726581,
    12.941835912094));
#9713 = VECTOR('',#9714,1.);
#9714 = DIRECTION('',(5.652807149177E-03,1.025605598545E-02,
    -0.999931427192));
#9715 = PCURVE('',#9690,#9716);
#9716 = DEFINITIONAL_REPRESENTATION('',(#9717),#9721);
#9717 = LINE('',#9718,#9719);
#9718 = CARTESIAN_POINT('',(0.,0.));
#9719 = VECTOR('',#9720,1.);
#9720 = DIRECTION('',(-4.736832109036E-03,0.999988781148));
#9721 = ( GEOMETRIC_REPRESENTATION_CONTEXT(2) 
PARAMETRIC_REPRESENTATION_CONTEXT() REPRESENTATION_CONTEXT('2D SPACE',''
  ) );
#9722 = PCURVE('',#9723,#9728);
#9723 = PLANE('',#9724);
#9724 = AXIS2_PLACEMENT_3D('',#9725,#9726,#9727);
#9725 = CARTESIAN_POINT('',(0.578710182022,29.988612726581,
    12.941835912094));
#9726 = DIRECTION('',(2.072894566505E-02,-0.99973374216,
    -1.013684360971E-02));
#9727 = DIRECTION('',(-0.999785110238,-2.073001075474E-02,
    -1.505843554675E-20));
#9728 = DEFINITIONAL_REPRESENTATION('',(#9729),#9733);
#9729 = LINE('',#9730,#9731);
#9730 = CARTESIAN_POINT('',(-0.,0.));
#9731 = VECTOR('',#9732,1.);
#9732 = DIRECTION('',(-5.864200569675E-03,0.999982805428));
#9733 = ( GEOMETRIC_REPRESENTATION_CONTEXT(2) 
PARAMETRIC_REPRESENTATION_CONTEXT() REPRESENTATION_CONTEXT('2D SPACE',''
  ) );
#9734 = ORIENTED_EDGE('',*,*,#9735,.T.);
#9735 = EDGE_CURVE('',#9708,#9624,#9736,.T.);
#9736 = SURFACE_CURVE('',#9737,(#9741,#9748),.PCURVE_S1.);
#9737 = LINE('',#9738,#9739);
#9738 = CARTESIAN_POINT('',(0.598983478933,30.025395171594,
    9.355669573938));
#9739 = VECTOR('',#9740,1.);
#9740 = DIRECTION('',(0.996130830265,-8.731289650696E-02,
    9.991351227282E-03));
#9741 = PCURVE('',#9690,#9742);
#9742 = DEFINITIONAL_REPRESENTATION('',(#9743),#9747);
#9743 = LINE('',#9744,#9745);
#9744 = CARTESIAN_POINT('',(-1.698823278974E-02,3.586372033086));
#9745 = VECTOR('',#9746,1.);
#9746 = DIRECTION('',(-0.999950079478,-9.991924310094E-03));
#9747 = ( GEOMETRIC_REPRESENTATION_CONTEXT(2) 
PARAMETRIC_REPRESENTATION_CONTEXT() REPRESENTATION_CONTEXT('2D SPACE',''
  ) );
#9748 = PCURVE('',#9749,#9754);
#9749 = PLANE('',#9750);
#9750 = AXIS2_PLACEMENT_3D('',#9751,#9752,#9753);
#9751 = CARTESIAN_POINT('',(3.028117368367,29.812476637757,
    9.380034174581));
#9752 = DIRECTION('',(-2.342321406724E-02,-0.154198370266,0.987762226272
    ));
#9753 = DIRECTION('',(-1.392742482799E-19,0.988033304192,0.154240687913)
  );
#9754 = DEFINITIONAL_REPRESENTATION('',(#9755),#9759);
#9755 = LINE('',#9756,#9757);
#9756 = CARTESIAN_POINT('',(0.206612589747,2.429800532219));
#9757 = VECTOR('',#9758,1.);
#9758 = DIRECTION('',(-8.472697674785E-02,-0.996404204834));
#9759 = ( GEOMETRIC_REPRESENTATION_CONTEXT(2) 
PARAMETRIC_REPRESENTATION_CONTEXT() REPRESENTATION_CONTEXT('2D SPACE',''
  ) );
#9760 = ORIENTED_EDGE('',*,*,#9676,.F.);
#9761 = ADVANCED_FACE('',(#9762),#9723,.T.);
#9762 = FACE_BOUND('',#9763,.T.);
#9763 = EDGE_LOOP('',(#9764,#9787,#9808));
#9764 = ORIENTED_EDGE('',*,*,#9765,.F.);
#9765 = EDGE_CURVE('',#9766,#8350,#9768,.T.);
#9766 = VERTEX_POINT('',#9767);
#9767 = CARTESIAN_POINT('',(-1.816994354476,29.975960314881,
    9.290661276794));
#9768 = SURFACE_CURVE('',#9769,(#9773,#9780),.PCURVE_S1.);
#9769 = LINE('',#9770,#9771);
#9770 = CARTESIAN_POINT('',(-1.816994354476,29.975960314881,
    9.290661276794));
#9771 = VECTOR('',#9772,1.);
#9772 = DIRECTION('',(0.548593504095,2.897281682426E-03,0.836084190153)
  );
#9773 = PCURVE('',#9723,#9774);
#9774 = DEFINITIONAL_REPRESENTATION('',(#9775),#9779);
#9775 = LINE('',#9776,#9777);
#9776 = CARTESIAN_POINT('',(2.395452008752,3.651362239075));
#9777 = VECTOR('',#9778,1.);
#9778 = DIRECTION('',(-0.548535677648,-0.836127149629));
#9779 = ( GEOMETRIC_REPRESENTATION_CONTEXT(2) 
PARAMETRIC_REPRESENTATION_CONTEXT() REPRESENTATION_CONTEXT('2D SPACE',''
  ) );
#9780 = PCURVE('',#8474,#9781);
#9781 = DEFINITIONAL_REPRESENTATION('',(#9782),#9786);
#9782 = LINE('',#9783,#9784);
#9783 = CARTESIAN_POINT('',(3.61873289124,1.588029475821E-02));
#9784 = VECTOR('',#9785,1.);
#9785 = DIRECTION('',(-0.836088870618,0.548594021503));
#9786 = ( GEOMETRIC_REPRESENTATION_CONTEXT(2) 
PARAMETRIC_REPRESENTATION_CONTEXT() REPRESENTATION_CONTEXT('2D SPACE',''
  ) );
#9787 = ORIENTED_EDGE('',*,*,#9788,.T.);
#9788 = EDGE_CURVE('',#9766,#9708,#9789,.T.);
#9789 = SURFACE_CURVE('',#9790,(#9794,#9801),.PCURVE_S1.);
#9790 = LINE('',#9791,#9792);
#9791 = CARTESIAN_POINT('',(-1.816994354476,29.975960314881,
    9.290661276794));
#9792 = VECTOR('',#9793,1.);
#9793 = DIRECTION('',(0.999429139002,2.044995429948E-02,
    2.689229410313E-02));
#9794 = PCURVE('',#9723,#9795);
#9795 = DEFINITIONAL_REPRESENTATION('',(#9796),#9800);
#9796 = LINE('',#9797,#9798);
#9797 = CARTESIAN_POINT('',(2.395452008752,3.651362239075));
#9798 = VECTOR('',#9799,1.);
#9799 = DIRECTION('',(-0.999638299685,-2.689367587651E-02));
#9800 = ( GEOMETRIC_REPRESENTATION_CONTEXT(2) 
PARAMETRIC_REPRESENTATION_CONTEXT() REPRESENTATION_CONTEXT('2D SPACE',''
  ) );
#9801 = PCURVE('',#9749,#9802);
#9802 = DEFINITIONAL_REPRESENTATION('',(#9803),#9807);
#9803 = LINE('',#9804,#9805);
#9804 = CARTESIAN_POINT('',(0.147742380454,4.846441397912));
#9805 = VECTOR('',#9806,1.);
#9806 = DIRECTION('',(2.435312185911E-02,-0.999703418748));
#9807 = ( GEOMETRIC_REPRESENTATION_CONTEXT(2) 
PARAMETRIC_REPRESENTATION_CONTEXT() REPRESENTATION_CONTEXT('2D SPACE',''
  ) );
#9808 = ORIENTED_EDGE('',*,*,#9707,.F.);
#9809 = ADVANCED_FACE('',(#9810),#8474,.T.);
#9810 = FACE_BOUND('',#9811,.T.);
#9811 = EDGE_LOOP('',(#9812,#9833,#9834));
#9812 = ORIENTED_EDGE('',*,*,#9813,.T.);
#9813 = EDGE_CURVE('',#6642,#9766,#9814,.T.);
#9814 = SURFACE_CURVE('',#9815,(#9819,#9826),.PCURVE_S1.);
#9815 = LINE('',#9816,#9817);
#9816 = CARTESIAN_POINT('',(-1.832874634257,29.985217359478,
    12.909382327903));
#9817 = VECTOR('',#9818,1.);
#9818 = DIRECTION('',(4.388311420445E-03,-2.558065417328E-03,
    -0.999987099429));
#9819 = PCURVE('',#8474,#9820);
#9820 = DEFINITIONAL_REPRESENTATION('',(#9821),#9825);
#9821 = LINE('',#9822,#9823);
#9822 = CARTESIAN_POINT('',(0.,0.));
#9823 = VECTOR('',#9824,1.);
#9824 = DIRECTION('',(0.999990371297,4.388315559297E-03));
#9825 = ( GEOMETRIC_REPRESENTATION_CONTEXT(2) 
PARAMETRIC_REPRESENTATION_CONTEXT() REPRESENTATION_CONTEXT('2D SPACE',''
  ) );
#9826 = PCURVE('',#6684,#9827);
#9827 = DEFINITIONAL_REPRESENTATION('',(#9828),#9832);
#9828 = LINE('',#9829,#9830);
#9829 = CARTESIAN_POINT('',(-2.470081320282,-7.911927406941E-02));
#9830 = VECTOR('',#9831,1.);
#9831 = DIRECTION('',(-4.08674204475E-03,0.999991649235));
#9832 = ( GEOMETRIC_REPRESENTATION_CONTEXT(2) 
PARAMETRIC_REPRESENTATION_CONTEXT() REPRESENTATION_CONTEXT('2D SPACE',''
  ) );
#9833 = ORIENTED_EDGE('',*,*,#9765,.T.);
#9834 = ORIENTED_EDGE('',*,*,#8460,.F.);
#9835 = ADVANCED_FACE('',(#9836),#6684,.T.);
#9836 = FACE_BOUND('',#9837,.T.);
#9837 = EDGE_LOOP('',(#9838,#9864,#9865));
#9838 = ORIENTED_EDGE('',*,*,#9839,.T.);
#9839 = EDGE_CURVE('',#6553,#9766,#9840,.T.);
#9840 = SURFACE_CURVE('',#9841,(#9845,#9852),.PCURVE_S1.);
#9841 = LINE('',#9842,#9843);
#9842 = CARTESIAN_POINT('',(-4.288515085724,29.718511981044,
    12.830263413814));
#9843 = VECTOR('',#9844,1.);
#9844 = DIRECTION('',(0.571482683131,5.952904328438E-02,-0.818452097491)
  );
#9845 = PCURVE('',#6684,#9846);
#9846 = DEFINITIONAL_REPRESENTATION('',(#9847),#9851);
#9847 = LINE('',#9848,#9849);
#9848 = CARTESIAN_POINT('',(0.,0.));
#9849 = VECTOR('',#9850,1.);
#9850 = DIRECTION('',(-0.574569463616,0.818455821337));
#9851 = ( GEOMETRIC_REPRESENTATION_CONTEXT(2) 
PARAMETRIC_REPRESENTATION_CONTEXT() REPRESENTATION_CONTEXT('2D SPACE',''
  ) );
#9852 = PCURVE('',#9853,#9858);
#9853 = PLANE('',#9854);
#9854 = AXIS2_PLACEMENT_3D('',#9855,#9856,#9857);
#9855 = CARTESIAN_POINT('',(-4.288515085724,29.718511981044,
    12.830263413814));
#9856 = DIRECTION('',(0.125304264514,-0.991999735106,1.534167016185E-02)
  );
#9857 = DIRECTION('',(-0.992116497642,-0.125319013352,2.771808908162E-19
    ));
#9858 = DEFINITIONAL_REPRESENTATION('',(#9859),#9863);
#9859 = LINE('',#9860,#9861);
#9860 = CARTESIAN_POINT('',(0.,0.));
#9861 = VECTOR('',#9862,1.);
#9862 = DIRECTION('',(-0.574437519021,0.81854843274));
#9863 = ( GEOMETRIC_REPRESENTATION_CONTEXT(2) 
PARAMETRIC_REPRESENTATION_CONTEXT() REPRESENTATION_CONTEXT('2D SPACE',''
  ) );
#9864 = ORIENTED_EDGE('',*,*,#9813,.F.);
#9865 = ORIENTED_EDGE('',*,*,#6670,.F.);
#9866 = ADVANCED_FACE('',(#9867),#9853,.T.);
#9867 = FACE_BOUND('',#9868,.T.);
#9868 = EDGE_LOOP('',(#9869,#9892,#9918));
#9869 = ORIENTED_EDGE('',*,*,#9870,.T.);
#9870 = EDGE_CURVE('',#6553,#9871,#9873,.T.);
#9871 = VERTEX_POINT('',#9872);
#9872 = CARTESIAN_POINT('',(-4.21860387721,29.673464933549,
    9.346494620558));
#9873 = SURFACE_CURVE('',#9874,(#9878,#9885),.PCURVE_S1.);
#9874 = LINE('',#9875,#9876);
#9875 = CARTESIAN_POINT('',(-4.288515085724,29.718511981044,
    12.830263413814));
#9876 = VECTOR('',#9877,1.);
#9877 = DIRECTION('',(2.006197872836E-02,-1.292686720507E-02,
    -0.999715165992));
#9878 = PCURVE('',#9853,#9879);
#9879 = DEFINITIONAL_REPRESENTATION('',(#9880),#9884);
#9880 = LINE('',#9881,#9882);
#9881 = CARTESIAN_POINT('',(0.,0.));
#9882 = VECTOR('',#9883,1.);
#9883 = DIRECTION('',(-1.828383782787E-02,0.999832836665));
#9884 = ( GEOMETRIC_REPRESENTATION_CONTEXT(2) 
PARAMETRIC_REPRESENTATION_CONTEXT() REPRESENTATION_CONTEXT('2D SPACE',''
  ) );
#9885 = PCURVE('',#6595,#9886);
#9886 = DEFINITIONAL_REPRESENTATION('',(#9887),#9891);
#9887 = LINE('',#9888,#9889);
#9888 = CARTESIAN_POINT('',(-2.443296023452,6.306583791882E-02));
#9889 = VECTOR('',#9890,1.);
#9890 = DIRECTION('',(-1.746157913019E-02,0.999847535004));
#9891 = ( GEOMETRIC_REPRESENTATION_CONTEXT(2) 
PARAMETRIC_REPRESENTATION_CONTEXT() REPRESENTATION_CONTEXT('2D SPACE',''
  ) );
#9892 = ORIENTED_EDGE('',*,*,#9893,.T.);
#9893 = EDGE_CURVE('',#9871,#9766,#9894,.T.);
#9894 = SURFACE_CURVE('',#9895,(#9899,#9906),.PCURVE_S1.);
#9895 = LINE('',#9896,#9897);
#9896 = CARTESIAN_POINT('',(-4.21860387721,29.673464933549,
    9.346494620558));
#9897 = VECTOR('',#9898,1.);
#9898 = DIRECTION('',(0.991896956844,0.124934651267,-2.305992012701E-02)
  );
#9899 = PCURVE('',#9853,#9900);
#9900 = DEFINITIONAL_REPRESENTATION('',(#9901),#9905);
#9901 = LINE('',#9902,#9903);
#9902 = CARTESIAN_POINT('',(-6.371481179091E-02,3.484178847474));
#9903 = VECTOR('',#9904,1.);
#9904 = DIRECTION('',(-0.999734022076,2.306263437646E-02));
#9905 = ( GEOMETRIC_REPRESENTATION_CONTEXT(2) 
PARAMETRIC_REPRESENTATION_CONTEXT() REPRESENTATION_CONTEXT('2D SPACE',''
  ) );
#9906 = PCURVE('',#9907,#9912);
#9907 = PLANE('',#9908);
#9908 = AXIS2_PLACEMENT_3D('',#9909,#9910,#9911);
#9909 = CARTESIAN_POINT('',(3.028117368367,29.812476637757,
    9.380034174581));
#9910 = DIRECTION('',(-9.323573803379E-03,0.252604588422,0.967524673008)
  );
#9911 = DIRECTION('',(2.585517360311E-19,0.96756672874,-0.252615568474)
  );
#9912 = DEFINITIONAL_REPRESENTATION('',(#9913),#9917);
#9913 = LINE('',#9914,#9915);
#9914 = CARTESIAN_POINT('',(-0.126030486391,7.247036241332));
#9915 = VECTOR('',#9916,1.);
#9916 = DIRECTION('',(0.126707906664,-0.991940071974));
#9917 = ( GEOMETRIC_REPRESENTATION_CONTEXT(2) 
PARAMETRIC_REPRESENTATION_CONTEXT() REPRESENTATION_CONTEXT('2D SPACE',''
  ) );
#9918 = ORIENTED_EDGE('',*,*,#9839,.F.);
#9919 = ADVANCED_FACE('',(#9920),#6595,.T.);
#9920 = FACE_BOUND('',#9921,.T.);
#9921 = EDGE_LOOP('',(#9922,#9948,#9949));
#9922 = ORIENTED_EDGE('',*,*,#9923,.T.);
#9923 = EDGE_CURVE('',#6500,#9871,#9924,.T.);
#9924 = SURFACE_CURVE('',#9925,(#9929,#9936),.PCURVE_S1.);
#9925 = LINE('',#9926,#9927);
#9926 = CARTESIAN_POINT('',(-6.693532223284,29.287711471182,
    12.893320902497));
#9927 = VECTOR('',#9928,1.);
#9928 = DIRECTION('',(0.569980858532,8.88397799518E-02,-0.816841058227)
  );
#9929 = PCURVE('',#6595,#9930);
#9930 = DEFINITIONAL_REPRESENTATION('',(#9931),#9935);
#9931 = LINE('',#9932,#9933);
#9932 = CARTESIAN_POINT('',(-0.,0.));
#9933 = VECTOR('',#9934,1.);
#9934 = DIRECTION('',(-0.576709617224,0.816949213478));
#9935 = ( GEOMETRIC_REPRESENTATION_CONTEXT(2) 
PARAMETRIC_REPRESENTATION_CONTEXT() REPRESENTATION_CONTEXT('2D SPACE',''
  ) );
#9936 = PCURVE('',#9937,#9942);
#9937 = PLANE('',#9938);
#9938 = AXIS2_PLACEMENT_3D('',#9939,#9940,#9941);
#9939 = CARTESIAN_POINT('',(-6.693532223284,29.287711471182,
    12.893320902497));
#9940 = DIRECTION('',(0.184889158693,-0.98250961446,2.215528134087E-02)
  );
#9941 = DIRECTION('',(-0.98275083888,-0.184934552427,-2.429947743597E-19
    ));
#9942 = DEFINITIONAL_REPRESENTATION('',(#9943),#9947);
#9943 = LINE('',#9944,#9945);
#9944 = CARTESIAN_POINT('',(-0.,0.));
#9945 = VECTOR('',#9946,1.);
#9946 = DIRECTION('',(-0.576578711811,0.817041607929));
#9947 = ( GEOMETRIC_REPRESENTATION_CONTEXT(2) 
PARAMETRIC_REPRESENTATION_CONTEXT() REPRESENTATION_CONTEXT('2D SPACE',''
  ) );
#9948 = ORIENTED_EDGE('',*,*,#9870,.F.);
#9949 = ORIENTED_EDGE('',*,*,#6581,.F.);
#9950 = ADVANCED_FACE('',(#9951),#9937,.T.);
#9951 = FACE_BOUND('',#9952,.T.);
#9952 = EDGE_LOOP('',(#9953,#9981,#10007));
#9953 = ORIENTED_EDGE('',*,*,#9954,.F.);
#9954 = EDGE_CURVE('',#9955,#6500,#9957,.T.);
#9955 = VERTEX_POINT('',#9956);
#9956 = CARTESIAN_POINT('',(-6.699516792193,29.207140083068,
    9.370202402607));
#9957 = SURFACE_CURVE('',#9958,(#9962,#9969),.PCURVE_S1.);
#9958 = LINE('',#9959,#9960);
#9959 = CARTESIAN_POINT('',(-6.699516792193,29.207140083068,
    9.370202402607));
#9960 = VECTOR('',#9961,1.);
#9961 = DIRECTION('',(1.698210239303E-03,2.28633270618E-02,
    0.999737157636));
#9962 = PCURVE('',#9937,#9963);
#9963 = DEFINITIONAL_REPRESENTATION('',(#9964),#9968);
#9964 = LINE('',#9965,#9966);
#9965 = CARTESIAN_POINT('',(2.078177371506E-02,3.523983491136));
#9966 = VECTOR('',#9967,1.);
#9967 = DIRECTION('',(-5.897136694428E-03,-0.999982611738));
#9968 = ( GEOMETRIC_REPRESENTATION_CONTEXT(2) 
PARAMETRIC_REPRESENTATION_CONTEXT() REPRESENTATION_CONTEXT('2D SPACE',''
  ) );
#9969 = PCURVE('',#9970,#9975);
#9970 = PLANE('',#9971);
#9971 = AXIS2_PLACEMENT_3D('',#9972,#9973,#9974);
#9972 = CARTESIAN_POINT('',(-6.693532223284,29.287711471182,
    12.893320902497));
#9973 = DIRECTION('',(0.241885230294,-0.970060533492,2.177376233933E-02)
  );
#9974 = DIRECTION('',(-0.970290566551,-0.241942589188,
    -1.218063801516E-21));
#9975 = DEFINITIONAL_REPRESENTATION('',(#9976),#9980);
#9976 = LINE('',#9977,#9978);
#9977 = CARTESIAN_POINT('',(2.530042101223E-02,3.523953946438));
#9978 = VECTOR('',#9979,1.);
#9979 = DIRECTION('',(-7.179369922002E-03,-0.999974227992));
#9980 = ( GEOMETRIC_REPRESENTATION_CONTEXT(2) 
PARAMETRIC_REPRESENTATION_CONTEXT() REPRESENTATION_CONTEXT('2D SPACE',''
  ) );
#9981 = ORIENTED_EDGE('',*,*,#9982,.T.);
#9982 = EDGE_CURVE('',#9955,#9871,#9983,.T.);
#9983 = SURFACE_CURVE('',#9984,(#9988,#9995),.PCURVE_S1.);
#9984 = LINE('',#9985,#9986);
#9985 = CARTESIAN_POINT('',(-6.699516792193,29.207140083068,
    9.370202402607));
#9986 = VECTOR('',#9987,1.);
#9987 = DIRECTION('',(0.982745967805,0.184721867394,-9.391191070525E-03)
  );
#9988 = PCURVE('',#9937,#9989);
#9989 = DEFINITIONAL_REPRESENTATION('',(#9990),#9994);
#9990 = LINE('',#9991,#9992);
#9991 = CARTESIAN_POINT('',(2.078177371506E-02,3.523983491136));
#9992 = VECTOR('',#9993,1.);
#9993 = DIRECTION('',(-0.999955880136,9.393496782939E-03));
#9994 = ( GEOMETRIC_REPRESENTATION_CONTEXT(2) 
PARAMETRIC_REPRESENTATION_CONTEXT() REPRESENTATION_CONTEXT('2D SPACE',''
  ) );
#9995 = PCURVE('',#9996,#10001);
#9996 = PLANE('',#9997);
#9997 = AXIS2_PLACEMENT_3D('',#9998,#9999,#10000);
#9998 = CARTESIAN_POINT('',(3.028117368367,29.812476637757,
    9.380034174581));
#9999 = DIRECTION('',(-6.218294584261E-03,8.374225513757E-02,
    0.99646804641));
#10000 = DIRECTION('',(-4.903760132979E-20,0.996487312278,
    -8.374387422326E-02));
#10001 = DEFINITIONAL_REPRESENTATION('',(#10002),#10006);
#10002 = LINE('',#10003,#10004);
#10003 = CARTESIAN_POINT('',(-0.602386845731,9.727822236141));
#10004 = VECTOR('',#10005,1.);
#10005 = DIRECTION('',(0.184859451882,-0.982764968367));
#10006 = ( GEOMETRIC_REPRESENTATION_CONTEXT(2) 
PARAMETRIC_REPRESENTATION_CONTEXT() REPRESENTATION_CONTEXT('2D SPACE',''
  ) );
#10007 = ORIENTED_EDGE('',*,*,#9923,.F.);
#10008 = ADVANCED_FACE('',(#10009),#9970,.T.);
#10009 = FACE_BOUND('',#10010,.T.);
#10010 = EDGE_LOOP('',(#10011,#10032,#10053));
#10011 = ORIENTED_EDGE('',*,*,#10012,.F.);
#10012 = EDGE_CURVE('',#6328,#6500,#10013,.T.);
#10013 = SURFACE_CURVE('',#10014,(#10018,#10025),.PCURVE_S1.);
#10014 = LINE('',#10015,#10016);
#10015 = CARTESIAN_POINT('',(-9.017856672099,28.627794661005,
    9.313806386534));
#10016 = VECTOR('',#10017,1.);
#10017 = DIRECTION('',(0.538203937842,0.15280561458,0.828846768374));
#10018 = PCURVE('',#9970,#10019);
#10019 = DEFINITIONAL_REPRESENTATION('',(#10020),#10024);
#10020 = LINE('',#10021,#10022);
#10021 = CARTESIAN_POINT('',(2.414932067991,3.58036333585));
#10022 = VECTOR('',#10023,1.);
#10023 = DIRECTION('',(-0.559184389802,-0.829043315033));
#10024 = ( GEOMETRIC_REPRESENTATION_CONTEXT(2) 
PARAMETRIC_REPRESENTATION_CONTEXT() REPRESENTATION_CONTEXT('2D SPACE',''
  ) );
#10025 = PCURVE('',#6401,#10026);
#10026 = DEFINITIONAL_REPRESENTATION('',(#10027),#10031);
#10027 = LINE('',#10028,#10029);
#10028 = CARTESIAN_POINT('',(-2.890732537559E-03,3.640507598225));
#10029 = VECTOR('',#10030,1.);
#10030 = DIRECTION('',(-0.559475336642,-0.828846998963));
#10031 = ( GEOMETRIC_REPRESENTATION_CONTEXT(2) 
PARAMETRIC_REPRESENTATION_CONTEXT() REPRESENTATION_CONTEXT('2D SPACE',''
  ) );
#10032 = ORIENTED_EDGE('',*,*,#10033,.T.);
#10033 = EDGE_CURVE('',#6328,#9955,#10034,.T.);
#10034 = SURFACE_CURVE('',#10035,(#10039,#10046),.PCURVE_S1.);
#10035 = LINE('',#10036,#10037);
#10036 = CARTESIAN_POINT('',(-9.017856672099,28.627794661005,
    9.313806386534));
#10037 = VECTOR('',#10038,1.);
#10038 = DIRECTION('',(0.969896016778,0.24237378741,2.359372403755E-02)
  );
#10039 = PCURVE('',#9970,#10040);
#10040 = DEFINITIONAL_REPRESENTATION('',(#10041),#10045);
#10041 = LINE('',#10042,#10043);
#10042 = CARTESIAN_POINT('',(2.414932067991,3.58036333585));
#10043 = VECTOR('',#10044,1.);
#10044 = DIRECTION('',(-0.999721497292,-2.359931888067E-02));
#10045 = ( GEOMETRIC_REPRESENTATION_CONTEXT(2) 
PARAMETRIC_REPRESENTATION_CONTEXT() REPRESENTATION_CONTEXT('2D SPACE',''
  ) );
#10046 = PCURVE('',#6343,#10047);
#10047 = DEFINITIONAL_REPRESENTATION('',(#10048),#10052);
#10048 = LINE('',#10049,#10050);
#10049 = CARTESIAN_POINT('',(-0.572935787443,2.320617592565));
#10050 = VECTOR('',#10051,1.);
#10051 = DIRECTION('',(0.239692265542,-0.970848916073));
#10052 = ( GEOMETRIC_REPRESENTATION_CONTEXT(2) 
PARAMETRIC_REPRESENTATION_CONTEXT() REPRESENTATION_CONTEXT('2D SPACE',''
  ) );
#10053 = ORIENTED_EDGE('',*,*,#9954,.T.);
#10054 = ADVANCED_FACE('',(#10055),#6401,.T.);
#10055 = FACE_BOUND('',#10056,.T.);
#10056 = EDGE_LOOP('',(#10057,#10058,#10059));
#10057 = ORIENTED_EDGE('',*,*,#6385,.T.);
#10058 = ORIENTED_EDGE('',*,*,#10012,.T.);
#10059 = ORIENTED_EDGE('',*,*,#6528,.F.);
#10060 = ADVANCED_FACE('',(#10061),#5817,.T.);
#10061 = FACE_BOUND('',#10062,.T.);
#10062 = EDGE_LOOP('',(#10063,#10064,#10065));
#10063 = ORIENTED_EDGE('',*,*,#5803,.F.);
#10064 = ORIENTED_EDGE('',*,*,#6164,.T.);
#10065 = ORIENTED_EDGE('',*,*,#5966,.F.);
#10066 = ADVANCED_FACE('',(#10067),#5591,.T.);
#10067 = FACE_BOUND('',#10068,.T.);
#10068 = EDGE_LOOP('',(#10069,#10070,#10071));
#10069 = ORIENTED_EDGE('',*,*,#5575,.F.);
#10070 = ORIENTED_EDGE('',*,*,#5891,.T.);
#10071 = ORIENTED_EDGE('',*,*,#5693,.F.);
#10072 = ADVANCED_FACE('',(#10073),#5151,.T.);
#10073 = FACE_BOUND('',#10074,.T.);
#10074 = EDGE_LOOP('',(#10075,#10076,#10077));
#10075 = ORIENTED_EDGE('',*,*,#5135,.T.);
#10076 = ORIENTED_EDGE('',*,*,#5470,.T.);
#10077 = ORIENTED_EDGE('',*,*,#5244,.F.);
#10078 = ADVANCED_FACE('',(#10079),#4755,.T.);
#10079 = FACE_BOUND('',#10080,.T.);
#10080 = EDGE_LOOP('',(#10081,#10107,#10108));
#10081 = ORIENTED_EDGE('',*,*,#10082,.T.);
#10082 = EDGE_CURVE('',#4682,#4913,#10083,.T.);
#10083 = SURFACE_CURVE('',#10084,(#10088,#10095),.PCURVE_S1.);
#10084 = LINE('',#10085,#10086);
#10085 = CARTESIAN_POINT('',(-29.34854879944,6.063150215136,
    12.894843514888));
#10086 = VECTOR('',#10087,1.);
#10087 = DIRECTION('',(0.132272879955,0.549064991148,-0.825246339419));
#10088 = PCURVE('',#4755,#10089);
#10089 = DEFINITIONAL_REPRESENTATION('',(#10090),#10094);
#10090 = LINE('',#10091,#10092);
#10091 = CARTESIAN_POINT('',(0.,0.));
#10092 = VECTOR('',#10093,1.);
#10093 = DIRECTION('',(0.56473052931,-0.825275365721));
#10094 = ( GEOMETRIC_REPRESENTATION_CONTEXT(2) 
PARAMETRIC_REPRESENTATION_CONTEXT() REPRESENTATION_CONTEXT('2D SPACE',''
  ) );
#10095 = PCURVE('',#10096,#10101);
#10096 = PLANE('',#10097);
#10097 = AXIS2_PLACEMENT_3D('',#10098,#10099,#10100);
#10098 = CARTESIAN_POINT('',(-29.34854879944,6.063150215136,
    12.894843514888));
#10099 = DIRECTION('',(0.974041341801,-0.226302009979,5.555604611617E-03
    ));
#10100 = DIRECTION('',(0.226305502436,0.974056373916,-8.212576678586E-20
    ));
#10101 = DEFINITIONAL_REPRESENTATION('',(#10102),#10106);
#10102 = LINE('',#10103,#10104);
#10103 = CARTESIAN_POINT('',(0.,0.));
#10104 = VECTOR('',#10105,1.);
#10105 = DIRECTION('',(0.564754334879,-0.825259075221));
#10106 = ( GEOMETRIC_REPRESENTATION_CONTEXT(2) 
PARAMETRIC_REPRESENTATION_CONTEXT() REPRESENTATION_CONTEXT('2D SPACE',''
  ) );
#10107 = ORIENTED_EDGE('',*,*,#4912,.F.);
#10108 = ORIENTED_EDGE('',*,*,#4739,.F.);
#10109 = ADVANCED_FACE('',(#10110),#10096,.T.);
#10110 = FACE_BOUND('',#10111,.T.);
#10111 = EDGE_LOOP('',(#10112,#10135,#10156));
#10112 = ORIENTED_EDGE('',*,*,#10113,.T.);
#10113 = EDGE_CURVE('',#4682,#10114,#10116,.T.);
#10114 = VERTEX_POINT('',#10115);
#10115 = CARTESIAN_POINT('',(-29.32248856252,6.087026438427,
    9.298383325489));
#10116 = SURFACE_CURVE('',#10117,(#10121,#10128),.PCURVE_S1.);
#10117 = LINE('',#10118,#10119);
#10118 = CARTESIAN_POINT('',(-29.34854879944,6.063150215136,
    12.894843514888));
#10119 = VECTOR('',#10120,1.);
#10120 = DIRECTION('',(7.245729743859E-03,6.63849150024E-03,
    -0.99995171375));
#10121 = PCURVE('',#10096,#10122);
#10122 = DEFINITIONAL_REPRESENTATION('',(#10123),#10127);
#10123 = LINE('',#10124,#10125);
#10124 = CARTESIAN_POINT('',(0.,0.));
#10125 = VECTOR('',#10126,1.);
#10126 = DIRECTION('',(8.106013469199E-03,-0.999967145733));
#10127 = ( GEOMETRIC_REPRESENTATION_CONTEXT(2) 
PARAMETRIC_REPRESENTATION_CONTEXT() REPRESENTATION_CONTEXT('2D SPACE',''
  ) );
#10128 = PCURVE('',#4697,#10129);
#10129 = DEFINITIONAL_REPRESENTATION('',(#10130),#10134);
#10130 = LINE('',#10131,#10132);
#10131 = CARTESIAN_POINT('',(2.424244799112,-1.950962570795E-02));
#10132 = VECTOR('',#10133,1.);
#10133 = DIRECTION('',(7.826766012131E-03,-0.999969370398));
#10134 = ( GEOMETRIC_REPRESENTATION_CONTEXT(2) 
PARAMETRIC_REPRESENTATION_CONTEXT() REPRESENTATION_CONTEXT('2D SPACE',''
  ) );
#10135 = ORIENTED_EDGE('',*,*,#10136,.T.);
#10136 = EDGE_CURVE('',#10114,#4913,#10137,.T.);
#10137 = SURFACE_CURVE('',#10138,(#10142,#10149),.PCURVE_S1.);
#10138 = LINE('',#10139,#10140);
#10139 = CARTESIAN_POINT('',(-29.32248856252,6.087026438427,
    9.298383325489));
#10140 = VECTOR('',#10141,1.);
#10141 = DIRECTION('',(0.226239364204,0.974019456853,1.009196489371E-02)
  );
#10142 = PCURVE('',#10096,#10143);
#10143 = DEFINITIONAL_REPRESENTATION('',(#10144),#10148);
#10144 = LINE('',#10145,#10146);
#10145 = CARTESIAN_POINT('',(2.915436249156E-02,-3.596515692594));
#10146 = VECTOR('',#10147,1.);
#10147 = DIRECTION('',(0.999949073254,1.009212064027E-02));
#10148 = ( GEOMETRIC_REPRESENTATION_CONTEXT(2) 
PARAMETRIC_REPRESENTATION_CONTEXT() REPRESENTATION_CONTEXT('2D SPACE',''
  ) );
#10149 = PCURVE('',#4949,#10150);
#10150 = DEFINITIONAL_REPRESENTATION('',(#10151),#10155);
#10151 = LINE('',#10152,#10153);
#10152 = CARTESIAN_POINT('',(-1.289192369408,-4.72192309855));
#10153 = VECTOR('',#10154,1.);
#10154 = DIRECTION('',(0.221480269465,0.975164852852));
#10155 = ( GEOMETRIC_REPRESENTATION_CONTEXT(2) 
PARAMETRIC_REPRESENTATION_CONTEXT() REPRESENTATION_CONTEXT('2D SPACE',''
  ) );
#10156 = ORIENTED_EDGE('',*,*,#10082,.F.);
#10157 = ADVANCED_FACE('',(#10158),#4697,.T.);
#10158 = FACE_BOUND('',#10159,.T.);
#10159 = EDGE_LOOP('',(#10160,#10186,#10187));
#10160 = ORIENTED_EDGE('',*,*,#10161,.T.);
#10161 = EDGE_CURVE('',#4624,#10114,#10162,.T.);
#10162 = SURFACE_CURVE('',#10163,(#10167,#10174),.PCURVE_S1.);
#10163 = LINE('',#10164,#10165);
#10164 = CARTESIAN_POINT('',(-29.78200319995,3.677970946792,
    12.914352796111));
#10165 = VECTOR('',#10166,1.);
#10166 = DIRECTION('',(0.105171265399,0.551371803707,-0.827603853913));
#10167 = PCURVE('',#4697,#10168);
#10168 = DEFINITIONAL_REPRESENTATION('',(#10169),#10173);
#10169 = LINE('',#10170,#10171);
#10170 = CARTESIAN_POINT('',(0.,0.));
#10171 = VECTOR('',#10172,1.);
#10172 = DIRECTION('',(0.561291076481,-0.827618467328));
#10173 = ( GEOMETRIC_REPRESENTATION_CONTEXT(2) 
PARAMETRIC_REPRESENTATION_CONTEXT() REPRESENTATION_CONTEXT('2D SPACE',''
  ) );
#10174 = PCURVE('',#10175,#10180);
#10175 = PLANE('',#10176);
#10176 = AXIS2_PLACEMENT_3D('',#10177,#10178,#10179);
#10177 = CARTESIAN_POINT('',(-29.78200319995,3.677970946792,
    12.914352796111));
#10178 = DIRECTION('',(0.980382618476,-0.196991462566,-6.6547025405E-03)
  );
#10179 = DIRECTION('',(0.196995824601,0.980404327352,-4.666553436073E-20
    ));
#10180 = DEFINITIONAL_REPRESENTATION('',(#10181),#10185);
#10181 = LINE('',#10182,#10183);
#10182 = CARTESIAN_POINT('',(0.,0.));
#10183 = VECTOR('',#10184,1.);
#10184 = DIRECTION('',(0.561285602486,-0.827622179767));
#10185 = ( GEOMETRIC_REPRESENTATION_CONTEXT(2) 
PARAMETRIC_REPRESENTATION_CONTEXT() REPRESENTATION_CONTEXT('2D SPACE',''
  ) );
#10186 = ORIENTED_EDGE('',*,*,#10113,.F.);
#10187 = ORIENTED_EDGE('',*,*,#4681,.F.);
#10188 = ADVANCED_FACE('',(#10189),#10175,.T.);
#10189 = FACE_BOUND('',#10190,.T.);
#10190 = EDGE_LOOP('',(#10191,#10214,#10240));
#10191 = ORIENTED_EDGE('',*,*,#10192,.F.);
#10192 = EDGE_CURVE('',#10193,#4624,#10195,.T.);
#10193 = VERTEX_POINT('',#10194);
#10194 = CARTESIAN_POINT('',(-29.80739686929,3.671686146755,
    9.359353914766));
#10195 = SURFACE_CURVE('',#10196,(#10200,#10207),.PCURVE_S1.);
#10196 = LINE('',#10197,#10198);
#10197 = CARTESIAN_POINT('',(-29.80739686929,3.671686146755,
    9.359353914766));
#10198 = VECTOR('',#10199,1.);
#10199 = DIRECTION('',(7.142894468168E-03,1.767828934818E-03,
    0.999972926553));
#10200 = PCURVE('',#10175,#10201);
#10201 = DEFINITIONAL_REPRESENTATION('',(#10202),#10206);
#10202 = LINE('',#10203,#10204);
#10203 = CARTESIAN_POINT('',(-1.11640919836E-02,-3.55507760064));
#10204 = VECTOR('',#10205,1.);
#10205 = DIRECTION('',(3.140307523507E-03,0.999995069222));
#10206 = ( GEOMETRIC_REPRESENTATION_CONTEXT(2) 
PARAMETRIC_REPRESENTATION_CONTEXT() REPRESENTATION_CONTEXT('2D SPACE',''
  ) );
#10207 = PCURVE('',#4639,#10208);
#10208 = DEFINITIONAL_REPRESENTATION('',(#10209),#10213);
#10209 = LINE('',#10210,#10211);
#10210 = CARTESIAN_POINT('',(2.421950590683,-3.55060792488));
#10211 = VECTOR('',#10212,1.);
#10212 = DIRECTION('',(2.308397140929E-03,0.999997335648));
#10213 = ( GEOMETRIC_REPRESENTATION_CONTEXT(2) 
PARAMETRIC_REPRESENTATION_CONTEXT() REPRESENTATION_CONTEXT('2D SPACE',''
  ) );
#10214 = ORIENTED_EDGE('',*,*,#10215,.T.);
#10215 = EDGE_CURVE('',#10193,#10114,#10216,.T.);
#10216 = SURFACE_CURVE('',#10217,(#10221,#10228),.PCURVE_S1.);
#10217 = LINE('',#10218,#10219);
#10218 = CARTESIAN_POINT('',(-29.80739686929,3.671686146755,
    9.359353914766));
#10219 = VECTOR('',#10220,1.);
#10220 = DIRECTION('',(0.196774091759,0.980136626953,-2.474165148629E-02
    ));
#10221 = PCURVE('',#10175,#10222);
#10222 = DEFINITIONAL_REPRESENTATION('',(#10223),#10227);
#10223 = LINE('',#10224,#10225);
#10224 = CARTESIAN_POINT('',(-1.11640919836E-02,-3.55507760064));
#10225 = VECTOR('',#10226,1.);
#10226 = DIRECTION('',(0.999693864926,-2.474219934732E-02));
#10227 = ( GEOMETRIC_REPRESENTATION_CONTEXT(2) 
PARAMETRIC_REPRESENTATION_CONTEXT() REPRESENTATION_CONTEXT('2D SPACE',''
  ) );
#10228 = PCURVE('',#10229,#10234);
#10229 = PLANE('',#10230);
#10230 = AXIS2_PLACEMENT_3D('',#10231,#10232,#10233);
#10231 = CARTESIAN_POINT('',(-28.01321730158,10.803403324142,
    9.311519197393));
#10232 = DIRECTION('',(-0.341222170751,9.211823734444E-02,0.935457995068
    ));
#10233 = DIRECTION('',(0.939452475837,3.919299691227E-19,0.342679216825)
  );
#10234 = DEFINITIONAL_REPRESENTATION('',(#10235),#10239);
#10235 = LINE('',#10236,#10237);
#10236 = CARTESIAN_POINT('',(-1.669154473497,-7.162170182509));
#10237 = VECTOR('',#10238,1.);
#10238 = DIRECTION('',(0.176381457929,0.984321889068));
#10239 = ( GEOMETRIC_REPRESENTATION_CONTEXT(2) 
PARAMETRIC_REPRESENTATION_CONTEXT() REPRESENTATION_CONTEXT('2D SPACE',''
  ) );
#10240 = ORIENTED_EDGE('',*,*,#10161,.F.);
#10241 = ADVANCED_FACE('',(#10242),#4639,.T.);
#10242 = FACE_BOUND('',#10243,.T.);
#10243 = EDGE_LOOP('',(#10244,#10270,#10271));
#10244 = ORIENTED_EDGE('',*,*,#10245,.T.);
#10245 = EDGE_CURVE('',#4281,#10193,#10246,.T.);
#10246 = SURFACE_CURVE('',#10247,(#10251,#10258),.PCURVE_S1.);
#10247 = LINE('',#10248,#10249);
#10248 = CARTESIAN_POINT('',(-29.96770464137,1.254919397975,
    12.90987517229));
#10249 = VECTOR('',#10250,1.);
#10250 = DIRECTION('',(3.729836930266E-02,0.562302485678,-0.826090035195
    ));
#10251 = PCURVE('',#4639,#10252);
#10252 = DEFINITIONAL_REPRESENTATION('',(#10253),#10257);
#10253 = LINE('',#10254,#10255);
#10254 = CARTESIAN_POINT('',(0.,0.));
#10255 = VECTOR('',#10256,1.);
#10256 = DIRECTION('',(0.563508595944,-0.82611019985));
#10257 = ( GEOMETRIC_REPRESENTATION_CONTEXT(2) 
PARAMETRIC_REPRESENTATION_CONTEXT() REPRESENTATION_CONTEXT('2D SPACE',''
  ) );
#10258 = PCURVE('',#10259,#10264);
#10259 = PLANE('',#10260);
#10260 = AXIS2_PLACEMENT_3D('',#10261,#10262,#10263);
#10261 = CARTESIAN_POINT('',(-29.96770464137,1.254919397975,
    12.90987517229));
#10262 = DIRECTION('',(0.996754585023,-7.994783954363E-02,
    -9.414891782078E-03));
#10263 = DIRECTION('',(7.995138307494E-02,0.996798764217,
    7.651968513825E-20));
#10264 = DEFINITIONAL_REPRESENTATION('',(#10265),#10269);
#10265 = LINE('',#10266,#10267);
#10266 = CARTESIAN_POINT('',(0.,0.));
#10267 = VECTOR('',#10268,1.);
#10268 = DIRECTION('',(0.563484479052,-0.826126650017));
#10269 = ( GEOMETRIC_REPRESENTATION_CONTEXT(2) 
PARAMETRIC_REPRESENTATION_CONTEXT() REPRESENTATION_CONTEXT('2D SPACE',''
  ) );
#10270 = ORIENTED_EDGE('',*,*,#10192,.T.);
#10271 = ORIENTED_EDGE('',*,*,#4623,.F.);
#10272 = ADVANCED_FACE('',(#10273),#10259,.T.);
#10273 = FACE_BOUND('',#10274,.T.);
#10274 = EDGE_LOOP('',(#10275,#10298,#10324));
#10275 = ORIENTED_EDGE('',*,*,#10276,.F.);
#10276 = EDGE_CURVE('',#10277,#4281,#10279,.T.);
#10277 = VERTEX_POINT('',#10278);
#10278 = CARTESIAN_POINT('',(-30.00248211172,1.241794246027,
    9.339438436407));
#10279 = SURFACE_CURVE('',#10280,(#10284,#10291),.PCURVE_S1.);
#10280 = LINE('',#10281,#10282);
#10281 = CARTESIAN_POINT('',(-30.00248211172,1.241794246027,
    9.339438436407));
#10282 = VECTOR('',#10283,1.);
#10283 = DIRECTION('',(9.739868909651E-03,3.675864233745E-03,
    0.99994581002));
#10284 = PCURVE('',#10259,#10285);
#10285 = DEFINITIONAL_REPRESENTATION('',(#10286),#10290);
#10286 = LINE('',#10287,#10288);
#10287 = CARTESIAN_POINT('',(-1.586364209612E-02,-3.570594988495));
#10288 = VECTOR('',#10289,1.);
#10289 = DIRECTION('',(4.442812915921E-03,0.999990130658));
#10290 = ( GEOMETRIC_REPRESENTATION_CONTEXT(2) 
PARAMETRIC_REPRESENTATION_CONTEXT() REPRESENTATION_CONTEXT('2D SPACE',''
  ) );
#10291 = PCURVE('',#4323,#10292);
#10292 = DEFINITIONAL_REPRESENTATION('',(#10293),#10297);
#10293 = LINE('',#10294,#10295);
#10294 = CARTESIAN_POINT('',(-3.526094417163,-2.445054672939));
#10295 = VECTOR('',#10296,1.);
#10296 = DIRECTION('',(0.999993243988,-3.675864372502E-03));
#10297 = ( GEOMETRIC_REPRESENTATION_CONTEXT(2) 
PARAMETRIC_REPRESENTATION_CONTEXT() REPRESENTATION_CONTEXT('2D SPACE',''
  ) );
#10298 = ORIENTED_EDGE('',*,*,#10299,.T.);
#10299 = EDGE_CURVE('',#10277,#10193,#10300,.T.);
#10300 = SURFACE_CURVE('',#10301,(#10305,#10312),.PCURVE_S1.);
#10301 = LINE('',#10302,#10303);
#10302 = CARTESIAN_POINT('',(-30.00248211172,1.241794246027,
    9.339438436407));
#10303 = VECTOR('',#10304,1.);
#10304 = DIRECTION('',(8.002538669555E-02,0.996759347674,
    8.169474210552E-03));
#10305 = PCURVE('',#10259,#10306);
#10306 = DEFINITIONAL_REPRESENTATION('',(#10307),#10311);
#10307 = LINE('',#10308,#10309);
#10308 = CARTESIAN_POINT('',(-1.586364209612E-02,-3.570594988495));
#10309 = VECTOR('',#10310,1.);
#10310 = DIRECTION('',(0.99996662633,8.169836306486E-03));
#10311 = ( GEOMETRIC_REPRESENTATION_CONTEXT(2) 
PARAMETRIC_REPRESENTATION_CONTEXT() REPRESENTATION_CONTEXT('2D SPACE',''
  ) );
#10312 = PCURVE('',#10313,#10318);
#10313 = PLANE('',#10314);
#10314 = AXIS2_PLACEMENT_3D('',#10315,#10316,#10317);
#10315 = CARTESIAN_POINT('',(-29.80739686929,3.671686146755,
    9.359353914766));
#10316 = DIRECTION('',(-0.188480608727,7.083344944541E-03,0.982051366456
    ));
#10317 = DIRECTION('',(0.982076003996,6.573556738883E-20,0.188485337297)
  );
#10318 = DEFINITIONAL_REPRESENTATION('',(#10319),#10323);
#10319 = LINE('',#10320,#10321);
#10320 = CARTESIAN_POINT('',(-0.195342310979,-2.429952861447));
#10321 = VECTOR('',#10322,1.);
#10322 = DIRECTION('',(8.013083808629E-02,0.996784354205));
#10323 = ( GEOMETRIC_REPRESENTATION_CONTEXT(2) 
PARAMETRIC_REPRESENTATION_CONTEXT() REPRESENTATION_CONTEXT('2D SPACE',''
  ) );
#10324 = ORIENTED_EDGE('',*,*,#10245,.F.);
#10325 = ADVANCED_FACE('',(#10326),#4323,.T.);
#10326 = FACE_BOUND('',#10327,.T.);
#10327 = EDGE_LOOP('',(#10328,#10349,#10350));
#10328 = ORIENTED_EDGE('',*,*,#10329,.F.);
#10329 = EDGE_CURVE('',#10277,#4081,#10330,.T.);
#10330 = SURFACE_CURVE('',#10331,(#10335,#10342),.PCURVE_S1.);
#10331 = LINE('',#10332,#10333);
#10332 = CARTESIAN_POINT('',(-30.00248211172,1.241794246027,
    9.339438436407));
#10333 = VECTOR('',#10334,1.);
#10334 = DIRECTION('',(8.161331126776E-03,-0.569826168115,0.821724729338
    ));
#10335 = PCURVE('',#4323,#10336);
#10336 = DEFINITIONAL_REPRESENTATION('',(#10337),#10341);
#10337 = LINE('',#10338,#10339);
#10338 = CARTESIAN_POINT('',(-3.526094417163,-2.445054672939));
#10339 = VECTOR('',#10340,1.);
#10340 = DIRECTION('',(0.8217652424,0.569826189625));
#10341 = ( GEOMETRIC_REPRESENTATION_CONTEXT(2) 
PARAMETRIC_REPRESENTATION_CONTEXT() REPRESENTATION_CONTEXT('2D SPACE',''
  ) );
#10342 = PCURVE('',#4180,#10343);
#10343 = DEFINITIONAL_REPRESENTATION('',(#10344),#10348);
#10344 = LINE('',#10345,#10346);
#10345 = CARTESIAN_POINT('',(2.445304606449,-3.52592109584));
#10346 = VECTOR('',#10347,1.);
#10347 = DIRECTION('',(-0.569884437263,0.821724849427));
#10348 = ( GEOMETRIC_REPRESENTATION_CONTEXT(2) 
PARAMETRIC_REPRESENTATION_CONTEXT() REPRESENTATION_CONTEXT('2D SPACE',''
  ) );
#10349 = ORIENTED_EDGE('',*,*,#10276,.T.);
#10350 = ORIENTED_EDGE('',*,*,#4309,.T.);
#10351 = ADVANCED_FACE('',(#10352),#4180,.T.);
#10352 = FACE_BOUND('',#10353,.T.);
#10353 = EDGE_LOOP('',(#10354,#10355,#10376));
#10354 = ORIENTED_EDGE('',*,*,#4166,.F.);
#10355 = ORIENTED_EDGE('',*,*,#10356,.F.);
#10356 = EDGE_CURVE('',#10277,#4139,#10357,.T.);
#10357 = SURFACE_CURVE('',#10358,(#10362,#10369),.PCURVE_S1.);
#10358 = LINE('',#10359,#10360);
#10359 = CARTESIAN_POINT('',(-30.00248211172,1.241794246027,
    9.339438436407));
#10360 = VECTOR('',#10361,1.);
#10361 = DIRECTION('',(1.354620435104E-02,-0.999860106085,
    9.811656700278E-03));
#10362 = PCURVE('',#4180,#10363);
#10363 = DEFINITIONAL_REPRESENTATION('',(#10364),#10368);
#10364 = LINE('',#10365,#10366);
#10365 = CARTESIAN_POINT('',(2.445304606449,-3.52592109584));
#10366 = VECTOR('',#10367,1.);
#10367 = DIRECTION('',(-0.999951864524,9.811658134176E-03));
#10368 = ( GEOMETRIC_REPRESENTATION_CONTEXT(2) 
PARAMETRIC_REPRESENTATION_CONTEXT() REPRESENTATION_CONTEXT('2D SPACE',''
  ) );
#10369 = PCURVE('',#10313,#10370);
#10370 = DEFINITIONAL_REPRESENTATION('',(#10371),#10375);
#10371 = LINE('',#10372,#10373);
#10372 = CARTESIAN_POINT('',(-0.195342310979,-2.429952861447));
#10373 = VECTOR('',#10374,1.);
#10374 = DIRECTION('',(1.515275566097E-02,-0.999885190407));
#10375 = ( GEOMETRIC_REPRESENTATION_CONTEXT(2) 
PARAMETRIC_REPRESENTATION_CONTEXT() REPRESENTATION_CONTEXT('2D SPACE',''
  ) );
#10376 = ORIENTED_EDGE('',*,*,#10329,.T.);
#10377 = ADVANCED_FACE('',(#10378),#4212,.T.);
#10378 = FACE_BOUND('',#10379,.T.);
#10379 = EDGE_LOOP('',(#10380,#10401,#10422));
#10380 = ORIENTED_EDGE('',*,*,#10381,.T.);
#10381 = EDGE_CURVE('',#4002,#3809,#10382,.T.);
#10382 = SURFACE_CURVE('',#10383,(#10387,#10394),.PCURVE_S1.);
#10383 = LINE('',#10384,#10385);
#10384 = CARTESIAN_POINT('',(-29.76812636988,-3.685383338972,
    12.868817117434));
#10385 = VECTOR('',#10386,1.);
#10386 = DIRECTION('',(8.95859408218E-02,-0.554694778057,-0.82721705882)
  );
#10387 = PCURVE('',#4212,#10388);
#10388 = DEFINITIONAL_REPRESENTATION('',(#10389),#10393);
#10389 = LINE('',#10390,#10391);
#10390 = CARTESIAN_POINT('',(0.,0.));
#10391 = VECTOR('',#10392,1.);
#10392 = DIRECTION('',(-0.561815390835,-0.827262634609));
#10393 = ( GEOMETRIC_REPRESENTATION_CONTEXT(2) 
PARAMETRIC_REPRESENTATION_CONTEXT() REPRESENTATION_CONTEXT('2D SPACE',''
  ) );
#10394 = PCURVE('',#3882,#10395);
#10395 = DEFINITIONAL_REPRESENTATION('',(#10396),#10400);
#10396 = LINE('',#10397,#10398);
#10397 = CARTESIAN_POINT('',(2.434158157519,-1.312138682798E-02));
#10398 = VECTOR('',#10399,1.);
#10399 = DIRECTION('',(-0.561811195623,-0.82726548367));
#10400 = ( GEOMETRIC_REPRESENTATION_CONTEXT(2) 
PARAMETRIC_REPRESENTATION_CONTEXT() REPRESENTATION_CONTEXT('2D SPACE',''
  ) );
#10401 = ORIENTED_EDGE('',*,*,#10402,.F.);
#10402 = EDGE_CURVE('',#4197,#3809,#10403,.T.);
#10403 = SURFACE_CURVE('',#10404,(#10408,#10415),.PCURVE_S1.);
#10404 = LINE('',#10405,#10406);
#10405 = CARTESIAN_POINT('',(-29.80573052533,-3.688545603054,
    9.289007589844));
#10406 = VECTOR('',#10407,1.);
#10407 = DIRECTION('',(0.174696716182,-0.984620300943,1.979981115368E-03
    ));
#10408 = PCURVE('',#4212,#10409);
#10409 = DEFINITIONAL_REPRESENTATION('',(#10410),#10414);
#10410 = LINE('',#10411,#10412);
#10411 = CARTESIAN_POINT('',(3.454918785231E-03,-3.580006758343));
#10412 = VECTOR('',#10413,1.);
#10413 = DIRECTION('',(-0.999998039619,1.980090203062E-03));
#10414 = ( GEOMETRIC_REPRESENTATION_CONTEXT(2) 
PARAMETRIC_REPRESENTATION_CONTEXT() REPRESENTATION_CONTEXT('2D SPACE',''
  ) );
#10415 = PCURVE('',#3824,#10416);
#10416 = DEFINITIONAL_REPRESENTATION('',(#10417),#10421);
#10417 = LINE('',#10418,#10419);
#10418 = CARTESIAN_POINT('',(0.,0.));
#10419 = VECTOR('',#10420,1.);
#10420 = DIRECTION('',(0.170671929009,-0.98532791123));
#10421 = ( GEOMETRIC_REPRESENTATION_CONTEXT(2) 
PARAMETRIC_REPRESENTATION_CONTEXT() REPRESENTATION_CONTEXT('2D SPACE',''
  ) );
#10422 = ORIENTED_EDGE('',*,*,#4196,.T.);
#10423 = ADVANCED_FACE('',(#10424),#3882,.T.);
#10424 = FACE_BOUND('',#10425,.T.);
#10425 = EDGE_LOOP('',(#10426,#10427,#10428));
#10426 = ORIENTED_EDGE('',*,*,#3866,.F.);
#10427 = ORIENTED_EDGE('',*,*,#10381,.F.);
#10428 = ORIENTED_EDGE('',*,*,#4030,.T.);
#10429 = ADVANCED_FACE('',(#10430),#3332,.T.);
#10430 = FACE_BOUND('',#10431,.T.);
#10431 = EDGE_LOOP('',(#10432,#10433,#10434));
#10432 = ORIENTED_EDGE('',*,*,#3316,.F.);
#10433 = ORIENTED_EDGE('',*,*,#3761,.F.);
#10434 = ORIENTED_EDGE('',*,*,#3537,.T.);
#10435 = ADVANCED_FACE('',(#10436),#2753,.T.);
#10436 = FACE_BOUND('',#10437,.T.);
#10437 = EDGE_LOOP('',(#10438,#10439,#10440));
#10438 = ORIENTED_EDGE('',*,*,#2737,.F.);
#10439 = ORIENTED_EDGE('',*,*,#3042,.F.);
#10440 = ORIENTED_EDGE('',*,*,#2876,.T.);
#10441 = ADVANCED_FACE('',(#10442),#1386,.T.);
#10442 = FACE_BOUND('',#10443,.T.);
#10443 = EDGE_LOOP('',(#10444,#10465,#10466));
#10444 = ORIENTED_EDGE('',*,*,#10445,.F.);
#10445 = EDGE_CURVE('',#1544,#1313,#10446,.T.);
#10446 = SURFACE_CURVE('',#10447,(#10451,#10458),.PCURVE_S1.);
#10447 = LINE('',#10448,#10449);
#10448 = CARTESIAN_POINT('',(5.451934911058,-29.45082133544,
    9.307484063623));
#10449 = VECTOR('',#10450,1.);
#10450 = DIRECTION('',(4.567485990758E-03,-2.063862239544E-02,
    0.999776567708));
#10451 = PCURVE('',#1386,#10452);
#10452 = DEFINITIONAL_REPRESENTATION('',(#10453),#10457);
#10453 = LINE('',#10454,#10455);
#10454 = CARTESIAN_POINT('',(-6.839998710994E-03,3.569575972866));
#10455 = VECTOR('',#10456,1.);
#10456 = DIRECTION('',(1.916190103664E-03,-0.999998164106));
#10457 = ( GEOMETRIC_REPRESENTATION_CONTEXT(2) 
PARAMETRIC_REPRESENTATION_CONTEXT() REPRESENTATION_CONTEXT('2D SPACE',''
  ) );
#10458 = PCURVE('',#1328,#10459);
#10459 = DEFINITIONAL_REPRESENTATION('',(#10460),#10464);
#10460 = LINE('',#10461,#10462);
#10461 = CARTESIAN_POINT('',(-2.495290017139,3.555299919571));
#10462 = VECTOR('',#10463,1.);
#10463 = DIRECTION('',(-3.084217791546E-04,-0.999999952438));
#10464 = ( GEOMETRIC_REPRESENTATION_CONTEXT(2) 
PARAMETRIC_REPRESENTATION_CONTEXT() REPRESENTATION_CONTEXT('2D SPACE',''
  ) );
#10465 = ORIENTED_EDGE('',*,*,#1543,.F.);
#10466 = ORIENTED_EDGE('',*,*,#1370,.T.);
#10467 = ADVANCED_FACE('',(#10468),#1328,.T.);
#10468 = FACE_BOUND('',#10469,.T.);
#10469 = EDGE_LOOP('',(#10470,#10496,#10497));
#10470 = ORIENTED_EDGE('',*,*,#10471,.F.);
#10471 = EDGE_CURVE('',#1544,#1255,#10472,.T.);
#10472 = SURFACE_CURVE('',#10473,(#10477,#10484),.PCURVE_S1.);
#10473 = LINE('',#10474,#10475);
#10474 = CARTESIAN_POINT('',(5.451934911058,-29.45082133544,
    9.307484063623));
#10475 = VECTOR('',#10476,1.);
#10476 = DIRECTION('',(0.563020323755,0.115468968788,0.818336747486));
#10477 = PCURVE('',#1328,#10478);
#10478 = DEFINITIONAL_REPRESENTATION('',(#10479),#10483);
#10479 = LINE('',#10480,#10481);
#10480 = CARTESIAN_POINT('',(-2.495290017139,3.555299919571));
#10481 = VECTOR('',#10482,1.);
#10482 = DIRECTION('',(0.574478613236,-0.818519592273));
#10483 = ( GEOMETRIC_REPRESENTATION_CONTEXT(2) 
PARAMETRIC_REPRESENTATION_CONTEXT() REPRESENTATION_CONTEXT('2D SPACE',''
  ) );
#10484 = PCURVE('',#10485,#10490);
#10485 = PLANE('',#10486);
#10486 = AXIS2_PLACEMENT_3D('',#10487,#10488,#10489);
#10487 = CARTESIAN_POINT('',(7.897455006923,-28.94927339533,
    12.861989783443));
#10488 = DIRECTION('',(-0.179362074324,0.983662671115,
    -1.539466625731E-02));
#10489 = DIRECTION('',(0.983779253773,0.179383332127,-1.75068630944E-19)
  );
#10490 = DEFINITIONAL_REPRESENTATION('',(#10491),#10495);
#10491 = LINE('',#10492,#10493);
#10492 = CARTESIAN_POINT('',(-2.495821275716,3.554926996075));
#10493 = VECTOR('',#10494,1.);
#10494 = DIRECTION('',(0.574600922341,-0.818433735891));
#10495 = ( GEOMETRIC_REPRESENTATION_CONTEXT(2) 
PARAMETRIC_REPRESENTATION_CONTEXT() REPRESENTATION_CONTEXT('2D SPACE',''
  ) );
#10496 = ORIENTED_EDGE('',*,*,#10445,.T.);
#10497 = ORIENTED_EDGE('',*,*,#1312,.T.);
#10498 = ADVANCED_FACE('',(#10499),#10485,.T.);
#10499 = FACE_BOUND('',#10500,.T.);
#10500 = EDGE_LOOP('',(#10501,#10524,#10545));
#10501 = ORIENTED_EDGE('',*,*,#10502,.F.);
#10502 = EDGE_CURVE('',#10503,#1255,#10505,.T.);
#10503 = VERTEX_POINT('',#10504);
#10504 = CARTESIAN_POINT('',(7.86564804622,-29.00998514008,
    9.353312579574));
#10505 = SURFACE_CURVE('',#10506,(#10510,#10517),.PCURVE_S1.);
#10506 = LINE('',#10507,#10508);
#10507 = CARTESIAN_POINT('',(7.86564804622,-29.00998514008,
    9.353312579574));
#10508 = VECTOR('',#10509,1.);
#10509 = DIRECTION('',(9.063499459371E-03,1.730001400795E-02,
    0.999809263056));
#10510 = PCURVE('',#10485,#10511);
#10511 = DEFINITIONAL_REPRESENTATION('',(#10512),#10516);
#10512 = LINE('',#10513,#10514);
#10513 = CARTESIAN_POINT('',(-4.218170313737E-02,3.509093048577));
#10514 = VECTOR('',#10515,1.);
#10515 = DIRECTION('',(1.201981689331E-02,-0.999927759392));
#10516 = ( GEOMETRIC_REPRESENTATION_CONTEXT(2) 
PARAMETRIC_REPRESENTATION_CONTEXT() REPRESENTATION_CONTEXT('2D SPACE',''
  ) );
#10517 = PCURVE('',#1270,#10518);
#10518 = DEFINITIONAL_REPRESENTATION('',(#10519),#10523);
#10519 = LINE('',#10520,#10521);
#10520 = CARTESIAN_POINT('',(-2.463354788255,3.560597255233));
#10521 = VECTOR('',#10522,1.);
#10522 = DIRECTION('',(1.373767051527E-02,-0.999905633752));
#10523 = ( GEOMETRIC_REPRESENTATION_CONTEXT(2) 
PARAMETRIC_REPRESENTATION_CONTEXT() REPRESENTATION_CONTEXT('2D SPACE',''
  ) );
#10524 = ORIENTED_EDGE('',*,*,#10525,.F.);
#10525 = EDGE_CURVE('',#1544,#10503,#10526,.T.);
#10526 = SURFACE_CURVE('',#10527,(#10531,#10538),.PCURVE_S1.);
#10527 = LINE('',#10528,#10529);
#10528 = CARTESIAN_POINT('',(5.451934911058,-29.45082133544,
    9.307484063623));
#10529 = VECTOR('',#10530,1.);
#10530 = DIRECTION('',(0.983556081184,0.17963490128,1.867451226827E-02)
  );
#10531 = PCURVE('',#10485,#10532);
#10532 = DEFINITIONAL_REPRESENTATION('',(#10533),#10537);
#10533 = LINE('',#10534,#10535);
#10534 = CARTESIAN_POINT('',(-2.495821275716,3.554926996075));
#10535 = VECTOR('',#10536,1.);
#10536 = DIRECTION('',(0.999825574749,-1.867672555169E-02));
#10537 = ( GEOMETRIC_REPRESENTATION_CONTEXT(2) 
PARAMETRIC_REPRESENTATION_CONTEXT() REPRESENTATION_CONTEXT('2D SPACE',''
  ) );
#10538 = PCURVE('',#1580,#10539);
#10539 = DEFINITIONAL_REPRESENTATION('',(#10540),#10544);
#10540 = LINE('',#10541,#10542);
#10541 = CARTESIAN_POINT('',(0.174220999382,-2.447875598604));
#10542 = VECTOR('',#10543,1.);
#10543 = DIRECTION('',(-7.099274595485E-02,0.997476831822));
#10544 = ( GEOMETRIC_REPRESENTATION_CONTEXT(2) 
PARAMETRIC_REPRESENTATION_CONTEXT() REPRESENTATION_CONTEXT('2D SPACE',''
  ) );
#10545 = ORIENTED_EDGE('',*,*,#10471,.T.);
#10546 = ADVANCED_FACE('',(#10547),#1270,.T.);
#10547 = FACE_BOUND('',#10548,.T.);
#10548 = EDGE_LOOP('',(#10549,#10575,#10576));
#10549 = ORIENTED_EDGE('',*,*,#10550,.F.);
#10550 = EDGE_CURVE('',#10503,#1197,#10551,.T.);
#10551 = SURFACE_CURVE('',#10552,(#10556,#10563),.PCURVE_S1.);
#10552 = LINE('',#10553,#10554);
#10553 = CARTESIAN_POINT('',(7.86564804622,-29.00998514008,
    9.353312579574));
#10554 = VECTOR('',#10555,1.);
#10555 = DIRECTION('',(0.540594587967,0.177736674846,0.822293843997));
#10556 = PCURVE('',#1270,#10557);
#10557 = DEFINITIONAL_REPRESENTATION('',(#10558),#10562);
#10558 = LINE('',#10559,#10560);
#10559 = CARTESIAN_POINT('',(-2.463354788255,3.560597255233));
#10560 = VECTOR('',#10561,1.);
#10561 = DIRECTION('',(0.568948571999,-0.822373104145));
#10562 = ( GEOMETRIC_REPRESENTATION_CONTEXT(2) 
PARAMETRIC_REPRESENTATION_CONTEXT() REPRESENTATION_CONTEXT('2D SPACE',''
  ) );
#10563 = PCURVE('',#10564,#10569);
#10564 = PLANE('',#10565);
#10565 = AXIS2_PLACEMENT_3D('',#10566,#10567,#10568);
#10566 = CARTESIAN_POINT('',(10.206239678421,-28.24044548293,
    12.913566665189));
#10567 = DIRECTION('',(-0.320352175269,0.947280427213,5.854572484916E-03
    ));
#10568 = DIRECTION('',(0.947296662132,0.320357665608,-2.305169307877E-20
    ));
#10569 = DEFINITIONAL_REPRESENTATION('',(#10570),#10574);
#10570 = LINE('',#10571,#10572);
#10571 = CARTESIAN_POINT('',(-2.463762568755,3.560315102852));
#10572 = VECTOR('',#10573,1.);
#10573 = DIRECTION('',(0.569042754994,-0.822307936839));
#10574 = ( GEOMETRIC_REPRESENTATION_CONTEXT(2) 
PARAMETRIC_REPRESENTATION_CONTEXT() REPRESENTATION_CONTEXT('2D SPACE',''
  ) );
#10575 = ORIENTED_EDGE('',*,*,#10502,.T.);
#10576 = ORIENTED_EDGE('',*,*,#1254,.T.);
#10577 = ADVANCED_FACE('',(#10578),#10564,.T.);
#10578 = FACE_BOUND('',#10579,.T.);
#10579 = EDGE_LOOP('',(#10580,#10603,#10629));
#10580 = ORIENTED_EDGE('',*,*,#10581,.T.);
#10581 = EDGE_CURVE('',#1197,#10582,#10584,.T.);
#10582 = VERTEX_POINT('',#10583);
#10583 = CARTESIAN_POINT('',(10.213817191743,-28.21587911676,
    9.353312689092));
#10584 = SURFACE_CURVE('',#10585,(#10589,#10596),.PCURVE_S1.);
#10585 = LINE('',#10586,#10587);
#10586 = CARTESIAN_POINT('',(10.206239678421,-28.24044548293,
    12.913566665189));
#10587 = VECTOR('',#10588,1.);
#10588 = DIRECTION('',(2.128307650421E-03,6.899992497578E-03,
    -0.999973929865));
#10589 = PCURVE('',#10564,#10590);
#10590 = DEFINITIONAL_REPRESENTATION('',(#10591),#10595);
#10591 = LINE('',#10592,#10593);
#10592 = CARTESIAN_POINT('',(0.,0.));
#10593 = VECTOR('',#10594,1.);
#10594 = DIRECTION('',(4.226604222473E-03,0.999991067868));
#10595 = ( GEOMETRIC_REPRESENTATION_CONTEXT(2) 
PARAMETRIC_REPRESENTATION_CONTEXT() REPRESENTATION_CONTEXT('2D SPACE',''
  ) );
#10596 = PCURVE('',#1212,#10597);
#10597 = DEFINITIONAL_REPRESENTATION('',(#10598),#10602);
#10598 = LINE('',#10599,#10600);
#10599 = CARTESIAN_POINT('',(-2.426898996928,-8.135367501047E-02));
#10600 = VECTOR('',#10601,1.);
#10601 = DIRECTION('',(4.573761662443E-03,0.999989540297));
#10602 = ( GEOMETRIC_REPRESENTATION_CONTEXT(2) 
PARAMETRIC_REPRESENTATION_CONTEXT() REPRESENTATION_CONTEXT('2D SPACE',''
  ) );
#10603 = ORIENTED_EDGE('',*,*,#10604,.F.);
#10604 = EDGE_CURVE('',#10503,#10582,#10605,.T.);
#10605 = SURFACE_CURVE('',#10606,(#10610,#10617),.PCURVE_S1.);
#10606 = LINE('',#10607,#10608);
#10607 = CARTESIAN_POINT('',(7.86564804622,-29.00998514008,
    9.353312579574));
#10608 = VECTOR('',#10609,1.);
#10609 = DIRECTION('',(0.947296662215,0.320357665363,4.418165776643E-08)
  );
#10610 = PCURVE('',#10564,#10611);
#10611 = DEFINITIONAL_REPRESENTATION('',(#10612),#10616);
#10612 = LINE('',#10613,#10614);
#10613 = CARTESIAN_POINT('',(-2.463762568755,3.560315102852));
#10614 = VECTOR('',#10615,1.);
#10615 = DIRECTION('',(1.,-4.418241497211E-08));
#10616 = ( GEOMETRIC_REPRESENTATION_CONTEXT(2) 
PARAMETRIC_REPRESENTATION_CONTEXT() REPRESENTATION_CONTEXT('2D SPACE',''
  ) );
#10617 = PCURVE('',#10618,#10623);
#10618 = PLANE('',#10619);
#10619 = AXIS2_PLACEMENT_3D('',#10620,#10621,#10622);
#10620 = CARTESIAN_POINT('',(10.213817191743,-28.21587911676,
    9.353312689092));
#10621 = DIRECTION('',(1.107797796879E-02,-3.275768568626E-02,
    0.999401927371));
#10622 = DIRECTION('',(-1.652496999875E-20,0.999463257116,
    3.275969590902E-02));
#10623 = DEFINITIONAL_REPRESENTATION('',(#10624),#10628);
#10624 = LINE('',#10625,#10626);
#10625 = CARTESIAN_POINT('',(-0.793679796153,2.348313244318));
#10626 = VECTOR('',#10627,1.);
#10627 = DIRECTION('',(0.320185717113,-0.947354794444));
#10628 = ( GEOMETRIC_REPRESENTATION_CONTEXT(2) 
PARAMETRIC_REPRESENTATION_CONTEXT() REPRESENTATION_CONTEXT('2D SPACE',''
  ) );
#10629 = ORIENTED_EDGE('',*,*,#10550,.T.);
#10630 = ADVANCED_FACE('',(#10631),#1212,.T.);
#10631 = FACE_BOUND('',#10632,.T.);
#10632 = EDGE_LOOP('',(#10633,#10659,#10660));
#10633 = ORIENTED_EDGE('',*,*,#10634,.F.);
#10634 = EDGE_CURVE('',#10582,#1139,#10635,.T.);
#10635 = SURFACE_CURVE('',#10636,(#10640,#10647),.PCURVE_S1.);
#10636 = LINE('',#10637,#10638);
#10637 = CARTESIAN_POINT('',(10.213817191743,-28.21587911676,
    9.353312689092));
#10638 = VECTOR('',#10639,1.);
#10639 = DIRECTION('',(0.529207806683,0.21057857089,0.821946326002));
#10640 = PCURVE('',#1212,#10641);
#10641 = DEFINITIONAL_REPRESENTATION('',(#10642),#10646);
#10642 = LINE('',#10643,#10644);
#10643 = CARTESIAN_POINT('',(-2.410614819252,3.478955879639));
#10644 = VECTOR('',#10645,1.);
#10645 = DIRECTION('',(0.56954643689,-0.821959157274));
#10646 = ( GEOMETRIC_REPRESENTATION_CONTEXT(2) 
PARAMETRIC_REPRESENTATION_CONTEXT() REPRESENTATION_CONTEXT('2D SPACE',''
  ) );
#10647 = PCURVE('',#10648,#10653);
#10648 = PLANE('',#10649);
#10649 = AXIS2_PLACEMENT_3D('',#10650,#10651,#10652);
#10650 = CARTESIAN_POINT('',(12.453698084019,-27.32460179374,
    12.832214260157));
#10651 = DIRECTION('',(-0.409022422073,0.912041288708,2.968747098009E-02
    ));
#10652 = DIRECTION('',(0.912443466511,0.409202786429,1.470489118655E-18)
  );
#10653 = DEFINITIONAL_REPRESENTATION('',(#10654),#10658);
#10654 = LINE('',#10655,#10656);
#10655 = CARTESIAN_POINT('',(-2.40847784998,3.480435643052));
#10656 = VECTOR('',#10657,1.);
#10657 = DIRECTION('',(0.569041543605,-0.822308775128));
#10658 = ( GEOMETRIC_REPRESENTATION_CONTEXT(2) 
PARAMETRIC_REPRESENTATION_CONTEXT() REPRESENTATION_CONTEXT('2D SPACE',''
  ) );
#10659 = ORIENTED_EDGE('',*,*,#10581,.F.);
#10660 = ORIENTED_EDGE('',*,*,#1196,.T.);
#10661 = ADVANCED_FACE('',(#10662),#10648,.T.);
#10662 = FACE_BOUND('',#10663,.T.);
#10663 = EDGE_LOOP('',(#10664,#10687,#10713));
#10664 = ORIENTED_EDGE('',*,*,#10665,.F.);
#10665 = EDGE_CURVE('',#10666,#1139,#10668,.T.);
#10666 = VERTEX_POINT('',#10667);
#10667 = CARTESIAN_POINT('',(12.435324945132,-27.2195822751,
    9.352727477459));
#10668 = SURFACE_CURVE('',#10669,(#10673,#10680),.PCURVE_S1.);
#10669 = LINE('',#10670,#10671);
#10670 = CARTESIAN_POINT('',(12.435324945132,-27.2195822751,
    9.352727477459));
#10671 = VECTOR('',#10672,1.);
#10672 = DIRECTION('',(5.277939293509E-03,-3.016831513691E-02,
    0.999530898031));
#10673 = PCURVE('',#10648,#10674);
#10674 = DEFINITIONAL_REPRESENTATION('',(#10675),#10679);
#10675 = LINE('',#10676,#10677);
#10676 = CARTESIAN_POINT('',(2.620982911911E-02,3.481021112743));
#10677 = VECTOR('',#10678,1.);
#10678 = DIRECTION('',(-7.529137390872E-03,-0.999971655643));
#10679 = ( GEOMETRIC_REPRESENTATION_CONTEXT(2) 
PARAMETRIC_REPRESENTATION_CONTEXT() REPRESENTATION_CONTEXT('2D SPACE',''
  ) );
#10680 = PCURVE('',#1154,#10681);
#10681 = DEFINITIONAL_REPRESENTATION('',(#10682),#10686);
#10682 = LINE('',#10683,#10684);
#10683 = CARTESIAN_POINT('',(-2.406097584669,3.578976051943));
#10684 = VECTOR('',#10685,1.);
#10685 = DIRECTION('',(-8.994097790332E-03,-0.999959552284));
#10686 = ( GEOMETRIC_REPRESENTATION_CONTEXT(2) 
PARAMETRIC_REPRESENTATION_CONTEXT() REPRESENTATION_CONTEXT('2D SPACE',''
  ) );
#10687 = ORIENTED_EDGE('',*,*,#10688,.F.);
#10688 = EDGE_CURVE('',#10582,#10666,#10689,.T.);
#10689 = SURFACE_CURVE('',#10690,(#10694,#10701),.PCURVE_S1.);
#10690 = LINE('',#10691,#10692);
#10691 = CARTESIAN_POINT('',(10.213817191743,-28.21587911676,
    9.353312689092));
#10692 = VECTOR('',#10693,1.);
#10693 = DIRECTION('',(0.912440518852,0.409209288486,-2.403641424881E-04
    ));
#10694 = PCURVE('',#10648,#10695);
#10695 = DEFINITIONAL_REPRESENTATION('',(#10696),#10700);
#10696 = LINE('',#10697,#10698);
#10697 = CARTESIAN_POINT('',(-2.40847784998,3.480435643052));
#10698 = VECTOR('',#10699,1.);
#10699 = DIRECTION('',(0.999999971087,2.404701345348E-04));
#10700 = ( GEOMETRIC_REPRESENTATION_CONTEXT(2) 
PARAMETRIC_REPRESENTATION_CONTEXT() REPRESENTATION_CONTEXT('2D SPACE',''
  ) );
#10701 = PCURVE('',#10702,#10707);
#10702 = PLANE('',#10703);
#10703 = AXIS2_PLACEMENT_3D('',#10704,#10705,#10706);
#10704 = CARTESIAN_POINT('',(12.435324945132,-27.2195822751,
    9.352727477459));
#10705 = DIRECTION('',(7.059981329467E-03,-1.515479402331E-02,
    0.999860234674));
#10706 = DIRECTION('',(-4.9235296139E-21,0.99988515379,
    1.515517172017E-02));
#10707 = DEFINITIONAL_REPRESENTATION('',(#10708),#10712);
#10708 = LINE('',#10709,#10710);
#10709 = CARTESIAN_POINT('',(-0.996173551756,2.221563119138));
#10710 = VECTOR('',#10711,1.);
#10711 = DIRECTION('',(0.40915864959,-0.912463259241));
#10712 = ( GEOMETRIC_REPRESENTATION_CONTEXT(2) 
PARAMETRIC_REPRESENTATION_CONTEXT() REPRESENTATION_CONTEXT('2D SPACE',''
  ) );
#10713 = ORIENTED_EDGE('',*,*,#10634,.T.);
#10714 = ADVANCED_FACE('',(#10715),#1154,.T.);
#10715 = FACE_BOUND('',#10716,.T.);
#10716 = EDGE_LOOP('',(#10717,#10743,#10744));
#10717 = ORIENTED_EDGE('',*,*,#10718,.F.);
#10718 = EDGE_CURVE('',#10666,#970,#10719,.T.);
#10719 = SURFACE_CURVE('',#10720,(#10724,#10731),.PCURVE_S1.);
#10720 = LINE('',#10721,#10722);
#10721 = CARTESIAN_POINT('',(12.435324945132,-27.2195822751,
    9.352727477459));
#10722 = VECTOR('',#10723,1.);
#10723 = DIRECTION('',(0.508140183639,0.231655082781,0.829535699288));
#10724 = PCURVE('',#1154,#10725);
#10725 = DEFINITIONAL_REPRESENTATION('',(#10726),#10730);
#10726 = LINE('',#10727,#10728);
#10727 = CARTESIAN_POINT('',(-2.406097584669,3.578976051943));
#10728 = VECTOR('',#10729,1.);
#10729 = DIRECTION('',(0.557924888244,-0.829891450177));
#10730 = ( GEOMETRIC_REPRESENTATION_CONTEXT(2) 
PARAMETRIC_REPRESENTATION_CONTEXT() REPRESENTATION_CONTEXT('2D SPACE',''
  ) );
#10731 = PCURVE('',#10732,#10737);
#10732 = PLANE('',#10733);
#10733 = AXIS2_PLACEMENT_3D('',#10734,#10735,#10736);
#10734 = CARTESIAN_POINT('',(14.626721841538,-26.22055042171,
    12.930169324039));
#10735 = DIRECTION('',(-0.408562133652,0.912718837142,
    -4.615979945783E-03));
#10736 = DIRECTION('',(0.912728561072,0.408566486394,-1.336320318437E-19
    ));
#10737 = DEFINITIONAL_REPRESENTATION('',(#10738),#10742);
#10738 = LINE('',#10739,#10740);
#10739 = CARTESIAN_POINT('',(-2.408321470129,3.577479959951));
#10740 = VECTOR('',#10741,1.);
#10741 = DIRECTION('',(0.558440561862,-0.829544537));
#10742 = ( GEOMETRIC_REPRESENTATION_CONTEXT(2) 
PARAMETRIC_REPRESENTATION_CONTEXT() REPRESENTATION_CONTEXT('2D SPACE',''
  ) );
#10743 = ORIENTED_EDGE('',*,*,#10665,.T.);
#10744 = ORIENTED_EDGE('',*,*,#1138,.T.);
#10745 = ADVANCED_FACE('',(#10746),#10732,.T.);
#10746 = FACE_BOUND('',#10747,.T.);
#10747 = EDGE_LOOP('',(#10748,#10771,#10797));
#10748 = ORIENTED_EDGE('',*,*,#10749,.T.);
#10749 = EDGE_CURVE('',#970,#10750,#10752,.T.);
#10750 = VERTEX_POINT('',#10751);
#10751 = CARTESIAN_POINT('',(14.696142416319,-26.20776092461,
    9.314598324187));
#10752 = SURFACE_CURVE('',#10753,(#10757,#10764),.PCURVE_S1.);
#10753 = LINE('',#10754,#10755);
#10754 = CARTESIAN_POINT('',(14.626721841538,-26.22055042171,
    12.930169324039));
#10755 = VECTOR('',#10756,1.);
#10756 = DIRECTION('',(1.919678746434E-02,3.536664143865E-03,
    -0.999809469528));
#10757 = PCURVE('',#10732,#10758);
#10758 = DEFINITIONAL_REPRESENTATION('',(#10759),#10763);
#10759 = LINE('',#10760,#10761);
#10760 = CARTESIAN_POINT('',(0.,0.));
#10761 = VECTOR('',#10762,1.);
#10762 = DIRECTION('',(1.896641864233E-02,0.999820121304));
#10763 = ( GEOMETRIC_REPRESENTATION_CONTEXT(2) 
PARAMETRIC_REPRESENTATION_CONTEXT() REPRESENTATION_CONTEXT('2D SPACE',''
  ) );
#10764 = PCURVE('',#1068,#10765);
#10765 = DEFINITIONAL_REPRESENTATION('',(#10766),#10770);
#10766 = LINE('',#10767,#10768);
#10767 = CARTESIAN_POINT('',(0.,0.));
#10768 = VECTOR('',#10769,1.);
#10769 = DIRECTION('',(1.806744514221E-02,0.999836770391));
#10770 = ( GEOMETRIC_REPRESENTATION_CONTEXT(2) 
PARAMETRIC_REPRESENTATION_CONTEXT() REPRESENTATION_CONTEXT('2D SPACE',''
  ) );
#10771 = ORIENTED_EDGE('',*,*,#10772,.F.);
#10772 = EDGE_CURVE('',#10666,#10750,#10773,.T.);
#10773 = SURFACE_CURVE('',#10774,(#10778,#10785),.PCURVE_S1.);
#10774 = LINE('',#10775,#10776);
#10775 = CARTESIAN_POINT('',(12.435324945132,-27.2195822751,
    9.352727477459));
#10776 = VECTOR('',#10777,1.);
#10777 = DIRECTION('',(0.912649461784,0.408453235486,-1.539202153857E-02
    ));
#10778 = PCURVE('',#10732,#10779);
#10779 = DEFINITIONAL_REPRESENTATION('',(#10780),#10784);
#10780 = LINE('',#10781,#10782);
#10781 = CARTESIAN_POINT('',(-2.408321470129,3.577479959951));
#10782 = VECTOR('',#10783,1.);
#10783 = DIRECTION('',(0.999881533295,1.539218552217E-02));
#10784 = ( GEOMETRIC_REPRESENTATION_CONTEXT(2) 
PARAMETRIC_REPRESENTATION_CONTEXT() REPRESENTATION_CONTEXT('2D SPACE',''
  ) );
#10785 = PCURVE('',#10786,#10791);
#10786 = PLANE('',#10787);
#10787 = AXIS2_PLACEMENT_3D('',#10788,#10789,#10790);
#10788 = CARTESIAN_POINT('',(14.696142416319,-26.20776092461,
    9.314598324187));
#10789 = DIRECTION('',(-2.066310644904E-02,8.371305742996E-02,
    0.996275644612));
#10790 = DIRECTION('',(-1.188950344444E-19,0.996488399645,
    -8.373093438437E-02));
#10791 = DEFINITIONAL_REPRESENTATION('',(#10792),#10796);
#10792 = LINE('',#10793,#10794);
#10793 = CARTESIAN_POINT('',(-1.011460827912,2.261300269595));
#10794 = VECTOR('',#10795,1.);
#10795 = DIRECTION('',(0.408307699305,-0.912844358414));
#10796 = ( GEOMETRIC_REPRESENTATION_CONTEXT(2) 
PARAMETRIC_REPRESENTATION_CONTEXT() REPRESENTATION_CONTEXT('2D SPACE',''
  ) );
#10797 = ORIENTED_EDGE('',*,*,#10718,.T.);
#10798 = ADVANCED_FACE('',(#10799),#1068,.T.);
#10799 = FACE_BOUND('',#10800,.T.);
#10800 = EDGE_LOOP('',(#10801,#10802,#10828));
#10801 = ORIENTED_EDGE('',*,*,#1054,.T.);
#10802 = ORIENTED_EDGE('',*,*,#10803,.F.);
#10803 = EDGE_CURVE('',#10750,#1027,#10804,.T.);
#10804 = SURFACE_CURVE('',#10805,(#10809,#10816),.PCURVE_S1.);
#10805 = LINE('',#10806,#10807);
#10806 = CARTESIAN_POINT('',(14.696142416319,-26.20776092461,
    9.314598324187));
#10807 = VECTOR('',#10808,1.);
#10808 = DIRECTION('',(0.841702026895,0.53991247753,-5.675784309913E-03)
  );
#10809 = PCURVE('',#1068,#10810);
#10810 = DEFINITIONAL_REPRESENTATION('',(#10811),#10815);
#10811 = LINE('',#10812,#10813);
#10812 = CARTESIAN_POINT('',(6.533657930687E-02,3.615669726871));
#10813 = VECTOR('',#10814,1.);
#10814 = DIRECTION('',(0.999983891727,5.675939293252E-03));
#10815 = ( GEOMETRIC_REPRESENTATION_CONTEXT(2) 
PARAMETRIC_REPRESENTATION_CONTEXT() REPRESENTATION_CONTEXT('2D SPACE',''
  ) );
#10816 = PCURVE('',#10817,#10822);
#10817 = PLANE('',#10818);
#10818 = AXIS2_PLACEMENT_3D('',#10819,#10820,#10821);
#10819 = CARTESIAN_POINT('',(20.574173864955,-21.82148920028,
    9.345247457556));
#10820 = DIRECTION('',(7.919316353499E-02,-0.113047187827,0.990428582066
    ));
#10821 = DIRECTION('',(-4.284470676062E-19,0.99354903205,0.113403354947)
  );
#10822 = DEFINITIONAL_REPRESENTATION('',(#10823),#10827);
#10823 = LINE('',#10824,#10825);
#10824 = CARTESIAN_POINT('',(-4.361451740561,5.896550808303));
#10825 = VECTOR('',#10826,1.);
#10826 = DIRECTION('',(0.535785866459,-0.844353898139));
#10827 = ( GEOMETRIC_REPRESENTATION_CONTEXT(2) 
PARAMETRIC_REPRESENTATION_CONTEXT() REPRESENTATION_CONTEXT('2D SPACE',''
  ) );
#10828 = ORIENTED_EDGE('',*,*,#10749,.F.);
#10829 = ADVANCED_FACE('',(#10830),#927,.T.);
#10830 = FACE_BOUND('',#10831,.T.);
#10831 = EDGE_LOOP('',(#10832,#10858,#10859));
#10832 = ORIENTED_EDGE('',*,*,#10833,.T.);
#10833 = EDGE_CURVE('',#853,#1085,#10834,.T.);
#10834 = SURFACE_CURVE('',#10835,(#10839,#10846),.PCURVE_S1.);
#10835 = LINE('',#10836,#10837);
#10836 = CARTESIAN_POINT('',(18.712661293554,-23.49626128288,
    12.850636742556));
#10837 = VECTOR('',#10838,1.);
#10838 = DIRECTION('',(1.05838928528E-02,9.757433854635E-03,
    -0.99989638148));
#10839 = PCURVE('',#927,#10840);
#10840 = DEFINITIONAL_REPRESENTATION('',(#10841),#10845);
#10841 = LINE('',#10842,#10843);
#10842 = CARTESIAN_POINT('',(0.,0.));
#10843 = VECTOR('',#10844,1.);
#10844 = DIRECTION('',(1.425593212499E-02,0.999898379036));
#10845 = ( GEOMETRIC_REPRESENTATION_CONTEXT(2) 
PARAMETRIC_REPRESENTATION_CONTEXT() REPRESENTATION_CONTEXT('2D SPACE',''
  ) );
#10846 = PCURVE('',#10847,#10852);
#10847 = PLANE('',#10848);
#10848 = AXIS2_PLACEMENT_3D('',#10849,#10850,#10851);
#10849 = CARTESIAN_POINT('',(18.712661293554,-23.49626128288,
    12.850636742556));
#10850 = DIRECTION('',(-0.668648888441,0.743578262266,1.785260170088E-04
    ));
#10851 = DIRECTION('',(0.743578274116,0.668648899096,-7.435019282464E-21
    ));
#10852 = DEFINITIONAL_REPRESENTATION('',(#10853),#10857);
#10853 = LINE('',#10854,#10855);
#10854 = CARTESIAN_POINT('',(0.,0.));
#10855 = VECTOR('',#10856,1.);
#10856 = DIRECTION('',(1.439425018582E-02,0.999896397414));
#10857 = ( GEOMETRIC_REPRESENTATION_CONTEXT(2) 
PARAMETRIC_REPRESENTATION_CONTEXT() REPRESENTATION_CONTEXT('2D SPACE',''
  ) );
#10858 = ORIENTED_EDGE('',*,*,#1084,.F.);
#10859 = ORIENTED_EDGE('',*,*,#911,.T.);
#10860 = ADVANCED_FACE('',(#10861),#10847,.T.);
#10861 = FACE_BOUND('',#10862,.T.);
#10862 = EDGE_LOOP('',(#10863,#10886,#10907));
#10863 = ORIENTED_EDGE('',*,*,#10864,.T.);
#10864 = EDGE_CURVE('',#853,#10865,#10867,.T.);
#10865 = VERTEX_POINT('',#10866);
#10866 = CARTESIAN_POINT('',(20.574173864955,-21.82148920028,
    9.345247457556));
#10867 = SURFACE_CURVE('',#10868,(#10872,#10879),.PCURVE_S1.);
#10868 = LINE('',#10869,#10870);
#10869 = CARTESIAN_POINT('',(18.712661293554,-23.49626128288,
    12.850636742556));
#10870 = VECTOR('',#10871,1.);
#10871 = DIRECTION('',(0.432117849801,0.388769284914,-0.813715310776));
#10872 = PCURVE('',#10847,#10873);
#10873 = DEFINITIONAL_REPRESENTATION('',(#10874),#10878);
#10874 = LINE('',#10875,#10876);
#10875 = CARTESIAN_POINT('',(0.,0.));
#10876 = VECTOR('',#10877,1.);
#10877 = DIRECTION('',(0.58126359933,0.813715323743));
#10878 = ( GEOMETRIC_REPRESENTATION_CONTEXT(2) 
PARAMETRIC_REPRESENTATION_CONTEXT() REPRESENTATION_CONTEXT('2D SPACE',''
  ) );
#10879 = PCURVE('',#868,#10880);
#10880 = DEFINITIONAL_REPRESENTATION('',(#10881),#10885);
#10881 = LINE('',#10882,#10883);
#10882 = CARTESIAN_POINT('',(-2.45580280094,4.616903414301E-02));
#10883 = VECTOR('',#10884,1.);
#10884 = DIRECTION('',(0.581260144325,0.813717791755));
#10885 = ( GEOMETRIC_REPRESENTATION_CONTEXT(2) 
PARAMETRIC_REPRESENTATION_CONTEXT() REPRESENTATION_CONTEXT('2D SPACE',''
  ) );
#10886 = ORIENTED_EDGE('',*,*,#10887,.F.);
#10887 = EDGE_CURVE('',#1085,#10865,#10888,.T.);
#10888 = SURFACE_CURVE('',#10889,(#10893,#10900),.PCURVE_S1.);
#10889 = LINE('',#10890,#10891);
#10890 = CARTESIAN_POINT('',(18.750197285466,-23.46165634467,
    9.304483827939));
#10891 = VECTOR('',#10892,1.);
#10892 = DIRECTION('',(0.743477605037,0.668554385008,1.661580859161E-02)
  );
#10893 = PCURVE('',#10847,#10894);
#10894 = DEFINITIONAL_REPRESENTATION('',(#10895),#10899);
#10895 = LINE('',#10896,#10897);
#10896 = CARTESIAN_POINT('',(5.1049501924E-02,3.546152971127));
#10897 = VECTOR('',#10898,1.);
#10898 = DIRECTION('',(0.999861947919,-1.66158088564E-02));
#10899 = ( GEOMETRIC_REPRESENTATION_CONTEXT(2) 
PARAMETRIC_REPRESENTATION_CONTEXT() REPRESENTATION_CONTEXT('2D SPACE',''
  ) );
#10900 = PCURVE('',#1121,#10901);
#10901 = DEFINITIONAL_REPRESENTATION('',(#10902),#10906);
#10902 = LINE('',#10903,#10904);
#10903 = CARTESIAN_POINT('',(-1.634689234263,1.829341850211));
#10904 = VECTOR('',#10905,1.);
#10905 = DIRECTION('',(0.666321514507,-0.74566456219));
#10906 = ( GEOMETRIC_REPRESENTATION_CONTEXT(2) 
PARAMETRIC_REPRESENTATION_CONTEXT() REPRESENTATION_CONTEXT('2D SPACE',''
  ) );
#10907 = ORIENTED_EDGE('',*,*,#10833,.F.);
#10908 = ADVANCED_FACE('',(#10909),#868,.T.);
#10909 = FACE_BOUND('',#10910,.T.);
#10910 = EDGE_LOOP('',(#10911,#10932,#10933));
#10911 = ORIENTED_EDGE('',*,*,#10912,.T.);
#10912 = EDGE_CURVE('',#795,#10865,#10913,.T.);
#10913 = SURFACE_CURVE('',#10914,(#10918,#10925),.PCURVE_S1.);
#10914 = LINE('',#10915,#10916);
#10915 = CARTESIAN_POINT('',(20.544075600541,-21.86014116313,
    12.896805635932));
#10916 = VECTOR('',#10917,1.);
#10917 = DIRECTION('',(8.473858525012E-03,1.088206483874E-02,
    -0.99990488267));
#10918 = PCURVE('',#868,#10919);
#10919 = DEFINITIONAL_REPRESENTATION('',(#10920),#10924);
#10920 = LINE('',#10921,#10922);
#10921 = CARTESIAN_POINT('',(0.,0.));
#10922 = VECTOR('',#10923,1.);
#10923 = DIRECTION('',(1.356940893611E-02,0.999907931332));
#10924 = ( GEOMETRIC_REPRESENTATION_CONTEXT(2) 
PARAMETRIC_REPRESENTATION_CONTEXT() REPRESENTATION_CONTEXT('2D SPACE',''
  ) );
#10925 = PCURVE('',#810,#10926);
#10926 = DEFINITIONAL_REPRESENTATION('',(#10927),#10931);
#10927 = LINE('',#10928,#10929);
#10928 = CARTESIAN_POINT('',(2.435606202763,-2.178173626562E-02));
#10929 = VECTOR('',#10930,1.);
#10930 = DIRECTION('',(-1.369939768042E-02,-0.999906158849));
#10931 = ( GEOMETRIC_REPRESENTATION_CONTEXT(2) 
PARAMETRIC_REPRESENTATION_CONTEXT() REPRESENTATION_CONTEXT('2D SPACE',''
  ) );
#10932 = ORIENTED_EDGE('',*,*,#10864,.F.);
#10933 = ORIENTED_EDGE('',*,*,#852,.T.);
#10934 = ADVANCED_FACE('',(#10935),#810,.T.);
#10935 = FACE_BOUND('',#10936,.T.);
#10936 = EDGE_LOOP('',(#10937,#10963,#10964));
#10937 = ORIENTED_EDGE('',*,*,#10938,.F.);
#10938 = EDGE_CURVE('',#10865,#737,#10939,.T.);
#10939 = SURFACE_CURVE('',#10940,(#10944,#10951),.PCURVE_S1.);
#10940 = LINE('',#10941,#10942);
#10941 = CARTESIAN_POINT('',(20.574173864955,-21.82148920028,
    9.345247457556));
#10942 = VECTOR('',#10943,1.);
#10943 = DIRECTION('',(0.390683477984,0.394846823527,0.831542185329));
#10944 = PCURVE('',#810,#10945);
#10945 = DEFINITIONAL_REPRESENTATION('',(#10946),#10950);
#10946 = LINE('',#10947,#10948);
#10947 = CARTESIAN_POINT('',(2.386947366593,-3.573344447496));
#10948 = VECTOR('',#10949,1.);
#10949 = DIRECTION('',(-0.555460015654,0.831543246626));
#10950 = ( GEOMETRIC_REPRESENTATION_CONTEXT(2) 
PARAMETRIC_REPRESENTATION_CONTEXT() REPRESENTATION_CONTEXT('2D SPACE',''
  ) );
#10951 = PCURVE('',#10952,#10957);
#10952 = PLANE('',#10953);
#10953 = AXIS2_PLACEMENT_3D('',#10954,#10955,#10956);
#10954 = CARTESIAN_POINT('',(22.253036200073,-20.12473595241,
    12.918587344398));
#10955 = DIRECTION('',(-0.732899458229,0.67999874464,2.144974163097E-02)
  );
#10956 = DIRECTION('',(-0.680155229432,-0.733068116805,
    -6.235629300147E-19));
#10957 = DEFINITIONAL_REPRESENTATION('',(#10958),#10962);
#10958 = LINE('',#10959,#10960);
#10959 = CARTESIAN_POINT('',(2.385722704829,-3.574162202112));
#10960 = VECTOR('',#10961,1.);
#10961 = DIRECTION('',(-0.555175027953,0.831733544074));
#10962 = ( GEOMETRIC_REPRESENTATION_CONTEXT(2) 
PARAMETRIC_REPRESENTATION_CONTEXT() REPRESENTATION_CONTEXT('2D SPACE',''
  ) );
#10963 = ORIENTED_EDGE('',*,*,#10912,.F.);
#10964 = ORIENTED_EDGE('',*,*,#794,.T.);
#10965 = ADVANCED_FACE('',(#10966),#10952,.T.);
#10966 = FACE_BOUND('',#10967,.T.);
#10967 = EDGE_LOOP('',(#10968,#10996,#11022));
#10968 = ORIENTED_EDGE('',*,*,#10969,.F.);
#10969 = EDGE_CURVE('',#10970,#737,#10972,.T.);
#10970 = VERTEX_POINT('',#10971);
#10971 = CARTESIAN_POINT('',(22.227146550667,-20.0397764935,
    9.340603201403));
#10972 = SURFACE_CURVE('',#10973,(#10977,#10984),.PCURVE_S1.);
#10973 = LINE('',#10974,#10975);
#10974 = CARTESIAN_POINT('',(22.227146550667,-20.0397764935,
    9.340603201403));
#10975 = VECTOR('',#10976,1.);
#10976 = DIRECTION('',(7.233591778751E-03,-2.373775070808E-02,
    0.999692049754));
#10977 = PCURVE('',#10952,#10978);
#10978 = DEFINITIONAL_REPRESENTATION('',(#10979),#10983);
#10979 = LINE('',#10980,#10981);
#10980 = CARTESIAN_POINT('',(-4.467209011693E-02,-3.578807527025));
#10981 = VECTOR('',#10982,1.);
#10982 = DIRECTION('',(1.248142293286E-02,0.999922104007));
#10983 = ( GEOMETRIC_REPRESENTATION_CONTEXT(2) 
PARAMETRIC_REPRESENTATION_CONTEXT() REPRESENTATION_CONTEXT('2D SPACE',''
  ) );
#10984 = PCURVE('',#10985,#10990);
#10985 = PLANE('',#10986);
#10986 = AXIS2_PLACEMENT_3D('',#10987,#10988,#10989);
#10987 = CARTESIAN_POINT('',(22.253036200073,-20.12473595241,
    12.918587344398));
#10988 = DIRECTION('',(-0.757005900531,0.653070980818,2.098477006099E-02
    ));
#10989 = DIRECTION('',(-0.653214821682,-0.757172633377,
    -1.179658114846E-18));
#10990 = DEFINITIONAL_REPRESENTATION('',(#10991),#10995);
#10991 = LINE('',#10992,#10993);
#10992 = CARTESIAN_POINT('',(-4.741747451366E-02,-3.578772204855));
#10993 = VECTOR('',#10994,1.);
#10994 = DIRECTION('',(1.32484858502E-02,0.99991223496));
#10995 = ( GEOMETRIC_REPRESENTATION_CONTEXT(2) 
PARAMETRIC_REPRESENTATION_CONTEXT() REPRESENTATION_CONTEXT('2D SPACE',''
  ) );
#10996 = ORIENTED_EDGE('',*,*,#10997,.F.);
#10997 = EDGE_CURVE('',#10865,#10970,#10998,.T.);
#10998 = SURFACE_CURVE('',#10999,(#11003,#11010),.PCURVE_S1.);
#10999 = LINE('',#11000,#11001);
#11000 = CARTESIAN_POINT('',(20.574173864955,-21.82148920028,
    9.345247457556));
#11001 = VECTOR('',#11002,1.);
#11002 = DIRECTION('',(0.68012393287,0.733094662638,-1.910902574478E-03)
  );
#11003 = PCURVE('',#10952,#11004);
#11004 = DEFINITIONAL_REPRESENTATION('',(#11005),#11009);
#11005 = LINE('',#11006,#11007);
#11006 = CARTESIAN_POINT('',(2.385722704829,-3.574162202112));
#11007 = VECTOR('',#11008,1.);
#11008 = DIRECTION('',(-0.999998173384,-1.911342321162E-03));
#11009 = ( GEOMETRIC_REPRESENTATION_CONTEXT(2) 
PARAMETRIC_REPRESENTATION_CONTEXT() REPRESENTATION_CONTEXT('2D SPACE',''
  ) );
#11010 = PCURVE('',#11011,#11016);
#11011 = PLANE('',#11012);
#11012 = AXIS2_PLACEMENT_3D('',#11013,#11014,#11015);
#11013 = CARTESIAN_POINT('',(23.807102934903,-18.20832186494,
    9.33900370118));
#11014 = DIRECTION('',(2.662307931379E-02,-2.209432918652E-02,
    0.99940134694));
#11015 = DIRECTION('',(0.999645369857,2.709898899376E-20,
    -2.662957984684E-02));
#11016 = DEFINITIONAL_REPRESENTATION('',(#11017),#11021);
#11017 = LINE('',#11018,#11019);
#11018 = CARTESIAN_POINT('',(-3.23194884446,-3.614049559117));
#11019 = VECTOR('',#11020,1.);
#11020 = DIRECTION('',(0.679933626956,0.733273661695));
#11021 = ( GEOMETRIC_REPRESENTATION_CONTEXT(2) 
PARAMETRIC_REPRESENTATION_CONTEXT() REPRESENTATION_CONTEXT('2D SPACE',''
  ) );
#11022 = ORIENTED_EDGE('',*,*,#10938,.T.);
#11023 = ADVANCED_FACE('',(#11024),#10985,.T.);
#11024 = FACE_BOUND('',#11025,.T.);
#11025 = EDGE_LOOP('',(#11026,#11049,#11070));
#11026 = ORIENTED_EDGE('',*,*,#11027,.T.);
#11027 = EDGE_CURVE('',#737,#11028,#11030,.T.);
#11028 = VERTEX_POINT('',#11029);
#11029 = CARTESIAN_POINT('',(23.807102934903,-18.20832186494,
    9.33900370118));
#11030 = SURFACE_CURVE('',#11031,(#11035,#11042),.PCURVE_S1.);
#11031 = LINE('',#11032,#11033);
#11032 = CARTESIAN_POINT('',(22.253036200073,-20.12473595241,
    12.918587344398));
#11033 = VECTOR('',#11034,1.);
#11034 = DIRECTION('',(0.357458100293,0.440803296105,-0.823356642457));
#11035 = PCURVE('',#10985,#11036);
#11036 = DEFINITIONAL_REPRESENTATION('',(#11037),#11041);
#11037 = LINE('',#11038,#11039);
#11038 = CARTESIAN_POINT('',(-0.,0.));
#11039 = VECTOR('',#11040,1.);
#11040 = DIRECTION('',(-0.567261121754,-0.823537989255));
#11041 = ( GEOMETRIC_REPRESENTATION_CONTEXT(2) 
PARAMETRIC_REPRESENTATION_CONTEXT() REPRESENTATION_CONTEXT('2D SPACE',''
  ) );
#11042 = PCURVE('',#752,#11043);
#11043 = DEFINITIONAL_REPRESENTATION('',(#11044),#11048);
#11044 = LINE('',#11045,#11046);
#11045 = CARTESIAN_POINT('',(2.433474266073,-1.292002603836E-03));
#11046 = VECTOR('',#11047,1.);
#11047 = DIRECTION('',(-0.567502115264,-0.823371938538));
#11048 = ( GEOMETRIC_REPRESENTATION_CONTEXT(2) 
PARAMETRIC_REPRESENTATION_CONTEXT() REPRESENTATION_CONTEXT('2D SPACE',''
  ) );
#11049 = ORIENTED_EDGE('',*,*,#11050,.F.);
#11050 = EDGE_CURVE('',#10970,#11028,#11051,.T.);
#11051 = SURFACE_CURVE('',#11052,(#11056,#11063),.PCURVE_S1.);
#11052 = LINE('',#11053,#11054);
#11053 = CARTESIAN_POINT('',(22.227146550667,-20.0397764935,
    9.340603201403));
#11054 = VECTOR('',#11055,1.);
#11055 = DIRECTION('',(0.653204169274,0.757181534341,-6.612842128093E-04
    ));
#11056 = PCURVE('',#10985,#11057);
#11057 = DEFINITIONAL_REPRESENTATION('',(#11058),#11062);
#11058 = LINE('',#11059,#11060);
#11059 = CARTESIAN_POINT('',(-4.741747451366E-02,-3.578772204855));
#11060 = VECTOR('',#11061,1.);
#11061 = DIRECTION('',(-0.999999781255,-6.614298626628E-04));
#11062 = ( GEOMETRIC_REPRESENTATION_CONTEXT(2) 
PARAMETRIC_REPRESENTATION_CONTEXT() REPRESENTATION_CONTEXT('2D SPACE',''
  ) );
#11063 = PCURVE('',#11011,#11064);
#11064 = DEFINITIONAL_REPRESENTATION('',(#11065),#11069);
#11065 = LINE('',#11066,#11067);
#11066 = CARTESIAN_POINT('',(-1.579438678097,-1.831901813164));
#11067 = VECTOR('',#11068,1.);
#11068 = DIRECTION('',(0.652990133107,0.757366414667));
#11069 = ( GEOMETRIC_REPRESENTATION_CONTEXT(2) 
PARAMETRIC_REPRESENTATION_CONTEXT() REPRESENTATION_CONTEXT('2D SPACE',''
  ) );
#11070 = ORIENTED_EDGE('',*,*,#10969,.T.);
#11071 = ADVANCED_FACE('',(#11072),#752,.T.);
#11072 = FACE_BOUND('',#11073,.T.);
#11073 = EDGE_LOOP('',(#11074,#11095,#11096));
#11074 = ORIENTED_EDGE('',*,*,#11075,.T.);
#11075 = EDGE_CURVE('',#679,#11028,#11076,.T.);
#11076 = SURFACE_CURVE('',#11077,(#11081,#11088),.PCURVE_S1.);
#11077 = LINE('',#11078,#11079);
#11078 = CARTESIAN_POINT('',(23.802433503882,-18.24825920098,
    12.919879323));
#11079 = VECTOR('',#11080,1.);
#11080 = DIRECTION('',(1.303909200193E-03,1.115224952421E-02,
    -0.999936961589));
#11081 = PCURVE('',#752,#11082);
#11082 = DEFINITIONAL_REPRESENTATION('',(#11083),#11087);
#11083 = LINE('',#11084,#11085);
#11084 = CARTESIAN_POINT('',(0.,0.));
#11085 = VECTOR('',#11086,1.);
#11086 = DIRECTION('',(-9.429833994488E-03,-0.999955538127));
#11087 = ( GEOMETRIC_REPRESENTATION_CONTEXT(2) 
PARAMETRIC_REPRESENTATION_CONTEXT() REPRESENTATION_CONTEXT('2D SPACE',''
  ) );
#11088 = PCURVE('',#694,#11089);
#11089 = DEFINITIONAL_REPRESENTATION('',(#11090),#11094);
#11090 = LINE('',#11091,#11092);
#11091 = CARTESIAN_POINT('',(2.493788129869,4.66000643123E-02));
#11092 = VECTOR('',#11093,1.);
#11093 = DIRECTION('',(-9.808869416942E-03,-0.999951891883));
#11094 = ( GEOMETRIC_REPRESENTATION_CONTEXT(2) 
PARAMETRIC_REPRESENTATION_CONTEXT() REPRESENTATION_CONTEXT('2D SPACE',''
  ) );
#11095 = ORIENTED_EDGE('',*,*,#11027,.F.);
#11096 = ORIENTED_EDGE('',*,*,#736,.T.);
#11097 = ADVANCED_FACE('',(#11098),#694,.T.);
#11098 = FACE_BOUND('',#11099,.T.);
#11099 = EDGE_LOOP('',(#11100,#11126,#11127));
#11100 = ORIENTED_EDGE('',*,*,#11101,.F.);
#11101 = EDGE_CURVE('',#11028,#621,#11102,.T.);
#11102 = SURFACE_CURVE('',#11103,(#11107,#11114),.PCURVE_S1.);
#11103 = LINE('',#11104,#11105);
#11104 = CARTESIAN_POINT('',(23.807102934903,-18.20832186494,
    9.33900370118));
#11105 = VECTOR('',#11106,1.);
#11106 = DIRECTION('',(0.337606529399,0.460604200935,0.820893172946));
#11107 = PCURVE('',#694,#11108);
#11108 = DEFINITIONAL_REPRESENTATION('',(#11109),#11113);
#11109 = LINE('',#11110,#11111);
#11110 = CARTESIAN_POINT('',(2.458661574174,-3.534329024405));
#11111 = VECTOR('',#11112,1.);
#11112 = DIRECTION('',(-0.571064160291,0.820905429895));
#11113 = ( GEOMETRIC_REPRESENTATION_CONTEXT(2) 
PARAMETRIC_REPRESENTATION_CONTEXT() REPRESENTATION_CONTEXT('2D SPACE',''
  ) );
#11114 = PCURVE('',#11115,#11120);
#11115 = PLANE('',#11116);
#11116 = AXIS2_PLACEMENT_3D('',#11117,#11118,#11119);
#11117 = CARTESIAN_POINT('',(25.26063523257,-16.22523497474,
    12.873279954473));
#11118 = DIRECTION('',(-0.807253330512,0.590204513264,8.324067764868E-04
    ));
#11119 = DIRECTION('',(-0.59020471774,-0.807253610185,2.226447297519E-20
    ));
#11120 = DEFINITIONAL_REPRESENTATION('',(#11121),#11125);
#11121 = LINE('',#11122,#11123);
#11122 = CARTESIAN_POINT('',(2.458735670902,-3.534277477745));
#11123 = VECTOR('',#11124,1.);
#11124 = DIRECTION('',(-0.571081370462,0.820893457345));
#11125 = ( GEOMETRIC_REPRESENTATION_CONTEXT(2) 
PARAMETRIC_REPRESENTATION_CONTEXT() REPRESENTATION_CONTEXT('2D SPACE',''
  ) );
#11126 = ORIENTED_EDGE('',*,*,#11075,.F.);
#11127 = ORIENTED_EDGE('',*,*,#678,.T.);
#11128 = ADVANCED_FACE('',(#11129),#11115,.T.);
#11129 = FACE_BOUND('',#11130,.T.);
#11130 = EDGE_LOOP('',(#11131,#11159,#11185));
#11131 = ORIENTED_EDGE('',*,*,#11132,.F.);
#11132 = EDGE_CURVE('',#11133,#621,#11135,.T.);
#11133 = VERTEX_POINT('',#11134);
#11134 = CARTESIAN_POINT('',(25.225646762745,-16.26804253206,
    9.29408604737));
#11135 = SURFACE_CURVE('',#11136,(#11140,#11147),.PCURVE_S1.);
#11136 = LINE('',#11137,#11138);
#11137 = CARTESIAN_POINT('',(25.225646762745,-16.26804253206,
    9.29408604737));
#11138 = VECTOR('',#11139,1.);
#11139 = DIRECTION('',(9.774350669157E-03,1.19586846366E-02,
    0.999880718851));
#11140 = PCURVE('',#11115,#11141);
#11141 = DEFINITIONAL_REPRESENTATION('',(#11142),#11146);
#11142 = LINE('',#11143,#11144);
#11143 = CARTESIAN_POINT('',(5.520691514981E-02,-3.579195147117));
#11144 = VECTOR('',#11145,1.);
#11145 = DIRECTION('',(-1.542255922374E-02,0.999881065261));
#11146 = ( GEOMETRIC_REPRESENTATION_CONTEXT(2) 
PARAMETRIC_REPRESENTATION_CONTEXT() REPRESENTATION_CONTEXT('2D SPACE',''
  ) );
#11147 = PCURVE('',#11148,#11153);
#11148 = PLANE('',#11149);
#11149 = AXIS2_PLACEMENT_3D('',#11150,#11151,#11152);
#11150 = CARTESIAN_POINT('',(25.26063523257,-16.22523497474,
    12.873279954473));
#11151 = DIRECTION('',(-0.865268779879,0.50130217742,2.462819598153E-03)
  );
#11152 = DIRECTION('',(-0.501303697747,-0.865271404026,
    2.049108290245E-21));
#11153 = DEFINITIONAL_REPRESENTATION('',(#11154),#11158);
#11154 = LINE('',#11155,#11156);
#11155 = CARTESIAN_POINT('',(5.458000452987E-02,-3.579204761918));
#11156 = VECTOR('',#11157,1.);
#11157 = DIRECTION('',(-1.524742597933E-02,0.999883751244));
#11158 = ( GEOMETRIC_REPRESENTATION_CONTEXT(2) 
PARAMETRIC_REPRESENTATION_CONTEXT() REPRESENTATION_CONTEXT('2D SPACE',''
  ) );
#11159 = ORIENTED_EDGE('',*,*,#11160,.F.);
#11160 = EDGE_CURVE('',#11028,#11133,#11161,.T.);
#11161 = SURFACE_CURVE('',#11162,(#11166,#11173),.PCURVE_S1.);
#11162 = LINE('',#11163,#11164);
#11163 = CARTESIAN_POINT('',(23.807102934903,-18.20832186494,
    9.33900370118));
#11164 = VECTOR('',#11165,1.);
#11165 = DIRECTION('',(0.590089124774,0.807121860381,-1.868494896213E-02
    ));
#11166 = PCURVE('',#11115,#11167);
#11167 = DEFINITIONAL_REPRESENTATION('',(#11168),#11172);
#11168 = LINE('',#11169,#11170);
#11169 = CARTESIAN_POINT('',(2.458735670902,-3.534277477745));
#11170 = VECTOR('',#11171,1.);
#11171 = DIRECTION('',(-0.999825420981,-1.868495543554E-02));
#11172 = ( GEOMETRIC_REPRESENTATION_CONTEXT(2) 
PARAMETRIC_REPRESENTATION_CONTEXT() REPRESENTATION_CONTEXT('2D SPACE',''
  ) );
#11173 = PCURVE('',#11174,#11179);
#11174 = PLANE('',#11175);
#11175 = AXIS2_PLACEMENT_3D('',#11176,#11177,#11178);
#11176 = CARTESIAN_POINT('',(25.225646762745,-16.26804253206,
    9.29408604737));
#11177 = DIRECTION('',(1.313455534156E-02,1.354326478895E-02,
    0.999822015878));
#11178 = DIRECTION('',(2.224181986679E-20,0.999908269958,
    -1.354443315874E-02));
#11179 = DEFINITIONAL_REPRESENTATION('',(#11180),#11184);
#11180 = LINE('',#11181,#11182);
#11181 = CARTESIAN_POINT('',(-1.94070973514,1.418666204815));
#11182 = VECTOR('',#11183,1.);
#11183 = DIRECTION('',(0.807300900102,-0.590140031429));
#11184 = ( GEOMETRIC_REPRESENTATION_CONTEXT(2) 
PARAMETRIC_REPRESENTATION_CONTEXT() REPRESENTATION_CONTEXT('2D SPACE',''
  ) );
#11185 = ORIENTED_EDGE('',*,*,#11101,.T.);
#11186 = ADVANCED_FACE('',(#11187),#11148,.T.);
#11187 = FACE_BOUND('',#11188,.T.);
#11188 = EDGE_LOOP('',(#11189,#11212,#11238));
#11189 = ORIENTED_EDGE('',*,*,#11190,.T.);
#11190 = EDGE_CURVE('',#621,#11191,#11193,.T.);
#11191 = VERTEX_POINT('',#11192);
#11192 = CARTESIAN_POINT('',(26.459473993297,-14.13866385994,
    9.346878171522));
#11193 = SURFACE_CURVE('',#11194,(#11198,#11205),.PCURVE_S1.);
#11194 = LINE('',#11195,#11196);
#11195 = CARTESIAN_POINT('',(25.26063523257,-16.22523497474,
    12.873279954473));
#11196 = VECTOR('',#11197,1.);
#11197 = DIRECTION('',(0.280807757465,0.488744086971,-0.826000133655));
#11198 = PCURVE('',#11148,#11199);
#11199 = DEFINITIONAL_REPRESENTATION('',(#11200),#11204);
#11200 = LINE('',#11201,#11202);
#11201 = CARTESIAN_POINT('',(0.,0.));
#11202 = VECTOR('',#11203,1.);
#11203 = DIRECTION('',(-0.563666249516,-0.82600263871));
#11204 = ( GEOMETRIC_REPRESENTATION_CONTEXT(2) 
PARAMETRIC_REPRESENTATION_CONTEXT() REPRESENTATION_CONTEXT('2D SPACE',''
  ) );
#11205 = PCURVE('',#636,#11206);
#11206 = DEFINITIONAL_REPRESENTATION('',(#11207),#11211);
#11207 = LINE('',#11208,#11209);
#11208 = CARTESIAN_POINT('',(2.4775121736,1.526873297469E-02));
#11209 = VECTOR('',#11210,1.);
#11210 = DIRECTION('',(-0.563645561008,-0.82601675622));
#11211 = ( GEOMETRIC_REPRESENTATION_CONTEXT(2) 
PARAMETRIC_REPRESENTATION_CONTEXT() REPRESENTATION_CONTEXT('2D SPACE',''
  ) );
#11212 = ORIENTED_EDGE('',*,*,#11213,.F.);
#11213 = EDGE_CURVE('',#11133,#11191,#11214,.T.);
#11214 = SURFACE_CURVE('',#11215,(#11219,#11226),.PCURVE_S1.);
#11215 = LINE('',#11216,#11217);
#11216 = CARTESIAN_POINT('',(25.225646762745,-16.26804253206,
    9.29408604737));
#11217 = VECTOR('',#11218,1.);
#11218 = DIRECTION('',(0.501234099105,0.865045910758,2.144644901169E-02)
  );
#11219 = PCURVE('',#11148,#11220);
#11220 = DEFINITIONAL_REPRESENTATION('',(#11221),#11225);
#11221 = LINE('',#11222,#11223);
#11222 = CARTESIAN_POINT('',(5.458000452987E-02,-3.579204761918));
#11223 = VECTOR('',#11224,1.);
#11224 = DIRECTION('',(-0.999769997067,2.144651405349E-02));
#11225 = ( GEOMETRIC_REPRESENTATION_CONTEXT(2) 
PARAMETRIC_REPRESENTATION_CONTEXT() REPRESENTATION_CONTEXT('2D SPACE',''
  ) );
#11226 = PCURVE('',#11227,#11232);
#11227 = PLANE('',#11228);
#11228 = AXIS2_PLACEMENT_3D('',#11229,#11230,#11231);
#11229 = CARTESIAN_POINT('',(29.080058091093,-7.27333234096,
    9.393607542322));
#11230 = DIRECTION('',(-9.055738524572E-02,2.779093705398E-02,
    0.995503402202));
#11231 = DIRECTION('',(0.995888056677,1.331898569138E-19,
    9.059237588804E-02));
#11232 = DEFINITIONAL_REPRESENTATION('',(#11233),#11237);
#11233 = LINE('',#11234,#11235);
#11234 = CARTESIAN_POINT('',(-3.8475780961,-8.99818567448));
#11235 = VECTOR('',#11236,1.);
#11236 = DIRECTION('',(0.501115937668,0.865380157512));
#11237 = ( GEOMETRIC_REPRESENTATION_CONTEXT(2) 
PARAMETRIC_REPRESENTATION_CONTEXT() REPRESENTATION_CONTEXT('2D SPACE',''
  ) );
#11238 = ORIENTED_EDGE('',*,*,#11132,.T.);
#11239 = ADVANCED_FACE('',(#11240),#636,.T.);
#11240 = FACE_BOUND('',#11241,.T.);
#11241 = EDGE_LOOP('',(#11242,#11263,#11264));
#11242 = ORIENTED_EDGE('',*,*,#11243,.F.);
#11243 = EDGE_CURVE('',#11191,#563,#11244,.T.);
#11244 = SURFACE_CURVE('',#11245,(#11249,#11256),.PCURVE_S1.);
#11245 = LINE('',#11246,#11247);
#11246 = CARTESIAN_POINT('',(26.459473993297,-14.13866385994,
    9.346878171522));
#11247 = VECTOR('',#11248,1.);
#11248 = DIRECTION('',(1.572833795222E-02,1.426552982012E-02,
    0.999774531604));
#11249 = PCURVE('',#636,#11250);
#11250 = DEFINITIONAL_REPRESENTATION('',(#11251),#11255);
#11251 = LINE('',#11252,#11253);
#11252 = CARTESIAN_POINT('',(7.116787617885E-02,-3.511204015875));
#11253 = VECTOR('',#11254,1.);
#11254 = DIRECTION('',(-2.02646333342E-02,0.999794651234));
#11255 = ( GEOMETRIC_REPRESENTATION_CONTEXT(2) 
PARAMETRIC_REPRESENTATION_CONTEXT() REPRESENTATION_CONTEXT('2D SPACE',''
  ) );
#11256 = PCURVE('',#578,#11257);
#11257 = DEFINITIONAL_REPRESENTATION('',(#11258),#11262);
#11258 = LINE('',#11259,#11260);
#11259 = CARTESIAN_POINT('',(2.445739907252,-3.561429811198));
#11260 = VECTOR('',#11261,1.);
#11261 = DIRECTION('',(-1.960928650918E-02,0.999807719455));
#11262 = ( GEOMETRIC_REPRESENTATION_CONTEXT(2) 
PARAMETRIC_REPRESENTATION_CONTEXT() REPRESENTATION_CONTEXT('2D SPACE',''
  ) );
#11263 = ORIENTED_EDGE('',*,*,#11190,.F.);
#11264 = ORIENTED_EDGE('',*,*,#620,.T.);
#11265 = ADVANCED_FACE('',(#11266),#578,.T.);
#11266 = FACE_BOUND('',#11267,.T.);
#11267 = EDGE_LOOP('',(#11268,#11289,#11290));
#11268 = ORIENTED_EDGE('',*,*,#11269,.F.);
#11269 = EDGE_CURVE('',#11191,#394,#11270,.T.);
#11270 = SURFACE_CURVE('',#11271,(#11275,#11282),.PCURVE_S1.);
#11271 = LINE('',#11272,#11273);
#11272 = CARTESIAN_POINT('',(26.459473993297,-14.13866385994,
    9.346878171522));
#11273 = VECTOR('',#11274,1.);
#11274 = DIRECTION('',(0.247400403423,0.509219648476,0.824310857621));
#11275 = PCURVE('',#578,#11276);
#11276 = DEFINITIONAL_REPRESENTATION('',(#11277),#11281);
#11277 = LINE('',#11278,#11279);
#11278 = CARTESIAN_POINT('',(2.445739907252,-3.561429811198));
#11279 = VECTOR('',#11280,1.);
#11280 = DIRECTION('',(-0.566097604277,0.824338220897));
#11281 = ( GEOMETRIC_REPRESENTATION_CONTEXT(2) 
PARAMETRIC_REPRESENTATION_CONTEXT() REPRESENTATION_CONTEXT('2D SPACE',''
  ) );
#11282 = PCURVE('',#493,#11283);
#11283 = DEFINITIONAL_REPRESENTATION('',(#11284),#11288);
#11284 = LINE('',#11285,#11286);
#11285 = CARTESIAN_POINT('',(2.445905258848,-3.561316253684));
#11286 = VECTOR('',#11287,1.);
#11287 = DIRECTION('',(-0.566135877007,0.824311936566));
#11288 = ( GEOMETRIC_REPRESENTATION_CONTEXT(2) 
PARAMETRIC_REPRESENTATION_CONTEXT() REPRESENTATION_CONTEXT('2D SPACE',''
  ) );
#11289 = ORIENTED_EDGE('',*,*,#11243,.T.);
#11290 = ORIENTED_EDGE('',*,*,#562,.T.);
#11291 = ADVANCED_FACE('',(#11292),#493,.T.);
#11292 = FACE_BOUND('',#11293,.T.);
#11293 = EDGE_LOOP('',(#11294,#11295,#11321));
#11294 = ORIENTED_EDGE('',*,*,#479,.F.);
#11295 = ORIENTED_EDGE('',*,*,#11296,.F.);
#11296 = EDGE_CURVE('',#11191,#452,#11297,.T.);
#11297 = SURFACE_CURVE('',#11298,(#11302,#11309),.PCURVE_S1.);
#11298 = LINE('',#11299,#11300);
#11299 = CARTESIAN_POINT('',(26.459473993297,-14.13866385994,
    9.346878171522));
#11300 = VECTOR('',#11301,1.);
#11301 = DIRECTION('',(0.434824747657,0.900428412343,-1.249452163242E-02
    ));
#11302 = PCURVE('',#493,#11303);
#11303 = DEFINITIONAL_REPRESENTATION('',(#11304),#11308);
#11304 = LINE('',#11305,#11306);
#11305 = CARTESIAN_POINT('',(2.445905258848,-3.561316253684));
#11306 = VECTOR('',#11307,1.);
#11307 = DIRECTION('',(-0.999921940214,-1.249453798657E-02));
#11308 = ( GEOMETRIC_REPRESENTATION_CONTEXT(2) 
PARAMETRIC_REPRESENTATION_CONTEXT() REPRESENTATION_CONTEXT('2D SPACE',''
  ) );
#11309 = PCURVE('',#11310,#11315);
#11310 = PLANE('',#11311);
#11311 = AXIS2_PLACEMENT_3D('',#11312,#11313,#11314);
#11312 = CARTESIAN_POINT('',(29.080058091093,-7.27333234096,
    9.393607542322));
#11313 = DIRECTION('',(0.199555685111,-8.281873829481E-02,0.976380348597
    ));
#11314 = DIRECTION('',(0.979746141646,-1.080978389784E-18,
    -0.200243596476));
#11315 = DEFINITIONAL_REPRESENTATION('',(#11316),#11320);
#11316 = LINE('',#11317,#11318);
#11317 = CARTESIAN_POINT('',(-2.558149901404,-6.888997793241));
#11318 = VECTOR('',#11319,1.);
#11319 = DIRECTION('',(0.428519816757,0.903532382732));
#11320 = ( GEOMETRIC_REPRESENTATION_CONTEXT(2) 
PARAMETRIC_REPRESENTATION_CONTEXT() REPRESENTATION_CONTEXT('2D SPACE',''
  ) );
#11321 = ORIENTED_EDGE('',*,*,#11269,.T.);
#11322 = ADVANCED_FACE('',(#11323),#351,.T.);
#11323 = FACE_BOUND('',#11324,.T.);
#11324 = EDGE_LOOP('',(#11325,#11346,#11347));
#11325 = ORIENTED_EDGE('',*,*,#11326,.F.);
#11326 = EDGE_CURVE('',#510,#226,#11327,.T.);
#11327 = SURFACE_CURVE('',#11328,(#11332,#11339),.PCURVE_S1.);
#11328 = LINE('',#11329,#11330);
#11329 = CARTESIAN_POINT('',(28.433615430229,-9.601006022194,
    9.326677941753));
#11330 = VECTOR('',#11331,1.);
#11331 = DIRECTION('',(0.154398984048,0.535178681792,0.830508718967));
#11332 = PCURVE('',#351,#11333);
#11333 = DEFINITIONAL_REPRESENTATION('',(#11334),#11338);
#11334 = LINE('',#11335,#11336);
#11335 = CARTESIAN_POINT('',(2.424628154981,-3.615195130968));
#11336 = VECTOR('',#11337,1.);
#11337 = DIRECTION('',(-0.557003870037,0.830509896849));
#11338 = ( GEOMETRIC_REPRESENTATION_CONTEXT(2) 
PARAMETRIC_REPRESENTATION_CONTEXT() REPRESENTATION_CONTEXT('2D SPACE',''
  ) );
#11339 = PCURVE('',#241,#11340);
#11340 = DEFINITIONAL_REPRESENTATION('',(#11341),#11345);
#11341 = LINE('',#11342,#11343);
#11342 = CARTESIAN_POINT('',(2.424510451802,-3.615274069003));
#11343 = VECTOR('',#11344,1.);
#11344 = DIRECTION('',(-0.556976830375,0.830528031089));
#11345 = ( GEOMETRIC_REPRESENTATION_CONTEXT(2) 
PARAMETRIC_REPRESENTATION_CONTEXT() REPRESENTATION_CONTEXT('2D SPACE',''
  ) );
#11346 = ORIENTED_EDGE('',*,*,#509,.T.);
#11347 = ORIENTED_EDGE('',*,*,#335,.T.);
#11348 = ADVANCED_FACE('',(#11349),#241,.T.);
#11349 = FACE_BOUND('',#11350,.T.);
#11350 = EDGE_LOOP('',(#11351,#11352,#11373));
#11351 = ORIENTED_EDGE('',*,*,#225,.F.);
#11352 = ORIENTED_EDGE('',*,*,#11353,.F.);
#11353 = EDGE_CURVE('',#510,#173,#11354,.T.);
#11354 = SURFACE_CURVE('',#11355,(#11359,#11366),.PCURVE_S1.);
#11355 = LINE('',#11356,#11357);
#11356 = CARTESIAN_POINT('',(28.433615430229,-9.601006022194,
    9.326677941753));
#11357 = VECTOR('',#11358,1.);
#11358 = DIRECTION('',(0.267489972765,0.963162562272,2.769464040254E-02)
  );
#11359 = PCURVE('',#241,#11360);
#11360 = DEFINITIONAL_REPRESENTATION('',(#11361),#11365);
#11361 = LINE('',#11362,#11363);
#11362 = CARTESIAN_POINT('',(2.424510451802,-3.615274069003));
#11363 = VECTOR('',#11364,1.);
#11364 = DIRECTION('',(-0.999616412041,2.769528439613E-02));
#11365 = ( GEOMETRIC_REPRESENTATION_CONTEXT(2) 
PARAMETRIC_REPRESENTATION_CONTEXT() REPRESENTATION_CONTEXT('2D SPACE',''
  ) );
#11366 = PCURVE('',#546,#11367);
#11367 = DEFINITIONAL_REPRESENTATION('',(#11368),#11372);
#11368 = LINE('',#11369,#11370);
#11369 = CARTESIAN_POINT('',(-0.617591916729,-2.336453011708));
#11370 = VECTOR('',#11371,1.);
#11371 = DIRECTION('',(0.255551891896,0.96679534057));
#11372 = ( GEOMETRIC_REPRESENTATION_CONTEXT(2) 
PARAMETRIC_REPRESENTATION_CONTEXT() REPRESENTATION_CONTEXT('2D SPACE',''
  ) );
#11373 = ORIENTED_EDGE('',*,*,#11326,.T.);
#11374 = ADVANCED_FACE('',(#11375),#8699,.T.);
#11375 = FACE_BOUND('',#11376,.T.);
#11376 = EDGE_LOOP('',(#11377,#11378,#11404));
#11377 = ORIENTED_EDGE('',*,*,#8685,.F.);
#11378 = ORIENTED_EDGE('',*,*,#11379,.F.);
#11379 = EDGE_CURVE('',#24,#8658,#11380,.T.);
#11380 = SURFACE_CURVE('',#11381,(#11385,#11392),.PCURVE_S1.);
#11381 = LINE('',#11382,#11383);
#11382 = CARTESIAN_POINT('',(29.912433513724,-2.399869600317,
    9.340190917781));
#11383 = VECTOR('',#11384,1.);
#11384 = DIRECTION('',(4.642992767728E-02,0.998907787169,
    5.243524439762E-03));
#11385 = PCURVE('',#8699,#11386);
#11386 = DEFINITIONAL_REPRESENTATION('',(#11387),#11391);
#11387 = LINE('',#11388,#11389);
#11388 = CARTESIAN_POINT('',(2.364252297427,-3.514405910373));
#11389 = VECTOR('',#11390,1.);
#11390 = DIRECTION('',(-0.999986252535,5.243542741954E-03));
#11391 = ( GEOMETRIC_REPRESENTATION_CONTEXT(2) 
PARAMETRIC_REPRESENTATION_CONTEXT() REPRESENTATION_CONTEXT('2D SPACE',''
  ) );
#11392 = PCURVE('',#11393,#11398);
#11393 = PLANE('',#11394);
#11394 = AXIS2_PLACEMENT_3D('',#11395,#11396,#11397);
#11395 = CARTESIAN_POINT('',(30.025278634079,2.791513046801E-02,
    9.352934985586));
#11396 = DIRECTION('',(0.129289723111,-1.121434323707E-02,0.991543446352
    ));
#11397 = DIRECTION('',(0.991605801226,-2.143551217759E-19,
    -0.129297853712));
#11398 = DEFINITIONAL_REPRESENTATION('',(#11399),#11403);
#11399 = LINE('',#11400,#11401);
#11400 = CARTESIAN_POINT('',(-0.110250095369,-2.427937406103));
#11401 = VECTOR('',#11402,1.);
#11402 = DIRECTION('',(4.536220917936E-02,0.998970605162));
#11403 = ( GEOMETRIC_REPRESENTATION_CONTEXT(2) 
PARAMETRIC_REPRESENTATION_CONTEXT() REPRESENTATION_CONTEXT('2D SPACE',''
  ) );
#11404 = ORIENTED_EDGE('',*,*,#11405,.T.);
#11405 = EDGE_CURVE('',#24,#6700,#11406,.T.);
#11406 = SURFACE_CURVE('',#11407,(#11411,#11418),.PCURVE_S1.);
#11407 = LINE('',#11408,#11409);
#11408 = CARTESIAN_POINT('',(29.912433513724,-2.399869600317,
    9.340190917781));
#11409 = VECTOR('',#11410,1.);
#11410 = DIRECTION('',(2.809871679683E-02,0.557475844592,0.829717509042)
  );
#11411 = PCURVE('',#8699,#11412);
#11412 = DEFINITIONAL_REPRESENTATION('',(#11413),#11417);
#11413 = LINE('',#11414,#11415);
#11414 = CARTESIAN_POINT('',(2.364252297427,-3.514405910373));
#11415 = VECTOR('',#11416,1.);
#11416 = DIRECTION('',(-0.558179226888,0.829720405119));
#11417 = ( GEOMETRIC_REPRESENTATION_CONTEXT(2) 
PARAMETRIC_REPRESENTATION_CONTEXT() REPRESENTATION_CONTEXT('2D SPACE',''
  ) );
#11418 = PCURVE('',#44,#11419);
#11419 = DEFINITIONAL_REPRESENTATION('',(#11420),#11424);
#11420 = LINE('',#11421,#11422);
#11421 = CARTESIAN_POINT('',(2.364257569582,-3.514402363621));
#11422 = VECTOR('',#11423,1.);
#11423 = DIRECTION('',(-0.558180471598,0.829719567762));
#11424 = ( GEOMETRIC_REPRESENTATION_CONTEXT(2) 
PARAMETRIC_REPRESENTATION_CONTEXT() REPRESENTATION_CONTEXT('2D SPACE',''
  ) );
#11425 = ADVANCED_FACE('',(#11426),#44,.T.);
#11426 = FACE_BOUND('',#11427,.T.);
#11427 = EDGE_LOOP('',(#11428,#11429,#11430));
#11428 = ORIENTED_EDGE('',*,*,#11405,.F.);
#11429 = ORIENTED_EDGE('',*,*,#21,.F.);
#11430 = ORIENTED_EDGE('',*,*,#6699,.T.);
#11431 = ADVANCED_FACE('',(#11432),#3077,.T.);
#11432 = FACE_BOUND('',#11433,.T.);
#11433 = EDGE_LOOP('',(#11434,#11455,#11456));
#11434 = ORIENTED_EDGE('',*,*,#11435,.F.);
#11435 = EDGE_CURVE('',#2985,#2453,#11436,.T.);
#11436 = SURFACE_CURVE('',#11437,(#11441,#11448),.PCURVE_S1.);
#11437 = LINE('',#11438,#11439);
#11438 = CARTESIAN_POINT('',(-23.05053880511,-19.16279440856,
    9.334321033963));
#11439 = VECTOR('',#11440,1.);
#11440 = DIRECTION('',(0.724016607079,-0.689780733136,1.578881874056E-03
    ));
#11441 = PCURVE('',#3077,#11442);
#11442 = DEFINITIONAL_REPRESENTATION('',(#11443),#11447);
#11443 = LINE('',#11444,#11445);
#11444 = CARTESIAN_POINT('',(5.046990185311,5.374487031287));
#11445 = VECTOR('',#11446,1.);
#11446 = DIRECTION('',(-0.684547893444,-0.728967887894));
#11447 = ( GEOMETRIC_REPRESENTATION_CONTEXT(2) 
PARAMETRIC_REPRESENTATION_CONTEXT() REPRESENTATION_CONTEXT('2D SPACE',''
  ) );
#11448 = PCURVE('',#2468,#11449);
#11449 = DEFINITIONAL_REPRESENTATION('',(#11450),#11454);
#11450 = LINE('',#11451,#11452);
#11451 = CARTESIAN_POINT('',(6.388764288735,7.371851006268));
#11452 = VECTOR('',#11453,1.);
#11453 = DIRECTION('',(-0.689758012218,-0.724039974436));
#11454 = ( GEOMETRIC_REPRESENTATION_CONTEXT(2) 
PARAMETRIC_REPRESENTATION_CONTEXT() REPRESENTATION_CONTEXT('2D SPACE',''
  ) );
#11455 = ORIENTED_EDGE('',*,*,#3063,.T.);
#11456 = ORIENTED_EDGE('',*,*,#11457,.T.);
#11457 = EDGE_CURVE('',#2685,#2453,#11458,.T.);
#11458 = SURFACE_CURVE('',#11459,(#11463,#11470),.PCURVE_S1.);
#11459 = LINE('',#11460,#11461);
#11460 = CARTESIAN_POINT('',(-21.44531019218,-21.02895496086,
    9.29686877813));
#11461 = VECTOR('',#11462,1.);
#11462 = DIRECTION('',(0.757220026141,-0.653083954914,9.958907807905E-03
    ));
#11463 = PCURVE('',#3077,#11464);
#11464 = DEFINITIONAL_REPRESENTATION('',(#11465),#11469);
#11465 = LINE('',#11466,#11467);
#11466 = CARTESIAN_POINT('',(3.189951042929,3.758280855744));
#11467 = VECTOR('',#11468,1.);
#11468 = DIRECTION('',(-0.647107967136,-0.762398372814));
#11469 = ( GEOMETRIC_REPRESENTATION_CONTEXT(2) 
PARAMETRIC_REPRESENTATION_CONTEXT() REPRESENTATION_CONTEXT('2D SPACE',''
  ) );
#11470 = PCURVE('',#2584,#11471);
#11471 = DEFINITIONAL_REPRESENTATION('',(#11472),#11476);
#11472 = LINE('',#11473,#11474);
#11473 = CARTESIAN_POINT('',(3.204998383428,3.745456982687));
#11474 = VECTOR('',#11475,1.);
#11475 = DIRECTION('',(-0.650160444679,-0.759796944042));
#11476 = ( GEOMETRIC_REPRESENTATION_CONTEXT(2) 
PARAMETRIC_REPRESENTATION_CONTEXT() REPRESENTATION_CONTEXT('2D SPACE',''
  ) );
#11477 = ADVANCED_FACE('',(#11478),#2584,.T.);
#11478 = FACE_BOUND('',#11479,.T.);
#11479 = EDGE_LOOP('',(#11480,#11481,#11482));
#11480 = ORIENTED_EDGE('',*,*,#11457,.F.);
#11481 = ORIENTED_EDGE('',*,*,#2684,.T.);
#11482 = ORIENTED_EDGE('',*,*,#2568,.T.);
#11483 = ADVANCED_FACE('',(#11484),#2468,.T.);
#11484 = FACE_BOUND('',#11485,.T.);
#11485 = EDGE_LOOP('',(#11486,#11512,#11513));
#11486 = ORIENTED_EDGE('',*,*,#11487,.F.);
#11487 = EDGE_CURVE('',#2985,#2342,#11488,.T.);
#11488 = SURFACE_CURVE('',#11489,(#11493,#11500),.PCURVE_S1.);
#11489 = LINE('',#11490,#11491);
#11490 = CARTESIAN_POINT('',(-23.05053880511,-19.16279440856,
    9.334321033963));
#11491 = VECTOR('',#11492,1.);
#11492 = DIRECTION('',(0.75567348354,-0.65494784664,9.510290887217E-04)
  );
#11493 = PCURVE('',#2468,#11494);
#11494 = DEFINITIONAL_REPRESENTATION('',(#11495),#11499);
#11495 = LINE('',#11496,#11497);
#11496 = CARTESIAN_POINT('',(6.388764288735,7.371851006268));
#11497 = VECTOR('',#11498,1.);
#11498 = DIRECTION('',(-0.65492039618,-0.75569787261));
#11499 = ( GEOMETRIC_REPRESENTATION_CONTEXT(2) 
PARAMETRIC_REPRESENTATION_CONTEXT() REPRESENTATION_CONTEXT('2D SPACE',''
  ) );
#11500 = PCURVE('',#11501,#11506);
#11501 = PLANE('',#11502);
#11502 = AXIS2_PLACEMENT_3D('',#11503,#11504,#11505);
#11503 = CARTESIAN_POINT('',(-11.31018364076,-27.81705464865,
    9.296118035963));
#11504 = DIRECTION('',(2.889662247372E-02,3.47912699234E-02,
    0.998976752856));
#11505 = DIRECTION('',(-1.763207651682E-21,0.999394094421,
    -3.480580463904E-02));
#11506 = DEFINITIONAL_REPRESENTATION('',(#11507),#11511);
#11507 = LINE('',#11508,#11509);
#11508 = CARTESIAN_POINT('',(8.647686889438,11.745259921328));
#11509 = VECTOR('',#11510,1.);
#11510 = DIRECTION('',(-0.654584111418,-0.75598918053));
#11511 = ( GEOMETRIC_REPRESENTATION_CONTEXT(2) 
PARAMETRIC_REPRESENTATION_CONTEXT() REPRESENTATION_CONTEXT('2D SPACE',''
  ) );
#11512 = ORIENTED_EDGE('',*,*,#11435,.T.);
#11513 = ORIENTED_EDGE('',*,*,#2452,.T.);
#11514 = ADVANCED_FACE('',(#11515),#3110,.T.);
#11515 = FACE_BOUND('',#11516,.T.);
#11516 = EDGE_LOOP('',(#11517,#11518,#11519));
#11517 = ORIENTED_EDGE('',*,*,#3152,.T.);
#11518 = ORIENTED_EDGE('',*,*,#3094,.T.);
#11519 = ORIENTED_EDGE('',*,*,#11520,.F.);
#11520 = EDGE_CURVE('',#3153,#2985,#11521,.T.);
#11521 = SURFACE_CURVE('',#11522,(#11526,#11533),.PCURVE_S1.);
#11522 = LINE('',#11523,#11524);
#11523 = CARTESIAN_POINT('',(-25.91497155481,-15.1957112199,
    9.357710736791));
#11524 = VECTOR('',#11525,1.);
#11525 = DIRECTION('',(0.585392143071,-0.81073620241,-4.78005575993E-03)
  );
#11526 = PCURVE('',#3110,#11527);
#11527 = DEFINITIONAL_REPRESENTATION('',(#11528),#11532);
#11528 = LINE('',#11529,#11530);
#11529 = CARTESIAN_POINT('',(0.,0.));
#11530 = VECTOR('',#11531,1.);
#11531 = DIRECTION('',(0.585234128605,-0.810864362711));
#11532 = ( GEOMETRIC_REPRESENTATION_CONTEXT(2) 
PARAMETRIC_REPRESENTATION_CONTEXT() REPRESENTATION_CONTEXT('2D SPACE',''
  ) );
#11533 = PCURVE('',#11534,#11539);
#11534 = PLANE('',#11535);
#11535 = AXIS2_PLACEMENT_3D('',#11536,#11537,#11538);
#11536 = CARTESIAN_POINT('',(-28.74947302715,-8.436298131591,
    9.347890291659));
#11537 = DIRECTION('',(2.426800873407E-02,1.162890832744E-02,
    0.999637850545));
#11538 = DIRECTION('',(0.999705448669,-2.32007522167E-20,
    -2.426964980023E-02));
#11539 = DEFINITIONAL_REPRESENTATION('',(#11540),#11544);
#11540 = LINE('',#11541,#11542);
#11541 = CARTESIAN_POINT('',(2.833428227398,-6.759870177492));
#11542 = VECTOR('',#11543,1.);
#11543 = DIRECTION('',(0.585335725315,-0.81079102651));
#11544 = ( GEOMETRIC_REPRESENTATION_CONTEXT(2) 
PARAMETRIC_REPRESENTATION_CONTEXT() REPRESENTATION_CONTEXT('2D SPACE',''
  ) );
#11545 = ADVANCED_FACE('',(#11546),#2241,.T.);
#11546 = FACE_BOUND('',#11547,.T.);
#11547 = EDGE_LOOP('',(#11548,#11569,#11570));
#11548 = ORIENTED_EDGE('',*,*,#11549,.F.);
#11549 = EDGE_CURVE('',#2342,#2110,#11550,.T.);
#11550 = SURFACE_CURVE('',#11551,(#11555,#11562),.PCURVE_S1.);
#11551 = LINE('',#11552,#11553);
#11552 = CARTESIAN_POINT('',(-15.67892571481,-25.55182647719,
    9.343598345702));
#11553 = VECTOR('',#11554,1.);
#11554 = DIRECTION('',(0.887716991568,-0.460288454547,
    -9.647875064689E-03));
#11555 = PCURVE('',#2241,#11556);
#11556 = DEFINITIONAL_REPRESENTATION('',(#11557),#11561);
#11557 = LINE('',#11558,#11559);
#11558 = CARTESIAN_POINT('',(2.035240707046,4.48076060759));
#11559 = VECTOR('',#11560,1.);
#11560 = DIRECTION('',(-0.413555601807,-0.910478865331));
#11561 = ( GEOMETRIC_REPRESENTATION_CONTEXT(2) 
PARAMETRIC_REPRESENTATION_CONTEXT() REPRESENTATION_CONTEXT('2D SPACE',''
  ) );
#11562 = PCURVE('',#11501,#11563);
#11563 = DEFINITIONAL_REPRESENTATION('',(#11564),#11568);
#11564 = LINE('',#11565,#11566);
#11565 = CARTESIAN_POINT('',(2.262203066682,4.370567199259));
#11566 = VECTOR('',#11567,1.);
#11567 = DIRECTION('',(-0.459673761149,-0.888087852248));
#11568 = ( GEOMETRIC_REPRESENTATION_CONTEXT(2) 
PARAMETRIC_REPRESENTATION_CONTEXT() REPRESENTATION_CONTEXT('2D SPACE',''
  ) );
#11569 = ORIENTED_EDGE('',*,*,#2341,.T.);
#11570 = ORIENTED_EDGE('',*,*,#2225,.T.);
#11571 = ADVANCED_FACE('',(#11572),#11501,.T.);
#11572 = FACE_BOUND('',#11573,.T.);
#11573 = EDGE_LOOP('',(#11574,#11600,#11601));
#11574 = ORIENTED_EDGE('',*,*,#11575,.F.);
#11575 = EDGE_CURVE('',#2985,#2110,#11576,.T.);
#11576 = SURFACE_CURVE('',#11577,(#11581,#11588),.PCURVE_S1.);
#11577 = LINE('',#11578,#11579);
#11578 = CARTESIAN_POINT('',(-23.05053880511,-19.16279440856,
    9.334321033963));
#11579 = VECTOR('',#11580,1.);
#11580 = DIRECTION('',(0.804939372605,-0.593351283713,
    -2.619264648416E-03));
#11581 = PCURVE('',#11501,#11582);
#11582 = DEFINITIONAL_REPRESENTATION('',(#11583),#11587);
#11583 = LINE('',#11584,#11585);
#11584 = CARTESIAN_POINT('',(8.647686889438,11.745259921328));
#11585 = VECTOR('',#11586,1.);
#11586 = DIRECTION('',(-0.592900603246,-0.805275651358));
#11587 = ( GEOMETRIC_REPRESENTATION_CONTEXT(2) 
PARAMETRIC_REPRESENTATION_CONTEXT() REPRESENTATION_CONTEXT('2D SPACE',''
  ) );
#11588 = PCURVE('',#11589,#11594);
#11589 = PLANE('',#11590);
#11590 = AXIS2_PLACEMENT_3D('',#11591,#11592,#11593);
#11591 = CARTESIAN_POINT('',(-4.252138635695,-29.70676180515,
    9.326434094849));
#11592 = DIRECTION('',(-8.599781916758E-03,-1.60800733886E-02,
    0.999833723671));
#11593 = DIRECTION('',(1.434238433293E-20,0.999870697698,
    1.608066803254E-02));
#11594 = DEFINITIONAL_REPRESENTATION('',(#11595),#11599);
#11595 = LINE('',#11596,#11597);
#11596 = CARTESIAN_POINT('',(10.542730864582,18.799095337562));
#11597 = VECTOR('',#11598,1.);
#11598 = DIRECTION('',(-0.593316681551,-0.804969139404));
#11599 = ( GEOMETRIC_REPRESENTATION_CONTEXT(2) 
PARAMETRIC_REPRESENTATION_CONTEXT() REPRESENTATION_CONTEXT('2D SPACE',''
  ) );
#11600 = ORIENTED_EDGE('',*,*,#11487,.T.);
#11601 = ORIENTED_EDGE('',*,*,#11549,.T.);
#11602 = ADVANCED_FACE('',(#11603),#3274,.T.);
#11603 = FACE_BOUND('',#11604,.T.);
#11604 = EDGE_LOOP('',(#11605,#11606,#11607));
#11605 = ORIENTED_EDGE('',*,*,#3782,.T.);
#11606 = ORIENTED_EDGE('',*,*,#3258,.T.);
#11607 = ORIENTED_EDGE('',*,*,#11608,.F.);
#11608 = EDGE_CURVE('',#3704,#3153,#11609,.T.);
#11609 = SURFACE_CURVE('',#11610,(#11614,#11621),.PCURVE_S1.);
#11610 = LINE('',#11611,#11612);
#11611 = CARTESIAN_POINT('',(-27.99253691215,-10.75748416168,
    9.346834221738));
#11612 = VECTOR('',#11613,1.);
#11613 = DIRECTION('',(0.423955360804,-0.905680366279,2.219500266142E-03
    ));
#11614 = PCURVE('',#3274,#11615);
#11615 = DEFINITIONAL_REPRESENTATION('',(#11616),#11620);
#11616 = LINE('',#11617,#11618);
#11617 = CARTESIAN_POINT('',(0.,0.));
#11618 = VECTOR('',#11619,1.);
#11619 = DIRECTION('',(0.399196174592,-0.916865537683));
#11620 = ( GEOMETRIC_REPRESENTATION_CONTEXT(2) 
PARAMETRIC_REPRESENTATION_CONTEXT() REPRESENTATION_CONTEXT('2D SPACE',''
  ) );
#11621 = PCURVE('',#3745,#11622);
#11622 = DEFINITIONAL_REPRESENTATION('',(#11623),#11627);
#11623 = LINE('',#11624,#11625);
#11624 = CARTESIAN_POINT('',(0.756756116206,-2.321244960007));
#11625 = VECTOR('',#11626,1.);
#11626 = DIRECTION('',(0.423912048062,-0.905703359554));
#11627 = ( GEOMETRIC_REPRESENTATION_CONTEXT(2) 
PARAMETRIC_REPRESENTATION_CONTEXT() REPRESENTATION_CONTEXT('2D SPACE',''
  ) );
#11628 = ADVANCED_FACE('',(#11629),#11534,.T.);
#11629 = FACE_BOUND('',#11630,.T.);
#11630 = EDGE_LOOP('',(#11631,#11652,#11653));
#11631 = ORIENTED_EDGE('',*,*,#11632,.T.);
#11632 = EDGE_CURVE('',#3646,#3153,#11633,.T.);
#11633 = SURFACE_CURVE('',#11634,(#11638,#11645),.PCURVE_S1.);
#11634 = LINE('',#11635,#11636);
#11635 = CARTESIAN_POINT('',(-28.74947302715,-8.436298131591,
    9.347890291659));
#11636 = VECTOR('',#11637,1.);
#11637 = DIRECTION('',(0.386715757512,-0.922197987297,1.339819688088E-03
    ));
#11638 = PCURVE('',#11534,#11639);
#11639 = DEFINITIONAL_REPRESENTATION('',(#11640),#11644);
#11640 = LINE('',#11641,#11642);
#11641 = CARTESIAN_POINT('',(0.,0.));
#11642 = VECTOR('',#11643,1.);
#11643 = DIRECTION('',(0.386569332917,-0.922260348735));
#11644 = ( GEOMETRIC_REPRESENTATION_CONTEXT(2) 
PARAMETRIC_REPRESENTATION_CONTEXT() REPRESENTATION_CONTEXT('2D SPACE',''
  ) );
#11645 = PCURVE('',#3745,#11646);
#11646 = DEFINITIONAL_REPRESENTATION('',(#11647),#11651);
#11647 = LINE('',#11648,#11649);
#11648 = CARTESIAN_POINT('',(0.,0.));
#11649 = VECTOR('',#11650,1.);
#11650 = DIRECTION('',(0.386662242185,-0.922221399919));
#11651 = ( GEOMETRIC_REPRESENTATION_CONTEXT(2) 
PARAMETRIC_REPRESENTATION_CONTEXT() REPRESENTATION_CONTEXT('2D SPACE',''
  ) );
#11652 = ORIENTED_EDGE('',*,*,#11520,.T.);
#11653 = ORIENTED_EDGE('',*,*,#11654,.F.);
#11654 = EDGE_CURVE('',#3646,#2985,#11655,.T.);
#11655 = SURFACE_CURVE('',#11656,(#11660,#11667),.PCURVE_S1.);
#11656 = LINE('',#11657,#11658);
#11657 = CARTESIAN_POINT('',(-28.74947302715,-8.436298131591,
    9.347890291659));
#11658 = VECTOR('',#11659,1.);
#11659 = DIRECTION('',(0.46918595001,-0.883098690019,-1.117139593927E-03
    ));
#11660 = PCURVE('',#11534,#11661);
#11661 = DEFINITIONAL_REPRESENTATION('',(#11662),#11666);
#11662 = LINE('',#11663,#11664);
#11663 = CARTESIAN_POINT('',(0.,0.));
#11664 = VECTOR('',#11665,1.);
#11665 = DIRECTION('',(0.46907486325,-0.88315840746));
#11666 = ( GEOMETRIC_REPRESENTATION_CONTEXT(2) 
PARAMETRIC_REPRESENTATION_CONTEXT() REPRESENTATION_CONTEXT('2D SPACE',''
  ) );
#11667 = PCURVE('',#11668,#11673);
#11668 = PLANE('',#11669);
#11669 = AXIS2_PLACEMENT_3D('',#11670,#11671,#11672);
#11670 = CARTESIAN_POINT('',(-17.74682106677,24.205832293995,
    9.310364797796));
#11671 = DIRECTION('',(2.780649379745E-03,2.1232776487E-04,
    0.999996111445));
#11672 = DIRECTION('',(0.999996133987,2.578307521775E-23,
    -2.780649442425E-03));
#11673 = DEFINITIONAL_REPRESENTATION('',(#11674),#11678);
#11674 = LINE('',#11675,#11676);
#11675 = CARTESIAN_POINT('',(-11.00271376923,-32.64213116138));
#11676 = VECTOR('',#11677,1.);
#11677 = DIRECTION('',(0.469187242504,-0.883098709925));
#11678 = ( GEOMETRIC_REPRESENTATION_CONTEXT(2) 
PARAMETRIC_REPRESENTATION_CONTEXT() REPRESENTATION_CONTEXT('2D SPACE',''
  ) );
#11679 = ADVANCED_FACE('',(#11680),#3745,.T.);
#11680 = FACE_BOUND('',#11681,.T.);
#11681 = EDGE_LOOP('',(#11682,#11683,#11684));
#11682 = ORIENTED_EDGE('',*,*,#3731,.T.);
#11683 = ORIENTED_EDGE('',*,*,#11608,.T.);
#11684 = ORIENTED_EDGE('',*,*,#11632,.F.);
#11685 = ADVANCED_FACE('',(#11686),#11589,.T.);
#11686 = FACE_BOUND('',#11687,.T.);
#11687 = EDGE_LOOP('',(#11688,#11714,#11715));
#11688 = ORIENTED_EDGE('',*,*,#11689,.F.);
#11689 = EDGE_CURVE('',#2985,#1772,#11690,.T.);
#11690 = SURFACE_CURVE('',#11691,(#11695,#11702),.PCURVE_S1.);
#11691 = LINE('',#11692,#11693);
#11692 = CARTESIAN_POINT('',(-23.05053880511,-19.16279440856,
    9.334321033963));
#11693 = VECTOR('',#11694,1.);
#11694 = DIRECTION('',(0.872172213529,-0.489198830793,
    -3.659231149126E-04));
#11695 = PCURVE('',#11589,#11696);
#11696 = DEFINITIONAL_REPRESENTATION('',(#11697),#11701);
#11697 = LINE('',#11698,#11699);
#11698 = CARTESIAN_POINT('',(10.542730864582,18.799095337562));
#11699 = VECTOR('',#11700,1.);
#11700 = DIRECTION('',(-0.489141460546,-0.87220446661));
#11701 = ( GEOMETRIC_REPRESENTATION_CONTEXT(2) 
PARAMETRIC_REPRESENTATION_CONTEXT() REPRESENTATION_CONTEXT('2D SPACE',''
  ) );
#11702 = PCURVE('',#11703,#11708);
#11703 = PLANE('',#11704);
#11704 = AXIS2_PLACEMENT_3D('',#11705,#11706,#11707);
#11705 = CARTESIAN_POINT('',(0.63359771533,-29.96432150024,
    9.332837921481));
#11706 = DIRECTION('',(-1.490200284628E-03,-3.404815718215E-03,
    0.999993093243));
#11707 = DIRECTION('',(4.667087425974E-22,0.999994203585,
    3.404819498753E-03));
#11708 = DEFINITIONAL_REPRESENTATION('',(#11709),#11713);
#11709 = LINE('',#11710,#11711);
#11710 = CARTESIAN_POINT('',(10.801469531277,23.684162818134));
#11711 = VECTOR('',#11712,1.);
#11712 = DIRECTION('',(-0.489197241096,-0.872173181945));
#11713 = ( GEOMETRIC_REPRESENTATION_CONTEXT(2) 
PARAMETRIC_REPRESENTATION_CONTEXT() REPRESENTATION_CONTEXT('2D SPACE',''
  ) );
#11714 = ORIENTED_EDGE('',*,*,#11575,.T.);
#11715 = ORIENTED_EDGE('',*,*,#11716,.T.);
#11716 = EDGE_CURVE('',#2110,#1772,#11717,.T.);
#11717 = SURFACE_CURVE('',#11718,(#11722,#11729),.PCURVE_S1.);
#11718 = LINE('',#11719,#11720);
#11719 = CARTESIAN_POINT('',(-11.31018364076,-27.81705464865,
    9.296118035963));
#11720 = VECTOR('',#11721,1.);
#11721 = DIRECTION('',(0.96596848433,-0.258626511517,4.149074911206E-03)
  );
#11722 = PCURVE('',#11589,#11723);
#11723 = DEFINITIONAL_REPRESENTATION('',(#11724),#11728);
#11724 = LINE('',#11725,#11726);
#11725 = CARTESIAN_POINT('',(1.888975310537,7.058306012813));
#11726 = VECTOR('',#11727,1.);
#11727 = DIRECTION('',(-0.258526350618,-0.966004206014));
#11728 = ( GEOMETRIC_REPRESENTATION_CONTEXT(2) 
PARAMETRIC_REPRESENTATION_CONTEXT() REPRESENTATION_CONTEXT('2D SPACE',''
  ) );
#11729 = PCURVE('',#2125,#11730);
#11730 = DEFINITIONAL_REPRESENTATION('',(#11731),#11735);
#11731 = LINE('',#11732,#11733);
#11732 = CARTESIAN_POINT('',(1.882139108372,7.060132000966));
#11733 = VECTOR('',#11734,1.);
#11734 = DIRECTION('',(-0.257590743684,-0.966254111902));
#11735 = ( GEOMETRIC_REPRESENTATION_CONTEXT(2) 
PARAMETRIC_REPRESENTATION_CONTEXT() REPRESENTATION_CONTEXT('2D SPACE',''
  ) );
#11736 = ADVANCED_FACE('',(#11737),#2125,.T.);
#11737 = FACE_BOUND('',#11738,.T.);
#11738 = EDGE_LOOP('',(#11739,#11740,#11741));
#11739 = ORIENTED_EDGE('',*,*,#11716,.F.);
#11740 = ORIENTED_EDGE('',*,*,#2109,.T.);
#11741 = ORIENTED_EDGE('',*,*,#11742,.T.);
#11742 = EDGE_CURVE('',#1999,#1772,#11743,.T.);
#11743 = SURFACE_CURVE('',#11744,(#11748,#11755),.PCURVE_S1.);
#11744 = LINE('',#11745,#11746);
#11745 = CARTESIAN_POINT('',(-9.021555721485,-28.64420978959,
    9.289857746457));
#11746 = VECTOR('',#11747,1.);
#11747 = DIRECTION('',(0.976043362589,-0.217447294615,7.485212853908E-03
    ));
#11748 = PCURVE('',#2125,#11749);
#11749 = DEFINITIONAL_REPRESENTATION('',(#11750),#11754);
#11750 = LINE('',#11751,#11752);
#11751 = CARTESIAN_POINT('',(1.056835033517,4.770827356464));
#11752 = VECTOR('',#11753,1.);
#11753 = DIRECTION('',(-0.216277335628,-0.976331969206));
#11754 = ( GEOMETRIC_REPRESENTATION_CONTEXT(2) 
PARAMETRIC_REPRESENTATION_CONTEXT() REPRESENTATION_CONTEXT('2D SPACE',''
  ) );
#11755 = PCURVE('',#1898,#11756);
#11756 = DEFINITIONAL_REPRESENTATION('',(#11757),#11761);
#11757 = LINE('',#11758,#11759);
#11758 = CARTESIAN_POINT('',(1.058818518379,4.77038754174));
#11759 = VECTOR('',#11760,1.);
#11760 = DIRECTION('',(-0.216683248385,-0.976241962768));
#11761 = ( GEOMETRIC_REPRESENTATION_CONTEXT(2) 
PARAMETRIC_REPRESENTATION_CONTEXT() REPRESENTATION_CONTEXT('2D SPACE',''
  ) );
#11762 = ADVANCED_FACE('',(#11763),#1898,.T.);
#11763 = FACE_BOUND('',#11764,.T.);
#11764 = EDGE_LOOP('',(#11765,#11766,#11767));
#11765 = ORIENTED_EDGE('',*,*,#11742,.F.);
#11766 = ORIENTED_EDGE('',*,*,#1998,.T.);
#11767 = ORIENTED_EDGE('',*,*,#1882,.T.);
#11768 = ADVANCED_FACE('',(#11769),#3824,.T.);
#11769 = FACE_BOUND('',#11770,.T.);
#11770 = EDGE_LOOP('',(#11771,#11772,#11773));
#11771 = ORIENTED_EDGE('',*,*,#10402,.T.);
#11772 = ORIENTED_EDGE('',*,*,#3808,.T.);
#11773 = ORIENTED_EDGE('',*,*,#11774,.F.);
#11774 = EDGE_CURVE('',#4197,#3646,#11775,.T.);
#11775 = SURFACE_CURVE('',#11776,(#11780,#11787),.PCURVE_S1.);
#11776 = LINE('',#11777,#11778);
#11777 = CARTESIAN_POINT('',(-29.80573052533,-3.688545603054,
    9.289007589844));
#11778 = VECTOR('',#11779,1.);
#11779 = DIRECTION('',(0.217149918621,-0.976063201427,1.210535681809E-02
    ));
#11780 = PCURVE('',#3824,#11781);
#11781 = DEFINITIONAL_REPRESENTATION('',(#11782),#11786);
#11782 = LINE('',#11783,#11784);
#11783 = CARTESIAN_POINT('',(0.,0.));
#11784 = VECTOR('',#11785,1.);
#11785 = DIRECTION('',(0.214314710152,-0.976764662041));
#11786 = ( GEOMETRIC_REPRESENTATION_CONTEXT(2) 
PARAMETRIC_REPRESENTATION_CONTEXT() REPRESENTATION_CONTEXT('2D SPACE',''
  ) );
#11787 = PCURVE('',#11788,#11793);
#11788 = PLANE('',#11789);
#11789 = AXIS2_PLACEMENT_3D('',#11790,#11791,#11792);
#11790 = CARTESIAN_POINT('',(-29.80739686929,3.671686146755,
    9.359353914766));
#11791 = DIRECTION('',(-9.832418888124E-02,-9.53313557111E-03,
    0.99510877456));
#11792 = DIRECTION('',(0.995153995721,-7.536272330049E-20,
    9.832865707006E-02));
#11793 = DEFINITIONAL_REPRESENTATION('',(#11794),#11798);
#11794 = LINE('',#11795,#11796);
#11795 = CARTESIAN_POINT('',(-5.258790812069E-03,-7.360566224018));
#11796 = VECTOR('',#11797,1.);
#11797 = DIRECTION('',(0.217287912665,-0.976107557091));
#11798 = ( GEOMETRIC_REPRESENTATION_CONTEXT(2) 
PARAMETRIC_REPRESENTATION_CONTEXT() REPRESENTATION_CONTEXT('2D SPACE',''
  ) );
#11799 = ADVANCED_FACE('',(#11800),#11703,.T.);
#11800 = FACE_BOUND('',#11801,.T.);
#11801 = EDGE_LOOP('',(#11802,#11823,#11824));
#11802 = ORIENTED_EDGE('',*,*,#11803,.F.);
#11803 = EDGE_CURVE('',#2985,#1598,#11804,.T.);
#11804 = SURFACE_CURVE('',#11805,(#11809,#11816),.PCURVE_S1.);
#11805 = LINE('',#11806,#11807);
#11806 = CARTESIAN_POINT('',(-23.05053880511,-19.16279440856,
    9.334321033963));
#11807 = VECTOR('',#11808,1.);
#11808 = DIRECTION('',(0.909844621073,-0.414949108035,
    -5.697492551841E-05));
#11809 = PCURVE('',#11703,#11810);
#11810 = DEFINITIONAL_REPRESENTATION('',(#11811),#11815);
#11811 = LINE('',#11812,#11813);
#11812 = CARTESIAN_POINT('',(10.801469531277,23.684162818134));
#11813 = VECTOR('',#11814,1.);
#11814 = DIRECTION('',(-0.414946896807,-0.909845631319));
#11815 = ( GEOMETRIC_REPRESENTATION_CONTEXT(2) 
PARAMETRIC_REPRESENTATION_CONTEXT() REPRESENTATION_CONTEXT('2D SPACE',''
  ) );
#11816 = PCURVE('',#1613,#11817);
#11817 = DEFINITIONAL_REPRESENTATION('',(#11818),#11822);
#11818 = LINE('',#11819,#11820);
#11819 = CARTESIAN_POINT('',(10.685393931267,26.07716540403));
#11820 = VECTOR('',#11821,1.);
#11821 = DIRECTION('',(-0.414637805902,-0.909986532822));
#11822 = ( GEOMETRIC_REPRESENTATION_CONTEXT(2) 
PARAMETRIC_REPRESENTATION_CONTEXT() REPRESENTATION_CONTEXT('2D SPACE',''
  ) );
#11823 = ORIENTED_EDGE('',*,*,#11689,.T.);
#11824 = ORIENTED_EDGE('',*,*,#11825,.T.);
#11825 = EDGE_CURVE('',#1772,#1598,#11826,.T.);
#11826 = SURFACE_CURVE('',#11827,(#11831,#11838),.PCURVE_S1.);
#11827 = LINE('',#11828,#11829);
#11828 = CARTESIAN_POINT('',(-4.252138635695,-29.70676180515,
    9.326434094849));
#11829 = VECTOR('',#11830,1.);
#11830 = DIRECTION('',(0.998612511003,-5.264351478854E-02,
    1.308900221771E-03));
#11831 = PCURVE('',#11703,#11832);
#11832 = DEFINITIONAL_REPRESENTATION('',(#11833),#11837);
#11833 = LINE('',#11834,#11835);
#11834 = CARTESIAN_POINT('',(0.257536398295,4.885741775904));
#11835 = VECTOR('',#11836,1.);
#11836 = DIRECTION('',(-5.263875307589E-02,-0.998613619812));
#11837 = ( GEOMETRIC_REPRESENTATION_CONTEXT(2) 
PARAMETRIC_REPRESENTATION_CONTEXT() REPRESENTATION_CONTEXT('2D SPACE',''
  ) );
#11838 = PCURVE('',#1671,#11839);
#11839 = DEFINITIONAL_REPRESENTATION('',(#11840),#11844);
#11840 = LINE('',#11841,#11842);
#11841 = CARTESIAN_POINT('',(0.251555829647,4.886053352331));
#11842 = VECTOR('',#11843,1.);
#11843 = DIRECTION('',(-5.141636401411E-02,-0.998677303993));
#11844 = ( GEOMETRIC_REPRESENTATION_CONTEXT(2) 
PARAMETRIC_REPRESENTATION_CONTEXT() REPRESENTATION_CONTEXT('2D SPACE',''
  ) );
#11845 = ADVANCED_FACE('',(#11846),#1671,.T.);
#11846 = FACE_BOUND('',#11847,.T.);
#11847 = EDGE_LOOP('',(#11848,#11849,#11850));
#11848 = ORIENTED_EDGE('',*,*,#11825,.F.);
#11849 = ORIENTED_EDGE('',*,*,#1771,.T.);
#11850 = ORIENTED_EDGE('',*,*,#1655,.T.);
#11851 = ADVANCED_FACE('',(#11852),#1613,.T.);
#11852 = FACE_BOUND('',#11853,.T.);
#11853 = EDGE_LOOP('',(#11854,#11880,#11881));
#11854 = ORIENTED_EDGE('',*,*,#11855,.F.);
#11855 = EDGE_CURVE('',#2985,#1486,#11856,.T.);
#11856 = SURFACE_CURVE('',#11857,(#11861,#11868),.PCURVE_S1.);
#11857 = LINE('',#11858,#11859);
#11858 = CARTESIAN_POINT('',(-23.05053880511,-19.16279440856,
    9.334321033963));
#11859 = VECTOR('',#11860,1.);
#11860 = DIRECTION('',(0.925185348168,-0.379512233606,1.59250677185E-03)
  );
#11861 = PCURVE('',#1613,#11862);
#11862 = DEFINITIONAL_REPRESENTATION('',(#11863),#11867);
#11863 = LINE('',#11864,#11865);
#11864 = CARTESIAN_POINT('',(10.685393931267,26.07716540403));
#11865 = VECTOR('',#11866,1.);
#11866 = DIRECTION('',(-0.3791635978,-0.925329652666));
#11867 = ( GEOMETRIC_REPRESENTATION_CONTEXT(2) 
PARAMETRIC_REPRESENTATION_CONTEXT() REPRESENTATION_CONTEXT('2D SPACE',''
  ) );
#11868 = PCURVE('',#11869,#11874);
#11869 = PLANE('',#11870);
#11870 = AXIS2_PLACEMENT_3D('',#11871,#11872,#11873);
#11871 = CARTESIAN_POINT('',(-17.74682106677,24.205832293995,
    9.310364797796));
#11872 = DIRECTION('',(-1.423292897377E-03,7.264456304925E-04,
    0.999998723256));
#11873 = DIRECTION('',(0.999998987118,9.383004561039E-23,
    1.42329327293E-03));
#11874 = DEFINITIONAL_REPRESENTATION('',(#11875),#11879);
#11875 = LINE('',#11876,#11877);
#11876 = CARTESIAN_POINT('',(-5.303678269551,-43.36863814588));
#11877 = VECTOR('',#11878,1.);
#11878 = DIRECTION('',(0.925186677669,-0.379512333745));
#11879 = ( GEOMETRIC_REPRESENTATION_CONTEXT(2) 
PARAMETRIC_REPRESENTATION_CONTEXT() REPRESENTATION_CONTEXT('2D SPACE',''
  ) );
#11880 = ORIENTED_EDGE('',*,*,#11803,.T.);
#11881 = ORIENTED_EDGE('',*,*,#1597,.T.);
#11882 = ADVANCED_FACE('',(#11883),#10313,.T.);
#11883 = FACE_BOUND('',#11884,.T.);
#11884 = EDGE_LOOP('',(#11885,#11886,#11887));
#11885 = ORIENTED_EDGE('',*,*,#10299,.F.);
#11886 = ORIENTED_EDGE('',*,*,#10356,.T.);
#11887 = ORIENTED_EDGE('',*,*,#11888,.T.);
#11888 = EDGE_CURVE('',#4139,#10193,#11889,.T.);
#11889 = SURFACE_CURVE('',#11890,(#11894,#11901),.PCURVE_S1.);
#11890 = LINE('',#11891,#11892);
#11891 = CARTESIAN_POINT('',(-29.96938949342,-1.200807975944,
    9.363407764027));
#11892 = VECTOR('',#11893,1.);
#11893 = DIRECTION('',(3.322797553385E-02,0.999447452448,
    -8.315267735963E-04));
#11894 = PCURVE('',#10313,#11895);
#11895 = DEFINITIONAL_REPRESENTATION('',(#11896),#11900);
#11896 = LINE('',#11897,#11898);
#11897 = CARTESIAN_POINT('',(-0.158324977833,-4.872616363012));
#11898 = VECTOR('',#11899,1.);
#11899 = DIRECTION('',(3.247566682876E-02,0.999472526418));
#11900 = ( GEOMETRIC_REPRESENTATION_CONTEXT(2) 
PARAMETRIC_REPRESENTATION_CONTEXT() REPRESENTATION_CONTEXT('2D SPACE',''
  ) );
#11901 = PCURVE('',#4238,#11902);
#11902 = DEFINITIONAL_REPRESENTATION('',(#11903),#11907);
#11903 = LINE('',#11904,#11905);
#11904 = CARTESIAN_POINT('',(-0.155913078365,-4.872694134839));
#11905 = VECTOR('',#11906,1.);
#11906 = DIRECTION('',(3.198093728824E-02,0.999488478998));
#11907 = ( GEOMETRIC_REPRESENTATION_CONTEXT(2) 
PARAMETRIC_REPRESENTATION_CONTEXT() REPRESENTATION_CONTEXT('2D SPACE',''
  ) );
#11908 = ADVANCED_FACE('',(#11909),#4238,.T.);
#11909 = FACE_BOUND('',#11910,.T.);
#11910 = EDGE_LOOP('',(#11911,#11912,#11913));
#11911 = ORIENTED_EDGE('',*,*,#11888,.F.);
#11912 = ORIENTED_EDGE('',*,*,#4224,.T.);
#11913 = ORIENTED_EDGE('',*,*,#11914,.F.);
#11914 = EDGE_CURVE('',#10193,#4197,#11915,.T.);
#11915 = SURFACE_CURVE('',#11916,(#11920,#11927),.PCURVE_S1.);
#11916 = LINE('',#11917,#11918);
#11917 = CARTESIAN_POINT('',(-29.80739686929,3.671686146755,
    9.359353914766));
#11918 = VECTOR('',#11919,1.);
#11919 = DIRECTION('',(2.26387954574E-04,-0.99995430342,
    -9.557186883022E-03));
#11920 = PCURVE('',#4238,#11921);
#11921 = DEFINITIONAL_REPRESENTATION('',(#11922),#11926);
#11922 = LINE('',#11923,#11924);
#11923 = CARTESIAN_POINT('',(0.,0.));
#11924 = VECTOR('',#11925,1.);
#11925 = DIRECTION('',(3.049332290563E-03,-0.999995350775));
#11926 = ( GEOMETRIC_REPRESENTATION_CONTEXT(2) 
PARAMETRIC_REPRESENTATION_CONTEXT() REPRESENTATION_CONTEXT('2D SPACE',''
  ) );
#11927 = PCURVE('',#11788,#11928);
#11928 = DEFINITIONAL_REPRESENTATION('',(#11929),#11933);
#11929 = LINE('',#11930,#11931);
#11930 = CARTESIAN_POINT('',(0.,0.));
#11931 = VECTOR('',#11932,1.);
#11932 = DIRECTION('',(-7.144544739978E-04,-0.999999744777));
#11933 = ( GEOMETRIC_REPRESENTATION_CONTEXT(2) 
PARAMETRIC_REPRESENTATION_CONTEXT() REPRESENTATION_CONTEXT('2D SPACE',''
  ) );
#11934 = ADVANCED_FACE('',(#11935),#11788,.T.);
#11935 = FACE_BOUND('',#11936,.T.);
#11936 = EDGE_LOOP('',(#11937,#11938,#11939));
#11937 = ORIENTED_EDGE('',*,*,#11914,.T.);
#11938 = ORIENTED_EDGE('',*,*,#11774,.T.);
#11939 = ORIENTED_EDGE('',*,*,#11940,.F.);
#11940 = EDGE_CURVE('',#10193,#3646,#11941,.T.);
#11941 = SURFACE_CURVE('',#11942,(#11946,#11953),.PCURVE_S1.);
#11942 = LINE('',#11943,#11944);
#11943 = CARTESIAN_POINT('',(-29.80739686929,3.671686146755,
    9.359353914766));
#11944 = VECTOR('',#11945,1.);
#11945 = DIRECTION('',(8.704241009225E-02,-0.996204160422,
    -9.431882937909E-04));
#11946 = PCURVE('',#11788,#11947);
#11947 = DEFINITIONAL_REPRESENTATION('',(#11948),#11952);
#11948 = LINE('',#11949,#11950);
#11949 = CARTESIAN_POINT('',(0.,0.));
#11950 = VECTOR('',#11951,1.);
#11951 = DIRECTION('',(8.652785976217E-02,-0.99624943136));
#11952 = ( GEOMETRIC_REPRESENTATION_CONTEXT(2) 
PARAMETRIC_REPRESENTATION_CONTEXT() REPRESENTATION_CONTEXT('2D SPACE',''
  ) );
#11953 = PCURVE('',#11954,#11959);
#11954 = PLANE('',#11955);
#11955 = AXIS2_PLACEMENT_3D('',#11956,#11957,#11958);
#11956 = CARTESIAN_POINT('',(-28.01321730158,10.803403324142,
    9.311519197393));
#11957 = DIRECTION('',(2.257593472589E-02,1.026010933676E-03,
    0.999744604623));
#11958 = DIRECTION('',(0.999745130838,-8.712678021239E-22,
    -2.257594660873E-02));
#11959 = DEFINITIONAL_REPRESENTATION('',(#11960),#11964);
#11960 = LINE('',#11961,#11962);
#11961 = CARTESIAN_POINT('',(-1.794802200695,-7.131720931164));
#11962 = VECTOR('',#11963,1.);
#11963 = DIRECTION('',(8.704151903471E-02,-0.996204684773));
#11964 = ( GEOMETRIC_REPRESENTATION_CONTEXT(2) 
PARAMETRIC_REPRESENTATION_CONTEXT() REPRESENTATION_CONTEXT('2D SPACE',''
  ) );
#11965 = ADVANCED_FACE('',(#11966),#1580,.T.);
#11966 = FACE_BOUND('',#11967,.T.);
#11967 = EDGE_LOOP('',(#11968,#11989,#11990));
#11968 = ORIENTED_EDGE('',*,*,#11969,.F.);
#11969 = EDGE_CURVE('',#1486,#10503,#11970,.T.);
#11970 = SURFACE_CURVE('',#11971,(#11975,#11982),.PCURVE_S1.);
#11971 = LINE('',#11972,#11973);
#11972 = CARTESIAN_POINT('',(3.022559883614,-29.85801341519,
    9.379200242553));
#11973 = VECTOR('',#11974,1.);
#11974 = DIRECTION('',(0.984999961737,0.172474212836,-5.265100734967E-03
    ));
#11975 = PCURVE('',#1580,#11976);
#11976 = DEFINITIONAL_REPRESENTATION('',(#11977),#11981);
#11977 = LINE('',#11978,#11979);
#11978 = CARTESIAN_POINT('',(0.226205796618,-4.911634759918));
#11979 = VECTOR('',#11980,1.);
#11980 = DIRECTION('',(-4.600632768446E-02,0.998941148323));
#11981 = ( GEOMETRIC_REPRESENTATION_CONTEXT(2) 
PARAMETRIC_REPRESENTATION_CONTEXT() REPRESENTATION_CONTEXT('2D SPACE',''
  ) );
#11982 = PCURVE('',#10618,#11983);
#11983 = DEFINITIONAL_REPRESENTATION('',(#11984),#11988);
#11984 = LINE('',#11985,#11986);
#11985 = CARTESIAN_POINT('',(-1.640404826157,7.191698610033));
#11986 = VECTOR('',#11987,1.);
#11987 = DIRECTION('',(0.17220915543,-0.985060407684));
#11988 = ( GEOMETRIC_REPRESENTATION_CONTEXT(2) 
PARAMETRIC_REPRESENTATION_CONTEXT() REPRESENTATION_CONTEXT('2D SPACE',''
  ) );
#11989 = ORIENTED_EDGE('',*,*,#1566,.T.);
#11990 = ORIENTED_EDGE('',*,*,#10525,.T.);
#11991 = ADVANCED_FACE('',(#11992),#10618,.T.);
#11992 = FACE_BOUND('',#11993,.T.);
#11993 = EDGE_LOOP('',(#11994,#12015,#12016));
#11994 = ORIENTED_EDGE('',*,*,#11995,.F.);
#11995 = EDGE_CURVE('',#1486,#10582,#11996,.T.);
#11996 = SURFACE_CURVE('',#11997,(#12001,#12008),.PCURVE_S1.);
#11997 = LINE('',#11998,#11999);
#11998 = CARTESIAN_POINT('',(3.022559883614,-29.85801341519,
    9.379200242553));
#11999 = VECTOR('',#12000,1.);
#12000 = DIRECTION('',(0.974899058872,0.222619649596,-3.509504725664E-03
    ));
#12001 = PCURVE('',#10618,#12002);
#12002 = DEFINITIONAL_REPRESENTATION('',(#12003),#12007);
#12003 = LINE('',#12004,#12005);
#12004 = CARTESIAN_POINT('',(-1.640404826157,7.191698610033));
#12005 = VECTOR('',#12006,1.);
#12006 = DIRECTION('',(0.222385189775,-0.974958884963));
#12007 = ( GEOMETRIC_REPRESENTATION_CONTEXT(2) 
PARAMETRIC_REPRESENTATION_CONTEXT() REPRESENTATION_CONTEXT('2D SPACE',''
  ) );
#12008 = PCURVE('',#10702,#12009);
#12009 = DEFINITIONAL_REPRESENTATION('',(#12010),#12014);
#12010 = LINE('',#12011,#12012);
#12011 = CARTESIAN_POINT('',(-2.637726926974,9.412999652095));
#12012 = VECTOR('',#12013,1.);
#12013 = DIRECTION('',(0.222540895426,-0.974923355892));
#12014 = ( GEOMETRIC_REPRESENTATION_CONTEXT(2) 
PARAMETRIC_REPRESENTATION_CONTEXT() REPRESENTATION_CONTEXT('2D SPACE',''
  ) );
#12015 = ORIENTED_EDGE('',*,*,#11969,.T.);
#12016 = ORIENTED_EDGE('',*,*,#10604,.T.);
#12017 = ADVANCED_FACE('',(#12018),#11954,.T.);
#12018 = FACE_BOUND('',#12019,.T.);
#12019 = EDGE_LOOP('',(#12020,#12041,#12042));
#12020 = ORIENTED_EDGE('',*,*,#12021,.F.);
#12021 = EDGE_CURVE('',#10193,#4855,#12022,.T.);
#12022 = SURFACE_CURVE('',#12023,(#12027,#12034),.PCURVE_S1.);
#12023 = LINE('',#12024,#12025);
#12024 = CARTESIAN_POINT('',(-29.80739686929,3.671686146755,
    9.359353914766));
#12025 = VECTOR('',#12026,1.);
#12026 = DIRECTION('',(0.243970035667,0.969760956731,-6.504498163704E-03
    ));
#12027 = PCURVE('',#11954,#12028);
#12028 = DEFINITIONAL_REPRESENTATION('',(#12029),#12033);
#12029 = LINE('',#12030,#12031);
#12030 = CARTESIAN_POINT('',(-1.794802200695,-7.131720931164));
#12031 = VECTOR('',#12032,1.);
#12032 = DIRECTION('',(0.244054700431,0.969761467165));
#12033 = ( GEOMETRIC_REPRESENTATION_CONTEXT(2) 
PARAMETRIC_REPRESENTATION_CONTEXT() REPRESENTATION_CONTEXT('2D SPACE',''
  ) );
#12034 = PCURVE('',#10229,#12035);
#12035 = DEFINITIONAL_REPRESENTATION('',(#12036),#12040);
#12036 = LINE('',#12037,#12038);
#12037 = CARTESIAN_POINT('',(-1.669154473497,-7.162170182509));
#12038 = VECTOR('',#12039,1.);
#12039 = DIRECTION('',(0.226969297701,0.973901913902));
#12040 = ( GEOMETRIC_REPRESENTATION_CONTEXT(2) 
PARAMETRIC_REPRESENTATION_CONTEXT() REPRESENTATION_CONTEXT('2D SPACE',''
  ) );
#12041 = ORIENTED_EDGE('',*,*,#11940,.T.);
#12042 = ORIENTED_EDGE('',*,*,#12043,.T.);
#12043 = EDGE_CURVE('',#3646,#4855,#12044,.T.);
#12044 = SURFACE_CURVE('',#12045,(#12049,#12056),.PCURVE_S1.);
#12045 = LINE('',#12046,#12047);
#12046 = CARTESIAN_POINT('',(-28.74947302715,-8.436298131591,
    9.347890291659));
#12047 = VECTOR('',#12048,1.);
#12048 = DIRECTION('',(3.82394663591E-02,0.999266818606,
    -1.889032828277E-03));
#12049 = PCURVE('',#11954,#12050);
#12050 = DEFINITIONAL_REPRESENTATION('',(#12051),#12055);
#12051 = LINE('',#12052,#12053);
#12052 = CARTESIAN_POINT('',(-0.736889188577,-19.23971158254));
#12053 = VECTOR('',#12054,1.);
#12054 = DIRECTION('',(3.827236700263E-02,0.99926734457));
#12055 = ( GEOMETRIC_REPRESENTATION_CONTEXT(2) 
PARAMETRIC_REPRESENTATION_CONTEXT() REPRESENTATION_CONTEXT('2D SPACE',''
  ) );
#12056 = PCURVE('',#4982,#12057);
#12057 = DEFINITIONAL_REPRESENTATION('',(#12058),#12062);
#12058 = LINE('',#12059,#12060);
#12059 = CARTESIAN_POINT('',(-1.704206222531,-21.48210495591));
#12060 = VECTOR('',#12061,1.);
#12061 = DIRECTION('',(3.82454055436E-02,0.999268376841));
#12062 = ( GEOMETRIC_REPRESENTATION_CONTEXT(2) 
PARAMETRIC_REPRESENTATION_CONTEXT() REPRESENTATION_CONTEXT('2D SPACE',''
  ) );
#12063 = ADVANCED_FACE('',(#12064),#4949,.T.);
#12064 = FACE_BOUND('',#12065,.T.);
#12065 = EDGE_LOOP('',(#12066,#12067,#12068));
#12066 = ORIENTED_EDGE('',*,*,#4935,.F.);
#12067 = ORIENTED_EDGE('',*,*,#10136,.F.);
#12068 = ORIENTED_EDGE('',*,*,#12069,.T.);
#12069 = EDGE_CURVE('',#10114,#4855,#12070,.T.);
#12070 = SURFACE_CURVE('',#12071,(#12075,#12082),.PCURVE_S1.);
#12071 = LINE('',#12072,#12073);
#12072 = CARTESIAN_POINT('',(-29.32248856252,6.087026438427,
    9.298383325489));
#12073 = VECTOR('',#12074,1.);
#12074 = DIRECTION('',(0.267484823284,0.963558336195,2.683665700027E-03)
  );
#12075 = PCURVE('',#4949,#12076);
#12076 = DEFINITIONAL_REPRESENTATION('',(#12077),#12081);
#12077 = LINE('',#12078,#12079);
#12078 = CARTESIAN_POINT('',(-1.289192369408,-4.72192309855));
#12079 = VECTOR('',#12080,1.);
#12080 = DIRECTION('',(0.263382694938,0.964691430462));
#12081 = ( GEOMETRIC_REPRESENTATION_CONTEXT(2) 
PARAMETRIC_REPRESENTATION_CONTEXT() REPRESENTATION_CONTEXT('2D SPACE',''
  ) );
#12082 = PCURVE('',#10229,#12083);
#12083 = DEFINITIONAL_REPRESENTATION('',(#12084),#12088);
#12084 = LINE('',#12085,#12086);
#12085 = CARTESIAN_POINT('',(-1.234499517927,-4.736516193807));
#12086 = VECTOR('',#12087,1.);
#12087 = DIRECTION('',(0.252208915944,0.967672807678));
#12088 = ( GEOMETRIC_REPRESENTATION_CONTEXT(2) 
PARAMETRIC_REPRESENTATION_CONTEXT() REPRESENTATION_CONTEXT('2D SPACE',''
  ) );
#12089 = ADVANCED_FACE('',(#12090),#10229,.T.);
#12090 = FACE_BOUND('',#12091,.T.);
#12091 = EDGE_LOOP('',(#12092,#12093,#12094));
#12092 = ORIENTED_EDGE('',*,*,#12069,.F.);
#12093 = ORIENTED_EDGE('',*,*,#10215,.F.);
#12094 = ORIENTED_EDGE('',*,*,#12021,.T.);
#12095 = ADVANCED_FACE('',(#12096),#10702,.T.);
#12096 = FACE_BOUND('',#12097,.T.);
#12097 = EDGE_LOOP('',(#12098,#12119,#12120));
#12098 = ORIENTED_EDGE('',*,*,#12099,.F.);
#12099 = EDGE_CURVE('',#1486,#10666,#12100,.T.);
#12100 = SURFACE_CURVE('',#12101,(#12105,#12112),.PCURVE_S1.);
#12101 = LINE('',#12102,#12103);
#12102 = CARTESIAN_POINT('',(3.022559883614,-29.85801341519,
    9.379200242553));
#12103 = VECTOR('',#12104,1.);
#12104 = DIRECTION('',(0.962884569504,0.269899930136,-2.708047726185E-03
    ));
#12105 = PCURVE('',#10702,#12106);
#12106 = DEFINITIONAL_REPRESENTATION('',(#12107),#12111);
#12107 = LINE('',#12108,#12109);
#12108 = CARTESIAN_POINT('',(-2.637726926974,9.412999652095));
#12109 = VECTOR('',#12110,1.);
#12110 = DIRECTION('',(0.269827892224,-0.962908567091));
#12111 = ( GEOMETRIC_REPRESENTATION_CONTEXT(2) 
PARAMETRIC_REPRESENTATION_CONTEXT() REPRESENTATION_CONTEXT('2D SPACE',''
  ) );
#12112 = PCURVE('',#10786,#12113);
#12113 = DEFINITIONAL_REPRESENTATION('',(#12114),#12118);
#12114 = LINE('',#12115,#12116);
#12115 = CARTESIAN_POINT('',(-3.642843441632,11.676075430576));
#12116 = VECTOR('',#12117,1.);
#12117 = DIRECTION('',(0.269178896812,-0.963090193861));
#12118 = ( GEOMETRIC_REPRESENTATION_CONTEXT(2) 
PARAMETRIC_REPRESENTATION_CONTEXT() REPRESENTATION_CONTEXT('2D SPACE',''
  ) );
#12119 = ORIENTED_EDGE('',*,*,#11995,.T.);
#12120 = ORIENTED_EDGE('',*,*,#10688,.T.);
#12121 = ADVANCED_FACE('',(#12122),#4982,.T.);
#12122 = FACE_BOUND('',#12123,.T.);
#12123 = EDGE_LOOP('',(#12124,#12125,#12126));
#12124 = ORIENTED_EDGE('',*,*,#4966,.F.);
#12125 = ORIENTED_EDGE('',*,*,#12043,.F.);
#12126 = ORIENTED_EDGE('',*,*,#12127,.T.);
#12127 = EDGE_CURVE('',#3646,#4967,#12128,.T.);
#12128 = SURFACE_CURVE('',#12129,(#12133,#12140),.PCURVE_S1.);
#12129 = LINE('',#12130,#12131);
#12130 = CARTESIAN_POINT('',(-28.74947302715,-8.436298131591,
    9.347890291659));
#12131 = VECTOR('',#12132,1.);
#12132 = DIRECTION('',(7.907683112467E-02,0.996866482656,
    -2.01755715059E-03));
#12133 = PCURVE('',#4982,#12134);
#12134 = DEFINITIONAL_REPRESENTATION('',(#12135),#12139);
#12135 = LINE('',#12136,#12137);
#12136 = CARTESIAN_POINT('',(-1.704206222531,-21.48210495591));
#12137 = VECTOR('',#12138,1.);
#12138 = DIRECTION('',(7.908297233606E-02,0.996868037148));
#12139 = ( GEOMETRIC_REPRESENTATION_CONTEXT(2) 
PARAMETRIC_REPRESENTATION_CONTEXT() REPRESENTATION_CONTEXT('2D SPACE',''
  ) );
#12140 = PCURVE('',#12141,#12146);
#12141 = PLANE('',#12142);
#12142 = AXIS2_PLACEMENT_3D('',#12143,#12144,#12145);
#12143 = CARTESIAN_POINT('',(-21.45934993546,21.004370580315,
    9.369582437097));
#12144 = DIRECTION('',(-1.640164048433E-02,3.324682309318E-03,
    0.999859956532));
#12145 = DIRECTION('',(0.99986548256,1.856592547142E-21,
    1.640173113295E-02));
#12146 = DEFINITIONAL_REPRESENTATION('',(#12147),#12151);
#12147 = LINE('',#12148,#12149);
#12148 = CARTESIAN_POINT('',(-7.289498231736,-29.44083142465));
#12149 = VECTOR('',#12150,1.);
#12150 = DIRECTION('',(7.903310248189E-02,0.996871992139));
#12151 = ( GEOMETRIC_REPRESENTATION_CONTEXT(2) 
PARAMETRIC_REPRESENTATION_CONTEXT() REPRESENTATION_CONTEXT('2D SPACE',''
  ) );
#12152 = ADVANCED_FACE('',(#12153),#10786,.T.);
#12153 = FACE_BOUND('',#12154,.T.);
#12154 = EDGE_LOOP('',(#12155,#12181,#12182));
#12155 = ORIENTED_EDGE('',*,*,#12156,.F.);
#12156 = EDGE_CURVE('',#1486,#10750,#12157,.T.);
#12157 = SURFACE_CURVE('',#12158,(#12162,#12169),.PCURVE_S1.);
#12158 = LINE('',#12159,#12160);
#12159 = CARTESIAN_POINT('',(3.022559883614,-29.85801341519,
    9.379200242553));
#12160 = VECTOR('',#12161,1.);
#12161 = DIRECTION('',(0.954414092609,0.298439010375,-5.281753148653E-03
    ));
#12162 = PCURVE('',#10786,#12163);
#12163 = DEFINITIONAL_REPRESENTATION('',(#12164),#12168);
#12164 = LINE('',#12165,#12166);
#12165 = CARTESIAN_POINT('',(-3.642843441632,11.676075430576));
#12166 = VECTOR('',#12167,1.);
#12167 = DIRECTION('',(0.297833257967,-0.954617908091));
#12168 = ( GEOMETRIC_REPRESENTATION_CONTEXT(2) 
PARAMETRIC_REPRESENTATION_CONTEXT() REPRESENTATION_CONTEXT('2D SPACE',''
  ) );
#12169 = PCURVE('',#12170,#12175);
#12170 = PLANE('',#12171);
#12171 = AXIS2_PLACEMENT_3D('',#12172,#12173,#12174);
#12172 = CARTESIAN_POINT('',(20.574173864955,-21.82148920028,
    9.345247457556));
#12173 = DIRECTION('',(1.328132717727E-02,-2.478302329518E-02,
    0.999604625892));
#12174 = DIRECTION('',(6.887678140382E-20,0.999692799512,
    2.478520936838E-02));
#12175 = DEFINITIONAL_REPRESENTATION('',(#12176),#12180);
#12176 = LINE('',#12177,#12178);
#12177 = CARTESIAN_POINT('',(-8.033213863869,17.553162182804));
#12178 = VECTOR('',#12179,1.);
#12179 = DIRECTION('',(0.298216420408,-0.95449828004));
#12180 = ( GEOMETRIC_REPRESENTATION_CONTEXT(2) 
PARAMETRIC_REPRESENTATION_CONTEXT() REPRESENTATION_CONTEXT('2D SPACE',''
  ) );
#12181 = ORIENTED_EDGE('',*,*,#12099,.T.);
#12182 = ORIENTED_EDGE('',*,*,#10772,.T.);
#12183 = ADVANCED_FACE('',(#12184),#12170,.T.);
#12184 = FACE_BOUND('',#12185,.T.);
#12185 = EDGE_LOOP('',(#12186,#12212,#12213));
#12186 = ORIENTED_EDGE('',*,*,#12187,.F.);
#12187 = EDGE_CURVE('',#1486,#10865,#12188,.T.);
#12188 = SURFACE_CURVE('',#12189,(#12193,#12200),.PCURVE_S1.);
#12189 = LINE('',#12190,#12191);
#12190 = CARTESIAN_POINT('',(3.022559883614,-29.85801341519,
    9.379200242553));
#12191 = VECTOR('',#12192,1.);
#12192 = DIRECTION('',(0.909219645057,0.416313035482,-1.758843326689E-03
    ));
#12193 = PCURVE('',#12170,#12194);
#12194 = DEFINITIONAL_REPRESENTATION('',(#12195),#12199);
#12195 = LINE('',#12196,#12197);
#12196 = CARTESIAN_POINT('',(-8.033213863869,17.553162182804));
#12197 = VECTOR('',#12198,1.);
#12198 = DIRECTION('',(0.416141550614,-0.909299845954));
#12199 = ( GEOMETRIC_REPRESENTATION_CONTEXT(2) 
PARAMETRIC_REPRESENTATION_CONTEXT() REPRESENTATION_CONTEXT('2D SPACE',''
  ) );
#12200 = PCURVE('',#12201,#12206);
#12201 = PLANE('',#12202);
#12202 = AXIS2_PLACEMENT_3D('',#12203,#12204,#12205);
#12203 = CARTESIAN_POINT('',(-17.74682106677,24.205832293995,
    9.310364797796));
#12204 = DIRECTION('',(1.149303730705E-03,1.714743446199E-03,
    0.999997869376));
#12205 = DIRECTION('',(-3.026721745272E-22,0.999998529824,
    -1.714744578701E-03));
#12206 = DEFINITIONAL_REPRESENTATION('',(#12207),#12211);
#12207 = LINE('',#12208,#12209);
#12208 = CARTESIAN_POINT('',(-54.06388426105,-20.76939466752));
#12209 = VECTOR('',#12210,1.);
#12210 = DIRECTION('',(0.416315439396,-0.909220245552));
#12211 = ( GEOMETRIC_REPRESENTATION_CONTEXT(2) 
PARAMETRIC_REPRESENTATION_CONTEXT() REPRESENTATION_CONTEXT('2D SPACE',''
  ) );
#12212 = ORIENTED_EDGE('',*,*,#12156,.T.);
#12213 = ORIENTED_EDGE('',*,*,#12214,.T.);
#12214 = EDGE_CURVE('',#10750,#10865,#12215,.T.);
#12215 = SURFACE_CURVE('',#12216,(#12220,#12227),.PCURVE_S1.);
#12216 = LINE('',#12217,#12218);
#12217 = CARTESIAN_POINT('',(14.696142416319,-26.20776092461,
    9.314598324187));
#12218 = VECTOR('',#12219,1.);
#12219 = DIRECTION('',(0.801446956993,0.598051262012,4.178891332544E-03)
  );
#12220 = PCURVE('',#12170,#12221);
#12221 = DEFINITIONAL_REPRESENTATION('',(#12222),#12226);
#12222 = LINE('',#12223,#12224);
#12223 = CARTESIAN_POINT('',(-4.3856839047,5.878549940946));
#12224 = VECTOR('',#12225,1.);
#12225 = DIRECTION('',(0.597971115069,-0.801517651423));
#12226 = ( GEOMETRIC_REPRESENTATION_CONTEXT(2) 
PARAMETRIC_REPRESENTATION_CONTEXT() REPRESENTATION_CONTEXT('2D SPACE',''
  ) );
#12227 = PCURVE('',#10817,#12228);
#12228 = DEFINITIONAL_REPRESENTATION('',(#12229),#12233);
#12229 = LINE('',#12230,#12231);
#12230 = CARTESIAN_POINT('',(-4.361451740561,5.896550808303));
#12231 = VECTOR('',#12232,1.);
#12232 = DIRECTION('',(0.594667152785,-0.803972000382));
#12233 = ( GEOMETRIC_REPRESENTATION_CONTEXT(2) 
PARAMETRIC_REPRESENTATION_CONTEXT() REPRESENTATION_CONTEXT('2D SPACE',''
  ) );
#12234 = ADVANCED_FACE('',(#12235),#10817,.T.);
#12235 = FACE_BOUND('',#12236,.T.);
#12236 = EDGE_LOOP('',(#12237,#12238,#12239));
#12237 = ORIENTED_EDGE('',*,*,#12214,.F.);
#12238 = ORIENTED_EDGE('',*,*,#10803,.T.);
#12239 = ORIENTED_EDGE('',*,*,#12240,.T.);
#12240 = EDGE_CURVE('',#1027,#10865,#12241,.T.);
#12241 = SURFACE_CURVE('',#12242,(#12246,#12253),.PCURVE_S1.);
#12242 = LINE('',#12243,#12244);
#12243 = CARTESIAN_POINT('',(16.745339976925,-24.89329654583,
    9.300780128447));
#12244 = VECTOR('',#12245,1.);
#12245 = DIRECTION('',(0.779967498363,0.62575446228,9.058390219683E-03)
  );
#12246 = PCURVE('',#10817,#12247);
#12247 = DEFINITIONAL_REPRESENTATION('',(#12248),#12252);
#12248 = LINE('',#12249,#12250);
#12249 = CARTESIAN_POINT('',(-3.057033959123,3.840897034085));
#12250 = VECTOR('',#12251,1.);
#12251 = DIRECTION('',(0.622744992141,-0.782424868447));
#12252 = ( GEOMETRIC_REPRESENTATION_CONTEXT(2) 
PARAMETRIC_REPRESENTATION_CONTEXT() REPRESENTATION_CONTEXT('2D SPACE',''
  ) );
#12253 = PCURVE('',#1121,#12254);
#12254 = DEFINITIONAL_REPRESENTATION('',(#12255),#12259);
#12255 = LINE('',#12256,#12257);
#12256 = CARTESIAN_POINT('',(-3.058039497273,3.840096494464));
#12257 = VECTOR('',#12258,1.);
#12258 = DIRECTION('',(0.6229498292,-0.78226179141));
#12259 = ( GEOMETRIC_REPRESENTATION_CONTEXT(2) 
PARAMETRIC_REPRESENTATION_CONTEXT() REPRESENTATION_CONTEXT('2D SPACE',''
  ) );
#12260 = ADVANCED_FACE('',(#12261),#1121,.T.);
#12261 = FACE_BOUND('',#12262,.T.);
#12262 = EDGE_LOOP('',(#12263,#12264,#12265));
#12263 = ORIENTED_EDGE('',*,*,#12240,.F.);
#12264 = ORIENTED_EDGE('',*,*,#1107,.T.);
#12265 = ORIENTED_EDGE('',*,*,#10887,.T.);
#12266 = ADVANCED_FACE('',(#12267),#5454,.T.);
#12267 = FACE_BOUND('',#12268,.T.);
#12268 = EDGE_LOOP('',(#12269,#12270,#12271));
#12269 = ORIENTED_EDGE('',*,*,#5522,.F.);
#12270 = ORIENTED_EDGE('',*,*,#5440,.F.);
#12271 = ORIENTED_EDGE('',*,*,#12272,.T.);
#12272 = EDGE_CURVE('',#5413,#5523,#12273,.T.);
#12273 = SURFACE_CURVE('',#12274,(#12278,#12285),.PCURVE_S1.);
#12274 = LINE('',#12275,#12276);
#12275 = CARTESIAN_POINT('',(-24.53966708473,17.234327974216,
    9.330374699186));
#12276 = VECTOR('',#12277,1.);
#12277 = DIRECTION('',(0.632692588756,0.774361177952,8.053211405323E-03)
  );
#12278 = PCURVE('',#5454,#12279);
#12279 = DEFINITIONAL_REPRESENTATION('',(#12280),#12284);
#12280 = LINE('',#12281,#12282);
#12281 = CARTESIAN_POINT('',(-2.778384130498,-3.997961213169));
#12282 = VECTOR('',#12283,1.);
#12283 = DIRECTION('',(0.570675993055,0.821175322907));
#12284 = ( GEOMETRIC_REPRESENTATION_CONTEXT(2) 
PARAMETRIC_REPRESENTATION_CONTEXT() REPRESENTATION_CONTEXT('2D SPACE',''
  ) );
#12285 = PCURVE('',#5505,#12286);
#12286 = DEFINITIONAL_REPRESENTATION('',(#12287),#12291);
#12287 = LINE('',#12288,#12289);
#12288 = CARTESIAN_POINT('',(-3.767560495143,3.083601815094));
#12289 = VECTOR('',#12290,1.);
#12290 = DIRECTION('',(0.773851356031,-0.63336725426));
#12291 = ( GEOMETRIC_REPRESENTATION_CONTEXT(2) 
PARAMETRIC_REPRESENTATION_CONTEXT() REPRESENTATION_CONTEXT('2D SPACE',''
  ) );
#12292 = ADVANCED_FACE('',(#12293),#5505,.T.);
#12293 = FACE_BOUND('',#12294,.T.);
#12294 = EDGE_LOOP('',(#12295,#12296,#12297));
#12295 = ORIENTED_EDGE('',*,*,#12272,.F.);
#12296 = ORIENTED_EDGE('',*,*,#5491,.F.);
#12297 = ORIENTED_EDGE('',*,*,#12298,.T.);
#12298 = EDGE_CURVE('',#5078,#5523,#12299,.T.);
#12299 = SURFACE_CURVE('',#12300,(#12304,#12311),.PCURVE_S1.);
#12300 = LINE('',#12301,#12302);
#12301 = CARTESIAN_POINT('',(-25.83813335561,15.146811551895,
    9.289835920277));
#12302 = VECTOR('',#12303,1.);
#12303 = DIRECTION('',(0.598704737077,0.800895591659,1.090362614555E-02)
  );
#12304 = PCURVE('',#5505,#12305);
#12305 = DEFINITIONAL_REPRESENTATION('',(#12306),#12310);
#12306 = LINE('',#12307,#12308);
#12307 = CARTESIAN_POINT('',(-5.854608783685,4.383452692673));
#12308 = VECTOR('',#12309,1.);
#12309 = DIRECTION('',(0.800492208954,-0.59934315997));
#12310 = ( GEOMETRIC_REPRESENTATION_CONTEXT(2) 
PARAMETRIC_REPRESENTATION_CONTEXT() REPRESENTATION_CONTEXT('2D SPACE',''
  ) );
#12311 = PCURVE('',#5093,#12312);
#12312 = DEFINITIONAL_REPRESENTATION('',(#12313),#12317);
#12313 = LINE('',#12314,#12315);
#12314 = CARTESIAN_POINT('',(-4.357597180159,-5.873878474601));
#12315 = VECTOR('',#12316,1.);
#12316 = DIRECTION('',(0.595807973062,0.803126925981));
#12317 = ( GEOMETRIC_REPRESENTATION_CONTEXT(2) 
PARAMETRIC_REPRESENTATION_CONTEXT() REPRESENTATION_CONTEXT('2D SPACE',''
  ) );
#12318 = ADVANCED_FACE('',(#12319),#5093,.T.);
#12319 = FACE_BOUND('',#12320,.T.);
#12320 = EDGE_LOOP('',(#12321,#12322,#12323));
#12321 = ORIENTED_EDGE('',*,*,#12298,.F.);
#12322 = ORIENTED_EDGE('',*,*,#5077,.F.);
#12323 = ORIENTED_EDGE('',*,*,#12324,.T.);
#12324 = EDGE_CURVE('',#4967,#5523,#12325,.T.);
#12325 = SURFACE_CURVE('',#12326,(#12330,#12337),.PCURVE_S1.);
#12326 = LINE('',#12327,#12328);
#12327 = CARTESIAN_POINT('',(-27.04539914526,13.045773325648,
    9.304412747141));
#12328 = VECTOR('',#12329,1.);
#12329 = DIRECTION('',(0.574486486089,0.818486626114,6.702251408213E-03)
  );
#12330 = PCURVE('',#5093,#12331);
#12331 = DEFINITIONAL_REPRESENTATION('',(#12332),#12336);
#12332 = LINE('',#12333,#12334);
#12333 = CARTESIAN_POINT('',(-5.55470688733,-7.980770296192));
#12334 = VECTOR('',#12335,1.);
#12335 = DIRECTION('',(0.571263145223,0.820766969919));
#12336 = ( GEOMETRIC_REPRESENTATION_CONTEXT(2) 
PARAMETRIC_REPRESENTATION_CONTEXT() REPRESENTATION_CONTEXT('2D SPACE',''
  ) );
#12337 = PCURVE('',#12141,#12338);
#12338 = DEFINITIONAL_REPRESENTATION('',(#12339),#12343);
#12339 = LINE('',#12340,#12341);
#12340 = CARTESIAN_POINT('',(-5.58636668449,-7.958641240259));
#12341 = VECTOR('',#12342,1.);
#12342 = DIRECTION('',(0.574519136163,0.818491149727));
#12343 = ( GEOMETRIC_REPRESENTATION_CONTEXT(2) 
PARAMETRIC_REPRESENTATION_CONTEXT() REPRESENTATION_CONTEXT('2D SPACE',''
  ) );
#12344 = ADVANCED_FACE('',(#12345),#12141,.T.);
#12345 = FACE_BOUND('',#12346,.T.);
#12346 = EDGE_LOOP('',(#12347,#12348,#12349));
#12347 = ORIENTED_EDGE('',*,*,#12324,.F.);
#12348 = ORIENTED_EDGE('',*,*,#12127,.F.);
#12349 = ORIENTED_EDGE('',*,*,#12350,.T.);
#12350 = EDGE_CURVE('',#3646,#5523,#12351,.T.);
#12351 = SURFACE_CURVE('',#12352,(#12356,#12363),.PCURVE_S1.);
#12352 = LINE('',#12353,#12354);
#12353 = CARTESIAN_POINT('',(-28.74947302715,-8.436298131591,
    9.347890291659));
#12354 = VECTOR('',#12355,1.);
#12355 = DIRECTION('',(0.240361390533,0.970683208064,7.152079842463E-04)
  );
#12356 = PCURVE('',#12141,#12357);
#12357 = DEFINITIONAL_REPRESENTATION('',(#12358),#12362);
#12358 = LINE('',#12359,#12360);
#12359 = CARTESIAN_POINT('',(-7.289498231736,-29.44083142465));
#12360 = VECTOR('',#12361,1.);
#12361 = DIRECTION('',(0.240340788384,0.970688572838));
#12362 = ( GEOMETRIC_REPRESENTATION_CONTEXT(2) 
PARAMETRIC_REPRESENTATION_CONTEXT() REPRESENTATION_CONTEXT('2D SPACE',''
  ) );
#12363 = PCURVE('',#12364,#12369);
#12364 = PLANE('',#12365);
#12365 = AXIS2_PLACEMENT_3D('',#12366,#12367,#12368);
#12366 = CARTESIAN_POINT('',(-17.74682106677,24.205832293995,
    9.310364797796));
#12367 = DIRECTION('',(2.108436878007E-02,-5.957561075281E-03,
    0.999759949617));
#12368 = DIRECTION('',(0.999777692097,-1.794805901113E-20,
    -2.108474295887E-02));
#12369 = DEFINITIONAL_REPRESENTATION('',(#12370),#12374);
#12370 = LINE('',#12371,#12372);
#12371 = CARTESIAN_POINT('',(-11.00099719929,-32.64270971696));
#12372 = VECTOR('',#12373,1.);
#12373 = DIRECTION('',(0.24029287632,0.970700434526));
#12374 = ( GEOMETRIC_REPRESENTATION_CONTEXT(2) 
PARAMETRIC_REPRESENTATION_CONTEXT() REPRESENTATION_CONTEXT('2D SPACE',''
  ) );
#12375 = ADVANCED_FACE('',(#12376),#11011,.T.);
#12376 = FACE_BOUND('',#12377,.T.);
#12377 = EDGE_LOOP('',(#12378,#12404,#12405));
#12378 = ORIENTED_EDGE('',*,*,#12379,.F.);
#12379 = EDGE_CURVE('',#10865,#11028,#12380,.T.);
#12380 = SURFACE_CURVE('',#12381,(#12385,#12392),.PCURVE_S1.);
#12381 = LINE('',#12382,#12383);
#12382 = CARTESIAN_POINT('',(20.574173864955,-21.82148920028,
    9.345247457556));
#12383 = VECTOR('',#12384,1.);
#12384 = DIRECTION('',(0.666805204616,0.745230944517,-1.287800987219E-03
    ));
#12385 = PCURVE('',#11011,#12386);
#12386 = DEFINITIONAL_REPRESENTATION('',(#12387),#12391);
#12387 = LINE('',#12388,#12389);
#12388 = CARTESIAN_POINT('',(-3.23194884446,-3.614049559117));
#12389 = VECTOR('',#12390,1.);
#12390 = DIRECTION('',(0.666603028991,0.745412906878));
#12391 = ( GEOMETRIC_REPRESENTATION_CONTEXT(2) 
PARAMETRIC_REPRESENTATION_CONTEXT() REPRESENTATION_CONTEXT('2D SPACE',''
  ) );
#12392 = PCURVE('',#12393,#12398);
#12393 = PLANE('',#12394);
#12394 = AXIS2_PLACEMENT_3D('',#12395,#12396,#12397);
#12395 = CARTESIAN_POINT('',(-17.74682106677,24.205832293995,
    9.310364797796));
#12396 = DIRECTION('',(5.616672452081E-04,1.225495507674E-03,
    0.999999091345));
#12397 = DIRECTION('',(5.244981350022E-23,0.99999924908,
    -1.225495700978E-03));
#12398 = DEFINITIONAL_REPRESENTATION('',(#12399),#12403);
#12399 = LINE('',#12400,#12401);
#12400 = CARTESIAN_POINT('',(-46.02732967998,-38.32100097629));
#12401 = VECTOR('',#12402,1.);
#12402 = DIRECTION('',(0.745231963102,-0.666805309795));
#12403 = ( GEOMETRIC_REPRESENTATION_CONTEXT(2) 
PARAMETRIC_REPRESENTATION_CONTEXT() REPRESENTATION_CONTEXT('2D SPACE',''
  ) );
#12404 = ORIENTED_EDGE('',*,*,#10997,.T.);
#12405 = ORIENTED_EDGE('',*,*,#11050,.T.);
#12406 = ADVANCED_FACE('',(#12407),#11668,.T.);
#12407 = FACE_BOUND('',#12408,.T.);
#12408 = EDGE_LOOP('',(#12409,#12430,#12431));
#12409 = ORIENTED_EDGE('',*,*,#12410,.F.);
#12410 = EDGE_CURVE('',#3646,#5776,#12411,.T.);
#12411 = SURFACE_CURVE('',#12412,(#12416,#12423),.PCURVE_S1.);
#12412 = LINE('',#12413,#12414);
#12413 = CARTESIAN_POINT('',(-28.74947302715,-8.436298131591,
    9.347890291659));
#12414 = VECTOR('',#12415,1.);
#12415 = DIRECTION('',(0.319411817144,0.947615377839,-1.089381562476E-03
    ));
#12416 = PCURVE('',#11668,#12417);
#12417 = DEFINITIONAL_REPRESENTATION('',(#12418),#12422);
#12418 = LINE('',#12419,#12420);
#12419 = CARTESIAN_POINT('',(-11.00271376923,-32.64213116138));
#12420 = VECTOR('',#12421,1.);
#12421 = DIRECTION('',(0.319413611481,0.9476153992));
#12422 = ( GEOMETRIC_REPRESENTATION_CONTEXT(2) 
PARAMETRIC_REPRESENTATION_CONTEXT() REPRESENTATION_CONTEXT('2D SPACE',''
  ) );
#12423 = PCURVE('',#12364,#12424);
#12424 = DEFINITIONAL_REPRESENTATION('',(#12425),#12429);
#12425 = LINE('',#12426,#12427);
#12426 = CARTESIAN_POINT('',(-11.00099719929,-32.64270971696));
#12427 = VECTOR('',#12428,1.);
#12428 = DIRECTION('',(0.319363778702,0.947632194922));
#12429 = ( GEOMETRIC_REPRESENTATION_CONTEXT(2) 
PARAMETRIC_REPRESENTATION_CONTEXT() REPRESENTATION_CONTEXT('2D SPACE',''
  ) );
#12430 = ORIENTED_EDGE('',*,*,#11654,.T.);
#12431 = ORIENTED_EDGE('',*,*,#12432,.T.);
#12432 = EDGE_CURVE('',#2985,#5776,#12433,.T.);
#12433 = SURFACE_CURVE('',#12434,(#12438,#12445),.PCURVE_S1.);
#12434 = LINE('',#12435,#12436);
#12435 = CARTESIAN_POINT('',(-23.05053880511,-19.16279440856,
    9.334321033963));
#12436 = VECTOR('',#12437,1.);
#12437 = DIRECTION('',(0.121389494842,0.992604800466,-5.483013143204E-04
    ));
#12438 = PCURVE('',#11668,#12439);
#12439 = DEFINITIONAL_REPRESENTATION('',(#12440),#12444);
#12440 = LINE('',#12441,#12442);
#12441 = CARTESIAN_POINT('',(-5.303763847995,-43.36862768015));
#12442 = VECTOR('',#12443,1.);
#12443 = DIRECTION('',(0.121390550182,0.992604822841));
#12444 = ( GEOMETRIC_REPRESENTATION_CONTEXT(2) 
PARAMETRIC_REPRESENTATION_CONTEXT() REPRESENTATION_CONTEXT('2D SPACE',''
  ) );
#12445 = PCURVE('',#11869,#12446);
#12446 = DEFINITIONAL_REPRESENTATION('',(#12447),#12451);
#12447 = LINE('',#12448,#12449);
#12448 = CARTESIAN_POINT('',(-5.303678269551,-43.36863814588));
#12449 = VECTOR('',#12450,1.);
#12450 = DIRECTION('',(0.121388591495,0.992605062376));
#12451 = ( GEOMETRIC_REPRESENTATION_CONTEXT(2) 
PARAMETRIC_REPRESENTATION_CONTEXT() REPRESENTATION_CONTEXT('2D SPACE',''
  ) );
#12452 = ADVANCED_FACE('',(#12453),#11869,.T.);
#12453 = FACE_BOUND('',#12454,.T.);
#12454 = EDGE_LOOP('',(#12455,#12456,#12457));
#12455 = ORIENTED_EDGE('',*,*,#12432,.F.);
#12456 = ORIENTED_EDGE('',*,*,#11855,.T.);
#12457 = ORIENTED_EDGE('',*,*,#12458,.F.);
#12458 = EDGE_CURVE('',#5776,#1486,#12459,.T.);
#12459 = SURFACE_CURVE('',#12460,(#12464,#12471),.PCURVE_S1.);
#12460 = LINE('',#12461,#12462);
#12461 = CARTESIAN_POINT('',(-17.74682106677,24.205832293995,
    9.310364797796));
#12462 = VECTOR('',#12463,1.);
#12463 = DIRECTION('',(0.35861170169,-0.933486065664,1.188537878917E-03)
  );
#12464 = PCURVE('',#11869,#12465);
#12465 = DEFINITIONAL_REPRESENTATION('',(#12466),#12470);
#12466 = LINE('',#12467,#12468);
#12467 = CARTESIAN_POINT('',(0.,0.));
#12468 = VECTOR('',#12469,1.);
#12469 = DIRECTION('',(0.358613030096,-0.933486311975));
#12470 = ( GEOMETRIC_REPRESENTATION_CONTEXT(2) 
PARAMETRIC_REPRESENTATION_CONTEXT() REPRESENTATION_CONTEXT('2D SPACE',''
  ) );
#12471 = PCURVE('',#12201,#12472);
#12472 = DEFINITIONAL_REPRESENTATION('',(#12473),#12477);
#12473 = LINE('',#12474,#12475);
#12474 = CARTESIAN_POINT('',(0.,0.));
#12475 = VECTOR('',#12476,1.);
#12476 = DIRECTION('',(-0.933486731315,-0.358611938535));
#12477 = ( GEOMETRIC_REPRESENTATION_CONTEXT(2) 
PARAMETRIC_REPRESENTATION_CONTEXT() REPRESENTATION_CONTEXT('2D SPACE',''
  ) );
#12478 = ADVANCED_FACE('',(#12479),#5875,.T.);
#12479 = FACE_BOUND('',#12480,.T.);
#12480 = EDGE_LOOP('',(#12481,#12482,#12483));
#12481 = ORIENTED_EDGE('',*,*,#5861,.F.);
#12482 = ORIENTED_EDGE('',*,*,#5912,.F.);
#12483 = ORIENTED_EDGE('',*,*,#12484,.T.);
#12484 = EDGE_CURVE('',#5523,#5776,#12485,.T.);
#12485 = SURFACE_CURVE('',#12486,(#12490,#12497),.PCURVE_S1.);
#12486 = LINE('',#12487,#12488);
#12487 = CARTESIAN_POINT('',(-21.45934993546,21.004370580315,
    9.369582437097));
#12488 = VECTOR('',#12489,1.);
#12489 = DIRECTION('',(0.757253241331,0.653009672228,-1.207876110631E-02
    ));
#12490 = PCURVE('',#5875,#12491);
#12491 = DEFINITIONAL_REPRESENTATION('',(#12492),#12496);
#12492 = LINE('',#12493,#12494);
#12493 = CARTESIAN_POINT('',(-2.858307306505,3.983191405824));
#12494 = VECTOR('',#12495,1.);
#12495 = DIRECTION('',(0.583015661056,-0.812460915345));
#12496 = ( GEOMETRIC_REPRESENTATION_CONTEXT(2) 
PARAMETRIC_REPRESENTATION_CONTEXT() REPRESENTATION_CONTEXT('2D SPACE',''
  ) );
#12497 = PCURVE('',#12364,#12498);
#12498 = DEFINITIONAL_REPRESENTATION('',(#12499),#12503);
#12499 = LINE('',#12500,#12501);
#12500 = CARTESIAN_POINT('',(-3.712952132889,-3.201518529186));
#12501 = VECTOR('',#12502,1.);
#12502 = DIRECTION('',(0.757339575524,0.65302126102));
#12503 = ( GEOMETRIC_REPRESENTATION_CONTEXT(2) 
PARAMETRIC_REPRESENTATION_CONTEXT() REPRESENTATION_CONTEXT('2D SPACE',''
  ) );
#12504 = ADVANCED_FACE('',(#12505),#12364,.T.);
#12505 = FACE_BOUND('',#12506,.T.);
#12506 = EDGE_LOOP('',(#12507,#12508,#12509));
#12507 = ORIENTED_EDGE('',*,*,#12484,.F.);
#12508 = ORIENTED_EDGE('',*,*,#12350,.F.);
#12509 = ORIENTED_EDGE('',*,*,#12410,.T.);
#12510 = ADVANCED_FACE('',(#12511),#12201,.T.);
#12511 = FACE_BOUND('',#12512,.T.);
#12512 = EDGE_LOOP('',(#12513,#12514,#12515));
#12513 = ORIENTED_EDGE('',*,*,#12458,.T.);
#12514 = ORIENTED_EDGE('',*,*,#12187,.T.);
#12515 = ORIENTED_EDGE('',*,*,#12516,.F.);
#12516 = EDGE_CURVE('',#5776,#10865,#12517,.T.);
#12517 = SURFACE_CURVE('',#12518,(#12522,#12529),.PCURVE_S1.);
#12518 = LINE('',#12519,#12520);
#12519 = CARTESIAN_POINT('',(-17.74682106677,24.205832293995,
    9.310364797796));
#12520 = VECTOR('',#12521,1.);
#12521 = DIRECTION('',(0.639838293692,-0.76850934848,5.824290715989E-04)
  );
#12522 = PCURVE('',#12201,#12523);
#12523 = DEFINITIONAL_REPRESENTATION('',(#12524),#12528);
#12524 = LINE('',#12525,#12526);
#12525 = CARTESIAN_POINT('',(0.,0.));
#12526 = VECTOR('',#12527,1.);
#12527 = DIRECTION('',(-0.768509217354,-0.639838716273));
#12528 = ( GEOMETRIC_REPRESENTATION_CONTEXT(2) 
PARAMETRIC_REPRESENTATION_CONTEXT() REPRESENTATION_CONTEXT('2D SPACE',''
  ) );
#12529 = PCURVE('',#12393,#12530);
#12530 = DEFINITIONAL_REPRESENTATION('',(#12531),#12535);
#12531 = LINE('',#12532,#12533);
#12532 = CARTESIAN_POINT('',(0.,0.));
#12533 = VECTOR('',#12534,1.);
#12534 = DIRECTION('',(-0.768509485156,-0.639838394617));
#12535 = ( GEOMETRIC_REPRESENTATION_CONTEXT(2) 
PARAMETRIC_REPRESENTATION_CONTEXT() REPRESENTATION_CONTEXT('2D SPACE',''
  ) );
#12536 = ADVANCED_FACE('',(#12537),#12393,.T.);
#12537 = FACE_BOUND('',#12538,.T.);
#12538 = EDGE_LOOP('',(#12539,#12540,#12541));
#12539 = ORIENTED_EDGE('',*,*,#12516,.T.);
#12540 = ORIENTED_EDGE('',*,*,#12379,.T.);
#12541 = ORIENTED_EDGE('',*,*,#12542,.F.);
#12542 = EDGE_CURVE('',#5776,#11028,#12543,.T.);
#12543 = SURFACE_CURVE('',#12544,(#12548,#12555),.PCURVE_S1.);
#12544 = LINE('',#12545,#12546);
#12545 = CARTESIAN_POINT('',(-17.74682106677,24.205832293995,
    9.310364797796));
#12546 = VECTOR('',#12547,1.);
#12547 = DIRECTION('',(0.69982585888,-0.714313330837,4.823189539907E-04)
  );
#12548 = PCURVE('',#12393,#12549);
#12549 = DEFINITIONAL_REPRESENTATION('',(#12550),#12554);
#12550 = LINE('',#12551,#12552);
#12551 = CARTESIAN_POINT('',(0.,0.));
#12552 = VECTOR('',#12553,1.);
#12553 = DIRECTION('',(-0.714313385524,-0.699825969267));
#12554 = ( GEOMETRIC_REPRESENTATION_CONTEXT(2) 
PARAMETRIC_REPRESENTATION_CONTEXT() REPRESENTATION_CONTEXT('2D SPACE',''
  ) );
#12555 = PCURVE('',#11174,#12556);
#12556 = DEFINITIONAL_REPRESENTATION('',(#12557),#12561);
#12557 = LINE('',#12558,#12559);
#12558 = CARTESIAN_POINT('',(40.469941669374,42.97617504001));
#12559 = VECTOR('',#12560,1.);
#12560 = DIRECTION('',(-0.714254339582,-0.699886232461));
#12561 = ( GEOMETRIC_REPRESENTATION_CONTEXT(2) 
PARAMETRIC_REPRESENTATION_CONTEXT() REPRESENTATION_CONTEXT('2D SPACE',''
  ) );
#12562 = ADVANCED_FACE('',(#12563),#11174,.T.);
#12563 = FACE_BOUND('',#12564,.T.);
#12564 = EDGE_LOOP('',(#12565,#12586,#12587));
#12565 = ORIENTED_EDGE('',*,*,#12566,.F.);
#12566 = EDGE_CURVE('',#5776,#11133,#12567,.T.);
#12567 = SURFACE_CURVE('',#12568,(#12572,#12579),.PCURVE_S1.);
#12568 = LINE('',#12569,#12570);
#12569 = CARTESIAN_POINT('',(-17.74682106677,24.205832293995,
    9.310364797796));
#12570 = VECTOR('',#12571,1.);
#12571 = DIRECTION('',(0.727953054339,-0.685626920879,
    -2.757618235921E-04));
#12572 = PCURVE('',#11174,#12573);
#12573 = DEFINITIONAL_REPRESENTATION('',(#12574),#12578);
#12574 = LINE('',#12575,#12576);
#12575 = CARTESIAN_POINT('',(40.469941669374,42.97617504001));
#12576 = VECTOR('',#12577,1.);
#12577 = DIRECTION('',(-0.685560293256,-0.728015854437));
#12578 = ( GEOMETRIC_REPRESENTATION_CONTEXT(2) 
PARAMETRIC_REPRESENTATION_CONTEXT() REPRESENTATION_CONTEXT('2D SPACE',''
  ) );
#12579 = PCURVE('',#6199,#12580);
#12580 = DEFINITIONAL_REPRESENTATION('',(#12581),#12585);
#12581 = LINE('',#12582,#12583);
#12582 = CARTESIAN_POINT('',(-1.372949359772,2.052243284164));
#12583 = VECTOR('',#12584,1.);
#12584 = DIRECTION('',(-0.685524645793,-0.728049421407));
#12585 = ( GEOMETRIC_REPRESENTATION_CONTEXT(2) 
PARAMETRIC_REPRESENTATION_CONTEXT() REPRESENTATION_CONTEXT('2D SPACE',''
  ) );
#12586 = ORIENTED_EDGE('',*,*,#12542,.T.);
#12587 = ORIENTED_EDGE('',*,*,#11160,.T.);
#12588 = ADVANCED_FACE('',(#12589),#6199,.T.);
#12589 = FACE_BOUND('',#12590,.T.);
#12590 = EDGE_LOOP('',(#12591,#12592,#12593));
#12591 = ORIENTED_EDGE('',*,*,#6185,.F.);
#12592 = ORIENTED_EDGE('',*,*,#12566,.T.);
#12593 = ORIENTED_EDGE('',*,*,#12594,.F.);
#12594 = EDGE_CURVE('',#6107,#11133,#12595,.T.);
#12595 = SURFACE_CURVE('',#12596,(#12600,#12607),.PCURVE_S1.);
#12596 = LINE('',#12597,#12598);
#12597 = CARTESIAN_POINT('',(-15.69484942442,25.577976800392,
    9.368021319228));
#12598 = VECTOR('',#12599,1.);
#12599 = DIRECTION('',(0.699155404866,-0.71496861755,-1.263236024634E-03
    ));
#12600 = PCURVE('',#6199,#12601);
#12601 = DEFINITIONAL_REPRESENTATION('',(#12602),#12606);
#12602 = LINE('',#12603,#12604);
#12603 = CARTESIAN_POINT('',(0.,0.));
#12604 = VECTOR('',#12605,1.);
#12605 = DIRECTION('',(-0.714879214196,-0.699247959676));
#12606 = ( GEOMETRIC_REPRESENTATION_CONTEXT(2) 
PARAMETRIC_REPRESENTATION_CONTEXT() REPRESENTATION_CONTEXT('2D SPACE',''
  ) );
#12607 = PCURVE('',#12608,#12613);
#12608 = PLANE('',#12609);
#12609 = AXIS2_PLACEMENT_3D('',#12610,#12611,#12612);
#12610 = CARTESIAN_POINT('',(29.080058091093,-7.27333234096,
    9.393607542322));
#12611 = DIRECTION('',(-6.610545805526E-03,-8.231080796319E-03,
    0.999944273444));
#12612 = DIRECTION('',(7.351851221805E-21,0.9999661226,
    8.231260648513E-03));
#12613 = DEFINITIONAL_REPRESENTATION('',(#12614),#12618);
#12614 = LINE('',#12615,#12616);
#12615 = CARTESIAN_POINT('',(32.849985617548,44.775885863998));
#12616 = VECTOR('',#12617,1.);
#12617 = DIRECTION('',(-0.714954794297,-0.699170681673));
#12618 = ( GEOMETRIC_REPRESENTATION_CONTEXT(2) 
PARAMETRIC_REPRESENTATION_CONTEXT() REPRESENTATION_CONTEXT('2D SPACE',''
  ) );
#12619 = ADVANCED_FACE('',(#12620),#6148,.T.);
#12620 = FACE_BOUND('',#12621,.T.);
#12621 = EDGE_LOOP('',(#12622,#12648,#12649));
#12622 = ORIENTED_EDGE('',*,*,#12623,.F.);
#12623 = EDGE_CURVE('',#6049,#173,#12624,.T.);
#12624 = SURFACE_CURVE('',#12625,(#12629,#12636),.PCURVE_S1.);
#12625 = LINE('',#12626,#12627);
#12626 = CARTESIAN_POINT('',(-13.54048553394,26.752240569956,
    9.329864118801));
#12627 = VECTOR('',#12628,1.);
#12628 = DIRECTION('',(0.781501700666,-0.623902016125,1.168816482638E-03
    ));
#12629 = PCURVE('',#6148,#12630);
#12630 = DEFINITIONAL_REPRESENTATION('',(#12631),#12635);
#12631 = LINE('',#12632,#12633);
#12632 = CARTESIAN_POINT('',(34.023007018045,42.622639611873));
#12633 = VECTOR('',#12634,1.);
#12634 = DIRECTION('',(-0.623854967226,-0.781540133242));
#12635 = ( GEOMETRIC_REPRESENTATION_CONTEXT(2) 
PARAMETRIC_REPRESENTATION_CONTEXT() REPRESENTATION_CONTEXT('2D SPACE',''
  ) );
#12636 = PCURVE('',#12637,#12642);
#12637 = PLANE('',#12638);
#12638 = AXIS2_PLACEMENT_3D('',#12639,#12640,#12641);
#12639 = CARTESIAN_POINT('',(30.025278634079,2.791513046801E-02,
    9.352934985586));
#12640 = DIRECTION('',(2.67510879975E-03,5.224215249559E-03,
    0.999982775536));
#12641 = DIRECTION('',(-3.947099915695E-22,0.999986353597,
    -5.224233942442E-03));
#12642 = DEFINITIONAL_REPRESENTATION('',(#12643),#12647);
#12643 = LINE('',#12644,#12645);
#12644 = CARTESIAN_POINT('',(26.724081276172,43.565920051673));
#12645 = VECTOR('',#12646,1.);
#12646 = DIRECTION('',(-0.623899608277,-0.781504496975));
#12647 = ( GEOMETRIC_REPRESENTATION_CONTEXT(2) 
PARAMETRIC_REPRESENTATION_CONTEXT() REPRESENTATION_CONTEXT('2D SPACE',''
  ) );
#12648 = ORIENTED_EDGE('',*,*,#6134,.F.);
#12649 = ORIENTED_EDGE('',*,*,#12650,.T.);
#12650 = EDGE_CURVE('',#6107,#173,#12651,.T.);
#12651 = SURFACE_CURVE('',#12652,(#12656,#12663),.PCURVE_S1.);
#12652 = LINE('',#12653,#12654);
#12653 = CARTESIAN_POINT('',(-15.69484942442,25.577976800392,
    9.368021319228));
#12654 = VECTOR('',#12655,1.);
#12655 = DIRECTION('',(0.806264255536,-0.591555354951,4.607325455212E-04
    ));
#12656 = PCURVE('',#6148,#12657);
#12657 = DEFINITIONAL_REPRESENTATION('',(#12658),#12662);
#12658 = LINE('',#12659,#12660);
#12659 = CARTESIAN_POINT('',(32.848317755097,44.777109449349));
#12660 = VECTOR('',#12661,1.);
#12661 = DIRECTION('',(-0.591501488892,-0.806303905881));
#12662 = ( GEOMETRIC_REPRESENTATION_CONTEXT(2) 
PARAMETRIC_REPRESENTATION_CONTEXT() REPRESENTATION_CONTEXT('2D SPACE',''
  ) );
#12663 = PCURVE('',#12608,#12664);
#12664 = DEFINITIONAL_REPRESENTATION('',(#12665),#12669);
#12665 = LINE('',#12666,#12667);
#12666 = CARTESIAN_POINT('',(32.849985617548,44.775885863998));
#12667 = VECTOR('',#12668,1.);
#12668 = DIRECTION('',(-0.591531522184,-0.806281872711));
#12669 = ( GEOMETRIC_REPRESENTATION_CONTEXT(2) 
PARAMETRIC_REPRESENTATION_CONTEXT() REPRESENTATION_CONTEXT('2D SPACE',''
  ) );
#12670 = ADVANCED_FACE('',(#12671),#12608,.T.);
#12671 = FACE_BOUND('',#12672,.T.);
#12672 = EDGE_LOOP('',(#12673,#12674,#12675));
#12673 = ORIENTED_EDGE('',*,*,#12650,.F.);
#12674 = ORIENTED_EDGE('',*,*,#12594,.T.);
#12675 = ORIENTED_EDGE('',*,*,#12676,.T.);
#12676 = EDGE_CURVE('',#11133,#173,#12677,.T.);
#12677 = SURFACE_CURVE('',#12678,(#12682,#12689),.PCURVE_S1.);
#12678 = LINE('',#12679,#12680);
#12679 = CARTESIAN_POINT('',(25.225646762745,-16.26804253206,
    9.29408604737));
#12680 = VECTOR('',#12681,1.);
#12681 = DIRECTION('',(0.393858831896,0.919114683754,1.01694957832E-02)
  );
#12682 = PCURVE('',#12608,#12683);
#12683 = DEFINITIONAL_REPRESENTATION('',(#12684),#12688);
#12684 = LINE('',#12685,#12686);
#12685 = CARTESIAN_POINT('',(-8.995224661076,3.854495548677));
#12686 = VECTOR('',#12687,1.);
#12687 = DIRECTION('',(0.919167254309,-0.393867437859));
#12688 = ( GEOMETRIC_REPRESENTATION_CONTEXT(2) 
PARAMETRIC_REPRESENTATION_CONTEXT() REPRESENTATION_CONTEXT('2D SPACE',''
  ) );
#12689 = PCURVE('',#11227,#12690);
#12690 = DEFINITIONAL_REPRESENTATION('',(#12691),#12695);
#12691 = LINE('',#12692,#12693);
#12692 = CARTESIAN_POINT('',(-3.8475780961,-8.99818567448));
#12693 = VECTOR('',#12694,1.);
#12694 = DIRECTION('',(0.393160585487,0.919469822245));
#12695 = ( GEOMETRIC_REPRESENTATION_CONTEXT(2) 
PARAMETRIC_REPRESENTATION_CONTEXT() REPRESENTATION_CONTEXT('2D SPACE',''
  ) );
#12696 = ADVANCED_FACE('',(#12697),#11227,.T.);
#12697 = FACE_BOUND('',#12698,.T.);
#12698 = EDGE_LOOP('',(#12699,#12700,#12701));
#12699 = ORIENTED_EDGE('',*,*,#12676,.F.);
#12700 = ORIENTED_EDGE('',*,*,#11213,.T.);
#12701 = ORIENTED_EDGE('',*,*,#12702,.T.);
#12702 = EDGE_CURVE('',#11191,#173,#12703,.T.);
#12703 = SURFACE_CURVE('',#12704,(#12708,#12715),.PCURVE_S1.);
#12704 = LINE('',#12705,#12706);
#12705 = CARTESIAN_POINT('',(26.459473993297,-14.13866385994,
    9.346878171522));
#12706 = VECTOR('',#12707,1.);
#12707 = DIRECTION('',(0.356608330405,0.934232338784,6.358919340087E-03)
  );
#12708 = PCURVE('',#11227,#12709);
#12709 = DEFINITIONAL_REPRESENTATION('',(#12710),#12714);
#12710 = LINE('',#12711,#12712);
#12711 = CARTESIAN_POINT('',(-2.614041729235,-6.867984227643));
#12712 = VECTOR('',#12713,1.);
#12713 = DIRECTION('',(0.355718046773,0.934593318615));
#12714 = ( GEOMETRIC_REPRESENTATION_CONTEXT(2) 
PARAMETRIC_REPRESENTATION_CONTEXT() REPRESENTATION_CONTEXT('2D SPACE',''
  ) );
#12715 = PCURVE('',#11310,#12716);
#12716 = DEFINITIONAL_REPRESENTATION('',(#12717),#12721);
#12717 = LINE('',#12718,#12719);
#12718 = CARTESIAN_POINT('',(-2.558149901404,-6.888997793241));
#12719 = VECTOR('',#12720,1.);
#12720 = DIRECTION('',(0.348112302915,0.937452838579));
#12721 = ( GEOMETRIC_REPRESENTATION_CONTEXT(2) 
PARAMETRIC_REPRESENTATION_CONTEXT() REPRESENTATION_CONTEXT('2D SPACE',''
  ) );
#12722 = ADVANCED_FACE('',(#12723),#11310,.T.);
#12723 = FACE_BOUND('',#12724,.T.);
#12724 = EDGE_LOOP('',(#12725,#12726,#12727));
#12725 = ORIENTED_EDGE('',*,*,#12702,.F.);
#12726 = ORIENTED_EDGE('',*,*,#11296,.T.);
#12727 = ORIENTED_EDGE('',*,*,#12728,.T.);
#12728 = EDGE_CURVE('',#452,#173,#12729,.T.);
#12729 = SURFACE_CURVE('',#12730,(#12734,#12741),.PCURVE_S1.);
#12730 = LINE('',#12731,#12732);
#12731 = CARTESIAN_POINT('',(27.526362071491,-11.92936840569,
    9.316221553554));
#12732 = VECTOR('',#12733,1.);
#12733 = DIRECTION('',(0.316497191436,0.948462452837,1.576398973337E-02)
  );
#12734 = PCURVE('',#11310,#12735);
#12735 = DEFINITIONAL_REPRESENTATION('',(#12736),#12740);
#12736 = LINE('',#12737,#12738);
#12737 = CARTESIAN_POINT('',(-1.506731631788,-4.672086422413));
#12738 = VECTOR('',#12739,1.);
#12739 = DIRECTION('',(0.306930264152,0.951732006895));
#12740 = ( GEOMETRIC_REPRESENTATION_CONTEXT(2) 
PARAMETRIC_REPRESENTATION_CONTEXT() REPRESENTATION_CONTEXT('2D SPACE',''
  ) );
#12741 = PCURVE('',#546,#12742);
#12742 = DEFINITIONAL_REPRESENTATION('',(#12743),#12747);
#12743 = LINE('',#12744,#12745);
#12744 = CARTESIAN_POINT('',(-1.502038550966,-4.673597323277));
#12745 = VECTOR('',#12746,1.);
#12746 = DIRECTION('',(0.30597425546,0.952039786456));
#12747 = ( GEOMETRIC_REPRESENTATION_CONTEXT(2) 
PARAMETRIC_REPRESENTATION_CONTEXT() REPRESENTATION_CONTEXT('2D SPACE',''
  ) );
#12748 = ADVANCED_FACE('',(#12749),#546,.T.);
#12749 = FACE_BOUND('',#12750,.T.);
#12750 = EDGE_LOOP('',(#12751,#12752,#12753));
#12751 = ORIENTED_EDGE('',*,*,#12728,.F.);
#12752 = ORIENTED_EDGE('',*,*,#532,.T.);
#12753 = ORIENTED_EDGE('',*,*,#11353,.T.);
#12754 = ADVANCED_FACE('',(#12755),#6343,.T.);
#12755 = FACE_BOUND('',#12756,.T.);
#12756 = EDGE_LOOP('',(#12757,#12758,#12759));
#12757 = ORIENTED_EDGE('',*,*,#10033,.F.);
#12758 = ORIENTED_EDGE('',*,*,#6327,.F.);
#12759 = ORIENTED_EDGE('',*,*,#12760,.T.);
#12760 = EDGE_CURVE('',#6217,#9955,#12761,.T.);
#12761 = SURFACE_CURVE('',#12762,(#12766,#12773),.PCURVE_S1.);
#12762 = LINE('',#12763,#12764);
#12763 = CARTESIAN_POINT('',(-11.35959143777,27.768157978537,
    9.27897795101));
#12764 = VECTOR('',#12765,1.);
#12765 = DIRECTION('',(0.955316763797,0.29499178271,1.870104118649E-02)
  );
#12766 = PCURVE('',#6343,#12767);
#12767 = DEFINITIONAL_REPRESENTATION('',(#12768),#12772);
#12768 = LINE('',#12769,#12770);
#12769 = CARTESIAN_POINT('',(-1.426989477561,4.664653055812));
#12770 = VECTOR('',#12771,1.);
#12771 = DIRECTION('',(0.29253329042,-0.956255339329));
#12772 = ( GEOMETRIC_REPRESENTATION_CONTEXT(2) 
PARAMETRIC_REPRESENTATION_CONTEXT() REPRESENTATION_CONTEXT('2D SPACE',''
  ) );
#12773 = PCURVE('',#12774,#12779);
#12774 = PLANE('',#12775);
#12775 = AXIS2_PLACEMENT_3D('',#12776,#12777,#12778);
#12776 = CARTESIAN_POINT('',(3.028117368367,29.812476637757,
    9.380034174581));
#12777 = DIRECTION('',(3.664455260342E-03,-7.508291609288E-02,
    0.997170560876));
#12778 = DIRECTION('',(-6.089069467583E-21,0.997177256063,
    7.508342021338E-02));
#12779 = DEFINITIONAL_REPRESENTATION('',(#12780),#12784);
#12780 = LINE('',#12781,#12782);
#12781 = CARTESIAN_POINT('',(-2.046135718019,14.387805407867));
#12782 = VECTOR('',#12783,1.);
#12783 = DIRECTION('',(0.295563234578,-0.95532317797));
#12784 = ( GEOMETRIC_REPRESENTATION_CONTEXT(2) 
PARAMETRIC_REPRESENTATION_CONTEXT() REPRESENTATION_CONTEXT('2D SPACE',''
  ) );
#12785 = ADVANCED_FACE('',(#12786),#72,.T.);
#12786 = FACE_BOUND('',#12787,.T.);
#12787 = EDGE_LOOP('',(#12788,#12809,#12810));
#12788 = ORIENTED_EDGE('',*,*,#12789,.F.);
#12789 = EDGE_CURVE('',#173,#24,#12790,.T.);
#12790 = SURFACE_CURVE('',#12791,(#12795,#12802),.PCURVE_S1.);
#12791 = LINE('',#12792,#12793);
#12792 = CARTESIAN_POINT('',(29.080058091093,-7.27333234096,
    9.393607542322));
#12793 = VECTOR('',#12794,1.);
#12794 = DIRECTION('',(0.168349687033,0.985668131046,-1.080362511835E-02
    ));
#12795 = PCURVE('',#72,#12796);
#12796 = DEFINITIONAL_REPRESENTATION('',(#12797),#12801);
#12797 = LINE('',#12798,#12799);
#12798 = CARTESIAN_POINT('',(-0.803209263679,-4.878646958241));
#12799 = VECTOR('',#12800,1.);
#12800 = DIRECTION('',(0.162450769792,0.986716650003));
#12801 = ( GEOMETRIC_REPRESENTATION_CONTEXT(2) 
PARAMETRIC_REPRESENTATION_CONTEXT() REPRESENTATION_CONTEXT('2D SPACE',''
  ) );
#12802 = PCURVE('',#11393,#12803);
#12803 = DEFINITIONAL_REPRESENTATION('',(#12804),#12808);
#12804 = LINE('',#12805,#12806);
#12805 = CARTESIAN_POINT('',(-0.942545048154,-7.301706622632));
#12806 = VECTOR('',#12807,1.);
#12807 = DIRECTION('',(0.168333411837,0.985730116441));
#12808 = ( GEOMETRIC_REPRESENTATION_CONTEXT(2) 
PARAMETRIC_REPRESENTATION_CONTEXT() REPRESENTATION_CONTEXT('2D SPACE',''
  ) );
#12809 = ORIENTED_EDGE('',*,*,#172,.T.);
#12810 = ORIENTED_EDGE('',*,*,#56,.T.);
#12811 = ADVANCED_FACE('',(#12812),#6232,.T.);
#12812 = FACE_BOUND('',#12813,.T.);
#12813 = EDGE_LOOP('',(#12814,#12840,#12841));
#12814 = ORIENTED_EDGE('',*,*,#12815,.F.);
#12815 = EDGE_CURVE('',#6217,#8658,#12816,.T.);
#12816 = SURFACE_CURVE('',#12817,(#12821,#12828),.PCURVE_S1.);
#12817 = LINE('',#12818,#12819);
#12818 = CARTESIAN_POINT('',(-11.35959143777,27.768157978537,
    9.27897795101));
#12819 = VECTOR('',#12820,1.);
#12820 = DIRECTION('',(0.830654141751,-0.556786757453,1.484424548775E-03
    ));
#12821 = PCURVE('',#6232,#12822);
#12822 = DEFINITIONAL_REPRESENTATION('',(#12823),#12827);
#12823 = LINE('',#12824,#12825);
#12824 = CARTESIAN_POINT('',(27.735099669,41.388383154309));
#12825 = VECTOR('',#12826,1.);
#12826 = DIRECTION('',(-0.556683526418,-0.830724654392));
#12827 = ( GEOMETRIC_REPRESENTATION_CONTEXT(2) 
PARAMETRIC_REPRESENTATION_CONTEXT() REPRESENTATION_CONTEXT('2D SPACE',''
  ) );
#12828 = PCURVE('',#12829,#12834);
#12829 = PLANE('',#12830);
#12830 = AXIS2_PLACEMENT_3D('',#12831,#12832,#12833);
#12831 = CARTESIAN_POINT('',(3.028117368367,29.812476637757,
    9.380034174581));
#12832 = DIRECTION('',(-6.10763415402E-03,-6.445852987266E-03,
    0.999960573115));
#12833 = DIRECTION('',(-3.586154958297E-21,0.999979224499,
    6.445973216085E-03));
#12834 = DEFINITIONAL_REPRESENTATION('',(#12835),#12839);
#12835 = LINE('',#12836,#12837);
#12836 = CARTESIAN_POINT('',(-2.044927593187,14.387977167407));
#12837 = VECTOR('',#12838,1.);
#12838 = DIRECTION('',(-0.556765621368,-0.830669635211));
#12839 = ( GEOMETRIC_REPRESENTATION_CONTEXT(2) 
PARAMETRIC_REPRESENTATION_CONTEXT() REPRESENTATION_CONTEXT('2D SPACE',''
  ) );
#12840 = ORIENTED_EDGE('',*,*,#6216,.F.);
#12841 = ORIENTED_EDGE('',*,*,#12842,.T.);
#12842 = EDGE_CURVE('',#6049,#8658,#12843,.T.);
#12843 = SURFACE_CURVE('',#12844,(#12848,#12855),.PCURVE_S1.);
#12844 = LINE('',#12845,#12846);
#12845 = CARTESIAN_POINT('',(-13.54048553394,26.752240569956,
    9.329864118801));
#12846 = VECTOR('',#12847,1.);
#12847 = DIRECTION('',(0.852402976397,-0.522885228387,4.514020559708E-04
    ));
#12848 = PCURVE('',#6232,#12849);
#12849 = DEFINITIONAL_REPRESENTATION('',(#12850),#12854);
#12850 = LINE('',#12851,#12852);
#12851 = CARTESIAN_POINT('',(26.718305666953,43.569462382401));
#12852 = VECTOR('',#12853,1.);
#12853 = DIRECTION('',(-0.522767446176,-0.852475335255));
#12854 = ( GEOMETRIC_REPRESENTATION_CONTEXT(2) 
PARAMETRIC_REPRESENTATION_CONTEXT() REPRESENTATION_CONTEXT('2D SPACE',''
  ) );
#12855 = PCURVE('',#12637,#12856);
#12856 = DEFINITIONAL_REPRESENTATION('',(#12857),#12861);
#12857 = LINE('',#12858,#12859);
#12858 = CARTESIAN_POINT('',(26.724081276172,43.565920051673));
#12859 = VECTOR('',#12860,1.);
#12860 = DIRECTION('',(-0.522880451114,-0.8524060264));
#12861 = ( GEOMETRIC_REPRESENTATION_CONTEXT(2) 
PARAMETRIC_REPRESENTATION_CONTEXT() REPRESENTATION_CONTEXT('2D SPACE',''
  ) );
#12862 = ADVANCED_FACE('',(#12863),#12637,.T.);
#12863 = FACE_BOUND('',#12864,.T.);
#12864 = EDGE_LOOP('',(#12865,#12866,#12867));
#12865 = ORIENTED_EDGE('',*,*,#12842,.F.);
#12866 = ORIENTED_EDGE('',*,*,#12623,.T.);
#12867 = ORIENTED_EDGE('',*,*,#12868,.T.);
#12868 = EDGE_CURVE('',#173,#8658,#12869,.T.);
#12869 = SURFACE_CURVE('',#12870,(#12874,#12881),.PCURVE_S1.);
#12870 = LINE('',#12871,#12872);
#12871 = CARTESIAN_POINT('',(29.080058091093,-7.27333234096,
    9.393607542322));
#12872 = VECTOR('',#12873,1.);
#12873 = DIRECTION('',(0.128386761663,0.991708787875,-5.524443884224E-03
    ));
#12874 = PCURVE('',#12637,#12875);
#12875 = DEFINITIONAL_REPRESENTATION('',(#12876),#12880);
#12876 = LINE('',#12877,#12878);
#12877 = CARTESIAN_POINT('',(-7.301360318612,0.945223925101));
#12878 = VECTOR('',#12879,1.);
#12879 = DIRECTION('',(0.991724115605,-0.128387221047));
#12880 = ( GEOMETRIC_REPRESENTATION_CONTEXT(2) 
PARAMETRIC_REPRESENTATION_CONTEXT() REPRESENTATION_CONTEXT('2D SPACE',''
  ) );
#12881 = PCURVE('',#11393,#12882);
#12882 = DEFINITIONAL_REPRESENTATION('',(#12883),#12887);
#12883 = LINE('',#12884,#12885);
#12884 = CARTESIAN_POINT('',(-0.942545048154,-7.301706622632));
#12885 = VECTOR('',#12886,1.);
#12886 = DIRECTION('',(0.128023356403,0.991771153147));
#12887 = ( GEOMETRIC_REPRESENTATION_CONTEXT(2) 
PARAMETRIC_REPRESENTATION_CONTEXT() REPRESENTATION_CONTEXT('2D SPACE',''
  ) );
#12888 = ADVANCED_FACE('',(#12889),#11393,.T.);
#12889 = FACE_BOUND('',#12890,.T.);
#12890 = EDGE_LOOP('',(#12891,#12892,#12893));
#12891 = ORIENTED_EDGE('',*,*,#12868,.F.);
#12892 = ORIENTED_EDGE('',*,*,#12789,.T.);
#12893 = ORIENTED_EDGE('',*,*,#11379,.T.);
#12894 = ADVANCED_FACE('',(#12895),#9749,.T.);
#12895 = FACE_BOUND('',#12896,.T.);
#12896 = EDGE_LOOP('',(#12897,#12898,#12899));
#12897 = ORIENTED_EDGE('',*,*,#9735,.F.);
#12898 = ORIENTED_EDGE('',*,*,#9788,.F.);
#12899 = ORIENTED_EDGE('',*,*,#12900,.T.);
#12900 = EDGE_CURVE('',#9766,#9624,#12901,.T.);
#12901 = SURFACE_CURVE('',#12902,(#12906,#12913),.PCURVE_S1.);
#12902 = LINE('',#12903,#12904);
#12903 = CARTESIAN_POINT('',(-1.816994354476,29.975960314881,
    9.290661276794));
#12904 = VECTOR('',#12905,1.);
#12905 = DIRECTION('',(0.999261430994,-3.371706216315E-02,
    1.84323695393E-02));
#12906 = PCURVE('',#9749,#12907);
#12907 = DEFINITIONAL_REPRESENTATION('',(#12908),#12912);
#12908 = LINE('',#12909,#12910);
#12909 = CARTESIAN_POINT('',(0.147742380454,4.846441397912));
#12910 = VECTOR('',#12911,1.);
#12911 = DIRECTION('',(-3.04705589791E-02,-0.999535664714));
#12912 = ( GEOMETRIC_REPRESENTATION_CONTEXT(2) 
PARAMETRIC_REPRESENTATION_CONTEXT() REPRESENTATION_CONTEXT('2D SPACE',''
  ) );
#12913 = PCURVE('',#9907,#12914);
#12914 = DEFINITIONAL_REPRESENTATION('',(#12915),#12919);
#12915 = LINE('',#12916,#12917);
#12916 = CARTESIAN_POINT('',(0.180758352057,4.845322327001));
#12917 = VECTOR('',#12918,1.);
#12918 = DIRECTION('',(-3.727981104942E-02,-0.999304866239));
#12919 = ( GEOMETRIC_REPRESENTATION_CONTEXT(2) 
PARAMETRIC_REPRESENTATION_CONTEXT() REPRESENTATION_CONTEXT('2D SPACE',''
  ) );
#12920 = ADVANCED_FACE('',(#12921),#9907,.T.);
#12921 = FACE_BOUND('',#12922,.T.);
#12922 = EDGE_LOOP('',(#12923,#12924,#12925));
#12923 = ORIENTED_EDGE('',*,*,#12900,.F.);
#12924 = ORIENTED_EDGE('',*,*,#9893,.F.);
#12925 = ORIENTED_EDGE('',*,*,#12926,.T.);
#12926 = EDGE_CURVE('',#9871,#9624,#12927,.T.);
#12927 = SURFACE_CURVE('',#12928,(#12932,#12939),.PCURVE_S1.);
#12928 = LINE('',#12929,#12930);
#12929 = CARTESIAN_POINT('',(-4.21860387721,29.673464933549,
    9.346494620558));
#12930 = VECTOR('',#12931,1.);
#12931 = DIRECTION('',(0.999805358492,1.917896964026E-02,
    4.627337618851E-03));
#12932 = PCURVE('',#9907,#12933);
#12933 = DEFINITIONAL_REPRESENTATION('',(#12934),#12938);
#12934 = LINE('',#12935,#12936);
#12935 = CARTESIAN_POINT('',(-0.126030486391,7.247036241332));
#12936 = VECTOR('',#12937,1.);
#12937 = DIRECTION('',(1.738799539232E-02,-0.99984881738));
#12938 = ( GEOMETRIC_REPRESENTATION_CONTEXT(2) 
PARAMETRIC_REPRESENTATION_CONTEXT() REPRESENTATION_CONTEXT('2D SPACE',''
  ) );
#12939 = PCURVE('',#9996,#12940);
#12940 = DEFINITIONAL_REPRESENTATION('',(#12941),#12945);
#12941 = LINE('',#12942,#12943);
#12942 = CARTESIAN_POINT('',(-0.135714667308,7.246861354804));
#12943 = VECTOR('',#12944,1.);
#12944 = DIRECTION('',(1.872408872953E-02,-0.999824688884));
#12945 = ( GEOMETRIC_REPRESENTATION_CONTEXT(2) 
PARAMETRIC_REPRESENTATION_CONTEXT() REPRESENTATION_CONTEXT('2D SPACE',''
  ) );
#12946 = ADVANCED_FACE('',(#12947),#9996,.T.);
#12947 = FACE_BOUND('',#12948,.T.);
#12948 = EDGE_LOOP('',(#12949,#12950,#12951));
#12949 = ORIENTED_EDGE('',*,*,#12926,.F.);
#12950 = ORIENTED_EDGE('',*,*,#9982,.F.);
#12951 = ORIENTED_EDGE('',*,*,#12952,.T.);
#12952 = EDGE_CURVE('',#9955,#9624,#12953,.T.);
#12953 = SURFACE_CURVE('',#12954,(#12958,#12965),.PCURVE_S1.);
#12954 = LINE('',#12955,#12956);
#12955 = CARTESIAN_POINT('',(-6.699516792193,29.207140083068,
    9.370202402607));
#12956 = VECTOR('',#12957,1.);
#12957 = DIRECTION('',(0.998068901261,6.210837908377E-02,
    1.008753586867E-03));
#12958 = PCURVE('',#9996,#12959);
#12959 = DEFINITIONAL_REPRESENTATION('',(#12960),#12964);
#12960 = LINE('',#12961,#12962);
#12961 = CARTESIAN_POINT('',(-0.602386845731,9.727822236141));
#12962 = VECTOR('',#12963,1.);
#12963 = DIRECTION('',(6.180573480959E-02,-0.998088198079));
#12964 = ( GEOMETRIC_REPRESENTATION_CONTEXT(2) 
PARAMETRIC_REPRESENTATION_CONTEXT() REPRESENTATION_CONTEXT('2D SPACE',''
  ) );
#12965 = PCURVE('',#12774,#12966);
#12966 = DEFINITIONAL_REPRESENTATION('',(#12967),#12971);
#12967 = LINE('',#12968,#12969);
#12968 = CARTESIAN_POINT('',(-0.604366047667,9.727699473683));
#12969 = VECTOR('',#12970,1.);
#12970 = DIRECTION('',(6.200880370272E-02,-0.998075602479));
#12971 = ( GEOMETRIC_REPRESENTATION_CONTEXT(2) 
PARAMETRIC_REPRESENTATION_CONTEXT() REPRESENTATION_CONTEXT('2D SPACE',''
  ) );
#12972 = ADVANCED_FACE('',(#12973),#12774,.T.);
#12973 = FACE_BOUND('',#12974,.T.);
#12974 = EDGE_LOOP('',(#12975,#12976,#12977));
#12975 = ORIENTED_EDGE('',*,*,#12952,.F.);
#12976 = ORIENTED_EDGE('',*,*,#12760,.F.);
#12977 = ORIENTED_EDGE('',*,*,#12978,.T.);
#12978 = EDGE_CURVE('',#6217,#9624,#12979,.T.);
#12979 = SURFACE_CURVE('',#12980,(#12984,#12991),.PCURVE_S1.);
#12980 = LINE('',#12981,#12982);
#12981 = CARTESIAN_POINT('',(-11.35959143777,27.768157978537,
    9.27897795101));
#12982 = VECTOR('',#12983,1.);
#12983 = DIRECTION('',(0.990031904452,0.140671508074,6.953774699423E-03)
  );
#12984 = PCURVE('',#12774,#12985);
#12985 = DEFINITIONAL_REPRESENTATION('',(#12986),#12990);
#12986 = LINE('',#12987,#12988);
#12987 = CARTESIAN_POINT('',(-2.046135718019,14.387805407867));
#12988 = VECTOR('',#12989,1.);
#12989 = DIRECTION('',(0.140796541616,-0.990038551708));
#12990 = ( GEOMETRIC_REPRESENTATION_CONTEXT(2) 
PARAMETRIC_REPRESENTATION_CONTEXT() REPRESENTATION_CONTEXT('2D SPACE',''
  ) );
#12991 = PCURVE('',#12829,#12992);
#12992 = DEFINITIONAL_REPRESENTATION('',(#12993),#12997);
#12993 = LINE('',#12994,#12995);
#12994 = CARTESIAN_POINT('',(-2.044927593187,14.387977167407));
#12995 = VECTOR('',#12996,1.);
#12996 = DIRECTION('',(0.140713409399,-0.990050370646));
#12997 = ( GEOMETRIC_REPRESENTATION_CONTEXT(2) 
PARAMETRIC_REPRESENTATION_CONTEXT() REPRESENTATION_CONTEXT('2D SPACE',''
  ) );
#12998 = ADVANCED_FACE('',(#12999),#12829,.T.);
#12999 = FACE_BOUND('',#13000,.T.);
#13000 = EDGE_LOOP('',(#13001,#13002,#13003));
#13001 = ORIENTED_EDGE('',*,*,#12978,.F.);
#13002 = ORIENTED_EDGE('',*,*,#12815,.T.);
#13003 = ORIENTED_EDGE('',*,*,#13004,.F.);
#13004 = EDGE_CURVE('',#9624,#8658,#13005,.T.);
#13005 = SURFACE_CURVE('',#13006,(#13010,#13017),.PCURVE_S1.);
#13006 = LINE('',#13007,#13008);
#13007 = CARTESIAN_POINT('',(3.028117368367,29.812476637757,
    9.380034174581));
#13008 = VECTOR('',#13009,1.);
#13009 = DIRECTION('',(0.671586229117,-0.740926097811,
    -6.741242892152E-04));
#13010 = PCURVE('',#12829,#13011);
#13011 = DEFINITIONAL_REPRESENTATION('',(#13012),#13016);
#13012 = LINE('',#13013,#13014);
#13013 = CARTESIAN_POINT('',(0.,0.));
#13014 = VECTOR('',#13015,1.);
#13015 = DIRECTION('',(-0.740915050087,-0.671598755623));
#13016 = ( GEOMETRIC_REPRESENTATION_CONTEXT(2) 
PARAMETRIC_REPRESENTATION_CONTEXT() REPRESENTATION_CONTEXT('2D SPACE',''
  ) );
#13017 = PCURVE('',#9660,#13018);
#13018 = DEFINITIONAL_REPRESENTATION('',(#13019),#13023);
#13019 = LINE('',#13020,#13021);
#13020 = CARTESIAN_POINT('',(-2.470687051104,0.341713359136));
#13021 = VECTOR('',#13022,1.);
#13022 = DIRECTION('',(0.671352692784,-0.741138018113));
#13023 = ( GEOMETRIC_REPRESENTATION_CONTEXT(2) 
PARAMETRIC_REPRESENTATION_CONTEXT() REPRESENTATION_CONTEXT('2D SPACE',''
  ) );
#13024 = ADVANCED_FACE('',(#13025),#8752,.T.);
#13025 = FACE_BOUND('',#13026,.T.);
#13026 = EDGE_LOOP('',(#13027,#13048,#13049));
#13027 = ORIENTED_EDGE('',*,*,#13028,.T.);
#13028 = EDGE_CURVE('',#9540,#8658,#13029,.T.);
#13029 = SURFACE_CURVE('',#13030,(#13034,#13041),.PCURVE_S1.);
#13030 = LINE('',#13031,#13032);
#13031 = CARTESIAN_POINT('',(5.498101158284,29.470860987816,
    9.320524935281));
#13032 = VECTOR('',#13033,1.);
#13033 = DIRECTION('',(0.640051549885,-0.76833150279,8.457598902373E-04)
  );
#13034 = PCURVE('',#8752,#13035);
#13035 = DEFINITIONAL_REPRESENTATION('',(#13036),#13040);
#13036 = LINE('',#13037,#13038);
#13037 = CARTESIAN_POINT('',(0.,0.));
#13038 = VECTOR('',#13039,1.);
#13039 = DIRECTION('',(0.640025587513,-0.768353595247));
#13040 = ( GEOMETRIC_REPRESENTATION_CONTEXT(2) 
PARAMETRIC_REPRESENTATION_CONTEXT() REPRESENTATION_CONTEXT('2D SPACE',''
  ) );
#13041 = PCURVE('',#9660,#13042);
#13042 = DEFINITIONAL_REPRESENTATION('',(#13043),#13047);
#13043 = LINE('',#13044,#13045);
#13044 = CARTESIAN_POINT('',(0.,0.));
#13045 = VECTOR('',#13046,1.);
#13046 = DIRECTION('',(0.639788213614,-0.768551261609));
#13047 = ( GEOMETRIC_REPRESENTATION_CONTEXT(2) 
PARAMETRIC_REPRESENTATION_CONTEXT() REPRESENTATION_CONTEXT('2D SPACE',''
  ) );
#13048 = ORIENTED_EDGE('',*,*,#8738,.F.);
#13049 = ORIENTED_EDGE('',*,*,#13050,.F.);
#13050 = EDGE_CURVE('',#9540,#8716,#13051,.T.);
#13051 = SURFACE_CURVE('',#13052,(#13056,#13063),.PCURVE_S1.);
#13052 = LINE('',#13053,#13054);
#13053 = CARTESIAN_POINT('',(5.498101158284,29.470860987816,
    9.320524935281));
#13054 = VECTOR('',#13055,1.);
#13055 = DIRECTION('',(0.670565109929,-0.741850569394,4.074749575907E-04
    ));
#13056 = PCURVE('',#8752,#13057);
#13057 = DEFINITIONAL_REPRESENTATION('',(#13058),#13062);
#13058 = LINE('',#13059,#13060);
#13059 = CARTESIAN_POINT('',(0.,0.));
#13060 = VECTOR('',#13061,1.);
#13061 = DIRECTION('',(0.670541634325,-0.741871900423));
#13062 = ( GEOMETRIC_REPRESENTATION_CONTEXT(2) 
PARAMETRIC_REPRESENTATION_CONTEXT() REPRESENTATION_CONTEXT('2D SPACE',''
  ) );
#13063 = PCURVE('',#13064,#13069);
#13064 = PLANE('',#13065);
#13065 = AXIS2_PLACEMENT_3D('',#13066,#13067,#13068);
#13066 = CARTESIAN_POINT('',(20.544989989322,21.874362150372,
    9.307276756288));
#13067 = DIRECTION('',(2.129567263293E-03,2.474199479179E-03,
    0.999994671626));
#13068 = DIRECTION('',(8.69957246782E-22,0.99999693915,
    -2.474205089516E-03));
#13069 = DEFINITIONAL_REPRESENTATION('',(#13070),#13074);
#13070 = LINE('',#13071,#13072);
#13071 = CARTESIAN_POINT('',(7.596442806987,15.046922950401));
#13072 = VECTOR('',#13073,1.);
#13073 = DIRECTION('',(-0.741849306877,-0.67056663046));
#13074 = ( GEOMETRIC_REPRESENTATION_CONTEXT(2) 
PARAMETRIC_REPRESENTATION_CONTEXT() REPRESENTATION_CONTEXT('2D SPACE',''
  ) );
#13075 = ADVANCED_FACE('',(#13076),#9660,.T.);
#13076 = FACE_BOUND('',#13077,.T.);
#13077 = EDGE_LOOP('',(#13078,#13079,#13080));
#13078 = ORIENTED_EDGE('',*,*,#9646,.F.);
#13079 = ORIENTED_EDGE('',*,*,#13004,.T.);
#13080 = ORIENTED_EDGE('',*,*,#13028,.F.);
#13081 = ADVANCED_FACE('',(#13082),#8978,.T.);
#13082 = FACE_BOUND('',#13083,.T.);
#13083 = EDGE_LOOP('',(#13084,#13105,#13106));
#13084 = ORIENTED_EDGE('',*,*,#13085,.T.);
#13085 = EDGE_CURVE('',#7154,#8884,#13086,.T.);
#13086 = SURFACE_CURVE('',#13087,(#13091,#13098),.PCURVE_S1.);
#13087 = LINE('',#13088,#13089);
#13088 = CARTESIAN_POINT('',(27.522637954126,11.877341200307,
    9.35427716913));
#13089 = VECTOR('',#13090,1.);
#13090 = DIRECTION('',(0.332469603732,-0.943001600109,-1.45583236335E-02
    ));
#13091 = PCURVE('',#8978,#13092);
#13092 = DEFINITIONAL_REPRESENTATION('',(#13093),#13097);
#13093 = LINE('',#13094,#13095);
#13094 = CARTESIAN_POINT('',(0.,0.));
#13095 = VECTOR('',#13096,1.);
#13096 = DIRECTION('',(0.301748538956,-0.953387549341));
#13097 = ( GEOMETRIC_REPRESENTATION_CONTEXT(2) 
PARAMETRIC_REPRESENTATION_CONTEXT() REPRESENTATION_CONTEXT('2D SPACE',''
  ) );
#13098 = PCURVE('',#7253,#13099);
#13099 = DEFINITIONAL_REPRESENTATION('',(#13100),#13104);
#13100 = LINE('',#13101,#13102);
#13101 = CARTESIAN_POINT('',(1.020341124413,-2.280048404158));
#13102 = VECTOR('',#13103,1.);
#13103 = DIRECTION('',(0.308774450781,-0.951135289296));
#13104 = ( GEOMETRIC_REPRESENTATION_CONTEXT(2) 
PARAMETRIC_REPRESENTATION_CONTEXT() REPRESENTATION_CONTEXT('2D SPACE',''
  ) );
#13105 = ORIENTED_EDGE('',*,*,#8964,.F.);
#13106 = ORIENTED_EDGE('',*,*,#9047,.F.);
#13107 = ADVANCED_FACE('',(#13108),#9387,.T.);
#13108 = FACE_BOUND('',#13109,.T.);
#13109 = EDGE_LOOP('',(#13110,#13111,#13112));
#13110 = ORIENTED_EDGE('',*,*,#9373,.F.);
#13111 = ORIENTED_EDGE('',*,*,#9483,.F.);
#13112 = ORIENTED_EDGE('',*,*,#13113,.T.);
#13113 = EDGE_CURVE('',#9461,#9298,#13114,.T.);
#13114 = SURFACE_CURVE('',#13115,(#13119,#13126),.PCURVE_S1.);
#13115 = LINE('',#13116,#13117);
#13116 = CARTESIAN_POINT('',(7.880330061946,29.007199304381,
    9.322625724548));
#13117 = VECTOR('',#13118,1.);
#13118 = DIRECTION('',(0.937179149017,-0.348813697235,4.924151678848E-03
    ));
#13119 = PCURVE('',#9387,#13120);
#13120 = DEFINITIONAL_REPRESENTATION('',(#13121),#13125);
#13121 = LINE('',#13122,#13123);
#13122 = CARTESIAN_POINT('',(1.629796309695,4.604950411633));
#13123 = VECTOR('',#13124,1.);
#13124 = DIRECTION('',(-0.333642748569,-0.94269958965));
#13125 = ( GEOMETRIC_REPRESENTATION_CONTEXT(2) 
PARAMETRIC_REPRESENTATION_CONTEXT() REPRESENTATION_CONTEXT('2D SPACE',''
  ) );
#13126 = PCURVE('',#9576,#13127);
#13127 = DEFINITIONAL_REPRESENTATION('',(#13128),#13132);
#13128 = LINE('',#13129,#13130);
#13129 = CARTESIAN_POINT('',(1.703979960472,4.578018850879));
#13130 = VECTOR('',#13131,1.);
#13131 = DIRECTION('',(-0.348829208986,-0.937186311764));
#13132 = ( GEOMETRIC_REPRESENTATION_CONTEXT(2) 
PARAMETRIC_REPRESENTATION_CONTEXT() REPRESENTATION_CONTEXT('2D SPACE',''
  ) );
#13133 = ADVANCED_FACE('',(#13134),#9576,.T.);
#13134 = FACE_BOUND('',#13135,.T.);
#13135 = EDGE_LOOP('',(#13136,#13137,#13138));
#13136 = ORIENTED_EDGE('',*,*,#13113,.F.);
#13137 = ORIENTED_EDGE('',*,*,#9562,.F.);
#13138 = ORIENTED_EDGE('',*,*,#13139,.T.);
#13139 = EDGE_CURVE('',#9540,#9298,#13140,.T.);
#13140 = SURFACE_CURVE('',#13141,(#13145,#13152),.PCURVE_S1.);
#13141 = LINE('',#13142,#13143);
#13142 = CARTESIAN_POINT('',(5.498101158284,29.470860987816,
    9.320524935281));
#13143 = VECTOR('',#13144,1.);
#13144 = DIRECTION('',(0.954766298958,-0.297335572109,3.587747634138E-03
    ));
#13145 = PCURVE('',#9576,#13146);
#13146 = DEFINITIONAL_REPRESENTATION('',(#13147),#13151);
#13147 = LINE('',#13148,#13149);
#13148 = CARTESIAN_POINT('',(2.167552848766,6.96026596163));
#13149 = VECTOR('',#13150,1.);
#13150 = DIRECTION('',(-0.29733378575,-0.954773596122));
#13151 = ( GEOMETRIC_REPRESENTATION_CONTEXT(2) 
PARAMETRIC_REPRESENTATION_CONTEXT() REPRESENTATION_CONTEXT('2D SPACE',''
  ) );
#13152 = PCURVE('',#13153,#13158);
#13153 = PLANE('',#13154);
#13154 = AXIS2_PLACEMENT_3D('',#13155,#13156,#13157);
#13155 = CARTESIAN_POINT('',(20.544989989322,21.874362150372,
    9.307276756288));
#13156 = DIRECTION('',(-1.122116081705E-02,-2.396987105186E-02,
    0.999649704062));
#13157 = DIRECTION('',(2.236672080167E-20,0.999712645178,
    2.397138027095E-02));
#13158 = DEFINITIONAL_REPRESENTATION('',(#13159),#13163);
#13159 = LINE('',#13160,#13161);
#13160 = CARTESIAN_POINT('',(7.594633524005,15.047836230873));
#13161 = VECTOR('',#13162,1.);
#13162 = DIRECTION('',(-0.297164128036,-0.954826414072));
#13163 = ( GEOMETRIC_REPRESENTATION_CONTEXT(2) 
PARAMETRIC_REPRESENTATION_CONTEXT() REPRESENTATION_CONTEXT('2D SPACE',''
  ) );
#13164 = ADVANCED_FACE('',(#13165),#8925,.T.);
#13165 = FACE_BOUND('',#13166,.T.);
#13166 = EDGE_LOOP('',(#13167,#13193,#13194));
#13167 = ORIENTED_EDGE('',*,*,#13168,.T.);
#13168 = EDGE_CURVE('',#7212,#8800,#13169,.T.);
#13169 = SURFACE_CURVE('',#13170,(#13174,#13181),.PCURVE_S1.);
#13170 = LINE('',#13171,#13172);
#13171 = CARTESIAN_POINT('',(26.461388417364,14.137891636868,
    9.296157637454));
#13172 = VECTOR('',#13173,1.);
#13173 = DIRECTION('',(0.316141002416,-0.94866397305,9.567279030156E-03)
  );
#13174 = PCURVE('',#8925,#13175);
#13175 = DEFINITIONAL_REPRESENTATION('',(#13176),#13180);
#13176 = LINE('',#13177,#13178);
#13177 = CARTESIAN_POINT('',(0.,0.));
#13178 = VECTOR('',#13179,1.);
#13179 = DIRECTION('',(0.307758771802,-0.951464417821));
#13180 = ( GEOMETRIC_REPRESENTATION_CONTEXT(2) 
PARAMETRIC_REPRESENTATION_CONTEXT() REPRESENTATION_CONTEXT('2D SPACE',''
  ) );
#13181 = PCURVE('',#13182,#13187);
#13182 = PLANE('',#13183);
#13183 = AXIS2_PLACEMENT_3D('',#13184,#13185,#13186);
#13184 = CARTESIAN_POINT('',(23.860033506341,18.254074391643,
    9.294505317577));
#13185 = DIRECTION('',(3.239135942208E-02,2.087189022809E-02,
    0.99925730622));
#13186 = DIRECTION('',(0.999475033488,-3.889245022455E-20,
    -3.239841714603E-02));
#13187 = DEFINITIONAL_REPRESENTATION('',(#13188),#13192);
#13188 = LINE('',#13189,#13190);
#13189 = CARTESIAN_POINT('',(2.59993575426,-4.117079626105));
#13190 = VECTOR('',#13191,1.);
#13191 = DIRECTION('',(0.31566507428,-0.948870676583));
#13192 = ( GEOMETRIC_REPRESENTATION_CONTEXT(2) 
PARAMETRIC_REPRESENTATION_CONTEXT() REPRESENTATION_CONTEXT('2D SPACE',''
  ) );
#13193 = ORIENTED_EDGE('',*,*,#8911,.F.);
#13194 = ORIENTED_EDGE('',*,*,#13195,.F.);
#13195 = EDGE_CURVE('',#7212,#8884,#13196,.T.);
#13196 = SURFACE_CURVE('',#13197,(#13201,#13208),.PCURVE_S1.);
#13197 = LINE('',#13198,#13199);
#13198 = CARTESIAN_POINT('',(26.461388417364,14.137891636868,
    9.296157637454));
#13199 = VECTOR('',#13200,1.);
#13200 = DIRECTION('',(0.364353776368,-0.931259065631,
    -1.696563241691E-03));
#13201 = PCURVE('',#8925,#13202);
#13202 = DEFINITIONAL_REPRESENTATION('',(#13203),#13207);
#13203 = LINE('',#13204,#13205);
#13204 = CARTESIAN_POINT('',(0.,0.));
#13205 = VECTOR('',#13206,1.);
#13206 = DIRECTION('',(0.357251746846,-0.934008131322));
#13207 = ( GEOMETRIC_REPRESENTATION_CONTEXT(2) 
PARAMETRIC_REPRESENTATION_CONTEXT() REPRESENTATION_CONTEXT('2D SPACE',''
  ) );
#13208 = PCURVE('',#7253,#13209);
#13209 = DEFINITIONAL_REPRESENTATION('',(#13210),#13214);
#13210 = LINE('',#13211,#13212);
#13211 = CARTESIAN_POINT('',(0.,0.));
#13212 = VECTOR('',#13213,1.);
#13213 = DIRECTION('',(0.343120286718,-0.939291471718));
#13214 = ( GEOMETRIC_REPRESENTATION_CONTEXT(2) 
PARAMETRIC_REPRESENTATION_CONTEXT() REPRESENTATION_CONTEXT('2D SPACE',''
  ) );
#13215 = ADVANCED_FACE('',(#13216),#7253,.T.);
#13216 = FACE_BOUND('',#13217,.T.);
#13217 = EDGE_LOOP('',(#13218,#13219,#13220));
#13218 = ORIENTED_EDGE('',*,*,#13195,.T.);
#13219 = ORIENTED_EDGE('',*,*,#13085,.F.);
#13220 = ORIENTED_EDGE('',*,*,#7239,.F.);
#13221 = ADVANCED_FACE('',(#13222),#9250,.T.);
#13222 = FACE_BOUND('',#13223,.T.);
#13223 = EDGE_LOOP('',(#13224,#13225,#13226));
#13224 = ORIENTED_EDGE('',*,*,#9236,.F.);
#13225 = ORIENTED_EDGE('',*,*,#9325,.F.);
#13226 = ORIENTED_EDGE('',*,*,#13227,.T.);
#13227 = EDGE_CURVE('',#9298,#9104,#13228,.T.);
#13228 = SURFACE_CURVE('',#13229,(#13233,#13240),.PCURVE_S1.);
#13229 = LINE('',#13230,#13231);
#13230 = CARTESIAN_POINT('',(12.458313923845,27.303295116556,
    9.346679489448));
#13231 = VECTOR('',#13232,1.);
#13232 = DIRECTION('',(0.875617495093,-0.483005124151,
    -2.287590259059E-04));
#13233 = PCURVE('',#9250,#13234);
#13234 = DEFINITIONAL_REPRESENTATION('',(#13235),#13239);
#13235 = LINE('',#13236,#13237);
#13236 = CARTESIAN_POINT('',(2.217890964709,4.380730066858));
#13237 = VECTOR('',#13238,1.);
#13238 = DIRECTION('',(-0.451692689099,-0.892173589956));
#13239 = ( GEOMETRIC_REPRESENTATION_CONTEXT(2) 
PARAMETRIC_REPRESENTATION_CONTEXT() REPRESENTATION_CONTEXT('2D SPACE',''
  ) );
#13240 = PCURVE('',#9140,#13241);
#13241 = DEFINITIONAL_REPRESENTATION('',(#13242),#13246);
#13242 = LINE('',#13243,#13244);
#13243 = CARTESIAN_POINT('',(3.874496751224,6.259841438999));
#13244 = VECTOR('',#13245,1.);
#13245 = DIRECTION('',(-0.482638044128,-0.87581991206));
#13246 = ( GEOMETRIC_REPRESENTATION_CONTEXT(2) 
PARAMETRIC_REPRESENTATION_CONTEXT() REPRESENTATION_CONTEXT('2D SPACE',''
  ) );
#13247 = ADVANCED_FACE('',(#13248),#8836,.T.);
#13248 = FACE_BOUND('',#13249,.T.);
#13249 = EDGE_LOOP('',(#13250,#13271,#13272));
#13250 = ORIENTED_EDGE('',*,*,#13251,.T.);
#13251 = EDGE_CURVE('',#7439,#8716,#13252,.T.);
#13252 = SURFACE_CURVE('',#13253,(#13257,#13264),.PCURVE_S1.);
#13253 = LINE('',#13254,#13255);
#13254 = CARTESIAN_POINT('',(23.860033506341,18.254074391643,
    9.294505317577));
#13255 = VECTOR('',#13256,1.);
#13256 = DIRECTION('',(0.357685777628,-0.933838875217,2.416529653134E-03
    ));
#13257 = PCURVE('',#8836,#13258);
#13258 = DEFINITIONAL_REPRESENTATION('',(#13259),#13263);
#13259 = LINE('',#13260,#13261);
#13260 = CARTESIAN_POINT('',(0.,0.));
#13261 = VECTOR('',#13262,1.);
#13262 = DIRECTION('',(0.355889612382,-0.934528000543));
#13263 = ( GEOMETRIC_REPRESENTATION_CONTEXT(2) 
PARAMETRIC_REPRESENTATION_CONTEXT() REPRESENTATION_CONTEXT('2D SPACE',''
  ) );
#13264 = PCURVE('',#7591,#13265);
#13265 = DEFINITIONAL_REPRESENTATION('',(#13266),#13270);
#13266 = LINE('',#13267,#13268);
#13267 = CARTESIAN_POINT('',(1.589253663016,-1.870441939375));
#13268 = VECTOR('',#13269,1.);
#13269 = DIRECTION('',(0.356094415421,-0.934449981169));
#13270 = ( GEOMETRIC_REPRESENTATION_CONTEXT(2) 
PARAMETRIC_REPRESENTATION_CONTEXT() REPRESENTATION_CONTEXT('2D SPACE',''
  ) );
#13271 = ORIENTED_EDGE('',*,*,#8822,.F.);
#13272 = ORIENTED_EDGE('',*,*,#13273,.F.);
#13273 = EDGE_CURVE('',#7439,#8800,#13274,.T.);
#13274 = SURFACE_CURVE('',#13275,(#13279,#13286),.PCURVE_S1.);
#13275 = LINE('',#13276,#13277);
#13276 = CARTESIAN_POINT('',(23.860033506341,18.254074391643,
    9.294505317577));
#13277 = VECTOR('',#13278,1.);
#13278 = DIRECTION('',(0.39115783929,-0.920300348891,6.543133240087E-03)
  );
#13279 = PCURVE('',#8836,#13280);
#13280 = DEFINITIONAL_REPRESENTATION('',(#13281),#13285);
#13281 = LINE('',#13282,#13283);
#13282 = CARTESIAN_POINT('',(0.,0.));
#13283 = VECTOR('',#13284,1.);
#13284 = DIRECTION('',(0.389611076607,-0.920979483477));
#13285 = ( GEOMETRIC_REPRESENTATION_CONTEXT(2) 
PARAMETRIC_REPRESENTATION_CONTEXT() REPRESENTATION_CONTEXT('2D SPACE',''
  ) );
#13286 = PCURVE('',#13182,#13287);
#13287 = DEFINITIONAL_REPRESENTATION('',(#13288),#13292);
#13288 = LINE('',#13289,#13290);
#13289 = CARTESIAN_POINT('',(0.,0.));
#13290 = VECTOR('',#13291,1.);
#13291 = DIRECTION('',(0.390740507363,-0.9205008723));
#13292 = ( GEOMETRIC_REPRESENTATION_CONTEXT(2) 
PARAMETRIC_REPRESENTATION_CONTEXT() REPRESENTATION_CONTEXT('2D SPACE',''
  ) );
#13293 = ADVANCED_FACE('',(#13294),#7364,.T.);
#13294 = FACE_BOUND('',#13295,.T.);
#13295 = EDGE_LOOP('',(#13296,#13317,#13318));
#13296 = ORIENTED_EDGE('',*,*,#13297,.T.);
#13297 = EDGE_CURVE('',#7439,#7212,#13298,.T.);
#13298 = SURFACE_CURVE('',#13299,(#13303,#13310),.PCURVE_S1.);
#13299 = LINE('',#13300,#13301);
#13300 = CARTESIAN_POINT('',(23.860033506341,18.254074391643,
    9.294505317577));
#13301 = VECTOR('',#13302,1.);
#13302 = DIRECTION('',(0.53423671907,-0.845334852499,3.393346851997E-04)
  );
#13303 = PCURVE('',#7364,#13304);
#13304 = DEFINITIONAL_REPRESENTATION('',(#13305),#13309);
#13305 = LINE('',#13306,#13307);
#13306 = CARTESIAN_POINT('',(0.,0.));
#13307 = VECTOR('',#13308,1.);
#13308 = DIRECTION('',(0.523732224246,-0.851882948113));
#13309 = ( GEOMETRIC_REPRESENTATION_CONTEXT(2) 
PARAMETRIC_REPRESENTATION_CONTEXT() REPRESENTATION_CONTEXT('2D SPACE',''
  ) );
#13310 = PCURVE('',#13182,#13311);
#13311 = DEFINITIONAL_REPRESENTATION('',(#13312),#13316);
#13312 = LINE('',#13313,#13314);
#13313 = CARTESIAN_POINT('',(0.,0.));
#13314 = VECTOR('',#13315,1.);
#13315 = DIRECTION('',(0.533945268777,-0.845519041743));
#13316 = ( GEOMETRIC_REPRESENTATION_CONTEXT(2) 
PARAMETRIC_REPRESENTATION_CONTEXT() REPRESENTATION_CONTEXT('2D SPACE',''
  ) );
#13317 = ORIENTED_EDGE('',*,*,#7350,.F.);
#13318 = ORIENTED_EDGE('',*,*,#7466,.F.);
#13319 = ADVANCED_FACE('',(#13320),#13182,.T.);
#13320 = FACE_BOUND('',#13321,.T.);
#13321 = EDGE_LOOP('',(#13322,#13323,#13324));
#13322 = ORIENTED_EDGE('',*,*,#13273,.T.);
#13323 = ORIENTED_EDGE('',*,*,#13168,.F.);
#13324 = ORIENTED_EDGE('',*,*,#13297,.F.);
#13325 = ADVANCED_FACE('',(#13326),#9140,.T.);
#13326 = FACE_BOUND('',#13327,.T.);
#13327 = EDGE_LOOP('',(#13328,#13329,#13330));
#13328 = ORIENTED_EDGE('',*,*,#9126,.F.);
#13329 = ORIENTED_EDGE('',*,*,#13227,.F.);
#13330 = ORIENTED_EDGE('',*,*,#13331,.T.);
#13331 = EDGE_CURVE('',#9298,#7724,#13332,.T.);
#13332 = SURFACE_CURVE('',#13333,(#13337,#13344),.PCURVE_S1.);
#13333 = LINE('',#13334,#13335);
#13334 = CARTESIAN_POINT('',(12.458313923845,27.303295116556,
    9.346679489448));
#13335 = VECTOR('',#13336,1.);
#13336 = DIRECTION('',(0.850107724884,-0.526605026889,2.00043660194E-03)
  );
#13337 = PCURVE('',#9140,#13338);
#13338 = DEFINITIONAL_REPRESENTATION('',(#13339),#13343);
#13339 = LINE('',#13340,#13341);
#13340 = CARTESIAN_POINT('',(3.874496751224,6.259841438999));
#13341 = VECTOR('',#13342,1.);
#13342 = DIRECTION('',(-0.526291450976,-0.850304244744));
#13343 = ( GEOMETRIC_REPRESENTATION_CONTEXT(2) 
PARAMETRIC_REPRESENTATION_CONTEXT() REPRESENTATION_CONTEXT('2D SPACE',''
  ) );
#13344 = PCURVE('',#7765,#13345);
#13345 = DEFINITIONAL_REPRESENTATION('',(#13346),#13350);
#13346 = LINE('',#13347,#13348);
#13347 = CARTESIAN_POINT('',(5.382478082275,8.117766023266));
#13348 = VECTOR('',#13349,1.);
#13349 = DIRECTION('',(-0.521295820755,-0.853376040948));
#13350 = ( GEOMETRIC_REPRESENTATION_CONTEXT(2) 
PARAMETRIC_REPRESENTATION_CONTEXT() REPRESENTATION_CONTEXT('2D SPACE',''
  ) );
#13351 = ADVANCED_FACE('',(#13352),#7591,.T.);
#13352 = FACE_BOUND('',#13353,.T.);
#13353 = EDGE_LOOP('',(#13354,#13375,#13376));
#13354 = ORIENTED_EDGE('',*,*,#13355,.T.);
#13355 = EDGE_CURVE('',#7550,#8716,#13356,.T.);
#13356 = SURFACE_CURVE('',#13357,(#13361,#13368),.PCURVE_S1.);
#13357 = LINE('',#13358,#13359);
#13358 = CARTESIAN_POINT('',(22.270974452512,20.123293110702,
    9.366567497283));
#13359 = VECTOR('',#13360,1.);
#13360 = DIRECTION('',(0.396945906467,-0.917840571626,
    -1.622472035878E-03));
#13361 = PCURVE('',#7591,#13362);
#13362 = DEFINITIONAL_REPRESENTATION('',(#13363),#13367);
#13363 = LINE('',#13364,#13365);
#13364 = CARTESIAN_POINT('',(0.,0.));
#13365 = VECTOR('',#13366,1.);
#13366 = DIRECTION('',(0.395557514118,-0.918441208257));
#13367 = ( GEOMETRIC_REPRESENTATION_CONTEXT(2) 
PARAMETRIC_REPRESENTATION_CONTEXT() REPRESENTATION_CONTEXT('2D SPACE',''
  ) );
#13368 = PCURVE('',#7707,#13369);
#13369 = DEFINITIONAL_REPRESENTATION('',(#13370),#13374);
#13370 = LINE('',#13371,#13372);
#13371 = CARTESIAN_POINT('',(1.726226701386,-1.751833872334));
#13372 = VECTOR('',#13373,1.);
#13373 = DIRECTION('',(0.396020970858,-0.918241466413));
#13374 = ( GEOMETRIC_REPRESENTATION_CONTEXT(2) 
PARAMETRIC_REPRESENTATION_CONTEXT() REPRESENTATION_CONTEXT('2D SPACE',''
  ) );
#13375 = ORIENTED_EDGE('',*,*,#13251,.F.);
#13376 = ORIENTED_EDGE('',*,*,#7577,.F.);
#13377 = ADVANCED_FACE('',(#13378),#7765,.T.);
#13378 = FACE_BOUND('',#13379,.T.);
#13379 = EDGE_LOOP('',(#13380,#13381,#13382));
#13380 = ORIENTED_EDGE('',*,*,#7751,.F.);
#13381 = ORIENTED_EDGE('',*,*,#13331,.F.);
#13382 = ORIENTED_EDGE('',*,*,#13383,.T.);
#13383 = EDGE_CURVE('',#9298,#7666,#13384,.T.);
#13384 = SURFACE_CURVE('',#13385,(#13389,#13396),.PCURVE_S1.);
#13385 = LINE('',#13386,#13387);
#13386 = CARTESIAN_POINT('',(12.458313923845,27.303295116556,
    9.346679489448));
#13387 = VECTOR('',#13388,1.);
#13388 = DIRECTION('',(0.830247234511,-0.557380627717,
    -4.045421131412E-03));
#13389 = PCURVE('',#7765,#13390);
#13390 = DEFINITIONAL_REPRESENTATION('',(#13391),#13395);
#13391 = LINE('',#13392,#13393);
#13392 = CARTESIAN_POINT('',(5.382478082275,8.117766023266));
#13393 = VECTOR('',#13394,1.);
#13394 = DIRECTION('',(-0.552611172556,-0.833439195122));
#13395 = ( GEOMETRIC_REPRESENTATION_CONTEXT(2) 
PARAMETRIC_REPRESENTATION_CONTEXT() REPRESENTATION_CONTEXT('2D SPACE',''
  ) );
#13396 = PCURVE('',#13153,#13397);
#13397 = DEFINITIONAL_REPRESENTATION('',(#13398),#13402);
#13398 = LINE('',#13399,#13400);
#13399 = CARTESIAN_POINT('',(5.428317474015,8.087185228246));
#13400 = VECTOR('',#13401,1.);
#13401 = DIRECTION('',(-0.557317436034,-0.83029950951));
#13402 = ( GEOMETRIC_REPRESENTATION_CONTEXT(2) 
PARAMETRIC_REPRESENTATION_CONTEXT() REPRESENTATION_CONTEXT('2D SPACE',''
  ) );
#13403 = ADVANCED_FACE('',(#13404),#13153,.T.);
#13404 = FACE_BOUND('',#13405,.T.);
#13405 = EDGE_LOOP('',(#13406,#13407,#13408));
#13406 = ORIENTED_EDGE('',*,*,#13383,.F.);
#13407 = ORIENTED_EDGE('',*,*,#13139,.F.);
#13408 = ORIENTED_EDGE('',*,*,#13409,.T.);
#13409 = EDGE_CURVE('',#9540,#7666,#13410,.T.);
#13410 = SURFACE_CURVE('',#13411,(#13415,#13422),.PCURVE_S1.);
#13411 = LINE('',#13412,#13413);
#13412 = CARTESIAN_POINT('',(5.498101158284,29.470860987816,
    9.320524935281));
#13413 = VECTOR('',#13414,1.);
#13414 = DIRECTION('',(0.892686554738,-0.450677375996,
    -7.859745223522E-04));
#13415 = PCURVE('',#13153,#13416);
#13416 = DEFINITIONAL_REPRESENTATION('',(#13417),#13421);
#13417 = LINE('',#13418,#13419);
#13418 = CARTESIAN_POINT('',(7.594633524005,15.047836230873));
#13419 = VECTOR('',#13420,1.);
#13420 = DIRECTION('',(-0.450566712572,-0.892742761114));
#13421 = ( GEOMETRIC_REPRESENTATION_CONTEXT(2) 
PARAMETRIC_REPRESENTATION_CONTEXT() REPRESENTATION_CONTEXT('2D SPACE',''
  ) );
#13422 = PCURVE('',#13064,#13423);
#13423 = DEFINITIONAL_REPRESENTATION('',(#13424),#13428);
#13424 = LINE('',#13425,#13426);
#13425 = CARTESIAN_POINT('',(7.596442806987,15.046922950401));
#13426 = VECTOR('',#13427,1.);
#13427 = DIRECTION('',(-0.450674051877,-0.892688578937));
#13428 = ( GEOMETRIC_REPRESENTATION_CONTEXT(2) 
PARAMETRIC_REPRESENTATION_CONTEXT() REPRESENTATION_CONTEXT('2D SPACE',''
  ) );
#13429 = ADVANCED_FACE('',(#13430),#7707,.T.);
#13430 = FACE_BOUND('',#13431,.T.);
#13431 = EDGE_LOOP('',(#13432,#13453,#13454));
#13432 = ORIENTED_EDGE('',*,*,#13433,.T.);
#13433 = EDGE_CURVE('',#7666,#8716,#13434,.T.);
#13434 = SURFACE_CURVE('',#13435,(#13439,#13446),.PCURVE_S1.);
#13435 = LINE('',#13436,#13437);
#13436 = CARTESIAN_POINT('',(20.544989989322,21.874362150372,
    9.307276756288));
#13437 = VECTOR('',#13438,1.);
#13438 = DIRECTION('',(0.434481167853,-0.900679974475,1.303211996176E-03
    ));
#13439 = PCURVE('',#7707,#13440);
#13440 = DEFINITIONAL_REPRESENTATION('',(#13441),#13445);
#13441 = LINE('',#13442,#13443);
#13442 = CARTESIAN_POINT('',(0.,0.));
#13443 = VECTOR('',#13444,1.);
#13444 = DIRECTION('',(0.433666663396,-0.901073373849));
#13445 = ( GEOMETRIC_REPRESENTATION_CONTEXT(2) 
PARAMETRIC_REPRESENTATION_CONTEXT() REPRESENTATION_CONTEXT('2D SPACE',''
  ) );
#13446 = PCURVE('',#13064,#13447);
#13447 = DEFINITIONAL_REPRESENTATION('',(#13448),#13452);
#13448 = LINE('',#13449,#13450);
#13449 = CARTESIAN_POINT('',(0.,0.));
#13450 = VECTOR('',#13451,1.);
#13451 = DIRECTION('',(-0.900680442042,-0.434482153055));
#13452 = ( GEOMETRIC_REPRESENTATION_CONTEXT(2) 
PARAMETRIC_REPRESENTATION_CONTEXT() REPRESENTATION_CONTEXT('2D SPACE',''
  ) );
#13453 = ORIENTED_EDGE('',*,*,#13355,.F.);
#13454 = ORIENTED_EDGE('',*,*,#7693,.F.);
#13455 = ADVANCED_FACE('',(#13456),#13064,.T.);
#13456 = FACE_BOUND('',#13457,.T.);
#13457 = EDGE_LOOP('',(#13458,#13459,#13460));
#13458 = ORIENTED_EDGE('',*,*,#13409,.F.);
#13459 = ORIENTED_EDGE('',*,*,#13050,.T.);
#13460 = ORIENTED_EDGE('',*,*,#13433,.F.);
#13461 = ( GEOMETRIC_REPRESENTATION_CONTEXT(3) 
GLOBAL_UNCERTAINTY_ASSIGNED_CONTEXT((#13465)) 
GLOBAL_UNIT_ASSIGNED_CONTEXT((#13462,#13463,#13464)) 
REPRESENTATION_CONTEXT('Context #1',
  '3D Context with UNIT and UNCERTAINTY') );
#13462 = ( LENGTH_UNIT() NAMED_UNIT(*) SI_UNIT(.MILLI.,.METRE.) );
#13463 = ( NAMED_UNIT(*) PLANE_ANGLE_UNIT() SI_UNIT($,.RADIAN.) );
#13464 = ( NAMED_UNIT(*) SI_UNIT($,.STERADIAN.) SOLID_ANGLE_UNIT() );
#13465 = UNCERTAINTY_MEASURE_WITH_UNIT(LENGTH_MEASURE(1.E-07),#13462,
  'distance_accuracy_value','confusion accuracy');
#13466 = PRODUCT_TYPE('part',$,(#7));
ENDSEC;
END-ISO-10303-21;
