ISO-10303-21;
HEADER;
FILE_DESCRIPTION(('Open CASCADE Model'),'2;1');
FILE_NAME('Open CASCADE Shape Model','2026-10-04T20:43:28',('Author'),(
    'Open CASCADE'),'Open CASCADE STEP processor 7.8','Open CASCADE 7.8'
  ,'Unknown');
FILE_SCHEMA(('AUTOMOTIVE_DESIGN_CC2 { 1 2 10303 214 -1 1 5 4 }'));
ENDSEC;
DATA;
#1 = APPLICATION_PROTOCOL_DEFINITION('committee draft',
  'automotive_design',1997,#2);
#2 = APPLICATION_CONTEXT(
  'core data for automotive mechanical design processes');
#3 = SHAPE_DEFINITION_REPRESENTATION(#4,#10);
#4 = PRODUCT_DEFINITION_SHAPE('','',#5);
#5 = PRODUCT_DEFINITION('design','',#6,#9);
#6 = PRODUCT_DEFINITION_FORMATION('','',#7);
#7 = PRODUCT('Open CASCADE STEP translator 7.8 3',
  'Open CASCADE STEP translator 7.8 3','',(#8));
#8 = MECHANICAL_CONTEXT('',#2,'mechanical');
#9 = PRODUCT_DEFINITION_CONTEXT('part definition',#2,'design');
#10 = ADVANCED_BREP_SHAPE_REPRESENTATION('',(#11,#15),#7917);
#11 = AXIS2_PLACEMENT_3D('',#12,#13,#14);
#12 = CARTESIAN_POINT('',(0.,0.,0.));
#13 = DIRECTION('',(0.,0.,1.));
#14 = DIRECTION('',(1.,0.,-0.));
#15 = MANIFOLD_SOLID_BREP('',#16);
#16 = CLOSED_SHELL('',(#17,#109,#167,#225,#283,#341,#399,#457,#515,#573,
    #631,#689,#747,#805,#863,#921,#979,#1037,#1095,#1153,#1211,#1269,
    #1327,#1385,#1443,#1501,#1559,#1617,#1675,#1733,#1786,#1839,#1897,
    #1955,#2013,#2071,#2124,#2177,#2235,#2293,#2351,#2409,#2462,#2515,
    #2573,#2631,#2689,#2740,#2786,#2792,#2823,#2869,#2875,#2901,#2932,
    #2978,#2984,#3015,#3068,#3126,#3179,#3237,#3295,#3353,#3411,#3469,
    #3527,#3585,#3643,#3674,#3732,#3790,#3848,#3906,#3964,#4022,#4080,
    #4138,#4196,#4254,#4312,#4370,#4428,#4486,#4544,#4602,#4660,#4718,
    #4776,#4834,#4892,#4950,#5008,#5066,#5097,#5150,#5181,#5229,#5260,
    #5313,#5344,#5392,#5423,#5476,#5507,#5555,#5586,#5639,#5670,#5718,
    #5749,#5802,#5833,#5881,#5912,#5963,#5994,#6020,#6051,#6082,#6108,
    #6134,#6180,#6206,#6212,#6218,#6264,#6270,#6321,#6327,#6373,#6379,
    #6425,#6431,#6457,#6463,#6521,#6579,#6637,#6663,#6689,#6715,#6741,
    #6787,#6813,#6859,#6865,#6911,#6917,#6963,#6969,#7015,#7021,#7067,
    #7073,#7119,#7125,#7171,#7177,#7223,#7229,#7275,#7281,#7307,#7313,
    #7359,#7385,#7431,#7437,#7483,#7489,#7535,#7541,#7587,#7593,#7639,
    #7645,#7691,#7697,#7743,#7749,#7795,#7801,#7847,#7853,#7879,#7885,
    #7911));
#17 = ADVANCED_FACE('',(#18),#32,.T.);
#18 = FACE_BOUND('',#19,.T.);
#19 = EDGE_LOOP('',(#20,#55,#83));
#20 = ORIENTED_EDGE('',*,*,#21,.T.);
#21 = EDGE_CURVE('',#22,#24,#26,.T.);
#22 = VERTEX_POINT('',#23);
#23 = CARTESIAN_POINT('',(29.261870710797,15.307491909501,
    7.296385444852E-04));
#24 = VERTEX_POINT('',#25);
#25 = CARTESIAN_POINT('',(29.792990167518,14.575122931321,
    1.042845910389E-02));
#26 = SURFACE_CURVE('',#27,(#31,#43),.PCURVE_S1.);
#27 = LINE('',#28,#29);
#28 = CARTESIAN_POINT('',(29.261870710797,15.307491909501,
    7.296385444852E-04));
#29 = VECTOR('',#30,1.);
#30 = DIRECTION('',(0.587043922002,-0.809484103553,1.072006229095E-02));
#31 = PCURVE('',#32,#37);
#32 = PLANE('',#33);
#33 = AXIS2_PLACEMENT_3D('',#34,#35,#36);
#34 = CARTESIAN_POINT('',(29.261870710797,15.307491909501,
    7.296385444852E-04));
#35 = DIRECTION('',(9.234077646251E-02,5.379898457677E-02,
    -0.994273026015));
#36 = DIRECTION('',(-0.9957150345,2.080620839153E-19,-9.247469962016E-02
    ));
#37 = DEFINITIONAL_REPRESENTATION('',(#38),#42);
#38 = LINE('',#39,#40);
#39 = CARTESIAN_POINT('',(0.,0.));
#40 = VECTOR('',#41,1.);
#41 = DIRECTION('',(-0.58551979359,-0.810658110004));
#42 = ( GEOMETRIC_REPRESENTATION_CONTEXT(2) 
PARAMETRIC_REPRESENTATION_CONTEXT() REPRESENTATION_CONTEXT('2D SPACE',''
  ) );
#43 = PCURVE('',#44,#49);
#44 = PLANE('',#45);
#45 = AXIS2_PLACEMENT_3D('',#46,#47,#48);
#46 = CARTESIAN_POINT('',(29.239130891211,15.245896330565,8.368109217535
    ));
#47 = DIRECTION('',(0.809472353285,0.587121770894,6.521917661672E-03));
#48 = DIRECTION('',(-0.587134258025,0.809489569453,-2.245218057701E-19)
  );
#49 = DEFINITIONAL_REPRESENTATION('',(#50),#54);
#50 = LINE('',#51,#52);
#51 = CARTESIAN_POINT('',(3.650965157352E-02,-8.367557539628));
#52 = VECTOR('',#53,1.);
#53 = DIRECTION('',(-0.999942536037,1.072029028935E-02));
#54 = ( GEOMETRIC_REPRESENTATION_CONTEXT(2) 
PARAMETRIC_REPRESENTATION_CONTEXT() REPRESENTATION_CONTEXT('2D SPACE',''
  ) );
#55 = ORIENTED_EDGE('',*,*,#56,.T.);
#56 = EDGE_CURVE('',#24,#57,#59,.T.);
#57 = VERTEX_POINT('',#58);
#58 = CARTESIAN_POINT('',(30.24194482133,13.725879105005,
    6.172450871021E-03));
#59 = SURFACE_CURVE('',#60,(#64,#71),.PCURVE_S1.);
#60 = LINE('',#61,#62);
#61 = CARTESIAN_POINT('',(29.792990167518,14.575122931321,
    1.042845910389E-02));
#62 = VECTOR('',#63,1.);
#63 = DIRECTION('',(0.46735858112,-0.884056744532,-4.430474107031E-03));
#64 = PCURVE('',#32,#65);
#65 = DEFINITIONAL_REPRESENTATION('',(#66),#70);
#66 = LINE('',#67,#68);
#67 = CARTESIAN_POINT('',(-0.529740523691,-0.733431143454));
#68 = VECTOR('',#69,1.);
#69 = DIRECTION('',(-0.464946258961,-0.885338904758));
#70 = ( GEOMETRIC_REPRESENTATION_CONTEXT(2) 
PARAMETRIC_REPRESENTATION_CONTEXT() REPRESENTATION_CONTEXT('2D SPACE',''
  ) );
#71 = PCURVE('',#72,#77);
#72 = PLANE('',#73);
#73 = AXIS2_PLACEMENT_3D('',#74,#75,#76);
#74 = CARTESIAN_POINT('',(29.803021546341,14.538951658529,8.380322396183
    ));
#75 = DIRECTION('',(0.884067001943,0.467359191778,9.601753471084E-04));
#76 = DIRECTION('',(-0.467359407216,0.88406740947,-1.885537077954E-20));
#77 = DEFINITIONAL_REPRESENTATION('',(#78),#82);
#78 = LINE('',#79,#80);
#79 = CARTESIAN_POINT('',(3.666610269466E-02,-8.369897795338));
#80 = VECTOR('',#81,1.);
#81 = DIRECTION('',(-0.999990185392,-4.430476149341E-03));
#82 = ( GEOMETRIC_REPRESENTATION_CONTEXT(2) 
PARAMETRIC_REPRESENTATION_CONTEXT() REPRESENTATION_CONTEXT('2D SPACE',''
  ) );
#83 = ORIENTED_EDGE('',*,*,#84,.F.);
#84 = EDGE_CURVE('',#22,#57,#85,.T.);
#85 = SURFACE_CURVE('',#86,(#90,#97),.PCURVE_S1.);
#86 = LINE('',#87,#88);
#87 = CARTESIAN_POINT('',(29.261870710797,15.307491909501,
    7.296385444852E-04));
#88 = VECTOR('',#89,1.);
#89 = DIRECTION('',(0.526733265762,-0.850025593708,2.925197473208E-03));
#90 = PCURVE('',#32,#91);
#91 = DEFINITIONAL_REPRESENTATION('',(#92),#96);
#92 = LINE('',#93,#94);
#93 = CARTESIAN_POINT('',(0.,0.));
#94 = VECTOR('',#95,1.);
#95 = DIRECTION('',(-0.524746738649,-0.851258398066));
#96 = ( GEOMETRIC_REPRESENTATION_CONTEXT(2) 
PARAMETRIC_REPRESENTATION_CONTEXT() REPRESENTATION_CONTEXT('2D SPACE',''
  ) );
#97 = PCURVE('',#98,#103);
#98 = PLANE('',#99);
#99 = AXIS2_PLACEMENT_3D('',#100,#101,#102);
#100 = CARTESIAN_POINT('',(28.582149246008,15.914025145202,
    -3.690399454048E-02));
#101 = DIRECTION('',(0.115913414761,6.841779041633E-02,-0.990900139385)
  );
#102 = DIRECTION('',(-0.993227512219,3.890644612925E-19,-0.116185665942)
  );
#103 = DEFINITIONAL_REPRESENTATION('',(#104),#108);
#104 = LINE('',#105,#106);
#105 = CARTESIAN_POINT('',(-0.679490548197,-0.60795782827));
#106 = VECTOR('',#107,1.);
#107 = DIRECTION('',(-0.523505837173,-0.852022088003));
#108 = ( GEOMETRIC_REPRESENTATION_CONTEXT(2) 
PARAMETRIC_REPRESENTATION_CONTEXT() REPRESENTATION_CONTEXT('2D SPACE',''
  ) );
#109 = ADVANCED_FACE('',(#110),#98,.T.);
#110 = FACE_BOUND('',#111,.T.);
#111 = EDGE_LOOP('',(#112,#140,#141));
#112 = ORIENTED_EDGE('',*,*,#113,.T.);
#113 = EDGE_CURVE('',#114,#22,#116,.T.);
#114 = VERTEX_POINT('',#115);
#115 = CARTESIAN_POINT('',(28.582149246008,15.914025145202,
    -3.690399454048E-02));
#116 = SURFACE_CURVE('',#117,(#121,#128),.PCURVE_S1.);
#117 = LINE('',#118,#119);
#118 = CARTESIAN_POINT('',(28.582149246008,15.914025145202,
    -3.690399454048E-02));
#119 = VECTOR('',#120,1.);
#120 = DIRECTION('',(0.745498608641,-0.665227901033,4.127546731459E-02)
  );
#121 = PCURVE('',#98,#122);
#122 = DEFINITIONAL_REPRESENTATION('',(#123),#127);
#123 = LINE('',#124,#125);
#124 = CARTESIAN_POINT('',(0.,0.));
#125 = VECTOR('',#126,1.);
#126 = DIRECTION('',(-0.74524534608,-0.666790352469));
#127 = ( GEOMETRIC_REPRESENTATION_CONTEXT(2) 
PARAMETRIC_REPRESENTATION_CONTEXT() REPRESENTATION_CONTEXT('2D SPACE',''
  ) );
#128 = PCURVE('',#129,#134);
#129 = PLANE('',#130);
#130 = AXIS2_PLACEMENT_3D('',#131,#132,#133);
#131 = CARTESIAN_POINT('',(28.54908537945,15.929255803226,8.344873238099
    ));
#132 = DIRECTION('',(0.66575559397,0.746168798129,1.270352579237E-03));
#133 = DIRECTION('',(0.746169400212,-0.665756131167,-9.288754509357E-20)
  );
#134 = DEFINITIONAL_REPRESENTATION('',(#135),#139);
#135 = LINE('',#136,#137);
#136 = CARTESIAN_POINT('',(3.481114943908E-02,8.381783995885));
#137 = VECTOR('',#138,1.);
#138 = DIRECTION('',(0.999147803405,-4.127550061971E-02));
#139 = ( GEOMETRIC_REPRESENTATION_CONTEXT(2) 
PARAMETRIC_REPRESENTATION_CONTEXT() REPRESENTATION_CONTEXT('2D SPACE',''
  ) );
#140 = ORIENTED_EDGE('',*,*,#84,.T.);
#141 = ORIENTED_EDGE('',*,*,#142,.F.);
#142 = EDGE_CURVE('',#114,#57,#143,.T.);
#143 = SURFACE_CURVE('',#144,(#148,#155),.PCURVE_S1.);
#144 = LINE('',#145,#146);
#145 = CARTESIAN_POINT('',(28.582149246008,15.914025145202,
    -3.690399454048E-02));
#146 = VECTOR('',#147,1.);
#147 = DIRECTION('',(0.604271187691,-0.796624371224,1.568256670721E-02)
  );
#148 = PCURVE('',#98,#149);
#149 = DEFINITIONAL_REPRESENTATION('',(#150),#154);
#150 = LINE('',#151,#152);
#151 = CARTESIAN_POINT('',(0.,0.));
#152 = VECTOR('',#153,1.);
#153 = DIRECTION('',(-0.602000857913,-0.798495439606));
#154 = ( GEOMETRIC_REPRESENTATION_CONTEXT(2) 
PARAMETRIC_REPRESENTATION_CONTEXT() REPRESENTATION_CONTEXT('2D SPACE',''
  ) );
#155 = PCURVE('',#156,#161);
#156 = PLANE('',#157);
#157 = AXIS2_PLACEMENT_3D('',#158,#159,#160);
#158 = CARTESIAN_POINT('',(28.582149246008,15.914025145202,
    -3.690399454048E-02));
#159 = DIRECTION('',(-4.576902063438E-02,-5.435413052406E-02,
    -0.997472217781));
#160 = DIRECTION('',(1.875734366999E-19,-0.998518616089,
    5.441115072893E-02));
#161 = DEFINITIONAL_REPRESENTATION('',(#162),#166);
#162 = LINE('',#163,#164);
#163 = CARTESIAN_POINT('',(0.,0.));
#164 = VECTOR('',#165,1.);
#165 = DIRECTION('',(0.796297571198,-0.604905098428));
#166 = ( GEOMETRIC_REPRESENTATION_CONTEXT(2) 
PARAMETRIC_REPRESENTATION_CONTEXT() REPRESENTATION_CONTEXT('2D SPACE',''
  ) );
#167 = ADVANCED_FACE('',(#168),#156,.T.);
#168 = FACE_BOUND('',#169,.T.);
#169 = EDGE_LOOP('',(#170,#171,#199));
#170 = ORIENTED_EDGE('',*,*,#142,.T.);
#171 = ORIENTED_EDGE('',*,*,#172,.F.);
#172 = EDGE_CURVE('',#173,#57,#175,.T.);
#173 = VERTEX_POINT('',#174);
#174 = CARTESIAN_POINT('',(26.173683934401,17.24613659583,
    1.019205935429E-03));
#175 = SURFACE_CURVE('',#176,(#180,#187),.PCURVE_S1.);
#176 = LINE('',#177,#178);
#177 = CARTESIAN_POINT('',(26.173683934401,17.24613659583,
    1.019205935429E-03));
#178 = VECTOR('',#179,1.);
#179 = DIRECTION('',(0.75620079226,-0.654338936835,9.578756159731E-04));
#180 = PCURVE('',#156,#181);
#181 = DEFINITIONAL_REPRESENTATION('',(#182),#186);
#182 = LINE('',#183,#184);
#183 = CARTESIAN_POINT('',(-1.32807463718,2.41099191233));
#184 = VECTOR('',#185,1.);
#185 = DIRECTION('',(0.653421728777,-0.756994084761));
#186 = ( GEOMETRIC_REPRESENTATION_CONTEXT(2) 
PARAMETRIC_REPRESENTATION_CONTEXT() REPRESENTATION_CONTEXT('2D SPACE',''
  ) );
#187 = PCURVE('',#188,#193);
#188 = PLANE('',#189);
#189 = AXIS2_PLACEMENT_3D('',#190,#191,#192);
#190 = CARTESIAN_POINT('',(30.24194482133,13.725879105005,
    6.172450871021E-03));
#191 = DIRECTION('',(1.006665745982E-02,1.017001500526E-02,
    -0.999897611359));
#192 = DIRECTION('',(-9.634971208499E-21,-0.999948278819,
    -1.017053034684E-02));
#193 = DEFINITIONAL_REPRESENTATION('',(#194),#198);
#194 = LINE('',#195,#196);
#195 = CARTESIAN_POINT('',(-3.520023007715,4.068467036479));
#196 = VECTOR('',#197,1.);
#197 = DIRECTION('',(0.65429535155,-0.756239110957));
#198 = ( GEOMETRIC_REPRESENTATION_CONTEXT(2) 
PARAMETRIC_REPRESENTATION_CONTEXT() REPRESENTATION_CONTEXT('2D SPACE',''
  ) );
#199 = ORIENTED_EDGE('',*,*,#200,.T.);
#200 = EDGE_CURVE('',#173,#114,#201,.T.);
#201 = SURFACE_CURVE('',#202,(#206,#213),.PCURVE_S1.);
#202 = LINE('',#203,#204);
#203 = CARTESIAN_POINT('',(26.173683934401,17.24613659583,
    1.019205935429E-03));
#204 = VECTOR('',#205,1.);
#205 = DIRECTION('',(0.874986544747,-0.483951165826,-1.377735854872E-02)
  );
#206 = PCURVE('',#156,#207);
#207 = DEFINITIONAL_REPRESENTATION('',(#208),#212);
#208 = LINE('',#209,#210);
#209 = CARTESIAN_POINT('',(-1.32807463718,2.41099191233));
#210 = VECTOR('',#211,1.);
#211 = DIRECTION('',(0.482484606422,-0.87590444945));
#212 = ( GEOMETRIC_REPRESENTATION_CONTEXT(2) 
PARAMETRIC_REPRESENTATION_CONTEXT() REPRESENTATION_CONTEXT('2D SPACE',''
  ) );
#213 = PCURVE('',#214,#219);
#214 = PLANE('',#215);
#215 = AXIS2_PLACEMENT_3D('',#216,#217,#218);
#216 = CARTESIAN_POINT('',(28.582149246008,15.914025145202,
    -3.690399454048E-02));
#217 = DIRECTION('',(5.19243491081E-02,0.122096329536,-0.991159093326));
#218 = DIRECTION('',(1.733719555371E-20,-0.992497952109,-0.122261257391)
  );
#219 = DEFINITIONAL_REPRESENTATION('',(#220),#224);
#220 = LINE('',#221,#222);
#221 = CARTESIAN_POINT('',(-1.326754424904,2.411718669173));
#222 = VECTOR('',#223,1.);
#223 = DIRECTION('',(0.482004978183,-0.876168477524));
#224 = ( GEOMETRIC_REPRESENTATION_CONTEXT(2) 
PARAMETRIC_REPRESENTATION_CONTEXT() REPRESENTATION_CONTEXT('2D SPACE',''
  ) );
#225 = ADVANCED_FACE('',(#226),#188,.T.);
#226 = FACE_BOUND('',#227,.T.);
#227 = EDGE_LOOP('',(#228,#256,#282));
#228 = ORIENTED_EDGE('',*,*,#229,.T.);
#229 = EDGE_CURVE('',#57,#230,#232,.T.);
#230 = VERTEX_POINT('',#231);
#231 = CARTESIAN_POINT('',(30.798688322647,11.031443290135,
    -1.562768776273E-02));
#232 = SURFACE_CURVE('',#233,(#237,#244),.PCURVE_S1.);
#233 = LINE('',#234,#235);
#234 = CARTESIAN_POINT('',(30.24194482133,13.725879105005,
    6.172450871021E-03));
#235 = VECTOR('',#236,1.);
#236 = DIRECTION('',(0.202346214973,-0.979281998508,-7.923173827785E-03)
  );
#237 = PCURVE('',#188,#238);
#238 = DEFINITIONAL_REPRESENTATION('',(#239),#243);
#239 = LINE('',#240,#241);
#240 = CARTESIAN_POINT('',(-0.,0.));
#241 = VECTOR('',#242,1.);
#242 = DIRECTION('',(0.979311931767,-0.202356468391));
#243 = ( GEOMETRIC_REPRESENTATION_CONTEXT(2) 
PARAMETRIC_REPRESENTATION_CONTEXT() REPRESENTATION_CONTEXT('2D SPACE',''
  ) );
#244 = PCURVE('',#245,#250);
#245 = PLANE('',#246);
#246 = AXIS2_PLACEMENT_3D('',#247,#248,#249);
#247 = CARTESIAN_POINT('',(30.24194482133,13.725879105005,
    6.172450871021E-03));
#248 = DIRECTION('',(-0.118976340819,-1.655152362206E-02,-0.99275912355)
  );
#249 = DIRECTION('',(-0.992895136134,9.13721904589E-20,0.118992641127));
#250 = DEFINITIONAL_REPRESENTATION('',(#251),#255);
#251 = LINE('',#252,#253);
#252 = CARTESIAN_POINT('',(0.,0.));
#253 = VECTOR('',#254,1.);
#254 = DIRECTION('',(-0.201851372041,-0.979416164664));
#255 = ( GEOMETRIC_REPRESENTATION_CONTEXT(2) 
PARAMETRIC_REPRESENTATION_CONTEXT() REPRESENTATION_CONTEXT('2D SPACE',''
  ) );
#256 = ORIENTED_EDGE('',*,*,#257,.F.);
#257 = EDGE_CURVE('',#173,#230,#258,.T.);
#258 = SURFACE_CURVE('',#259,(#263,#270),.PCURVE_S1.);
#259 = LINE('',#260,#261);
#260 = CARTESIAN_POINT('',(26.173683934401,17.24613659583,
    1.019205935429E-03));
#261 = VECTOR('',#262,1.);
#262 = DIRECTION('',(0.597019056556,-0.802224175955,-2.148865587136E-03)
  );
#263 = PCURVE('',#188,#264);
#264 = DEFINITIONAL_REPRESENTATION('',(#265),#269);
#265 = LINE('',#266,#267);
#266 = CARTESIAN_POINT('',(-3.520023007715,4.068467036479));
#267 = VECTOR('',#268,1.);
#268 = DIRECTION('',(0.802204539075,-0.597049309092));
#269 = ( GEOMETRIC_REPRESENTATION_CONTEXT(2) 
PARAMETRIC_REPRESENTATION_CONTEXT() REPRESENTATION_CONTEXT('2D SPACE',''
  ) );
#270 = PCURVE('',#271,#276);
#271 = PLANE('',#272);
#272 = AXIS2_PLACEMENT_3D('',#273,#274,#275);
#273 = CARTESIAN_POINT('',(26.173683934401,17.24613659583,
    1.019205935429E-03));
#274 = DIRECTION('',(2.06343422675E-02,1.803380467657E-02,
    -0.999624432379));
#275 = DIRECTION('',(-0.999787020022,-4.097929482889E-20,
    -2.063769841704E-02));
#276 = DEFINITIONAL_REPRESENTATION('',(#277),#281);
#277 = LINE('',#278,#279);
#278 = CARTESIAN_POINT('',(-0.,0.));
#279 = VECTOR('',#280,1.);
#280 = DIRECTION('',(-0.59684755581,-0.802354656697));
#281 = ( GEOMETRIC_REPRESENTATION_CONTEXT(2) 
PARAMETRIC_REPRESENTATION_CONTEXT() REPRESENTATION_CONTEXT('2D SPACE',''
  ) );
#282 = ORIENTED_EDGE('',*,*,#172,.T.);
#283 = ADVANCED_FACE('',(#284),#245,.T.);
#284 = FACE_BOUND('',#285,.T.);
#285 = EDGE_LOOP('',(#286,#314,#340));
#286 = ORIENTED_EDGE('',*,*,#287,.T.);
#287 = EDGE_CURVE('',#57,#288,#290,.T.);
#288 = VERTEX_POINT('',#289);
#289 = CARTESIAN_POINT('',(30.441569769012,12.850207426607,
    -3.152011751922E-03));
#290 = SURFACE_CURVE('',#291,(#295,#302),.PCURVE_S1.);
#291 = LINE('',#292,#293);
#292 = CARTESIAN_POINT('',(30.24194482133,13.725879105005,
    6.172450871021E-03));
#293 = VECTOR('',#294,1.);
#294 = DIRECTION('',(0.222253480482,-0.974933647041,-1.038143927221E-02)
  );
#295 = PCURVE('',#245,#296);
#296 = DEFINITIONAL_REPRESENTATION('',(#297),#301);
#297 = LINE('',#298,#299);
#298 = CARTESIAN_POINT('',(0.,0.));
#299 = VECTOR('',#300,1.);
#300 = DIRECTION('',(-0.221909714637,-0.975067217452));
#301 = ( GEOMETRIC_REPRESENTATION_CONTEXT(2) 
PARAMETRIC_REPRESENTATION_CONTEXT() REPRESENTATION_CONTEXT('2D SPACE',''
  ) );
#302 = PCURVE('',#303,#308);
#303 = PLANE('',#304);
#304 = AXIS2_PLACEMENT_3D('',#305,#306,#307);
#305 = CARTESIAN_POINT('',(30.205911890969,13.745904982225,
    8.372292286151));
#306 = DIRECTION('',(0.974988093073,0.222226841307,3.667338171789E-03));
#307 = DIRECTION('',(-0.222228335727,0.974994649626,-2.164861583115E-20)
  );
#308 = DEFINITIONAL_REPRESENTATION('',(#309),#313);
#309 = LINE('',#310,#311);
#310 = CARTESIAN_POINT('',(-2.753266128917E-02,-8.366176095365));
#311 = VECTOR('',#312,1.);
#312 = DIRECTION('',(-0.999946110683,-1.038150908482E-02));
#313 = ( GEOMETRIC_REPRESENTATION_CONTEXT(2) 
PARAMETRIC_REPRESENTATION_CONTEXT() REPRESENTATION_CONTEXT('2D SPACE',''
  ) );
#314 = ORIENTED_EDGE('',*,*,#315,.T.);
#315 = EDGE_CURVE('',#288,#230,#316,.T.);
#316 = SURFACE_CURVE('',#317,(#321,#328),.PCURVE_S1.);
#317 = LINE('',#318,#319);
#318 = CARTESIAN_POINT('',(30.441569769012,12.850207426607,
    -3.152011751922E-03));
#319 = VECTOR('',#320,1.);
#320 = DIRECTION('',(0.192668894017,-0.981240742285,-6.730747183691E-03)
  );
#321 = PCURVE('',#245,#322);
#322 = DEFINITIONAL_REPRESENTATION('',(#323),#327);
#323 = LINE('',#324,#325);
#324 = CARTESIAN_POINT('',(-0.199316182039,-0.875791649461));
#325 = VECTOR('',#326,1.);
#326 = DIRECTION('',(-0.192100917138,-0.981375176798));
#327 = ( GEOMETRIC_REPRESENTATION_CONTEXT(2) 
PARAMETRIC_REPRESENTATION_CONTEXT() REPRESENTATION_CONTEXT('2D SPACE',''
  ) );
#328 = PCURVE('',#329,#334);
#329 = PLANE('',#330);
#330 = AXIS2_PLACEMENT_3D('',#331,#332,#333);
#331 = CARTESIAN_POINT('',(30.441569769012,12.850207426607,
    -3.152011751922E-03));
#332 = DIRECTION('',(-0.220873006383,-3.668364582979E-02,-0.97461244871)
  );
#333 = DIRECTION('',(-0.975268874343,1.759597793548E-18,0.221021769826)
  );
#334 = DEFINITIONAL_REPRESENTATION('',(#335),#339);
#335 = LINE('',#336,#337);
#336 = CARTESIAN_POINT('',(0.,0.));
#337 = VECTOR('',#338,1.);
#338 = DIRECTION('',(-0.189391617044,-0.981901632239));
#339 = ( GEOMETRIC_REPRESENTATION_CONTEXT(2) 
PARAMETRIC_REPRESENTATION_CONTEXT() REPRESENTATION_CONTEXT('2D SPACE',''
  ) );
#340 = ORIENTED_EDGE('',*,*,#229,.F.);
#341 = ADVANCED_FACE('',(#342),#329,.T.);
#342 = FACE_BOUND('',#343,.T.);
#343 = EDGE_LOOP('',(#344,#372,#398));
#344 = ORIENTED_EDGE('',*,*,#345,.T.);
#345 = EDGE_CURVE('',#288,#346,#348,.T.);
#346 = VERTEX_POINT('',#347);
#347 = CARTESIAN_POINT('',(30.749698705481,11.971390054427,
    -3.990419911487E-02));
#348 = SURFACE_CURVE('',#349,(#353,#360),.PCURVE_S1.);
#349 = LINE('',#350,#351);
#350 = CARTESIAN_POINT('',(30.441569769012,12.850207426607,
    -3.152011751922E-03));
#351 = VECTOR('',#352,1.);
#352 = DIRECTION('',(0.3306123236,-0.942942447297,-3.943390127752E-02));
#353 = PCURVE('',#329,#354);
#354 = DEFINITIONAL_REPRESENTATION('',(#355),#359);
#355 = LINE('',#356,#357);
#356 = CARTESIAN_POINT('',(0.,0.));
#357 = VECTOR('',#358,1.);
#358 = DIRECTION('',(-0.331151659333,-0.9435775424));
#359 = ( GEOMETRIC_REPRESENTATION_CONTEXT(2) 
PARAMETRIC_REPRESENTATION_CONTEXT() REPRESENTATION_CONTEXT('2D SPACE',''
  ) );
#360 = PCURVE('',#361,#366);
#361 = PLANE('',#362);
#362 = AXIS2_PLACEMENT_3D('',#363,#364,#365);
#363 = CARTESIAN_POINT('',(30.521466872739,12.874056551182,
    8.330951078617));
#364 = DIRECTION('',(0.943498780421,0.331225289414,-9.992947316864E-03)
  );
#365 = DIRECTION('',(-0.331241828565,0.94354589237,1.50816717173E-20));
#366 = DEFINITIONAL_REPRESENTATION('',(#367),#371);
#367 = LINE('',#368,#369);
#368 = CARTESIAN_POINT('',(3.962519206654E-03,-8.33451923912));
#369 = VECTOR('',#370,1.);
#370 = DIRECTION('',(-0.999222103504,-3.943587033989E-02));
#371 = ( GEOMETRIC_REPRESENTATION_CONTEXT(2) 
PARAMETRIC_REPRESENTATION_CONTEXT() REPRESENTATION_CONTEXT('2D SPACE',''
  ) );
#372 = ORIENTED_EDGE('',*,*,#373,.T.);
#373 = EDGE_CURVE('',#346,#230,#374,.T.);
#374 = SURFACE_CURVE('',#375,(#379,#386),.PCURVE_S1.);
#375 = LINE('',#376,#377);
#376 = CARTESIAN_POINT('',(30.749698705481,11.971390054427,
    -3.990419911487E-02));
#377 = VECTOR('',#378,1.);
#378 = DIRECTION('',(5.20316152966E-02,-0.998312525544,
    2.578395530475E-02));
#379 = PCURVE('',#329,#380);
#380 = DEFINITIONAL_REPRESENTATION('',(#381),#385);
#381 = LINE('',#382,#383);
#382 = CARTESIAN_POINT('',(-0.308631594518,-0.879409277456));
#383 = VECTOR('',#384,1.);
#384 = DIRECTION('',(-4.504599944602E-02,-0.998984913767));
#385 = ( GEOMETRIC_REPRESENTATION_CONTEXT(2) 
PARAMETRIC_REPRESENTATION_CONTEXT() REPRESENTATION_CONTEXT('2D SPACE',''
  ) );
#386 = PCURVE('',#387,#392);
#387 = PLANE('',#388);
#388 = AXIS2_PLACEMENT_3D('',#389,#390,#391);
#389 = CARTESIAN_POINT('',(30.707851820977,11.953436503642,8.38159051834
    ));
#390 = DIRECTION('',(0.998624864159,5.217892929444E-02,
    5.073462353572E-03));
#391 = DIRECTION('',(-5.217960085075E-02,0.99863771672,
    -5.22333061784E-20));
#392 = DEFINITIONAL_REPRESENTATION('',(#393),#397);
#393 = LINE('',#394,#395);
#394 = CARTESIAN_POINT('',(1.574553923288E-02,-8.421603104269));
#395 = VECTOR('',#396,1.);
#396 = DIRECTION('',(-0.99966753,2.578428715093E-02));
#397 = ( GEOMETRIC_REPRESENTATION_CONTEXT(2) 
PARAMETRIC_REPRESENTATION_CONTEXT() REPRESENTATION_CONTEXT('2D SPACE',''
  ) );
#398 = ORIENTED_EDGE('',*,*,#315,.F.);
#399 = ADVANCED_FACE('',(#400),#271,.T.);
#400 = FACE_BOUND('',#401,.T.);
#401 = EDGE_LOOP('',(#402,#403,#431));
#402 = ORIENTED_EDGE('',*,*,#257,.T.);
#403 = ORIENTED_EDGE('',*,*,#404,.F.);
#404 = EDGE_CURVE('',#405,#230,#407,.T.);
#405 = VERTEX_POINT('',#406);
#406 = CARTESIAN_POINT('',(24.351494392136,17.457739255788,
    -3.277716854119E-02));
#407 = SURFACE_CURVE('',#408,(#412,#419),.PCURVE_S1.);
#408 = LINE('',#409,#410);
#409 = CARTESIAN_POINT('',(24.351494392136,17.457739255788,
    -3.277716854119E-02));
#410 = VECTOR('',#411,1.);
#411 = DIRECTION('',(0.708252461088,-0.705956728215,1.883945496077E-03)
  );
#412 = PCURVE('',#271,#413);
#413 = DEFINITIONAL_REPRESENTATION('',(#414),#418);
#414 = LINE('',#415,#416);
#415 = CARTESIAN_POINT('',(1.82249893176,0.211637076861));
#416 = VECTOR('',#417,1.);
#417 = DIRECTION('',(-0.708140497793,-0.70607155118));
#418 = ( GEOMETRIC_REPRESENTATION_CONTEXT(2) 
PARAMETRIC_REPRESENTATION_CONTEXT() REPRESENTATION_CONTEXT('2D SPACE',''
  ) );
#419 = PCURVE('',#420,#425);
#420 = PLANE('',#421);
#421 = AXIS2_PLACEMENT_3D('',#422,#423,#424);
#422 = CARTESIAN_POINT('',(24.351494392136,17.457739255788,
    -3.277716854119E-02));
#423 = DIRECTION('',(2.168643209198E-03,-4.929394862711E-04,
    -0.999997526996));
#424 = DIRECTION('',(-0.99999764849,-1.736267694328E-22,
    -2.168643472676E-03));
#425 = DEFINITIONAL_REPRESENTATION('',(#426),#430);
#426 = LINE('',#427,#428);
#427 = CARTESIAN_POINT('',(-0.,0.));
#428 = VECTOR('',#429,1.);
#429 = DIRECTION('',(-0.708254881231,-0.705956813985));
#430 = ( GEOMETRIC_REPRESENTATION_CONTEXT(2) 
PARAMETRIC_REPRESENTATION_CONTEXT() REPRESENTATION_CONTEXT('2D SPACE',''
  ) );
#431 = ORIENTED_EDGE('',*,*,#432,.T.);
#432 = EDGE_CURVE('',#405,#173,#433,.T.);
#433 = SURFACE_CURVE('',#434,(#438,#445),.PCURVE_S1.);
#434 = LINE('',#435,#436);
#435 = CARTESIAN_POINT('',(24.351494392136,17.457739255788,
    -3.277716854119E-02));
#436 = VECTOR('',#437,1.);
#437 = DIRECTION('',(0.993156337145,-0.115330769834,1.842019323755E-02)
  );
#438 = PCURVE('',#271,#439);
#439 = DEFINITIONAL_REPRESENTATION('',(#440),#444);
#440 = LINE('',#441,#442);
#441 = CARTESIAN_POINT('',(1.82249893176,0.211637076861));
#442 = VECTOR('',#443,1.);
#443 = DIRECTION('',(-0.993324965122,-0.115349528238));
#444 = ( GEOMETRIC_REPRESENTATION_CONTEXT(2) 
PARAMETRIC_REPRESENTATION_CONTEXT() REPRESENTATION_CONTEXT('2D SPACE',''
  ) );
#445 = PCURVE('',#446,#451);
#446 = PLANE('',#447);
#447 = AXIS2_PLACEMENT_3D('',#448,#449,#450);
#448 = CARTESIAN_POINT('',(26.173683934401,17.24613659583,
    1.019205935429E-03));
#449 = DIRECTION('',(5.061672249265E-02,0.282901322722,-0.95781250201));
#450 = DIRECTION('',(1.216827731046E-18,-0.959041847755,-0.28326442462)
  );
#451 = DEFINITIONAL_REPRESENTATION('',(#452),#456);
#452 = LINE('',#453,#454);
#453 = CARTESIAN_POINT('',(-0.193362495425,1.824528309984));
#454 = VECTOR('',#455,1.);
#455 = DIRECTION('',(0.105389249166,-0.994431046458));
#456 = ( GEOMETRIC_REPRESENTATION_CONTEXT(2) 
PARAMETRIC_REPRESENTATION_CONTEXT() REPRESENTATION_CONTEXT('2D SPACE',''
  ) );
#457 = ADVANCED_FACE('',(#458),#420,.T.);
#458 = FACE_BOUND('',#459,.T.);
#459 = EDGE_LOOP('',(#460,#461,#489));
#460 = ORIENTED_EDGE('',*,*,#404,.T.);
#461 = ORIENTED_EDGE('',*,*,#462,.F.);
#462 = EDGE_CURVE('',#463,#230,#465,.T.);
#463 = VERTEX_POINT('',#464);
#464 = CARTESIAN_POINT('',(24.308442347858,-17.50344577216,
    -1.56367420892E-02));
#465 = SURFACE_CURVE('',#466,(#470,#477),.PCURVE_S1.);
#466 = LINE('',#467,#468);
#467 = CARTESIAN_POINT('',(24.308442347858,-17.50344577216,
    -1.56367420892E-02));
#468 = VECTOR('',#469,1.);
#469 = DIRECTION('',(0.221784995706,0.975095593098,3.094048769429E-07));
#470 = PCURVE('',#420,#471);
#471 = DEFINITIONAL_REPRESENTATION('',(#472),#476);
#472 = LINE('',#473,#474);
#473 = CARTESIAN_POINT('',(4.301477156693E-02,-34.96118927555));
#474 = VECTOR('',#475,1.);
#475 = DIRECTION('',(-0.221784474847,0.975095711567));
#476 = ( GEOMETRIC_REPRESENTATION_CONTEXT(2) 
PARAMETRIC_REPRESENTATION_CONTEXT() REPRESENTATION_CONTEXT('2D SPACE',''
  ) );
#477 = PCURVE('',#478,#483);
#478 = PLANE('',#479);
#479 = AXIS2_PLACEMENT_3D('',#480,#481,#482);
#480 = CARTESIAN_POINT('',(30.798688322647,11.031443290135,
    -1.562768776273E-02));
#481 = DIRECTION('',(7.657226531899E-04,-1.738459201002E-04,
    -0.999999691723));
#482 = DIRECTION('',(-0.999999706834,1.689928370154E-23,
    -7.657226647608E-04));
#483 = DEFINITIONAL_REPRESENTATION('',(#484),#488);
#484 = LINE('',#485,#486);
#485 = CARTESIAN_POINT('',(6.490244079005,-28.53488949349));
#486 = VECTOR('',#487,1.);
#487 = DIRECTION('',(-0.221784930923,0.975095607833));
#488 = ( GEOMETRIC_REPRESENTATION_CONTEXT(2) 
PARAMETRIC_REPRESENTATION_CONTEXT() REPRESENTATION_CONTEXT('2D SPACE',''
  ) );
#489 = ORIENTED_EDGE('',*,*,#490,.T.);
#490 = EDGE_CURVE('',#463,#405,#491,.T.);
#491 = SURFACE_CURVE('',#492,(#496,#503),.PCURVE_S1.);
#492 = LINE('',#493,#494);
#493 = CARTESIAN_POINT('',(24.308442347858,-17.50344577216,
    -1.56367420892E-02));
#494 = VECTOR('',#495,1.);
#495 = DIRECTION('',(1.23142297458E-03,0.999999121616,
    -4.902697486488E-04));
#496 = PCURVE('',#420,#497);
#497 = DEFINITIONAL_REPRESENTATION('',(#498),#502);
#498 = LINE('',#499,#500);
#499 = CARTESIAN_POINT('',(4.301477156693E-02,-34.96118927555));
#500 = VECTOR('',#501,1.);
#501 = DIRECTION('',(-1.230356858587E-03,0.999999243111));
#502 = ( GEOMETRIC_REPRESENTATION_CONTEXT(2) 
PARAMETRIC_REPRESENTATION_CONTEXT() REPRESENTATION_CONTEXT('2D SPACE',''
  ) );
#503 = PCURVE('',#504,#509);
#504 = PLANE('',#505);
#505 = AXIS2_PLACEMENT_3D('',#506,#507,#508);
#506 = CARTESIAN_POINT('',(24.351494392136,17.457739255788,
    -3.277716854119E-02));
#507 = DIRECTION('',(-2.104614759168E-03,-4.876773619468E-04,
    -0.999997666381));
#508 = DIRECTION('',(-0.999997785295,1.159924261135E-23,
    2.104615009438E-03));
#509 = DEFINITIONAL_REPRESENTATION('',(#510),#514);
#510 = LINE('',#511,#512);
#511 = CARTESIAN_POINT('',(4.308802292941E-02,-34.96118918534));
#512 = VECTOR('',#513,1.);
#513 = DIRECTION('',(-1.232452076414E-03,0.999999240531));
#514 = ( GEOMETRIC_REPRESENTATION_CONTEXT(2) 
PARAMETRIC_REPRESENTATION_CONTEXT() REPRESENTATION_CONTEXT('2D SPACE',''
  ) );
#515 = ADVANCED_FACE('',(#516),#478,.T.);
#516 = FACE_BOUND('',#517,.T.);
#517 = EDGE_LOOP('',(#518,#546,#572));
#518 = ORIENTED_EDGE('',*,*,#519,.F.);
#519 = EDGE_CURVE('',#520,#230,#522,.T.);
#520 = VERTEX_POINT('',#521);
#521 = CARTESIAN_POINT('',(30.779147547562,-11.04583292353,
    -1.180460500164E-02));
#522 = SURFACE_CURVE('',#523,(#527,#534),.PCURVE_S1.);
#523 = LINE('',#524,#525);
#524 = CARTESIAN_POINT('',(30.779147547562,-11.04583292353,
    -1.180460500164E-02));
#525 = VECTOR('',#526,1.);
#526 = DIRECTION('',(8.851076984485E-04,0.999999593298,
    -1.731681557653E-04));
#527 = PCURVE('',#478,#528);
#528 = DEFINITIONAL_REPRESENTATION('',(#529),#533);
#529 = LINE('',#530,#531);
#530 = CARTESIAN_POINT('',(1.953784193495E-02,-22.07727654728));
#531 = VECTOR('',#532,1.);
#532 = DIRECTION('',(-8.849748401837E-04,0.99999960841));
#533 = ( GEOMETRIC_REPRESENTATION_CONTEXT(2) 
PARAMETRIC_REPRESENTATION_CONTEXT() REPRESENTATION_CONTEXT('2D SPACE',''
  ) );
#534 = PCURVE('',#535,#540);
#535 = PLANE('',#536);
#536 = AXIS2_PLACEMENT_3D('',#537,#538,#539);
#537 = CARTESIAN_POINT('',(30.859180166111,-11.03477935964,
    8.370784889682));
#538 = DIRECTION('',(0.999954043957,-8.867204243452E-04,
    -9.545873527081E-03));
#539 = DIRECTION('',(9.545877279915E-03,6.679663616482E-22,
    0.999954437075));
#540 = DEFINITIONAL_REPRESENTATION('',(#541),#545);
#541 = LINE('',#542,#543);
#542 = CARTESIAN_POINT('',(-8.382971540946,1.10535682364E-02));
#543 = VECTOR('',#544,1.);
#544 = DIRECTION('',(-1.647111362488E-04,-0.999999986435));
#545 = ( GEOMETRIC_REPRESENTATION_CONTEXT(2) 
PARAMETRIC_REPRESENTATION_CONTEXT() REPRESENTATION_CONTEXT('2D SPACE',''
  ) );
#546 = ORIENTED_EDGE('',*,*,#547,.F.);
#547 = EDGE_CURVE('',#463,#520,#548,.T.);
#548 = SURFACE_CURVE('',#549,(#553,#560),.PCURVE_S1.);
#549 = LINE('',#550,#551);
#550 = CARTESIAN_POINT('',(24.308442347858,-17.50344577216,
    -1.56367420892E-02));
#551 = VECTOR('',#552,1.);
#552 = DIRECTION('',(0.707822434519,0.706390278436,4.1919273387E-04));
#553 = PCURVE('',#478,#554);
#554 = DEFINITIONAL_REPRESENTATION('',(#555),#559);
#555 = LINE('',#556,#557);
#556 = CARTESIAN_POINT('',(6.490244079005,-28.53488949349));
#557 = VECTOR('',#558,1.);
#558 = DIRECTION('',(-0.707822547995,0.706390289111));
#559 = ( GEOMETRIC_REPRESENTATION_CONTEXT(2) 
PARAMETRIC_REPRESENTATION_CONTEXT() REPRESENTATION_CONTEXT('2D SPACE',''
  ) );
#560 = PCURVE('',#561,#566);
#561 = PLANE('',#562);
#562 = AXIS2_PLACEMENT_3D('',#563,#564,#565);
#563 = CARTESIAN_POINT('',(30.779147547562,-11.04583292353,
    -1.180460500164E-02));
#564 = DIRECTION('',(1.856952629883E-02,-1.801394396241E-02,
    -0.999665279239));
#565 = DIRECTION('',(-0.999827515504,3.73820662774E-21,
    -1.857253995816E-02));
#566 = DEFINITIONAL_REPRESENTATION('',(#567),#571);
#567 = LINE('',#568,#569);
#568 = CARTESIAN_POINT('',(6.469660275901,-6.458660858411));
#569 = VECTOR('',#570,1.);
#570 = DIRECTION('',(-0.707708131597,0.706504918929));
#571 = ( GEOMETRIC_REPRESENTATION_CONTEXT(2) 
PARAMETRIC_REPRESENTATION_CONTEXT() REPRESENTATION_CONTEXT('2D SPACE',''
  ) );
#572 = ORIENTED_EDGE('',*,*,#462,.T.);
#573 = ADVANCED_FACE('',(#574),#561,.T.);
#574 = FACE_BOUND('',#575,.T.);
#575 = EDGE_LOOP('',(#576,#604,#630));
#576 = ORIENTED_EDGE('',*,*,#577,.F.);
#577 = EDGE_CURVE('',#578,#520,#580,.T.);
#578 = VERTEX_POINT('',#579);
#579 = CARTESIAN_POINT('',(29.703021204511,-14.52013011176,
    3.081229819009E-02));
#580 = SURFACE_CURVE('',#581,(#585,#592),.PCURVE_S1.);
#581 = LINE('',#582,#583);
#582 = CARTESIAN_POINT('',(29.703021204511,-14.52013011176,
    3.081229819009E-02));
#583 = VECTOR('',#584,1.);
#584 = DIRECTION('',(0.295851250985,0.955162166663,-1.171634186244E-02)
  );
#585 = PCURVE('',#561,#586);
#586 = DEFINITIONAL_REPRESENTATION('',(#587),#591);
#587 = LINE('',#588,#589);
#588 = CARTESIAN_POINT('',(1.075149223804,-3.474861033965));
#589 = VECTOR('',#590,1.);
#590 = DIRECTION('',(-0.295582619004,0.955317180492));
#591 = ( GEOMETRIC_REPRESENTATION_CONTEXT(2) 
PARAMETRIC_REPRESENTATION_CONTEXT() REPRESENTATION_CONTEXT('2D SPACE',''
  ) );
#592 = PCURVE('',#593,#598);
#593 = PLANE('',#594);
#594 = AXIS2_PLACEMENT_3D('',#595,#596,#597);
#595 = CARTESIAN_POINT('',(30.779147547562,-11.04583292353,
    -1.180460500164E-02));
#596 = DIRECTION('',(-0.170782292917,4.082223307556E-02,-0.984462774163)
  );
#597 = DIRECTION('',(-0.985284082125,-2.480842695789E-19,0.170924771495)
  );
#598 = DEFINITIONAL_REPRESENTATION('',(#599),#603);
#599 = LINE('',#600,#601);
#600 = CARTESIAN_POINT('',(1.067574440604,-3.477195690867));
#601 = VECTOR('',#602,1.);
#602 = DIRECTION('',(-0.293500141328,0.955959030001));
#603 = ( GEOMETRIC_REPRESENTATION_CONTEXT(2) 
PARAMETRIC_REPRESENTATION_CONTEXT() REPRESENTATION_CONTEXT('2D SPACE',''
  ) );
#604 = ORIENTED_EDGE('',*,*,#605,.F.);
#605 = EDGE_CURVE('',#463,#578,#606,.T.);
#606 = SURFACE_CURVE('',#607,(#611,#618),.PCURVE_S1.);
#607 = LINE('',#608,#609);
#608 = CARTESIAN_POINT('',(24.308442347858,-17.50344577216,
    -1.56367420892E-02));
#609 = VECTOR('',#610,1.);
#610 = DIRECTION('',(0.875072370695,0.483933440746,7.534651522165E-03));
#611 = PCURVE('',#561,#612);
#612 = DEFINITIONAL_REPRESENTATION('',(#613),#617);
#613 = LINE('',#614,#615);
#614 = CARTESIAN_POINT('',(6.469660275901,-6.458660858411));
#615 = VECTOR('',#616,1.);
#616 = DIRECTION('',(-0.875061371895,0.484011978588));
#617 = ( GEOMETRIC_REPRESENTATION_CONTEXT(2) 
PARAMETRIC_REPRESENTATION_CONTEXT() REPRESENTATION_CONTEXT('2D SPACE',''
  ) );
#618 = PCURVE('',#619,#624);
#619 = PLANE('',#620);
#620 = AXIS2_PLACEMENT_3D('',#621,#622,#623);
#621 = CARTESIAN_POINT('',(29.703021204511,-14.52013011176,
    3.081229819009E-02));
#622 = DIRECTION('',(-1.117272282295E-02,3.576174105875E-02,
    -0.99929788759));
#623 = DIRECTION('',(-1.105490801203E-20,-0.999360264475,
    -3.576397333208E-02));
#624 = DEFINITIONAL_REPRESENTATION('',(#625),#629);
#625 = LINE('',#626,#627);
#626 = CARTESIAN_POINT('',(2.983068329623,5.394915590105));
#627 = VECTOR('',#628,1.);
#628 = DIRECTION('',(-0.483893320408,-0.875126993336));
#629 = ( GEOMETRIC_REPRESENTATION_CONTEXT(2) 
PARAMETRIC_REPRESENTATION_CONTEXT() REPRESENTATION_CONTEXT('2D SPACE',''
  ) );
#630 = ORIENTED_EDGE('',*,*,#547,.T.);
#631 = ADVANCED_FACE('',(#632),#593,.T.);
#632 = FACE_BOUND('',#633,.T.);
#633 = EDGE_LOOP('',(#634,#662,#688));
#634 = ORIENTED_EDGE('',*,*,#635,.F.);
#635 = EDGE_CURVE('',#636,#520,#638,.T.);
#636 = VERTEX_POINT('',#637);
#637 = CARTESIAN_POINT('',(30.686044999125,-11.95014989804,
    -3.315225994689E-02));
#638 = SURFACE_CURVE('',#639,(#643,#650),.PCURVE_S1.);
#639 = LINE('',#640,#641);
#640 = CARTESIAN_POINT('',(30.686044999125,-11.95014989804,
    -3.315225994689E-02));
#641 = VECTOR('',#642,1.);
#642 = DIRECTION('',(0.1023838979,0.994467910296,2.347579267169E-02));
#643 = PCURVE('',#593,#644);
#644 = DEFINITIONAL_REPRESENTATION('',(#645),#649);
#645 = LINE('',#646,#647);
#646 = CARTESIAN_POINT('',(8.808361593672E-02,-0.905071419221));
#647 = VECTOR('',#648,1.);
#648 = DIRECTION('',(-9.686463036836E-02,0.995297565245));
#649 = ( GEOMETRIC_REPRESENTATION_CONTEXT(2) 
PARAMETRIC_REPRESENTATION_CONTEXT() REPRESENTATION_CONTEXT('2D SPACE',''
  ) );
#650 = PCURVE('',#651,#656);
#651 = PLANE('',#652);
#652 = AXIS2_PLACEMENT_3D('',#653,#654,#655);
#653 = CARTESIAN_POINT('',(30.709286734794,-11.99243523438,
    8.329291829486));
#654 = DIRECTION('',(0.994744587864,-0.10233490294,-3.282157257445E-03)
  );
#655 = DIRECTION('',(0.102335454148,0.994749945878,1.706386869864E-20));
#656 = DEFINITIONAL_REPRESENTATION('',(#657),#661);
#657 = LINE('',#658,#659);
#658 = CARTESIAN_POINT('',(3.968488245507E-02,-8.362489132246));
#659 = VECTOR('',#660,1.);
#660 = DIRECTION('',(0.999724402634,2.347591911986E-02));
#661 = ( GEOMETRIC_REPRESENTATION_CONTEXT(2) 
PARAMETRIC_REPRESENTATION_CONTEXT() REPRESENTATION_CONTEXT('2D SPACE',''
  ) );
#662 = ORIENTED_EDGE('',*,*,#663,.F.);
#663 = EDGE_CURVE('',#578,#636,#664,.T.);
#664 = SURFACE_CURVE('',#665,(#669,#676),.PCURVE_S1.);
#665 = LINE('',#666,#667);
#666 = CARTESIAN_POINT('',(29.703021204511,-14.52013011176,
    3.081229819009E-02));
#667 = VECTOR('',#668,1.);
#668 = DIRECTION('',(0.357162822443,0.933752968934,-2.324029412681E-02)
  );
#669 = PCURVE('',#593,#670);
#670 = DEFINITIONAL_REPRESENTATION('',(#671),#675);
#671 = LINE('',#672,#673);
#672 = CARTESIAN_POINT('',(1.067574440604,-3.477195690867));
#673 = VECTOR('',#674,1.);
#674 = DIRECTION('',(-0.355879185643,0.934531971217));
#675 = ( GEOMETRIC_REPRESENTATION_CONTEXT(2) 
PARAMETRIC_REPRESENTATION_CONTEXT() REPRESENTATION_CONTEXT('2D SPACE',''
  ) );
#676 = PCURVE('',#677,#682);
#677 = PLANE('',#678);
#678 = AXIS2_PLACEMENT_3D('',#679,#680,#681);
#679 = CARTESIAN_POINT('',(30.686044999125,-11.95014989804,
    -3.315225994689E-02));
#680 = DIRECTION('',(0.341318997658,-0.153635211747,-0.927306617872));
#681 = DIRECTION('',(-0.938448218289,5.02173007809E-18,-0.345419949612)
  );
#682 = DEFINITIONAL_REPRESENTATION('',(#683),#687);
#683 = LINE('',#684,#685);
#684 = CARTESIAN_POINT('',(0.900422294143,-2.600858557593));
#685 = VECTOR('',#686,1.);
#686 = DIRECTION('',(-0.327151153134,0.944972022339));
#687 = ( GEOMETRIC_REPRESENTATION_CONTEXT(2) 
PARAMETRIC_REPRESENTATION_CONTEXT() REPRESENTATION_CONTEXT('2D SPACE',''
  ) );
#688 = ORIENTED_EDGE('',*,*,#577,.T.);
#689 = ADVANCED_FACE('',(#690),#677,.T.);
#690 = FACE_BOUND('',#691,.T.);
#691 = EDGE_LOOP('',(#692,#720,#746));
#692 = ORIENTED_EDGE('',*,*,#693,.F.);
#693 = EDGE_CURVE('',#694,#636,#696,.T.);
#694 = VERTEX_POINT('',#695);
#695 = CARTESIAN_POINT('',(30.485063315383,-12.8435930842,
    4.08960266969E-02));
#696 = SURFACE_CURVE('',#697,(#701,#708),.PCURVE_S1.);
#697 = LINE('',#698,#699);
#698 = CARTESIAN_POINT('',(30.485063315383,-12.8435930842,
    4.08960266969E-02));
#699 = VECTOR('',#700,1.);
#700 = DIRECTION('',(0.218753507342,0.972445980864,-8.059601310098E-02)
  );
#701 = PCURVE('',#677,#702);
#702 = DEFINITIONAL_REPRESENTATION('',(#703),#707);
#703 = LINE('',#704,#705);
#704 = CARTESIAN_POINT('',(0.163033147576,-0.904177917027));
#705 = VECTOR('',#706,1.);
#706 = DIRECTION('',(-0.177449368425,0.984129931282));
#707 = ( GEOMETRIC_REPRESENTATION_CONTEXT(2) 
PARAMETRIC_REPRESENTATION_CONTEXT() REPRESENTATION_CONTEXT('2D SPACE',''
  ) );
#708 = PCURVE('',#709,#714);
#709 = PLANE('',#710);
#710 = AXIS2_PLACEMENT_3D('',#711,#712,#713);
#711 = CARTESIAN_POINT('',(30.555988702465,-12.88124673893,
    8.378872169809));
#712 = DIRECTION('',(0.97541254179,-0.220190919208,-9.291523939046E-03)
  );
#713 = DIRECTION('',(0.220200424631,0.975454649378,5.015379036802E-21));
#714 = DEFINITIONAL_REPRESENTATION('',(#715),#719);
#715 = LINE('',#716,#717);
#716 = CARTESIAN_POINT('',(2.111163221446E-02,-8.338336085236));
#717 = VECTOR('',#718,1.);
#718 = DIRECTION('',(0.996746568508,-8.059949235057E-02));
#719 = ( GEOMETRIC_REPRESENTATION_CONTEXT(2) 
PARAMETRIC_REPRESENTATION_CONTEXT() REPRESENTATION_CONTEXT('2D SPACE',''
  ) );
#720 = ORIENTED_EDGE('',*,*,#721,.F.);
#721 = EDGE_CURVE('',#578,#694,#722,.T.);
#722 = SURFACE_CURVE('',#723,(#727,#734),.PCURVE_S1.);
#723 = LINE('',#724,#725);
#724 = CARTESIAN_POINT('',(29.703021204511,-14.52013011176,
    3.081229819009E-02));
#725 = VECTOR('',#726,1.);
#726 = DIRECTION('',(0.422727444684,0.906240474429,5.450689579648E-03));
#727 = PCURVE('',#677,#728);
#728 = DEFINITIONAL_REPRESENTATION('',(#729),#733);
#729 = LINE('',#730,#731);
#730 = CARTESIAN_POINT('',(0.900422294143,-2.600858557593));
#731 = VECTOR('',#732,1.);
#732 = DIRECTION('',(-0.398590594206,0.917128964874));
#733 = ( GEOMETRIC_REPRESENTATION_CONTEXT(2) 
PARAMETRIC_REPRESENTATION_CONTEXT() REPRESENTATION_CONTEXT('2D SPACE',''
  ) );
#734 = PCURVE('',#735,#740);
#735 = PLANE('',#736);
#736 = AXIS2_PLACEMENT_3D('',#737,#738,#739);
#737 = CARTESIAN_POINT('',(30.485063315383,-12.8435930842,
    4.08960266969E-02));
#738 = DIRECTION('',(-0.156198821011,7.87827991517E-02,-0.984578691052)
  );
#739 = DIRECTION('',(-0.987648495324,1.274588868176E-18,0.156685831153)
  );
#740 = DEFINITIONAL_REPRESENTATION('',(#741),#745);
#741 = LINE('',#742,#743);
#742 = CARTESIAN_POINT('',(0.7708027367,-1.681764279156));
#743 = VECTOR('',#744,1.);
#744 = DIRECTION('',(-0.416652078847,0.909066029061));
#745 = ( GEOMETRIC_REPRESENTATION_CONTEXT(2) 
PARAMETRIC_REPRESENTATION_CONTEXT() REPRESENTATION_CONTEXT('2D SPACE',''
  ) );
#746 = ORIENTED_EDGE('',*,*,#663,.T.);
#747 = ADVANCED_FACE('',(#748),#735,.T.);
#748 = FACE_BOUND('',#749,.T.);
#749 = EDGE_LOOP('',(#750,#778,#804));
#750 = ORIENTED_EDGE('',*,*,#751,.F.);
#751 = EDGE_CURVE('',#752,#694,#754,.T.);
#752 = VERTEX_POINT('',#753);
#753 = CARTESIAN_POINT('',(30.170671704819,-13.75328650248,
    1.798206851244E-02));
#754 = SURFACE_CURVE('',#755,(#759,#766),.PCURVE_S1.);
#755 = LINE('',#756,#757);
#756 = CARTESIAN_POINT('',(30.170671704819,-13.75328650248,
    1.798206851244E-02));
#757 = VECTOR('',#758,1.);
#758 = DIRECTION('',(0.326551994401,0.944879538926,2.380024941297E-02));
#759 = PCURVE('',#735,#760);
#760 = DEFINITIONAL_REPRESENTATION('',(#761),#765);
#761 = LINE('',#762,#763);
#762 = CARTESIAN_POINT('',(0.306918108532,-0.912529738793));
#763 = VECTOR('',#764,1.);
#764 = DIRECTION('',(-0.318789424054,0.947825565762));
#765 = ( GEOMETRIC_REPRESENTATION_CONTEXT(2) 
PARAMETRIC_REPRESENTATION_CONTEXT() REPRESENTATION_CONTEXT('2D SPACE',''
  ) );
#766 = PCURVE('',#767,#772);
#767 = PLANE('',#768);
#768 = AXIS2_PLACEMENT_3D('',#769,#770,#771);
#769 = CARTESIAN_POINT('',(30.228775203985,-13.76273061829,
    8.361914394974));
#770 = DIRECTION('',(0.945178475119,-0.326480212375,-6.951337979181E-03)
  );
#771 = DIRECTION('',(0.326488100602,0.945201311978,7.499086379359E-20));
#772 = DEFINITIONAL_REPRESENTATION('',(#773),#777);
#773 = LINE('',#774,#775);
#774 = CARTESIAN_POINT('',(-1.004351042429E-02,-8.344133927761));
#775 = VECTOR('',#776,1.);
#776 = DIRECTION('',(0.999716720254,2.380082446093E-02));
#777 = ( GEOMETRIC_REPRESENTATION_CONTEXT(2) 
PARAMETRIC_REPRESENTATION_CONTEXT() REPRESENTATION_CONTEXT('2D SPACE',''
  ) );
#778 = ORIENTED_EDGE('',*,*,#779,.F.);
#779 = EDGE_CURVE('',#578,#752,#780,.T.);
#780 = SURFACE_CURVE('',#781,(#785,#792),.PCURVE_S1.);
#781 = LINE('',#782,#783);
#782 = CARTESIAN_POINT('',(29.703021204511,-14.52013011176,
    3.081229819009E-02));
#783 = VECTOR('',#784,1.);
#784 = DIRECTION('',(0.520605388565,0.8536779388,-1.428307400999E-02));
#785 = PCURVE('',#735,#786);
#786 = DEFINITIONAL_REPRESENTATION('',(#787),#791);
#787 = LINE('',#788,#789);
#788 = CARTESIAN_POINT('',(0.7708027367,-1.681764279156));
#789 = VECTOR('',#790,1.);
#790 = DIRECTION('',(-0.516413083997,0.856339609429));
#791 = ( GEOMETRIC_REPRESENTATION_CONTEXT(2) 
PARAMETRIC_REPRESENTATION_CONTEXT() REPRESENTATION_CONTEXT('2D SPACE',''
  ) );
#792 = PCURVE('',#793,#798);
#793 = PLANE('',#794);
#794 = AXIS2_PLACEMENT_3D('',#795,#796,#797);
#795 = CARTESIAN_POINT('',(29.766297681761,-14.5144421871,8.382068023667
    ));
#796 = DIRECTION('',(0.853703600306,-0.520723328495,-6.113753794336E-03)
  );
#797 = DIRECTION('',(0.520733060563,0.853719555614,-4.966891015954E-19)
  );
#798 = DEFINITIONAL_REPRESENTATION('',(#799),#803);
#799 = LINE('',#800,#801);
#800 = CARTESIAN_POINT('',(-3.780604617758E-02,-8.35141180641));
#801 = VECTOR('',#802,1.);
#802 = DIRECTION('',(0.999897987882,-1.428334095374E-02));
#803 = ( GEOMETRIC_REPRESENTATION_CONTEXT(2) 
PARAMETRIC_REPRESENTATION_CONTEXT() REPRESENTATION_CONTEXT('2D SPACE',''
  ) );
#804 = ORIENTED_EDGE('',*,*,#721,.T.);
#805 = ADVANCED_FACE('',(#806),#619,.T.);
#806 = FACE_BOUND('',#807,.T.);
#807 = EDGE_LOOP('',(#808,#836,#862));
#808 = ORIENTED_EDGE('',*,*,#809,.F.);
#809 = EDGE_CURVE('',#810,#578,#812,.T.);
#810 = VERTEX_POINT('',#811);
#811 = CARTESIAN_POINT('',(27.867734016148,-16.48660499505,
    -1.904211573107E-02));
#812 = SURFACE_CURVE('',#813,(#817,#824),.PCURVE_S1.);
#813 = LINE('',#814,#815);
#814 = CARTESIAN_POINT('',(27.867734016148,-16.48660499505,
    -1.904211573107E-02));
#815 = VECTOR('',#816,1.);
#816 = DIRECTION('',(0.682183332174,0.730946304764,1.853107809392E-02));
#817 = PCURVE('',#619,#818);
#818 = DEFINITIONAL_REPRESENTATION('',(#819),#823);
#819 = LINE('',#820,#821);
#820 = CARTESIAN_POINT('',(1.966999851371,1.835401748295));
#821 = VECTOR('',#822,1.);
#822 = DIRECTION('',(-0.731141437429,-0.682225914543));
#823 = ( GEOMETRIC_REPRESENTATION_CONTEXT(2) 
PARAMETRIC_REPRESENTATION_CONTEXT() REPRESENTATION_CONTEXT('2D SPACE',''
  ) );
#824 = PCURVE('',#825,#830);
#825 = PLANE('',#826);
#826 = AXIS2_PLACEMENT_3D('',#827,#828,#829);
#827 = CARTESIAN_POINT('',(29.703021204511,-14.52013011176,
    3.081229819009E-02));
#828 = DIRECTION('',(9.595292079497E-02,-6.436932353837E-02,
    -0.993302384563));
#829 = DIRECTION('',(-0.99536663097,2.903139773083E-19,
    -9.615232681181E-02));
#830 = DEFINITIONAL_REPRESENTATION('',(#831),#835);
#831 = LINE('',#832,#833);
#832 = CARTESIAN_POINT('',(1.831577243444,-1.97056154287));
#833 = VECTOR('',#834,1.);
#834 = DIRECTION('',(-0.680804331327,0.732465331907));
#835 = ( GEOMETRIC_REPRESENTATION_CONTEXT(2) 
PARAMETRIC_REPRESENTATION_CONTEXT() REPRESENTATION_CONTEXT('2D SPACE',''
  ) );
#836 = ORIENTED_EDGE('',*,*,#837,.F.);
#837 = EDGE_CURVE('',#463,#810,#838,.T.);
#838 = SURFACE_CURVE('',#839,(#843,#850),.PCURVE_S1.);
#839 = LINE('',#840,#841);
#840 = CARTESIAN_POINT('',(24.308442347858,-17.50344577216,
    -1.56367420892E-02));
#841 = VECTOR('',#842,1.);
#842 = DIRECTION('',(0.961530654954,0.274696110777,-9.199502185786E-04)
  );
#843 = PCURVE('',#619,#844);
#844 = DEFINITIONAL_REPRESENTATION('',(#845),#849);
#845 = LINE('',#846,#847);
#846 = CARTESIAN_POINT('',(2.983068329623,5.394915590105));
#847 = VECTOR('',#848,1.);
#848 = DIRECTION('',(-0.274487476841,-0.961590674381));
#849 = ( GEOMETRIC_REPRESENTATION_CONTEXT(2) 
PARAMETRIC_REPRESENTATION_CONTEXT() REPRESENTATION_CONTEXT('2D SPACE',''
  ) );
#850 = PCURVE('',#851,#856);
#851 = PLANE('',#852);
#852 = AXIS2_PLACEMENT_3D('',#853,#854,#855);
#853 = CARTESIAN_POINT('',(27.867734016148,-16.48660499505,
    -1.904211573107E-02));
#854 = DIRECTION('',(-1.138679825257E-02,3.651117738105E-02,
    -0.999268369734));
#855 = DIRECTION('',(-3.473765006306E-20,-0.999333158191,
    -3.651354461582E-02));
#856 = DEFINITIONAL_REPRESENTATION('',(#857),#861);
#857 = LINE('',#858,#859);
#858 = CARTESIAN_POINT('',(1.016038362906,3.559522438141));
#859 = VECTOR('',#860,1.);
#860 = DIRECTION('',(-0.274479341282,-0.961592996652));
#861 = ( GEOMETRIC_REPRESENTATION_CONTEXT(2) 
PARAMETRIC_REPRESENTATION_CONTEXT() REPRESENTATION_CONTEXT('2D SPACE',''
  ) );
#862 = ORIENTED_EDGE('',*,*,#605,.T.);
#863 = ADVANCED_FACE('',(#864),#825,.T.);
#864 = FACE_BOUND('',#865,.T.);
#865 = EDGE_LOOP('',(#866,#894,#920));
#866 = ORIENTED_EDGE('',*,*,#867,.F.);
#867 = EDGE_CURVE('',#868,#578,#870,.T.);
#868 = VERTEX_POINT('',#869);
#869 = CARTESIAN_POINT('',(28.553956905921,-15.93866411857,
    1.173854835198E-02));
#870 = SURFACE_CURVE('',#871,(#875,#882),.PCURVE_S1.);
#871 = LINE('',#872,#873);
#872 = CARTESIAN_POINT('',(28.553956905921,-15.93866411857,
    1.173854835198E-02));
#873 = VECTOR('',#874,1.);
#874 = DIRECTION('',(0.629404505544,0.777007601965,1.044772176844E-02));
#875 = PCURVE('',#825,#876);
#876 = DEFINITIONAL_REPRESENTATION('',(#877),#881);
#877 = LINE('',#878,#879);
#878 = CARTESIAN_POINT('',(1.145574245084,-1.421481954754));
#879 = VECTOR('',#880,1.);
#880 = DIRECTION('',(-0.627492814959,0.778622352091));
#881 = ( GEOMETRIC_REPRESENTATION_CONTEXT(2) 
PARAMETRIC_REPRESENTATION_CONTEXT() REPRESENTATION_CONTEXT('2D SPACE',''
  ) );
#882 = PCURVE('',#883,#888);
#883 = PLANE('',#884);
#884 = AXIS2_PLACEMENT_3D('',#885,#886,#887);
#885 = CARTESIAN_POINT('',(29.703021204511,-14.52013011176,
    3.081229819009E-02));
#886 = DIRECTION('',(-0.21654491698,0.188289883259,-0.957943223157));
#887 = DIRECTION('',(-0.975389531498,1.436118388377E-18,0.220488688698)
  );
#888 = DEFINITIONAL_REPRESENTATION('',(#889),#893);
#889 = LINE('',#890,#891);
#890 = CARTESIAN_POINT('',(1.116579741773,-1.444368712952));
#891 = VECTOR('',#892,1.);
#892 = DIRECTION('',(-0.611610961313,0.79115866424));
#893 = ( GEOMETRIC_REPRESENTATION_CONTEXT(2) 
PARAMETRIC_REPRESENTATION_CONTEXT() REPRESENTATION_CONTEXT('2D SPACE',''
  ) );
#894 = ORIENTED_EDGE('',*,*,#895,.F.);
#895 = EDGE_CURVE('',#810,#868,#896,.T.);
#896 = SURFACE_CURVE('',#897,(#901,#908),.PCURVE_S1.);
#897 = LINE('',#898,#899);
#898 = CARTESIAN_POINT('',(27.867734016148,-16.48660499505,
    -1.904211573107E-02));
#899 = VECTOR('',#900,1.);
#900 = DIRECTION('',(0.780965153611,0.623591455701,3.503034715419E-02));
#901 = PCURVE('',#825,#902);
#902 = DEFINITIONAL_REPRESENTATION('',(#903),#907);
#903 = LINE('',#904,#905);
#904 = CARTESIAN_POINT('',(1.831577243444,-1.97056154287));
#905 = VECTOR('',#906,1.);
#906 = DIRECTION('',(-0.780714903243,0.624887381737));
#907 = ( GEOMETRIC_REPRESENTATION_CONTEXT(2) 
PARAMETRIC_REPRESENTATION_CONTEXT() REPRESENTATION_CONTEXT('2D SPACE',''
  ) );
#908 = PCURVE('',#909,#914);
#909 = PLANE('',#910);
#910 = AXIS2_PLACEMENT_3D('',#911,#912,#913);
#911 = CARTESIAN_POINT('',(27.845120264561,-16.44410539631,
    8.352100022732));
#912 = DIRECTION('',(0.623809594875,-0.781555904823,5.653050298518E-03)
  );
#913 = DIRECTION('',(-0.781568393205,-0.623819562649,-1.524582017611E-19
    ));
#914 = DEFINITIONAL_REPRESENTATION('',(#915),#919);
#915 = LINE('',#916,#917);
#916 = CARTESIAN_POINT('',(8.837887606797E-03,8.37127589987));
#917 = VECTOR('',#918,1.);
#918 = DIRECTION('',(-0.999386229424,-3.503090689962E-02));
#919 = ( GEOMETRIC_REPRESENTATION_CONTEXT(2) 
PARAMETRIC_REPRESENTATION_CONTEXT() REPRESENTATION_CONTEXT('2D SPACE',''
  ) );
#920 = ORIENTED_EDGE('',*,*,#809,.T.);
#921 = ADVANCED_FACE('',(#922),#883,.T.);
#922 = FACE_BOUND('',#923,.T.);
#923 = EDGE_LOOP('',(#924,#952,#978));
#924 = ORIENTED_EDGE('',*,*,#925,.F.);
#925 = EDGE_CURVE('',#926,#578,#928,.T.);
#926 = VERTEX_POINT('',#927);
#927 = CARTESIAN_POINT('',(29.205106458354,-15.2955223564,
    -9.04142897199E-03));
#928 = SURFACE_CURVE('',#929,(#933,#940),.PCURVE_S1.);
#929 = LINE('',#930,#931);
#930 = CARTESIAN_POINT('',(29.205106458354,-15.2955223564,
    -9.04142897199E-03));
#931 = VECTOR('',#932,1.);
#932 = DIRECTION('',(0.539829262174,0.840664845833,4.320861813163E-02));
#933 = PCURVE('',#883,#934);
#934 = DEFINITIONAL_REPRESENTATION('',(#935),#939);
#935 = LINE('',#936,#937);
#936 = CARTESIAN_POINT('',(0.476873534938,-0.789513887606));
#937 = VECTOR('',#938,1.);
#938 = DIRECTION('',(-0.517016799569,0.855975250205));
#939 = ( GEOMETRIC_REPRESENTATION_CONTEXT(2) 
PARAMETRIC_REPRESENTATION_CONTEXT() REPRESENTATION_CONTEXT('2D SPACE',''
  ) );
#940 = PCURVE('',#941,#946);
#941 = PLANE('',#942);
#942 = AXIS2_PLACEMENT_3D('',#943,#944,#945);
#943 = CARTESIAN_POINT('',(29.232729583161,-15.24585500355,
    8.334523889857));
#944 = DIRECTION('',(0.841440554732,-0.540349523228,4.308125885016E-04)
  );
#945 = DIRECTION('',(0.540349573373,0.841440632817,-6.698209405473E-21)
  );
#946 = DEFINITIONAL_REPRESENTATION('',(#947),#951);
#947 = LINE('',#948,#949);
#948 = CARTESIAN_POINT('',(-5.671827251746E-02,-8.34356609311));
#949 = VECTOR('',#950,1.);
#950 = DIRECTION('',(0.999066071375,4.320862214138E-02));
#951 = ( GEOMETRIC_REPRESENTATION_CONTEXT(2) 
PARAMETRIC_REPRESENTATION_CONTEXT() REPRESENTATION_CONTEXT('2D SPACE',''
  ) );
#952 = ORIENTED_EDGE('',*,*,#953,.F.);
#953 = EDGE_CURVE('',#868,#926,#954,.T.);
#954 = SURFACE_CURVE('',#955,(#959,#966),.PCURVE_S1.);
#955 = LINE('',#956,#957);
#956 = CARTESIAN_POINT('',(28.553956905921,-15.93866411857,
    1.173854835198E-02));
#957 = VECTOR('',#958,1.);
#958 = DIRECTION('',(0.711284724654,0.702537396379,-2.26990564517E-02));
#959 = PCURVE('',#883,#960);
#960 = DEFINITIONAL_REPRESENTATION('',(#961),#965);
#961 = LINE('',#962,#963);
#962 = CARTESIAN_POINT('',(1.116579741773,-1.444368712952));
#963 = VECTOR('',#964,1.);
#964 = DIRECTION('',(-0.698784559534,0.715332188118));
#965 = ( GEOMETRIC_REPRESENTATION_CONTEXT(2) 
PARAMETRIC_REPRESENTATION_CONTEXT() REPRESENTATION_CONTEXT('2D SPACE',''
  ) );
#966 = PCURVE('',#967,#972);
#967 = PLANE('',#968);
#968 = AXIS2_PLACEMENT_3D('',#969,#970,#971);
#969 = CARTESIAN_POINT('',(28.552028998541,-15.87283236425,
    8.360225057234));
#970 = DIRECTION('',(0.702799981196,-0.711364093462,5.771738321013E-03)
  );
#971 = DIRECTION('',(-0.711375942581,-0.702811687664,1.300755245169E-19)
  );
#972 = DEFINITIONAL_REPRESENTATION('',(#973),#977);
#973 = LINE('',#974,#975);
#974 = CARTESIAN_POINT('',(4.489585942905E-02,8.348625568769));
#975 = VECTOR('',#976,1.);
#976 = DIRECTION('',(-0.99974233464,2.269943454756E-02));
#977 = ( GEOMETRIC_REPRESENTATION_CONTEXT(2) 
PARAMETRIC_REPRESENTATION_CONTEXT() REPRESENTATION_CONTEXT('2D SPACE',''
  ) );
#978 = ORIENTED_EDGE('',*,*,#867,.T.);
#979 = ADVANCED_FACE('',(#980),#851,.T.);
#980 = FACE_BOUND('',#981,.T.);
#981 = EDGE_LOOP('',(#982,#1010,#1036));
#982 = ORIENTED_EDGE('',*,*,#983,.F.);
#983 = EDGE_CURVE('',#984,#810,#986,.T.);
#984 = VERTEX_POINT('',#985);
#985 = CARTESIAN_POINT('',(27.082396497197,-16.95883048776,
    -2.73472208373E-02));
#986 = SURFACE_CURVE('',#987,(#991,#998),.PCURVE_S1.);
#987 = LINE('',#988,#989);
#988 = CARTESIAN_POINT('',(27.082396497197,-16.95883048776,
    -2.73472208373E-02));
#989 = VECTOR('',#990,1.);
#990 = DIRECTION('',(0.856964841184,0.51529518787,9.062578708682E-03));
#991 = PCURVE('',#851,#992);
#992 = DEFINITIONAL_REPRESENTATION('',(#993),#997);
#993 = LINE('',#994,#995);
#994 = CARTESIAN_POINT('',(0.472213841841,0.78538843701));
#995 = VECTOR('',#996,1.);
#996 = DIRECTION('',(-0.515282474367,-0.857020403264));
#997 = ( GEOMETRIC_REPRESENTATION_CONTEXT(2) 
PARAMETRIC_REPRESENTATION_CONTEXT() REPRESENTATION_CONTEXT('2D SPACE',''
  ) );
#998 = PCURVE('',#999,#1004);
#999 = PLANE('',#1000);
#1000 = AXIS2_PLACEMENT_3D('',#1001,#1002,#1003);
#1001 = CARTESIAN_POINT('',(27.061994976363,-16.89532343502,
    8.379251307455));
#1002 = DIRECTION('',(0.515240977045,-0.857010539943,7.724635936277E-03)
  );
#1003 = DIRECTION('',(-0.857036109997,-0.515256349948,
    -6.563981711253E-21));
#1004 = DEFINITIONAL_REPRESENTATION('',(#1005),#1009);
#1005 = LINE('',#1006,#1007);
#1006 = CARTESIAN_POINT('',(1.523757214074E-02,8.406849350385));
#1007 = VECTOR('',#1008,1.);
#1008 = DIRECTION('',(-0.99995893154,-9.06284910282E-03));
#1009 = ( GEOMETRIC_REPRESENTATION_CONTEXT(2) 
PARAMETRIC_REPRESENTATION_CONTEXT() REPRESENTATION_CONTEXT('2D SPACE',''
  ) );
#1010 = ORIENTED_EDGE('',*,*,#1011,.F.);
#1011 = EDGE_CURVE('',#463,#984,#1012,.T.);
#1012 = SURFACE_CURVE('',#1013,(#1017,#1024),.PCURVE_S1.);
#1013 = LINE('',#1014,#1015);
#1014 = CARTESIAN_POINT('',(24.308442347858,-17.50344577216,
    -1.56367420892E-02));
#1015 = VECTOR('',#1016,1.);
#1016 = DIRECTION('',(0.981258365058,0.192652176201,-4.142464010498E-03)
  );
#1017 = PCURVE('',#851,#1018);
#1018 = DEFINITIONAL_REPRESENTATION('',(#1019),#1023);
#1019 = LINE('',#1020,#1021);
#1020 = CARTESIAN_POINT('',(1.016038362906,3.559522438141));
#1021 = VECTOR('',#1022,1.);
#1022 = DIRECTION('',(-0.192372451631,-0.98132198582));
#1023 = ( GEOMETRIC_REPRESENTATION_CONTEXT(2) 
PARAMETRIC_REPRESENTATION_CONTEXT() REPRESENTATION_CONTEXT('2D SPACE',''
  ) );
#1024 = PCURVE('',#1025,#1030);
#1025 = PLANE('',#1026);
#1026 = AXIS2_PLACEMENT_3D('',#1027,#1028,#1029);
#1027 = CARTESIAN_POINT('',(27.082396497197,-16.95883048776,
    -2.73472208373E-02));
#1028 = DIRECTION('',(-5.971689639604E-03,8.915263406298E-03,
    -0.999942426843));
#1029 = DIRECTION('',(-6.060428755043E-22,-0.999960256832,
    -8.915422374498E-03));
#1030 = DEFINITIONAL_REPRESENTATION('',(#1031),#1035);
#1031 = LINE('',#1032,#1033);
#1032 = CARTESIAN_POINT('',(0.544489235794,2.774003611759));
#1033 = VECTOR('',#1034,1.);
#1034 = DIRECTION('',(-0.192607587777,-0.981275861891));
#1035 = ( GEOMETRIC_REPRESENTATION_CONTEXT(2) 
PARAMETRIC_REPRESENTATION_CONTEXT() REPRESENTATION_CONTEXT('2D SPACE',''
  ) );
#1036 = ORIENTED_EDGE('',*,*,#837,.T.);
#1037 = ADVANCED_FACE('',(#1038),#1025,.T.);
#1038 = FACE_BOUND('',#1039,.T.);
#1039 = EDGE_LOOP('',(#1040,#1068,#1094));
#1040 = ORIENTED_EDGE('',*,*,#1041,.F.);
#1041 = EDGE_CURVE('',#1042,#984,#1044,.T.);
#1042 = VERTEX_POINT('',#1043);
#1043 = CARTESIAN_POINT('',(25.253359166726,-17.47269698759,
    -2.100566765886E-02));
#1044 = SURFACE_CURVE('',#1045,(#1049,#1056),.PCURVE_S1.);
#1045 = LINE('',#1046,#1047);
#1046 = CARTESIAN_POINT('',(25.253359166726,-17.47269698759,
    -2.100566765886E-02));
#1047 = VECTOR('',#1048,1.);
#1048 = DIRECTION('',(0.962721026209,0.270475662691,-3.337901573686E-03)
  );
#1049 = PCURVE('',#1025,#1050);
#1050 = DEFINITIONAL_REPRESENTATION('',(#1051),#1055);
#1051 = LINE('',#1052,#1053);
#1052 = CARTESIAN_POINT('',(0.513789539518,1.829069944064));
#1053 = VECTOR('',#1054,1.);
#1054 = DIRECTION('',(-0.270435154329,-0.962738192502));
#1055 = ( GEOMETRIC_REPRESENTATION_CONTEXT(2) 
PARAMETRIC_REPRESENTATION_CONTEXT() REPRESENTATION_CONTEXT('2D SPACE',''
  ) );
#1056 = PCURVE('',#1057,#1062);
#1057 = PLANE('',#1058);
#1058 = AXIS2_PLACEMENT_3D('',#1059,#1060,#1061);
#1059 = CARTESIAN_POINT('',(27.082396497197,-16.95883048776,
    -2.73472208373E-02));
#1060 = DIRECTION('',(0.142901631206,-0.519038652295,-0.842720594992));
#1061 = DIRECTION('',(-3.899587465739E-18,-0.851459209194,0.524420837761
    ));
#1062 = DEFINITIONAL_REPRESENTATION('',(#1063),#1067);
#1063 = LINE('',#1064,#1065);
#1064 = CARTESIAN_POINT('',(0.440862006203,1.848003582973));
#1065 = VECTOR('',#1066,1.);
#1066 = DIRECTION('',(-0.232049459001,-0.972703988157));
#1067 = ( GEOMETRIC_REPRESENTATION_CONTEXT(2) 
PARAMETRIC_REPRESENTATION_CONTEXT() REPRESENTATION_CONTEXT('2D SPACE',''
  ) );
#1068 = ORIENTED_EDGE('',*,*,#1069,.F.);
#1069 = EDGE_CURVE('',#463,#1042,#1070,.T.);
#1070 = SURFACE_CURVE('',#1071,(#1075,#1082),.PCURVE_S1.);
#1071 = LINE('',#1072,#1073);
#1072 = CARTESIAN_POINT('',(24.308442347858,-17.50344577216,
    -1.56367420892E-02));
#1073 = VECTOR('',#1074,1.);
#1074 = DIRECTION('',(0.999454837293,3.252352044694E-02,
    -5.678805292177E-03));
#1075 = PCURVE('',#1025,#1076);
#1076 = DEFINITIONAL_REPRESENTATION('',(#1077),#1081);
#1077 = LINE('',#1078,#1079);
#1078 = CARTESIAN_POINT('',(0.544489235794,2.774003611759));
#1079 = VECTOR('',#1080,1.);
#1080 = DIRECTION('',(-3.247159891145E-02,-0.999472658588));
#1081 = ( GEOMETRIC_REPRESENTATION_CONTEXT(2) 
PARAMETRIC_REPRESENTATION_CONTEXT() REPRESENTATION_CONTEXT('2D SPACE',''
  ) );
#1082 = PCURVE('',#1083,#1088);
#1083 = PLANE('',#1084);
#1084 = AXIS2_PLACEMENT_3D('',#1085,#1086,#1087);
#1085 = CARTESIAN_POINT('',(24.32783549454,-17.50435063695,
    8.328159063829));
#1086 = DIRECTION('',(3.252300006905E-02,-0.999470970372,
    -1.839821389223E-04));
#1087 = DIRECTION('',(-0.999470987288,-3.252300061949E-02,
    2.082727978027E-22));
#1088 = DEFINITIONAL_REPRESENTATION('',(#1089),#1093);
#1089 = LINE('',#1090,#1091);
#1090 = CARTESIAN_POINT('',(1.935345854288E-02,8.343795947134));
#1091 = VECTOR('',#1092,1.);
#1092 = DIRECTION('',(-0.999983875455,5.678805388289E-03));
#1093 = ( GEOMETRIC_REPRESENTATION_CONTEXT(2) 
PARAMETRIC_REPRESENTATION_CONTEXT() REPRESENTATION_CONTEXT('2D SPACE',''
  ) );
#1094 = ORIENTED_EDGE('',*,*,#1011,.T.);
#1095 = ADVANCED_FACE('',(#1096),#1057,.T.);
#1096 = FACE_BOUND('',#1097,.T.);
#1097 = EDGE_LOOP('',(#1098,#1126,#1152));
#1098 = ORIENTED_EDGE('',*,*,#1099,.F.);
#1099 = EDGE_CURVE('',#1100,#984,#1102,.T.);
#1100 = VERTEX_POINT('',#1101);
#1101 = CARTESIAN_POINT('',(26.169986850708,-17.2631868838,
    5.389497555833E-03));
#1102 = SURFACE_CURVE('',#1103,(#1107,#1114),.PCURVE_S1.);
#1103 = LINE('',#1104,#1105);
#1104 = CARTESIAN_POINT('',(26.169986850708,-17.2631868838,
    5.389497555833E-03));
#1105 = VECTOR('',#1106,1.);
#1106 = DIRECTION('',(0.948065728951,0.316250348268,-3.401603754E-02));
#1107 = PCURVE('',#1057,#1108);
#1108 = DEFINITIONAL_REPRESENTATION('',(#1109),#1113);
#1109 = LINE('',#1110,#1111);
#1110 = CARTESIAN_POINT('',(0.276314873564,0.921870903213));
#1111 = VECTOR('',#1112,1.);
#1112 = DIRECTION('',(-0.287112990347,-0.957896722394));
#1113 = ( GEOMETRIC_REPRESENTATION_CONTEXT(2) 
PARAMETRIC_REPRESENTATION_CONTEXT() REPRESENTATION_CONTEXT('2D SPACE',''
  ) );
#1114 = PCURVE('',#1115,#1120);
#1115 = PLANE('',#1116);
#1116 = AXIS2_PLACEMENT_3D('',#1117,#1118,#1119);
#1117 = CARTESIAN_POINT('',(26.151658926725,-17.24412637382,
    8.351794632354));
#1118 = DIRECTION('',(0.316524558103,-0.948580000327,2.861310494548E-03)
  );
#1119 = DIRECTION('',(-0.948583883409,-0.316525853819,5.98942609083E-20)
  );
#1120 = DEFINITIONAL_REPRESENTATION('',(#1121),#1125);
#1121 = LINE('',#1122,#1123);
#1122 = CARTESIAN_POINT('',(-1.135242911072E-02,8.346439301425));
#1123 = VECTOR('',#1124,1.);
#1124 = DIRECTION('',(-0.999421282401,3.401617678716E-02));
#1125 = ( GEOMETRIC_REPRESENTATION_CONTEXT(2) 
PARAMETRIC_REPRESENTATION_CONTEXT() REPRESENTATION_CONTEXT('2D SPACE',''
  ) );
#1126 = ORIENTED_EDGE('',*,*,#1127,.F.);
#1127 = EDGE_CURVE('',#1042,#1100,#1128,.T.);
#1128 = SURFACE_CURVE('',#1129,(#1133,#1140),.PCURVE_S1.);
#1129 = LINE('',#1130,#1131);
#1130 = CARTESIAN_POINT('',(25.253359166726,-17.47269698759,
    -2.100566765886E-02));
#1131 = VECTOR('',#1132,1.);
#1132 = DIRECTION('',(0.97447572822,0.222732211269,2.806095462046E-02));
#1133 = PCURVE('',#1057,#1134);
#1134 = DEFINITIONAL_REPRESENTATION('',(#1135),#1139);
#1135 = LINE('',#1136,#1137);
#1136 = CARTESIAN_POINT('',(0.440862006203,1.848003582973));
#1137 = VECTOR('',#1138,1.);
#1138 = DIRECTION('',(-0.174931643138,-0.984580580871));
#1139 = ( GEOMETRIC_REPRESENTATION_CONTEXT(2) 
PARAMETRIC_REPRESENTATION_CONTEXT() REPRESENTATION_CONTEXT('2D SPACE',''
  ) );
#1140 = PCURVE('',#1141,#1146);
#1141 = PLANE('',#1142);
#1142 = AXIS2_PLACEMENT_3D('',#1143,#1144,#1145);
#1143 = CARTESIAN_POINT('',(25.242883302213,-17.35856869313,
    8.356635182094));
#1144 = DIRECTION('',(0.222428409793,-0.974854742161,1.35585472082E-02)
  );
#1145 = DIRECTION('',(-0.97494436034,-0.222448857587,-2.047942247076E-19
    ));
#1146 = DEFINITIONAL_REPRESENTATION('',(#1147),#1151);
#1147 = LINE('',#1148,#1149);
#1148 = CARTESIAN_POINT('',(1.517432369442E-02,8.378411004401));
#1149 = VECTOR('',#1150,1.);
#1150 = DIRECTION('',(-0.99960614146,-2.806353425774E-02));
#1151 = ( GEOMETRIC_REPRESENTATION_CONTEXT(2) 
PARAMETRIC_REPRESENTATION_CONTEXT() REPRESENTATION_CONTEXT('2D SPACE',''
  ) );
#1152 = ORIENTED_EDGE('',*,*,#1041,.T.);
#1153 = ADVANCED_FACE('',(#1154),#504,.T.);
#1154 = FACE_BOUND('',#1155,.T.);
#1155 = EDGE_LOOP('',(#1156,#1157,#1185));
#1156 = ORIENTED_EDGE('',*,*,#490,.F.);
#1157 = ORIENTED_EDGE('',*,*,#1158,.F.);
#1158 = EDGE_CURVE('',#1159,#463,#1161,.T.);
#1159 = VERTEX_POINT('',#1160);
#1160 = CARTESIAN_POINT('',(-24.3545358834,17.493841948883,
    6.971289434384E-02));
#1161 = SURFACE_CURVE('',#1162,(#1166,#1173),.PCURVE_S1.);
#1162 = LINE('',#1163,#1164);
#1163 = CARTESIAN_POINT('',(-24.3545358834,17.493841948883,
    6.971289434384E-02));
#1164 = VECTOR('',#1165,1.);
#1165 = DIRECTION('',(0.81185028152,-0.583863933558,-1.423898184704E-03)
  );
#1166 = PCURVE('',#504,#1167);
#1167 = DEFINITIONAL_REPRESENTATION('',(#1168),#1172);
#1168 = LINE('',#1169,#1170);
#1169 = CARTESIAN_POINT('',(48.706138108194,3.610269738888E-02));
#1170 = VECTOR('',#1171,1.);
#1171 = DIRECTION('',(-0.811851480269,-0.583864002988));
#1172 = ( GEOMETRIC_REPRESENTATION_CONTEXT(2) 
PARAMETRIC_REPRESENTATION_CONTEXT() REPRESENTATION_CONTEXT('2D SPACE',''
  ) );
#1173 = PCURVE('',#1174,#1179);
#1174 = PLANE('',#1175);
#1175 = AXIS2_PLACEMENT_3D('',#1176,#1177,#1178);
#1176 = CARTESIAN_POINT('',(24.308442347858,-17.50344577216,
    -1.56367420892E-02));
#1177 = DIRECTION('',(8.504041694518E-04,3.621201921868E-03,
    -0.999993081831));
#1178 = DIRECTION('',(5.021487699582E-22,-0.999993443422,
    -3.621203231272E-03));
#1179 = DEFINITIONAL_REPRESENTATION('',(#1180),#1184);
#1180 = LINE('',#1181,#1182);
#1181 = CARTESIAN_POINT('',(-34.99736732698,48.662995827494));
#1182 = VECTOR('',#1183,1.);
#1183 = DIRECTION('',(0.583865261634,-0.81185057508));
#1184 = ( GEOMETRIC_REPRESENTATION_CONTEXT(2) 
PARAMETRIC_REPRESENTATION_CONTEXT() REPRESENTATION_CONTEXT('2D SPACE',''
  ) );
#1185 = ORIENTED_EDGE('',*,*,#1186,.T.);
#1186 = EDGE_CURVE('',#1159,#405,#1187,.T.);
#1187 = SURFACE_CURVE('',#1188,(#1192,#1199),.PCURVE_S1.);
#1188 = LINE('',#1189,#1190);
#1189 = CARTESIAN_POINT('',(-24.3545358834,17.493841948883,
    6.971289434384E-02));
#1190 = VECTOR('',#1191,1.);
#1191 = DIRECTION('',(0.999997511342,-7.412347720447E-04,
    -2.104252948609E-03));
#1192 = PCURVE('',#504,#1193);
#1193 = DEFINITIONAL_REPRESENTATION('',(#1194),#1198);
#1194 = LINE('',#1195,#1196);
#1195 = CARTESIAN_POINT('',(48.706138108194,3.610269738888E-02));
#1196 = VECTOR('',#1197,1.);
#1197 = DIRECTION('',(-0.999999725285,-7.412348601884E-04));
#1198 = ( GEOMETRIC_REPRESENTATION_CONTEXT(2) 
PARAMETRIC_REPRESENTATION_CONTEXT() REPRESENTATION_CONTEXT('2D SPACE',''
  ) );
#1199 = PCURVE('',#1200,#1205);
#1200 = PLANE('',#1201);
#1201 = AXIS2_PLACEMENT_3D('',#1202,#1203,#1204);
#1202 = CARTESIAN_POINT('',(24.351494392136,17.457739255788,
    -3.277716854119E-02));
#1203 = DIRECTION('',(7.387107750722E-04,0.999999007155,
    -1.199998052216E-03));
#1204 = DIRECTION('',(6.901012571622E-23,1.199998379631E-03,
    0.999999280002));
#1205 = DEFINITIONAL_REPRESENTATION('',(#1206),#1210);
#1206 = LINE('',#1207,#1208);
#1207 = CARTESIAN_POINT('',(0.102533312266,-48.70604356483));
#1208 = VECTOR('',#1209,1.);
#1209 = DIRECTION('',(-2.105140914076E-03,0.999997784188));
#1210 = ( GEOMETRIC_REPRESENTATION_CONTEXT(2) 
PARAMETRIC_REPRESENTATION_CONTEXT() REPRESENTATION_CONTEXT('2D SPACE',''
  ) );
#1211 = ADVANCED_FACE('',(#1212),#1174,.T.);
#1212 = FACE_BOUND('',#1213,.T.);
#1213 = EDGE_LOOP('',(#1214,#1242,#1268));
#1214 = ORIENTED_EDGE('',*,*,#1215,.F.);
#1215 = EDGE_CURVE('',#1216,#463,#1218,.T.);
#1216 = VERTEX_POINT('',#1217);
#1217 = CARTESIAN_POINT('',(-24.37173897335,-17.47788057617,
    -5.694228027627E-02));
#1218 = SURFACE_CURVE('',#1219,(#1223,#1230),.PCURVE_S1.);
#1219 = LINE('',#1220,#1221);
#1220 = CARTESIAN_POINT('',(-24.37173897335,-17.47788057617,
    -5.694228027627E-02));
#1221 = VECTOR('',#1222,1.);
#1222 = DIRECTION('',(0.999999502117,-5.251661471231E-04,
    8.485078835101E-04));
#1223 = PCURVE('',#1174,#1224);
#1224 = DEFINITIONAL_REPRESENTATION('',(#1225),#1229);
#1225 = LINE('',#1226,#1227);
#1226 = CARTESIAN_POINT('',(-2.541545262563E-02,48.680198923666));
#1227 = VECTOR('',#1228,1.);
#1228 = DIRECTION('',(5.220900843408E-04,-0.999999863711));
#1229 = ( GEOMETRIC_REPRESENTATION_CONTEXT(2) 
PARAMETRIC_REPRESENTATION_CONTEXT() REPRESENTATION_CONTEXT('2D SPACE',''
  ) );
#1230 = PCURVE('',#1231,#1236);
#1231 = PLANE('',#1232);
#1232 = AXIS2_PLACEMENT_3D('',#1233,#1234,#1235);
#1233 = CARTESIAN_POINT('',(24.308442347858,-17.50344577216,
    -1.56367420892E-02));
#1234 = DIRECTION('',(-5.258804151402E-04,-0.99999950742,
    8.41789322798E-04));
#1235 = DIRECTION('',(-1.451516534385E-24,-8.417894391966E-04,
    -0.999999645695));
#1236 = DEFINITIONAL_REPRESENTATION('',(#1237),#1241);
#1237 = LINE('',#1238,#1239);
#1238 = CARTESIAN_POINT('',(4.128400304031E-02,-48.68018805247));
#1239 = VECTOR('',#1240,1.);
#1240 = DIRECTION('',(-8.480655035632E-04,0.999999640392));
#1241 = ( GEOMETRIC_REPRESENTATION_CONTEXT(2) 
PARAMETRIC_REPRESENTATION_CONTEXT() REPRESENTATION_CONTEXT('2D SPACE',''
  ) );
#1242 = ORIENTED_EDGE('',*,*,#1243,.T.);
#1243 = EDGE_CURVE('',#1216,#1159,#1244,.T.);
#1244 = SURFACE_CURVE('',#1245,(#1249,#1256),.PCURVE_S1.);
#1245 = LINE('',#1246,#1247);
#1246 = CARTESIAN_POINT('',(-24.37173897335,-17.47788057617,
    -5.694228027627E-02));
#1247 = VECTOR('',#1248,1.);
#1248 = DIRECTION('',(4.91911001477E-04,0.99999332092,3.621621113724E-03
    ));
#1249 = PCURVE('',#1174,#1250);
#1250 = DEFINITIONAL_REPRESENTATION('',(#1251),#1255);
#1251 = LINE('',#1252,#1253);
#1252 = CARTESIAN_POINT('',(-2.541545262563E-02,48.680198923666));
#1253 = VECTOR('',#1254,1.);
#1254 = DIRECTION('',(-0.999999879012,-4.91911179349E-04));
#1255 = ( GEOMETRIC_REPRESENTATION_CONTEXT(2) 
PARAMETRIC_REPRESENTATION_CONTEXT() REPRESENTATION_CONTEXT('2D SPACE',''
  ) );
#1256 = PCURVE('',#1257,#1262);
#1257 = PLANE('',#1258);
#1258 = AXIS2_PLACEMENT_3D('',#1259,#1260,#1261);
#1259 = CARTESIAN_POINT('',(-24.3545358834,17.493841948883,
    6.971289434384E-02));
#1260 = DIRECTION('',(5.87620149263E-03,3.618668474956E-03,
    -0.999976187464));
#1261 = DIRECTION('',(-0.999982734753,-1.563790737557E-21,
    -5.876239966736E-03));
#1262 = DEFINITIONAL_REPRESENTATION('',(#1263),#1267);
#1263 = LINE('',#1264,#1265);
#1264 = CARTESIAN_POINT('',(1.794704913499E-02,-34.97195150048));
#1265 = VECTOR('',#1266,1.);
#1266 = DIRECTION('',(-5.131840232449E-04,0.999999868321));
#1267 = ( GEOMETRIC_REPRESENTATION_CONTEXT(2) 
PARAMETRIC_REPRESENTATION_CONTEXT() REPRESENTATION_CONTEXT('2D SPACE',''
  ) );
#1268 = ORIENTED_EDGE('',*,*,#1158,.T.);
#1269 = ADVANCED_FACE('',(#1270),#1257,.T.);
#1270 = FACE_BOUND('',#1271,.T.);
#1271 = EDGE_LOOP('',(#1272,#1273,#1301));
#1272 = ORIENTED_EDGE('',*,*,#1243,.F.);
#1273 = ORIENTED_EDGE('',*,*,#1274,.F.);
#1274 = EDGE_CURVE('',#1275,#1216,#1277,.T.);
#1275 = VERTEX_POINT('',#1276);
#1276 = CARTESIAN_POINT('',(-30.7405717513,11.020712819365,
    8.761701127071E-03));
#1277 = SURFACE_CURVE('',#1278,(#1282,#1289),.PCURVE_S1.);
#1278 = LINE('',#1279,#1280);
#1279 = CARTESIAN_POINT('',(-30.7405717513,11.020712819365,
    8.761701127071E-03));
#1280 = VECTOR('',#1281,1.);
#1281 = DIRECTION('',(0.21809841172,-0.975924187764,-2.250009458149E-03)
  );
#1282 = PCURVE('',#1257,#1283);
#1283 = DEFINITIONAL_REPRESENTATION('',(#1284),#1288);
#1284 = LINE('',#1285,#1286);
#1285 = CARTESIAN_POINT('',(6.386283775254,-6.473171511976));
#1286 = VECTOR('',#1287,1.);
#1287 = DIRECTION('',(-0.218081424602,-0.975930577574));
#1288 = ( GEOMETRIC_REPRESENTATION_CONTEXT(2) 
PARAMETRIC_REPRESENTATION_CONTEXT() REPRESENTATION_CONTEXT('2D SPACE',''
  ) );
#1289 = PCURVE('',#1290,#1295);
#1290 = PLANE('',#1291);
#1291 = AXIS2_PLACEMENT_3D('',#1292,#1293,#1294);
#1292 = CARTESIAN_POINT('',(-30.7405717513,11.020712819365,
    8.761701127071E-03));
#1293 = DIRECTION('',(-2.730497659256E-03,1.69529626919E-03,
    -0.999994835163));
#1294 = DIRECTION('',(-0.999996272174,-1.206482025513E-21,
    2.73050158303E-03));
#1295 = DEFINITIONAL_REPRESENTATION('',(#1296),#1300);
#1296 = LINE('',#1297,#1298);
#1297 = CARTESIAN_POINT('',(0.,0.));
#1298 = VECTOR('',#1299,1.);
#1299 = DIRECTION('',(-0.218103742342,-0.975925590184));
#1300 = ( GEOMETRIC_REPRESENTATION_CONTEXT(2) 
PARAMETRIC_REPRESENTATION_CONTEXT() REPRESENTATION_CONTEXT('2D SPACE',''
  ) );
#1301 = ORIENTED_EDGE('',*,*,#1302,.T.);
#1302 = EDGE_CURVE('',#1275,#1159,#1303,.T.);
#1303 = SURFACE_CURVE('',#1304,(#1308,#1315),.PCURVE_S1.);
#1304 = LINE('',#1305,#1306);
#1305 = CARTESIAN_POINT('',(-30.7405717513,11.020712819365,
    8.761701127071E-03));
#1306 = VECTOR('',#1307,1.);
#1307 = DIRECTION('',(0.702285764617,0.71186359335,6.702930615799E-03));
#1308 = PCURVE('',#1257,#1309);
#1309 = DEFINITIONAL_REPRESENTATION('',(#1310),#1314);
#1310 = LINE('',#1311,#1312);
#1311 = CARTESIAN_POINT('',(6.386283775254,-6.473171511976));
#1312 = VECTOR('',#1313,1.);
#1313 = DIRECTION('',(-0.702313027509,0.711868254238));
#1314 = ( GEOMETRIC_REPRESENTATION_CONTEXT(2) 
PARAMETRIC_REPRESENTATION_CONTEXT() REPRESENTATION_CONTEXT('2D SPACE',''
  ) );
#1315 = PCURVE('',#1316,#1321);
#1316 = PLANE('',#1317);
#1317 = AXIS2_PLACEMENT_3D('',#1318,#1319,#1320);
#1318 = CARTESIAN_POINT('',(-24.3545358834,17.493841948883,
    6.971289434384E-02));
#1319 = DIRECTION('',(3.668723989408E-02,-2.678731606671E-02,
    -0.998967710252));
#1320 = DIRECTION('',(-0.999326313039,2.472579946049E-20,
    -3.670040963553E-02));
#1321 = DEFINITIONAL_REPRESENTATION('',(#1322),#1326);
#1322 = LINE('',#1323,#1324);
#1323 = CARTESIAN_POINT('',(6.383970612567,-6.475452810376));
#1324 = VECTOR('',#1325,1.);
#1325 = DIRECTION('',(-0.702058644154,0.71211913341));
#1326 = ( GEOMETRIC_REPRESENTATION_CONTEXT(2) 
PARAMETRIC_REPRESENTATION_CONTEXT() REPRESENTATION_CONTEXT('2D SPACE',''
  ) );
#1327 = ADVANCED_FACE('',(#1328),#1290,.T.);
#1328 = FACE_BOUND('',#1329,.T.);
#1329 = EDGE_LOOP('',(#1330,#1331,#1359));
#1330 = ORIENTED_EDGE('',*,*,#1274,.T.);
#1331 = ORIENTED_EDGE('',*,*,#1332,.F.);
#1332 = EDGE_CURVE('',#1333,#1216,#1335,.T.);
#1333 = VERTEX_POINT('',#1334);
#1334 = CARTESIAN_POINT('',(-30.80563959537,-11.09536778389,
    -2.855413294302E-02));
#1335 = SURFACE_CURVE('',#1336,(#1340,#1347),.PCURVE_S1.);
#1336 = LINE('',#1337,#1338);
#1337 = CARTESIAN_POINT('',(-30.80563959537,-11.09536778389,
    -2.855413294302E-02));
#1338 = VECTOR('',#1339,1.);
#1339 = DIRECTION('',(0.709932759462,-0.70426249722,-3.132419500444E-03)
  );
#1340 = PCURVE('',#1290,#1341);
#1341 = DEFINITIONAL_REPRESENTATION('',(#1342),#1346);
#1342 = LINE('',#1343,#1344);
#1343 = CARTESIAN_POINT('',(6.496571055679E-02,-22.11611238446));
#1344 = VECTOR('',#1345,1.);
#1345 = DIRECTION('',(-0.709938666033,-0.704263509257));
#1346 = ( GEOMETRIC_REPRESENTATION_CONTEXT(2) 
PARAMETRIC_REPRESENTATION_CONTEXT() REPRESENTATION_CONTEXT('2D SPACE',''
  ) );
#1347 = PCURVE('',#1348,#1353);
#1348 = PLANE('',#1349);
#1349 = AXIS2_PLACEMENT_3D('',#1350,#1351,#1352);
#1350 = CARTESIAN_POINT('',(-24.37173897335,-17.47788057617,
    -5.694228027627E-02));
#1351 = DIRECTION('',(2.058355529175E-03,6.522625113385E-03,
    -0.999976608994));
#1352 = DIRECTION('',(-3.33718711922E-22,-0.999978727364,
    -6.522638931047E-03));
#1353 = DEFINITIONAL_REPRESENTATION('',(#1354),#1358);
#1354 = LINE('',#1355,#1356);
#1355 = CARTESIAN_POINT('',(-6.382562185041,6.433914251721));
#1356 = VECTOR('',#1357,1.);
#1357 = DIRECTION('',(0.704267947342,-0.709934263398));
#1358 = ( GEOMETRIC_REPRESENTATION_CONTEXT(2) 
PARAMETRIC_REPRESENTATION_CONTEXT() REPRESENTATION_CONTEXT('2D SPACE',''
  ) );
#1359 = ORIENTED_EDGE('',*,*,#1360,.T.);
#1360 = EDGE_CURVE('',#1333,#1275,#1361,.T.);
#1361 = SURFACE_CURVE('',#1362,(#1366,#1373),.PCURVE_S1.);
#1362 = LINE('',#1363,#1364);
#1363 = CARTESIAN_POINT('',(-30.80563959537,-11.09536778389,
    -2.855413294302E-02));
#1364 = VECTOR('',#1365,1.);
#1365 = DIRECTION('',(2.94208865483E-03,0.999994248614,
    1.687261867134E-03));
#1366 = PCURVE('',#1290,#1367);
#1367 = DEFINITIONAL_REPRESENTATION('',(#1368),#1372);
#1368 = LINE('',#1369,#1370);
#1369 = CARTESIAN_POINT('',(6.496571055679E-02,-22.11611238446));
#1370 = VECTOR('',#1371,1.);
#1371 = DIRECTION('',(-2.937470616035E-03,0.999995685624));
#1372 = ( GEOMETRIC_REPRESENTATION_CONTEXT(2) 
PARAMETRIC_REPRESENTATION_CONTEXT() REPRESENTATION_CONTEXT('2D SPACE',''
  ) );
#1373 = PCURVE('',#1374,#1379);
#1374 = PLANE('',#1375);
#1375 = AXIS2_PLACEMENT_3D('',#1376,#1377,#1378);
#1376 = CARTESIAN_POINT('',(-30.77515721295,-11.08045845041,
    8.352672551613));
#1377 = DIRECTION('',(-0.999989095353,2.93594579378E-03,
    3.631721007499E-03));
#1378 = DIRECTION('',(-3.631736659914E-03,-2.078174203513E-22,
    -0.999993405223));
#1379 = DEFINITIONAL_REPRESENTATION('',(#1380),#1384);
#1380 = LINE('',#1381,#1382);
#1381 = CARTESIAN_POINT('',(8.381282116218,1.490939774184E-02));
#1382 = VECTOR('',#1383,1.);
#1383 = DIRECTION('',(-1.697935631242E-03,-0.999998558506));
#1384 = ( GEOMETRIC_REPRESENTATION_CONTEXT(2) 
PARAMETRIC_REPRESENTATION_CONTEXT() REPRESENTATION_CONTEXT('2D SPACE',''
  ) );
#1385 = ADVANCED_FACE('',(#1386),#1374,.T.);
#1386 = FACE_BOUND('',#1387,.T.);
#1387 = EDGE_LOOP('',(#1388,#1416,#1417));
#1388 = ORIENTED_EDGE('',*,*,#1389,.T.);
#1389 = EDGE_CURVE('',#1390,#1275,#1392,.T.);
#1390 = VERTEX_POINT('',#1391);
#1391 = CARTESIAN_POINT('',(-30.77515721295,-11.08045845041,
    8.352672551613));
#1392 = SURFACE_CURVE('',#1393,(#1397,#1404),.PCURVE_S1.);
#1393 = LINE('',#1394,#1395);
#1394 = CARTESIAN_POINT('',(-30.77515721295,-11.08045845041,
    8.352672551613));
#1395 = VECTOR('',#1396,1.);
#1396 = DIRECTION('',(1.464009391934E-03,0.935546925472,-0.353199386915)
  );
#1397 = PCURVE('',#1374,#1398);
#1398 = DEFINITIONAL_REPRESENTATION('',(#1399),#1403);
#1399 = LINE('',#1400,#1401);
#1400 = CARTESIAN_POINT('',(-0.,0.));
#1401 = VECTOR('',#1402,1.);
#1402 = DIRECTION('',(0.353191740747,-0.935550957601));
#1403 = ( GEOMETRIC_REPRESENTATION_CONTEXT(2) 
PARAMETRIC_REPRESENTATION_CONTEXT() REPRESENTATION_CONTEXT('2D SPACE',''
  ) );
#1404 = PCURVE('',#1405,#1410);
#1405 = PLANE('',#1406);
#1406 = AXIS2_PLACEMENT_3D('',#1407,#1408,#1409);
#1407 = CARTESIAN_POINT('',(-30.77515721295,-11.08045845041,
    8.352672551613));
#1408 = DIRECTION('',(-0.999998797318,1.188848618156E-03,
    -9.95992560187E-04));
#1409 = DIRECTION('',(-1.188849207826E-03,-0.999999293319,
    -1.31057748507E-22));
#1410 = DEFINITIONAL_REPRESENTATION('',(#1411),#1415);
#1411 = LINE('',#1412,#1413);
#1412 = CARTESIAN_POINT('',(-0.,0.));
#1413 = VECTOR('',#1414,1.);
#1414 = DIRECTION('',(-0.935548004824,-0.353199562102));
#1415 = ( GEOMETRIC_REPRESENTATION_CONTEXT(2) 
PARAMETRIC_REPRESENTATION_CONTEXT() REPRESENTATION_CONTEXT('2D SPACE',''
  ) );
#1416 = ORIENTED_EDGE('',*,*,#1360,.F.);
#1417 = ORIENTED_EDGE('',*,*,#1418,.T.);
#1418 = EDGE_CURVE('',#1333,#1390,#1419,.T.);
#1419 = SURFACE_CURVE('',#1420,(#1424,#1431),.PCURVE_S1.);
#1420 = LINE('',#1421,#1422);
#1421 = CARTESIAN_POINT('',(-30.80563959537,-11.09536778389,
    -2.855413294302E-02));
#1422 = VECTOR('',#1423,1.);
#1423 = DIRECTION('',(3.636953602181E-03,1.778881761429E-03,
    0.999991804041));
#1424 = PCURVE('',#1374,#1425);
#1425 = DEFINITIONAL_REPRESENTATION('',(#1426),#1430);
#1426 = LINE('',#1427,#1428);
#1427 = CARTESIAN_POINT('',(8.381282116218,1.490939774184E-02));
#1428 = VECTOR('',#1429,1.);
#1429 = DIRECTION('',(-0.999998417775,-1.778889428261E-03));
#1430 = ( GEOMETRIC_REPRESENTATION_CONTEXT(2) 
PARAMETRIC_REPRESENTATION_CONTEXT() REPRESENTATION_CONTEXT('2D SPACE',''
  ) );
#1431 = PCURVE('',#1432,#1437);
#1432 = PLANE('',#1433);
#1433 = AXIS2_PLACEMENT_3D('',#1434,#1435,#1436);
#1434 = CARTESIAN_POINT('',(-30.74536186881,-11.96445177537,
    8.328486415603));
#1435 = DIRECTION('',(-0.999422225405,-3.378701595425E-02,
    3.694985653194E-03));
#1436 = DIRECTION('',(3.37872466023E-02,-0.99942904799,
    -3.210145915812E-20));
#1437 = DEFINITIONAL_REPRESENTATION('',(#1438),#1442);
#1438 = LINE('',#1439,#1440);
#1439 = CARTESIAN_POINT('',(-0.870624404638,-8.357097598129));
#1440 = VECTOR('',#1441,1.);
#1441 = DIRECTION('',(-1.654983457075E-03,0.999998630514));
#1442 = ( GEOMETRIC_REPRESENTATION_CONTEXT(2) 
PARAMETRIC_REPRESENTATION_CONTEXT() REPRESENTATION_CONTEXT('2D SPACE',''
  ) );
#1443 = ADVANCED_FACE('',(#1444),#1405,.T.);
#1444 = FACE_BOUND('',#1445,.T.);
#1445 = EDGE_LOOP('',(#1446,#1474,#1500));
#1446 = ORIENTED_EDGE('',*,*,#1447,.T.);
#1447 = EDGE_CURVE('',#1390,#1448,#1450,.T.);
#1448 = VERTEX_POINT('',#1449);
#1449 = CARTESIAN_POINT('',(-30.74888149231,11.034846201657,
    8.36879750528));
#1450 = SURFACE_CURVE('',#1451,(#1455,#1462),.PCURVE_S1.);
#1451 = LINE('',#1452,#1453);
#1452 = CARTESIAN_POINT('',(-30.77515721295,-11.08045845041,
    8.352672551613));
#1453 = VECTOR('',#1454,1.);
#1454 = DIRECTION('',(1.188122683642E-03,0.999999028366,
    7.291302675795E-04));
#1455 = PCURVE('',#1405,#1456);
#1456 = DEFINITIONAL_REPRESENTATION('',(#1457),#1461);
#1457 = LINE('',#1458,#1459);
#1458 = CARTESIAN_POINT('',(-0.,0.));
#1459 = VECTOR('',#1460,1.);
#1460 = DIRECTION('',(-0.999999734184,7.291306292288E-04));
#1461 = ( GEOMETRIC_REPRESENTATION_CONTEXT(2) 
PARAMETRIC_REPRESENTATION_CONTEXT() REPRESENTATION_CONTEXT('2D SPACE',''
  ) );
#1462 = PCURVE('',#1463,#1468);
#1463 = PLANE('',#1464);
#1464 = AXIS2_PLACEMENT_3D('',#1465,#1466,#1467);
#1465 = CARTESIAN_POINT('',(-30.74888149231,11.034846201657,
    8.36879750528));
#1466 = DIRECTION('',(6.764005516856E-03,-7.371505744096E-04,
    0.999976852151));
#1467 = DIRECTION('',(0.999977123841,9.364420009097E-23,
    -6.764007354606E-03));
#1468 = DEFINITIONAL_REPRESENTATION('',(#1469),#1473);
#1469 = LINE('',#1470,#1471);
#1470 = CARTESIAN_POINT('',(-2.616605025039E-02,-22.11531066069));
#1471 = VECTOR('',#1472,1.);
#1472 = DIRECTION('',(1.183163661466E-03,0.999999300062));
#1473 = ( GEOMETRIC_REPRESENTATION_CONTEXT(2) 
PARAMETRIC_REPRESENTATION_CONTEXT() REPRESENTATION_CONTEXT('2D SPACE',''
  ) );
#1474 = ORIENTED_EDGE('',*,*,#1475,.T.);
#1475 = EDGE_CURVE('',#1448,#1275,#1476,.T.);
#1476 = SURFACE_CURVE('',#1477,(#1481,#1488),.PCURVE_S1.);
#1477 = LINE('',#1478,#1479);
#1478 = CARTESIAN_POINT('',(-30.74888149231,11.034846201657,
    8.36879750528));
#1479 = VECTOR('',#1480,1.);
#1480 = DIRECTION('',(9.939819900884E-04,-1.690585476421E-03,
    -0.999998076958));
#1481 = PCURVE('',#1405,#1482);
#1482 = DEFINITIONAL_REPRESENTATION('',(#1483),#1487);
#1483 = LINE('',#1484,#1485);
#1484 = CARTESIAN_POINT('',(-22.11532026146,1.612496166411E-02));
#1485 = VECTOR('',#1486,1.);
#1486 = DIRECTION('',(1.689402587014E-03,-0.999998572958));
#1487 = ( GEOMETRIC_REPRESENTATION_CONTEXT(2) 
PARAMETRIC_REPRESENTATION_CONTEXT() REPRESENTATION_CONTEXT('2D SPACE',''
  ) );
#1488 = PCURVE('',#1489,#1494);
#1489 = PLANE('',#1490);
#1490 = AXIS2_PLACEMENT_3D('',#1491,#1492,#1493);
#1491 = CARTESIAN_POINT('',(-30.72330592237,11.954084553995,
    8.31938567449));
#1492 = DIRECTION('',(-0.999614189219,2.775590067287E-02,
    -1.040524224654E-03));
#1493 = DIRECTION('',(-2.775591569841E-02,-0.999614730356,
    -3.329481775275E-21));
#1494 = DEFINITIONAL_REPRESENTATION('',(#1495),#1499);
#1495 = LINE('',#1496,#1497);
#1496 = CARTESIAN_POINT('',(0.919594071068,4.941185753884E-02));
#1497 = VECTOR('',#1498,1.);
#1498 = DIRECTION('',(1.662345264833E-03,-0.999998618303));
#1499 = ( GEOMETRIC_REPRESENTATION_CONTEXT(2) 
PARAMETRIC_REPRESENTATION_CONTEXT() REPRESENTATION_CONTEXT('2D SPACE',''
  ) );
#1500 = ORIENTED_EDGE('',*,*,#1389,.F.);
#1501 = ADVANCED_FACE('',(#1502),#1489,.T.);
#1502 = FACE_BOUND('',#1503,.T.);
#1503 = EDGE_LOOP('',(#1504,#1532,#1533));
#1504 = ORIENTED_EDGE('',*,*,#1505,.F.);
#1505 = EDGE_CURVE('',#1275,#1506,#1508,.T.);
#1506 = VERTEX_POINT('',#1507);
#1507 = CARTESIAN_POINT('',(-30.72330592237,11.954084553995,
    8.31938567449));
#1508 = SURFACE_CURVE('',#1509,(#1513,#1520),.PCURVE_S1.);
#1509 = LINE('',#1510,#1511);
#1510 = CARTESIAN_POINT('',(-30.7405717513,11.020712819365,
    8.761701127071E-03));
#1511 = VECTOR('',#1512,1.);
#1512 = DIRECTION('',(2.06457649771E-03,0.111608736211,0.993750083032));
#1513 = PCURVE('',#1489,#1514);
#1514 = DEFINITIONAL_REPRESENTATION('',(#1515),#1519);
#1515 = LINE('',#1516,#1517);
#1516 = CARTESIAN_POINT('',(0.933491363726,-8.310628472284));
#1517 = VECTOR('',#1518,1.);
#1518 = DIRECTION('',(-0.111623040964,0.993750620994));
#1519 = ( GEOMETRIC_REPRESENTATION_CONTEXT(2) 
PARAMETRIC_REPRESENTATION_CONTEXT() REPRESENTATION_CONTEXT('2D SPACE',''
  ) );
#1520 = PCURVE('',#1521,#1526);
#1521 = PLANE('',#1522);
#1522 = AXIS2_PLACEMENT_3D('',#1523,#1524,#1525);
#1523 = CARTESIAN_POINT('',(-30.72330592237,11.954084553995,
    8.31938567449));
#1524 = DIRECTION('',(-0.999971576704,7.436563939328E-03,
    1.242296562993E-03));
#1525 = DIRECTION('',(-7.436569677762E-03,-0.999972348333,
    9.072681291395E-22));
#1526 = DEFINITIONAL_REPRESENTATION('',(#1527),#1531);
#1527 = LINE('',#1528,#1529);
#1528 = CARTESIAN_POINT('',(0.933474323886,-8.310630386266));
#1529 = VECTOR('',#1530,1.);
#1530 = DIRECTION('',(-0.11162100341,0.99375084986));
#1531 = ( GEOMETRIC_REPRESENTATION_CONTEXT(2) 
PARAMETRIC_REPRESENTATION_CONTEXT() REPRESENTATION_CONTEXT('2D SPACE',''
  ) );
#1532 = ORIENTED_EDGE('',*,*,#1475,.F.);
#1533 = ORIENTED_EDGE('',*,*,#1534,.T.);
#1534 = EDGE_CURVE('',#1448,#1506,#1535,.T.);
#1535 = SURFACE_CURVE('',#1536,(#1540,#1547),.PCURVE_S1.);
#1536 = LINE('',#1537,#1538);
#1537 = CARTESIAN_POINT('',(-30.74888149231,11.034846201657,
    8.36879750528));
#1538 = VECTOR('',#1539,1.);
#1539 = DIRECTION('',(2.77717421039E-02,0.998173276815,
    -5.365482078459E-02));
#1540 = PCURVE('',#1489,#1541);
#1541 = DEFINITIONAL_REPRESENTATION('',(#1542),#1546);
#1542 = LINE('',#1543,#1544);
#1543 = CARTESIAN_POINT('',(0.919594071068,4.941185753884E-02));
#1544 = VECTOR('',#1545,1.);
#1545 = DIRECTION('',(-0.998559541084,-5.36548498304E-02));
#1546 = ( GEOMETRIC_REPRESENTATION_CONTEXT(2) 
PARAMETRIC_REPRESENTATION_CONTEXT() REPRESENTATION_CONTEXT('2D SPACE',''
  ) );
#1547 = PCURVE('',#1548,#1553);
#1548 = PLANE('',#1549);
#1549 = AXIS2_PLACEMENT_3D('',#1550,#1551,#1552);
#1550 = CARTESIAN_POINT('',(-30.22265769867,13.722258413659,
    8.382993519729));
#1551 = DIRECTION('',(-0.33095504719,5.982980676044E-02,0.941747923259)
  );
#1552 = DIRECTION('',(0.943438005138,2.057213550558E-18,0.331548986518)
  );
#1553 = DEFINITIONAL_REPRESENTATION('',(#1554),#1558);
#1554 = LINE('',#1555,#1556);
#1555 = CARTESIAN_POINT('',(-0.501166200329,-2.692235102045));
#1556 = VECTOR('',#1557,1.);
#1557 = DIRECTION('',(8.411715516788E-03,0.999964620895));
#1558 = ( GEOMETRIC_REPRESENTATION_CONTEXT(2) 
PARAMETRIC_REPRESENTATION_CONTEXT() REPRESENTATION_CONTEXT('2D SPACE',''
  ) );
#1559 = ADVANCED_FACE('',(#1560),#1521,.T.);
#1560 = FACE_BOUND('',#1561,.T.);
#1561 = EDGE_LOOP('',(#1562,#1590,#1616));
#1562 = ORIENTED_EDGE('',*,*,#1563,.F.);
#1563 = EDGE_CURVE('',#1564,#1506,#1566,.T.);
#1564 = VERTEX_POINT('',#1565);
#1565 = CARTESIAN_POINT('',(-30.73325503584,12.002730521403,
    1.976556877218E-02));
#1566 = SURFACE_CURVE('',#1567,(#1571,#1578),.PCURVE_S1.);
#1567 = LINE('',#1568,#1569);
#1568 = CARTESIAN_POINT('',(-30.73325503584,12.002730521403,
    1.976556877218E-02));
#1569 = VECTOR('',#1570,1.);
#1570 = DIRECTION('',(1.198721785436E-03,-5.861123312659E-03,
    0.99998210499));
#1571 = PCURVE('',#1521,#1572);
#1572 = DEFINITIONAL_REPRESENTATION('',(#1573),#1577);
#1573 = LINE('',#1574,#1575);
#1574 = CARTESIAN_POINT('',(-4.857063499029E-02,-8.29962651013));
#1575 = VECTOR('',#1576,1.);
#1576 = DIRECTION('',(5.85204686475E-03,0.999982876627));
#1577 = ( GEOMETRIC_REPRESENTATION_CONTEXT(2) 
PARAMETRIC_REPRESENTATION_CONTEXT() REPRESENTATION_CONTEXT('2D SPACE',''
  ) );
#1578 = PCURVE('',#1579,#1584);
#1579 = PLANE('',#1580);
#1580 = AXIS2_PLACEMENT_3D('',#1581,#1582,#1583);
#1581 = CARTESIAN_POINT('',(-30.51306762355,12.84270230265,
    8.350755508562));
#1582 = DIRECTION('',(-0.973152036769,0.230149485118,2.515518074863E-03)
  );
#1583 = DIRECTION('',(-0.230150213295,-0.973155115755,7.057840256943E-20
    ));
#1584 = DEFINITIONAL_REPRESENTATION('',(#1585),#1589);
#1585 = LINE('',#1586,#1587);
#1586 = CARTESIAN_POINT('',(0.868099015915,-8.331016298464));
#1587 = VECTOR('',#1588,1.);
#1588 = DIRECTION('',(5.427896061185E-03,0.999985268864));
#1589 = ( GEOMETRIC_REPRESENTATION_CONTEXT(2) 
PARAMETRIC_REPRESENTATION_CONTEXT() REPRESENTATION_CONTEXT('2D SPACE',''
  ) );
#1590 = ORIENTED_EDGE('',*,*,#1591,.F.);
#1591 = EDGE_CURVE('',#1275,#1564,#1592,.T.);
#1592 = SURFACE_CURVE('',#1593,(#1597,#1604),.PCURVE_S1.);
#1593 = LINE('',#1594,#1595);
#1594 = CARTESIAN_POINT('',(-30.7405717513,11.020712819365,
    8.761701127071E-03));
#1595 = VECTOR('',#1596,1.);
#1596 = DIRECTION('',(7.450021631466E-03,0.999909475745,
    1.120435151561E-02));
#1597 = PCURVE('',#1521,#1598);
#1598 = DEFINITIONAL_REPRESENTATION('',(#1599),#1603);
#1599 = LINE('',#1600,#1601);
#1600 = CARTESIAN_POINT('',(0.933474323886,-8.310630386266));
#1601 = VECTOR('',#1602,1.);
#1602 = DIRECTION('',(-0.999937229187,1.120436016146E-02));
#1603 = ( GEOMETRIC_REPRESENTATION_CONTEXT(2) 
PARAMETRIC_REPRESENTATION_CONTEXT() REPRESENTATION_CONTEXT('2D SPACE',''
  ) );
#1604 = PCURVE('',#1605,#1610);
#1605 = PLANE('',#1606);
#1606 = AXIS2_PLACEMENT_3D('',#1607,#1608,#1609);
#1607 = CARTESIAN_POINT('',(-30.2584726217,13.726840141765,
    -4.609793139062E-02));
#1608 = DIRECTION('',(-0.181332208538,1.236978159653E-02,-0.98334409982)
  );
#1609 = DIRECTION('',(-0.98341933993,8.486154940324E-20,0.181346083087)
  );
#1610 = DEFINITIONAL_REPRESENTATION('',(#1611),#1615);
#1611 = LINE('',#1612,#1613);
#1612 = CARTESIAN_POINT('',(0.48405418729,-2.706334380458));
#1613 = VECTOR('',#1614,1.);
#1614 = DIRECTION('',(-5.294630094398E-03,0.999985983348));
#1615 = ( GEOMETRIC_REPRESENTATION_CONTEXT(2) 
PARAMETRIC_REPRESENTATION_CONTEXT() REPRESENTATION_CONTEXT('2D SPACE',''
  ) );
#1616 = ORIENTED_EDGE('',*,*,#1505,.T.);
#1617 = ADVANCED_FACE('',(#1618),#1579,.T.);
#1618 = FACE_BOUND('',#1619,.T.);
#1619 = EDGE_LOOP('',(#1620,#1648,#1649));
#1620 = ORIENTED_EDGE('',*,*,#1621,.F.);
#1621 = EDGE_CURVE('',#1564,#1622,#1624,.T.);
#1622 = VERTEX_POINT('',#1623);
#1623 = CARTESIAN_POINT('',(-30.51306762355,12.84270230265,
    8.350755508562));
#1624 = SURFACE_CURVE('',#1625,(#1629,#1636),.PCURVE_S1.);
#1625 = LINE('',#1626,#1627);
#1626 = CARTESIAN_POINT('',(-30.73325503584,12.002730521403,
    1.976556877218E-02));
#1627 = VECTOR('',#1628,1.);
#1628 = DIRECTION('',(2.628751093024E-02,0.100281697081,0.994611757421)
  );
#1629 = PCURVE('',#1579,#1630);
#1630 = DEFINITIONAL_REPRESENTATION('',(#1631),#1635);
#1631 = LINE('',#1632,#1633);
#1632 = CARTESIAN_POINT('',(0.868099015915,-8.331016298464));
#1633 = VECTOR('',#1634,1.);
#1634 = DIRECTION('',(-0.103639722779,0.994614904303));
#1635 = ( GEOMETRIC_REPRESENTATION_CONTEXT(2) 
PARAMETRIC_REPRESENTATION_CONTEXT() REPRESENTATION_CONTEXT('2D SPACE',''
  ) );
#1636 = PCURVE('',#1637,#1642);
#1637 = PLANE('',#1638);
#1638 = AXIS2_PLACEMENT_3D('',#1639,#1640,#1641);
#1639 = CARTESIAN_POINT('',(-30.51306762355,12.84270230265,
    8.350755508562));
#1640 = DIRECTION('',(-0.971404187197,0.237425551269,1.735713421842E-03)
  );
#1641 = DIRECTION('',(-0.237425908916,-0.971405650475,1.060842135305E-20
    ));
#1642 = DEFINITIONAL_REPRESENTATION('',(#1643),#1647);
#1643 = LINE('',#1644,#1645);
#1644 = CARTESIAN_POINT('',(0.868231531039,-8.33100248921));
#1645 = VECTOR('',#1646,1.);
#1646 = DIRECTION('',(-0.10365554336,0.994613255658));
#1647 = ( GEOMETRIC_REPRESENTATION_CONTEXT(2) 
PARAMETRIC_REPRESENTATION_CONTEXT() REPRESENTATION_CONTEXT('2D SPACE',''
  ) );
#1648 = ORIENTED_EDGE('',*,*,#1563,.T.);
#1649 = ORIENTED_EDGE('',*,*,#1650,.T.);
#1650 = EDGE_CURVE('',#1506,#1622,#1651,.T.);
#1651 = SURFACE_CURVE('',#1652,(#1656,#1663),.PCURVE_S1.);
#1652 = LINE('',#1653,#1654);
#1653 = CARTESIAN_POINT('',(-30.72330592237,11.954084553995,
    8.31938567449));
#1654 = VECTOR('',#1655,1.);
#1655 = DIRECTION('',(0.230098573073,0.972561503395,3.433320236184E-02)
  );
#1656 = PCURVE('',#1579,#1657);
#1657 = DEFINITIONAL_REPRESENTATION('',(#1658),#1662);
#1658 = LINE('',#1659,#1660);
#1659 = CARTESIAN_POINT('',(0.913149297372,-3.13699333246E-02));
#1660 = VECTOR('',#1661,1.);
#1661 = DIRECTION('',(-0.999410438087,3.433331098971E-02));
#1662 = ( GEOMETRIC_REPRESENTATION_CONTEXT(2) 
PARAMETRIC_REPRESENTATION_CONTEXT() REPRESENTATION_CONTEXT('2D SPACE',''
  ) );
#1663 = PCURVE('',#1664,#1669);
#1664 = PLANE('',#1665);
#1665 = AXIS2_PLACEMENT_3D('',#1666,#1667,#1668);
#1666 = CARTESIAN_POINT('',(-30.22265769867,13.722258413659,
    8.382993519729));
#1667 = DIRECTION('',(-1.44242835062E-02,-3.186758232906E-02,
    0.999388011356));
#1668 = DIRECTION('',(7.585174180061E-20,0.999491993894,
    3.187089803033E-02));
#1669 = DEFINITIONAL_REPRESENTATION('',(#1670),#1674);
#1670 = LINE('',#1671,#1672);
#1671 = CARTESIAN_POINT('',(-1.769302855697,0.50070031425));
#1672 = VECTOR('',#1673,1.);
#1673 = DIRECTION('',(0.973161666204,-0.230122513958));
#1674 = ( GEOMETRIC_REPRESENTATION_CONTEXT(2) 
PARAMETRIC_REPRESENTATION_CONTEXT() REPRESENTATION_CONTEXT('2D SPACE',''
  ) );
#1675 = ADVANCED_FACE('',(#1676),#1637,.T.);
#1676 = FACE_BOUND('',#1677,.T.);
#1677 = EDGE_LOOP('',(#1678,#1706,#1732));
#1678 = ORIENTED_EDGE('',*,*,#1679,.F.);
#1679 = EDGE_CURVE('',#1680,#1622,#1682,.T.);
#1680 = VERTEX_POINT('',#1681);
#1681 = CARTESIAN_POINT('',(-30.51619156042,12.891080130808,
    -1.510586838536E-02));
#1682 = SURFACE_CURVE('',#1683,(#1687,#1694),.PCURVE_S1.);
#1683 = LINE('',#1684,#1685);
#1684 = CARTESIAN_POINT('',(-30.51619156042,12.891080130808,
    -1.510586838536E-02));
#1685 = VECTOR('',#1686,1.);
#1686 = DIRECTION('',(3.734085806041E-04,-5.782670037071E-03,
    0.999983210506));
#1687 = PCURVE('',#1637,#1688);
#1688 = DEFINITIONAL_REPRESENTATION('',(#1689),#1693);
#1689 = LINE('',#1690,#1691);
#1690 = CARTESIAN_POINT('',(-4.62527920793E-02,-8.365873978896));
#1691 = VECTOR('',#1692,1.);
#1692 = DIRECTION('',(5.528661477199E-03,0.999984716834));
#1693 = ( GEOMETRIC_REPRESENTATION_CONTEXT(2) 
PARAMETRIC_REPRESENTATION_CONTEXT() REPRESENTATION_CONTEXT('2D SPACE',''
  ) );
#1694 = PCURVE('',#1695,#1700);
#1695 = PLANE('',#1696);
#1696 = AXIS2_PLACEMENT_3D('',#1697,#1698,#1699);
#1697 = CARTESIAN_POINT('',(-30.22265769867,13.722258413659,
    8.382993519729));
#1698 = DIRECTION('',(-0.949599802214,0.313457363419,2.167245604587E-03)
  );
#1699 = DIRECTION('',(-0.313458099569,-0.949602032335,2.21111048948E-20)
  );
#1700 = DEFINITIONAL_REPRESENTATION('',(#1701),#1705);
#1701 = LINE('',#1702,#1703);
#1702 = CARTESIAN_POINT('',(0.88129915309,-8.398119110925));
#1703 = VECTOR('',#1704,1.);
#1704 = DIRECTION('',(5.374187275486E-03,0.999985558951));
#1705 = ( GEOMETRIC_REPRESENTATION_CONTEXT(2) 
PARAMETRIC_REPRESENTATION_CONTEXT() REPRESENTATION_CONTEXT('2D SPACE',''
  ) );
#1706 = ORIENTED_EDGE('',*,*,#1707,.F.);
#1707 = EDGE_CURVE('',#1564,#1680,#1708,.T.);
#1708 = SURFACE_CURVE('',#1709,(#1713,#1720),.PCURVE_S1.);
#1709 = LINE('',#1710,#1711);
#1710 = CARTESIAN_POINT('',(-30.73325503584,12.002730521403,
    1.976556877218E-02));
#1711 = VECTOR('',#1712,1.);
#1712 = DIRECTION('',(0.237189231071,0.970715871792,-3.810465740357E-02)
  );
#1713 = PCURVE('',#1637,#1714);
#1714 = DEFINITIONAL_REPRESENTATION('',(#1715),#1719);
#1715 = LINE('',#1716,#1717);
#1716 = CARTESIAN_POINT('',(0.868231531039,-8.33100248921));
#1717 = VECTOR('',#1718,1.);
#1718 = DIRECTION('',(-0.999273751637,-3.810471480267E-02));
#1719 = ( GEOMETRIC_REPRESENTATION_CONTEXT(2) 
PARAMETRIC_REPRESENTATION_CONTEXT() REPRESENTATION_CONTEXT('2D SPACE',''
  ) );
#1720 = PCURVE('',#1721,#1726);
#1721 = PLANE('',#1722);
#1722 = AXIS2_PLACEMENT_3D('',#1723,#1724,#1725);
#1723 = CARTESIAN_POINT('',(-30.2584726217,13.726840141765,
    -4.609793139062E-02));
#1724 = DIRECTION('',(3.386430440449E-02,-4.746196583743E-02,
    -0.998298838368));
#1725 = DIRECTION('',(-1.481330613775E-20,-0.998871751291,
    4.748920374712E-02));
#1726 = DEFINITIONAL_REPRESENTATION('',(#1727),#1731);
#1727 = LINE('',#1728,#1729);
#1728 = CARTESIAN_POINT('',(1.725292201088,0.475054886639));
#1729 = VECTOR('',#1730,1.);
#1730 = DIRECTION('',(-0.971430222702,-0.237325351409));
#1731 = ( GEOMETRIC_REPRESENTATION_CONTEXT(2) 
PARAMETRIC_REPRESENTATION_CONTEXT() REPRESENTATION_CONTEXT('2D SPACE',''
  ) );
#1732 = ORIENTED_EDGE('',*,*,#1621,.T.);
#1733 = ADVANCED_FACE('',(#1734),#1695,.T.);
#1734 = FACE_BOUND('',#1735,.T.);
#1735 = EDGE_LOOP('',(#1736,#1764,#1765));
#1736 = ORIENTED_EDGE('',*,*,#1737,.F.);
#1737 = EDGE_CURVE('',#1680,#1738,#1740,.T.);
#1738 = VERTEX_POINT('',#1739);
#1739 = CARTESIAN_POINT('',(-30.22265769867,13.722258413659,
    8.382993519729));
#1740 = SURFACE_CURVE('',#1741,(#1745,#1752),.PCURVE_S1.);
#1741 = LINE('',#1742,#1743);
#1742 = CARTESIAN_POINT('',(-30.51619156042,12.891080130808,
    -1.510586838536E-02));
#1743 = VECTOR('',#1744,1.);
#1744 = DIRECTION('',(3.476145397628E-02,9.843145677745E-02,
    0.99453652001));
#1745 = PCURVE('',#1695,#1746);
#1746 = DEFINITIONAL_REPRESENTATION('',(#1747),#1751);
#1747 = LINE('',#1748,#1749);
#1748 = CARTESIAN_POINT('',(0.88129915309,-8.398119110925));
#1749 = VECTOR('',#1750,1.);
#1750 = DIRECTION('',(-0.104366970703,0.994538855664));
#1751 = ( GEOMETRIC_REPRESENTATION_CONTEXT(2) 
PARAMETRIC_REPRESENTATION_CONTEXT() REPRESENTATION_CONTEXT('2D SPACE',''
  ) );
#1752 = PCURVE('',#1753,#1758);
#1753 = PLANE('',#1754);
#1754 = AXIS2_PLACEMENT_3D('',#1755,#1756,#1757);
#1755 = CARTESIAN_POINT('',(-30.22265769867,13.722258413659,
    8.382993519729));
#1756 = DIRECTION('',(-0.955545616605,0.294813099103,4.220329839734E-03)
  );
#1757 = DIRECTION('',(-0.294815724623,-0.955554126418,2.169713117396E-19
    ));
#1758 = DEFINITIONAL_REPRESENTATION('',(#1759),#1763);
#1759 = LINE('',#1760,#1761);
#1760 = CARTESIAN_POINT('',(0.880774236119,-8.39817417916));
#1761 = VECTOR('',#1762,1.);
#1762 = DIRECTION('',(-0.104304807936,0.994545377065));
#1763 = ( GEOMETRIC_REPRESENTATION_CONTEXT(2) 
PARAMETRIC_REPRESENTATION_CONTEXT() REPRESENTATION_CONTEXT('2D SPACE',''
  ) );
#1764 = ORIENTED_EDGE('',*,*,#1679,.T.);
#1765 = ORIENTED_EDGE('',*,*,#1766,.T.);
#1766 = EDGE_CURVE('',#1622,#1738,#1767,.T.);
#1767 = SURFACE_CURVE('',#1768,(#1772,#1779),.PCURVE_S1.);
#1768 = LINE('',#1769,#1770);
#1769 = CARTESIAN_POINT('',(-30.51306762355,12.84270230265,
    8.350755508562));
#1770 = VECTOR('',#1771,1.);
#1771 = DIRECTION('',(0.31334000188,0.949003769738,3.478344785875E-02));
#1772 = PCURVE('',#1695,#1773);
#1773 = DEFINITIONAL_REPRESENTATION('',(#1774),#1778);
#1774 = LINE('',#1775,#1776);
#1775 = CARTESIAN_POINT('',(0.926259613714,-3.223808687724E-02));
#1776 = VECTOR('',#1777,1.);
#1777 = DIRECTION('',(-0.999394869945,3.478352954716E-02));
#1778 = ( GEOMETRIC_REPRESENTATION_CONTEXT(2) 
PARAMETRIC_REPRESENTATION_CONTEXT() REPRESENTATION_CONTEXT('2D SPACE',''
  ) );
#1779 = PCURVE('',#1664,#1780);
#1780 = DEFINITIONAL_REPRESENTATION('',(#1781),#1785);
#1781 = LINE('',#1782,#1783);
#1782 = CARTESIAN_POINT('',(-0.8801367455,0.29044014093));
#1783 = VECTOR('',#1784,1.);
#1784 = DIRECTION('',(0.949630249748,-0.313372603721));
#1785 = ( GEOMETRIC_REPRESENTATION_CONTEXT(2) 
PARAMETRIC_REPRESENTATION_CONTEXT() REPRESENTATION_CONTEXT('2D SPACE',''
  ) );
#1786 = ADVANCED_FACE('',(#1787),#1753,.T.);
#1787 = FACE_BOUND('',#1788,.T.);
#1788 = EDGE_LOOP('',(#1789,#1817,#1838));
#1789 = ORIENTED_EDGE('',*,*,#1790,.F.);
#1790 = EDGE_CURVE('',#1791,#1738,#1793,.T.);
#1791 = VERTEX_POINT('',#1792);
#1792 = CARTESIAN_POINT('',(-30.2584726217,13.726840141765,
    -4.609793139062E-02));
#1793 = SURFACE_CURVE('',#1794,(#1798,#1805),.PCURVE_S1.);
#1794 = LINE('',#1795,#1796);
#1795 = CARTESIAN_POINT('',(-30.2584726217,13.726840141765,
    -4.609793139062E-02));
#1796 = VECTOR('',#1797,1.);
#1797 = DIRECTION('',(4.248927023214E-03,-5.435563367775E-04,
    0.999990825541));
#1798 = PCURVE('',#1753,#1799);
#1799 = DEFINITIONAL_REPRESENTATION('',(#1800),#1804);
#1800 = LINE('',#1801,#1802);
#1801 = CARTESIAN_POINT('',(6.180713287304E-03,-8.429166518172));
#1802 = VECTOR('',#1803,1.);
#1803 = DIRECTION('',(-7.332529986705E-04,0.99999973117));
#1804 = ( GEOMETRIC_REPRESENTATION_CONTEXT(2) 
PARAMETRIC_REPRESENTATION_CONTEXT() REPRESENTATION_CONTEXT('2D SPACE',''
  ) );
#1805 = PCURVE('',#1806,#1811);
#1806 = PLANE('',#1807);
#1807 = AXIS2_PLACEMENT_3D('',#1808,#1809,#1810);
#1808 = CARTESIAN_POINT('',(-29.77454946366,14.559919892468,
    8.341914796923));
#1809 = DIRECTION('',(-0.881671079104,0.471847525071,4.002668508157E-03)
  );
#1810 = DIRECTION('',(-0.471851304935,-0.881678141972,3.872056619542E-20
    ));
#1811 = DEFINITIONAL_REPRESENTATION('',(#1812),#1816);
#1812 = LINE('',#1813,#1814);
#1813 = CARTESIAN_POINT('',(0.962847980322,-8.388079922787));
#1814 = VECTOR('',#1815,1.);
#1815 = DIRECTION('',(-1.525620019412E-03,0.999998836241));
#1816 = ( GEOMETRIC_REPRESENTATION_CONTEXT(2) 
PARAMETRIC_REPRESENTATION_CONTEXT() REPRESENTATION_CONTEXT('2D SPACE',''
  ) );
#1817 = ORIENTED_EDGE('',*,*,#1818,.F.);
#1818 = EDGE_CURVE('',#1680,#1791,#1819,.T.);
#1819 = SURFACE_CURVE('',#1820,(#1824,#1831),.PCURVE_S1.);
#1820 = LINE('',#1821,#1822);
#1821 = CARTESIAN_POINT('',(-30.51619156042,12.891080130808,
    -1.510586838536E-02));
#1822 = VECTOR('',#1823,1.);
#1823 = DIRECTION('',(0.294487978193,0.954998794834,-3.541373412396E-02)
  );
#1824 = PCURVE('',#1753,#1825);
#1825 = DEFINITIONAL_REPRESENTATION('',(#1826),#1830);
#1826 = LINE('',#1827,#1828);
#1827 = CARTESIAN_POINT('',(0.880774236119,-8.39817417916));
#1828 = VECTOR('',#1829,1.);
#1829 = DIRECTION('',(-0.999372725812,-3.541404950844E-02));
#1830 = ( GEOMETRIC_REPRESENTATION_CONTEXT(2) 
PARAMETRIC_REPRESENTATION_CONTEXT() REPRESENTATION_CONTEXT('2D SPACE',''
  ) );
#1831 = PCURVE('',#1721,#1832);
#1832 = DEFINITIONAL_REPRESENTATION('',(#1833),#1837);
#1833 = LINE('',#1834,#1835);
#1834 = CARTESIAN_POINT('',(0.836288854198,0.257866840834));
#1835 = VECTOR('',#1836,1.);
#1836 = DIRECTION('',(-0.955603088712,-0.294656981664));
#1837 = ( GEOMETRIC_REPRESENTATION_CONTEXT(2) 
PARAMETRIC_REPRESENTATION_CONTEXT() REPRESENTATION_CONTEXT('2D SPACE',''
  ) );
#1838 = ORIENTED_EDGE('',*,*,#1737,.T.);
#1839 = ADVANCED_FACE('',(#1840),#1806,.T.);
#1840 = FACE_BOUND('',#1841,.T.);
#1841 = EDGE_LOOP('',(#1842,#1870,#1871));
#1842 = ORIENTED_EDGE('',*,*,#1843,.F.);
#1843 = EDGE_CURVE('',#1791,#1844,#1846,.T.);
#1844 = VERTEX_POINT('',#1845);
#1845 = CARTESIAN_POINT('',(-29.77454946366,14.559919892468,
    8.341914796923));
#1846 = SURFACE_CURVE('',#1847,(#1851,#1858),.PCURVE_S1.);
#1847 = LINE('',#1848,#1849);
#1848 = CARTESIAN_POINT('',(-30.2584726217,13.726840141765,
    -4.609793139062E-02));
#1849 = VECTOR('',#1850,1.);
#1850 = DIRECTION('',(5.731540362673E-02,9.866918202155E-02,
    0.993468337204));
#1851 = PCURVE('',#1806,#1852);
#1852 = DEFINITIONAL_REPRESENTATION('',(#1853),#1857);
#1853 = LINE('',#1854,#1855);
#1854 = CARTESIAN_POINT('',(0.962847980322,-8.388079922787));
#1855 = VECTOR('',#1856,1.);
#1856 = DIRECTION('',(-0.114038809069,0.993476295654));
#1857 = ( GEOMETRIC_REPRESENTATION_CONTEXT(2) 
PARAMETRIC_REPRESENTATION_CONTEXT() REPRESENTATION_CONTEXT('2D SPACE',''
  ) );
#1858 = PCURVE('',#1859,#1864);
#1859 = PLANE('',#1860);
#1860 = AXIS2_PLACEMENT_3D('',#1861,#1862,#1863);
#1861 = CARTESIAN_POINT('',(-29.77454946366,14.559919892468,
    8.341914796923));
#1862 = DIRECTION('',(-0.835594271463,0.549310388593,-6.349053658972E-03
    ));
#1863 = DIRECTION('',(-0.549321460412,-0.835611113576,
    -4.317470346223E-20));
#1864 = DEFINITIONAL_REPRESENTATION('',(#1865),#1869);
#1865 = LINE('',#1866,#1867);
#1866 = CARTESIAN_POINT('',(0.961960074082,-8.388181795845));
#1867 = VECTOR('',#1868,1.);
#1868 = DIRECTION('',(-0.113933646289,0.993488361403));
#1869 = ( GEOMETRIC_REPRESENTATION_CONTEXT(2) 
PARAMETRIC_REPRESENTATION_CONTEXT() REPRESENTATION_CONTEXT('2D SPACE',''
  ) );
#1870 = ORIENTED_EDGE('',*,*,#1790,.T.);
#1871 = ORIENTED_EDGE('',*,*,#1872,.T.);
#1872 = EDGE_CURVE('',#1738,#1844,#1873,.T.);
#1873 = SURFACE_CURVE('',#1874,(#1878,#1885),.PCURVE_S1.);
#1874 = LINE('',#1875,#1876);
#1875 = CARTESIAN_POINT('',(-30.22265769867,13.722258413659,
    8.382993519729));
#1876 = VECTOR('',#1877,1.);
#1877 = DIRECTION('',(0.471258319408,0.880936590534,-4.320092415293E-02)
  );
#1878 = PCURVE('',#1806,#1879);
#1879 = DEFINITIONAL_REPRESENTATION('',(#1880),#1884);
#1880 = LINE('',#1881,#1882);
#1881 = CARTESIAN_POINT('',(0.949988271678,4.107905187801E-02));
#1882 = VECTOR('',#1883,1.);
#1883 = DIRECTION('',(-0.999066389311,-4.320127022577E-02));
#1884 = ( GEOMETRIC_REPRESENTATION_CONTEXT(2) 
PARAMETRIC_REPRESENTATION_CONTEXT() REPRESENTATION_CONTEXT('2D SPACE',''
  ) );
#1885 = PCURVE('',#1886,#1891);
#1886 = PLANE('',#1887);
#1887 = AXIS2_PLACEMENT_3D('',#1888,#1889,#1890);
#1888 = CARTESIAN_POINT('',(-28.56778600051,15.927868902112,
    8.339232423389));
#1889 = DIRECTION('',(-0.133394754186,0.119605983118,0.983819215282));
#1890 = DIRECTION('',(0.990932686486,-2.514352376156E-18,0.134359260396)
  );
#1891 = DEFINITIONAL_REPRESENTATION('',(#1892),#1896);
#1892 = LINE('',#1893,#1894);
#1893 = CARTESIAN_POINT('',(-1.633986749109,-2.22155807969));
#1894 = VECTOR('',#1895,1.);
#1895 = DIRECTION('',(0.461180828262,0.887306172436));
#1896 = ( GEOMETRIC_REPRESENTATION_CONTEXT(2) 
PARAMETRIC_REPRESENTATION_CONTEXT() REPRESENTATION_CONTEXT('2D SPACE',''
  ) );
#1897 = ADVANCED_FACE('',(#1898),#1859,.T.);
#1898 = FACE_BOUND('',#1899,.T.);
#1899 = EDGE_LOOP('',(#1900,#1928,#1954));
#1900 = ORIENTED_EDGE('',*,*,#1901,.T.);
#1901 = EDGE_CURVE('',#1844,#1902,#1904,.T.);
#1902 = VERTEX_POINT('',#1903);
#1903 = CARTESIAN_POINT('',(-29.74661903492,14.506526559116,
    4.650231841384E-02));
#1904 = SURFACE_CURVE('',#1905,(#1909,#1916),.PCURVE_S1.);
#1905 = LINE('',#1906,#1907);
#1906 = CARTESIAN_POINT('',(-29.77454946366,14.559919892468,
    8.341914796923));
#1907 = VECTOR('',#1908,1.);
#1908 = DIRECTION('',(3.366884042455E-03,-6.436319459583E-03,
    -0.999973618594));
#1909 = PCURVE('',#1859,#1910);
#1910 = DEFINITIONAL_REPRESENTATION('',(#1911),#1915);
#1911 = LINE('',#1912,#1913);
#1912 = CARTESIAN_POINT('',(-0.,0.));
#1913 = VECTOR('',#1914,1.);
#1914 = DIRECTION('',(3.528758411714E-03,-0.999993773913));
#1915 = ( GEOMETRIC_REPRESENTATION_CONTEXT(2) 
PARAMETRIC_REPRESENTATION_CONTEXT() REPRESENTATION_CONTEXT('2D SPACE',''
  ) );
#1916 = PCURVE('',#1917,#1922);
#1917 = PLANE('',#1918);
#1918 = AXIS2_PLACEMENT_3D('',#1919,#1920,#1921);
#1919 = CARTESIAN_POINT('',(-29.15533724319,15.223614538479,
    8.37096374396));
#1920 = DIRECTION('',(-0.731018206767,0.682323542448,-6.853086623161E-03
    ));
#1921 = DIRECTION('',(-0.682339565606,-0.731035373432,-1.01887655372E-18
    ));
#1922 = DEFINITIONAL_REPRESENTATION('',(#1923),#1927);
#1923 = LINE('',#1924,#1925);
#1924 = CARTESIAN_POINT('',(0.907697260928,-2.90496291994E-02));
#1925 = VECTOR('',#1926,1.);
#1926 = DIRECTION('',(2.40781900469E-03,-0.9999971012));
#1927 = ( GEOMETRIC_REPRESENTATION_CONTEXT(2) 
PARAMETRIC_REPRESENTATION_CONTEXT() REPRESENTATION_CONTEXT('2D SPACE',''
  ) );
#1928 = ORIENTED_EDGE('',*,*,#1929,.F.);
#1929 = EDGE_CURVE('',#1791,#1902,#1930,.T.);
#1930 = SURFACE_CURVE('',#1931,(#1935,#1942),.PCURVE_S1.);
#1931 = LINE('',#1932,#1933);
#1932 = CARTESIAN_POINT('',(-30.2584726217,13.726840141765,
    -4.609793139062E-02));
#1933 = VECTOR('',#1934,1.);
#1934 = DIRECTION('',(0.54610965987,0.831867344846,9.879757069339E-02));
#1935 = PCURVE('',#1859,#1936);
#1936 = DEFINITIONAL_REPRESENTATION('',(#1937),#1941);
#1937 = LINE('',#1938,#1939);
#1938 = CARTESIAN_POINT('',(0.961960074082,-8.388181795845));
#1939 = VECTOR('',#1940,1.);
#1940 = DIRECTION('',(-0.995107354279,9.879956204246E-02));
#1941 = ( GEOMETRIC_REPRESENTATION_CONTEXT(2) 
PARAMETRIC_REPRESENTATION_CONTEXT() REPRESENTATION_CONTEXT('2D SPACE',''
  ) );
#1942 = PCURVE('',#1943,#1948);
#1943 = PLANE('',#1944);
#1944 = AXIS2_PLACEMENT_3D('',#1945,#1946,#1947);
#1945 = CARTESIAN_POINT('',(-28.60312151956,15.960861306628,
    -5.538912039419E-02));
#1946 = DIRECTION('',(-0.704084584812,0.519695602061,-0.483922905667));
#1947 = DIRECTION('',(-0.593862743743,-0.80456636867,1.032495233595E-17)
  );
#1948 = DEFINITIONAL_REPRESENTATION('',(#1949),#1953);
#1949 = LINE('',#1950,#1951);
#1950 = CARTESIAN_POINT('',(2.78046964352,1.061715929944E-02));
#1951 = VECTOR('',#1952,1.);
#1952 = DIRECTION('',(-0.993606669853,0.112897234794));
#1953 = ( GEOMETRIC_REPRESENTATION_CONTEXT(2) 
PARAMETRIC_REPRESENTATION_CONTEXT() REPRESENTATION_CONTEXT('2D SPACE',''
  ) );
#1954 = ORIENTED_EDGE('',*,*,#1843,.T.);
#1955 = ADVANCED_FACE('',(#1956),#1917,.T.);
#1956 = FACE_BOUND('',#1957,.T.);
#1957 = EDGE_LOOP('',(#1958,#1986,#1987));
#1958 = ORIENTED_EDGE('',*,*,#1959,.F.);
#1959 = EDGE_CURVE('',#1902,#1960,#1962,.T.);
#1960 = VERTEX_POINT('',#1961);
#1961 = CARTESIAN_POINT('',(-29.15533724319,15.223614538479,
    8.37096374396));
#1962 = SURFACE_CURVE('',#1963,(#1967,#1974),.PCURVE_S1.);
#1963 = LINE('',#1964,#1965);
#1964 = CARTESIAN_POINT('',(-29.74661903492,14.506526559116,
    4.650231841384E-02));
#1965 = VECTOR('',#1966,1.);
#1966 = DIRECTION('',(7.05908167417E-02,8.561032463156E-02,
    0.993824838142));
#1967 = PCURVE('',#1917,#1968);
#1968 = DEFINITIONAL_REPRESENTATION('',(#1969),#1973);
#1969 = LINE('',#1970,#1971);
#1970 = CARTESIAN_POINT('',(0.927671639698,-8.324656910749));
#1971 = VECTOR('',#1972,1.);
#1972 = DIRECTION('',(-0.110751082868,0.993848176355));
#1973 = ( GEOMETRIC_REPRESENTATION_CONTEXT(2) 
PARAMETRIC_REPRESENTATION_CONTEXT() REPRESENTATION_CONTEXT('2D SPACE',''
  ) );
#1974 = PCURVE('',#1975,#1980);
#1975 = PLANE('',#1976);
#1976 = AXIS2_PLACEMENT_3D('',#1977,#1978,#1979);
#1977 = CARTESIAN_POINT('',(-29.15533724319,15.223614538479,
    8.37096374396));
#1978 = DIRECTION('',(-0.827040790169,0.562047025575,1.032823506224E-02)
  );
#1979 = DIRECTION('',(-0.562077005437,-0.827084904927,3.640912923427E-19
    ));
#1980 = DEFINITIONAL_REPRESENTATION('',(#1981),#1985);
#1981 = LINE('',#1982,#1983);
#1982 = CARTESIAN_POINT('',(0.925438542102,-8.324905456374));
#1983 = VECTOR('',#1984,1.);
#1984 = DIRECTION('',(-0.110484482094,0.993877849243));
#1985 = ( GEOMETRIC_REPRESENTATION_CONTEXT(2) 
PARAMETRIC_REPRESENTATION_CONTEXT() REPRESENTATION_CONTEXT('2D SPACE',''
  ) );
#1986 = ORIENTED_EDGE('',*,*,#1901,.F.);
#1987 = ORIENTED_EDGE('',*,*,#1988,.T.);
#1988 = EDGE_CURVE('',#1844,#1960,#1989,.T.);
#1989 = SURFACE_CURVE('',#1990,(#1994,#2001),.PCURVE_S1.);
#1990 = LINE('',#1991,#1992);
#1991 = CARTESIAN_POINT('',(-29.77454946366,14.559919892468,
    8.341914796923));
#1992 = VECTOR('',#1993,1.);
#1993 = DIRECTION('',(0.681830144737,0.73081086191,3.198652595568E-02));
#1994 = PCURVE('',#1917,#1995);
#1995 = DEFINITIONAL_REPRESENTATION('',(#1996),#2000);
#1996 = LINE('',#1997,#1998);
#1997 = CARTESIAN_POINT('',(0.907697260928,-2.90496291994E-02));
#1998 = VECTOR('',#1999,1.);
#1999 = DIRECTION('',(-0.999488276121,3.198727710248E-02));
#2000 = ( GEOMETRIC_REPRESENTATION_CONTEXT(2) 
PARAMETRIC_REPRESENTATION_CONTEXT() REPRESENTATION_CONTEXT('2D SPACE',''
  ) );
#2001 = PCURVE('',#2002,#2007);
#2002 = PLANE('',#2003);
#2003 = AXIS2_PLACEMENT_3D('',#2004,#2005,#2006);
#2004 = CARTESIAN_POINT('',(-28.56778600051,15.927868902112,
    8.339232423389));
#2005 = DIRECTION('',(0.575768690428,-0.509180202566,-0.63970769609));
#2006 = DIRECTION('',(-0.743275794668,-2.559011273875E-17,
    -0.668985121703));
#2007 = DEFINITIONAL_REPRESENTATION('',(#2008),#2012);
#2008 = LINE('',#2009,#2010);
#2009 = CARTESIAN_POINT('',(0.895163604067,-1.589418719554));
#2010 = VECTOR('',#2011,1.);
#2011 = DIRECTION('',(-0.528186352617,0.849128480802));
#2012 = ( GEOMETRIC_REPRESENTATION_CONTEXT(2) 
PARAMETRIC_REPRESENTATION_CONTEXT() REPRESENTATION_CONTEXT('2D SPACE',''
  ) );
#2013 = ADVANCED_FACE('',(#2014),#1975,.T.);
#2014 = FACE_BOUND('',#2015,.T.);
#2015 = EDGE_LOOP('',(#2016,#2044,#2070));
#2016 = ORIENTED_EDGE('',*,*,#2017,.F.);
#2017 = EDGE_CURVE('',#2018,#1960,#2020,.T.);
#2018 = VERTEX_POINT('',#2019);
#2019 = CARTESIAN_POINT('',(-29.2251790216,15.274658251218,
    6.114041989233E-04));
#2020 = SURFACE_CURVE('',#2021,(#2025,#2032),.PCURVE_S1.);
#2021 = LINE('',#2022,#2023);
#2022 = CARTESIAN_POINT('',(-29.2251790216,15.274658251218,
    6.114041989233E-04));
#2023 = VECTOR('',#2024,1.);
#2024 = DIRECTION('',(8.343501683799E-03,-6.097830165636E-03,
    0.999946599798));
#2025 = PCURVE('',#1975,#2026);
#2026 = DEFINITIONAL_REPRESENTATION('',(#2027),#2031);
#2027 = LINE('',#2028,#2029);
#2028 = CARTESIAN_POINT('',(-2.961026637072E-03,-8.370798818433));
#2029 = VECTOR('',#2030,1.);
#2030 = DIRECTION('',(3.53732841518E-04,0.999999937437));
#2031 = ( GEOMETRIC_REPRESENTATION_CONTEXT(2) 
PARAMETRIC_REPRESENTATION_CONTEXT() REPRESENTATION_CONTEXT('2D SPACE',''
  ) );
#2032 = PCURVE('',#2033,#2038);
#2033 = PLANE('',#2034);
#2034 = AXIS2_PLACEMENT_3D('',#2035,#2036,#2037);
#2035 = CARTESIAN_POINT('',(-28.56778600051,15.927868902112,
    8.339232423389));
#2036 = DIRECTION('',(-0.767591041451,0.640856957171,1.031278473691E-02)
  );
#2037 = DIRECTION('',(-0.640891038589,-0.767631862716,
    -1.452938827789E-20));
#2038 = DEFINITIONAL_REPRESENTATION('',(#2039),#2043);
#2039 = LINE('',#2040,#2041);
#2040 = CARTESIAN_POINT('',(0.922742604736,-8.339064475449));
#2041 = VECTOR('',#2042,1.);
#2042 = DIRECTION('',(-6.663867310277E-04,0.999999777964));
#2043 = ( GEOMETRIC_REPRESENTATION_CONTEXT(2) 
PARAMETRIC_REPRESENTATION_CONTEXT() REPRESENTATION_CONTEXT('2D SPACE',''
  ) );
#2044 = ORIENTED_EDGE('',*,*,#2045,.F.);
#2045 = EDGE_CURVE('',#1902,#2018,#2046,.T.);
#2046 = SURFACE_CURVE('',#2047,(#2051,#2058),.PCURVE_S1.);
#2047 = LINE('',#2048,#2049);
#2048 = CARTESIAN_POINT('',(-29.74661903492,14.506526559116,
    4.650231841384E-02));
#2049 = VECTOR('',#2050,1.);
#2050 = DIRECTION('',(0.56096976024,0.826362841629,-4.936984981292E-02)
  );
#2051 = PCURVE('',#1975,#2052);
#2052 = DEFINITIONAL_REPRESENTATION('',(#2053),#2057);
#2053 = LINE('',#2054,#2055);
#2054 = CARTESIAN_POINT('',(0.925438542102,-8.324905456374));
#2055 = VECTOR('',#2056,1.);
#2056 = DIRECTION('',(-0.998780435281,-4.937248322476E-02));
#2057 = ( GEOMETRIC_REPRESENTATION_CONTEXT(2) 
PARAMETRIC_REPRESENTATION_CONTEXT() REPRESENTATION_CONTEXT('2D SPACE',''
  ) );
#2058 = PCURVE('',#2059,#2064);
#2059 = PLANE('',#2060);
#2060 = AXIS2_PLACEMENT_3D('',#2061,#2062,#2063);
#2061 = CARTESIAN_POINT('',(-28.60312151956,15.960861306628,
    -5.538912039419E-02));
#2062 = DIRECTION('',(-9.559616545485E-02,5.425633947814E-03,
    -0.995405412707));
#2063 = DIRECTION('',(-0.995420064156,-1.642666713741E-19,
    9.559757254215E-02));
#2064 = DEFINITIONAL_REPRESENTATION('',(#2065),#2069);
#2065 = LINE('',#2066,#2067);
#2066 = CARTESIAN_POINT('',(1.148000944315,-1.454356153976));
#2067 = VECTOR('',#2068,1.);
#2068 = DIRECTION('',(-0.563120192527,0.826375004927));
#2069 = ( GEOMETRIC_REPRESENTATION_CONTEXT(2) 
PARAMETRIC_REPRESENTATION_CONTEXT() REPRESENTATION_CONTEXT('2D SPACE',''
  ) );
#2070 = ORIENTED_EDGE('',*,*,#1959,.T.);
#2071 = ADVANCED_FACE('',(#2072),#2033,.T.);
#2072 = FACE_BOUND('',#2073,.T.);
#2073 = EDGE_LOOP('',(#2074,#2102,#2103));
#2074 = ORIENTED_EDGE('',*,*,#2075,.F.);
#2075 = EDGE_CURVE('',#2018,#2076,#2078,.T.);
#2076 = VERTEX_POINT('',#2077);
#2077 = CARTESIAN_POINT('',(-28.56778600051,15.927868902112,
    8.339232423389));
#2078 = SURFACE_CURVE('',#2079,(#2083,#2090),.PCURVE_S1.);
#2079 = LINE('',#2080,#2081);
#2080 = CARTESIAN_POINT('',(-29.2251790216,15.274658251218,
    6.114041989233E-04));
#2081 = VECTOR('',#2082,1.);
#2082 = DIRECTION('',(7.835471456067E-02,7.78562176008E-02,
    0.993880751442));
#2083 = PCURVE('',#2033,#2084);
#2084 = DEFINITIONAL_REPRESENTATION('',(#2085),#2089);
#2085 = LINE('',#2086,#2087);
#2086 = CARTESIAN_POINT('',(0.922742604736,-8.339064475449));
#2087 = VECTOR('',#2088,1.);
#2088 = DIRECTION('',(-0.109981747734,0.993933607021));
#2089 = ( GEOMETRIC_REPRESENTATION_CONTEXT(2) 
PARAMETRIC_REPRESENTATION_CONTEXT() REPRESENTATION_CONTEXT('2D SPACE',''
  ) );
#2090 = PCURVE('',#2091,#2096);
#2091 = PLANE('',#2092);
#2092 = AXIS2_PLACEMENT_3D('',#2093,#2094,#2095);
#2093 = CARTESIAN_POINT('',(-28.56778600051,15.927868902112,
    8.339232423389));
#2094 = DIRECTION('',(-0.740640864551,0.671876441848,5.758180816145E-03)
  );
#2095 = DIRECTION('',(-0.67188758071,-0.74065314344,-1.734600169147E-19)
  );
#2096 = DEFINITIONAL_REPRESENTATION('',(#2097),#2101);
#2097 = LINE('',#2098,#2099);
#2098 = CARTESIAN_POINT('',(0.925496728425,-8.338759262982));
#2099 = VECTOR('',#2100,1.);
#2100 = DIRECTION('',(-0.110310011906,0.993897228728));
#2101 = ( GEOMETRIC_REPRESENTATION_CONTEXT(2) 
PARAMETRIC_REPRESENTATION_CONTEXT() REPRESENTATION_CONTEXT('2D SPACE',''
  ) );
#2102 = ORIENTED_EDGE('',*,*,#2017,.T.);
#2103 = ORIENTED_EDGE('',*,*,#2104,.T.);
#2104 = EDGE_CURVE('',#1960,#2076,#2105,.T.);
#2105 = SURFACE_CURVE('',#2106,(#2110,#2117),.PCURVE_S1.);
#2106 = LINE('',#2107,#2108);
#2107 = CARTESIAN_POINT('',(-29.15533724319,15.223614538479,
    8.37096374396));
#2108 = VECTOR('',#2109,1.);
#2109 = DIRECTION('',(0.640234042577,0.767401352393,-3.457651038645E-02)
  );
#2110 = PCURVE('',#2033,#2111);
#2111 = DEFINITIONAL_REPRESENTATION('',(#2112),#2116);
#2112 = LINE('',#2113,#2114);
#2113 = CARTESIAN_POINT('',(0.917164415126,3.173300807387E-02));
#2114 = VECTOR('',#2115,1.);
#2115 = DIRECTION('',(-0.999401990075,-3.457834920007E-02));
#2116 = ( GEOMETRIC_REPRESENTATION_CONTEXT(2) 
PARAMETRIC_REPRESENTATION_CONTEXT() REPRESENTATION_CONTEXT('2D SPACE',''
  ) );
#2117 = PCURVE('',#2002,#2118);
#2118 = DEFINITIONAL_REPRESENTATION('',(#2119),#2123);
#2119 = LINE('',#2120,#2121);
#2120 = CARTESIAN_POINT('',(0.415484835457,-0.818272509425));
#2121 = VECTOR('',#2122,1.);
#2122 = DIRECTION('',(-0.452739295762,0.891642938666));
#2123 = ( GEOMETRIC_REPRESENTATION_CONTEXT(2) 
PARAMETRIC_REPRESENTATION_CONTEXT() REPRESENTATION_CONTEXT('2D SPACE',''
  ) );
#2124 = ADVANCED_FACE('',(#2125),#2091,.T.);
#2125 = FACE_BOUND('',#2126,.T.);
#2126 = EDGE_LOOP('',(#2127,#2155,#2176));
#2127 = ORIENTED_EDGE('',*,*,#2128,.F.);
#2128 = EDGE_CURVE('',#2129,#2076,#2131,.T.);
#2129 = VERTEX_POINT('',#2130);
#2130 = CARTESIAN_POINT('',(-28.60312151956,15.960861306628,
    -5.538912039419E-02));
#2131 = SURFACE_CURVE('',#2132,(#2136,#2143),.PCURVE_S1.);
#2132 = LINE('',#2133,#2134);
#2133 = CARTESIAN_POINT('',(-28.60312151956,15.960861306628,
    -5.538912039419E-02));
#2134 = VECTOR('',#2135,1.);
#2135 = DIRECTION('',(4.209234798264E-03,-3.930118501136E-03,
    0.999983418118));
#2136 = PCURVE('',#2091,#2137);
#2137 = DEFINITIONAL_REPRESENTATION('',(#2138),#2142);
#2138 = LINE('',#2139,#2140);
#2139 = CARTESIAN_POINT('',(-6.944317065208E-04,-8.394760715993));
#2140 = VECTOR('',#2141,1.);
#2141 = DIRECTION('',(8.272203671295E-05,0.999999996579));
#2142 = ( GEOMETRIC_REPRESENTATION_CONTEXT(2) 
PARAMETRIC_REPRESENTATION_CONTEXT() REPRESENTATION_CONTEXT('2D SPACE',''
  ) );
#2143 = PCURVE('',#2144,#2149);
#2144 = PLANE('',#2145);
#2145 = AXIS2_PLACEMENT_3D('',#2146,#2147,#2148);
#2146 = CARTESIAN_POINT('',(-27.85864228198,16.491895321744,
    8.339514998065));
#2147 = DIRECTION('',(-0.622470802948,0.782622293862,5.696018571888E-03)
  );
#2148 = DIRECTION('',(0.782634990116,0.62248090111,-1.273434757844E-19)
  );
#2149 = DEFINITIONAL_REPRESENTATION('',(#2150),#2154);
#2150 = LINE('',#2151,#2152);
#2151 = CARTESIAN_POINT('',(-0.913214032998,8.395040306542));
#2152 = VECTOR('',#2153,1.);
#2153 = DIRECTION('',(8.478707286761E-04,-0.999999640558));
#2154 = ( GEOMETRIC_REPRESENTATION_CONTEXT(2) 
PARAMETRIC_REPRESENTATION_CONTEXT() REPRESENTATION_CONTEXT('2D SPACE',''
  ) );
#2155 = ORIENTED_EDGE('',*,*,#2156,.F.);
#2156 = EDGE_CURVE('',#2018,#2129,#2157,.T.);
#2157 = SURFACE_CURVE('',#2158,(#2162,#2169),.PCURVE_S1.);
#2158 = LINE('',#2159,#2160);
#2159 = CARTESIAN_POINT('',(-29.2251790216,15.274658251218,
    6.114041989233E-04));
#2160 = VECTOR('',#2161,1.);
#2161 = DIRECTION('',(0.670405353923,0.7395364588,-6.035302425725E-02));
#2162 = PCURVE('',#2091,#2163);
#2163 = DEFINITIONAL_REPRESENTATION('',(#2164),#2168);
#2164 = LINE('',#2165,#2166);
#2165 = CARTESIAN_POINT('',(0.925496728425,-8.338759262982));
#2166 = VECTOR('',#2167,1.);
#2167 = DIRECTION('',(-0.998177034241,-6.035402483408E-02));
#2168 = ( GEOMETRIC_REPRESENTATION_CONTEXT(2) 
PARAMETRIC_REPRESENTATION_CONTEXT() REPRESENTATION_CONTEXT('2D SPACE',''
  ) );
#2169 = PCURVE('',#2059,#2170);
#2170 = DEFINITIONAL_REPRESENTATION('',(#2171),#2175);
#2171 = LINE('',#2172,#2173);
#2172 = CARTESIAN_POINT('',(0.624562032796,-0.686213155685));
#2173 = VECTOR('',#2174,1.);
#2174 = DIRECTION('',(-0.673104543027,0.739547344094));
#2175 = ( GEOMETRIC_REPRESENTATION_CONTEXT(2) 
PARAMETRIC_REPRESENTATION_CONTEXT() REPRESENTATION_CONTEXT('2D SPACE',''
  ) );
#2176 = ORIENTED_EDGE('',*,*,#2075,.T.);
#2177 = ADVANCED_FACE('',(#2178),#2144,.T.);
#2178 = FACE_BOUND('',#2179,.T.);
#2179 = EDGE_LOOP('',(#2180,#2208,#2209));
#2180 = ORIENTED_EDGE('',*,*,#2181,.F.);
#2181 = EDGE_CURVE('',#2129,#2182,#2184,.T.);
#2182 = VERTEX_POINT('',#2183);
#2183 = CARTESIAN_POINT('',(-27.85864228198,16.491895321744,
    8.339514998065));
#2184 = SURFACE_CURVE('',#2185,(#2189,#2196),.PCURVE_S1.);
#2185 = LINE('',#2186,#2187);
#2186 = CARTESIAN_POINT('',(-28.60312151956,15.960861306628,
    -5.538912039419E-02));
#2187 = VECTOR('',#2188,1.);
#2188 = DIRECTION('',(8.816076651669E-02,6.28847165315E-02,
    0.994119304547));
#2189 = PCURVE('',#2144,#2190);
#2190 = DEFINITIONAL_REPRESENTATION('',(#2191),#2195);
#2191 = LINE('',#2192,#2193);
#2192 = CARTESIAN_POINT('',(-0.913214032998,8.395040306542));
#2193 = VECTOR('',#2194,1.);
#2194 = DIRECTION('',(0.108142235644,-0.994135431855));
#2195 = ( GEOMETRIC_REPRESENTATION_CONTEXT(2) 
PARAMETRIC_REPRESENTATION_CONTEXT() REPRESENTATION_CONTEXT('2D SPACE',''
  ) );
#2196 = PCURVE('',#2197,#2202);
#2197 = PLANE('',#2198);
#2198 = AXIS2_PLACEMENT_3D('',#2199,#2200,#2201);
#2199 = CARTESIAN_POINT('',(-27.85864228198,16.491895321744,
    8.339514998065));
#2200 = DIRECTION('',(-0.592803249643,0.805345676121,1.627625901657E-03)
  );
#2201 = DIRECTION('',(0.80534674287,0.592804034862,-1.284987181234E-19)
  );
#2202 = DEFINITIONAL_REPRESENTATION('',(#2203),#2207);
#2203 = LINE('',#2204,#2205);
#2204 = CARTESIAN_POINT('',(-0.914363035933,8.394915238229));
#2205 = VECTOR('',#2206,1.);
#2206 = DIRECTION('',(0.108278299854,-0.994120621344));
#2207 = ( GEOMETRIC_REPRESENTATION_CONTEXT(2) 
PARAMETRIC_REPRESENTATION_CONTEXT() REPRESENTATION_CONTEXT('2D SPACE',''
  ) );
#2208 = ORIENTED_EDGE('',*,*,#2128,.T.);
#2209 = ORIENTED_EDGE('',*,*,#2210,.T.);
#2210 = EDGE_CURVE('',#2076,#2182,#2211,.T.);
#2211 = SURFACE_CURVE('',#2212,(#2216,#2223),.PCURVE_S1.);
#2212 = LINE('',#2213,#2214);
#2213 = CARTESIAN_POINT('',(-28.56778600051,15.927868902112,
    8.339232423389));
#2214 = VECTOR('',#2215,1.);
#2215 = DIRECTION('',(0.782636057822,0.622479480577,3.118593940319E-04)
  );
#2216 = PCURVE('',#2144,#2217);
#2217 = DEFINITIONAL_REPRESENTATION('',(#2218),#2222);
#2218 = LINE('',#2219,#2220);
#2219 = CARTESIAN_POINT('',(-0.906096361088,2.825792599716E-04));
#2220 = VECTOR('',#2221,1.);
#2221 = DIRECTION('',(0.99999995137,-3.11864453236E-04));
#2222 = ( GEOMETRIC_REPRESENTATION_CONTEXT(2) 
PARAMETRIC_REPRESENTATION_CONTEXT() REPRESENTATION_CONTEXT('2D SPACE',''
  ) );
#2223 = PCURVE('',#2224,#2229);
#2224 = PLANE('',#2225);
#2225 = AXIS2_PLACEMENT_3D('',#2226,#2227,#2228);
#2226 = CARTESIAN_POINT('',(-26.17030587523,17.298141049693,
    8.352777245677));
#2227 = DIRECTION('',(-1.905045621634E-02,2.345114560611E-02,
    0.999543457728));
#2228 = DIRECTION('',(7.958898661966E-20,0.999724884209,
    -2.345540220824E-02));
#2229 = DEFINITIONAL_REPRESENTATION('',(#2230),#2234);
#2230 = LINE('',#2231,#2232);
#2231 = CARTESIAN_POINT('',(-1.369577464821,2.397915290331));
#2232 = VECTOR('',#2233,1.);
#2233 = DIRECTION('',(0.622300911855,-0.782778113583));
#2234 = ( GEOMETRIC_REPRESENTATION_CONTEXT(2) 
PARAMETRIC_REPRESENTATION_CONTEXT() REPRESENTATION_CONTEXT('2D SPACE',''
  ) );
#2235 = ADVANCED_FACE('',(#2236),#2197,.T.);
#2236 = FACE_BOUND('',#2237,.T.);
#2237 = EDGE_LOOP('',(#2238,#2266,#2292));
#2238 = ORIENTED_EDGE('',*,*,#2239,.T.);
#2239 = EDGE_CURVE('',#2182,#2240,#2242,.T.);
#2240 = VERTEX_POINT('',#2241);
#2241 = CARTESIAN_POINT('',(-27.83703986729,16.524634501154,
    8.13188518313E-03));
#2242 = SURFACE_CURVE('',#2243,(#2247,#2254),.PCURVE_S1.);
#2243 = LINE('',#2244,#2245);
#2244 = CARTESIAN_POINT('',(-27.85864228198,16.491895321744,
    8.339514998065));
#2245 = VECTOR('',#2246,1.);
#2246 = DIRECTION('',(2.592867833408E-03,3.929577615104E-03,
    -0.999988917667));
#2247 = PCURVE('',#2197,#2248);
#2248 = DEFINITIONAL_REPRESENTATION('',(#2249),#2253);
#2249 = LINE('',#2250,#2251);
#2250 = CARTESIAN_POINT('',(0.,0.));
#2251 = VECTOR('',#2252,1.);
#2252 = DIRECTION('',(4.417627129864E-03,0.999990242238));
#2253 = ( GEOMETRIC_REPRESENTATION_CONTEXT(2) 
PARAMETRIC_REPRESENTATION_CONTEXT() REPRESENTATION_CONTEXT('2D SPACE',''
  ) );
#2254 = PCURVE('',#2255,#2260);
#2255 = PLANE('',#2256);
#2256 = AXIS2_PLACEMENT_3D('',#2257,#2258,#2259);
#2257 = CARTESIAN_POINT('',(-27.03596561486,16.932780033842,
    8.314968667162));
#2258 = DIRECTION('',(-0.472305737114,0.881431947077,2.239053709115E-03)
  );
#2259 = DIRECTION('',(0.881434156554,0.472306921038,7.494155929729E-21)
  );
#2260 = DEFINITIONAL_REPRESENTATION('',(#2261),#2265);
#2261 = LINE('',#2262,#2263);
#2262 = CARTESIAN_POINT('',(-0.933368215099,-2.454639243316E-02));
#2263 = VECTOR('',#2264,1.);
#2264 = DIRECTION('',(4.141408976164E-03,0.999991424329));
#2265 = ( GEOMETRIC_REPRESENTATION_CONTEXT(2) 
PARAMETRIC_REPRESENTATION_CONTEXT() REPRESENTATION_CONTEXT('2D SPACE',''
  ) );
#2266 = ORIENTED_EDGE('',*,*,#2267,.F.);
#2267 = EDGE_CURVE('',#2129,#2240,#2268,.T.);
#2268 = SURFACE_CURVE('',#2269,(#2273,#2280),.PCURVE_S1.);
#2269 = LINE('',#2270,#2271);
#2270 = CARTESIAN_POINT('',(-28.60312151956,15.960861306628,
    -5.538912039419E-02));
#2271 = VECTOR('',#2272,1.);
#2272 = DIRECTION('',(0.803621153873,0.591399185406,6.663365927888E-02)
  );
#2273 = PCURVE('',#2197,#2274);
#2274 = DEFINITIONAL_REPRESENTATION('',(#2275),#2279);
#2275 = LINE('',#2276,#2277);
#2276 = CARTESIAN_POINT('',(-0.914363035933,8.394915238229));
#2277 = VECTOR('',#2278,1.);
#2278 = DIRECTION('',(0.997777502096,-6.663374754087E-02));
#2279 = ( GEOMETRIC_REPRESENTATION_CONTEXT(2) 
PARAMETRIC_REPRESENTATION_CONTEXT() REPRESENTATION_CONTEXT('2D SPACE',''
  ) );
#2280 = PCURVE('',#2281,#2286);
#2281 = PLANE('',#2282);
#2282 = AXIS2_PLACEMENT_3D('',#2283,#2284,#2285);
#2283 = CARTESIAN_POINT('',(-26.14195995967,17.187386661931,
    -3.218549714367E-02));
#2284 = DIRECTION('',(-0.136965410132,0.292739428702,-0.946331920264));
#2285 = DIRECTION('',(-2.205020960809E-18,-0.955335160526,
    -0.295524501629));
#2286 = DEFINITIONAL_REPRESENTATION('',(#2287),#2291);
#2287 = LINE('',#2288,#2289);
#2288 = CARTESIAN_POINT('',(1.178600036395,2.484576630625));
#2289 = VECTOR('',#2290,1.);
#2290 = DIRECTION('',(-0.584676314675,-0.811266668277));
#2291 = ( GEOMETRIC_REPRESENTATION_CONTEXT(2) 
PARAMETRIC_REPRESENTATION_CONTEXT() REPRESENTATION_CONTEXT('2D SPACE',''
  ) );
#2292 = ORIENTED_EDGE('',*,*,#2181,.T.);
#2293 = ADVANCED_FACE('',(#2294),#2255,.T.);
#2294 = FACE_BOUND('',#2295,.T.);
#2295 = EDGE_LOOP('',(#2296,#2324,#2325));
#2296 = ORIENTED_EDGE('',*,*,#2297,.F.);
#2297 = EDGE_CURVE('',#2240,#2298,#2300,.T.);
#2298 = VERTEX_POINT('',#2299);
#2299 = CARTESIAN_POINT('',(-27.03596561486,16.932780033842,
    8.314968667162));
#2300 = SURFACE_CURVE('',#2301,(#2305,#2312),.PCURVE_S1.);
#2301 = LINE('',#2302,#2303);
#2302 = CARTESIAN_POINT('',(-27.83703986729,16.524634501154,
    8.13188518313E-03));
#2303 = VECTOR('',#2304,1.);
#2304 = DIRECTION('',(9.587562998694E-02,4.884841817626E-02,
    0.994193992949));
#2305 = PCURVE('',#2255,#2306);
#2306 = DEFINITIONAL_REPRESENTATION('',(#2307),#2311);
#2307 = LINE('',#2308,#2309);
#2308 = CARTESIAN_POINT('',(-0.898864167906,8.306857604645));
#2309 = VECTOR('',#2310,1.);
#2310 = DIRECTION('',(0.107579501038,-0.994196485086));
#2311 = ( GEOMETRIC_REPRESENTATION_CONTEXT(2) 
PARAMETRIC_REPRESENTATION_CONTEXT() REPRESENTATION_CONTEXT('2D SPACE',''
  ) );
#2312 = PCURVE('',#2313,#2318);
#2313 = PLANE('',#2314);
#2314 = AXIS2_PLACEMENT_3D('',#2315,#2316,#2317);
#2315 = CARTESIAN_POINT('',(-27.03596561486,16.932780033842,
    8.314968667162));
#2316 = DIRECTION('',(-0.477429737855,0.878665245425,2.869127721637E-03)
  );
#2317 = DIRECTION('',(0.878668861987,0.477431702942,2.868258200872E-20)
  );
#2318 = DEFINITIONAL_REPRESENTATION('',(#2319),#2323);
#2319 = LINE('',#2320,#2321);
#2320 = CARTESIAN_POINT('',(-0.898740618468,8.30687097269));
#2321 = VECTOR('',#2322,1.);
#2322 = DIRECTION('',(0.107564714169,-0.994198085024));
#2323 = ( GEOMETRIC_REPRESENTATION_CONTEXT(2) 
PARAMETRIC_REPRESENTATION_CONTEXT() REPRESENTATION_CONTEXT('2D SPACE',''
  ) );
#2324 = ORIENTED_EDGE('',*,*,#2239,.F.);
#2325 = ORIENTED_EDGE('',*,*,#2326,.T.);
#2326 = EDGE_CURVE('',#2182,#2298,#2327,.T.);
#2327 = SURFACE_CURVE('',#2328,(#2332,#2339),.PCURVE_S1.);
#2328 = LINE('',#2329,#2330);
#2329 = CARTESIAN_POINT('',(-27.85864228198,16.491895321744,
    8.339514998065));
#2330 = VECTOR('',#2331,1.);
#2331 = DIRECTION('',(0.881101702744,0.472195561235,-2.628956772373E-02)
  );
#2332 = PCURVE('',#2255,#2333);
#2333 = DEFINITIONAL_REPRESENTATION('',(#2334),#2338);
#2334 = LINE('',#2335,#2336);
#2335 = CARTESIAN_POINT('',(-0.933368215099,-2.454639243316E-02));
#2336 = VECTOR('',#2337,1.);
#2337 = DIRECTION('',(0.999654367851,2.628963362353E-02));
#2338 = ( GEOMETRIC_REPRESENTATION_CONTEXT(2) 
PARAMETRIC_REPRESENTATION_CONTEXT() REPRESENTATION_CONTEXT('2D SPACE',''
  ) );
#2339 = PCURVE('',#2340,#2345);
#2340 = PLANE('',#2341);
#2341 = AXIS2_PLACEMENT_3D('',#2342,#2343,#2344);
#2342 = CARTESIAN_POINT('',(-26.17030587523,17.298141049693,
    8.352777245677));
#2343 = DIRECTION('',(-0.256729041199,0.524253095471,0.811941433414));
#2344 = DIRECTION('',(3.017091221034E-17,0.840098668392,-0.54243361563)
  );
#2345 = DEFINITIONAL_REPRESENTATION('',(#2346),#2350);
#2346 = LINE('',#2347,#2348);
#2347 = CARTESIAN_POINT('',(-0.670132073524,1.746886054502));
#2348 = VECTOR('',#2349,1.);
#2349 = DIRECTION('',(0.410951207488,-0.911657339719));
#2350 = ( GEOMETRIC_REPRESENTATION_CONTEXT(2) 
PARAMETRIC_REPRESENTATION_CONTEXT() REPRESENTATION_CONTEXT('2D SPACE',''
  ) );
#2351 = ADVANCED_FACE('',(#2352),#2313,.T.);
#2352 = FACE_BOUND('',#2353,.T.);
#2353 = EDGE_LOOP('',(#2354,#2382,#2408));
#2354 = ORIENTED_EDGE('',*,*,#2355,.T.);
#2355 = EDGE_CURVE('',#2298,#2356,#2358,.T.);
#2356 = VERTEX_POINT('',#2357);
#2357 = CARTESIAN_POINT('',(-27.02290866233,16.966947857395,
    2.384190277193E-02));
#2358 = SURFACE_CURVE('',#2359,(#2363,#2370),.PCURVE_S1.);
#2359 = LINE('',#2360,#2361);
#2360 = CARTESIAN_POINT('',(-27.03596561486,16.932780033842,
    8.314968667162));
#2361 = VECTOR('',#2362,1.);
#2362 = DIRECTION('',(1.574795060192E-03,4.120970771395E-03,
    -0.999990268763));
#2363 = PCURVE('',#2313,#2364);
#2364 = DEFINITIONAL_REPRESENTATION('',(#2365),#2369);
#2365 = LINE('',#2366,#2367);
#2366 = CARTESIAN_POINT('',(0.,0.));
#2367 = VECTOR('',#2368,1.);
#2368 = DIRECTION('',(3.351205476565E-03,0.999994384695));
#2369 = ( GEOMETRIC_REPRESENTATION_CONTEXT(2) 
PARAMETRIC_REPRESENTATION_CONTEXT() REPRESENTATION_CONTEXT('2D SPACE',''
  ) );
#2370 = PCURVE('',#2371,#2376);
#2371 = PLANE('',#2372);
#2372 = AXIS2_PLACEMENT_3D('',#2373,#2374,#2375);
#2373 = CARTESIAN_POINT('',(-26.17030587523,17.298141049693,
    8.352777245677));
#2374 = DIRECTION('',(-0.388961852999,0.921248359282,3.183933340701E-03)
  );
#2375 = DIRECTION('',(0.921253028864,0.388963824551,-1.131368229094E-19)
  );
#2376 = DEFINITIONAL_REPRESENTATION('',(#2377),#2381);
#2377 = LINE('',#2378,#2379);
#2378 = CARTESIAN_POINT('',(-0.939603875165,3.78087701568E-02));
#2379 = VECTOR('',#2380,1.);
#2380 = DIRECTION('',(3.053693271148E-03,0.999995337468));
#2381 = ( GEOMETRIC_REPRESENTATION_CONTEXT(2) 
PARAMETRIC_REPRESENTATION_CONTEXT() REPRESENTATION_CONTEXT('2D SPACE',''
  ) );
#2382 = ORIENTED_EDGE('',*,*,#2383,.F.);
#2383 = EDGE_CURVE('',#2240,#2356,#2384,.T.);
#2384 = SURFACE_CURVE('',#2385,(#2389,#2396),.PCURVE_S1.);
#2385 = LINE('',#2386,#2387);
#2386 = CARTESIAN_POINT('',(-27.83703986729,16.524634501154,
    8.13188518313E-03));
#2387 = VECTOR('',#2388,1.);
#2388 = DIRECTION('',(0.878565802554,0.477320346449,1.695339046942E-02)
  );
#2389 = PCURVE('',#2313,#2390);
#2390 = DEFINITIONAL_REPRESENTATION('',(#2391),#2395);
#2391 = LINE('',#2392,#2393);
#2392 = CARTESIAN_POINT('',(-0.898740618468,8.30687097269));
#2393 = VECTOR('',#2394,1.);
#2394 = DIRECTION('',(0.999856279765,-1.69534602491E-02));
#2395 = ( GEOMETRIC_REPRESENTATION_CONTEXT(2) 
PARAMETRIC_REPRESENTATION_CONTEXT() REPRESENTATION_CONTEXT('2D SPACE',''
  ) );
#2396 = PCURVE('',#2397,#2402);
#2397 = PLANE('',#2398);
#2398 = AXIS2_PLACEMENT_3D('',#2399,#2400,#2401);
#2399 = CARTESIAN_POINT('',(-26.14195995967,17.187386661931,
    -3.218549714367E-02));
#2400 = DIRECTION('',(-0.128237008527,0.269930477804,-0.954302261758));
#2401 = DIRECTION('',(3.691277780536E-18,-0.96224700572,-0.272177699276)
  );
#2402 = DEFINITIONAL_REPRESENTATION('',(#2403),#2407);
#2403 = LINE('',#2404,#2405);
#2404 = CARTESIAN_POINT('',(0.62675778988,1.709191763375));
#2405 = VECTOR('',#2406,1.);
#2406 = DIRECTION('',(-0.463914408953,-0.885880026395));
#2407 = ( GEOMETRIC_REPRESENTATION_CONTEXT(2) 
PARAMETRIC_REPRESENTATION_CONTEXT() REPRESENTATION_CONTEXT('2D SPACE',''
  ) );
#2408 = ORIENTED_EDGE('',*,*,#2297,.T.);
#2409 = ADVANCED_FACE('',(#2410),#2371,.T.);
#2410 = FACE_BOUND('',#2411,.T.);
#2411 = EDGE_LOOP('',(#2412,#2440,#2441));
#2412 = ORIENTED_EDGE('',*,*,#2413,.F.);
#2413 = EDGE_CURVE('',#2356,#2414,#2416,.T.);
#2414 = VERTEX_POINT('',#2415);
#2415 = CARTESIAN_POINT('',(-26.17030587523,17.298141049693,
    8.352777245677));
#2416 = SURFACE_CURVE('',#2417,(#2421,#2428),.PCURVE_S1.);
#2417 = LINE('',#2418,#2419);
#2418 = CARTESIAN_POINT('',(-27.02290866233,16.966947857395,
    2.384190277193E-02));
#2419 = VECTOR('',#2420,1.);
#2420 = DIRECTION('',(0.101754614684,3.952653706771E-02,0.994023969157)
  );
#2421 = PCURVE('',#2371,#2422);
#2422 = DEFINITIONAL_REPRESENTATION('',(#2423),#2427);
#2423 = LINE('',#2424,#2425);
#2424 = CARTESIAN_POINT('',(-0.914285070771,8.328977560231));
#2425 = VECTOR('',#2426,1.);
#2426 = DIRECTION('',(0.109116140007,-0.99402900762));
#2427 = ( GEOMETRIC_REPRESENTATION_CONTEXT(2) 
PARAMETRIC_REPRESENTATION_CONTEXT() REPRESENTATION_CONTEXT('2D SPACE',''
  ) );
#2428 = PCURVE('',#2429,#2434);
#2429 = PLANE('',#2430);
#2430 = AXIS2_PLACEMENT_3D('',#2431,#2432,#2433);
#2431 = CARTESIAN_POINT('',(-26.17030587523,17.298141049693,
    8.352777245677));
#2432 = DIRECTION('',(-0.243537900293,0.969795561813,-1.363302640316E-02
    ));
#2433 = DIRECTION('',(0.969885697192,0.243560535354,-1.549614216847E-19)
  );
#2434 = DEFINITIONAL_REPRESENTATION('',(#2435),#2439);
#2435 = LINE('',#2436,#2437);
#2436 = CARTESIAN_POINT('',(-0.907592839812,8.329709456313));
#2437 = VECTOR('',#2438,1.);
#2438 = DIRECTION('',(0.108317449934,-0.994116356389));
#2439 = ( GEOMETRIC_REPRESENTATION_CONTEXT(2) 
PARAMETRIC_REPRESENTATION_CONTEXT() REPRESENTATION_CONTEXT('2D SPACE',''
  ) );
#2440 = ORIENTED_EDGE('',*,*,#2355,.F.);
#2441 = ORIENTED_EDGE('',*,*,#2442,.T.);
#2442 = EDGE_CURVE('',#2298,#2414,#2443,.T.);
#2443 = SURFACE_CURVE('',#2444,(#2448,#2455),.PCURVE_S1.);
#2444 = LINE('',#2445,#2446);
#2445 = CARTESIAN_POINT('',(-27.03596561486,16.932780033842,
    8.314968667162));
#2446 = VECTOR('',#2447,1.);
#2447 = DIRECTION('',(0.920557888651,0.388531370873,4.020631157582E-02)
  );
#2448 = PCURVE('',#2371,#2449);
#2449 = DEFINITIONAL_REPRESENTATION('',(#2450),#2454);
#2450 = LINE('',#2451,#2452);
#2451 = CARTESIAN_POINT('',(-0.939603875165,3.78087701568E-02));
#2452 = VECTOR('',#2453,1.);
#2453 = DIRECTION('',(0.999191391137,-4.020651537173E-02));
#2454 = ( GEOMETRIC_REPRESENTATION_CONTEXT(2) 
PARAMETRIC_REPRESENTATION_CONTEXT() REPRESENTATION_CONTEXT('2D SPACE',''
  ) );
#2455 = PCURVE('',#2340,#2456);
#2456 = DEFINITIONAL_REPRESENTATION('',(#2457),#2461);
#2457 = LINE('',#2458,#2459);
#2458 = CARTESIAN_POINT('',(-0.286430658954,0.895679866323));
#2459 = VECTOR('',#2460,1.);
#2460 = DIRECTION('',(0.30459543234,-0.952481822712));
#2461 = ( GEOMETRIC_REPRESENTATION_CONTEXT(2) 
PARAMETRIC_REPRESENTATION_CONTEXT() REPRESENTATION_CONTEXT('2D SPACE',''
  ) );
#2462 = ADVANCED_FACE('',(#2463),#2429,.T.);
#2463 = FACE_BOUND('',#2464,.T.);
#2464 = EDGE_LOOP('',(#2465,#2493,#2514));
#2465 = ORIENTED_EDGE('',*,*,#2466,.T.);
#2466 = EDGE_CURVE('',#2414,#2467,#2469,.T.);
#2467 = VERTEX_POINT('',#2468);
#2468 = CARTESIAN_POINT('',(-26.14195995967,17.187386661931,
    -3.218549714367E-02));
#2469 = SURFACE_CURVE('',#2470,(#2474,#2481),.PCURVE_S1.);
#2470 = LINE('',#2471,#2472);
#2471 = CARTESIAN_POINT('',(-26.17030587523,17.298141049693,
    8.352777245677));
#2472 = VECTOR('',#2473,1.);
#2473 = DIRECTION('',(3.380251300293E-03,-1.320746413522E-02,
    -0.999907064078));
#2474 = PCURVE('',#2429,#2475);
#2475 = DEFINITIONAL_REPRESENTATION('',(#2476),#2480);
#2476 = LINE('',#2477,#2478);
#2477 = CARTESIAN_POINT('',(0.,0.));
#2478 = VECTOR('',#2479,1.);
#2479 = DIRECTION('',(6.164035363215E-05,0.9999999981));
#2480 = ( GEOMETRIC_REPRESENTATION_CONTEXT(2) 
PARAMETRIC_REPRESENTATION_CONTEXT() REPRESENTATION_CONTEXT('2D SPACE',''
  ) );
#2481 = PCURVE('',#2482,#2487);
#2482 = PLANE('',#2483);
#2483 = AXIS2_PLACEMENT_3D('',#2484,#2485,#2486);
#2484 = CARTESIAN_POINT('',(-25.27763885009,17.454691209438,
    8.366480253782));
#2485 = DIRECTION('',(-0.172518903596,0.984912416763,-1.359261591124E-02
    ));
#2486 = DIRECTION('',(0.985003415192,0.172534843032,3.380896250094E-19)
  );
#2487 = DEFINITIONAL_REPRESENTATION('',(#2488),#2492);
#2488 = LINE('',#2489,#2490);
#2489 = CARTESIAN_POINT('',(-0.90629042563,1.370427415918E-02));
#2490 = VECTOR('',#2491,1.);
#2491 = DIRECTION('',(1.05081132357E-03,0.999999447898));
#2492 = ( GEOMETRIC_REPRESENTATION_CONTEXT(2) 
PARAMETRIC_REPRESENTATION_CONTEXT() REPRESENTATION_CONTEXT('2D SPACE',''
  ) );
#2493 = ORIENTED_EDGE('',*,*,#2494,.F.);
#2494 = EDGE_CURVE('',#2356,#2467,#2495,.T.);
#2495 = SURFACE_CURVE('',#2496,(#2500,#2507),.PCURVE_S1.);
#2496 = LINE('',#2497,#2498);
#2497 = CARTESIAN_POINT('',(-27.02290866233,16.966947857395,
    2.384190277193E-02));
#2498 = VECTOR('',#2499,1.);
#2499 = DIRECTION('',(0.96824917301,0.24228390319,-6.157961691776E-02));
#2500 = PCURVE('',#2429,#2501);
#2501 = DEFINITIONAL_REPRESENTATION('',(#2502),#2506);
#2502 = LINE('',#2503,#2504);
#2503 = CARTESIAN_POINT('',(-0.907592839812,8.329709456313));
#2504 = VECTOR('',#2505,1.);
#2505 = DIRECTION('',(0.99810182139,6.158534029118E-02));
#2506 = ( GEOMETRIC_REPRESENTATION_CONTEXT(2) 
PARAMETRIC_REPRESENTATION_CONTEXT() REPRESENTATION_CONTEXT('2D SPACE',''
  ) );
#2507 = PCURVE('',#2397,#2508);
#2508 = DEFINITIONAL_REPRESENTATION('',(#2509),#2513);
#2509 = LINE('',#2510,#2511);
#2510 = CARTESIAN_POINT('',(0.196867170804,0.888282764592));
#2511 = VECTOR('',#2512,1.);
#2512 = DIRECTION('',(-0.216376361924,-0.976310027604));
#2513 = ( GEOMETRIC_REPRESENTATION_CONTEXT(2) 
PARAMETRIC_REPRESENTATION_CONTEXT() REPRESENTATION_CONTEXT('2D SPACE',''
  ) );
#2514 = ORIENTED_EDGE('',*,*,#2413,.T.);
#2515 = ADVANCED_FACE('',(#2516),#2482,.T.);
#2516 = FACE_BOUND('',#2517,.T.);
#2517 = EDGE_LOOP('',(#2518,#2546,#2547));
#2518 = ORIENTED_EDGE('',*,*,#2519,.F.);
#2519 = EDGE_CURVE('',#2467,#2520,#2522,.T.);
#2520 = VERTEX_POINT('',#2521);
#2521 = CARTESIAN_POINT('',(-25.27763885009,17.454691209438,
    8.366480253782));
#2522 = SURFACE_CURVE('',#2523,(#2527,#2534),.PCURVE_S1.);
#2523 = LINE('',#2524,#2525);
#2524 = CARTESIAN_POINT('',(-26.14195995967,17.187386661931,
    -3.218549714367E-02));
#2525 = VECTOR('',#2526,1.);
#2526 = DIRECTION('',(0.102319780659,3.164396005984E-02,0.994248119072)
  );
#2527 = PCURVE('',#2482,#2528);
#2528 = DEFINITIONAL_REPRESENTATION('',(#2529),#2533);
#2529 = LINE('',#2530,#2531);
#2530 = CARTESIAN_POINT('',(-0.897478592897,8.399441723867));
#2531 = VECTOR('',#2532,1.);
#2532 = DIRECTION('',(0.106245019073,-0.994339980048));
#2533 = ( GEOMETRIC_REPRESENTATION_CONTEXT(2) 
PARAMETRIC_REPRESENTATION_CONTEXT() REPRESENTATION_CONTEXT('2D SPACE',''
  ) );
#2534 = PCURVE('',#2535,#2540);
#2535 = PLANE('',#2536);
#2536 = AXIS2_PLACEMENT_3D('',#2537,#2538,#2539);
#2537 = CARTESIAN_POINT('',(-25.27763885009,17.454691209438,
    8.366480253782));
#2538 = DIRECTION('',(-0.24080121957,0.970555231518,-6.108619062642E-03)
  );
#2539 = DIRECTION('',(0.970573340269,0.240805712471,-3.053130821936E-20)
  );
#2540 = DEFINITIONAL_REPRESENTATION('',(#2541),#2545);
#2541 = LINE('',#2542,#2543);
#2542 = CARTESIAN_POINT('',(-0.903255488392,8.39882245437));
#2543 = VECTOR('',#2544,1.);
#2544 = DIRECTION('',(0.106928897638,-0.994266669888));
#2545 = ( GEOMETRIC_REPRESENTATION_CONTEXT(2) 
PARAMETRIC_REPRESENTATION_CONTEXT() REPRESENTATION_CONTEXT('2D SPACE',''
  ) );
#2546 = ORIENTED_EDGE('',*,*,#2466,.F.);
#2547 = ORIENTED_EDGE('',*,*,#2548,.T.);
#2548 = EDGE_CURVE('',#2414,#2520,#2549,.T.);
#2549 = SURFACE_CURVE('',#2550,(#2554,#2561),.PCURVE_S1.);
#2550 = LINE('',#2551,#2552);
#2551 = CARTESIAN_POINT('',(-26.17030587523,17.298141049693,
    8.352777245677));
#2552 = VECTOR('',#2553,1.);
#2553 = DIRECTION('',(0.984855364029,0.172717553379,1.511815789734E-02)
  );
#2554 = PCURVE('',#2482,#2555);
#2555 = DEFINITIONAL_REPRESENTATION('',(#2556),#2560);
#2556 = LINE('',#2557,#2558);
#2557 = CARTESIAN_POINT('',(-0.90629042563,1.370427415918E-02));
#2558 = VECTOR('',#2559,1.);
#2559 = DIRECTION('',(0.999885693,-1.511955470033E-02));
#2560 = ( GEOMETRIC_REPRESENTATION_CONTEXT(2) 
PARAMETRIC_REPRESENTATION_CONTEXT() REPRESENTATION_CONTEXT('2D SPACE',''
  ) );
#2561 = PCURVE('',#2562,#2567);
#2562 = PLANE('',#2563);
#2563 = AXIS2_PLACEMENT_3D('',#2564,#2565,#2566);
#2564 = CARTESIAN_POINT('',(-25.27763885009,17.454691209438,
    8.366480253782));
#2565 = DIRECTION('',(-1.963530686585E-02,2.44747769439E-02,
    0.999507598779));
#2566 = DIRECTION('',(-3.315629874533E-20,0.999700332228,
    -2.447949637592E-02));
#2567 = DEFINITIONAL_REPRESENTATION('',(#2568),#2572);
#2568 = LINE('',#2569,#2570);
#2569 = CARTESIAN_POINT('',(-0.15616780397,0.892839156692));
#2570 = VECTOR('',#2571,1.);
#2571 = DIRECTION('',(0.172295710603,-0.985045272111));
#2572 = ( GEOMETRIC_REPRESENTATION_CONTEXT(2) 
PARAMETRIC_REPRESENTATION_CONTEXT() REPRESENTATION_CONTEXT('2D SPACE',''
  ) );
#2573 = ADVANCED_FACE('',(#2574),#2535,.T.);
#2574 = FACE_BOUND('',#2575,.T.);
#2575 = EDGE_LOOP('',(#2576,#2604,#2630));
#2576 = ORIENTED_EDGE('',*,*,#2577,.F.);
#2577 = EDGE_CURVE('',#2578,#2520,#2580,.T.);
#2578 = VERTEX_POINT('',#2579);
#2579 = CARTESIAN_POINT('',(-25.29122473549,17.398498918793,
    -2.596055142228E-02));
#2580 = SURFACE_CURVE('',#2581,(#2585,#2592),.PCURVE_S1.);
#2581 = LINE('',#2582,#2583);
#2582 = CARTESIAN_POINT('',(-25.29122473549,17.398498918793,
    -2.596055142228E-02));
#2583 = VECTOR('',#2584,1.);
#2584 = DIRECTION('',(1.618785689306E-03,6.695424941944E-03,
    0.999976275127));
#2585 = PCURVE('',#2535,#2586);
#2586 = DEFINITIONAL_REPRESENTATION('',(#2587),#2591);
#2587 = LINE('',#2588,#2589);
#2588 = CARTESIAN_POINT('',(-2.671752275487E-02,8.392597392503));
#2589 = VECTOR('',#2590,1.);
#2590 = DIRECTION('',(3.183446807093E-03,-0.99999493282));
#2591 = ( GEOMETRIC_REPRESENTATION_CONTEXT(2) 
PARAMETRIC_REPRESENTATION_CONTEXT() REPRESENTATION_CONTEXT('2D SPACE',''
  ) );
#2592 = PCURVE('',#2593,#2598);
#2593 = PLANE('',#2594);
#2594 = AXIS2_PLACEMENT_3D('',#2595,#2596,#2597);
#2595 = CARTESIAN_POINT('',(-24.38625831735,17.503883503945,8.4181526018
    ));
#2596 = DIRECTION('',(-5.472033943274E-02,0.998479927877,
    -6.596823419545E-03));
#2597 = DIRECTION('',(0.99850165455,5.472153013363E-02,
    3.651669823354E-21));
#2598 = DEFINITIONAL_REPRESENTATION('',(#2599),#2603);
#2599 = LINE('',#2600,#2601);
#2600 = CARTESIAN_POINT('',(-0.909377271576,8.444296895012));
#2601 = VECTOR('',#2602,1.);
#2602 = DIRECTION('',(1.982744086852E-03,-0.999998034361));
#2603 = ( GEOMETRIC_REPRESENTATION_CONTEXT(2) 
PARAMETRIC_REPRESENTATION_CONTEXT() REPRESENTATION_CONTEXT('2D SPACE',''
  ) );
#2604 = ORIENTED_EDGE('',*,*,#2605,.F.);
#2605 = EDGE_CURVE('',#2467,#2578,#2606,.T.);
#2606 = SURFACE_CURVE('',#2607,(#2611,#2618),.PCURVE_S1.);
#2607 = LINE('',#2608,#2609);
#2608 = CARTESIAN_POINT('',(-26.14195995967,17.187386661931,
    -3.218549714367E-02));
#2609 = VECTOR('',#2610,1.);
#2610 = DIRECTION('',(0.970538418457,0.240841744962,7.101562041563E-03)
  );
#2611 = PCURVE('',#2535,#2612);
#2612 = DEFINITIONAL_REPRESENTATION('',(#2613),#2617);
#2613 = LINE('',#2614,#2615);
#2614 = CARTESIAN_POINT('',(-0.903255488392,8.39882245437));
#2615 = VECTOR('',#2616,1.);
#2616 = DIRECTION('',(0.999974782649,-7.10169454347E-03));
#2617 = ( GEOMETRIC_REPRESENTATION_CONTEXT(2) 
PARAMETRIC_REPRESENTATION_CONTEXT() REPRESENTATION_CONTEXT('2D SPACE',''
  ) );
#2618 = PCURVE('',#2619,#2624);
#2619 = PLANE('',#2620);
#2620 = AXIS2_PLACEMENT_3D('',#2621,#2622,#2623);
#2621 = CARTESIAN_POINT('',(-25.29122473549,17.398498918793,
    -2.596055142228E-02));
#2622 = DIRECTION('',(5.22336783509E-03,8.435968209279E-03,
    -0.999950774223));
#2623 = DIRECTION('',(-1.691749643262E-21,-0.999964415616,
    -8.436083293305E-03));
#2624 = DEFINITIONAL_REPRESENTATION('',(#2625),#2629);
#2625 = LINE('',#2626,#2627);
#2626 = CARTESIAN_POINT('',(0.211157258722,0.85074682996));
#2627 = VECTOR('',#2628,1.);
#2628 = DIRECTION('',(-0.240893084126,-0.970551658605));
#2629 = ( GEOMETRIC_REPRESENTATION_CONTEXT(2) 
PARAMETRIC_REPRESENTATION_CONTEXT() REPRESENTATION_CONTEXT('2D SPACE',''
  ) );
#2630 = ORIENTED_EDGE('',*,*,#2519,.T.);
#2631 = ADVANCED_FACE('',(#2632),#2593,.T.);
#2632 = FACE_BOUND('',#2633,.T.);
#2633 = EDGE_LOOP('',(#2634,#2662,#2663));
#2634 = ORIENTED_EDGE('',*,*,#2635,.F.);
#2635 = EDGE_CURVE('',#2578,#2636,#2638,.T.);
#2636 = VERTEX_POINT('',#2637);
#2637 = CARTESIAN_POINT('',(-24.38625831735,17.503883503945,8.4181526018
    ));
#2638 = SURFACE_CURVE('',#2639,(#2643,#2650),.PCURVE_S1.);
#2639 = LINE('',#2640,#2641);
#2640 = CARTESIAN_POINT('',(-25.29122473549,17.398498918793,
    -2.596055142228E-02));
#2641 = VECTOR('',#2642,1.);
#2642 = DIRECTION('',(0.10655286062,1.240822729793E-02,0.994229613213));
#2643 = PCURVE('',#2593,#2644);
#2644 = DEFINITIONAL_REPRESENTATION('',(#2645),#2649);
#2645 = LINE('',#2646,#2647);
#2646 = CARTESIAN_POINT('',(-0.909377271576,8.444296895012));
#2647 = VECTOR('',#2648,1.);
#2648 = DIRECTION('',(0.10707220481,-0.9942512474));
#2649 = ( GEOMETRIC_REPRESENTATION_CONTEXT(2) 
PARAMETRIC_REPRESENTATION_CONTEXT() REPRESENTATION_CONTEXT('2D SPACE',''
  ) );
#2650 = PCURVE('',#2651,#2656);
#2651 = PLANE('',#2652);
#2652 = AXIS2_PLACEMENT_3D('',#2653,#2654,#2655);
#2653 = CARTESIAN_POINT('',(-24.38625831735,17.503883503945,8.4181526018
    ));
#2654 = DIRECTION('',(-0.101104134819,0.994874592569,-1.580817218796E-03
    ));
#2655 = DIRECTION('',(0.994875835659,0.101104261148,-1.679524672593E-20)
  );
#2656 = DEFINITIONAL_REPRESENTATION('',(#2657),#2661);
#2657 = LINE('',#2658,#2659);
#2658 = CARTESIAN_POINT('',(-0.910984052107,8.44412370409));
#2659 = VECTOR('',#2660,1.);
#2660 = DIRECTION('',(0.107261390905,-0.994230855496));
#2661 = ( GEOMETRIC_REPRESENTATION_CONTEXT(2) 
PARAMETRIC_REPRESENTATION_CONTEXT() REPRESENTATION_CONTEXT('2D SPACE',''
  ) );
#2662 = ORIENTED_EDGE('',*,*,#2577,.T.);
#2663 = ORIENTED_EDGE('',*,*,#2664,.T.);
#2664 = EDGE_CURVE('',#2520,#2636,#2665,.T.);
#2665 = SURFACE_CURVE('',#2666,(#2670,#2677),.PCURVE_S1.);
#2666 = LINE('',#2667,#2668);
#2667 = CARTESIAN_POINT('',(-25.27763885009,17.454691209438,
    8.366480253782));
#2668 = VECTOR('',#2669,1.);
#2669 = DIRECTION('',(0.99681232781,5.501072078213E-02,
    5.778411309153E-02));
#2670 = PCURVE('',#2593,#2671);
#2671 = DEFINITIONAL_REPRESENTATION('',(#2672),#2676);
#2672 = LINE('',#2673,#2674);
#2673 = CARTESIAN_POINT('',(-0.892736814403,5.16734723957E-02));
#2674 = VECTOR('',#2675,1.);
#2675 = DIRECTION('',(0.998329029409,-5.778537045937E-02));
#2676 = ( GEOMETRIC_REPRESENTATION_CONTEXT(2) 
PARAMETRIC_REPRESENTATION_CONTEXT() REPRESENTATION_CONTEXT('2D SPACE',''
  ) );
#2677 = PCURVE('',#2678,#2683);
#2678 = PLANE('',#2679);
#2679 = AXIS2_PLACEMENT_3D('',#2680,#2681,#2682);
#2680 = CARTESIAN_POINT('',(-24.38625831735,17.503883503945,8.4181526018
    ));
#2681 = DIRECTION('',(-6.24432152378E-02,8.712842613846E-02,
    0.994238141609));
#2682 = DIRECTION('',(2.398061843695E-19,0.996182172894,
    -8.729878812636E-02));
#2683 = DEFINITIONAL_REPRESENTATION('',(#2684),#2688);
#2684 = LINE('',#2685,#2686);
#2685 = CARTESIAN_POINT('',(-4.449355346945E-02,0.893123446809));
#2686 = VECTOR('',#2687,1.);
#2687 = DIRECTION('',(4.975621631535E-02,-0.998761392395));
#2688 = ( GEOMETRIC_REPRESENTATION_CONTEXT(2) 
PARAMETRIC_REPRESENTATION_CONTEXT() REPRESENTATION_CONTEXT('2D SPACE',''
  ) );
#2689 = ADVANCED_FACE('',(#2690),#2651,.T.);
#2690 = FACE_BOUND('',#2691,.T.);
#2691 = EDGE_LOOP('',(#2692,#2713,#2739));
#2692 = ORIENTED_EDGE('',*,*,#2693,.T.);
#2693 = EDGE_CURVE('',#2636,#1159,#2694,.T.);
#2694 = SURFACE_CURVE('',#2695,(#2699,#2706),.PCURVE_S1.);
#2695 = LINE('',#2696,#2697);
#2696 = CARTESIAN_POINT('',(-24.38625831735,17.503883503945,8.4181526018
    ));
#2697 = VECTOR('',#2698,1.);
#2698 = DIRECTION('',(3.799773743038E-03,-1.20279664919E-03,
    -0.999992057468));
#2699 = PCURVE('',#2651,#2700);
#2700 = DEFINITIONAL_REPRESENTATION('',(#2701),#2705);
#2701 = LINE('',#2702,#2703);
#2702 = CARTESIAN_POINT('',(0.,0.));
#2703 = VECTOR('',#2704,1.);
#2704 = DIRECTION('',(3.658695211391E-03,0.999993306952));
#2705 = ( GEOMETRIC_REPRESENTATION_CONTEXT(2) 
PARAMETRIC_REPRESENTATION_CONTEXT() REPRESENTATION_CONTEXT('2D SPACE',''
  ) );
#2706 = PCURVE('',#1200,#2707);
#2707 = DEFINITIONAL_REPRESENTATION('',(#2708),#2712);
#2708 = LINE('',#2709,#2710);
#2709 = CARTESIAN_POINT('',(8.450979058709,-48.73776600743));
#2710 = VECTOR('',#2711,1.);
#2711 = DIRECTION('',(-0.99999278083,3.799774779794E-03));
#2712 = ( GEOMETRIC_REPRESENTATION_CONTEXT(2) 
PARAMETRIC_REPRESENTATION_CONTEXT() REPRESENTATION_CONTEXT('2D SPACE',''
  ) );
#2713 = ORIENTED_EDGE('',*,*,#2714,.F.);
#2714 = EDGE_CURVE('',#2578,#1159,#2715,.T.);
#2715 = SURFACE_CURVE('',#2716,(#2720,#2727),.PCURVE_S1.);
#2716 = LINE('',#2717,#2718);
#2717 = CARTESIAN_POINT('',(-25.29122473549,17.398498918793,
    -2.596055142228E-02));
#2718 = VECTOR('',#2719,1.);
#2719 = DIRECTION('',(0.989762753205,0.100745279237,0.101094416656));
#2720 = PCURVE('',#2651,#2721);
#2721 = DEFINITIONAL_REPRESENTATION('',(#2722),#2726);
#2722 = LINE('',#2723,#2724);
#2723 = CARTESIAN_POINT('',(-0.910984052107,8.44412370409));
#2724 = VECTOR('',#2725,1.);
#2725 = DIRECTION('',(0.99487682322,-0.101094542973));
#2726 = ( GEOMETRIC_REPRESENTATION_CONTEXT(2) 
PARAMETRIC_REPRESENTATION_CONTEXT() REPRESENTATION_CONTEXT('2D SPACE',''
  ) );
#2727 = PCURVE('',#2728,#2733);
#2728 = PLANE('',#2729);
#2729 = AXIS2_PLACEMENT_3D('',#2730,#2731,#2732);
#2730 = CARTESIAN_POINT('',(-24.3545358834,17.493841948883,
    6.971289434384E-02));
#2731 = DIRECTION('',(0.115651998566,-0.151076840541,-0.981733366796));
#2732 = DIRECTION('',(-8.915525818407E-20,-0.988365502742,0.152097445706
    ));
#2733 = DEFINITIONAL_REPRESENTATION('',(#2734),#2738);
#2734 = LINE('',#2735,#2736);
#2735 = CARTESIAN_POINT('',(7.96820751458E-02,0.943016688158));
#2736 = VECTOR('',#2737,1.);
#2737 = DIRECTION('',(-8.419695601303E-02,-0.996449131967));
#2738 = ( GEOMETRIC_REPRESENTATION_CONTEXT(2) 
PARAMETRIC_REPRESENTATION_CONTEXT() REPRESENTATION_CONTEXT('2D SPACE',''
  ) );
#2739 = ORIENTED_EDGE('',*,*,#2635,.T.);
#2740 = ADVANCED_FACE('',(#2741),#2224,.T.);
#2741 = FACE_BOUND('',#2742,.T.);
#2742 = EDGE_LOOP('',(#2743,#2764,#2765));
#2743 = ORIENTED_EDGE('',*,*,#2744,.F.);
#2744 = EDGE_CURVE('',#2182,#2414,#2745,.T.);
#2745 = SURFACE_CURVE('',#2746,(#2750,#2757),.PCURVE_S1.);
#2746 = LINE('',#2747,#2748);
#2747 = CARTESIAN_POINT('',(-27.85864228198,16.491895321744,
    8.339514998065));
#2748 = VECTOR('',#2749,1.);
#2749 = DIRECTION('',(0.902365099455,0.430914125634,7.088273010626E-03)
  );
#2750 = PCURVE('',#2224,#2751);
#2751 = DEFINITIONAL_REPRESENTATION('',(#2752),#2756);
#2752 = LINE('',#2753,#2754);
#2753 = CARTESIAN_POINT('',(-0.805712845667,1.688642855582));
#2754 = VECTOR('',#2755,1.);
#2755 = DIRECTION('',(0.430629316059,-0.902528887156));
#2756 = ( GEOMETRIC_REPRESENTATION_CONTEXT(2) 
PARAMETRIC_REPRESENTATION_CONTEXT() REPRESENTATION_CONTEXT('2D SPACE',''
  ) );
#2757 = PCURVE('',#2340,#2758);
#2758 = DEFINITIONAL_REPRESENTATION('',(#2759),#2763);
#2759 = LINE('',#2760,#2761);
#2760 = CARTESIAN_POINT('',(-0.670132073524,1.746886054502));
#2761 = VECTOR('',#2762,1.);
#2762 = DIRECTION('',(0.358165465579,-0.933658127618));
#2763 = ( GEOMETRIC_REPRESENTATION_CONTEXT(2) 
PARAMETRIC_REPRESENTATION_CONTEXT() REPRESENTATION_CONTEXT('2D SPACE',''
  ) );
#2764 = ORIENTED_EDGE('',*,*,#2210,.F.);
#2765 = ORIENTED_EDGE('',*,*,#2766,.T.);
#2766 = EDGE_CURVE('',#2076,#2414,#2767,.T.);
#2767 = SURFACE_CURVE('',#2768,(#2772,#2779),.PCURVE_S1.);
#2768 = LINE('',#2769,#2770);
#2769 = CARTESIAN_POINT('',(-28.56778600051,15.927868902112,
    8.339232423389));
#2770 = VECTOR('',#2771,1.);
#2771 = DIRECTION('',(0.868188469812,0.496210361242,4.904924304215E-03)
  );
#2772 = PCURVE('',#2224,#2773);
#2773 = DEFINITIONAL_REPRESENTATION('',(#2774),#2778);
#2774 = LINE('',#2775,#2776);
#2775 = CARTESIAN_POINT('',(-1.369577464821,2.397915290331));
#2776 = VECTOR('',#2777,1.);
#2777 = DIRECTION('',(0.495958798964,-0.868346054134));
#2778 = ( GEOMETRIC_REPRESENTATION_CONTEXT(2) 
PARAMETRIC_REPRESENTATION_CONTEXT() REPRESENTATION_CONTEXT('2D SPACE',''
  ) );
#2779 = PCURVE('',#2562,#2780);
#2780 = DEFINITIONAL_REPRESENTATION('',(#2781),#2785);
#2781 = LINE('',#2782,#2783);
#2782 = CARTESIAN_POINT('',(-1.525697754722,3.29078158422));
#2783 = VECTOR('',#2784,1.);
#2784 = DIRECTION('',(0.495941592912,-0.868355881203));
#2785 = ( GEOMETRIC_REPRESENTATION_CONTEXT(2) 
PARAMETRIC_REPRESENTATION_CONTEXT() REPRESENTATION_CONTEXT('2D SPACE',''
  ) );
#2786 = ADVANCED_FACE('',(#2787),#2340,.T.);
#2787 = FACE_BOUND('',#2788,.T.);
#2788 = EDGE_LOOP('',(#2789,#2790,#2791));
#2789 = ORIENTED_EDGE('',*,*,#2442,.F.);
#2790 = ORIENTED_EDGE('',*,*,#2326,.F.);
#2791 = ORIENTED_EDGE('',*,*,#2744,.T.);
#2792 = ADVANCED_FACE('',(#2793),#2562,.T.);
#2793 = FACE_BOUND('',#2794,.T.);
#2794 = EDGE_LOOP('',(#2795,#2796,#2797));
#2795 = ORIENTED_EDGE('',*,*,#2548,.F.);
#2796 = ORIENTED_EDGE('',*,*,#2766,.F.);
#2797 = ORIENTED_EDGE('',*,*,#2798,.T.);
#2798 = EDGE_CURVE('',#2076,#2520,#2799,.T.);
#2799 = SURFACE_CURVE('',#2800,(#2804,#2811),.PCURVE_S1.);
#2800 = LINE('',#2801,#2802);
#2801 = CARTESIAN_POINT('',(-28.56778600051,15.927868902112,
    8.339232423389));
#2802 = VECTOR('',#2803,1.);
#2803 = DIRECTION('',(0.907061915952,0.420930221077,7.511964696822E-03)
  );
#2804 = PCURVE('',#2562,#2805);
#2805 = DEFINITIONAL_REPRESENTATION('',(#2806),#2810);
#2806 = LINE('',#2807,#2808);
#2807 = CARTESIAN_POINT('',(-1.525697754722,3.29078158422));
#2808 = VECTOR('',#2809,1.);
#2809 = DIRECTION('',(0.420620192743,-0.907236823248));
#2810 = ( GEOMETRIC_REPRESENTATION_CONTEXT(2) 
PARAMETRIC_REPRESENTATION_CONTEXT() REPRESENTATION_CONTEXT('2D SPACE',''
  ) );
#2811 = PCURVE('',#2812,#2817);
#2812 = PLANE('',#2813);
#2813 = AXIS2_PLACEMENT_3D('',#2814,#2815,#2816);
#2814 = CARTESIAN_POINT('',(-25.27763885009,17.454691209438,
    8.366480253782));
#2815 = DIRECTION('',(-2.680007217829E-02,3.992597672263E-02,
    0.998843167126));
#2816 = DIRECTION('',(-3.465879758864E-20,0.999202066961,
    -3.994032274504E-02));
#2817 = DEFINITIONAL_REPRESENTATION('',(#2818),#2822);
#2818 = LINE('',#2819,#2820);
#2819 = CARTESIAN_POINT('',(-1.524515718223,3.291329351296));
#2820 = VECTOR('',#2821,1.);
#2821 = DIRECTION('',(0.420294316652,-0.907387837361));
#2822 = ( GEOMETRIC_REPRESENTATION_CONTEXT(2) 
PARAMETRIC_REPRESENTATION_CONTEXT() REPRESENTATION_CONTEXT('2D SPACE',''
  ) );
#2823 = ADVANCED_FACE('',(#2824),#1886,.T.);
#2824 = FACE_BOUND('',#2825,.T.);
#2825 = EDGE_LOOP('',(#2826,#2847,#2848));
#2826 = ORIENTED_EDGE('',*,*,#2827,.F.);
#2827 = EDGE_CURVE('',#1844,#2076,#2828,.T.);
#2828 = SURFACE_CURVE('',#2829,(#2833,#2840),.PCURVE_S1.);
#2829 = LINE('',#2830,#2831);
#2830 = CARTESIAN_POINT('',(-29.77454946366,14.559919892468,
    8.341914796923));
#2831 = VECTOR('',#2832,1.);
#2832 = DIRECTION('',(0.661543747746,0.749905132361,-1.470468318468E-03)
  );
#2833 = PCURVE('',#1886,#2834);
#2834 = DEFINITIONAL_REPRESENTATION('',(#2835),#2839);
#2835 = LINE('',#2836,#2837);
#2836 = CARTESIAN_POINT('',(-1.195460958772,-1.377839918194));
#2837 = VECTOR('',#2838,1.);
#2838 = DIRECTION('',(0.655347752146,0.755327295785));
#2839 = ( GEOMETRIC_REPRESENTATION_CONTEXT(2) 
PARAMETRIC_REPRESENTATION_CONTEXT() REPRESENTATION_CONTEXT('2D SPACE',''
  ) );
#2840 = PCURVE('',#2002,#2841);
#2841 = DEFINITIONAL_REPRESENTATION('',(#2842),#2846);
#2842 = LINE('',#2843,#2844);
#2843 = CARTESIAN_POINT('',(0.895163604067,-1.589418719554));
#2844 = VECTOR('',#2845,1.);
#2845 = DIRECTION('',(-0.490725733387,0.871314096404));
#2846 = ( GEOMETRIC_REPRESENTATION_CONTEXT(2) 
PARAMETRIC_REPRESENTATION_CONTEXT() REPRESENTATION_CONTEXT('2D SPACE',''
  ) );
#2847 = ORIENTED_EDGE('',*,*,#1872,.F.);
#2848 = ORIENTED_EDGE('',*,*,#2849,.T.);
#2849 = EDGE_CURVE('',#1738,#2076,#2850,.T.);
#2850 = SURFACE_CURVE('',#2851,(#2855,#2862),.PCURVE_S1.);
#2851 = LINE('',#2852,#2853);
#2852 = CARTESIAN_POINT('',(-30.22265769867,13.722258413659,
    8.382993519729));
#2853 = VECTOR('',#2854,1.);
#2854 = DIRECTION('',(0.600078499823,0.799783714095,-1.586835587993E-02)
  );
#2855 = PCURVE('',#1886,#2856);
#2856 = DEFINITIONAL_REPRESENTATION('',(#2857),#2861);
#2857 = LINE('',#2858,#2859);
#2858 = CARTESIAN_POINT('',(-1.633986749109,-2.22155807969));
#2859 = VECTOR('',#2860,1.);
#2860 = DIRECTION('',(0.592505339372,0.805566522899));
#2861 = ( GEOMETRIC_REPRESENTATION_CONTEXT(2) 
PARAMETRIC_REPRESENTATION_CONTEXT() REPRESENTATION_CONTEXT('2D SPACE',''
  ) );
#2862 = PCURVE('',#2812,#2863);
#2863 = DEFINITIONAL_REPRESENTATION('',(#2864),#2868);
#2864 = LINE('',#2865,#2866);
#2865 = CARTESIAN_POINT('',(-3.730114109507,4.946795670513));
#2866 = VECTOR('',#2867,1.);
#2867 = DIRECTION('',(0.799779327501,-0.600294117331));
#2868 = ( GEOMETRIC_REPRESENTATION_CONTEXT(2) 
PARAMETRIC_REPRESENTATION_CONTEXT() REPRESENTATION_CONTEXT('2D SPACE',''
  ) );
#2869 = ADVANCED_FACE('',(#2870),#2002,.T.);
#2870 = FACE_BOUND('',#2871,.T.);
#2871 = EDGE_LOOP('',(#2872,#2873,#2874));
#2872 = ORIENTED_EDGE('',*,*,#2104,.F.);
#2873 = ORIENTED_EDGE('',*,*,#1988,.F.);
#2874 = ORIENTED_EDGE('',*,*,#2827,.T.);
#2875 = ADVANCED_FACE('',(#2876),#2812,.T.);
#2876 = FACE_BOUND('',#2877,.T.);
#2877 = EDGE_LOOP('',(#2878,#2879,#2880));
#2878 = ORIENTED_EDGE('',*,*,#2798,.F.);
#2879 = ORIENTED_EDGE('',*,*,#2849,.F.);
#2880 = ORIENTED_EDGE('',*,*,#2881,.T.);
#2881 = EDGE_CURVE('',#1738,#2520,#2882,.T.);
#2882 = SURFACE_CURVE('',#2883,(#2887,#2894),.PCURVE_S1.);
#2883 = LINE('',#2884,#2885);
#2884 = CARTESIAN_POINT('',(-30.22265769867,13.722258413659,
    8.382993519729));
#2885 = VECTOR('',#2886,1.);
#2886 = DIRECTION('',(0.798159686449,0.602440047489,-2.665353474715E-03)
  );
#2887 = PCURVE('',#2812,#2888);
#2888 = DEFINITIONAL_REPRESENTATION('',(#2889),#2893);
#2889 = LINE('',#2890,#2891);
#2890 = CARTESIAN_POINT('',(-3.730114109507,4.946795670513));
#2891 = VECTOR('',#2892,1.);
#2892 = DIRECTION('',(0.602065795749,-0.798446477598));
#2893 = ( GEOMETRIC_REPRESENTATION_CONTEXT(2) 
PARAMETRIC_REPRESENTATION_CONTEXT() REPRESENTATION_CONTEXT('2D SPACE',''
  ) );
#2894 = PCURVE('',#2678,#2895);
#2895 = DEFINITIONAL_REPRESENTATION('',(#2896),#2900);
#2896 = LINE('',#2897,#2898);
#2897 = CARTESIAN_POINT('',(-3.764118154255,5.847811278043));
#2898 = VECTOR('',#2899,1.);
#2899 = DIRECTION('',(0.600372717674,-0.799720326034));
#2900 = ( GEOMETRIC_REPRESENTATION_CONTEXT(2) 
PARAMETRIC_REPRESENTATION_CONTEXT() REPRESENTATION_CONTEXT('2D SPACE',''
  ) );
#2901 = ADVANCED_FACE('',(#2902),#2678,.T.);
#2902 = FACE_BOUND('',#2903,.T.);
#2903 = EDGE_LOOP('',(#2904,#2905,#2906));
#2904 = ORIENTED_EDGE('',*,*,#2664,.F.);
#2905 = ORIENTED_EDGE('',*,*,#2881,.F.);
#2906 = ORIENTED_EDGE('',*,*,#2907,.T.);
#2907 = EDGE_CURVE('',#1738,#2636,#2908,.T.);
#2908 = SURFACE_CURVE('',#2909,(#2913,#2920),.PCURVE_S1.);
#2909 = LINE('',#2910,#2911);
#2910 = CARTESIAN_POINT('',(-30.22265769867,13.722258413659,
    8.382993519729));
#2911 = VECTOR('',#2912,1.);
#2912 = DIRECTION('',(0.839222736977,0.543764323026,5.055565796243E-03)
  );
#2913 = PCURVE('',#2678,#2914);
#2914 = DEFINITIONAL_REPRESENTATION('',(#2915),#2919);
#2915 = LINE('',#2916,#2917);
#2916 = CARTESIAN_POINT('',(-3.764118154255,5.847811278043));
#2917 = VECTOR('',#2918,1.);
#2918 = DIRECTION('',(0.541246980087,-0.84086366704));
#2919 = ( GEOMETRIC_REPRESENTATION_CONTEXT(2) 
PARAMETRIC_REPRESENTATION_CONTEXT() REPRESENTATION_CONTEXT('2D SPACE',''
  ) );
#2920 = PCURVE('',#2921,#2926);
#2921 = PLANE('',#2922);
#2922 = AXIS2_PLACEMENT_3D('',#2923,#2924,#2925);
#2923 = CARTESIAN_POINT('',(-24.38625831735,17.503883503945,8.4181526018
    ));
#2924 = DIRECTION('',(-2.979395210824E-03,-4.698931563042E-03,
    0.999984521503));
#2925 = DIRECTION('',(-2.055960434407E-21,0.999988959862,
    4.698952418909E-03));
#2926 = DEFINITIONAL_REPRESENTATION('',(#2927),#2931);
#2927 = LINE('',#2928,#2929);
#2928 = CARTESIAN_POINT('',(-3.781748551478,5.836425285755));
#2929 = VECTOR('',#2930,1.);
#2930 = DIRECTION('',(0.543782075656,-0.839226461806));
#2931 = ( GEOMETRIC_REPRESENTATION_CONTEXT(2) 
PARAMETRIC_REPRESENTATION_CONTEXT() REPRESENTATION_CONTEXT('2D SPACE',''
  ) );
#2932 = ADVANCED_FACE('',(#2933),#1548,.T.);
#2933 = FACE_BOUND('',#2934,.T.);
#2934 = EDGE_LOOP('',(#2935,#2956,#2957));
#2935 = ORIENTED_EDGE('',*,*,#2936,.F.);
#2936 = EDGE_CURVE('',#1506,#1738,#2937,.T.);
#2937 = SURFACE_CURVE('',#2938,(#2942,#2949),.PCURVE_S1.);
#2938 = LINE('',#2939,#2940);
#2939 = CARTESIAN_POINT('',(-30.72330592237,11.954084553995,
    8.31938567449));
#2940 = VECTOR('',#2941,1.);
#2941 = DIRECTION('',(0.27227108794,0.961598578901,3.459230734289E-02));
#2942 = PCURVE('',#1548,#2943);
#2943 = DEFINITIONAL_REPRESENTATION('',(#2944),#2948);
#2944 = LINE('',#2945,#2946);
#2945 = CARTESIAN_POINT('',(-0.493419678065,-1.771347064007));
#2946 = VECTOR('',#2947,1.);
#2947 = DIRECTION('',(0.268339936503,0.963324285211));
#2948 = ( GEOMETRIC_REPRESENTATION_CONTEXT(2) 
PARAMETRIC_REPRESENTATION_CONTEXT() REPRESENTATION_CONTEXT('2D SPACE',''
  ) );
#2949 = PCURVE('',#1664,#2950);
#2950 = DEFINITIONAL_REPRESENTATION('',(#2951),#2955);
#2951 = LINE('',#2952,#2953);
#2952 = CARTESIAN_POINT('',(-1.769302855697,0.50070031425));
#2953 = VECTOR('',#2954,1.);
#2954 = DIRECTION('',(0.962212568852,-0.272299416715));
#2955 = ( GEOMETRIC_REPRESENTATION_CONTEXT(2) 
PARAMETRIC_REPRESENTATION_CONTEXT() REPRESENTATION_CONTEXT('2D SPACE',''
  ) );
#2956 = ORIENTED_EDGE('',*,*,#1534,.F.);
#2957 = ORIENTED_EDGE('',*,*,#2958,.T.);
#2958 = EDGE_CURVE('',#1448,#1738,#2959,.T.);
#2959 = SURFACE_CURVE('',#2960,(#2964,#2971),.PCURVE_S1.);
#2960 = LINE('',#2961,#2962);
#2961 = CARTESIAN_POINT('',(-30.74888149231,11.034846201657,
    8.36879750528));
#2962 = VECTOR('',#2963,1.);
#2963 = DIRECTION('',(0.192158762244,0.981350160408,5.183894377974E-03)
  );
#2964 = PCURVE('',#1548,#2965);
#2965 = DEFINITIONAL_REPRESENTATION('',(#2966),#2970);
#2966 = LINE('',#2967,#2968);
#2967 = CARTESIAN_POINT('',(-0.501166200329,-2.692235102045));
#2968 = VECTOR('',#2969,1.);
#2969 = DIRECTION('',(0.183008594248,0.983111313347));
#2970 = ( GEOMETRIC_REPRESENTATION_CONTEXT(2) 
PARAMETRIC_REPRESENTATION_CONTEXT() REPRESENTATION_CONTEXT('2D SPACE',''
  ) );
#2971 = PCURVE('',#2921,#2972);
#2972 = DEFINITIONAL_REPRESENTATION('',(#2973),#2977);
#2973 = LINE('',#2974,#2975);
#2974 = CARTESIAN_POINT('',(-6.469197800475,6.362651414999));
#2975 = VECTOR('',#2976,1.);
#2976 = DIRECTION('',(0.98136368504,-0.192159615126));
#2977 = ( GEOMETRIC_REPRESENTATION_CONTEXT(2) 
PARAMETRIC_REPRESENTATION_CONTEXT() REPRESENTATION_CONTEXT('2D SPACE',''
  ) );
#2978 = ADVANCED_FACE('',(#2979),#1664,.T.);
#2979 = FACE_BOUND('',#2980,.T.);
#2980 = EDGE_LOOP('',(#2981,#2982,#2983));
#2981 = ORIENTED_EDGE('',*,*,#1766,.F.);
#2982 = ORIENTED_EDGE('',*,*,#1650,.F.);
#2983 = ORIENTED_EDGE('',*,*,#2936,.T.);
#2984 = ADVANCED_FACE('',(#2985),#2921,.T.);
#2985 = FACE_BOUND('',#2986,.T.);
#2986 = EDGE_LOOP('',(#2987,#2988,#2989));
#2987 = ORIENTED_EDGE('',*,*,#2907,.F.);
#2988 = ORIENTED_EDGE('',*,*,#2958,.F.);
#2989 = ORIENTED_EDGE('',*,*,#2990,.T.);
#2990 = EDGE_CURVE('',#1448,#2636,#2991,.T.);
#2991 = SURFACE_CURVE('',#2992,(#2996,#3003),.PCURVE_S1.);
#2992 = LINE('',#2993,#2994);
#2993 = CARTESIAN_POINT('',(-30.74888149231,11.034846201657,
    8.36879750528));
#2994 = VECTOR('',#2995,1.);
#2995 = DIRECTION('',(0.70120819429,0.712935819206,5.439297151291E-03));
#2996 = PCURVE('',#2921,#2997);
#2997 = DEFINITIONAL_REPRESENTATION('',(#2998),#3002);
#2998 = LINE('',#2999,#3000);
#2999 = CARTESIAN_POINT('',(-6.469197800475,6.362651414999));
#3000 = VECTOR('',#3001,1.);
#3001 = DIRECTION('',(0.712953507294,-0.701211306552));
#3002 = ( GEOMETRIC_REPRESENTATION_CONTEXT(2) 
PARAMETRIC_REPRESENTATION_CONTEXT() REPRESENTATION_CONTEXT('2D SPACE',''
  ) );
#3003 = PCURVE('',#3004,#3009);
#3004 = PLANE('',#3005);
#3005 = AXIS2_PLACEMENT_3D('',#3006,#3007,#3008);
#3006 = CARTESIAN_POINT('',(-24.38625831735,17.503883503945,8.4181526018
    ));
#3007 = DIRECTION('',(-4.44726649656E-03,-3.25520863229E-03,
    0.999984812603));
#3008 = DIRECTION('',(0.999990110757,-1.798304300384E-21,
    4.447290059217E-03));
#3009 = DEFINITIONAL_REPRESENTATION('',(#3010),#3014);
#3010 = LINE('',#3011,#3012);
#3011 = CARTESIAN_POINT('',(-6.362779749858,-6.46907157676));
#3012 = VECTOR('',#3013,1.);
#3013 = DIRECTION('',(0.701225450004,0.712939596506));
#3014 = ( GEOMETRIC_REPRESENTATION_CONTEXT(2) 
PARAMETRIC_REPRESENTATION_CONTEXT() REPRESENTATION_CONTEXT('2D SPACE',''
  ) );
#3015 = ADVANCED_FACE('',(#3016),#1463,.T.);
#3016 = FACE_BOUND('',#3017,.T.);
#3017 = EDGE_LOOP('',(#3018,#3019,#3047));
#3018 = ORIENTED_EDGE('',*,*,#1447,.F.);
#3019 = ORIENTED_EDGE('',*,*,#3020,.T.);
#3020 = EDGE_CURVE('',#1390,#3021,#3023,.T.);
#3021 = VERTEX_POINT('',#3022);
#3022 = CARTESIAN_POINT('',(-24.34653043011,-17.4708552755,
    8.304477484286));
#3023 = SURFACE_CURVE('',#3024,(#3028,#3035),.PCURVE_S1.);
#3024 = LINE('',#3025,#3026);
#3025 = CARTESIAN_POINT('',(-30.77515721295,-11.08045845041,
    8.352672551613));
#3026 = VECTOR('',#3027,1.);
#3027 = DIRECTION('',(0.709202395536,-0.704984888668,-5.316852005294E-03
    ));
#3028 = PCURVE('',#1463,#3029);
#3029 = DEFINITIONAL_REPRESENTATION('',(#3030),#3034);
#3030 = LINE('',#3031,#3032);
#3031 = CARTESIAN_POINT('',(-2.616605025039E-02,-22.11531066069));
#3032 = VECTOR('',#3033,1.);
#3033 = DIRECTION('',(0.709222134936,-0.704985080209));
#3034 = ( GEOMETRIC_REPRESENTATION_CONTEXT(2) 
PARAMETRIC_REPRESENTATION_CONTEXT() REPRESENTATION_CONTEXT('2D SPACE',''
  ) );
#3035 = PCURVE('',#3036,#3041);
#3036 = PLANE('',#3037);
#3037 = AXIS2_PLACEMENT_3D('',#3038,#3039,#3040);
#3038 = CARTESIAN_POINT('',(-24.34653043011,-17.4708552755,
    8.304477484286));
#3039 = DIRECTION('',(5.090980076305E-03,-2.420239487575E-03,
    0.999984112055));
#3040 = DIRECTION('',(0.999987040801,1.854214619239E-21,
    -5.090994986729E-03));
#3041 = DEFINITIONAL_REPRESENTATION('',(#3042),#3046);
#3042 = LINE('',#3043,#3044);
#3043 = CARTESIAN_POINT('',(-6.428788833831,6.390415541242));
#3044 = VECTOR('',#3045,1.);
#3045 = DIRECTION('',(0.709220272908,-0.704986953422));
#3046 = ( GEOMETRIC_REPRESENTATION_CONTEXT(2) 
PARAMETRIC_REPRESENTATION_CONTEXT() REPRESENTATION_CONTEXT('2D SPACE',''
  ) );
#3047 = ORIENTED_EDGE('',*,*,#3048,.F.);
#3048 = EDGE_CURVE('',#1448,#3021,#3049,.T.);
#3049 = SURFACE_CURVE('',#3050,(#3054,#3061),.PCURVE_S1.);
#3050 = LINE('',#3051,#3052);
#3051 = CARTESIAN_POINT('',(-30.74888149231,11.034846201657,
    8.36879750528));
#3052 = VECTOR('',#3053,1.);
#3053 = DIRECTION('',(0.219139215692,-0.975691117805,-2.201541092775E-03
    ));
#3054 = PCURVE('',#1463,#3055);
#3055 = DEFINITIONAL_REPRESENTATION('',(#3056),#3060);
#3056 = LINE('',#3057,#3058);
#3057 = CARTESIAN_POINT('',(0.,0.));
#3058 = VECTOR('',#3059,1.);
#3059 = DIRECTION('',(0.219149093868,-0.975691382896));
#3060 = ( GEOMETRIC_REPRESENTATION_CONTEXT(2) 
PARAMETRIC_REPRESENTATION_CONTEXT() REPRESENTATION_CONTEXT('2D SPACE',''
  ) );
#3061 = PCURVE('',#3004,#3062);
#3062 = DEFINITIONAL_REPRESENTATION('',(#3063),#3067);
#3063 = LINE('',#3064,#3065);
#3064 = CARTESIAN_POINT('',(-6.362779749858,-6.46907157676));
#3065 = VECTOR('',#3066,1.);
#3066 = DIRECTION('',(0.219127257679,-0.975696287244));
#3067 = ( GEOMETRIC_REPRESENTATION_CONTEXT(2) 
PARAMETRIC_REPRESENTATION_CONTEXT() REPRESENTATION_CONTEXT('2D SPACE',''
  ) );
#3068 = ADVANCED_FACE('',(#3069),#3036,.T.);
#3069 = FACE_BOUND('',#3070,.T.);
#3070 = EDGE_LOOP('',(#3071,#3072,#3100));
#3071 = ORIENTED_EDGE('',*,*,#3020,.F.);
#3072 = ORIENTED_EDGE('',*,*,#3073,.T.);
#3073 = EDGE_CURVE('',#1390,#3074,#3076,.T.);
#3074 = VERTEX_POINT('',#3075);
#3075 = CARTESIAN_POINT('',(-30.49346295315,-12.88039129995,
    8.346882091193));
#3076 = SURFACE_CURVE('',#3077,(#3081,#3088),.PCURVE_S1.);
#3077 = LINE('',#3078,#3079);
#3078 = CARTESIAN_POINT('',(-30.77515721295,-11.08045845041,
    8.352672551613));
#3079 = VECTOR('',#3080,1.);
#3080 = DIRECTION('',(0.154619756895,-0.987968941286,-3.178338043214E-03
    ));
#3081 = PCURVE('',#3036,#3082);
#3082 = DEFINITIONAL_REPRESENTATION('',(#3083),#3087);
#3083 = LINE('',#3084,#3085);
#3084 = CARTESIAN_POINT('',(-6.428788833831,6.390415541242));
#3085 = VECTOR('',#3086,1.);
#3086 = DIRECTION('',(0.15463393405,-0.987971834842));
#3087 = ( GEOMETRIC_REPRESENTATION_CONTEXT(2) 
PARAMETRIC_REPRESENTATION_CONTEXT() REPRESENTATION_CONTEXT('2D SPACE',''
  ) );
#3088 = PCURVE('',#3089,#3094);
#3089 = PLANE('',#3090);
#3090 = AXIS2_PLACEMENT_3D('',#3091,#3092,#3093);
#3091 = CARTESIAN_POINT('',(-30.77515721295,-11.08045845041,
    8.352672551613));
#3092 = DIRECTION('',(-0.19280858832,-3.332991246871E-02,0.98067016127)
  );
#3093 = DIRECTION('',(0.981215320455,-3.923274759199E-19,0.192915771527)
  );
#3094 = DEFINITIONAL_REPRESENTATION('',(#3095),#3099);
#3095 = LINE('',#3096,#3097);
#3096 = CARTESIAN_POINT('',(0.,0.));
#3097 = VECTOR('',#3098,1.);
#3098 = DIRECTION('',(0.151102122775,-0.988518157897));
#3099 = ( GEOMETRIC_REPRESENTATION_CONTEXT(2) 
PARAMETRIC_REPRESENTATION_CONTEXT() REPRESENTATION_CONTEXT('2D SPACE',''
  ) );
#3100 = ORIENTED_EDGE('',*,*,#3101,.T.);
#3101 = EDGE_CURVE('',#3074,#3021,#3102,.T.);
#3102 = SURFACE_CURVE('',#3103,(#3107,#3114),.PCURVE_S1.);
#3103 = LINE('',#3104,#3105);
#3104 = CARTESIAN_POINT('',(-30.49346295315,-12.88039129995,
    8.346882091193));
#3105 = VECTOR('',#3106,1.);
#3106 = DIRECTION('',(0.801220842312,-0.5983432223,-5.527221054848E-03)
  );
#3107 = PCURVE('',#3036,#3108);
#3108 = DEFINITIONAL_REPRESENTATION('',(#3109),#3113);
#3109 = LINE('',#3110,#3111);
#3110 = CARTESIAN_POINT('',(-6.147068745354,4.590477420065));
#3111 = VECTOR('',#3112,1.);
#3112 = DIRECTION('',(0.801238598186,-0.598344974723));
#3113 = ( GEOMETRIC_REPRESENTATION_CONTEXT(2) 
PARAMETRIC_REPRESENTATION_CONTEXT() REPRESENTATION_CONTEXT('2D SPACE',''
  ) );
#3114 = PCURVE('',#3115,#3120);
#3115 = PLANE('',#3116);
#3116 = AXIS2_PLACEMENT_3D('',#3117,#3118,#3119);
#3117 = CARTESIAN_POINT('',(-24.34653043011,-17.4708552755,
    8.304477484286));
#3118 = DIRECTION('',(2.201864504669E-02,2.025100243295E-02,
    0.999552437929));
#3119 = DIRECTION('',(0.999757460768,-4.752750419733E-20,
    -2.202316139316E-02));
#3120 = DEFINITIONAL_REPRESENTATION('',(#3121),#3125);
#3121 = LINE('',#3122,#3123);
#3122 = CARTESIAN_POINT('',(-6.146375534246,4.591405546917));
#3123 = VECTOR('',#3124,1.);
#3124 = DIRECTION('',(0.801148241706,-0.598465951255));
#3125 = ( GEOMETRIC_REPRESENTATION_CONTEXT(2) 
PARAMETRIC_REPRESENTATION_CONTEXT() REPRESENTATION_CONTEXT('2D SPACE',''
  ) );
#3126 = ADVANCED_FACE('',(#3127),#3089,.T.);
#3127 = FACE_BOUND('',#3128,.T.);
#3128 = EDGE_LOOP('',(#3129,#3152,#3178));
#3129 = ORIENTED_EDGE('',*,*,#3130,.T.);
#3130 = EDGE_CURVE('',#1390,#3131,#3133,.T.);
#3131 = VERTEX_POINT('',#3132);
#3132 = CARTESIAN_POINT('',(-30.74536186881,-11.96445177537,
    8.328486415603));
#3133 = SURFACE_CURVE('',#3134,(#3138,#3145),.PCURVE_S1.);
#3134 = LINE('',#3135,#3136);
#3135 = CARTESIAN_POINT('',(-30.77515721295,-11.08045845041,
    8.352672551613));
#3136 = VECTOR('',#3137,1.);
#3137 = DIRECTION('',(3.367367869446E-02,-0.999059015787,
    -2.73343435472E-02));
#3138 = PCURVE('',#3089,#3139);
#3139 = DEFINITIONAL_REPRESENTATION('',(#3140),#3144);
#3140 = LINE('',#3141,#3142);
#3141 = CARTESIAN_POINT('',(0.,0.));
#3142 = VECTOR('',#3143,1.);
#3143 = DIRECTION('',(2.776790345648E-02,-0.999614397424));
#3144 = ( GEOMETRIC_REPRESENTATION_CONTEXT(2) 
PARAMETRIC_REPRESENTATION_CONTEXT() REPRESENTATION_CONTEXT('2D SPACE',''
  ) );
#3145 = PCURVE('',#1432,#3146);
#3146 = DEFINITIONAL_REPRESENTATION('',(#3147),#3151);
#3147 = LINE('',#3148,#3149);
#3148 = CARTESIAN_POINT('',(-0.884495309836,2.418630111744E-02));
#3149 = VECTOR('',#3150,1.);
#3150 = DIRECTION('',(0.999626341921,-2.73345301459E-02));
#3151 = ( GEOMETRIC_REPRESENTATION_CONTEXT(2) 
PARAMETRIC_REPRESENTATION_CONTEXT() REPRESENTATION_CONTEXT('2D SPACE',''
  ) );
#3152 = ORIENTED_EDGE('',*,*,#3153,.T.);
#3153 = EDGE_CURVE('',#3131,#3074,#3154,.T.);
#3154 = SURFACE_CURVE('',#3155,(#3159,#3166),.PCURVE_S1.);
#3155 = LINE('',#3156,#3157);
#3156 = CARTESIAN_POINT('',(-30.74536186881,-11.96445177537,
    8.328486415603));
#3157 = VECTOR('',#3158,1.);
#3158 = DIRECTION('',(0.265121991977,-0.964020470868,1.936133048966E-02)
  );
#3159 = PCURVE('',#3089,#3160);
#3160 = DEFINITIONAL_REPRESENTATION('',(#3161),#3165);
#3161 = LINE('',#3162,#3163);
#3162 = CARTESIAN_POINT('',(2.456976106097E-02,-0.884484741036));
#3163 = VECTOR('',#3164,1.);
#3164 = DIRECTION('',(0.263876866326,-0.964556374411));
#3165 = ( GEOMETRIC_REPRESENTATION_CONTEXT(2) 
PARAMETRIC_REPRESENTATION_CONTEXT() REPRESENTATION_CONTEXT('2D SPACE',''
  ) );
#3166 = PCURVE('',#3167,#3172);
#3167 = PLANE('',#3168);
#3168 = AXIS2_PLACEMENT_3D('',#3169,#3170,#3171);
#3169 = CARTESIAN_POINT('',(-30.49346295315,-12.88039129995,
    8.346882091193));
#3170 = DIRECTION('',(-0.964138248107,-0.265300621733,
    -7.281390346983E-03));
#3171 = DIRECTION('',(0.265307654952,-0.964163807775,2.606878152229E-19)
  );
#3172 = DEFINITIONAL_REPRESENTATION('',(#3173),#3177);
#3173 = LINE('',#3174,#3175);
#3174 = CARTESIAN_POINT('',(-0.949946450316,-1.839616326612E-02));
#3175 = VECTOR('',#3176,1.);
#3176 = DIRECTION('',(0.999812541933,1.936184376583E-02));
#3177 = ( GEOMETRIC_REPRESENTATION_CONTEXT(2) 
PARAMETRIC_REPRESENTATION_CONTEXT() REPRESENTATION_CONTEXT('2D SPACE',''
  ) );
#3178 = ORIENTED_EDGE('',*,*,#3073,.F.);
#3179 = ADVANCED_FACE('',(#3180),#3115,.T.);
#3180 = FACE_BOUND('',#3181,.T.);
#3181 = EDGE_LOOP('',(#3182,#3183,#3211));
#3182 = ORIENTED_EDGE('',*,*,#3101,.F.);
#3183 = ORIENTED_EDGE('',*,*,#3184,.T.);
#3184 = EDGE_CURVE('',#3074,#3185,#3187,.T.);
#3185 = VERTEX_POINT('',#3186);
#3186 = CARTESIAN_POINT('',(-29.83186893089,-14.57349767874,
    8.366610618388));
#3187 = SURFACE_CURVE('',#3188,(#3192,#3199),.PCURVE_S1.);
#3188 = LINE('',#3189,#3190);
#3189 = CARTESIAN_POINT('',(-30.49346295315,-12.88039129995,
    8.346882091193));
#3190 = VECTOR('',#3191,1.);
#3191 = DIRECTION('',(0.363936168772,-0.931360665429,1.085246293249E-02)
  );
#3192 = PCURVE('',#3115,#3193);
#3193 = DEFINITIONAL_REPRESENTATION('',(#3194),#3198);
#3194 = LINE('',#3195,#3196);
#3195 = CARTESIAN_POINT('',(-6.146375534246,4.591405546917));
#3196 = VECTOR('',#3197,1.);
#3197 = DIRECTION('',(0.36360889443,-0.931551701137));
#3198 = ( GEOMETRIC_REPRESENTATION_CONTEXT(2) 
PARAMETRIC_REPRESENTATION_CONTEXT() REPRESENTATION_CONTEXT('2D SPACE',''
  ) );
#3199 = PCURVE('',#3200,#3205);
#3200 = PLANE('',#3201);
#3201 = AXIS2_PLACEMENT_3D('',#3202,#3203,#3204);
#3202 = CARTESIAN_POINT('',(-30.49346295315,-12.88039129995,
    8.346882091193));
#3203 = DIRECTION('',(-0.585158955142,-0.21955914676,0.780629731878));
#3204 = DIRECTION('',(0.800154140395,-7.877136993962E-18,0.599794424457)
  );
#3205 = DEFINITIONAL_REPRESENTATION('',(#3206),#3210);
#3206 = LINE('',#3207,#3208);
#3207 = CARTESIAN_POINT('',(0.,0.));
#3208 = VECTOR('',#3209,1.);
#3209 = DIRECTION('',(0.297714279041,-0.954655020442));
#3210 = ( GEOMETRIC_REPRESENTATION_CONTEXT(2) 
PARAMETRIC_REPRESENTATION_CONTEXT() REPRESENTATION_CONTEXT('2D SPACE',''
  ) );
#3211 = ORIENTED_EDGE('',*,*,#3212,.T.);
#3212 = EDGE_CURVE('',#3185,#3021,#3213,.T.);
#3213 = SURFACE_CURVE('',#3214,(#3218,#3225),.PCURVE_S1.);
#3214 = LINE('',#3215,#3216);
#3215 = CARTESIAN_POINT('',(-29.83186893089,-14.57349767874,
    8.366610618388));
#3216 = VECTOR('',#3217,1.);
#3217 = DIRECTION('',(0.884186123496,-0.46702740068,-1.001528984491E-02)
  );
#3218 = PCURVE('',#3115,#3219);
#3219 = DEFINITIONAL_REPRESENTATION('',(#3220),#3224);
#3220 = LINE('',#3221,#3222);
#3221 = CARTESIAN_POINT('',(-5.485376459028,2.897951887228));
#3222 = VECTOR('',#3223,1.);
#3223 = DIRECTION('',(0.884192242018,-0.467123194838));
#3224 = ( GEOMETRIC_REPRESENTATION_CONTEXT(2) 
PARAMETRIC_REPRESENTATION_CONTEXT() REPRESENTATION_CONTEXT('2D SPACE',''
  ) );
#3225 = PCURVE('',#3226,#3231);
#3226 = PLANE('',#3227);
#3227 = AXIS2_PLACEMENT_3D('',#3228,#3229,#3230);
#3228 = CARTESIAN_POINT('',(-24.34653043011,-17.4708552755,
    8.304477484286));
#3229 = DIRECTION('',(2.818495608027E-02,3.193505645039E-02,
    0.999092468403));
#3230 = DIRECTION('',(-8.746620069564E-20,0.999489540399,
    -3.194774848541E-02));
#3231 = DEFINITIONAL_REPRESENTATION('',(#3232),#3236);
#3232 = LINE('',#3233,#3234);
#3233 = CARTESIAN_POINT('',(2.893893599022,5.487518553544));
#3234 = VECTOR('',#3235,1.);
#3235 = DIRECTION('',(-0.466469036099,-0.884537527955));
#3236 = ( GEOMETRIC_REPRESENTATION_CONTEXT(2) 
PARAMETRIC_REPRESENTATION_CONTEXT() REPRESENTATION_CONTEXT('2D SPACE',''
  ) );
#3237 = ADVANCED_FACE('',(#3238),#3200,.T.);
#3238 = FACE_BOUND('',#3239,.T.);
#3239 = EDGE_LOOP('',(#3240,#3268,#3294));
#3240 = ORIENTED_EDGE('',*,*,#3241,.T.);
#3241 = EDGE_CURVE('',#3074,#3242,#3244,.T.);
#3242 = VERTEX_POINT('',#3243);
#3243 = CARTESIAN_POINT('',(-30.20977849994,-13.74101101823,
    8.317474509257));
#3244 = SURFACE_CURVE('',#3245,(#3249,#3256),.PCURVE_S1.);
#3245 = LINE('',#3246,#3247);
#3246 = CARTESIAN_POINT('',(-30.49346295315,-12.88039129995,
    8.346882091193));
#3247 = VECTOR('',#3248,1.);
#3248 = DIRECTION('',(0.312894205436,-0.949233981238,-3.243555252883E-02
    ));
#3249 = PCURVE('',#3200,#3250);
#3250 = DEFINITIONAL_REPRESENTATION('',(#3251),#3255);
#3251 = LINE('',#3252,#3253);
#3252 = CARTESIAN_POINT('',(0.,0.));
#3253 = VECTOR('',#3254,1.);
#3254 = DIRECTION('',(0.230908930424,-0.972975367546));
#3255 = ( GEOMETRIC_REPRESENTATION_CONTEXT(2) 
PARAMETRIC_REPRESENTATION_CONTEXT() REPRESENTATION_CONTEXT('2D SPACE',''
  ) );
#3256 = PCURVE('',#3257,#3262);
#3257 = PLANE('',#3258);
#3258 = AXIS2_PLACEMENT_3D('',#3259,#3260,#3261);
#3259 = CARTESIAN_POINT('',(-30.20977849994,-13.74101101823,
    8.317474509257));
#3260 = DIRECTION('',(-0.949642263313,-0.313261912166,6.822471363591E-03
    ));
#3261 = DIRECTION('',(0.313269202983,-0.949664365164,1.168604327286E-19)
  );
#3262 = DEFINITIONAL_REPRESENTATION('',(#3263),#3267);
#3263 = LINE('',#3264,#3265);
#3264 = CARTESIAN_POINT('',(-0.906169480959,2.940826636404E-02));
#3265 = VECTOR('',#3266,1.);
#3266 = DIRECTION('',(0.999473804539,-3.243630742967E-02));
#3267 = ( GEOMETRIC_REPRESENTATION_CONTEXT(2) 
PARAMETRIC_REPRESENTATION_CONTEXT() REPRESENTATION_CONTEXT('2D SPACE',''
  ) );
#3268 = ORIENTED_EDGE('',*,*,#3269,.T.);
#3269 = EDGE_CURVE('',#3242,#3185,#3270,.T.);
#3270 = SURFACE_CURVE('',#3271,(#3275,#3282),.PCURVE_S1.);
#3271 = LINE('',#3272,#3273);
#3272 = CARTESIAN_POINT('',(-30.20977849994,-13.74101101823,
    8.317474509257));
#3273 = VECTOR('',#3274,1.);
#3274 = DIRECTION('',(0.412759873707,-0.909257444083,5.366737404957E-02)
  );
#3275 = PCURVE('',#3200,#3276);
#3276 = DEFINITIONAL_REPRESENTATION('',(#3277),#3281);
#3277 = LINE('',#3278,#3279);
#3278 = CARTESIAN_POINT('',(0.209352786117,-0.882144764365));
#3279 = VECTOR('',#3280,1.);
#3280 = DIRECTION('',(0.362460913666,-0.93199897321));
#3281 = ( GEOMETRIC_REPRESENTATION_CONTEXT(2) 
PARAMETRIC_REPRESENTATION_CONTEXT() REPRESENTATION_CONTEXT('2D SPACE',''
  ) );
#3282 = PCURVE('',#3283,#3288);
#3283 = PLANE('',#3284);
#3284 = AXIS2_PLACEMENT_3D('',#3285,#3286,#3287);
#3285 = CARTESIAN_POINT('',(-29.83186893089,-14.57349767874,
    8.366610618388));
#3286 = DIRECTION('',(-0.910615632835,-0.413248697655,2.164052309833E-03
    ));
#3287 = DIRECTION('',(0.413249665306,-0.910617765105,2.337177467494E-20)
  );
#3288 = DEFINITIONAL_REPRESENTATION('',(#3289),#3293);
#3289 = LINE('',#3290,#3291);
#3290 = CARTESIAN_POINT('',(-0.914248145198,-4.913622418666E-02));
#3291 = VECTOR('',#3292,1.);
#3292 = DIRECTION('',(0.998558861297,5.366749971545E-02));
#3293 = ( GEOMETRIC_REPRESENTATION_CONTEXT(2) 
PARAMETRIC_REPRESENTATION_CONTEXT() REPRESENTATION_CONTEXT('2D SPACE',''
  ) );
#3294 = ORIENTED_EDGE('',*,*,#3184,.F.);
#3295 = ADVANCED_FACE('',(#3296),#3226,.T.);
#3296 = FACE_BOUND('',#3297,.T.);
#3297 = EDGE_LOOP('',(#3298,#3299,#3327));
#3298 = ORIENTED_EDGE('',*,*,#3212,.F.);
#3299 = ORIENTED_EDGE('',*,*,#3300,.T.);
#3300 = EDGE_CURVE('',#3185,#3301,#3303,.T.);
#3301 = VERTEX_POINT('',#3302);
#3302 = CARTESIAN_POINT('',(-26.99127389675,-16.8946409044,
    8.360669019862));
#3303 = SURFACE_CURVE('',#3304,(#3308,#3315),.PCURVE_S1.);
#3304 = LINE('',#3305,#3306);
#3305 = CARTESIAN_POINT('',(-29.83186893089,-14.57349767874,
    8.366610618388));
#3306 = VECTOR('',#3307,1.);
#3307 = DIRECTION('',(0.774354263992,-0.632750227515,-1.619696612362E-03
    ));
#3308 = PCURVE('',#3226,#3309);
#3309 = DEFINITIONAL_REPRESENTATION('',(#3310),#3314);
#3310 = LINE('',#3311,#3312);
#3311 = CARTESIAN_POINT('',(2.893893599022,5.487518553544));
#3312 = VECTOR('',#3313,1.);
#3313 = DIRECTION('',(-0.632375488426,-0.774662017681));
#3314 = ( GEOMETRIC_REPRESENTATION_CONTEXT(2) 
PARAMETRIC_REPRESENTATION_CONTEXT() REPRESENTATION_CONTEXT('2D SPACE',''
  ) );
#3315 = PCURVE('',#3316,#3321);
#3316 = PLANE('',#3317);
#3317 = AXIS2_PLACEMENT_3D('',#3318,#3319,#3320);
#3318 = CARTESIAN_POINT('',(-26.99127389675,-16.8946409044,
    8.360669019862));
#3319 = DIRECTION('',(0.106236474649,0.12748700076,0.986134309357));
#3320 = DIRECTION('',(-1.813975661364E-18,0.991746710126,-0.128212569411
    ));
#3321 = DEFINITIONAL_REPRESENTATION('',(#3322),#3326);
#3322 = LINE('',#3323,#3324);
#3323 = CARTESIAN_POINT('',(2.301224370167,2.856761754635));
#3324 = VECTOR('',#3325,1.);
#3325 = DIRECTION('',(-0.627320291005,-0.778761357859));
#3326 = ( GEOMETRIC_REPRESENTATION_CONTEXT(2) 
PARAMETRIC_REPRESENTATION_CONTEXT() REPRESENTATION_CONTEXT('2D SPACE',''
  ) );
#3327 = ORIENTED_EDGE('',*,*,#3328,.T.);
#3328 = EDGE_CURVE('',#3301,#3021,#3329,.T.);
#3329 = SURFACE_CURVE('',#3330,(#3334,#3341),.PCURVE_S1.);
#3330 = LINE('',#3331,#3332);
#3331 = CARTESIAN_POINT('',(-26.99127389675,-16.8946409044,
    8.360669019862));
#3332 = VECTOR('',#3333,1.);
#3333 = DIRECTION('',(0.976868383797,-0.212831833606,-2.075503171995E-02
    ));
#3334 = PCURVE('',#3226,#3335);
#3335 = DEFINITIONAL_REPRESENTATION('',(#3336),#3340);
#3336 = LINE('',#3337,#3338);
#3337 = CARTESIAN_POINT('',(0.574125043901,2.645794574114));
#3338 = VECTOR('',#3339,1.);
#3339 = DIRECTION('',(-0.21206011502,-0.977256623215));
#3340 = ( GEOMETRIC_REPRESENTATION_CONTEXT(2) 
PARAMETRIC_REPRESENTATION_CONTEXT() REPRESENTATION_CONTEXT('2D SPACE',''
  ) );
#3341 = PCURVE('',#3342,#3347);
#3342 = PLANE('',#3343);
#3343 = AXIS2_PLACEMENT_3D('',#3344,#3345,#3346);
#3344 = CARTESIAN_POINT('',(-24.34653043011,-17.4708552755,
    8.304477484286));
#3345 = DIRECTION('',(5.429351334199E-02,0.152974518583,0.986737559371)
  );
#3346 = DIRECTION('',(-1.57810231515E-18,0.988195127993,-0.153200486325)
  );
#3347 = DEFINITIONAL_REPRESENTATION('',(#3348),#3352);
#3348 = LINE('',#3349,#3350);
#3349 = CARTESIAN_POINT('',(0.560803663628,2.648650174204));
#3350 = VECTOR('',#3351,1.);
#3351 = DIRECTION('',(-0.207139700098,-0.978311374074));
#3352 = ( GEOMETRIC_REPRESENTATION_CONTEXT(2) 
PARAMETRIC_REPRESENTATION_CONTEXT() REPRESENTATION_CONTEXT('2D SPACE',''
  ) );
#3353 = ADVANCED_FACE('',(#3354),#3316,.T.);
#3354 = FACE_BOUND('',#3355,.T.);
#3355 = EDGE_LOOP('',(#3356,#3357,#3385));
#3356 = ORIENTED_EDGE('',*,*,#3300,.F.);
#3357 = ORIENTED_EDGE('',*,*,#3358,.T.);
#3358 = EDGE_CURVE('',#3185,#3359,#3361,.T.);
#3359 = VERTEX_POINT('',#3360);
#3360 = CARTESIAN_POINT('',(-28.58656152887,-15.91766668805,
    8.406226933222));
#3361 = SURFACE_CURVE('',#3362,(#3366,#3373),.PCURVE_S1.);
#3362 = LINE('',#3363,#3364);
#3363 = CARTESIAN_POINT('',(-29.83186893089,-14.57349767874,
    8.366610618388));
#3364 = VECTOR('',#3365,1.);
#3365 = DIRECTION('',(0.679456802846,-0.733397052069,2.161520486745E-02)
  );
#3366 = PCURVE('',#3316,#3367);
#3367 = DEFINITIONAL_REPRESENTATION('',(#3368),#3372);
#3368 = LINE('',#3369,#3370);
#3369 = CARTESIAN_POINT('',(2.301224370167,2.856761754635));
#3370 = VECTOR('',#3371,1.);
#3371 = DIRECTION('',(-0.73011545456,-0.68332380539));
#3372 = ( GEOMETRIC_REPRESENTATION_CONTEXT(2) 
PARAMETRIC_REPRESENTATION_CONTEXT() REPRESENTATION_CONTEXT('2D SPACE',''
  ) );
#3373 = PCURVE('',#3374,#3379);
#3374 = PLANE('',#3375);
#3375 = AXIS2_PLACEMENT_3D('',#3376,#3377,#3378);
#3376 = CARTESIAN_POINT('',(-29.83186893089,-14.57349767874,
    8.366610618388));
#3377 = DIRECTION('',(-0.248244949332,-0.25750980511,-0.933843212431));
#3378 = DIRECTION('',(-5.050918213193E-18,-0.964019636831,0.265831036193
    ));
#3379 = DEFINITIONAL_REPRESENTATION('',(#3380),#3384);
#3380 = LINE('',#3381,#3382);
#3381 = CARTESIAN_POINT('',(0.,0.));
#3382 = VECTOR('',#3383,1.);
#3383 = DIRECTION('',(0.712755152097,-0.701412926285));
#3384 = ( GEOMETRIC_REPRESENTATION_CONTEXT(2) 
PARAMETRIC_REPRESENTATION_CONTEXT() REPRESENTATION_CONTEXT('2D SPACE',''
  ) );
#3385 = ORIENTED_EDGE('',*,*,#3386,.T.);
#3386 = EDGE_CURVE('',#3359,#3301,#3387,.T.);
#3387 = SURFACE_CURVE('',#3388,(#3392,#3399),.PCURVE_S1.);
#3388 = LINE('',#3389,#3390);
#3389 = CARTESIAN_POINT('',(-28.58656152887,-15.91766668805,
    8.406226933222));
#3390 = VECTOR('',#3391,1.);
#3391 = DIRECTION('',(0.852534834118,-0.522103058217,-2.434652367827E-02
    ));
#3392 = PCURVE('',#3316,#3393);
#3393 = DEFINITIONAL_REPRESENTATION('',(#3394),#3398);
#3394 = LINE('',#3395,#3396);
#3395 = CARTESIAN_POINT('',(0.963069867809,1.604366916203));
#3396 = VECTOR('',#3397,1.);
#3397 = DIRECTION('',(-0.514672459977,-0.857386878219));
#3398 = ( GEOMETRIC_REPRESENTATION_CONTEXT(2) 
PARAMETRIC_REPRESENTATION_CONTEXT() REPRESENTATION_CONTEXT('2D SPACE',''
  ) );
#3399 = PCURVE('',#3400,#3405);
#3400 = PLANE('',#3401);
#3401 = AXIS2_PLACEMENT_3D('',#3402,#3403,#3404);
#3402 = CARTESIAN_POINT('',(-26.99127389675,-16.8946409044,
    8.360669019862));
#3403 = DIRECTION('',(-0.37156430538,-0.638166036159,0.674302659983));
#3404 = DIRECTION('',(5.559663360363E-18,0.726300534008,0.687377286721)
  );
#3405 = DEFINITIONAL_REPRESENTATION('',(#3406),#3410);
#3406 = LINE('',#3407,#3408);
#3407 = CARTESIAN_POINT('',(0.740892369917,1.718305929771));
#3408 = VECTOR('',#3409,1.);
#3409 = DIRECTION('',(-0.395938977377,-0.91827682438));
#3410 = ( GEOMETRIC_REPRESENTATION_CONTEXT(2) 
PARAMETRIC_REPRESENTATION_CONTEXT() REPRESENTATION_CONTEXT('2D SPACE',''
  ) );
#3411 = ADVANCED_FACE('',(#3412),#3374,.T.);
#3412 = FACE_BOUND('',#3413,.T.);
#3413 = EDGE_LOOP('',(#3414,#3442,#3468));
#3414 = ORIENTED_EDGE('',*,*,#3415,.T.);
#3415 = EDGE_CURVE('',#3185,#3416,#3418,.T.);
#3416 = VERTEX_POINT('',#3417);
#3417 = CARTESIAN_POINT('',(-29.20772409224,-15.23866805482,
    8.384115794682));
#3418 = SURFACE_CURVE('',#3419,(#3423,#3430),.PCURVE_S1.);
#3419 = LINE('',#3420,#3421);
#3420 = CARTESIAN_POINT('',(-29.83186893089,-14.57349767874,
    8.366610618388));
#3421 = VECTOR('',#3422,1.);
#3422 = DIRECTION('',(0.684134614291,-0.729103327465,1.918768896221E-02)
  );
#3423 = PCURVE('',#3374,#3424);
#3424 = DEFINITIONAL_REPRESENTATION('',(#3425),#3429);
#3425 = LINE('',#3426,#3427);
#3426 = CARTESIAN_POINT('',(0.,0.));
#3427 = VECTOR('',#3428,1.);
#3428 = DIRECTION('',(0.707970608194,-0.706241897605));
#3429 = ( GEOMETRIC_REPRESENTATION_CONTEXT(2) 
PARAMETRIC_REPRESENTATION_CONTEXT() REPRESENTATION_CONTEXT('2D SPACE',''
  ) );
#3430 = PCURVE('',#3431,#3436);
#3431 = PLANE('',#3432);
#3432 = AXIS2_PLACEMENT_3D('',#3433,#3434,#3435);
#3433 = CARTESIAN_POINT('',(-29.20772409224,-15.23866805482,
    8.384115794682));
#3434 = DIRECTION('',(-0.728972424161,-0.684391213869,
    -1.441773880406E-02));
#3435 = DIRECTION('',(0.68446235757,-0.729048202158,-8.190345020212E-19)
  );
#3436 = DEFINITIONAL_REPRESENTATION('',(#3437),#3441);
#3437 = LINE('',#3438,#3439);
#3438 = CARTESIAN_POINT('',(-0.912144914539,-1.750699598772E-02));
#3439 = VECTOR('',#3440,1.);
#3440 = DIRECTION('',(0.999815861069,1.918968355707E-02));
#3441 = ( GEOMETRIC_REPRESENTATION_CONTEXT(2) 
PARAMETRIC_REPRESENTATION_CONTEXT() REPRESENTATION_CONTEXT('2D SPACE',''
  ) );
#3442 = ORIENTED_EDGE('',*,*,#3443,.T.);
#3443 = EDGE_CURVE('',#3416,#3359,#3444,.T.);
#3444 = SURFACE_CURVE('',#3445,(#3449,#3456),.PCURVE_S1.);
#3445 = LINE('',#3446,#3447);
#3446 = CARTESIAN_POINT('',(-29.20772409224,-15.23866805482,
    8.384115794682));
#3447 = VECTOR('',#3448,1.);
#3448 = DIRECTION('',(0.674789756256,-0.737619021562,2.402007246794E-02)
  );
#3449 = PCURVE('',#3374,#3450);
#3450 = DEFINITIONAL_REPRESENTATION('',(#3451),#3455);
#3451 = LINE('',#3452,#3453);
#3452 = CARTESIAN_POINT('',(0.645890723535,-0.644313598552));
#3453 = VECTOR('',#3454,1.);
#3454 = DIRECTION('',(0.71746450204,-0.696595067678));
#3455 = ( GEOMETRIC_REPRESENTATION_CONTEXT(2) 
PARAMETRIC_REPRESENTATION_CONTEXT() REPRESENTATION_CONTEXT('2D SPACE',''
  ) );
#3456 = PCURVE('',#3457,#3462);
#3457 = PLANE('',#3458);
#3458 = AXIS2_PLACEMENT_3D('',#3459,#3460,#3461);
#3459 = CARTESIAN_POINT('',(-28.58656152887,-15.91766668805,
    8.406226933222));
#3460 = DIRECTION('',(-0.737783858422,-0.675031271408,-2.78583442731E-03
    ));
#3461 = DIRECTION('',(0.675033890839,-0.737786721362,-9.815168863771E-21
    ));
#3462 = DEFINITIONAL_REPRESENTATION('',(#3463),#3467);
#3463 = LINE('',#3464,#3465);
#3464 = CARTESIAN_POINT('',(-0.920261957413,-2.211122434193E-02));
#3465 = VECTOR('',#3466,1.);
#3466 = DIRECTION('',(0.999711474197,2.402016567685E-02));
#3467 = ( GEOMETRIC_REPRESENTATION_CONTEXT(2) 
PARAMETRIC_REPRESENTATION_CONTEXT() REPRESENTATION_CONTEXT('2D SPACE',''
  ) );
#3468 = ORIENTED_EDGE('',*,*,#3358,.F.);
#3469 = ADVANCED_FACE('',(#3470),#3400,.T.);
#3470 = FACE_BOUND('',#3471,.T.);
#3471 = EDGE_LOOP('',(#3472,#3473,#3501));
#3472 = ORIENTED_EDGE('',*,*,#3386,.F.);
#3473 = ORIENTED_EDGE('',*,*,#3474,.T.);
#3474 = EDGE_CURVE('',#3359,#3475,#3477,.T.);
#3475 = VERTEX_POINT('',#3476);
#3476 = CARTESIAN_POINT('',(-27.82799613376,-16.44044995458,
    8.329456213004));
#3477 = SURFACE_CURVE('',#3478,(#3482,#3489),.PCURVE_S1.);
#3478 = LINE('',#3479,#3480);
#3479 = CARTESIAN_POINT('',(-28.58656152887,-15.91766668805,
    8.406226933222));
#3480 = VECTOR('',#3481,1.);
#3481 = DIRECTION('',(0.820553919558,-0.565504122908,-8.30442777752E-02)
  );
#3482 = PCURVE('',#3400,#3483);
#3483 = DEFINITIONAL_REPRESENTATION('',(#3484),#3488);
#3484 = LINE('',#3485,#3486);
#3485 = CARTESIAN_POINT('',(0.740892369917,1.718305929771));
#3486 = VECTOR('',#3487,1.);
#3487 = DIRECTION('',(-0.467808696787,-0.883829747865));
#3488 = ( GEOMETRIC_REPRESENTATION_CONTEXT(2) 
PARAMETRIC_REPRESENTATION_CONTEXT() REPRESENTATION_CONTEXT('2D SPACE',''
  ) );
#3489 = PCURVE('',#3490,#3495);
#3490 = PLANE('',#3491);
#3491 = AXIS2_PLACEMENT_3D('',#3492,#3493,#3494);
#3492 = CARTESIAN_POINT('',(-27.82799613376,-16.44044995458,
    8.329456213004));
#3493 = DIRECTION('',(-0.567085160558,-0.82364144453,5.402918444652E-03)
  );
#3494 = DIRECTION('',(-0.823653466469,0.567093437781,-1.233784868149E-19
    ));
#3495 = DEFINITIONAL_REPRESENTATION('',(#3496),#3500);
#3496 = LINE('',#3497,#3498);
#3497 = CARTESIAN_POINT('',(0.921261977058,-7.677184077001E-02));
#3498 = VECTOR('',#3499,1.);
#3499 = DIRECTION('',(-0.996545757408,8.304548989641E-02));
#3500 = ( GEOMETRIC_REPRESENTATION_CONTEXT(2) 
PARAMETRIC_REPRESENTATION_CONTEXT() REPRESENTATION_CONTEXT('2D SPACE',''
  ) );
#3501 = ORIENTED_EDGE('',*,*,#3502,.T.);
#3502 = EDGE_CURVE('',#3475,#3301,#3503,.T.);
#3503 = SURFACE_CURVE('',#3504,(#3508,#3515),.PCURVE_S1.);
#3504 = LINE('',#3505,#3506);
#3505 = CARTESIAN_POINT('',(-27.82799613376,-16.44044995458,
    8.329456213004));
#3506 = VECTOR('',#3507,1.);
#3507 = DIRECTION('',(0.878394563079,-0.476811590834,3.276733739074E-02)
  );
#3508 = PCURVE('',#3400,#3509);
#3509 = DEFINITIONAL_REPRESENTATION('',(#3510),#3514);
#3510 = LINE('',#3511,#3512);
#3511 = CARTESIAN_POINT('',(0.308424154903,0.901244861728));
#3512 = VECTOR('',#3513,1.);
#3513 = DIRECTION('',(-0.323784989575,-0.946130688925));
#3514 = ( GEOMETRIC_REPRESENTATION_CONTEXT(2) 
PARAMETRIC_REPRESENTATION_CONTEXT() REPRESENTATION_CONTEXT('2D SPACE',''
  ) );
#3515 = PCURVE('',#3516,#3521);
#3516 = PLANE('',#3517);
#3517 = AXIS2_PLACEMENT_3D('',#3518,#3519,#3520);
#3518 = CARTESIAN_POINT('',(-26.99127389675,-16.8946409044,
    8.360669019862));
#3519 = DIRECTION('',(-0.477329563246,-0.878668610636,9.897511496474E-03
    ));
#3520 = DIRECTION('',(-0.87871165131,0.477352944741,-5.885634769831E-19)
  );
#3521 = DEFINITIONAL_REPRESENTATION('',(#3522),#3526);
#3522 = LINE('',#3523,#3524);
#3523 = CARTESIAN_POINT('',(0.952046965942,3.121433578514E-02));
#3524 = VECTOR('',#3525,1.);
#3525 = DIRECTION('',(-0.999462953996,-3.276894246488E-02));
#3526 = ( GEOMETRIC_REPRESENTATION_CONTEXT(2) 
PARAMETRIC_REPRESENTATION_CONTEXT() REPRESENTATION_CONTEXT('2D SPACE',''
  ) );
#3527 = ADVANCED_FACE('',(#3528),#3342,.T.);
#3528 = FACE_BOUND('',#3529,.T.);
#3529 = EDGE_LOOP('',(#3530,#3531,#3559));
#3530 = ORIENTED_EDGE('',*,*,#3328,.F.);
#3531 = ORIENTED_EDGE('',*,*,#3532,.T.);
#3532 = EDGE_CURVE('',#3301,#3533,#3535,.T.);
#3533 = VERTEX_POINT('',#3534);
#3534 = CARTESIAN_POINT('',(-25.2553808244,-17.44536387615,
    8.350533445198));
#3535 = SURFACE_CURVE('',#3536,(#3540,#3547),.PCURVE_S1.);
#3536 = LINE('',#3537,#3538);
#3537 = CARTESIAN_POINT('',(-26.99127389675,-16.8946409044,
    8.360669019862));
#3538 = VECTOR('',#3539,1.);
#3539 = DIRECTION('',(0.953165578625,-0.302397761933,-5.565366348603E-03
    ));
#3540 = PCURVE('',#3342,#3541);
#3541 = DEFINITIONAL_REPRESENTATION('',(#3542),#3546);
#3542 = LINE('',#3543,#3544);
#3543 = CARTESIAN_POINT('',(0.560803663628,2.648650174204));
#3544 = VECTOR('',#3545,1.);
#3545 = DIRECTION('',(-0.297975378227,-0.954573556082));
#3546 = ( GEOMETRIC_REPRESENTATION_CONTEXT(2) 
PARAMETRIC_REPRESENTATION_CONTEXT() REPRESENTATION_CONTEXT('2D SPACE',''
  ) );
#3547 = PCURVE('',#3548,#3553);
#3548 = PLANE('',#3549);
#3549 = AXIS2_PLACEMENT_3D('',#3550,#3551,#3552);
#3550 = CARTESIAN_POINT('',(-25.2553808244,-17.44536387615,
    8.350533445198));
#3551 = DIRECTION('',(0.173890729212,0.532866901199,0.828139408494));
#3552 = DIRECTION('',(7.410923587313E-18,0.840951341,-0.541110748434));
#3553 = DEFINITIONAL_REPRESENTATION('',(#3554),#3558);
#3554 = LINE('',#3555,#3556);
#3555 = CARTESIAN_POINT('',(0.457646753224,1.762748629097));
#3556 = VECTOR('',#3557,1.);
#3557 = DIRECTION('',(-0.251290323863,-0.96791175896));
#3558 = ( GEOMETRIC_REPRESENTATION_CONTEXT(2) 
PARAMETRIC_REPRESENTATION_CONTEXT() REPRESENTATION_CONTEXT('2D SPACE',''
  ) );
#3559 = ORIENTED_EDGE('',*,*,#3560,.T.);
#3560 = EDGE_CURVE('',#3533,#3021,#3561,.T.);
#3561 = SURFACE_CURVE('',#3562,(#3566,#3573),.PCURVE_S1.);
#3562 = LINE('',#3563,#3564);
#3563 = CARTESIAN_POINT('',(-25.2553808244,-17.44536387615,
    8.350533445198));
#3564 = VECTOR('',#3565,1.);
#3565 = DIRECTION('',(0.998326888333,-2.80010324613E-02,
    -5.059017901639E-02));
#3566 = PCURVE('',#3342,#3567);
#3567 = DEFINITIONAL_REPRESENTATION('',(#3568),#3572);
#3568 = LINE('',#3569,#3570);
#3569 = CARTESIAN_POINT('',(1.813468103411E-02,0.910192911154));
#3570 = VECTOR('',#3571,1.);
#3571 = DIRECTION('',(-1.992004382845E-02,-0.999801576241));
#3572 = ( GEOMETRIC_REPRESENTATION_CONTEXT(2) 
PARAMETRIC_REPRESENTATION_CONTEXT() REPRESENTATION_CONTEXT('2D SPACE',''
  ) );
#3573 = PCURVE('',#3574,#3579);
#3574 = PLANE('',#3575);
#3575 = AXIS2_PLACEMENT_3D('',#3576,#3577,#3578);
#3576 = CARTESIAN_POINT('',(-24.34653043011,-17.4708552755,
    8.304477484286));
#3577 = DIRECTION('',(-2.803183638155E-02,-0.999607025793,
    1.006675372902E-04));
#3578 = DIRECTION('',(-0.999607030858,2.803183652359E-02,
    3.449597558857E-22));
#3579 = DEFINITIONAL_REPRESENTATION('',(#3580),#3584);
#3580 = LINE('',#3581,#3582);
#3581 = CARTESIAN_POINT('',(0.909207814866,-4.605596114497E-02));
#3582 = VECTOR('',#3583,1.);
#3583 = DIRECTION('',(-0.998719497037,5.059017927273E-02));
#3584 = ( GEOMETRIC_REPRESENTATION_CONTEXT(2) 
PARAMETRIC_REPRESENTATION_CONTEXT() REPRESENTATION_CONTEXT('2D SPACE',''
  ) );
#3585 = ADVANCED_FACE('',(#3586),#3548,.T.);
#3586 = FACE_BOUND('',#3587,.T.);
#3587 = EDGE_LOOP('',(#3588,#3589,#3617));
#3588 = ORIENTED_EDGE('',*,*,#3532,.F.);
#3589 = ORIENTED_EDGE('',*,*,#3590,.T.);
#3590 = EDGE_CURVE('',#3301,#3591,#3593,.T.);
#3591 = VERTEX_POINT('',#3592);
#3592 = CARTESIAN_POINT('',(-26.18561807973,-17.22465704993,
    8.403848468798));
#3593 = SURFACE_CURVE('',#3594,(#3598,#3605),.PCURVE_S1.);
#3594 = LINE('',#3595,#3596);
#3595 = CARTESIAN_POINT('',(-26.99127389675,-16.8946409044,
    8.360669019862));
#3596 = VECTOR('',#3597,1.);
#3597 = DIRECTION('',(0.924237912721,-0.378590245449,4.953490425332E-02)
  );
#3598 = PCURVE('',#3548,#3599);
#3599 = DEFINITIONAL_REPRESENTATION('',(#3600),#3604);
#3600 = LINE('',#3601,#3602);
#3601 = CARTESIAN_POINT('',(0.457646753224,1.762748629097));
#3602 = VECTOR('',#3603,1.);
#3603 = DIRECTION('',(-0.345179843714,-0.938536560552));
#3604 = ( GEOMETRIC_REPRESENTATION_CONTEXT(2) 
PARAMETRIC_REPRESENTATION_CONTEXT() REPRESENTATION_CONTEXT('2D SPACE',''
  ) );
#3605 = PCURVE('',#3606,#3611);
#3606 = PLANE('',#3607);
#3607 = AXIS2_PLACEMENT_3D('',#3608,#3609,#3610);
#3608 = CARTESIAN_POINT('',(-26.18561807973,-17.22465704993,
    8.403848468798));
#3609 = DIRECTION('',(-0.379340190646,-0.925235348619,6.369413370459E-03
    ));
#3610 = DIRECTION('',(-0.925254117324,0.379347885687,-2.604230581238E-19
    ));
#3611 = DEFINITIONAL_REPRESENTATION('',(#3612),#3616);
#3612 = LINE('',#3613,#3614);
#3613 = CARTESIAN_POINT('',(0.870627288897,4.318032484568E-02));
#3614 = VECTOR('',#3615,1.);
#3615 = DIRECTION('',(-0.998772343285,-4.953590908523E-02));
#3616 = ( GEOMETRIC_REPRESENTATION_CONTEXT(2) 
PARAMETRIC_REPRESENTATION_CONTEXT() REPRESENTATION_CONTEXT('2D SPACE',''
  ) );
#3617 = ORIENTED_EDGE('',*,*,#3618,.T.);
#3618 = EDGE_CURVE('',#3591,#3533,#3619,.T.);
#3619 = SURFACE_CURVE('',#3620,(#3624,#3631),.PCURVE_S1.);
#3620 = LINE('',#3621,#3622);
#3621 = CARTESIAN_POINT('',(-26.18561807973,-17.22465704993,
    8.403848468798));
#3622 = VECTOR('',#3623,1.);
#3623 = DIRECTION('',(0.971479956097,-0.23049201332,-5.567878139717E-02)
  );
#3624 = PCURVE('',#3548,#3625);
#3625 = DEFINITIONAL_REPRESENTATION('',(#3626),#3630);
#3626 = LINE('',#3627,#3628);
#3627 = CARTESIAN_POINT('',(0.156754369153,0.944628717449));
#3628 = VECTOR('',#3629,1.);
#3629 = DIRECTION('',(-0.163704180617,-0.986509473471));
#3630 = ( GEOMETRIC_REPRESENTATION_CONTEXT(2) 
PARAMETRIC_REPRESENTATION_CONTEXT() REPRESENTATION_CONTEXT('2D SPACE',''
  ) );
#3631 = PCURVE('',#3632,#3637);
#3632 = PLANE('',#3633);
#3633 = AXIS2_PLACEMENT_3D('',#3634,#3635,#3636);
#3634 = CARTESIAN_POINT('',(-25.2553808244,-17.44536387615,
    8.350533445198));
#3635 = DIRECTION('',(-0.230965431092,-0.972959614792,
    -2.134859321886E-03));
#3636 = DIRECTION('',(-0.972961831992,0.230965957421,3.314303247475E-20)
  );
#3637 = DEFINITIONAL_REPRESENTATION('',(#3638),#3642);
#3638 = LINE('',#3639,#3640);
#3639 = CARTESIAN_POINT('',(0.956061107556,-5.331514509596E-02));
#3640 = VECTOR('',#3641,1.);
#3641 = DIRECTION('',(-0.998448726361,5.567890827909E-02));
#3642 = ( GEOMETRIC_REPRESENTATION_CONTEXT(2) 
PARAMETRIC_REPRESENTATION_CONTEXT() REPRESENTATION_CONTEXT('2D SPACE',''
  ) );
#3643 = ADVANCED_FACE('',(#3644),#3004,.T.);
#3644 = FACE_BOUND('',#3645,.T.);
#3645 = EDGE_LOOP('',(#3646,#3647,#3648));
#3646 = ORIENTED_EDGE('',*,*,#2990,.F.);
#3647 = ORIENTED_EDGE('',*,*,#3048,.T.);
#3648 = ORIENTED_EDGE('',*,*,#3649,.F.);
#3649 = EDGE_CURVE('',#2636,#3021,#3650,.T.);
#3650 = SURFACE_CURVE('',#3651,(#3655,#3662),.PCURVE_S1.);
#3651 = LINE('',#3652,#3653);
#3652 = CARTESIAN_POINT('',(-24.38625831735,17.503883503945,8.4181526018
    ));
#3653 = VECTOR('',#3654,1.);
#3654 = DIRECTION('',(1.13589559657E-03,-0.999994072995,
    -3.250187070102E-03));
#3655 = PCURVE('',#3004,#3656);
#3656 = DEFINITIONAL_REPRESENTATION('',(#3657),#3661);
#3657 = LINE('',#3658,#3659);
#3658 = CARTESIAN_POINT('',(0.,0.));
#3659 = VECTOR('',#3660,1.);
#3660 = DIRECTION('',(1.121429838774E-03,-0.999999371197));
#3661 = ( GEOMETRIC_REPRESENTATION_CONTEXT(2) 
PARAMETRIC_REPRESENTATION_CONTEXT() REPRESENTATION_CONTEXT('2D SPACE',''
  ) );
#3662 = PCURVE('',#3663,#3668);
#3663 = PLANE('',#3664);
#3664 = AXIS2_PLACEMENT_3D('',#3665,#3666,#3667);
#3665 = CARTESIAN_POINT('',(24.32783549454,-17.50435063695,
    8.328159063829));
#3666 = DIRECTION('',(-4.887652048503E-04,-3.250743962343E-03,
    0.999994596872));
#3667 = DIRECTION('',(-3.564289292834E-23,0.999994716317,
    3.250744350631E-03));
#3668 = DEFINITIONAL_REPRESENTATION('',(#3669),#3673);
#3669 = LINE('',#3670,#3671);
#3670 = CARTESIAN_POINT('',(35.008341714458,48.714099630587));
#3671 = VECTOR('',#3672,1.);
#3672 = DIRECTION('',(-0.99999935487,-1.135895732247E-03));
#3673 = ( GEOMETRIC_REPRESENTATION_CONTEXT(2) 
PARAMETRIC_REPRESENTATION_CONTEXT() REPRESENTATION_CONTEXT('2D SPACE',''
  ) );
#3674 = ADVANCED_FACE('',(#3675),#3663,.T.);
#3675 = FACE_BOUND('',#3676,.T.);
#3676 = EDGE_LOOP('',(#3677,#3705,#3706));
#3677 = ORIENTED_EDGE('',*,*,#3678,.F.);
#3678 = EDGE_CURVE('',#2636,#3679,#3681,.T.);
#3679 = VERTEX_POINT('',#3680);
#3680 = CARTESIAN_POINT('',(24.32783549454,-17.50435063695,
    8.328159063829));
#3681 = SURFACE_CURVE('',#3682,(#3686,#3693),.PCURVE_S1.);
#3682 = LINE('',#3683,#3684);
#3683 = CARTESIAN_POINT('',(-24.38625831735,17.503883503945,8.4181526018
    ));
#3684 = VECTOR('',#3685,1.);
#3685 = DIRECTION('',(0.812054120828,-0.583580203848,-1.50017413112E-03)
  );
#3686 = PCURVE('',#3663,#3687);
#3687 = DEFINITIONAL_REPRESENTATION('',(#3688),#3692);
#3688 = LINE('',#3689,#3690);
#3689 = CARTESIAN_POINT('',(35.008341714458,48.714099630587));
#3690 = VECTOR('',#3691,1.);
#3691 = DIRECTION('',(-0.583581997078,-0.812054217825));
#3692 = ( GEOMETRIC_REPRESENTATION_CONTEXT(2) 
PARAMETRIC_REPRESENTATION_CONTEXT() REPRESENTATION_CONTEXT('2D SPACE',''
  ) );
#3693 = PCURVE('',#3694,#3699);
#3694 = PLANE('',#3695);
#3695 = AXIS2_PLACEMENT_3D('',#3696,#3697,#3698);
#3696 = CARTESIAN_POINT('',(24.312417842969,17.496458226986,
    8.390631179196));
#3697 = DIRECTION('',(5.648638777527E-04,-1.784624386404E-03,
    0.999998248021));
#3698 = DIRECTION('',(6.816681486281E-23,0.999998407556,
    1.784624671115E-03));
#3699 = DEFINITIONAL_REPRESENTATION('',(#3700),#3704);
#3700 = LINE('',#3701,#3702);
#3701 = CARTESIAN_POINT('',(7.474380544056E-03,48.698683929499));
#3702 = VECTOR('',#3703,1.);
#3703 = DIRECTION('',(-0.583581951777,-0.81205425038));
#3704 = ( GEOMETRIC_REPRESENTATION_CONTEXT(2) 
PARAMETRIC_REPRESENTATION_CONTEXT() REPRESENTATION_CONTEXT('2D SPACE',''
  ) );
#3705 = ORIENTED_EDGE('',*,*,#3649,.T.);
#3706 = ORIENTED_EDGE('',*,*,#3707,.T.);
#3707 = EDGE_CURVE('',#3021,#3679,#3708,.T.);
#3708 = SURFACE_CURVE('',#3709,(#3713,#3720),.PCURVE_S1.);
#3709 = LINE('',#3710,#3711);
#3710 = CARTESIAN_POINT('',(-24.34653043011,-17.4708552755,
    8.304477484286));
#3711 = VECTOR('',#3712,1.);
#3712 = DIRECTION('',(0.999999644867,-6.881517388809E-04,
    4.865306549512E-04));
#3713 = PCURVE('',#3663,#3714);
#3714 = DEFINITIONAL_REPRESENTATION('',(#3715),#3719);
#3715 = LINE('',#3716,#3717);
#3716 = CARTESIAN_POINT('',(3.341820170547E-02,48.674371738603));
#3717 = VECTOR('',#3718,1.);
#3718 = DIRECTION('',(-6.86566516127E-04,-0.999999764313));
#3719 = ( GEOMETRIC_REPRESENTATION_CONTEXT(2) 
PARAMETRIC_REPRESENTATION_CONTEXT() REPRESENTATION_CONTEXT('2D SPACE',''
  ) );
#3720 = PCURVE('',#3721,#3726);
#3721 = PLANE('',#3722);
#3722 = AXIS2_PLACEMENT_3D('',#3723,#3724,#3725);
#3723 = CARTESIAN_POINT('',(24.32783549454,-17.50435063695,
    8.328159063829));
#3724 = DIRECTION('',(-6.880998314469E-04,-0.999999757551,
    -1.068482701275E-04));
#3725 = DIRECTION('',(-0.999999763259,6.880998353748E-04,
    4.966520762568E-24));
#3726 = DEFINITIONAL_REPRESENTATION('',(#3727),#3731);
#3727 = LINE('',#3728,#3729);
#3728 = CARTESIAN_POINT('',(48.674377449606,2.368157967794E-02));
#3729 = VECTOR('',#3730,1.);
#3730 = DIRECTION('',(-0.999999881644,-4.865306577284E-04));
#3731 = ( GEOMETRIC_REPRESENTATION_CONTEXT(2) 
PARAMETRIC_REPRESENTATION_CONTEXT() REPRESENTATION_CONTEXT('2D SPACE',''
  ) );
#3732 = ADVANCED_FACE('',(#3733),#3694,.T.);
#3733 = FACE_BOUND('',#3734,.T.);
#3734 = EDGE_LOOP('',(#3735,#3763,#3764));
#3735 = ORIENTED_EDGE('',*,*,#3736,.F.);
#3736 = EDGE_CURVE('',#2636,#3737,#3739,.T.);
#3737 = VERTEX_POINT('',#3738);
#3738 = CARTESIAN_POINT('',(24.312417842969,17.496458226986,
    8.390631179196));
#3739 = SURFACE_CURVE('',#3740,(#3744,#3751),.PCURVE_S1.);
#3740 = LINE('',#3741,#3742);
#3741 = CARTESIAN_POINT('',(-24.38625831735,17.503883503945,8.4181526018
    ));
#3742 = VECTOR('',#3743,1.);
#3743 = DIRECTION('',(0.999999828686,-1.524738714073E-04,
    -5.651368796809E-04));
#3744 = PCURVE('',#3694,#3745);
#3745 = DEFINITIONAL_REPRESENTATION('',(#3746),#3750);
#3746 = LINE('',#3747,#3748);
#3747 = CARTESIAN_POINT('',(7.474380544056E-03,48.698683929499));
#3748 = VECTOR('',#3749,1.);
#3749 = DIRECTION('',(-1.534821858192E-04,-0.999999988222));
#3750 = ( GEOMETRIC_REPRESENTATION_CONTEXT(2) 
PARAMETRIC_REPRESENTATION_CONTEXT() REPRESENTATION_CONTEXT('2D SPACE',''
  ) );
#3751 = PCURVE('',#3752,#3757);
#3752 = PLANE('',#3753);
#3753 = AXIS2_PLACEMENT_3D('',#3754,#3755,#3756);
#3754 = CARTESIAN_POINT('',(24.312417842969,17.496458226986,
    8.390631179196));
#3755 = DIRECTION('',(1.498750018441E-04,0.999989427803,
    -4.59584810067E-03));
#3756 = DIRECTION('',(4.969516955079E-23,4.595848152287E-03,
    0.999989439034));
#3757 = DEFINITIONAL_REPRESENTATION('',(#3758),#3762);
#3758 = LINE('',#3759,#3760);
#3759 = CARTESIAN_POINT('',(2.755525739722E-02,-48.69867670727));
#3760 = VECTOR('',#3761,1.);
#3761 = DIRECTION('',(-5.658316580497E-04,0.999999839917));
#3762 = ( GEOMETRIC_REPRESENTATION_CONTEXT(2) 
PARAMETRIC_REPRESENTATION_CONTEXT() REPRESENTATION_CONTEXT('2D SPACE',''
  ) );
#3763 = ORIENTED_EDGE('',*,*,#3678,.T.);
#3764 = ORIENTED_EDGE('',*,*,#3765,.F.);
#3765 = EDGE_CURVE('',#3737,#3679,#3766,.T.);
#3766 = SURFACE_CURVE('',#3767,(#3771,#3778),.PCURVE_S1.);
#3767 = LINE('',#3768,#3769);
#3768 = CARTESIAN_POINT('',(24.312417842969,17.496458226986,
    8.390631179196));
#3769 = VECTOR('',#3770,1.);
#3770 = DIRECTION('',(4.404934062086E-04,-0.999998310095,
    -1.784873316433E-03));
#3771 = PCURVE('',#3694,#3772);
#3772 = DEFINITIONAL_REPRESENTATION('',(#3773),#3777);
#3773 = LINE('',#3774,#3775);
#3774 = CARTESIAN_POINT('',(0.,0.));
#3775 = VECTOR('',#3776,1.);
#3776 = DIRECTION('',(-0.999999902983,-4.40493476483E-04));
#3777 = ( GEOMETRIC_REPRESENTATION_CONTEXT(2) 
PARAMETRIC_REPRESENTATION_CONTEXT() REPRESENTATION_CONTEXT('2D SPACE',''
  ) );
#3778 = PCURVE('',#3779,#3784);
#3779 = PLANE('',#3780);
#3780 = AXIS2_PLACEMENT_3D('',#3781,#3782,#3783);
#3781 = CARTESIAN_POINT('',(24.312417842969,17.496458226986,
    8.390631179196));
#3782 = DIRECTION('',(8.43335167339E-03,-1.781095186839E-03,
    0.99996285245));
#3783 = DIRECTION('',(0.999964438545,-1.087792571172E-21,
    -8.433365049983E-03));
#3784 = DEFINITIONAL_REPRESENTATION('',(#3785),#3789);
#3785 = LINE('',#3786,#3787);
#3786 = CARTESIAN_POINT('',(0.,0.));
#3787 = VECTOR('',#3788,1.);
#3788 = DIRECTION('',(4.555302298675E-04,-0.999999896246));
#3789 = ( GEOMETRIC_REPRESENTATION_CONTEXT(2) 
PARAMETRIC_REPRESENTATION_CONTEXT() REPRESENTATION_CONTEXT('2D SPACE',''
  ) );
#3790 = ADVANCED_FACE('',(#3791),#3779,.T.);
#3791 = FACE_BOUND('',#3792,.T.);
#3792 = EDGE_LOOP('',(#3793,#3794,#3822));
#3793 = ORIENTED_EDGE('',*,*,#3765,.T.);
#3794 = ORIENTED_EDGE('',*,*,#3795,.T.);
#3795 = EDGE_CURVE('',#3679,#3796,#3798,.T.);
#3796 = VERTEX_POINT('',#3797);
#3797 = CARTESIAN_POINT('',(30.735758586389,11.072742602638,
    8.32501720141));
#3798 = SURFACE_CURVE('',#3799,(#3803,#3810),.PCURVE_S1.);
#3799 = LINE('',#3800,#3801);
#3800 = CARTESIAN_POINT('',(24.32783549454,-17.50435063695,
    8.328159063829));
#3801 = VECTOR('',#3802,1.);
#3802 = DIRECTION('',(0.218799644397,0.975769800774,-1.072794367554E-04)
  );
#3803 = PCURVE('',#3779,#3804);
#3804 = DEFINITIONAL_REPRESENTATION('',(#3805),#3809);
#3805 = LINE('',#3806,#3807);
#3806 = CARTESIAN_POINT('',(1.59439534511E-02,-35.0008643806));
#3807 = VECTOR('',#3808,1.);
#3808 = DIRECTION('',(0.218792768289,0.975771348495));
#3809 = ( GEOMETRIC_REPRESENTATION_CONTEXT(2) 
PARAMETRIC_REPRESENTATION_CONTEXT() REPRESENTATION_CONTEXT('2D SPACE',''
  ) );
#3810 = PCURVE('',#3811,#3816);
#3811 = PLANE('',#3812);
#3812 = AXIS2_PLACEMENT_3D('',#3813,#3814,#3815);
#3813 = CARTESIAN_POINT('',(30.735758586389,11.072742602638,
    8.32501720141));
#3814 = DIRECTION('',(-8.529501342261E-03,2.022533566665E-03,
    0.999961577744));
#3815 = DIRECTION('',(0.999963622993,1.871572534273E-21,
    8.529518787883E-03));
#3816 = DEFINITIONAL_REPRESENTATION('',(#3817),#3821);
#3817 = LINE('',#3818,#3819);
#3818 = CARTESIAN_POINT('',(-6.407663192211,-28.57715168909));
#3819 = VECTOR('',#3820,1.);
#3820 = DIRECTION('',(0.218790770078,0.975771796543));
#3821 = ( GEOMETRIC_REPRESENTATION_CONTEXT(2) 
PARAMETRIC_REPRESENTATION_CONTEXT() REPRESENTATION_CONTEXT('2D SPACE',''
  ) );
#3822 = ORIENTED_EDGE('',*,*,#3823,.F.);
#3823 = EDGE_CURVE('',#3737,#3796,#3824,.T.);
#3824 = SURFACE_CURVE('',#3825,(#3829,#3836),.PCURVE_S1.);
#3825 = LINE('',#3826,#3827);
#3826 = CARTESIAN_POINT('',(24.312417842969,17.496458226986,
    8.390631179196));
#3827 = VECTOR('',#3828,1.);
#3828 = DIRECTION('',(0.707067703907,-0.707108970003,-7.222647290636E-03
    ));
#3829 = PCURVE('',#3779,#3830);
#3830 = DEFINITIONAL_REPRESENTATION('',(#3831),#3835);
#3831 = LINE('',#3832,#3833);
#3832 = CARTESIAN_POINT('',(0.,0.));
#3833 = VECTOR('',#3834,1.);
#3834 = DIRECTION('',(0.707103470771,-0.707110091586));
#3835 = ( GEOMETRIC_REPRESENTATION_CONTEXT(2) 
PARAMETRIC_REPRESENTATION_CONTEXT() REPRESENTATION_CONTEXT('2D SPACE',''
  ) );
#3836 = PCURVE('',#3837,#3842);
#3837 = PLANE('',#3838);
#3838 = AXIS2_PLACEMENT_3D('',#3839,#3840,#3841);
#3839 = CARTESIAN_POINT('',(26.191423488965,17.201327878812,
    8.373883042509));
#3840 = DIRECTION('',(8.670439382756E-03,-1.544004629183E-03,
    0.999961219013));
#3841 = DIRECTION('',(0.999962410944,-1.106690862035E-22,
    -8.670449717723E-03));
#3842 = DEFINITIONAL_REPRESENTATION('',(#3843),#3847);
#3843 = LINE('',#3844,#3845);
#3844 = CARTESIAN_POINT('',(-1.879080229826,0.295130699963));
#3845 = VECTOR('',#3846,1.);
#3846 = DIRECTION('',(0.707103749499,-0.707109812861));
#3847 = ( GEOMETRIC_REPRESENTATION_CONTEXT(2) 
PARAMETRIC_REPRESENTATION_CONTEXT() REPRESENTATION_CONTEXT('2D SPACE',''
  ) );
#3848 = ADVANCED_FACE('',(#3849),#3811,.T.);
#3849 = FACE_BOUND('',#3850,.T.);
#3850 = EDGE_LOOP('',(#3851,#3852,#3880));
#3851 = ORIENTED_EDGE('',*,*,#3795,.F.);
#3852 = ORIENTED_EDGE('',*,*,#3853,.T.);
#3853 = EDGE_CURVE('',#3679,#3854,#3856,.T.);
#3854 = VERTEX_POINT('',#3855);
#3855 = CARTESIAN_POINT('',(30.859180166111,-11.03477935964,
    8.370784889682));
#3856 = SURFACE_CURVE('',#3857,(#3861,#3868),.PCURVE_S1.);
#3857 = LINE('',#3858,#3859);
#3858 = CARTESIAN_POINT('',(24.32783549454,-17.50435063695,
    8.328159063829));
#3859 = VECTOR('',#3860,1.);
#3860 = DIRECTION('',(0.71045091745,0.703731479596,4.636649665141E-03));
#3861 = PCURVE('',#3811,#3862);
#3862 = DEFINITIONAL_REPRESENTATION('',(#3863),#3867);
#3863 = LINE('',#3864,#3865);
#3864 = CARTESIAN_POINT('',(-6.407663192211,-28.57715168909));
#3865 = VECTOR('',#3866,1.);
#3866 = DIRECTION('',(0.710464621763,0.703732918957));
#3867 = ( GEOMETRIC_REPRESENTATION_CONTEXT(2) 
PARAMETRIC_REPRESENTATION_CONTEXT() REPRESENTATION_CONTEXT('2D SPACE',''
  ) );
#3868 = PCURVE('',#3869,#3874);
#3869 = PLANE('',#3870);
#3870 = AXIS2_PLACEMENT_3D('',#3871,#3872,#3873);
#3871 = CARTESIAN_POINT('',(30.859180166111,-11.03477935964,
    8.370784889682));
#3872 = DIRECTION('',(-1.413428100328E-02,7.681428752311E-03,
    0.999870600504));
#3873 = DIRECTION('',(0.999900100166,1.142729303485E-20,
    1.413469801375E-02));
#3874 = DEFINITIONAL_REPRESENTATION('',(#3875),#3879);
#3875 = LINE('',#3876,#3877);
#3876 = CARTESIAN_POINT('',(-6.531294694499,-6.469762152172));
#3877 = VECTOR('',#3878,1.);
#3878 = DIRECTION('',(0.710445481164,0.703752242123));
#3879 = ( GEOMETRIC_REPRESENTATION_CONTEXT(2) 
PARAMETRIC_REPRESENTATION_CONTEXT() REPRESENTATION_CONTEXT('2D SPACE',''
  ) );
#3880 = ORIENTED_EDGE('',*,*,#3881,.F.);
#3881 = EDGE_CURVE('',#3796,#3854,#3882,.T.);
#3882 = SURFACE_CURVE('',#3883,(#3887,#3894),.PCURVE_S1.);
#3883 = LINE('',#3884,#3885);
#3884 = CARTESIAN_POINT('',(30.735758586389,11.072742602638,
    8.32501720141));
#3885 = VECTOR('',#3886,1.);
#3886 = DIRECTION('',(5.582687744741E-03,-0.999982273788,
    2.070194798974E-03));
#3887 = PCURVE('',#3811,#3888);
#3888 = DEFINITIONAL_REPRESENTATION('',(#3889),#3893);
#3889 = LINE('',#3890,#3891);
#3890 = CARTESIAN_POINT('',(0.,0.));
#3891 = VECTOR('',#3892,1.);
#3892 = DIRECTION('',(5.600142428703E-03,-0.999984319079));
#3893 = ( GEOMETRIC_REPRESENTATION_CONTEXT(2) 
PARAMETRIC_REPRESENTATION_CONTEXT() REPRESENTATION_CONTEXT('2D SPACE',''
  ) );
#3894 = PCURVE('',#3895,#3900);
#3895 = PLANE('',#3896);
#3896 = AXIS2_PLACEMENT_3D('',#3897,#3898,#3899);
#3897 = CARTESIAN_POINT('',(30.859180166111,-11.03477935964,
    8.370784889682));
#3898 = DIRECTION('',(0.99995607778,5.598103216399E-03,
    7.516897705562E-03));
#3899 = DIRECTION('',(-7.517015493456E-03,2.823703283038E-22,
    0.99997174684));
#3900 = DEFINITIONAL_REPRESENTATION('',(#3901),#3905);
#3901 = LINE('',#3902,#3903);
#3902 = CARTESIAN_POINT('',(-4.483863326341E-02,-22.10786838158));
#3903 = VECTOR('',#3904,1.);
#3904 = DIRECTION('',(2.028171159156E-03,0.999997943259));
#3905 = ( GEOMETRIC_REPRESENTATION_CONTEXT(2) 
PARAMETRIC_REPRESENTATION_CONTEXT() REPRESENTATION_CONTEXT('2D SPACE',''
  ) );
#3906 = ADVANCED_FACE('',(#3907),#3869,.T.);
#3907 = FACE_BOUND('',#3908,.T.);
#3908 = EDGE_LOOP('',(#3909,#3910,#3938));
#3909 = ORIENTED_EDGE('',*,*,#3853,.F.);
#3910 = ORIENTED_EDGE('',*,*,#3911,.T.);
#3911 = EDGE_CURVE('',#3679,#3912,#3914,.T.);
#3912 = VERTEX_POINT('',#3913);
#3913 = CARTESIAN_POINT('',(29.766297681761,-14.5144421871,
    8.382068023667));
#3914 = SURFACE_CURVE('',#3915,(#3919,#3926),.PCURVE_S1.);
#3915 = LINE('',#3916,#3917);
#3916 = CARTESIAN_POINT('',(24.32783549454,-17.50435063695,
    8.328159063829));
#3917 = VECTOR('',#3918,1.);
#3918 = DIRECTION('',(0.87626759787,0.481746457915,8.686035337803E-03));
#3919 = PCURVE('',#3869,#3920);
#3920 = DEFINITIONAL_REPRESENTATION('',(#3921),#3925);
#3921 = LINE('',#3922,#3923);
#3922 = CARTESIAN_POINT('',(-6.531294694499,-6.469762152172));
#3923 = VECTOR('',#3924,1.);
#3924 = DIRECTION('',(0.876302833369,0.481760671112));
#3925 = ( GEOMETRIC_REPRESENTATION_CONTEXT(2) 
PARAMETRIC_REPRESENTATION_CONTEXT() REPRESENTATION_CONTEXT('2D SPACE',''
  ) );
#3926 = PCURVE('',#3927,#3932);
#3927 = PLANE('',#3928);
#3928 = AXIS2_PLACEMENT_3D('',#3929,#3930,#3931);
#3929 = CARTESIAN_POINT('',(29.766297681761,-14.5144421871,
    8.382068023667));
#3930 = DIRECTION('',(-3.036333893424E-03,-1.250590414215E-02,
    0.99991718809));
#3931 = DIRECTION('',(-5.232961038773E-21,0.999921797402,
    1.250596179053E-02));
#3932 = DEFINITIONAL_REPRESENTATION('',(#3933),#3937);
#3933 = LINE('',#3934,#3935);
#3934 = CARTESIAN_POINT('',(-2.990348814632,5.438487256866));
#3935 = VECTOR('',#3936,1.);
#3936 = DIRECTION('',(0.481817411317,-0.876271637195));
#3937 = ( GEOMETRIC_REPRESENTATION_CONTEXT(2) 
PARAMETRIC_REPRESENTATION_CONTEXT() REPRESENTATION_CONTEXT('2D SPACE',''
  ) );
#3938 = ORIENTED_EDGE('',*,*,#3939,.T.);
#3939 = EDGE_CURVE('',#3912,#3854,#3940,.T.);
#3940 = SURFACE_CURVE('',#3941,(#3945,#3952),.PCURVE_S1.);
#3941 = LINE('',#3942,#3943);
#3942 = CARTESIAN_POINT('',(29.766297681761,-14.5144421871,
    8.382068023667));
#3943 = VECTOR('',#3944,1.);
#3944 = DIRECTION('',(0.299644039369,0.954046057278,-3.09358407022E-03)
  );
#3945 = PCURVE('',#3869,#3946);
#3946 = DEFINITIONAL_REPRESENTATION('',(#3947),#3951);
#3947 = LINE('',#3948,#3949);
#3948 = CARTESIAN_POINT('',(-1.09261382188,-3.47976548962));
#3949 = VECTOR('',#3950,1.);
#3950 = DIRECTION('',(0.299570378103,0.954074204956));
#3951 = ( GEOMETRIC_REPRESENTATION_CONTEXT(2) 
PARAMETRIC_REPRESENTATION_CONTEXT() REPRESENTATION_CONTEXT('2D SPACE',''
  ) );
#3952 = PCURVE('',#3953,#3958);
#3953 = PLANE('',#3954);
#3954 = AXIS2_PLACEMENT_3D('',#3955,#3956,#3957);
#3955 = CARTESIAN_POINT('',(30.859180166111,-11.03477935964,
    8.370784889682));
#3956 = DIRECTION('',(0.282416025494,-8.56022270661E-02,0.955465042409)
  );
#3957 = DIRECTION('',(0.958985100136,-3.794755965472E-18,-0.283456482934
    ));
#3958 = DEFINITIONAL_REPRESENTATION('',(#3959),#3963);
#3959 = LINE('',#3960,#3961);
#3960 = CARTESIAN_POINT('',(-1.051256296167,-3.492482358765));
#3961 = VECTOR('',#3962,1.);
#3962 = DIRECTION('',(0.28823106556,0.957560887279));
#3963 = ( GEOMETRIC_REPRESENTATION_CONTEXT(2) 
PARAMETRIC_REPRESENTATION_CONTEXT() REPRESENTATION_CONTEXT('2D SPACE',''
  ) );
#3964 = ADVANCED_FACE('',(#3965),#3927,.T.);
#3965 = FACE_BOUND('',#3966,.T.);
#3966 = EDGE_LOOP('',(#3967,#3968,#3996));
#3967 = ORIENTED_EDGE('',*,*,#3911,.F.);
#3968 = ORIENTED_EDGE('',*,*,#3969,.T.);
#3969 = EDGE_CURVE('',#3679,#3970,#3972,.T.);
#3970 = VERTEX_POINT('',#3971);
#3971 = CARTESIAN_POINT('',(27.845120264561,-16.44410539631,
    8.352100022732));
#3972 = SURFACE_CURVE('',#3973,(#3977,#3984),.PCURVE_S1.);
#3973 = LINE('',#3974,#3975);
#3974 = CARTESIAN_POINT('',(24.32783549454,-17.50435063695,
    8.328159063829));
#3975 = VECTOR('',#3976,1.);
#3976 = DIRECTION('',(0.957426035942,0.28860512135,6.516872780592E-03));
#3977 = PCURVE('',#3927,#3978);
#3978 = DEFINITIONAL_REPRESENTATION('',(#3979),#3983);
#3979 = LINE('',#3980,#3981);
#3980 = CARTESIAN_POINT('',(-2.990348814632,5.438487256866));
#3981 = VECTOR('',#3982,1.);
#3982 = DIRECTION('',(0.288664051441,-0.957430449383));
#3983 = ( GEOMETRIC_REPRESENTATION_CONTEXT(2) 
PARAMETRIC_REPRESENTATION_CONTEXT() REPRESENTATION_CONTEXT('2D SPACE',''
  ) );
#3984 = PCURVE('',#3985,#3990);
#3985 = PLANE('',#3986);
#3986 = AXIS2_PLACEMENT_3D('',#3987,#3988,#3989);
#3987 = CARTESIAN_POINT('',(27.845120264561,-16.44410539631,
    8.352100022732));
#3988 = DIRECTION('',(-5.16595499614E-02,0.149078953905,0.987474939632)
  );
#3989 = DIRECTION('',(-1.508551156571E-19,0.988795224492,-0.149278277126
    ));
#3990 = DEFINITIONAL_REPRESENTATION('',(#3991),#3995);
#3991 = LINE('',#3992,#3993);
#3992 = CARTESIAN_POINT('',(-1.044791565639,3.521987489701));
#3993 = VECTOR('',#3994,1.);
#3994 = DIRECTION('',(0.284398538214,-0.958706144479));
#3995 = ( GEOMETRIC_REPRESENTATION_CONTEXT(2) 
PARAMETRIC_REPRESENTATION_CONTEXT() REPRESENTATION_CONTEXT('2D SPACE',''
  ) );
#3996 = ORIENTED_EDGE('',*,*,#3997,.T.);
#3997 = EDGE_CURVE('',#3970,#3912,#3998,.T.);
#3998 = SURFACE_CURVE('',#3999,(#4003,#4010),.PCURVE_S1.);
#3999 = LINE('',#4000,#4001);
#4000 = CARTESIAN_POINT('',(27.845120264561,-16.44410539631,
    8.352100022732));
#4001 = VECTOR('',#4002,1.);
#4002 = DIRECTION('',(0.705504147362,0.708620341317,1.100499556097E-02)
  );
#4003 = PCURVE('',#3927,#4004);
#4004 = DEFINITIONAL_REPRESENTATION('',(#4005),#4009);
#4005 = LINE('',#4006,#4007);
#4006 = CARTESIAN_POINT('',(-1.929887083206,1.92118627324));
#4007 = VECTOR('',#4008,1.);
#4008 = DIRECTION('',(0.708702553419,-0.70550739952));
#4009 = ( GEOMETRIC_REPRESENTATION_CONTEXT(2) 
PARAMETRIC_REPRESENTATION_CONTEXT() REPRESENTATION_CONTEXT('2D SPACE',''
  ) );
#4010 = PCURVE('',#4011,#4016);
#4011 = PLANE('',#4012);
#4012 = AXIS2_PLACEMENT_3D('',#4013,#4014,#4015);
#4013 = CARTESIAN_POINT('',(29.766297681761,-14.5144421871,
    8.382068023667));
#4014 = DIRECTION('',(5.405507770622E-03,-2.090828659001E-02,
    0.999766784824));
#4015 = DIRECTION('',(-9.714087988012E-21,0.999781391494,
    2.090859206169E-02));
#4016 = DEFINITIONAL_REPRESENTATION('',(#4017),#4021);
#4017 = LINE('',#4018,#4019);
#4018 = CARTESIAN_POINT('',(-1.929867957123,1.921205485751));
#4019 = VECTOR('',#4020,1.);
#4020 = DIRECTION('',(0.708695529846,-0.705514454832));
#4021 = ( GEOMETRIC_REPRESENTATION_CONTEXT(2) 
PARAMETRIC_REPRESENTATION_CONTEXT() REPRESENTATION_CONTEXT('2D SPACE',''
  ) );
#4022 = ADVANCED_FACE('',(#4023),#3985,.T.);
#4023 = FACE_BOUND('',#4024,.T.);
#4024 = EDGE_LOOP('',(#4025,#4026,#4054));
#4025 = ORIENTED_EDGE('',*,*,#3969,.F.);
#4026 = ORIENTED_EDGE('',*,*,#4027,.T.);
#4027 = EDGE_CURVE('',#3679,#4028,#4030,.T.);
#4028 = VERTEX_POINT('',#4029);
#4029 = CARTESIAN_POINT('',(27.061994976363,-16.89532343502,
    8.379251307455));
#4030 = SURFACE_CURVE('',#4031,(#4035,#4042),.PCURVE_S1.);
#4031 = LINE('',#4032,#4033);
#4032 = CARTESIAN_POINT('',(24.32783549454,-17.50435063695,
    8.328159063829));
#4033 = VECTOR('',#4034,1.);
#4034 = DIRECTION('',(0.975916040363,0.217382862753,1.823658803518E-02)
  );
#4035 = PCURVE('',#3985,#4036);
#4036 = DEFINITIONAL_REPRESENTATION('',(#4037),#4041);
#4037 = LINE('',#4038,#4039);
#4038 = CARTESIAN_POINT('',(-1.044791565639,3.521987489701));
#4039 = VECTOR('',#4040,1.);
#4040 = DIRECTION('',(0.212224810134,-0.977220870614));
#4041 = ( GEOMETRIC_REPRESENTATION_CONTEXT(2) 
PARAMETRIC_REPRESENTATION_CONTEXT() REPRESENTATION_CONTEXT('2D SPACE',''
  ) );
#4042 = PCURVE('',#4043,#4048);
#4043 = PLANE('',#4044);
#4044 = AXIS2_PLACEMENT_3D('',#4045,#4046,#4047);
#4045 = CARTESIAN_POINT('',(27.061994976363,-16.89532343502,
    8.379251307455));
#4046 = DIRECTION('',(-6.106896176493E-02,0.191990921603,0.979494802401)
  );
#4047 = DIRECTION('',(2.749015937405E-18,0.981326399909,-0.192349933303)
  );
#4048 = DEFINITIONAL_REPRESENTATION('',(#4049),#4053);
#4049 = LINE('',#4050,#4051);
#4050 = CARTESIAN_POINT('',(-0.587826881864,2.739272198788));
#4051 = VECTOR('',#4052,1.);
#4052 = DIRECTION('',(0.209815735615,-0.977740945797));
#4053 = ( GEOMETRIC_REPRESENTATION_CONTEXT(2) 
PARAMETRIC_REPRESENTATION_CONTEXT() REPRESENTATION_CONTEXT('2D SPACE',''
  ) );
#4054 = ORIENTED_EDGE('',*,*,#4055,.T.);
#4055 = EDGE_CURVE('',#4028,#3970,#4056,.T.);
#4056 = SURFACE_CURVE('',#4057,(#4061,#4068),.PCURVE_S1.);
#4057 = LINE('',#4058,#4059);
#4058 = CARTESIAN_POINT('',(27.061994976363,-16.89532343502,
    8.379251307455));
#4059 = VECTOR('',#4060,1.);
#4060 = DIRECTION('',(0.86607491742,0.499011628795,-3.002718342554E-02)
  );
#4061 = PCURVE('',#3985,#4062);
#4062 = DEFINITIONAL_REPRESENTATION('',(#4063),#4067);
#4063 = LINE('',#4064,#4065);
#4064 = CARTESIAN_POINT('',(-0.450215338886,0.784172351187));
#4065 = VECTOR('',#4066,1.);
#4066 = DIRECTION('',(0.497902721727,-0.867232886656));
#4067 = ( GEOMETRIC_REPRESENTATION_CONTEXT(2) 
PARAMETRIC_REPRESENTATION_CONTEXT() REPRESENTATION_CONTEXT('2D SPACE',''
  ) );
#4068 = PCURVE('',#4069,#4074);
#4069 = PLANE('',#4070);
#4070 = AXIS2_PLACEMENT_3D('',#4071,#4072,#4073);
#4071 = CARTESIAN_POINT('',(27.061994976363,-16.89532343502,
    8.379251307455));
#4072 = DIRECTION('',(0.499378092784,-0.866365100237,5.747481104209E-03)
  );
#4073 = DIRECTION('',(-0.866379410144,-0.499386341101,2.65576050451E-20)
  );
#4074 = DEFINITIONAL_REPRESENTATION('',(#4075),#4079);
#4075 = LINE('',#4076,#4077);
#4076 = CARTESIAN_POINT('',(0.,0.));
#4077 = VECTOR('',#4078,1.);
#4078 = DIRECTION('',(-0.999549067565,3.00276793899E-02));
#4079 = ( GEOMETRIC_REPRESENTATION_CONTEXT(2) 
PARAMETRIC_REPRESENTATION_CONTEXT() REPRESENTATION_CONTEXT('2D SPACE',''
  ) );
#4080 = ADVANCED_FACE('',(#4081),#4043,.T.);
#4081 = FACE_BOUND('',#4082,.T.);
#4082 = EDGE_LOOP('',(#4083,#4084,#4112));
#4083 = ORIENTED_EDGE('',*,*,#4027,.F.);
#4084 = ORIENTED_EDGE('',*,*,#4085,.T.);
#4085 = EDGE_CURVE('',#3679,#4086,#4088,.T.);
#4086 = VERTEX_POINT('',#4087);
#4087 = CARTESIAN_POINT('',(25.242883302213,-17.35856869313,
    8.356635182094));
#4088 = SURFACE_CURVE('',#4089,(#4093,#4100),.PCURVE_S1.);
#4089 = LINE('',#4090,#4091);
#4090 = CARTESIAN_POINT('',(24.32783549454,-17.50435063695,
    8.328159063829));
#4091 = VECTOR('',#4092,1.);
#4092 = DIRECTION('',(0.987079736257,0.157257797297,3.071773853862E-02)
  );
#4093 = PCURVE('',#4043,#4094);
#4094 = DEFINITIONAL_REPRESENTATION('',(#4095),#4099);
#4095 = LINE('',#4096,#4097);
#4096 = CARTESIAN_POINT('',(-0.587826881864,2.739272198788));
#4097 = VECTOR('',#4098,1.);
#4098 = DIRECTION('',(0.14841267312,-0.988925517143));
#4099 = ( GEOMETRIC_REPRESENTATION_CONTEXT(2) 
PARAMETRIC_REPRESENTATION_CONTEXT() REPRESENTATION_CONTEXT('2D SPACE',''
  ) );
#4100 = PCURVE('',#4101,#4106);
#4101 = PLANE('',#4102);
#4102 = AXIS2_PLACEMENT_3D('',#4103,#4104,#4105);
#4103 = CARTESIAN_POINT('',(24.32783549454,-17.50435063695,
    8.328159063829));
#4104 = DIRECTION('',(0.156903127877,-0.987519675405,1.364914470081E-02)
  );
#4105 = DIRECTION('',(-0.987611675298,-0.15691774538,-7.737055079976E-20
    ));
#4106 = DEFINITIONAL_REPRESENTATION('',(#4107),#4111);
#4107 = LINE('',#4108,#4109);
#4108 = CARTESIAN_POINT('',(-0.,0.));
#4109 = VECTOR('',#4110,1.);
#4110 = DIRECTION('',(-0.999528010972,-3.072060028279E-02));
#4111 = ( GEOMETRIC_REPRESENTATION_CONTEXT(2) 
PARAMETRIC_REPRESENTATION_CONTEXT() REPRESENTATION_CONTEXT('2D SPACE',''
  ) );
#4112 = ORIENTED_EDGE('',*,*,#4113,.T.);
#4113 = EDGE_CURVE('',#4086,#4028,#4114,.T.);
#4114 = SURFACE_CURVE('',#4115,(#4119,#4126),.PCURVE_S1.);
#4115 = LINE('',#4116,#4117);
#4116 = CARTESIAN_POINT('',(25.242883302213,-17.35856869313,
    8.356635182094));
#4117 = VECTOR('',#4118,1.);
#4118 = DIRECTION('',(0.969001546087,0.246760755652,1.204712209407E-02)
  );
#4119 = PCURVE('',#4043,#4120);
#4120 = DEFINITIONAL_REPRESENTATION('',(#4121),#4125);
#4121 = LINE('',#4122,#4123);
#4122 = CARTESIAN_POINT('',(-0.450244591213,1.822513305685));
#4123 = VECTOR('',#4124,1.);
#4124 = DIRECTION('',(0.239835580851,-0.970813521825));
#4125 = ( GEOMETRIC_REPRESENTATION_CONTEXT(2) 
PARAMETRIC_REPRESENTATION_CONTEXT() REPRESENTATION_CONTEXT('2D SPACE',''
  ) );
#4126 = PCURVE('',#4127,#4132);
#4127 = PLANE('',#4128);
#4128 = AXIS2_PLACEMENT_3D('',#4129,#4130,#4131);
#4129 = CARTESIAN_POINT('',(27.061994976363,-16.89532343502,
    8.379251307455));
#4130 = DIRECTION('',(2.248124871776E-02,-0.136632073652,0.990366735056)
  );
#4131 = DIRECTION('',(3.055142495757E-19,0.990617098876,0.136666614117)
  );
#4132 = DEFINITIONAL_REPRESENTATION('',(#4133),#4137);
#4133 = LINE('',#4134,#4135);
#4134 = CARTESIAN_POINT('',(-0.461989542937,1.819571543945));
#4135 = VECTOR('',#4136,1.);
#4136 = DIRECTION('',(0.246091863267,-0.969246508807));
#4137 = ( GEOMETRIC_REPRESENTATION_CONTEXT(2) 
PARAMETRIC_REPRESENTATION_CONTEXT() REPRESENTATION_CONTEXT('2D SPACE',''
  ) );
#4138 = ADVANCED_FACE('',(#4139),#4127,.T.);
#4139 = FACE_BOUND('',#4140,.T.);
#4140 = EDGE_LOOP('',(#4141,#4142,#4170));
#4141 = ORIENTED_EDGE('',*,*,#4113,.F.);
#4142 = ORIENTED_EDGE('',*,*,#4143,.T.);
#4143 = EDGE_CURVE('',#4086,#4144,#4146,.T.);
#4144 = VERTEX_POINT('',#4145);
#4145 = CARTESIAN_POINT('',(26.151658926725,-17.24412637382,
    8.351794632354));
#4146 = SURFACE_CURVE('',#4147,(#4151,#4158),.PCURVE_S1.);
#4147 = LINE('',#4148,#4149);
#4148 = CARTESIAN_POINT('',(25.242883302213,-17.35856869313,
    8.356635182094));
#4149 = VECTOR('',#4150,1.);
#4150 = DIRECTION('',(0.992150014079,0.124941674992,-5.284639423874E-03)
  );
#4151 = PCURVE('',#4127,#4152);
#4152 = DEFINITIONAL_REPRESENTATION('',(#4153),#4157);
#4153 = LINE('',#4154,#4155);
#4154 = CARTESIAN_POINT('',(-0.461989542937,1.819571543945));
#4155 = VECTOR('',#4156,1.);
#4156 = DIRECTION('',(0.123047125832,-0.99240082871));
#4157 = ( GEOMETRIC_REPRESENTATION_CONTEXT(2) 
PARAMETRIC_REPRESENTATION_CONTEXT() REPRESENTATION_CONTEXT('2D SPACE',''
  ) );
#4158 = PCURVE('',#4159,#4164);
#4159 = PLANE('',#4160);
#4160 = AXIS2_PLACEMENT_3D('',#4161,#4162,#4163);
#4161 = CARTESIAN_POINT('',(25.242883302213,-17.35856869313,
    8.356635182094));
#4162 = DIRECTION('',(0.124956335422,-0.992158990182,2.540165042287E-03)
  );
#4163 = DIRECTION('',(-0.99216219112,-0.12495673856,2.40581956589E-20));
#4164 = DEFINITIONAL_REPRESENTATION('',(#4165),#4169);
#4165 = LINE('',#4166,#4167);
#4166 = CARTESIAN_POINT('',(0.,0.));
#4167 = VECTOR('',#4168,1.);
#4168 = DIRECTION('',(-0.999986036105,5.284656473362E-03));
#4169 = ( GEOMETRIC_REPRESENTATION_CONTEXT(2) 
PARAMETRIC_REPRESENTATION_CONTEXT() REPRESENTATION_CONTEXT('2D SPACE',''
  ) );
#4170 = ORIENTED_EDGE('',*,*,#4171,.T.);
#4171 = EDGE_CURVE('',#4144,#4028,#4172,.T.);
#4172 = SURFACE_CURVE('',#4173,(#4177,#4184),.PCURVE_S1.);
#4173 = LINE('',#4174,#4175);
#4174 = CARTESIAN_POINT('',(26.151658926725,-17.24412637382,
    8.351794632354));
#4175 = VECTOR('',#4176,1.);
#4176 = DIRECTION('',(0.933430550032,0.357651791495,2.815322907594E-02)
  );
#4177 = PCURVE('',#4127,#4178);
#4178 = DEFINITIONAL_REPRESENTATION('',(#4179),#4183);
#4179 = LINE('',#4180,#4181);
#4180 = CARTESIAN_POINT('',(-0.349282566133,0.910566181773));
#4181 = VECTOR('',#4182,1.);
#4182 = DIRECTION('',(0.358143586593,-0.933666520436));
#4183 = ( GEOMETRIC_REPRESENTATION_CONTEXT(2) 
PARAMETRIC_REPRESENTATION_CONTEXT() REPRESENTATION_CONTEXT('2D SPACE',''
  ) );
#4184 = PCURVE('',#4185,#4190);
#4185 = PLANE('',#4186);
#4186 = AXIS2_PLACEMENT_3D('',#4187,#4188,#4189);
#4187 = CARTESIAN_POINT('',(26.151658926725,-17.24412637382,
    8.351794632354));
#4188 = DIRECTION('',(0.357574015367,-0.93385119676,7.922489781261E-03)
  );
#4189 = DIRECTION('',(-0.933880505119,-0.357585237613,
    -2.486821173118E-19));
#4190 = DEFINITIONAL_REPRESENTATION('',(#4191),#4195);
#4191 = LINE('',#4192,#4193);
#4192 = CARTESIAN_POINT('',(-0.,0.));
#4193 = VECTOR('',#4194,1.);
#4194 = DIRECTION('',(-0.999603594402,-2.815411264813E-02));
#4195 = ( GEOMETRIC_REPRESENTATION_CONTEXT(2) 
PARAMETRIC_REPRESENTATION_CONTEXT() REPRESENTATION_CONTEXT('2D SPACE',''
  ) );
#4196 = ADVANCED_FACE('',(#4197),#4011,.T.);
#4197 = FACE_BOUND('',#4198,.T.);
#4198 = EDGE_LOOP('',(#4199,#4200,#4228));
#4199 = ORIENTED_EDGE('',*,*,#3997,.F.);
#4200 = ORIENTED_EDGE('',*,*,#4201,.T.);
#4201 = EDGE_CURVE('',#3970,#4202,#4204,.T.);
#4202 = VERTEX_POINT('',#4203);
#4203 = CARTESIAN_POINT('',(28.552028998541,-15.87283236425,
    8.360225057234));
#4204 = SURFACE_CURVE('',#4205,(#4209,#4216),.PCURVE_S1.);
#4205 = LINE('',#4206,#4207);
#4206 = CARTESIAN_POINT('',(27.845120264561,-16.44410539631,
    8.352100022732));
#4207 = VECTOR('',#4208,1.);
#4208 = DIRECTION('',(0.777744277247,0.628517247098,8.939200752153E-03)
  );
#4209 = PCURVE('',#4011,#4210);
#4210 = DEFINITIONAL_REPRESENTATION('',(#4211),#4215);
#4211 = LINE('',#4212,#4213);
#4212 = CARTESIAN_POINT('',(-1.929867957123,1.921205485751));
#4213 = VECTOR('',#4214,1.);
#4214 = DIRECTION('',(0.628566753984,-0.777755640151));
#4215 = ( GEOMETRIC_REPRESENTATION_CONTEXT(2) 
PARAMETRIC_REPRESENTATION_CONTEXT() REPRESENTATION_CONTEXT('2D SPACE',''
  ) );
#4216 = PCURVE('',#4217,#4222);
#4217 = PLANE('',#4218);
#4218 = AXIS2_PLACEMENT_3D('',#4219,#4220,#4221);
#4219 = CARTESIAN_POINT('',(27.845120264561,-16.44410539631,
    8.352100022732));
#4220 = DIRECTION('',(0.628486317928,-0.777795300602,6.278418549047E-03)
  );
#4221 = DIRECTION('',(-0.777810630832,-0.6284987053,-1.157441877267E-19)
  );
#4222 = DEFINITIONAL_REPRESENTATION('',(#4223),#4227);
#4223 = LINE('',#4224,#4225);
#4224 = CARTESIAN_POINT('',(-0.,0.));
#4225 = VECTOR('',#4226,1.);
#4226 = DIRECTION('',(-0.999960042972,-8.939376942481E-03));
#4227 = ( GEOMETRIC_REPRESENTATION_CONTEXT(2) 
PARAMETRIC_REPRESENTATION_CONTEXT() REPRESENTATION_CONTEXT('2D SPACE',''
  ) );
#4228 = ORIENTED_EDGE('',*,*,#4229,.T.);
#4229 = EDGE_CURVE('',#4202,#3912,#4230,.T.);
#4230 = SURFACE_CURVE('',#4231,(#4235,#4242),.PCURVE_S1.);
#4231 = LINE('',#4232,#4233);
#4232 = CARTESIAN_POINT('',(28.552028998541,-15.87283236425,
    8.360225057234));
#4233 = VECTOR('',#4234,1.);
#4234 = DIRECTION('',(0.666401520977,0.745496686722,1.198761547175E-02)
  );
#4235 = PCURVE('',#4011,#4236);
#4236 = DEFINITIONAL_REPRESENTATION('',(#4237),#4241);
#4237 = LINE('',#4238,#4239);
#4238 = CARTESIAN_POINT('',(-1.358549927174,1.214286423779));
#4239 = VECTOR('',#4240,1.);
#4240 = DIRECTION('',(0.745584358967,-0.666411257155));
#4241 = ( GEOMETRIC_REPRESENTATION_CONTEXT(2) 
PARAMETRIC_REPRESENTATION_CONTEXT() REPRESENTATION_CONTEXT('2D SPACE',''
  ) );
#4242 = PCURVE('',#4243,#4248);
#4243 = PLANE('',#4244);
#4244 = AXIS2_PLACEMENT_3D('',#4245,#4246,#4247);
#4245 = CARTESIAN_POINT('',(29.766297681761,-14.5144421871,
    8.382068023667));
#4246 = DIRECTION('',(0.275338764785,-0.261003936647,0.925238082691));
#4247 = DIRECTION('',(0.958460493083,1.71551096048E-18,-0.285225320053)
  );
#4248 = DEFINITIONAL_REPRESENTATION('',(#4249),#4253);
#4249 = LINE('',#4250,#4251);
#4250 = CARTESIAN_POINT('',(-1.157598393762,-1.407165726686));
#4251 = VECTOR('',#4252,1.);
#4252 = DIRECTION('',(0.635300358928,0.772265144848));
#4253 = ( GEOMETRIC_REPRESENTATION_CONTEXT(2) 
PARAMETRIC_REPRESENTATION_CONTEXT() REPRESENTATION_CONTEXT('2D SPACE',''
  ) );
#4254 = ADVANCED_FACE('',(#4255),#4243,.T.);
#4255 = FACE_BOUND('',#4256,.T.);
#4256 = EDGE_LOOP('',(#4257,#4258,#4286));
#4257 = ORIENTED_EDGE('',*,*,#4229,.F.);
#4258 = ORIENTED_EDGE('',*,*,#4259,.T.);
#4259 = EDGE_CURVE('',#4202,#4260,#4262,.T.);
#4260 = VERTEX_POINT('',#4261);
#4261 = CARTESIAN_POINT('',(29.232729583161,-15.24585500355,
    8.334523889857));
#4262 = SURFACE_CURVE('',#4263,(#4267,#4274),.PCURVE_S1.);
#4263 = LINE('',#4264,#4265);
#4264 = CARTESIAN_POINT('',(28.552028998541,-15.87283236425,
    8.360225057234));
#4265 = VECTOR('',#4266,1.);
#4266 = DIRECTION('',(0.73525284895,0.677224173295,-2.776089364713E-02)
  );
#4267 = PCURVE('',#4243,#4268);
#4268 = DEFINITIONAL_REPRESENTATION('',(#4269),#4273);
#4269 = LINE('',#4270,#4271);
#4270 = CARTESIAN_POINT('',(-1.157598393762,-1.407165726686));
#4271 = VECTOR('',#4272,1.);
#4272 = DIRECTION('',(0.71262891792,0.701541178652));
#4273 = ( GEOMETRIC_REPRESENTATION_CONTEXT(2) 
PARAMETRIC_REPRESENTATION_CONTEXT() REPRESENTATION_CONTEXT('2D SPACE',''
  ) );
#4274 = PCURVE('',#4275,#4280);
#4275 = PLANE('',#4276);
#4276 = AXIS2_PLACEMENT_3D('',#4277,#4278,#4279);
#4277 = CARTESIAN_POINT('',(28.552028998541,-15.87283236425,
    8.360225057234));
#4278 = DIRECTION('',(0.677527350456,-0.73549448032,2.135135356609E-03)
  );
#4279 = DIRECTION('',(-0.735496156813,-0.677528894818,
    -1.683453939632E-19));
#4280 = DEFINITIONAL_REPRESENTATION('',(#4281),#4285);
#4281 = LINE('',#4282,#4283);
#4282 = CARTESIAN_POINT('',(-0.,0.));
#4283 = VECTOR('',#4284,1.);
#4284 = DIRECTION('',(-0.999614590365,2.776095692557E-02));
#4285 = ( GEOMETRIC_REPRESENTATION_CONTEXT(2) 
PARAMETRIC_REPRESENTATION_CONTEXT() REPRESENTATION_CONTEXT('2D SPACE',''
  ) );
#4286 = ORIENTED_EDGE('',*,*,#4287,.T.);
#4287 = EDGE_CURVE('',#4260,#3912,#4288,.T.);
#4288 = SURFACE_CURVE('',#4289,(#4293,#4300),.PCURVE_S1.);
#4289 = LINE('',#4290,#4291);
#4290 = CARTESIAN_POINT('',(29.232729583161,-15.24585500355,
    8.334523889857));
#4291 = VECTOR('',#4292,1.);
#4292 = DIRECTION('',(0.588538751236,0.806766346712,5.244235031038E-02)
  );
#4293 = PCURVE('',#4243,#4294);
#4294 = DEFINITIONAL_REPRESENTATION('',(#4295),#4299);
#4295 = LINE('',#4296,#4297);
#4296 = CARTESIAN_POINT('',(-0.497843152095,-0.75767556677));
#4297 = VECTOR('',#4298,1.);
#4298 = DIRECTION('',(0.549133255556,0.835734807007));
#4299 = ( GEOMETRIC_REPRESENTATION_CONTEXT(2) 
PARAMETRIC_REPRESENTATION_CONTEXT() REPRESENTATION_CONTEXT('2D SPACE',''
  ) );
#4300 = PCURVE('',#4301,#4306);
#4301 = PLANE('',#4302);
#4302 = AXIS2_PLACEMENT_3D('',#4303,#4304,#4305);
#4303 = CARTESIAN_POINT('',(29.232729583161,-15.24585500355,
    8.334523889857));
#4304 = DIRECTION('',(0.808041834755,-0.589097327295,-5.721211411359E-03
    ));
#4305 = DIRECTION('',(0.589106968775,0.808055059597,-1.449595451002E-19)
  );
#4306 = DEFINITIONAL_REPRESENTATION('',(#4307),#4311);
#4307 = LINE('',#4308,#4309);
#4308 = CARTESIAN_POINT('',(0.,0.));
#4309 = VECTOR('',#4310,1.);
#4310 = DIRECTION('',(0.998623908121,5.244320860977E-02));
#4311 = ( GEOMETRIC_REPRESENTATION_CONTEXT(2) 
PARAMETRIC_REPRESENTATION_CONTEXT() REPRESENTATION_CONTEXT('2D SPACE',''
  ) );
#4312 = ADVANCED_FACE('',(#4313),#3953,.T.);
#4313 = FACE_BOUND('',#4314,.T.);
#4314 = EDGE_LOOP('',(#4315,#4316,#4344));
#4315 = ORIENTED_EDGE('',*,*,#3939,.F.);
#4316 = ORIENTED_EDGE('',*,*,#4317,.T.);
#4317 = EDGE_CURVE('',#3912,#4318,#4320,.T.);
#4318 = VERTEX_POINT('',#4319);
#4319 = CARTESIAN_POINT('',(30.709286734794,-11.99243523438,
    8.329291829486));
#4320 = SURFACE_CURVE('',#4321,(#4325,#4332),.PCURVE_S1.);
#4321 = LINE('',#4322,#4323);
#4322 = CARTESIAN_POINT('',(29.766297681761,-14.5144421871,
    8.382068023667));
#4323 = VECTOR('',#4324,1.);
#4324 = DIRECTION('',(0.350156184906,0.936486303877,-1.959716366711E-02)
  );
#4325 = PCURVE('',#3953,#4326);
#4326 = DEFINITIONAL_REPRESENTATION('',(#4327),#4331);
#4327 = LINE('',#4328,#4329);
#4328 = CARTESIAN_POINT('',(-1.051256296167,-3.492482358765));
#4329 = VECTOR('',#4330,1.);
#4330 = DIRECTION('',(0.341349507133,0.939936441457));
#4331 = ( GEOMETRIC_REPRESENTATION_CONTEXT(2) 
PARAMETRIC_REPRESENTATION_CONTEXT() REPRESENTATION_CONTEXT('2D SPACE',''
  ) );
#4332 = PCURVE('',#4333,#4338);
#4333 = PLANE('',#4334);
#4334 = AXIS2_PLACEMENT_3D('',#4335,#4336,#4337);
#4335 = CARTESIAN_POINT('',(30.709286734794,-11.99243523438,
    8.329291829486));
#4336 = DIRECTION('',(-0.169908130618,8.407617598108E-02,0.98186680552)
  );
#4337 = DIRECTION('',(0.985355624477,-8.154084430997E-19,0.170511856809)
  );
#4338 = DEFINITIONAL_REPRESENTATION('',(#4339),#4343);
#4339 = LINE('',#4340,#4341);
#4340 = CARTESIAN_POINT('',(-0.92018060036,-2.530968275801));
#4341 = VECTOR('',#4342,1.);
#4342 = DIRECTION('',(0.341686817477,0.939813874532));
#4343 = ( GEOMETRIC_REPRESENTATION_CONTEXT(2) 
PARAMETRIC_REPRESENTATION_CONTEXT() REPRESENTATION_CONTEXT('2D SPACE',''
  ) );
#4344 = ORIENTED_EDGE('',*,*,#4345,.T.);
#4345 = EDGE_CURVE('',#4318,#3854,#4346,.T.);
#4346 = SURFACE_CURVE('',#4347,(#4351,#4358),.PCURVE_S1.);
#4347 = LINE('',#4348,#4349);
#4348 = CARTESIAN_POINT('',(30.709286734794,-11.99243523438,
    8.329291829486));
#4349 = VECTOR('',#4350,1.);
#4350 = DIRECTION('',(0.154496926226,0.987067196531,4.276738616014E-02)
  );
#4351 = PCURVE('',#3953,#4352);
#4352 = DEFINITIONAL_REPRESENTATION('',(#4353),#4357);
#4353 = LINE('',#4354,#4355);
#4354 = CARTESIAN_POINT('',(-0.131984090332,-0.961184003776));
#4355 = VECTOR('',#4356,1.);
#4356 = DIRECTION('',(0.136037557402,0.990703680712));
#4357 = ( GEOMETRIC_REPRESENTATION_CONTEXT(2) 
PARAMETRIC_REPRESENTATION_CONTEXT() REPRESENTATION_CONTEXT('2D SPACE',''
  ) );
#4358 = PCURVE('',#4359,#4364);
#4359 = PLANE('',#4360);
#4360 = AXIS2_PLACEMENT_3D('',#4361,#4362,#4363);
#4361 = CARTESIAN_POINT('',(30.709286734794,-11.99243523438,
    8.329291829486));
#4362 = DIRECTION('',(0.987990071709,-0.154241485486,-9.229428981814E-03
    ));
#4363 = DIRECTION('',(0.154248055233,0.98803215406,1.504388463014E-19));
#4364 = DEFINITIONAL_REPRESENTATION('',(#4365),#4369);
#4365 = LINE('',#4366,#4367);
#4366 = CARTESIAN_POINT('',(0.,0.));
#4367 = VECTOR('',#4368,1.);
#4368 = DIRECTION('',(0.999084978801,4.276920778995E-02));
#4369 = ( GEOMETRIC_REPRESENTATION_CONTEXT(2) 
PARAMETRIC_REPRESENTATION_CONTEXT() REPRESENTATION_CONTEXT('2D SPACE',''
  ) );
#4370 = ADVANCED_FACE('',(#4371),#4333,.T.);
#4371 = FACE_BOUND('',#4372,.T.);
#4372 = EDGE_LOOP('',(#4373,#4374,#4402));
#4373 = ORIENTED_EDGE('',*,*,#4317,.F.);
#4374 = ORIENTED_EDGE('',*,*,#4375,.T.);
#4375 = EDGE_CURVE('',#3912,#4376,#4378,.T.);
#4376 = VERTEX_POINT('',#4377);
#4377 = CARTESIAN_POINT('',(30.555988702465,-12.88124673893,
    8.378872169809));
#4378 = SURFACE_CURVE('',#4379,(#4383,#4390),.PCURVE_S1.);
#4379 = LINE('',#4380,#4381);
#4380 = CARTESIAN_POINT('',(29.766297681761,-14.5144421871,
    8.382068023667));
#4381 = VECTOR('',#4382,1.);
#4382 = DIRECTION('',(0.435307942494,0.900279896308,-1.761677075082E-03)
  );
#4383 = PCURVE('',#4333,#4384);
#4384 = DEFINITIONAL_REPRESENTATION('',(#4385),#4389);
#4385 = LINE('',#4386,#4387);
#4386 = CARTESIAN_POINT('',(-0.92018060036,-2.530968275801));
#4387 = VECTOR('',#4388,1.);
#4388 = DIRECTION('',(0.428632742686,0.903478816518));
#4389 = ( GEOMETRIC_REPRESENTATION_CONTEXT(2) 
PARAMETRIC_REPRESENTATION_CONTEXT() REPRESENTATION_CONTEXT('2D SPACE',''
  ) );
#4390 = PCURVE('',#4391,#4396);
#4391 = PLANE('',#4392);
#4392 = AXIS2_PLACEMENT_3D('',#4393,#4394,#4395);
#4393 = CARTESIAN_POINT('',(30.555988702465,-12.88124673893,
    8.378872169809));
#4394 = DIRECTION('',(0.184720066375,-8.740127574814E-02,0.978897090646)
  );
#4395 = DIRECTION('',(0.982657538027,-9.407306391013E-20,-0.185429671191
    ));
#4396 = DEFINITIONAL_REPRESENTATION('',(#4397),#4401);
#4397 = LINE('',#4398,#4399);
#4398 = CARTESIAN_POINT('',(-0.776588440337,-1.639469392191));
#4399 = VECTOR('',#4400,1.);
#4400 = DIRECTION('',(0.428085298255,0.903738334596));
#4401 = ( GEOMETRIC_REPRESENTATION_CONTEXT(2) 
PARAMETRIC_REPRESENTATION_CONTEXT() REPRESENTATION_CONTEXT('2D SPACE',''
  ) );
#4402 = ORIENTED_EDGE('',*,*,#4403,.T.);
#4403 = EDGE_CURVE('',#4376,#4318,#4404,.T.);
#4404 = SURFACE_CURVE('',#4405,(#4409,#4416),.PCURVE_S1.);
#4405 = LINE('',#4406,#4407);
#4406 = CARTESIAN_POINT('',(30.555988702465,-12.88124673893,
    8.378872169809));
#4407 = VECTOR('',#4408,1.);
#4408 = DIRECTION('',(0.169709557365,0.983964404021,-5.488822969549E-02)
  );
#4409 = PCURVE('',#4333,#4410);
#4410 = DEFINITIONAL_REPRESENTATION('',(#4411),#4415);
#4411 = LINE('',#4412,#4413);
#4412 = CARTESIAN_POINT('',(-0.142599042486,-0.891969674688));
#4413 = VECTOR('',#4414,1.);
#4414 = DIRECTION('',(0.157865172914,0.987460676271));
#4415 = ( GEOMETRIC_REPRESENTATION_CONTEXT(2) 
PARAMETRIC_REPRESENTATION_CONTEXT() REPRESENTATION_CONTEXT('2D SPACE',''
  ) );
#4416 = PCURVE('',#4417,#4422);
#4417 = PLANE('',#4418);
#4418 = AXIS2_PLACEMENT_3D('',#4419,#4420,#4421);
#4419 = CARTESIAN_POINT('',(30.555988702465,-12.88124673893,
    8.378872169809));
#4420 = DIRECTION('',(0.985409935141,-0.170159647591,-3.599174457186E-03
    ));
#4421 = DIRECTION('',(0.17016074973,0.985416317731,6.404022455704E-20));
#4422 = DEFINITIONAL_REPRESENTATION('',(#4423),#4427);
#4423 = LINE('',#4424,#4425);
#4424 = CARTESIAN_POINT('',(0.,0.));
#4425 = VECTOR('',#4426,1.);
#4426 = DIRECTION('',(0.998492485306,-5.488858521156E-02));
#4427 = ( GEOMETRIC_REPRESENTATION_CONTEXT(2) 
PARAMETRIC_REPRESENTATION_CONTEXT() REPRESENTATION_CONTEXT('2D SPACE',''
  ) );
#4428 = ADVANCED_FACE('',(#4429),#4391,.T.);
#4429 = FACE_BOUND('',#4430,.T.);
#4430 = EDGE_LOOP('',(#4431,#4432,#4460));
#4431 = ORIENTED_EDGE('',*,*,#4375,.F.);
#4432 = ORIENTED_EDGE('',*,*,#4433,.T.);
#4433 = EDGE_CURVE('',#3912,#4434,#4436,.T.);
#4434 = VERTEX_POINT('',#4435);
#4435 = CARTESIAN_POINT('',(30.228775203985,-13.76273061829,
    8.361914394974));
#4436 = SURFACE_CURVE('',#4437,(#4441,#4448),.PCURVE_S1.);
#4437 = LINE('',#4438,#4439);
#4438 = CARTESIAN_POINT('',(29.766297681761,-14.5144421871,
    8.382068023667));
#4439 = VECTOR('',#4440,1.);
#4440 = DIRECTION('',(0.523866999459,0.851494105307,-2.282883055794E-02)
  );
#4441 = PCURVE('',#4391,#4442);
#4442 = DEFINITIONAL_REPRESENTATION('',(#4443),#4447);
#4443 = LINE('',#4444,#4445);
#4444 = CARTESIAN_POINT('',(-0.776588440337,-1.639469392191));
#4445 = VECTOR('',#4446,1.);
#4446 = DIRECTION('',(0.519014998486,0.854765132271));
#4447 = ( GEOMETRIC_REPRESENTATION_CONTEXT(2) 
PARAMETRIC_REPRESENTATION_CONTEXT() REPRESENTATION_CONTEXT('2D SPACE',''
  ) );
#4448 = PCURVE('',#4449,#4454);
#4449 = PLANE('',#4450);
#4450 = AXIS2_PLACEMENT_3D('',#4451,#4452,#4453);
#4451 = CARTESIAN_POINT('',(29.766297681761,-14.5144421871,
    8.382068023667));
#4452 = DIRECTION('',(0.851619882406,-0.524119279722,-6.523535447613E-03
    ));
#4453 = DIRECTION('',(0.524130432423,0.851638003971,-2.480054381479E-19)
  );
#4454 = DEFINITIONAL_REPRESENTATION('',(#4455),#4459);
#4455 = LINE('',#4456,#4457);
#4456 = CARTESIAN_POINT('',(0.,0.));
#4457 = VECTOR('',#4458,1.);
#4458 = DIRECTION('',(0.999739377196,-2.282931633117E-02));
#4459 = ( GEOMETRIC_REPRESENTATION_CONTEXT(2) 
PARAMETRIC_REPRESENTATION_CONTEXT() REPRESENTATION_CONTEXT('2D SPACE',''
  ) );
#4460 = ORIENTED_EDGE('',*,*,#4461,.T.);
#4461 = EDGE_CURVE('',#4434,#4376,#4462,.T.);
#4462 = SURFACE_CURVE('',#4463,(#4467,#4474),.PCURVE_S1.);
#4463 = LINE('',#4464,#4465);
#4464 = CARTESIAN_POINT('',(30.228775203985,-13.76273061829,
    8.361914394974));
#4465 = VECTOR('',#4466,1.);
#4466 = DIRECTION('',(0.347947878859,0.937340444381,1.803232999667E-02)
  );
#4467 = PCURVE('',#4391,#4468);
#4468 = DEFINITIONAL_REPRESENTATION('',(#4469),#4473);
#4469 = LINE('',#4470,#4471);
#4470 = CARTESIAN_POINT('',(-0.318394336214,-0.88487011248));
#4471 = VECTOR('',#4472,1.);
#4472 = DIRECTION('',(0.338569876979,0.940941251302));
#4473 = ( GEOMETRIC_REPRESENTATION_CONTEXT(2) 
PARAMETRIC_REPRESENTATION_CONTEXT() REPRESENTATION_CONTEXT('2D SPACE',''
  ) );
#4474 = PCURVE('',#4475,#4480);
#4475 = PLANE('',#4476);
#4476 = AXIS2_PLACEMENT_3D('',#4477,#4478,#4479);
#4477 = CARTESIAN_POINT('',(30.228775203985,-13.76273061829,
    8.361914394974));
#4478 = DIRECTION('',(0.937510062131,-0.34782720804,-9.545509399362E-03)
  );
#4479 = DIRECTION('',(0.347843055565,0.937552776485,-4.797146811136E-19)
  );
#4480 = DEFINITIONAL_REPRESENTATION('',(#4481),#4485);
#4481 = LINE('',#4482,#4483);
#4482 = CARTESIAN_POINT('',(0.,0.));
#4483 = VECTOR('',#4484,1.);
#4484 = DIRECTION('',(0.999837389501,1.803315157646E-02));
#4485 = ( GEOMETRIC_REPRESENTATION_CONTEXT(2) 
PARAMETRIC_REPRESENTATION_CONTEXT() REPRESENTATION_CONTEXT('2D SPACE',''
  ) );
#4486 = ADVANCED_FACE('',(#4487),#3837,.T.);
#4487 = FACE_BOUND('',#4488,.T.);
#4488 = EDGE_LOOP('',(#4489,#4517,#4518));
#4489 = ORIENTED_EDGE('',*,*,#4490,.F.);
#4490 = EDGE_CURVE('',#3737,#4491,#4493,.T.);
#4491 = VERTEX_POINT('',#4492);
#4492 = CARTESIAN_POINT('',(26.191423488965,17.201327878812,
    8.373883042509));
#4493 = SURFACE_CURVE('',#4494,(#4498,#4505),.PCURVE_S1.);
#4494 = LINE('',#4495,#4496);
#4495 = CARTESIAN_POINT('',(24.312417842969,17.496458226986,
    8.390631179196));
#4496 = VECTOR('',#4497,1.);
#4497 = DIRECTION('',(0.987850273841,-0.155158977773,-8.805003565248E-03
    ));
#4498 = PCURVE('',#3837,#4499);
#4499 = DEFINITIONAL_REPRESENTATION('',(#4500),#4504);
#4500 = LINE('',#4501,#4502);
#4501 = CARTESIAN_POINT('',(-1.879080229826,0.295130699963));
#4502 = VECTOR('',#4503,1.);
#4503 = DIRECTION('',(0.987889484823,-0.155159162719));
#4504 = ( GEOMETRIC_REPRESENTATION_CONTEXT(2) 
PARAMETRIC_REPRESENTATION_CONTEXT() REPRESENTATION_CONTEXT('2D SPACE',''
  ) );
#4505 = PCURVE('',#4506,#4511);
#4506 = PLANE('',#4507);
#4507 = AXIS2_PLACEMENT_3D('',#4508,#4509,#4510);
#4508 = CARTESIAN_POINT('',(26.191423488965,17.201327878812,
    8.373883042509));
#4509 = DIRECTION('',(1.542878032308E-02,4.153784517687E-02,
    0.999017797717));
#4510 = DIRECTION('',(-2.946004417228E-20,0.999136725676,
    -4.154279004488E-02));
#4511 = DEFINITIONAL_REPRESENTATION('',(#4512),#4516);
#4512 = LINE('',#4513,#4514);
#4513 = CARTESIAN_POINT('',(0.294179805396,1.879229332008));
#4514 = VECTOR('',#4515,1.);
#4515 = DIRECTION('',(-0.154659248597,-0.987967872364));
#4516 = ( GEOMETRIC_REPRESENTATION_CONTEXT(2) 
PARAMETRIC_REPRESENTATION_CONTEXT() REPRESENTATION_CONTEXT('2D SPACE',''
  ) );
#4517 = ORIENTED_EDGE('',*,*,#3823,.T.);
#4518 = ORIENTED_EDGE('',*,*,#4519,.F.);
#4519 = EDGE_CURVE('',#4491,#3796,#4520,.T.);
#4520 = SURFACE_CURVE('',#4521,(#4525,#4532),.PCURVE_S1.);
#4521 = LINE('',#4522,#4523);
#4522 = CARTESIAN_POINT('',(26.191423488965,17.201327878812,
    8.373883042509));
#4523 = VECTOR('',#4524,1.);
#4524 = DIRECTION('',(0.595608148804,-0.803249596008,-6.404653823504E-03
    ));
#4525 = PCURVE('',#3837,#4526);
#4526 = DEFINITIONAL_REPRESENTATION('',(#4527),#4531);
#4527 = LINE('',#4528,#4529);
#4528 = CARTESIAN_POINT('',(0.,0.));
#4529 = VECTOR('',#4530,1.);
#4530 = DIRECTION('',(0.595641291685,-0.803250553463));
#4531 = ( GEOMETRIC_REPRESENTATION_CONTEXT(2) 
PARAMETRIC_REPRESENTATION_CONTEXT() REPRESENTATION_CONTEXT('2D SPACE',''
  ) );
#4532 = PCURVE('',#4533,#4538);
#4533 = PLANE('',#4534);
#4534 = AXIS2_PLACEMENT_3D('',#4535,#4536,#4537);
#4535 = CARTESIAN_POINT('',(30.205911890969,13.745904982225,
    8.372292286151));
#4536 = DIRECTION('',(-1.786879411652E-02,-2.122003964869E-02,
    0.999615133996));
#4537 = DIRECTION('',(2.988726233943E-20,0.999774757681,
    2.122342817375E-02));
#4538 = DEFINITIONAL_REPRESENTATION('',(#4539),#4543);
#4539 = LINE('',#4540,#4541);
#4540 = CARTESIAN_POINT('',(3.454678350425,4.015129456156));
#4541 = VECTOR('',#4542,1.);
#4542 = DIRECTION('',(-0.803204598917,-0.595703258576));
#4543 = ( GEOMETRIC_REPRESENTATION_CONTEXT(2) 
PARAMETRIC_REPRESENTATION_CONTEXT() REPRESENTATION_CONTEXT('2D SPACE',''
  ) );
#4544 = ADVANCED_FACE('',(#4545),#4506,.T.);
#4545 = FACE_BOUND('',#4546,.T.);
#4546 = EDGE_LOOP('',(#4547,#4575,#4601));
#4547 = ORIENTED_EDGE('',*,*,#4548,.F.);
#4548 = EDGE_CURVE('',#4549,#4491,#4551,.T.);
#4549 = VERTEX_POINT('',#4550);
#4550 = CARTESIAN_POINT('',(25.237040395511,17.403142413365,
    8.380231303988));
#4551 = SURFACE_CURVE('',#4552,(#4556,#4563),.PCURVE_S1.);
#4552 = LINE('',#4553,#4554);
#4553 = CARTESIAN_POINT('',(25.237040395511,17.403142413365,
    8.380231303988));
#4554 = VECTOR('',#4555,1.);
#4555 = DIRECTION('',(0.978344384293,-0.206881406327,-6.50764458296E-03)
  );
#4556 = PCURVE('',#4506,#4557);
#4557 = DEFINITIONAL_REPRESENTATION('',(#4558),#4562);
#4558 = LINE('',#4559,#4560);
#4559 = CARTESIAN_POINT('',(0.201376588753,0.95449670788));
#4560 = VECTOR('',#4561,1.);
#4561 = DIRECTION('',(-0.206432465208,-0.978460851188));
#4562 = ( GEOMETRIC_REPRESENTATION_CONTEXT(2) 
PARAMETRIC_REPRESENTATION_CONTEXT() REPRESENTATION_CONTEXT('2D SPACE',''
  ) );
#4563 = PCURVE('',#4564,#4569);
#4564 = PLANE('',#4565);
#4565 = AXIS2_PLACEMENT_3D('',#4566,#4567,#4568);
#4566 = CARTESIAN_POINT('',(25.237040395511,17.403142413365,
    8.380231303988));
#4567 = DIRECTION('',(0.206913951218,0.978347382988,4.797394354634E-03)
  );
#4568 = DIRECTION('',(0.978358641511,-0.206916332321,9.224353480946E-20)
  );
#4569 = DEFINITIONAL_REPRESENTATION('',(#4570),#4574);
#4570 = LINE('',#4571,#4572);
#4571 = CARTESIAN_POINT('',(0.,0.));
#4572 = VECTOR('',#4573,1.);
#4573 = DIRECTION('',(0.999978824569,6.507719470949E-03));
#4574 = ( GEOMETRIC_REPRESENTATION_CONTEXT(2) 
PARAMETRIC_REPRESENTATION_CONTEXT() REPRESENTATION_CONTEXT('2D SPACE',''
  ) );
#4575 = ORIENTED_EDGE('',*,*,#4576,.F.);
#4576 = EDGE_CURVE('',#3737,#4549,#4577,.T.);
#4577 = SURFACE_CURVE('',#4578,(#4582,#4589),.PCURVE_S1.);
#4578 = LINE('',#4579,#4580);
#4579 = CARTESIAN_POINT('',(24.312417842969,17.496458226986,
    8.390631179196));
#4580 = VECTOR('',#4581,1.);
#4581 = DIRECTION('',(0.99488354113,-0.100406773384,-1.119014958606E-02)
  );
#4582 = PCURVE('',#4506,#4583);
#4583 = DEFINITIONAL_REPRESENTATION('',(#4584),#4588);
#4584 = LINE('',#4585,#4586);
#4585 = CARTESIAN_POINT('',(0.294179805396,1.879229332008));
#4586 = VECTOR('',#4587,1.);
#4587 = DIRECTION('',(-9.985522476003E-02,-0.995001976927));
#4588 = ( GEOMETRIC_REPRESENTATION_CONTEXT(2) 
PARAMETRIC_REPRESENTATION_CONTEXT() REPRESENTATION_CONTEXT('2D SPACE',''
  ) );
#4589 = PCURVE('',#4590,#4595);
#4590 = PLANE('',#4591);
#4591 = AXIS2_PLACEMENT_3D('',#4592,#4593,#4594);
#4592 = CARTESIAN_POINT('',(24.312417842969,17.496458226986,
    8.390631179196));
#4593 = DIRECTION('',(0.100404388858,0.994946408792,-7.760991308017E-04)
  );
#4594 = DIRECTION('',(0.994946708435,-0.100404419096,3.335020664014E-21)
  );
#4595 = DEFINITIONAL_REPRESENTATION('',(#4596),#4600);
#4596 = LINE('',#4597,#4598);
#4597 = CARTESIAN_POINT('',(0.,-0.));
#4598 = VECTOR('',#4599,1.);
#4599 = DIRECTION('',(0.999937388278,1.119015295614E-02));
#4600 = ( GEOMETRIC_REPRESENTATION_CONTEXT(2) 
PARAMETRIC_REPRESENTATION_CONTEXT() REPRESENTATION_CONTEXT('2D SPACE',''
  ) );
#4601 = ORIENTED_EDGE('',*,*,#4490,.T.);
#4602 = ADVANCED_FACE('',(#4603),#4533,.T.);
#4603 = FACE_BOUND('',#4604,.T.);
#4604 = EDGE_LOOP('',(#4605,#4633,#4634));
#4605 = ORIENTED_EDGE('',*,*,#4606,.F.);
#4606 = EDGE_CURVE('',#4491,#4607,#4609,.T.);
#4607 = VERTEX_POINT('',#4608);
#4608 = CARTESIAN_POINT('',(30.205911890969,13.745904982225,
    8.372292286151));
#4609 = SURFACE_CURVE('',#4610,(#4614,#4621),.PCURVE_S1.);
#4610 = LINE('',#4611,#4612);
#4611 = CARTESIAN_POINT('',(26.191423488965,17.201327878812,
    8.373883042509));
#4612 = VECTOR('',#4613,1.);
#4613 = DIRECTION('',(0.757908560033,-0.652360731831,-3.003241608749E-04
    ));
#4614 = PCURVE('',#4533,#4615);
#4615 = DEFINITIONAL_REPRESENTATION('',(#4616),#4620);
#4616 = LINE('',#4617,#4618);
#4617 = CARTESIAN_POINT('',(3.454678350425,4.015129456156));
#4618 = VECTOR('',#4619,1.);
#4619 = DIRECTION('',(-0.652220166495,-0.758029586769));
#4620 = ( GEOMETRIC_REPRESENTATION_CONTEXT(2) 
PARAMETRIC_REPRESENTATION_CONTEXT() REPRESENTATION_CONTEXT('2D SPACE',''
  ) );
#4621 = PCURVE('',#4622,#4627);
#4622 = PLANE('',#4623);
#4623 = AXIS2_PLACEMENT_3D('',#4624,#4625,#4626);
#4624 = CARTESIAN_POINT('',(28.54908537945,15.929255803226,
    8.344873238099));
#4625 = DIRECTION('',(3.226941645E-02,3.70305938294E-02,0.998792981494)
  );
#4626 = DIRECTION('',(2.000650881602E-19,0.999313417159,
    -3.704988916091E-02));
#4627 = DEFINITIONAL_REPRESENTATION('',(#4628),#4632);
#4628 = LINE('',#4629,#4630);
#4629 = CARTESIAN_POINT('',(1.270123882688,2.358890384632));
#4630 = VECTOR('',#4631,1.);
#4631 = DIRECTION('',(-0.651901705169,-0.758303479352));
#4632 = ( GEOMETRIC_REPRESENTATION_CONTEXT(2) 
PARAMETRIC_REPRESENTATION_CONTEXT() REPRESENTATION_CONTEXT('2D SPACE',''
  ) );
#4633 = ORIENTED_EDGE('',*,*,#4519,.T.);
#4634 = ORIENTED_EDGE('',*,*,#4635,.F.);
#4635 = EDGE_CURVE('',#4607,#3796,#4636,.T.);
#4636 = SURFACE_CURVE('',#4637,(#4641,#4648),.PCURVE_S1.);
#4637 = LINE('',#4638,#4639);
#4638 = CARTESIAN_POINT('',(30.205911890969,13.745904982225,
    8.372292286151));
#4639 = VECTOR('',#4640,1.);
#4640 = DIRECTION('',(0.194397997354,-0.980769376662,-1.734498276181E-02
    ));
#4641 = PCURVE('',#4533,#4642);
#4642 = DEFINITIONAL_REPRESENTATION('',(#4643),#4647);
#4643 = LINE('',#4644,#4645);
#4644 = CARTESIAN_POINT('',(0.,0.));
#4645 = VECTOR('',#4646,1.);
#4646 = DIRECTION('',(-0.980916585889,-0.194429039826));
#4647 = ( GEOMETRIC_REPRESENTATION_CONTEXT(2) 
PARAMETRIC_REPRESENTATION_CONTEXT() REPRESENTATION_CONTEXT('2D SPACE',''
  ) );
#4648 = PCURVE('',#4649,#4654);
#4649 = PLANE('',#4650);
#4650 = AXIS2_PLACEMENT_3D('',#4651,#4652,#4653);
#4651 = CARTESIAN_POINT('',(30.205911890969,13.745904982225,
    8.372292286151));
#4652 = DIRECTION('',(0.178647281326,1.801195758434E-02,0.983748300257)
  );
#4653 = DIRECTION('',(0.98390791813,-3.553833411536E-19,-0.178676267703)
  );
#4654 = DEFINITIONAL_REPRESENTATION('',(#4655),#4659);
#4655 = LINE('',#4656,#4657);
#4656 = CARTESIAN_POINT('',(0.,0.));
#4657 = VECTOR('',#4658,1.);
#4658 = DIRECTION('',(0.194368865648,-0.980928511191));
#4659 = ( GEOMETRIC_REPRESENTATION_CONTEXT(2) 
PARAMETRIC_REPRESENTATION_CONTEXT() REPRESENTATION_CONTEXT('2D SPACE',''
  ) );
#4660 = ADVANCED_FACE('',(#4661),#4622,.T.);
#4661 = FACE_BOUND('',#4662,.T.);
#4662 = EDGE_LOOP('',(#4663,#4691,#4692));
#4663 = ORIENTED_EDGE('',*,*,#4664,.F.);
#4664 = EDGE_CURVE('',#4491,#4665,#4667,.T.);
#4665 = VERTEX_POINT('',#4666);
#4666 = CARTESIAN_POINT('',(28.54908537945,15.929255803226,
    8.344873238099));
#4667 = SURFACE_CURVE('',#4668,(#4672,#4679),.PCURVE_S1.);
#4668 = LINE('',#4669,#4670);
#4669 = CARTESIAN_POINT('',(26.191423488965,17.201327878812,
    8.373883042509));
#4670 = VECTOR('',#4671,1.);
#4671 = DIRECTION('',(0.880020010066,-0.47481315505,-1.082818892406E-02)
  );
#4672 = PCURVE('',#4622,#4673);
#4673 = DEFINITIONAL_REPRESENTATION('',(#4674),#4678);
#4674 = LINE('',#4675,#4676);
#4675 = CARTESIAN_POINT('',(1.270123882688,2.358890384632));
#4676 = VECTOR('',#4677,1.);
#4677 = DIRECTION('',(-0.474085973285,-0.880478557339));
#4678 = ( GEOMETRIC_REPRESENTATION_CONTEXT(2) 
PARAMETRIC_REPRESENTATION_CONTEXT() REPRESENTATION_CONTEXT('2D SPACE',''
  ) );
#4679 = PCURVE('',#4680,#4685);
#4680 = PLANE('',#4681);
#4681 = AXIS2_PLACEMENT_3D('',#4682,#4683,#4684);
#4682 = CARTESIAN_POINT('',(28.54908537945,15.929255803226,
    8.344873238099));
#4683 = DIRECTION('',(-2.68967407359E-02,-7.258722040734E-02,
    0.996999328371));
#4684 = DIRECTION('',(3.779118148053E-21,0.997360156095,
    7.261349071748E-02));
#4685 = DEFINITIONAL_REPRESENTATION('',(#4686),#4690);
#4686 = LINE('',#4687,#4688);
#4687 = CARTESIAN_POINT('',(1.270820507034,2.358515160644));
#4688 = VECTOR('',#4689,1.);
#4689 = DIRECTION('',(-0.474345995032,-0.880338501371));
#4690 = ( GEOMETRIC_REPRESENTATION_CONTEXT(2) 
PARAMETRIC_REPRESENTATION_CONTEXT() REPRESENTATION_CONTEXT('2D SPACE',''
  ) );
#4691 = ORIENTED_EDGE('',*,*,#4606,.T.);
#4692 = ORIENTED_EDGE('',*,*,#4693,.F.);
#4693 = EDGE_CURVE('',#4665,#4607,#4694,.T.);
#4694 = SURFACE_CURVE('',#4695,(#4699,#4706),.PCURVE_S1.);
#4695 = LINE('',#4696,#4697);
#4696 = CARTESIAN_POINT('',(28.54908537945,15.929255803226,
    8.344873238099));
#4697 = VECTOR('',#4698,1.);
#4698 = DIRECTION('',(0.604470027939,-0.796565073407,1.000345698662E-02)
  );
#4699 = PCURVE('',#4622,#4700);
#4700 = DEFINITIONAL_REPRESENTATION('',(#4701),#4705);
#4701 = LINE('',#4702,#4703);
#4702 = CARTESIAN_POINT('',(0.,0.));
#4703 = VECTOR('',#4704,1.);
#4704 = DIRECTION('',(-0.796388792468,-0.604784995871));
#4705 = ( GEOMETRIC_REPRESENTATION_CONTEXT(2) 
PARAMETRIC_REPRESENTATION_CONTEXT() REPRESENTATION_CONTEXT('2D SPACE',''
  ) );
#4706 = PCURVE('',#4707,#4712);
#4707 = PLANE('',#4708);
#4708 = AXIS2_PLACEMENT_3D('',#4709,#4710,#4711);
#4709 = CARTESIAN_POINT('',(28.54908537945,15.929255803226,
    8.344873238099));
#4710 = DIRECTION('',(-8.503091237393E-02,-5.202965879089E-02,
    0.995018923713));
#4711 = DIRECTION('',(0.996368464922,-2.683746269973E-19,
    8.514623954767E-02));
#4712 = DEFINITIONAL_REPRESENTATION('',(#4713),#4717);
#4713 = LINE('',#4714,#4715);
#4714 = CARTESIAN_POINT('',(0.,0.));
#4715 = VECTOR('',#4716,1.);
#4716 = DIRECTION('',(0.603126630574,-0.797645452249));
#4717 = ( GEOMETRIC_REPRESENTATION_CONTEXT(2) 
PARAMETRIC_REPRESENTATION_CONTEXT() REPRESENTATION_CONTEXT('2D SPACE',''
  ) );
#4718 = ADVANCED_FACE('',(#4719),#4680,.T.);
#4719 = FACE_BOUND('',#4720,.T.);
#4720 = EDGE_LOOP('',(#4721,#4749,#4775));
#4721 = ORIENTED_EDGE('',*,*,#4722,.F.);
#4722 = EDGE_CURVE('',#4723,#4665,#4725,.T.);
#4723 = VERTEX_POINT('',#4724);
#4724 = CARTESIAN_POINT('',(27.015246909864,16.888970780063,
    8.373366523998));
#4725 = SURFACE_CURVE('',#4726,(#4730,#4737),.PCURVE_S1.);
#4726 = LINE('',#4727,#4728);
#4727 = CARTESIAN_POINT('',(27.015246909864,16.888970780063,
    8.373366523998));
#4728 = VECTOR('',#4729,1.);
#4729 = DIRECTION('',(0.847628323873,-0.53035675747,-1.574593195268E-02)
  );
#4730 = PCURVE('',#4680,#4731);
#4731 = DEFINITIONAL_REPRESENTATION('',(#4732),#4736);
#4732 = LINE('',#4733,#4734);
#4733 = CARTESIAN_POINT('',(0.959250476056,1.534393586755));
#4734 = VECTOR('',#4735,1.);
#4735 = DIRECTION('',(-0.5301000655,-0.847935092184));
#4736 = ( GEOMETRIC_REPRESENTATION_CONTEXT(2) 
PARAMETRIC_REPRESENTATION_CONTEXT() REPRESENTATION_CONTEXT('2D SPACE',''
  ) );
#4737 = PCURVE('',#4738,#4743);
#4738 = PLANE('',#4739);
#4739 = AXIS2_PLACEMENT_3D('',#4740,#4741,#4742);
#4740 = CARTESIAN_POINT('',(28.54908537945,15.929255803226,
    8.344873238099));
#4741 = DIRECTION('',(0.18651182345,0.270042605285,0.944611206288));
#4742 = DIRECTION('',(-7.824140103531E-18,0.961482614523,-0.274865752633
    ));
#4743 = DEFINITIONAL_REPRESENTATION('',(#4744),#4748);
#4744 = LINE('',#4745,#4746);
#4745 = CARTESIAN_POINT('',(0.914917436653,1.561233883503));
#4746 = VECTOR('',#4747,1.);
#4747 = DIRECTION('',(-0.505600784365,-0.862767550879));
#4748 = ( GEOMETRIC_REPRESENTATION_CONTEXT(2) 
PARAMETRIC_REPRESENTATION_CONTEXT() REPRESENTATION_CONTEXT('2D SPACE',''
  ) );
#4749 = ORIENTED_EDGE('',*,*,#4750,.F.);
#4750 = EDGE_CURVE('',#4491,#4723,#4751,.T.);
#4751 = SURFACE_CURVE('',#4752,(#4756,#4763),.PCURVE_S1.);
#4752 = LINE('',#4753,#4754);
#4753 = CARTESIAN_POINT('',(26.191423488965,17.201327878812,
    8.373883042509));
#4754 = VECTOR('',#4755,1.);
#4755 = DIRECTION('',(0.935045399515,-0.354527512549,-5.862521570214E-04
    ));
#4756 = PCURVE('',#4680,#4757);
#4757 = DEFINITIONAL_REPRESENTATION('',(#4758),#4762);
#4758 = LINE('',#4759,#4760);
#4759 = CARTESIAN_POINT('',(1.270820507034,2.358515160644));
#4760 = VECTOR('',#4761,1.);
#4761 = DIRECTION('',(-0.353634185071,-0.935383805263));
#4762 = ( GEOMETRIC_REPRESENTATION_CONTEXT(2) 
PARAMETRIC_REPRESENTATION_CONTEXT() REPRESENTATION_CONTEXT('2D SPACE',''
  ) );
#4763 = PCURVE('',#4764,#4769);
#4764 = PLANE('',#4765);
#4765 = AXIS2_PLACEMENT_3D('',#4766,#4767,#4768);
#4766 = CARTESIAN_POINT('',(26.191423488965,17.201327878812,
    8.373883042509));
#4767 = DIRECTION('',(0.354526346661,0.935044813712,-1.505281882782E-03)
  );
#4768 = DIRECTION('',(0.93504587306,-0.354526748318,-2.284130370835E-20)
  );
#4769 = DEFINITIONAL_REPRESENTATION('',(#4770),#4774);
#4770 = LINE('',#4771,#4772);
#4771 = CARTESIAN_POINT('',(0.,-0.));
#4772 = VECTOR('',#4773,1.);
#4773 = DIRECTION('',(0.999999828154,5.862528212092E-04));
#4774 = ( GEOMETRIC_REPRESENTATION_CONTEXT(2) 
PARAMETRIC_REPRESENTATION_CONTEXT() REPRESENTATION_CONTEXT('2D SPACE',''
  ) );
#4775 = ORIENTED_EDGE('',*,*,#4664,.T.);
#4776 = ADVANCED_FACE('',(#4777),#4738,.T.);
#4777 = FACE_BOUND('',#4778,.T.);
#4778 = EDGE_LOOP('',(#4779,#4807,#4833));
#4779 = ORIENTED_EDGE('',*,*,#4780,.F.);
#4780 = EDGE_CURVE('',#4781,#4665,#4783,.T.);
#4781 = VERTEX_POINT('',#4782);
#4782 = CARTESIAN_POINT('',(27.864500933948,16.482339478502,
    8.321929339877));
#4783 = SURFACE_CURVE('',#4784,(#4788,#4795),.PCURVE_S1.);
#4784 = LINE('',#4785,#4786);
#4785 = CARTESIAN_POINT('',(27.864500933948,16.482339478502,
    8.321929339877));
#4786 = VECTOR('',#4787,1.);
#4787 = DIRECTION('',(0.777593616908,-0.628226858405,2.606110746636E-02)
  );
#4788 = PCURVE('',#4738,#4789);
#4789 = DEFINITIONAL_REPRESENTATION('',(#4790),#4794);
#4790 = LINE('',#4791,#4792);
#4791 = CARTESIAN_POINT('',(0.538086830008,0.696811596286));
#4792 = VECTOR('',#4793,1.);
#4793 = DIRECTION('',(-0.611192508251,-0.7914819757));
#4794 = ( GEOMETRIC_REPRESENTATION_CONTEXT(2) 
PARAMETRIC_REPRESENTATION_CONTEXT() REPRESENTATION_CONTEXT('2D SPACE',''
  ) );
#4795 = PCURVE('',#4796,#4801);
#4796 = PLANE('',#4797);
#4797 = AXIS2_PLACEMENT_3D('',#4798,#4799,#4800);
#4798 = CARTESIAN_POINT('',(27.864500933948,16.482339478502,
    8.321929339877));
#4799 = DIRECTION('',(0.628418344132,0.777874828984,1.065453604728E-03)
  );
#4800 = DIRECTION('',(0.777875270503,-0.62841870082,-3.139536999382E-21)
  );
#4801 = DEFINITIONAL_REPRESENTATION('',(#4802),#4806);
#4802 = LINE('',#4803,#4804);
#4803 = CARTESIAN_POINT('',(0.,0.));
#4804 = VECTOR('',#4805,1.);
#4805 = DIRECTION('',(0.999660351273,-2.606112225854E-02));
#4806 = ( GEOMETRIC_REPRESENTATION_CONTEXT(2) 
PARAMETRIC_REPRESENTATION_CONTEXT() REPRESENTATION_CONTEXT('2D SPACE',''
  ) );
#4807 = ORIENTED_EDGE('',*,*,#4808,.F.);
#4808 = EDGE_CURVE('',#4723,#4781,#4809,.T.);
#4809 = SURFACE_CURVE('',#4810,(#4814,#4821),.PCURVE_S1.);
#4810 = LINE('',#4811,#4812);
#4811 = CARTESIAN_POINT('',(27.015246909864,16.888970780063,
    8.373366523998));
#4812 = VECTOR('',#4813,1.);
#4813 = DIRECTION('',(0.900598553119,-0.431215574437,-5.454699334011E-02
    ));
#4814 = PCURVE('',#4738,#4815);
#4815 = DEFINITIONAL_REPRESENTATION('',(#4816),#4820);
#4816 = LINE('',#4817,#4818);
#4817 = CARTESIAN_POINT('',(0.914917436653,1.561233883503));
#4818 = VECTOR('',#4819,1.);
#4819 = DIRECTION('',(-0.399613177555,-0.916683864985));
#4820 = ( GEOMETRIC_REPRESENTATION_CONTEXT(2) 
PARAMETRIC_REPRESENTATION_CONTEXT() REPRESENTATION_CONTEXT('2D SPACE',''
  ) );
#4821 = PCURVE('',#4822,#4827);
#4822 = PLANE('',#4823);
#4823 = AXIS2_PLACEMENT_3D('',#4824,#4825,#4826);
#4824 = CARTESIAN_POINT('',(27.015246909864,16.888970780063,
    8.373366523998));
#4825 = DIRECTION('',(0.431944958776,0.901898235251,1.768004010017E-03)
  );
#4826 = DIRECTION('',(0.901899644849,-0.431945633873,5.341455370834E-20)
  );
#4827 = DEFINITIONAL_REPRESENTATION('',(#4828),#4832);
#4828 = LINE('',#4829,#4830);
#4829 = CARTESIAN_POINT('',(0.,0.));
#4830 = VECTOR('',#4831,1.);
#4831 = DIRECTION('',(0.998511199846,5.454707859285E-02));
#4832 = ( GEOMETRIC_REPRESENTATION_CONTEXT(2) 
PARAMETRIC_REPRESENTATION_CONTEXT() REPRESENTATION_CONTEXT('2D SPACE',''
  ) );
#4833 = ORIENTED_EDGE('',*,*,#4722,.T.);
#4834 = ADVANCED_FACE('',(#4835),#4649,.T.);
#4835 = FACE_BOUND('',#4836,.T.);
#4836 = EDGE_LOOP('',(#4837,#4838,#4866));
#4837 = ORIENTED_EDGE('',*,*,#4635,.T.);
#4838 = ORIENTED_EDGE('',*,*,#4839,.F.);
#4839 = EDGE_CURVE('',#4840,#3796,#4842,.T.);
#4840 = VERTEX_POINT('',#4841);
#4841 = CARTESIAN_POINT('',(30.521466872739,12.874056551182,
    8.330951078617));
#4842 = SURFACE_CURVE('',#4843,(#4847,#4854),.PCURVE_S1.);
#4843 = LINE('',#4844,#4845);
#4844 = CARTESIAN_POINT('',(30.521466872739,12.874056551182,
    8.330951078617));
#4845 = VECTOR('',#4846,1.);
#4846 = DIRECTION('',(0.118130493455,-0.992992691994,-3.271110350868E-03
    ));
#4847 = PCURVE('',#4649,#4848);
#4848 = DEFINITIONAL_REPRESENTATION('',(#4849),#4853);
#4849 = LINE('',#4850,#4851);
#4850 = CARTESIAN_POINT('',(0.317863737834,-0.871989892627));
#4851 = VECTOR('',#4852,1.);
#4852 = DIRECTION('',(0.116813997672,-0.993153809814));
#4853 = ( GEOMETRIC_REPRESENTATION_CONTEXT(2) 
PARAMETRIC_REPRESENTATION_CONTEXT() REPRESENTATION_CONTEXT('2D SPACE',''
  ) );
#4854 = PCURVE('',#4855,#4860);
#4855 = PLANE('',#4856);
#4856 = AXIS2_PLACEMENT_3D('',#4857,#4858,#4859);
#4857 = CARTESIAN_POINT('',(30.521466872739,12.874056551182,
    8.330951078617));
#4858 = DIRECTION('',(-0.571081349892,-7.063233890432E-02,0.817849108642
    ));
#4859 = DIRECTION('',(0.819896868802,-3.054651691501E-18,0.572511244019)
  );
#4860 = DEFINITIONAL_REPRESENTATION('',(#4861),#4865);
#4861 = LINE('',#4862,#4863);
#4862 = CARTESIAN_POINT('',(0.,0.));
#4863 = VECTOR('',#4864,1.);
#4864 = DIRECTION('',(9.498207423749E-02,-0.995478982989));
#4865 = ( GEOMETRIC_REPRESENTATION_CONTEXT(2) 
PARAMETRIC_REPRESENTATION_CONTEXT() REPRESENTATION_CONTEXT('2D SPACE',''
  ) );
#4866 = ORIENTED_EDGE('',*,*,#4867,.F.);
#4867 = EDGE_CURVE('',#4607,#4840,#4868,.T.);
#4868 = SURFACE_CURVE('',#4869,(#4873,#4880),.PCURVE_S1.);
#4869 = LINE('',#4870,#4871);
#4870 = CARTESIAN_POINT('',(30.205911890969,13.745904982225,
    8.372292286151));
#4871 = VECTOR('',#4872,1.);
#4872 = DIRECTION('',(0.339994324342,-0.939372012378,-4.454303286269E-02
    ));
#4873 = PCURVE('',#4649,#4874);
#4874 = DEFINITIONAL_REPRESENTATION('',(#4875),#4879);
#4875 = LINE('',#4876,#4877);
#4876 = CARTESIAN_POINT('',(0.,0.));
#4877 = VECTOR('',#4878,1.);
#4878 = DIRECTION('',(0.342481890704,-0.939524429986));
#4879 = ( GEOMETRIC_REPRESENTATION_CONTEXT(2) 
PARAMETRIC_REPRESENTATION_CONTEXT() REPRESENTATION_CONTEXT('2D SPACE',''
  ) );
#4880 = PCURVE('',#4881,#4886);
#4881 = PLANE('',#4882);
#4882 = AXIS2_PLACEMENT_3D('',#4883,#4884,#4885);
#4883 = CARTESIAN_POINT('',(30.205911890969,13.745904982225,
    8.372292286151));
#4884 = DIRECTION('',(0.940106746044,0.340733844983,-9.987638647686E-03)
  );
#4885 = DIRECTION('',(-0.340750840854,0.940153638751,-8.076404840326E-20
    ));
#4886 = DEFINITIONAL_REPRESENTATION('',(#4887),#4891);
#4887 = LINE('',#4888,#4889);
#4888 = CARTESIAN_POINT('',(0.,0.));
#4889 = VECTOR('',#4890,1.);
#4890 = DIRECTION('',(-0.999007367483,-4.454525467784E-02));
#4891 = ( GEOMETRIC_REPRESENTATION_CONTEXT(2) 
PARAMETRIC_REPRESENTATION_CONTEXT() REPRESENTATION_CONTEXT('2D SPACE',''
  ) );
#4892 = ADVANCED_FACE('',(#4893),#4855,.T.);
#4893 = FACE_BOUND('',#4894,.T.);
#4894 = EDGE_LOOP('',(#4895,#4896,#4924));
#4895 = ORIENTED_EDGE('',*,*,#4839,.T.);
#4896 = ORIENTED_EDGE('',*,*,#4897,.F.);
#4897 = EDGE_CURVE('',#4898,#3796,#4900,.T.);
#4898 = VERTEX_POINT('',#4899);
#4899 = CARTESIAN_POINT('',(30.707851820977,11.953436503642,
    8.38159051834));
#4900 = SURFACE_CURVE('',#4901,(#4905,#4912),.PCURVE_S1.);
#4901 = LINE('',#4902,#4903);
#4902 = CARTESIAN_POINT('',(30.707851820977,11.953436503642,
    8.38159051834));
#4903 = VECTOR('',#4904,1.);
#4904 = DIRECTION('',(3.16062729991E-02,-0.997444578512,
    -6.407305443586E-02));
#4905 = PCURVE('',#4855,#4906);
#4906 = DEFINITIONAL_REPRESENTATION('',(#4907),#4911);
#4907 = LINE('',#4908,#4909);
#4908 = CARTESIAN_POINT('',(0.181808084084,-0.922925129292));
#4909 = VECTOR('',#4910,1.);
#4910 = DIRECTION('',(-1.076865983669E-02,-0.999942016302));
#4911 = ( GEOMETRIC_REPRESENTATION_CONTEXT(2) 
PARAMETRIC_REPRESENTATION_CONTEXT() REPRESENTATION_CONTEXT('2D SPACE',''
  ) );
#4912 = PCURVE('',#4913,#4918);
#4913 = PLANE('',#4914);
#4914 = AXIS2_PLACEMENT_3D('',#4915,#4916,#4917);
#4915 = CARTESIAN_POINT('',(30.707851820977,11.953436503642,
    8.38159051834));
#4916 = DIRECTION('',(0.999485977261,3.119646483442E-02,
    7.386598663688E-03));
#4917 = DIRECTION('',(-3.11973159375E-02,0.999513245274,
    1.547262795889E-20));
#4918 = DEFINITIONAL_REPRESENTATION('',(#4919),#4923);
#4919 = LINE('',#4920,#4921);
#4920 = CARTESIAN_POINT('',(0.,0.));
#4921 = VECTOR('',#4922,1.);
#4922 = DIRECTION('',(-0.997945098534,-6.407480247926E-02));
#4923 = ( GEOMETRIC_REPRESENTATION_CONTEXT(2) 
PARAMETRIC_REPRESENTATION_CONTEXT() REPRESENTATION_CONTEXT('2D SPACE',''
  ) );
#4924 = ORIENTED_EDGE('',*,*,#4925,.F.);
#4925 = EDGE_CURVE('',#4840,#4898,#4926,.T.);
#4926 = SURFACE_CURVE('',#4927,(#4931,#4938),.PCURVE_S1.);
#4927 = LINE('',#4928,#4929);
#4928 = CARTESIAN_POINT('',(30.521466872739,12.874056551182,
    8.330951078617));
#4929 = VECTOR('',#4930,1.);
#4930 = DIRECTION('',(0.198142319793,-0.978693792562,5.38338323696E-02)
  );
#4931 = PCURVE('',#4855,#4932);
#4932 = DEFINITIONAL_REPRESENTATION('',(#4933),#4937);
#4933 = LINE('',#4934,#4935);
#4934 = CARTESIAN_POINT('',(0.,0.));
#4935 = VECTOR('',#4936,1.);
#4936 = DIRECTION('',(0.193276741916,-0.981144281456));
#4937 = ( GEOMETRIC_REPRESENTATION_CONTEXT(2) 
PARAMETRIC_REPRESENTATION_CONTEXT() REPRESENTATION_CONTEXT('2D SPACE',''
  ) );
#4938 = PCURVE('',#4939,#4944);
#4939 = PLANE('',#4940);
#4940 = AXIS2_PLACEMENT_3D('',#4941,#4942,#4943);
#4941 = CARTESIAN_POINT('',(30.521466872739,12.874056551182,
    8.330951078617));
#4942 = DIRECTION('',(0.980044648855,0.198706982631,5.293515299672E-03)
  );
#4943 = DIRECTION('',(-0.198709766704,0.980058380208,3.355615313737E-19)
  );
#4944 = DEFINITIONAL_REPRESENTATION('',(#4945),#4949);
#4945 = LINE('',#4946,#4947);
#4946 = CARTESIAN_POINT('',(0.,0.));
#4947 = VECTOR('',#4948,1.);
#4948 = DIRECTION('',(-0.998549867198,5.383458663255E-02));
#4949 = ( GEOMETRIC_REPRESENTATION_CONTEXT(2) 
PARAMETRIC_REPRESENTATION_CONTEXT() REPRESENTATION_CONTEXT('2D SPACE',''
  ) );
#4950 = ADVANCED_FACE('',(#4951),#4707,.T.);
#4951 = FACE_BOUND('',#4952,.T.);
#4952 = EDGE_LOOP('',(#4953,#4954,#4982));
#4953 = ORIENTED_EDGE('',*,*,#4693,.T.);
#4954 = ORIENTED_EDGE('',*,*,#4955,.F.);
#4955 = EDGE_CURVE('',#4956,#4607,#4958,.T.);
#4956 = VERTEX_POINT('',#4957);
#4957 = CARTESIAN_POINT('',(29.239130891211,15.245896330565,
    8.368109217535));
#4958 = SURFACE_CURVE('',#4959,(#4963,#4970),.PCURVE_S1.);
#4959 = LINE('',#4960,#4961);
#4960 = CARTESIAN_POINT('',(29.239130891211,15.245896330565,
    8.368109217535));
#4961 = VECTOR('',#4962,1.);
#4962 = DIRECTION('',(0.541747319991,-0.840538129292,2.344032632486E-03)
  );
#4963 = PCURVE('',#4707,#4964);
#4964 = DEFINITIONAL_REPRESENTATION('',(#4965),#4969);
#4965 = LINE('',#4966,#4967);
#4966 = CARTESIAN_POINT('',(0.689518043551,-0.684286311083));
#4967 = VECTOR('',#4968,1.);
#4968 = DIRECTION('',(0.539979531159,-0.841678148659));
#4969 = ( GEOMETRIC_REPRESENTATION_CONTEXT(2) 
PARAMETRIC_REPRESENTATION_CONTEXT() REPRESENTATION_CONTEXT('2D SPACE',''
  ) );
#4970 = PCURVE('',#4971,#4976);
#4971 = PLANE('',#4972);
#4972 = AXIS2_PLACEMENT_3D('',#4973,#4974,#4975);
#4973 = CARTESIAN_POINT('',(29.239130891211,15.245896330565,
    8.368109217535));
#4974 = DIRECTION('',(-9.403535464204E-02,-5.783639671362E-02,
    0.993887470136));
#4975 = DIRECTION('',(0.99555395319,5.550824285456E-20,
    9.419302674253E-02));
#4976 = DEFINITIONAL_REPRESENTATION('',(#4977),#4981);
#4977 = LINE('',#4978,#4979);
#4978 = CARTESIAN_POINT('',(0.,0.));
#4979 = VECTOR('',#4980,1.);
#4980 = DIRECTION('',(0.539559477575,-0.84194748658));
#4981 = ( GEOMETRIC_REPRESENTATION_CONTEXT(2) 
PARAMETRIC_REPRESENTATION_CONTEXT() REPRESENTATION_CONTEXT('2D SPACE',''
  ) );
#4982 = ORIENTED_EDGE('',*,*,#4983,.F.);
#4983 = EDGE_CURVE('',#4665,#4956,#4984,.T.);
#4984 = SURFACE_CURVE('',#4985,(#4989,#4996),.PCURVE_S1.);
#4985 = LINE('',#4986,#4987);
#4986 = CARTESIAN_POINT('',(28.54908537945,15.929255803226,
    8.344873238099));
#4987 = VECTOR('',#4988,1.);
#4988 = DIRECTION('',(0.710337423163,-0.703454770201,2.39192712312E-02)
  );
#4989 = PCURVE('',#4707,#4990);
#4990 = DEFINITIONAL_REPRESENTATION('',(#4991),#4995);
#4991 = LINE('',#4992,#4993);
#4992 = CARTESIAN_POINT('',(0.,0.));
#4993 = VECTOR('',#4994,1.);
#4994 = DIRECTION('',(0.709794443891,-0.704408863815));
#4995 = ( GEOMETRIC_REPRESENTATION_CONTEXT(2) 
PARAMETRIC_REPRESENTATION_CONTEXT() REPRESENTATION_CONTEXT('2D SPACE',''
  ) );
#4996 = PCURVE('',#4997,#5002);
#4997 = PLANE('',#4998);
#4998 = AXIS2_PLACEMENT_3D('',#4999,#5000,#5001);
#4999 = CARTESIAN_POINT('',(28.54908537945,15.929255803226,
    8.344873238099));
#5000 = DIRECTION('',(0.70351668931,0.710642837025,7.143251837716E-03));
#5001 = DIRECTION('',(0.710660968366,-0.703534638835,-3.930591235035E-19
    ));
#5002 = DEFINITIONAL_REPRESENTATION('',(#5003),#5007);
#5003 = LINE('',#5004,#5005);
#5004 = CARTESIAN_POINT('',(0.,0.));
#5005 = VECTOR('',#5006,1.);
#5006 = DIRECTION('',(0.999713878702,-2.391988150749E-02));
#5007 = ( GEOMETRIC_REPRESENTATION_CONTEXT(2) 
PARAMETRIC_REPRESENTATION_CONTEXT() REPRESENTATION_CONTEXT('2D SPACE',''
  ) );
#5008 = ADVANCED_FACE('',(#5009),#4971,.T.);
#5009 = FACE_BOUND('',#5010,.T.);
#5010 = EDGE_LOOP('',(#5011,#5012,#5040));
#5011 = ORIENTED_EDGE('',*,*,#4955,.T.);
#5012 = ORIENTED_EDGE('',*,*,#5013,.F.);
#5013 = EDGE_CURVE('',#5014,#4607,#5016,.T.);
#5014 = VERTEX_POINT('',#5015);
#5015 = CARTESIAN_POINT('',(29.803021546341,14.538951658529,
    8.380322396183));
#5016 = SURFACE_CURVE('',#5017,(#5021,#5028),.PCURVE_S1.);
#5017 = LINE('',#5018,#5019);
#5018 = CARTESIAN_POINT('',(29.803021546341,14.538951658529,
    8.380322396183));
#5019 = VECTOR('',#5020,1.);
#5020 = DIRECTION('',(0.452912223654,-0.891509410478,-9.02710883765E-03)
  );
#5021 = PCURVE('',#4971,#5022);
#5022 = DEFINITIONAL_REPRESENTATION('',(#5023),#5027);
#5023 = LINE('',#5024,#5025);
#5024 = CARTESIAN_POINT('',(0.562533967145,-0.708130028881));
#5025 = VECTOR('',#5026,1.);
#5026 = DIRECTION('',(0.450048264003,-0.893004232951));
#5027 = ( GEOMETRIC_REPRESENTATION_CONTEXT(2) 
PARAMETRIC_REPRESENTATION_CONTEXT() REPRESENTATION_CONTEXT('2D SPACE',''
  ) );
#5028 = PCURVE('',#5029,#5034);
#5029 = PLANE('',#5030);
#5030 = AXIS2_PLACEMENT_3D('',#5031,#5032,#5033);
#5031 = CARTESIAN_POINT('',(29.803021546341,14.538951658529,
    8.380322396183));
#5032 = DIRECTION('',(0.891553618981,0.452906778482,2.755809668276E-03)
  );
#5033 = DIRECTION('',(-0.452908498289,0.891557004446,-1.485350310423E-19
    ));
#5034 = DEFINITIONAL_REPRESENTATION('',(#5035),#5039);
#5035 = LINE('',#5036,#5037);
#5036 = CARTESIAN_POINT('',(0.,0.));
#5037 = VECTOR('',#5038,1.);
#5038 = DIRECTION('',(-0.999959254513,-9.027143115976E-03));
#5039 = ( GEOMETRIC_REPRESENTATION_CONTEXT(2) 
PARAMETRIC_REPRESENTATION_CONTEXT() REPRESENTATION_CONTEXT('2D SPACE',''
  ) );
#5040 = ORIENTED_EDGE('',*,*,#5041,.F.);
#5041 = EDGE_CURVE('',#4956,#5014,#5042,.T.);
#5042 = SURFACE_CURVE('',#5043,(#5047,#5054),.PCURVE_S1.);
#5043 = LINE('',#5044,#5045);
#5044 = CARTESIAN_POINT('',(29.239130891211,15.245896330565,
    8.368109217535));
#5045 = VECTOR('',#5046,1.);
#5046 = DIRECTION('',(0.62351478704,-0.781694913052,1.350456407475E-02)
  );
#5047 = PCURVE('',#4971,#5048);
#5048 = DEFINITIONAL_REPRESENTATION('',(#5049),#5053);
#5049 = LINE('',#5050,#5051);
#5050 = CARTESIAN_POINT('',(0.,0.));
#5051 = VECTOR('',#5052,1.);
#5052 = DIRECTION('',(0.622014646875,-0.783005606029));
#5053 = ( GEOMETRIC_REPRESENTATION_CONTEXT(2) 
PARAMETRIC_REPRESENTATION_CONTEXT() REPRESENTATION_CONTEXT('2D SPACE',''
  ) );
#5054 = PCURVE('',#5055,#5060);
#5055 = PLANE('',#5056);
#5056 = AXIS2_PLACEMENT_3D('',#5057,#5058,#5059);
#5057 = CARTESIAN_POINT('',(29.239130891211,15.245896330565,
    8.368109217535));
#5058 = DIRECTION('',(0.781750189413,0.623589248552,1.757965469483E-03)
  );
#5059 = DIRECTION('',(-0.623590212138,0.781751397393,-6.584172216555E-20
    ));
#5060 = DEFINITIONAL_REPRESENTATION('',(#5061),#5065);
#5061 = LINE('',#5062,#5063);
#5062 = CARTESIAN_POINT('',(0.,0.));
#5063 = VECTOR('',#5064,1.);
#5064 = DIRECTION('',(-0.999908808935,1.350458494233E-02));
#5065 = ( GEOMETRIC_REPRESENTATION_CONTEXT(2) 
PARAMETRIC_REPRESENTATION_CONTEXT() REPRESENTATION_CONTEXT('2D SPACE',''
  ) );
#5066 = ADVANCED_FACE('',(#5067),#1432,.T.);
#5067 = FACE_BOUND('',#5068,.T.);
#5068 = EDGE_LOOP('',(#5069,#5070,#5071));
#5069 = ORIENTED_EDGE('',*,*,#3130,.F.);
#5070 = ORIENTED_EDGE('',*,*,#1418,.F.);
#5071 = ORIENTED_EDGE('',*,*,#5072,.T.);
#5072 = EDGE_CURVE('',#1333,#3131,#5073,.T.);
#5073 = SURFACE_CURVE('',#5074,(#5078,#5085),.PCURVE_S1.);
#5074 = LINE('',#5075,#5076);
#5075 = CARTESIAN_POINT('',(-30.80563959537,-11.09536778389,
    -2.855413294302E-02));
#5076 = VECTOR('',#5077,1.);
#5077 = DIRECTION('',(7.173934098411E-03,-0.103433749698,0.994610473549)
  );
#5078 = PCURVE('',#1432,#5079);
#5079 = DEFINITIONAL_REPRESENTATION('',(#5080),#5084);
#5080 = LINE('',#5081,#5082);
#5081 = CARTESIAN_POINT('',(-0.870624404638,-8.357097598129));
#5082 = VECTOR('',#5083,1.);
#5083 = DIRECTION('',(0.103617081472,0.994617263286));
#5084 = ( GEOMETRIC_REPRESENTATION_CONTEXT(2) 
PARAMETRIC_REPRESENTATION_CONTEXT() REPRESENTATION_CONTEXT('2D SPACE',''
  ) );
#5085 = PCURVE('',#5086,#5091);
#5086 = PLANE('',#5087);
#5087 = AXIS2_PLACEMENT_3D('',#5088,#5089,#5090);
#5088 = CARTESIAN_POINT('',(-30.74536186881,-11.96445177537,
    8.328486415603));
#5089 = DIRECTION('',(-0.989825083188,-0.142084439299,
    -7.636543769352E-03));
#5090 = DIRECTION('',(0.142088582435,-0.989853946167,2.157861698911E-19)
  );
#5091 = DEFINITIONAL_REPRESENTATION('',(#5092),#5096);
#5092 = LINE('',#5093,#5094);
#5093 = CARTESIAN_POINT('',(-0.868830995233,-8.357284237139));
#5094 = VECTOR('',#5095,1.);
#5095 = DIRECTION('',(0.103403639432,0.994639476068));
#5096 = ( GEOMETRIC_REPRESENTATION_CONTEXT(2) 
PARAMETRIC_REPRESENTATION_CONTEXT() REPRESENTATION_CONTEXT('2D SPACE',''
  ) );
#5097 = ADVANCED_FACE('',(#5098),#5086,.T.);
#5098 = FACE_BOUND('',#5099,.T.);
#5099 = EDGE_LOOP('',(#5100,#5101,#5129));
#5100 = ORIENTED_EDGE('',*,*,#5072,.F.);
#5101 = ORIENTED_EDGE('',*,*,#5102,.T.);
#5102 = EDGE_CURVE('',#1333,#5103,#5105,.T.);
#5103 = VERTEX_POINT('',#5104);
#5104 = CARTESIAN_POINT('',(-30.67950731361,-11.97477301506,
    -1.534096861553E-02));
#5105 = SURFACE_CURVE('',#5106,(#5110,#5117),.PCURVE_S1.);
#5106 = LINE('',#5107,#5108);
#5107 = CARTESIAN_POINT('',(-30.80563959537,-11.09536778389,
    -2.855413294302E-02));
#5108 = VECTOR('',#5109,1.);
#5109 = DIRECTION('',(0.141960452761,-0.989760615139,1.487126661206E-02)
  );
#5110 = PCURVE('',#5086,#5111);
#5111 = DEFINITIONAL_REPRESENTATION('',(#5112),#5116);
#5112 = LINE('',#5113,#5114);
#5113 = CARTESIAN_POINT('',(-0.868830995233,-8.357284237139));
#5114 = VECTOR('',#5115,1.);
#5115 = DIRECTION('',(0.999889410151,1.487170025337E-02));
#5116 = ( GEOMETRIC_REPRESENTATION_CONTEXT(2) 
PARAMETRIC_REPRESENTATION_CONTEXT() REPRESENTATION_CONTEXT('2D SPACE',''
  ) );
#5117 = PCURVE('',#5118,#5123);
#5118 = PLANE('',#5119);
#5119 = AXIS2_PLACEMENT_3D('',#5120,#5121,#5122);
#5120 = CARTESIAN_POINT('',(-30.80563959537,-11.09536778389,
    -2.855413294302E-02));
#5121 = DIRECTION('',(-0.979137935805,-0.138198662646,0.148963191128));
#5122 = DIRECTION('',(-0.150406411597,-3.545073866114E-19,
    -0.988624251852));
#5123 = DEFINITIONAL_REPRESENTATION('',(#5124),#5128);
#5124 = LINE('',#5125,#5126);
#5125 = CARTESIAN_POINT('',(-0.,0.));
#5126 = VECTOR('',#5127,1.);
#5127 = DIRECTION('',(-3.60538571169E-02,0.999349848345));
#5128 = ( GEOMETRIC_REPRESENTATION_CONTEXT(2) 
PARAMETRIC_REPRESENTATION_CONTEXT() REPRESENTATION_CONTEXT('2D SPACE',''
  ) );
#5129 = ORIENTED_EDGE('',*,*,#5130,.F.);
#5130 = EDGE_CURVE('',#3131,#5103,#5131,.T.);
#5131 = SURFACE_CURVE('',#5132,(#5136,#5143),.PCURVE_S1.);
#5132 = LINE('',#5133,#5134);
#5133 = CARTESIAN_POINT('',(-30.74536186881,-11.96445177537,
    8.328486415603));
#5134 = VECTOR('',#5135,1.);
#5135 = DIRECTION('',(7.892355718275E-03,-1.236951564437E-03,
    -0.999968089827));
#5136 = PCURVE('',#5086,#5137);
#5137 = DEFINITIONAL_REPRESENTATION('',(#5138),#5142);
#5138 = LINE('',#5139,#5140);
#5139 = CARTESIAN_POINT('',(0.,0.));
#5140 = VECTOR('',#5141,1.);
#5141 = DIRECTION('',(2.345815023357E-03,-0.999997248572));
#5142 = ( GEOMETRIC_REPRESENTATION_CONTEXT(2) 
PARAMETRIC_REPRESENTATION_CONTEXT() REPRESENTATION_CONTEXT('2D SPACE',''
  ) );
#5143 = PCURVE('',#3167,#5144);
#5144 = DEFINITIONAL_REPRESENTATION('',(#5145),#5149);
#5145 = LINE('',#5146,#5147);
#5146 = CARTESIAN_POINT('',(-0.949946450316,-1.839616326612E-02));
#5147 = VECTOR('',#5148,1.);
#5148 = DIRECTION('',(3.286526318064E-03,-0.999994599358));
#5149 = ( GEOMETRIC_REPRESENTATION_CONTEXT(2) 
PARAMETRIC_REPRESENTATION_CONTEXT() REPRESENTATION_CONTEXT('2D SPACE',''
  ) );
#5150 = ADVANCED_FACE('',(#5151),#3167,.T.);
#5151 = FACE_BOUND('',#5152,.T.);
#5152 = EDGE_LOOP('',(#5153,#5154,#5155));
#5153 = ORIENTED_EDGE('',*,*,#3153,.F.);
#5154 = ORIENTED_EDGE('',*,*,#5130,.T.);
#5155 = ORIENTED_EDGE('',*,*,#5156,.T.);
#5156 = EDGE_CURVE('',#5103,#3074,#5157,.T.);
#5157 = SURFACE_CURVE('',#5158,(#5162,#5169),.PCURVE_S1.);
#5158 = LINE('',#5159,#5160);
#5159 = CARTESIAN_POINT('',(-30.67950731361,-11.97477301506,
    -1.534096861553E-02));
#5160 = VECTOR('',#5161,1.);
#5161 = DIRECTION('',(2.211345145389E-02,-0.107642854257,0.993943666005)
  );
#5162 = PCURVE('',#3167,#5163);
#5163 = DEFINITIONAL_REPRESENTATION('',(#5164),#5168);
#5164 = LINE('',#5165,#5166);
#5165 = CARTESIAN_POINT('',(-0.922523366949,-8.362444745493));
#5166 = VECTOR('',#5167,1.);
#5167 = DIRECTION('',(0.109652212188,0.993970015827));
#5168 = ( GEOMETRIC_REPRESENTATION_CONTEXT(2) 
PARAMETRIC_REPRESENTATION_CONTEXT() REPRESENTATION_CONTEXT('2D SPACE',''
  ) );
#5169 = PCURVE('',#5170,#5175);
#5170 = PLANE('',#5171);
#5171 = AXIS2_PLACEMENT_3D('',#5172,#5173,#5174);
#5172 = CARTESIAN_POINT('',(-30.49346295315,-12.88039129995,
    8.346882091193));
#5173 = DIRECTION('',(-0.990689284503,-0.135945517736,7.318318024449E-03
    ));
#5174 = DIRECTION('',(0.135949158352,-0.990715815127,1.9989393294E-19));
#5175 = DEFINITIONAL_REPRESENTATION('',(#5176),#5180);
#5176 = LINE('',#5177,#5178);
#5177 = CARTESIAN_POINT('',(-0.922502931537,-8.36244699985));
#5178 = VECTOR('',#5179,1.);
#5179 = DIRECTION('',(0.109649783211,0.993970283782));
#5180 = ( GEOMETRIC_REPRESENTATION_CONTEXT(2) 
PARAMETRIC_REPRESENTATION_CONTEXT() REPRESENTATION_CONTEXT('2D SPACE',''
  ) );
#5181 = ADVANCED_FACE('',(#5182),#5170,.T.);
#5182 = FACE_BOUND('',#5183,.T.);
#5183 = EDGE_LOOP('',(#5184,#5185,#5208));
#5184 = ORIENTED_EDGE('',*,*,#5156,.F.);
#5185 = ORIENTED_EDGE('',*,*,#5186,.T.);
#5186 = EDGE_CURVE('',#5103,#5187,#5189,.T.);
#5187 = VERTEX_POINT('',#5188);
#5188 = CARTESIAN_POINT('',(-30.55662662315,-12.87156108337,
    -3.962727774827E-02));
#5189 = SURFACE_CURVE('',#5190,(#5194,#5201),.PCURVE_S1.);
#5190 = LINE('',#5191,#5192);
#5191 = CARTESIAN_POINT('',(-30.67950731361,-11.97477301506,
    -1.534096861553E-02));
#5192 = VECTOR('',#5193,1.);
#5193 = DIRECTION('',(0.135705780013,-0.990386071727,-2.68210775193E-02)
  );
#5194 = PCURVE('',#5170,#5195);
#5195 = DEFINITIONAL_REPRESENTATION('',(#5196),#5200);
#5196 = LINE('',#5197,#5198);
#5197 = CARTESIAN_POINT('',(-0.922502931537,-8.36244699985));
#5198 = VECTOR('',#5199,1.);
#5199 = DIRECTION('',(0.999640230918,-2.682179578682E-02));
#5200 = ( GEOMETRIC_REPRESENTATION_CONTEXT(2) 
PARAMETRIC_REPRESENTATION_CONTEXT() REPRESENTATION_CONTEXT('2D SPACE',''
  ) );
#5201 = PCURVE('',#5118,#5202);
#5202 = DEFINITIONAL_REPRESENTATION('',(#5203),#5207);
#5203 = LINE('',#5204,#5205);
#5204 = CARTESIAN_POINT('',(-3.203395858286E-02,0.887925293204));
#5205 = VECTOR('',#5206,1.);
#5206 = DIRECTION('',(6.104948291651E-03,0.99998136463));
#5207 = ( GEOMETRIC_REPRESENTATION_CONTEXT(2) 
PARAMETRIC_REPRESENTATION_CONTEXT() REPRESENTATION_CONTEXT('2D SPACE',''
  ) );
#5208 = ORIENTED_EDGE('',*,*,#5209,.T.);
#5209 = EDGE_CURVE('',#5187,#3074,#5210,.T.);
#5210 = SURFACE_CURVE('',#5211,(#5215,#5222),.PCURVE_S1.);
#5211 = LINE('',#5212,#5213);
#5212 = CARTESIAN_POINT('',(-30.55662662315,-12.87156108337,
    -3.962727774827E-02));
#5213 = VECTOR('',#5214,1.);
#5214 = DIRECTION('',(7.5313626708E-03,-1.052876812184E-03,
    0.999971084595));
#5215 = PCURVE('',#5170,#5216);
#5216 = DEFINITIONAL_REPRESENTATION('',(#5217),#5221);
#5217 = LINE('',#5218,#5219);
#5218 = CARTESIAN_POINT('',(-1.733528299111E-02,-8.386733959369));
#5219 = VECTOR('',#5220,1.);
#5220 = DIRECTION('',(2.066984125551E-03,0.999997863786));
#5221 = ( GEOMETRIC_REPRESENTATION_CONTEXT(2) 
PARAMETRIC_REPRESENTATION_CONTEXT() REPRESENTATION_CONTEXT('2D SPACE',''
  ) );
#5222 = PCURVE('',#3257,#5223);
#5223 = DEFINITIONAL_REPRESENTATION('',(#5224),#5228);
#5224 = LINE('',#5225,#5226);
#5225 = CARTESIAN_POINT('',(-0.93434245554,-8.357296289108));
#5226 = VECTOR('',#5227,1.);
#5227 = DIRECTION('',(3.359223570698E-03,0.999994357793));
#5228 = ( GEOMETRIC_REPRESENTATION_CONTEXT(2) 
PARAMETRIC_REPRESENTATION_CONTEXT() REPRESENTATION_CONTEXT('2D SPACE',''
  ) );
#5229 = ADVANCED_FACE('',(#5230),#3257,.T.);
#5230 = FACE_BOUND('',#5231,.T.);
#5231 = EDGE_LOOP('',(#5232,#5233,#5234));
#5232 = ORIENTED_EDGE('',*,*,#3241,.F.);
#5233 = ORIENTED_EDGE('',*,*,#5209,.F.);
#5234 = ORIENTED_EDGE('',*,*,#5235,.T.);
#5235 = EDGE_CURVE('',#5187,#3242,#5236,.T.);
#5236 = SURFACE_CURVE('',#5237,(#5241,#5248),.PCURVE_S1.);
#5237 = LINE('',#5238,#5239);
#5238 = CARTESIAN_POINT('',(-30.55662662315,-12.87156108337,
    -3.962727774827E-02));
#5239 = VECTOR('',#5240,1.);
#5240 = DIRECTION('',(4.124546605705E-02,-0.103390692862,0.993785276687)
  );
#5241 = PCURVE('',#3257,#5242);
#5242 = DEFINITIONAL_REPRESENTATION('',(#5243),#5247);
#5243 = LINE('',#5244,#5245);
#5244 = CARTESIAN_POINT('',(-0.93434245554,-8.357296289108));
#5245 = VECTOR('',#5246,1.);
#5246 = DIRECTION('',(0.111107390979,0.993808405916));
#5247 = ( GEOMETRIC_REPRESENTATION_CONTEXT(2) 
PARAMETRIC_REPRESENTATION_CONTEXT() REPRESENTATION_CONTEXT('2D SPACE',''
  ) );
#5248 = PCURVE('',#5249,#5254);
#5249 = PLANE('',#5250);
#5250 = AXIS2_PLACEMENT_3D('',#5251,#5252,#5253);
#5251 = CARTESIAN_POINT('',(-30.20977849994,-13.74101101823,
    8.317474509257));
#5252 = DIRECTION('',(-0.936228167852,-0.351385159058,2.299502836315E-03
    ));
#5253 = DIRECTION('',(0.351386088074,-0.936230643115,1.222040331293E-19)
  );
#5254 = DEFINITIONAL_REPRESENTATION('',(#5255),#5259);
#5255 = LINE('',#5256,#5257);
#5256 = CARTESIAN_POINT('',(-0.935883276836,-8.357123882072));
#5257 = VECTOR('',#5258,1.);
#5258 = DIRECTION('',(0.111290617839,0.993787904123));
#5259 = ( GEOMETRIC_REPRESENTATION_CONTEXT(2) 
PARAMETRIC_REPRESENTATION_CONTEXT() REPRESENTATION_CONTEXT('2D SPACE',''
  ) );
#5260 = ADVANCED_FACE('',(#5261),#5249,.T.);
#5261 = FACE_BOUND('',#5262,.T.);
#5262 = EDGE_LOOP('',(#5263,#5264,#5292));
#5263 = ORIENTED_EDGE('',*,*,#5235,.F.);
#5264 = ORIENTED_EDGE('',*,*,#5265,.T.);
#5265 = EDGE_CURVE('',#5187,#5266,#5268,.T.);
#5266 = VERTEX_POINT('',#5267);
#5267 = CARTESIAN_POINT('',(-30.23339887362,-13.73256115079,
    -8.195221991705E-03));
#5268 = SURFACE_CURVE('',#5269,(#5273,#5280),.PCURVE_S1.);
#5269 = LINE('',#5270,#5271);
#5270 = CARTESIAN_POINT('',(-30.55662662315,-12.87156108337,
    -3.962727774827E-02));
#5271 = VECTOR('',#5272,1.);
#5272 = DIRECTION('',(0.351254576606,-0.935656714438,3.415750489479E-02)
  );
#5273 = PCURVE('',#5249,#5274);
#5274 = DEFINITIONAL_REPRESENTATION('',(#5275),#5279);
#5275 = LINE('',#5276,#5277);
#5276 = CARTESIAN_POINT('',(-0.935883276836,-8.357123882072));
#5277 = VECTOR('',#5278,1.);
#5278 = DIRECTION('',(0.999416459085,3.415759520269E-02));
#5279 = ( GEOMETRIC_REPRESENTATION_CONTEXT(2) 
PARAMETRIC_REPRESENTATION_CONTEXT() REPRESENTATION_CONTEXT('2D SPACE',''
  ) );
#5280 = PCURVE('',#5281,#5286);
#5281 = PLANE('',#5282);
#5282 = AXIS2_PLACEMENT_3D('',#5283,#5284,#5285);
#5283 = CARTESIAN_POINT('',(-30.55662662315,-12.87156108337,
    -3.962727774827E-02));
#5284 = DIRECTION('',(-4.026528406537E-02,-5.154425386912E-02,
    -0.997858655718));
#5285 = DIRECTION('',(1.139455861822E-19,-0.998668551337,
    5.158608891775E-02));
#5286 = DEFINITIONAL_REPRESENTATION('',(#5287),#5291);
#5287 = LINE('',#5288,#5289);
#5288 = CARTESIAN_POINT('',(0.,0.));
#5289 = VECTOR('',#5290,1.);
#5290 = DIRECTION('',(0.936172987641,-0.351539666625));
#5291 = ( GEOMETRIC_REPRESENTATION_CONTEXT(2) 
PARAMETRIC_REPRESENTATION_CONTEXT() REPRESENTATION_CONTEXT('2D SPACE',''
  ) );
#5292 = ORIENTED_EDGE('',*,*,#5293,.T.);
#5293 = EDGE_CURVE('',#5266,#3242,#5294,.T.);
#5294 = SURFACE_CURVE('',#5295,(#5299,#5306),.PCURVE_S1.);
#5295 = LINE('',#5296,#5297);
#5296 = CARTESIAN_POINT('',(-30.23339887362,-13.73256115079,
    -8.195221991705E-03));
#5297 = VECTOR('',#5298,1.);
#5298 = DIRECTION('',(2.837041009304E-03,-1.01491283624E-03,
    0.999995460565));
#5299 = PCURVE('',#5249,#5300);
#5300 = DEFINITIONAL_REPRESENTATION('',(#5301),#5305);
#5301 = LINE('',#5302,#5303);
#5302 = CARTESIAN_POINT('',(-1.621089553235E-02,-8.325691743214));
#5303 = VECTOR('',#5304,1.);
#5304 = DIRECTION('',(1.947089239343E-03,0.99999810442));
#5305 = ( GEOMETRIC_REPRESENTATION_CONTEXT(2) 
PARAMETRIC_REPRESENTATION_CONTEXT() REPRESENTATION_CONTEXT('2D SPACE',''
  ) );
#5306 = PCURVE('',#3283,#5307);
#5307 = DEFINITIONAL_REPRESENTATION('',(#5308),#5312);
#5308 = LINE('',#5309,#5310);
#5309 = CARTESIAN_POINT('',(-0.931703856118,-8.374825450569));
#5310 = VECTOR('',#5311,1.);
#5311 = DIRECTION('',(2.096603906266E-03,0.999997802124));
#5312 = ( GEOMETRIC_REPRESENTATION_CONTEXT(2) 
PARAMETRIC_REPRESENTATION_CONTEXT() REPRESENTATION_CONTEXT('2D SPACE',''
  ) );
#5313 = ADVANCED_FACE('',(#5314),#3283,.T.);
#5314 = FACE_BOUND('',#5315,.T.);
#5315 = EDGE_LOOP('',(#5316,#5317,#5318));
#5316 = ORIENTED_EDGE('',*,*,#3269,.F.);
#5317 = ORIENTED_EDGE('',*,*,#5293,.F.);
#5318 = ORIENTED_EDGE('',*,*,#5319,.T.);
#5319 = EDGE_CURVE('',#5266,#3185,#5320,.T.);
#5320 = SURFACE_CURVE('',#5321,(#5325,#5332),.PCURVE_S1.);
#5321 = LINE('',#5322,#5323);
#5322 = CARTESIAN_POINT('',(-30.23339887362,-13.73256115079,
    -8.195221991705E-03));
#5323 = VECTOR('',#5324,1.);
#5324 = DIRECTION('',(4.765089978564E-02,-9.979674727648E-02,
    0.993866188671));
#5325 = PCURVE('',#3283,#5326);
#5326 = DEFINITIONAL_REPRESENTATION('',(#5327),#5331);
#5327 = LINE('',#5328,#5329);
#5328 = CARTESIAN_POINT('',(-0.931703856118,-8.374825450569));
#5329 = VECTOR('',#5330,1.);
#5330 = DIRECTION('',(0.110568409358,0.993868515877));
#5331 = ( GEOMETRIC_REPRESENTATION_CONTEXT(2) 
PARAMETRIC_REPRESENTATION_CONTEXT() REPRESENTATION_CONTEXT('2D SPACE',''
  ) );
#5332 = PCURVE('',#5333,#5338);
#5333 = PLANE('',#5334);
#5334 = AXIS2_PLACEMENT_3D('',#5335,#5336,#5337);
#5335 = CARTESIAN_POINT('',(-29.83186893089,-14.57349767874,
    8.366610618388));
#5336 = DIRECTION('',(-0.837896381689,-0.545633611512,
    -1.461559240527E-02));
#5337 = DIRECTION('',(0.54569189876,-0.837985889874,-3.527502748573E-20)
  );
#5338 = DEFINITIONAL_REPRESENTATION('',(#5339),#5343);
#5339 = LINE('',#5340,#5341);
#5340 = CARTESIAN_POINT('',(-0.923804581558,-8.375700478056));
#5341 = VECTOR('',#5342,1.);
#5342 = DIRECTION('',(0.109630976055,0.993972358312));
#5343 = ( GEOMETRIC_REPRESENTATION_CONTEXT(2) 
PARAMETRIC_REPRESENTATION_CONTEXT() REPRESENTATION_CONTEXT('2D SPACE',''
  ) );
#5344 = ADVANCED_FACE('',(#5345),#5333,.T.);
#5345 = FACE_BOUND('',#5346,.T.);
#5346 = EDGE_LOOP('',(#5347,#5348,#5371));
#5347 = ORIENTED_EDGE('',*,*,#5319,.F.);
#5348 = ORIENTED_EDGE('',*,*,#5349,.T.);
#5349 = EDGE_CURVE('',#5266,#5350,#5352,.T.);
#5350 = VERTEX_POINT('',#5351);
#5351 = CARTESIAN_POINT('',(-29.7302936363,-14.50567521663,
    1.143873345018E-02));
#5352 = SURFACE_CURVE('',#5353,(#5357,#5364),.PCURVE_S1.);
#5353 = LINE('',#5354,#5355);
#5354 = CARTESIAN_POINT('',(-30.23339887362,-13.73256115079,
    -8.195221991705E-03));
#5355 = VECTOR('',#5356,1.);
#5356 = DIRECTION('',(0.545307623078,-0.837965821726,2.12809264927E-02)
  );
#5357 = PCURVE('',#5333,#5358);
#5358 = DEFINITIONAL_REPRESENTATION('',(#5359),#5363);
#5359 = LINE('',#5360,#5361);
#5360 = CARTESIAN_POINT('',(-0.923804581558,-8.375700478056));
#5361 = VECTOR('',#5362,1.);
#5362 = DIRECTION('',(0.999773487049,2.128319982524E-02));
#5363 = ( GEOMETRIC_REPRESENTATION_CONTEXT(2) 
PARAMETRIC_REPRESENTATION_CONTEXT() REPRESENTATION_CONTEXT('2D SPACE',''
  ) );
#5364 = PCURVE('',#5281,#5365);
#5365 = DEFINITIONAL_REPRESENTATION('',(#5366),#5370);
#5366 = LINE('',#5367,#5368);
#5367 = CARTESIAN_POINT('',(0.861475146852,-0.323490092032));
#5368 = VECTOR('',#5369,1.);
#5369 = DIRECTION('',(0.83794791302,-0.54575021307));
#5370 = ( GEOMETRIC_REPRESENTATION_CONTEXT(2) 
PARAMETRIC_REPRESENTATION_CONTEXT() REPRESENTATION_CONTEXT('2D SPACE',''
  ) );
#5371 = ORIENTED_EDGE('',*,*,#5372,.F.);
#5372 = EDGE_CURVE('',#3185,#5350,#5373,.T.);
#5373 = SURFACE_CURVE('',#5374,(#5378,#5385),.PCURVE_S1.);
#5374 = LINE('',#5375,#5376);
#5375 = CARTESIAN_POINT('',(-29.83186893089,-14.57349767874,
    8.366610618388));
#5376 = VECTOR('',#5377,1.);
#5377 = DIRECTION('',(1.215587721498E-02,8.116555557093E-03,
    -0.999893172381));
#5378 = PCURVE('',#5333,#5379);
#5379 = DEFINITIONAL_REPRESENTATION('',(#5380),#5384);
#5380 = LINE('',#5381,#5382);
#5381 = CARTESIAN_POINT('',(0.,0.));
#5382 = VECTOR('',#5383,1.);
#5383 = DIRECTION('',(-1.681953126855E-04,-0.999999985855));
#5384 = ( GEOMETRIC_REPRESENTATION_CONTEXT(2) 
PARAMETRIC_REPRESENTATION_CONTEXT() REPRESENTATION_CONTEXT('2D SPACE',''
  ) );
#5385 = PCURVE('',#3431,#5386);
#5386 = DEFINITIONAL_REPRESENTATION('',(#5387),#5391);
#5387 = LINE('',#5388,#5389);
#5388 = CARTESIAN_POINT('',(-0.912144914539,-1.750699598772E-02));
#5389 = VECTOR('',#5390,1.);
#5390 = DIRECTION('',(2.402880140277E-03,-0.999997113079));
#5391 = ( GEOMETRIC_REPRESENTATION_CONTEXT(2) 
PARAMETRIC_REPRESENTATION_CONTEXT() REPRESENTATION_CONTEXT('2D SPACE',''
  ) );
#5392 = ADVANCED_FACE('',(#5393),#3431,.T.);
#5393 = FACE_BOUND('',#5394,.T.);
#5394 = EDGE_LOOP('',(#5395,#5396,#5397));
#5395 = ORIENTED_EDGE('',*,*,#3415,.F.);
#5396 = ORIENTED_EDGE('',*,*,#5372,.T.);
#5397 = ORIENTED_EDGE('',*,*,#5398,.T.);
#5398 = EDGE_CURVE('',#5350,#3416,#5399,.T.);
#5399 = SURFACE_CURVE('',#5400,(#5404,#5411),.PCURVE_S1.);
#5400 = LINE('',#5401,#5402);
#5401 = CARTESIAN_POINT('',(-29.7302936363,-14.50567521663,
    1.143873345018E-02));
#5402 = VECTOR('',#5403,1.);
#5403 = DIRECTION('',(6.205602981263E-02,-8.704415696659E-02,
    0.994269764149));
#5404 = PCURVE('',#3431,#5405);
#5405 = DEFINITIONAL_REPRESENTATION('',(#5406),#5410);
#5406 = LINE('',#5407,#5408);
#5407 = CARTESIAN_POINT('',(-0.892066292997,-8.373547416106));
#5408 = VECTOR('',#5409,1.);
#5409 = DIRECTION('',(0.105934402612,0.994373120284));
#5410 = ( GEOMETRIC_REPRESENTATION_CONTEXT(2) 
PARAMETRIC_REPRESENTATION_CONTEXT() REPRESENTATION_CONTEXT('2D SPACE',''
  ) );
#5411 = PCURVE('',#5412,#5417);
#5412 = PLANE('',#5413);
#5413 = AXIS2_PLACEMENT_3D('',#5414,#5415,#5416);
#5414 = CARTESIAN_POINT('',(-29.20772409224,-15.23866805482,
    8.384115794682));
#5415 = DIRECTION('',(-0.798566886592,-0.601899320634,
    -2.852272616408E-03));
#5416 = DIRECTION('',(0.601901769013,-0.798570134966,9.72435040993E-20)
  );
#5417 = DEFINITIONAL_REPRESENTATION('',(#5418),#5422);
#5418 = LINE('',#5419,#5420);
#5419 = CARTESIAN_POINT('',(-0.899881722722,-8.372711119225));
#5420 = VECTOR('',#5421,1.);
#5421 = DIRECTION('',(0.106862498299,0.994273808595));
#5422 = ( GEOMETRIC_REPRESENTATION_CONTEXT(2) 
PARAMETRIC_REPRESENTATION_CONTEXT() REPRESENTATION_CONTEXT('2D SPACE',''
  ) );
#5423 = ADVANCED_FACE('',(#5424),#5412,.T.);
#5424 = FACE_BOUND('',#5425,.T.);
#5425 = EDGE_LOOP('',(#5426,#5427,#5455));
#5426 = ORIENTED_EDGE('',*,*,#5398,.F.);
#5427 = ORIENTED_EDGE('',*,*,#5428,.T.);
#5428 = EDGE_CURVE('',#5350,#5429,#5431,.T.);
#5429 = VERTEX_POINT('',#5430);
#5430 = CARTESIAN_POINT('',(-29.18570565132,-15.22801103641,
    -2.940324034447E-02));
#5431 = SURFACE_CURVE('',#5432,(#5436,#5443),.PCURVE_S1.);
#5432 = LINE('',#5433,#5434);
#5433 = CARTESIAN_POINT('',(-29.7302936363,-14.50567521663,
    1.143873345018E-02));
#5434 = VECTOR('',#5435,1.);
#5435 = DIRECTION('',(0.601391990706,-0.797680060155,-4.510205256526E-02
    ));
#5436 = PCURVE('',#5412,#5437);
#5437 = DEFINITIONAL_REPRESENTATION('',(#5438),#5442);
#5438 = LINE('',#5439,#5440);
#5439 = CARTESIAN_POINT('',(-0.899881722722,-8.372711119225));
#5440 = VECTOR('',#5441,1.);
#5441 = DIRECTION('',(0.998982376374,-4.510223602933E-02));
#5442 = ( GEOMETRIC_REPRESENTATION_CONTEXT(2) 
PARAMETRIC_REPRESENTATION_CONTEXT() REPRESENTATION_CONTEXT('2D SPACE',''
  ) );
#5443 = PCURVE('',#5444,#5449);
#5444 = PLANE('',#5445);
#5445 = AXIS2_PLACEMENT_3D('',#5446,#5447,#5448);
#5446 = CARTESIAN_POINT('',(-29.7302936363,-14.50567521663,
    1.143873345018E-02));
#5447 = DIRECTION('',(0.727872979704,0.570290700655,-0.380748528774));
#5448 = DIRECTION('',(-0.61674476494,0.787163194591,1.541789631628E-17)
  );
#5449 = DEFINITIONAL_REPRESENTATION('',(#5450),#5454);
#5450 = LINE('',#5451,#5452);
#5451 = CARTESIAN_POINT('',(0.,0.));
#5452 = VECTOR('',#5453,1.);
#5453 = DIRECTION('',(-0.998809746358,-4.877592213185E-02));
#5454 = ( GEOMETRIC_REPRESENTATION_CONTEXT(2) 
PARAMETRIC_REPRESENTATION_CONTEXT() REPRESENTATION_CONTEXT('2D SPACE',''
  ) );
#5455 = ORIENTED_EDGE('',*,*,#5456,.F.);
#5456 = EDGE_CURVE('',#3416,#5429,#5457,.T.);
#5457 = SURFACE_CURVE('',#5458,(#5462,#5469),.PCURVE_S1.);
#5458 = LINE('',#5459,#5460);
#5459 = CARTESIAN_POINT('',(-29.20772409224,-15.23866805482,
    8.384115794682));
#5460 = VECTOR('',#5461,1.);
#5461 = DIRECTION('',(2.617020031798E-03,1.266648749881E-03,
    -0.999995773395));
#5462 = PCURVE('',#5412,#5463);
#5463 = DEFINITIONAL_REPRESENTATION('',(#5464),#5468);
#5464 = LINE('',#5465,#5466);
#5465 = CARTESIAN_POINT('',(0.,0.));
#5466 = VECTOR('',#5467,1.);
#5467 = DIRECTION('',(5.636811235334E-04,-0.999999841132));
#5468 = ( GEOMETRIC_REPRESENTATION_CONTEXT(2) 
PARAMETRIC_REPRESENTATION_CONTEXT() REPRESENTATION_CONTEXT('2D SPACE',''
  ) );
#5469 = PCURVE('',#3457,#5470);
#5470 = DEFINITIONAL_REPRESENTATION('',(#5471),#5475);
#5471 = LINE('',#5472,#5473);
#5472 = CARTESIAN_POINT('',(-0.920261957413,-2.211122434193E-02));
#5473 = VECTOR('',#5474,1.);
#5474 = DIRECTION('',(8.320605861756E-04,-0.999999653838));
#5475 = ( GEOMETRIC_REPRESENTATION_CONTEXT(2) 
PARAMETRIC_REPRESENTATION_CONTEXT() REPRESENTATION_CONTEXT('2D SPACE',''
  ) );
#5476 = ADVANCED_FACE('',(#5477),#3457,.T.);
#5477 = FACE_BOUND('',#5478,.T.);
#5478 = EDGE_LOOP('',(#5479,#5480,#5481));
#5479 = ORIENTED_EDGE('',*,*,#3443,.F.);
#5480 = ORIENTED_EDGE('',*,*,#5456,.T.);
#5481 = ORIENTED_EDGE('',*,*,#5482,.T.);
#5482 = EDGE_CURVE('',#5429,#3359,#5483,.T.);
#5483 = SURFACE_CURVE('',#5484,(#5488,#5495),.PCURVE_S1.);
#5484 = LINE('',#5485,#5486);
#5485 = CARTESIAN_POINT('',(-29.18570565132,-15.22801103641,
    -2.940324034447E-02));
#5486 = VECTOR('',#5487,1.);
#5487 = DIRECTION('',(7.06125310958E-02,-8.127982787899E-02,
    0.994186833564));
#5488 = PCURVE('',#3457,#5489);
#5489 = DEFINITIONAL_REPRESENTATION('',(#5490),#5494);
#5490 = LINE('',#5491,#5492);
#5491 = CARTESIAN_POINT('',(-0.913261370244,-8.435662907686));
#5492 = VECTOR('',#5493,1.);
#5493 = DIRECTION('',(0.107633029331,0.994190691466));
#5494 = ( GEOMETRIC_REPRESENTATION_CONTEXT(2) 
PARAMETRIC_REPRESENTATION_CONTEXT() REPRESENTATION_CONTEXT('2D SPACE',''
  ) );
#5495 = PCURVE('',#5496,#5501);
#5496 = PLANE('',#5497);
#5497 = AXIS2_PLACEMENT_3D('',#5498,#5499,#5500);
#5498 = CARTESIAN_POINT('',(-28.58656152887,-15.91766668805,
    8.406226933222));
#5499 = DIRECTION('',(-0.779880332609,-0.625914420245,4.219637347042E-03
    ));
#5500 = DIRECTION('',(0.625919992629,-0.779887275718,1.358481986674E-19)
  );
#5501 = DEFINITIONAL_REPRESENTATION('',(#5502),#5506);
#5502 = LINE('',#5503,#5504);
#5503 = CARTESIAN_POINT('',(-0.91286995205,-8.435705274198));
#5504 = VECTOR('',#5505,1.);
#5505 = DIRECTION('',(0.107586898478,0.994195684599));
#5506 = ( GEOMETRIC_REPRESENTATION_CONTEXT(2) 
PARAMETRIC_REPRESENTATION_CONTEXT() REPRESENTATION_CONTEXT('2D SPACE',''
  ) );
#5507 = ADVANCED_FACE('',(#5508),#5496,.T.);
#5508 = FACE_BOUND('',#5509,.T.);
#5509 = EDGE_LOOP('',(#5510,#5511,#5534));
#5510 = ORIENTED_EDGE('',*,*,#5482,.F.);
#5511 = ORIENTED_EDGE('',*,*,#5512,.T.);
#5512 = EDGE_CURVE('',#5429,#5513,#5515,.T.);
#5513 = VERTEX_POINT('',#5514);
#5514 = CARTESIAN_POINT('',(-28.58930299707,-15.97093559477,
    -2.029765872568E-03));
#5515 = SURFACE_CURVE('',#5516,(#5520,#5527),.PCURVE_S1.);
#5516 = LINE('',#5517,#5518);
#5517 = CARTESIAN_POINT('',(-29.18570565132,-15.22801103641,
    -2.940324034447E-02));
#5518 = VECTOR('',#5519,1.);
#5519 = DIRECTION('',(0.625756296329,-0.779489690021,2.872073737607E-02)
  );
#5520 = PCURVE('',#5496,#5521);
#5521 = DEFINITIONAL_REPRESENTATION('',(#5522),#5526);
#5522 = LINE('',#5523,#5524);
#5523 = CARTESIAN_POINT('',(-0.91286995205,-8.435705274198));
#5524 = VECTOR('',#5525,1.);
#5525 = DIRECTION('',(0.999587467187,2.872099307072E-02));
#5526 = ( GEOMETRIC_REPRESENTATION_CONTEXT(2) 
PARAMETRIC_REPRESENTATION_CONTEXT() REPRESENTATION_CONTEXT('2D SPACE',''
  ) );
#5527 = PCURVE('',#5444,#5528);
#5528 = DEFINITIONAL_REPRESENTATION('',(#5529),#5533);
#5529 = LINE('',#5530,#5531);
#5530 = CARTESIAN_POINT('',(-0.904467960246,-4.416883091155E-02));
#5531 = VECTOR('',#5532,1.);
#5532 = DIRECTION('',(-0.999517514437,3.106023717651E-02));
#5533 = ( GEOMETRIC_REPRESENTATION_CONTEXT(2) 
PARAMETRIC_REPRESENTATION_CONTEXT() REPRESENTATION_CONTEXT('2D SPACE',''
  ) );
#5534 = ORIENTED_EDGE('',*,*,#5535,.T.);
#5535 = EDGE_CURVE('',#5513,#3359,#5536,.T.);
#5536 = SURFACE_CURVE('',#5537,(#5541,#5548),.PCURVE_S1.);
#5537 = LINE('',#5538,#5539);
#5538 = CARTESIAN_POINT('',(-28.58930299707,-15.97093559477,
    -2.029765872568E-03));
#5539 = VECTOR('',#5540,1.);
#5540 = DIRECTION('',(3.260382183617E-04,6.33518181224E-03,
    0.999979879383));
#5541 = PCURVE('',#5496,#5542);
#5542 = DEFINITIONAL_REPRESENTATION('',(#5543),#5547);
#5543 = LINE('',#5544,#5545);
#5544 = CARTESIAN_POINT('',(3.982780278765E-02,-8.408331556026));
#5545 = VECTOR('',#5546,1.);
#5546 = DIRECTION('',(-4.736653845495E-03,0.999988781992));
#5547 = ( GEOMETRIC_REPRESENTATION_CONTEXT(2) 
PARAMETRIC_REPRESENTATION_CONTEXT() REPRESENTATION_CONTEXT('2D SPACE',''
  ) );
#5548 = PCURVE('',#3490,#5549);
#5549 = DEFINITIONAL_REPRESENTATION('',(#5550),#5554);
#5550 = LINE('',#5551,#5552);
#5551 = CARTESIAN_POINT('',(0.893311549403,8.331607585941));
#5552 = VECTOR('',#5553,1.);
#5553 = DIRECTION('',(3.324097524113E-03,-0.999994475173));
#5554 = ( GEOMETRIC_REPRESENTATION_CONTEXT(2) 
PARAMETRIC_REPRESENTATION_CONTEXT() REPRESENTATION_CONTEXT('2D SPACE',''
  ) );
#5555 = ADVANCED_FACE('',(#5556),#3490,.T.);
#5556 = FACE_BOUND('',#5557,.T.);
#5557 = EDGE_LOOP('',(#5558,#5559,#5560));
#5558 = ORIENTED_EDGE('',*,*,#3474,.F.);
#5559 = ORIENTED_EDGE('',*,*,#5535,.F.);
#5560 = ORIENTED_EDGE('',*,*,#5561,.T.);
#5561 = EDGE_CURVE('',#5513,#3475,#5562,.T.);
#5562 = SURFACE_CURVE('',#5563,(#5567,#5574),.PCURVE_S1.);
#5563 = LINE('',#5564,#5565);
#5564 = CARTESIAN_POINT('',(-28.58930299707,-15.97093559477,
    -2.029765872568E-03));
#5565 = VECTOR('',#5566,1.);
#5566 = DIRECTION('',(9.085500252495E-02,-5.60322393013E-02,
    0.99428655662));
#5567 = PCURVE('',#3490,#5568);
#5568 = DEFINITIONAL_REPRESENTATION('',(#5569),#5573);
#5569 = LINE('',#5570,#5571);
#5570 = CARTESIAN_POINT('',(0.893311549403,8.331607585941));
#5571 = VECTOR('',#5572,1.);
#5572 = DIRECTION('',(-0.106608552988,-0.994301069309));
#5573 = ( GEOMETRIC_REPRESENTATION_CONTEXT(2) 
PARAMETRIC_REPRESENTATION_CONTEXT() REPRESENTATION_CONTEXT('2D SPACE',''
  ) );
#5574 = PCURVE('',#5575,#5580);
#5575 = PLANE('',#5576);
#5576 = AXIS2_PLACEMENT_3D('',#5577,#5578,#5579);
#5577 = CARTESIAN_POINT('',(-27.82799613376,-16.44044995458,
    8.329456213004));
#5578 = DIRECTION('',(-0.600363458801,-0.799667292385,9.794836721927E-03
    ));
#5579 = DIRECTION('',(-0.799705654716,0.600392259956,-4.170228540028E-19
    ));
#5580 = DEFINITIONAL_REPRESENTATION('',(#5581),#5585);
#5581 = LINE('',#5582,#5583);
#5582 = CARTESIAN_POINT('',(0.890714191131,8.331885664129));
#5583 = VECTOR('',#5584,1.);
#5584 = DIRECTION('',(-0.106298582063,-0.994334255395));
#5585 = ( GEOMETRIC_REPRESENTATION_CONTEXT(2) 
PARAMETRIC_REPRESENTATION_CONTEXT() REPRESENTATION_CONTEXT('2D SPACE',''
  ) );
#5586 = ADVANCED_FACE('',(#5587),#5575,.T.);
#5587 = FACE_BOUND('',#5588,.T.);
#5588 = EDGE_LOOP('',(#5589,#5590,#5618));
#5589 = ORIENTED_EDGE('',*,*,#5561,.F.);
#5590 = ORIENTED_EDGE('',*,*,#5591,.T.);
#5591 = EDGE_CURVE('',#5513,#5592,#5594,.T.);
#5592 = VERTEX_POINT('',#5593);
#5593 = CARTESIAN_POINT('',(-27.86769506169,-16.51315232733,
    -3.939133063309E-02));
#5594 = SURFACE_CURVE('',#5595,(#5599,#5606),.PCURVE_S1.);
#5595 = LINE('',#5596,#5597);
#5596 = CARTESIAN_POINT('',(-28.58930299707,-15.97093559477,
    -2.029765872568E-03));
#5597 = VECTOR('',#5598,1.);
#5598 = DIRECTION('',(0.798778162506,-0.600202497889,-4.135708683967E-02
    ));
#5599 = PCURVE('',#5575,#5600);
#5600 = DEFINITIONAL_REPRESENTATION('',(#5601),#5605);
#5601 = LINE('',#5602,#5603);
#5602 = CARTESIAN_POINT('',(0.890714191131,8.331885664129));
#5603 = VECTOR('',#5604,1.);
#5604 = DIRECTION('',(-0.999144347558,4.135907085762E-02));
#5605 = ( GEOMETRIC_REPRESENTATION_CONTEXT(2) 
PARAMETRIC_REPRESENTATION_CONTEXT() REPRESENTATION_CONTEXT('2D SPACE',''
  ) );
#5606 = PCURVE('',#5607,#5612);
#5607 = PLANE('',#5608);
#5608 = AXIS2_PLACEMENT_3D('',#5609,#5610,#5611);
#5609 = CARTESIAN_POINT('',(-27.03578813555,-16.93377802614,
    2.44086420617E-02));
#5610 = DIRECTION('',(0.289261259477,0.443418853993,-0.848355847325));
#5611 = DIRECTION('',(-2.878768716068E-18,-0.886242549063,-0.46322148507
    ));
#5612 = DEFINITIONAL_REPRESENTATION('',(#5613),#5617);
#5613 = LINE('',#5614,#5615);
#5614 = CARTESIAN_POINT('',(-0.841065092136,1.622893241345));
#5615 = VECTOR('',#5616,1.);
#5616 = DIRECTION('',(0.551082482867,-0.834450775706));
#5617 = ( GEOMETRIC_REPRESENTATION_CONTEXT(2) 
PARAMETRIC_REPRESENTATION_CONTEXT() REPRESENTATION_CONTEXT('2D SPACE',''
  ) );
#5618 = ORIENTED_EDGE('',*,*,#5619,.T.);
#5619 = EDGE_CURVE('',#5592,#3475,#5620,.T.);
#5620 = SURFACE_CURVE('',#5621,(#5625,#5632),.PCURVE_S1.);
#5621 = LINE('',#5622,#5623);
#5622 = CARTESIAN_POINT('',(-27.86769506169,-16.51315232733,
    -3.939133063309E-02));
#5623 = VECTOR('',#5624,1.);
#5624 = DIRECTION('',(4.743422937605E-03,8.686836660708E-03,
    0.999951018204));
#5625 = PCURVE('',#5575,#5626);
#5626 = DEFINITIONAL_REPRESENTATION('',(#5627),#5631);
#5627 = LINE('',#5628,#5629);
#5628 = CARTESIAN_POINT('',(-1.19024847277E-02,8.369249021231));
#5629 = VECTOR('',#5630,1.);
#5630 = DIRECTION('',(1.422167348678E-03,-0.99999898872));
#5631 = ( GEOMETRIC_REPRESENTATION_CONTEXT(2) 
PARAMETRIC_REPRESENTATION_CONTEXT() REPRESENTATION_CONTEXT('2D SPACE',''
  ) );
#5632 = PCURVE('',#3516,#5633);
#5633 = DEFINITIONAL_REPRESENTATION('',(#5634),#5638);
#5634 = LINE('',#5635,#5636);
#5635 = CARTESIAN_POINT('',(0.952226184736,8.400471818764));
#5636 = VECTOR('',#5637,1.);
#5637 = DIRECTION('',(-2.141394189306E-05,-0.999999999771));
#5638 = ( GEOMETRIC_REPRESENTATION_CONTEXT(2) 
PARAMETRIC_REPRESENTATION_CONTEXT() REPRESENTATION_CONTEXT('2D SPACE',''
  ) );
#5639 = ADVANCED_FACE('',(#5640),#3516,.T.);
#5640 = FACE_BOUND('',#5641,.T.);
#5641 = EDGE_LOOP('',(#5642,#5643,#5644));
#5642 = ORIENTED_EDGE('',*,*,#3502,.F.);
#5643 = ORIENTED_EDGE('',*,*,#5619,.F.);
#5644 = ORIENTED_EDGE('',*,*,#5645,.T.);
#5645 = EDGE_CURVE('',#5592,#3301,#5646,.T.);
#5646 = SURFACE_CURVE('',#5647,(#5651,#5658),.PCURVE_S1.);
#5647 = LINE('',#5648,#5649);
#5648 = CARTESIAN_POINT('',(-27.86769506169,-16.51315232733,
    -3.939133063309E-02));
#5649 = VECTOR('',#5650,1.);
#5650 = DIRECTION('',(0.103666110263,-4.512378121038E-02,0.993588034324)
  );
#5651 = PCURVE('',#3516,#5652);
#5652 = DEFINITIONAL_REPRESENTATION('',(#5653),#5657);
#5653 = LINE('',#5654,#5655);
#5654 = CARTESIAN_POINT('',(0.952226184736,8.400471818764));
#5655 = VECTOR('',#5656,1.);
#5656 = DIRECTION('',(-0.112632588773,-0.993636704206));
#5657 = ( GEOMETRIC_REPRESENTATION_CONTEXT(2) 
PARAMETRIC_REPRESENTATION_CONTEXT() REPRESENTATION_CONTEXT('2D SPACE',''
  ) );
#5658 = PCURVE('',#5659,#5664);
#5659 = PLANE('',#5660);
#5660 = AXIS2_PLACEMENT_3D('',#5661,#5662,#5663);
#5661 = CARTESIAN_POINT('',(-26.99127389675,-16.8946409044,
    8.360669019862));
#5662 = DIRECTION('',(-0.451611993895,-0.892190027093,6.600191375203E-03
    ));
#5663 = DIRECTION('',(-0.892209460753,0.451621830896,-3.964616542069E-19
    ));
#5664 = DEFINITIONAL_REPRESENTATION('',(#5665),#5669);
#5665 = LINE('',#5666,#5667);
#5666 = CARTESIAN_POINT('',(0.954239824606,8.400243320398));
#5667 = VECTOR('',#5668,1.);
#5668 = DIRECTION('',(-0.112870769023,-0.993609676634));
#5669 = ( GEOMETRIC_REPRESENTATION_CONTEXT(2) 
PARAMETRIC_REPRESENTATION_CONTEXT() REPRESENTATION_CONTEXT('2D SPACE',''
  ) );
#5670 = ADVANCED_FACE('',(#5671),#5659,.T.);
#5671 = FACE_BOUND('',#5672,.T.);
#5672 = EDGE_LOOP('',(#5673,#5674,#5697));
#5673 = ORIENTED_EDGE('',*,*,#5645,.F.);
#5674 = ORIENTED_EDGE('',*,*,#5675,.T.);
#5675 = EDGE_CURVE('',#5592,#5676,#5678,.T.);
#5676 = VERTEX_POINT('',#5677);
#5677 = CARTESIAN_POINT('',(-27.03578813555,-16.93377802614,
    2.44086420617E-02));
#5678 = SURFACE_CURVE('',#5679,(#5683,#5690),.PCURVE_S1.);
#5679 = LINE('',#5680,#5681);
#5680 = CARTESIAN_POINT('',(-27.86769506169,-16.51315232733,
    -3.939133063309E-02));
#5681 = VECTOR('',#5682,1.);
#5682 = DIRECTION('',(0.890330629597,-0.450165675368,6.82805588859E-02)
  );
#5683 = PCURVE('',#5659,#5684);
#5684 = DEFINITIONAL_REPRESENTATION('',(#5685),#5689);
#5685 = LINE('',#5686,#5687);
#5686 = CARTESIAN_POINT('',(0.954239824606,8.400243320398));
#5687 = VECTOR('',#5688,1.);
#5688 = DIRECTION('',(-0.997666057441,-6.828204617131E-02));
#5689 = ( GEOMETRIC_REPRESENTATION_CONTEXT(2) 
PARAMETRIC_REPRESENTATION_CONTEXT() REPRESENTATION_CONTEXT('2D SPACE',''
  ) );
#5690 = PCURVE('',#5607,#5691);
#5691 = DEFINITIONAL_REPRESENTATION('',(#5692),#5696);
#5692 = LINE('',#5693,#5694);
#5693 = CARTESIAN_POINT('',(-0.343222873417,0.869059035931));
#5694 = VECTOR('',#5695,1.);
#5695 = DIRECTION('',(0.36732695375,-0.930091882047));
#5696 = ( GEOMETRIC_REPRESENTATION_CONTEXT(2) 
PARAMETRIC_REPRESENTATION_CONTEXT() REPRESENTATION_CONTEXT('2D SPACE',''
  ) );
#5697 = ORIENTED_EDGE('',*,*,#5698,.T.);
#5698 = EDGE_CURVE('',#5676,#3301,#5699,.T.);
#5699 = SURFACE_CURVE('',#5700,(#5704,#5711),.PCURVE_S1.);
#5700 = LINE('',#5701,#5702);
#5701 = CARTESIAN_POINT('',(-27.03578813555,-16.93377802614,
    2.44086420617E-02));
#5702 = VECTOR('',#5703,1.);
#5703 = DIRECTION('',(5.339698092224E-03,4.694686911663E-03,
    0.99997472345));
#5704 = PCURVE('',#5659,#5705);
#5705 = DEFINITIONAL_REPRESENTATION('',(#5706),#5710);
#5706 = LINE('',#5707,#5708);
#5707 = CARTESIAN_POINT('',(2.204084642148E-02,8.336441958013));
#5708 = VECTOR('',#5709,1.);
#5709 = DIRECTION('',(-2.64390605692E-03,-0.999996504874));
#5710 = ( GEOMETRIC_REPRESENTATION_CONTEXT(2) 
PARAMETRIC_REPRESENTATION_CONTEXT() REPRESENTATION_CONTEXT('2D SPACE',''
  ) );
#5711 = PCURVE('',#3606,#5712);
#5712 = DEFINITIONAL_REPRESENTATION('',(#5713),#5717);
#5713 = LINE('',#5714,#5715);
#5714 = CARTESIAN_POINT('',(0.896967687245,8.379609806443));
#5715 = VECTOR('',#5716,1.);
#5716 = DIRECTION('',(-3.159658091197E-03,-0.999995008268));
#5717 = ( GEOMETRIC_REPRESENTATION_CONTEXT(2) 
PARAMETRIC_REPRESENTATION_CONTEXT() REPRESENTATION_CONTEXT('2D SPACE',''
  ) );
#5718 = ADVANCED_FACE('',(#5719),#3606,.T.);
#5719 = FACE_BOUND('',#5720,.T.);
#5720 = EDGE_LOOP('',(#5721,#5722,#5723));
#5721 = ORIENTED_EDGE('',*,*,#3590,.F.);
#5722 = ORIENTED_EDGE('',*,*,#5698,.F.);
#5723 = ORIENTED_EDGE('',*,*,#5724,.T.);
#5724 = EDGE_CURVE('',#5676,#3591,#5725,.T.);
#5725 = SURFACE_CURVE('',#5726,(#5730,#5737),.PCURVE_S1.);
#5726 = LINE('',#5727,#5728);
#5727 = CARTESIAN_POINT('',(-27.03578813555,-16.93377802614,
    2.44086420617E-02));
#5728 = VECTOR('',#5729,1.);
#5729 = DIRECTION('',(0.100880702342,-3.451554193904E-02,0.994299633541)
  );
#5730 = PCURVE('',#3606,#5731);
#5731 = DEFINITIONAL_REPRESENTATION('',(#5732),#5736);
#5732 = LINE('',#5733,#5734);
#5733 = CARTESIAN_POINT('',(0.896967687245,8.379609806443));
#5734 = VECTOR('',#5735,1.);
#5735 = DIRECTION('',(-0.106433683058,-0.994319803238));
#5736 = ( GEOMETRIC_REPRESENTATION_CONTEXT(2) 
PARAMETRIC_REPRESENTATION_CONTEXT() REPRESENTATION_CONTEXT('2D SPACE',''
  ) );
#5737 = PCURVE('',#5738,#5743);
#5738 = PLANE('',#5739);
#5739 = AXIS2_PLACEMENT_3D('',#5740,#5741,#5742);
#5740 = CARTESIAN_POINT('',(-26.18561807973,-17.22465704993,
    8.403848468798));
#5741 = DIRECTION('',(-0.302823110953,-0.953043859084,
    -2.359265849581E-03));
#5742 = DIRECTION('',(-0.953046511481,0.302823953733,1.492049495659E-19)
  );
#5743 = DEFINITIONAL_REPRESENTATION('',(#5744),#5748);
#5744 = LINE('',#5745,#5746);
#5745 = CARTESIAN_POINT('',(0.898336741913,8.379463147382));
#5746 = VECTOR('',#5747,1.);
#5747 = DIRECTION('',(-0.106596134318,-0.994302400756));
#5748 = ( GEOMETRIC_REPRESENTATION_CONTEXT(2) 
PARAMETRIC_REPRESENTATION_CONTEXT() REPRESENTATION_CONTEXT('2D SPACE',''
  ) );
#5749 = ADVANCED_FACE('',(#5750),#5738,.T.);
#5750 = FACE_BOUND('',#5751,.T.);
#5751 = EDGE_LOOP('',(#5752,#5753,#5781));
#5752 = ORIENTED_EDGE('',*,*,#5724,.F.);
#5753 = ORIENTED_EDGE('',*,*,#5754,.T.);
#5754 = EDGE_CURVE('',#5676,#5755,#5757,.T.);
#5755 = VERTEX_POINT('',#5756);
#5756 = CARTESIAN_POINT('',(-26.1561239455,-17.2131721891,
    -2.12646133034E-02));
#5757 = SURFACE_CURVE('',#5758,(#5762,#5769),.PCURVE_S1.);
#5758 = LINE('',#5759,#5760);
#5759 = CARTESIAN_POINT('',(-27.03578813555,-16.93377802614,
    2.44086420617E-02));
#5760 = VECTOR('',#5761,1.);
#5761 = DIRECTION('',(0.951917052327,-0.302342724702,-4.942471355443E-02
    ));
#5762 = PCURVE('',#5738,#5763);
#5763 = DEFINITIONAL_REPRESENTATION('',(#5764),#5768);
#5764 = LINE('',#5765,#5766);
#5765 = CARTESIAN_POINT('',(0.898336741913,8.379463147382));
#5766 = VECTOR('',#5767,1.);
#5767 = DIRECTION('',(-0.998777845215,4.942485110732E-02));
#5768 = ( GEOMETRIC_REPRESENTATION_CONTEXT(2) 
PARAMETRIC_REPRESENTATION_CONTEXT() REPRESENTATION_CONTEXT('2D SPACE',''
  ) );
#5769 = PCURVE('',#5770,#5775);
#5770 = PLANE('',#5771);
#5771 = AXIS2_PLACEMENT_3D('',#5772,#5773,#5774);
#5772 = CARTESIAN_POINT('',(-25.3089354105,-17.44470281311,
    1.961892124177E-03));
#5773 = DIRECTION('',(0.244322117407,0.846551100409,-0.472924874945));
#5774 = DIRECTION('',(-1.137942427509E-17,0.487705206231,0.873008380152)
  );
#5775 = DEFINITIONAL_REPRESENTATION('',(#5776),#5780);
#5776 = LINE('',#5777,#5778);
#5777 = CARTESIAN_POINT('',(0.268776879404,-1.7808220904));
#5778 = VECTOR('',#5779,1.);
#5779 = DIRECTION('',(-0.190602310023,0.98166733643));
#5780 = ( GEOMETRIC_REPRESENTATION_CONTEXT(2) 
PARAMETRIC_REPRESENTATION_CONTEXT() REPRESENTATION_CONTEXT('2D SPACE',''
  ) );
#5781 = ORIENTED_EDGE('',*,*,#5782,.F.);
#5782 = EDGE_CURVE('',#3591,#5755,#5783,.T.);
#5783 = SURFACE_CURVE('',#5784,(#5788,#5795),.PCURVE_S1.);
#5784 = LINE('',#5785,#5786);
#5785 = CARTESIAN_POINT('',(-26.18561807973,-17.22465704993,
    8.403848468798));
#5786 = VECTOR('',#5787,1.);
#5787 = DIRECTION('',(3.500715754071E-03,1.363160313678E-03,
    -0.999992943367));
#5788 = PCURVE('',#5738,#5789);
#5789 = DEFINITIONAL_REPRESENTATION('',(#5790),#5794);
#5790 = LINE('',#5791,#5792);
#5791 = CARTESIAN_POINT('',(0.,0.));
#5792 = VECTOR('',#5793,1.);
#5793 = DIRECTION('',(-2.923547341342E-03,0.999995726426));
#5794 = ( GEOMETRIC_REPRESENTATION_CONTEXT(2) 
PARAMETRIC_REPRESENTATION_CONTEXT() REPRESENTATION_CONTEXT('2D SPACE',''
  ) );
#5795 = PCURVE('',#3632,#5796);
#5796 = DEFINITIONAL_REPRESENTATION('',(#5797),#5801);
#5797 = LINE('',#5798,#5799);
#5798 = CARTESIAN_POINT('',(0.956061107556,-5.331514509596E-02));
#5799 = VECTOR('',#5800,1.);
#5800 = DIRECTION('',(-3.091219186396E-03,0.999995222171));
#5801 = ( GEOMETRIC_REPRESENTATION_CONTEXT(2) 
PARAMETRIC_REPRESENTATION_CONTEXT() REPRESENTATION_CONTEXT('2D SPACE',''
  ) );
#5802 = ADVANCED_FACE('',(#5803),#3632,.T.);
#5803 = FACE_BOUND('',#5804,.T.);
#5804 = EDGE_LOOP('',(#5805,#5806,#5807));
#5805 = ORIENTED_EDGE('',*,*,#3618,.F.);
#5806 = ORIENTED_EDGE('',*,*,#5782,.T.);
#5807 = ORIENTED_EDGE('',*,*,#5808,.T.);
#5808 = EDGE_CURVE('',#5755,#3533,#5809,.T.);
#5809 = SURFACE_CURVE('',#5810,(#5814,#5821),.PCURVE_S1.);
#5810 = LINE('',#5811,#5812);
#5811 = CARTESIAN_POINT('',(-26.1561239455,-17.2131721891,
    -2.12646133034E-02));
#5812 = VECTOR('',#5813,1.);
#5813 = DIRECTION('',(0.10693450322,-2.756535367882E-02,0.993883878176)
  );
#5814 = PCURVE('',#3632,#5815);
#5815 = DEFINITIONAL_REPRESENTATION('',(#5816),#5820);
#5816 = LINE('',#5817,#5818);
#5817 = CARTESIAN_POINT('',(0.930017052566,8.371817136321));
#5818 = VECTOR('',#5819,1.);
#5819 = DIRECTION('',(-0.11040984846,-0.993886143058));
#5820 = ( GEOMETRIC_REPRESENTATION_CONTEXT(2) 
PARAMETRIC_REPRESENTATION_CONTEXT() REPRESENTATION_CONTEXT('2D SPACE',''
  ) );
#5821 = PCURVE('',#5822,#5827);
#5822 = PLANE('',#5823);
#5823 = AXIS2_PLACEMENT_3D('',#5824,#5825,#5826);
#5824 = CARTESIAN_POINT('',(-25.2553808244,-17.44536387615,
    8.350533445198));
#5825 = DIRECTION('',(-0.263666082611,-0.964612662517,1.614989829022E-03
    ));
#5826 = DIRECTION('',(-0.964613920467,0.263666426458,3.50928242139E-20)
  );
#5827 = DEFINITIONAL_REPRESENTATION('',(#5828),#5832);
#5828 = LINE('',#5829,#5830);
#5829 = CARTESIAN_POINT('',(0.930090505758,8.371808976151));
#5830 = VECTOR('',#5831,1.);
#5831 = DIRECTION('',(-0.110418568682,-0.993885174298));
#5832 = ( GEOMETRIC_REPRESENTATION_CONTEXT(2) 
PARAMETRIC_REPRESENTATION_CONTEXT() REPRESENTATION_CONTEXT('2D SPACE',''
  ) );
#5833 = ADVANCED_FACE('',(#5834),#5822,.T.);
#5834 = FACE_BOUND('',#5835,.T.);
#5835 = EDGE_LOOP('',(#5836,#5837,#5860));
#5836 = ORIENTED_EDGE('',*,*,#5808,.F.);
#5837 = ORIENTED_EDGE('',*,*,#5838,.T.);
#5838 = EDGE_CURVE('',#5755,#5839,#5841,.T.);
#5839 = VERTEX_POINT('',#5840);
#5840 = CARTESIAN_POINT('',(-25.3089354105,-17.44470281311,
    1.961892124177E-03));
#5841 = SURFACE_CURVE('',#5842,(#5846,#5853),.PCURVE_S1.);
#5842 = LINE('',#5843,#5844);
#5843 = CARTESIAN_POINT('',(-26.1561239455,-17.2131721891,
    -2.12646133034E-02));
#5844 = VECTOR('',#5845,1.);
#5845 = DIRECTION('',(0.964288028927,-0.263533086019,2.643690301768E-02)
  );
#5846 = PCURVE('',#5822,#5847);
#5847 = DEFINITIONAL_REPRESENTATION('',(#5848),#5852);
#5848 = LINE('',#5849,#5850);
#5849 = CARTESIAN_POINT('',(0.930090505758,8.371808976151));
#5850 = VECTOR('',#5851,1.);
#5851 = DIRECTION('',(-0.999650483087,-2.643693749401E-02));
#5852 = ( GEOMETRIC_REPRESENTATION_CONTEXT(2) 
PARAMETRIC_REPRESENTATION_CONTEXT() REPRESENTATION_CONTEXT('2D SPACE',''
  ) );
#5853 = PCURVE('',#5770,#5854);
#5854 = DEFINITIONAL_REPRESENTATION('',(#5855),#5859);
#5855 = LINE('',#5856,#5857);
#5856 = CARTESIAN_POINT('',(9.264175685515E-02,-0.873665736505));
#5857 = VECTOR('',#5858,1.);
#5858 = DIRECTION('',(-0.105446820186,0.994424943428));
#5859 = ( GEOMETRIC_REPRESENTATION_CONTEXT(2) 
PARAMETRIC_REPRESENTATION_CONTEXT() REPRESENTATION_CONTEXT('2D SPACE',''
  ) );
#5860 = ORIENTED_EDGE('',*,*,#5861,.T.);
#5861 = EDGE_CURVE('',#5839,#3533,#5862,.T.);
#5862 = SURFACE_CURVE('',#5863,(#5867,#5874),.PCURVE_S1.);
#5863 = LINE('',#5864,#5865);
#5864 = CARTESIAN_POINT('',(-25.3089354105,-17.44470281311,
    1.961892124177E-03));
#5865 = VECTOR('',#5866,1.);
#5866 = DIRECTION('',(6.414688277895E-03,-7.91811425833E-05,
    0.999979422541));
#5867 = PCURVE('',#5822,#5868);
#5868 = DEFINITIONAL_REPRESENTATION('',(#5869),#5873);
#5869 = LINE('',#5870,#5871);
#5870 = CARTESIAN_POINT('',(5.183379938181E-02,8.348582440434));
#5871 = VECTOR('',#5872,1.);
#5872 = DIRECTION('',(-6.208575017223E-03,-0.999980726612));
#5873 = ( GEOMETRIC_REPRESENTATION_CONTEXT(2) 
PARAMETRIC_REPRESENTATION_CONTEXT() REPRESENTATION_CONTEXT('2D SPACE',''
  ) );
#5874 = PCURVE('',#3574,#5875);
#5875 = DEFINITIONAL_REPRESENTATION('',(#5876),#5880);
#5876 = LINE('',#5877,#5878);
#5877 = CARTESIAN_POINT('',(0.962759886473,8.302515634231));
#5878 = VECTOR('',#5879,1.);
#5879 = DIRECTION('',(-6.414387096192E-03,-0.999979427607));
#5880 = ( GEOMETRIC_REPRESENTATION_CONTEXT(2) 
PARAMETRIC_REPRESENTATION_CONTEXT() REPRESENTATION_CONTEXT('2D SPACE',''
  ) );
#5881 = ADVANCED_FACE('',(#5882),#3574,.T.);
#5882 = FACE_BOUND('',#5883,.T.);
#5883 = EDGE_LOOP('',(#5884,#5885,#5886));
#5884 = ORIENTED_EDGE('',*,*,#3560,.F.);
#5885 = ORIENTED_EDGE('',*,*,#5861,.F.);
#5886 = ORIENTED_EDGE('',*,*,#5887,.T.);
#5887 = EDGE_CURVE('',#5839,#3021,#5888,.T.);
#5888 = SURFACE_CURVE('',#5889,(#5893,#5900),.PCURVE_S1.);
#5889 = LINE('',#5890,#5891);
#5890 = CARTESIAN_POINT('',(-25.3089354105,-17.44470281311,
    1.961892124177E-03));
#5891 = VECTOR('',#5892,1.);
#5892 = DIRECTION('',(0.115145692918,-3.128977368756E-03,0.993343686195)
  );
#5893 = PCURVE('',#3574,#5894);
#5894 = DEFINITIONAL_REPRESENTATION('',(#5895),#5899);
#5895 = LINE('',#5896,#5897);
#5896 = CARTESIAN_POINT('',(0.962759886473,8.302515634231));
#5897 = VECTOR('',#5898,1.);
#5898 = DIRECTION('',(-0.115188155196,-0.993343691228));
#5899 = ( GEOMETRIC_REPRESENTATION_CONTEXT(2) 
PARAMETRIC_REPRESENTATION_CONTEXT() REPRESENTATION_CONTEXT('2D SPACE',''
  ) );
#5900 = PCURVE('',#5901,#5906);
#5901 = PLANE('',#5902);
#5902 = AXIS2_PLACEMENT_3D('',#5903,#5904,#5905);
#5903 = CARTESIAN_POINT('',(-24.34653043011,-17.4708552755,
    8.304477484286));
#5904 = DIRECTION('',(-3.531950546518E-02,-0.999375623732,
    9.461631798158E-04));
#5905 = DIRECTION('',(-0.999376071065,3.531952127464E-02,
    -5.8043410886E-21));
#5906 = DEFINITIONAL_REPRESENTATION('',(#5907),#5911);
#5907 = LINE('',#5908,#5909);
#5908 = CARTESIAN_POINT('',(0.962728200519,8.302519308473));
#5909 = VECTOR('',#5910,1.);
#5910 = DIRECTION('',(-0.115184364172,-0.993344130828));
#5911 = ( GEOMETRIC_REPRESENTATION_CONTEXT(2) 
PARAMETRIC_REPRESENTATION_CONTEXT() REPRESENTATION_CONTEXT('2D SPACE',''
  ) );
#5912 = ADVANCED_FACE('',(#5913),#5901,.T.);
#5913 = FACE_BOUND('',#5914,.T.);
#5914 = EDGE_LOOP('',(#5915,#5916,#5942));
#5915 = ORIENTED_EDGE('',*,*,#5887,.F.);
#5916 = ORIENTED_EDGE('',*,*,#5917,.T.);
#5917 = EDGE_CURVE('',#5839,#1216,#5918,.T.);
#5918 = SURFACE_CURVE('',#5919,(#5923,#5930),.PCURVE_S1.);
#5919 = LINE('',#5920,#5921);
#5920 = CARTESIAN_POINT('',(-25.3089354105,-17.44470281311,
    1.961892124177E-03));
#5921 = VECTOR('',#5922,1.);
#5922 = DIRECTION('',(0.997408338324,-3.530932918872E-02,
    -6.268857881414E-02));
#5923 = PCURVE('',#5901,#5924);
#5924 = DEFINITIONAL_REPRESENTATION('',(#5925),#5929);
#5925 = LINE('',#5926,#5927);
#5926 = CARTESIAN_POINT('',(0.962728200519,8.302519308473));
#5927 = VECTOR('',#5928,1.);
#5928 = DIRECTION('',(-0.998033135005,6.268860687434E-02));
#5929 = ( GEOMETRIC_REPRESENTATION_CONTEXT(2) 
PARAMETRIC_REPRESENTATION_CONTEXT() REPRESENTATION_CONTEXT('2D SPACE',''
  ) );
#5930 = PCURVE('',#5931,#5936);
#5931 = PLANE('',#5932);
#5932 = AXIS2_PLACEMENT_3D('',#5933,#5934,#5935);
#5933 = CARTESIAN_POINT('',(-24.37173897335,-17.47788057617,
    -5.694228027627E-02));
#5934 = DIRECTION('',(-6.822644286113E-02,-0.187545840219,
    -0.979883518747));
#5935 = DIRECTION('',(-1.120283923941E-18,-0.982172115832,0.187983868673
    ));
#5936 = DEFINITIONAL_REPRESENTATION('',(#5937),#5941);
#5937 = LINE('',#5938,#5939);
#5938 = CARTESIAN_POINT('',(-2.151323952518E-02,0.939385335104));
#5939 = VECTOR('',#5940,1.);
#5940 = DIRECTION('',(2.289539699078E-02,-0.999737866041));
#5941 = ( GEOMETRIC_REPRESENTATION_CONTEXT(2) 
PARAMETRIC_REPRESENTATION_CONTEXT() REPRESENTATION_CONTEXT('2D SPACE',''
  ) );
#5942 = ORIENTED_EDGE('',*,*,#5943,.T.);
#5943 = EDGE_CURVE('',#1216,#3021,#5944,.T.);
#5944 = SURFACE_CURVE('',#5945,(#5949,#5956),.PCURVE_S1.);
#5945 = LINE('',#5946,#5947);
#5946 = CARTESIAN_POINT('',(-24.37173897335,-17.47788057617,
    -5.694228027627E-02));
#5947 = VECTOR('',#5948,1.);
#5948 = DIRECTION('',(3.014849210416E-03,8.402001637299E-04,
    0.999995102362));
#5949 = PCURVE('',#5901,#5950);
#5950 = DEFINITIONAL_REPRESENTATION('',(#5951),#5955);
#5951 = LINE('',#5952,#5953);
#5952 = CARTESIAN_POINT('',(2.494468464172E-02,8.36142350724));
#5953 = VECTOR('',#5954,1.);
#5954 = DIRECTION('',(-2.983292691201E-03,-0.999995549972));
#5955 = ( GEOMETRIC_REPRESENTATION_CONTEXT(2) 
PARAMETRIC_REPRESENTATION_CONTEXT() REPRESENTATION_CONTEXT('2D SPACE',''
  ) );
#5956 = PCURVE('',#1231,#5957);
#5957 = DEFINITIONAL_REPRESENTATION('',(#5958),#5962);
#5958 = LINE('',#5959,#5960);
#5959 = CARTESIAN_POINT('',(4.128400304031E-02,-48.68018805247));
#5960 = VECTOR('',#5961,1.);
#5961 = DIRECTION('',(-0.999995455331,3.014849627295E-03));
#5962 = ( GEOMETRIC_REPRESENTATION_CONTEXT(2) 
PARAMETRIC_REPRESENTATION_CONTEXT() REPRESENTATION_CONTEXT('2D SPACE',''
  ) );
#5963 = ADVANCED_FACE('',(#5964),#5444,.T.);
#5964 = FACE_BOUND('',#5965,.T.);
#5965 = EDGE_LOOP('',(#5966,#5992,#5993));
#5966 = ORIENTED_EDGE('',*,*,#5967,.T.);
#5967 = EDGE_CURVE('',#5350,#5513,#5968,.T.);
#5968 = SURFACE_CURVE('',#5969,(#5973,#5980),.PCURVE_S1.);
#5969 = LINE('',#5970,#5971);
#5970 = CARTESIAN_POINT('',(-29.7302936363,-14.50567521663,
    1.143873345018E-02));
#5971 = VECTOR('',#5972,1.);
#5972 = DIRECTION('',(0.614375173048,-0.788980704512,-7.252216904879E-03
    ));
#5973 = PCURVE('',#5444,#5974);
#5974 = DEFINITIONAL_REPRESENTATION('',(#5975),#5979);
#5975 = LINE('',#5976,#5977);
#5976 = CARTESIAN_POINT('',(0.,0.));
#5977 = VECTOR('',#5978,1.);
#5978 = DIRECTION('',(-0.999969243521,-7.842959397996E-03));
#5979 = ( GEOMETRIC_REPRESENTATION_CONTEXT(2) 
PARAMETRIC_REPRESENTATION_CONTEXT() REPRESENTATION_CONTEXT('2D SPACE',''
  ) );
#5980 = PCURVE('',#5981,#5986);
#5981 = PLANE('',#5982);
#5982 = AXIS2_PLACEMENT_3D('',#5983,#5984,#5985);
#5983 = CARTESIAN_POINT('',(-27.03578813555,-16.93377802614,
    2.44086420617E-02));
#5984 = DIRECTION('',(4.382148774108E-02,4.32979875446E-02,
    -0.99810067703));
#5985 = DIRECTION('',(-0.999037572062,1.479533990776E-19,
    -4.38626220025E-02));
#5986 = DEFINITIONAL_REPRESENTATION('',(#5987),#5991);
#5987 = LINE('',#5988,#5989);
#5988 = CARTESIAN_POINT('',(2.692481127571,2.430382015915));
#5989 = VECTOR('',#5990,1.);
#5990 = DIRECTION('',(-0.613465779968,-0.789721303251));
#5991 = ( GEOMETRIC_REPRESENTATION_CONTEXT(2) 
PARAMETRIC_REPRESENTATION_CONTEXT() REPRESENTATION_CONTEXT('2D SPACE',''
  ) );
#5992 = ORIENTED_EDGE('',*,*,#5512,.F.);
#5993 = ORIENTED_EDGE('',*,*,#5428,.F.);
#5994 = ADVANCED_FACE('',(#5995),#5607,.T.);
#5995 = FACE_BOUND('',#5996,.T.);
#5996 = EDGE_LOOP('',(#5997,#5998,#5999));
#5997 = ORIENTED_EDGE('',*,*,#5675,.F.);
#5998 = ORIENTED_EDGE('',*,*,#5591,.F.);
#5999 = ORIENTED_EDGE('',*,*,#6000,.T.);
#6000 = EDGE_CURVE('',#5513,#5676,#6001,.T.);
#6001 = SURFACE_CURVE('',#6002,(#6006,#6013),.PCURVE_S1.);
#6002 = LINE('',#6003,#6004);
#6003 = CARTESIAN_POINT('',(-28.58930299707,-15.97093559477,
    -2.029765872568E-03));
#6004 = VECTOR('',#6005,1.);
#6005 = DIRECTION('',(0.849896289321,-0.526751452395,1.446391364222E-02)
  );
#6006 = PCURVE('',#5607,#6007);
#6007 = DEFINITIONAL_REPRESENTATION('',(#6008),#6012);
#6008 = LINE('',#6009,#6010);
#6009 = CARTESIAN_POINT('',(-0.841065092136,1.622893241345));
#6010 = VECTOR('',#6011,1.);
#6011 = DIRECTION('',(0.460129554336,-0.887851785619));
#6012 = ( GEOMETRIC_REPRESENTATION_CONTEXT(2) 
PARAMETRIC_REPRESENTATION_CONTEXT() REPRESENTATION_CONTEXT('2D SPACE',''
  ) );
#6013 = PCURVE('',#5981,#6014);
#6014 = DEFINITIONAL_REPRESENTATION('',(#6015),#6019);
#6015 = LINE('',#6016,#6017);
#6016 = CARTESIAN_POINT('',(1.553179373306,0.963746230265));
#6017 = VECTOR('',#6018,1.);
#6018 = DIRECTION('',(-0.849712750565,-0.527245902334));
#6019 = ( GEOMETRIC_REPRESENTATION_CONTEXT(2) 
PARAMETRIC_REPRESENTATION_CONTEXT() REPRESENTATION_CONTEXT('2D SPACE',''
  ) );
#6020 = ADVANCED_FACE('',(#6021),#5981,.T.);
#6021 = FACE_BOUND('',#6022,.T.);
#6022 = EDGE_LOOP('',(#6023,#6024,#6025));
#6023 = ORIENTED_EDGE('',*,*,#6000,.F.);
#6024 = ORIENTED_EDGE('',*,*,#5967,.F.);
#6025 = ORIENTED_EDGE('',*,*,#6026,.T.);
#6026 = EDGE_CURVE('',#5350,#5676,#6027,.T.);
#6027 = SURFACE_CURVE('',#6028,(#6032,#6039),.PCURVE_S1.);
#6028 = LINE('',#6029,#6030);
#6029 = CARTESIAN_POINT('',(-29.7302936363,-14.50567521663,
    1.143873345018E-02));
#6030 = VECTOR('',#6031,1.);
#6031 = DIRECTION('',(0.7428714253,-0.669424573219,3.575785795791E-03));
#6032 = PCURVE('',#5981,#6033);
#6033 = DEFINITIONAL_REPRESENTATION('',(#6034),#6038);
#6034 = LINE('',#6035,#6036);
#6035 = CARTESIAN_POINT('',(2.692481127571,2.430382015915));
#6036 = VECTOR('',#6037,1.);
#6037 = DIRECTION('',(-0.742313308426,-0.670052947261));
#6038 = ( GEOMETRIC_REPRESENTATION_CONTEXT(2) 
PARAMETRIC_REPRESENTATION_CONTEXT() REPRESENTATION_CONTEXT('2D SPACE',''
  ) );
#6039 = PCURVE('',#6040,#6045);
#6040 = PLANE('',#6041);
#6041 = AXIS2_PLACEMENT_3D('',#6042,#6043,#6044);
#6042 = CARTESIAN_POINT('',(-24.37173897335,-17.47788057617,
    -5.694228027627E-02));
#6043 = DIRECTION('',(-4.081010154734E-02,-5.061791706646E-02,
    -0.997883942191));
#6044 = DIRECTION('',(1.444391471298E-19,-0.998715951682,
    5.066012095973E-02));
#6045 = DEFINITIONAL_REPRESENTATION('',(#6046),#6050);
#6046 = LINE('',#6047,#6048);
#6047 = CARTESIAN_POINT('',(-2.964924713815,5.363022485452));
#6048 = VECTOR('',#6049,1.);
#6049 = DIRECTION('',(0.668746149463,-0.743490812034));
#6050 = ( GEOMETRIC_REPRESENTATION_CONTEXT(2) 
PARAMETRIC_REPRESENTATION_CONTEXT() REPRESENTATION_CONTEXT('2D SPACE',''
  ) );
#6051 = ADVANCED_FACE('',(#6052),#5281,.T.);
#6052 = FACE_BOUND('',#6053,.T.);
#6053 = EDGE_LOOP('',(#6054,#6080,#6081));
#6054 = ORIENTED_EDGE('',*,*,#6055,.T.);
#6055 = EDGE_CURVE('',#5187,#5350,#6056,.T.);
#6056 = SURFACE_CURVE('',#6057,(#6061,#6068),.PCURVE_S1.);
#6057 = LINE('',#6058,#6059);
#6058 = CARTESIAN_POINT('',(-30.55662662315,-12.87156108337,
    -3.962727774827E-02));
#6059 = VECTOR('',#6060,1.);
#6060 = DIRECTION('',(0.451086108571,-0.892044971045,2.787637506699E-02)
  );
#6061 = PCURVE('',#5281,#6062);
#6062 = DEFINITIONAL_REPRESENTATION('',(#6063),#6067);
#6063 = LINE('',#6064,#6065);
#6064 = CARTESIAN_POINT('',(0.,0.));
#6065 = VECTOR('',#6066,1.);
#6066 = DIRECTION('',(0.892295292124,-0.451452225216));
#6067 = ( GEOMETRIC_REPRESENTATION_CONTEXT(2) 
PARAMETRIC_REPRESENTATION_CONTEXT() REPRESENTATION_CONTEXT('2D SPACE',''
  ) );
#6068 = PCURVE('',#6069,#6074);
#6069 = PLANE('',#6070);
#6070 = AXIS2_PLACEMENT_3D('',#6071,#6072,#6073);
#6071 = CARTESIAN_POINT('',(-24.37173897335,-17.47788057617,
    -5.694228027627E-02));
#6072 = DIRECTION('',(-4.173200298987E-02,-5.228285488995E-02,
    -0.997759962622));
#6073 = DIRECTION('',(2.280997315523E-19,-0.998629928567,
    5.232844130851E-02));
#6074 = DEFINITIONAL_REPRESENTATION('',(#6075),#6079);
#6075 = LINE('',#6076,#6077);
#6076 = CARTESIAN_POINT('',(-4.59910243895,6.190280371329));
#6077 = VECTOR('',#6078,1.);
#6078 = DIRECTION('',(0.89228153297,-0.451479419155));
#6079 = ( GEOMETRIC_REPRESENTATION_CONTEXT(2) 
PARAMETRIC_REPRESENTATION_CONTEXT() REPRESENTATION_CONTEXT('2D SPACE',''
  ) );
#6080 = ORIENTED_EDGE('',*,*,#5349,.F.);
#6081 = ORIENTED_EDGE('',*,*,#5265,.F.);
#6082 = ADVANCED_FACE('',(#6083),#5770,.T.);
#6083 = FACE_BOUND('',#6084,.T.);
#6084 = EDGE_LOOP('',(#6085,#6086,#6087));
#6085 = ORIENTED_EDGE('',*,*,#5838,.F.);
#6086 = ORIENTED_EDGE('',*,*,#5754,.F.);
#6087 = ORIENTED_EDGE('',*,*,#6088,.T.);
#6088 = EDGE_CURVE('',#5676,#5839,#6089,.T.);
#6089 = SURFACE_CURVE('',#6090,(#6094,#6101),.PCURVE_S1.);
#6090 = LINE('',#6091,#6092);
#6091 = CARTESIAN_POINT('',(-27.03578813555,-16.93377802614,
    2.44086420617E-02));
#6092 = VECTOR('',#6093,1.);
#6093 = DIRECTION('',(0.958834770713,-0.283690927353,-1.246355523973E-02
    ));
#6094 = PCURVE('',#5770,#6095);
#6095 = DEFINITIONAL_REPRESENTATION('',(#6096),#6100);
#6096 = LINE('',#6097,#6098);
#6097 = CARTESIAN_POINT('',(0.268776879404,-1.7808220904));
#6098 = VECTOR('',#6099,1.);
#6099 = DIRECTION('',(-0.149238330401,0.988801254418));
#6100 = ( GEOMETRIC_REPRESENTATION_CONTEXT(2) 
PARAMETRIC_REPRESENTATION_CONTEXT() REPRESENTATION_CONTEXT('2D SPACE',''
  ) );
#6101 = PCURVE('',#5931,#6102);
#6102 = DEFINITIONAL_REPRESENTATION('',(#6103),#6107);
#6103 = LINE('',#6104,#6105);
#6104 = CARTESIAN_POINT('',(-0.51910969169,2.670271264146));
#6105 = VECTOR('',#6106,1.);
#6106 = DIRECTION('',(0.276290371029,-0.961074206748));
#6107 = ( GEOMETRIC_REPRESENTATION_CONTEXT(2) 
PARAMETRIC_REPRESENTATION_CONTEXT() REPRESENTATION_CONTEXT('2D SPACE',''
  ) );
#6108 = ADVANCED_FACE('',(#6109),#5118,.T.);
#6109 = FACE_BOUND('',#6110,.T.);
#6110 = EDGE_LOOP('',(#6111,#6132,#6133));
#6111 = ORIENTED_EDGE('',*,*,#6112,.T.);
#6112 = EDGE_CURVE('',#1333,#5187,#6113,.T.);
#6113 = SURFACE_CURVE('',#6114,(#6118,#6125),.PCURVE_S1.);
#6114 = LINE('',#6115,#6116);
#6115 = CARTESIAN_POINT('',(-30.80563959537,-11.09536778389,
    -2.855413294302E-02));
#6116 = VECTOR('',#6117,1.);
#6117 = DIRECTION('',(0.138834350711,-0.99029637403,-6.173705954714E-03)
  );
#6118 = PCURVE('',#5118,#6119);
#6119 = DEFINITIONAL_REPRESENTATION('',(#6120),#6124);
#6120 = LINE('',#6121,#6122);
#6121 = CARTESIAN_POINT('',(-0.,0.));
#6122 = VECTOR('',#6123,1.);
#6123 = DIRECTION('',(-1.477810106616E-02,0.999890797902));
#6124 = ( GEOMETRIC_REPRESENTATION_CONTEXT(2) 
PARAMETRIC_REPRESENTATION_CONTEXT() REPRESENTATION_CONTEXT('2D SPACE',''
  ) );
#6125 = PCURVE('',#1348,#6126);
#6126 = DEFINITIONAL_REPRESENTATION('',(#6127),#6131);
#6127 = LINE('',#6128,#6129);
#6128 = CARTESIAN_POINT('',(-6.382562185041,6.433914251721));
#6129 = VECTOR('',#6130,1.);
#6130 = DIRECTION('',(0.990315576671,-0.13883464482));
#6131 = ( GEOMETRIC_REPRESENTATION_CONTEXT(2) 
PARAMETRIC_REPRESENTATION_CONTEXT() REPRESENTATION_CONTEXT('2D SPACE',''
  ) );
#6132 = ORIENTED_EDGE('',*,*,#5186,.F.);
#6133 = ORIENTED_EDGE('',*,*,#5102,.F.);
#6134 = ADVANCED_FACE('',(#6135),#6069,.T.);
#6135 = FACE_BOUND('',#6136,.T.);
#6136 = EDGE_LOOP('',(#6137,#6158,#6159));
#6137 = ORIENTED_EDGE('',*,*,#6138,.F.);
#6138 = EDGE_CURVE('',#5350,#1216,#6139,.T.);
#6139 = SURFACE_CURVE('',#6140,(#6144,#6151),.PCURVE_S1.);
#6140 = LINE('',#6141,#6142);
#6141 = CARTESIAN_POINT('',(-29.7302936363,-14.50567521663,
    1.143873345018E-02));
#6142 = VECTOR('',#6143,1.);
#6143 = DIRECTION('',(0.874433059079,-0.485017843099,-1.115872147936E-02
    ));
#6144 = PCURVE('',#6069,#6145);
#6145 = DEFINITIONAL_REPRESENTATION('',(#6146),#6150);
#6146 = LINE('',#6147,#6148);
#6147 = CARTESIAN_POINT('',(-2.964554954016,5.36322688898));
#6148 = VECTOR('',#6149,1.);
#6149 = DIRECTION('',(0.483769415506,-0.875195493945));
#6150 = ( GEOMETRIC_REPRESENTATION_CONTEXT(2) 
PARAMETRIC_REPRESENTATION_CONTEXT() REPRESENTATION_CONTEXT('2D SPACE',''
  ) );
#6151 = PCURVE('',#6040,#6152);
#6152 = DEFINITIONAL_REPRESENTATION('',(#6153),#6157);
#6153 = LINE('',#6154,#6155);
#6154 = CARTESIAN_POINT('',(-2.964924713815,5.363022485452));
#6155 = VECTOR('',#6156,1.);
#6156 = DIRECTION('',(0.483829754573,-0.875162138457));
#6157 = ( GEOMETRIC_REPRESENTATION_CONTEXT(2) 
PARAMETRIC_REPRESENTATION_CONTEXT() REPRESENTATION_CONTEXT('2D SPACE',''
  ) );
#6158 = ORIENTED_EDGE('',*,*,#6055,.F.);
#6159 = ORIENTED_EDGE('',*,*,#6160,.T.);
#6160 = EDGE_CURVE('',#5187,#1216,#6161,.T.);
#6161 = SURFACE_CURVE('',#6162,(#6166,#6173),.PCURVE_S1.);
#6162 = LINE('',#6163,#6164);
#6163 = CARTESIAN_POINT('',(-30.55662662315,-12.87156108337,
    -3.962727774827E-02));
#6164 = VECTOR('',#6165,1.);
#6165 = DIRECTION('',(0.802006792837,-0.597310692186,-2.245271124028E-03
    ));
#6166 = PCURVE('',#6069,#6167);
#6167 = DEFINITIONAL_REPRESENTATION('',(#6168),#6172);
#6168 = LINE('',#6169,#6170);
#6169 = CARTESIAN_POINT('',(-4.59910243895,6.190280371329));
#6170 = VECTOR('',#6171,1.);
#6171 = DIRECTION('',(0.596374842332,-0.80270607786));
#6172 = ( GEOMETRIC_REPRESENTATION_CONTEXT(2) 
PARAMETRIC_REPRESENTATION_CONTEXT() REPRESENTATION_CONTEXT('2D SPACE',''
  ) );
#6173 = PCURVE('',#1348,#6174);
#6174 = DEFINITIONAL_REPRESENTATION('',(#6175),#6179);
#6175 = LINE('',#6176,#6177);
#6176 = CARTESIAN_POINT('',(-4.606334443744,6.184900751992));
#6177 = VECTOR('',#6178,1.);
#6178 = DIRECTION('',(0.597312630907,-0.802008491825));
#6179 = ( GEOMETRIC_REPRESENTATION_CONTEXT(2) 
PARAMETRIC_REPRESENTATION_CONTEXT() REPRESENTATION_CONTEXT('2D SPACE',''
  ) );
#6180 = ADVANCED_FACE('',(#6181),#6040,.T.);
#6181 = FACE_BOUND('',#6182,.T.);
#6182 = EDGE_LOOP('',(#6183,#6204,#6205));
#6183 = ORIENTED_EDGE('',*,*,#6184,.F.);
#6184 = EDGE_CURVE('',#5676,#1216,#6185,.T.);
#6185 = SURFACE_CURVE('',#6186,(#6190,#6197),.PCURVE_S1.);
#6186 = LINE('',#6187,#6188);
#6187 = CARTESIAN_POINT('',(-27.03578813555,-16.93377802614,
    2.44086420617E-02));
#6188 = VECTOR('',#6189,1.);
#6189 = DIRECTION('',(0.979335628578,-0.200018460771,-2.990555046569E-02
    ));
#6190 = PCURVE('',#6040,#6191);
#6191 = DEFINITIONAL_REPRESENTATION('',(#6192),#6196);
#6192 = LINE('',#6193,#6194);
#6193 = CARTESIAN_POINT('',(-0.539282648498,2.666270376604));
#6194 = VECTOR('',#6195,1.);
#6195 = DIRECTION('',(0.198246608599,-0.980152172971));
#6196 = ( GEOMETRIC_REPRESENTATION_CONTEXT(2) 
PARAMETRIC_REPRESENTATION_CONTEXT() REPRESENTATION_CONTEXT('2D SPACE',''
  ) );
#6197 = PCURVE('',#5931,#6198);
#6198 = DEFINITIONAL_REPRESENTATION('',(#6199),#6203);
#6199 = LINE('',#6200,#6201);
#6200 = CARTESIAN_POINT('',(-0.51910969169,2.670271264146));
#6201 = VECTOR('',#6202,1.);
#6202 = DIRECTION('',(0.19083079375,-0.981622946022));
#6203 = ( GEOMETRIC_REPRESENTATION_CONTEXT(2) 
PARAMETRIC_REPRESENTATION_CONTEXT() REPRESENTATION_CONTEXT('2D SPACE',''
  ) );
#6204 = ORIENTED_EDGE('',*,*,#6026,.F.);
#6205 = ORIENTED_EDGE('',*,*,#6138,.T.);
#6206 = ADVANCED_FACE('',(#6207),#5931,.T.);
#6207 = FACE_BOUND('',#6208,.T.);
#6208 = EDGE_LOOP('',(#6209,#6210,#6211));
#6209 = ORIENTED_EDGE('',*,*,#5917,.F.);
#6210 = ORIENTED_EDGE('',*,*,#6088,.F.);
#6211 = ORIENTED_EDGE('',*,*,#6184,.T.);
#6212 = ADVANCED_FACE('',(#6213),#1348,.T.);
#6213 = FACE_BOUND('',#6214,.T.);
#6214 = EDGE_LOOP('',(#6215,#6216,#6217));
#6215 = ORIENTED_EDGE('',*,*,#6160,.F.);
#6216 = ORIENTED_EDGE('',*,*,#6112,.F.);
#6217 = ORIENTED_EDGE('',*,*,#1332,.T.);
#6218 = ADVANCED_FACE('',(#6219),#1605,.T.);
#6219 = FACE_BOUND('',#6220,.T.);
#6220 = EDGE_LOOP('',(#6221,#6242,#6243));
#6221 = ORIENTED_EDGE('',*,*,#6222,.F.);
#6222 = EDGE_CURVE('',#1275,#1791,#6223,.T.);
#6223 = SURFACE_CURVE('',#6224,(#6228,#6235),.PCURVE_S1.);
#6224 = LINE('',#6225,#6226);
#6225 = CARTESIAN_POINT('',(-30.7405717513,11.020712819365,
    8.761701127071E-03));
#6226 = VECTOR('',#6227,1.);
#6227 = DIRECTION('',(0.175354526335,0.98430311462,-1.995416354105E-02)
  );
#6228 = PCURVE('',#1605,#6229);
#6229 = DEFINITIONAL_REPRESENTATION('',(#6230),#6234);
#6230 = LINE('',#6231,#6232);
#6231 = CARTESIAN_POINT('',(0.48405418729,-2.706334380458));
#6232 = VECTOR('',#6233,1.);
#6233 = DIRECTION('',(-0.176065641942,0.98437842811));
#6234 = ( GEOMETRIC_REPRESENTATION_CONTEXT(2) 
PARAMETRIC_REPRESENTATION_CONTEXT() REPRESENTATION_CONTEXT('2D SPACE',''
  ) );
#6235 = PCURVE('',#1316,#6236);
#6236 = DEFINITIONAL_REPRESENTATION('',(#6237),#6241);
#6237 = LINE('',#6238,#6239);
#6238 = CARTESIAN_POINT('',(6.383970612567,-6.475452810376));
#6239 = VECTOR('',#6240,1.);
#6240 = DIRECTION('',(-0.174504066301,0.984656453208));
#6241 = ( GEOMETRIC_REPRESENTATION_CONTEXT(2) 
PARAMETRIC_REPRESENTATION_CONTEXT() REPRESENTATION_CONTEXT('2D SPACE',''
  ) );
#6242 = ORIENTED_EDGE('',*,*,#1591,.T.);
#6243 = ORIENTED_EDGE('',*,*,#6244,.T.);
#6244 = EDGE_CURVE('',#1564,#1791,#6245,.T.);
#6245 = SURFACE_CURVE('',#6246,(#6250,#6257),.PCURVE_S1.);
#6246 = LINE('',#6247,#6248);
#6247 = CARTESIAN_POINT('',(-30.73325503584,12.002730521403,
    1.976556877218E-02));
#6248 = VECTOR('',#6249,1.);
#6249 = DIRECTION('',(0.265315679586,0.963458843431,-3.680553193469E-02)
  );
#6250 = PCURVE('',#1605,#6251);
#6251 = DEFINITIONAL_REPRESENTATION('',(#6252),#6256);
#6252 = LINE('',#6253,#6254);
#6253 = CARTESIAN_POINT('',(0.478854296096,-1.724241539798));
#6254 = VECTOR('',#6255,1.);
#6255 = DIRECTION('',(-0.267591109544,0.963532562031));
#6256 = ( GEOMETRIC_REPRESENTATION_CONTEXT(2) 
PARAMETRIC_REPRESENTATION_CONTEXT() REPRESENTATION_CONTEXT('2D SPACE',''
  ) );
#6257 = PCURVE('',#1721,#6258);
#6258 = DEFINITIONAL_REPRESENTATION('',(#6259),#6263);
#6259 = LINE('',#6260,#6261);
#6260 = CARTESIAN_POINT('',(1.725292201088,0.475054886639));
#6261 = VECTOR('',#6262,1.);
#6262 = DIRECTION('',(-0.96411968764,-0.26546794139));
#6263 = ( GEOMETRIC_REPRESENTATION_CONTEXT(2) 
PARAMETRIC_REPRESENTATION_CONTEXT() REPRESENTATION_CONTEXT('2D SPACE',''
  ) );
#6264 = ADVANCED_FACE('',(#6265),#1721,.T.);
#6265 = FACE_BOUND('',#6266,.T.);
#6266 = EDGE_LOOP('',(#6267,#6268,#6269));
#6267 = ORIENTED_EDGE('',*,*,#6244,.F.);
#6268 = ORIENTED_EDGE('',*,*,#1707,.T.);
#6269 = ORIENTED_EDGE('',*,*,#1818,.T.);
#6270 = ADVANCED_FACE('',(#6271),#1943,.T.);
#6271 = FACE_BOUND('',#6272,.T.);
#6272 = EDGE_LOOP('',(#6273,#6299,#6300));
#6273 = ORIENTED_EDGE('',*,*,#6274,.F.);
#6274 = EDGE_CURVE('',#1791,#2129,#6275,.T.);
#6275 = SURFACE_CURVE('',#6276,(#6280,#6287),.PCURVE_S1.);
#6276 = LINE('',#6277,#6278);
#6277 = CARTESIAN_POINT('',(-30.2584726217,13.726840141765,
    -4.609793139062E-02));
#6278 = VECTOR('',#6279,1.);
#6279 = DIRECTION('',(0.595345120198,0.803463142774,-3.341565440082E-03)
  );
#6280 = PCURVE('',#1943,#6281);
#6281 = DEFINITIONAL_REPRESENTATION('',(#6282),#6286);
#6282 = LINE('',#6283,#6284);
#6283 = CARTESIAN_POINT('',(2.78046964352,1.061715929944E-02));
#6284 = VECTOR('',#6285,1.);
#6285 = DIRECTION('',(-0.999992709697,-3.818449132099E-03));
#6286 = ( GEOMETRIC_REPRESENTATION_CONTEXT(2) 
PARAMETRIC_REPRESENTATION_CONTEXT() REPRESENTATION_CONTEXT('2D SPACE',''
  ) );
#6287 = PCURVE('',#6288,#6293);
#6288 = PLANE('',#6289);
#6289 = AXIS2_PLACEMENT_3D('',#6290,#6291,#6292);
#6290 = CARTESIAN_POINT('',(-25.29122473549,17.398498918793,
    -2.596055142228E-02));
#6291 = DIRECTION('',(1.575629516634E-02,-1.583291687533E-02,
    -0.999750497827));
#6292 = DIRECTION('',(-3.521545444061E-20,-0.999874620387,
    1.583488258794E-02));
#6293 = DEFINITIONAL_REPRESENTATION('',(#6294),#6298);
#6294 = LINE('',#6295,#6296);
#6295 = CARTESIAN_POINT('',(3.670879552822,4.9678645876));
#6296 = VECTOR('',#6297,1.);
#6297 = DIRECTION('',(-0.803415318172,-0.5954190344));
#6298 = ( GEOMETRIC_REPRESENTATION_CONTEXT(2) 
PARAMETRIC_REPRESENTATION_CONTEXT() REPRESENTATION_CONTEXT('2D SPACE',''
  ) );
#6299 = ORIENTED_EDGE('',*,*,#1929,.T.);
#6300 = ORIENTED_EDGE('',*,*,#6301,.T.);
#6301 = EDGE_CURVE('',#1902,#2129,#6302,.T.);
#6302 = SURFACE_CURVE('',#6303,(#6307,#6314),.PCURVE_S1.);
#6303 = LINE('',#6304,#6305);
#6304 = CARTESIAN_POINT('',(-29.74661903492,14.506526559116,
    4.650231841384E-02));
#6305 = VECTOR('',#6306,1.);
#6306 = DIRECTION('',(0.617155573625,0.784917136492,-5.499169741981E-02)
  );
#6307 = PCURVE('',#1943,#6308);
#6308 = DEFINITIONAL_REPRESENTATION('',(#6309),#6313);
#6309 = LINE('',#6310,#6311);
#6310 = CARTESIAN_POINT('',(1.84918939857,0.116432637056));
#6311 = VECTOR('',#6312,1.);
#6312 = DIRECTION('',(-0.998023632483,-6.283970882825E-02));
#6313 = ( GEOMETRIC_REPRESENTATION_CONTEXT(2) 
PARAMETRIC_REPRESENTATION_CONTEXT() REPRESENTATION_CONTEXT('2D SPACE',''
  ) );
#6314 = PCURVE('',#2059,#6315);
#6315 = DEFINITIONAL_REPRESENTATION('',(#6316),#6320);
#6316 = LINE('',#6317,#6318);
#6317 = CARTESIAN_POINT('',(1.148000944315,-1.454356153976));
#6318 = VECTOR('',#6319,1.);
#6319 = DIRECTION('',(-0.619586113475,0.784928689748));
#6320 = ( GEOMETRIC_REPRESENTATION_CONTEXT(2) 
PARAMETRIC_REPRESENTATION_CONTEXT() REPRESENTATION_CONTEXT('2D SPACE',''
  ) );
#6321 = ADVANCED_FACE('',(#6322),#2059,.T.);
#6322 = FACE_BOUND('',#6323,.T.);
#6323 = EDGE_LOOP('',(#6324,#6325,#6326));
#6324 = ORIENTED_EDGE('',*,*,#6301,.F.);
#6325 = ORIENTED_EDGE('',*,*,#2045,.T.);
#6326 = ORIENTED_EDGE('',*,*,#2156,.T.);
#6327 = ADVANCED_FACE('',(#6328),#2281,.T.);
#6328 = FACE_BOUND('',#6329,.T.);
#6329 = EDGE_LOOP('',(#6330,#6351,#6352));
#6330 = ORIENTED_EDGE('',*,*,#6331,.F.);
#6331 = EDGE_CURVE('',#2129,#2467,#6332,.T.);
#6332 = SURFACE_CURVE('',#6333,(#6337,#6344),.PCURVE_S1.);
#6333 = LINE('',#6334,#6335);
#6334 = CARTESIAN_POINT('',(-28.60312151956,15.960861306628,
    -5.538912039419E-02));
#6335 = VECTOR('',#6336,1.);
#6336 = DIRECTION('',(0.894984462907,0.446017504192,8.437837901733E-03)
  );
#6337 = PCURVE('',#2281,#6338);
#6338 = DEFINITIONAL_REPRESENTATION('',(#6339),#6343);
#6339 = LINE('',#6340,#6341);
#6340 = CARTESIAN_POINT('',(1.178600036395,2.484576630625));
#6341 = VECTOR('',#6342,1.);
#6342 = DIRECTION('',(-0.428589791806,-0.90349919223));
#6343 = ( GEOMETRIC_REPRESENTATION_CONTEXT(2) 
PARAMETRIC_REPRESENTATION_CONTEXT() REPRESENTATION_CONTEXT('2D SPACE',''
  ) );
#6344 = PCURVE('',#2619,#6345);
#6345 = DEFINITIONAL_REPRESENTATION('',(#6346),#6350);
#6346 = LINE('',#6347,#6348);
#6347 = CARTESIAN_POINT('',(1.437834716575,3.311941965181));
#6348 = VECTOR('',#6349,1.);
#6349 = DIRECTION('',(-0.446072815238,-0.894996672343));
#6350 = ( GEOMETRIC_REPRESENTATION_CONTEXT(2) 
PARAMETRIC_REPRESENTATION_CONTEXT() REPRESENTATION_CONTEXT('2D SPACE',''
  ) );
#6351 = ORIENTED_EDGE('',*,*,#2267,.T.);
#6352 = ORIENTED_EDGE('',*,*,#6353,.T.);
#6353 = EDGE_CURVE('',#2240,#2467,#6354,.T.);
#6354 = SURFACE_CURVE('',#6355,(#6359,#6366),.PCURVE_S1.);
#6355 = LINE('',#6356,#6357);
#6356 = CARTESIAN_POINT('',(-27.83703986729,16.524634501154,
    8.13188518313E-03));
#6357 = VECTOR('',#6358,1.);
#6358 = DIRECTION('',(0.931114997136,0.364052734924,-2.214651896994E-02)
  );
#6359 = PCURVE('',#2281,#6360);
#6360 = DEFINITIONAL_REPRESENTATION('',(#6361),#6365);
#6361 = LINE('',#6362,#6363);
#6362 = CARTESIAN_POINT('',(0.621235667586,1.711206608357));
#6363 = VECTOR('',#6364,1.);
#6364 = DIRECTION('',(-0.341247538977,-0.939973466191));
#6365 = ( GEOMETRIC_REPRESENTATION_CONTEXT(2) 
PARAMETRIC_REPRESENTATION_CONTEXT() REPRESENTATION_CONTEXT('2D SPACE',''
  ) );
#6366 = PCURVE('',#2397,#6367);
#6367 = DEFINITIONAL_REPRESENTATION('',(#6368),#6372);
#6368 = LINE('',#6369,#6370);
#6369 = CARTESIAN_POINT('',(0.62675778988,1.709191763375));
#6370 = VECTOR('',#6371,1.);
#6371 = DIRECTION('',(-0.344280865524,-0.938866702804));
#6372 = ( GEOMETRIC_REPRESENTATION_CONTEXT(2) 
PARAMETRIC_REPRESENTATION_CONTEXT() REPRESENTATION_CONTEXT('2D SPACE',''
  ) );
#6373 = ADVANCED_FACE('',(#6374),#2397,.T.);
#6374 = FACE_BOUND('',#6375,.T.);
#6375 = EDGE_LOOP('',(#6376,#6377,#6378));
#6376 = ORIENTED_EDGE('',*,*,#6353,.F.);
#6377 = ORIENTED_EDGE('',*,*,#2383,.T.);
#6378 = ORIENTED_EDGE('',*,*,#2494,.T.);
#6379 = ADVANCED_FACE('',(#6380),#6288,.T.);
#6380 = FACE_BOUND('',#6381,.T.);
#6381 = EDGE_LOOP('',(#6382,#6403,#6404));
#6382 = ORIENTED_EDGE('',*,*,#6383,.F.);
#6383 = EDGE_CURVE('',#1791,#2578,#6384,.T.);
#6384 = SURFACE_CURVE('',#6385,(#6389,#6396),.PCURVE_S1.);
#6385 = LINE('',#6386,#6387);
#6386 = CARTESIAN_POINT('',(-30.2584726217,13.726840141765,
    -4.609793139062E-02));
#6387 = VECTOR('',#6388,1.);
#6388 = DIRECTION('',(0.804155254508,0.594410378935,3.260070824836E-03)
  );
#6389 = PCURVE('',#6288,#6390);
#6390 = DEFINITIONAL_REPRESENTATION('',(#6391),#6395);
#6391 = LINE('',#6392,#6393);
#6392 = CARTESIAN_POINT('',(3.670879552822,4.9678645876));
#6393 = VECTOR('',#6394,1.);
#6394 = DIRECTION('',(-0.594284229153,-0.804255093226));
#6395 = ( GEOMETRIC_REPRESENTATION_CONTEXT(2) 
PARAMETRIC_REPRESENTATION_CONTEXT() REPRESENTATION_CONTEXT('2D SPACE',''
  ) );
#6396 = PCURVE('',#2728,#6397);
#6397 = DEFINITIONAL_REPRESENTATION('',(#6398),#6402);
#6398 = LINE('',#6399,#6400);
#6399 = CARTESIAN_POINT('',(3.705560104142,5.943821000556));
#6400 = VECTOR('',#6401,1.);
#6401 = DIRECTION('',(-0.586998864566,-0.809587754971));
#6402 = ( GEOMETRIC_REPRESENTATION_CONTEXT(2) 
PARAMETRIC_REPRESENTATION_CONTEXT() REPRESENTATION_CONTEXT('2D SPACE',''
  ) );
#6403 = ORIENTED_EDGE('',*,*,#6274,.T.);
#6404 = ORIENTED_EDGE('',*,*,#6405,.T.);
#6405 = EDGE_CURVE('',#2129,#2578,#6406,.T.);
#6406 = SURFACE_CURVE('',#6407,(#6411,#6418),.PCURVE_S1.);
#6407 = LINE('',#6408,#6409);
#6408 = CARTESIAN_POINT('',(-28.60312151956,15.960861306628,
    -5.538912039419E-02));
#6409 = VECTOR('',#6410,1.);
#6410 = DIRECTION('',(0.917274139566,0.398172977506,8.150636037997E-03)
  );
#6411 = PCURVE('',#6288,#6412);
#6412 = DEFINITIONAL_REPRESENTATION('',(#6413),#6417);
#6413 = LINE('',#6414,#6415);
#6414 = CARTESIAN_POINT('',(1.436991363783,3.312307967766));
#6415 = VECTOR('',#6416,1.);
#6416 = DIRECTION('',(-0.397993990367,-0.917388022394));
#6417 = ( GEOMETRIC_REPRESENTATION_CONTEXT(2) 
PARAMETRIC_REPRESENTATION_CONTEXT() REPRESENTATION_CONTEXT('2D SPACE',''
  ) );
#6418 = PCURVE('',#2619,#6419);
#6419 = DEFINITIONAL_REPRESENTATION('',(#6420),#6424);
#6420 = LINE('',#6421,#6422);
#6421 = CARTESIAN_POINT('',(1.437834716575,3.311941965181));
#6422 = VECTOR('',#6423,1.);
#6423 = DIRECTION('',(-0.398227568211,-0.917286653079));
#6424 = ( GEOMETRIC_REPRESENTATION_CONTEXT(2) 
PARAMETRIC_REPRESENTATION_CONTEXT() REPRESENTATION_CONTEXT('2D SPACE',''
  ) );
#6425 = ADVANCED_FACE('',(#6426),#2619,.T.);
#6426 = FACE_BOUND('',#6427,.T.);
#6427 = EDGE_LOOP('',(#6428,#6429,#6430));
#6428 = ORIENTED_EDGE('',*,*,#6405,.F.);
#6429 = ORIENTED_EDGE('',*,*,#6331,.T.);
#6430 = ORIENTED_EDGE('',*,*,#2605,.T.);
#6431 = ADVANCED_FACE('',(#6432),#1316,.T.);
#6432 = FACE_BOUND('',#6433,.T.);
#6433 = EDGE_LOOP('',(#6434,#6435,#6436));
#6434 = ORIENTED_EDGE('',*,*,#1302,.F.);
#6435 = ORIENTED_EDGE('',*,*,#6222,.T.);
#6436 = ORIENTED_EDGE('',*,*,#6437,.T.);
#6437 = EDGE_CURVE('',#1791,#1159,#6438,.T.);
#6438 = SURFACE_CURVE('',#6439,(#6443,#6450),.PCURVE_S1.);
#6439 = LINE('',#6440,#6441);
#6440 = CARTESIAN_POINT('',(-30.2584726217,13.726840141765,
    -4.609793139062E-02));
#6441 = VECTOR('',#6442,1.);
#6442 = DIRECTION('',(0.842902049783,0.537812934911,1.653425277498E-02)
  );
#6443 = PCURVE('',#1316,#6444);
#6444 = DEFINITIONAL_REPRESENTATION('',(#6445),#6449);
#6445 = LINE('',#6446,#6447);
#6446 = CARTESIAN_POINT('',(5.904209637849,-3.768354060382));
#6447 = VECTOR('',#6448,1.);
#6448 = DIRECTION('',(-0.842941011512,0.538005995423));
#6449 = ( GEOMETRIC_REPRESENTATION_CONTEXT(2) 
PARAMETRIC_REPRESENTATION_CONTEXT() REPRESENTATION_CONTEXT('2D SPACE',''
  ) );
#6450 = PCURVE('',#2728,#6451);
#6451 = DEFINITIONAL_REPRESENTATION('',(#6452),#6456);
#6452 = LINE('',#6453,#6454);
#6453 = CARTESIAN_POINT('',(3.705560104142,5.943821000556));
#6454 = VECTOR('',#6455,1.);
#6455 = DIRECTION('',(-0.52904093418,-0.848596305649));
#6456 = ( GEOMETRIC_REPRESENTATION_CONTEXT(2) 
PARAMETRIC_REPRESENTATION_CONTEXT() REPRESENTATION_CONTEXT('2D SPACE',''
  ) );
#6457 = ADVANCED_FACE('',(#6458),#2728,.T.);
#6458 = FACE_BOUND('',#6459,.T.);
#6459 = EDGE_LOOP('',(#6460,#6461,#6462));
#6460 = ORIENTED_EDGE('',*,*,#6437,.F.);
#6461 = ORIENTED_EDGE('',*,*,#6383,.T.);
#6462 = ORIENTED_EDGE('',*,*,#2714,.T.);
#6463 = ADVANCED_FACE('',(#6464),#446,.T.);
#6464 = FACE_BOUND('',#6465,.T.);
#6465 = EDGE_LOOP('',(#6466,#6467,#6495));
#6466 = ORIENTED_EDGE('',*,*,#432,.F.);
#6467 = ORIENTED_EDGE('',*,*,#6468,.T.);
#6468 = EDGE_CURVE('',#405,#6469,#6471,.T.);
#6469 = VERTEX_POINT('',#6470);
#6470 = CARTESIAN_POINT('',(25.243123910993,17.395988534417,
    -3.896773777596E-03));
#6471 = SURFACE_CURVE('',#6472,(#6476,#6483),.PCURVE_S1.);
#6472 = LINE('',#6473,#6474);
#6473 = CARTESIAN_POINT('',(24.351494392136,17.457739255788,
    -3.277716854119E-02));
#6474 = VECTOR('',#6475,1.);
#6475 = DIRECTION('',(0.997089978163,-6.905449418232E-02,
    3.22963199122E-02));
#6476 = PCURVE('',#446,#6477);
#6477 = DEFINITIONAL_REPRESENTATION('',(#6478),#6482);
#6478 = LINE('',#6479,#6480);
#6479 = CARTESIAN_POINT('',(-0.193362495425,1.824528309984));
#6480 = VECTOR('',#6481,1.);
#6481 = DIRECTION('',(5.707775121911E-02,-0.998369736278));
#6482 = ( GEOMETRIC_REPRESENTATION_CONTEXT(2) 
PARAMETRIC_REPRESENTATION_CONTEXT() REPRESENTATION_CONTEXT('2D SPACE',''
  ) );
#6483 = PCURVE('',#6484,#6489);
#6484 = PLANE('',#6485);
#6485 = AXIS2_PLACEMENT_3D('',#6486,#6487,#6488);
#6486 = CARTESIAN_POINT('',(24.312417842969,17.496458226986,
    8.390631179196));
#6487 = DIRECTION('',(6.922737342646E-02,0.997591793213,
    -4.264373703026E-03));
#6488 = DIRECTION('',(0.997600863882,-6.922800288089E-02,
    -2.285580578815E-20));
#6489 = DEFINITIONAL_REPRESENTATION('',(#6490),#6494);
#6490 = LINE('',#6491,#6492);
#6491 = CARTESIAN_POINT('',(4.16632362562E-02,8.423484938129));
#6492 = VECTOR('',#6493,1.);
#6493 = DIRECTION('',(0.999478328305,-3.229661356861E-02));
#6494 = ( GEOMETRIC_REPRESENTATION_CONTEXT(2) 
PARAMETRIC_REPRESENTATION_CONTEXT() REPRESENTATION_CONTEXT('2D SPACE',''
  ) );
#6495 = ORIENTED_EDGE('',*,*,#6496,.T.);
#6496 = EDGE_CURVE('',#6469,#173,#6497,.T.);
#6497 = SURFACE_CURVE('',#6498,(#6502,#6509),.PCURVE_S1.);
#6498 = LINE('',#6499,#6500);
#6499 = CARTESIAN_POINT('',(25.243123910993,17.395988534417,
    -3.896773777596E-03));
#6500 = VECTOR('',#6501,1.);
#6501 = DIRECTION('',(0.9872674208,-0.158983765893,5.21555460142E-03));
#6502 = PCURVE('',#446,#6503);
#6503 = DEFINITIONAL_REPRESENTATION('',(#6504),#6508);
#6504 = LINE('',#6505,#6506);
#6505 = CARTESIAN_POINT('',(-0.142321757908,0.931754390784));
#6506 = VECTOR('',#6507,1.);
#6507 = DIRECTION('',(0.150994703532,-0.98853457173));
#6508 = ( GEOMETRIC_REPRESENTATION_CONTEXT(2) 
PARAMETRIC_REPRESENTATION_CONTEXT() REPRESENTATION_CONTEXT('2D SPACE',''
  ) );
#6509 = PCURVE('',#6510,#6515);
#6510 = PLANE('',#6511);
#6511 = AXIS2_PLACEMENT_3D('',#6512,#6513,#6514);
#6512 = CARTESIAN_POINT('',(25.237040395511,17.403142413365,
    8.380231303988));
#6513 = DIRECTION('',(0.158989630036,0.987279985081,-7.270482473789E-04)
  );
#6514 = DIRECTION('',(0.987280246019,-0.158989672056,3.012144941361E-21)
  );
#6515 = DEFINITIONAL_REPRESENTATION('',(#6516),#6520);
#6516 = LINE('',#6517,#6518);
#6517 = CARTESIAN_POINT('',(7.1435275301E-03,8.384130293688));
#6518 = VECTOR('',#6519,1.);
#6519 = DIRECTION('',(0.999986398895,-5.215555979889E-03));
#6520 = ( GEOMETRIC_REPRESENTATION_CONTEXT(2) 
PARAMETRIC_REPRESENTATION_CONTEXT() REPRESENTATION_CONTEXT('2D SPACE',''
  ) );
#6521 = ADVANCED_FACE('',(#6522),#214,.T.);
#6522 = FACE_BOUND('',#6523,.T.);
#6523 = EDGE_LOOP('',(#6524,#6525,#6553));
#6524 = ORIENTED_EDGE('',*,*,#200,.F.);
#6525 = ORIENTED_EDGE('',*,*,#6526,.T.);
#6526 = EDGE_CURVE('',#173,#6527,#6529,.T.);
#6527 = VERTEX_POINT('',#6528);
#6528 = CARTESIAN_POINT('',(27.028837031016,16.870337398186,
    -4.744339405872E-04));
#6529 = SURFACE_CURVE('',#6530,(#6534,#6541),.PCURVE_S1.);
#6530 = LINE('',#6531,#6532);
#6531 = CARTESIAN_POINT('',(26.173683934401,17.24613659583,
    1.019205935429E-03));
#6532 = VECTOR('',#6533,1.);
#6533 = DIRECTION('',(0.91549852527,-0.402318149349,-1.599041281836E-03)
  );
#6534 = PCURVE('',#214,#6535);
#6535 = DEFINITIONAL_REPRESENTATION('',(#6536),#6540);
#6536 = LINE('',#6537,#6538);
#6537 = CARTESIAN_POINT('',(-1.326754424904,2.411718669173));
#6538 = VECTOR('',#6539,1.);
#6539 = DIRECTION('',(0.399495440123,-0.916735181675));
#6540 = ( GEOMETRIC_REPRESENTATION_CONTEXT(2) 
PARAMETRIC_REPRESENTATION_CONTEXT() REPRESENTATION_CONTEXT('2D SPACE',''
  ) );
#6541 = PCURVE('',#6542,#6547);
#6542 = PLANE('',#6543);
#6543 = AXIS2_PLACEMENT_3D('',#6544,#6545,#6546);
#6544 = CARTESIAN_POINT('',(26.191423488965,17.201327878812,
    8.373883042509));
#6545 = DIRECTION('',(0.402321293549,0.915489595032,4.046992082842E-03)
  );
#6546 = DIRECTION('',(0.915497092135,-0.402324588228,2.121060530162E-19)
  );
#6547 = DEFINITIONAL_REPRESENTATION('',(#6548),#6552);
#6548 = LINE('',#6549,#6550);
#6549 = CARTESIAN_POINT('',(-3.426815924238E-02,8.372932403404));
#6550 = VECTOR('',#6551,1.);
#6551 = DIRECTION('',(0.999998721512,1.599054376662E-03));
#6552 = ( GEOMETRIC_REPRESENTATION_CONTEXT(2) 
PARAMETRIC_REPRESENTATION_CONTEXT() REPRESENTATION_CONTEXT('2D SPACE',''
  ) );
#6553 = ORIENTED_EDGE('',*,*,#6554,.T.);
#6554 = EDGE_CURVE('',#6527,#114,#6555,.T.);
#6555 = SURFACE_CURVE('',#6556,(#6560,#6567),.PCURVE_S1.);
#6556 = LINE('',#6557,#6558);
#6557 = CARTESIAN_POINT('',(27.028837031016,16.870337398186,
    -4.744339405872E-04));
#6558 = VECTOR('',#6559,1.);
#6559 = DIRECTION('',(0.851383842522,-0.524163006471,-1.996735684276E-02
    ));
#6560 = PCURVE('',#214,#6561);
#6561 = DEFINITIONAL_REPRESENTATION('',(#6562),#6566);
#6562 = LINE('',#6563,#6564);
#6563 = CARTESIAN_POINT('',(-0.95359187655,1.555410430824));
#6564 = VECTOR('',#6565,1.);
#6565 = DIRECTION('',(0.522671944648,-0.852533892744));
#6566 = ( GEOMETRIC_REPRESENTATION_CONTEXT(2) 
PARAMETRIC_REPRESENTATION_CONTEXT() REPRESENTATION_CONTEXT('2D SPACE',''
  ) );
#6567 = PCURVE('',#6568,#6573);
#6568 = PLANE('',#6569);
#6569 = AXIS2_PLACEMENT_3D('',#6570,#6571,#6572);
#6570 = CARTESIAN_POINT('',(28.582149246008,15.914025145202,
    -3.690399454048E-02));
#6571 = DIRECTION('',(-9.230887386466E-02,-0.112245439577,
    -0.989383663247));
#6572 = DIRECTION('',(-1.259636164323E-18,-0.993626027819,0.11272673525)
  );
#6573 = DEFINITIONAL_REPRESENTATION('',(#6574),#6578);
#6574 = LINE('',#6575,#6576);
#6575 = CARTESIAN_POINT('',(-0.946110159855,1.559972641028));
#6576 = VECTOR('',#6577,1.);
#6577 = DIRECTION('',(0.518571151101,-0.855034479566));
#6578 = ( GEOMETRIC_REPRESENTATION_CONTEXT(2) 
PARAMETRIC_REPRESENTATION_CONTEXT() REPRESENTATION_CONTEXT('2D SPACE',''
  ) );
#6579 = ADVANCED_FACE('',(#6580),#6568,.T.);
#6580 = FACE_BOUND('',#6581,.T.);
#6581 = EDGE_LOOP('',(#6582,#6583,#6611));
#6582 = ORIENTED_EDGE('',*,*,#6554,.F.);
#6583 = ORIENTED_EDGE('',*,*,#6584,.T.);
#6584 = EDGE_CURVE('',#6527,#6585,#6587,.T.);
#6585 = VERTEX_POINT('',#6586);
#6586 = CARTESIAN_POINT('',(27.846190788949,16.507492054737,
    -3.556827181124E-02));
#6587 = SURFACE_CURVE('',#6588,(#6592,#6599),.PCURVE_S1.);
#6588 = LINE('',#6589,#6590);
#6589 = CARTESIAN_POINT('',(27.028837031016,16.870337398186,
    -4.744339405872E-04));
#6590 = VECTOR('',#6591,1.);
#6591 = DIRECTION('',(0.913284050939,-0.405431383796,-3.921269352765E-02
    ));
#6592 = PCURVE('',#6568,#6593);
#6593 = DEFINITIONAL_REPRESENTATION('',(#6594),#6598);
#6594 = LINE('',#6595,#6596);
#6595 = CARTESIAN_POINT('',(-0.946110159855,1.559972641028));
#6596 = VECTOR('',#6597,1.);
#6597 = DIRECTION('',(0.398426856513,-0.917200109033));
#6598 = ( GEOMETRIC_REPRESENTATION_CONTEXT(2) 
PARAMETRIC_REPRESENTATION_CONTEXT() REPRESENTATION_CONTEXT('2D SPACE',''
  ) );
#6599 = PCURVE('',#6600,#6605);
#6600 = PLANE('',#6601);
#6601 = AXIS2_PLACEMENT_3D('',#6602,#6603,#6604);
#6602 = CARTESIAN_POINT('',(27.015246909864,16.888970780063,
    8.373366523998));
#6603 = DIRECTION('',(0.405693728932,0.914008045094,-1.375430232549E-03)
  );
#6604 = DIRECTION('',(0.91400890966,-0.40569411268,-4.434253170962E-20)
  );
#6605 = DEFINITIONAL_REPRESENTATION('',(#6606),#6610);
#6606 = LINE('',#6607,#6608);
#6607 = CARTESIAN_POINT('',(1.998094514262E-02,8.373848878801));
#6608 = VECTOR('',#6609,1.);
#6609 = DIRECTION('',(0.99923088511,3.921273061916E-02));
#6610 = ( GEOMETRIC_REPRESENTATION_CONTEXT(2) 
PARAMETRIC_REPRESENTATION_CONTEXT() REPRESENTATION_CONTEXT('2D SPACE',''
  ) );
#6611 = ORIENTED_EDGE('',*,*,#6612,.T.);
#6612 = EDGE_CURVE('',#6585,#114,#6613,.T.);
#6613 = SURFACE_CURVE('',#6614,(#6618,#6625),.PCURVE_S1.);
#6614 = LINE('',#6615,#6616);
#6615 = CARTESIAN_POINT('',(27.846190788949,16.507492054737,
    -3.556827181124E-02));
#6616 = VECTOR('',#6617,1.);
#6617 = DIRECTION('',(0.778437058205,-0.627721076876,-1.412818973618E-03
    ));
#6618 = PCURVE('',#6568,#6619);
#6619 = DEFINITIONAL_REPRESENTATION('',(#6620),#6624);
#6620 = LINE('',#6621,#6622);
#6621 = CARTESIAN_POINT('',(-0.589533596301,0.739114163182));
#6622 = VECTOR('',#6623,1.);
#6623 = DIRECTION('',(0.623560737725,-0.781774907738));
#6624 = ( GEOMETRIC_REPRESENTATION_CONTEXT(2) 
PARAMETRIC_REPRESENTATION_CONTEXT() REPRESENTATION_CONTEXT('2D SPACE',''
  ) );
#6625 = PCURVE('',#6626,#6631);
#6626 = PLANE('',#6627);
#6627 = AXIS2_PLACEMENT_3D('',#6628,#6629,#6630);
#6628 = CARTESIAN_POINT('',(27.864500933948,16.482339478502,
    8.321929339877));
#6629 = DIRECTION('',(0.627722473626,0.778436612719,9.67514094487E-04));
#6630 = DIRECTION('',(0.77843697706,-0.627722767426,1.335956121427E-20)
  );
#6631 = DEFINITIONAL_REPRESENTATION('',(#6632),#6636);
#6632 = LINE('',#6633,#6634);
#6633 = CARTESIAN_POINT('',(-3.004213868442E-02,8.357501523349));
#6634 = VECTOR('',#6635,1.);
#6635 = DIRECTION('',(0.99999900197,1.412819634877E-03));
#6636 = ( GEOMETRIC_REPRESENTATION_CONTEXT(2) 
PARAMETRIC_REPRESENTATION_CONTEXT() REPRESENTATION_CONTEXT('2D SPACE',''
  ) );
#6637 = ADVANCED_FACE('',(#6638),#1231,.T.);
#6638 = FACE_BOUND('',#6639,.T.);
#6639 = EDGE_LOOP('',(#6640,#6661,#6662));
#6640 = ORIENTED_EDGE('',*,*,#6641,.F.);
#6641 = EDGE_CURVE('',#3021,#463,#6642,.T.);
#6642 = SURFACE_CURVE('',#6643,(#6647,#6654),.PCURVE_S1.);
#6643 = LINE('',#6644,#6645);
#6644 = CARTESIAN_POINT('',(-24.34653043011,-17.4708552755,
    8.304477484286));
#6645 = VECTOR('',#6646,1.);
#6646 = DIRECTION('',(0.985691922002,-6.60244728431E-04,-0.168555625763)
  );
#6647 = PCURVE('',#1231,#6648);
#6648 = DEFINITIONAL_REPRESENTATION('',(#6649),#6653);
#6649 = LINE('',#6650,#6651);
#6650 = CARTESIAN_POINT('',(-8.320138712855,-48.65497950574));
#6651 = VECTOR('',#6652,1.);
#6652 = DIRECTION('',(0.16855612183,0.985692058299));
#6653 = ( GEOMETRIC_REPRESENTATION_CONTEXT(2) 
PARAMETRIC_REPRESENTATION_CONTEXT() REPRESENTATION_CONTEXT('2D SPACE',''
  ) );
#6654 = PCURVE('',#3721,#6655);
#6655 = DEFINITIONAL_REPRESENTATION('',(#6656),#6660);
#6656 = LINE('',#6657,#6658);
#6657 = CARTESIAN_POINT('',(48.674377449606,2.368157967794E-02));
#6658 = VECTOR('',#6659,1.);
#6659 = DIRECTION('',(-0.985692142963,0.168555626725));
#6660 = ( GEOMETRIC_REPRESENTATION_CONTEXT(2) 
PARAMETRIC_REPRESENTATION_CONTEXT() REPRESENTATION_CONTEXT('2D SPACE',''
  ) );
#6661 = ORIENTED_EDGE('',*,*,#5943,.F.);
#6662 = ORIENTED_EDGE('',*,*,#1215,.T.);
#6663 = ADVANCED_FACE('',(#6664),#3721,.T.);
#6664 = FACE_BOUND('',#6665,.T.);
#6665 = EDGE_LOOP('',(#6666,#6667,#6668));
#6666 = ORIENTED_EDGE('',*,*,#3707,.F.);
#6667 = ORIENTED_EDGE('',*,*,#6641,.T.);
#6668 = ORIENTED_EDGE('',*,*,#6669,.T.);
#6669 = EDGE_CURVE('',#463,#3679,#6670,.T.);
#6670 = SURFACE_CURVE('',#6671,(#6675,#6682),.PCURVE_S1.);
#6671 = LINE('',#6672,#6673);
#6672 = CARTESIAN_POINT('',(24.308442347858,-17.50344577216,
    -1.56367420892E-02));
#6673 = VECTOR('',#6674,1.);
#6674 = DIRECTION('',(2.324253210012E-03,-1.084473254284E-04,
    0.999997293039));
#6675 = PCURVE('',#3721,#6676);
#6676 = DEFINITIONAL_REPRESENTATION('',(#6677),#6681);
#6677 = LINE('',#6678,#6679);
#6678 = CARTESIAN_POINT('',(1.939376472824E-02,8.343795853547));
#6679 = VECTOR('',#6680,1.);
#6680 = DIRECTION('',(-2.324327282353E-03,-0.999997298748));
#6681 = ( GEOMETRIC_REPRESENTATION_CONTEXT(2) 
PARAMETRIC_REPRESENTATION_CONTEXT() REPRESENTATION_CONTEXT('2D SPACE',''
  ) );
#6682 = PCURVE('',#1083,#6683);
#6683 = DEFINITIONAL_REPRESENTATION('',(#6684),#6688);
#6684 = LINE('',#6685,#6686);
#6685 = CARTESIAN_POINT('',(1.935345854288E-02,8.343795947134));
#6686 = VECTOR('',#6687,1.);
#6687 = DIRECTION('',(-2.319496618086E-03,-0.999997309964));
#6688 = ( GEOMETRIC_REPRESENTATION_CONTEXT(2) 
PARAMETRIC_REPRESENTATION_CONTEXT() REPRESENTATION_CONTEXT('2D SPACE',''
  ) );
#6689 = ADVANCED_FACE('',(#6690),#1200,.T.);
#6690 = FACE_BOUND('',#6691,.T.);
#6691 = EDGE_LOOP('',(#6692,#6693,#6694));
#6692 = ORIENTED_EDGE('',*,*,#1186,.F.);
#6693 = ORIENTED_EDGE('',*,*,#2693,.F.);
#6694 = ORIENTED_EDGE('',*,*,#6695,.T.);
#6695 = EDGE_CURVE('',#2636,#405,#6696,.T.);
#6696 = SURFACE_CURVE('',#6697,(#6701,#6708),.PCURVE_S1.);
#6697 = LINE('',#6698,#6699);
#6698 = CARTESIAN_POINT('',(-24.38625831735,17.503883503945,8.4181526018
    ));
#6699 = VECTOR('',#6700,1.);
#6700 = DIRECTION('',(0.985297204944,-9.328661295597E-04,-0.170846561833
    ));
#6701 = PCURVE('',#1200,#6702);
#6702 = DEFINITIONAL_REPRESENTATION('',(#6703),#6707);
#6703 = LINE('',#6704,#6705);
#6704 = CARTESIAN_POINT('',(8.450979058709,-48.73776600743));
#6705 = VECTOR('',#6706,1.);
#6706 = DIRECTION('',(-0.170847558262,0.985297473779));
#6707 = ( GEOMETRIC_REPRESENTATION_CONTEXT(2) 
PARAMETRIC_REPRESENTATION_CONTEXT() REPRESENTATION_CONTEXT('2D SPACE',''
  ) );
#6708 = PCURVE('',#3752,#6709);
#6709 = DEFINITIONAL_REPRESENTATION('',(#6710),#6714);
#6710 = LINE('',#6711,#6712);
#6711 = CARTESIAN_POINT('',(2.755525739722E-02,-48.69867670727));
#6712 = VECTOR('',#6713,1.);
#6713 = DIRECTION('',(-0.17084904484,0.98529721601));
#6714 = ( GEOMETRIC_REPRESENTATION_CONTEXT(2) 
PARAMETRIC_REPRESENTATION_CONTEXT() REPRESENTATION_CONTEXT('2D SPACE',''
  ) );
#6715 = ADVANCED_FACE('',(#6716),#3752,.T.);
#6716 = FACE_BOUND('',#6717,.T.);
#6717 = EDGE_LOOP('',(#6718,#6739,#6740));
#6718 = ORIENTED_EDGE('',*,*,#6719,.T.);
#6719 = EDGE_CURVE('',#3737,#405,#6720,.T.);
#6720 = SURFACE_CURVE('',#6721,(#6725,#6732),.PCURVE_S1.);
#6721 = LINE('',#6722,#6723);
#6722 = CARTESIAN_POINT('',(24.312417842969,17.496458226986,
    8.390631179196));
#6723 = VECTOR('',#6724,1.);
#6724 = DIRECTION('',(4.638943558876E-03,-4.596493955499E-03,
    -0.999978675996));
#6725 = PCURVE('',#3752,#6726);
#6726 = DEFINITIONAL_REPRESENTATION('',(#6727),#6731);
#6727 = LINE('',#6728,#6729);
#6728 = CARTESIAN_POINT('',(0.,0.));
#6729 = VECTOR('',#6730,1.);
#6730 = DIRECTION('',(-0.999989240043,4.638943610977E-03));
#6731 = ( GEOMETRIC_REPRESENTATION_CONTEXT(2) 
PARAMETRIC_REPRESENTATION_CONTEXT() REPRESENTATION_CONTEXT('2D SPACE',''
  ) );
#6732 = PCURVE('',#6484,#6733);
#6733 = DEFINITIONAL_REPRESENTATION('',(#6734),#6738);
#6734 = LINE('',#6735,#6736);
#6735 = CARTESIAN_POINT('',(0.,-0.));
#6736 = VECTOR('',#6737,1.);
#6737 = DIRECTION('',(4.946020198625E-03,0.999987768367));
#6738 = ( GEOMETRIC_REPRESENTATION_CONTEXT(2) 
PARAMETRIC_REPRESENTATION_CONTEXT() REPRESENTATION_CONTEXT('2D SPACE',''
  ) );
#6739 = ORIENTED_EDGE('',*,*,#6695,.F.);
#6740 = ORIENTED_EDGE('',*,*,#3736,.T.);
#6741 = ADVANCED_FACE('',(#6742),#651,.T.);
#6742 = FACE_BOUND('',#6743,.T.);
#6743 = EDGE_LOOP('',(#6744,#6765,#6766));
#6744 = ORIENTED_EDGE('',*,*,#6745,.F.);
#6745 = EDGE_CURVE('',#636,#4318,#6746,.T.);
#6746 = SURFACE_CURVE('',#6747,(#6751,#6758),.PCURVE_S1.);
#6747 = LINE('',#6748,#6749);
#6748 = CARTESIAN_POINT('',(30.686044999125,-11.95014989804,
    -3.315225994689E-02));
#6749 = VECTOR('',#6750,1.);
#6750 = DIRECTION('',(2.779253114327E-03,-5.056492095708E-03,
    0.999983353681));
#6751 = PCURVE('',#651,#6752);
#6752 = DEFINITIONAL_REPRESENTATION('',(#6753),#6757);
#6753 = LINE('',#6754,#6755);
#6754 = CARTESIAN_POINT('',(3.968488245507E-02,-8.362489132246));
#6755 = VECTOR('',#6756,1.);
#6756 = DIRECTION('',(-4.745529108891E-03,0.999988739913));
#6757 = ( GEOMETRIC_REPRESENTATION_CONTEXT(2) 
PARAMETRIC_REPRESENTATION_CONTEXT() REPRESENTATION_CONTEXT('2D SPACE',''
  ) );
#6758 = PCURVE('',#4417,#6759);
#6759 = DEFINITIONAL_REPRESENTATION('',(#6760),#6764);
#6760 = LINE('',#6761,#6762);
#6761 = CARTESIAN_POINT('',(0.939648497341,-8.412078915206));
#6762 = VECTOR('',#6763,1.);
#6763 = DIRECTION('',(-4.509830027966E-03,0.999989830665));
#6764 = ( GEOMETRIC_REPRESENTATION_CONTEXT(2) 
PARAMETRIC_REPRESENTATION_CONTEXT() REPRESENTATION_CONTEXT('2D SPACE',''
  ) );
#6765 = ORIENTED_EDGE('',*,*,#635,.T.);
#6766 = ORIENTED_EDGE('',*,*,#6767,.F.);
#6767 = EDGE_CURVE('',#4318,#520,#6768,.T.);
#6768 = SURFACE_CURVE('',#6769,(#6773,#6780),.PCURVE_S1.);
#6769 = LINE('',#6770,#6771);
#6770 = CARTESIAN_POINT('',(30.709286734794,-11.99243523438,
    8.329291829486));
#6771 = VECTOR('',#6772,1.);
#6772 = DIRECTION('',(8.321787605133E-03,0.112758828093,-0.993587537431)
  );
#6773 = PCURVE('',#651,#6774);
#6774 = DEFINITIONAL_REPRESENTATION('',(#6775),#6779);
#6775 = LINE('',#6776,#6777);
#6776 = CARTESIAN_POINT('',(0.,0.));
#6777 = VECTOR('',#6778,1.);
#6778 = DIRECTION('',(0.113018452056,-0.993592889213));
#6779 = ( GEOMETRIC_REPRESENTATION_CONTEXT(2) 
PARAMETRIC_REPRESENTATION_CONTEXT() REPRESENTATION_CONTEXT('2D SPACE',''
  ) );
#6780 = PCURVE('',#4359,#6781);
#6781 = DEFINITIONAL_REPRESENTATION('',(#6782),#6786);
#6782 = LINE('',#6783,#6784);
#6783 = CARTESIAN_POINT('',(0.,0.));
#6784 = VECTOR('',#6785,1.);
#6785 = DIRECTION('',(0.112692967364,-0.9936298582));
#6786 = ( GEOMETRIC_REPRESENTATION_CONTEXT(2) 
PARAMETRIC_REPRESENTATION_CONTEXT() REPRESENTATION_CONTEXT('2D SPACE',''
  ) );
#6787 = ADVANCED_FACE('',(#6788),#4359,.T.);
#6788 = FACE_BOUND('',#6789,.T.);
#6789 = EDGE_LOOP('',(#6790,#6791,#6812));
#6790 = ORIENTED_EDGE('',*,*,#6767,.T.);
#6791 = ORIENTED_EDGE('',*,*,#6792,.T.);
#6792 = EDGE_CURVE('',#520,#3854,#6793,.T.);
#6793 = SURFACE_CURVE('',#6794,(#6798,#6805),.PCURVE_S1.);
#6794 = LINE('',#6795,#6796);
#6795 = CARTESIAN_POINT('',(30.779147547562,-11.04583292353,
    -1.180460500164E-02));
#6796 = VECTOR('',#6797,1.);
#6797 = DIRECTION('',(9.547038133716E-03,1.318572325791E-03,
    0.999953556636));
#6798 = PCURVE('',#4359,#6799);
#6799 = DEFINITIONAL_REPRESENTATION('',(#6800),#6804);
#6800 = LINE('',#6801,#6802);
#6801 = CARTESIAN_POINT('',(0.94604941473,-8.341451714322));
#6802 = VECTOR('',#6803,1.);
#6803 = DIRECTION('',(2.775403920693E-03,0.999996148559));
#6804 = ( GEOMETRIC_REPRESENTATION_CONTEXT(2) 
PARAMETRIC_REPRESENTATION_CONTEXT() REPRESENTATION_CONTEXT('2D SPACE',''
  ) );
#6805 = PCURVE('',#535,#6806);
#6806 = DEFINITIONAL_REPRESENTATION('',(#6807),#6811);
#6807 = LINE('',#6808,#6809);
#6808 = CARTESIAN_POINT('',(-8.382971540946,1.10535682364E-02));
#6809 = VECTOR('',#6810,1.);
#6810 = DIRECTION('',(0.999999130682,-1.31857284417E-03));
#6811 = ( GEOMETRIC_REPRESENTATION_CONTEXT(2) 
PARAMETRIC_REPRESENTATION_CONTEXT() REPRESENTATION_CONTEXT('2D SPACE',''
  ) );
#6812 = ORIENTED_EDGE('',*,*,#4345,.F.);
#6813 = ADVANCED_FACE('',(#6814),#709,.T.);
#6814 = FACE_BOUND('',#6815,.T.);
#6815 = EDGE_LOOP('',(#6816,#6837,#6838));
#6816 = ORIENTED_EDGE('',*,*,#6817,.F.);
#6817 = EDGE_CURVE('',#694,#4376,#6818,.T.);
#6818 = SURFACE_CURVE('',#6819,(#6823,#6830),.PCURVE_S1.);
#6819 = LINE('',#6820,#6821);
#6820 = CARTESIAN_POINT('',(30.485063315383,-12.8435930842,
    4.08960266969E-02));
#6821 = VECTOR('',#6822,1.);
#6822 = DIRECTION('',(8.505912813861E-03,-4.515713165415E-03,
    0.999953627816));
#6823 = PCURVE('',#709,#6824);
#6824 = DEFINITIONAL_REPRESENTATION('',(#6825),#6829);
#6825 = LINE('',#6826,#6827);
#6826 = CARTESIAN_POINT('',(2.111163221446E-02,-8.338336085236));
#6827 = VECTOR('',#6828,1.);
#6828 = DIRECTION('',(-2.531867788972E-03,0.999996794818));
#6829 = ( GEOMETRIC_REPRESENTATION_CONTEXT(2) 
PARAMETRIC_REPRESENTATION_CONTEXT() REPRESENTATION_CONTEXT('2D SPACE',''
  ) );
#6830 = PCURVE('',#4475,#6831);
#6831 = DEFINITIONAL_REPRESENTATION('',(#6832),#6836);
#6832 = LINE('',#6833,#6834);
#6833 = CARTESIAN_POINT('',(0.95088798683,-8.32139748626));
#6834 = VECTOR('',#6835,1.);
#6835 = DIRECTION('',(-1.274996712502E-03,0.999999187191));
#6836 = ( GEOMETRIC_REPRESENTATION_CONTEXT(2) 
PARAMETRIC_REPRESENTATION_CONTEXT() REPRESENTATION_CONTEXT('2D SPACE',''
  ) );
#6837 = ORIENTED_EDGE('',*,*,#693,.T.);
#6838 = ORIENTED_EDGE('',*,*,#6839,.F.);
#6839 = EDGE_CURVE('',#4376,#636,#6840,.T.);
#6840 = SURFACE_CURVE('',#6841,(#6845,#6852),.PCURVE_S1.);
#6841 = LINE('',#6842,#6843);
#6842 = CARTESIAN_POINT('',(30.555988702465,-12.88124673893,
    8.378872169809));
#6843 = VECTOR('',#6844,1.);
#6844 = DIRECTION('',(1.536509945628E-02,0.110001560332,-0.993812643532)
  );
#6845 = PCURVE('',#709,#6846);
#6846 = DEFINITIONAL_REPRESENTATION('',(#6847),#6851);
#6847 = LINE('',#6848,#6849);
#6848 = CARTESIAN_POINT('',(0.,0.));
#6849 = VECTOR('',#6850,1.);
#6850 = DIRECTION('',(0.110684934889,-0.993855545433));
#6851 = ( GEOMETRIC_REPRESENTATION_CONTEXT(2) 
PARAMETRIC_REPRESENTATION_CONTEXT() REPRESENTATION_CONTEXT('2D SPACE',''
  ) );
#6852 = PCURVE('',#4417,#6853);
#6853 = DEFINITIONAL_REPRESENTATION('',(#6854),#6858);
#6854 = LINE('',#6855,#6856);
#6855 = CARTESIAN_POINT('',(0.,0.));
#6856 = VECTOR('',#6857,1.);
#6857 = DIRECTION('',(0.11101186937,-0.993819080547));
#6858 = ( GEOMETRIC_REPRESENTATION_CONTEXT(2) 
PARAMETRIC_REPRESENTATION_CONTEXT() REPRESENTATION_CONTEXT('2D SPACE',''
  ) );
#6859 = ADVANCED_FACE('',(#6860),#4417,.T.);
#6860 = FACE_BOUND('',#6861,.T.);
#6861 = EDGE_LOOP('',(#6862,#6863,#6864));
#6862 = ORIENTED_EDGE('',*,*,#6839,.T.);
#6863 = ORIENTED_EDGE('',*,*,#6745,.T.);
#6864 = ORIENTED_EDGE('',*,*,#4403,.F.);
#6865 = ADVANCED_FACE('',(#6866),#767,.T.);
#6866 = FACE_BOUND('',#6867,.T.);
#6867 = EDGE_LOOP('',(#6868,#6889,#6890));
#6868 = ORIENTED_EDGE('',*,*,#6869,.F.);
#6869 = EDGE_CURVE('',#752,#4434,#6870,.T.);
#6870 = SURFACE_CURVE('',#6871,(#6875,#6882),.PCURVE_S1.);
#6871 = LINE('',#6872,#6873);
#6872 = CARTESIAN_POINT('',(30.170671704819,-13.75328650248,
    1.798206851244E-02));
#6873 = VECTOR('',#6874,1.);
#6874 = DIRECTION('',(6.96338979917E-03,-1.13182614914E-03,
    0.999975114776));
#6875 = PCURVE('',#767,#6876);
#6876 = DEFINITIONAL_REPRESENTATION('',(#6877),#6881);
#6877 = LINE('',#6878,#6879);
#6878 = CARTESIAN_POINT('',(-1.004351042429E-02,-8.344133927761));
#6879 = VECTOR('',#6880,1.);
#6880 = DIRECTION('',(1.203660348184E-03,0.999999275601));
#6881 = ( GEOMETRIC_REPRESENTATION_CONTEXT(2) 
PARAMETRIC_REPRESENTATION_CONTEXT() REPRESENTATION_CONTEXT('2D SPACE',''
  ) );
#6882 = PCURVE('',#4449,#6883);
#6883 = DEFINITIONAL_REPRESENTATION('',(#6884),#6888);
#6884 = LINE('',#6885,#6886);
#6885 = CARTESIAN_POINT('',(0.860173839529,-8.364263934009));
#6886 = VECTOR('',#6887,1.);
#6887 = DIRECTION('',(2.68581834407E-03,0.999996393183));
#6888 = ( GEOMETRIC_REPRESENTATION_CONTEXT(2) 
PARAMETRIC_REPRESENTATION_CONTEXT() REPRESENTATION_CONTEXT('2D SPACE',''
  ) );
#6889 = ORIENTED_EDGE('',*,*,#751,.T.);
#6890 = ORIENTED_EDGE('',*,*,#6891,.F.);
#6891 = EDGE_CURVE('',#4434,#694,#6892,.T.);
#6892 = SURFACE_CURVE('',#6893,(#6897,#6904),.PCURVE_S1.);
#6893 = LINE('',#6894,#6895);
#6894 = CARTESIAN_POINT('',(30.228775203985,-13.76273061829,
    8.361914394974));
#6895 = VECTOR('',#6896,1.);
#6896 = DIRECTION('',(3.059955464608E-02,0.109740553505,-0.993489143459)
  );
#6897 = PCURVE('',#767,#6898);
#6898 = DEFINITIONAL_REPRESENTATION('',(#6899),#6903);
#6899 = LINE('',#6900,#6901);
#6900 = CARTESIAN_POINT('',(0.,0.));
#6901 = VECTOR('',#6902,1.);
#6902 = DIRECTION('',(0.113717305626,-0.993513147573));
#6903 = ( GEOMETRIC_REPRESENTATION_CONTEXT(2) 
PARAMETRIC_REPRESENTATION_CONTEXT() REPRESENTATION_CONTEXT('2D SPACE',''
  ) );
#6904 = PCURVE('',#4475,#6905);
#6905 = DEFINITIONAL_REPRESENTATION('',(#6906),#6910);
#6906 = LINE('',#6907,#6908);
#6907 = CARTESIAN_POINT('',(0.,0.));
#6908 = VECTOR('',#6909,1.);
#6909 = DIRECTION('',(0.113531403219,-0.993534408304));
#6910 = ( GEOMETRIC_REPRESENTATION_CONTEXT(2) 
PARAMETRIC_REPRESENTATION_CONTEXT() REPRESENTATION_CONTEXT('2D SPACE',''
  ) );
#6911 = ADVANCED_FACE('',(#6912),#4475,.T.);
#6912 = FACE_BOUND('',#6913,.T.);
#6913 = EDGE_LOOP('',(#6914,#6915,#6916));
#6914 = ORIENTED_EDGE('',*,*,#6891,.T.);
#6915 = ORIENTED_EDGE('',*,*,#6817,.T.);
#6916 = ORIENTED_EDGE('',*,*,#4461,.F.);
#6917 = ADVANCED_FACE('',(#6918),#793,.T.);
#6918 = FACE_BOUND('',#6919,.T.);
#6919 = EDGE_LOOP('',(#6920,#6941,#6942));
#6920 = ORIENTED_EDGE('',*,*,#6921,.F.);
#6921 = EDGE_CURVE('',#578,#3912,#6922,.T.);
#6922 = SURFACE_CURVE('',#6923,(#6927,#6934),.PCURVE_S1.);
#6923 = LINE('',#6924,#6925);
#6924 = CARTESIAN_POINT('',(29.703021204511,-14.52013011176,
    3.081229819009E-02));
#6925 = VECTOR('',#6926,1.);
#6926 = DIRECTION('',(7.576662529465E-03,6.810664492458E-04,
    0.999971064748));
#6927 = PCURVE('',#793,#6928);
#6928 = DEFINITIONAL_REPRESENTATION('',(#6929),#6933);
#6929 = LINE('',#6930,#6931);
#6930 = CARTESIAN_POINT('',(-3.780604617758E-02,-8.35141180641));
#6931 = VECTOR('',#6932,1.);
#6932 = DIRECTION('',(4.526858414212E-03,0.999989753724));
#6933 = ( GEOMETRIC_REPRESENTATION_CONTEXT(2) 
PARAMETRIC_REPRESENTATION_CONTEXT() REPRESENTATION_CONTEXT('2D SPACE',''
  ) );
#6934 = PCURVE('',#4301,#6935);
#6935 = DEFINITIONAL_REPRESENTATION('',(#6936),#6940);
#6936 = LINE('',#6937,#6938);
#6937 = CARTESIAN_POINT('',(0.863477742174,-8.303847494627));
#6938 = VECTOR('',#6939,1.);
#6939 = DIRECTION('',(5.0138038864E-03,0.999987430806));
#6940 = ( GEOMETRIC_REPRESENTATION_CONTEXT(2) 
PARAMETRIC_REPRESENTATION_CONTEXT() REPRESENTATION_CONTEXT('2D SPACE',''
  ) );
#6941 = ORIENTED_EDGE('',*,*,#779,.T.);
#6942 = ORIENTED_EDGE('',*,*,#6943,.F.);
#6943 = EDGE_CURVE('',#3912,#752,#6944,.T.);
#6944 = SURFACE_CURVE('',#6945,(#6949,#6956),.PCURVE_S1.);
#6945 = LINE('',#6946,#6947);
#6946 = CARTESIAN_POINT('',(29.766297681761,-14.5144421871,
    8.382068023667));
#6947 = VECTOR('',#6948,1.);
#6948 = DIRECTION('',(4.809180234246E-02,9.052349223584E-02,
    -0.994732464485));
#6949 = PCURVE('',#793,#6950);
#6950 = DEFINITIONAL_REPRESENTATION('',(#6951),#6955);
#6951 = LINE('',#6952,#6953);
#6952 = CARTESIAN_POINT('',(0.,0.));
#6953 = VECTOR('',#6954,1.);
#6954 = DIRECTION('',(0.102324666986,-0.994751055554));
#6955 = ( GEOMETRIC_REPRESENTATION_CONTEXT(2) 
PARAMETRIC_REPRESENTATION_CONTEXT() REPRESENTATION_CONTEXT('2D SPACE',''
  ) );
#6956 = PCURVE('',#4449,#6957);
#6957 = DEFINITIONAL_REPRESENTATION('',(#6958),#6962);
#6958 = LINE('',#6959,#6960);
#6959 = CARTESIAN_POINT('',(0.,0.));
#6960 = VECTOR('',#6961,1.);
#6961 = DIRECTION('',(0.102299623398,-0.994753631334));
#6962 = ( GEOMETRIC_REPRESENTATION_CONTEXT(2) 
PARAMETRIC_REPRESENTATION_CONTEXT() REPRESENTATION_CONTEXT('2D SPACE',''
  ) );
#6963 = ADVANCED_FACE('',(#6964),#4449,.T.);
#6964 = FACE_BOUND('',#6965,.T.);
#6965 = EDGE_LOOP('',(#6966,#6967,#6968));
#6966 = ORIENTED_EDGE('',*,*,#6943,.T.);
#6967 = ORIENTED_EDGE('',*,*,#6869,.T.);
#6968 = ORIENTED_EDGE('',*,*,#4433,.F.);
#6969 = ADVANCED_FACE('',(#6970),#941,.T.);
#6970 = FACE_BOUND('',#6971,.T.);
#6971 = EDGE_LOOP('',(#6972,#6993,#6994));
#6972 = ORIENTED_EDGE('',*,*,#6973,.F.);
#6973 = EDGE_CURVE('',#926,#4260,#6974,.T.);
#6974 = SURFACE_CURVE('',#6975,(#6979,#6986),.PCURVE_S1.);
#6975 = LINE('',#6976,#6977);
#6976 = CARTESIAN_POINT('',(29.205106458354,-15.2955223564,
    -9.04142897199E-03));
#6977 = VECTOR('',#6978,1.);
#6978 = DIRECTION('',(3.310633160728E-03,5.952635210726E-03,
    0.999976802652));
#6979 = PCURVE('',#941,#6980);
#6980 = DEFINITIONAL_REPRESENTATION('',(#6981),#6985);
#6981 = LINE('',#6982,#6983);
#6982 = CARTESIAN_POINT('',(-5.671827251746E-02,-8.34356609311));
#6983 = VECTOR('',#6984,1.);
#6984 = DIRECTION('',(6.797688354636E-03,0.99997689545));
#6985 = ( GEOMETRIC_REPRESENTATION_CONTEXT(2) 
PARAMETRIC_REPRESENTATION_CONTEXT() REPRESENTATION_CONTEXT('2D SPACE',''
  ) );
#6986 = PCURVE('',#4275,#6987);
#6987 = DEFINITIONAL_REPRESENTATION('',(#6988),#6992);
#6988 = LINE('',#6989,#6990);
#6989 = CARTESIAN_POINT('',(-0.871480173379,8.36928556319));
#6990 = VECTOR('',#6991,1.);
#6991 = DIRECTION('',(-6.46804032191E-03,-0.999979082008));
#6992 = ( GEOMETRIC_REPRESENTATION_CONTEXT(2) 
PARAMETRIC_REPRESENTATION_CONTEXT() REPRESENTATION_CONTEXT('2D SPACE',''
  ) );
#6993 = ORIENTED_EDGE('',*,*,#925,.T.);
#6994 = ORIENTED_EDGE('',*,*,#6995,.F.);
#6995 = EDGE_CURVE('',#4260,#578,#6996,.T.);
#6996 = SURFACE_CURVE('',#6997,(#7001,#7008),.PCURVE_S1.);
#6997 = LINE('',#6998,#6999);
#6998 = CARTESIAN_POINT('',(29.232729583161,-15.24585500355,
    8.334523889857));
#6999 = VECTOR('',#7000,1.);
#7000 = DIRECTION('',(5.633165123034E-02,8.692751398737E-02,
    -0.994620707799));
#7001 = PCURVE('',#941,#7002);
#7002 = DEFINITIONAL_REPRESENTATION('',(#7003),#7007);
#7003 = LINE('',#7004,#7005);
#7004 = CARTESIAN_POINT('',(0.,0.));
#7005 = VECTOR('',#7006,1.);
#7006 = DIRECTION('',(0.103583126088,-0.994620800099));
#7007 = ( GEOMETRIC_REPRESENTATION_CONTEXT(2) 
PARAMETRIC_REPRESENTATION_CONTEXT() REPRESENTATION_CONTEXT('2D SPACE',''
  ) );
#7008 = PCURVE('',#4301,#7009);
#7009 = DEFINITIONAL_REPRESENTATION('',(#7010),#7014);
#7010 = LINE('',#7011,#7012);
#7011 = CARTESIAN_POINT('',(0.,0.));
#7012 = VECTOR('',#7013,1.);
#7013 = DIRECTION('',(0.103427585798,-0.99463698629));
#7014 = ( GEOMETRIC_REPRESENTATION_CONTEXT(2) 
PARAMETRIC_REPRESENTATION_CONTEXT() REPRESENTATION_CONTEXT('2D SPACE',''
  ) );
#7015 = ADVANCED_FACE('',(#7016),#4301,.T.);
#7016 = FACE_BOUND('',#7017,.T.);
#7017 = EDGE_LOOP('',(#7018,#7019,#7020));
#7018 = ORIENTED_EDGE('',*,*,#6995,.T.);
#7019 = ORIENTED_EDGE('',*,*,#6921,.T.);
#7020 = ORIENTED_EDGE('',*,*,#4287,.F.);
#7021 = ADVANCED_FACE('',(#7022),#967,.T.);
#7022 = FACE_BOUND('',#7023,.T.);
#7023 = EDGE_LOOP('',(#7024,#7045,#7046));
#7024 = ORIENTED_EDGE('',*,*,#7025,.T.);
#7025 = EDGE_CURVE('',#4202,#868,#7026,.T.);
#7026 = SURFACE_CURVE('',#7027,(#7031,#7038),.PCURVE_S1.);
#7027 = LINE('',#7028,#7029);
#7028 = CARTESIAN_POINT('',(28.552028998541,-15.87283236425,
    8.360225057234));
#7029 = VECTOR('',#7030,1.);
#7030 = DIRECTION('',(2.309217831945E-04,-7.885226365658E-03,
    -0.999968884456));
#7031 = PCURVE('',#967,#7032);
#7032 = DEFINITIONAL_REPRESENTATION('',(#7033),#7037);
#7033 = LINE('',#7034,#7035);
#7034 = CARTESIAN_POINT('',(0.,0.));
#7035 = VECTOR('',#7036,1.);
#7036 = DIRECTION('',(5.377557048477E-03,0.999985540836));
#7037 = ( GEOMETRIC_REPRESENTATION_CONTEXT(2) 
PARAMETRIC_REPRESENTATION_CONTEXT() REPRESENTATION_CONTEXT('2D SPACE',''
  ) );
#7038 = PCURVE('',#4217,#7039);
#7039 = DEFINITIONAL_REPRESENTATION('',(#7040),#7044);
#7040 = LINE('',#7041,#7042);
#7041 = CARTESIAN_POINT('',(-0.908885489342,-8.125194645408E-03));
#7042 = VECTOR('',#7043,1.);
#7043 = DIRECTION('',(4.776241143957E-03,0.999988593695));
#7044 = ( GEOMETRIC_REPRESENTATION_CONTEXT(2) 
PARAMETRIC_REPRESENTATION_CONTEXT() REPRESENTATION_CONTEXT('2D SPACE',''
  ) );
#7045 = ORIENTED_EDGE('',*,*,#953,.T.);
#7046 = ORIENTED_EDGE('',*,*,#7047,.F.);
#7047 = EDGE_CURVE('',#4202,#926,#7048,.T.);
#7048 = SURFACE_CURVE('',#7049,(#7053,#7060),.PCURVE_S1.);
#7049 = LINE('',#7050,#7051);
#7050 = CARTESIAN_POINT('',(28.552028998541,-15.87283236425,
    8.360225057234));
#7051 = VECTOR('',#7052,1.);
#7052 = DIRECTION('',(7.761300784513E-02,6.86086550606E-02,
    -0.994620064881));
#7053 = PCURVE('',#967,#7054);
#7054 = DEFINITIONAL_REPRESENTATION('',(#7055),#7059);
#7055 = LINE('',#7056,#7057);
#7056 = CARTESIAN_POINT('',(0.,0.));
#7057 = VECTOR('',#7058,1.);
#7058 = DIRECTION('',(-0.103430991264,0.994636632166));
#7059 = ( GEOMETRIC_REPRESENTATION_CONTEXT(2) 
PARAMETRIC_REPRESENTATION_CONTEXT() REPRESENTATION_CONTEXT('2D SPACE',''
  ) );
#7060 = PCURVE('',#4275,#7061);
#7061 = DEFINITIONAL_REPRESENTATION('',(#7062),#7066);
#7062 = LINE('',#7063,#7064);
#7063 = CARTESIAN_POINT('',(-0.,0.));
#7064 = VECTOR('',#7065,1.);
#7065 = DIRECTION('',(-0.103568415227,0.994622332027));
#7066 = ( GEOMETRIC_REPRESENTATION_CONTEXT(2) 
PARAMETRIC_REPRESENTATION_CONTEXT() REPRESENTATION_CONTEXT('2D SPACE',''
  ) );
#7067 = ADVANCED_FACE('',(#7068),#4275,.T.);
#7068 = FACE_BOUND('',#7069,.T.);
#7069 = EDGE_LOOP('',(#7070,#7071,#7072));
#7070 = ORIENTED_EDGE('',*,*,#7047,.T.);
#7071 = ORIENTED_EDGE('',*,*,#6973,.T.);
#7072 = ORIENTED_EDGE('',*,*,#4259,.F.);
#7073 = ADVANCED_FACE('',(#7074),#909,.T.);
#7074 = FACE_BOUND('',#7075,.T.);
#7075 = EDGE_LOOP('',(#7076,#7097,#7098));
#7076 = ORIENTED_EDGE('',*,*,#7077,.T.);
#7077 = EDGE_CURVE('',#3970,#810,#7078,.T.);
#7078 = SURFACE_CURVE('',#7079,(#7083,#7090),.PCURVE_S1.);
#7079 = LINE('',#7080,#7081);
#7080 = CARTESIAN_POINT('',(27.845120264561,-16.44410539631,
    8.352100022732));
#7081 = VECTOR('',#7082,1.);
#7082 = DIRECTION('',(2.701349143826E-03,-5.076833634971E-03,
    -0.9999834641));
#7083 = PCURVE('',#909,#7084);
#7084 = DEFINITIONAL_REPRESENTATION('',(#7085),#7089);
#7085 = LINE('',#7086,#7087);
#7086 = CARTESIAN_POINT('',(-0.,0.));
#7087 = VECTOR('',#7088,1.);
#7088 = DIRECTION('',(1.055739027983E-03,0.999999442707));
#7089 = ( GEOMETRIC_REPRESENTATION_CONTEXT(2) 
PARAMETRIC_REPRESENTATION_CONTEXT() REPRESENTATION_CONTEXT('2D SPACE',''
  ) );
#7090 = PCURVE('',#4069,#7091);
#7091 = DEFINITIONAL_REPRESENTATION('',(#7092),#7096);
#7092 = LINE('',#7093,#7094);
#7093 = CARTESIAN_POINT('',(-0.903815750648,2.715173318516E-02));
#7094 = VECTOR('',#7095,1.);
#7095 = DIRECTION('',(1.949080955282E-04,0.999999981005));
#7096 = ( GEOMETRIC_REPRESENTATION_CONTEXT(2) 
PARAMETRIC_REPRESENTATION_CONTEXT() REPRESENTATION_CONTEXT('2D SPACE',''
  ) );
#7097 = ORIENTED_EDGE('',*,*,#895,.T.);
#7098 = ORIENTED_EDGE('',*,*,#7099,.F.);
#7099 = EDGE_CURVE('',#3970,#868,#7100,.T.);
#7100 = SURFACE_CURVE('',#7101,(#7105,#7112),.PCURVE_S1.);
#7101 = LINE('',#7102,#7103);
#7102 = CARTESIAN_POINT('',(27.845120264561,-16.44410539631,
    8.352100022732));
#7103 = VECTOR('',#7104,1.);
#7104 = DIRECTION('',(8.452946462156E-02,6.027436804452E-02,
    -0.994596285016));
#7105 = PCURVE('',#909,#7106);
#7106 = DEFINITIONAL_REPRESENTATION('',(#7107),#7111);
#7107 = LINE('',#7108,#7109);
#7108 = CARTESIAN_POINT('',(-0.,0.));
#7109 = VECTOR('',#7110,1.);
#7110 = DIRECTION('',(-0.103665887755,0.994612177543));
#7111 = ( GEOMETRIC_REPRESENTATION_CONTEXT(2) 
PARAMETRIC_REPRESENTATION_CONTEXT() REPRESENTATION_CONTEXT('2D SPACE',''
  ) );
#7112 = PCURVE('',#4217,#7113);
#7113 = DEFINITIONAL_REPRESENTATION('',(#7114),#7118);
#7114 = LINE('',#7115,#7116);
#7115 = CARTESIAN_POINT('',(-0.,0.));
#7116 = VECTOR('',#7117,1.);
#7117 = DIRECTION('',(-0.10363027848,0.994615888362));
#7118 = ( GEOMETRIC_REPRESENTATION_CONTEXT(2) 
PARAMETRIC_REPRESENTATION_CONTEXT() REPRESENTATION_CONTEXT('2D SPACE',''
  ) );
#7119 = ADVANCED_FACE('',(#7120),#4217,.T.);
#7120 = FACE_BOUND('',#7121,.T.);
#7121 = EDGE_LOOP('',(#7122,#7123,#7124));
#7122 = ORIENTED_EDGE('',*,*,#7099,.T.);
#7123 = ORIENTED_EDGE('',*,*,#7025,.F.);
#7124 = ORIENTED_EDGE('',*,*,#4201,.F.);
#7125 = ADVANCED_FACE('',(#7126),#999,.T.);
#7126 = FACE_BOUND('',#7127,.T.);
#7127 = EDGE_LOOP('',(#7128,#7149,#7150));
#7128 = ORIENTED_EDGE('',*,*,#7129,.T.);
#7129 = EDGE_CURVE('',#4028,#984,#7130,.T.);
#7130 = SURFACE_CURVE('',#7131,(#7135,#7142),.PCURVE_S1.);
#7131 = LINE('',#7132,#7133);
#7132 = CARTESIAN_POINT('',(27.061994976363,-16.89532343502,
    8.379251307455));
#7133 = VECTOR('',#7134,1.);
#7134 = DIRECTION('',(2.426769705569E-03,-7.554191324677E-03,
    -0.999968521996));
#7135 = PCURVE('',#999,#7136);
#7136 = DEFINITIONAL_REPRESENTATION('',(#7137),#7141);
#7137 = LINE('',#7138,#7139);
#7138 = CARTESIAN_POINT('',(-0.,0.));
#7139 = VECTOR('',#7140,1.);
#7140 = DIRECTION('',(1.812515780443E-03,0.999998357392));
#7141 = ( GEOMETRIC_REPRESENTATION_CONTEXT(2) 
PARAMETRIC_REPRESENTATION_CONTEXT() REPRESENTATION_CONTEXT('2D SPACE',''
  ) );
#7142 = PCURVE('',#4185,#7143);
#7143 = DEFINITIONAL_REPRESENTATION('',(#7144),#7148);
#7144 = LINE('',#7145,#7146);
#7145 = CARTESIAN_POINT('',(-0.974871871614,-2.745753681223E-02));
#7146 = VECTOR('',#7147,1.);
#7147 = DIRECTION('',(4.349543813641E-04,0.999999905407));
#7148 = ( GEOMETRIC_REPRESENTATION_CONTEXT(2) 
PARAMETRIC_REPRESENTATION_CONTEXT() REPRESENTATION_CONTEXT('2D SPACE',''
  ) );
#7149 = ORIENTED_EDGE('',*,*,#983,.T.);
#7150 = ORIENTED_EDGE('',*,*,#7151,.F.);
#7151 = EDGE_CURVE('',#4028,#810,#7152,.T.);
#7152 = SURFACE_CURVE('',#7153,(#7157,#7164),.PCURVE_S1.);
#7153 = LINE('',#7154,#7155);
#7154 = CARTESIAN_POINT('',(27.061994976363,-16.89532343502,
    8.379251307455));
#7155 = VECTOR('',#7156,1.);
#7156 = DIRECTION('',(9.539041243687E-02,4.83876523714E-02,
    -0.994263196701));
#7157 = PCURVE('',#999,#7158);
#7158 = DEFINITIONAL_REPRESENTATION('',(#7159),#7163);
#7159 = LINE('',#7160,#7161);
#7160 = CARTESIAN_POINT('',(-0.,0.));
#7161 = VECTOR('',#7162,1.);
#7162 = DIRECTION('',(-0.106685073149,0.994292861871));
#7163 = ( GEOMETRIC_REPRESENTATION_CONTEXT(2) 
PARAMETRIC_REPRESENTATION_CONTEXT() REPRESENTATION_CONTEXT('2D SPACE',''
  ) );
#7164 = PCURVE('',#4069,#7165);
#7165 = DEFINITIONAL_REPRESENTATION('',(#7166),#7170);
#7166 = LINE('',#7167,#7168);
#7167 = CARTESIAN_POINT('',(0.,0.));
#7168 = VECTOR('',#7169,1.);
#7169 = DIRECTION('',(-0.106808421933,0.994279619123));
#7170 = ( GEOMETRIC_REPRESENTATION_CONTEXT(2) 
PARAMETRIC_REPRESENTATION_CONTEXT() REPRESENTATION_CONTEXT('2D SPACE',''
  ) );
#7171 = ADVANCED_FACE('',(#7172),#4069,.T.);
#7172 = FACE_BOUND('',#7173,.T.);
#7173 = EDGE_LOOP('',(#7174,#7175,#7176));
#7174 = ORIENTED_EDGE('',*,*,#7151,.T.);
#7175 = ORIENTED_EDGE('',*,*,#7077,.F.);
#7176 = ORIENTED_EDGE('',*,*,#4055,.F.);
#7177 = ADVANCED_FACE('',(#7178),#1115,.T.);
#7178 = FACE_BOUND('',#7179,.T.);
#7179 = EDGE_LOOP('',(#7180,#7201,#7202));
#7180 = ORIENTED_EDGE('',*,*,#7181,.T.);
#7181 = EDGE_CURVE('',#4144,#1100,#7182,.T.);
#7182 = SURFACE_CURVE('',#7183,(#7187,#7194),.PCURVE_S1.);
#7183 = LINE('',#7184,#7185);
#7184 = CARTESIAN_POINT('',(26.151658926725,-17.24412637382,
    8.351794632354));
#7185 = VECTOR('',#7186,1.);
#7186 = DIRECTION('',(2.19589532348E-03,-2.28366752118E-03,
    -0.999994981441));
#7187 = PCURVE('',#1115,#7188);
#7188 = DEFINITIONAL_REPRESENTATION('',(#7189),#7193);
#7189 = LINE('',#7190,#7191);
#7190 = CARTESIAN_POINT('',(0.,0.));
#7191 = VECTOR('',#7192,1.);
#7192 = DIRECTION('',(-1.360151101526E-03,0.999999074994));
#7193 = ( GEOMETRIC_REPRESENTATION_CONTEXT(2) 
PARAMETRIC_REPRESENTATION_CONTEXT() REPRESENTATION_CONTEXT('2D SPACE',''
  ) );
#7194 = PCURVE('',#4159,#7195);
#7195 = DEFINITIONAL_REPRESENTATION('',(#7196),#7200);
#7196 = LINE('',#7197,#7198);
#7197 = CARTESIAN_POINT('',(-0.915953153826,4.84056535681E-03));
#7198 = VECTOR('',#7199,1.);
#7199 = DIRECTION('',(-1.893324670212E-03,0.999998207659));
#7200 = ( GEOMETRIC_REPRESENTATION_CONTEXT(2) 
PARAMETRIC_REPRESENTATION_CONTEXT() REPRESENTATION_CONTEXT('2D SPACE',''
  ) );
#7201 = ORIENTED_EDGE('',*,*,#1099,.T.);
#7202 = ORIENTED_EDGE('',*,*,#7203,.F.);
#7203 = EDGE_CURVE('',#4144,#984,#7204,.T.);
#7204 = SURFACE_CURVE('',#7205,(#7209,#7216),.PCURVE_S1.);
#7205 = LINE('',#7206,#7207);
#7206 = CARTESIAN_POINT('',(26.151658926725,-17.24412637382,
    8.351794632354));
#7207 = VECTOR('',#7208,1.);
#7208 = DIRECTION('',(0.110335772956,3.38208568207E-02,-0.993318763968)
  );
#7209 = PCURVE('',#1115,#7210);
#7210 = DEFINITIONAL_REPRESENTATION('',(#7211),#7215);
#7211 = LINE('',#7212,#7213);
#7212 = CARTESIAN_POINT('',(0.,0.));
#7213 = VECTOR('',#7214,1.);
#7214 = DIRECTION('',(-0.115367911572,0.993322830191));
#7215 = ( GEOMETRIC_REPRESENTATION_CONTEXT(2) 
PARAMETRIC_REPRESENTATION_CONTEXT() REPRESENTATION_CONTEXT('2D SPACE',''
  ) );
#7216 = PCURVE('',#4185,#7217);
#7217 = DEFINITIONAL_REPRESENTATION('',(#7218),#7222);
#7218 = LINE('',#7219,#7220);
#7219 = CARTESIAN_POINT('',(-0.,0.));
#7220 = VECTOR('',#7221,1.);
#7221 = DIRECTION('',(-0.115134266503,0.993349938681));
#7222 = ( GEOMETRIC_REPRESENTATION_CONTEXT(2) 
PARAMETRIC_REPRESENTATION_CONTEXT() REPRESENTATION_CONTEXT('2D SPACE',''
  ) );
#7223 = ADVANCED_FACE('',(#7224),#4185,.T.);
#7224 = FACE_BOUND('',#7225,.T.);
#7225 = EDGE_LOOP('',(#7226,#7227,#7228));
#7226 = ORIENTED_EDGE('',*,*,#7203,.T.);
#7227 = ORIENTED_EDGE('',*,*,#7129,.F.);
#7228 = ORIENTED_EDGE('',*,*,#4171,.F.);
#7229 = ADVANCED_FACE('',(#7230),#1141,.T.);
#7230 = FACE_BOUND('',#7231,.T.);
#7231 = EDGE_LOOP('',(#7232,#7253,#7254));
#7232 = ORIENTED_EDGE('',*,*,#7233,.T.);
#7233 = EDGE_CURVE('',#4086,#1042,#7234,.T.);
#7234 = SURFACE_CURVE('',#7235,(#7239,#7246),.PCURVE_S1.);
#7235 = LINE('',#7236,#7237);
#7236 = CARTESIAN_POINT('',(25.242883302213,-17.35856869313,
    8.356635182094));
#7237 = VECTOR('',#7238,1.);
#7238 = DIRECTION('',(1.250338199728E-03,-1.362168879297E-02,
    -0.999906438748));
#7239 = PCURVE('',#1141,#7240);
#7240 = DEFINITIONAL_REPRESENTATION('',(#7241),#7245);
#7241 = LINE('',#7242,#7243);
#7242 = CARTESIAN_POINT('',(-0.,0.));
#7243 = VECTOR('',#7244,1.);
#7244 = DIRECTION('',(1.811118934054E-03,0.999998359923));
#7245 = ( GEOMETRIC_REPRESENTATION_CONTEXT(2) 
PARAMETRIC_REPRESENTATION_CONTEXT() REPRESENTATION_CONTEXT('2D SPACE',''
  ) );
#7246 = PCURVE('',#4101,#7247);
#7247 = DEFINITIONAL_REPRESENTATION('',(#7248),#7252);
#7248 = LINE('',#7249,#7250);
#7249 = CARTESIAN_POINT('',(-0.926587672255,-2.847877117383E-02));
#7250 = VECTOR('',#7251,1.);
#7251 = DIRECTION('',(9.02636089534E-04,0.999999592624));
#7252 = ( GEOMETRIC_REPRESENTATION_CONTEXT(2) 
PARAMETRIC_REPRESENTATION_CONTEXT() REPRESENTATION_CONTEXT('2D SPACE',''
  ) );
#7253 = ORIENTED_EDGE('',*,*,#1127,.T.);
#7254 = ORIENTED_EDGE('',*,*,#7255,.F.);
#7255 = EDGE_CURVE('',#4086,#1100,#7256,.T.);
#7256 = SURFACE_CURVE('',#7257,(#7261,#7268),.PCURVE_S1.);
#7257 = LINE('',#7258,#7259);
#7258 = CARTESIAN_POINT('',(25.242883302213,-17.35856869313,
    8.356635182094));
#7259 = VECTOR('',#7260,1.);
#7260 = DIRECTION('',(0.110328883529,1.135080169817E-02,-0.993830315879)
  );
#7261 = PCURVE('',#1141,#7262);
#7262 = DEFINITIONAL_REPRESENTATION('',(#7263),#7267);
#7263 = LINE('',#7264,#7265);
#7264 = CARTESIAN_POINT('',(-0.,0.));
#7265 = VECTOR('',#7266,1.);
#7266 = DIRECTION('',(-0.11008949565,0.993921678478));
#7267 = ( GEOMETRIC_REPRESENTATION_CONTEXT(2) 
PARAMETRIC_REPRESENTATION_CONTEXT() REPRESENTATION_CONTEXT('2D SPACE',''
  ) );
#7268 = PCURVE('',#4159,#7269);
#7269 = DEFINITIONAL_REPRESENTATION('',(#7270),#7274);
#7270 = LINE('',#7271,#7272);
#7271 = CARTESIAN_POINT('',(0.,0.));
#7272 = VECTOR('',#7273,1.);
#7273 = DIRECTION('',(-0.110882505986,0.993833522209));
#7274 = ( GEOMETRIC_REPRESENTATION_CONTEXT(2) 
PARAMETRIC_REPRESENTATION_CONTEXT() REPRESENTATION_CONTEXT('2D SPACE',''
  ) );
#7275 = ADVANCED_FACE('',(#7276),#4159,.T.);
#7276 = FACE_BOUND('',#7277,.T.);
#7277 = EDGE_LOOP('',(#7278,#7279,#7280));
#7278 = ORIENTED_EDGE('',*,*,#7255,.T.);
#7279 = ORIENTED_EDGE('',*,*,#7181,.F.);
#7280 = ORIENTED_EDGE('',*,*,#4143,.F.);
#7281 = ADVANCED_FACE('',(#7282),#1083,.T.);
#7282 = FACE_BOUND('',#7283,.T.);
#7283 = EDGE_LOOP('',(#7284,#7285,#7286));
#7284 = ORIENTED_EDGE('',*,*,#6669,.F.);
#7285 = ORIENTED_EDGE('',*,*,#1069,.T.);
#7286 = ORIENTED_EDGE('',*,*,#7287,.F.);
#7287 = EDGE_CURVE('',#3679,#1042,#7288,.T.);
#7288 = SURFACE_CURVE('',#7289,(#7293,#7300),.PCURVE_S1.);
#7289 = LINE('',#7290,#7291);
#7290 = CARTESIAN_POINT('',(24.32783549454,-17.50435063695,
    8.328159063829));
#7291 = VECTOR('',#7292,1.);
#7292 = DIRECTION('',(0.110176589931,3.768127439593E-03,-0.993904884909)
  );
#7293 = PCURVE('',#1083,#7294);
#7294 = DEFINITIONAL_REPRESENTATION('',(#7295),#7299);
#7295 = LINE('',#7296,#7297);
#7296 = CARTESIAN_POINT('',(0.,0.));
#7297 = VECTOR('',#7298,1.);
#7298 = DIRECTION('',(-0.110240855925,0.993904901731));
#7299 = ( GEOMETRIC_REPRESENTATION_CONTEXT(2) 
PARAMETRIC_REPRESENTATION_CONTEXT() REPRESENTATION_CONTEXT('2D SPACE',''
  ) );
#7300 = PCURVE('',#4101,#7301);
#7301 = DEFINITIONAL_REPRESENTATION('',(#7302),#7306);
#7302 = LINE('',#7303,#7304);
#7303 = CARTESIAN_POINT('',(-0.,0.));
#7304 = VECTOR('',#7305,1.);
#7305 = DIRECTION('',(-0.109402972622,0.993997479666));
#7306 = ( GEOMETRIC_REPRESENTATION_CONTEXT(2) 
PARAMETRIC_REPRESENTATION_CONTEXT() REPRESENTATION_CONTEXT('2D SPACE',''
  ) );
#7307 = ADVANCED_FACE('',(#7308),#4101,.T.);
#7308 = FACE_BOUND('',#7309,.T.);
#7309 = EDGE_LOOP('',(#7310,#7311,#7312));
#7310 = ORIENTED_EDGE('',*,*,#7287,.T.);
#7311 = ORIENTED_EDGE('',*,*,#7233,.F.);
#7312 = ORIENTED_EDGE('',*,*,#4085,.F.);
#7313 = ADVANCED_FACE('',(#7314),#387,.T.);
#7314 = FACE_BOUND('',#7315,.T.);
#7315 = EDGE_LOOP('',(#7316,#7337,#7338));
#7316 = ORIENTED_EDGE('',*,*,#7317,.T.);
#7317 = EDGE_CURVE('',#4898,#230,#7318,.T.);
#7318 = SURFACE_CURVE('',#7319,(#7323,#7330),.PCURVE_S1.);
#7319 = LINE('',#7320,#7321);
#7320 = CARTESIAN_POINT('',(30.707851820977,11.953436503642,
    8.38159051834));
#7321 = VECTOR('',#7322,1.);
#7322 = DIRECTION('',(1.075220893256E-02,-0.109135242813,-0.99396875644)
  );
#7323 = PCURVE('',#387,#7324);
#7324 = DEFINITIONAL_REPRESENTATION('',(#7325),#7329);
#7325 = LINE('',#7326,#7327);
#7326 = CARTESIAN_POINT('',(0.,0.));
#7327 = VECTOR('',#7328,1.);
#7328 = DIRECTION('',(-0.109547615667,-0.993981549075));
#7329 = ( GEOMETRIC_REPRESENTATION_CONTEXT(2) 
PARAMETRIC_REPRESENTATION_CONTEXT() REPRESENTATION_CONTEXT('2D SPACE',''
  ) );
#7330 = PCURVE('',#4913,#7331);
#7331 = DEFINITIONAL_REPRESENTATION('',(#7332),#7336);
#7332 = LINE('',#7333,#7334);
#7333 = CARTESIAN_POINT('',(0.,0.));
#7334 = VECTOR('',#7335,1.);
#7335 = DIRECTION('',(-0.109417560777,-0.993995873932));
#7336 = ( GEOMETRIC_REPRESENTATION_CONTEXT(2) 
PARAMETRIC_REPRESENTATION_CONTEXT() REPRESENTATION_CONTEXT('2D SPACE',''
  ) );
#7337 = ORIENTED_EDGE('',*,*,#373,.F.);
#7338 = ORIENTED_EDGE('',*,*,#7339,.F.);
#7339 = EDGE_CURVE('',#4898,#346,#7340,.T.);
#7340 = SURFACE_CURVE('',#7341,(#7345,#7352),.PCURVE_S1.);
#7341 = LINE('',#7342,#7343);
#7342 = CARTESIAN_POINT('',(30.707851820977,11.953436503642,
    8.38159051834));
#7343 = VECTOR('',#7344,1.);
#7344 = DIRECTION('',(4.968984033676E-03,2.1318410739E-03,
    -0.999985382119));
#7345 = PCURVE('',#387,#7346);
#7346 = DEFINITIONAL_REPRESENTATION('',(#7347),#7351);
#7347 = LINE('',#7348,#7349);
#7348 = CARTESIAN_POINT('',(0.,0.));
#7349 = VECTOR('',#7350,1.);
#7350 = DIRECTION('',(1.869657298938E-03,-0.999998252189));
#7351 = ( GEOMETRIC_REPRESENTATION_CONTEXT(2) 
PARAMETRIC_REPRESENTATION_CONTEXT() REPRESENTATION_CONTEXT('2D SPACE',''
  ) );
#7352 = PCURVE('',#4939,#7353);
#7353 = DEFINITIONAL_REPRESENTATION('',(#7354),#7358);
#7354 = LINE('',#7355,#7356);
#7355 = CARTESIAN_POINT('',(-0.939297902161,5.064014922911E-02));
#7356 = VECTOR('',#7357,1.);
#7357 = DIRECTION('',(1.10194305166E-03,-0.999999392861));
#7358 = ( GEOMETRIC_REPRESENTATION_CONTEXT(2) 
PARAMETRIC_REPRESENTATION_CONTEXT() REPRESENTATION_CONTEXT('2D SPACE',''
  ) );
#7359 = ADVANCED_FACE('',(#7360),#4913,.T.);
#7360 = FACE_BOUND('',#7361,.T.);
#7361 = EDGE_LOOP('',(#7362,#7363,#7384));
#7362 = ORIENTED_EDGE('',*,*,#4897,.T.);
#7363 = ORIENTED_EDGE('',*,*,#7364,.T.);
#7364 = EDGE_CURVE('',#3796,#230,#7365,.T.);
#7365 = SURFACE_CURVE('',#7366,(#7370,#7377),.PCURVE_S1.);
#7366 = LINE('',#7367,#7368);
#7367 = CARTESIAN_POINT('',(30.735758586389,11.072742602638,
    8.32501720141));
#7368 = VECTOR('',#7369,1.);
#7369 = DIRECTION('',(7.544641285652E-03,-4.951371429484E-03,
    -0.999959280325));
#7370 = PCURVE('',#4913,#7371);
#7371 = DEFINITIONAL_REPRESENTATION('',(#7372),#7376);
#7372 = LINE('',#7373,#7374);
#7373 = CARTESIAN_POINT('',(-0.881135835263,-5.657486036543E-02));
#7374 = VECTOR('',#7375,1.);
#7375 = DIRECTION('',(-5.184333883864E-03,-0.999986561251));
#7376 = ( GEOMETRIC_REPRESENTATION_CONTEXT(2) 
PARAMETRIC_REPRESENTATION_CONTEXT() REPRESENTATION_CONTEXT('2D SPACE',''
  ) );
#7377 = PCURVE('',#3895,#7378);
#7378 = DEFINITIONAL_REPRESENTATION('',(#7379),#7383);
#7379 = LINE('',#7380,#7381);
#7380 = CARTESIAN_POINT('',(-4.483863326341E-02,-22.10786838158));
#7381 = VECTOR('',#7382,1.);
#7382 = DIRECTION('',(-0.999987741501,4.951449016227E-03));
#7383 = ( GEOMETRIC_REPRESENTATION_CONTEXT(2) 
PARAMETRIC_REPRESENTATION_CONTEXT() REPRESENTATION_CONTEXT('2D SPACE',''
  ) );
#7384 = ORIENTED_EDGE('',*,*,#7317,.F.);
#7385 = ADVANCED_FACE('',(#7386),#361,.T.);
#7386 = FACE_BOUND('',#7387,.T.);
#7387 = EDGE_LOOP('',(#7388,#7409,#7410));
#7388 = ORIENTED_EDGE('',*,*,#7389,.T.);
#7389 = EDGE_CURVE('',#4840,#346,#7390,.T.);
#7390 = SURFACE_CURVE('',#7391,(#7395,#7402),.PCURVE_S1.);
#7391 = LINE('',#7392,#7393);
#7392 = CARTESIAN_POINT('',(30.521466872739,12.874056551182,
    8.330951078617));
#7393 = VECTOR('',#7394,1.);
#7394 = DIRECTION('',(2.709794748443E-02,-0.107173521902,-0.993870986318
    ));
#7395 = PCURVE('',#361,#7396);
#7396 = DEFINITIONAL_REPRESENTATION('',(#7397),#7401);
#7397 = LINE('',#7398,#7399);
#7398 = CARTESIAN_POINT('',(0.,0.));
#7399 = VECTOR('',#7400,1.);
#7400 = DIRECTION('',(-0.110099110037,-0.993920613515));
#7401 = ( GEOMETRIC_REPRESENTATION_CONTEXT(2) 
PARAMETRIC_REPRESENTATION_CONTEXT() REPRESENTATION_CONTEXT('2D SPACE',''
  ) );
#7402 = PCURVE('',#4939,#7403);
#7403 = DEFINITIONAL_REPRESENTATION('',(#7404),#7408);
#7404 = LINE('',#7405,#7406);
#7405 = CARTESIAN_POINT('',(0.,0.));
#7406 = VECTOR('',#7407,1.);
#7407 = DIRECTION('',(-0.110420935099,-0.993884911392));
#7408 = ( GEOMETRIC_REPRESENTATION_CONTEXT(2) 
PARAMETRIC_REPRESENTATION_CONTEXT() REPRESENTATION_CONTEXT('2D SPACE',''
  ) );
#7409 = ORIENTED_EDGE('',*,*,#345,.F.);
#7410 = ORIENTED_EDGE('',*,*,#7411,.T.);
#7411 = EDGE_CURVE('',#288,#4840,#7412,.T.);
#7412 = SURFACE_CURVE('',#7413,(#7417,#7424),.PCURVE_S1.);
#7413 = LINE('',#7414,#7415);
#7414 = CARTESIAN_POINT('',(30.441569769012,12.850207426607,
    -3.152011751922E-03));
#7415 = VECTOR('',#7416,1.);
#7416 = DIRECTION('',(9.586287151674E-03,2.861487410972E-03,
    0.999949956242));
#7417 = PCURVE('',#361,#7418);
#7418 = DEFINITIONAL_REPRESENTATION('',(#7419),#7423);
#7419 = LINE('',#7420,#7421);
#7420 = CARTESIAN_POINT('',(3.962519206654E-03,-8.33451923912));
#7421 = VECTOR('',#7422,1.);
#7422 = DIRECTION('',(-4.754345925815E-04,0.999999886981));
#7423 = ( GEOMETRIC_REPRESENTATION_CONTEXT(2) 
PARAMETRIC_REPRESENTATION_CONTEXT() REPRESENTATION_CONTEXT('2D SPACE',''
  ) );
#7424 = PCURVE('',#4881,#7425);
#7425 = DEFINITIONAL_REPRESENTATION('',(#7426),#7430);
#7426 = LINE('',#7427,#7428);
#7427 = CARTESIAN_POINT('',(-0.922393936232,-8.375862066695));
#7428 = VECTOR('',#7429,1.);
#7429 = DIRECTION('',(-5.762976059323E-04,0.999999833941));
#7430 = ( GEOMETRIC_REPRESENTATION_CONTEXT(2) 
PARAMETRIC_REPRESENTATION_CONTEXT() REPRESENTATION_CONTEXT('2D SPACE',''
  ) );
#7431 = ADVANCED_FACE('',(#7432),#4939,.T.);
#7432 = FACE_BOUND('',#7433,.T.);
#7433 = EDGE_LOOP('',(#7434,#7435,#7436));
#7434 = ORIENTED_EDGE('',*,*,#4925,.T.);
#7435 = ORIENTED_EDGE('',*,*,#7339,.T.);
#7436 = ORIENTED_EDGE('',*,*,#7389,.F.);
#7437 = ADVANCED_FACE('',(#7438),#303,.T.);
#7438 = FACE_BOUND('',#7439,.T.);
#7439 = EDGE_LOOP('',(#7440,#7461,#7462));
#7440 = ORIENTED_EDGE('',*,*,#7441,.T.);
#7441 = EDGE_CURVE('',#4607,#288,#7442,.T.);
#7442 = SURFACE_CURVE('',#7443,(#7447,#7454),.PCURVE_S1.);
#7443 = LINE('',#7444,#7445);
#7444 = CARTESIAN_POINT('',(30.205911890969,13.745904982225,
    8.372292286151));
#7445 = VECTOR('',#7446,1.);
#7446 = DIRECTION('',(2.796628751113E-02,-0.106295344639,-0.993941238943
    ));
#7447 = PCURVE('',#303,#7448);
#7448 = DEFINITIONAL_REPRESENTATION('',(#7449),#7453);
#7449 = LINE('',#7450,#7451);
#7450 = CARTESIAN_POINT('',(0.,0.));
#7451 = VECTOR('',#7452,1.);
#7452 = DIRECTION('',(-0.109852293833,-0.993947922952));
#7453 = ( GEOMETRIC_REPRESENTATION_CONTEXT(2) 
PARAMETRIC_REPRESENTATION_CONTEXT() REPRESENTATION_CONTEXT('2D SPACE',''
  ) );
#7454 = PCURVE('',#4881,#7455);
#7455 = DEFINITIONAL_REPRESENTATION('',(#7456),#7460);
#7456 = LINE('',#7457,#7458);
#7457 = CARTESIAN_POINT('',(0.,0.));
#7458 = VECTOR('',#7459,1.);
#7459 = DIRECTION('',(-0.109463491029,-0.993990816925));
#7460 = ( GEOMETRIC_REPRESENTATION_CONTEXT(2) 
PARAMETRIC_REPRESENTATION_CONTEXT() REPRESENTATION_CONTEXT('2D SPACE',''
  ) );
#7461 = ORIENTED_EDGE('',*,*,#287,.F.);
#7462 = ORIENTED_EDGE('',*,*,#7463,.F.);
#7463 = EDGE_CURVE('',#4607,#57,#7464,.T.);
#7464 = SURFACE_CURVE('',#7465,(#7469,#7476),.PCURVE_S1.);
#7465 = LINE('',#7466,#7467);
#7466 = CARTESIAN_POINT('',(30.205911890969,13.745904982225,
    8.372292286151));
#7467 = VECTOR('',#7468,1.);
#7468 = DIRECTION('',(4.306953956919E-03,-2.393658530379E-03,
    -0.9999878602));
#7469 = PCURVE('',#303,#7470);
#7470 = DEFINITIONAL_REPRESENTATION('',(#7471),#7475);
#7471 = LINE('',#7472,#7473);
#7472 = CARTESIAN_POINT('',(0.,0.));
#7473 = VECTOR('',#7474,1.);
#7474 = DIRECTION('',(-3.290931470053E-03,-0.99999458487));
#7475 = ( GEOMETRIC_REPRESENTATION_CONTEXT(2) 
PARAMETRIC_REPRESENTATION_CONTEXT() REPRESENTATION_CONTEXT('2D SPACE',''
  ) );
#7476 = PCURVE('',#5029,#7477);
#7477 = DEFINITIONAL_REPRESENTATION('',(#7478),#7482);
#7478 = LINE('',#7479,#7480);
#7479 = CARTESIAN_POINT('',(-0.889518780073,-8.030140524047E-03));
#7480 = VECTOR('',#7481,1.);
#7481 = DIRECTION('',(-4.084739077841E-03,-0.999991657419));
#7482 = ( GEOMETRIC_REPRESENTATION_CONTEXT(2) 
PARAMETRIC_REPRESENTATION_CONTEXT() REPRESENTATION_CONTEXT('2D SPACE',''
  ) );
#7483 = ADVANCED_FACE('',(#7484),#4881,.T.);
#7484 = FACE_BOUND('',#7485,.T.);
#7485 = EDGE_LOOP('',(#7486,#7487,#7488));
#7486 = ORIENTED_EDGE('',*,*,#4867,.T.);
#7487 = ORIENTED_EDGE('',*,*,#7411,.F.);
#7488 = ORIENTED_EDGE('',*,*,#7441,.F.);
#7489 = ADVANCED_FACE('',(#7490),#72,.T.);
#7490 = FACE_BOUND('',#7491,.T.);
#7491 = EDGE_LOOP('',(#7492,#7513,#7514));
#7492 = ORIENTED_EDGE('',*,*,#7493,.T.);
#7493 = EDGE_CURVE('',#5014,#57,#7494,.T.);
#7494 = SURFACE_CURVE('',#7495,(#7499,#7506),.PCURVE_S1.);
#7495 = LINE('',#7496,#7497);
#7496 = CARTESIAN_POINT('',(29.803021546341,14.538951658529,
    8.380322396183));
#7497 = VECTOR('',#7498,1.);
#7498 = DIRECTION('',(5.209790051981E-02,-9.650746593455E-02,
    -0.993967865567));
#7499 = PCURVE('',#72,#7500);
#7500 = DEFINITIONAL_REPRESENTATION('',(#7501),#7505);
#7501 = LINE('',#7502,#7503);
#7502 = CARTESIAN_POINT('',(0.,0.));
#7503 = VECTOR('',#7504,1.);
#7504 = DIRECTION('',(-0.109667549307,-0.993968323755));
#7505 = ( GEOMETRIC_REPRESENTATION_CONTEXT(2) 
PARAMETRIC_REPRESENTATION_CONTEXT() REPRESENTATION_CONTEXT('2D SPACE',''
  ) );
#7506 = PCURVE('',#5029,#7507);
#7507 = DEFINITIONAL_REPRESENTATION('',(#7508),#7512);
#7508 = LINE('',#7509,#7510);
#7509 = CARTESIAN_POINT('',(0.,0.));
#7510 = VECTOR('',#7511,1.);
#7511 = DIRECTION('',(-0.109637489124,-0.993971639927));
#7512 = ( GEOMETRIC_REPRESENTATION_CONTEXT(2) 
PARAMETRIC_REPRESENTATION_CONTEXT() REPRESENTATION_CONTEXT('2D SPACE',''
  ) );
#7513 = ORIENTED_EDGE('',*,*,#56,.F.);
#7514 = ORIENTED_EDGE('',*,*,#7515,.T.);
#7515 = EDGE_CURVE('',#24,#5014,#7516,.T.);
#7516 = SURFACE_CURVE('',#7517,(#7521,#7528),.PCURVE_S1.);
#7517 = LINE('',#7518,#7519);
#7518 = CARTESIAN_POINT('',(29.792990167518,14.575122931321,
    1.042845910389E-02));
#7519 = VECTOR('',#7520,1.);
#7520 = DIRECTION('',(1.198495228422E-03,-4.321549271771E-03,
    0.99998994386));
#7521 = PCURVE('',#72,#7522);
#7522 = DEFINITIONAL_REPRESENTATION('',(#7523),#7527);
#7523 = LINE('',#7524,#7525);
#7524 = CARTESIAN_POINT('',(3.666610269466E-02,-8.369897795338));
#7525 = VECTOR('',#7526,1.);
#7526 = DIRECTION('',(-4.380668889097E-03,0.999990404824));
#7527 = ( GEOMETRIC_REPRESENTATION_CONTEXT(2) 
PARAMETRIC_REPRESENTATION_CONTEXT() REPRESENTATION_CONTEXT('2D SPACE',''
  ) );
#7528 = PCURVE('',#5055,#7529);
#7529 = DEFINITIONAL_REPRESENTATION('',(#7530),#7534);
#7530 = LINE('',#7531,#7532);
#7531 = CARTESIAN_POINT('',(-0.869759265799,-8.357693672928));
#7532 = VECTOR('',#7533,1.);
#7533 = DIRECTION('',(-4.125747075847E-03,0.999991489069));
#7534 = ( GEOMETRIC_REPRESENTATION_CONTEXT(2) 
PARAMETRIC_REPRESENTATION_CONTEXT() REPRESENTATION_CONTEXT('2D SPACE',''
  ) );
#7535 = ADVANCED_FACE('',(#7536),#5029,.T.);
#7536 = FACE_BOUND('',#7537,.T.);
#7537 = EDGE_LOOP('',(#7538,#7539,#7540));
#7538 = ORIENTED_EDGE('',*,*,#5013,.T.);
#7539 = ORIENTED_EDGE('',*,*,#7463,.T.);
#7540 = ORIENTED_EDGE('',*,*,#7493,.F.);
#7541 = ADVANCED_FACE('',(#7542),#44,.T.);
#7542 = FACE_BOUND('',#7543,.T.);
#7543 = EDGE_LOOP('',(#7544,#7565,#7566));
#7544 = ORIENTED_EDGE('',*,*,#7545,.T.);
#7545 = EDGE_CURVE('',#4956,#24,#7546,.T.);
#7546 = SURFACE_CURVE('',#7547,(#7551,#7558),.PCURVE_S1.);
#7547 = LINE('',#7548,#7549);
#7548 = CARTESIAN_POINT('',(29.239130891211,15.245896330565,
    8.368109217535));
#7549 = VECTOR('',#7550,1.);
#7550 = DIRECTION('',(6.591343432777E-02,-7.982709740752E-02,
    -0.994627092781));
#7551 = PCURVE('',#44,#7552);
#7552 = DEFINITIONAL_REPRESENTATION('',(#7553),#7557);
#7553 = LINE('',#7554,#7555);
#7554 = CARTESIAN_POINT('',(0.,0.));
#7555 = VECTOR('',#7556,1.);
#7556 = DIRECTION('',(-0.103319238069,-0.994648246892));
#7557 = ( GEOMETRIC_REPRESENTATION_CONTEXT(2) 
PARAMETRIC_REPRESENTATION_CONTEXT() REPRESENTATION_CONTEXT('2D SPACE',''
  ) );
#7558 = PCURVE('',#5055,#7559);
#7559 = DEFINITIONAL_REPRESENTATION('',(#7560),#7564);
#7560 = LINE('',#7561,#7562);
#7561 = CARTESIAN_POINT('',(0.,0.));
#7562 = VECTOR('',#7563,1.);
#7563 = DIRECTION('',(-0.103507917443,-0.994628629704));
#7564 = ( GEOMETRIC_REPRESENTATION_CONTEXT(2) 
PARAMETRIC_REPRESENTATION_CONTEXT() REPRESENTATION_CONTEXT('2D SPACE',''
  ) );
#7565 = ORIENTED_EDGE('',*,*,#21,.F.);
#7566 = ORIENTED_EDGE('',*,*,#7567,.F.);
#7567 = EDGE_CURVE('',#4956,#22,#7568,.T.);
#7568 = SURFACE_CURVE('',#7569,(#7573,#7580),.PCURVE_S1.);
#7569 = LINE('',#7570,#7571);
#7570 = CARTESIAN_POINT('',(29.239130891211,15.245896330565,
    8.368109217535));
#7571 = VECTOR('',#7572,1.);
#7572 = DIRECTION('',(2.717591486252E-03,7.36116750075E-03,
    -0.999969213481));
#7573 = PCURVE('',#44,#7574);
#7574 = DEFINITIONAL_REPRESENTATION('',(#7575),#7579);
#7575 = LINE('',#7576,#7577);
#7576 = CARTESIAN_POINT('',(0.,0.));
#7577 = VECTOR('',#7578,1.);
#7578 = DIRECTION('',(4.363197249961E-03,-0.99999048121));
#7579 = ( GEOMETRIC_REPRESENTATION_CONTEXT(2) 
PARAMETRIC_REPRESENTATION_CONTEXT() REPRESENTATION_CONTEXT('2D SPACE',''
  ) );
#7580 = PCURVE('',#4997,#7581);
#7581 = DEFINITIONAL_REPRESENTATION('',(#7582),#7586);
#7582 = LINE('',#7583,#7584);
#7583 = CARTESIAN_POINT('',(0.971155471398,-2.323657227942E-02));
#7584 = VECTOR('',#7585,1.);
#7585 = DIRECTION('',(-3.247550121799E-03,0.999994726695));
#7586 = ( GEOMETRIC_REPRESENTATION_CONTEXT(2) 
PARAMETRIC_REPRESENTATION_CONTEXT() REPRESENTATION_CONTEXT('2D SPACE',''
  ) );
#7587 = ADVANCED_FACE('',(#7588),#5055,.T.);
#7588 = FACE_BOUND('',#7589,.T.);
#7589 = EDGE_LOOP('',(#7590,#7591,#7592));
#7590 = ORIENTED_EDGE('',*,*,#5041,.T.);
#7591 = ORIENTED_EDGE('',*,*,#7515,.F.);
#7592 = ORIENTED_EDGE('',*,*,#7545,.F.);
#7593 = ADVANCED_FACE('',(#7594),#129,.T.);
#7594 = FACE_BOUND('',#7595,.T.);
#7595 = EDGE_LOOP('',(#7596,#7617,#7618));
#7596 = ORIENTED_EDGE('',*,*,#7597,.T.);
#7597 = EDGE_CURVE('',#4665,#22,#7598,.T.);
#7598 = SURFACE_CURVE('',#7599,(#7603,#7610),.PCURVE_S1.);
#7599 = LINE('',#7600,#7601);
#7600 = CARTESIAN_POINT('',(28.54908537945,15.929255803226,
    8.344873238099));
#7601 = VECTOR('',#7602,1.);
#7602 = DIRECTION('',(8.487982851132E-02,-7.404082316643E-02,
    -0.993636438149));
#7603 = PCURVE('',#129,#7604);
#7604 = DEFINITIONAL_REPRESENTATION('',(#7605),#7609);
#7605 = LINE('',#7606,#7607);
#7606 = CARTESIAN_POINT('',(0.,0.));
#7607 = VECTOR('',#7608,1.);
#7608 = DIRECTION('',(0.11262786271,0.993637239913));
#7609 = ( GEOMETRIC_REPRESENTATION_CONTEXT(2) 
PARAMETRIC_REPRESENTATION_CONTEXT() REPRESENTATION_CONTEXT('2D SPACE',''
  ) );
#7610 = PCURVE('',#4997,#7611);
#7611 = DEFINITIONAL_REPRESENTATION('',(#7612),#7616);
#7612 = LINE('',#7613,#7614);
#7613 = CARTESIAN_POINT('',(0.,0.));
#7614 = VECTOR('',#7615,1.);
#7615 = DIRECTION('',(0.11241106491,0.993661789789));
#7616 = ( GEOMETRIC_REPRESENTATION_CONTEXT(2) 
PARAMETRIC_REPRESENTATION_CONTEXT() REPRESENTATION_CONTEXT('2D SPACE',''
  ) );
#7617 = ORIENTED_EDGE('',*,*,#113,.F.);
#7618 = ORIENTED_EDGE('',*,*,#7619,.F.);
#7619 = EDGE_CURVE('',#4665,#114,#7620,.T.);
#7620 = SURFACE_CURVE('',#7621,(#7625,#7632),.PCURVE_S1.);
#7621 = LINE('',#7622,#7623);
#7622 = CARTESIAN_POINT('',(28.54908537945,15.929255803226,
    8.344873238099));
#7623 = VECTOR('',#7624,1.);
#7624 = DIRECTION('',(3.944694997858E-03,-1.817098445471E-03,
    -0.999990568723));
#7625 = PCURVE('',#129,#7626);
#7626 = DEFINITIONAL_REPRESENTATION('',(#7627),#7631);
#7627 = LINE('',#7628,#7629);
#7628 = CARTESIAN_POINT('',(0.,0.));
#7629 = VECTOR('',#7630,1.);
#7630 = DIRECTION('',(4.153155131578E-03,0.999991375614));
#7631 = ( GEOMETRIC_REPRESENTATION_CONTEXT(2) 
PARAMETRIC_REPRESENTATION_CONTEXT() REPRESENTATION_CONTEXT('2D SPACE',''
  ) );
#7632 = PCURVE('',#4796,#7633);
#7633 = DEFINITIONAL_REPRESENTATION('',(#7634),#7638);
#7634 = LINE('',#7635,#7636);
#7635 = CARTESIAN_POINT('',(0.880089435389,-2.294391124438E-02));
#7636 = VECTOR('',#7637,1.);
#7637 = DIRECTION('',(4.210379332875E-03,0.999991136314));
#7638 = ( GEOMETRIC_REPRESENTATION_CONTEXT(2) 
PARAMETRIC_REPRESENTATION_CONTEXT() REPRESENTATION_CONTEXT('2D SPACE',''
  ) );
#7639 = ADVANCED_FACE('',(#7640),#4997,.T.);
#7640 = FACE_BOUND('',#7641,.T.);
#7641 = EDGE_LOOP('',(#7642,#7643,#7644));
#7642 = ORIENTED_EDGE('',*,*,#4983,.T.);
#7643 = ORIENTED_EDGE('',*,*,#7567,.T.);
#7644 = ORIENTED_EDGE('',*,*,#7597,.F.);
#7645 = ADVANCED_FACE('',(#7646),#6626,.T.);
#7646 = FACE_BOUND('',#7647,.T.);
#7647 = EDGE_LOOP('',(#7648,#7669,#7670));
#7648 = ORIENTED_EDGE('',*,*,#7649,.T.);
#7649 = EDGE_CURVE('',#4781,#114,#7650,.T.);
#7650 = SURFACE_CURVE('',#7651,(#7655,#7662),.PCURVE_S1.);
#7651 = LINE('',#7652,#7653);
#7652 = CARTESIAN_POINT('',(27.864500933948,16.482339478502,
    8.321929339877));
#7653 = VECTOR('',#7654,1.);
#7654 = DIRECTION('',(8.534480675268E-02,-6.75855793643E-02,
    -0.994056564498));
#7655 = PCURVE('',#6626,#7656);
#7656 = DEFINITIONAL_REPRESENTATION('',(#7657),#7661);
#7657 = LINE('',#7658,#7659);
#7658 = CARTESIAN_POINT('',(0.,0.));
#7659 = VECTOR('',#7660,1.);
#7660 = DIRECTION('',(0.108860560293,0.994057029759));
#7661 = ( GEOMETRIC_REPRESENTATION_CONTEXT(2) 
PARAMETRIC_REPRESENTATION_CONTEXT() REPRESENTATION_CONTEXT('2D SPACE',''
  ) );
#7662 = PCURVE('',#4796,#7663);
#7663 = DEFINITIONAL_REPRESENTATION('',(#7664),#7668);
#7664 = LINE('',#7665,#7666);
#7665 = CARTESIAN_POINT('',(0.,0.));
#7666 = VECTOR('',#7667,1.);
#7667 = DIRECTION('',(0.108859656617,0.994057128721));
#7668 = ( GEOMETRIC_REPRESENTATION_CONTEXT(2) 
PARAMETRIC_REPRESENTATION_CONTEXT() REPRESENTATION_CONTEXT('2D SPACE',''
  ) );
#7669 = ORIENTED_EDGE('',*,*,#6612,.F.);
#7670 = ORIENTED_EDGE('',*,*,#7671,.T.);
#7671 = EDGE_CURVE('',#6585,#4781,#7672,.T.);
#7672 = SURFACE_CURVE('',#7673,(#7677,#7684),.PCURVE_S1.);
#7673 = LINE('',#7674,#7675);
#7674 = CARTESIAN_POINT('',(27.846190788949,16.507492054737,
    -3.556827181124E-02));
#7675 = VECTOR('',#7676,1.);
#7676 = DIRECTION('',(2.190849340905E-03,-3.009561369854E-03,
    0.999993071336));
#7677 = PCURVE('',#6626,#7678);
#7678 = DEFINITIONAL_REPRESENTATION('',(#7679),#7683);
#7679 = LINE('',#7680,#7681);
#7680 = CARTESIAN_POINT('',(-3.004213868442E-02,8.357501523349));
#7681 = VECTOR('',#7682,1.);
#7682 = DIRECTION('',(3.594608329952E-03,-0.999993539375));
#7683 = ( GEOMETRIC_REPRESENTATION_CONTEXT(2) 
PARAMETRIC_REPRESENTATION_CONTEXT() REPRESENTATION_CONTEXT('2D SPACE',''
  ) );
#7684 = PCURVE('',#4822,#7685);
#7685 = DEFINITIONAL_REPRESENTATION('',(#7686),#7690);
#7686 = LINE('',#7687,#7688);
#7687 = CARTESIAN_POINT('',(0.914206059256,8.408947938325));
#7688 = VECTOR('',#7689,1.);
#7689 = DIRECTION('',(3.27589313606E-03,-0.999994634248));
#7690 = ( GEOMETRIC_REPRESENTATION_CONTEXT(2) 
PARAMETRIC_REPRESENTATION_CONTEXT() REPRESENTATION_CONTEXT('2D SPACE',''
  ) );
#7691 = ADVANCED_FACE('',(#7692),#4796,.T.);
#7692 = FACE_BOUND('',#7693,.T.);
#7693 = EDGE_LOOP('',(#7694,#7695,#7696));
#7694 = ORIENTED_EDGE('',*,*,#4780,.T.);
#7695 = ORIENTED_EDGE('',*,*,#7619,.T.);
#7696 = ORIENTED_EDGE('',*,*,#7649,.F.);
#7697 = ADVANCED_FACE('',(#7698),#6600,.T.);
#7698 = FACE_BOUND('',#7699,.T.);
#7699 = EDGE_LOOP('',(#7700,#7721,#7722));
#7700 = ORIENTED_EDGE('',*,*,#7701,.T.);
#7701 = EDGE_CURVE('',#4723,#6585,#7702,.T.);
#7702 = SURFACE_CURVE('',#7703,(#7707,#7714),.PCURVE_S1.);
#7703 = LINE('',#7704,#7705);
#7704 = CARTESIAN_POINT('',(27.015246909864,16.888970780063,
    8.373366523998));
#7705 = VECTOR('',#7706,1.);
#7706 = DIRECTION('',(9.82377649921E-02,-4.510005827272E-02,
    -0.994140496244));
#7707 = PCURVE('',#6600,#7708);
#7708 = DEFINITIONAL_REPRESENTATION('',(#7709),#7713);
#7709 = LINE('',#7710,#7711);
#7710 = CARTESIAN_POINT('',(0.,-0.));
#7711 = VECTOR('',#7712,1.);
#7712 = DIRECTION('',(0.108087020591,0.994141436607));
#7713 = ( GEOMETRIC_REPRESENTATION_CONTEXT(2) 
PARAMETRIC_REPRESENTATION_CONTEXT() REPRESENTATION_CONTEXT('2D SPACE',''
  ) );
#7714 = PCURVE('',#4822,#7715);
#7715 = DEFINITIONAL_REPRESENTATION('',(#7716),#7720);
#7716 = LINE('',#7717,#7718);
#7717 = CARTESIAN_POINT('',(0.,0.));
#7718 = VECTOR('',#7719,1.);
#7719 = DIRECTION('',(0.108081378615,0.994142050009));
#7720 = ( GEOMETRIC_REPRESENTATION_CONTEXT(2) 
PARAMETRIC_REPRESENTATION_CONTEXT() REPRESENTATION_CONTEXT('2D SPACE',''
  ) );
#7721 = ORIENTED_EDGE('',*,*,#6584,.F.);
#7722 = ORIENTED_EDGE('',*,*,#7723,.F.);
#7723 = EDGE_CURVE('',#4723,#6527,#7724,.T.);
#7724 = SURFACE_CURVE('',#7725,(#7729,#7736),.PCURVE_S1.);
#7725 = LINE('',#7726,#7727);
#7726 = CARTESIAN_POINT('',(27.015246909864,16.888970780063,
    8.373366523998));
#7727 = VECTOR('',#7728,1.);
#7728 = DIRECTION('',(1.622919479505E-03,-2.225180929564E-03,
    -0.999996207344));
#7729 = PCURVE('',#6600,#7730);
#7730 = DEFINITIONAL_REPRESENTATION('',(#7731),#7735);
#7731 = LINE('',#7732,#7733);
#7732 = CARTESIAN_POINT('',(0.,-0.));
#7733 = VECTOR('',#7734,1.);
#7734 = DIRECTION('',(2.386105666699E-03,0.999997153246));
#7735 = ( GEOMETRIC_REPRESENTATION_CONTEXT(2) 
PARAMETRIC_REPRESENTATION_CONTEXT() REPRESENTATION_CONTEXT('2D SPACE',''
  ) );
#7736 = PCURVE('',#4764,#7737);
#7737 = DEFINITIONAL_REPRESENTATION('',(#7738),#7742);
#7738 = LINE('',#7739,#7740);
#7739 = CARTESIAN_POINT('',(0.881051636376,5.165190962181E-04));
#7740 = VECTOR('',#7741,1.);
#7741 = DIRECTION('',(2.306390320998E-03,0.999997340278));
#7742 = ( GEOMETRIC_REPRESENTATION_CONTEXT(2) 
PARAMETRIC_REPRESENTATION_CONTEXT() REPRESENTATION_CONTEXT('2D SPACE',''
  ) );
#7743 = ADVANCED_FACE('',(#7744),#4822,.T.);
#7744 = FACE_BOUND('',#7745,.T.);
#7745 = EDGE_LOOP('',(#7746,#7747,#7748));
#7746 = ORIENTED_EDGE('',*,*,#4808,.T.);
#7747 = ORIENTED_EDGE('',*,*,#7671,.F.);
#7748 = ORIENTED_EDGE('',*,*,#7701,.F.);
#7749 = ADVANCED_FACE('',(#7750),#6542,.T.);
#7750 = FACE_BOUND('',#7751,.T.);
#7751 = EDGE_LOOP('',(#7752,#7773,#7774));
#7752 = ORIENTED_EDGE('',*,*,#7753,.T.);
#7753 = EDGE_CURVE('',#4491,#6527,#7754,.T.);
#7754 = SURFACE_CURVE('',#7755,(#7759,#7766),.PCURVE_S1.);
#7755 = LINE('',#7756,#7757);
#7756 = CARTESIAN_POINT('',(26.191423488965,17.201327878812,
    8.373883042509));
#7757 = VECTOR('',#7758,1.);
#7758 = DIRECTION('',(9.94242465137E-02,-3.929776327574E-02,
    -0.994268829345));
#7759 = PCURVE('',#6542,#7760);
#7760 = DEFINITIONAL_REPRESENTATION('',(#7761),#7765);
#7761 = LINE('',#7762,#7763);
#7762 = CARTESIAN_POINT('',(0.,0.));
#7763 = VECTOR('',#7764,1.);
#7764 = DIRECTION('',(0.106833064999,0.994276971584));
#7765 = ( GEOMETRIC_REPRESENTATION_CONTEXT(2) 
PARAMETRIC_REPRESENTATION_CONTEXT() REPRESENTATION_CONTEXT('2D SPACE',''
  ) );
#7766 = PCURVE('',#4764,#7767);
#7767 = DEFINITIONAL_REPRESENTATION('',(#7768),#7772);
#7768 = LINE('',#7769,#7770);
#7769 = CARTESIAN_POINT('',(0.,-0.));
#7770 = VECTOR('',#7771,1.);
#7771 = DIRECTION('',(0.106898339615,0.99426995579));
#7772 = ( GEOMETRIC_REPRESENTATION_CONTEXT(2) 
PARAMETRIC_REPRESENTATION_CONTEXT() REPRESENTATION_CONTEXT('2D SPACE',''
  ) );
#7773 = ORIENTED_EDGE('',*,*,#6526,.F.);
#7774 = ORIENTED_EDGE('',*,*,#7775,.T.);
#7775 = EDGE_CURVE('',#173,#4491,#7776,.T.);
#7776 = SURFACE_CURVE('',#7777,(#7781,#7788),.PCURVE_S1.);
#7777 = LINE('',#7778,#7779);
#7778 = CARTESIAN_POINT('',(26.173683934401,17.24613659583,
    1.019205935429E-03));
#7779 = VECTOR('',#7780,1.);
#7780 = DIRECTION('',(2.118661078166E-03,-5.35157094082E-03,
    0.999983435845));
#7781 = PCURVE('',#6542,#7782);
#7782 = DEFINITIONAL_REPRESENTATION('',(#7783),#7787);
#7783 = LINE('',#7784,#7785);
#7784 = CARTESIAN_POINT('',(-3.426815924238E-02,8.372932403404));
#7785 = VECTOR('',#7786,1.);
#7786 = DIRECTION('',(4.092696631418E-03,-0.999991624882));
#7787 = ( GEOMETRIC_REPRESENTATION_CONTEXT(2) 
PARAMETRIC_REPRESENTATION_CONTEXT() REPRESENTATION_CONTEXT('2D SPACE',''
  ) );
#7788 = PCURVE('',#4564,#7789);
#7789 = DEFINITIONAL_REPRESENTATION('',(#7790),#7794);
#7790 = LINE('',#7791,#7792);
#7791 = CARTESIAN_POINT('',(0.948860368206,8.379308523469));
#7792 = VECTOR('',#7793,1.);
#7793 = DIRECTION('',(3.180137805484E-03,-0.999994943349));
#7794 = ( GEOMETRIC_REPRESENTATION_CONTEXT(2) 
PARAMETRIC_REPRESENTATION_CONTEXT() REPRESENTATION_CONTEXT('2D SPACE',''
  ) );
#7795 = ADVANCED_FACE('',(#7796),#4764,.T.);
#7796 = FACE_BOUND('',#7797,.T.);
#7797 = EDGE_LOOP('',(#7798,#7799,#7800));
#7798 = ORIENTED_EDGE('',*,*,#4750,.T.);
#7799 = ORIENTED_EDGE('',*,*,#7723,.T.);
#7800 = ORIENTED_EDGE('',*,*,#7753,.F.);
#7801 = ADVANCED_FACE('',(#7802),#6510,.T.);
#7802 = FACE_BOUND('',#7803,.T.);
#7803 = EDGE_LOOP('',(#7804,#7825,#7826));
#7804 = ORIENTED_EDGE('',*,*,#7805,.T.);
#7805 = EDGE_CURVE('',#4549,#173,#7806,.T.);
#7806 = SURFACE_CURVE('',#7807,(#7811,#7818),.PCURVE_S1.);
#7807 = LINE('',#7808,#7809);
#7808 = CARTESIAN_POINT('',(25.237040395511,17.403142413365,
    8.380231303988));
#7809 = VECTOR('',#7810,1.);
#7810 = DIRECTION('',(0.111070669991,-1.861833303923E-02,-0.993638095054
    ));
#7811 = PCURVE('',#6510,#7812);
#7812 = DEFINITIONAL_REPRESENTATION('',(#7813),#7817);
#7813 = LINE('',#7814,#7815);
#7814 = CARTESIAN_POINT('',(0.,-0.));
#7815 = VECTOR('',#7816,1.);
#7816 = DIRECTION('',(0.112618001058,0.993638357672));
#7817 = ( GEOMETRIC_REPRESENTATION_CONTEXT(2) 
PARAMETRIC_REPRESENTATION_CONTEXT() REPRESENTATION_CONTEXT('2D SPACE',''
  ) );
#7818 = PCURVE('',#4564,#7819);
#7819 = DEFINITIONAL_REPRESENTATION('',(#7820),#7824);
#7820 = LINE('',#7821,#7822);
#7821 = CARTESIAN_POINT('',(0.,0.));
#7822 = VECTOR('',#7823,1.);
#7823 = DIRECTION('',(0.112519386991,0.993649529538));
#7824 = ( GEOMETRIC_REPRESENTATION_CONTEXT(2) 
PARAMETRIC_REPRESENTATION_CONTEXT() REPRESENTATION_CONTEXT('2D SPACE',''
  ) );
#7825 = ORIENTED_EDGE('',*,*,#6496,.F.);
#7826 = ORIENTED_EDGE('',*,*,#7827,.F.);
#7827 = EDGE_CURVE('',#4549,#6469,#7828,.T.);
#7828 = SURFACE_CURVE('',#7829,(#7833,#7840),.PCURVE_S1.);
#7829 = LINE('',#7830,#7831);
#7830 = CARTESIAN_POINT('',(25.237040395511,17.403142413365,
    8.380231303988));
#7831 = VECTOR('',#7832,1.);
#7832 = DIRECTION('',(7.255986084777E-04,-8.532639761409E-04,
    -0.999999372723));
#7833 = PCURVE('',#6510,#7834);
#7834 = DEFINITIONAL_REPRESENTATION('',(#7835),#7839);
#7835 = LINE('',#7836,#7837);
#7836 = CARTESIAN_POINT('',(0.,-0.));
#7837 = VECTOR('',#7838,1.);
#7838 = DIRECTION('',(8.520293324331E-04,0.999999637023));
#7839 = ( GEOMETRIC_REPRESENTATION_CONTEXT(2) 
PARAMETRIC_REPRESENTATION_CONTEXT() REPRESENTATION_CONTEXT('2D SPACE',''
  ) );
#7840 = PCURVE('',#4590,#7841);
#7841 = DEFINITIONAL_REPRESENTATION('',(#7842),#7846);
#7842 = LINE('',#7843,#7844);
#7843 = CARTESIAN_POINT('',(0.929319485255,1.039987833942E-02));
#7844 = VECTOR('',#7845,1.);
#7845 = DIRECTION('',(8.0760342101E-04,0.999999673888));
#7846 = ( GEOMETRIC_REPRESENTATION_CONTEXT(2) 
PARAMETRIC_REPRESENTATION_CONTEXT() REPRESENTATION_CONTEXT('2D SPACE',''
  ) );
#7847 = ADVANCED_FACE('',(#7848),#4564,.T.);
#7848 = FACE_BOUND('',#7849,.T.);
#7849 = EDGE_LOOP('',(#7850,#7851,#7852));
#7850 = ORIENTED_EDGE('',*,*,#4548,.T.);
#7851 = ORIENTED_EDGE('',*,*,#7775,.F.);
#7852 = ORIENTED_EDGE('',*,*,#7805,.F.);
#7853 = ADVANCED_FACE('',(#7854),#6484,.T.);
#7854 = FACE_BOUND('',#7855,.T.);
#7855 = EDGE_LOOP('',(#7856,#7877,#7878));
#7856 = ORIENTED_EDGE('',*,*,#7857,.T.);
#7857 = EDGE_CURVE('',#3737,#6469,#7858,.T.);
#7858 = SURFACE_CURVE('',#7859,(#7863,#7870),.PCURVE_S1.);
#7859 = LINE('',#7860,#7861);
#7860 = CARTESIAN_POINT('',(24.312417842969,17.496458226986,
    8.390631179196));
#7861 = VECTOR('',#7862,1.);
#7862 = DIRECTION('',(0.110187562924,-1.189474416495E-02,-0.993839632958
    ));
#7863 = PCURVE('',#6484,#7864);
#7864 = DEFINITIONAL_REPRESENTATION('',(#7865),#7869);
#7865 = LINE('',#7866,#7867);
#7866 = CARTESIAN_POINT('',(0.,-0.));
#7867 = VECTOR('',#7868,1.);
#7868 = DIRECTION('',(0.110746657345,0.99384866951));
#7869 = ( GEOMETRIC_REPRESENTATION_CONTEXT(2) 
PARAMETRIC_REPRESENTATION_CONTEXT() REPRESENTATION_CONTEXT('2D SPACE',''
  ) );
#7870 = PCURVE('',#4590,#7871);
#7871 = DEFINITIONAL_REPRESENTATION('',(#7872),#7876);
#7872 = LINE('',#7873,#7874);
#7873 = CARTESIAN_POINT('',(0.,-0.));
#7874 = VECTOR('',#7875,1.);
#7875 = DIRECTION('',(0.11082503792,0.993839932268));
#7876 = ( GEOMETRIC_REPRESENTATION_CONTEXT(2) 
PARAMETRIC_REPRESENTATION_CONTEXT() REPRESENTATION_CONTEXT('2D SPACE',''
  ) );
#7877 = ORIENTED_EDGE('',*,*,#6468,.F.);
#7878 = ORIENTED_EDGE('',*,*,#6719,.F.);
#7879 = ADVANCED_FACE('',(#7880),#4590,.T.);
#7880 = FACE_BOUND('',#7881,.T.);
#7881 = EDGE_LOOP('',(#7882,#7883,#7884));
#7882 = ORIENTED_EDGE('',*,*,#4576,.T.);
#7883 = ORIENTED_EDGE('',*,*,#7827,.T.);
#7884 = ORIENTED_EDGE('',*,*,#7857,.F.);
#7885 = ADVANCED_FACE('',(#7886),#535,.T.);
#7886 = FACE_BOUND('',#7887,.T.);
#7887 = EDGE_LOOP('',(#7888,#7889,#7890));
#7888 = ORIENTED_EDGE('',*,*,#6792,.F.);
#7889 = ORIENTED_EDGE('',*,*,#519,.T.);
#7890 = ORIENTED_EDGE('',*,*,#7891,.T.);
#7891 = EDGE_CURVE('',#230,#3854,#7892,.T.);
#7892 = SURFACE_CURVE('',#7893,(#7897,#7904),.PCURVE_S1.);
#7893 = LINE('',#7894,#7895);
#7894 = CARTESIAN_POINT('',(30.798688322647,11.031443290135,
    -1.562768776273E-02));
#7895 = VECTOR('',#7896,1.);
#7896 = DIRECTION('',(2.562538015945E-03,-0.934762955964,0.355262789434)
  );
#7897 = PCURVE('',#535,#7898);
#7898 = DEFINITIONAL_REPRESENTATION('',(#7899),#7903);
#7899 = LINE('',#7900,#7901);
#7900 = CARTESIAN_POINT('',(-8.386607915676,-22.06623132482));
#7901 = VECTOR('',#7902,1.);
#7902 = DIRECTION('',(0.355271064295,0.934763323454));
#7903 = ( GEOMETRIC_REPRESENTATION_CONTEXT(2) 
PARAMETRIC_REPRESENTATION_CONTEXT() REPRESENTATION_CONTEXT('2D SPACE',''
  ) );
#7904 = PCURVE('',#3895,#7905);
#7905 = DEFINITIONAL_REPRESENTATION('',(#7906),#7910);
#7906 = LINE('',#7907,#7908);
#7907 = CARTESIAN_POINT('',(-8.385720916663,-22.06656842193));
#7908 = VECTOR('',#7909,1.);
#7909 = DIRECTION('',(0.355233489499,0.934777603464));
#7910 = ( GEOMETRIC_REPRESENTATION_CONTEXT(2) 
PARAMETRIC_REPRESENTATION_CONTEXT() REPRESENTATION_CONTEXT('2D SPACE',''
  ) );
#7911 = ADVANCED_FACE('',(#7912),#3895,.T.);
#7912 = FACE_BOUND('',#7913,.T.);
#7913 = EDGE_LOOP('',(#7914,#7915,#7916));
#7914 = ORIENTED_EDGE('',*,*,#7891,.F.);
#7915 = ORIENTED_EDGE('',*,*,#7364,.F.);
#7916 = ORIENTED_EDGE('',*,*,#3881,.T.);
#7917 = ( GEOMETRIC_REPRESENTATION_CONTEXT(3) 
GLOBAL_UNCERTAINTY_ASSIGNED_CONTEXT((#7921)) 
GLOBAL_UNIT_ASSIGNED_CONTEXT((#7918,#7919,#7920)) REPRESENTATION_CONTEXT
('Context #1','3D Context with UNIT and UNCERTAINTY') );
#7918 = ( LENGTH_UNIT() NAMED_UNIT(*) SI_UNIT(.MILLI.,.METRE.) );
#7919 = ( NAMED_UNIT(*) PLANE_ANGLE_UNIT() SI_UNIT($,.RADIAN.) );
#7920 = ( NAMED_UNIT(*) SI_UNIT($,.STERADIAN.) SOLID_ANGLE_UNIT() );
#7921 = UNCERTAINTY_MEASURE_WITH_UNIT(LENGTH_MEASURE(1.E-07),#7918,
  'distance_accuracy_value','confusion accuracy');
#7922 = PRODUCT_TYPE('part',$,(#7));
ENDSEC;
END-ISO-10303-21;
