ISO-10303-21;
HEADER;
FILE_DESCRIPTION(('Open CASCADE Model'),'2;1');
FILE_NAME('Open CASCADE Shape Model','2026-10-04T20:45:03',('Author'),(
    'Open CASCADE'),'Open CASCADE STEP processor 7.8','Open CASCADE 7.8'
  ,'Unknown');
FILE_SCHEMA(('AUTOMOTIVE_DESIGN_CC2 { 1 2 10303 214 -1 1 5 4 }'));
ENDSEC;
DATA;
#1 = APPLICATION_PROTOCOL_DEFINITION('committee draft',
  'automotive_design',1997,#2);
#2 = APPLICATION_CONTEXT(
  'core data for automotive mechanical design processes');
#3 = SHAPE_DEFINITION_REPRESENTATION(#4,#10);
#4 = PRODUCT_DEFINITION_SHAPE('','',#5);
#5 = PRODUCT_DEFINITION('design','',#6,#9);
#6 = PRODUCT_DEFINITION_FORMATION('','',#7);
#7 = PRODUCT('Open CASCADE STEP translator 7.8 195',
  'Open CASCADE STEP translator 7.8 195','',(#8));
#8 = MECHANICAL_CONTEXT('',#2,'mechanical');
#9 = PRODUCT_DEFINITION_CONTEXT('part definition',#2,'design');
#10 = ADVANCED_BREP_SHAPE_REPRESENTATION('',(#11,#15),#7917);
#11 = AXIS2_PLACEMENT_3D('',#12,#13,#14);
#12 = CARTESIAN_POINT('',(0.,0.,0.));
#13 = DIRECTION('',(0.,0.,1.));
#14 = DIRECTION('',(1.,0.,-0.));
#15 = MANIFOLD_SOLID_BREP('',#16);
#16 = CLOSED_SHELL('',(#17,#109,#167,#225,#283,#336,#394,#452,#510,#563,
    #621,#679,#737,#795,#853,#911,#969,#1022,#1080,#1138,#1196,#1249,
    #1307,#1365,#1423,#1476,#1529,#1587,#1645,#1703,#1761,#1819,#1877,
    #1903,#1961,#2019,#2077,#2135,#2193,#2251,#2309,#2362,#2415,#2473,
    #2531,#2589,#2647,#2705,#2758,#2816,#2874,#2932,#2990,#3048,#3101,
    #3159,#3217,#3275,#3333,#3391,#3449,#3507,#3560,#3613,#3639,#3670,
    #3721,#3779,#3837,#3895,#3951,#4004,#4057,#4103,#4109,#4155,#4181,
    #4207,#4233,#4259,#4285,#4291,#4317,#4348,#4401,#4427,#4453,#4479,
    #4505,#4531,#4557,#4583,#4589,#4642,#4700,#4758,#4816,#4874,#4932,
    #4990,#5048,#5101,#5159,#5217,#5270,#5296,#5327,#5353,#5379,#5405,
    #5431,#5457,#5463,#5516,#5547,#5578,#5631,#5662,#5715,#5746,#5794,
    #5825,#5878,#5904,#5930,#5961,#6014,#6040,#6066,#6097,#6150,#6181,
    #6234,#6265,#6313,#6344,#6397,#6428,#6481,#6512,#6565,#6596,#6649,
    #6680,#6733,#6759,#6790,#6816,#6842,#6868,#6914,#6945,#6951,#6982,
    #7008,#7034,#7065,#7091,#7142,#7148,#7179,#7205,#7251,#7277,#7303,
    #7329,#7335,#7361,#7407,#7413,#7444,#7490,#7496,#7527,#7558,#7589,
    #7640,#7646,#7697,#7723,#7749,#7775,#7781,#7827,#7833,#7859,#7885,
    #7911));
#17 = ADVANCED_FACE('',(#18),#32,.T.);
#18 = FACE_BOUND('',#19,.T.);
#19 = EDGE_LOOP('',(#20,#55,#83));
#20 = ORIENTED_EDGE('',*,*,#21,.F.);
#21 = EDGE_CURVE('',#22,#24,#26,.T.);
#22 = VERTEX_POINT('',#23);
#23 = CARTESIAN_POINT('',(-34.41425980257,-3.133716144053,2.225450484214
    ));
#24 = VERTEX_POINT('',#25);
#25 = CARTESIAN_POINT('',(-34.40510204726,-3.136527033443,6.590800990936
    ));
#26 = SURFACE_CURVE('',#27,(#31,#43),.PCURVE_S1.);
#27 = LINE('',#28,#29);
#28 = CARTESIAN_POINT('',(-34.41425980257,-3.133716144053,2.225450484214
    ));
#29 = VECTOR('',#30,1.);
#30 = DIRECTION('',(2.097823128138E-03,-6.439076583518E-04,
    0.999997592258));
#31 = PCURVE('',#32,#37);
#32 = PLANE('',#33);
#33 = AXIS2_PLACEMENT_3D('',#34,#35,#36);
#34 = CARTESIAN_POINT('',(-34.40510204726,-3.136527033443,6.590800990936
    ));
#35 = DIRECTION('',(0.957412165571,0.288718935001,-1.822577439035E-03));
#36 = DIRECTION('',(-0.288719414534,0.957413755735,1.697665446904E-20));
#37 = DEFINITIONAL_REPRESENTATION('',(#38),#42);
#38 = LINE('',#39,#40);
#39 = CARTESIAN_POINT('',(5.335205918467E-03,-4.365357757126));
#40 = VECTOR('',#41,1.);
#41 = DIRECTION('',(-1.222168314881E-03,0.999999253152));
#42 = ( GEOMETRIC_REPRESENTATION_CONTEXT(2) 
PARAMETRIC_REPRESENTATION_CONTEXT() REPRESENTATION_CONTEXT('2D SPACE',''
  ) );
#43 = PCURVE('',#44,#49);
#44 = PLANE('',#45);
#45 = AXIS2_PLACEMENT_3D('',#46,#47,#48);
#46 = CARTESIAN_POINT('',(-33.79822802606,-4.270818514416,6.590597759804
    ));
#47 = DIRECTION('',(0.881731749462,0.471748589826,-1.545958449301E-03));
#48 = DIRECTION('',(-0.471749153563,0.881732803128,5.749009620597E-20));
#49 = DEFINITIONAL_REPRESENTATION('',(#50),#54);
#50 = LINE('',#51,#52);
#51 = CARTESIAN_POINT('',(1.293232929596,-4.365152491923));
#52 = VECTOR('',#53,1.);
#53 = DIRECTION('',(-1.557400789579E-03,0.999998787251));
#54 = ( GEOMETRIC_REPRESENTATION_CONTEXT(2) 
PARAMETRIC_REPRESENTATION_CONTEXT() REPRESENTATION_CONTEXT('2D SPACE',''
  ) );
#55 = ORIENTED_EDGE('',*,*,#56,.F.);
#56 = EDGE_CURVE('',#57,#22,#59,.T.);
#57 = VERTEX_POINT('',#58);
#58 = CARTESIAN_POINT('',(-34.79519213925,-1.870985742658,2.151337464132
    ));
#59 = SURFACE_CURVE('',#60,(#64,#71),.PCURVE_S1.);
#60 = LINE('',#61,#62);
#61 = CARTESIAN_POINT('',(-34.79519213925,-1.870985742658,2.151337464132
    ));
#62 = VECTOR('',#63,1.);
#63 = DIRECTION('',(0.288362574673,-0.955876292445,5.610293280324E-02));
#64 = PCURVE('',#32,#65);
#65 = DEFINITIONAL_REPRESENTATION('',(#66),#70);
#66 = LINE('',#67,#68);
#67 = CARTESIAN_POINT('',(1.324273223224,-4.439470900302));
#68 = VECTOR('',#69,1.);
#69 = DIRECTION('',(-0.998424984901,5.610302598451E-02));
#70 = ( GEOMETRIC_REPRESENTATION_CONTEXT(2) 
PARAMETRIC_REPRESENTATION_CONTEXT() REPRESENTATION_CONTEXT('2D SPACE',''
  ) );
#71 = PCURVE('',#72,#77);
#72 = PLANE('',#73);
#73 = AXIS2_PLACEMENT_3D('',#74,#75,#76);
#74 = CARTESIAN_POINT('',(-34.79519213925,-1.870985742658,2.151337464132
    ));
#75 = DIRECTION('',(0.108957797217,9.096810541437E-02,0.989875245788));
#76 = DIRECTION('',(0.993996547875,7.461814502171E-19,-0.109411438218));
#77 = DEFINITIONAL_REPRESENTATION('',(#78),#82);
#78 = LINE('',#79,#80);
#79 = CARTESIAN_POINT('',(0.,0.));
#80 = VECTOR('',#81,1.);
#81 = DIRECTION('',(0.280493101195,-0.959856041384));
#82 = ( GEOMETRIC_REPRESENTATION_CONTEXT(2) 
PARAMETRIC_REPRESENTATION_CONTEXT() REPRESENTATION_CONTEXT('2D SPACE',''
  ) );
#83 = ORIENTED_EDGE('',*,*,#84,.T.);
#84 = EDGE_CURVE('',#57,#24,#85,.T.);
#85 = SURFACE_CURVE('',#86,(#90,#97),.PCURVE_S1.);
#86 = LINE('',#87,#88);
#87 = CARTESIAN_POINT('',(-34.79519213925,-1.870985742658,2.151337464132
    ));
#88 = VECTOR('',#89,1.);
#89 = DIRECTION('',(8.420225826612E-02,-0.273171343751,0.958273132596));
#90 = PCURVE('',#32,#91);
#91 = DEFINITIONAL_REPRESENTATION('',(#92),#96);
#92 = LINE('',#93,#94);
#93 = CARTESIAN_POINT('',(1.324273223224,-4.439470900302));
#94 = VECTOR('',#95,1.);
#95 = DIRECTION('',(-0.285848828889,0.958274724191));
#96 = ( GEOMETRIC_REPRESENTATION_CONTEXT(2) 
PARAMETRIC_REPRESENTATION_CONTEXT() REPRESENTATION_CONTEXT('2D SPACE',''
  ) );
#97 = PCURVE('',#98,#103);
#98 = PLANE('',#99);
#99 = AXIS2_PLACEMENT_3D('',#100,#101,#102);
#100 = CARTESIAN_POINT('',(-34.40510204726,-3.136527033443,
    6.590800990936));
#101 = DIRECTION('',(0.962558642335,0.27097432445,-7.333181769384E-03));
#102 = DIRECTION('',(-0.270981610641,0.962584524441,-3.346631894891E-19)
  );
#103 = DEFINITIONAL_REPRESENTATION('',(#104),#108);
#104 = LINE('',#105,#106);
#105 = CARTESIAN_POINT('',(1.323897702975,-4.439582898926));
#106 = VECTOR('',#107,1.);
#107 = DIRECTION('',(-0.28576777158,0.95829889947));
#108 = ( GEOMETRIC_REPRESENTATION_CONTEXT(2) 
PARAMETRIC_REPRESENTATION_CONTEXT() REPRESENTATION_CONTEXT('2D SPACE',''
  ) );
#109 = ADVANCED_FACE('',(#110),#98,.T.);
#110 = FACE_BOUND('',#111,.T.);
#111 = EDGE_LOOP('',(#112,#113,#141));
#112 = ORIENTED_EDGE('',*,*,#84,.F.);
#113 = ORIENTED_EDGE('',*,*,#114,.T.);
#114 = EDGE_CURVE('',#57,#115,#117,.T.);
#115 = VERTEX_POINT('',#116);
#116 = CARTESIAN_POINT('',(-34.74498384903,-1.929871397226,
    6.565781865666));
#117 = SURFACE_CURVE('',#118,(#122,#129),.PCURVE_S1.);
#118 = LINE('',#119,#120);
#119 = CARTESIAN_POINT('',(-34.79519213925,-1.870985742658,
    2.151337464132));
#120 = VECTOR('',#121,1.);
#121 = DIRECTION('',(1.137189032438E-02,-1.333726367524E-02,
    0.999846386956));
#122 = PCURVE('',#98,#123);
#123 = DEFINITIONAL_REPRESENTATION('',(#124),#128);
#124 = LINE('',#125,#126);
#125 = CARTESIAN_POINT('',(1.323897702975,-4.439582898926));
#126 = VECTOR('',#127,1.);
#127 = DIRECTION('',(-1.591981676833E-02,0.999873271687));
#128 = ( GEOMETRIC_REPRESENTATION_CONTEXT(2) 
PARAMETRIC_REPRESENTATION_CONTEXT() REPRESENTATION_CONTEXT('2D SPACE',''
  ) );
#129 = PCURVE('',#130,#135);
#130 = PLANE('',#131);
#131 = AXIS2_PLACEMENT_3D('',#132,#133,#134);
#132 = CARTESIAN_POINT('',(-34.74498384903,-1.929871397226,
    6.565781865666));
#133 = DIRECTION('',(0.991642248184,0.128663180497,-9.562301017961E-03)
  );
#134 = DIRECTION('',(-0.128669063227,0.991687587987,-2.449432395732E-20)
  );
#135 = DEFINITIONAL_REPRESENTATION('',(#136),#140);
#136 = LINE('',#137,#138);
#137 = CARTESIAN_POINT('',(6.485642641479E-02,-4.414646238478));
#138 = VECTOR('',#139,1.);
#139 = DIRECTION('',(-1.468960931961E-02,0.999892101868));
#140 = ( GEOMETRIC_REPRESENTATION_CONTEXT(2) 
PARAMETRIC_REPRESENTATION_CONTEXT() REPRESENTATION_CONTEXT('2D SPACE',''
  ) );
#141 = ORIENTED_EDGE('',*,*,#142,.T.);
#142 = EDGE_CURVE('',#115,#24,#143,.T.);
#143 = SURFACE_CURVE('',#144,(#148,#155),.PCURVE_S1.);
#144 = LINE('',#145,#146);
#145 = CARTESIAN_POINT('',(-34.74498384903,-1.929871397226,
    6.565781865666));
#146 = VECTOR('',#147,1.);
#147 = DIRECTION('',(0.271068509784,-0.96235321642,1.995369263069E-02));
#148 = PCURVE('',#98,#149);
#149 = DEFINITIONAL_REPRESENTATION('',(#150),#154);
#150 = LINE('',#151,#152);
#151 = CARTESIAN_POINT('',(1.253609759823,-2.501979800641E-02));
#152 = VECTOR('',#153,1.);
#153 = DIRECTION('',(-0.999800894548,1.995422916278E-02));
#154 = ( GEOMETRIC_REPRESENTATION_CONTEXT(2) 
PARAMETRIC_REPRESENTATION_CONTEXT() REPRESENTATION_CONTEXT('2D SPACE',''
  ) );
#155 = PCURVE('',#156,#161);
#156 = PLANE('',#157);
#157 = AXIS2_PLACEMENT_3D('',#158,#159,#160);
#158 = CARTESIAN_POINT('',(-34.74498384903,-1.929871397226,
    6.565781865666));
#159 = DIRECTION('',(-2.842769458189E-02,1.271691223833E-02,
    0.999514955528));
#160 = DIRECTION('',(0.99959578604,1.747787302127E-20,2.842999352208E-02
    ));
#161 = DEFINITIONAL_REPRESENTATION('',(#162),#166);
#162 = LINE('',#163,#164);
#163 = CARTESIAN_POINT('',(0.,0.));
#164 = VECTOR('',#165,1.);
#165 = DIRECTION('',(0.27152622346,-0.962431041672));
#166 = ( GEOMETRIC_REPRESENTATION_CONTEXT(2) 
PARAMETRIC_REPRESENTATION_CONTEXT() REPRESENTATION_CONTEXT('2D SPACE',''
  ) );
#167 = ADVANCED_FACE('',(#168),#130,.T.);
#168 = FACE_BOUND('',#169,.T.);
#169 = EDGE_LOOP('',(#170,#171,#199));
#170 = ORIENTED_EDGE('',*,*,#114,.F.);
#171 = ORIENTED_EDGE('',*,*,#172,.F.);
#172 = EDGE_CURVE('',#173,#57,#175,.T.);
#173 = VERTEX_POINT('',#174);
#174 = CARTESIAN_POINT('',(-34.95313595633,-0.650916490788,
    2.188381740149));
#175 = SURFACE_CURVE('',#176,(#180,#187),.PCURVE_S1.);
#176 = LINE('',#177,#178);
#177 = CARTESIAN_POINT('',(-34.95313595633,-0.650916490788,
    2.188381740149));
#178 = VECTOR('',#179,1.);
#179 = DIRECTION('',(0.128325344104,-0.991275312153,-3.009753439499E-02)
  );
#180 = PCURVE('',#130,#181);
#181 = DEFINITIONAL_REPRESENTATION('',(#182),#186);
#182 = LINE('',#183,#184);
#183 = CARTESIAN_POINT('',(1.295106442965,-4.377600268724));
#184 = VECTOR('',#185,1.);
#185 = DIRECTION('',(-0.999546925155,-3.009891051253E-02));
#186 = ( GEOMETRIC_REPRESENTATION_CONTEXT(2) 
PARAMETRIC_REPRESENTATION_CONTEXT() REPRESENTATION_CONTEXT('2D SPACE',''
  ) );
#187 = PCURVE('',#188,#193);
#188 = PLANE('',#189);
#189 = AXIS2_PLACEMENT_3D('',#190,#191,#192);
#190 = CARTESIAN_POINT('',(-34.92311228289,0.66871804564,2.244328226085)
  );
#191 = DIRECTION('',(-7.874682198112E-02,-4.043739330022E-02,
    0.996074171561));
#192 = DIRECTION('',(0.996889553336,9.551091520887E-20,
    7.881128377053E-02));
#193 = DEFINITIONAL_REPRESENTATION('',(#194),#198);
#194 = LINE('',#195,#196);
#195 = CARTESIAN_POINT('',(-3.433950078493E-02,-1.320714783243));
#196 = VECTOR('',#197,1.);
#197 = DIRECTION('',(0.125554169641,-0.992086765604));
#198 = ( GEOMETRIC_REPRESENTATION_CONTEXT(2) 
PARAMETRIC_REPRESENTATION_CONTEXT() REPRESENTATION_CONTEXT('2D SPACE',''
  ) );
#199 = ORIENTED_EDGE('',*,*,#200,.T.);
#200 = EDGE_CURVE('',#173,#115,#201,.T.);
#201 = SURFACE_CURVE('',#202,(#206,#213),.PCURVE_S1.);
#202 = LINE('',#203,#204);
#203 = CARTESIAN_POINT('',(-34.95313595633,-0.650916490788,
    2.188381740149));
#204 = VECTOR('',#205,1.);
#205 = DIRECTION('',(4.559579781843E-02,-0.280155555897,0.958871152826)
  );
#206 = PCURVE('',#130,#207);
#207 = DEFINITIONAL_REPRESENTATION('',(#208),#212);
#208 = LINE('',#209,#210);
#209 = CARTESIAN_POINT('',(1.295106442965,-4.377600268724));
#210 = VECTOR('',#211,1.);
#211 = DIRECTION('',(-0.283693556081,0.958914994271));
#212 = ( GEOMETRIC_REPRESENTATION_CONTEXT(2) 
PARAMETRIC_REPRESENTATION_CONTEXT() REPRESENTATION_CONTEXT('2D SPACE',''
  ) );
#213 = PCURVE('',#214,#219);
#214 = PLANE('',#215);
#215 = AXIS2_PLACEMENT_3D('',#216,#217,#218);
#216 = CARTESIAN_POINT('',(-34.74498384903,-1.929871397226,
    6.565781865666));
#217 = DIRECTION('',(0.98878155634,0.149330358646,-3.387894485318E-03));
#218 = DIRECTION('',(-0.149331215647,0.988787230921,-1.188939518248E-19)
  );
#219 = DEFINITIONAL_REPRESENTATION('',(#220),#224);
#220 = LINE('',#221,#222);
#221 = CARTESIAN_POINT('',(1.295697887633,-4.377425247258));
#222 = VECTOR('',#223,1.);
#223 = DIRECTION('',(-0.283823112259,0.958876655753));
#224 = ( GEOMETRIC_REPRESENTATION_CONTEXT(2) 
PARAMETRIC_REPRESENTATION_CONTEXT() REPRESENTATION_CONTEXT('2D SPACE',''
  ) );
#225 = ADVANCED_FACE('',(#226),#214,.T.);
#226 = FACE_BOUND('',#227,.T.);
#227 = EDGE_LOOP('',(#228,#229,#257));
#228 = ORIENTED_EDGE('',*,*,#200,.F.);
#229 = ORIENTED_EDGE('',*,*,#230,.T.);
#230 = EDGE_CURVE('',#173,#231,#233,.T.);
#231 = VERTEX_POINT('',#232);
#232 = CARTESIAN_POINT('',(-34.94122470843,-0.630552638654,6.56235609014
    ));
#233 = SURFACE_CURVE('',#234,(#238,#245),.PCURVE_S1.);
#234 = LINE('',#235,#236);
#235 = CARTESIAN_POINT('',(-34.95313595633,-0.650916490788,
    2.188381740149));
#236 = VECTOR('',#237,1.);
#237 = DIRECTION('',(2.723169752273E-03,4.655618507642E-03,
    0.999985454676));
#238 = PCURVE('',#214,#239);
#239 = DEFINITIONAL_REPRESENTATION('',(#240),#244);
#240 = LINE('',#241,#242);
#241 = CARTESIAN_POINT('',(1.295697887633,-4.377425247258));
#242 = VECTOR('',#243,1.);
#243 = DIRECTION('',(4.196761882878E-03,0.999991193556));
#244 = ( GEOMETRIC_REPRESENTATION_CONTEXT(2) 
PARAMETRIC_REPRESENTATION_CONTEXT() REPRESENTATION_CONTEXT('2D SPACE',''
  ) );
#245 = PCURVE('',#246,#251);
#246 = PLANE('',#247);
#247 = AXIS2_PLACEMENT_3D('',#248,#249,#250);
#248 = CARTESIAN_POINT('',(-34.94122470843,-0.630552638654,6.56235609014
    ));
#249 = DIRECTION('',(0.999740378046,-2.263464542761E-02,
    -2.617122550352E-03));
#250 = DIRECTION('',(2.263472294409E-02,0.99974380184,
    -4.919549732727E-21));
#251 = DEFINITIONAL_REPRESENTATION('',(#252),#256);
#252 = LINE('',#253,#254);
#253 = CARTESIAN_POINT('',(-2.062824274929E-02,-4.373989329466));
#254 = VECTOR('',#255,1.);
#255 = DIRECTION('',(4.716063939619E-03,0.999988879309));
#256 = ( GEOMETRIC_REPRESENTATION_CONTEXT(2) 
PARAMETRIC_REPRESENTATION_CONTEXT() REPRESENTATION_CONTEXT('2D SPACE',''
  ) );
#257 = ORIENTED_EDGE('',*,*,#258,.T.);
#258 = EDGE_CURVE('',#231,#115,#259,.T.);
#259 = SURFACE_CURVE('',#260,(#264,#271),.PCURVE_S1.);
#260 = LINE('',#261,#262);
#261 = CARTESIAN_POINT('',(-34.94122470843,-0.630552638654,6.56235609014
    ));
#262 = VECTOR('',#263,1.);
#263 = DIRECTION('',(0.149339441489,-0.988782551765,2.607017749203E-03)
  );
#264 = PCURVE('',#214,#265);
#265 = DEFINITIONAL_REPRESENTATION('',(#266),#270);
#266 = LINE('',#267,#268);
#267 = CARTESIAN_POINT('',(1.314054683467,-3.42579518549E-03));
#268 = VECTOR('',#269,1.);
#269 = DIRECTION('',(-0.999996601684,2.607032710784E-03));
#270 = ( GEOMETRIC_REPRESENTATION_CONTEXT(2) 
PARAMETRIC_REPRESENTATION_CONTEXT() REPRESENTATION_CONTEXT('2D SPACE',''
  ) );
#271 = PCURVE('',#272,#277);
#272 = PLANE('',#273);
#273 = AXIS2_PLACEMENT_3D('',#274,#275,#276);
#274 = CARTESIAN_POINT('',(-34.94122470843,-0.630552638654,6.56235609014
    ));
#275 = DIRECTION('',(-5.524242812453E-03,1.802202512737E-03,
    0.999983117261));
#276 = DIRECTION('',(0.999984741205,-2.574013049559E-21,
    5.524251783663E-03));
#277 = DEFINITIONAL_REPRESENTATION('',(#278),#282);
#278 = LINE('',#279,#280);
#279 = CARTESIAN_POINT('',(0.,0.));
#280 = VECTOR('',#281,1.);
#281 = DIRECTION('',(0.149351564572,-0.988784157519));
#282 = ( GEOMETRIC_REPRESENTATION_CONTEXT(2) 
PARAMETRIC_REPRESENTATION_CONTEXT() REPRESENTATION_CONTEXT('2D SPACE',''
  ) );
#283 = ADVANCED_FACE('',(#284),#246,.T.);
#284 = FACE_BOUND('',#285,.T.);
#285 = EDGE_LOOP('',(#286,#287,#310));
#286 = ORIENTED_EDGE('',*,*,#230,.F.);
#287 = ORIENTED_EDGE('',*,*,#288,.T.);
#288 = EDGE_CURVE('',#173,#289,#291,.T.);
#289 = VERTEX_POINT('',#290);
#290 = CARTESIAN_POINT('',(-34.92311228289,0.66871804564,2.244328226085)
  );
#291 = SURFACE_CURVE('',#292,(#296,#303),.PCURVE_S1.);
#292 = LINE('',#293,#294);
#293 = CARTESIAN_POINT('',(-34.95313595633,-0.650916490788,
    2.188381740149));
#294 = VECTOR('',#295,1.);
#295 = DIRECTION('',(2.27252169969E-02,0.99884450369,4.234645156266E-02)
  );
#296 = PCURVE('',#246,#297);
#297 = DEFINITIONAL_REPRESENTATION('',(#298),#302);
#298 = LINE('',#299,#300);
#299 = CARTESIAN_POINT('',(-2.062824274929E-02,-4.373989329466));
#300 = VECTOR('',#301,1.);
#301 = DIRECTION('',(0.999102980557,4.234659658583E-02));
#302 = ( GEOMETRIC_REPRESENTATION_CONTEXT(2) 
PARAMETRIC_REPRESENTATION_CONTEXT() REPRESENTATION_CONTEXT('2D SPACE',''
  ) );
#303 = PCURVE('',#188,#304);
#304 = DEFINITIONAL_REPRESENTATION('',(#305),#309);
#305 = LINE('',#306,#307);
#306 = CARTESIAN_POINT('',(-3.433950078493E-02,-1.320714783243));
#307 = VECTOR('',#308,1.);
#308 = DIRECTION('',(2.599190963228E-02,0.999662153247));
#309 = ( GEOMETRIC_REPRESENTATION_CONTEXT(2) 
PARAMETRIC_REPRESENTATION_CONTEXT() REPRESENTATION_CONTEXT('2D SPACE',''
  ) );
#310 = ORIENTED_EDGE('',*,*,#311,.F.);
#311 = EDGE_CURVE('',#231,#289,#312,.T.);
#312 = SURFACE_CURVE('',#313,(#317,#324),.PCURVE_S1.);
#313 = LINE('',#314,#315);
#314 = CARTESIAN_POINT('',(-34.94122470843,-0.630552638654,6.56235609014
    ));
#315 = VECTOR('',#316,1.);
#316 = DIRECTION('',(4.016681271424E-03,0.288131272776,-0.957582495621)
  );
#317 = PCURVE('',#246,#318);
#318 = DEFINITIONAL_REPRESENTATION('',(#319),#323);
#319 = LINE('',#320,#321);
#320 = CARTESIAN_POINT('',(0.,0.));
#321 = VECTOR('',#322,1.);
#322 = DIRECTION('',(0.288148370542,-0.957585775037));
#323 = ( GEOMETRIC_REPRESENTATION_CONTEXT(2) 
PARAMETRIC_REPRESENTATION_CONTEXT() REPRESENTATION_CONTEXT('2D SPACE',''
  ) );
#324 = PCURVE('',#325,#330);
#325 = PLANE('',#326);
#326 = AXIS2_PLACEMENT_3D('',#327,#328,#329);
#327 = CARTESIAN_POINT('',(-34.94122470843,-0.630552638654,6.56235609014
    ));
#328 = DIRECTION('',(0.999965196456,5.845091781254E-03,
    5.953215766974E-03));
#329 = DIRECTION('',(-5.953317465679E-03,4.367940340366E-21,
    0.999982278849));
#330 = DEFINITIONAL_REPRESENTATION('',(#331),#335);
#331 = LINE('',#332,#333);
#332 = CARTESIAN_POINT('',(0.,0.));
#333 = VECTOR('',#334,1.);
#334 = DIRECTION('',(-0.957589438735,-0.288136194919));
#335 = ( GEOMETRIC_REPRESENTATION_CONTEXT(2) 
PARAMETRIC_REPRESENTATION_CONTEXT() REPRESENTATION_CONTEXT('2D SPACE',''
  ) );
#336 = ADVANCED_FACE('',(#337),#325,.T.);
#337 = FACE_BOUND('',#338,.T.);
#338 = EDGE_LOOP('',(#339,#340,#368));
#339 = ORIENTED_EDGE('',*,*,#311,.T.);
#340 = ORIENTED_EDGE('',*,*,#341,.F.);
#341 = EDGE_CURVE('',#342,#289,#344,.T.);
#342 = VERTEX_POINT('',#343);
#343 = CARTESIAN_POINT('',(-34.94841544382,0.623947268996,6.538472868929
    ));
#344 = SURFACE_CURVE('',#345,(#349,#356),.PCURVE_S1.);
#345 = LINE('',#346,#347);
#346 = CARTESIAN_POINT('',(-34.94841544382,0.623947268996,6.538472868929
    ));
#347 = VECTOR('',#348,1.);
#348 = DIRECTION('',(5.892057372889E-03,1.042525814456E-02,
    -0.999928296256));
#349 = PCURVE('',#325,#350);
#350 = DEFINITIONAL_REPRESENTATION('',(#351),#355);
#351 = LINE('',#352,#353);
#352 = CARTESIAN_POINT('',(-2.38399892431E-02,-1.254521338255));
#353 = VECTOR('',#354,1.);
#354 = DIRECTION('',(-0.999945653663,-1.04254362391E-02));
#355 = ( GEOMETRIC_REPRESENTATION_CONTEXT(2) 
PARAMETRIC_REPRESENTATION_CONTEXT() REPRESENTATION_CONTEXT('2D SPACE',''
  ) );
#356 = PCURVE('',#357,#362);
#357 = PLANE('',#358);
#358 = AXIS2_PLACEMENT_3D('',#359,#360,#361);
#359 = CARTESIAN_POINT('',(-34.94841544382,0.623947268996,6.538472868929
    ));
#360 = DIRECTION('',(0.98882397561,-0.149026466782,4.272874590517E-03));
#361 = DIRECTION('',(0.149027827223,0.988833002439,1.417539374163E-21));
#362 = DEFINITIONAL_REPRESENTATION('',(#363),#367);
#363 = LINE('',#364,#365);
#364 = CARTESIAN_POINT('',(0.,0.));
#365 = VECTOR('',#366,1.);
#366 = DIRECTION('',(1.118691982044E-02,-0.999937424455));
#367 = ( GEOMETRIC_REPRESENTATION_CONTEXT(2) 
PARAMETRIC_REPRESENTATION_CONTEXT() REPRESENTATION_CONTEXT('2D SPACE',''
  ) );
#368 = ORIENTED_EDGE('',*,*,#369,.T.);
#369 = EDGE_CURVE('',#342,#231,#370,.T.);
#370 = SURFACE_CURVE('',#371,(#375,#382),.PCURVE_S1.);
#371 = LINE('',#372,#373);
#372 = CARTESIAN_POINT('',(-34.94841544382,0.623947268996,6.538472868929
    ));
#373 = VECTOR('',#374,1.);
#374 = DIRECTION('',(5.730821113652E-03,-0.999802407422,
    1.903427965123E-02));
#375 = PCURVE('',#325,#376);
#376 = DEFINITIONAL_REPRESENTATION('',(#377),#381);
#377 = LINE('',#378,#379);
#378 = CARTESIAN_POINT('',(-2.38399892431E-02,-1.254521338255));
#379 = VECTOR('',#380,1.);
#380 = DIRECTION('',(1.899982494444E-02,0.999819487034));
#381 = ( GEOMETRIC_REPRESENTATION_CONTEXT(2) 
PARAMETRIC_REPRESENTATION_CONTEXT() REPRESENTATION_CONTEXT('2D SPACE',''
  ) );
#382 = PCURVE('',#383,#388);
#383 = PLANE('',#384);
#384 = AXIS2_PLACEMENT_3D('',#385,#386,#387);
#385 = CARTESIAN_POINT('',(-34.94841544382,0.623947268996,6.538472868929
    ));
#386 = DIRECTION('',(-4.387168290079E-02,1.876488528149E-02,
    0.998860928518));
#387 = DIRECTION('',(0.999036834889,-3.551868392104E-20,
    4.38794090099E-02));
#388 = DEFINITIONAL_REPRESENTATION('',(#389),#393);
#389 = LINE('',#390,#391);
#390 = CARTESIAN_POINT('',(0.,0.));
#391 = VECTOR('',#392,1.);
#392 = DIRECTION('',(6.560514328723E-03,-0.999978479594));
#393 = ( GEOMETRIC_REPRESENTATION_CONTEXT(2) 
PARAMETRIC_REPRESENTATION_CONTEXT() REPRESENTATION_CONTEXT('2D SPACE',''
  ) );
#394 = ADVANCED_FACE('',(#395),#357,.T.);
#395 = FACE_BOUND('',#396,.T.);
#396 = EDGE_LOOP('',(#397,#398,#426));
#397 = ORIENTED_EDGE('',*,*,#341,.T.);
#398 = ORIENTED_EDGE('',*,*,#399,.T.);
#399 = EDGE_CURVE('',#289,#400,#402,.T.);
#400 = VERTEX_POINT('',#401);
#401 = CARTESIAN_POINT('',(-34.73711869111,1.901108439547,2.184383390678
    ));
#402 = SURFACE_CURVE('',#403,(#407,#414),.PCURVE_S1.);
#403 = LINE('',#404,#405);
#404 = CARTESIAN_POINT('',(-34.92311228289,0.66871804564,2.244328226085)
  );
#405 = VECTOR('',#406,1.);
#406 = DIRECTION('',(0.149058734272,0.987660652634,-4.804090940073E-02)
  );
#407 = PCURVE('',#357,#408);
#408 = DEFINITIONAL_REPRESENTATION('',(#409),#413);
#409 = LINE('',#410,#411);
#410 = CARTESIAN_POINT('',(4.804169658641E-02,-4.294183843462));
#411 = VECTOR('',#412,1.);
#412 = DIRECTION('',(0.998845347832,-4.804134795916E-02));
#413 = ( GEOMETRIC_REPRESENTATION_CONTEXT(2) 
PARAMETRIC_REPRESENTATION_CONTEXT() REPRESENTATION_CONTEXT('2D SPACE',''
  ) );
#414 = PCURVE('',#415,#420);
#415 = PLANE('',#416);
#416 = AXIS2_PLACEMENT_3D('',#417,#418,#419);
#417 = CARTESIAN_POINT('',(-34.4184850768,3.122773526641,2.195745932684)
  );
#418 = DIRECTION('',(-0.463411188777,0.112691516462,0.878948628894));
#419 = DIRECTION('',(0.884583405056,-3.355700556772E-18,0.466382031707)
  );
#420 = DEFINITIONAL_REPRESENTATION('',(#421),#425);
#421 = LINE('',#422,#423);
#422 = CARTESIAN_POINT('',(-0.423726943545,-2.469787974199));
#423 = VECTOR('',#424,1.);
#424 = DIRECTION('',(0.109449465785,0.993992361359));
#425 = ( GEOMETRIC_REPRESENTATION_CONTEXT(2) 
PARAMETRIC_REPRESENTATION_CONTEXT() REPRESENTATION_CONTEXT('2D SPACE',''
  ) );
#426 = ORIENTED_EDGE('',*,*,#427,.F.);
#427 = EDGE_CURVE('',#342,#400,#428,.T.);
#428 = SURFACE_CURVE('',#429,(#433,#440),.PCURVE_S1.);
#429 = LINE('',#430,#431);
#430 = CARTESIAN_POINT('',(-34.94841544382,0.623947268996,6.538472868929
    ));
#431 = VECTOR('',#432,1.);
#432 = DIRECTION('',(4.651599870484E-02,0.281161099692,-0.958532575286)
  );
#433 = PCURVE('',#357,#434);
#434 = DEFINITIONAL_REPRESENTATION('',(#435),#439);
#435 = LINE('',#436,#437);
#436 = CARTESIAN_POINT('',(0.,0.));
#437 = VECTOR('',#438,1.);
#438 = DIRECTION('',(0.284953552596,-0.95854132559));
#439 = ( GEOMETRIC_REPRESENTATION_CONTEXT(2) 
PARAMETRIC_REPRESENTATION_CONTEXT() REPRESENTATION_CONTEXT('2D SPACE',''
  ) );
#440 = PCURVE('',#441,#446);
#441 = PLANE('',#442);
#442 = AXIS2_PLACEMENT_3D('',#443,#444,#445);
#443 = CARTESIAN_POINT('',(-34.94841544382,0.623947268996,6.538472868929
    ));
#444 = DIRECTION('',(0.986407229171,-0.164318803925,-3.300234391683E-04)
  );
#445 = DIRECTION('',(0.164318812873,0.986407282889,3.367260175891E-21));
#446 = DEFINITIONAL_REPRESENTATION('',(#447),#451);
#447 = LINE('',#448,#449);
#448 = CARTESIAN_POINT('',(0.,0.));
#449 = VECTOR('',#450,1.);
#450 = DIRECTION('',(0.284982810088,-0.958532627485));
#451 = ( GEOMETRIC_REPRESENTATION_CONTEXT(2) 
PARAMETRIC_REPRESENTATION_CONTEXT() REPRESENTATION_CONTEXT('2D SPACE',''
  ) );
#452 = ADVANCED_FACE('',(#453),#441,.T.);
#453 = FACE_BOUND('',#454,.T.);
#454 = EDGE_LOOP('',(#455,#456,#484));
#455 = ORIENTED_EDGE('',*,*,#427,.T.);
#456 = ORIENTED_EDGE('',*,*,#457,.F.);
#457 = EDGE_CURVE('',#458,#400,#460,.T.);
#458 = VERTEX_POINT('',#459);
#459 = CARTESIAN_POINT('',(-34.7373598061,1.890881739721,6.555592640437)
  );
#460 = SURFACE_CURVE('',#461,(#465,#472),.PCURVE_S1.);
#461 = LINE('',#462,#463);
#462 = CARTESIAN_POINT('',(-34.7373598061,1.890881739721,6.555592640437)
  );
#463 = VECTOR('',#464,1.);
#464 = DIRECTION('',(5.515964129635E-05,2.339552109823E-03,
    -0.999997261723));
#465 = PCURVE('',#441,#466);
#466 = DEFINITIONAL_REPRESENTATION('',(#467),#471);
#467 = LINE('',#468,#469);
#468 = CARTESIAN_POINT('',(1.284393800706,1.711977244045E-02));
#469 = VECTOR('',#470,1.);
#470 = DIRECTION('',(2.316815006603E-03,-0.999997316181));
#471 = ( GEOMETRIC_REPRESENTATION_CONTEXT(2) 
PARAMETRIC_REPRESENTATION_CONTEXT() REPRESENTATION_CONTEXT('2D SPACE',''
  ) );
#472 = PCURVE('',#473,#478);
#473 = PLANE('',#474);
#474 = AXIS2_PLACEMENT_3D('',#475,#476,#477);
#475 = CARTESIAN_POINT('',(-34.7373598061,1.890881739721,6.555592640437)
  );
#476 = DIRECTION('',(0.967630273631,-0.252371482373,-5.370635658722E-04)
  );
#477 = DIRECTION('',(0.252371518769,0.967630413182,-2.801719482188E-20)
  );
#478 = DEFINITIONAL_REPRESENTATION('',(#479),#483);
#479 = LINE('',#480,#481);
#480 = CARTESIAN_POINT('',(0.,0.));
#481 = VECTOR('',#482,1.);
#482 = DIRECTION('',(2.277742497136E-03,-0.999997405941));
#483 = ( GEOMETRIC_REPRESENTATION_CONTEXT(2) 
PARAMETRIC_REPRESENTATION_CONTEXT() REPRESENTATION_CONTEXT('2D SPACE',''
  ) );
#484 = ORIENTED_EDGE('',*,*,#485,.F.);
#485 = EDGE_CURVE('',#342,#458,#486,.T.);
#486 = SURFACE_CURVE('',#487,(#491,#498),.PCURVE_S1.);
#487 = LINE('',#488,#489);
#488 = CARTESIAN_POINT('',(-34.94841544382,0.623947268996,6.538472868929
    ));
#489 = VECTOR('',#490,1.);
#490 = DIRECTION('',(0.164308556771,0.986318947245,1.332788348661E-02));
#491 = PCURVE('',#441,#492);
#492 = DEFINITIONAL_REPRESENTATION('',(#493),#497);
#493 = LINE('',#494,#495);
#494 = CARTESIAN_POINT('',(0.,0.));
#495 = VECTOR('',#496,1.);
#496 = DIRECTION('',(0.999911179807,1.332788421241E-02));
#497 = ( GEOMETRIC_REPRESENTATION_CONTEXT(2) 
PARAMETRIC_REPRESENTATION_CONTEXT() REPRESENTATION_CONTEXT('2D SPACE',''
  ) );
#498 = PCURVE('',#499,#504);
#499 = PLANE('',#500);
#500 = AXIS2_PLACEMENT_3D('',#501,#502,#503);
#501 = CARTESIAN_POINT('',(-45.43436524945,24.427448054458,
    6.579108001502));
#502 = DIRECTION('',(-1.944097536843E-02,-1.027085902654E-02,
    0.999758249744));
#503 = DIRECTION('',(0.999810986438,-3.774886900122E-21,
    1.944200086911E-02));
#504 = DEFINITIONAL_REPRESENTATION('',(#505),#509);
#505 = LINE('',#506,#507);
#506 = CARTESIAN_POINT('',(10.483177790619,-23.80475640694));
#507 = VECTOR('',#508,1.);
#508 = DIRECTION('',(0.164536620948,0.986370975023));
#509 = ( GEOMETRIC_REPRESENTATION_CONTEXT(2) 
PARAMETRIC_REPRESENTATION_CONTEXT() REPRESENTATION_CONTEXT('2D SPACE',''
  ) );
#510 = ADVANCED_FACE('',(#511),#473,.T.);
#511 = FACE_BOUND('',#512,.T.);
#512 = EDGE_LOOP('',(#513,#514,#537));
#513 = ORIENTED_EDGE('',*,*,#457,.T.);
#514 = ORIENTED_EDGE('',*,*,#515,.T.);
#515 = EDGE_CURVE('',#400,#516,#518,.T.);
#516 = VERTEX_POINT('',#517);
#517 = CARTESIAN_POINT('',(-34.4184850768,3.122773526641,2.195745932684)
  );
#518 = SURFACE_CURVE('',#519,(#523,#530),.PCURVE_S1.);
#519 = LINE('',#520,#521);
#520 = CARTESIAN_POINT('',(-34.73711869111,1.901108439547,2.184383390678
    ));
#521 = VECTOR('',#522,1.);
#522 = DIRECTION('',(0.252365975634,0.967590008583,8.999424010104E-03));
#523 = PCURVE('',#473,#524);
#524 = DEFINITIONAL_REPRESENTATION('',(#525),#529);
#525 = LINE('',#526,#527);
#526 = CARTESIAN_POINT('',(9.956516335751E-03,-4.371209880169));
#527 = VECTOR('',#528,1.);
#528 = DIRECTION('',(0.999959504352,8.999425307989E-03));
#529 = ( GEOMETRIC_REPRESENTATION_CONTEXT(2) 
PARAMETRIC_REPRESENTATION_CONTEXT() REPRESENTATION_CONTEXT('2D SPACE',''
  ) );
#530 = PCURVE('',#415,#531);
#531 = DEFINITIONAL_REPRESENTATION('',(#532),#536);
#532 = LINE('',#533,#534);
#533 = CARTESIAN_POINT('',(-0.287157292935,-1.229496954719));
#534 = VECTOR('',#535,1.);
#535 = DIRECTION('',(0.227435923701,0.973793048142));
#536 = ( GEOMETRIC_REPRESENTATION_CONTEXT(2) 
PARAMETRIC_REPRESENTATION_CONTEXT() REPRESENTATION_CONTEXT('2D SPACE',''
  ) );
#537 = ORIENTED_EDGE('',*,*,#538,.F.);
#538 = EDGE_CURVE('',#458,#516,#539,.T.);
#539 = SURFACE_CURVE('',#540,(#544,#551),.PCURVE_S1.);
#540 = LINE('',#541,#542);
#541 = CARTESIAN_POINT('',(-34.7373598061,1.890881739721,6.555592640437)
  );
#542 = VECTOR('',#543,1.);
#543 = DIRECTION('',(7.020964647979E-02,0.27123719415,-0.959948430933));
#544 = PCURVE('',#473,#545);
#545 = DEFINITIONAL_REPRESENTATION('',(#546),#550);
#546 = LINE('',#547,#548);
#547 = CARTESIAN_POINT('',(0.,0.));
#548 = VECTOR('',#549,1.);
#549 = DIRECTION('',(0.28017627336,-0.959948569376));
#550 = ( GEOMETRIC_REPRESENTATION_CONTEXT(2) 
PARAMETRIC_REPRESENTATION_CONTEXT() REPRESENTATION_CONTEXT('2D SPACE',''
  ) );
#551 = PCURVE('',#552,#557);
#552 = PLANE('',#553);
#553 = AXIS2_PLACEMENT_3D('',#554,#555,#556);
#554 = CARTESIAN_POINT('',(-34.7373598061,1.890881739721,6.555592640437)
  );
#555 = DIRECTION('',(0.962954105194,-0.269604060458,-5.748206268394E-03)
  );
#556 = DIRECTION('',(0.26960851468,0.962970014493,-3.577869621012E-20));
#557 = DEFINITIONAL_REPRESENTATION('',(#558),#562);
#558 = LINE('',#559,#560);
#559 = CARTESIAN_POINT('',(0.,0.));
#560 = VECTOR('',#561,1.);
#561 = DIRECTION('',(0.280122403285,-0.959964290574));
#562 = ( GEOMETRIC_REPRESENTATION_CONTEXT(2) 
PARAMETRIC_REPRESENTATION_CONTEXT() REPRESENTATION_CONTEXT('2D SPACE',''
  ) );
#563 = ADVANCED_FACE('',(#564),#552,.T.);
#564 = FACE_BOUND('',#565,.T.);
#565 = EDGE_LOOP('',(#566,#567,#595));
#566 = ORIENTED_EDGE('',*,*,#538,.T.);
#567 = ORIENTED_EDGE('',*,*,#568,.T.);
#568 = EDGE_CURVE('',#516,#569,#571,.T.);
#569 = VERTEX_POINT('',#570);
#570 = CARTESIAN_POINT('',(-34.39507397942,3.114064673991,6.526097559361
    ));
#571 = SURFACE_CURVE('',#572,(#576,#583),.PCURVE_S1.);
#572 = LINE('',#573,#574);
#573 = CARTESIAN_POINT('',(-34.4184850768,3.122773526641,2.195745932684)
  );
#574 = VECTOR('',#575,1.);
#575 = DIRECTION('',(5.406190982824E-03,-2.011085593325E-03,
    0.999983364179));
#576 = PCURVE('',#552,#577);
#577 = DEFINITIONAL_REPRESENTATION('',(#578),#582);
#578 = LINE('',#579,#580);
#579 = CARTESIAN_POINT('',(1.27224619404,-4.359918738294));
#580 = VECTOR('',#581,1.);
#581 = DIRECTION('',(-4.79060001993E-04,0.999999885251));
#582 = ( GEOMETRIC_REPRESENTATION_CONTEXT(2) 
PARAMETRIC_REPRESENTATION_CONTEXT() REPRESENTATION_CONTEXT('2D SPACE',''
  ) );
#583 = PCURVE('',#584,#589);
#584 = PLANE('',#585);
#585 = AXIS2_PLACEMENT_3D('',#586,#587,#588);
#586 = CARTESIAN_POINT('',(-34.39507397942,3.114064673991,6.526097559361
    ));
#587 = DIRECTION('',(0.906411894531,-0.422355795643,-5.749725118215E-03)
  );
#588 = DIRECTION('',(0.422362777218,0.906426877592,8.143134736298E-20));
#589 = DEFINITIONAL_REPRESENTATION('',(#590),#594);
#590 = LINE('',#591,#592);
#591 = CARTESIAN_POINT('',(-1.994037992529E-03,-4.330423207733));
#592 = VECTOR('',#593,1.);
#593 = DIRECTION('',(4.604718027479E-04,0.999999893983));
#594 = ( GEOMETRIC_REPRESENTATION_CONTEXT(2) 
PARAMETRIC_REPRESENTATION_CONTEXT() REPRESENTATION_CONTEXT('2D SPACE',''
  ) );
#595 = ORIENTED_EDGE('',*,*,#596,.F.);
#596 = EDGE_CURVE('',#458,#569,#597,.T.);
#597 = SURFACE_CURVE('',#598,(#602,#609),.PCURVE_S1.);
#598 = LINE('',#599,#600);
#599 = CARTESIAN_POINT('',(-34.7373598061,1.890881739721,6.555592640437)
  );
#600 = VECTOR('',#601,1.);
#601 = DIRECTION('',(0.269407345414,0.962746458047,-2.321507604471E-02)
  );
#602 = PCURVE('',#552,#603);
#603 = DEFINITIONAL_REPRESENTATION('',(#604),#608);
#604 = LINE('',#605,#606);
#605 = CARTESIAN_POINT('',(0.,0.));
#606 = VECTOR('',#607,1.);
#607 = DIRECTION('',(0.999730484899,-2.321545958904E-02));
#608 = ( GEOMETRIC_REPRESENTATION_CONTEXT(2) 
PARAMETRIC_REPRESENTATION_CONTEXT() REPRESENTATION_CONTEXT('2D SPACE',''
  ) );
#609 = PCURVE('',#610,#615);
#610 = PLANE('',#611);
#611 = AXIS2_PLACEMENT_3D('',#612,#613,#614);
#612 = CARTESIAN_POINT('',(-45.43436524945,24.427448054458,
    6.579108001502));
#613 = DIRECTION('',(3.332095601987E-02,1.477308955735E-02,
    0.999335514087));
#614 = DIRECTION('',(0.999444581517,3.922053777573E-20,
    -3.332459266742E-02));
#615 = DEFINITIONAL_REPRESENTATION('',(#616),#620);
#616 = LINE('',#617,#618);
#617 = CARTESIAN_POINT('',(10.691847768639,-22.5390259545));
#618 = VECTOR('',#619,1.);
#619 = DIRECTION('',(0.270031344547,0.962851532149));
#620 = ( GEOMETRIC_REPRESENTATION_CONTEXT(2) 
PARAMETRIC_REPRESENTATION_CONTEXT() REPRESENTATION_CONTEXT('2D SPACE',''
  ) );
#621 = ADVANCED_FACE('',(#622),#584,.T.);
#622 = FACE_BOUND('',#623,.T.);
#623 = EDGE_LOOP('',(#624,#625,#653));
#624 = ORIENTED_EDGE('',*,*,#568,.F.);
#625 = ORIENTED_EDGE('',*,*,#626,.T.);
#626 = EDGE_CURVE('',#516,#627,#629,.T.);
#627 = VERTEX_POINT('',#628);
#628 = CARTESIAN_POINT('',(-33.86665001265,4.307155737164,2.188645609271
    ));
#629 = SURFACE_CURVE('',#630,(#634,#641),.PCURVE_S1.);
#630 = LINE('',#631,#632);
#631 = CARTESIAN_POINT('',(-34.4184850768,3.122773526641,2.195745932684)
  );
#632 = VECTOR('',#633,1.);
#633 = DIRECTION('',(0.422328220316,0.906426690948,-5.43399132337E-03));
#634 = PCURVE('',#584,#635);
#635 = DEFINITIONAL_REPRESENTATION('',(#636),#640);
#636 = LINE('',#637,#638);
#637 = CARTESIAN_POINT('',(-1.994037992529E-03,-4.330423207733));
#638 = VECTOR('',#639,1.);
#639 = DIRECTION('',(0.999985235272,-5.434081147677E-03));
#640 = ( GEOMETRIC_REPRESENTATION_CONTEXT(2) 
PARAMETRIC_REPRESENTATION_CONTEXT() REPRESENTATION_CONTEXT('2D SPACE',''
  ) );
#641 = PCURVE('',#642,#647);
#642 = PLANE('',#643);
#643 = AXIS2_PLACEMENT_3D('',#644,#645,#646);
#644 = CARTESIAN_POINT('',(-33.86665001265,4.307155737164,2.188645609271
    ));
#645 = DIRECTION('',(-5.29240328105E-02,3.064244835687E-02,
    0.998128291909));
#646 = DIRECTION('',(0.998597223257,6.800687955179E-20,
    5.294889708722E-02));
#647 = DEFINITIONAL_REPRESENTATION('',(#648),#652);
#648 = LINE('',#649,#650);
#649 = CARTESIAN_POINT('',(-0.550685008461,-1.184938645955));
#650 = VECTOR('',#651,1.);
#651 = DIRECTION('',(0.421448064264,0.906852539903));
#652 = ( GEOMETRIC_REPRESENTATION_CONTEXT(2) 
PARAMETRIC_REPRESENTATION_CONTEXT() REPRESENTATION_CONTEXT('2D SPACE',''
  ) );
#653 = ORIENTED_EDGE('',*,*,#654,.F.);
#654 = EDGE_CURVE('',#569,#627,#655,.T.);
#655 = SURFACE_CURVE('',#656,(#660,#667),.PCURVE_S1.);
#656 = LINE('',#657,#658);
#657 = CARTESIAN_POINT('',(-34.39507397942,3.114064673991,6.526097559361
    ));
#658 = VECTOR('',#659,1.);
#659 = DIRECTION('',(0.1166632783,0.26340575654,-0.957604869932));
#660 = PCURVE('',#584,#661);
#661 = DEFINITIONAL_REPRESENTATION('',(#662),#666);
#662 = LINE('',#663,#664);
#663 = CARTESIAN_POINT('',(0.,0.));
#664 = VECTOR('',#665,1.);
#665 = DIRECTION('',(0.288032283662,-0.957620699217));
#666 = ( GEOMETRIC_REPRESENTATION_CONTEXT(2) 
PARAMETRIC_REPRESENTATION_CONTEXT() REPRESENTATION_CONTEXT('2D SPACE',''
  ) );
#667 = PCURVE('',#668,#673);
#668 = PLANE('',#669);
#669 = AXIS2_PLACEMENT_3D('',#670,#671,#672);
#670 = CARTESIAN_POINT('',(-34.39507397942,3.114064673991,6.526097559361
    ));
#671 = DIRECTION('',(0.903295498524,-0.428945412996,-7.941978086782E-03)
  );
#672 = DIRECTION('',(0.428958941505,0.903323987561,3.064919239565E-19));
#673 = DEFINITIONAL_REPRESENTATION('',(#674),#678);
#674 = LINE('',#675,#676);
#675 = CARTESIAN_POINT('',(0.,0.));
#676 = VECTOR('',#677,1.);
#677 = DIRECTION('',(0.287984494716,-0.957635071832));
#678 = ( GEOMETRIC_REPRESENTATION_CONTEXT(2) 
PARAMETRIC_REPRESENTATION_CONTEXT() REPRESENTATION_CONTEXT('2D SPACE',''
  ) );
#679 = ADVANCED_FACE('',(#680),#668,.T.);
#680 = FACE_BOUND('',#681,.T.);
#681 = EDGE_LOOP('',(#682,#683,#711));
#682 = ORIENTED_EDGE('',*,*,#654,.T.);
#683 = ORIENTED_EDGE('',*,*,#684,.T.);
#684 = EDGE_CURVE('',#627,#685,#687,.T.);
#685 = VERTEX_POINT('',#686);
#686 = CARTESIAN_POINT('',(-33.85234874836,4.255604635147,6.599495905983
    ));
#687 = SURFACE_CURVE('',#688,(#692,#699),.PCURVE_S1.);
#688 = LINE('',#689,#690);
#689 = CARTESIAN_POINT('',(-33.86665001265,4.307155737164,2.188645609271
    ));
#690 = VECTOR('',#691,1.);
#691 = DIRECTION('',(3.242053468115E-03,-1.168647930002E-02,
    0.999926454941));
#692 = PCURVE('',#668,#693);
#693 = DEFINITIONAL_REPRESENTATION('',(#694),#698);
#694 = LINE('',#695,#696);
#695 = CARTESIAN_POINT('',(1.30441996216,-4.337588748987));
#696 = VECTOR('',#697,1.);
#697 = DIRECTION('',(-9.165969257852E-03,0.999957991621));
#698 = ( GEOMETRIC_REPRESENTATION_CONTEXT(2) 
PARAMETRIC_REPRESENTATION_CONTEXT() REPRESENTATION_CONTEXT('2D SPACE',''
  ) );
#699 = PCURVE('',#700,#705);
#700 = PLANE('',#701);
#701 = AXIS2_PLACEMENT_3D('',#702,#703,#704);
#702 = CARTESIAN_POINT('',(-33.85234874836,4.255604635147,6.599495905983
    ));
#703 = DIRECTION('',(0.819555911876,-0.57292287899,-9.353183332655E-03)
  );
#704 = DIRECTION('',(0.572947940865,0.819591762439,9.662695845719E-19));
#705 = DEFINITIONAL_REPRESENTATION('',(#706),#710);
#706 = LINE('',#707,#708);
#707 = CARTESIAN_POINT('',(3.405697863145E-02,-4.411043244459));
#708 = VECTOR('',#709,1.);
#709 = DIRECTION('',(-7.720614307481E-03,0.999970195613));
#710 = ( GEOMETRIC_REPRESENTATION_CONTEXT(2) 
PARAMETRIC_REPRESENTATION_CONTEXT() REPRESENTATION_CONTEXT('2D SPACE',''
  ) );
#711 = ORIENTED_EDGE('',*,*,#712,.F.);
#712 = EDGE_CURVE('',#569,#685,#713,.T.);
#713 = SURFACE_CURVE('',#714,(#718,#725),.PCURVE_S1.);
#714 = LINE('',#715,#716);
#715 = CARTESIAN_POINT('',(-34.39507397942,3.114064673991,6.526097559361
    ));
#716 = VECTOR('',#717,1.);
#717 = DIRECTION('',(0.428653405076,0.901607228443,5.797123370346E-02));
#718 = PCURVE('',#668,#719);
#719 = DEFINITIONAL_REPRESENTATION('',(#720),#724);
#720 = LINE('',#721,#722);
#721 = CARTESIAN_POINT('',(0.,0.));
#722 = VECTOR('',#723,1.);
#723 = DIRECTION('',(0.998318147724,5.79730620582E-02));
#724 = ( GEOMETRIC_REPRESENTATION_CONTEXT(2) 
PARAMETRIC_REPRESENTATION_CONTEXT() REPRESENTATION_CONTEXT('2D SPACE',''
  ) );
#725 = PCURVE('',#726,#731);
#726 = PLANE('',#727);
#727 = AXIS2_PLACEMENT_3D('',#728,#729,#730);
#728 = CARTESIAN_POINT('',(-45.43436524945,24.427448054458,
    6.579108001502));
#729 = DIRECTION('',(-6.20648062403E-02,-3.462743820018E-02,
    0.997471252894));
#730 = DIRECTION('',(0.998069804902,-3.44867827955E-19,
    6.210204943329E-02));
#731 = DEFINITIONAL_REPRESENTATION('',(#732),#736);
#732 = LINE('',#733,#734);
#733 = CARTESIAN_POINT('',(11.01469122703,-21.32617289031));
#734 = VECTOR('',#735,1.);
#735 = DIRECTION('',(0.431426152796,0.902148255379));
#736 = ( GEOMETRIC_REPRESENTATION_CONTEXT(2) 
PARAMETRIC_REPRESENTATION_CONTEXT() REPRESENTATION_CONTEXT('2D SPACE',''
  ) );
#737 = ADVANCED_FACE('',(#738),#700,.T.);
#738 = FACE_BOUND('',#739,.T.);
#739 = EDGE_LOOP('',(#740,#741,#769));
#740 = ORIENTED_EDGE('',*,*,#684,.F.);
#741 = ORIENTED_EDGE('',*,*,#742,.T.);
#742 = EDGE_CURVE('',#627,#743,#745,.T.);
#743 = VERTEX_POINT('',#744);
#744 = CARTESIAN_POINT('',(-33.11863079191,5.377558704856,2.165682799411
    ));
#745 = SURFACE_CURVE('',#746,(#750,#757),.PCURVE_S1.);
#746 = LINE('',#747,#748);
#747 = CARTESIAN_POINT('',(-33.86665001265,4.307155737164,2.188645609271
    ));
#748 = VECTOR('',#749,1.);
#749 = DIRECTION('',(0.572724590967,0.819559290509,-1.758158817309E-02)
  );
#750 = PCURVE('',#700,#751);
#751 = DEFINITIONAL_REPRESENTATION('',(#752),#756);
#752 = LINE('',#753,#754);
#753 = CARTESIAN_POINT('',(3.405697863145E-02,-4.411043244459));
#754 = VECTOR('',#755,1.);
#755 = DIRECTION('',(0.999845418409,-1.758235726014E-02));
#756 = ( GEOMETRIC_REPRESENTATION_CONTEXT(2) 
PARAMETRIC_REPRESENTATION_CONTEXT() REPRESENTATION_CONTEXT('2D SPACE',''
  ) );
#757 = PCURVE('',#758,#763);
#758 = PLANE('',#759);
#759 = AXIS2_PLACEMENT_3D('',#760,#761,#762);
#760 = CARTESIAN_POINT('',(-33.11863079191,5.377558704856,2.165682799411
    ));
#761 = DIRECTION('',(1.505032552054E-02,1.093130761913E-02,0.99982698214
    ));
#762 = DIRECTION('',(0.9998867239,-3.801726819519E-21,
    -1.505122480906E-02));
#763 = DEFINITIONAL_REPRESENTATION('',(#764),#768);
#764 = LINE('',#765,#766);
#765 = CARTESIAN_POINT('',(-0.748280106459,-1.070466926515));
#766 = VECTOR('',#767,1.);
#767 = DIRECTION('',(0.572924339395,0.819608260896));
#768 = ( GEOMETRIC_REPRESENTATION_CONTEXT(2) 
PARAMETRIC_REPRESENTATION_CONTEXT() REPRESENTATION_CONTEXT('2D SPACE',''
  ) );
#769 = ORIENTED_EDGE('',*,*,#770,.F.);
#770 = EDGE_CURVE('',#685,#743,#771,.T.);
#771 = SURFACE_CURVE('',#772,(#776,#783),.PCURVE_S1.);
#772 = LINE('',#773,#774);
#773 = CARTESIAN_POINT('',(-33.85234874836,4.255604635147,6.599495905983
    ));
#774 = VECTOR('',#775,1.);
#775 = DIRECTION('',(0.158400508953,0.242215818899,-0.957204667685));
#776 = PCURVE('',#700,#777);
#777 = DEFINITIONAL_REPRESENTATION('',(#778),#782);
#778 = LINE('',#779,#780);
#779 = CARTESIAN_POINT('',(0.,0.));
#780 = VECTOR('',#781,1.);
#781 = DIRECTION('',(0.289273335339,-0.95724653954));
#782 = ( GEOMETRIC_REPRESENTATION_CONTEXT(2) 
PARAMETRIC_REPRESENTATION_CONTEXT() REPRESENTATION_CONTEXT('2D SPACE',''
  ) );
#783 = PCURVE('',#784,#789);
#784 = PLANE('',#785);
#785 = AXIS2_PLACEMENT_3D('',#786,#787,#788);
#786 = CARTESIAN_POINT('',(-33.85234874836,4.255604635147,6.599495905983
    ));
#787 = DIRECTION('',(0.833314222221,-0.552796050129,-1.983432710396E-03)
  );
#788 = DIRECTION('',(0.552797137484,0.833315861357,1.937911156239E-20));
#789 = DEFINITIONAL_REPRESENTATION('',(#790),#794);
#790 = LINE('',#791,#792);
#791 = CARTESIAN_POINT('',(0.,0.));
#792 = VECTOR('',#793,1.);
#793 = DIRECTION('',(0.289405631685,-0.957206550515));
#794 = ( GEOMETRIC_REPRESENTATION_CONTEXT(2) 
PARAMETRIC_REPRESENTATION_CONTEXT() REPRESENTATION_CONTEXT('2D SPACE',''
  ) );
#795 = ADVANCED_FACE('',(#796),#784,.T.);
#796 = FACE_BOUND('',#797,.T.);
#797 = EDGE_LOOP('',(#798,#799,#827));
#798 = ORIENTED_EDGE('',*,*,#770,.T.);
#799 = ORIENTED_EDGE('',*,*,#800,.T.);
#800 = EDGE_CURVE('',#743,#801,#803,.T.);
#801 = VERTEX_POINT('',#802);
#802 = CARTESIAN_POINT('',(-33.11694477211,5.364247902618,6.583852937916
    ));
#803 = SURFACE_CURVE('',#804,(#808,#815),.PCURVE_S1.);
#804 = LINE('',#805,#806);
#805 = CARTESIAN_POINT('',(-33.11863079191,5.377558704856,2.165682799411
    ));
#806 = VECTOR('',#807,1.);
#807 = DIRECTION('',(3.816086670671E-04,-3.012727089202E-03,
    0.999995388915));
#808 = PCURVE('',#784,#809);
#809 = DEFINITIONAL_REPRESENTATION('',(#810),#814);
#810 = LINE('',#811,#812);
#811 = CARTESIAN_POINT('',(1.340539308052,-4.43382182792));
#812 = VECTOR('',#813,1.);
#813 = DIRECTION('',(-2.299601090579E-03,0.999997355914));
#814 = ( GEOMETRIC_REPRESENTATION_CONTEXT(2) 
PARAMETRIC_REPRESENTATION_CONTEXT() REPRESENTATION_CONTEXT('2D SPACE',''
  ) );
#815 = PCURVE('',#816,#821);
#816 = PLANE('',#817);
#817 = AXIS2_PLACEMENT_3D('',#818,#819,#820);
#818 = CARTESIAN_POINT('',(-33.11694477211,5.364247902618,6.583852937916
    ));
#819 = DIRECTION('',(0.702267321421,-0.711909255246,-2.412790720371E-03)
  );
#820 = DIRECTION('',(-0.711911327466,-0.702269365575,2.892862701993E-20)
  );
#821 = DEFINITIONAL_REPRESENTATION('',(#822),#826);
#822 = LINE('',#823,#824);
#823 = CARTESIAN_POINT('',(-8.147472055007E-03,4.41818299888));
#824 = VECTOR('',#825,1.);
#825 = DIRECTION('',(1.84407440884E-03,-0.999998299693));
#826 = ( GEOMETRIC_REPRESENTATION_CONTEXT(2) 
PARAMETRIC_REPRESENTATION_CONTEXT() REPRESENTATION_CONTEXT('2D SPACE',''
  ) );
#827 = ORIENTED_EDGE('',*,*,#828,.F.);
#828 = EDGE_CURVE('',#685,#801,#829,.T.);
#829 = SURFACE_CURVE('',#830,(#834,#841),.PCURVE_S1.);
#830 = LINE('',#831,#832);
#831 = CARTESIAN_POINT('',(-33.85234874836,4.255604635147,6.599495905983
    ));
#832 = VECTOR('',#833,1.);
#833 = DIRECTION('',(0.552739494154,0.833271152523,-1.175746465284E-02)
  );
#834 = PCURVE('',#784,#835);
#835 = DEFINITIONAL_REPRESENTATION('',(#836),#840);
#836 = LINE('',#837,#838);
#837 = CARTESIAN_POINT('',(0.,0.));
#838 = VECTOR('',#839,1.);
#839 = DIRECTION('',(0.999930878352,-1.175748777988E-02));
#840 = ( GEOMETRIC_REPRESENTATION_CONTEXT(2) 
PARAMETRIC_REPRESENTATION_CONTEXT() REPRESENTATION_CONTEXT('2D SPACE',''
  ) );
#841 = PCURVE('',#842,#847);
#842 = PLANE('',#843);
#843 = AXIS2_PLACEMENT_3D('',#844,#845,#846);
#844 = CARTESIAN_POINT('',(-45.43436524945,24.427448054458,
    6.579108001502));
#845 = DIRECTION('',(1.058439622498E-02,7.08784512308E-03,0.999918863212
    ));
#846 = DIRECTION('',(0.999943980895,1.215345779431E-20,
    -1.058466210205E-02));
#847 = DEFINITIONAL_REPRESENTATION('',(#848),#852);
#848 = LINE('',#849,#850);
#849 = CARTESIAN_POINT('',(11.581151887808,-20.17235013038));
#850 = VECTOR('',#851,1.);
#851 = DIRECTION('',(0.552832978972,0.833292084062));
#852 = ( GEOMETRIC_REPRESENTATION_CONTEXT(2) 
PARAMETRIC_REPRESENTATION_CONTEXT() REPRESENTATION_CONTEXT('2D SPACE',''
  ) );
#853 = ADVANCED_FACE('',(#854),#816,.T.);
#854 = FACE_BOUND('',#855,.T.);
#855 = EDGE_LOOP('',(#856,#857,#885));
#856 = ORIENTED_EDGE('',*,*,#800,.F.);
#857 = ORIENTED_EDGE('',*,*,#858,.T.);
#858 = EDGE_CURVE('',#743,#859,#861,.T.);
#859 = VERTEX_POINT('',#860);
#860 = CARTESIAN_POINT('',(-32.25960025753,6.224830319726,2.202390526409
    ));
#861 = SURFACE_CURVE('',#862,(#866,#873),.PCURVE_S1.);
#862 = LINE('',#863,#864);
#863 = CARTESIAN_POINT('',(-33.11863079191,5.377558704856,2.165682799411
    ));
#864 = VECTOR('',#865,1.);
#865 = DIRECTION('',(0.711633616184,0.701892353123,3.040922465521E-02));
#866 = PCURVE('',#816,#867);
#867 = DEFINITIONAL_REPRESENTATION('',(#868),#872);
#868 = LINE('',#869,#870);
#869 = CARTESIAN_POINT('',(-8.147472055007E-03,4.41818299888));
#870 = VECTOR('',#871,1.);
#871 = DIRECTION('',(-0.999537529897,-3.040931317015E-02));
#872 = ( GEOMETRIC_REPRESENTATION_CONTEXT(2) 
PARAMETRIC_REPRESENTATION_CONTEXT() REPRESENTATION_CONTEXT('2D SPACE',''
  ) );
#873 = PCURVE('',#874,#879);
#874 = PLANE('',#875);
#875 = AXIS2_PLACEMENT_3D('',#876,#877,#878);
#876 = CARTESIAN_POINT('',(-31.26307795994,7.048444645377,2.191359715567
    ));
#877 = DIRECTION('',(0.264413309138,-0.307682201504,0.914011632764));
#878 = DIRECTION('',(-1.322574352142E-18,0.947742295081,0.319036897733)
  );
#879 = DEFINITIONAL_REPRESENTATION('',(#880),#884);
#880 = LINE('',#881,#882);
#881 = CARTESIAN_POINT('',(-1.591761159762,1.924030107023));
#882 = VECTOR('',#883,1.);
#883 = DIRECTION('',(0.674914734345,-0.737895725264));
#884 = ( GEOMETRIC_REPRESENTATION_CONTEXT(2) 
PARAMETRIC_REPRESENTATION_CONTEXT() REPRESENTATION_CONTEXT('2D SPACE',''
  ) );
#885 = ORIENTED_EDGE('',*,*,#886,.F.);
#886 = EDGE_CURVE('',#801,#859,#887,.T.);
#887 = SURFACE_CURVE('',#888,(#892,#899),.PCURVE_S1.);
#888 = LINE('',#889,#890);
#889 = CARTESIAN_POINT('',(-33.11694477211,5.364247902618,6.583852937916
    ));
#890 = VECTOR('',#891,1.);
#891 = DIRECTION('',(0.188562422369,0.18927455936,-0.963648978648));
#892 = PCURVE('',#816,#893);
#893 = DEFINITIONAL_REPRESENTATION('',(#894),#898);
#894 = LINE('',#895,#896);
#895 = CARTESIAN_POINT('',(0.,0.));
#896 = VECTOR('',#897,1.);
#897 = DIRECTION('',(-0.26716144914,0.96365178363));
#898 = ( GEOMETRIC_REPRESENTATION_CONTEXT(2) 
PARAMETRIC_REPRESENTATION_CONTEXT() REPRESENTATION_CONTEXT('2D SPACE',''
  ) );
#899 = PCURVE('',#900,#905);
#900 = PLANE('',#901);
#901 = AXIS2_PLACEMENT_3D('',#902,#903,#904);
#902 = CARTESIAN_POINT('',(-33.11694477211,5.364247902618,6.583852937916
    ));
#903 = DIRECTION('',(0.73181742672,-0.681436529057,9.354721630845E-03));
#904 = DIRECTION('',(0.681466347547,0.731849449792,2.918816857567E-19));
#905 = DEFINITIONAL_REPRESENTATION('',(#906),#910);
#906 = LINE('',#907,#908);
#907 = CARTESIAN_POINT('',(0.,0.));
#908 = VECTOR('',#909,1.);
#909 = DIRECTION('',(0.267019427383,-0.96369114627));
#910 = ( GEOMETRIC_REPRESENTATION_CONTEXT(2) 
PARAMETRIC_REPRESENTATION_CONTEXT() REPRESENTATION_CONTEXT('2D SPACE',''
  ) );
#911 = ADVANCED_FACE('',(#912),#900,.T.);
#912 = FACE_BOUND('',#913,.T.);
#913 = EDGE_LOOP('',(#914,#915,#943));
#914 = ORIENTED_EDGE('',*,*,#886,.T.);
#915 = ORIENTED_EDGE('',*,*,#916,.F.);
#916 = EDGE_CURVE('',#917,#859,#919,.T.);
#917 = VERTEX_POINT('',#918);
#918 = CARTESIAN_POINT('',(-32.26837105771,6.275960295543,6.613046374601
    ));
#919 = SURFACE_CURVE('',#920,(#924,#931),.PCURVE_S1.);
#920 = LINE('',#921,#922);
#921 = CARTESIAN_POINT('',(-32.26837105771,6.275960295543,6.613046374601
    ));
#922 = VECTOR('',#923,1.);
#923 = DIRECTION('',(1.988410313369E-03,-1.159157307845E-02,
    -0.999930838437));
#924 = PCURVE('',#900,#925);
#925 = DEFINITIONAL_REPRESENTATION('',(#926),#930);
#926 = LINE('',#927,#928);
#927 = CARTESIAN_POINT('',(1.245510642912,2.919471413989E-02));
#928 = VECTOR('',#929,1.);
#929 = DIRECTION('',(-7.12825166601E-03,-0.999974593691));
#930 = ( GEOMETRIC_REPRESENTATION_CONTEXT(2) 
PARAMETRIC_REPRESENTATION_CONTEXT() REPRESENTATION_CONTEXT('2D SPACE',''
  ) );
#931 = PCURVE('',#932,#937);
#932 = PLANE('',#933);
#933 = AXIS2_PLACEMENT_3D('',#934,#935,#936);
#934 = CARTESIAN_POINT('',(-32.26837105771,6.275960295543,6.613046374601
    ));
#935 = DIRECTION('',(0.637099387304,-0.770714151922,1.020130994549E-02)
  );
#936 = DIRECTION('',(-0.770754257901,-0.637132540315,7.016904528951E-19)
  );
#937 = DEFINITIONAL_REPRESENTATION('',(#938),#942);
#938 = LINE('',#939,#940);
#939 = CARTESIAN_POINT('',(0.,0.));
#940 = VECTOR('',#941,1.);
#941 = DIRECTION('',(5.852792686238E-03,0.999982872262));
#942 = ( GEOMETRIC_REPRESENTATION_CONTEXT(2) 
PARAMETRIC_REPRESENTATION_CONTEXT() REPRESENTATION_CONTEXT('2D SPACE',''
  ) );
#943 = ORIENTED_EDGE('',*,*,#944,.F.);
#944 = EDGE_CURVE('',#801,#917,#945,.T.);
#945 = SURFACE_CURVE('',#946,(#950,#957),.PCURVE_S1.);
#946 = LINE('',#947,#948);
#947 = CARTESIAN_POINT('',(-33.11694477211,5.364247902618,6.583852937916
    ));
#948 = VECTOR('',#949,1.);
#949 = DIRECTION('',(0.681118783432,0.73179786902,2.343249353793E-02));
#950 = PCURVE('',#900,#951);
#951 = DEFINITIONAL_REPRESENTATION('',(#952),#956);
#952 = LINE('',#953,#954);
#953 = CARTESIAN_POINT('',(0.,0.));
#954 = VECTOR('',#955,1.);
#955 = DIRECTION('',(0.999725397393,2.343351890356E-02));
#956 = ( GEOMETRIC_REPRESENTATION_CONTEXT(2) 
PARAMETRIC_REPRESENTATION_CONTEXT() REPRESENTATION_CONTEXT('2D SPACE',''
  ) );
#957 = PCURVE('',#958,#963);
#958 = PLANE('',#959);
#959 = AXIS2_PLACEMENT_3D('',#960,#961,#962);
#960 = CARTESIAN_POINT('',(-45.43436524945,24.427448054458,
    6.579108001502));
#961 = DIRECTION('',(-2.045800392858E-02,-1.296982093107E-02,
    0.999706583864));
#962 = DIRECTION('',(0.999790677922,-2.724883925348E-20,
    2.04597248301E-02));
#963 = DEFINITIONAL_REPRESENTATION('',(#964),#968);
#964 = LINE('',#965,#966);
#965 = CARTESIAN_POINT('',(12.314939249378,-19.06480372422));
#966 = VECTOR('',#967,1.);
#967 = DIRECTION('',(0.681455632603,0.731859426935));
#968 = ( GEOMETRIC_REPRESENTATION_CONTEXT(2) 
PARAMETRIC_REPRESENTATION_CONTEXT() REPRESENTATION_CONTEXT('2D SPACE',''
  ) );
#969 = ADVANCED_FACE('',(#970),#932,.T.);
#970 = FACE_BOUND('',#971,.T.);
#971 = EDGE_LOOP('',(#972,#973,#996));
#972 = ORIENTED_EDGE('',*,*,#916,.T.);
#973 = ORIENTED_EDGE('',*,*,#974,.T.);
#974 = EDGE_CURVE('',#859,#975,#977,.T.);
#975 = VERTEX_POINT('',#976);
#976 = CARTESIAN_POINT('',(-31.26307795994,7.048444645377,2.191359715567
    ));
#977 = SURFACE_CURVE('',#978,(#982,#989),.PCURVE_S1.);
#978 = LINE('',#979,#980);
#979 = CARTESIAN_POINT('',(-32.25960025753,6.224830319726,2.202390526409
    ));
#980 = VECTOR('',#981,1.);
#981 = DIRECTION('',(0.770781658289,0.63704225912,-8.532018494069E-03));
#982 = PCURVE('',#932,#983);
#983 = DEFINITIONAL_REPRESENTATION('',(#984),#988);
#984 = LINE('',#985,#986);
#985 = CARTESIAN_POINT('',(2.581643979513E-02,4.41088536736));
#986 = VECTOR('',#987,1.);
#987 = DIRECTION('',(-0.999963597879,8.532462478332E-03));
#988 = ( GEOMETRIC_REPRESENTATION_CONTEXT(2) 
PARAMETRIC_REPRESENTATION_CONTEXT() REPRESENTATION_CONTEXT('2D SPACE',''
  ) );
#989 = PCURVE('',#874,#990);
#990 = DEFINITIONAL_REPRESENTATION('',(#991),#995);
#991 = LINE('',#992,#993);
#992 = CARTESIAN_POINT('',(-0.777054895584,1.033297931401));
#993 = VECTOR('',#994,1.);
#994 = DIRECTION('',(0.601029864011,-0.799226565229));
#995 = ( GEOMETRIC_REPRESENTATION_CONTEXT(2) 
PARAMETRIC_REPRESENTATION_CONTEXT() REPRESENTATION_CONTEXT('2D SPACE',''
  ) );
#996 = ORIENTED_EDGE('',*,*,#997,.F.);
#997 = EDGE_CURVE('',#917,#975,#998,.T.);
#998 = SURFACE_CURVE('',#999,(#1003,#1010),.PCURVE_S1.);
#999 = LINE('',#1000,#1001);
#1000 = CARTESIAN_POINT('',(-32.26837105771,6.275960295543,
    6.613046374601));
#1001 = VECTOR('',#1002,1.);
#1002 = DIRECTION('',(0.218548902074,0.167936701149,-0.961266686102));
#1003 = PCURVE('',#932,#1004);
#1004 = DEFINITIONAL_REPRESENTATION('',(#1005),#1009);
#1005 = LINE('',#1006,#1007);
#1006 = CARTESIAN_POINT('',(0.,0.));
#1007 = VECTOR('',#1008,1.);
#1008 = DIRECTION('',(-0.275445433848,0.961316707944));
#1009 = ( GEOMETRIC_REPRESENTATION_CONTEXT(2) 
PARAMETRIC_REPRESENTATION_CONTEXT() REPRESENTATION_CONTEXT('2D SPACE',''
  ) );
#1010 = PCURVE('',#1011,#1016);
#1011 = PLANE('',#1012);
#1012 = AXIS2_PLACEMENT_3D('',#1013,#1014,#1015);
#1013 = CARTESIAN_POINT('',(-32.26837105771,6.275960295543,
    6.613046374601));
#1014 = DIRECTION('',(0.628015299906,-0.778170989976,6.833260102811E-03)
  );
#1015 = DIRECTION('',(-0.778189158354,-0.628029962518,4.591621305542E-19
    ));
#1016 = DEFINITIONAL_REPRESENTATION('',(#1017),#1021);
#1017 = LINE('',#1018,#1019);
#1018 = CARTESIAN_POINT('',(0.,0.));
#1019 = VECTOR('',#1020,1.);
#1020 = DIRECTION('',(-0.275541666292,0.961289129314));
#1021 = ( GEOMETRIC_REPRESENTATION_CONTEXT(2) 
PARAMETRIC_REPRESENTATION_CONTEXT() REPRESENTATION_CONTEXT('2D SPACE',''
  ) );
#1022 = ADVANCED_FACE('',(#1023),#1011,.T.);
#1023 = FACE_BOUND('',#1024,.T.);
#1024 = EDGE_LOOP('',(#1025,#1026,#1054));
#1025 = ORIENTED_EDGE('',*,*,#997,.T.);
#1026 = ORIENTED_EDGE('',*,*,#1027,.T.);
#1027 = EDGE_CURVE('',#975,#1028,#1030,.T.);
#1028 = VERTEX_POINT('',#1029);
#1029 = CARTESIAN_POINT('',(-31.24291961617,7.102886229731,
    6.538496050754));
#1030 = SURFACE_CURVE('',#1031,(#1035,#1042),.PCURVE_S1.);
#1031 = LINE('',#1032,#1033);
#1032 = CARTESIAN_POINT('',(-31.26307795994,7.048444645377,
    2.191359715567));
#1033 = VECTOR('',#1034,1.);
#1034 = DIRECTION('',(4.63674127434E-03,1.252243458231E-02,
    0.999910840657));
#1035 = PCURVE('',#1011,#1036);
#1036 = DEFINITIONAL_REPRESENTATION('',(#1037),#1041);
#1037 = LINE('',#1038,#1039);
#1038 = CARTESIAN_POINT('',(-1.26745150692,4.421789894537));
#1039 = VECTOR('',#1040,1.);
#1040 = DIRECTION('',(-1.147272591115E-02,-0.999934186114));
#1041 = ( GEOMETRIC_REPRESENTATION_CONTEXT(2) 
PARAMETRIC_REPRESENTATION_CONTEXT() REPRESENTATION_CONTEXT('2D SPACE',''
  ) );
#1042 = PCURVE('',#1043,#1048);
#1043 = PLANE('',#1044);
#1044 = AXIS2_PLACEMENT_3D('',#1045,#1046,#1047);
#1045 = CARTESIAN_POINT('',(-31.24291961617,7.102886229731,
    6.538496050754));
#1046 = DIRECTION('',(0.493769445733,-0.869550327175,8.600172704781E-03)
  );
#1047 = DIRECTION('',(-0.869582486221,-0.493787707074,
    -4.611214564439E-20));
#1048 = DEFINITIONAL_REPRESENTATION('',(#1049),#1053);
#1049 = LINE('',#1050,#1051);
#1050 = CARTESIAN_POINT('',(4.441192780563E-02,4.347297107663));
#1051 = VECTOR('',#1052,1.);
#1052 = DIRECTION('',(-1.021545326468E-02,-0.999947820896));
#1053 = ( GEOMETRIC_REPRESENTATION_CONTEXT(2) 
PARAMETRIC_REPRESENTATION_CONTEXT() REPRESENTATION_CONTEXT('2D SPACE',''
  ) );
#1054 = ORIENTED_EDGE('',*,*,#1055,.F.);
#1055 = EDGE_CURVE('',#917,#1028,#1056,.T.);
#1056 = SURFACE_CURVE('',#1057,(#1061,#1068),.PCURVE_S1.);
#1057 = LINE('',#1058,#1059);
#1058 = CARTESIAN_POINT('',(-32.26837105771,6.275960295543,
    6.613046374601));
#1059 = VECTOR('',#1060,1.);
#1060 = DIRECTION('',(0.777188431526,0.626726184924,-5.650160203967E-02)
  );
#1061 = PCURVE('',#1011,#1062);
#1062 = DEFINITIONAL_REPRESENTATION('',(#1063),#1067);
#1063 = LINE('',#1064,#1065);
#1064 = CARTESIAN_POINT('',(0.,0.));
#1065 = VECTOR('',#1066,1.);
#1066 = DIRECTION('',(-0.998402433838,5.650292121306E-02));
#1067 = ( GEOMETRIC_REPRESENTATION_CONTEXT(2) 
PARAMETRIC_REPRESENTATION_CONTEXT() REPRESENTATION_CONTEXT('2D SPACE',''
  ) );
#1068 = PCURVE('',#1069,#1074);
#1069 = PLANE('',#1070);
#1070 = AXIS2_PLACEMENT_3D('',#1071,#1072,#1073);
#1071 = CARTESIAN_POINT('',(-45.43436524945,24.427448054458,
    6.579108001502));
#1072 = DIRECTION('',(4.484684855921E-02,3.43959393667E-02,
    0.998401562263));
#1073 = DIRECTION('',(0.998992681603,1.358897698519E-19,
    -4.487340084091E-02));
#1074 = DEFINITIONAL_REPRESENTATION('',(#1075),#1079);
#1075 = LINE('',#1076,#1077);
#1076 = CARTESIAN_POINT('',(13.151208913361,-18.16223463259));
#1077 = VECTOR('',#1078,1.);
#1078 = DIRECTION('',(0.778940974358,0.627097248014));
#1079 = ( GEOMETRIC_REPRESENTATION_CONTEXT(2) 
PARAMETRIC_REPRESENTATION_CONTEXT() REPRESENTATION_CONTEXT('2D SPACE',''
  ) );
#1080 = ADVANCED_FACE('',(#1081),#1043,.T.);
#1081 = FACE_BOUND('',#1082,.T.);
#1082 = EDGE_LOOP('',(#1083,#1084,#1112));
#1083 = ORIENTED_EDGE('',*,*,#1027,.F.);
#1084 = ORIENTED_EDGE('',*,*,#1085,.T.);
#1085 = EDGE_CURVE('',#975,#1086,#1088,.T.);
#1086 = VERTEX_POINT('',#1087);
#1087 = CARTESIAN_POINT('',(-30.13361754031,7.690221223511,
    2.233683064034));
#1088 = SURFACE_CURVE('',#1089,(#1093,#1100),.PCURVE_S1.);
#1089 = LINE('',#1090,#1091);
#1090 = CARTESIAN_POINT('',(-31.26307795994,7.048444645377,
    2.191359715567));
#1091 = VECTOR('',#1092,1.);
#1092 = DIRECTION('',(0.868983020339,0.493769360619,3.256269147812E-02)
  );
#1093 = PCURVE('',#1043,#1094);
#1094 = DEFINITIONAL_REPRESENTATION('',(#1095),#1099);
#1095 = LINE('',#1096,#1097);
#1096 = CARTESIAN_POINT('',(4.441192780563E-02,4.347297107663));
#1097 = VECTOR('',#1098,1.);
#1098 = DIRECTION('',(-0.999469655714,-3.256389576162E-02));
#1099 = ( GEOMETRIC_REPRESENTATION_CONTEXT(2) 
PARAMETRIC_REPRESENTATION_CONTEXT() REPRESENTATION_CONTEXT('2D SPACE',''
  ) );
#1100 = PCURVE('',#1101,#1106);
#1101 = PLANE('',#1102);
#1102 = AXIS2_PLACEMENT_3D('',#1103,#1104,#1105);
#1103 = CARTESIAN_POINT('',(-28.95405076504,8.198800739895,
    2.178770234126));
#1104 = DIRECTION('',(0.256193965849,-0.505220976141,0.824085200164));
#1105 = DIRECTION('',(-1.031335109773E-17,0.852538331275,0.522664704861)
  );
#1106 = DEFINITIONAL_REPRESENTATION('',(#1107),#1111);
#1107 = LINE('',#1108,#1109);
#1108 = CARTESIAN_POINT('',(-0.974142587589,2.388750812686));
#1109 = VECTOR('',#1110,1.);
#1110 = DIRECTION('',(0.437976676267,-0.898986335294));
#1111 = ( GEOMETRIC_REPRESENTATION_CONTEXT(2) 
PARAMETRIC_REPRESENTATION_CONTEXT() REPRESENTATION_CONTEXT('2D SPACE',''
  ) );
#1112 = ORIENTED_EDGE('',*,*,#1113,.F.);
#1113 = EDGE_CURVE('',#1028,#1086,#1114,.T.);
#1114 = SURFACE_CURVE('',#1115,(#1119,#1126),.PCURVE_S1.);
#1115 = LINE('',#1116,#1117);
#1116 = CARTESIAN_POINT('',(-31.24291961617,7.102886229731,
    6.538496050754));
#1117 = VECTOR('',#1118,1.);
#1118 = DIRECTION('',(0.247387049316,0.130982420598,-0.960022527509));
#1119 = PCURVE('',#1043,#1120);
#1120 = DEFINITIONAL_REPRESENTATION('',(#1121),#1125);
#1121 = LINE('',#1122,#1123);
#1122 = CARTESIAN_POINT('',(-0.,0.));
#1123 = VECTOR('',#1124,1.);
#1124 = DIRECTION('',(-0.279800954537,0.960058032538));
#1125 = ( GEOMETRIC_REPRESENTATION_CONTEXT(2) 
PARAMETRIC_REPRESENTATION_CONTEXT() REPRESENTATION_CONTEXT('2D SPACE',''
  ) );
#1126 = PCURVE('',#1127,#1132);
#1127 = PLANE('',#1128);
#1128 = AXIS2_PLACEMENT_3D('',#1129,#1130,#1131);
#1129 = CARTESIAN_POINT('',(-31.24291961617,7.102886229731,
    6.538496050754));
#1130 = DIRECTION('',(0.48322222821,-0.875483034975,5.072833134102E-03)
  );
#1131 = DIRECTION('',(-0.875494299873,-0.483228445862,
    -1.227189311145E-19));
#1132 = DEFINITIONAL_REPRESENTATION('',(#1133),#1137);
#1133 = LINE('',#1134,#1135);
#1134 = CARTESIAN_POINT('',(-0.,0.));
#1135 = VECTOR('',#1136,1.);
#1136 = DIRECTION('',(-0.279880383079,0.960034880183));
#1137 = ( GEOMETRIC_REPRESENTATION_CONTEXT(2) 
PARAMETRIC_REPRESENTATION_CONTEXT() REPRESENTATION_CONTEXT('2D SPACE',''
  ) );
#1138 = ADVANCED_FACE('',(#1139),#1127,.T.);
#1139 = FACE_BOUND('',#1140,.T.);
#1140 = EDGE_LOOP('',(#1141,#1142,#1170));
#1141 = ORIENTED_EDGE('',*,*,#1113,.T.);
#1142 = ORIENTED_EDGE('',*,*,#1143,.T.);
#1143 = EDGE_CURVE('',#1086,#1144,#1146,.T.);
#1144 = VERTEX_POINT('',#1145);
#1145 = CARTESIAN_POINT('',(-30.10055981243,7.73362537974,6.575511963267
    ));
#1146 = SURFACE_CURVE('',#1147,(#1151,#1158),.PCURVE_S1.);
#1147 = LINE('',#1148,#1149);
#1148 = CARTESIAN_POINT('',(-30.13361754031,7.690221223511,
    2.233683064034));
#1149 = VECTOR('',#1150,1.);
#1150 = DIRECTION('',(7.613178448157E-03,9.995955802324E-03,
    0.999921057075));
#1151 = PCURVE('',#1127,#1152);
#1152 = DEFINITIONAL_REPRESENTATION('',(#1153),#1157);
#1153 = LINE('',#1154,#1155);
#1154 = CARTESIAN_POINT('',(-1.255004620501,4.304868377034));
#1155 = VECTOR('',#1156,1.);
#1156 = DIRECTION('',(-1.149562452254E-02,-0.999933923125));
#1157 = ( GEOMETRIC_REPRESENTATION_CONTEXT(2) 
PARAMETRIC_REPRESENTATION_CONTEXT() REPRESENTATION_CONTEXT('2D SPACE',''
  ) );
#1158 = PCURVE('',#1159,#1164);
#1159 = PLANE('',#1160);
#1160 = AXIS2_PLACEMENT_3D('',#1161,#1162,#1163);
#1161 = CARTESIAN_POINT('',(-30.10055981243,7.73362537974,6.575511963267
    ));
#1162 = DIRECTION('',(0.396159286028,-0.918161121753,6.162353128212E-03)
  );
#1163 = DIRECTION('',(-0.918178555648,-0.396166808236,1.248810835709E-19
    ));
#1164 = DEFINITIONAL_REPRESENTATION('',(#1165),#1169);
#1165 = LINE('',#1166,#1167);
#1166 = CARTESIAN_POINT('',(4.754818287069E-02,4.34191134118));
#1167 = VECTOR('',#1168,1.);
#1168 = DIRECTION('',(-1.09503230969E-02,-0.999940043415));
#1169 = ( GEOMETRIC_REPRESENTATION_CONTEXT(2) 
PARAMETRIC_REPRESENTATION_CONTEXT() REPRESENTATION_CONTEXT('2D SPACE',''
  ) );
#1170 = ORIENTED_EDGE('',*,*,#1171,.F.);
#1171 = EDGE_CURVE('',#1028,#1144,#1172,.T.);
#1172 = SURFACE_CURVE('',#1173,(#1177,#1184),.PCURVE_S1.);
#1173 = LINE('',#1174,#1175);
#1174 = CARTESIAN_POINT('',(-31.24291961617,7.102886229731,
    6.538496050754));
#1175 = VECTOR('',#1176,1.);
#1176 = DIRECTION('',(0.875072760025,0.483160075352,2.835500393313E-02)
  );
#1177 = PCURVE('',#1127,#1178);
#1178 = DEFINITIONAL_REPRESENTATION('',(#1179),#1183);
#1179 = LINE('',#1180,#1181);
#1180 = CARTESIAN_POINT('',(-0.,0.));
#1181 = VECTOR('',#1182,1.);
#1182 = DIRECTION('',(-0.999597905691,-2.835536877885E-02));
#1183 = ( GEOMETRIC_REPRESENTATION_CONTEXT(2) 
PARAMETRIC_REPRESENTATION_CONTEXT() REPRESENTATION_CONTEXT('2D SPACE',''
  ) );
#1184 = PCURVE('',#1185,#1190);
#1185 = PLANE('',#1186);
#1186 = AXIS2_PLACEMENT_3D('',#1187,#1188,#1189);
#1187 = CARTESIAN_POINT('',(-45.43436524945,24.427448054458,
    6.579108001502));
#1188 = DIRECTION('',(-2.141139799394E-02,-1.988236728505E-02,
    0.999573030602));
#1189 = DIRECTION('',(0.999770659069,-3.792740630993E-20,
    2.141563130319E-02));
#1190 = DEFINITIONAL_REPRESENTATION('',(#1191),#1195);
#1191 = LINE('',#1192,#1193);
#1192 = CARTESIAN_POINT('',(14.187321223366,-17.32798711382));
#1193 = VECTOR('',#1194,1.);
#1194 = DIRECTION('',(0.875479310333,0.483255602325));
#1195 = ( GEOMETRIC_REPRESENTATION_CONTEXT(2) 
PARAMETRIC_REPRESENTATION_CONTEXT() REPRESENTATION_CONTEXT('2D SPACE',''
  ) );
#1196 = ADVANCED_FACE('',(#1197),#1159,.T.);
#1197 = FACE_BOUND('',#1198,.T.);
#1198 = EDGE_LOOP('',(#1199,#1200,#1223));
#1199 = ORIENTED_EDGE('',*,*,#1143,.F.);
#1200 = ORIENTED_EDGE('',*,*,#1201,.T.);
#1201 = EDGE_CURVE('',#1086,#1202,#1204,.T.);
#1202 = VERTEX_POINT('',#1203);
#1203 = CARTESIAN_POINT('',(-28.95405076504,8.198800739895,
    2.178770234126));
#1204 = SURFACE_CURVE('',#1205,(#1209,#1216),.PCURVE_S1.);
#1205 = LINE('',#1206,#1207);
#1206 = CARTESIAN_POINT('',(-30.13361754031,7.690221223511,
    2.233683064034));
#1207 = VECTOR('',#1208,1.);
#1208 = DIRECTION('',(0.917444961004,0.395563629257,-4.271017135295E-02)
  );
#1209 = PCURVE('',#1159,#1210);
#1210 = DEFINITIONAL_REPRESENTATION('',(#1211),#1215);
#1211 = LINE('',#1212,#1213);
#1212 = CARTESIAN_POINT('',(4.754818287069E-02,4.34191134118));
#1213 = VECTOR('',#1214,1.);
#1214 = DIRECTION('',(-0.999087469639,4.27109823268E-02));
#1215 = ( GEOMETRIC_REPRESENTATION_CONTEXT(2) 
PARAMETRIC_REPRESENTATION_CONTEXT() REPRESENTATION_CONTEXT('2D SPACE',''
  ) );
#1216 = PCURVE('',#1101,#1217);
#1217 = DEFINITIONAL_REPRESENTATION('',(#1218),#1222);
#1218 = LINE('',#1219,#1220);
#1219 = CARTESIAN_POINT('',(-0.404882534181,1.220293593447));
#1220 = VECTOR('',#1221,1.);
#1221 = DIRECTION('',(0.314910057295,-0.949121517939));
#1222 = ( GEOMETRIC_REPRESENTATION_CONTEXT(2) 
PARAMETRIC_REPRESENTATION_CONTEXT() REPRESENTATION_CONTEXT('2D SPACE',''
  ) );
#1223 = ORIENTED_EDGE('',*,*,#1224,.F.);
#1224 = EDGE_CURVE('',#1144,#1202,#1225,.T.);
#1225 = SURFACE_CURVE('',#1226,(#1230,#1237),.PCURVE_S1.);
#1226 = LINE('',#1227,#1228);
#1227 = CARTESIAN_POINT('',(-30.10055981243,7.73362537974,6.575511963267
    ));
#1228 = VECTOR('',#1229,1.);
#1229 = DIRECTION('',(0.251013651152,0.101844260055,-0.962610977306));
#1230 = PCURVE('',#1159,#1231);
#1231 = DEFINITIONAL_REPRESENTATION('',(#1232),#1236);
#1232 = LINE('',#1233,#1234);
#1233 = CARTESIAN_POINT('',(0.,0.));
#1234 = VECTOR('',#1235,1.);
#1235 = DIRECTION('',(-0.270822667105,0.962629255208));
#1236 = ( GEOMETRIC_REPRESENTATION_CONTEXT(2) 
PARAMETRIC_REPRESENTATION_CONTEXT() REPRESENTATION_CONTEXT('2D SPACE',''
  ) );
#1237 = PCURVE('',#1238,#1243);
#1238 = PLANE('',#1239);
#1239 = AXIS2_PLACEMENT_3D('',#1240,#1241,#1242);
#1240 = CARTESIAN_POINT('',(-30.10055981243,7.73362537974,6.575511963267
    ));
#1241 = DIRECTION('',(0.376972034715,-0.926224590186,3.059063220114E-04)
  );
#1242 = DIRECTION('',(-0.926224633523,-0.376972052353,
    -4.228079395142E-21));
#1243 = DEFINITIONAL_REPRESENTATION('',(#1244),#1248);
#1244 = LINE('',#1245,#1246);
#1245 = CARTESIAN_POINT('',(-0.,0.));
#1246 = VECTOR('',#1247,1.);
#1247 = DIRECTION('',(-0.27088746678,0.962611022346));
#1248 = ( GEOMETRIC_REPRESENTATION_CONTEXT(2) 
PARAMETRIC_REPRESENTATION_CONTEXT() REPRESENTATION_CONTEXT('2D SPACE',''
  ) );
#1249 = ADVANCED_FACE('',(#1250),#1238,.T.);
#1250 = FACE_BOUND('',#1251,.T.);
#1251 = EDGE_LOOP('',(#1252,#1253,#1281));
#1252 = ORIENTED_EDGE('',*,*,#1224,.T.);
#1253 = ORIENTED_EDGE('',*,*,#1254,.F.);
#1254 = EDGE_CURVE('',#1255,#1202,#1257,.T.);
#1255 = VERTEX_POINT('',#1256);
#1256 = CARTESIAN_POINT('',(-28.96355250352,8.196402312766,
    6.625907831649));
#1257 = SURFACE_CURVE('',#1258,(#1262,#1269),.PCURVE_S1.);
#1258 = LINE('',#1259,#1260);
#1259 = CARTESIAN_POINT('',(-28.96355250352,8.196402312766,
    6.625907831649));
#1260 = VECTOR('',#1261,1.);
#1261 = DIRECTION('',(2.136591280997E-03,5.393179889161E-04,
    -0.999997572054));
#1262 = PCURVE('',#1238,#1263);
#1263 = DEFINITIONAL_REPRESENTATION('',(#1264),#1268);
#1264 = LINE('',#1265,#1266);
#1265 = CARTESIAN_POINT('',(-1.227578148231,-5.039587074022E-02));
#1266 = VECTOR('',#1267,1.);
#1267 = DIRECTION('',(-2.182271285383E-03,0.999997618843));
#1268 = ( GEOMETRIC_REPRESENTATION_CONTEXT(2) 
PARAMETRIC_REPRESENTATION_CONTEXT() REPRESENTATION_CONTEXT('2D SPACE',''
  ) );
#1269 = PCURVE('',#1270,#1275);
#1270 = PLANE('',#1271);
#1271 = AXIS2_PLACEMENT_3D('',#1272,#1273,#1274);
#1272 = CARTESIAN_POINT('',(-28.96355250352,8.196402312766,
    6.625907831649));
#1273 = DIRECTION('',(0.200120317333,-0.979771324557,-1.008332200118E-04
    ));
#1274 = DIRECTION('',(-0.979771329537,-0.20012031835,-2.806682327976E-21
    ));
#1275 = DEFINITIONAL_REPRESENTATION('',(#1276),#1280);
#1276 = LINE('',#1277,#1278);
#1277 = CARTESIAN_POINT('',(-0.,0.));
#1278 = VECTOR('',#1279,1.);
#1279 = DIRECTION('',(-2.201299367695E-03,0.999997577138));
#1280 = ( GEOMETRIC_REPRESENTATION_CONTEXT(2) 
PARAMETRIC_REPRESENTATION_CONTEXT() REPRESENTATION_CONTEXT('2D SPACE',''
  ) );
#1281 = ORIENTED_EDGE('',*,*,#1282,.F.);
#1282 = EDGE_CURVE('',#1144,#1255,#1283,.T.);
#1283 = SURFACE_CURVE('',#1284,(#1288,#1295),.PCURVE_S1.);
#1284 = LINE('',#1285,#1286);
#1285 = CARTESIAN_POINT('',(-30.10055981243,7.73362537974,6.575511963267
    ));
#1286 = VECTOR('',#1287,1.);
#1287 = DIRECTION('',(0.925440379491,0.37666640941,4.10185327702E-02));
#1288 = PCURVE('',#1238,#1289);
#1289 = DEFINITIONAL_REPRESENTATION('',(#1290),#1294);
#1290 = LINE('',#1291,#1292);
#1291 = CARTESIAN_POINT('',(-0.,0.));
#1292 = VECTOR('',#1293,1.);
#1293 = DIRECTION('',(-0.999158385749,-4.101853468943E-02));
#1294 = ( GEOMETRIC_REPRESENTATION_CONTEXT(2) 
PARAMETRIC_REPRESENTATION_CONTEXT() REPRESENTATION_CONTEXT('2D SPACE',''
  ) );
#1295 = PCURVE('',#1296,#1301);
#1296 = PLANE('',#1297);
#1297 = AXIS2_PLACEMENT_3D('',#1298,#1299,#1300);
#1298 = CARTESIAN_POINT('',(-28.96355250352,8.196402312766,
    6.625907831649));
#1299 = DIRECTION('',(-3.216722414618E-02,-2.976181966671E-02,
    0.999039290409));
#1300 = DIRECTION('',(0.999482042034,7.234379564676E-20,
    3.218147993263E-02));
#1301 = DEFINITIONAL_REPRESENTATION('',(#1302),#1306);
#1302 = LINE('',#1303,#1304);
#1303 = CARTESIAN_POINT('',(-1.138040200543,-0.462982025299));
#1304 = VECTOR('',#1305,1.);
#1305 = DIRECTION('',(0.926281077364,0.376833339446));
#1306 = ( GEOMETRIC_REPRESENTATION_CONTEXT(2) 
PARAMETRIC_REPRESENTATION_CONTEXT() REPRESENTATION_CONTEXT('2D SPACE',''
  ) );
#1307 = ADVANCED_FACE('',(#1308),#1270,.T.);
#1308 = FACE_BOUND('',#1309,.T.);
#1309 = EDGE_LOOP('',(#1310,#1311,#1339));
#1310 = ORIENTED_EDGE('',*,*,#1254,.T.);
#1311 = ORIENTED_EDGE('',*,*,#1312,.T.);
#1312 = EDGE_CURVE('',#1202,#1313,#1315,.T.);
#1313 = VERTEX_POINT('',#1314);
#1314 = CARTESIAN_POINT('',(-27.73160044738,8.448485777562,2.20758429207
    ));
#1315 = SURFACE_CURVE('',#1316,(#1320,#1327),.PCURVE_S1.);
#1316 = LINE('',#1317,#1318);
#1317 = CARTESIAN_POINT('',(-28.95405076504,8.198800739895,
    2.178770234126));
#1318 = VECTOR('',#1319,1.);
#1319 = DIRECTION('',(0.979510628997,0.200064693645,2.308778983779E-02)
  );
#1320 = PCURVE('',#1270,#1321);
#1321 = DEFINITIONAL_REPRESENTATION('',(#1322),#1326);
#1322 = LINE('',#1323,#1324);
#1323 = CARTESIAN_POINT('',(-9.78950494987E-03,4.447137620132));
#1324 = VECTOR('',#1325,1.);
#1325 = DIRECTION('',(-0.999733441451,-2.308778995516E-02));
#1326 = ( GEOMETRIC_REPRESENTATION_CONTEXT(2) 
PARAMETRIC_REPRESENTATION_CONTEXT() REPRESENTATION_CONTEXT('2D SPACE',''
  ) );
#1327 = PCURVE('',#1328,#1333);
#1328 = PLANE('',#1329);
#1329 = AXIS2_PLACEMENT_3D('',#1330,#1331,#1332);
#1330 = CARTESIAN_POINT('',(-26.42950826414,8.57020810709,2.185743682518
    ));
#1331 = DIRECTION('',(4.769873210872E-02,-0.341841311079,0.938546402153)
  );
#1332 = DIRECTION('',(1.736424573041E-18,0.939615903332,0.342230849288)
  );
#1333 = DEFINITIONAL_REPRESENTATION('',(#1334),#1338);
#1334 = LINE('',#1335,#1336);
#1335 = CARTESIAN_POINT('',(-0.351366797998,2.527419291189));
#1336 = VECTOR('',#1337,1.);
#1337 = DIRECTION('',(0.195885321768,-0.980626810115));
#1338 = ( GEOMETRIC_REPRESENTATION_CONTEXT(2) 
PARAMETRIC_REPRESENTATION_CONTEXT() REPRESENTATION_CONTEXT('2D SPACE',''
  ) );
#1339 = ORIENTED_EDGE('',*,*,#1340,.F.);
#1340 = EDGE_CURVE('',#1255,#1313,#1341,.T.);
#1341 = SURFACE_CURVE('',#1342,(#1346,#1353),.PCURVE_S1.);
#1342 = LINE('',#1343,#1344);
#1343 = CARTESIAN_POINT('',(-28.96355250352,8.196402312766,
    6.625907831649));
#1344 = VECTOR('',#1345,1.);
#1345 = DIRECTION('',(0.268178160004,5.487492749392E-02,-0.961805186527)
  );
#1346 = PCURVE('',#1270,#1347);
#1347 = DEFINITIONAL_REPRESENTATION('',(#1348),#1352);
#1348 = LINE('',#1349,#1350);
#1349 = CARTESIAN_POINT('',(-0.,0.));
#1350 = VECTOR('',#1351,1.);
#1351 = DIRECTION('',(-0.273734860339,0.961805191416));
#1352 = ( GEOMETRIC_REPRESENTATION_CONTEXT(2) 
PARAMETRIC_REPRESENTATION_CONTEXT() REPRESENTATION_CONTEXT('2D SPACE',''
  ) );
#1353 = PCURVE('',#1354,#1359);
#1354 = PLANE('',#1355);
#1355 = AXIS2_PLACEMENT_3D('',#1356,#1357,#1358);
#1356 = CARTESIAN_POINT('',(-28.96355250352,8.196402312766,
    6.625907831649));
#1357 = DIRECTION('',(0.185284597715,-0.98267503806,-4.403115132548E-03)
  );
#1358 = DIRECTION('',(-0.982684563967,-0.185286393837,
    -1.097434600819E-19));
#1359 = DEFINITIONAL_REPRESENTATION('',(#1360),#1364);
#1360 = LINE('',#1361,#1362);
#1361 = CARTESIAN_POINT('',(-0.,0.));
#1362 = VECTOR('',#1363,1.);
#1363 = DIRECTION('',(-0.273702115656,0.961814510124));
#1364 = ( GEOMETRIC_REPRESENTATION_CONTEXT(2) 
PARAMETRIC_REPRESENTATION_CONTEXT() REPRESENTATION_CONTEXT('2D SPACE',''
  ) );
#1365 = ADVANCED_FACE('',(#1366),#1354,.T.);
#1366 = FACE_BOUND('',#1367,.T.);
#1367 = EDGE_LOOP('',(#1368,#1369,#1397));
#1368 = ORIENTED_EDGE('',*,*,#1340,.T.);
#1369 = ORIENTED_EDGE('',*,*,#1370,.T.);
#1370 = EDGE_CURVE('',#1313,#1371,#1373,.T.);
#1371 = VERTEX_POINT('',#1372);
#1372 = CARTESIAN_POINT('',(-27.69282419411,8.436362809231,
    6.544872843378));
#1373 = SURFACE_CURVE('',#1374,(#1378,#1385),.PCURVE_S1.);
#1374 = LINE('',#1375,#1376);
#1375 = CARTESIAN_POINT('',(-27.73160044738,8.448485777562,2.20758429207
    ));
#1376 = VECTOR('',#1377,1.);
#1377 = DIRECTION('',(8.939813853383E-03,-2.794934298289E-03,
    0.999956133073));
#1378 = PCURVE('',#1354,#1379);
#1379 = DEFINITIONAL_REPRESENTATION('',(#1380),#1384);
#1380 = LINE('',#1381,#1382);
#1381 = CARTESIAN_POINT('',(-1.257327905253,4.418366370156));
#1382 = VECTOR('',#1383,1.);
#1383 = DIRECTION('',(-8.267153781318E-03,-0.9999658265));
#1384 = ( GEOMETRIC_REPRESENTATION_CONTEXT(2) 
PARAMETRIC_REPRESENTATION_CONTEXT() REPRESENTATION_CONTEXT('2D SPACE',''
  ) );
#1385 = PCURVE('',#1386,#1391);
#1386 = PLANE('',#1387);
#1387 = AXIS2_PLACEMENT_3D('',#1388,#1389,#1390);
#1388 = CARTESIAN_POINT('',(-27.69282419411,8.436362809231,
    6.544872843378));
#1389 = DIRECTION('',(9.301559517115E-02,-0.995658091137,
    -3.614499611571E-03));
#1390 = DIRECTION('',(-0.995664595142,-9.301620278322E-02,
    -4.576618949125E-21));
#1391 = DEFINITIONAL_REPRESENTATION('',(#1392),#1396);
#1392 = LINE('',#1393,#1394);
#1393 = CARTESIAN_POINT('',(3.748051003476E-02,4.337316884072));
#1394 = VECTOR('',#1395,1.);
#1395 = DIRECTION('',(-8.64108196552E-03,-0.999962665154));
#1396 = ( GEOMETRIC_REPRESENTATION_CONTEXT(2) 
PARAMETRIC_REPRESENTATION_CONTEXT() REPRESENTATION_CONTEXT('2D SPACE',''
  ) );
#1397 = ORIENTED_EDGE('',*,*,#1398,.F.);
#1398 = EDGE_CURVE('',#1255,#1371,#1399,.T.);
#1399 = SURFACE_CURVE('',#1400,(#1404,#1411),.PCURVE_S1.);
#1400 = LINE('',#1401,#1402);
#1401 = CARTESIAN_POINT('',(-28.96355250352,8.196402312766,
    6.625907831649));
#1402 = VECTOR('',#1403,1.);
#1403 = DIRECTION('',(0.980709834919,0.185194283572,-6.25403631773E-02)
  );
#1404 = PCURVE('',#1354,#1405);
#1405 = DEFINITIONAL_REPRESENTATION('',(#1406),#1410);
#1406 = LINE('',#1407,#1408);
#1407 = CARTESIAN_POINT('',(-0.,0.));
#1408 = VECTOR('',#1409,1.);
#1409 = DIRECTION('',(-0.998042397467,6.254096943435E-02));
#1410 = ( GEOMETRIC_REPRESENTATION_CONTEXT(2) 
PARAMETRIC_REPRESENTATION_CONTEXT() REPRESENTATION_CONTEXT('2D SPACE',''
  ) );
#1411 = PCURVE('',#1412,#1417);
#1412 = PLANE('',#1413);
#1413 = AXIS2_PLACEMENT_3D('',#1414,#1415,#1416);
#1414 = CARTESIAN_POINT('',(-27.69282419411,8.436362809231,
    6.544872843378));
#1415 = DIRECTION('',(5.28992596495E-02,5.655538824786E-02,
    0.996997069398));
#1416 = DIRECTION('',(5.299963061495E-20,0.998394968159,
    -5.663468507791E-02));
#1417 = DEFINITIONAL_REPRESENTATION('',(#1418),#1422);
#1418 = LINE('',#1419,#1420);
#1419 = CARTESIAN_POINT('',(-0.244164743269,1.272510009262));
#1420 = VECTOR('',#1421,1.);
#1421 = DIRECTION('',(0.188438994623,-0.982084897198));
#1422 = ( GEOMETRIC_REPRESENTATION_CONTEXT(2) 
PARAMETRIC_REPRESENTATION_CONTEXT() REPRESENTATION_CONTEXT('2D SPACE',''
  ) );
#1423 = ADVANCED_FACE('',(#1424),#156,.T.);
#1424 = FACE_BOUND('',#1425,.T.);
#1425 = EDGE_LOOP('',(#1426,#1449,#1475));
#1426 = ORIENTED_EDGE('',*,*,#1427,.F.);
#1427 = EDGE_CURVE('',#1428,#115,#1430,.T.);
#1428 = VERTEX_POINT('',#1429);
#1429 = CARTESIAN_POINT('',(-45.48334800677,-24.46408176685,
    6.547071429317));
#1430 = SURFACE_CURVE('',#1431,(#1435,#1442),.PCURVE_S1.);
#1431 = LINE('',#1432,#1433);
#1432 = CARTESIAN_POINT('',(-45.48334800677,-24.46408176685,
    6.547071429317));
#1433 = VECTOR('',#1434,1.);
#1434 = DIRECTION('',(0.430187759652,0.902739126,7.495555725906E-04));
#1435 = PCURVE('',#156,#1436);
#1436 = DEFINITIONAL_REPRESENTATION('',(#1437),#1441);
#1437 = LINE('',#1438,#1439);
#1438 = CARTESIAN_POINT('',(-10.73455549862,-22.53603270529));
#1439 = VECTOR('',#1440,1.);
#1440 = DIRECTION('',(0.430035181614,0.902812130276));
#1441 = ( GEOMETRIC_REPRESENTATION_CONTEXT(2) 
PARAMETRIC_REPRESENTATION_CONTEXT() REPRESENTATION_CONTEXT('2D SPACE',''
  ) );
#1442 = PCURVE('',#272,#1443);
#1443 = DEFINITIONAL_REPRESENTATION('',(#1444),#1448);
#1444 = LINE('',#1445,#1446);
#1445 = CARTESIAN_POINT('',(-10.54204687455,-23.83356783315));
#1446 = VECTOR('',#1447,1.);
#1447 = DIRECTION('',(0.430185336239,0.902740592022));
#1448 = ( GEOMETRIC_REPRESENTATION_CONTEXT(2) 
PARAMETRIC_REPRESENTATION_CONTEXT() REPRESENTATION_CONTEXT('2D SPACE',''
  ) );
#1449 = ORIENTED_EDGE('',*,*,#1450,.T.);
#1450 = EDGE_CURVE('',#1428,#24,#1451,.T.);
#1451 = SURFACE_CURVE('',#1452,(#1456,#1463),.PCURVE_S1.);
#1452 = LINE('',#1453,#1454);
#1453 = CARTESIAN_POINT('',(-45.48334800677,-24.46408176685,
    6.547071429317));
#1454 = VECTOR('',#1455,1.);
#1455 = DIRECTION('',(0.460956191512,0.887421026767,1.819549074299E-03)
  );
#1456 = PCURVE('',#156,#1457);
#1457 = DEFINITIONAL_REPRESENTATION('',(#1458),#1462);
#1458 = LINE('',#1459,#1460);
#1459 = CARTESIAN_POINT('',(-10.73455549862,-22.53603270529));
#1460 = VECTOR('',#1461,1.);
#1461 = DIRECTION('',(0.460821596352,0.887492792272));
#1462 = ( GEOMETRIC_REPRESENTATION_CONTEXT(2) 
PARAMETRIC_REPRESENTATION_CONTEXT() REPRESENTATION_CONTEXT('2D SPACE',''
  ) );
#1463 = PCURVE('',#1464,#1469);
#1464 = PLANE('',#1465);
#1465 = AXIS2_PLACEMENT_3D('',#1466,#1467,#1468);
#1466 = CARTESIAN_POINT('',(-34.40510204726,-3.136527033443,
    6.590800990936));
#1467 = DIRECTION('',(-1.774564682356E-03,-1.128605749398E-03,
    0.999997788582));
#1468 = DIRECTION('',(0.999998425457,-1.72357864536E-22,
    1.774565812533E-03));
#1469 = DEFINITIONAL_REPRESENTATION('',(#1470),#1474);
#1470 = LINE('',#1471,#1472);
#1471 = CARTESIAN_POINT('',(-11.07830611732,-21.32756831641));
#1472 = VECTOR('',#1473,1.);
#1473 = DIRECTION('',(0.460958694626,0.887421591944));
#1474 = ( GEOMETRIC_REPRESENTATION_CONTEXT(2) 
PARAMETRIC_REPRESENTATION_CONTEXT() REPRESENTATION_CONTEXT('2D SPACE',''
  ) );
#1475 = ORIENTED_EDGE('',*,*,#142,.F.);
#1476 = ADVANCED_FACE('',(#1477),#1464,.T.);
#1477 = FACE_BOUND('',#1478,.T.);
#1478 = EDGE_LOOP('',(#1479,#1480,#1508));
#1479 = ORIENTED_EDGE('',*,*,#1450,.F.);
#1480 = ORIENTED_EDGE('',*,*,#1481,.T.);
#1481 = EDGE_CURVE('',#1428,#1482,#1484,.T.);
#1482 = VERTEX_POINT('',#1483);
#1483 = CARTESIAN_POINT('',(-33.79822802606,-4.270818514416,
    6.590597759804));
#1484 = SURFACE_CURVE('',#1485,(#1489,#1496),.PCURVE_S1.);
#1485 = LINE('',#1486,#1487);
#1486 = CARTESIAN_POINT('',(-45.48334800677,-24.46408176685,
    6.547071429317));
#1487 = VECTOR('',#1488,1.);
#1488 = DIRECTION('',(0.500851869995,0.865531006784,1.865641435837E-03)
  );
#1489 = PCURVE('',#1464,#1490);
#1490 = DEFINITIONAL_REPRESENTATION('',(#1491),#1495);
#1491 = LINE('',#1492,#1493);
#1492 = CARTESIAN_POINT('',(-11.07830611732,-21.32756831641));
#1493 = VECTOR('',#1494,1.);
#1494 = DIRECTION('',(0.500854392086,0.86553155802));
#1495 = ( GEOMETRIC_REPRESENTATION_CONTEXT(2) 
PARAMETRIC_REPRESENTATION_CONTEXT() REPRESENTATION_CONTEXT('2D SPACE',''
  ) );
#1496 = PCURVE('',#1497,#1502);
#1497 = PLANE('',#1498);
#1498 = AXIS2_PLACEMENT_3D('',#1499,#1500,#1501);
#1499 = CARTESIAN_POINT('',(-33.79822802606,-4.270818514416,
    6.590597759804));
#1500 = DIRECTION('',(3.022263837736E-02,-1.964284801983E-02,
    0.999350164182));
#1501 = DIRECTION('',(0.999543015364,7.453201070351E-20,
    -3.02284706389E-02));
#1502 = DEFINITIONAL_REPRESENTATION('',(#1503),#1507);
#1503 = LINE('',#1504,#1505);
#1504 = CARTESIAN_POINT('',(-11.678464326,-20.19716007941));
#1505 = VECTOR('',#1506,1.);
#1506 = DIRECTION('',(0.500566592899,0.865698034001));
#1507 = ( GEOMETRIC_REPRESENTATION_CONTEXT(2) 
PARAMETRIC_REPRESENTATION_CONTEXT() REPRESENTATION_CONTEXT('2D SPACE',''
  ) );
#1508 = ORIENTED_EDGE('',*,*,#1509,.F.);
#1509 = EDGE_CURVE('',#24,#1482,#1510,.T.);
#1510 = SURFACE_CURVE('',#1511,(#1515,#1522),.PCURVE_S1.);
#1511 = LINE('',#1512,#1513);
#1512 = CARTESIAN_POINT('',(-34.40510204726,-3.136527033443,
    6.590800990936));
#1513 = VECTOR('',#1514,1.);
#1514 = DIRECTION('',(0.47174893233,-0.881732907341,-1.579801837677E-04)
  );
#1515 = PCURVE('',#1464,#1516);
#1516 = DEFINITIONAL_REPRESENTATION('',(#1517),#1521);
#1517 = LINE('',#1518,#1519);
#1518 = CARTESIAN_POINT('',(0.,0.));
#1519 = VECTOR('',#1520,1.);
#1520 = DIRECTION('',(0.471747909194,-0.881733468896));
#1521 = ( GEOMETRIC_REPRESENTATION_CONTEXT(2) 
PARAMETRIC_REPRESENTATION_CONTEXT() REPRESENTATION_CONTEXT('2D SPACE',''
  ) );
#1522 = PCURVE('',#44,#1523);
#1523 = DEFINITIONAL_REPRESENTATION('',(#1524),#1528);
#1524 = LINE('',#1525,#1526);
#1525 = CARTESIAN_POINT('',(1.286434312901,2.032313745537E-04));
#1526 = VECTOR('',#1527,1.);
#1527 = DIRECTION('',(-0.999999987521,-1.579803725534E-04));
#1528 = ( GEOMETRIC_REPRESENTATION_CONTEXT(2) 
PARAMETRIC_REPRESENTATION_CONTEXT() REPRESENTATION_CONTEXT('2D SPACE',''
  ) );
#1529 = ADVANCED_FACE('',(#1530),#1497,.T.);
#1530 = FACE_BOUND('',#1531,.T.);
#1531 = EDGE_LOOP('',(#1532,#1533,#1561));
#1532 = ORIENTED_EDGE('',*,*,#1481,.F.);
#1533 = ORIENTED_EDGE('',*,*,#1534,.T.);
#1534 = EDGE_CURVE('',#1428,#1535,#1537,.T.);
#1535 = VERTEX_POINT('',#1536);
#1536 = CARTESIAN_POINT('',(-33.08948263759,-5.367904043406,
    6.547599778288));
#1537 = SURFACE_CURVE('',#1538,(#1542,#1549),.PCURVE_S1.);
#1538 = LINE('',#1539,#1540);
#1539 = CARTESIAN_POINT('',(-45.48334800677,-24.46408176685,
    6.547071429317));
#1540 = VECTOR('',#1541,1.);
#1541 = DIRECTION('',(0.54441231636,0.83881775688,2.320823072046E-05));
#1542 = PCURVE('',#1497,#1543);
#1543 = DEFINITIONAL_REPRESENTATION('',(#1544),#1548);
#1544 = LINE('',#1545,#1546);
#1545 = CARTESIAN_POINT('',(-11.678464326,-20.19716007941));
#1546 = VECTOR('',#1547,1.);
#1547 = DIRECTION('',(0.544162826747,0.838979629066));
#1548 = ( GEOMETRIC_REPRESENTATION_CONTEXT(2) 
PARAMETRIC_REPRESENTATION_CONTEXT() REPRESENTATION_CONTEXT('2D SPACE',''
  ) );
#1549 = PCURVE('',#1550,#1555);
#1550 = PLANE('',#1551);
#1551 = AXIS2_PLACEMENT_3D('',#1552,#1553,#1554);
#1552 = CARTESIAN_POINT('',(-33.08948263759,-5.367904043406,
    6.547599778288));
#1553 = DIRECTION('',(5.398239426547E-04,-3.780261279967E-04,
    0.999999782843));
#1554 = DIRECTION('',(0.999999854295,-2.79599639968E-23,
    -5.398239812262E-04));
#1555 = DEFINITIONAL_REPRESENTATION('',(#1556),#1560);
#1556 = LINE('',#1557,#1558);
#1557 = CARTESIAN_POINT('',(-12.39386327812,-19.0961790879));
#1558 = VECTOR('',#1559,1.);
#1559 = DIRECTION('',(0.544412224508,0.838817816815));
#1560 = ( GEOMETRIC_REPRESENTATION_CONTEXT(2) 
PARAMETRIC_REPRESENTATION_CONTEXT() REPRESENTATION_CONTEXT('2D SPACE',''
  ) );
#1561 = ORIENTED_EDGE('',*,*,#1562,.F.);
#1562 = EDGE_CURVE('',#1482,#1535,#1563,.T.);
#1563 = SURFACE_CURVE('',#1564,(#1568,#1575),.PCURVE_S1.);
#1564 = LINE('',#1565,#1566);
#1565 = CARTESIAN_POINT('',(-33.79822802606,-4.270818514416,
    6.590597759804));
#1566 = VECTOR('',#1567,1.);
#1567 = DIRECTION('',(0.542345607316,-0.839510954385,-3.290288272515E-02
    ));
#1568 = PCURVE('',#1497,#1569);
#1569 = DEFINITIONAL_REPRESENTATION('',(#1570),#1574);
#1570 = LINE('',#1571,#1572);
#1571 = CARTESIAN_POINT('',(0.,0.));
#1572 = VECTOR('',#1573,1.);
#1573 = DIRECTION('',(0.543092367531,-0.839672960342));
#1574 = ( GEOMETRIC_REPRESENTATION_CONTEXT(2) 
PARAMETRIC_REPRESENTATION_CONTEXT() REPRESENTATION_CONTEXT('2D SPACE',''
  ) );
#1575 = PCURVE('',#1576,#1581);
#1576 = PLANE('',#1577);
#1577 = AXIS2_PLACEMENT_3D('',#1578,#1579,#1580);
#1578 = CARTESIAN_POINT('',(-33.08948263759,-5.367904043406,
    6.547599778288));
#1579 = DIRECTION('',(0.8394565927,0.543075804332,-1.952689738443E-02));
#1580 = DIRECTION('',(-0.543179371277,0.839616680765,-1.92838964567E-18)
  );
#1581 = DEFINITIONAL_REPRESENTATION('',(#1582),#1586);
#1582 = LINE('',#1583,#1584);
#1583 = CARTESIAN_POINT('',(1.306107184876,4.300618142107E-02));
#1584 = VECTOR('',#1585,1.);
#1585 = DIRECTION('',(-0.999458346984,-3.290915744963E-02));
#1586 = ( GEOMETRIC_REPRESENTATION_CONTEXT(2) 
PARAMETRIC_REPRESENTATION_CONTEXT() REPRESENTATION_CONTEXT('2D SPACE',''
  ) );
#1587 = ADVANCED_FACE('',(#1588),#1550,.T.);
#1588 = FACE_BOUND('',#1589,.T.);
#1589 = EDGE_LOOP('',(#1590,#1591,#1619));
#1590 = ORIENTED_EDGE('',*,*,#1534,.F.);
#1591 = ORIENTED_EDGE('',*,*,#1592,.T.);
#1592 = EDGE_CURVE('',#1428,#1593,#1595,.T.);
#1593 = VERTEX_POINT('',#1594);
#1594 = CARTESIAN_POINT('',(-32.24949048117,-6.265877622027,
    6.546806872763));
#1595 = SURFACE_CURVE('',#1596,(#1600,#1607),.PCURVE_S1.);
#1596 = LINE('',#1597,#1598);
#1597 = CARTESIAN_POINT('',(-45.48334800677,-24.46408176685,
    6.547071429317));
#1598 = VECTOR('',#1599,1.);
#1599 = DIRECTION('',(0.588136815262,0.808761452095,-1.175737677978E-05)
  );
#1600 = PCURVE('',#1550,#1601);
#1601 = DEFINITIONAL_REPRESENTATION('',(#1602),#1606);
#1602 = LINE('',#1603,#1604);
#1603 = CARTESIAN_POINT('',(-12.39386327812,-19.0961790879));
#1604 = VECTOR('',#1605,1.);
#1605 = DIRECTION('',(0.588136735914,0.808761509883));
#1606 = ( GEOMETRIC_REPRESENTATION_CONTEXT(2) 
PARAMETRIC_REPRESENTATION_CONTEXT() REPRESENTATION_CONTEXT('2D SPACE',''
  ) );
#1607 = PCURVE('',#1608,#1613);
#1608 = PLANE('',#1609);
#1609 = AXIS2_PLACEMENT_3D('',#1610,#1611,#1612);
#1610 = CARTESIAN_POINT('',(-31.25924220676,-7.06338751089,
    6.567063568733));
#1611 = DIRECTION('',(-1.289166359608E-02,9.389440894538E-03,
    0.999872813617));
#1612 = DIRECTION('',(0.999916891725,4.994001876452E-21,
    1.28922319085E-02));
#1613 = DEFINITIONAL_REPRESENTATION('',(#1614),#1618);
#1614 = LINE('',#1615,#1616);
#1615 = CARTESIAN_POINT('',(-14.22318140241,-17.40146134321));
#1616 = VECTOR('',#1617,1.);
#1617 = DIRECTION('',(0.588087784647,0.808797105305));
#1618 = ( GEOMETRIC_REPRESENTATION_CONTEXT(2) 
PARAMETRIC_REPRESENTATION_CONTEXT() REPRESENTATION_CONTEXT('2D SPACE',''
  ) );
#1619 = ORIENTED_EDGE('',*,*,#1620,.F.);
#1620 = EDGE_CURVE('',#1535,#1593,#1621,.T.);
#1621 = SURFACE_CURVE('',#1622,(#1626,#1633),.PCURVE_S1.);
#1622 = LINE('',#1623,#1624);
#1623 = CARTESIAN_POINT('',(-33.08948263759,-5.367904043406,
    6.547599778288));
#1624 = VECTOR('',#1625,1.);
#1625 = DIRECTION('',(0.683136323183,-0.730290591564,-6.448424080244E-04
    ));
#1626 = PCURVE('',#1550,#1627);
#1627 = DEFINITIONAL_REPRESENTATION('',(#1628),#1632);
#1628 = LINE('',#1629,#1630);
#1629 = CARTESIAN_POINT('',(0.,0.));
#1630 = VECTOR('',#1631,1.);
#1631 = DIRECTION('',(0.683136571748,-0.730290643745));
#1632 = ( GEOMETRIC_REPRESENTATION_CONTEXT(2) 
PARAMETRIC_REPRESENTATION_CONTEXT() REPRESENTATION_CONTEXT('2D SPACE',''
  ) );
#1633 = PCURVE('',#1634,#1639);
#1634 = PLANE('',#1635);
#1635 = AXIS2_PLACEMENT_3D('',#1636,#1637,#1638);
#1636 = CARTESIAN_POINT('',(-32.24949048117,-6.265877622027,
    6.546806872763));
#1637 = DIRECTION('',(0.730264238431,0.683103597326,9.144254390957E-03)
  );
#1638 = DIRECTION('',(-0.683132158787,0.73029477174,6.427328569538E-19)
  );
#1639 = DEFINITIONAL_REPRESENTATION('',(#1640),#1644);
#1640 = LINE('',#1641,#1642);
#1641 = CARTESIAN_POINT('',(1.229611064801,7.92938677251E-04));
#1642 = VECTOR('',#1643,1.);
#1643 = DIRECTION('',(-0.999999792072,-6.448693697343E-04));
#1644 = ( GEOMETRIC_REPRESENTATION_CONTEXT(2) 
PARAMETRIC_REPRESENTATION_CONTEXT() REPRESENTATION_CONTEXT('2D SPACE',''
  ) );
#1645 = ADVANCED_FACE('',(#1646),#1608,.T.);
#1646 = FACE_BOUND('',#1647,.T.);
#1647 = EDGE_LOOP('',(#1648,#1676,#1677));
#1648 = ORIENTED_EDGE('',*,*,#1649,.F.);
#1649 = EDGE_CURVE('',#1593,#1650,#1652,.T.);
#1650 = VERTEX_POINT('',#1651);
#1651 = CARTESIAN_POINT('',(-31.25924220676,-7.06338751089,
    6.567063568733));
#1652 = SURFACE_CURVE('',#1653,(#1657,#1664),.PCURVE_S1.);
#1653 = LINE('',#1654,#1655);
#1654 = CARTESIAN_POINT('',(-32.24949048117,-6.265877622027,
    6.546806872763));
#1655 = VECTOR('',#1656,1.);
#1656 = DIRECTION('',(0.77872812674,-0.62715926688,1.592980196447E-02));
#1657 = PCURVE('',#1608,#1658);
#1658 = DEFINITIONAL_REPRESENTATION('',(#1659),#1663);
#1659 = LINE('',#1660,#1661);
#1660 = CARTESIAN_POINT('',(-0.99042713061,0.797545046061));
#1661 = VECTOR('',#1662,1.);
#1662 = DIRECTION('',(0.77886877869,-0.62718691439));
#1663 = ( GEOMETRIC_REPRESENTATION_CONTEXT(2) 
PARAMETRIC_REPRESENTATION_CONTEXT() REPRESENTATION_CONTEXT('2D SPACE',''
  ) );
#1664 = PCURVE('',#1665,#1670);
#1665 = PLANE('',#1666);
#1666 = AXIS2_PLACEMENT_3D('',#1667,#1668,#1669);
#1667 = CARTESIAN_POINT('',(-31.25924220676,-7.06338751089,
    6.567063568733));
#1668 = DIRECTION('',(0.627111271298,0.778883643301,8.468979216593E-03)
  );
#1669 = DIRECTION('',(0.778911576976,-0.62713376185,7.036505762438E-19)
  );
#1670 = DEFINITIONAL_REPRESENTATION('',(#1671),#1675);
#1671 = LINE('',#1672,#1673);
#1672 = CARTESIAN_POINT('',(-1.271461221737,2.025742245128E-02));
#1673 = VECTOR('',#1674,1.);
#1674 = DIRECTION('',(0.999873103552,-1.593037326664E-02));
#1675 = ( GEOMETRIC_REPRESENTATION_CONTEXT(2) 
PARAMETRIC_REPRESENTATION_CONTEXT() REPRESENTATION_CONTEXT('2D SPACE',''
  ) );
#1676 = ORIENTED_EDGE('',*,*,#1592,.F.);
#1677 = ORIENTED_EDGE('',*,*,#1678,.T.);
#1678 = EDGE_CURVE('',#1428,#1650,#1679,.T.);
#1679 = SURFACE_CURVE('',#1680,(#1684,#1691),.PCURVE_S1.);
#1680 = LINE('',#1681,#1682);
#1681 = CARTESIAN_POINT('',(-45.48334800677,-24.46408176685,
    6.547071429317));
#1682 = VECTOR('',#1683,1.);
#1683 = DIRECTION('',(0.632895634116,0.774236607912,8.895418756864E-04)
  );
#1684 = PCURVE('',#1608,#1685);
#1685 = DEFINITIONAL_REPRESENTATION('',(#1686),#1690);
#1686 = LINE('',#1687,#1688);
#1687 = CARTESIAN_POINT('',(-14.22318140241,-17.40146134321));
#1688 = VECTOR('',#1689,1.);
#1689 = DIRECTION('',(0.632854503432,0.774270739138));
#1690 = ( GEOMETRIC_REPRESENTATION_CONTEXT(2) 
PARAMETRIC_REPRESENTATION_CONTEXT() REPRESENTATION_CONTEXT('2D SPACE',''
  ) );
#1691 = PCURVE('',#1692,#1697);
#1692 = PLANE('',#1693);
#1693 = AXIS2_PLACEMENT_3D('',#1694,#1695,#1696);
#1694 = CARTESIAN_POINT('',(-30.14026982674,-7.701190349649,
    6.539592594291));
#1695 = DIRECTION('',(1.629651113918E-02,-1.447015193845E-02,
    0.999762491009));
#1696 = DIRECTION('',(0.999867175231,-5.359665705211E-20,
    -1.629821753207E-02));
#1697 = DEFINITIONAL_REPRESENTATION('',(#1698),#1702);
#1698 = LINE('',#1699,#1700);
#1699 = CARTESIAN_POINT('',(-15.34116213091,-16.76464664434));
#1700 = VECTOR('',#1701,1.);
#1701 = DIRECTION('',(0.632797071953,0.774317677525));
#1702 = ( GEOMETRIC_REPRESENTATION_CONTEXT(2) 
PARAMETRIC_REPRESENTATION_CONTEXT() REPRESENTATION_CONTEXT('2D SPACE',''
  ) );
#1703 = ADVANCED_FACE('',(#1704),#1692,.T.);
#1704 = FACE_BOUND('',#1705,.T.);
#1705 = EDGE_LOOP('',(#1706,#1734,#1735));
#1706 = ORIENTED_EDGE('',*,*,#1707,.F.);
#1707 = EDGE_CURVE('',#1650,#1708,#1710,.T.);
#1708 = VERTEX_POINT('',#1709);
#1709 = CARTESIAN_POINT('',(-30.14026982674,-7.701190349649,
    6.539592594291));
#1710 = SURFACE_CURVE('',#1711,(#1715,#1722),.PCURVE_S1.);
#1711 = LINE('',#1712,#1713);
#1712 = CARTESIAN_POINT('',(-31.25924220676,-7.06338751089,
    6.567063568733));
#1713 = VECTOR('',#1714,1.);
#1714 = DIRECTION('',(0.86858354074,-0.495083755303,-2.132388312244E-02)
  );
#1715 = PCURVE('',#1692,#1716);
#1716 = DEFINITIONAL_REPRESENTATION('',(#1717),#1721);
#1717 = LINE('',#1718,#1719);
#1718 = CARTESIAN_POINT('',(-1.119271480694,0.637869622515));
#1719 = VECTOR('',#1720,1.);
#1720 = DIRECTION('',(0.868815712618,-0.495135595074));
#1721 = ( GEOMETRIC_REPRESENTATION_CONTEXT(2) 
PARAMETRIC_REPRESENTATION_CONTEXT() REPRESENTATION_CONTEXT('2D SPACE',''
  ) );
#1722 = PCURVE('',#1723,#1728);
#1723 = PLANE('',#1724);
#1724 = AXIS2_PLACEMENT_3D('',#1725,#1726,#1727);
#1725 = CARTESIAN_POINT('',(-30.14026982674,-7.701190349649,
    6.539592594291));
#1726 = DIRECTION('',(0.49540016327,0.868561536365,1.339909619685E-02));
#1727 = DIRECTION('',(0.868639515801,-0.495444640287,7.345466657503E-19)
  );
#1728 = DEFINITIONAL_REPRESENTATION('',(#1729),#1733);
#1729 = LINE('',#1730,#1731);
#1730 = CARTESIAN_POINT('',(-1.287979624402,-2.747344078605E-02));
#1731 = VECTOR('',#1732,1.);
#1732 = DIRECTION('',(0.999772579319,2.132579758021E-02));
#1733 = ( GEOMETRIC_REPRESENTATION_CONTEXT(2) 
PARAMETRIC_REPRESENTATION_CONTEXT() REPRESENTATION_CONTEXT('2D SPACE',''
  ) );
#1734 = ORIENTED_EDGE('',*,*,#1678,.F.);
#1735 = ORIENTED_EDGE('',*,*,#1736,.T.);
#1736 = EDGE_CURVE('',#1428,#1708,#1737,.T.);
#1737 = SURFACE_CURVE('',#1738,(#1742,#1749),.PCURVE_S1.);
#1738 = LINE('',#1739,#1740);
#1739 = CARTESIAN_POINT('',(-45.48334800677,-24.46408176685,
    6.547071429317));
#1740 = VECTOR('',#1741,1.);
#1741 = DIRECTION('',(0.675176679102,0.737655979224,-3.291083404013E-04)
  );
#1742 = PCURVE('',#1692,#1743);
#1743 = DEFINITIONAL_REPRESENTATION('',(#1744),#1748);
#1744 = LINE('',#1745,#1746);
#1745 = CARTESIAN_POINT('',(-15.34116213091,-16.76464664434));
#1746 = VECTOR('',#1747,1.);
#1747 = DIRECTION('',(0.675092362795,0.737733218512));
#1748 = ( GEOMETRIC_REPRESENTATION_CONTEXT(2) 
PARAMETRIC_REPRESENTATION_CONTEXT() REPRESENTATION_CONTEXT('2D SPACE',''
  ) );
#1749 = PCURVE('',#1750,#1755);
#1750 = PLANE('',#1751);
#1751 = AXIS2_PLACEMENT_3D('',#1752,#1753,#1754);
#1752 = CARTESIAN_POINT('',(-28.93551591818,-8.144160287698,
    6.604176670096));
#1753 = DIRECTION('',(-3.992722900479E-02,3.699089431816E-02,
    0.998517646375));
#1754 = DIRECTION('',(0.999201497213,1.888011196679E-19,
    3.995457380847E-02));
#1755 = DEFINITIONAL_REPRESENTATION('',(#1756),#1760);
#1756 = LINE('',#1757,#1758);
#1757 = CARTESIAN_POINT('',(-16.5369002141,-16.33109843934));
#1758 = VECTOR('',#1759,1.);
#1759 = DIRECTION('',(0.674624399258,0.738161174762));
#1760 = ( GEOMETRIC_REPRESENTATION_CONTEXT(2) 
PARAMETRIC_REPRESENTATION_CONTEXT() REPRESENTATION_CONTEXT('2D SPACE',''
  ) );
#1761 = ADVANCED_FACE('',(#1762),#1750,.T.);
#1762 = FACE_BOUND('',#1763,.T.);
#1763 = EDGE_LOOP('',(#1764,#1792,#1793));
#1764 = ORIENTED_EDGE('',*,*,#1765,.F.);
#1765 = EDGE_CURVE('',#1708,#1766,#1768,.T.);
#1766 = VERTEX_POINT('',#1767);
#1767 = CARTESIAN_POINT('',(-28.93551591818,-8.144160287698,
    6.604176670096));
#1768 = SURFACE_CURVE('',#1769,(#1773,#1780),.PCURVE_S1.);
#1769 = LINE('',#1770,#1771);
#1770 = CARTESIAN_POINT('',(-30.14026982674,-7.701190349649,
    6.539592594291));
#1771 = VECTOR('',#1772,1.);
#1772 = DIRECTION('',(0.937381261326,-0.344661026877,5.025084542948E-02)
  );
#1773 = PCURVE('',#1750,#1774);
#1774 = DEFINITIONAL_REPRESENTATION('',(#1775),#1779);
#1775 = LINE('',#1776,#1777);
#1776 = CARTESIAN_POINT('',(-1.206372338427,0.443273313121));
#1777 = VECTOR('',#1778,1.);
#1778 = DIRECTION('',(0.938640510889,-0.344897073514));
#1779 = ( GEOMETRIC_REPRESENTATION_CONTEXT(2) 
PARAMETRIC_REPRESENTATION_CONTEXT() REPRESENTATION_CONTEXT('2D SPACE',''
  ) );
#1780 = PCURVE('',#1781,#1786);
#1781 = PLANE('',#1782);
#1782 = AXIS2_PLACEMENT_3D('',#1783,#1784,#1785);
#1783 = CARTESIAN_POINT('',(-28.93551591818,-8.144160287698,
    6.604176670096));
#1784 = DIRECTION('',(0.344523944351,0.938705377298,1.163900342654E-02)
  );
#1785 = DIRECTION('',(0.938768965278,-0.344547282431,2.403409168824E-19)
  );
#1786 = DEFINITIONAL_REPRESENTATION('',(#1787),#1791);
#1787 = LINE('',#1788,#1789);
#1788 = CARTESIAN_POINT('',(-1.283609668504,6.458845073542E-02));
#1789 = VECTOR('',#1790,1.);
#1790 = DIRECTION('',(0.998736456937,-5.025424942591E-02));
#1791 = ( GEOMETRIC_REPRESENTATION_CONTEXT(2) 
PARAMETRIC_REPRESENTATION_CONTEXT() REPRESENTATION_CONTEXT('2D SPACE',''
  ) );
#1792 = ORIENTED_EDGE('',*,*,#1736,.F.);
#1793 = ORIENTED_EDGE('',*,*,#1794,.T.);
#1794 = EDGE_CURVE('',#1428,#1766,#1795,.T.);
#1795 = SURFACE_CURVE('',#1796,(#1800,#1807),.PCURVE_S1.);
#1796 = LINE('',#1797,#1798);
#1797 = CARTESIAN_POINT('',(-45.48334800677,-24.46408176685,
    6.547071429317));
#1798 = VECTOR('',#1799,1.);
#1799 = DIRECTION('',(0.711990714006,0.702184581295,2.457022825576E-03)
  );
#1800 = PCURVE('',#1750,#1801);
#1801 = DEFINITIONAL_REPRESENTATION('',(#1802),#1806);
#1802 = LINE('',#1803,#1804);
#1803 = CARTESIAN_POINT('',(-16.5369002141,-16.33109843934));
#1804 = VECTOR('',#1805,1.);
#1805 = DIRECTION('',(0.711520356736,0.702665483676));
#1806 = ( GEOMETRIC_REPRESENTATION_CONTEXT(2) 
PARAMETRIC_REPRESENTATION_CONTEXT() REPRESENTATION_CONTEXT('2D SPACE',''
  ) );
#1807 = PCURVE('',#1808,#1813);
#1808 = PLANE('',#1809);
#1809 = AXIS2_PLACEMENT_3D('',#1810,#1811,#1812);
#1810 = CARTESIAN_POINT('',(-27.71348421063,-8.433020097725,
    6.571395070926));
#1811 = DIRECTION('',(2.096085320941E-02,-2.475084677758E-02,
    0.999473880708));
#1812 = DIRECTION('',(-4.844612942052E-20,0.99969351619,
    2.475628580334E-02));
#1813 = DEFINITIONAL_REPRESENTATION('',(#1814),#1818);
#1814 = LINE('',#1815,#1816);
#1815 = CARTESIAN_POINT('',(-16.02675057129,17.77376874323));
#1816 = VECTOR('',#1817,1.);
#1817 = DIRECTION('',(0.702030199849,-0.712147174747));
#1818 = ( GEOMETRIC_REPRESENTATION_CONTEXT(2) 
PARAMETRIC_REPRESENTATION_CONTEXT() REPRESENTATION_CONTEXT('2D SPACE',''
  ) );
#1819 = ADVANCED_FACE('',(#1820),#1808,.T.);
#1820 = FACE_BOUND('',#1821,.T.);
#1821 = EDGE_LOOP('',(#1822,#1850,#1851));
#1822 = ORIENTED_EDGE('',*,*,#1823,.F.);
#1823 = EDGE_CURVE('',#1766,#1824,#1826,.T.);
#1824 = VERTEX_POINT('',#1825);
#1825 = CARTESIAN_POINT('',(-27.71348421063,-8.433020097725,
    6.571395070926));
#1826 = SURFACE_CURVE('',#1827,(#1831,#1838),.PCURVE_S1.);
#1827 = LINE('',#1828,#1829);
#1828 = CARTESIAN_POINT('',(-28.93551591818,-8.144160287698,
    6.604176670096));
#1829 = VECTOR('',#1830,1.);
#1830 = DIRECTION('',(0.972850313377,-0.22995913688,-2.609718620857E-02)
  );
#1831 = PCURVE('',#1808,#1832);
#1832 = DEFINITIONAL_REPRESENTATION('',(#1833),#1837);
#1833 = LINE('',#1834,#1835);
#1834 = CARTESIAN_POINT('',(0.289582829811,1.22230025036));
#1835 = VECTOR('',#1836,1.);
#1836 = DIRECTION('',(-0.230534727528,-0.973064098302));
#1837 = ( GEOMETRIC_REPRESENTATION_CONTEXT(2) 
PARAMETRIC_REPRESENTATION_CONTEXT() REPRESENTATION_CONTEXT('2D SPACE',''
  ) );
#1838 = PCURVE('',#1839,#1844);
#1839 = PLANE('',#1840);
#1840 = AXIS2_PLACEMENT_3D('',#1841,#1842,#1843);
#1841 = CARTESIAN_POINT('',(-27.71348421063,-8.433020097725,
    6.571395070926));
#1842 = DIRECTION('',(0.229802032748,0.973196625286,-8.908101795361E-03)
  );
#1843 = DIRECTION('',(0.973235241241,-0.229811151178,1.655229791246E-19)
  );
#1844 = DEFINITIONAL_REPRESENTATION('',(#1845),#1849);
#1845 = LINE('',#1846,#1847);
#1846 = CARTESIAN_POINT('',(-1.255707529173,-3.278289992663E-02));
#1847 = VECTOR('',#1848,1.);
#1848 = DIRECTION('',(0.999659383401,2.609822173188E-02));
#1849 = ( GEOMETRIC_REPRESENTATION_CONTEXT(2) 
PARAMETRIC_REPRESENTATION_CONTEXT() REPRESENTATION_CONTEXT('2D SPACE',''
  ) );
#1850 = ORIENTED_EDGE('',*,*,#1794,.F.);
#1851 = ORIENTED_EDGE('',*,*,#1852,.T.);
#1852 = EDGE_CURVE('',#1428,#1824,#1853,.T.);
#1853 = SURFACE_CURVE('',#1854,(#1858,#1865),.PCURVE_S1.);
#1854 = LINE('',#1855,#1856);
#1855 = CARTESIAN_POINT('',(-45.48334800677,-24.46408176685,
    6.547071429317));
#1856 = VECTOR('',#1857,1.);
#1857 = DIRECTION('',(0.742499897512,0.66984540697,1.016344391232E-03));
#1858 = PCURVE('',#1808,#1859);
#1859 = DEFINITIONAL_REPRESENTATION('',(#1860),#1864);
#1860 = LINE('',#1861,#1862);
#1861 = CARTESIAN_POINT('',(-16.02675057129,17.77376874323));
#1862 = VECTOR('',#1863,1.);
#1863 = DIRECTION('',(0.66966527111,-0.74266306268));
#1864 = ( GEOMETRIC_REPRESENTATION_CONTEXT(2) 
PARAMETRIC_REPRESENTATION_CONTEXT() REPRESENTATION_CONTEXT('2D SPACE',''
  ) );
#1865 = PCURVE('',#1866,#1871);
#1866 = PLANE('',#1867);
#1867 = AXIS2_PLACEMENT_3D('',#1868,#1869,#1870);
#1868 = CARTESIAN_POINT('',(-26.42159323,-8.558434419557,6.511506581147)
  );
#1869 = DIRECTION('',(4.16368478395E-02,-4.766721043204E-02,
    0.997995095154));
#1870 = DIRECTION('',(-2.163143944649E-19,0.998861297241,
    4.770858281688E-02));
#1871 = DEFINITIONAL_REPRESENTATION('',(#1872),#1876);
#1872 = LINE('',#1873,#1874);
#1873 = CARTESIAN_POINT('',(-15.88583879427,19.07829927869));
#1874 = VECTOR('',#1875,1.);
#1875 = DIRECTION('',(0.669131140508,-0.743144344527));
#1876 = ( GEOMETRIC_REPRESENTATION_CONTEXT(2) 
PARAMETRIC_REPRESENTATION_CONTEXT() REPRESENTATION_CONTEXT('2D SPACE',''
  ) );
#1877 = ADVANCED_FACE('',(#1878),#272,.T.);
#1878 = FACE_BOUND('',#1879,.T.);
#1879 = EDGE_LOOP('',(#1880,#1901,#1902));
#1880 = ORIENTED_EDGE('',*,*,#1881,.F.);
#1881 = EDGE_CURVE('',#1428,#231,#1882,.T.);
#1882 = SURFACE_CURVE('',#1883,(#1887,#1894),.PCURVE_S1.);
#1883 = LINE('',#1884,#1885);
#1884 = CARTESIAN_POINT('',(-45.48334800677,-24.46408176685,
    6.547071429317));
#1885 = VECTOR('',#1886,1.);
#1886 = DIRECTION('',(0.404517820555,0.914529927818,5.864964304919E-04)
  );
#1887 = PCURVE('',#272,#1888);
#1888 = DEFINITIONAL_REPRESENTATION('',(#1889),#1893);
#1889 = LINE('',#1890,#1891);
#1890 = CARTESIAN_POINT('',(-10.54204687455,-23.83356783315));
#1891 = VECTOR('',#1892,1.);
#1892 = DIRECTION('',(0.404514888055,0.914531412988));
#1893 = ( GEOMETRIC_REPRESENTATION_CONTEXT(2) 
PARAMETRIC_REPRESENTATION_CONTEXT() REPRESENTATION_CONTEXT('2D SPACE',''
  ) );
#1894 = PCURVE('',#383,#1895);
#1895 = DEFINITIONAL_REPRESENTATION('',(#1896),#1900);
#1896 = LINE('',#1897,#1898);
#1897 = CARTESIAN_POINT('',(-10.52440838371,-25.09244721261));
#1898 = VECTOR('',#1899,1.);
#1899 = DIRECTION('',(0.404153938221,0.914690982912));
#1900 = ( GEOMETRIC_REPRESENTATION_CONTEXT(2) 
PARAMETRIC_REPRESENTATION_CONTEXT() REPRESENTATION_CONTEXT('2D SPACE',''
  ) );
#1901 = ORIENTED_EDGE('',*,*,#1427,.T.);
#1902 = ORIENTED_EDGE('',*,*,#258,.F.);
#1903 = ADVANCED_FACE('',(#1904),#1866,.T.);
#1904 = FACE_BOUND('',#1905,.T.);
#1905 = EDGE_LOOP('',(#1906,#1934,#1935));
#1906 = ORIENTED_EDGE('',*,*,#1907,.F.);
#1907 = EDGE_CURVE('',#1824,#1908,#1910,.T.);
#1908 = VERTEX_POINT('',#1909);
#1909 = CARTESIAN_POINT('',(-26.42159323,-8.558434419557,6.511506581147)
  );
#1910 = SURFACE_CURVE('',#1911,(#1915,#1922),.PCURVE_S1.);
#1911 = LINE('',#1912,#1913);
#1912 = CARTESIAN_POINT('',(-27.71348421063,-8.433020097725,
    6.571395070926));
#1913 = VECTOR('',#1914,1.);
#1914 = DIRECTION('',(0.994263171907,-9.652117964784E-02,
    -4.609128843005E-02));
#1915 = PCURVE('',#1866,#1916);
#1916 = DEFINITIONAL_REPRESENTATION('',(#1917),#1921);
#1917 = LINE('',#1918,#1919);
#1918 = CARTESIAN_POINT('',(0.128128707172,1.293012267365));
#1919 = VECTOR('',#1920,1.);
#1920 = DIRECTION('',(-9.861022076546E-02,-0.9951261349));
#1921 = ( GEOMETRIC_REPRESENTATION_CONTEXT(2) 
PARAMETRIC_REPRESENTATION_CONTEXT() REPRESENTATION_CONTEXT('2D SPACE',''
  ) );
#1922 = PCURVE('',#1923,#1928);
#1923 = PLANE('',#1924);
#1924 = AXIS2_PLACEMENT_3D('',#1925,#1926,#1927);
#1925 = CARTESIAN_POINT('',(-26.42159323,-8.558434419557,6.511506581147)
  );
#1926 = DIRECTION('',(9.596360953277E-02,0.995284041737,
    -1.416551833654E-02));
#1927 = DIRECTION('',(0.995383914566,-9.597323910259E-02,
    1.82319782857E-19));
#1928 = DEFINITIONAL_REPRESENTATION('',(#1929),#1933);
#1929 = LINE('',#1930,#1931);
#1930 = CARTESIAN_POINT('',(-1.297963920186,-5.989449935275E-02));
#1931 = VECTOR('',#1932,1.);
#1932 = DIRECTION('',(0.998937018414,4.60959135091E-02));
#1933 = ( GEOMETRIC_REPRESENTATION_CONTEXT(2) 
PARAMETRIC_REPRESENTATION_CONTEXT() REPRESENTATION_CONTEXT('2D SPACE',''
  ) );
#1934 = ORIENTED_EDGE('',*,*,#1852,.F.);
#1935 = ORIENTED_EDGE('',*,*,#1936,.T.);
#1936 = EDGE_CURVE('',#1428,#1908,#1937,.T.);
#1937 = SURFACE_CURVE('',#1938,(#1942,#1949),.PCURVE_S1.);
#1938 = LINE('',#1939,#1940);
#1939 = CARTESIAN_POINT('',(-45.48334800677,-24.46408176685,
    6.547071429317));
#1940 = VECTOR('',#1941,1.);
#1941 = DIRECTION('',(0.767807262768,0.640679291875,-1.432551674466E-03)
  );
#1942 = PCURVE('',#1866,#1943);
#1943 = DEFINITIONAL_REPRESENTATION('',(#1944),#1948);
#1944 = LINE('',#1945,#1946);
#1945 = CARTESIAN_POINT('',(-15.88583879427,19.07829927869));
#1946 = VECTOR('',#1947,1.);
#1947 = DIRECTION('',(0.639881403587,-0.768473675114));
#1948 = ( GEOMETRIC_REPRESENTATION_CONTEXT(2) 
PARAMETRIC_REPRESENTATION_CONTEXT() REPRESENTATION_CONTEXT('2D SPACE',''
  ) );
#1949 = PCURVE('',#1950,#1955);
#1950 = PLANE('',#1951);
#1951 = AXIS2_PLACEMENT_3D('',#1952,#1953,#1954);
#1952 = CARTESIAN_POINT('',(45.516367780058,-24.43846478327,
    6.600199558902));
#1953 = DIRECTION('',(-5.846514886084E-04,2.936640742969E-03,
    0.999995517152));
#1954 = DIRECTION('',(2.415329847152E-22,0.99999568806,
    -2.936641244867E-03));
#1955 = DEFINITIONAL_REPRESENTATION('',(#1956),#1960);
#1956 = LINE('',#1957,#1958);
#1957 = CARTESIAN_POINT('',(-2.546085486006E-02,90.999731339483));
#1958 = VECTOR('',#1959,1.);
#1959 = DIRECTION('',(0.640680736194,-0.767807393993));
#1960 = ( GEOMETRIC_REPRESENTATION_CONTEXT(2) 
PARAMETRIC_REPRESENTATION_CONTEXT() REPRESENTATION_CONTEXT('2D SPACE',''
  ) );
#1961 = ADVANCED_FACE('',(#1962),#1950,.T.);
#1962 = FACE_BOUND('',#1963,.T.);
#1963 = EDGE_LOOP('',(#1964,#1992,#1993));
#1964 = ORIENTED_EDGE('',*,*,#1965,.F.);
#1965 = EDGE_CURVE('',#1908,#1966,#1968,.T.);
#1966 = VERTEX_POINT('',#1967);
#1967 = CARTESIAN_POINT('',(45.516367780058,-24.43846478327,
    6.600199558902));
#1968 = SURFACE_CURVE('',#1969,(#1973,#1980),.PCURVE_S1.);
#1969 = LINE('',#1970,#1971);
#1970 = CARTESIAN_POINT('',(-26.42159323,-8.558434419557,6.511506581147)
  );
#1971 = VECTOR('',#1972,1.);
#1972 = DIRECTION('',(0.976490610893,-0.215556575877,1.203924309415E-03)
  );
#1973 = PCURVE('',#1950,#1974);
#1974 = DEFINITIONAL_REPRESENTATION('',(#1975),#1979);
#1975 = LINE('',#1976,#1977);
#1976 = CARTESIAN_POINT('',(15.880222349435,71.937973304888));
#1977 = VECTOR('',#1978,1.);
#1978 = DIRECTION('',(-0.215559181903,-0.976490777784));
#1979 = ( GEOMETRIC_REPRESENTATION_CONTEXT(2) 
PARAMETRIC_REPRESENTATION_CONTEXT() REPRESENTATION_CONTEXT('2D SPACE',''
  ) );
#1980 = PCURVE('',#1981,#1986);
#1981 = PLANE('',#1982);
#1982 = AXIS2_PLACEMENT_3D('',#1983,#1984,#1985);
#1983 = CARTESIAN_POINT('',(45.516367780058,-24.43846478327,
    6.600199558902));
#1984 = DIRECTION('',(-5.580047889069E-04,3.057350745668E-03,
    0.999995170607));
#1985 = DIRECTION('',(1.499992246074E-22,0.999995326291,
    -3.057351221651E-03));
#1986 = DEFINITIONAL_REPRESENTATION('',(#1987),#1991);
#1987 = LINE('',#1988,#1989);
#1988 = CARTESIAN_POINT('',(15.88022731066,71.937972209704));
#1989 = VECTOR('',#1990,1.);
#1990 = DIRECTION('',(-0.215559249247,-0.976490762918));
#1991 = ( GEOMETRIC_REPRESENTATION_CONTEXT(2) 
PARAMETRIC_REPRESENTATION_CONTEXT() REPRESENTATION_CONTEXT('2D SPACE',''
  ) );
#1992 = ORIENTED_EDGE('',*,*,#1936,.F.);
#1993 = ORIENTED_EDGE('',*,*,#1994,.T.);
#1994 = EDGE_CURVE('',#1428,#1966,#1995,.T.);
#1995 = SURFACE_CURVE('',#1996,(#2000,#2007),.PCURVE_S1.);
#1996 = LINE('',#1997,#1998);
#1997 = CARTESIAN_POINT('',(-45.48334800677,-24.46408176685,
    6.547071429317));
#1998 = VECTOR('',#1999,1.);
#1999 = DIRECTION('',(0.99999978995,2.81506134093E-04,5.838273006287E-04
    ));
#2000 = PCURVE('',#1950,#2001);
#2001 = DEFINITIONAL_REPRESENTATION('',(#2002),#2006);
#2002 = LINE('',#2003,#2004);
#2003 = CARTESIAN_POINT('',(-2.546085486006E-02,90.999731339483));
#2004 = VECTOR('',#2005,1.);
#2005 = DIRECTION('',(2.797904289245E-04,-0.999999960859));
#2006 = ( GEOMETRIC_REPRESENTATION_CONTEXT(2) 
PARAMETRIC_REPRESENTATION_CONTEXT() REPRESENTATION_CONTEXT('2D SPACE',''
  ) );
#2007 = PCURVE('',#2008,#2013);
#2008 = PLANE('',#2009);
#2009 = AXIS2_PLACEMENT_3D('',#2010,#2011,#2012);
#2010 = CARTESIAN_POINT('',(45.516367780058,-24.43846478327,
    6.600199558902));
#2011 = DIRECTION('',(2.792649607156E-04,-0.99999260623,
    3.835296230339E-03));
#2012 = DIRECTION('',(6.837953457891E-23,-3.835296379895E-03,
    -0.999992645224));
#2013 = DEFINITIONAL_REPRESENTATION('',(#2014),#2018);
#2014 = LINE('',#2015,#2016);
#2015 = CARTESIAN_POINT('',(5.322598756424E-02,-90.99971933532));
#2016 = VECTOR('',#2017,1.);
#2017 = DIRECTION('',(-5.849026661666E-04,0.999999828944));
#2018 = ( GEOMETRIC_REPRESENTATION_CONTEXT(2) 
PARAMETRIC_REPRESENTATION_CONTEXT() REPRESENTATION_CONTEXT('2D SPACE',''
  ) );
#2019 = ADVANCED_FACE('',(#2020),#1981,.T.);
#2020 = FACE_BOUND('',#2021,.T.);
#2021 = EDGE_LOOP('',(#2022,#2050,#2076));
#2022 = ORIENTED_EDGE('',*,*,#2023,.F.);
#2023 = EDGE_CURVE('',#2024,#1966,#2026,.T.);
#2024 = VERTEX_POINT('',#2025);
#2025 = CARTESIAN_POINT('',(26.402852345758,-8.585280855293,
    6.54106509647));
#2026 = SURFACE_CURVE('',#2027,(#2031,#2038),.PCURVE_S1.);
#2027 = LINE('',#2028,#2029);
#2028 = CARTESIAN_POINT('',(26.402852345758,-8.585280855293,
    6.54106509647));
#2029 = VECTOR('',#2030,1.);
#2030 = DIRECTION('',(0.769697370588,-0.638404485389,2.381332748631E-03)
  );
#2031 = PCURVE('',#1981,#2032);
#2032 = DEFINITIONAL_REPRESENTATION('',(#2033),#2037);
#2033 = LINE('',#2034,#2035);
#2034 = CARTESIAN_POINT('',(15.853290629633,19.113518409983));
#2035 = VECTOR('',#2036,1.);
#2036 = DIRECTION('',(-0.638408782243,-0.769697490418));
#2037 = ( GEOMETRIC_REPRESENTATION_CONTEXT(2) 
PARAMETRIC_REPRESENTATION_CONTEXT() REPRESENTATION_CONTEXT('2D SPACE',''
  ) );
#2038 = PCURVE('',#2039,#2044);
#2039 = PLANE('',#2040);
#2040 = AXIS2_PLACEMENT_3D('',#2041,#2042,#2043);
#2041 = CARTESIAN_POINT('',(45.516367780058,-24.43846478327,
    6.600199558902));
#2042 = DIRECTION('',(-3.845390621201E-02,-4.263827544321E-02,
    0.998350276488));
#2043 = DIRECTION('',(6.860981105203E-20,0.999089227832,
    4.26698351189E-02));
#2044 = DEFINITIONAL_REPRESENTATION('',(#2045),#2049);
#2045 = LINE('',#2046,#2047);
#2046 = CARTESIAN_POINT('',(15.836222031534,19.127662731351));
#2047 = VECTOR('',#2048,1.);
#2048 = DIRECTION('',(-0.637721433276,-0.770267079356));
#2049 = ( GEOMETRIC_REPRESENTATION_CONTEXT(2) 
PARAMETRIC_REPRESENTATION_CONTEXT() REPRESENTATION_CONTEXT('2D SPACE',''
  ) );
#2050 = ORIENTED_EDGE('',*,*,#2051,.F.);
#2051 = EDGE_CURVE('',#1908,#2024,#2052,.T.);
#2052 = SURFACE_CURVE('',#2053,(#2057,#2064),.PCURVE_S1.);
#2053 = LINE('',#2054,#2055);
#2054 = CARTESIAN_POINT('',(-26.42159323,-8.558434419557,6.511506581147)
  );
#2055 = VECTOR('',#2056,1.);
#2056 = DIRECTION('',(0.999999714302,-5.082197791951E-04,
    5.595611379476E-04));
#2057 = PCURVE('',#1981,#2058);
#2058 = DEFINITIONAL_REPRESENTATION('',(#2059),#2063);
#2059 = LINE('',#2060,#2061);
#2060 = CARTESIAN_POINT('',(15.88022731066,71.937972209704));
#2061 = VECTOR('',#2062,1.);
#2062 = DIRECTION('',(-5.099281788524E-04,-0.999999869987));
#2063 = ( GEOMETRIC_REPRESENTATION_CONTEXT(2) 
PARAMETRIC_REPRESENTATION_CONTEXT() REPRESENTATION_CONTEXT('2D SPACE',''
  ) );
#2064 = PCURVE('',#2065,#2070);
#2065 = PLANE('',#2066);
#2066 = AXIS2_PLACEMENT_3D('',#2067,#2068,#2069);
#2067 = CARTESIAN_POINT('',(26.402852345758,-8.585280855293,
    6.54106509647));
#2068 = DIRECTION('',(5.031789524547E-04,0.999959623114,
    8.972120872932E-03));
#2069 = DIRECTION('',(3.113187371333E-22,-8.972122008753E-03,
    0.999959749703));
#2070 = DEFINITIONAL_REPRESENTATION('',(#2071),#2075);
#2071 = LINE('',#2072,#2073);
#2072 = CARTESIAN_POINT('',(-2.979819508055E-02,-52.82445226305));
#2073 = VECTOR('',#2074,1.);
#2074 = DIRECTION('',(5.64098425312E-04,0.999999840896));
#2075 = ( GEOMETRIC_REPRESENTATION_CONTEXT(2) 
PARAMETRIC_REPRESENTATION_CONTEXT() REPRESENTATION_CONTEXT('2D SPACE',''
  ) );
#2076 = ORIENTED_EDGE('',*,*,#1965,.T.);
#2077 = ADVANCED_FACE('',(#2078),#2039,.T.);
#2078 = FACE_BOUND('',#2079,.T.);
#2079 = EDGE_LOOP('',(#2080,#2108,#2134));
#2080 = ORIENTED_EDGE('',*,*,#2081,.F.);
#2081 = EDGE_CURVE('',#2082,#1966,#2084,.T.);
#2082 = VERTEX_POINT('',#2083);
#2083 = CARTESIAN_POINT('',(27.679716577036,-8.449679270835,
    6.596038021701));
#2084 = SURFACE_CURVE('',#2085,(#2089,#2096),.PCURVE_S1.);
#2085 = LINE('',#2086,#2087);
#2086 = CARTESIAN_POINT('',(27.679716577036,-8.449679270835,
    6.596038021701));
#2087 = VECTOR('',#2088,1.);
#2088 = DIRECTION('',(0.744625344475,-0.667482633619,1.737313824621E-04)
  );
#2089 = PCURVE('',#2039,#2090);
#2090 = DEFINITIONAL_REPRESENTATION('',(#2091),#2095);
#2091 = LINE('',#2092,#2093);
#2092 = CARTESIAN_POINT('',(15.974045799499,17.84985340038));
#2093 = VECTOR('',#2094,1.);
#2094 = DIRECTION('',(-0.666867295925,-0.745176495621));
#2095 = ( GEOMETRIC_REPRESENTATION_CONTEXT(2) 
PARAMETRIC_REPRESENTATION_CONTEXT() REPRESENTATION_CONTEXT('2D SPACE',''
  ) );
#2096 = PCURVE('',#2097,#2102);
#2097 = PLANE('',#2098);
#2098 = AXIS2_PLACEMENT_3D('',#2099,#2100,#2101);
#2099 = CARTESIAN_POINT('',(45.516367780058,-24.43846478327,
    6.600199558902));
#2100 = DIRECTION('',(1.405867446277E-03,1.828625031275E-03,
    0.99999733983));
#2101 = DIRECTION('',(-6.857373749193E-23,0.999998328061,
    -1.828626838383E-03));
#2102 = DEFINITIONAL_REPRESENTATION('',(#2103),#2107);
#2103 = LINE('',#2104,#2105);
#2104 = CARTESIAN_POINT('',(15.988766390059,17.836668829791));
#2105 = VECTOR('',#2106,1.);
#2106 = DIRECTION('',(-0.667481835318,-0.744626080338));
#2107 = ( GEOMETRIC_REPRESENTATION_CONTEXT(2) 
PARAMETRIC_REPRESENTATION_CONTEXT() REPRESENTATION_CONTEXT('2D SPACE',''
  ) );
#2108 = ORIENTED_EDGE('',*,*,#2109,.F.);
#2109 = EDGE_CURVE('',#2024,#2082,#2110,.T.);
#2110 = SURFACE_CURVE('',#2111,(#2115,#2122),.PCURVE_S1.);
#2111 = LINE('',#2112,#2113);
#2112 = CARTESIAN_POINT('',(26.402852345758,-8.585280855293,
    6.54106509647));
#2113 = VECTOR('',#2114,1.);
#2114 = DIRECTION('',(0.993498079458,0.105508409141,4.277314243856E-02)
  );
#2115 = PCURVE('',#2039,#2116);
#2116 = DEFINITIONAL_REPRESENTATION('',(#2117),#2121);
#2117 = LINE('',#2118,#2119);
#2118 = CARTESIAN_POINT('',(15.836222031534,19.127662731351));
#2119 = VECTOR('',#2120,1.);
#2120 = DIRECTION('',(0.107237437954,-0.99423343934));
#2121 = ( GEOMETRIC_REPRESENTATION_CONTEXT(2) 
PARAMETRIC_REPRESENTATION_CONTEXT() REPRESENTATION_CONTEXT('2D SPACE',''
  ) );
#2122 = PCURVE('',#2123,#2128);
#2123 = PLANE('',#2124);
#2124 = AXIS2_PLACEMENT_3D('',#2125,#2126,#2127);
#2125 = CARTESIAN_POINT('',(27.679716577036,-8.449679270835,
    6.596038021701));
#2126 = DIRECTION('',(-0.105903805221,0.99435117713,7.07958897881E-03));
#2127 = DIRECTION('',(0.994376096796,0.105906459301,8.136452165711E-20)
  );
#2128 = DEFINITIONAL_REPRESENTATION('',(#2129),#2133);
#2129 = LINE('',#2130,#2131);
#2130 = CARTESIAN_POINT('',(-1.284044354122,5.497430292022E-02));
#2131 = VECTOR('',#2132,1.);
#2132 = DIRECTION('',(0.999084764464,-4.277421438621E-02));
#2133 = ( GEOMETRIC_REPRESENTATION_CONTEXT(2) 
PARAMETRIC_REPRESENTATION_CONTEXT() REPRESENTATION_CONTEXT('2D SPACE',''
  ) );
#2134 = ORIENTED_EDGE('',*,*,#2023,.T.);
#2135 = ADVANCED_FACE('',(#2136),#2097,.T.);
#2136 = FACE_BOUND('',#2137,.T.);
#2137 = EDGE_LOOP('',(#2138,#2166,#2192));
#2138 = ORIENTED_EDGE('',*,*,#2139,.F.);
#2139 = EDGE_CURVE('',#2140,#1966,#2142,.T.);
#2140 = VERTEX_POINT('',#2141);
#2141 = CARTESIAN_POINT('',(28.948363268301,-8.190752326784,
    6.593780986322));
#2142 = SURFACE_CURVE('',#2143,(#2147,#2154),.PCURVE_S1.);
#2143 = LINE('',#2144,#2145);
#2144 = CARTESIAN_POINT('',(28.948363268301,-8.190752326784,
    6.593780986322));
#2145 = VECTOR('',#2146,1.);
#2146 = DIRECTION('',(0.713974338512,-0.700171812799,2.765991588871E-04)
  );
#2147 = PCURVE('',#2097,#2148);
#2148 = DEFINITIONAL_REPRESENTATION('',(#2149),#2153);
#2149 = LINE('',#2150,#2151);
#2150 = CARTESIAN_POINT('',(16.247697028475,16.568020884808));
#2151 = VECTOR('',#2152,1.);
#2152 = DIRECTION('',(-0.700171147951,-0.713975044085));
#2153 = ( GEOMETRIC_REPRESENTATION_CONTEXT(2) 
PARAMETRIC_REPRESENTATION_CONTEXT() REPRESENTATION_CONTEXT('2D SPACE',''
  ) );
#2154 = PCURVE('',#2155,#2160);
#2155 = PLANE('',#2156);
#2156 = AXIS2_PLACEMENT_3D('',#2157,#2158,#2159);
#2157 = CARTESIAN_POINT('',(30.172980178249,-7.705622210677,
    6.591933888543));
#2158 = DIRECTION('',(9.628554229918E-04,1.376880380748E-03,
    0.999998588554));
#2159 = DIRECTION('',(2.729697751729E-22,0.999999052099,
    -1.376881018995E-03));
#2160 = DEFINITIONAL_REPRESENTATION('',(#2161),#2165);
#2161 = LINE('',#2162,#2163);
#2162 = CARTESIAN_POINT('',(-0.485132199486,1.224617477614));
#2163 = VECTOR('',#2164,1.);
#2164 = DIRECTION('',(-0.70017152995,-0.713974669472));
#2165 = ( GEOMETRIC_REPRESENTATION_CONTEXT(2) 
PARAMETRIC_REPRESENTATION_CONTEXT() REPRESENTATION_CONTEXT('2D SPACE',''
  ) );
#2166 = ORIENTED_EDGE('',*,*,#2167,.F.);
#2167 = EDGE_CURVE('',#2082,#2140,#2168,.T.);
#2168 = SURFACE_CURVE('',#2169,(#2173,#2180),.PCURVE_S1.);
#2169 = LINE('',#2170,#2171);
#2170 = CARTESIAN_POINT('',(27.679716577036,-8.449679270835,
    6.596038021701));
#2171 = VECTOR('',#2172,1.);
#2172 = DIRECTION('',(0.979799626099,0.19997413363,-1.743150741648E-03)
  );
#2173 = PCURVE('',#2097,#2174);
#2174 = DEFINITIONAL_REPRESENTATION('',(#2175),#2179);
#2175 = LINE('',#2176,#2177);
#2176 = CARTESIAN_POINT('',(15.988766390059,17.836668829791));
#2177 = VECTOR('',#2178,1.);
#2178 = DIRECTION('',(0.199976986857,-0.97980059437));
#2179 = ( GEOMETRIC_REPRESENTATION_CONTEXT(2) 
PARAMETRIC_REPRESENTATION_CONTEXT() REPRESENTATION_CONTEXT('2D SPACE',''
  ) );
#2180 = PCURVE('',#2181,#2186);
#2181 = PLANE('',#2182);
#2182 = AXIS2_PLACEMENT_3D('',#2183,#2184,#2185);
#2183 = CARTESIAN_POINT('',(28.948363268301,-8.190752326784,
    6.593780986322));
#2184 = DIRECTION('',(-0.199981392869,0.979744720805,-1.037904434175E-02
    ));
#2185 = DIRECTION('',(0.979797496354,0.199992165193,-1.038582450279E-19)
  );
#2186 = DEFINITIONAL_REPRESENTATION('',(#2187),#2191);
#2187 = LINE('',#2188,#2189);
#2188 = CARTESIAN_POINT('',(-1.294800212026,-2.257156958232E-03));
#2189 = VECTOR('',#2190,1.);
#2190 = DIRECTION('',(0.999998480548,1.743244639309E-03));
#2191 = ( GEOMETRIC_REPRESENTATION_CONTEXT(2) 
PARAMETRIC_REPRESENTATION_CONTEXT() REPRESENTATION_CONTEXT('2D SPACE',''
  ) );
#2192 = ORIENTED_EDGE('',*,*,#2081,.T.);
#2193 = ADVANCED_FACE('',(#2194),#2181,.T.);
#2194 = FACE_BOUND('',#2195,.T.);
#2195 = EDGE_LOOP('',(#2196,#2224,#2250));
#2196 = ORIENTED_EDGE('',*,*,#2197,.F.);
#2197 = EDGE_CURVE('',#2198,#2140,#2200,.T.);
#2198 = VERTEX_POINT('',#2199);
#2199 = CARTESIAN_POINT('',(27.676786477441,-8.496845267253,
    2.200192981305));
#2200 = SURFACE_CURVE('',#2201,(#2205,#2212),.PCURVE_S1.);
#2201 = LINE('',#2202,#2203);
#2202 = CARTESIAN_POINT('',(27.676786477441,-8.496845267253,
    2.200192981305));
#2203 = VECTOR('',#2204,1.);
#2204 = DIRECTION('',(0.277386931712,6.677235868525E-02,0.958435152857)
  );
#2205 = PCURVE('',#2181,#2206);
#2206 = DEFINITIONAL_REPRESENTATION('',(#2207),#2211);
#2207 = LINE('',#2208,#2209);
#2208 = CARTESIAN_POINT('',(-1.30710394602,4.393824672808));
#2209 = VECTOR('',#2210,1.);
#2210 = DIRECTION('',(0.285136969801,-0.958486780531));
#2211 = ( GEOMETRIC_REPRESENTATION_CONTEXT(2) 
PARAMETRIC_REPRESENTATION_CONTEXT() REPRESENTATION_CONTEXT('2D SPACE',''
  ) );
#2212 = PCURVE('',#2213,#2218);
#2213 = PLANE('',#2214);
#2214 = AXIS2_PLACEMENT_3D('',#2215,#2216,#2217);
#2215 = CARTESIAN_POINT('',(28.948363268301,-8.190752326784,
    6.593780986322));
#2216 = DIRECTION('',(-0.262370098844,0.96492801564,8.709527296278E-03)
  );
#2217 = DIRECTION('',(0.964964615447,0.262380050566,-2.744399224867E-19)
  );
#2218 = DEFINITIONAL_REPRESENTATION('',(#2219),#2223);
#2219 = LINE('',#2220,#2221);
#2220 = CARTESIAN_POINT('',(-1.307339290201,4.393754654208));
#2221 = VECTOR('',#2222,1.);
#2222 = DIRECTION('',(0.285188308737,-0.958471506389));
#2223 = ( GEOMETRIC_REPRESENTATION_CONTEXT(2) 
PARAMETRIC_REPRESENTATION_CONTEXT() REPRESENTATION_CONTEXT('2D SPACE',''
  ) );
#2224 = ORIENTED_EDGE('',*,*,#2225,.T.);
#2225 = EDGE_CURVE('',#2198,#2082,#2226,.T.);
#2226 = SURFACE_CURVE('',#2227,(#2231,#2238),.PCURVE_S1.);
#2227 = LINE('',#2228,#2229);
#2228 = CARTESIAN_POINT('',(27.676786477441,-8.496845267253,
    2.200192981305));
#2229 = VECTOR('',#2230,1.);
#2230 = DIRECTION('',(6.665226518204E-04,1.072905680872E-02,
    0.999942219875));
#2231 = PCURVE('',#2181,#2232);
#2232 = DEFINITIONAL_REPRESENTATION('',(#2233),#2237);
#2233 = LINE('',#2234,#2235);
#2234 = CARTESIAN_POINT('',(-1.30710394602,4.393824672808));
#2235 = VECTOR('',#2236,1.);
#2236 = DIRECTION('',(2.798784527174E-03,-0.999996083395));
#2237 = ( GEOMETRIC_REPRESENTATION_CONTEXT(2) 
PARAMETRIC_REPRESENTATION_CONTEXT() REPRESENTATION_CONTEXT('2D SPACE',''
  ) );
#2238 = PCURVE('',#2239,#2244);
#2239 = PLANE('',#2240);
#2240 = AXIS2_PLACEMENT_3D('',#2241,#2242,#2243);
#2241 = CARTESIAN_POINT('',(27.679716577036,-8.449679270835,
    6.596038021701));
#2242 = DIRECTION('',(-4.689925748961E-02,0.998842464629,
    -1.068599556665E-02));
#2243 = DIRECTION('',(0.998899498674,4.690193544382E-02,
    3.091225005227E-20));
#2244 = DEFINITIONAL_REPRESENTATION('',(#2245),#2249);
#2245 = LINE('',#2246,#2247);
#2246 = CARTESIAN_POINT('',(-5.139051535486E-03,4.396096043767));
#2247 = VECTOR('',#2248,1.);
#2248 = DIRECTION('',(1.169002672574E-03,-0.999999316716));
#2249 = ( GEOMETRIC_REPRESENTATION_CONTEXT(2) 
PARAMETRIC_REPRESENTATION_CONTEXT() REPRESENTATION_CONTEXT('2D SPACE',''
  ) );
#2250 = ORIENTED_EDGE('',*,*,#2167,.T.);
#2251 = ADVANCED_FACE('',(#2252),#2213,.T.);
#2252 = FACE_BOUND('',#2253,.T.);
#2253 = EDGE_LOOP('',(#2254,#2282,#2308));
#2254 = ORIENTED_EDGE('',*,*,#2255,.F.);
#2255 = EDGE_CURVE('',#2256,#2140,#2258,.T.);
#2256 = VERTEX_POINT('',#2257);
#2257 = CARTESIAN_POINT('',(28.934116119816,-8.15530033948,
    2.236869270496));
#2258 = SURFACE_CURVE('',#2259,(#2263,#2270),.PCURVE_S1.);
#2259 = LINE('',#2260,#2261);
#2260 = CARTESIAN_POINT('',(28.934116119816,-8.15530033948,
    2.236869270496));
#2261 = VECTOR('',#2262,1.);
#2262 = DIRECTION('',(3.269885097862E-03,-8.136640472344E-03,
    0.999961550727));
#2263 = PCURVE('',#2213,#2264);
#2264 = DEFINITIONAL_REPRESENTATION('',(#2265),#2269);
#2265 = LINE('',#2266,#2267);
#2266 = CARTESIAN_POINT('',(-4.446099937199E-03,4.357076973882));
#2267 = VECTOR('',#2268,1.);
#2268 = DIRECTION('',(1.020431277444E-03,-0.99999947936));
#2269 = ( GEOMETRIC_REPRESENTATION_CONTEXT(2) 
PARAMETRIC_REPRESENTATION_CONTEXT() REPRESENTATION_CONTEXT('2D SPACE',''
  ) );
#2270 = PCURVE('',#2271,#2276);
#2271 = PLANE('',#2272);
#2272 = AXIS2_PLACEMENT_3D('',#2273,#2274,#2275);
#2273 = CARTESIAN_POINT('',(30.172980178249,-7.705622210677,
    6.591933888543));
#2274 = DIRECTION('',(-0.36827614206,0.929675098089,8.76898985934E-03));
#2275 = DIRECTION('',(0.929710843919,0.368290302207,7.600902301333E-20)
  );
#2276 = DEFINITIONAL_REPRESENTATION('',(#2277),#2281);
#2277 = LINE('',#2278,#2279);
#2278 = CARTESIAN_POINT('',(-1.317397443219,4.355232069449));
#2279 = VECTOR('',#2280,1.);
#2280 = DIRECTION('',(4.34018553426E-05,-0.999999999058));
#2281 = ( GEOMETRIC_REPRESENTATION_CONTEXT(2) 
PARAMETRIC_REPRESENTATION_CONTEXT() REPRESENTATION_CONTEXT('2D SPACE',''
  ) );
#2282 = ORIENTED_EDGE('',*,*,#2283,.F.);
#2283 = EDGE_CURVE('',#2198,#2256,#2284,.T.);
#2284 = SURFACE_CURVE('',#2285,(#2289,#2296),.PCURVE_S1.);
#2285 = LINE('',#2286,#2287);
#2286 = CARTESIAN_POINT('',(27.676786477441,-8.496845267253,
    2.200192981305));
#2287 = VECTOR('',#2288,1.);
#2288 = DIRECTION('',(0.964646792175,0.262039649632,2.813873428618E-02)
  );
#2289 = PCURVE('',#2213,#2290);
#2290 = DEFINITIONAL_REPRESENTATION('',(#2291),#2295);
#2291 = LINE('',#2292,#2293);
#2292 = CARTESIAN_POINT('',(-1.307339290201,4.393754654208));
#2293 = VECTOR('',#2294,1.);
#2294 = DIRECTION('',(0.999603997374,-2.813980159093E-02));
#2295 = ( GEOMETRIC_REPRESENTATION_CONTEXT(2) 
PARAMETRIC_REPRESENTATION_CONTEXT() REPRESENTATION_CONTEXT('2D SPACE',''
  ) );
#2296 = PCURVE('',#2297,#2302);
#2297 = PLANE('',#2298);
#2298 = AXIS2_PLACEMENT_3D('',#2299,#2300,#2301);
#2299 = CARTESIAN_POINT('',(30.170830149016,-7.752036606097,
    2.19719522326));
#2300 = DIRECTION('',(-0.217118061672,0.729644848187,0.648442860096));
#2301 = DIRECTION('',(1.769087061846E-18,-0.664289246562,0.74747561626)
  );
#2302 = DEFINITIONAL_REPRESENTATION('',(#2303),#2307);
#2303 = LINE('',#2304,#2305);
#2304 = CARTESIAN_POINT('',(0.497009135394,-2.554992110231));
#2305 = VECTOR('',#2306,1.);
#2306 = DIRECTION('',(-0.153037103672,0.988220443474));
#2307 = ( GEOMETRIC_REPRESENTATION_CONTEXT(2) 
PARAMETRIC_REPRESENTATION_CONTEXT() REPRESENTATION_CONTEXT('2D SPACE',''
  ) );
#2308 = ORIENTED_EDGE('',*,*,#2197,.T.);
#2309 = ADVANCED_FACE('',(#2310),#2271,.T.);
#2310 = FACE_BOUND('',#2311,.T.);
#2311 = EDGE_LOOP('',(#2312,#2340,#2341));
#2312 = ORIENTED_EDGE('',*,*,#2313,.F.);
#2313 = EDGE_CURVE('',#2256,#2314,#2316,.T.);
#2314 = VERTEX_POINT('',#2315);
#2315 = CARTESIAN_POINT('',(30.172980178249,-7.705622210677,
    6.591933888543));
#2316 = SURFACE_CURVE('',#2317,(#2321,#2328),.PCURVE_S1.);
#2317 = LINE('',#2318,#2319);
#2318 = CARTESIAN_POINT('',(28.934116119816,-8.15530033948,
    2.236869270496));
#2319 = VECTOR('',#2320,1.);
#2320 = DIRECTION('',(0.272270697481,9.882777447434E-02,0.957132038062)
  );
#2321 = PCURVE('',#2271,#2322);
#2322 = DEFINITIONAL_REPRESENTATION('',(#2323),#2327);
#2323 = LINE('',#2324,#2325);
#2324 = CARTESIAN_POINT('',(-1.317397443219,4.355232069449));
#2325 = VECTOR('',#2326,1.);
#2326 = DIRECTION('',(0.289530330857,-0.957168839607));
#2327 = ( GEOMETRIC_REPRESENTATION_CONTEXT(2) 
PARAMETRIC_REPRESENTATION_CONTEXT() REPRESENTATION_CONTEXT('2D SPACE',''
  ) );
#2328 = PCURVE('',#2329,#2334);
#2329 = PLANE('',#2330);
#2330 = AXIS2_PLACEMENT_3D('',#2331,#2332,#2333);
#2331 = CARTESIAN_POINT('',(30.172980178249,-7.705622210677,
    6.591933888543));
#2332 = DIRECTION('',(-0.310283404676,0.950592678929,-9.887747464022E-03
    ));
#2333 = DIRECTION('',(0.950639150895,0.310298573613,-3.916648308722E-19)
  );
#2334 = DEFINITIONAL_REPRESENTATION('',(#2335),#2339);
#2335 = LINE('',#2336,#2337);
#2336 = CARTESIAN_POINT('',(-1.317247158535,4.355277525657));
#2337 = VECTOR('',#2338,1.);
#2338 = DIRECTION('',(0.28949730212,-0.957178829721));
#2339 = ( GEOMETRIC_REPRESENTATION_CONTEXT(2) 
PARAMETRIC_REPRESENTATION_CONTEXT() REPRESENTATION_CONTEXT('2D SPACE',''
  ) );
#2340 = ORIENTED_EDGE('',*,*,#2255,.T.);
#2341 = ORIENTED_EDGE('',*,*,#2342,.T.);
#2342 = EDGE_CURVE('',#2140,#2314,#2343,.T.);
#2343 = SURFACE_CURVE('',#2344,(#2348,#2355),.PCURVE_S1.);
#2344 = LINE('',#2345,#2346);
#2345 = CARTESIAN_POINT('',(28.948363268301,-8.190752326784,
    6.593780986322));
#2346 = VECTOR('',#2347,1.);
#2347 = DIRECTION('',(0.929705400873,0.368301372786,-1.402280800651E-03)
  );
#2348 = PCURVE('',#2271,#2349);
#2349 = DEFINITIONAL_REPRESENTATION('',(#2350),#2354);
#2350 = LINE('',#2351,#2352);
#2351 = CARTESIAN_POINT('',(-1.317208337896,-1.847168799446E-03));
#2352 = VECTOR('',#2353,1.);
#2353 = DIRECTION('',(0.999999016728,1.40233471808E-03));
#2354 = ( GEOMETRIC_REPRESENTATION_CONTEXT(2) 
PARAMETRIC_REPRESENTATION_CONTEXT() REPRESENTATION_CONTEXT('2D SPACE',''
  ) );
#2355 = PCURVE('',#2155,#2356);
#2356 = DEFINITIONAL_REPRESENTATION('',(#2357),#2361);
#2357 = LINE('',#2358,#2359);
#2358 = CARTESIAN_POINT('',(-0.485132199486,1.224617477614));
#2359 = VECTOR('',#2360,1.);
#2360 = DIRECTION('',(0.368302954447,-0.929705831834));
#2361 = ( GEOMETRIC_REPRESENTATION_CONTEXT(2) 
PARAMETRIC_REPRESENTATION_CONTEXT() REPRESENTATION_CONTEXT('2D SPACE',''
  ) );
#2362 = ADVANCED_FACE('',(#2363),#2329,.T.);
#2363 = FACE_BOUND('',#2364,.T.);
#2364 = EDGE_LOOP('',(#2365,#2393,#2414));
#2365 = ORIENTED_EDGE('',*,*,#2366,.F.);
#2366 = EDGE_CURVE('',#2367,#2314,#2369,.T.);
#2367 = VERTEX_POINT('',#2368);
#2368 = CARTESIAN_POINT('',(30.170830149016,-7.752036606097,
    2.19719522326));
#2369 = SURFACE_CURVE('',#2370,(#2374,#2381),.PCURVE_S1.);
#2370 = LINE('',#2371,#2372);
#2371 = CARTESIAN_POINT('',(30.170830149016,-7.752036606097,
    2.19719522326));
#2372 = VECTOR('',#2373,1.);
#2373 = DIRECTION('',(4.892006647188E-04,1.056076482257E-02,
    0.999944113903));
#2374 = PCURVE('',#2329,#2375);
#2375 = DEFINITIONAL_REPRESENTATION('',(#2376),#2380);
#2376 = LINE('',#2377,#2378);
#2377 = CARTESIAN_POINT('',(-1.644622265849E-02,4.394953512453));
#2378 = VECTOR('',#2379,1.);
#2379 = DIRECTION('',(3.742043565231E-03,-0.99999299853));
#2380 = ( GEOMETRIC_REPRESENTATION_CONTEXT(2) 
PARAMETRIC_REPRESENTATION_CONTEXT() REPRESENTATION_CONTEXT('2D SPACE',''
  ) );
#2381 = PCURVE('',#2382,#2387);
#2382 = PLANE('',#2383);
#2383 = AXIS2_PLACEMENT_3D('',#2384,#2385,#2386);
#2384 = CARTESIAN_POINT('',(31.284446262629,-7.091872726959,
    6.550310372815));
#2385 = DIRECTION('',(-0.483634264079,0.875223841996,-9.006942321818E-03
    ));
#2386 = DIRECTION('',(0.875259345428,0.48365388269,7.946194698038E-20));
#2387 = DEFINITIONAL_REPRESENTATION('',(#2388),#2392);
#2388 = LINE('',#2389,#2390);
#2389 = CARTESIAN_POINT('',(-1.293993734016,4.353291733554));
#2390 = VECTOR('',#2391,1.);
#2391 = DIRECTION('',(5.535932364199E-03,-0.999984676609));
#2392 = ( GEOMETRIC_REPRESENTATION_CONTEXT(2) 
PARAMETRIC_REPRESENTATION_CONTEXT() REPRESENTATION_CONTEXT('2D SPACE',''
  ) );
#2393 = ORIENTED_EDGE('',*,*,#2394,.F.);
#2394 = EDGE_CURVE('',#2256,#2367,#2395,.T.);
#2395 = SURFACE_CURVE('',#2396,(#2400,#2407),.PCURVE_S1.);
#2396 = LINE('',#2397,#2398);
#2397 = CARTESIAN_POINT('',(28.934116119816,-8.15530033948,
    2.236869270496));
#2398 = VECTOR('',#2399,1.);
#2399 = DIRECTION('',(0.950290797299,0.309867767059,-3.048552946782E-02)
  );
#2400 = PCURVE('',#2329,#2401);
#2401 = DEFINITIONAL_REPRESENTATION('',(#2402),#2406);
#2402 = LINE('',#2403,#2404);
#2403 = CARTESIAN_POINT('',(-1.317247158535,4.355277525657));
#2404 = VECTOR('',#2405,1.);
#2405 = DIRECTION('',(0.999535162774,3.048701982487E-02));
#2406 = ( GEOMETRIC_REPRESENTATION_CONTEXT(2) 
PARAMETRIC_REPRESENTATION_CONTEXT() REPRESENTATION_CONTEXT('2D SPACE',''
  ) );
#2407 = PCURVE('',#2297,#2408);
#2408 = DEFINITIONAL_REPRESENTATION('',(#2409),#2413);
#2409 = LINE('',#2410,#2411);
#2410 = CARTESIAN_POINT('',(0.297539144522,-1.266936350486));
#2411 = VECTOR('',#2412,1.);
#2412 = DIRECTION('',(-0.228629015439,0.973513622555));
#2413 = ( GEOMETRIC_REPRESENTATION_CONTEXT(2) 
PARAMETRIC_REPRESENTATION_CONTEXT() REPRESENTATION_CONTEXT('2D SPACE',''
  ) );
#2414 = ORIENTED_EDGE('',*,*,#2313,.T.);
#2415 = ADVANCED_FACE('',(#2416),#2382,.T.);
#2416 = FACE_BOUND('',#2417,.T.);
#2417 = EDGE_LOOP('',(#2418,#2446,#2447));
#2418 = ORIENTED_EDGE('',*,*,#2419,.F.);
#2419 = EDGE_CURVE('',#2367,#2420,#2422,.T.);
#2420 = VERTEX_POINT('',#2421);
#2421 = CARTESIAN_POINT('',(31.284446262629,-7.091872726959,
    6.550310372815));
#2422 = SURFACE_CURVE('',#2423,(#2427,#2434),.PCURVE_S1.);
#2423 = LINE('',#2424,#2425);
#2424 = CARTESIAN_POINT('',(30.170830149016,-7.752036606097,
    2.19719522326));
#2425 = VECTOR('',#2426,1.);
#2426 = DIRECTION('',(0.245206817302,0.145361297957,0.958511194408));
#2427 = PCURVE('',#2382,#2428);
#2428 = DEFINITIONAL_REPRESENTATION('',(#2429),#2433);
#2429 = LINE('',#2430,#2431);
#2430 = CARTESIAN_POINT('',(-1.293993734016,4.353291733554));
#2431 = VECTOR('',#2432,1.);
#2432 = DIRECTION('',(0.284924114556,-0.958550076389));
#2433 = ( GEOMETRIC_REPRESENTATION_CONTEXT(2) 
PARAMETRIC_REPRESENTATION_CONTEXT() REPRESENTATION_CONTEXT('2D SPACE',''
  ) );
#2434 = PCURVE('',#2435,#2440);
#2435 = PLANE('',#2436);
#2436 = AXIS2_PLACEMENT_3D('',#2437,#2438,#2439);
#2437 = CARTESIAN_POINT('',(31.284446262629,-7.091872726959,
    6.550310372815));
#2438 = DIRECTION('',(-0.489951330071,0.871722797152,-6.859962629423E-03
    ));
#2439 = DIRECTION('',(0.871743309116,0.489962858809,1.751001285111E-19)
  );
#2440 = DEFINITIONAL_REPRESENTATION('',(#2441),#2445);
#2441 = LINE('',#2442,#2443);
#2442 = CARTESIAN_POINT('',(-1.294243177471,4.353217579983));
#2443 = VECTOR('',#2444,1.);
#2444 = DIRECTION('',(0.28497903944,-0.958533748535));
#2445 = ( GEOMETRIC_REPRESENTATION_CONTEXT(2) 
PARAMETRIC_REPRESENTATION_CONTEXT() REPRESENTATION_CONTEXT('2D SPACE',''
  ) );
#2446 = ORIENTED_EDGE('',*,*,#2366,.T.);
#2447 = ORIENTED_EDGE('',*,*,#2448,.T.);
#2448 = EDGE_CURVE('',#2314,#2420,#2449,.T.);
#2449 = SURFACE_CURVE('',#2450,(#2454,#2461),.PCURVE_S1.);
#2450 = LINE('',#2451,#2452);
#2451 = CARTESIAN_POINT('',(30.172980178249,-7.705622210677,
    6.591933888543));
#2452 = VECTOR('',#2453,1.);
#2453 = DIRECTION('',(0.874932091627,0.483135857288,-3.2765506918E-02));
#2454 = PCURVE('',#2382,#2455);
#2455 = DEFINITIONAL_REPRESENTATION('',(#2456),#2460);
#2456 = LINE('',#2457,#2458);
#2457 = CARTESIAN_POINT('',(-1.269663398279,-4.162520418494E-02));
#2458 = VECTOR('',#2459,1.);
#2459 = DIRECTION('',(0.999463023056,3.276683604991E-02));
#2460 = ( GEOMETRIC_REPRESENTATION_CONTEXT(2) 
PARAMETRIC_REPRESENTATION_CONTEXT() REPRESENTATION_CONTEXT('2D SPACE',''
  ) );
#2461 = PCURVE('',#2462,#2467);
#2462 = PLANE('',#2463);
#2463 = AXIS2_PLACEMENT_3D('',#2464,#2465,#2466);
#2464 = CARTESIAN_POINT('',(31.284446262629,-7.091872726959,
    6.550310372815));
#2465 = DIRECTION('',(2.466578648122E-02,2.311129552054E-02,
    0.999428570232));
#2466 = DIRECTION('',(0.999695590586,-7.572814446325E-21,
    -2.467237651399E-02));
#2467 = DEFINITIONAL_REPRESENTATION('',(#2468),#2472);
#2468 = LINE('',#2469,#2470);
#2469 = CARTESIAN_POINT('',(-1.112154694693,-0.613913461024));
#2470 = VECTOR('',#2471,1.);
#2471 = DIRECTION('',(0.875474156985,0.483264938157));
#2472 = ( GEOMETRIC_REPRESENTATION_CONTEXT(2) 
PARAMETRIC_REPRESENTATION_CONTEXT() REPRESENTATION_CONTEXT('2D SPACE',''
  ) );
#2473 = ADVANCED_FACE('',(#2474),#2435,.T.);
#2474 = FACE_BOUND('',#2475,.T.);
#2475 = EDGE_LOOP('',(#2476,#2504,#2530));
#2476 = ORIENTED_EDGE('',*,*,#2477,.T.);
#2477 = EDGE_CURVE('',#2420,#2478,#2480,.T.);
#2478 = VERTEX_POINT('',#2479);
#2479 = CARTESIAN_POINT('',(31.307452674994,-7.113295128803,
    2.184919478873));
#2480 = SURFACE_CURVE('',#2481,(#2485,#2492),.PCURVE_S1.);
#2481 = LINE('',#2482,#2483);
#2482 = CARTESIAN_POINT('',(31.284446262629,-7.091872726959,
    6.550310372815));
#2483 = VECTOR('',#2484,1.);
#2484 = DIRECTION('',(5.270047156876E-03,-4.907200051166E-03,
    -0.999974072659));
#2485 = PCURVE('',#2435,#2486);
#2486 = DEFINITIONAL_REPRESENTATION('',(#2487),#2491);
#2487 = LINE('',#2488,#2489);
#2488 = CARTESIAN_POINT('',(0.,0.));
#2489 = VECTOR('',#2490,1.);
#2490 = DIRECTION('',(2.189782581912E-03,0.999997602423));
#2491 = ( GEOMETRIC_REPRESENTATION_CONTEXT(2) 
PARAMETRIC_REPRESENTATION_CONTEXT() REPRESENTATION_CONTEXT('2D SPACE',''
  ) );
#2492 = PCURVE('',#2493,#2498);
#2493 = PLANE('',#2494);
#2494 = AXIS2_PLACEMENT_3D('',#2495,#2496,#2497);
#2495 = CARTESIAN_POINT('',(32.254831896148,-6.318633361185,
    6.559834972819));
#2496 = DIRECTION('',(-0.623127059523,0.782088195423,-7.121956874412E-03
    ));
#2497 = DIRECTION('',(0.782108030822,0.623142863334,4.810482533294E-19)
  );
#2498 = DEFINITIONAL_REPRESENTATION('',(#2499),#2503);
#2499 = LINE('',#2500,#2501);
#2500 = CARTESIAN_POINT('',(-1.2407849894,9.524841568385E-03));
#2501 = VECTOR('',#2502,1.);
#2502 = DIRECTION('',(1.063859513368E-03,0.999999434101));
#2503 = ( GEOMETRIC_REPRESENTATION_CONTEXT(2) 
PARAMETRIC_REPRESENTATION_CONTEXT() REPRESENTATION_CONTEXT('2D SPACE',''
  ) );
#2504 = ORIENTED_EDGE('',*,*,#2505,.F.);
#2505 = EDGE_CURVE('',#2367,#2478,#2506,.T.);
#2506 = SURFACE_CURVE('',#2507,(#2511,#2518),.PCURVE_S1.);
#2507 = LINE('',#2508,#2509);
#2508 = CARTESIAN_POINT('',(30.170830149016,-7.752036606097,
    2.19719522326));
#2509 = VECTOR('',#2510,1.);
#2510 = DIRECTION('',(0.871736315941,0.489884838219,-9.414921790672E-03)
  );
#2511 = PCURVE('',#2435,#2512);
#2512 = DEFINITIONAL_REPRESENTATION('',(#2513),#2517);
#2513 = LINE('',#2514,#2515);
#2514 = CARTESIAN_POINT('',(-1.294243177471,4.353217579983));
#2515 = VECTOR('',#2516,1.);
#2516 = DIRECTION('',(0.999955676556,9.415143327304E-03));
#2517 = ( GEOMETRIC_REPRESENTATION_CONTEXT(2) 
PARAMETRIC_REPRESENTATION_CONTEXT() REPRESENTATION_CONTEXT('2D SPACE',''
  ) );
#2518 = PCURVE('',#2519,#2524);
#2519 = PLANE('',#2520);
#2520 = AXIS2_PLACEMENT_3D('',#2521,#2522,#2523);
#2521 = CARTESIAN_POINT('',(31.307452674994,-7.113295128803,
    2.184919478873));
#2522 = DIRECTION('',(2.163087832293E-02,-1.928096790254E-02,
    0.999580086526));
#2523 = DIRECTION('',(0.999765938155,-1.602518654742E-20,
    -2.163490014573E-02));
#2524 = DEFINITIONAL_REPRESENTATION('',(#2525),#2529);
#2525 = LINE('',#2526,#2527);
#2526 = CARTESIAN_POINT('',(-1.136622070517,-0.638860238308));
#2527 = VECTOR('',#2528,1.);
#2528 = DIRECTION('',(0.871735966624,0.489975922362));
#2529 = ( GEOMETRIC_REPRESENTATION_CONTEXT(2) 
PARAMETRIC_REPRESENTATION_CONTEXT() REPRESENTATION_CONTEXT('2D SPACE',''
  ) );
#2530 = ORIENTED_EDGE('',*,*,#2419,.T.);
#2531 = ADVANCED_FACE('',(#2532),#2493,.T.);
#2532 = FACE_BOUND('',#2533,.T.);
#2533 = EDGE_LOOP('',(#2534,#2562,#2563));
#2534 = ORIENTED_EDGE('',*,*,#2535,.F.);
#2535 = EDGE_CURVE('',#2478,#2536,#2538,.T.);
#2536 = VERTEX_POINT('',#2537);
#2537 = CARTESIAN_POINT('',(32.254831896148,-6.318633361185,
    6.559834972819));
#2538 = SURFACE_CURVE('',#2539,(#2543,#2550),.PCURVE_S1.);
#2539 = LINE('',#2540,#2541);
#2540 = CARTESIAN_POINT('',(31.307452674994,-7.113295128803,
    2.184919478873));
#2541 = VECTOR('',#2542,1.);
#2542 = DIRECTION('',(0.20838438377,0.174792838024,0.962301102762));
#2543 = PCURVE('',#2493,#2544);
#2544 = DEFINITIONAL_REPRESENTATION('',(#2545),#2549);
#2545 = LINE('',#2546,#2547);
#2546 = CARTESIAN_POINT('',(-1.236140706354,4.375026450989));
#2547 = VECTOR('',#2548,1.);
#2548 = DIRECTION('',(0.271900009621,-0.962325508738));
#2549 = ( GEOMETRIC_REPRESENTATION_CONTEXT(2) 
PARAMETRIC_REPRESENTATION_CONTEXT() REPRESENTATION_CONTEXT('2D SPACE',''
  ) );
#2550 = PCURVE('',#2551,#2556);
#2551 = PLANE('',#2552);
#2552 = AXIS2_PLACEMENT_3D('',#2553,#2554,#2555);
#2553 = CARTESIAN_POINT('',(32.254831896148,-6.318633361185,
    6.559834972819));
#2554 = DIRECTION('',(-0.648795904227,0.76095906682,2.274485375653E-03)
  );
#2555 = DIRECTION('',(0.760961035156,0.648797582436,-2.541477981577E-21)
  );
#2556 = DEFINITIONAL_REPRESENTATION('',(#2557),#2561);
#2557 = LINE('',#2558,#2559);
#2558 = CARTESIAN_POINT('',(-1.2364933065,4.37492681033));
#2559 = VECTOR('',#2560,1.);
#2560 = DIRECTION('',(0.271977567121,-0.9623035919));
#2561 = ( GEOMETRIC_REPRESENTATION_CONTEXT(2) 
PARAMETRIC_REPRESENTATION_CONTEXT() REPRESENTATION_CONTEXT('2D SPACE',''
  ) );
#2562 = ORIENTED_EDGE('',*,*,#2477,.F.);
#2563 = ORIENTED_EDGE('',*,*,#2564,.T.);
#2564 = EDGE_CURVE('',#2420,#2536,#2565,.T.);
#2565 = SURFACE_CURVE('',#2566,(#2570,#2577),.PCURVE_S1.);
#2566 = LINE('',#2567,#2568);
#2567 = CARTESIAN_POINT('',(31.284446262629,-7.091872726959,
    6.550310372815));
#2568 = VECTOR('',#2569,1.);
#2569 = DIRECTION('',(0.782050920651,0.62316726155,7.67604336367E-03));
#2570 = PCURVE('',#2493,#2571);
#2571 = DEFINITIONAL_REPRESENTATION('',(#2572),#2576);
#2572 = LINE('',#2573,#2574);
#2573 = CARTESIAN_POINT('',(-1.2407849894,9.524841568385E-03));
#2574 = VECTOR('',#2575,1.);
#2575 = DIRECTION('',(0.999970537251,-7.676238044247E-03));
#2576 = ( GEOMETRIC_REPRESENTATION_CONTEXT(2) 
PARAMETRIC_REPRESENTATION_CONTEXT() REPRESENTATION_CONTEXT('2D SPACE',''
  ) );
#2577 = PCURVE('',#2578,#2583);
#2578 = PLANE('',#2579);
#2579 = AXIS2_PLACEMENT_3D('',#2580,#2581,#2582);
#2580 = CARTESIAN_POINT('',(32.254831896148,-6.318633361185,
    6.559834972819));
#2581 = DIRECTION('',(-7.320653544273E-03,-3.130261074329E-03,
    0.999968304246));
#2582 = DIRECTION('',(0.999973203394,-9.864783654574E-23,
    7.320689410375E-03));
#2583 = DEFINITIONAL_REPRESENTATION('',(#2584),#2588);
#2584 = LINE('',#2585,#2586);
#2585 = CARTESIAN_POINT('',(-0.970429357116,-0.773243154108));
#2586 = VECTOR('',#2587,1.);
#2587 = DIRECTION('',(0.78208615827,0.623170314635));
#2588 = ( GEOMETRIC_REPRESENTATION_CONTEXT(2) 
PARAMETRIC_REPRESENTATION_CONTEXT() REPRESENTATION_CONTEXT('2D SPACE',''
  ) );
#2589 = ADVANCED_FACE('',(#2590),#2551,.T.);
#2590 = FACE_BOUND('',#2591,.T.);
#2591 = EDGE_LOOP('',(#2592,#2620,#2646));
#2592 = ORIENTED_EDGE('',*,*,#2593,.T.);
#2593 = EDGE_CURVE('',#2536,#2594,#2596,.T.);
#2594 = VERTEX_POINT('',#2595);
#2595 = CARTESIAN_POINT('',(32.283182420713,-6.281431003351,
    2.200269777646));
#2596 = SURFACE_CURVE('',#2597,(#2601,#2608),.PCURVE_S1.);
#2597 = LINE('',#2598,#2599);
#2598 = CARTESIAN_POINT('',(32.254831896148,-6.318633361185,
    6.559834972819));
#2599 = VECTOR('',#2600,1.);
#2600 = DIRECTION('',(6.502688161599E-03,8.533010785003E-03,
    -0.999942449731));
#2601 = PCURVE('',#2551,#2602);
#2602 = DEFINITIONAL_REPRESENTATION('',(#2603),#2607);
#2603 = LINE('',#2604,#2605);
#2604 = CARTESIAN_POINT('',(0.,0.));
#2605 = VECTOR('',#2606,1.);
#2606 = DIRECTION('',(1.048448908296E-02,0.999945036234));
#2607 = ( GEOMETRIC_REPRESENTATION_CONTEXT(2) 
PARAMETRIC_REPRESENTATION_CONTEXT() REPRESENTATION_CONTEXT('2D SPACE',''
  ) );
#2608 = PCURVE('',#2609,#2614);
#2609 = PLANE('',#2610);
#2610 = AXIS2_PLACEMENT_3D('',#2611,#2612,#2613);
#2611 = CARTESIAN_POINT('',(33.129477047101,-5.383880501341,
    6.540050157763));
#2612 = DIRECTION('',(-0.730182029781,0.683251807477,1.082111276997E-03)
  );
#2613 = DIRECTION('',(-0.683252207509,-0.73018245729,3.463272175455E-20)
  );
#2614 = DEFINITIONAL_REPRESENTATION('',(#2615),#2619);
#2615 = LINE('',#2616,#2617);
#2616 = CARTESIAN_POINT('',(1.280143370335,1.97848266397E-02));
#2617 = VECTOR('',#2618,1.);
#2618 = DIRECTION('',(-1.067363082423E-02,-0.99994303518));
#2619 = ( GEOMETRIC_REPRESENTATION_CONTEXT(2) 
PARAMETRIC_REPRESENTATION_CONTEXT() REPRESENTATION_CONTEXT('2D SPACE',''
  ) );
#2620 = ORIENTED_EDGE('',*,*,#2621,.F.);
#2621 = EDGE_CURVE('',#2478,#2594,#2622,.T.);
#2622 = SURFACE_CURVE('',#2623,(#2627,#2634),.PCURVE_S1.);
#2623 = LINE('',#2624,#2625);
#2624 = CARTESIAN_POINT('',(31.307452674994,-7.113295128803,
    2.184919478873));
#2625 = VECTOR('',#2626,1.);
#2626 = DIRECTION('',(0.760924174009,0.648730373676,1.197095145066E-02)
  );
#2627 = PCURVE('',#2551,#2628);
#2628 = DEFINITIONAL_REPRESENTATION('',(#2629),#2633);
#2629 = LINE('',#2630,#2631);
#2630 = CARTESIAN_POINT('',(-1.2364933065,4.37492681033));
#2631 = VECTOR('',#2632,1.);
#2632 = DIRECTION('',(0.999928345223,-1.197098241535E-02));
#2633 = ( GEOMETRIC_REPRESENTATION_CONTEXT(2) 
PARAMETRIC_REPRESENTATION_CONTEXT() REPRESENTATION_CONTEXT('2D SPACE',''
  ) );
#2634 = PCURVE('',#2635,#2640);
#2635 = PLANE('',#2636);
#2636 = AXIS2_PLACEMENT_3D('',#2637,#2638,#2639);
#2637 = CARTESIAN_POINT('',(33.116678516999,-5.301004990905,
    2.180144832794));
#2638 = DIRECTION('',(-0.118994746244,0.121389794904,0.985446481581));
#2639 = DIRECTION('',(-6.767111554247E-19,0.992498297266,-0.122258455431
    ));
#2640 = DEFINITIONAL_REPRESENTATION('',(#2641),#2645);
#2641 = LINE('',#2642,#2643);
#2642 = CARTESIAN_POINT('',(-1.79927861687,1.82217258991));
#2643 = VECTOR('',#2644,1.);
#2644 = DIRECTION('',(0.642400241224,-0.766369317024));
#2645 = ( GEOMETRIC_REPRESENTATION_CONTEXT(2) 
PARAMETRIC_REPRESENTATION_CONTEXT() REPRESENTATION_CONTEXT('2D SPACE',''
  ) );
#2646 = ORIENTED_EDGE('',*,*,#2535,.T.);
#2647 = ADVANCED_FACE('',(#2648),#2609,.T.);
#2648 = FACE_BOUND('',#2649,.T.);
#2649 = EDGE_LOOP('',(#2650,#2678,#2679));
#2650 = ORIENTED_EDGE('',*,*,#2651,.F.);
#2651 = EDGE_CURVE('',#2594,#2652,#2654,.T.);
#2652 = VERTEX_POINT('',#2653);
#2653 = CARTESIAN_POINT('',(33.129477047101,-5.383880501341,
    6.540050157763));
#2654 = SURFACE_CURVE('',#2655,(#2659,#2666),.PCURVE_S1.);
#2655 = LINE('',#2656,#2657);
#2656 = CARTESIAN_POINT('',(32.283182420713,-6.281431003351,
    2.200269777646));
#2657 = VECTOR('',#2658,1.);
#2658 = DIRECTION('',(0.187577455374,0.198938093174,0.961893098696));
#2659 = PCURVE('',#2609,#2660);
#2660 = DEFINITIONAL_REPRESENTATION('',(#2661),#2665);
#2661 = LINE('',#2662,#2663);
#2662 = CARTESIAN_POINT('',(1.233608302782,-4.339782920984));
#2663 = VECTOR('',#2664,1.);
#2664 = DIRECTION('',(-0.273423816186,0.961893661868));
#2665 = ( GEOMETRIC_REPRESENTATION_CONTEXT(2) 
PARAMETRIC_REPRESENTATION_CONTEXT() REPRESENTATION_CONTEXT('2D SPACE',''
  ) );
#2666 = PCURVE('',#2667,#2672);
#2667 = PLANE('',#2668);
#2668 = AXIS2_PLACEMENT_3D('',#2669,#2670,#2671);
#2669 = CARTESIAN_POINT('',(33.129477047101,-5.383880501341,
    6.540050157763));
#2670 = DIRECTION('',(-0.761659882322,0.647813650075,1.454986040307E-02)
  );
#2671 = DIRECTION('',(-0.647882231533,-0.761740516228,8.906003881743E-19
    ));
#2672 = DEFINITIONAL_REPRESENTATION('',(#2673),#2677);
#2673 = LINE('',#2674,#2675);
#2674 = CARTESIAN_POINT('',(1.23199983382,-4.340239815428));
#2675 = VECTOR('',#2676,1.);
#2676 = DIRECTION('',(-0.273067306165,0.961994930498));
#2677 = ( GEOMETRIC_REPRESENTATION_CONTEXT(2) 
PARAMETRIC_REPRESENTATION_CONTEXT() REPRESENTATION_CONTEXT('2D SPACE',''
  ) );
#2678 = ORIENTED_EDGE('',*,*,#2593,.F.);
#2679 = ORIENTED_EDGE('',*,*,#2680,.T.);
#2680 = EDGE_CURVE('',#2536,#2652,#2681,.T.);
#2681 = SURFACE_CURVE('',#2682,(#2686,#2693),.PCURVE_S1.);
#2682 = LINE('',#2683,#2684);
#2683 = CARTESIAN_POINT('',(32.254831896148,-6.318633361185,
    6.559834972819));
#2684 = VECTOR('',#2685,1.);
#2685 = DIRECTION('',(0.683158410325,0.730106691934,-1.545331016531E-02)
  );
#2686 = PCURVE('',#2609,#2687);
#2687 = DEFINITIONAL_REPRESENTATION('',(#2688),#2692);
#2688 = LINE('',#2689,#2690);
#2689 = CARTESIAN_POINT('',(1.280143370335,1.97848266397E-02));
#2690 = VECTOR('',#2691,1.);
#2691 = DIRECTION('',(-0.999880590333,-1.545331921296E-02));
#2692 = ( GEOMETRIC_REPRESENTATION_CONTEXT(2) 
PARAMETRIC_REPRESENTATION_CONTEXT() REPRESENTATION_CONTEXT('2D SPACE',''
  ) );
#2693 = PCURVE('',#2694,#2699);
#2694 = PLANE('',#2695);
#2695 = AXIS2_PLACEMENT_3D('',#2696,#2697,#2698);
#2696 = CARTESIAN_POINT('',(33.129477047101,-5.383880501341,
    6.540050157763));
#2697 = DIRECTION('',(1.135534525562E-02,1.053812567331E-02,
    0.99987999482));
#2698 = DIRECTION('',(0.999935518828,-2.846238105007E-21,
    -1.135597582556E-02));
#2699 = DEFINITIONAL_REPRESENTATION('',(#2700),#2704);
#2700 = LINE('',#2701,#2702);
#2701 = CARTESIAN_POINT('',(-0.874813428689,-0.934804767298));
#2702 = VECTOR('',#2703,1.);
#2703 = DIRECTION('',(0.683289846887,0.730147235249));
#2704 = ( GEOMETRIC_REPRESENTATION_CONTEXT(2) 
PARAMETRIC_REPRESENTATION_CONTEXT() REPRESENTATION_CONTEXT('2D SPACE',''
  ) );
#2705 = ADVANCED_FACE('',(#2706),#2667,.T.);
#2706 = FACE_BOUND('',#2707,.T.);
#2707 = EDGE_LOOP('',(#2708,#2736,#2757));
#2708 = ORIENTED_EDGE('',*,*,#2709,.F.);
#2709 = EDGE_CURVE('',#2710,#2652,#2712,.T.);
#2710 = VERTEX_POINT('',#2711);
#2711 = CARTESIAN_POINT('',(33.116678516999,-5.301004990905,
    2.180144832794));
#2712 = SURFACE_CURVE('',#2713,(#2717,#2724),.PCURVE_S1.);
#2713 = LINE('',#2714,#2715);
#2714 = CARTESIAN_POINT('',(33.116678516999,-5.301004990905,
    2.180144832794));
#2715 = VECTOR('',#2716,1.);
#2716 = DIRECTION('',(2.934963593268E-03,-1.900504229505E-02,
    0.99981508008));
#2717 = PCURVE('',#2667,#2718);
#2718 = DEFINITIONAL_REPRESENTATION('',(#2719),#2723);
#2719 = LINE('',#2720,#2721);
#2720 = CARTESIAN_POINT('',(-5.483769385949E-02,-4.360366890828));
#2721 = VECTOR('',#2722,1.);
#2722 = DIRECTION('',(1.257539996649E-02,0.999920926532));
#2723 = ( GEOMETRIC_REPRESENTATION_CONTEXT(2) 
PARAMETRIC_REPRESENTATION_CONTEXT() REPRESENTATION_CONTEXT('2D SPACE',''
  ) );
#2724 = PCURVE('',#2725,#2730);
#2725 = PLANE('',#2726);
#2726 = AXIS2_PLACEMENT_3D('',#2727,#2728,#2729);
#2727 = CARTESIAN_POINT('',(33.811897300282,-4.290135114337,
    6.529081727789));
#2728 = DIRECTION('',(-0.848282766655,0.529394716384,1.255316934365E-02)
  );
#2729 = DIRECTION('',(-0.52943643287,-0.848349611629,1.130241400507E-19)
  );
#2730 = DEFINITIONAL_REPRESENTATION('',(#2731),#2735);
#2731 = LINE('',#2732,#2733);
#2732 = CARTESIAN_POINT('',(1.225645219879,-4.349279592717));
#2733 = VECTOR('',#2734,1.);
#2734 = DIRECTION('',(1.456904359457E-02,0.999893865852));
#2735 = ( GEOMETRIC_REPRESENTATION_CONTEXT(2) 
PARAMETRIC_REPRESENTATION_CONTEXT() REPRESENTATION_CONTEXT('2D SPACE',''
  ) );
#2736 = ORIENTED_EDGE('',*,*,#2737,.F.);
#2737 = EDGE_CURVE('',#2594,#2710,#2738,.T.);
#2738 = SURFACE_CURVE('',#2739,(#2743,#2750),.PCURVE_S1.);
#2739 = LINE('',#2740,#2741);
#2740 = CARTESIAN_POINT('',(32.283182420713,-6.281431003351,
    2.200269777646));
#2741 = VECTOR('',#2742,1.);
#2742 = DIRECTION('',(0.647629671191,0.761794780919,-1.563715952075E-02)
  );
#2743 = PCURVE('',#2667,#2744);
#2744 = DEFINITIONAL_REPRESENTATION('',(#2745),#2749);
#2745 = LINE('',#2746,#2747);
#2746 = CARTESIAN_POINT('',(1.23199983382,-4.340239815428));
#2747 = VECTOR('',#2748,1.);
#2748 = DIRECTION('',(-0.999877706255,-1.563881496472E-02));
#2749 = ( GEOMETRIC_REPRESENTATION_CONTEXT(2) 
PARAMETRIC_REPRESENTATION_CONTEXT() REPRESENTATION_CONTEXT('2D SPACE',''
  ) );
#2750 = PCURVE('',#2635,#2751);
#2751 = DEFINITIONAL_REPRESENTATION('',(#2752),#2756);
#2752 = LINE('',#2753,#2754);
#2753 = CARTESIAN_POINT('',(-0.975531592621,0.839460561079));
#2754 = VECTOR('',#2755,1.);
#2755 = DIRECTION('',(0.757991797899,-0.652264083266));
#2756 = ( GEOMETRIC_REPRESENTATION_CONTEXT(2) 
PARAMETRIC_REPRESENTATION_CONTEXT() REPRESENTATION_CONTEXT('2D SPACE',''
  ) );
#2757 = ORIENTED_EDGE('',*,*,#2651,.T.);
#2758 = ADVANCED_FACE('',(#2759),#2725,.T.);
#2759 = FACE_BOUND('',#2760,.T.);
#2760 = EDGE_LOOP('',(#2761,#2789,#2790));
#2761 = ORIENTED_EDGE('',*,*,#2762,.F.);
#2762 = EDGE_CURVE('',#2710,#2763,#2765,.T.);
#2763 = VERTEX_POINT('',#2764);
#2764 = CARTESIAN_POINT('',(33.811897300282,-4.290135114337,
    6.529081727789));
#2765 = SURFACE_CURVE('',#2766,(#2770,#2777),.PCURVE_S1.);
#2766 = LINE('',#2767,#2768);
#2767 = CARTESIAN_POINT('',(33.116678516999,-5.301004990905,
    2.180144832794));
#2768 = VECTOR('',#2769,1.);
#2769 = DIRECTION('',(0.153854508387,0.223709272019,0.962435946888));
#2770 = PCURVE('',#2725,#2771);
#2771 = DEFINITIONAL_REPRESENTATION('',(#2772),#2776);
#2772 = LINE('',#2773,#2774);
#2773 = CARTESIAN_POINT('',(1.225645219879,-4.349279592717));
#2774 = VECTOR('',#2775,1.);
#2775 = DIRECTION('',(-0.271239856136,0.962511787171));
#2776 = ( GEOMETRIC_REPRESENTATION_CONTEXT(2) 
PARAMETRIC_REPRESENTATION_CONTEXT() REPRESENTATION_CONTEXT('2D SPACE',''
  ) );
#2777 = PCURVE('',#2778,#2783);
#2778 = PLANE('',#2779);
#2779 = AXIS2_PLACEMENT_3D('',#2780,#2781,#2782);
#2780 = CARTESIAN_POINT('',(33.811897300282,-4.290135114337,
    6.529081727789));
#2781 = DIRECTION('',(-0.825197155666,0.564844462185,6.227523708381E-04)
  );
#2782 = DIRECTION('',(-0.564844571714,-0.82519731568,-3.604994431101E-20
    ));
#2783 = DEFINITIONAL_REPRESENTATION('',(#2784),#2788);
#2784 = LINE('',#2785,#2786);
#2785 = CARTESIAN_POINT('',(1.226857664536,-4.348937738299));
#2786 = VECTOR('',#2787,1.);
#2787 = DIRECTION('',(-0.271508174658,0.962436133514));
#2788 = ( GEOMETRIC_REPRESENTATION_CONTEXT(2) 
PARAMETRIC_REPRESENTATION_CONTEXT() REPRESENTATION_CONTEXT('2D SPACE',''
  ) );
#2789 = ORIENTED_EDGE('',*,*,#2709,.T.);
#2790 = ORIENTED_EDGE('',*,*,#2791,.T.);
#2791 = EDGE_CURVE('',#2652,#2763,#2792,.T.);
#2792 = SURFACE_CURVE('',#2793,(#2797,#2804),.PCURVE_S1.);
#2793 = LINE('',#2794,#2795);
#2794 = CARTESIAN_POINT('',(33.129477047101,-5.383880501341,
    6.540050157763));
#2795 = VECTOR('',#2796,1.);
#2796 = DIRECTION('',(0.52932665802,0.848375451533,-8.507781465875E-03)
  );
#2797 = PCURVE('',#2725,#2798);
#2798 = DEFINITIONAL_REPRESENTATION('',(#2799),#2803);
#2799 = LINE('',#2800,#2801);
#2800 = CARTESIAN_POINT('',(1.289176618847,1.096929429021E-02));
#2801 = VECTOR('',#2802,1.);
#2802 = DIRECTION('',(-0.999963802468,-8.508451881977E-03));
#2803 = ( GEOMETRIC_REPRESENTATION_CONTEXT(2) 
PARAMETRIC_REPRESENTATION_CONTEXT() REPRESENTATION_CONTEXT('2D SPACE',''
  ) );
#2804 = PCURVE('',#2805,#2810);
#2805 = PLANE('',#2806);
#2806 = AXIS2_PLACEMENT_3D('',#2807,#2808,#2809);
#2807 = CARTESIAN_POINT('',(33.811897300282,-4.290135114337,
    6.529081727789));
#2808 = DIRECTION('',(5.393531468668E-03,6.662768088674E-03,
    0.999963257995));
#2809 = DIRECTION('',(4.724040225433E-22,0.999977802869,
    -6.662865001355E-03));
#2810 = DEFINITIONAL_REPRESENTATION('',(#2811),#2815);
#2811 = LINE('',#2812,#2813);
#2812 = CARTESIAN_POINT('',(-1.093794190162,0.682430179262));
#2813 = VECTOR('',#2814,1.);
#2814 = DIRECTION('',(0.848413306231,-0.529334357293));
#2815 = ( GEOMETRIC_REPRESENTATION_CONTEXT(2) 
PARAMETRIC_REPRESENTATION_CONTEXT() REPRESENTATION_CONTEXT('2D SPACE',''
  ) );
#2816 = ADVANCED_FACE('',(#2817),#2778,.T.);
#2817 = FACE_BOUND('',#2818,.T.);
#2818 = EDGE_LOOP('',(#2819,#2847,#2873));
#2819 = ORIENTED_EDGE('',*,*,#2820,.T.);
#2820 = EDGE_CURVE('',#2763,#2821,#2823,.T.);
#2821 = VERTEX_POINT('',#2822);
#2822 = CARTESIAN_POINT('',(33.831163494712,-4.257241428614,
    2.223345607023));
#2823 = SURFACE_CURVE('',#2824,(#2828,#2835),.PCURVE_S1.);
#2824 = LINE('',#2825,#2826);
#2825 = CARTESIAN_POINT('',(33.811897300282,-4.290135114337,
    6.529081727789));
#2826 = VECTOR('',#2827,1.);
#2827 = DIRECTION('',(4.474366021904E-03,7.639204009362E-03,
    -0.999960810537));
#2828 = PCURVE('',#2778,#2829);
#2829 = DEFINITIONAL_REPRESENTATION('',(#2830),#2834);
#2830 = LINE('',#2831,#2832);
#2831 = CARTESIAN_POINT('',(-0.,0.));
#2832 = VECTOR('',#2833,1.);
#2833 = DIRECTION('',(-8.83117200179E-03,-0.99996100444));
#2834 = ( GEOMETRIC_REPRESENTATION_CONTEXT(2) 
PARAMETRIC_REPRESENTATION_CONTEXT() REPRESENTATION_CONTEXT('2D SPACE',''
  ) );
#2835 = PCURVE('',#2836,#2841);
#2836 = PLANE('',#2837);
#2837 = AXIS2_PLACEMENT_3D('',#2838,#2839,#2840);
#2838 = CARTESIAN_POINT('',(34.35472005002,-3.152795772579,
    6.591499209745));
#2839 = DIRECTION('',(-0.902464318468,0.430763967212,-7.472911430592E-04
    ));
#2840 = DIRECTION('',(-0.430764087491,-0.902464570456,
    -2.959000413994E-20));
#2841 = DEFINITIONAL_REPRESENTATION('',(#2842),#2846);
#2842 = LINE('',#2843,#2844);
#2843 = CARTESIAN_POINT('',(1.260237006983,-6.241749938468E-02));
#2844 = VECTOR('',#2845,1.);
#2845 = DIRECTION('',(-8.821507161459E-03,-0.999961089749));
#2846 = ( GEOMETRIC_REPRESENTATION_CONTEXT(2) 
PARAMETRIC_REPRESENTATION_CONTEXT() REPRESENTATION_CONTEXT('2D SPACE',''
  ) );
#2847 = ORIENTED_EDGE('',*,*,#2848,.F.);
#2848 = EDGE_CURVE('',#2710,#2821,#2849,.T.);
#2849 = SURFACE_CURVE('',#2850,(#2854,#2861),.PCURVE_S1.);
#2850 = LINE('',#2851,#2852);
#2851 = CARTESIAN_POINT('',(33.116678516999,-5.301004990905,
    2.180144832794));
#2852 = VECTOR('',#2853,1.);
#2853 = DIRECTION('',(0.564532957459,0.824704436184,3.413404284299E-02)
  );
#2854 = PCURVE('',#2778,#2855);
#2855 = DEFINITIONAL_REPRESENTATION('',(#2856),#2860);
#2856 = LINE('',#2857,#2858);
#2857 = CARTESIAN_POINT('',(1.226857664536,-4.348937738299));
#2858 = VECTOR('',#2859,1.);
#2859 = DIRECTION('',(-0.999417263543,3.413404946193E-02));
#2860 = ( GEOMETRIC_REPRESENTATION_CONTEXT(2) 
PARAMETRIC_REPRESENTATION_CONTEXT() REPRESENTATION_CONTEXT('2D SPACE',''
  ) );
#2861 = PCURVE('',#2862,#2867);
#2862 = PLANE('',#2863);
#2863 = AXIS2_PLACEMENT_3D('',#2864,#2865,#2866);
#2864 = CARTESIAN_POINT('',(33.831163494712,-4.257241428614,
    2.223345607023));
#2865 = DIRECTION('',(4.825985711113E-02,-7.42619843007E-02,
    0.996070350869));
#2866 = DIRECTION('',(3.227115182786E-19,0.997232311731,
    7.43486142453E-02));
#2867 = DEFINITIONAL_REPRESENTATION('',(#2868),#2872);
#2868 = LINE('',#2869,#2870);
#2869 = CARTESIAN_POINT('',(-1.044086667821,0.715318456573));
#2870 = VECTOR('',#2871,1.);
#2871 = DIRECTION('',(0.824959730175,-0.565191510543));
#2872 = ( GEOMETRIC_REPRESENTATION_CONTEXT(2) 
PARAMETRIC_REPRESENTATION_CONTEXT() REPRESENTATION_CONTEXT('2D SPACE',''
  ) );
#2873 = ORIENTED_EDGE('',*,*,#2762,.T.);
#2874 = ADVANCED_FACE('',(#2875),#2836,.T.);
#2875 = FACE_BOUND('',#2876,.T.);
#2876 = EDGE_LOOP('',(#2877,#2905,#2906));
#2877 = ORIENTED_EDGE('',*,*,#2878,.F.);
#2878 = EDGE_CURVE('',#2821,#2879,#2881,.T.);
#2879 = VERTEX_POINT('',#2880);
#2880 = CARTESIAN_POINT('',(34.35472005002,-3.152795772579,
    6.591499209745));
#2881 = SURFACE_CURVE('',#2882,(#2886,#2893),.PCURVE_S1.);
#2882 = LINE('',#2883,#2884);
#2883 = CARTESIAN_POINT('',(33.831163494712,-4.257241428614,
    2.223345607023));
#2884 = VECTOR('',#2885,1.);
#2885 = DIRECTION('',(0.115424255671,0.243488151346,0.963011298665));
#2886 = PCURVE('',#2836,#2887);
#2887 = DEFINITIONAL_REPRESENTATION('',(#2888),#2892);
#2888 = LINE('',#2889,#2890);
#2889 = CARTESIAN_POINT('',(1.222252436363,-4.368154822408));
#2890 = VECTOR('',#2891,1.);
#2891 = DIRECTION('',(-0.269460054084,0.963011567559));
#2892 = ( GEOMETRIC_REPRESENTATION_CONTEXT(2) 
PARAMETRIC_REPRESENTATION_CONTEXT() REPRESENTATION_CONTEXT('2D SPACE',''
  ) );
#2893 = PCURVE('',#2894,#2899);
#2894 = PLANE('',#2895);
#2895 = AXIS2_PLACEMENT_3D('',#2896,#2897,#2898);
#2896 = CARTESIAN_POINT('',(34.35472005002,-3.152795772579,
    6.591499209745));
#2897 = DIRECTION('',(-0.897443850598,0.441110884698,-3.96515118504E-03)
  );
#2898 = DIRECTION('',(-0.441114352406,-0.897450905678,5.173767693101E-20
    ));
#2899 = DEFINITIONAL_REPRESENTATION('',(#2900),#2904);
#2900 = LINE('',#2901,#2902);
#2901 = CARTESIAN_POINT('',(1.222134065123,-4.368187942109));
#2902 = VECTOR('',#2903,1.);
#2903 = DIRECTION('',(-0.26943395774,0.96301886919));
#2904 = ( GEOMETRIC_REPRESENTATION_CONTEXT(2) 
PARAMETRIC_REPRESENTATION_CONTEXT() REPRESENTATION_CONTEXT('2D SPACE',''
  ) );
#2905 = ORIENTED_EDGE('',*,*,#2820,.F.);
#2906 = ORIENTED_EDGE('',*,*,#2907,.T.);
#2907 = EDGE_CURVE('',#2763,#2879,#2908,.T.);
#2908 = SURFACE_CURVE('',#2909,(#2913,#2920),.PCURVE_S1.);
#2909 = LINE('',#2910,#2911);
#2910 = CARTESIAN_POINT('',(33.811897300282,-4.290135114337,
    6.529081727789));
#2911 = VECTOR('',#2912,1.);
#2912 = DIRECTION('',(0.430203351119,0.901375626612,4.946773126035E-02)
  );
#2913 = PCURVE('',#2836,#2914);
#2914 = DEFINITIONAL_REPRESENTATION('',(#2915),#2919);
#2915 = LINE('',#2916,#2917);
#2916 = CARTESIAN_POINT('',(1.260237006983,-6.241749938468E-02));
#2917 = VECTOR('',#2918,1.);
#2918 = DIRECTION('',(-0.99877572167,4.946774507283E-02));
#2919 = ( GEOMETRIC_REPRESENTATION_CONTEXT(2) 
PARAMETRIC_REPRESENTATION_CONTEXT() REPRESENTATION_CONTEXT('2D SPACE',''
  ) );
#2920 = PCURVE('',#2921,#2926);
#2921 = PLANE('',#2922);
#2922 = AXIS2_PLACEMENT_3D('',#2923,#2924,#2925);
#2923 = CARTESIAN_POINT('',(34.35472005002,-3.152795772579,
    6.591499209745));
#2924 = DIRECTION('',(-5.509178061754E-02,-2.848073258203E-02,
    0.998075019014));
#2925 = DIRECTION('',(0.998480060782,8.284921597363E-21,
    5.511413812751E-02));
#2926 = DEFINITIONAL_REPRESENTATION('',(#2927),#2931);
#2927 = LINE('',#2928,#2929);
#2928 = CARTESIAN_POINT('',(-0.545437777873,-1.137800900187));
#2929 = VECTOR('',#2930,1.);
#2930 = DIRECTION('',(0.432275839547,0.901741425545));
#2931 = ( GEOMETRIC_REPRESENTATION_CONTEXT(2) 
PARAMETRIC_REPRESENTATION_CONTEXT() REPRESENTATION_CONTEXT('2D SPACE',''
  ) );
#2932 = ADVANCED_FACE('',(#2933),#2894,.T.);
#2933 = FACE_BOUND('',#2934,.T.);
#2934 = EDGE_LOOP('',(#2935,#2963,#2989));
#2935 = ORIENTED_EDGE('',*,*,#2936,.T.);
#2936 = EDGE_CURVE('',#2879,#2937,#2939,.T.);
#2937 = VERTEX_POINT('',#2938);
#2938 = CARTESIAN_POINT('',(34.376848370151,-3.147232681734,
    2.202010867498));
#2939 = SURFACE_CURVE('',#2940,(#2944,#2951),.PCURVE_S1.);
#2940 = LINE('',#2941,#2942);
#2941 = CARTESIAN_POINT('',(34.35472005002,-3.152795772579,
    6.591499209745));
#2942 = VECTOR('',#2943,1.);
#2943 = DIRECTION('',(5.041139071065E-03,1.267349461946E-03,
    -0.99998649028));
#2944 = PCURVE('',#2894,#2945);
#2945 = DEFINITIONAL_REPRESENTATION('',(#2946),#2950);
#2946 = LINE('',#2947,#2948);
#2947 = CARTESIAN_POINT('',(0.,0.));
#2948 = VECTOR('',#2949,1.);
#2949 = DIRECTION('',(-3.361102719153E-03,-0.999994351478));
#2950 = ( GEOMETRIC_REPRESENTATION_CONTEXT(2) 
PARAMETRIC_REPRESENTATION_CONTEXT() REPRESENTATION_CONTEXT('2D SPACE',''
  ) );
#2951 = PCURVE('',#2952,#2957);
#2952 = PLANE('',#2953);
#2953 = AXIS2_PLACEMENT_3D('',#2954,#2955,#2956);
#2954 = CARTESIAN_POINT('',(34.773891935938,-1.898140388446,
    6.578310928043));
#2955 = DIRECTION('',(-0.948471590112,0.316831910056,-4.37989961119E-03)
  );
#2956 = DIRECTION('',(-0.316834949076,-0.948480687755,
    -1.710254046551E-20));
#2957 = DEFINITIONAL_REPRESENTATION('',(#2958),#2962);
#2958 = LINE('',#2959,#2960);
#2959 = CARTESIAN_POINT('',(1.322824704766,1.318840820308E-02));
#2960 = VECTOR('',#2961,1.);
#2961 = DIRECTION('',(-2.799265530157E-03,-0.999996082049));
#2962 = ( GEOMETRIC_REPRESENTATION_CONTEXT(2) 
PARAMETRIC_REPRESENTATION_CONTEXT() REPRESENTATION_CONTEXT('2D SPACE',''
  ) );
#2963 = ORIENTED_EDGE('',*,*,#2964,.F.);
#2964 = EDGE_CURVE('',#2821,#2937,#2965,.T.);
#2965 = SURFACE_CURVE('',#2966,(#2970,#2977),.PCURVE_S1.);
#2966 = LINE('',#2967,#2968);
#2967 = CARTESIAN_POINT('',(33.831163494712,-4.257241428614,
    2.223345607023));
#2968 = VECTOR('',#2969,1.);
#2969 = DIRECTION('',(0.441110117596,0.897287263963,-1.724616144597E-02)
  );
#2970 = PCURVE('',#2894,#2971);
#2971 = DEFINITIONAL_REPRESENTATION('',(#2972),#2976);
#2972 = LINE('',#2973,#2974);
#2973 = CARTESIAN_POINT('',(1.222134065123,-4.368187942109));
#2974 = VECTOR('',#2975,1.);
#2975 = DIRECTION('',(-0.999851271559,-1.72462970233E-02));
#2976 = ( GEOMETRIC_REPRESENTATION_CONTEXT(2) 
PARAMETRIC_REPRESENTATION_CONTEXT() REPRESENTATION_CONTEXT('2D SPACE',''
  ) );
#2977 = PCURVE('',#2978,#2983);
#2978 = PLANE('',#2979);
#2979 = AXIS2_PLACEMENT_3D('',#2980,#2981,#2982);
#2980 = CARTESIAN_POINT('',(34.797338043143,-1.919599339109,
    2.218456326468));
#2981 = DIRECTION('',(0.212932935608,-8.597199667185E-02,0.973277134593)
  );
#2982 = DIRECTION('',(0.976894032151,-1.769089743118E-18,-0.213724238092
    ));
#2983 = DEFINITIONAL_REPRESENTATION('',(#2984),#2988);
#2984 = LINE('',#2985,#2986);
#2985 = CARTESIAN_POINT('',(-0.94489510814,-2.346329247216));
#2986 = VECTOR('',#2987,1.);
#2987 = DIRECTION('',(0.434603764116,0.900621767568));
#2988 = ( GEOMETRIC_REPRESENTATION_CONTEXT(2) 
PARAMETRIC_REPRESENTATION_CONTEXT() REPRESENTATION_CONTEXT('2D SPACE',''
  ) );
#2989 = ORIENTED_EDGE('',*,*,#2878,.T.);
#2990 = ADVANCED_FACE('',(#2991),#2952,.T.);
#2991 = FACE_BOUND('',#2992,.T.);
#2992 = EDGE_LOOP('',(#2993,#3021,#3022));
#2993 = ORIENTED_EDGE('',*,*,#2994,.F.);
#2994 = EDGE_CURVE('',#2937,#2995,#2997,.T.);
#2995 = VERTEX_POINT('',#2996);
#2996 = CARTESIAN_POINT('',(34.773891935938,-1.898140388446,
    6.578310928043));
#2997 = SURFACE_CURVE('',#2998,(#3002,#3009),.PCURVE_S1.);
#2998 = LINE('',#2999,#3000);
#2999 = CARTESIAN_POINT('',(34.376848370151,-3.147232681734,
    2.202010867498));
#3000 = VECTOR('',#3001,1.);
#3001 = DIRECTION('',(8.691169381619E-02,0.273422707977,0.957959487787)
  );
#3002 = PCURVE('',#2952,#3003);
#3003 = DEFINITIONAL_REPRESENTATION('',(#3004),#3008);
#3004 = LINE('',#3005,#3006);
#3005 = CARTESIAN_POINT('',(1.310537195354,-4.37634203757));
#3006 = VECTOR('',#3007,1.);
#3007 = DIRECTION('',(-0.286872820195,0.957968676437));
#3008 = ( GEOMETRIC_REPRESENTATION_CONTEXT(2) 
PARAMETRIC_REPRESENTATION_CONTEXT() REPRESENTATION_CONTEXT('2D SPACE',''
  ) );
#3009 = PCURVE('',#3010,#3015);
#3010 = PLANE('',#3011);
#3011 = AXIS2_PLACEMENT_3D('',#3012,#3013,#3014);
#3012 = CARTESIAN_POINT('',(34.773891935938,-1.898140388446,
    6.578310928043));
#3013 = DIRECTION('',(-0.945995019639,0.324112273988,-6.682564582005E-03
    ));
#3014 = DIRECTION('',(-0.324119511118,-0.946016142839,
    -5.374149962386E-20));
#3015 = DEFINITIONAL_REPRESENTATION('',(#3016),#3020);
#3016 = LINE('',#3017,#3018);
#3017 = CARTESIAN_POINT('',(1.310351039782,-4.37639777931));
#3018 = VECTOR('',#3019,1.);
#3019 = DIRECTION('',(-0.286832071276,0.957980878143));
#3020 = ( GEOMETRIC_REPRESENTATION_CONTEXT(2) 
PARAMETRIC_REPRESENTATION_CONTEXT() REPRESENTATION_CONTEXT('2D SPACE',''
  ) );
#3021 = ORIENTED_EDGE('',*,*,#2936,.F.);
#3022 = ORIENTED_EDGE('',*,*,#3023,.T.);
#3023 = EDGE_CURVE('',#2879,#2995,#3024,.T.);
#3024 = SURFACE_CURVE('',#3025,(#3029,#3036),.PCURVE_S1.);
#3025 = LINE('',#3026,#3027);
#3026 = CARTESIAN_POINT('',(34.35472005002,-3.152795772579,
    6.591499209745));
#3027 = VECTOR('',#3028,1.);
#3028 = DIRECTION('',(0.31686061911,0.948419717881,-9.96929242064E-03));
#3029 = PCURVE('',#2952,#3030);
#3030 = DEFINITIONAL_REPRESENTATION('',(#3031),#3035);
#3031 = LINE('',#3032,#3033);
#3032 = CARTESIAN_POINT('',(1.322824704766,1.318840820308E-02));
#3033 = VECTOR('',#3034,1.);
#3034 = DIRECTION('',(-0.999950304416,-9.969388045079E-03));
#3035 = ( GEOMETRIC_REPRESENTATION_CONTEXT(2) 
PARAMETRIC_REPRESENTATION_CONTEXT() REPRESENTATION_CONTEXT('2D SPACE',''
  ) );
#3036 = PCURVE('',#3037,#3042);
#3037 = PLANE('',#3038);
#3038 = AXIS2_PLACEMENT_3D('',#3039,#3040,#3041);
#3039 = CARTESIAN_POINT('',(34.773891935938,-1.898140388446,
    6.578310928043));
#3040 = DIRECTION('',(1.176727388386E-02,6.57915540373E-03,0.99990911886
    ));
#3041 = DIRECTION('',(0.999930760239,2.256762868337E-21,
    -1.176752856703E-02));
#3042 = DEFINITIONAL_REPRESENTATION('',(#3043),#3047);
#3043 = LINE('',#3044,#3045);
#3044 = CARTESIAN_POINT('',(-0.419298056038,-1.254682539072));
#3045 = VECTOR('',#3046,1.);
#3046 = DIRECTION('',(0.31695599369,0.948440244857));
#3047 = ( GEOMETRIC_REPRESENTATION_CONTEXT(2) 
PARAMETRIC_REPRESENTATION_CONTEXT() REPRESENTATION_CONTEXT('2D SPACE',''
  ) );
#3048 = ADVANCED_FACE('',(#3049),#3010,.T.);
#3049 = FACE_BOUND('',#3050,.T.);
#3050 = EDGE_LOOP('',(#3051,#3079,#3100));
#3051 = ORIENTED_EDGE('',*,*,#3052,.T.);
#3052 = EDGE_CURVE('',#2995,#3053,#3055,.T.);
#3053 = VERTEX_POINT('',#3054);
#3054 = CARTESIAN_POINT('',(34.797338043143,-1.919599339109,
    2.218456326468));
#3055 = SURFACE_CURVE('',#3056,(#3060,#3067),.PCURVE_S1.);
#3056 = LINE('',#3057,#3058);
#3057 = CARTESIAN_POINT('',(34.773891935938,-1.898140388446,
    6.578310928043));
#3058 = VECTOR('',#3059,1.);
#3059 = DIRECTION('',(5.37758396691E-03,-4.921811028918E-03,
    -0.99997342833));
#3060 = PCURVE('',#3010,#3061);
#3061 = DEFINITIONAL_REPRESENTATION('',(#3062),#3066);
#3062 = LINE('',#3063,#3064);
#3063 = CARTESIAN_POINT('',(-0.,0.));
#3064 = VECTOR('',#3065,1.);
#3065 = DIRECTION('',(2.913132799012E-03,-0.99999575682));
#3066 = ( GEOMETRIC_REPRESENTATION_CONTEXT(2) 
PARAMETRIC_REPRESENTATION_CONTEXT() REPRESENTATION_CONTEXT('2D SPACE',''
  ) );
#3067 = PCURVE('',#3068,#3073);
#3068 = PLANE('',#3069);
#3069 = AXIS2_PLACEMENT_3D('',#3070,#3071,#3072);
#3070 = CARTESIAN_POINT('',(34.967783665296,-0.629108683502,
    6.492023841718));
#3071 = DIRECTION('',(-0.98857177666,0.150629171086,-6.057657013896E-03)
  );
#3072 = DIRECTION('',(-0.150631934846,-0.988589915083,8.948910782106E-20
    ));
#3073 = DEFINITIONAL_REPRESENTATION('',(#3074),#3078);
#3074 = LINE('',#3075,#3076);
#3075 = CARTESIAN_POINT('',(1.283758231773,8.628866952939E-02));
#3076 = VECTOR('',#3077,1.);
#3077 = DIRECTION('',(4.0556168694E-03,-0.999991775952));
#3078 = ( GEOMETRIC_REPRESENTATION_CONTEXT(2) 
PARAMETRIC_REPRESENTATION_CONTEXT() REPRESENTATION_CONTEXT('2D SPACE',''
  ) );
#3079 = ORIENTED_EDGE('',*,*,#3080,.F.);
#3080 = EDGE_CURVE('',#2937,#3053,#3081,.T.);
#3081 = SURFACE_CURVE('',#3082,(#3086,#3093),.PCURVE_S1.);
#3082 = LINE('',#3083,#3084);
#3083 = CARTESIAN_POINT('',(34.376848370151,-3.147232681734,
    2.202010867498));
#3084 = VECTOR('',#3085,1.);
#3085 = DIRECTION('',(0.324013371041,0.945967626067,1.267224605365E-02)
  );
#3086 = PCURVE('',#3010,#3087);
#3087 = DEFINITIONAL_REPRESENTATION('',(#3088),#3092);
#3088 = LINE('',#3089,#3090);
#3089 = CARTESIAN_POINT('',(1.310351039782,-4.37639777931));
#3090 = VECTOR('',#3091,1.);
#3091 = DIRECTION('',(-0.99991970028,1.267252901328E-02));
#3092 = ( GEOMETRIC_REPRESENTATION_CONTEXT(2) 
PARAMETRIC_REPRESENTATION_CONTEXT() REPRESENTATION_CONTEXT('2D SPACE',''
  ) );
#3093 = PCURVE('',#2978,#3094);
#3094 = DEFINITIONAL_REPRESENTATION('',(#3095),#3099);
#3095 = LINE('',#3096,#3097);
#3096 = CARTESIAN_POINT('',(-0.407259058939,-1.232195480048));
#3097 = VECTOR('',#3098,1.);
#3098 = DIRECTION('',(0.313818362374,0.949483035887));
#3099 = ( GEOMETRIC_REPRESENTATION_CONTEXT(2) 
PARAMETRIC_REPRESENTATION_CONTEXT() REPRESENTATION_CONTEXT('2D SPACE',''
  ) );
#3100 = ORIENTED_EDGE('',*,*,#2994,.T.);
#3101 = ADVANCED_FACE('',(#3102),#3068,.T.);
#3102 = FACE_BOUND('',#3103,.T.);
#3103 = EDGE_LOOP('',(#3104,#3132,#3133));
#3104 = ORIENTED_EDGE('',*,*,#3105,.F.);
#3105 = EDGE_CURVE('',#3053,#3106,#3108,.T.);
#3106 = VERTEX_POINT('',#3107);
#3107 = CARTESIAN_POINT('',(34.967783665296,-0.629108683502,
    6.492023841718));
#3108 = SURFACE_CURVE('',#3109,(#3113,#3120),.PCURVE_S1.);
#3109 = LINE('',#3110,#3111);
#3110 = CARTESIAN_POINT('',(34.797338043143,-1.919599339109,
    2.218456326468));
#3111 = VECTOR('',#3112,1.);
#3112 = DIRECTION('',(3.815307523098E-02,0.288867419688,0.956608570259)
  );
#3113 = PCURVE('',#3068,#3114);
#3114 = DEFINITIONAL_REPRESENTATION('',(#3115),#3119);
#3115 = LINE('',#3116,#3117);
#3116 = CARTESIAN_POINT('',(1.301440601493,-4.273645927134));
#3117 = VECTOR('',#3118,1.);
#3118 = DIRECTION('',(-0.291318489442,0.956626122218));
#3119 = ( GEOMETRIC_REPRESENTATION_CONTEXT(2) 
PARAMETRIC_REPRESENTATION_CONTEXT() REPRESENTATION_CONTEXT('2D SPACE',''
  ) );
#3120 = PCURVE('',#3121,#3126);
#3121 = PLANE('',#3122);
#3122 = AXIS2_PLACEMENT_3D('',#3123,#3124,#3125);
#3123 = CARTESIAN_POINT('',(34.967783665296,-0.629108683502,
    6.492023841718));
#3124 = DIRECTION('',(-0.987887089524,0.154997668803,-7.404121621566E-03
    ));
#3125 = DIRECTION('',(-0.155001917543,-0.987914169125,
    -9.362854151268E-21));
#3126 = DEFINITIONAL_REPRESENTATION('',(#3127),#3131);
#3127 = LINE('',#3128,#3129);
#3128 = CARTESIAN_POINT('',(1.301313402068,-4.273684660726));
#3129 = VECTOR('',#3130,1.);
#3130 = DIRECTION('',(-0.291290016729,0.956634792465));
#3131 = ( GEOMETRIC_REPRESENTATION_CONTEXT(2) 
PARAMETRIC_REPRESENTATION_CONTEXT() REPRESENTATION_CONTEXT('2D SPACE',''
  ) );
#3132 = ORIENTED_EDGE('',*,*,#3052,.F.);
#3133 = ORIENTED_EDGE('',*,*,#3134,.T.);
#3134 = EDGE_CURVE('',#2995,#3106,#3135,.T.);
#3135 = SURFACE_CURVE('',#3136,(#3140,#3147),.PCURVE_S1.);
#3136 = LINE('',#3137,#3138);
#3137 = CARTESIAN_POINT('',(34.773891935938,-1.898140388446,
    6.578310928043));
#3138 = VECTOR('',#3139,1.);
#3139 = DIRECTION('',(0.150694427446,0.986303061099,-6.706311358777E-02)
  );
#3140 = PCURVE('',#3068,#3141);
#3141 = DEFINITIONAL_REPRESENTATION('',(#3142),#3146);
#3142 = LINE('',#3143,#3144);
#3143 = CARTESIAN_POINT('',(1.283758231773,8.628866952939E-02));
#3144 = VECTOR('',#3145,1.);
#3145 = DIRECTION('',(-0.997748652595,-6.70643440691E-02));
#3146 = ( GEOMETRIC_REPRESENTATION_CONTEXT(2) 
PARAMETRIC_REPRESENTATION_CONTEXT() REPRESENTATION_CONTEXT('2D SPACE',''
  ) );
#3147 = PCURVE('',#3148,#3153);
#3148 = PLANE('',#3149);
#3149 = AXIS2_PLACEMENT_3D('',#3150,#3151,#3152);
#3150 = CARTESIAN_POINT('',(34.967783665296,-0.629108683502,
    6.492023841718));
#3151 = DIRECTION('',(0.105753140143,5.136516068445E-02,0.993064898996)
  );
#3152 = DIRECTION('',(0.994377538149,1.46837475815E-18,-0.105892925279)
  );
#3153 = DEFINITIONAL_REPRESENTATION('',(#3154),#3158);
#3154 = LINE('',#3155,#3156);
#3155 = CARTESIAN_POINT('',(-0.201938772491,-1.270709118681));
#3156 = VECTOR('',#3157,1.);
#3157 = DIRECTION('',(0.156948663053,0.987606762414));
#3158 = ( GEOMETRIC_REPRESENTATION_CONTEXT(2) 
PARAMETRIC_REPRESENTATION_CONTEXT() REPRESENTATION_CONTEXT('2D SPACE',''
  ) );
#3159 = ADVANCED_FACE('',(#3160),#3121,.T.);
#3160 = FACE_BOUND('',#3161,.T.);
#3161 = EDGE_LOOP('',(#3162,#3190,#3216));
#3162 = ORIENTED_EDGE('',*,*,#3163,.T.);
#3163 = EDGE_CURVE('',#3106,#3164,#3166,.T.);
#3164 = VERTEX_POINT('',#3165);
#3165 = CARTESIAN_POINT('',(34.994207482185,-0.66727841092,
    2.167410070332));
#3166 = SURFACE_CURVE('',#3167,(#3171,#3178),.PCURVE_S1.);
#3167 = LINE('',#3168,#3169);
#3168 = CARTESIAN_POINT('',(34.967783665296,-0.629108683502,
    6.492023841718));
#3169 = VECTOR('',#3170,1.);
#3170 = DIRECTION('',(6.109746662168E-03,-8.825650195153E-03,
    -0.999942387788));
#3171 = PCURVE('',#3121,#3172);
#3172 = DEFINITIONAL_REPRESENTATION('',(#3173),#3177);
#3173 = LINE('',#3174,#3175);
#3174 = CARTESIAN_POINT('',(-0.,0.));
#3175 = VECTOR('',#3176,1.);
#3176 = DIRECTION('',(7.771962431198E-03,-0.999969797844));
#3177 = ( GEOMETRIC_REPRESENTATION_CONTEXT(2) 
PARAMETRIC_REPRESENTATION_CONTEXT() REPRESENTATION_CONTEXT('2D SPACE',''
  ) );
#3178 = PCURVE('',#3179,#3184);
#3179 = PLANE('',#3180);
#3180 = AXIS2_PLACEMENT_3D('',#3181,#3182,#3183);
#3181 = CARTESIAN_POINT('',(34.92976697959,0.623203206708,6.599162388271
    ));
#3182 = DIRECTION('',(-0.999537509215,-2.984320414319E-02,
    -5.843871958558E-03));
#3183 = DIRECTION('',(2.984371374148E-02,-0.999554577174,
    -1.66840539456E-20));
#3184 = DEFINITIONAL_REPRESENTATION('',(#3185),#3189);
#3185 = LINE('',#3186,#3187);
#3186 = CARTESIAN_POINT('',(1.252888640995,-0.107140376035));
#3187 = VECTOR('',#3188,1.);
#3188 = DIRECTION('',(9.004056579523E-03,-0.999959462661));
#3189 = ( GEOMETRIC_REPRESENTATION_CONTEXT(2) 
PARAMETRIC_REPRESENTATION_CONTEXT() REPRESENTATION_CONTEXT('2D SPACE',''
  ) );
#3190 = ORIENTED_EDGE('',*,*,#3191,.F.);
#3191 = EDGE_CURVE('',#3053,#3164,#3192,.T.);
#3192 = SURFACE_CURVE('',#3193,(#3197,#3204),.PCURVE_S1.);
#3193 = LINE('',#3194,#3195);
#3194 = CARTESIAN_POINT('',(34.797338043143,-1.919599339109,
    2.218456326468));
#3195 = VECTOR('',#3196,1.);
#3196 = DIRECTION('',(0.15517070862,0.987068012146,-4.023419671275E-02)
  );
#3197 = PCURVE('',#3121,#3198);
#3198 = DEFINITIONAL_REPRESENTATION('',(#3199),#3203);
#3199 = LINE('',#3200,#3201);
#3200 = CARTESIAN_POINT('',(1.301313402068,-4.273684660726));
#3201 = VECTOR('',#3202,1.);
#3202 = DIRECTION('',(-0.999190232471,-4.023529959789E-02));
#3203 = ( GEOMETRIC_REPRESENTATION_CONTEXT(2) 
PARAMETRIC_REPRESENTATION_CONTEXT() REPRESENTATION_CONTEXT('2D SPACE',''
  ) );
#3204 = PCURVE('',#3205,#3210);
#3205 = PLANE('',#3206);
#3206 = AXIS2_PLACEMENT_3D('',#3207,#3208,#3209);
#3207 = CARTESIAN_POINT('',(34.401019141363,3.114316764031,
    2.249169432164));
#3208 = DIRECTION('',(0.194811796451,9.353414663541E-03,0.980796042813)
  );
#3209 = DIRECTION('',(0.980838948769,2.479790426425E-19,-0.194820318698)
  );
#3210 = DEFINITIONAL_REPRESENTATION('',(#3211),#3215);
#3211 = LINE('',#3212,#3213);
#3212 = CARTESIAN_POINT('',(0.394708552039,-5.034136317103));
#3213 = VECTOR('',#3214,1.);
#3214 = DIRECTION('',(0.160035913749,0.987111192476));
#3215 = ( GEOMETRIC_REPRESENTATION_CONTEXT(2) 
PARAMETRIC_REPRESENTATION_CONTEXT() REPRESENTATION_CONTEXT('2D SPACE',''
  ) );
#3216 = ORIENTED_EDGE('',*,*,#3105,.T.);
#3217 = ADVANCED_FACE('',(#3218),#3179,.T.);
#3218 = FACE_BOUND('',#3219,.T.);
#3219 = EDGE_LOOP('',(#3220,#3248,#3249));
#3220 = ORIENTED_EDGE('',*,*,#3221,.T.);
#3221 = EDGE_CURVE('',#3222,#3164,#3224,.T.);
#3222 = VERTEX_POINT('',#3223);
#3223 = CARTESIAN_POINT('',(34.92976697959,0.623203206708,6.599162388271
    ));
#3224 = SURFACE_CURVE('',#3225,(#3229,#3236),.PCURVE_S1.);
#3225 = LINE('',#3226,#3227);
#3226 = CARTESIAN_POINT('',(34.92976697959,0.623203206708,6.599162388271
    ));
#3227 = VECTOR('',#3228,1.);
#3228 = DIRECTION('',(1.395943910845E-02,-0.279550885492,-0.96002939355)
  );
#3229 = PCURVE('',#3179,#3230);
#3230 = DEFINITIONAL_REPRESENTATION('',(#3231),#3235);
#3231 = LINE('',#3232,#3233);
#3232 = CARTESIAN_POINT('',(0.,0.));
#3233 = VECTOR('',#3234,1.);
#3234 = DIRECTION('',(0.279842968651,-0.960045786875));
#3235 = ( GEOMETRIC_REPRESENTATION_CONTEXT(2) 
PARAMETRIC_REPRESENTATION_CONTEXT() REPRESENTATION_CONTEXT('2D SPACE',''
  ) );
#3236 = PCURVE('',#3237,#3242);
#3237 = PLANE('',#3238);
#3238 = AXIS2_PLACEMENT_3D('',#3239,#3240,#3241);
#3239 = CARTESIAN_POINT('',(34.92976697959,0.623203206708,6.599162388271
    ));
#3240 = DIRECTION('',(-0.998181690589,-6.020147122111E-02,
    3.015863970685E-03));
#3241 = DIRECTION('',(6.020174500228E-02,-0.998186230069,
    -4.416857061141E-21));
#3242 = DEFINITIONAL_REPRESENTATION('',(#3243),#3247);
#3243 = LINE('',#3244,#3245);
#3244 = CARTESIAN_POINT('',(0.,0.));
#3245 = VECTOR('',#3246,1.);
#3246 = DIRECTION('',(0.279884227095,-0.960033759523));
#3247 = ( GEOMETRIC_REPRESENTATION_CONTEXT(2) 
PARAMETRIC_REPRESENTATION_CONTEXT() REPRESENTATION_CONTEXT('2D SPACE',''
  ) );
#3248 = ORIENTED_EDGE('',*,*,#3163,.F.);
#3249 = ORIENTED_EDGE('',*,*,#3250,.F.);
#3250 = EDGE_CURVE('',#3222,#3106,#3251,.T.);
#3251 = SURFACE_CURVE('',#3252,(#3256,#3263),.PCURVE_S1.);
#3252 = LINE('',#3253,#3254);
#3253 = CARTESIAN_POINT('',(34.92976697959,0.623203206708,6.599162388271
    ));
#3254 = VECTOR('',#3255,1.);
#3255 = DIRECTION('',(3.023288642951E-02,-0.995904888833,
    -8.520225922029E-02));
#3256 = PCURVE('',#3179,#3257);
#3257 = DEFINITIONAL_REPRESENTATION('',(#3258),#3262);
#3258 = LINE('',#3259,#3260);
#3259 = CARTESIAN_POINT('',(0.,0.));
#3260 = VECTOR('',#3261,1.);
#3261 = DIRECTION('',(0.996363551672,-8.52037141219E-02));
#3262 = ( GEOMETRIC_REPRESENTATION_CONTEXT(2) 
PARAMETRIC_REPRESENTATION_CONTEXT() REPRESENTATION_CONTEXT('2D SPACE',''
  ) );
#3263 = PCURVE('',#3264,#3269);
#3264 = PLANE('',#3265);
#3265 = AXIS2_PLACEMENT_3D('',#3266,#3267,#3268);
#3266 = CARTESIAN_POINT('',(45.434998351166,24.445925058173,
    6.53416567249));
#3267 = DIRECTION('',(0.18353475031,-7.826079669393E-02,0.979892975345)
  );
#3268 = DIRECTION('',(0.982907631327,2.573031996266E-18,-0.184099397824)
  );
#3269 = DEFINITIONAL_REPRESENTATION('',(#3270),#3274);
#3270 = LINE('',#3271,#3272);
#3271 = CARTESIAN_POINT('',(-10.33763794021,-23.89601282584));
#3272 = VECTOR('',#3273,1.);
#3273 = DIRECTION('',(4.540181940433E-02,-0.998968805717));
#3274 = ( GEOMETRIC_REPRESENTATION_CONTEXT(2) 
PARAMETRIC_REPRESENTATION_CONTEXT() REPRESENTATION_CONTEXT('2D SPACE',''
  ) );
#3275 = ADVANCED_FACE('',(#3276),#3237,.T.);
#3276 = FACE_BOUND('',#3277,.T.);
#3277 = EDGE_LOOP('',(#3278,#3306,#3332));
#3278 = ORIENTED_EDGE('',*,*,#3279,.F.);
#3279 = EDGE_CURVE('',#3280,#3222,#3282,.T.);
#3280 = VERTEX_POINT('',#3281);
#3281 = CARTESIAN_POINT('',(34.915779492659,0.633041290678,
    2.166009449842));
#3282 = SURFACE_CURVE('',#3283,(#3287,#3294),.PCURVE_S1.);
#3283 = LINE('',#3284,#3285);
#3284 = CARTESIAN_POINT('',(34.915779492659,0.633041290678,
    2.166009449842));
#3285 = VECTOR('',#3286,1.);
#3286 = DIRECTION('',(3.155177152464E-03,-2.219190474832E-03,
    0.999992559998));
#3287 = PCURVE('',#3237,#3288);
#3288 = DEFINITIONAL_REPRESENTATION('',(#3289),#3293);
#3289 = LINE('',#3290,#3291);
#3290 = CARTESIAN_POINT('',(-1.06623110704E-02,-4.433173099295));
#3291 = VECTOR('',#3292,1.);
#3292 = DIRECTION('',(2.405112544246E-03,0.999997107713));
#3293 = ( GEOMETRIC_REPRESENTATION_CONTEXT(2) 
PARAMETRIC_REPRESENTATION_CONTEXT() REPRESENTATION_CONTEXT('2D SPACE',''
  ) );
#3294 = PCURVE('',#3295,#3300);
#3295 = PLANE('',#3296);
#3296 = AXIS2_PLACEMENT_3D('',#3297,#3298,#3299);
#3297 = CARTESIAN_POINT('',(34.777275877831,1.91606783324,6.53008023054)
  );
#3298 = DIRECTION('',(-0.993129603376,-0.116984321754,2.873910723369E-03
    ));
#3299 = DIRECTION('',(0.116984804865,-0.99313370471,4.827346065631E-21)
  );
#3300 = DEFINITIONAL_REPRESENTATION('',(#3301),#3305);
#3301 = LINE('',#3302,#3303);
#3302 = CARTESIAN_POINT('',(1.29041972181,-4.364088803032));
#3303 = VECTOR('',#3304,1.);
#3304 = DIRECTION('',(2.573060641221E-03,0.999996689674));
#3305 = ( GEOMETRIC_REPRESENTATION_CONTEXT(2) 
PARAMETRIC_REPRESENTATION_CONTEXT() REPRESENTATION_CONTEXT('2D SPACE',''
  ) );
#3306 = ORIENTED_EDGE('',*,*,#3307,.T.);
#3307 = EDGE_CURVE('',#3280,#3164,#3308,.T.);
#3308 = SURFACE_CURVE('',#3309,(#3313,#3320),.PCURVE_S1.);
#3309 = LINE('',#3310,#3311);
#3310 = CARTESIAN_POINT('',(34.915779492659,0.633041290678,
    2.166009449842));
#3311 = VECTOR('',#3312,1.);
#3312 = DIRECTION('',(6.020494693788E-02,-0.998185457894,
    1.075180975107E-03));
#3313 = PCURVE('',#3237,#3314);
#3314 = DEFINITIONAL_REPRESENTATION('',(#3315),#3319);
#3315 = LINE('',#3316,#3317);
#3316 = CARTESIAN_POINT('',(-1.06623110704E-02,-4.433173099295));
#3317 = VECTOR('',#3318,1.);
#3318 = DIRECTION('',(0.999999421988,1.07518586476E-03));
#3319 = ( GEOMETRIC_REPRESENTATION_CONTEXT(2) 
PARAMETRIC_REPRESENTATION_CONTEXT() REPRESENTATION_CONTEXT('2D SPACE',''
  ) );
#3320 = PCURVE('',#3321,#3326);
#3321 = PLANE('',#3322);
#3322 = AXIS2_PLACEMENT_3D('',#3323,#3324,#3325);
#3323 = CARTESIAN_POINT('',(34.401019141363,3.114316764031,
    2.249169432164));
#3324 = DIRECTION('',(0.228826866484,1.484998683685E-02,0.973353863231)
  );
#3325 = DIRECTION('',(0.973461204008,-4.641381874614E-20,-0.22885210135)
  );
#3326 = DEFINITIONAL_REPRESENTATION('',(#3327),#3331);
#3327 = LINE('',#3328,#3329);
#3328 = CARTESIAN_POINT('',(0.52013056805,-2.481549106661));
#3329 = VECTOR('',#3330,1.);
#3330 = DIRECTION('',(5.836112270787E-02,-0.998295537081));
#3331 = ( GEOMETRIC_REPRESENTATION_CONTEXT(2) 
PARAMETRIC_REPRESENTATION_CONTEXT() REPRESENTATION_CONTEXT('2D SPACE',''
  ) );
#3332 = ORIENTED_EDGE('',*,*,#3221,.F.);
#3333 = ADVANCED_FACE('',(#3334),#3295,.T.);
#3334 = FACE_BOUND('',#3335,.T.);
#3335 = EDGE_LOOP('',(#3336,#3364,#3365));
#3336 = ORIENTED_EDGE('',*,*,#3337,.T.);
#3337 = EDGE_CURVE('',#3338,#3280,#3340,.T.);
#3338 = VERTEX_POINT('',#3339);
#3339 = CARTESIAN_POINT('',(34.777275877831,1.91606783324,6.53008023054)
  );
#3340 = SURFACE_CURVE('',#3341,(#3345,#3352),.PCURVE_S1.);
#3341 = LINE('',#3342,#3343);
#3342 = CARTESIAN_POINT('',(34.777275877831,1.91606783324,6.53008023054)
  );
#3343 = VECTOR('',#3344,1.);
#3344 = DIRECTION('',(3.0434508824E-02,-0.281929700389,-0.958952232758)
  );
#3345 = PCURVE('',#3295,#3346);
#3346 = DEFINITIONAL_REPRESENTATION('',(#3347),#3351);
#3347 = LINE('',#3348,#3349);
#3348 = CARTESIAN_POINT('',(0.,0.));
#3349 = VECTOR('',#3350,1.);
#3350 = DIRECTION('',(0.283554262891,-0.95895619295));
#3351 = ( GEOMETRIC_REPRESENTATION_CONTEXT(2) 
PARAMETRIC_REPRESENTATION_CONTEXT() REPRESENTATION_CONTEXT('2D SPACE',''
  ) );
#3352 = PCURVE('',#3353,#3358);
#3353 = PLANE('',#3354);
#3354 = AXIS2_PLACEMENT_3D('',#3355,#3356,#3357);
#3355 = CARTESIAN_POINT('',(34.777275877831,1.91606783324,6.53008023054)
  );
#3356 = DIRECTION('',(-0.993711431336,-0.11196289189,1.37915653608E-03)
  );
#3357 = DIRECTION('',(0.11196299837,-0.993712376393,-8.926408568137E-21)
  );
#3358 = DEFINITIONAL_REPRESENTATION('',(#3359),#3363);
#3359 = LINE('',#3360,#3361);
#3360 = CARTESIAN_POINT('',(0.,0.));
#3361 = VECTOR('',#3362,1.);
#3362 = DIRECTION('',(0.283564571411,-0.958953144758));
#3363 = ( GEOMETRIC_REPRESENTATION_CONTEXT(2) 
PARAMETRIC_REPRESENTATION_CONTEXT() REPRESENTATION_CONTEXT('2D SPACE',''
  ) );
#3364 = ORIENTED_EDGE('',*,*,#3279,.T.);
#3365 = ORIENTED_EDGE('',*,*,#3366,.F.);
#3366 = EDGE_CURVE('',#3338,#3222,#3367,.T.);
#3367 = SURFACE_CURVE('',#3368,(#3372,#3379),.PCURVE_S1.);
#3368 = LINE('',#3369,#3370);
#3369 = CARTESIAN_POINT('',(34.777275877831,1.91606783324,6.53008023054)
  );
#3370 = VECTOR('',#3371,1.);
#3371 = DIRECTION('',(0.116971685018,-0.991720514324,5.299100276189E-02)
  );
#3372 = PCURVE('',#3295,#3373);
#3373 = DEFINITIONAL_REPRESENTATION('',(#3374),#3378);
#3374 = LINE('',#3375,#3376);
#3375 = CARTESIAN_POINT('',(0.,0.));
#3376 = VECTOR('',#3377,1.);
#3377 = DIRECTION('',(0.998594978174,5.29912215992E-02));
#3378 = ( GEOMETRIC_REPRESENTATION_CONTEXT(2) 
PARAMETRIC_REPRESENTATION_CONTEXT() REPRESENTATION_CONTEXT('2D SPACE',''
  ) );
#3379 = PCURVE('',#3380,#3385);
#3380 = PLANE('',#3381);
#3381 = AXIS2_PLACEMENT_3D('',#3382,#3383,#3384);
#3382 = CARTESIAN_POINT('',(45.434998351166,24.445925058173,
    6.53416567249));
#3383 = DIRECTION('',(-9.026640060865E-02,4.251998505746E-02,
    0.995009561659));
#3384 = DIRECTION('',(0.995910246472,-1.058087987281E-19,
    9.03481099503E-02));
#3385 = DEFINITIONAL_REPRESENTATION('',(#3386),#3390);
#3386 = LINE('',#3387,#3388);
#3387 = CARTESIAN_POINT('',(-10.6145041272,-22.55025130056));
#3388 = VECTOR('',#3389,1.);
#3389 = DIRECTION('',(0.121280936601,-0.992618221885));
#3390 = ( GEOMETRIC_REPRESENTATION_CONTEXT(2) 
PARAMETRIC_REPRESENTATION_CONTEXT() REPRESENTATION_CONTEXT('2D SPACE',''
  ) );
#3391 = ADVANCED_FACE('',(#3392),#3353,.T.);
#3392 = FACE_BOUND('',#3393,.T.);
#3393 = EDGE_LOOP('',(#3394,#3422,#3448));
#3394 = ORIENTED_EDGE('',*,*,#3395,.F.);
#3395 = EDGE_CURVE('',#3396,#3338,#3398,.T.);
#3396 = VERTEX_POINT('',#3397);
#3397 = CARTESIAN_POINT('',(34.771453345107,1.914398092808,
    2.199269231978));
#3398 = SURFACE_CURVE('',#3399,(#3403,#3410),.PCURVE_S1.);
#3399 = LINE('',#3400,#3401);
#3400 = CARTESIAN_POINT('',(34.771453345107,1.914398092808,
    2.199269231978));
#3401 = VECTOR('',#3402,1.);
#3402 = DIRECTION('',(1.344442653226E-03,3.855487575385E-04,
    0.999999021913));
#3403 = PCURVE('',#3353,#3404);
#3404 = DEFINITIONAL_REPRESENTATION('',(#3405),#3409);
#3405 = LINE('',#3406,#3407);
#3406 = CARTESIAN_POINT('',(1.007333511477E-03,-4.330815117327));
#3407 = VECTOR('',#3408,1.);
#3408 = DIRECTION('',(-2.325967414765E-04,0.999999972949));
#3409 = ( GEOMETRIC_REPRESENTATION_CONTEXT(2) 
PARAMETRIC_REPRESENTATION_CONTEXT() REPRESENTATION_CONTEXT('2D SPACE',''
  ) );
#3410 = PCURVE('',#3411,#3416);
#3411 = PLANE('',#3412);
#3412 = AXIS2_PLACEMENT_3D('',#3413,#3414,#3415);
#3413 = CARTESIAN_POINT('',(34.357786822513,3.131968314932,
    6.595436195895));
#3414 = DIRECTION('',(-0.945297858673,-0.326205468542,1.396668240365E-03
    ));
#3415 = DIRECTION('',(0.326205786704,-0.945298780662,6.057386387036E-20)
  );
#3416 = DEFINITIONAL_REPRESENTATION('',(#3417),#3421);
#3417 = LINE('',#3418,#3419);
#3418 = CARTESIAN_POINT('',(1.28590805978,-4.396171251685));
#3419 = VECTOR('',#3420,1.);
#3420 = DIRECTION('',(7.410620298702E-05,0.999999997254));
#3421 = ( GEOMETRIC_REPRESENTATION_CONTEXT(2) 
PARAMETRIC_REPRESENTATION_CONTEXT() REPRESENTATION_CONTEXT('2D SPACE',''
  ) );
#3422 = ORIENTED_EDGE('',*,*,#3423,.T.);
#3423 = EDGE_CURVE('',#3396,#3280,#3424,.T.);
#3424 = SURFACE_CURVE('',#3425,(#3429,#3436),.PCURVE_S1.);
#3425 = LINE('',#3426,#3427);
#3426 = CARTESIAN_POINT('',(34.771453345107,1.914398092808,
    2.199269231978));
#3427 = VECTOR('',#3428,1.);
#3428 = DIRECTION('',(0.111890433864,-0.993385959214,-2.578501204781E-02
    ));
#3429 = PCURVE('',#3353,#3430);
#3430 = DEFINITIONAL_REPRESENTATION('',(#3431),#3435);
#3431 = LINE('',#3432,#3433);
#3432 = CARTESIAN_POINT('',(1.007333511477E-03,-4.330815117327));
#3433 = VECTOR('',#3434,1.);
#3434 = DIRECTION('',(0.99966751067,-2.578503657033E-02));
#3435 = ( GEOMETRIC_REPRESENTATION_CONTEXT(2) 
PARAMETRIC_REPRESENTATION_CONTEXT() REPRESENTATION_CONTEXT('2D SPACE',''
  ) );
#3436 = PCURVE('',#3437,#3442);
#3437 = PLANE('',#3438);
#3438 = AXIS2_PLACEMENT_3D('',#3439,#3440,#3441);
#3439 = CARTESIAN_POINT('',(34.401019141363,3.114316764031,
    2.249169432164));
#3440 = DIRECTION('',(7.944678158788E-02,-1.692239501277E-02,
    0.996695460731));
#3441 = DIRECTION('',(0.99683820196,1.28109142133E-19,
    -7.945815951788E-02));
#3442 = DEFINITIONAL_REPRESENTATION('',(#3443),#3447);
#3443 = LINE('',#3444,#3445);
#3444 = CARTESIAN_POINT('',(0.373227943671,-1.20009051696));
#3445 = VECTOR('',#3446,1.);
#3446 = DIRECTION('',(0.11358548851,-0.993528226474));
#3447 = ( GEOMETRIC_REPRESENTATION_CONTEXT(2) 
PARAMETRIC_REPRESENTATION_CONTEXT() REPRESENTATION_CONTEXT('2D SPACE',''
  ) );
#3448 = ORIENTED_EDGE('',*,*,#3337,.F.);
#3449 = ADVANCED_FACE('',(#3450),#3411,.T.);
#3450 = FACE_BOUND('',#3451,.T.);
#3451 = EDGE_LOOP('',(#3452,#3480,#3481));
#3452 = ORIENTED_EDGE('',*,*,#3453,.T.);
#3453 = EDGE_CURVE('',#3454,#3396,#3456,.T.);
#3454 = VERTEX_POINT('',#3455);
#3455 = CARTESIAN_POINT('',(34.357786822513,3.131968314932,
    6.595436195895));
#3456 = SURFACE_CURVE('',#3457,(#3461,#3468),.PCURVE_S1.);
#3457 = LINE('',#3458,#3459);
#3458 = CARTESIAN_POINT('',(34.357786822513,3.131968314932,
    6.595436195895));
#3459 = VECTOR('',#3460,1.);
#3460 = DIRECTION('',(9.031270766892E-02,-0.265822969786,-0.959782143805
    ));
#3461 = PCURVE('',#3411,#3462);
#3462 = DEFINITIONAL_REPRESENTATION('',(#3463),#3467);
#3463 = LINE('',#3464,#3465);
#3464 = CARTESIAN_POINT('',(0.,0.));
#3465 = VECTOR('',#3466,1.);
#3466 = DIRECTION('',(0.280742657065,-0.959783079922));
#3467 = ( GEOMETRIC_REPRESENTATION_CONTEXT(2) 
PARAMETRIC_REPRESENTATION_CONTEXT() REPRESENTATION_CONTEXT('2D SPACE',''
  ) );
#3468 = PCURVE('',#3469,#3474);
#3469 = PLANE('',#3470);
#3470 = AXIS2_PLACEMENT_3D('',#3471,#3472,#3473);
#3471 = CARTESIAN_POINT('',(34.357786822513,3.131968314932,
    6.595436195895));
#3472 = DIRECTION('',(-0.955567982092,-0.294653699869,
    -8.308354472188E-03));
#3473 = DIRECTION('',(0.294663870184,-0.955600964633,3.580128077101E-20)
  );
#3474 = DEFINITIONAL_REPRESENTATION('',(#3475),#3479);
#3475 = LINE('',#3476,#3477);
#3476 = CARTESIAN_POINT('',(0.,0.));
#3477 = VECTOR('',#3478,1.);
#3478 = DIRECTION('',(0.280632578318,-0.959815271803));
#3479 = ( GEOMETRIC_REPRESENTATION_CONTEXT(2) 
PARAMETRIC_REPRESENTATION_CONTEXT() REPRESENTATION_CONTEXT('2D SPACE',''
  ) );
#3480 = ORIENTED_EDGE('',*,*,#3395,.T.);
#3481 = ORIENTED_EDGE('',*,*,#3482,.F.);
#3482 = EDGE_CURVE('',#3454,#3338,#3483,.T.);
#3483 = SURFACE_CURVE('',#3484,(#3488,#3495),.PCURVE_S1.);
#3484 = LINE('',#3485,#3486);
#3485 = CARTESIAN_POINT('',(34.357786822513,3.131968314932,
    6.595436195895));
#3486 = VECTOR('',#3487,1.);
#3487 = DIRECTION('',(0.325718490361,-0.9441039386,-5.074660733443E-02)
  );
#3488 = PCURVE('',#3411,#3489);
#3489 = DEFINITIONAL_REPRESENTATION('',(#3490),#3494);
#3490 = LINE('',#3491,#3492);
#3491 = CARTESIAN_POINT('',(0.,0.));
#3492 = VECTOR('',#3493,1.);
#3493 = DIRECTION('',(0.998711558369,-5.074665682975E-02));
#3494 = ( GEOMETRIC_REPRESENTATION_CONTEXT(2) 
PARAMETRIC_REPRESENTATION_CONTEXT() REPRESENTATION_CONTEXT('2D SPACE',''
  ) );
#3495 = PCURVE('',#3496,#3501);
#3496 = PLANE('',#3497);
#3497 = AXIS2_PLACEMENT_3D('',#3498,#3499,#3500);
#3498 = CARTESIAN_POINT('',(45.434998351166,24.445925058173,
    6.53416567249));
#3499 = DIRECTION('',(6.531303742894E-02,-3.107711518521E-02,
    0.99738077987));
#3500 = DIRECTION('',(0.997862757753,-6.170959557626E-20,
    -6.534459953661E-02));
#3501 = DEFINITIONAL_REPRESENTATION('',(#3502),#3506);
#3502 = LINE('',#3503,#3504);
#3503 = CARTESIAN_POINT('',(-11.05754054201,-21.32425657653));
#3504 = VECTOR('',#3505,1.);
#3505 = DIRECTION('',(0.328338367777,-0.944560170791));
#3506 = ( GEOMETRIC_REPRESENTATION_CONTEXT(2) 
PARAMETRIC_REPRESENTATION_CONTEXT() REPRESENTATION_CONTEXT('2D SPACE',''
  ) );
#3507 = ADVANCED_FACE('',(#3508),#3469,.T.);
#3508 = FACE_BOUND('',#3509,.T.);
#3509 = EDGE_LOOP('',(#3510,#3538,#3559));
#3510 = ORIENTED_EDGE('',*,*,#3511,.T.);
#3511 = EDGE_CURVE('',#3454,#3512,#3514,.T.);
#3512 = VERTEX_POINT('',#3513);
#3513 = CARTESIAN_POINT('',(34.401019141363,3.114316764031,
    2.249169432164));
#3514 = SURFACE_CURVE('',#3515,(#3519,#3526),.PCURVE_S1.);
#3515 = LINE('',#3516,#3517);
#3516 = CARTESIAN_POINT('',(34.357786822513,3.131968314932,
    6.595436195895));
#3517 = VECTOR('',#3518,1.);
#3518 = DIRECTION('',(9.946426694422E-03,-4.061078881333E-03,
    -0.999942286452));
#3519 = PCURVE('',#3469,#3520);
#3520 = DEFINITIONAL_REPRESENTATION('',(#3521),#3525);
#3521 = LINE('',#3522,#3523);
#3522 = CARTESIAN_POINT('',(0.,0.));
#3523 = VECTOR('',#3524,1.);
#3524 = DIRECTION('',(6.811623480737E-03,-0.999976800624));
#3525 = ( GEOMETRIC_REPRESENTATION_CONTEXT(2) 
PARAMETRIC_REPRESENTATION_CONTEXT() REPRESENTATION_CONTEXT('2D SPACE',''
  ) );
#3526 = PCURVE('',#3527,#3532);
#3527 = PLANE('',#3528);
#3528 = AXIS2_PLACEMENT_3D('',#3529,#3530,#3531);
#3529 = CARTESIAN_POINT('',(33.821893954124,4.255629151212,
    6.631566414399));
#3530 = DIRECTION('',(-0.902672562875,-0.430267301325,-7.2314343767E-03)
  );
#3531 = DIRECTION('',(0.430278551889,-0.902696165819,9.003884855582E-21)
  );
#3532 = DEFINITIONAL_REPRESENTATION('',(#3533),#3537);
#3533 = LINE('',#3534,#3535);
#3534 = CARTESIAN_POINT('',(1.244907535969,-3.613116323199E-02));
#3535 = VECTOR('',#3536,1.);
#3536 = DIRECTION('',(7.945654409811E-03,-0.99996843279));
#3537 = ( GEOMETRIC_REPRESENTATION_CONTEXT(2) 
PARAMETRIC_REPRESENTATION_CONTEXT() REPRESENTATION_CONTEXT('2D SPACE',''
  ) );
#3538 = ORIENTED_EDGE('',*,*,#3539,.T.);
#3539 = EDGE_CURVE('',#3512,#3396,#3540,.T.);
#3540 = SURFACE_CURVE('',#3541,(#3545,#3552),.PCURVE_S1.);
#3541 = LINE('',#3542,#3543);
#3542 = CARTESIAN_POINT('',(34.401019141363,3.114316764031,
    2.249169432164));
#3543 = VECTOR('',#3544,1.);
#3544 = DIRECTION('',(0.294746744953,-0.954750179592,-3.970454517628E-02
    ));
#3545 = PCURVE('',#3469,#3546);
#3546 = DEFINITIONAL_REPRESENTATION('',(#3547),#3551);
#3547 = LINE('',#3548,#3549);
#3548 = CARTESIAN_POINT('',(2.960684145725E-02,-4.346416780187));
#3549 = VECTOR('',#3550,1.);
#3550 = DIRECTION('',(0.999211409194,-3.970591562487E-02));
#3551 = ( GEOMETRIC_REPRESENTATION_CONTEXT(2) 
PARAMETRIC_REPRESENTATION_CONTEXT() REPRESENTATION_CONTEXT('2D SPACE',''
  ) );
#3552 = PCURVE('',#3437,#3553);
#3553 = DEFINITIONAL_REPRESENTATION('',(#3554),#3558);
#3554 = LINE('',#3555,#3556);
#3555 = CARTESIAN_POINT('',(0.,0.));
#3556 = VECTOR('',#3557,1.);
#3557 = DIRECTION('',(0.296969665357,-0.954886913649));
#3558 = ( GEOMETRIC_REPRESENTATION_CONTEXT(2) 
PARAMETRIC_REPRESENTATION_CONTEXT() REPRESENTATION_CONTEXT('2D SPACE',''
  ) );
#3559 = ORIENTED_EDGE('',*,*,#3453,.F.);
#3560 = ADVANCED_FACE('',(#3561),#3264,.T.);
#3561 = FACE_BOUND('',#3562,.T.);
#3562 = EDGE_LOOP('',(#3563,#3586,#3587));
#3563 = ORIENTED_EDGE('',*,*,#3564,.F.);
#3564 = EDGE_CURVE('',#3222,#3565,#3567,.T.);
#3565 = VERTEX_POINT('',#3566);
#3566 = CARTESIAN_POINT('',(45.434998351166,24.445925058173,
    6.53416567249));
#3567 = SURFACE_CURVE('',#3568,(#3572,#3579),.PCURVE_S1.);
#3568 = LINE('',#3569,#3570);
#3569 = CARTESIAN_POINT('',(34.92976697959,0.623203206708,6.599162388271
    ));
#3570 = VECTOR('',#3571,1.);
#3571 = DIRECTION('',(0.403484847277,0.914982921173,-2.496393369458E-03)
  );
#3572 = PCURVE('',#3264,#3573);
#3573 = DEFINITIONAL_REPRESENTATION('',(#3574),#3578);
#3574 = LINE('',#3575,#3576);
#3575 = CARTESIAN_POINT('',(-10.33763794021,-23.89601282584));
#3576 = VECTOR('',#3577,1.);
#3577 = DIRECTION('',(0.397047920029,0.917797880364));
#3578 = ( GEOMETRIC_REPRESENTATION_CONTEXT(2) 
PARAMETRIC_REPRESENTATION_CONTEXT() REPRESENTATION_CONTEXT('2D SPACE',''
  ) );
#3579 = PCURVE('',#3380,#3580);
#3580 = DEFINITIONAL_REPRESENTATION('',(#3581),#3585);
#3581 = LINE('',#3582,#3583);
#3582 = CARTESIAN_POINT('',(-10.45639523409,-23.84428623096));
#3583 = VECTOR('',#3584,1.);
#3584 = DIRECTION('',(0.401609149277,0.915811165698));
#3585 = ( GEOMETRIC_REPRESENTATION_CONTEXT(2) 
PARAMETRIC_REPRESENTATION_CONTEXT() REPRESENTATION_CONTEXT('2D SPACE',''
  ) );
#3586 = ORIENTED_EDGE('',*,*,#3250,.T.);
#3587 = ORIENTED_EDGE('',*,*,#3588,.T.);
#3588 = EDGE_CURVE('',#3106,#3565,#3589,.T.);
#3589 = SURFACE_CURVE('',#3590,(#3594,#3601),.PCURVE_S1.);
#3590 = LINE('',#3591,#3592);
#3591 = CARTESIAN_POINT('',(34.967783665296,-0.629108683502,
    6.492023841718));
#3592 = VECTOR('',#3593,1.);
#3593 = DIRECTION('',(0.385219552372,0.92282365114,1.55092425951E-03));
#3594 = PCURVE('',#3264,#3595);
#3595 = DEFINITIONAL_REPRESENTATION('',(#3596),#3600);
#3596 = LINE('',#3597,#3598);
#3597 = CARTESIAN_POINT('',(-10.28054690781,-25.15217747306));
#3598 = VECTOR('',#3599,1.);
#3599 = DIRECTION('',(0.378349713541,0.925662732459));
#3600 = ( GEOMETRIC_REPRESENTATION_CONTEXT(2) 
PARAMETRIC_REPRESENTATION_CONTEXT() REPRESENTATION_CONTEXT('2D SPACE',''
  ) );
#3601 = PCURVE('',#3602,#3607);
#3602 = PLANE('',#3603);
#3603 = AXIS2_PLACEMENT_3D('',#3604,#3605,#3606);
#3604 = CARTESIAN_POINT('',(45.434998351166,24.445925058173,
    6.53416567249));
#3605 = DIRECTION('',(-7.233029661721E-03,1.338741315908E-03,
    0.999972945161));
#3606 = DIRECTION('',(0.999973841252,1.20093621199E-21,7.23303614335E-03
    ));
#3607 = DEFINITIONAL_REPRESENTATION('',(#3608),#3612);
#3608 = LINE('',#3609,#3610);
#3609 = CARTESIAN_POINT('',(-10.46724569002,-25.07505621179));
#3610 = VECTOR('',#3611,1.);
#3611 = DIRECTION('',(0.385220693402,0.922824478097));
#3612 = ( GEOMETRIC_REPRESENTATION_CONTEXT(2) 
PARAMETRIC_REPRESENTATION_CONTEXT() REPRESENTATION_CONTEXT('2D SPACE',''
  ) );
#3613 = ADVANCED_FACE('',(#3614),#3380,.T.);
#3614 = FACE_BOUND('',#3615,.T.);
#3615 = EDGE_LOOP('',(#3616,#3637,#3638));
#3616 = ORIENTED_EDGE('',*,*,#3617,.F.);
#3617 = EDGE_CURVE('',#3338,#3565,#3618,.T.);
#3618 = SURFACE_CURVE('',#3619,(#3623,#3630),.PCURVE_S1.);
#3619 = LINE('',#3620,#3621);
#3620 = CARTESIAN_POINT('',(34.777275877831,1.91606783324,6.53008023054)
  );
#3621 = VECTOR('',#3622,1.);
#3622 = DIRECTION('',(0.427617174377,0.903959913551,1.639191813046E-04)
  );
#3623 = PCURVE('',#3380,#3624);
#3624 = DEFINITIONAL_REPRESENTATION('',(#3625),#3629);
#3625 = LINE('',#3626,#3627);
#3626 = CARTESIAN_POINT('',(-10.6145041272,-22.55025130056));
#3627 = VECTOR('',#3628,1.);
#3628 = DIRECTION('',(0.425883135318,0.904778180026));
#3629 = ( GEOMETRIC_REPRESENTATION_CONTEXT(2) 
PARAMETRIC_REPRESENTATION_CONTEXT() REPRESENTATION_CONTEXT('2D SPACE',''
  ) );
#3630 = PCURVE('',#3496,#3631);
#3631 = DEFINITIONAL_REPRESENTATION('',(#3632),#3636);
#3632 = LINE('',#3633,#3634);
#3633 = CARTESIAN_POINT('',(-10.63467737704,-22.54074463436));
#3634 = VECTOR('',#3635,1.);
#3635 = DIRECTION('',(0.426692541654,0.904396746399));
#3636 = ( GEOMETRIC_REPRESENTATION_CONTEXT(2) 
PARAMETRIC_REPRESENTATION_CONTEXT() REPRESENTATION_CONTEXT('2D SPACE',''
  ) );
#3637 = ORIENTED_EDGE('',*,*,#3366,.T.);
#3638 = ORIENTED_EDGE('',*,*,#3564,.T.);
#3639 = ADVANCED_FACE('',(#3640),#3496,.T.);
#3640 = FACE_BOUND('',#3641,.T.);
#3641 = EDGE_LOOP('',(#3642,#3668,#3669));
#3642 = ORIENTED_EDGE('',*,*,#3643,.F.);
#3643 = EDGE_CURVE('',#3454,#3565,#3644,.T.);
#3644 = SURFACE_CURVE('',#3645,(#3649,#3656),.PCURVE_S1.);
#3645 = LINE('',#3646,#3647);
#3646 = CARTESIAN_POINT('',(34.357786822513,3.131968314932,
    6.595436195895));
#3647 = VECTOR('',#3648,1.);
#3648 = DIRECTION('',(0.461153098622,0.887316918217,-2.550740468342E-03)
  );
#3649 = PCURVE('',#3496,#3650);
#3650 = DEFINITIONAL_REPRESENTATION('',(#3651),#3655);
#3651 = LINE('',#3652,#3653);
#3652 = CARTESIAN_POINT('',(-11.05754054201,-21.32425657653));
#3653 = VECTOR('',#3654,1.);
#3654 = DIRECTION('',(0.460334179852,0.887745708444));
#3655 = ( GEOMETRIC_REPRESENTATION_CONTEXT(2) 
PARAMETRIC_REPRESENTATION_CONTEXT() REPRESENTATION_CONTEXT('2D SPACE',''
  ) );
#3656 = PCURVE('',#3657,#3662);
#3657 = PLANE('',#3658);
#3658 = AXIS2_PLACEMENT_3D('',#3659,#3660,#3661);
#3659 = CARTESIAN_POINT('',(45.434998351166,24.445925058173,
    6.53416567249));
#3660 = DIRECTION('',(3.512117899941E-02,-1.538049746454E-02,
    0.99926470121));
#3661 = DIRECTION('',(0.999382915064,-1.553926669745E-20,
    -3.51253338644E-02));
#3662 = DEFINITIONAL_REPRESENTATION('',(#3663),#3667);
#3663 = LINE('',#3664,#3665);
#3664 = CARTESIAN_POINT('',(-11.07252809587,-21.31647820223));
#3665 = VECTOR('',#3666,1.);
#3666 = DIRECTION('',(0.460958123602,0.887421888554));
#3667 = ( GEOMETRIC_REPRESENTATION_CONTEXT(2) 
PARAMETRIC_REPRESENTATION_CONTEXT() REPRESENTATION_CONTEXT('2D SPACE',''
  ) );
#3668 = ORIENTED_EDGE('',*,*,#3482,.T.);
#3669 = ORIENTED_EDGE('',*,*,#3617,.T.);
#3670 = ADVANCED_FACE('',(#3671),#3602,.T.);
#3671 = FACE_BOUND('',#3672,.T.);
#3672 = EDGE_LOOP('',(#3673,#3674,#3695));
#3673 = ORIENTED_EDGE('',*,*,#3588,.F.);
#3674 = ORIENTED_EDGE('',*,*,#3675,.T.);
#3675 = EDGE_CURVE('',#3106,#1966,#3676,.T.);
#3676 = SURFACE_CURVE('',#3677,(#3681,#3688),.PCURVE_S1.);
#3677 = LINE('',#3678,#3679);
#3678 = CARTESIAN_POINT('',(34.967783665296,-0.629108683502,
    6.492023841718));
#3679 = VECTOR('',#3680,1.);
#3680 = DIRECTION('',(0.405065222677,-0.914278354842,4.153943362693E-03)
  );
#3681 = PCURVE('',#3602,#3682);
#3682 = DEFINITIONAL_REPRESENTATION('',(#3683),#3687);
#3683 = LINE('',#3684,#3685);
#3684 = CARTESIAN_POINT('',(-10.46724569002,-25.07505621179));
#3685 = VECTOR('',#3686,1.);
#3686 = DIRECTION('',(0.405084672301,-0.914279174141));
#3687 = ( GEOMETRIC_REPRESENTATION_CONTEXT(2) 
PARAMETRIC_REPRESENTATION_CONTEXT() REPRESENTATION_CONTEXT('2D SPACE',''
  ) );
#3688 = PCURVE('',#3148,#3689);
#3689 = DEFINITIONAL_REPRESENTATION('',(#3690),#3694);
#3690 = LINE('',#3691,#3692);
#3691 = CARTESIAN_POINT('',(0.,0.));
#3692 = VECTOR('',#3693,1.);
#3693 = DIRECTION('',(0.402347885701,-0.915486853467));
#3694 = ( GEOMETRIC_REPRESENTATION_CONTEXT(2) 
PARAMETRIC_REPRESENTATION_CONTEXT() REPRESENTATION_CONTEXT('2D SPACE',''
  ) );
#3695 = ORIENTED_EDGE('',*,*,#3696,.F.);
#3696 = EDGE_CURVE('',#3565,#1966,#3697,.T.);
#3697 = SURFACE_CURVE('',#3698,(#3702,#3709),.PCURVE_S1.);
#3698 = LINE('',#3699,#3700);
#3699 = CARTESIAN_POINT('',(45.434998351166,24.445925058173,
    6.53416567249));
#3700 = VECTOR('',#3701,1.);
#3701 = DIRECTION('',(1.664524037152E-03,-0.999997702328,
    1.350814337717E-03));
#3702 = PCURVE('',#3602,#3703);
#3703 = DEFINITIONAL_REPRESENTATION('',(#3704),#3708);
#3704 = LINE('',#3705,#3706);
#3705 = CARTESIAN_POINT('',(0.,0.));
#3706 = VECTOR('',#3707,1.);
#3707 = DIRECTION('',(1.674250984215E-03,-0.999998598441));
#3708 = ( GEOMETRIC_REPRESENTATION_CONTEXT(2) 
PARAMETRIC_REPRESENTATION_CONTEXT() REPRESENTATION_CONTEXT('2D SPACE',''
  ) );
#3709 = PCURVE('',#3710,#3715);
#3710 = PLANE('',#3711);
#3711 = AXIS2_PLACEMENT_3D('',#3712,#3713,#3714);
#3712 = CARTESIAN_POINT('',(45.516367780058,-24.43846478327,
    6.600199558902));
#3713 = DIRECTION('',(0.999988881881,1.658546550122E-03,
    -4.414219841214E-03));
#3714 = DIRECTION('',(4.414225912493E-03,-1.564696664999E-22,
    0.999990257257));
#3715 = DEFINITIONAL_REPRESENTATION('',(#3716),#3720);
#3716 = LINE('',#3717,#3718);
#3717 = CARTESIAN_POINT('',(-6.639242610299E-02,-48.8844570766));
#3718 = VECTOR('',#3719,1.);
#3719 = DIRECTION('',(1.358148762218E-03,0.999999077716));
#3720 = ( GEOMETRIC_REPRESENTATION_CONTEXT(2) 
PARAMETRIC_REPRESENTATION_CONTEXT() REPRESENTATION_CONTEXT('2D SPACE',''
  ) );
#3721 = ADVANCED_FACE('',(#3722),#2008,.T.);
#3722 = FACE_BOUND('',#3723,.T.);
#3723 = EDGE_LOOP('',(#3724,#3725,#3753));
#3724 = ORIENTED_EDGE('',*,*,#1994,.F.);
#3725 = ORIENTED_EDGE('',*,*,#3726,.T.);
#3726 = EDGE_CURVE('',#1428,#3727,#3729,.T.);
#3727 = VERTEX_POINT('',#3728);
#3728 = CARTESIAN_POINT('',(-45.47297340242,-24.48933844977,
    -3.89631100432E-02));
#3729 = SURFACE_CURVE('',#3730,(#3734,#3741),.PCURVE_S1.);
#3730 = LINE('',#3731,#3732);
#3731 = CARTESIAN_POINT('',(-45.48334800677,-24.46408176685,
    6.547071429317));
#3732 = VECTOR('',#3733,1.);
#3733 = DIRECTION('',(1.575229394768E-03,-3.834851718383E-03,
    -0.999991406245));
#3734 = PCURVE('',#2008,#3735);
#3735 = DEFINITIONAL_REPRESENTATION('',(#3736),#3740);
#3736 = LINE('',#3737,#3738);
#3737 = CARTESIAN_POINT('',(5.322598756424E-02,-90.99971933532));
#3738 = VECTOR('',#3739,1.);
#3739 = DIRECTION('',(0.999998759325,1.575229456193E-03));
#3740 = ( GEOMETRIC_REPRESENTATION_CONTEXT(2) 
PARAMETRIC_REPRESENTATION_CONTEXT() REPRESENTATION_CONTEXT('2D SPACE',''
  ) );
#3741 = PCURVE('',#3742,#3747);
#3742 = PLANE('',#3743);
#3743 = AXIS2_PLACEMENT_3D('',#3744,#3745,#3746);
#3744 = CARTESIAN_POINT('',(-45.48334800677,-24.46408176685,
    6.547071429317));
#3745 = DIRECTION('',(-0.999998250339,1.002898872459E-03,
    -1.579086177394E-03));
#3746 = DIRECTION('',(1.579086971522E-03,-2.373906814208E-23,
    -0.999998753241));
#3747 = DEFINITIONAL_REPRESENTATION('',(#3748),#3752);
#3748 = LINE('',#3749,#3750);
#3749 = CARTESIAN_POINT('',(0.,-0.));
#3750 = VECTOR('',#3751,1.);
#3751 = DIRECTION('',(0.999992646922,3.834853646943E-03));
#3752 = ( GEOMETRIC_REPRESENTATION_CONTEXT(2) 
PARAMETRIC_REPRESENTATION_CONTEXT() REPRESENTATION_CONTEXT('2D SPACE',''
  ) );
#3753 = ORIENTED_EDGE('',*,*,#3754,.T.);
#3754 = EDGE_CURVE('',#3727,#1966,#3755,.T.);
#3755 = SURFACE_CURVE('',#3756,(#3760,#3767),.PCURVE_S1.);
#3756 = LINE('',#3757,#3758);
#3757 = CARTESIAN_POINT('',(-45.47297340242,-24.48933844977,
    -3.89631100432E-02));
#3758 = VECTOR('',#3759,1.);
#3759 = DIRECTION('',(0.997348381562,5.576342051103E-04,
    7.277289907529E-02));
#3760 = PCURVE('',#2008,#3761);
#3761 = DEFINITIONAL_REPRESENTATION('',(#3762),#3766);
#3762 = LINE('',#3763,#3764);
#3763 = CARTESIAN_POINT('',(6.639308954979,-90.98934473055));
#3764 = VECTOR('',#3765,1.);
#3765 = DIRECTION('',(-7.277450253935E-02,0.997348420453));
#3766 = ( GEOMETRIC_REPRESENTATION_CONTEXT(2) 
PARAMETRIC_REPRESENTATION_CONTEXT() REPRESENTATION_CONTEXT('2D SPACE',''
  ) );
#3767 = PCURVE('',#3768,#3773);
#3768 = PLANE('',#3769);
#3769 = AXIS2_PLACEMENT_3D('',#3770,#3771,#3772);
#3770 = CARTESIAN_POINT('',(45.516367780058,-24.43846478327,
    6.600199558902));
#3771 = DIRECTION('',(6.295809861358E-04,-0.999999335513,
    -9.657131144741E-04));
#3772 = DIRECTION('',(-4.924284135952E-23,9.65713305865E-04,
    -0.999999533699));
#3773 = DEFINITIONAL_REPRESENTATION('',(#3774),#3778);
#3774 = LINE('',#3775,#3776);
#3775 = CARTESIAN_POINT('',(6.639110443719,-90.9893592153));
#3776 = VECTOR('',#3777,1.);
#3777 = DIRECTION('',(-7.277232662642E-02,0.997348579223));
#3778 = ( GEOMETRIC_REPRESENTATION_CONTEXT(2) 
PARAMETRIC_REPRESENTATION_CONTEXT() REPRESENTATION_CONTEXT('2D SPACE',''
  ) );
#3779 = ADVANCED_FACE('',(#3780),#3742,.T.);
#3780 = FACE_BOUND('',#3781,.T.);
#3781 = EDGE_LOOP('',(#3782,#3810,#3836));
#3782 = ORIENTED_EDGE('',*,*,#3783,.T.);
#3783 = EDGE_CURVE('',#1428,#3784,#3786,.T.);
#3784 = VERTEX_POINT('',#3785);
#3785 = CARTESIAN_POINT('',(-45.43436524945,24.427448054458,
    6.579108001502));
#3786 = SURFACE_CURVE('',#3787,(#3791,#3798),.PCURVE_S1.);
#3787 = LINE('',#3788,#3789);
#3788 = CARTESIAN_POINT('',(-45.48334800677,-24.46408176685,
    6.547071429317));
#3789 = VECTOR('',#3790,1.);
#3790 = DIRECTION('',(1.001865198451E-03,0.999999283452,
    6.552576560117E-04));
#3791 = PCURVE('',#3742,#3792);
#3792 = DEFINITIONAL_REPRESENTATION('',(#3793),#3797);
#3793 = LINE('',#3794,#3795);
#3794 = CARTESIAN_POINT('',(0.,-0.));
#3795 = VECTOR('',#3796,1.);
#3796 = DIRECTION('',(-6.536748067815E-04,-0.999999786355));
#3797 = ( GEOMETRIC_REPRESENTATION_CONTEXT(2) 
PARAMETRIC_REPRESENTATION_CONTEXT() REPRESENTATION_CONTEXT('2D SPACE',''
  ) );
#3798 = PCURVE('',#3799,#3804);
#3799 = PLANE('',#3800);
#3800 = AXIS2_PLACEMENT_3D('',#3801,#3802,#3803);
#3801 = CARTESIAN_POINT('',(-45.43436524945,24.427448054458,
    6.579108001502));
#3802 = DIRECTION('',(2.382312149725E-03,-6.576428817504E-04,
    0.999996946043));
#3803 = DIRECTION('',(0.999997162289,-2.85521715755E-22,
    -2.382312664893E-03));
#3804 = DEFINITIONAL_REPRESENTATION('',(#3805),#3809);
#3805 = LINE('',#3806,#3807);
#3806 = CARTESIAN_POINT('',(-4.890629719495E-02,-48.89154039396));
#3807 = VECTOR('',#3808,1.);
#3808 = DIRECTION('',(1.000301326834E-03,0.999999499699));
#3809 = ( GEOMETRIC_REPRESENTATION_CONTEXT(2) 
PARAMETRIC_REPRESENTATION_CONTEXT() REPRESENTATION_CONTEXT('2D SPACE',''
  ) );
#3810 = ORIENTED_EDGE('',*,*,#3811,.F.);
#3811 = EDGE_CURVE('',#3727,#3784,#3812,.T.);
#3812 = SURFACE_CURVE('',#3813,(#3817,#3824),.PCURVE_S1.);
#3813 = LINE('',#3814,#3815);
#3814 = CARTESIAN_POINT('',(-45.47297340242,-24.48933844977,
    -3.89631100432E-02));
#3815 = VECTOR('',#3816,1.);
#3816 = DIRECTION('',(7.821359339834E-04,0.990971428556,0.134070936633)
  );
#3817 = PCURVE('',#3742,#3818);
#3818 = DEFINITIONAL_REPRESENTATION('',(#3819),#3823);
#3819 = LINE('',#3820,#3821);
#3820 = CARTESIAN_POINT('',(6.586042710567,2.5256695622E-02));
#3821 = VECTOR('',#3822,1.);
#3822 = DIRECTION('',(-0.134069534418,-0.990971926919));
#3823 = ( GEOMETRIC_REPRESENTATION_CONTEXT(2) 
PARAMETRIC_REPRESENTATION_CONTEXT() REPRESENTATION_CONTEXT('2D SPACE',''
  ) );
#3824 = PCURVE('',#3825,#3830);
#3825 = PLANE('',#3826);
#3826 = AXIS2_PLACEMENT_3D('',#3827,#3828,#3829);
#3827 = CARTESIAN_POINT('',(-45.47297340242,-24.48933844977,
    -3.89631100432E-02));
#3828 = DIRECTION('',(-0.999994763633,3.540585264926E-04,
    3.216729631887E-03));
#3829 = DIRECTION('',(-3.216729833508E-03,1.827075052279E-22,
    -0.999994826311));
#3830 = DEFINITIONAL_REPRESENTATION('',(#3831),#3835);
#3831 = LINE('',#3832,#3833);
#3832 = CARTESIAN_POINT('',(0.,0.));
#3833 = VECTOR('',#3834,1.);
#3834 = DIRECTION('',(-0.134072758912,-0.990971490669));
#3835 = ( GEOMETRIC_REPRESENTATION_CONTEXT(2) 
PARAMETRIC_REPRESENTATION_CONTEXT() REPRESENTATION_CONTEXT('2D SPACE',''
  ) );
#3836 = ORIENTED_EDGE('',*,*,#3726,.F.);
#3837 = ADVANCED_FACE('',(#3838),#3825,.T.);
#3838 = FACE_BOUND('',#3839,.T.);
#3839 = EDGE_LOOP('',(#3840,#3841,#3869));
#3840 = ORIENTED_EDGE('',*,*,#3811,.T.);
#3841 = ORIENTED_EDGE('',*,*,#3842,.F.);
#3842 = EDGE_CURVE('',#3843,#3784,#3845,.T.);
#3843 = VERTEX_POINT('',#3844);
#3844 = CARTESIAN_POINT('',(-45.45547358545,24.400095992628,
    2.010439908513E-02));
#3845 = SURFACE_CURVE('',#3846,(#3850,#3857),.PCURVE_S1.);
#3846 = LINE('',#3847,#3848);
#3847 = CARTESIAN_POINT('',(-45.45547358545,24.400095992628,
    2.010439908513E-02));
#3848 = VECTOR('',#3849,1.);
#3849 = DIRECTION('',(3.218178315296E-03,4.170097170997E-03,
    0.999986126713));
#3850 = PCURVE('',#3825,#3851);
#3851 = DEFINITIONAL_REPRESENTATION('',(#3852),#3856);
#3852 = LINE('',#3853,#3854);
#3853 = CARTESIAN_POINT('',(-5.912349571472E-02,-48.88943750672));
#3854 = VECTOR('',#3855,1.);
#3855 = DIRECTION('',(-0.999991305106,-4.170097432373E-03));
#3856 = ( GEOMETRIC_REPRESENTATION_CONTEXT(2) 
PARAMETRIC_REPRESENTATION_CONTEXT() REPRESENTATION_CONTEXT('2D SPACE',''
  ) );
#3857 = PCURVE('',#3858,#3863);
#3858 = PLANE('',#3859);
#3859 = AXIS2_PLACEMENT_3D('',#3860,#3861,#3862);
#3860 = CARTESIAN_POINT('',(45.434998351166,24.445925058173,
    6.53416567249));
#3861 = DIRECTION('',(-2.05396264678E-04,0.99999128668,
    -4.169457677883E-03));
#3862 = DIRECTION('',(-7.550501025759E-23,4.169457765833E-03,
    0.999991307773));
#3863 = DEFINITIONAL_REPRESENTATION('',(#3864),#3868);
#3864 = LINE('',#3865,#3866);
#3865 = CARTESIAN_POINT('',(-6.51419573406,-90.89047385385));
#3866 = VECTOR('',#3867,1.);
#3867 = DIRECTION('',(0.999994821651,3.21817838318E-03));
#3868 = ( GEOMETRIC_REPRESENTATION_CONTEXT(2) 
PARAMETRIC_REPRESENTATION_CONTEXT() REPRESENTATION_CONTEXT('2D SPACE',''
  ) );
#3869 = ORIENTED_EDGE('',*,*,#3870,.F.);
#3870 = EDGE_CURVE('',#3727,#3843,#3871,.T.);
#3871 = SURFACE_CURVE('',#3872,(#3876,#3883),.PCURVE_S1.);
#3872 = LINE('',#3873,#3874);
#3873 = CARTESIAN_POINT('',(-45.47297340242,-24.48933844977,
    -3.89631100432E-02));
#3874 = VECTOR('',#3875,1.);
#3875 = DIRECTION('',(3.579465229709E-04,0.999999206082,
    1.208184608949E-03));
#3876 = PCURVE('',#3825,#3877);
#3877 = DEFINITIONAL_REPRESENTATION('',(#3878),#3882);
#3878 = LINE('',#3879,#3880);
#3879 = CARTESIAN_POINT('',(0.,0.));
#3880 = VECTOR('',#3881,1.);
#3881 = DIRECTION('',(-1.209329775438E-03,-0.99999926876));
#3882 = ( GEOMETRIC_REPRESENTATION_CONTEXT(2) 
PARAMETRIC_REPRESENTATION_CONTEXT() REPRESENTATION_CONTEXT('2D SPACE',''
  ) );
#3883 = PCURVE('',#3884,#3889);
#3884 = PLANE('',#3885);
#3885 = AXIS2_PLACEMENT_3D('',#3886,#3887,#3888);
#3886 = CARTESIAN_POINT('',(45.463705257116,24.424031215355,
    -2.506646838466E-02));
#3887 = DIRECTION('',(-4.97142098186E-04,1.208362487215E-03,
    -0.999999146355));
#3888 = DIRECTION('',(1.045699593783E-22,-0.99999926993,
    -1.208362636538E-03));
#3889 = DEFINITIONAL_REPRESENTATION('',(#3890),#3894);
#3890 = LINE('',#3891,#3892);
#3891 = CARTESIAN_POINT('',(48.913350747107,90.93668989705));
#3892 = VECTOR('',#3893,1.);
#3893 = DIRECTION('',(-0.999999935937,-3.579465672042E-04));
#3894 = ( GEOMETRIC_REPRESENTATION_CONTEXT(2) 
PARAMETRIC_REPRESENTATION_CONTEXT() REPRESENTATION_CONTEXT('2D SPACE',''
  ) );
#3895 = ADVANCED_FACE('',(#3896),#3858,.T.);
#3896 = FACE_BOUND('',#3897,.T.);
#3897 = EDGE_LOOP('',(#3898,#3924,#3925));
#3898 = ORIENTED_EDGE('',*,*,#3899,.F.);
#3899 = EDGE_CURVE('',#3843,#3565,#3900,.T.);
#3900 = SURFACE_CURVE('',#3901,(#3905,#3912),.PCURVE_S1.);
#3901 = LINE('',#3902,#3903);
#3902 = CARTESIAN_POINT('',(-45.45547358545,24.400095992628,
    2.010439908513E-02));
#3903 = VECTOR('',#3904,1.);
#3904 = DIRECTION('',(0.997441477495,5.029329243753E-04,
    7.148598486281E-02));
#3905 = PCURVE('',#3858,#3906);
#3906 = DEFINITIONAL_REPRESENTATION('',(#3907),#3911);
#3907 = LINE('',#3908,#3909);
#3908 = CARTESIAN_POINT('',(-6.51419573406,-90.89047385385));
#3909 = VECTOR('',#3910,1.);
#3910 = DIRECTION('',(7.1487460448E-02,0.997441498534));
#3911 = ( GEOMETRIC_REPRESENTATION_CONTEXT(2) 
PARAMETRIC_REPRESENTATION_CONTEXT() REPRESENTATION_CONTEXT('2D SPACE',''
  ) );
#3912 = PCURVE('',#3913,#3918);
#3913 = PLANE('',#3914);
#3914 = AXIS2_PLACEMENT_3D('',#3915,#3916,#3917);
#3915 = CARTESIAN_POINT('',(45.434998351166,24.445925058173,
    6.53416567249));
#3916 = DIRECTION('',(-2.649156605749E-04,0.999994390409,
    -3.33900743887E-03));
#3917 = DIRECTION('',(1.190732088225E-22,3.339007556037E-03,
    0.999994425499));
#3918 = DEFINITIONAL_REPRESENTATION('',(#3919),#3923);
#3919 = LINE('',#3920,#3921);
#3920 = CARTESIAN_POINT('',(-6.514177984358,-90.89047512598));
#3921 = VECTOR('',#3922,1.);
#3922 = DIRECTION('',(7.148726566093E-02,0.997441512495));
#3923 = ( GEOMETRIC_REPRESENTATION_CONTEXT(2) 
PARAMETRIC_REPRESENTATION_CONTEXT() REPRESENTATION_CONTEXT('2D SPACE',''
  ) );
#3924 = ORIENTED_EDGE('',*,*,#3842,.T.);
#3925 = ORIENTED_EDGE('',*,*,#3926,.T.);
#3926 = EDGE_CURVE('',#3784,#3565,#3927,.T.);
#3927 = SURFACE_CURVE('',#3928,(#3932,#3939),.PCURVE_S1.);
#3928 = LINE('',#3929,#3930);
#3929 = CARTESIAN_POINT('',(-45.43436524945,24.427448054458,
    6.579108001502));
#3930 = VECTOR('',#3931,1.);
#3931 = DIRECTION('',(0.999999857022,2.033358696548E-04,
    -4.945816808436E-04));
#3932 = PCURVE('',#3858,#3933);
#3933 = DEFINITIONAL_REPRESENTATION('',(#3934),#3938);
#3934 = LINE('',#3935,#3936);
#3935 = CARTESIAN_POINT('',(4.486489927702E-02,-90.8693655174));
#3936 = VECTOR('',#3937,1.);
#3937 = DIRECTION('',(-4.937295815067E-04,0.999999878116));
#3938 = ( GEOMETRIC_REPRESENTATION_CONTEXT(2) 
PARAMETRIC_REPRESENTATION_CONTEXT() REPRESENTATION_CONTEXT('2D SPACE',''
  ) );
#3939 = PCURVE('',#3940,#3945);
#3940 = PLANE('',#3941);
#3941 = AXIS2_PLACEMENT_3D('',#3942,#3943,#3944);
#3942 = CARTESIAN_POINT('',(45.434998351166,24.445925058173,
    6.53416567249));
#3943 = DIRECTION('',(4.938282980681E-04,3.688618489644E-03,
    0.99999307509));
#3944 = DIRECTION('',(1.078328453435E-22,0.999993197022,
    -3.688618939409E-03));
#3945 = DEFINITIONAL_REPRESENTATION('',(#3946),#3950);
#3946 = LINE('',#3947,#3948);
#3947 = CARTESIAN_POINT('',(-1.864265314185E-02,90.869374680612));
#3948 = VECTOR('',#3949,1.);
#3949 = DIRECTION('',(2.051588097204E-04,-0.999999978955));
#3950 = ( GEOMETRIC_REPRESENTATION_CONTEXT(2) 
PARAMETRIC_REPRESENTATION_CONTEXT() REPRESENTATION_CONTEXT('2D SPACE',''
  ) );
#3951 = ADVANCED_FACE('',(#3952),#3913,.T.);
#3952 = FACE_BOUND('',#3953,.T.);
#3953 = EDGE_LOOP('',(#3954,#3982,#4003));
#3954 = ORIENTED_EDGE('',*,*,#3955,.T.);
#3955 = EDGE_CURVE('',#3565,#3956,#3958,.T.);
#3956 = VERTEX_POINT('',#3957);
#3957 = CARTESIAN_POINT('',(45.463705257116,24.424031215355,
    -2.506646838466E-02));
#3958 = SURFACE_CURVE('',#3959,(#3963,#3970),.PCURVE_S1.);
#3959 = LINE('',#3960,#3961);
#3960 = CARTESIAN_POINT('',(45.434998351166,24.445925058173,
    6.53416567249));
#3961 = VECTOR('',#3962,1.);
#3962 = DIRECTION('',(4.37649872665E-03,-3.337816182009E-03,
    -0.999984852506));
#3963 = PCURVE('',#3913,#3964);
#3964 = DEFINITIONAL_REPRESENTATION('',(#3965),#3969);
#3965 = LINE('',#3966,#3967);
#3966 = CARTESIAN_POINT('',(0.,0.));
#3967 = VECTOR('',#3968,1.);
#3968 = DIRECTION('',(-0.999990423083,4.376498880222E-03));
#3969 = ( GEOMETRIC_REPRESENTATION_CONTEXT(2) 
PARAMETRIC_REPRESENTATION_CONTEXT() REPRESENTATION_CONTEXT('2D SPACE',''
  ) );
#3970 = PCURVE('',#3971,#3976);
#3971 = PLANE('',#3972);
#3972 = AXIS2_PLACEMENT_3D('',#3973,#3974,#3975);
#3973 = CARTESIAN_POINT('',(45.487221766811,-24.4321091385,
    -9.429002236891E-05));
#3974 = DIRECTION('',(0.999990313119,4.835734611607E-04,
    4.374908521604E-03));
#3975 = DIRECTION('',(-4.374909033126E-03,-2.417070339508E-23,
    0.99999043004));
#3976 = DEFINITIONAL_REPRESENTATION('',(#3977),#3981);
#3977 = LINE('',#3978,#3979);
#3978 = CARTESIAN_POINT('',(6.534425902596,-48.87803991157));
#3979 = VECTOR('',#3980,1.);
#3980 = DIRECTION('',(-0.999994429475,3.337816572272E-03));
#3981 = ( GEOMETRIC_REPRESENTATION_CONTEXT(2) 
PARAMETRIC_REPRESENTATION_CONTEXT() REPRESENTATION_CONTEXT('2D SPACE',''
  ) );
#3982 = ORIENTED_EDGE('',*,*,#3983,.F.);
#3983 = EDGE_CURVE('',#3843,#3956,#3984,.T.);
#3984 = SURFACE_CURVE('',#3985,(#3989,#3996),.PCURVE_S1.);
#3985 = LINE('',#3986,#3987);
#3986 = CARTESIAN_POINT('',(-45.45547358545,24.400095992628,
    2.010439908513E-02));
#3987 = VECTOR('',#3988,1.);
#3988 = DIRECTION('',(0.99999984193,2.63258195329E-04,
    -4.968243323871E-04));
#3989 = PCURVE('',#3913,#3990);
#3990 = DEFINITIONAL_REPRESENTATION('',(#3991),#3995);
#3991 = LINE('',#3992,#3993);
#3992 = CARTESIAN_POINT('',(-6.514177984358,-90.89047512598));
#3993 = VECTOR('',#3994,1.);
#3994 = DIRECTION('',(-4.959425417358E-04,0.99999987702));
#3995 = ( GEOMETRIC_REPRESENTATION_CONTEXT(2) 
PARAMETRIC_REPRESENTATION_CONTEXT() REPRESENTATION_CONTEXT('2D SPACE',''
  ) );
#3996 = PCURVE('',#3884,#3997);
#3997 = DEFINITIONAL_REPRESENTATION('',(#3998),#4002);
#3998 = LINE('',#3999,#4000);
#3999 = CARTESIAN_POINT('',(2.388062246341E-02,90.919190077926));
#4000 = VECTOR('',#4001,1.);
#4001 = DIRECTION('',(-2.626576591718E-04,-0.999999965505));
#4002 = ( GEOMETRIC_REPRESENTATION_CONTEXT(2) 
PARAMETRIC_REPRESENTATION_CONTEXT() REPRESENTATION_CONTEXT('2D SPACE',''
  ) );
#4003 = ORIENTED_EDGE('',*,*,#3899,.T.);
#4004 = ADVANCED_FACE('',(#4005),#3768,.T.);
#4005 = FACE_BOUND('',#4006,.T.);
#4006 = EDGE_LOOP('',(#4007,#4008,#4036));
#4007 = ORIENTED_EDGE('',*,*,#3754,.F.);
#4008 = ORIENTED_EDGE('',*,*,#4009,.T.);
#4009 = EDGE_CURVE('',#3727,#4010,#4012,.T.);
#4010 = VERTEX_POINT('',#4011);
#4011 = CARTESIAN_POINT('',(45.487221766811,-24.4321091385,
    -9.429002236891E-05));
#4012 = SURFACE_CURVE('',#4013,(#4017,#4024),.PCURVE_S1.);
#4013 = LINE('',#4014,#4015);
#4014 = CARTESIAN_POINT('',(-45.47297340242,-24.48933844977,
    -3.89631100432E-02));
#4015 = VECTOR('',#4016,1.);
#4016 = DIRECTION('',(0.999999710774,6.291685567952E-04,
    4.273166818368E-04));
#4017 = PCURVE('',#3768,#4018);
#4018 = DEFINITIONAL_REPRESENTATION('',(#4019),#4023);
#4019 = LINE('',#4020,#4021);
#4020 = CARTESIAN_POINT('',(6.639110443719,-90.9893592153));
#4021 = VECTOR('',#4022,1.);
#4022 = DIRECTION('',(-4.267088861316E-04,0.99999990896));
#4023 = ( GEOMETRIC_REPRESENTATION_CONTEXT(2) 
PARAMETRIC_REPRESENTATION_CONTEXT() REPRESENTATION_CONTEXT('2D SPACE',''
  ) );
#4024 = PCURVE('',#4025,#4030);
#4025 = PLANE('',#4026);
#4026 = AXIS2_PLACEMENT_3D('',#4027,#4028,#4029);
#4027 = CARTESIAN_POINT('',(45.463705257116,24.424031215355,
    -2.506646838466E-02));
#4028 = DIRECTION('',(4.276381723877E-04,-5.109309921205E-04,
    -0.999999778038));
#4029 = DIRECTION('',(-1.732310032384E-23,-0.999999869475,
    5.109310388386E-04));
#4030 = DEFINITIONAL_REPRESENTATION('',(#4031),#4035);
#4031 = LINE('',#4032,#4033);
#4032 = CARTESIAN_POINT('',(48.913356180471,90.936686974533));
#4033 = VECTOR('',#4034,1.);
#4034 = DIRECTION('',(-6.289501453166E-04,-0.999999802211));
#4035 = ( GEOMETRIC_REPRESENTATION_CONTEXT(2) 
PARAMETRIC_REPRESENTATION_CONTEXT() REPRESENTATION_CONTEXT('2D SPACE',''
  ) );
#4036 = ORIENTED_EDGE('',*,*,#4037,.T.);
#4037 = EDGE_CURVE('',#4010,#1966,#4038,.T.);
#4038 = SURFACE_CURVE('',#4039,(#4043,#4050),.PCURVE_S1.);
#4039 = LINE('',#4040,#4041);
#4040 = CARTESIAN_POINT('',(45.487221766811,-24.4321091385,
    -9.429002236891E-05));
#4041 = VECTOR('',#4042,1.);
#4042 = DIRECTION('',(4.415820906543E-03,-9.62923774229E-04,0.9999897866
    ));
#4043 = PCURVE('',#3768,#4044);
#4044 = DEFINITIONAL_REPRESENTATION('',(#4045),#4049);
#4045 = LINE('',#4046,#4047);
#4046 = CARTESIAN_POINT('',(6.60029690893,-2.914601902365E-02));
#4047 = VECTOR('',#4048,1.);
#4048 = DIRECTION('',(-0.999990250211,4.415821781698E-03));
#4049 = ( GEOMETRIC_REPRESENTATION_CONTEXT(2) 
PARAMETRIC_REPRESENTATION_CONTEXT() REPRESENTATION_CONTEXT('2D SPACE',''
  ) );
#4050 = PCURVE('',#3710,#4051);
#4051 = DEFINITIONAL_REPRESENTATION('',(#4052),#4056);
#4052 = LINE('',#4053,#4054);
#4053 = CARTESIAN_POINT('',(-6.600358201047,-6.355653518269E-03));
#4054 = VECTOR('',#4055,1.);
#4055 = DIRECTION('',(0.999999536388,9.629250986258E-04));
#4056 = ( GEOMETRIC_REPRESENTATION_CONTEXT(2) 
PARAMETRIC_REPRESENTATION_CONTEXT() REPRESENTATION_CONTEXT('2D SPACE',''
  ) );
#4057 = ADVANCED_FACE('',(#4058),#3799,.T.);
#4058 = FACE_BOUND('',#4059,.T.);
#4059 = EDGE_LOOP('',(#4060,#4061,#4082));
#4060 = ORIENTED_EDGE('',*,*,#3783,.F.);
#4061 = ORIENTED_EDGE('',*,*,#4062,.T.);
#4062 = EDGE_CURVE('',#1428,#342,#4063,.T.);
#4063 = SURFACE_CURVE('',#4064,(#4068,#4075),.PCURVE_S1.);
#4064 = LINE('',#4065,#4066);
#4065 = CARTESIAN_POINT('',(-45.48334800677,-24.46408176685,
    6.547071429317));
#4066 = VECTOR('',#4067,1.);
#4067 = DIRECTION('',(0.387168745624,0.92200881913,-3.160052349474E-04)
  );
#4068 = PCURVE('',#3799,#4069);
#4069 = DEFINITIONAL_REPRESENTATION('',(#4070),#4074);
#4070 = LINE('',#4071,#4072);
#4071 = CARTESIAN_POINT('',(-4.890629719495E-02,-48.89154039396));
#4072 = VECTOR('',#4073,1.);
#4073 = DIRECTION('',(0.387168399774,0.922009018511));
#4074 = ( GEOMETRIC_REPRESENTATION_CONTEXT(2) 
PARAMETRIC_REPRESENTATION_CONTEXT() REPRESENTATION_CONTEXT('2D SPACE',''
  ) );
#4075 = PCURVE('',#383,#4076);
#4076 = DEFINITIONAL_REPRESENTATION('',(#4077),#4081);
#4077 = LINE('',#4078,#4079);
#4078 = CARTESIAN_POINT('',(-10.52440838371,-25.09244721261));
#4079 = VECTOR('',#4080,1.);
#4080 = DIRECTION('',(0.386781972073,0.922171191309));
#4081 = ( GEOMETRIC_REPRESENTATION_CONTEXT(2) 
PARAMETRIC_REPRESENTATION_CONTEXT() REPRESENTATION_CONTEXT('2D SPACE',''
  ) );
#4082 = ORIENTED_EDGE('',*,*,#4083,.F.);
#4083 = EDGE_CURVE('',#3784,#342,#4084,.T.);
#4084 = SURFACE_CURVE('',#4085,(#4089,#4096),.PCURVE_S1.);
#4085 = LINE('',#4086,#4087);
#4086 = CARTESIAN_POINT('',(-45.43436524945,24.427448054458,
    6.579108001502));
#4087 = VECTOR('',#4088,1.);
#4088 = DIRECTION('',(0.403137789616,-0.915137957902,-1.562238789061E-03
    ));
#4089 = PCURVE('',#3799,#4090);
#4090 = DEFINITIONAL_REPRESENTATION('',(#4091),#4095);
#4091 = LINE('',#4092,#4093);
#4092 = CARTESIAN_POINT('',(0.,0.));
#4093 = VECTOR('',#4094,1.);
#4094 = DIRECTION('',(0.403140367369,-0.915138155798));
#4095 = ( GEOMETRIC_REPRESENTATION_CONTEXT(2) 
PARAMETRIC_REPRESENTATION_CONTEXT() REPRESENTATION_CONTEXT('2D SPACE',''
  ) );
#4096 = PCURVE('',#499,#4097);
#4097 = DEFINITIONAL_REPRESENTATION('',(#4098),#4102);
#4098 = LINE('',#4099,#4100);
#4099 = CARTESIAN_POINT('',(0.,0.));
#4100 = VECTOR('',#4101,1.);
#4101 = DIRECTION('',(0.403031218059,-0.915186230922));
#4102 = ( GEOMETRIC_REPRESENTATION_CONTEXT(2) 
PARAMETRIC_REPRESENTATION_CONTEXT() REPRESENTATION_CONTEXT('2D SPACE',''
  ) );
#4103 = ADVANCED_FACE('',(#4104),#383,.T.);
#4104 = FACE_BOUND('',#4105,.T.);
#4105 = EDGE_LOOP('',(#4106,#4107,#4108));
#4106 = ORIENTED_EDGE('',*,*,#4062,.F.);
#4107 = ORIENTED_EDGE('',*,*,#1881,.T.);
#4108 = ORIENTED_EDGE('',*,*,#369,.F.);
#4109 = ADVANCED_FACE('',(#4110),#1185,.T.);
#4110 = FACE_BOUND('',#4111,.T.);
#4111 = EDGE_LOOP('',(#4112,#4133,#4134));
#4112 = ORIENTED_EDGE('',*,*,#4113,.T.);
#4113 = EDGE_CURVE('',#3784,#1028,#4114,.T.);
#4114 = SURFACE_CURVE('',#4115,(#4119,#4126),.PCURVE_S1.);
#4115 = LINE('',#4116,#4117);
#4116 = CARTESIAN_POINT('',(-45.43436524945,24.427448054458,
    6.579108001502));
#4117 = VECTOR('',#4118,1.);
#4118 = DIRECTION('',(0.633686109301,-0.773588150337,-1.813432523083E-03
    ));
#4119 = PCURVE('',#1185,#4120);
#4120 = DEFINITIONAL_REPRESENTATION('',(#4121),#4125);
#4121 = LINE('',#4122,#4123);
#4122 = CARTESIAN_POINT('',(0.,0.));
#4123 = VECTOR('',#4124,1.);
#4124 = DIRECTION('',(0.633501943337,-0.773741098682));
#4125 = ( GEOMETRIC_REPRESENTATION_CONTEXT(2) 
PARAMETRIC_REPRESENTATION_CONTEXT() REPRESENTATION_CONTEXT('2D SPACE',''
  ) );
#4126 = PCURVE('',#1069,#4127);
#4127 = DEFINITIONAL_REPRESENTATION('',(#4128),#4132);
#4128 = LINE('',#4129,#4130);
#4129 = CARTESIAN_POINT('',(0.,0.));
#4130 = VECTOR('',#4131,1.);
#4131 = DIRECTION('',(0.63312916051,-0.774046165362));
#4132 = ( GEOMETRIC_REPRESENTATION_CONTEXT(2) 
PARAMETRIC_REPRESENTATION_CONTEXT() REPRESENTATION_CONTEXT('2D SPACE',''
  ) );
#4133 = ORIENTED_EDGE('',*,*,#1171,.T.);
#4134 = ORIENTED_EDGE('',*,*,#4135,.F.);
#4135 = EDGE_CURVE('',#3784,#1144,#4136,.T.);
#4136 = SURFACE_CURVE('',#4137,(#4141,#4148),.PCURVE_S1.);
#4137 = LINE('',#4138,#4139);
#4138 = CARTESIAN_POINT('',(-45.43436524945,24.427448054458,
    6.579108001502));
#4139 = VECTOR('',#4140,1.);
#4140 = DIRECTION('',(0.676470653042,-0.736469571948,-1.586438763143E-04
    ));
#4141 = PCURVE('',#1185,#4142);
#4142 = DEFINITIONAL_REPRESENTATION('',(#4143),#4147);
#4143 = LINE('',#4144,#4145);
#4144 = CARTESIAN_POINT('',(0.,0.));
#4145 = VECTOR('',#4146,1.);
#4146 = DIRECTION('',(0.676312113174,-0.736615181471));
#4147 = ( GEOMETRIC_REPRESENTATION_CONTEXT(2) 
PARAMETRIC_REPRESENTATION_CONTEXT() REPRESENTATION_CONTEXT('2D SPACE',''
  ) );
#4148 = PCURVE('',#1296,#4149);
#4149 = DEFINITIONAL_REPRESENTATION('',(#4150),#4154);
#4150 = LINE('',#4151,#4152);
#4151 = CARTESIAN_POINT('',(-16.46378764506,16.238238974185));
#4152 = VECTOR('',#4153,1.);
#4153 = DIRECTION('',(0.676115164284,-0.736795958611));
#4154 = ( GEOMETRIC_REPRESENTATION_CONTEXT(2) 
PARAMETRIC_REPRESENTATION_CONTEXT() REPRESENTATION_CONTEXT('2D SPACE',''
  ) );
#4155 = ADVANCED_FACE('',(#4156),#1069,.T.);
#4156 = FACE_BOUND('',#4157,.T.);
#4157 = EDGE_LOOP('',(#4158,#4179,#4180));
#4158 = ORIENTED_EDGE('',*,*,#4159,.T.);
#4159 = EDGE_CURVE('',#3784,#917,#4160,.T.);
#4160 = SURFACE_CURVE('',#4161,(#4165,#4172),.PCURVE_S1.);
#4161 = LINE('',#4162,#4163);
#4162 = CARTESIAN_POINT('',(-45.43436524945,24.427448054458,
    6.579108001502));
#4163 = VECTOR('',#4164,1.);
#4164 = DIRECTION('',(0.587147111055,-0.80947883189,1.513506494746E-03)
  );
#4165 = PCURVE('',#1069,#4166);
#4166 = DEFINITIONAL_REPRESENTATION('',(#4167),#4171);
#4167 = LINE('',#4168,#4169);
#4168 = CARTESIAN_POINT('',(0.,0.));
#4169 = VECTOR('',#4170,1.);
#4170 = DIRECTION('',(0.586487750785,-0.809958096558));
#4171 = ( GEOMETRIC_REPRESENTATION_CONTEXT(2) 
PARAMETRIC_REPRESENTATION_CONTEXT() REPRESENTATION_CONTEXT('2D SPACE',''
  ) );
#4172 = PCURVE('',#958,#4173);
#4173 = DEFINITIONAL_REPRESENTATION('',(#4174),#4178);
#4174 = LINE('',#4175,#4176);
#4175 = CARTESIAN_POINT('',(0.,0.));
#4176 = VECTOR('',#4177,1.);
#4177 = DIRECTION('',(0.587055174128,-0.809546924229));
#4178 = ( GEOMETRIC_REPRESENTATION_CONTEXT(2) 
PARAMETRIC_REPRESENTATION_CONTEXT() REPRESENTATION_CONTEXT('2D SPACE',''
  ) );
#4179 = ORIENTED_EDGE('',*,*,#1055,.T.);
#4180 = ORIENTED_EDGE('',*,*,#4113,.F.);
#4181 = ADVANCED_FACE('',(#4182),#958,.T.);
#4182 = FACE_BOUND('',#4183,.T.);
#4183 = EDGE_LOOP('',(#4184,#4205,#4206));
#4184 = ORIENTED_EDGE('',*,*,#4185,.T.);
#4185 = EDGE_CURVE('',#3784,#801,#4186,.T.);
#4186 = SURFACE_CURVE('',#4187,(#4191,#4198),.PCURVE_S1.);
#4187 = LINE('',#4188,#4189);
#4188 = CARTESIAN_POINT('',(-45.43436524945,24.427448054458,
    6.579108001502));
#4189 = VECTOR('',#4190,1.);
#4190 = DIRECTION('',(0.542704817623,-0.839923471051,2.090616177118E-04)
  );
#4191 = PCURVE('',#958,#4192);
#4192 = DEFINITIONAL_REPRESENTATION('',(#4193),#4197);
#4193 = LINE('',#4194,#4195);
#4194 = CARTESIAN_POINT('',(0.,0.));
#4195 = VECTOR('',#4196,1.);
#4196 = DIRECTION('',(0.542595494866,-0.839994124355));
#4197 = ( GEOMETRIC_REPRESENTATION_CONTEXT(2) 
PARAMETRIC_REPRESENTATION_CONTEXT() REPRESENTATION_CONTEXT('2D SPACE',''
  ) );
#4198 = PCURVE('',#842,#4199);
#4199 = DEFINITIONAL_REPRESENTATION('',(#4200),#4204);
#4200 = LINE('',#4201,#4202);
#4201 = CARTESIAN_POINT('',(0.,0.));
#4202 = VECTOR('',#4203,1.);
#4203 = DIRECTION('',(0.542672202938,-0.839944569694));
#4204 = ( GEOMETRIC_REPRESENTATION_CONTEXT(2) 
PARAMETRIC_REPRESENTATION_CONTEXT() REPRESENTATION_CONTEXT('2D SPACE',''
  ) );
#4205 = ORIENTED_EDGE('',*,*,#944,.T.);
#4206 = ORIENTED_EDGE('',*,*,#4159,.F.);
#4207 = ADVANCED_FACE('',(#4208),#842,.T.);
#4208 = FACE_BOUND('',#4209,.T.);
#4209 = EDGE_LOOP('',(#4210,#4231,#4232));
#4210 = ORIENTED_EDGE('',*,*,#4211,.T.);
#4211 = EDGE_CURVE('',#3784,#685,#4212,.T.);
#4212 = SURFACE_CURVE('',#4213,(#4217,#4224),.PCURVE_S1.);
#4213 = LINE('',#4214,#4215);
#4214 = CARTESIAN_POINT('',(-45.43436524945,24.427448054458,
    6.579108001502));
#4215 = VECTOR('',#4216,1.);
#4216 = DIRECTION('',(0.497928250845,-0.867217786226,8.765065751213E-04)
  );
#4217 = PCURVE('',#842,#4218);
#4218 = DEFINITIONAL_REPRESENTATION('',(#4219),#4223);
#4219 = LINE('',#4220,#4221);
#4220 = CARTESIAN_POINT('',(0.,0.));
#4221 = VECTOR('',#4222,1.);
#4222 = DIRECTION('',(0.497891079824,-0.867239570494));
#4223 = ( GEOMETRIC_REPRESENTATION_CONTEXT(2) 
PARAMETRIC_REPRESENTATION_CONTEXT() REPRESENTATION_CONTEXT('2D SPACE',''
  ) );
#4224 = PCURVE('',#726,#4225);
#4225 = DEFINITIONAL_REPRESENTATION('',(#4226),#4230);
#4226 = LINE('',#4227,#4228);
#4227 = CARTESIAN_POINT('',(0.,0.));
#4228 = VECTOR('',#4229,1.);
#4229 = DIRECTION('',(0.497021585031,-0.86773817711));
#4230 = ( GEOMETRIC_REPRESENTATION_CONTEXT(2) 
PARAMETRIC_REPRESENTATION_CONTEXT() REPRESENTATION_CONTEXT('2D SPACE',''
  ) );
#4231 = ORIENTED_EDGE('',*,*,#828,.T.);
#4232 = ORIENTED_EDGE('',*,*,#4185,.F.);
#4233 = ADVANCED_FACE('',(#4234),#726,.T.);
#4234 = FACE_BOUND('',#4235,.T.);
#4235 = EDGE_LOOP('',(#4236,#4257,#4258));
#4236 = ORIENTED_EDGE('',*,*,#4237,.T.);
#4237 = EDGE_CURVE('',#3784,#569,#4238,.T.);
#4238 = SURFACE_CURVE('',#4239,(#4243,#4250),.PCURVE_S1.);
#4239 = LINE('',#4240,#4241);
#4240 = CARTESIAN_POINT('',(-45.43436524945,24.427448054458,
    6.579108001502));
#4241 = VECTOR('',#4242,1.);
#4242 = DIRECTION('',(0.459918941997,-0.887958157363,-2.20852098818E-03)
  );
#4243 = PCURVE('',#726,#4244);
#4244 = DEFINITIONAL_REPRESENTATION('',(#4245),#4249);
#4245 = LINE('',#4246,#4247);
#4246 = CARTESIAN_POINT('',(0.,0.));
#4247 = VECTOR('',#4248,1.);
#4248 = DIRECTION('',(0.45889405503,-0.888490993909));
#4249 = ( GEOMETRIC_REPRESENTATION_CONTEXT(2) 
PARAMETRIC_REPRESENTATION_CONTEXT() REPRESENTATION_CONTEXT('2D SPACE',''
  ) );
#4250 = PCURVE('',#610,#4251);
#4251 = DEFINITIONAL_REPRESENTATION('',(#4252),#4256);
#4252 = LINE('',#4253,#4254);
#4253 = CARTESIAN_POINT('',(0.,0.));
#4254 = VECTOR('',#4255,1.);
#4255 = DIRECTION('',(0.459737092578,-0.888055069074));
#4256 = ( GEOMETRIC_REPRESENTATION_CONTEXT(2) 
PARAMETRIC_REPRESENTATION_CONTEXT() REPRESENTATION_CONTEXT('2D SPACE',''
  ) );
#4257 = ORIENTED_EDGE('',*,*,#712,.T.);
#4258 = ORIENTED_EDGE('',*,*,#4211,.F.);
#4259 = ADVANCED_FACE('',(#4260),#610,.T.);
#4260 = FACE_BOUND('',#4261,.T.);
#4261 = EDGE_LOOP('',(#4262,#4283,#4284));
#4262 = ORIENTED_EDGE('',*,*,#4263,.T.);
#4263 = EDGE_CURVE('',#3784,#458,#4264,.T.);
#4264 = SURFACE_CURVE('',#4265,(#4269,#4276),.PCURVE_S1.);
#4265 = LINE('',#4266,#4267);
#4266 = CARTESIAN_POINT('',(-45.43436524945,24.427448054458,
    6.579108001502));
#4267 = VECTOR('',#4268,1.);
#4268 = DIRECTION('',(0.428799416986,-0.903399231476,-9.42635129848E-04)
  );
#4269 = PCURVE('',#610,#4270);
#4270 = DEFINITIONAL_REPRESENTATION('',(#4271),#4275);
#4271 = LINE('',#4272,#4273);
#4272 = CARTESIAN_POINT('',(0.,0.));
#4273 = VECTOR('',#4274,1.);
#4274 = DIRECTION('',(0.428592666796,-0.903497828425));
#4275 = ( GEOMETRIC_REPRESENTATION_CONTEXT(2) 
PARAMETRIC_REPRESENTATION_CONTEXT() REPRESENTATION_CONTEXT('2D SPACE',''
  ) );
#4276 = PCURVE('',#499,#4277);
#4277 = DEFINITIONAL_REPRESENTATION('',(#4278),#4282);
#4278 = LINE('',#4279,#4280);
#4279 = CARTESIAN_POINT('',(0.,0.));
#4280 = VECTOR('',#4281,1.);
#4281 = DIRECTION('',(0.428700041367,-0.903446885285));
#4282 = ( GEOMETRIC_REPRESENTATION_CONTEXT(2) 
PARAMETRIC_REPRESENTATION_CONTEXT() REPRESENTATION_CONTEXT('2D SPACE',''
  ) );
#4283 = ORIENTED_EDGE('',*,*,#596,.T.);
#4284 = ORIENTED_EDGE('',*,*,#4237,.F.);
#4285 = ADVANCED_FACE('',(#4286),#499,.T.);
#4286 = FACE_BOUND('',#4287,.T.);
#4287 = EDGE_LOOP('',(#4288,#4289,#4290));
#4288 = ORIENTED_EDGE('',*,*,#4083,.T.);
#4289 = ORIENTED_EDGE('',*,*,#485,.T.);
#4290 = ORIENTED_EDGE('',*,*,#4263,.F.);
#4291 = ADVANCED_FACE('',(#4292),#1296,.T.);
#4292 = FACE_BOUND('',#4293,.T.);
#4293 = EDGE_LOOP('',(#4294,#4315,#4316));
#4294 = ORIENTED_EDGE('',*,*,#4295,.F.);
#4295 = EDGE_CURVE('',#3784,#1255,#4296,.T.);
#4296 = SURFACE_CURVE('',#4297,(#4301,#4308),.PCURVE_S1.);
#4297 = LINE('',#4298,#4299);
#4298 = CARTESIAN_POINT('',(-45.43436524945,24.427448054458,
    6.579108001502));
#4299 = VECTOR('',#4300,1.);
#4300 = DIRECTION('',(0.71227061956,-0.70190203634,2.023831156877E-03));
#4301 = PCURVE('',#1296,#4302);
#4302 = DEFINITIONAL_REPRESENTATION('',(#4303),#4307);
#4303 = LINE('',#4304,#4305);
#4304 = CARTESIAN_POINT('',(-16.46378764506,16.238238974185));
#4305 = VECTOR('',#4306,1.);
#4306 = DIRECTION('',(0.711966823201,-0.702213103453));
#4307 = ( GEOMETRIC_REPRESENTATION_CONTEXT(2) 
PARAMETRIC_REPRESENTATION_CONTEXT() REPRESENTATION_CONTEXT('2D SPACE',''
  ) );
#4308 = PCURVE('',#1412,#4309);
#4309 = DEFINITIONAL_REPRESENTATION('',(#4310),#4314);
#4310 = LINE('',#4311,#4312);
#4311 = CARTESIAN_POINT('',(15.963480146845,17.766416633235));
#4312 = VECTOR('',#4313,1.);
#4313 = DIRECTION('',(-0.700890080263,-0.713269300747));
#4314 = ( GEOMETRIC_REPRESENTATION_CONTEXT(2) 
PARAMETRIC_REPRESENTATION_CONTEXT() REPRESENTATION_CONTEXT('2D SPACE',''
  ) );
#4315 = ORIENTED_EDGE('',*,*,#4135,.T.);
#4316 = ORIENTED_EDGE('',*,*,#1282,.T.);
#4317 = ADVANCED_FACE('',(#4318),#1412,.T.);
#4318 = FACE_BOUND('',#4319,.T.);
#4319 = EDGE_LOOP('',(#4320,#4346,#4347));
#4320 = ORIENTED_EDGE('',*,*,#4321,.F.);
#4321 = EDGE_CURVE('',#3784,#1371,#4322,.T.);
#4322 = SURFACE_CURVE('',#4323,(#4327,#4334),.PCURVE_S1.);
#4323 = LINE('',#4324,#4325);
#4324 = CARTESIAN_POINT('',(-45.43436524945,24.427448054458,
    6.579108001502));
#4325 = VECTOR('',#4326,1.);
#4326 = DIRECTION('',(0.742799823333,-0.669512037202,-1.433351777451E-03
    ));
#4327 = PCURVE('',#1412,#4328);
#4328 = DEFINITIONAL_REPRESENTATION('',(#4329),#4333);
#4329 = LINE('',#4330,#4331);
#4330 = CARTESIAN_POINT('',(15.963480146845,17.766416633235));
#4331 = VECTOR('',#4332,1.);
#4332 = DIRECTION('',(-0.668356271638,-0.743841309798));
#4333 = ( GEOMETRIC_REPRESENTATION_CONTEXT(2) 
PARAMETRIC_REPRESENTATION_CONTEXT() REPRESENTATION_CONTEXT('2D SPACE',''
  ) );
#4334 = PCURVE('',#4335,#4340);
#4335 = PLANE('',#4336);
#4336 = AXIS2_PLACEMENT_3D('',#4337,#4338,#4339);
#4337 = CARTESIAN_POINT('',(-26.46125167126,8.560337525947,
    6.628266598806));
#4338 = DIRECTION('',(-6.045977451397E-02,-6.920980295503E-02,
    0.995768356015));
#4339 = DIRECTION('',(-2.229273454169E-19,0.997593318772,
    6.933664501827E-02));
#4340 = DEFINITIONAL_REPRESENTATION('',(#4341),#4345);
#4341 = LINE('',#4342,#4343);
#4342 = CARTESIAN_POINT('',(15.825514959242,19.007885948141));
#4343 = VECTOR('',#4344,1.);
#4344 = DIRECTION('',(-0.668000118953,-0.744161166064));
#4345 = ( GEOMETRIC_REPRESENTATION_CONTEXT(2) 
PARAMETRIC_REPRESENTATION_CONTEXT() REPRESENTATION_CONTEXT('2D SPACE',''
  ) );
#4346 = ORIENTED_EDGE('',*,*,#4295,.T.);
#4347 = ORIENTED_EDGE('',*,*,#1398,.T.);
#4348 = ADVANCED_FACE('',(#4349),#4335,.T.);
#4349 = FACE_BOUND('',#4350,.T.);
#4350 = EDGE_LOOP('',(#4351,#4374,#4375));
#4351 = ORIENTED_EDGE('',*,*,#4352,.F.);
#4352 = EDGE_CURVE('',#3784,#4353,#4355,.T.);
#4353 = VERTEX_POINT('',#4354);
#4354 = CARTESIAN_POINT('',(-26.46125167126,8.560337525947,
    6.628266598806));
#4355 = SURFACE_CURVE('',#4356,(#4360,#4367),.PCURVE_S1.);
#4356 = LINE('',#4357,#4358);
#4357 = CARTESIAN_POINT('',(-45.43436524945,24.427448054458,
    6.579108001502));
#4358 = VECTOR('',#4359,1.);
#4359 = DIRECTION('',(0.767101454034,-0.641522726756,1.987529949415E-03)
  );
#4360 = PCURVE('',#4335,#4361);
#4361 = DEFINITIONAL_REPRESENTATION('',(#4362),#4366);
#4362 = LINE('',#4363,#4364);
#4363 = CARTESIAN_POINT('',(15.825514959242,19.007885948141));
#4364 = VECTOR('',#4365,1.);
#4365 = DIRECTION('',(-0.639840977393,-0.768507334805));
#4366 = ( GEOMETRIC_REPRESENTATION_CONTEXT(2) 
PARAMETRIC_REPRESENTATION_CONTEXT() REPRESENTATION_CONTEXT('2D SPACE',''
  ) );
#4367 = PCURVE('',#3940,#4368);
#4368 = DEFINITIONAL_REPRESENTATION('',(#4369),#4373);
#4369 = LINE('',#4370,#4371);
#4370 = CARTESIAN_POINT('',(-1.864265314185E-02,90.869374680612));
#4371 = VECTOR('',#4372,1.);
#4372 = DIRECTION('',(-0.641525693732,-0.767101547569));
#4373 = ( GEOMETRIC_REPRESENTATION_CONTEXT(2) 
PARAMETRIC_REPRESENTATION_CONTEXT() REPRESENTATION_CONTEXT('2D SPACE',''
  ) );
#4374 = ORIENTED_EDGE('',*,*,#4321,.T.);
#4375 = ORIENTED_EDGE('',*,*,#4376,.T.);
#4376 = EDGE_CURVE('',#1371,#4353,#4377,.T.);
#4377 = SURFACE_CURVE('',#4378,(#4382,#4389),.PCURVE_S1.);
#4378 = LINE('',#4379,#4380);
#4379 = CARTESIAN_POINT('',(-27.69282419411,8.436362809231,
    6.544872843378));
#4380 = VECTOR('',#4381,1.);
#4381 = DIRECTION('',(0.992721114822,9.993103670584E-02,
    6.722035472665E-02));
#4382 = PCURVE('',#4335,#4383);
#4383 = DEFINITIONAL_REPRESENTATION('',(#4384),#4388);
#4384 = LINE('',#4385,#4386);
#4385 = CARTESIAN_POINT('',(-0.129458592309,1.233829648193));
#4386 = VECTOR('',#4387,1.);
#4387 = DIRECTION('',(0.104351368429,-0.994540492844));
#4388 = ( GEOMETRIC_REPRESENTATION_CONTEXT(2) 
PARAMETRIC_REPRESENTATION_CONTEXT() REPRESENTATION_CONTEXT('2D SPACE',''
  ) );
#4389 = PCURVE('',#4390,#4395);
#4390 = PLANE('',#4391);
#4391 = AXIS2_PLACEMENT_3D('',#4392,#4393,#4394);
#4392 = CARTESIAN_POINT('',(-27.69282419411,8.436362809231,
    6.544872843378));
#4393 = DIRECTION('',(0.100257632084,-0.994960388344,-1.494267681102E-03
    ));
#4394 = DIRECTION('',(-0.994961499137,-0.100257744014,5.100506585033E-21
    ));
#4395 = DEFINITIONAL_REPRESENTATION('',(#4396),#4400);
#4396 = LINE('',#4397,#4398);
#4397 = CARTESIAN_POINT('',(0.,0.));
#4398 = VECTOR('',#4399,1.);
#4399 = DIRECTION('',(-0.997738148925,-6.722042977279E-02));
#4400 = ( GEOMETRIC_REPRESENTATION_CONTEXT(2) 
PARAMETRIC_REPRESENTATION_CONTEXT() REPRESENTATION_CONTEXT('2D SPACE',''
  ) );
#4401 = ADVANCED_FACE('',(#4402),#2155,.T.);
#4402 = FACE_BOUND('',#4403,.T.);
#4403 = EDGE_LOOP('',(#4404,#4405,#4406));
#4404 = ORIENTED_EDGE('',*,*,#2342,.F.);
#4405 = ORIENTED_EDGE('',*,*,#2139,.T.);
#4406 = ORIENTED_EDGE('',*,*,#4407,.F.);
#4407 = EDGE_CURVE('',#2314,#1966,#4408,.T.);
#4408 = SURFACE_CURVE('',#4409,(#4413,#4420),.PCURVE_S1.);
#4409 = LINE('',#4410,#4411);
#4410 = CARTESIAN_POINT('',(30.172980178249,-7.705622210677,
    6.591933888543));
#4411 = VECTOR('',#4412,1.);
#4412 = DIRECTION('',(0.675843021314,-0.737045506046,3.640848927162E-04)
  );
#4413 = PCURVE('',#2155,#4414);
#4414 = DEFINITIONAL_REPRESENTATION('',(#4415),#4419);
#4415 = LINE('',#4416,#4417);
#4416 = CARTESIAN_POINT('',(0.,0.));
#4417 = VECTOR('',#4418,1.);
#4418 = DIRECTION('',(-0.737045308702,-0.675843334598));
#4419 = ( GEOMETRIC_REPRESENTATION_CONTEXT(2) 
PARAMETRIC_REPRESENTATION_CONTEXT() REPRESENTATION_CONTEXT('2D SPACE',''
  ) );
#4420 = PCURVE('',#2462,#4421);
#4421 = DEFINITIONAL_REPRESENTATION('',(#4422),#4426);
#4422 = LINE('',#4423,#4424);
#4423 = CARTESIAN_POINT('',(-1.112154694693,-0.613913461024));
#4424 = VECTOR('',#4425,1.);
#4425 = DIRECTION('',(0.675628305497,-0.737242424723));
#4426 = ( GEOMETRIC_REPRESENTATION_CONTEXT(2) 
PARAMETRIC_REPRESENTATION_CONTEXT() REPRESENTATION_CONTEXT('2D SPACE',''
  ) );
#4427 = ADVANCED_FACE('',(#4428),#2462,.T.);
#4428 = FACE_BOUND('',#4429,.T.);
#4429 = EDGE_LOOP('',(#4430,#4431,#4432));
#4430 = ORIENTED_EDGE('',*,*,#2448,.F.);
#4431 = ORIENTED_EDGE('',*,*,#4407,.T.);
#4432 = ORIENTED_EDGE('',*,*,#4433,.F.);
#4433 = EDGE_CURVE('',#2420,#1966,#4434,.T.);
#4434 = SURFACE_CURVE('',#4435,(#4439,#4446),.PCURVE_S1.);
#4435 = LINE('',#4436,#4437);
#4436 = CARTESIAN_POINT('',(31.284446262629,-7.091872726959,
    6.550310372815));
#4437 = VECTOR('',#4438,1.);
#4438 = DIRECTION('',(0.634283622422,-0.77309724008,2.223444925028E-03)
  );
#4439 = PCURVE('',#2462,#4440);
#4440 = DEFINITIONAL_REPRESENTATION('',(#4441),#4445);
#4441 = LINE('',#4442,#4443);
#4442 = CARTESIAN_POINT('',(0.,0.));
#4443 = VECTOR('',#4444,1.);
#4444 = DIRECTION('',(0.634035682846,-0.773303790808));
#4445 = ( GEOMETRIC_REPRESENTATION_CONTEXT(2) 
PARAMETRIC_REPRESENTATION_CONTEXT() REPRESENTATION_CONTEXT('2D SPACE',''
  ) );
#4446 = PCURVE('',#2578,#4447);
#4447 = DEFINITIONAL_REPRESENTATION('',(#4448),#4452);
#4448 = LINE('',#4449,#4450);
#4449 = CARTESIAN_POINT('',(-0.970429357116,-0.773243154108));
#4450 = VECTOR('',#4451,1.);
#4451 = DIRECTION('',(0.634282902924,-0.773101027718));
#4452 = ( GEOMETRIC_REPRESENTATION_CONTEXT(2) 
PARAMETRIC_REPRESENTATION_CONTEXT() REPRESENTATION_CONTEXT('2D SPACE',''
  ) );
#4453 = ADVANCED_FACE('',(#4454),#2578,.T.);
#4454 = FACE_BOUND('',#4455,.T.);
#4455 = EDGE_LOOP('',(#4456,#4457,#4458));
#4456 = ORIENTED_EDGE('',*,*,#2564,.F.);
#4457 = ORIENTED_EDGE('',*,*,#4433,.T.);
#4458 = ORIENTED_EDGE('',*,*,#4459,.F.);
#4459 = EDGE_CURVE('',#2536,#1966,#4460,.T.);
#4460 = SURFACE_CURVE('',#4461,(#4465,#4472),.PCURVE_S1.);
#4461 = LINE('',#4462,#4463);
#4462 = CARTESIAN_POINT('',(32.254831896148,-6.318633361185,
    6.559834972819));
#4463 = VECTOR('',#4464,1.);
#4464 = DIRECTION('',(0.590599610257,-0.806962743191,1.797628043803E-03)
  );
#4465 = PCURVE('',#2578,#4466);
#4466 = DEFINITIONAL_REPRESENTATION('',(#4467),#4471);
#4467 = LINE('',#4468,#4469);
#4468 = CARTESIAN_POINT('',(0.,0.));
#4469 = VECTOR('',#4470,1.);
#4470 = DIRECTION('',(0.590596944068,-0.806966696746));
#4471 = ( GEOMETRIC_REPRESENTATION_CONTEXT(2) 
PARAMETRIC_REPRESENTATION_CONTEXT() REPRESENTATION_CONTEXT('2D SPACE',''
  ) );
#4472 = PCURVE('',#2694,#4473);
#4473 = DEFINITIONAL_REPRESENTATION('',(#4474),#4478);
#4474 = LINE('',#4475,#4476);
#4475 = CARTESIAN_POINT('',(-0.874813428689,-0.934804767298));
#4476 = VECTOR('',#4477,1.);
#4477 = DIRECTION('',(0.590541113881,-0.807007554374));
#4478 = ( GEOMETRIC_REPRESENTATION_CONTEXT(2) 
PARAMETRIC_REPRESENTATION_CONTEXT() REPRESENTATION_CONTEXT('2D SPACE',''
  ) );
#4479 = ADVANCED_FACE('',(#4480),#2694,.T.);
#4480 = FACE_BOUND('',#4481,.T.);
#4481 = EDGE_LOOP('',(#4482,#4483,#4484));
#4482 = ORIENTED_EDGE('',*,*,#2680,.F.);
#4483 = ORIENTED_EDGE('',*,*,#4459,.T.);
#4484 = ORIENTED_EDGE('',*,*,#4485,.F.);
#4485 = EDGE_CURVE('',#2652,#1966,#4486,.T.);
#4486 = SURFACE_CURVE('',#4487,(#4491,#4498),.PCURVE_S1.);
#4487 = LINE('',#4488,#4489);
#4488 = CARTESIAN_POINT('',(33.129477047101,-5.383880501341,
    6.540050157763));
#4489 = VECTOR('',#4490,1.);
#4490 = DIRECTION('',(0.545030084445,-0.838412310573,2.64660711787E-03)
  );
#4491 = PCURVE('',#2694,#4492);
#4492 = DEFINITIONAL_REPRESENTATION('',(#4493),#4497);
#4493 = LINE('',#4494,#4495);
#4494 = CARTESIAN_POINT('',(0.,0.));
#4495 = VECTOR('',#4496,1.);
#4496 = DIRECTION('',(0.544964885459,-0.838458868172));
#4497 = ( GEOMETRIC_REPRESENTATION_CONTEXT(2) 
PARAMETRIC_REPRESENTATION_CONTEXT() REPRESENTATION_CONTEXT('2D SPACE',''
  ) );
#4498 = PCURVE('',#2805,#4499);
#4499 = DEFINITIONAL_REPRESENTATION('',(#4500),#4504);
#4500 = LINE('',#4501,#4502);
#4501 = CARTESIAN_POINT('',(-1.093794190162,0.682430179262));
#4502 = VECTOR('',#4503,1.);
#4503 = DIRECTION('',(-0.838411334211,-0.54503801213));
#4504 = ( GEOMETRIC_REPRESENTATION_CONTEXT(2) 
PARAMETRIC_REPRESENTATION_CONTEXT() REPRESENTATION_CONTEXT('2D SPACE',''
  ) );
#4505 = ADVANCED_FACE('',(#4506),#2805,.T.);
#4506 = FACE_BOUND('',#4507,.T.);
#4507 = EDGE_LOOP('',(#4508,#4509,#4510));
#4508 = ORIENTED_EDGE('',*,*,#2791,.F.);
#4509 = ORIENTED_EDGE('',*,*,#4485,.T.);
#4510 = ORIENTED_EDGE('',*,*,#4511,.F.);
#4511 = EDGE_CURVE('',#2763,#1966,#4512,.T.);
#4512 = SURFACE_CURVE('',#4513,(#4517,#4524),.PCURVE_S1.);
#4513 = LINE('',#4514,#4515);
#4514 = CARTESIAN_POINT('',(33.811897300282,-4.290135114337,
    6.529081727789));
#4515 = VECTOR('',#4516,1.);
#4516 = DIRECTION('',(0.502307776815,-0.864683515587,3.052085072974E-03)
  );
#4517 = PCURVE('',#2805,#4518);
#4518 = DEFINITIONAL_REPRESENTATION('',(#4519),#4523);
#4519 = LINE('',#4520,#4521);
#4520 = CARTESIAN_POINT('',(0.,0.));
#4521 = VECTOR('',#4522,1.);
#4522 = DIRECTION('',(-0.864684657724,-0.502315083087));
#4523 = ( GEOMETRIC_REPRESENTATION_CONTEXT(2) 
PARAMETRIC_REPRESENTATION_CONTEXT() REPRESENTATION_CONTEXT('2D SPACE',''
  ) );
#4524 = PCURVE('',#2921,#4525);
#4525 = DEFINITIONAL_REPRESENTATION('',(#4526),#4530);
#4526 = LINE('',#4527,#4528);
#4527 = CARTESIAN_POINT('',(-0.545437777873,-1.137800900187));
#4528 = VECTOR('',#4529,1.);
#4529 = DIRECTION('',(0.501712512563,-0.865034424019));
#4530 = ( GEOMETRIC_REPRESENTATION_CONTEXT(2) 
PARAMETRIC_REPRESENTATION_CONTEXT() REPRESENTATION_CONTEXT('2D SPACE',''
  ) );
#4531 = ADVANCED_FACE('',(#4532),#2921,.T.);
#4532 = FACE_BOUND('',#4533,.T.);
#4533 = EDGE_LOOP('',(#4534,#4535,#4536));
#4534 = ORIENTED_EDGE('',*,*,#2907,.F.);
#4535 = ORIENTED_EDGE('',*,*,#4511,.T.);
#4536 = ORIENTED_EDGE('',*,*,#4537,.F.);
#4537 = EDGE_CURVE('',#2879,#1966,#4538,.T.);
#4538 = SURFACE_CURVE('',#4539,(#4543,#4550),.PCURVE_S1.);
#4539 = LINE('',#4540,#4541);
#4540 = CARTESIAN_POINT('',(34.35472005002,-3.152795772579,
    6.591499209745));
#4541 = VECTOR('',#4542,1.);
#4542 = DIRECTION('',(0.464399080799,-0.885625972245,3.619926241016E-04)
  );
#4543 = PCURVE('',#2921,#4544);
#4544 = DEFINITIONAL_REPRESENTATION('',(#4545),#4549);
#4545 = LINE('',#4546,#4547);
#4546 = CARTESIAN_POINT('',(0.,0.));
#4547 = VECTOR('',#4548,1.);
#4548 = DIRECTION('',(0.463713173335,-0.885985379606));
#4549 = ( GEOMETRIC_REPRESENTATION_CONTEXT(2) 
PARAMETRIC_REPRESENTATION_CONTEXT() REPRESENTATION_CONTEXT('2D SPACE',''
  ) );
#4550 = PCURVE('',#3037,#4551);
#4551 = DEFINITIONAL_REPRESENTATION('',(#4552),#4556);
#4552 = LINE('',#4553,#4554);
#4553 = CARTESIAN_POINT('',(-0.419298056038,-1.254682539072));
#4554 = VECTOR('',#4555,1.);
#4555 = DIRECTION('',(0.464362666159,-0.885645140153));
#4556 = ( GEOMETRIC_REPRESENTATION_CONTEXT(2) 
PARAMETRIC_REPRESENTATION_CONTEXT() REPRESENTATION_CONTEXT('2D SPACE',''
  ) );
#4557 = ADVANCED_FACE('',(#4558),#3037,.T.);
#4558 = FACE_BOUND('',#4559,.T.);
#4559 = EDGE_LOOP('',(#4560,#4561,#4562));
#4560 = ORIENTED_EDGE('',*,*,#3023,.F.);
#4561 = ORIENTED_EDGE('',*,*,#4537,.T.);
#4562 = ORIENTED_EDGE('',*,*,#4563,.F.);
#4563 = EDGE_CURVE('',#2995,#1966,#4564,.T.);
#4564 = SURFACE_CURVE('',#4565,(#4569,#4576),.PCURVE_S1.);
#4565 = LINE('',#4566,#4567);
#4566 = CARTESIAN_POINT('',(34.773891935938,-1.898140388446,
    6.578310928043));
#4567 = VECTOR('',#4568,1.);
#4568 = DIRECTION('',(0.430226818952,-0.90272039735,8.766206377798E-04)
  );
#4569 = PCURVE('',#3037,#4570);
#4570 = DEFINITIONAL_REPRESENTATION('',(#4571),#4575);
#4571 = LINE('',#4572,#4573);
#4572 = CARTESIAN_POINT('',(0.,0.));
#4573 = VECTOR('',#4574,1.);
#4574 = DIRECTION('',(0.430186714491,-0.902739935239));
#4575 = ( GEOMETRIC_REPRESENTATION_CONTEXT(2) 
PARAMETRIC_REPRESENTATION_CONTEXT() REPRESENTATION_CONTEXT('2D SPACE',''
  ) );
#4576 = PCURVE('',#3148,#4577);
#4577 = DEFINITIONAL_REPRESENTATION('',(#4578),#4582);
#4578 = LINE('',#4579,#4580);
#4579 = CARTESIAN_POINT('',(-0.201938772491,-1.270709118681));
#4580 = VECTOR('',#4581,1.);
#4581 = DIRECTION('',(0.427715057151,-0.903913618598));
#4582 = ( GEOMETRIC_REPRESENTATION_CONTEXT(2) 
PARAMETRIC_REPRESENTATION_CONTEXT() REPRESENTATION_CONTEXT('2D SPACE',''
  ) );
#4583 = ADVANCED_FACE('',(#4584),#3148,.T.);
#4584 = FACE_BOUND('',#4585,.T.);
#4585 = EDGE_LOOP('',(#4586,#4587,#4588));
#4586 = ORIENTED_EDGE('',*,*,#3134,.F.);
#4587 = ORIENTED_EDGE('',*,*,#4563,.T.);
#4588 = ORIENTED_EDGE('',*,*,#3675,.F.);
#4589 = ADVANCED_FACE('',(#4590),#3657,.T.);
#4590 = FACE_BOUND('',#4591,.T.);
#4591 = EDGE_LOOP('',(#4592,#4620,#4641));
#4592 = ORIENTED_EDGE('',*,*,#4593,.F.);
#4593 = EDGE_CURVE('',#4594,#3565,#4596,.T.);
#4594 = VERTEX_POINT('',#4595);
#4595 = CARTESIAN_POINT('',(33.821893954124,4.255629151212,
    6.631566414399));
#4596 = SURFACE_CURVE('',#4597,(#4601,#4608),.PCURVE_S1.);
#4597 = LINE('',#4598,#4599);
#4598 = CARTESIAN_POINT('',(33.821893954124,4.255629151212,
    6.631566414399));
#4599 = VECTOR('',#4600,1.);
#4600 = DIRECTION('',(0.498585634711,0.866830362977,-4.181707928053E-03)
  );
#4601 = PCURVE('',#3657,#4602);
#4602 = DEFINITIONAL_REPRESENTATION('',(#4603),#4607);
#4603 = LINE('',#4604,#4605);
#4604 = CARTESIAN_POINT('',(-11.60935935883,-20.19268443593));
#4605 = VECTOR('',#4606,1.);
#4606 = DIRECTION('',(0.498424848913,0.866932909737));
#4607 = ( GEOMETRIC_REPRESENTATION_CONTEXT(2) 
PARAMETRIC_REPRESENTATION_CONTEXT() REPRESENTATION_CONTEXT('2D SPACE',''
  ) );
#4608 = PCURVE('',#4609,#4614);
#4609 = PLANE('',#4610);
#4610 = AXIS2_PLACEMENT_3D('',#4611,#4612,#4613);
#4611 = CARTESIAN_POINT('',(45.434998351166,24.445925058173,
    6.53416567249));
#4612 = DIRECTION('',(-6.041080421742E-02,3.955877855383E-02,
    0.9973894113));
#4613 = DIRECTION('',(0.998170734266,-7.944923058013E-20,
    6.045812810939E-02));
#4614 = DEFINITIONAL_REPRESENTATION('',(#4615),#4619);
#4615 = LINE('',#4616,#4617);
#4616 = CARTESIAN_POINT('',(-11.58597227657,-20.20611233904));
#4617 = VECTOR('',#4618,1.);
#4618 = DIRECTION('',(0.49742077086,0.86750941016));
#4619 = ( GEOMETRIC_REPRESENTATION_CONTEXT(2) 
PARAMETRIC_REPRESENTATION_CONTEXT() REPRESENTATION_CONTEXT('2D SPACE',''
  ) );
#4620 = ORIENTED_EDGE('',*,*,#4621,.T.);
#4621 = EDGE_CURVE('',#4594,#3454,#4622,.T.);
#4622 = SURFACE_CURVE('',#4623,(#4627,#4634),.PCURVE_S1.);
#4623 = LINE('',#4624,#4625);
#4624 = CARTESIAN_POINT('',(33.821893954124,4.255629151212,
    6.631566414399));
#4625 = VECTOR('',#4626,1.);
#4626 = DIRECTION('',(0.430286822292,-0.90222594682,-2.9010195556E-02));
#4627 = PCURVE('',#3657,#4628);
#4628 = DEFINITIONAL_REPRESENTATION('',(#4629),#4633);
#4629 = LINE('',#4630,#4631);
#4630 = CARTESIAN_POINT('',(-11.60935935883,-20.19268443593));
#4631 = VECTOR('',#4632,1.);
#4632 = DIRECTION('',(0.43104029158,-0.902332680908));
#4633 = ( GEOMETRIC_REPRESENTATION_CONTEXT(2) 
PARAMETRIC_REPRESENTATION_CONTEXT() REPRESENTATION_CONTEXT('2D SPACE',''
  ) );
#4634 = PCURVE('',#3527,#4635);
#4635 = DEFINITIONAL_REPRESENTATION('',(#4636),#4640);
#4636 = LINE('',#4637,#4638);
#4637 = CARTESIAN_POINT('',(0.,0.));
#4638 = VECTOR('',#4639,1.);
#4639 = DIRECTION('',(0.99957909369,-2.901095411016E-02));
#4640 = ( GEOMETRIC_REPRESENTATION_CONTEXT(2) 
PARAMETRIC_REPRESENTATION_CONTEXT() REPRESENTATION_CONTEXT('2D SPACE',''
  ) );
#4641 = ORIENTED_EDGE('',*,*,#3643,.T.);
#4642 = ADVANCED_FACE('',(#4643),#4609,.T.);
#4643 = FACE_BOUND('',#4644,.T.);
#4644 = EDGE_LOOP('',(#4645,#4673,#4699));
#4645 = ORIENTED_EDGE('',*,*,#4646,.F.);
#4646 = EDGE_CURVE('',#4647,#3565,#4649,.T.);
#4647 = VERTEX_POINT('',#4648);
#4648 = CARTESIAN_POINT('',(33.169474900227,5.337556656157,
    6.549138338283));
#4649 = SURFACE_CURVE('',#4650,(#4654,#4661),.PCURVE_S1.);
#4650 = LINE('',#4651,#4652);
#4651 = CARTESIAN_POINT('',(33.169474900227,5.337556656157,
    6.549138338283));
#4652 = VECTOR('',#4653,1.);
#4653 = DIRECTION('',(0.540183097076,0.841547257624,-6.594077303117E-04)
  );
#4654 = PCURVE('',#4609,#4655);
#4655 = DEFINITIONAL_REPRESENTATION('',(#4656),#4660);
#4656 = LINE('',#4657,#4658);
#4657 = CARTESIAN_POINT('',(-12.24218132983,-19.12333728669));
#4658 = VECTOR('',#4659,1.);
#4659 = DIRECTION('',(0.539155092089,0.842206498832));
#4660 = ( GEOMETRIC_REPRESENTATION_CONTEXT(2) 
PARAMETRIC_REPRESENTATION_CONTEXT() REPRESENTATION_CONTEXT('2D SPACE',''
  ) );
#4661 = PCURVE('',#4662,#4667);
#4662 = PLANE('',#4663);
#4663 = AXIS2_PLACEMENT_3D('',#4664,#4665,#4666);
#4664 = CARTESIAN_POINT('',(45.434998351166,24.445925058173,
    6.53416567249));
#4665 = DIRECTION('',(1.908254985108E-02,-1.146557900756E-02,
    0.999752167684));
#4666 = DIRECTION('',(0.999817887625,2.820683559699E-20,
    -1.908380426601E-02));
#4667 = DEFINITIONAL_REPRESENTATION('',(#4668),#4672);
#4668 = LINE('',#4669,#4670);
#4669 = CARTESIAN_POINT('',(-12.26357548275,-19.10962451416));
#4670 = VECTOR('',#4671,1.);
#4671 = DIRECTION('',(0.540097307057,0.84160257777));
#4672 = ( GEOMETRIC_REPRESENTATION_CONTEXT(2) 
PARAMETRIC_REPRESENTATION_CONTEXT() REPRESENTATION_CONTEXT('2D SPACE',''
  ) );
#4673 = ORIENTED_EDGE('',*,*,#4674,.T.);
#4674 = EDGE_CURVE('',#4647,#4594,#4675,.T.);
#4675 = SURFACE_CURVE('',#4676,(#4680,#4687),.PCURVE_S1.);
#4676 = LINE('',#4677,#4678);
#4677 = CARTESIAN_POINT('',(33.169474900227,5.337556656157,
    6.549138338283));
#4678 = VECTOR('',#4679,1.);
#4679 = DIRECTION('',(0.51529773205,-0.854534805828,6.510386296382E-02)
  );
#4680 = PCURVE('',#4609,#4681);
#4681 = DEFINITIONAL_REPRESENTATION('',(#4682),#4686);
#4682 = LINE('',#4683,#4684);
#4683 = CARTESIAN_POINT('',(-12.24218132983,-19.12333728669));
#4684 = VECTOR('',#4685,1.);
#4685 = DIRECTION('',(0.518291173253,-0.855204221065));
#4686 = ( GEOMETRIC_REPRESENTATION_CONTEXT(2) 
PARAMETRIC_REPRESENTATION_CONTEXT() REPRESENTATION_CONTEXT('2D SPACE',''
  ) );
#4687 = PCURVE('',#4688,#4693);
#4688 = PLANE('',#4689);
#4689 = AXIS2_PLACEMENT_3D('',#4690,#4691,#4692);
#4690 = CARTESIAN_POINT('',(33.169474900227,5.337556656157,
    6.549138338283));
#4691 = DIRECTION('',(-0.856340963205,-0.516410744045,
    -3.133253291584E-04));
#4692 = DIRECTION('',(0.516410769394,-0.856341005239,8.015945632984E-21)
  );
#4693 = DEFINITIONAL_REPRESENTATION('',(#4694),#4698);
#4694 = LINE('',#4695,#4696);
#4695 = CARTESIAN_POINT('',(0.,0.));
#4696 = VECTOR('',#4697,1.);
#4697 = DIRECTION('',(0.997878492909,6.510386615954E-02));
#4698 = ( GEOMETRIC_REPRESENTATION_CONTEXT(2) 
PARAMETRIC_REPRESENTATION_CONTEXT() REPRESENTATION_CONTEXT('2D SPACE',''
  ) );
#4699 = ORIENTED_EDGE('',*,*,#4593,.T.);
#4700 = ADVANCED_FACE('',(#4701),#4662,.T.);
#4701 = FACE_BOUND('',#4702,.T.);
#4702 = EDGE_LOOP('',(#4703,#4731,#4757));
#4703 = ORIENTED_EDGE('',*,*,#4704,.F.);
#4704 = EDGE_CURVE('',#4705,#3565,#4707,.T.);
#4705 = VERTEX_POINT('',#4706);
#4706 = CARTESIAN_POINT('',(32.201849132108,6.256150605013,
    6.578142504907));
#4707 = SURFACE_CURVE('',#4708,(#4712,#4719),.PCURVE_S1.);
#4708 = LINE('',#4709,#4710);
#4709 = CARTESIAN_POINT('',(32.201849132108,6.256150605013,
    6.578142504907));
#4710 = VECTOR('',#4711,1.);
#4711 = DIRECTION('',(0.58829333847,0.808645240972,-1.95503557995E-03));
#4712 = PCURVE('',#4662,#4713);
#4713 = DEFINITIONAL_REPRESENTATION('',(#4714),#4718);
#4714 = LINE('',#4715,#4716);
#4715 = CARTESIAN_POINT('',(-13.23157854408,-18.19097018039));
#4716 = VECTOR('',#4717,1.);
#4717 = DIRECTION('',(0.588223512489,0.808698398264));
#4718 = ( GEOMETRIC_REPRESENTATION_CONTEXT(2) 
PARAMETRIC_REPRESENTATION_CONTEXT() REPRESENTATION_CONTEXT('2D SPACE',''
  ) );
#4719 = PCURVE('',#4720,#4725);
#4720 = PLANE('',#4721);
#4721 = AXIS2_PLACEMENT_3D('',#4722,#4723,#4724);
#4722 = CARTESIAN_POINT('',(45.434998351166,24.445925058173,
    6.53416567249));
#4723 = DIRECTION('',(-1.481137432607E-02,1.319253892345E-02,
    0.999803270702));
#4724 = DIRECTION('',(0.999890286483,-6.034229938988E-21,
    1.481266340296E-02));
#4725 = DEFINITIONAL_REPRESENTATION('',(#4726),#4730);
#4726 = LINE('',#4727,#4728);
#4727 = CARTESIAN_POINT('',(-13.23104594969,-18.19135756202));
#4728 = VECTOR('',#4729,1.);
#4729 = DIRECTION('',(0.588199835455,0.808715619715));
#4730 = ( GEOMETRIC_REPRESENTATION_CONTEXT(2) 
PARAMETRIC_REPRESENTATION_CONTEXT() REPRESENTATION_CONTEXT('2D SPACE',''
  ) );
#4731 = ORIENTED_EDGE('',*,*,#4732,.T.);
#4732 = EDGE_CURVE('',#4705,#4647,#4733,.T.);
#4733 = SURFACE_CURVE('',#4734,(#4738,#4745),.PCURVE_S1.);
#4734 = LINE('',#4735,#4736);
#4735 = CARTESIAN_POINT('',(32.201849132108,6.256150605013,
    6.578142504907));
#4736 = VECTOR('',#4737,1.);
#4737 = DIRECTION('',(0.725071550911,-0.68833051072,-2.173370818507E-02)
  );
#4738 = PCURVE('',#4662,#4739);
#4739 = DEFINITIONAL_REPRESENTATION('',(#4740),#4744);
#4740 = LINE('',#4741,#4742);
#4741 = CARTESIAN_POINT('',(-13.23157854408,-18.19097018039));
#4742 = VECTOR('',#4743,1.);
#4743 = DIRECTION('',(0.725354268242,-0.688375758974));
#4744 = ( GEOMETRIC_REPRESENTATION_CONTEXT(2) 
PARAMETRIC_REPRESENTATION_CONTEXT() REPRESENTATION_CONTEXT('2D SPACE',''
  ) );
#4745 = PCURVE('',#4746,#4751);
#4746 = PLANE('',#4747);
#4747 = AXIS2_PLACEMENT_3D('',#4748,#4749,#4750);
#4748 = CARTESIAN_POINT('',(32.201849132108,6.256150605013,
    6.578142504907));
#4749 = DIRECTION('',(-0.688192610636,-0.72538351196,1.44807196784E-02)
  );
#4750 = DIRECTION('',(-0.725459577208,0.688264775967,-4.289159267389E-20
    ));
#4751 = DEFINITIONAL_REPRESENTATION('',(#4752),#4756);
#4752 = LINE('',#4753,#4754);
#4753 = CARTESIAN_POINT('',(0.,-0.));
#4754 = VECTOR('',#4755,1.);
#4755 = DIRECTION('',(-0.999763745522,2.173598722763E-02));
#4756 = ( GEOMETRIC_REPRESENTATION_CONTEXT(2) 
PARAMETRIC_REPRESENTATION_CONTEXT() REPRESENTATION_CONTEXT('2D SPACE',''
  ) );
#4757 = ORIENTED_EDGE('',*,*,#4646,.T.);
#4758 = ADVANCED_FACE('',(#4759),#4720,.T.);
#4759 = FACE_BOUND('',#4760,.T.);
#4760 = EDGE_LOOP('',(#4761,#4789,#4815));
#4761 = ORIENTED_EDGE('',*,*,#4762,.F.);
#4762 = EDGE_CURVE('',#4763,#3565,#4765,.T.);
#4763 = VERTEX_POINT('',#4764);
#4764 = CARTESIAN_POINT('',(31.261863567853,7.059444272576,
    6.553617719133));
#4765 = SURFACE_CURVE('',#4766,(#4770,#4777),.PCURVE_S1.);
#4766 = LINE('',#4767,#4768);
#4767 = CARTESIAN_POINT('',(31.261863567853,7.059444272576,
    6.553617719133));
#4768 = VECTOR('',#4769,1.);
#4769 = DIRECTION('',(0.631843436712,0.775095555066,-8.671792225479E-04)
  );
#4770 = PCURVE('',#4720,#4771);
#4771 = DEFINITIONAL_REPRESENTATION('',(#4772),#4776);
#4772 = LINE('',#4773,#4774);
#4773 = CARTESIAN_POINT('',(-14.17129166222,-17.38799398148));
#4774 = VECTOR('',#4775,1.);
#4775 = DIRECTION('',(0.631761269713,0.775163013882));
#4776 = ( GEOMETRIC_REPRESENTATION_CONTEXT(2) 
PARAMETRIC_REPRESENTATION_CONTEXT() REPRESENTATION_CONTEXT('2D SPACE',''
  ) );
#4777 = PCURVE('',#4778,#4783);
#4778 = PLANE('',#4779);
#4779 = AXIS2_PLACEMENT_3D('',#4780,#4781,#4782);
#4780 = CARTESIAN_POINT('',(45.434998351166,24.445925058173,
    6.53416567249));
#4781 = DIRECTION('',(-5.363330928225E-03,5.490857347082E-03,
    0.99997054215));
#4782 = DIRECTION('',(3.763702589733E-21,0.999984924696,
    -5.490936321916E-03));
#4783 = DEFINITIONAL_REPRESENTATION('',(#4784),#4788);
#4784 = LINE('',#4785,#4786);
#4785 = CARTESIAN_POINT('',(-17.38632548905,14.173338635079));
#4786 = VECTOR('',#4787,1.);
#4787 = DIRECTION('',(0.775088631891,-0.631852524497));
#4788 = ( GEOMETRIC_REPRESENTATION_CONTEXT(2) 
PARAMETRIC_REPRESENTATION_CONTEXT() REPRESENTATION_CONTEXT('2D SPACE',''
  ) );
#4789 = ORIENTED_EDGE('',*,*,#4790,.T.);
#4790 = EDGE_CURVE('',#4763,#4705,#4791,.T.);
#4791 = SURFACE_CURVE('',#4792,(#4796,#4803),.PCURVE_S1.);
#4792 = LINE('',#4793,#4794);
#4793 = CARTESIAN_POINT('',(31.261863567853,7.059444272576,
    6.553617719133));
#4794 = VECTOR('',#4795,1.);
#4795 = DIRECTION('',(0.760068661051,-0.649540126522,1.983064612291E-02)
  );
#4796 = PCURVE('',#4720,#4797);
#4797 = DEFINITIONAL_REPRESENTATION('',(#4798),#4802);
#4798 = LINE('',#4799,#4800);
#4799 = CARTESIAN_POINT('',(-14.17129166222,-17.38799398148));
#4800 = VECTOR('',#4801,1.);
#4801 = DIRECTION('',(0.760279015931,-0.649596657885));
#4802 = ( GEOMETRIC_REPRESENTATION_CONTEXT(2) 
PARAMETRIC_REPRESENTATION_CONTEXT() REPRESENTATION_CONTEXT('2D SPACE',''
  ) );
#4803 = PCURVE('',#4804,#4809);
#4804 = PLANE('',#4805);
#4805 = AXIS2_PLACEMENT_3D('',#4806,#4807,#4808);
#4806 = CARTESIAN_POINT('',(31.261863567853,7.059444272576,
    6.553617719133));
#4807 = DIRECTION('',(-0.649349147935,-0.760326796339,
    -1.577488020336E-02));
#4808 = DIRECTION('',(-0.760421416461,0.649429957261,1.062573605027E-18)
  );
#4809 = DEFINITIONAL_REPRESENTATION('',(#4810),#4814);
#4810 = LINE('',#4811,#4812);
#4811 = CARTESIAN_POINT('',(0.,0.));
#4812 = VECTOR('',#4813,1.);
#4813 = DIRECTION('',(-0.99980330445,-1.983311398037E-02));
#4814 = ( GEOMETRIC_REPRESENTATION_CONTEXT(2) 
PARAMETRIC_REPRESENTATION_CONTEXT() REPRESENTATION_CONTEXT('2D SPACE',''
  ) );
#4815 = ORIENTED_EDGE('',*,*,#4704,.T.);
#4816 = ADVANCED_FACE('',(#4817),#4778,.T.);
#4817 = FACE_BOUND('',#4818,.T.);
#4818 = EDGE_LOOP('',(#4819,#4847,#4873));
#4819 = ORIENTED_EDGE('',*,*,#4820,.F.);
#4820 = EDGE_CURVE('',#4821,#3565,#4823,.T.);
#4821 = VERTEX_POINT('',#4822);
#4822 = CARTESIAN_POINT('',(30.150940577677,7.739255673293,
    6.543926438593));
#4823 = SURFACE_CURVE('',#4824,(#4828,#4835),.PCURVE_S1.);
#4824 = LINE('',#4825,#4826);
#4825 = CARTESIAN_POINT('',(30.150940577677,7.739255673293,
    6.543926438593));
#4826 = VECTOR('',#4827,1.);
#4827 = DIRECTION('',(0.674994950176,0.737822222095,-4.310679746884E-04)
  );
#4828 = PCURVE('',#4778,#4829);
#4829 = DEFINITIONAL_REPRESENTATION('',(#4830),#4834);
#4830 = LINE('',#4831,#4832);
#4831 = CARTESIAN_POINT('',(-16.70647112249,15.284277603628));
#4832 = VECTOR('',#4833,1.);
#4833 = DIRECTION('',(0.737813466167,-0.675004658608));
#4834 = ( GEOMETRIC_REPRESENTATION_CONTEXT(2) 
PARAMETRIC_REPRESENTATION_CONTEXT() REPRESENTATION_CONTEXT('2D SPACE',''
  ) );
#4835 = PCURVE('',#4836,#4841);
#4836 = PLANE('',#4837);
#4837 = AXIS2_PLACEMENT_3D('',#4838,#4839,#4840);
#4838 = CARTESIAN_POINT('',(45.434998351166,24.445925058173,
    6.53416567249));
#4839 = DIRECTION('',(2.697721217667E-02,-2.409617869735E-02,
    0.99934558797));
#4840 = DIRECTION('',(0.999635837301,-3.822792202469E-20,
    -2.698504742192E-02));
#4841 = DEFINITIONAL_REPRESENTATION('',(#4842),#4846);
#4842 = LINE('',#4843,#4844);
#4843 = CARTESIAN_POINT('',(-15.27875528448,-16.71152165987));
#4844 = VECTOR('',#4845,1.);
#4845 = DIRECTION('',(0.674760774583,0.738036514736));
#4846 = ( GEOMETRIC_REPRESENTATION_CONTEXT(2) 
PARAMETRIC_REPRESENTATION_CONTEXT() REPRESENTATION_CONTEXT('2D SPACE',''
  ) );
#4847 = ORIENTED_EDGE('',*,*,#4848,.T.);
#4848 = EDGE_CURVE('',#4821,#4763,#4849,.T.);
#4849 = SURFACE_CURVE('',#4850,(#4854,#4861),.PCURVE_S1.);
#4850 = LINE('',#4851,#4852);
#4851 = CARTESIAN_POINT('',(30.150940577677,7.739255673293,
    6.543926438593));
#4852 = VECTOR('',#4853,1.);
#4853 = DIRECTION('',(0.852945812934,-0.521946429189,7.440783233583E-03)
  );
#4854 = PCURVE('',#4778,#4855);
#4855 = DEFINITIONAL_REPRESENTATION('',(#4856),#4860);
#4856 = LINE('',#4857,#4858);
#4857 = CARTESIAN_POINT('',(-16.70647112249,15.284277603628));
#4858 = VECTOR('',#4859,1.);
#4859 = DIRECTION('',(-0.521979417554,-0.852958080828));
#4860 = ( GEOMETRIC_REPRESENTATION_CONTEXT(2) 
PARAMETRIC_REPRESENTATION_CONTEXT() REPRESENTATION_CONTEXT('2D SPACE',''
  ) );
#4861 = PCURVE('',#4862,#4867);
#4862 = PLANE('',#4863);
#4863 = AXIS2_PLACEMENT_3D('',#4864,#4865,#4866);
#4864 = CARTESIAN_POINT('',(30.150940577677,7.739255673293,
    6.543926438593));
#4865 = DIRECTION('',(-0.521932500341,-0.852978062063,
    -3.858850462409E-03));
#4866 = DIRECTION('',(-0.852984412866,0.521936386361,1.635053642634E-19)
  );
#4867 = DEFINITIONAL_REPRESENTATION('',(#4868),#4872);
#4868 = LINE('',#4869,#4870);
#4869 = CARTESIAN_POINT('',(0.,0.));
#4870 = VECTOR('',#4871,1.);
#4871 = DIRECTION('',(-0.999972316577,-7.440838633537E-03));
#4872 = ( GEOMETRIC_REPRESENTATION_CONTEXT(2) 
PARAMETRIC_REPRESENTATION_CONTEXT() REPRESENTATION_CONTEXT('2D SPACE',''
  ) );
#4873 = ORIENTED_EDGE('',*,*,#4762,.T.);
#4874 = ADVANCED_FACE('',(#4875),#4836,.T.);
#4875 = FACE_BOUND('',#4876,.T.);
#4876 = EDGE_LOOP('',(#4877,#4905,#4931));
#4877 = ORIENTED_EDGE('',*,*,#4878,.F.);
#4878 = EDGE_CURVE('',#4879,#3565,#4881,.T.);
#4879 = VERTEX_POINT('',#4880);
#4880 = CARTESIAN_POINT('',(28.972744977992,8.142109739042,
    6.585445285261));
#4881 = SURFACE_CURVE('',#4882,(#4886,#4893),.PCURVE_S1.);
#4882 = LINE('',#4883,#4884);
#4883 = CARTESIAN_POINT('',(28.972744977992,8.142109739042,
    6.585445285261));
#4884 = VECTOR('',#4885,1.);
#4885 = DIRECTION('',(0.7105159004,0.703677665434,-2.213243801713E-03));
#4886 = PCURVE('',#4836,#4887);
#4887 = DEFINITIONAL_REPRESENTATION('',(#4888),#4892);
#4888 = LINE('',#4889,#4890);
#4889 = CARTESIAN_POINT('',(-16.45764221732,-16.30855058942));
#4890 = VECTOR('',#4891,1.);
#4891 = DIRECTION('',(0.7103168815,0.703882041151));
#4892 = ( GEOMETRIC_REPRESENTATION_CONTEXT(2) 
PARAMETRIC_REPRESENTATION_CONTEXT() REPRESENTATION_CONTEXT('2D SPACE',''
  ) );
#4893 = PCURVE('',#4894,#4899);
#4894 = PLANE('',#4895);
#4895 = AXIS2_PLACEMENT_3D('',#4896,#4897,#4898);
#4896 = CARTESIAN_POINT('',(45.434998351166,24.445925058173,
    6.53416567249));
#4897 = DIRECTION('',(-1.670129573723E-02,2.000778037629E-02,
    0.999660320031));
#4898 = DIRECTION('',(-3.330762387155E-20,0.99979976847,
    -2.001057137808E-02));
#4899 = DEFINITIONAL_REPRESENTATION('',(#4900),#4904);
#4900 = LINE('',#4901,#4902);
#4901 = CARTESIAN_POINT('',(-16.3015769156,16.464549788754));
#4902 = VECTOR('',#4903,1.);
#4903 = DIRECTION('',(0.703581055252,-0.7106150144));
#4904 = ( GEOMETRIC_REPRESENTATION_CONTEXT(2) 
PARAMETRIC_REPRESENTATION_CONTEXT() REPRESENTATION_CONTEXT('2D SPACE',''
  ) );
#4905 = ORIENTED_EDGE('',*,*,#4906,.T.);
#4906 = EDGE_CURVE('',#4879,#4821,#4907,.T.);
#4907 = SURFACE_CURVE('',#4908,(#4912,#4919),.PCURVE_S1.);
#4908 = LINE('',#4909,#4910);
#4909 = CARTESIAN_POINT('',(28.972744977992,8.142109739042,
    6.585445285261));
#4910 = VECTOR('',#4911,1.);
#4911 = DIRECTION('',(0.945690749771,-0.323354936641,-3.33255269718E-02)
  );
#4912 = PCURVE('',#4836,#4913);
#4913 = DEFINITIONAL_REPRESENTATION('',(#4914),#4918);
#4914 = LINE('',#4915,#4916);
#4915 = CARTESIAN_POINT('',(-16.45764221732,-16.30855058942));
#4916 = VECTOR('',#4917,1.);
#4917 = DIRECTION('',(0.9462456554,-0.323448851654));
#4918 = ( GEOMETRIC_REPRESENTATION_CONTEXT(2) 
PARAMETRIC_REPRESENTATION_CONTEXT() REPRESENTATION_CONTEXT('2D SPACE',''
  ) );
#4919 = PCURVE('',#4920,#4925);
#4920 = PLANE('',#4921);
#4921 = AXIS2_PLACEMENT_3D('',#4922,#4923,#4924);
#4922 = CARTESIAN_POINT('',(28.972744977992,8.142109739042,
    6.585445285261));
#4923 = DIRECTION('',(-0.323530364113,-0.946217778909,1.355518121448E-04
    ));
#4924 = DIRECTION('',(-0.946217787602,0.323530367085,9.507319707568E-21)
  );
#4925 = DEFINITIONAL_REPRESENTATION('',(#4926),#4930);
#4926 = LINE('',#4927,#4928);
#4927 = CARTESIAN_POINT('',(0.,-0.));
#4928 = VECTOR('',#4929,1.);
#4929 = DIRECTION('',(-0.999444550354,3.332552727797E-02));
#4930 = ( GEOMETRIC_REPRESENTATION_CONTEXT(2) 
PARAMETRIC_REPRESENTATION_CONTEXT() REPRESENTATION_CONTEXT('2D SPACE',''
  ) );
#4931 = ORIENTED_EDGE('',*,*,#4820,.T.);
#4932 = ADVANCED_FACE('',(#4933),#4920,.T.);
#4933 = FACE_BOUND('',#4934,.T.);
#4934 = EDGE_LOOP('',(#4935,#4963,#4989));
#4935 = ORIENTED_EDGE('',*,*,#4936,.T.);
#4936 = EDGE_CURVE('',#4879,#4937,#4939,.T.);
#4937 = VERTEX_POINT('',#4938);
#4938 = CARTESIAN_POINT('',(30.179427100795,7.728896024594,
    2.219169906666));
#4939 = SURFACE_CURVE('',#4940,(#4944,#4951),.PCURVE_S1.);
#4940 = LINE('',#4941,#4942);
#4941 = CARTESIAN_POINT('',(28.972744977992,8.142109739042,
    6.585445285261));
#4942 = VECTOR('',#4943,1.);
#4943 = DIRECTION('',(0.265277346809,-9.084102247154E-02,-0.959883241809
    ));
#4944 = PCURVE('',#4920,#4945);
#4945 = DEFINITIONAL_REPRESENTATION('',(#4946),#4950);
#4946 = LINE('',#4947,#4948);
#4947 = CARTESIAN_POINT('',(0.,-0.));
#4948 = VECTOR('',#4949,1.);
#4949 = DIRECTION('',(-0.280399973545,0.959883250628));
#4950 = ( GEOMETRIC_REPRESENTATION_CONTEXT(2) 
PARAMETRIC_REPRESENTATION_CONTEXT() REPRESENTATION_CONTEXT('2D SPACE',''
  ) );
#4951 = PCURVE('',#4952,#4957);
#4952 = PLANE('',#4953);
#4953 = AXIS2_PLACEMENT_3D('',#4954,#4955,#4956);
#4954 = CARTESIAN_POINT('',(28.972744977992,8.142109739042,
    6.585445285261));
#4955 = DIRECTION('',(-0.335978332803,-0.941862381267,
    -3.716805142444E-03));
#4956 = DIRECTION('',(-0.94186888708,0.335980653537,3.863780179512E-20)
  );
#4957 = DEFINITIONAL_REPRESENTATION('',(#4958),#4962);
#4958 = LINE('',#4959,#4960);
#4959 = CARTESIAN_POINT('',(0.,0.));
#4960 = VECTOR('',#4961,1.);
#4961 = DIRECTION('',(-0.280377305504,0.959889872099));
#4962 = ( GEOMETRIC_REPRESENTATION_CONTEXT(2) 
PARAMETRIC_REPRESENTATION_CONTEXT() REPRESENTATION_CONTEXT('2D SPACE',''
  ) );
#4963 = ORIENTED_EDGE('',*,*,#4964,.F.);
#4964 = EDGE_CURVE('',#4821,#4937,#4965,.T.);
#4965 = SURFACE_CURVE('',#4966,(#4970,#4977),.PCURVE_S1.);
#4966 = LINE('',#4967,#4968);
#4967 = CARTESIAN_POINT('',(30.150940577677,7.739255673293,
    6.543926438593));
#4968 = VECTOR('',#4969,1.);
#4969 = DIRECTION('',(6.586688346129E-03,-2.395370507976E-03,
    -0.999975438567));
#4970 = PCURVE('',#4920,#4971);
#4971 = DEFINITIONAL_REPRESENTATION('',(#4972),#4976);
#4972 = LINE('',#4973,#4974);
#4973 = CARTESIAN_POINT('',(-1.245165157469,4.151884704972E-02));
#4974 = VECTOR('',#4975,1.);
#4975 = DIRECTION('',(-7.007416774246E-03,0.999975447754));
#4976 = ( GEOMETRIC_REPRESENTATION_CONTEXT(2) 
PARAMETRIC_REPRESENTATION_CONTEXT() REPRESENTATION_CONTEXT('2D SPACE',''
  ) );
#4977 = PCURVE('',#4978,#4983);
#4978 = PLANE('',#4979);
#4979 = AXIS2_PLACEMENT_3D('',#4980,#4981,#4982);
#4980 = CARTESIAN_POINT('',(30.150940577677,7.739255673293,
    6.543926438593));
#4981 = DIRECTION('',(-0.514530194511,-0.8574712219,-1.335121552039E-03)
  );
#4982 = DIRECTION('',(-0.857471986144,0.514530653099,-2.852688575124E-20
    ));
#4983 = DEFINITIONAL_REPRESENTATION('',(#4984),#4988);
#4984 = LINE('',#4985,#4986);
#4985 = CARTESIAN_POINT('',(0.,0.));
#4986 = VECTOR('',#4987,1.);
#4987 = DIRECTION('',(-6.880392290148E-03,0.999976329821));
#4988 = ( GEOMETRIC_REPRESENTATION_CONTEXT(2) 
PARAMETRIC_REPRESENTATION_CONTEXT() REPRESENTATION_CONTEXT('2D SPACE',''
  ) );
#4989 = ORIENTED_EDGE('',*,*,#4906,.F.);
#4990 = ADVANCED_FACE('',(#4991),#4952,.T.);
#4991 = FACE_BOUND('',#4992,.T.);
#4992 = EDGE_LOOP('',(#4993,#5021,#5047));
#4993 = ORIENTED_EDGE('',*,*,#4994,.F.);
#4994 = EDGE_CURVE('',#4995,#4879,#4997,.T.);
#4995 = VERTEX_POINT('',#4996);
#4996 = CARTESIAN_POINT('',(28.932739899516,8.173694138776,
    2.197989459754));
#4997 = SURFACE_CURVE('',#4998,(#5002,#5009),.PCURVE_S1.);
#4998 = LINE('',#4999,#5000);
#4999 = CARTESIAN_POINT('',(28.932739899516,8.173694138776,
    2.197989459754));
#5000 = VECTOR('',#5001,1.);
#5001 = DIRECTION('',(9.117443175268E-03,-7.198310333907E-03,
    0.999932526003));
#5002 = PCURVE('',#4952,#5003);
#5003 = DEFINITIONAL_REPRESENTATION('',(#5004),#5008);
#5004 = LINE('',#5005,#5006);
#5005 = CARTESIAN_POINT('',(4.829128600557E-02,4.387486131384));
#5006 = VECTOR('',#5007,1.);
#5007 = DIRECTION('',(-1.100592906685E-02,-0.999939432929));
#5008 = ( GEOMETRIC_REPRESENTATION_CONTEXT(2) 
PARAMETRIC_REPRESENTATION_CONTEXT() REPRESENTATION_CONTEXT('2D SPACE',''
  ) );
#5009 = PCURVE('',#5010,#5015);
#5010 = PLANE('',#5011);
#5011 = AXIS2_PLACEMENT_3D('',#5012,#5013,#5014);
#5012 = CARTESIAN_POINT('',(27.679008571657,8.485958007393,
    6.556948890642));
#5013 = DIRECTION('',(-0.256764135005,-0.966463072163,
    -4.616180181466E-03));
#5014 = DIRECTION('',(-0.966473369567,0.256766870758,1.416406805434E-19)
  );
#5015 = DEFINITIONAL_REPRESENTATION('',(#5016),#5020);
#5016 = LINE('',#5017,#5018);
#5017 = CARTESIAN_POINT('',(-1.291876957363,4.359005874424));
#5018 = VECTOR('',#5019,1.);
#5019 = DIRECTION('',(-1.066005364661E-02,-0.999943180014));
#5020 = ( GEOMETRIC_REPRESENTATION_CONTEXT(2) 
PARAMETRIC_REPRESENTATION_CONTEXT() REPRESENTATION_CONTEXT('2D SPACE',''
  ) );
#5021 = ORIENTED_EDGE('',*,*,#5022,.T.);
#5022 = EDGE_CURVE('',#4995,#4937,#5023,.T.);
#5023 = SURFACE_CURVE('',#5024,(#5028,#5035),.PCURVE_S1.);
#5024 = LINE('',#5025,#5026);
#5025 = CARTESIAN_POINT('',(28.932739899516,8.173694138776,
    2.197989459754));
#5026 = VECTOR('',#5027,1.);
#5027 = DIRECTION('',(0.941728348001,-0.335993658098,1.599938401528E-02)
  );
#5028 = PCURVE('',#4952,#5029);
#5029 = DEFINITIONAL_REPRESENTATION('',(#5030),#5034);
#5030 = LINE('',#5031,#5032);
#5031 = CARTESIAN_POINT('',(4.829128600557E-02,4.387486131384));
#5032 = VECTOR('',#5033,1.);
#5033 = DIRECTION('',(-0.999871999895,-1.599949452929E-02));
#5034 = ( GEOMETRIC_REPRESENTATION_CONTEXT(2) 
PARAMETRIC_REPRESENTATION_CONTEXT() REPRESENTATION_CONTEXT('2D SPACE',''
  ) );
#5035 = PCURVE('',#5036,#5041);
#5036 = PLANE('',#5037);
#5037 = AXIS2_PLACEMENT_3D('',#5038,#5039,#5040);
#5038 = CARTESIAN_POINT('',(32.275481552945,6.285262353371,
    2.144030093643));
#5039 = DIRECTION('',(-7.266925864141E-02,-0.156776757133,0.984956967218
    ));
#5040 = DIRECTION('',(1.293747638351E-18,0.987568003887,0.157192358905)
  );
#5041 = DEFINITIONAL_REPRESENTATION('',(#5042),#5046);
#5042 = LINE('',#5043,#5044);
#5043 = CARTESIAN_POINT('',(1.873436808833,3.351602975622));
#5044 = VECTOR('',#5045,1.);
#5045 = DIRECTION('',(-0.329301605333,-0.944224789298));
#5046 = ( GEOMETRIC_REPRESENTATION_CONTEXT(2) 
PARAMETRIC_REPRESENTATION_CONTEXT() REPRESENTATION_CONTEXT('2D SPACE',''
  ) );
#5047 = ORIENTED_EDGE('',*,*,#4936,.F.);
#5048 = ADVANCED_FACE('',(#5049),#5010,.T.);
#5049 = FACE_BOUND('',#5050,.T.);
#5050 = EDGE_LOOP('',(#5051,#5079,#5080));
#5051 = ORIENTED_EDGE('',*,*,#5052,.T.);
#5052 = EDGE_CURVE('',#5053,#4995,#5055,.T.);
#5053 = VERTEX_POINT('',#5054);
#5054 = CARTESIAN_POINT('',(27.679008571657,8.485958007393,
    6.556948890642));
#5055 = SURFACE_CURVE('',#5056,(#5060,#5067),.PCURVE_S1.);
#5056 = LINE('',#5057,#5058);
#5057 = CARTESIAN_POINT('',(27.679008571657,8.485958007393,
    6.556948890642));
#5058 = VECTOR('',#5059,1.);
#5059 = DIRECTION('',(0.275762697304,-6.868355664973E-02,-0.958768743661
    ));
#5060 = PCURVE('',#5010,#5061);
#5061 = DEFINITIONAL_REPRESENTATION('',(#5062),#5066);
#5062 = LINE('',#5063,#5064);
#5063 = CARTESIAN_POINT('',(0.,0.));
#5064 = VECTOR('',#5065,1.);
#5065 = DIRECTION('',(-0.284152965178,0.958778959083));
#5066 = ( GEOMETRIC_REPRESENTATION_CONTEXT(2) 
PARAMETRIC_REPRESENTATION_CONTEXT() REPRESENTATION_CONTEXT('2D SPACE',''
  ) );
#5067 = PCURVE('',#5068,#5073);
#5068 = PLANE('',#5069);
#5069 = AXIS2_PLACEMENT_3D('',#5070,#5071,#5072);
#5070 = CARTESIAN_POINT('',(27.679008571657,8.485958007393,
    6.556948890642));
#5071 = DIRECTION('',(-0.278206846177,-0.960455724517,
    -1.121391911953E-02));
#5072 = DIRECTION('',(-0.960516119819,0.278224340358,-4.642931006959E-19
    ));
#5073 = DEFINITIONAL_REPRESENTATION('',(#5074),#5078);
#5074 = LINE('',#5075,#5076);
#5075 = CARTESIAN_POINT('',(0.,0.));
#5076 = VECTOR('',#5077,1.);
#5077 = DIRECTION('',(-0.283983953247,0.958829032882));
#5078 = ( GEOMETRIC_REPRESENTATION_CONTEXT(2) 
PARAMETRIC_REPRESENTATION_CONTEXT() REPRESENTATION_CONTEXT('2D SPACE',''
  ) );
#5079 = ORIENTED_EDGE('',*,*,#4994,.T.);
#5080 = ORIENTED_EDGE('',*,*,#5081,.F.);
#5081 = EDGE_CURVE('',#5053,#4879,#5082,.T.);
#5082 = SURFACE_CURVE('',#5083,(#5087,#5094),.PCURVE_S1.);
#5083 = LINE('',#5084,#5085);
#5084 = CARTESIAN_POINT('',(27.679008571657,8.485958007393,
    6.556948890642));
#5085 = VECTOR('',#5086,1.);
#5086 = DIRECTION('',(0.966229232771,-0.256803663322,2.12825807284E-02)
  );
#5087 = PCURVE('',#5010,#5088);
#5088 = DEFINITIONAL_REPRESENTATION('',(#5089),#5093);
#5089 = LINE('',#5090,#5091);
#5090 = CARTESIAN_POINT('',(0.,0.));
#5091 = VECTOR('',#5092,1.);
#5092 = DIRECTION('',(-0.999773495401,-2.128280748855E-02));
#5093 = ( GEOMETRIC_REPRESENTATION_CONTEXT(2) 
PARAMETRIC_REPRESENTATION_CONTEXT() REPRESENTATION_CONTEXT('2D SPACE',''
  ) );
#5094 = PCURVE('',#4894,#5095);
#5095 = DEFINITIONAL_REPRESENTATION('',(#5096),#5100);
#5096 = LINE('',#5097,#5098);
#5097 = CARTESIAN_POINT('',(-15.95722726737,17.758466665913));
#5098 = VECTOR('',#5099,1.);
#5099 = DIRECTION('',(-0.257178119732,-0.966364017713));
#5100 = ( GEOMETRIC_REPRESENTATION_CONTEXT(2) 
PARAMETRIC_REPRESENTATION_CONTEXT() REPRESENTATION_CONTEXT('2D SPACE',''
  ) );
#5101 = ADVANCED_FACE('',(#5102),#5068,.T.);
#5102 = FACE_BOUND('',#5103,.T.);
#5103 = EDGE_LOOP('',(#5104,#5132,#5158));
#5104 = ORIENTED_EDGE('',*,*,#5105,.T.);
#5105 = EDGE_CURVE('',#5053,#5106,#5108,.T.);
#5106 = VERTEX_POINT('',#5107);
#5107 = CARTESIAN_POINT('',(27.687156289099,8.534508207132,
    2.196558244226));
#5108 = SURFACE_CURVE('',#5109,(#5113,#5120),.PCURVE_S1.);
#5109 = LINE('',#5110,#5111);
#5110 = CARTESIAN_POINT('',(27.679008571657,8.485958007393,
    6.556948890642));
#5111 = VECTOR('',#5112,1.);
#5112 = DIRECTION('',(1.868456033943E-03,1.113365973999E-02,
    -0.999936273216));
#5113 = PCURVE('',#5068,#5114);
#5114 = DEFINITIONAL_REPRESENTATION('',(#5115),#5119);
#5115 = LINE('',#5116,#5117);
#5116 = CARTESIAN_POINT('',(0.,0.));
#5117 = VECTOR('',#5118,1.);
#5118 = DIRECTION('',(1.302972997157E-03,0.99999915113));
#5119 = ( GEOMETRIC_REPRESENTATION_CONTEXT(2) 
PARAMETRIC_REPRESENTATION_CONTEXT() REPRESENTATION_CONTEXT('2D SPACE',''
  ) );
#5120 = PCURVE('',#5121,#5126);
#5121 = PLANE('',#5122);
#5122 = AXIS2_PLACEMENT_3D('',#5123,#5124,#5125);
#5123 = CARTESIAN_POINT('',(26.387422834855,8.564545862184,
    6.600693154175));
#5124 = DIRECTION('',(-6.110871113409E-02,-0.998067973094,
    -1.122704361324E-02));
#5125 = DIRECTION('',(-0.998130880532,6.111256276804E-02,
    1.049713698067E-20));
#5126 = DEFINITIONAL_REPRESENTATION('',(#5127),#5131);
#5127 = LINE('',#5128,#5129);
#5128 = CARTESIAN_POINT('',(-1.293974313965,4.374702069939E-02));
#5129 = VECTOR('',#5130,1.);
#5130 = DIRECTION('',(-1.184557186697E-03,0.999999298412));
#5131 = ( GEOMETRIC_REPRESENTATION_CONTEXT(2) 
PARAMETRIC_REPRESENTATION_CONTEXT() REPRESENTATION_CONTEXT('2D SPACE',''
  ) );
#5132 = ORIENTED_EDGE('',*,*,#5133,.T.);
#5133 = EDGE_CURVE('',#5106,#4995,#5134,.T.);
#5134 = SURFACE_CURVE('',#5135,(#5139,#5146),.PCURVE_S1.);
#5135 = LINE('',#5136,#5137);
#5136 = CARTESIAN_POINT('',(27.687156289099,8.534508207132,
    2.196558244226));
#5137 = VECTOR('',#5138,1.);
#5138 = DIRECTION('',(0.960512091143,-0.278236059316,1.103659206657E-03)
  );
#5139 = PCURVE('',#5068,#5140);
#5140 = DEFINITIONAL_REPRESENTATION('',(#5141),#5145);
#5141 = LINE('',#5142,#5143);
#5142 = CARTESIAN_POINT('',(5.681833354303E-03,4.360664836159));
#5143 = VECTOR('',#5144,1.);
#5144 = DIRECTION('',(-0.999999390891,-1.103728606869E-03));
#5145 = ( GEOMETRIC_REPRESENTATION_CONTEXT(2) 
PARAMETRIC_REPRESENTATION_CONTEXT() REPRESENTATION_CONTEXT('2D SPACE',''
  ) );
#5146 = PCURVE('',#5147,#5152);
#5147 = PLANE('',#5148);
#5148 = AXIS2_PLACEMENT_3D('',#5149,#5150,#5151);
#5149 = CARTESIAN_POINT('',(28.932739899516,8.173694138776,
    2.197989459754));
#5150 = DIRECTION('',(1.555793169355E-02,5.766783165748E-02,
    0.998214592136));
#5151 = DIRECTION('',(5.107011107508E-20,0.998335422613,
    -5.76748121521E-02));
#5152 = DEFINITIONAL_REPRESENTATION('',(#5153),#5157);
#5153 = LINE('',#5154,#5155);
#5154 = CARTESIAN_POINT('',(0.360296010504,1.245734384071));
#5155 = VECTOR('',#5156,1.);
#5156 = DIRECTION('',(-0.277836567201,-0.960628357861));
#5157 = ( GEOMETRIC_REPRESENTATION_CONTEXT(2) 
PARAMETRIC_REPRESENTATION_CONTEXT() REPRESENTATION_CONTEXT('2D SPACE',''
  ) );
#5158 = ORIENTED_EDGE('',*,*,#5052,.F.);
#5159 = ADVANCED_FACE('',(#5160),#5121,.T.);
#5160 = FACE_BOUND('',#5161,.T.);
#5161 = EDGE_LOOP('',(#5162,#5190,#5191));
#5162 = ORIENTED_EDGE('',*,*,#5163,.T.);
#5163 = EDGE_CURVE('',#5164,#5106,#5166,.T.);
#5164 = VERTEX_POINT('',#5165);
#5165 = CARTESIAN_POINT('',(26.387422834855,8.564545862184,
    6.600693154175));
#5166 = SURFACE_CURVE('',#5167,(#5171,#5178),.PCURVE_S1.);
#5167 = LINE('',#5168,#5169);
#5168 = CARTESIAN_POINT('',(26.387422834855,8.564545862184,
    6.600693154175));
#5169 = VECTOR('',#5170,1.);
#5170 = DIRECTION('',(0.283041995465,-6.541277980654E-03,-0.959085210232
    ));
#5171 = PCURVE('',#5121,#5172);
#5172 = DEFINITIONAL_REPRESENTATION('',(#5173),#5177);
#5173 = LINE('',#5174,#5175);
#5174 = CARTESIAN_POINT('',(0.,0.));
#5175 = VECTOR('',#5176,1.);
#5176 = DIRECTION('',(-0.282912710422,0.959145660618));
#5177 = ( GEOMETRIC_REPRESENTATION_CONTEXT(2) 
PARAMETRIC_REPRESENTATION_CONTEXT() REPRESENTATION_CONTEXT('2D SPACE',''
  ) );
#5178 = PCURVE('',#5179,#5184);
#5179 = PLANE('',#5180);
#5180 = AXIS2_PLACEMENT_3D('',#5181,#5182,#5183);
#5181 = CARTESIAN_POINT('',(26.387422834855,8.564545862184,
    6.600693154175));
#5182 = DIRECTION('',(2.581762776747E-02,-0.999562422218,
    1.443655724904E-02));
#5183 = DIRECTION('',(-0.999666599997,-2.582031856801E-02,
    -2.687859169984E-20));
#5184 = DEFINITIONAL_REPRESENTATION('',(#5185),#5189);
#5185 = LINE('',#5186,#5187);
#5186 = CARTESIAN_POINT('',(-0.,0.));
#5187 = VECTOR('',#5188,1.);
#5188 = DIRECTION('',(-0.282778731381,0.959185169338));
#5189 = ( GEOMETRIC_REPRESENTATION_CONTEXT(2) 
PARAMETRIC_REPRESENTATION_CONTEXT() REPRESENTATION_CONTEXT('2D SPACE',''
  ) );
#5190 = ORIENTED_EDGE('',*,*,#5105,.F.);
#5191 = ORIENTED_EDGE('',*,*,#5192,.F.);
#5192 = EDGE_CURVE('',#5164,#5053,#5193,.T.);
#5193 = SURFACE_CURVE('',#5194,(#5198,#5205),.PCURVE_S1.);
#5194 = LINE('',#5195,#5196);
#5195 = CARTESIAN_POINT('',(26.387422834855,8.564545862184,
    6.600693154175));
#5196 = VECTOR('',#5197,1.);
#5197 = DIRECTION('',(0.997584121085,-6.069902586826E-02,
    -3.378682610496E-02));
#5198 = PCURVE('',#5121,#5199);
#5199 = DEFINITIONAL_REPRESENTATION('',(#5200),#5204);
#5200 = LINE('',#5201,#5202);
#5201 = CARTESIAN_POINT('',(0.,0.));
#5202 = VECTOR('',#5203,1.);
#5203 = DIRECTION('',(-0.999428990212,3.378895566201E-02));
#5204 = ( GEOMETRIC_REPRESENTATION_CONTEXT(2) 
PARAMETRIC_REPRESENTATION_CONTEXT() REPRESENTATION_CONTEXT('2D SPACE',''
  ) );
#5205 = PCURVE('',#5206,#5211);
#5206 = PLANE('',#5207);
#5207 = AXIS2_PLACEMENT_3D('',#5208,#5209,#5210);
#5208 = CARTESIAN_POINT('',(45.434998351166,24.445925058173,
    6.53416567249));
#5209 = DIRECTION('',(3.176832292099E-02,-3.391732651875E-02,
    0.99891961069));
#5210 = DIRECTION('',(1.111588422994E-19,0.999424060542,
    3.39344546141E-02));
#5211 = DEFINITIONAL_REPRESENTATION('',(#5212),#5216);
#5212 = LINE('',#5213,#5214);
#5213 = CARTESIAN_POINT('',(-15.86997490925,19.057194455161));
#5214 = VECTOR('',#5215,1.);
#5215 = DIRECTION('',(-6.181060442121E-02,-0.998087896521));
#5216 = ( GEOMETRIC_REPRESENTATION_CONTEXT(2) 
PARAMETRIC_REPRESENTATION_CONTEXT() REPRESENTATION_CONTEXT('2D SPACE',''
  ) );
#5217 = ADVANCED_FACE('',(#5218),#5179,.T.);
#5218 = FACE_BOUND('',#5219,.T.);
#5219 = EDGE_LOOP('',(#5220,#5248,#5269));
#5220 = ORIENTED_EDGE('',*,*,#5221,.T.);
#5221 = EDGE_CURVE('',#5164,#5222,#5224,.T.);
#5222 = VERTEX_POINT('',#5223);
#5223 = CARTESIAN_POINT('',(26.426499163353,8.502257469852,
    2.218069698485));
#5224 = SURFACE_CURVE('',#5225,(#5229,#5236),.PCURVE_S1.);
#5225 = LINE('',#5226,#5227);
#5226 = CARTESIAN_POINT('',(26.387422834855,8.564545862184,
    6.600693154175));
#5227 = VECTOR('',#5228,1.);
#5228 = DIRECTION('',(8.914941048019E-03,-1.421058136638E-02,
    -0.999859281701));
#5229 = PCURVE('',#5179,#5230);
#5230 = DEFINITIONAL_REPRESENTATION('',(#5231),#5235);
#5231 = LINE('',#5232,#5233);
#5232 = CARTESIAN_POINT('',(-0.,0.));
#5233 = VECTOR('',#5234,1.);
#5234 = DIRECTION('',(-8.545047068728E-03,0.999963490419));
#5235 = ( GEOMETRIC_REPRESENTATION_CONTEXT(2) 
PARAMETRIC_REPRESENTATION_CONTEXT() REPRESENTATION_CONTEXT('2D SPACE',''
  ) );
#5236 = PCURVE('',#5237,#5242);
#5237 = PLANE('',#5238);
#5238 = AXIS2_PLACEMENT_3D('',#5239,#5240,#5241);
#5239 = CARTESIAN_POINT('',(-26.46125167126,8.560337525947,
    6.628266598806));
#5240 = DIRECTION('',(8.703686304128E-05,-0.99989900175,
    1.421192192851E-02));
#5241 = DIRECTION('',(-5.184440865518E-23,-1.421192198234E-02,
    -0.999899005537));
#5242 = DEFINITIONAL_REPRESENTATION('',(#5243),#5247);
#5243 = LINE('',#5244,#5245);
#5244 = CARTESIAN_POINT('',(2.751085131957E-02,52.84867470629));
#5245 = VECTOR('',#5246,1.);
#5246 = DIRECTION('',(0.999960261123,8.914941081786E-03));
#5247 = ( GEOMETRIC_REPRESENTATION_CONTEXT(2) 
PARAMETRIC_REPRESENTATION_CONTEXT() REPRESENTATION_CONTEXT('2D SPACE',''
  ) );
#5248 = ORIENTED_EDGE('',*,*,#5249,.T.);
#5249 = EDGE_CURVE('',#5222,#5106,#5250,.T.);
#5250 = SURFACE_CURVE('',#5251,(#5255,#5262),.PCURVE_S1.);
#5251 = LINE('',#5252,#5253);
#5252 = CARTESIAN_POINT('',(26.426499163353,8.502257469852,
    2.218069698485));
#5253 = VECTOR('',#5254,1.);
#5254 = DIRECTION('',(0.999527518747,2.557039400562E-02,
    -1.705562127978E-02));
#5255 = PCURVE('',#5179,#5256);
#5256 = DEFINITIONAL_REPRESENTATION('',(#5257),#5261);
#5257 = LINE('',#5258,#5259);
#5258 = CARTESIAN_POINT('',(-3.745499431647E-02,4.383080227538));
#5259 = VECTOR('',#5260,1.);
#5260 = DIRECTION('',(-0.999854511988,1.705739887435E-02));
#5261 = ( GEOMETRIC_REPRESENTATION_CONTEXT(2) 
PARAMETRIC_REPRESENTATION_CONTEXT() REPRESENTATION_CONTEXT('2D SPACE',''
  ) );
#5262 = PCURVE('',#5147,#5263);
#5263 = DEFINITIONAL_REPRESENTATION('',(#5264),#5268);
#5264 = LINE('',#5265,#5266);
#5265 = CARTESIAN_POINT('',(0.326858287988,2.506544108068));
#5266 = VECTOR('',#5267,1.);
#5267 = DIRECTION('',(2.651150985942E-02,-0.999648508149));
#5268 = ( GEOMETRIC_REPRESENTATION_CONTEXT(2) 
PARAMETRIC_REPRESENTATION_CONTEXT() REPRESENTATION_CONTEXT('2D SPACE',''
  ) );
#5269 = ORIENTED_EDGE('',*,*,#5163,.F.);
#5270 = ADVANCED_FACE('',(#5271),#4894,.T.);
#5271 = FACE_BOUND('',#5272,.T.);
#5272 = EDGE_LOOP('',(#5273,#5294,#5295));
#5273 = ORIENTED_EDGE('',*,*,#5274,.F.);
#5274 = EDGE_CURVE('',#5053,#3565,#5275,.T.);
#5275 = SURFACE_CURVE('',#5276,(#5280,#5287),.PCURVE_S1.);
#5276 = LINE('',#5277,#5278);
#5277 = CARTESIAN_POINT('',(27.679008571657,8.485958007393,
    6.556948890642));
#5278 = VECTOR('',#5279,1.);
#5279 = DIRECTION('',(0.743719024193,0.668491662169,-9.542871438298E-04)
  );
#5280 = PCURVE('',#4894,#5281);
#5281 = DEFINITIONAL_REPRESENTATION('',(#5282),#5286);
#5282 = LINE('',#5283,#5284);
#5283 = CARTESIAN_POINT('',(-15.95722726737,17.758466665913));
#5284 = VECTOR('',#5285,1.);
#5285 = DIRECTION('',(0.668376904892,-0.74382276989));
#5286 = ( GEOMETRIC_REPRESENTATION_CONTEXT(2) 
PARAMETRIC_REPRESENTATION_CONTEXT() REPRESENTATION_CONTEXT('2D SPACE',''
  ) );
#5287 = PCURVE('',#5206,#5288);
#5288 = DEFINITIONAL_REPRESENTATION('',(#5289),#5293);
#5289 = LINE('',#5290,#5291);
#5290 = CARTESIAN_POINT('',(-15.95000193992,17.764956473447));
#5291 = VECTOR('',#5292,1.);
#5292 = DIRECTION('',(0.66807426823,-0.744094598912));
#5293 = ( GEOMETRIC_REPRESENTATION_CONTEXT(2) 
PARAMETRIC_REPRESENTATION_CONTEXT() REPRESENTATION_CONTEXT('2D SPACE',''
  ) );
#5294 = ORIENTED_EDGE('',*,*,#5081,.T.);
#5295 = ORIENTED_EDGE('',*,*,#4878,.T.);
#5296 = ADVANCED_FACE('',(#5297),#5206,.T.);
#5297 = FACE_BOUND('',#5298,.T.);
#5298 = EDGE_LOOP('',(#5299,#5325,#5326));
#5299 = ORIENTED_EDGE('',*,*,#5300,.F.);
#5300 = EDGE_CURVE('',#5164,#3565,#5301,.T.);
#5301 = SURFACE_CURVE('',#5302,(#5306,#5313),.PCURVE_S1.);
#5302 = LINE('',#5303,#5304);
#5303 = CARTESIAN_POINT('',(26.387422834855,8.564545862184,
    6.600693154175));
#5304 = VECTOR('',#5305,1.);
#5305 = DIRECTION('',(0.768051917888,0.640381960409,-2.682575525539E-03)
  );
#5306 = PCURVE('',#5206,#5307);
#5307 = DEFINITIONAL_REPRESENTATION('',(#5308),#5312);
#5308 = LINE('',#5309,#5310);
#5309 = CARTESIAN_POINT('',(-15.86997490925,19.057194455161));
#5310 = VECTOR('',#5311,1.);
#5311 = DIRECTION('',(0.639922107433,-0.768439780607));
#5312 = ( GEOMETRIC_REPRESENTATION_CONTEXT(2) 
PARAMETRIC_REPRESENTATION_CONTEXT() REPRESENTATION_CONTEXT('2D SPACE',''
  ) );
#5313 = PCURVE('',#5314,#5319);
#5314 = PLANE('',#5315);
#5315 = AXIS2_PLACEMENT_3D('',#5316,#5317,#5318);
#5316 = CARTESIAN_POINT('',(45.434998351166,24.445925058173,
    6.53416567249));
#5317 = DIRECTION('',(5.214562014098E-04,3.563580539594E-03,
    0.999993514468));
#5318 = DIRECTION('',(-1.846461685979E-22,0.999993650425,
    -3.563581024092E-03));
#5319 = DEFINITIONAL_REPRESENTATION('',(#5320),#5324);
#5320 = LINE('',#5321,#5322);
#5321 = CARTESIAN_POINT('',(-15.88151543205,19.047578105986));
#5322 = VECTOR('',#5323,1.);
#5323 = DIRECTION('',(0.640387453831,-0.768052022311));
#5324 = ( GEOMETRIC_REPRESENTATION_CONTEXT(2) 
PARAMETRIC_REPRESENTATION_CONTEXT() REPRESENTATION_CONTEXT('2D SPACE',''
  ) );
#5325 = ORIENTED_EDGE('',*,*,#5192,.T.);
#5326 = ORIENTED_EDGE('',*,*,#5274,.T.);
#5327 = ADVANCED_FACE('',(#5328),#3940,.T.);
#5328 = FACE_BOUND('',#5329,.T.);
#5329 = EDGE_LOOP('',(#5330,#5331,#5332));
#5330 = ORIENTED_EDGE('',*,*,#3926,.F.);
#5331 = ORIENTED_EDGE('',*,*,#4352,.T.);
#5332 = ORIENTED_EDGE('',*,*,#5333,.T.);
#5333 = EDGE_CURVE('',#4353,#3565,#5334,.T.);
#5334 = SURFACE_CURVE('',#5335,(#5339,#5346),.PCURVE_S1.);
#5335 = LINE('',#5336,#5337);
#5336 = CARTESIAN_POINT('',(-26.46125167126,8.560337525947,
    6.628266598806));
#5337 = VECTOR('',#5338,1.);
#5338 = DIRECTION('',(0.976448294082,0.215747759327,-1.278017823529E-03)
  );
#5339 = PCURVE('',#3940,#5340);
#5340 = DEFINITIONAL_REPRESENTATION('',(#5341),#5345);
#5341 = LINE('',#5342,#5343);
#5342 = CARTESIAN_POINT('',(-15.88582656538,71.896258788966));
#5343 = VECTOR('',#5344,1.);
#5344 = DIRECTION('',(0.21575100572,-0.976448413144));
#5345 = ( GEOMETRIC_REPRESENTATION_CONTEXT(2) 
PARAMETRIC_REPRESENTATION_CONTEXT() REPRESENTATION_CONTEXT('2D SPACE',''
  ) );
#5346 = PCURVE('',#5314,#5347);
#5347 = DEFINITIONAL_REPRESENTATION('',(#5348),#5352);
#5348 = LINE('',#5349,#5350);
#5349 = CARTESIAN_POINT('',(-15.88582200177,71.896259797318));
#5350 = VECTOR('',#5351,1.);
#5351 = DIRECTION('',(0.21575094374,-0.976448426838));
#5352 = ( GEOMETRIC_REPRESENTATION_CONTEXT(2) 
PARAMETRIC_REPRESENTATION_CONTEXT() REPRESENTATION_CONTEXT('2D SPACE',''
  ) );
#5353 = ADVANCED_FACE('',(#5354),#5314,.T.);
#5354 = FACE_BOUND('',#5355,.T.);
#5355 = EDGE_LOOP('',(#5356,#5357,#5378));
#5356 = ORIENTED_EDGE('',*,*,#5333,.F.);
#5357 = ORIENTED_EDGE('',*,*,#5358,.T.);
#5358 = EDGE_CURVE('',#4353,#5164,#5359,.T.);
#5359 = SURFACE_CURVE('',#5360,(#5364,#5371),.PCURVE_S1.);
#5360 = LINE('',#5361,#5362);
#5361 = CARTESIAN_POINT('',(-26.46125167126,8.560337525947,
    6.628266598806));
#5362 = VECTOR('',#5363,1.);
#5363 = DIRECTION('',(0.999999860722,7.962991863655E-05,
    -5.217432801935E-04));
#5364 = PCURVE('',#5314,#5365);
#5365 = DEFINITIONAL_REPRESENTATION('',(#5366),#5370);
#5366 = LINE('',#5367,#5368);
#5367 = CARTESIAN_POINT('',(-15.88582200177,71.896259797318));
#5368 = VECTOR('',#5369,1.);
#5369 = DIRECTION('',(8.148868747316E-05,-0.99999999668));
#5370 = ( GEOMETRIC_REPRESENTATION_CONTEXT(2) 
PARAMETRIC_REPRESENTATION_CONTEXT() REPRESENTATION_CONTEXT('2D SPACE',''
  ) );
#5371 = PCURVE('',#5237,#5372);
#5372 = DEFINITIONAL_REPRESENTATION('',(#5373),#5377);
#5373 = LINE('',#5374,#5375);
#5374 = CARTESIAN_POINT('',(-0.,0.));
#5375 = VECTOR('',#5376,1.);
#5376 = DIRECTION('',(5.205588928199E-04,0.999999864509));
#5377 = ( GEOMETRIC_REPRESENTATION_CONTEXT(2) 
PARAMETRIC_REPRESENTATION_CONTEXT() REPRESENTATION_CONTEXT('2D SPACE',''
  ) );
#5378 = ORIENTED_EDGE('',*,*,#5300,.T.);
#5379 = ADVANCED_FACE('',(#5380),#3884,.T.);
#5380 = FACE_BOUND('',#5381,.T.);
#5381 = EDGE_LOOP('',(#5382,#5403,#5404));
#5382 = ORIENTED_EDGE('',*,*,#5383,.F.);
#5383 = EDGE_CURVE('',#3727,#3956,#5384,.T.);
#5384 = SURFACE_CURVE('',#5385,(#5389,#5396),.PCURVE_S1.);
#5385 = LINE('',#5386,#5387);
#5386 = CARTESIAN_POINT('',(-45.47297340242,-24.48933844977,
    -3.89631100432E-02));
#5387 = VECTOR('',#5388,1.);
#5388 = DIRECTION('',(0.880683380846,0.473705356301,1.345831136419E-04)
  );
#5389 = PCURVE('',#3884,#5390);
#5390 = DEFINITIONAL_REPRESENTATION('',(#5391),#5395);
#5391 = LINE('',#5392,#5393);
#5392 = CARTESIAN_POINT('',(48.913350747107,90.93668989705));
#5393 = VECTOR('',#5394,1.);
#5394 = DIRECTION('',(-0.473705173088,-0.880683489677));
#5395 = ( GEOMETRIC_REPRESENTATION_CONTEXT(2) 
PARAMETRIC_REPRESENTATION_CONTEXT() REPRESENTATION_CONTEXT('2D SPACE',''
  ) );
#5396 = PCURVE('',#4025,#5397);
#5397 = DEFINITIONAL_REPRESENTATION('',(#5398),#5402);
#5398 = LINE('',#5399,#5400);
#5399 = CARTESIAN_POINT('',(48.913356180471,90.936686974533));
#5400 = VECTOR('',#5401,1.);
#5401 = DIRECTION('',(-0.473705225708,-0.880683461374));
#5402 = ( GEOMETRIC_REPRESENTATION_CONTEXT(2) 
PARAMETRIC_REPRESENTATION_CONTEXT() REPRESENTATION_CONTEXT('2D SPACE',''
  ) );
#5403 = ORIENTED_EDGE('',*,*,#3870,.T.);
#5404 = ORIENTED_EDGE('',*,*,#3983,.T.);
#5405 = ADVANCED_FACE('',(#5406),#4025,.T.);
#5406 = FACE_BOUND('',#5407,.T.);
#5407 = EDGE_LOOP('',(#5408,#5429,#5430));
#5408 = ORIENTED_EDGE('',*,*,#5409,.T.);
#5409 = EDGE_CURVE('',#3956,#4010,#5410,.T.);
#5410 = SURFACE_CURVE('',#5411,(#5415,#5422),.PCURVE_S1.);
#5411 = LINE('',#5412,#5413);
#5412 = CARTESIAN_POINT('',(45.463705257116,24.424031215355,
    -2.506646838466E-02));
#5413 = VECTOR('',#5414,1.);
#5414 = DIRECTION('',(4.813418278441E-04,-0.999999753525,
    5.111368197813E-04));
#5415 = PCURVE('',#4025,#5416);
#5416 = DEFINITIONAL_REPRESENTATION('',(#5417),#5421);
#5417 = LINE('',#5418,#5419);
#5418 = CARTESIAN_POINT('',(0.,-0.));
#5419 = VECTOR('',#5420,1.);
#5420 = DIRECTION('',(0.999999884155,-4.813418718567E-04));
#5421 = ( GEOMETRIC_REPRESENTATION_CONTEXT(2) 
PARAMETRIC_REPRESENTATION_CONTEXT() REPRESENTATION_CONTEXT('2D SPACE',''
  ) );
#5422 = PCURVE('',#3971,#5423);
#5423 = DEFINITIONAL_REPRESENTATION('',(#5424),#5428);
#5424 = LINE('',#5425,#5426);
#5425 = CARTESIAN_POINT('',(-2.486905678884E-02,-48.85614606619));
#5426 = VECTOR('',#5427,1.);
#5427 = DIRECTION('',(5.090261015116E-04,0.999999870446));
#5428 = ( GEOMETRIC_REPRESENTATION_CONTEXT(2) 
PARAMETRIC_REPRESENTATION_CONTEXT() REPRESENTATION_CONTEXT('2D SPACE',''
  ) );
#5429 = ORIENTED_EDGE('',*,*,#4009,.F.);
#5430 = ORIENTED_EDGE('',*,*,#5383,.T.);
#5431 = ADVANCED_FACE('',(#5432),#3971,.T.);
#5432 = FACE_BOUND('',#5433,.T.);
#5433 = EDGE_LOOP('',(#5434,#5435,#5436));
#5434 = ORIENTED_EDGE('',*,*,#5409,.F.);
#5435 = ORIENTED_EDGE('',*,*,#3955,.F.);
#5436 = ORIENTED_EDGE('',*,*,#5437,.T.);
#5437 = EDGE_CURVE('',#3565,#4010,#5438,.T.);
#5438 = SURFACE_CURVE('',#5439,(#5443,#5450),.PCURVE_S1.);
#5439 = LINE('',#5440,#5441);
#5440 = CARTESIAN_POINT('',(45.434998351166,24.445925058173,
    6.53416567249));
#5441 = VECTOR('',#5442,1.);
#5442 = DIRECTION('',(1.059021515199E-03,-0.991181622171,-0.132506114368
    ));
#5443 = PCURVE('',#3971,#5444);
#5444 = DEFINITIONAL_REPRESENTATION('',(#5445),#5449);
#5445 = LINE('',#5446,#5447);
#5446 = CARTESIAN_POINT('',(6.534425902596,-48.87803991157));
#5447 = VECTOR('',#5448,1.);
#5448 = DIRECTION('',(-0.132509479412,0.991181738061));
#5449 = ( GEOMETRIC_REPRESENTATION_CONTEXT(2) 
PARAMETRIC_REPRESENTATION_CONTEXT() REPRESENTATION_CONTEXT('2D SPACE',''
  ) );
#5450 = PCURVE('',#3710,#5451);
#5451 = DEFINITIONAL_REPRESENTATION('',(#5452),#5456);
#5452 = LINE('',#5453,#5454);
#5453 = CARTESIAN_POINT('',(-6.639242610299E-02,-48.8844570766));
#5454 = VECTOR('',#5455,1.);
#5455 = DIRECTION('',(-0.132500148634,0.991182985433));
#5456 = ( GEOMETRIC_REPRESENTATION_CONTEXT(2) 
PARAMETRIC_REPRESENTATION_CONTEXT() REPRESENTATION_CONTEXT('2D SPACE',''
  ) );
#5457 = ADVANCED_FACE('',(#5458),#3710,.T.);
#5458 = FACE_BOUND('',#5459,.T.);
#5459 = EDGE_LOOP('',(#5460,#5461,#5462));
#5460 = ORIENTED_EDGE('',*,*,#4037,.F.);
#5461 = ORIENTED_EDGE('',*,*,#5437,.F.);
#5462 = ORIENTED_EDGE('',*,*,#3696,.T.);
#5463 = ADVANCED_FACE('',(#5464),#2123,.T.);
#5464 = FACE_BOUND('',#5465,.T.);
#5465 = EDGE_LOOP('',(#5466,#5489,#5515));
#5466 = ORIENTED_EDGE('',*,*,#5467,.F.);
#5467 = EDGE_CURVE('',#5468,#2082,#5470,.T.);
#5468 = VERTEX_POINT('',#5469);
#5469 = CARTESIAN_POINT('',(26.383439510245,-8.556893908131,
    2.263629278077));
#5470 = SURFACE_CURVE('',#5471,(#5475,#5482),.PCURVE_S1.);
#5471 = LINE('',#5472,#5473);
#5472 = CARTESIAN_POINT('',(26.383439510245,-8.556893908131,
    2.263629278077));
#5473 = VECTOR('',#5474,1.);
#5474 = DIRECTION('',(0.286568267694,2.370196439357E-02,0.957766592043)
  );
#5475 = PCURVE('',#2123,#5476);
#5476 = DEFINITIONAL_REPRESENTATION('',(#5477),#5481);
#5477 = LINE('',#5478,#5479);
#5478 = CARTESIAN_POINT('',(-1.300341652662,4.332517319126));
#5479 = VECTOR('',#5480,1.);
#5480 = DIRECTION('',(0.287466826623,-0.957790594854));
#5481 = ( GEOMETRIC_REPRESENTATION_CONTEXT(2) 
PARAMETRIC_REPRESENTATION_CONTEXT() REPRESENTATION_CONTEXT('2D SPACE',''
  ) );
#5482 = PCURVE('',#2239,#5483);
#5483 = DEFINITIONAL_REPRESENTATION('',(#5484),#5488);
#5484 = LINE('',#5485,#5486);
#5485 = CARTESIAN_POINT('',(-1.299879086157,4.332656124774));
#5486 = VECTOR('',#5487,1.);
#5487 = DIRECTION('',(0.28736456694,-0.957821280651));
#5488 = ( GEOMETRIC_REPRESENTATION_CONTEXT(2) 
PARAMETRIC_REPRESENTATION_CONTEXT() REPRESENTATION_CONTEXT('2D SPACE',''
  ) );
#5489 = ORIENTED_EDGE('',*,*,#5490,.T.);
#5490 = EDGE_CURVE('',#5468,#2024,#5491,.T.);
#5491 = SURFACE_CURVE('',#5492,(#5496,#5503),.PCURVE_S1.);
#5492 = LINE('',#5493,#5494);
#5493 = CARTESIAN_POINT('',(26.383439510245,-8.556893908131,
    2.263629278077));
#5494 = VECTOR('',#5495,1.);
#5495 = DIRECTION('',(4.538281565781E-03,-6.636225755594E-03,
    0.999967681732));
#5496 = PCURVE('',#2123,#5497);
#5497 = DEFINITIONAL_REPRESENTATION('',(#5498),#5502);
#5498 = LINE('',#5499,#5500);
#5499 = CARTESIAN_POINT('',(-1.300341652662,4.332517319126));
#5500 = VECTOR('',#5501,1.);
#5501 = DIRECTION('',(3.809939536647E-03,-0.999992742154));
#5502 = ( GEOMETRIC_REPRESENTATION_CONTEXT(2) 
PARAMETRIC_REPRESENTATION_CONTEXT() REPRESENTATION_CONTEXT('2D SPACE',''
  ) );
#5503 = PCURVE('',#5504,#5509);
#5504 = PLANE('',#5505);
#5505 = AXIS2_PLACEMENT_3D('',#5506,#5507,#5508);
#5506 = CARTESIAN_POINT('',(26.383439510245,-8.556893908131,
    2.263629278077));
#5507 = DIRECTION('',(6.945608075072E-04,0.999977759269,
    6.633140420187E-03));
#5508 = DIRECTION('',(-9.249025857404E-23,-6.63314202015E-03,
    0.999978000471));
#5509 = DEFINITIONAL_REPRESENTATION('',(#5510),#5514);
#5510 = LINE('',#5511,#5512);
#5511 = CARTESIAN_POINT('',(0.,0.));
#5512 = VECTOR('',#5513,1.);
#5513 = DIRECTION('',(0.999989701942,4.538282660448E-03));
#5514 = ( GEOMETRIC_REPRESENTATION_CONTEXT(2) 
PARAMETRIC_REPRESENTATION_CONTEXT() REPRESENTATION_CONTEXT('2D SPACE',''
  ) );
#5515 = ORIENTED_EDGE('',*,*,#2109,.T.);
#5516 = ADVANCED_FACE('',(#5517),#2239,.T.);
#5517 = FACE_BOUND('',#5518,.T.);
#5518 = EDGE_LOOP('',(#5519,#5520,#5546));
#5519 = ORIENTED_EDGE('',*,*,#2225,.F.);
#5520 = ORIENTED_EDGE('',*,*,#5521,.F.);
#5521 = EDGE_CURVE('',#5468,#2198,#5522,.T.);
#5522 = SURFACE_CURVE('',#5523,(#5527,#5534),.PCURVE_S1.);
#5523 = LINE('',#5524,#5525);
#5524 = CARTESIAN_POINT('',(26.383439510245,-8.556893908131,
    2.263629278077));
#5525 = VECTOR('',#5526,1.);
#5526 = DIRECTION('',(0.997727091346,4.632334348149E-02,
    -4.893668402109E-02));
#5527 = PCURVE('',#2239,#5528);
#5528 = DEFINITIONAL_REPRESENTATION('',(#5529),#5533);
#5529 = LINE('',#5530,#5531);
#5530 = CARTESIAN_POINT('',(-1.299879086157,4.332656124774));
#5531 = VECTOR('',#5532,1.);
#5532 = DIRECTION('',(0.998801745825,4.893947831264E-02));
#5533 = ( GEOMETRIC_REPRESENTATION_CONTEXT(2) 
PARAMETRIC_REPRESENTATION_CONTEXT() REPRESENTATION_CONTEXT('2D SPACE',''
  ) );
#5534 = PCURVE('',#5535,#5540);
#5535 = PLANE('',#5536);
#5536 = AXIS2_PLACEMENT_3D('',#5537,#5538,#5539);
#5537 = CARTESIAN_POINT('',(30.170830149016,-7.752036606097,
    2.19719522326));
#5538 = DIRECTION('',(5.675077038308E-02,-0.186085939416,0.980893150762)
  );
#5539 = DIRECTION('',(-4.64101076035E-19,0.982476533164,0.186386324021)
  );
#5540 = DEFINITIONAL_REPRESENTATION('',(#5541),#5545);
#5541 = LINE('',#5542,#5543);
#5542 = CARTESIAN_POINT('',(-0.778371012527,3.793504340024));
#5543 = VECTOR('',#5544,1.);
#5544 = DIRECTION('',(3.639046926379E-02,-0.999337647518));
#5545 = ( GEOMETRIC_REPRESENTATION_CONTEXT(2) 
PARAMETRIC_REPRESENTATION_CONTEXT() REPRESENTATION_CONTEXT('2D SPACE',''
  ) );
#5546 = ORIENTED_EDGE('',*,*,#5467,.T.);
#5547 = ADVANCED_FACE('',(#5548),#3527,.T.);
#5548 = FACE_BOUND('',#5549,.T.);
#5549 = EDGE_LOOP('',(#5550,#5576,#5577));
#5550 = ORIENTED_EDGE('',*,*,#5551,.T.);
#5551 = EDGE_CURVE('',#4594,#3512,#5552,.T.);
#5552 = SURFACE_CURVE('',#5553,(#5557,#5564),.PCURVE_S1.);
#5553 = LINE('',#5554,#5555);
#5554 = CARTESIAN_POINT('',(33.821893954124,4.255629151212,
    6.631566414399));
#5555 = VECTOR('',#5556,1.);
#5556 = DIRECTION('',(0.126849379318,-0.249988726292,-0.959903574165));
#5557 = PCURVE('',#3527,#5558);
#5558 = DEFINITIONAL_REPRESENTATION('',(#5559),#5563);
#5559 = LINE('',#5560,#5561);
#5560 = CARTESIAN_POINT('',(0.,0.));
#5561 = VECTOR('',#5562,1.);
#5562 = DIRECTION('',(0.280244431962,-0.959928673576));
#5563 = ( GEOMETRIC_REPRESENTATION_CONTEXT(2) 
PARAMETRIC_REPRESENTATION_CONTEXT() REPRESENTATION_CONTEXT('2D SPACE',''
  ) );
#5564 = PCURVE('',#5565,#5570);
#5565 = PLANE('',#5566);
#5566 = AXIS2_PLACEMENT_3D('',#5567,#5568,#5569);
#5567 = CARTESIAN_POINT('',(33.821893954124,4.255629151212,
    6.631566414399));
#5568 = DIRECTION('',(-0.891384526807,-0.453247796795,2.450928018712E-04
    ));
#5569 = DIRECTION('',(0.453247810408,-0.891384553579,-3.30211227033E-21)
  );
#5570 = DEFINITIONAL_REPRESENTATION('',(#5571),#5575);
#5571 = LINE('',#5572,#5573);
#5572 = CARTESIAN_POINT('',(0.,0.));
#5573 = VECTOR('',#5574,1.);
#5574 = DIRECTION('',(0.280330292613,-0.959903602995));
#5575 = ( GEOMETRIC_REPRESENTATION_CONTEXT(2) 
PARAMETRIC_REPRESENTATION_CONTEXT() REPRESENTATION_CONTEXT('2D SPACE',''
  ) );
#5576 = ORIENTED_EDGE('',*,*,#3511,.F.);
#5577 = ORIENTED_EDGE('',*,*,#4621,.F.);
#5578 = ADVANCED_FACE('',(#5579),#5565,.T.);
#5579 = FACE_BOUND('',#5580,.T.);
#5580 = EDGE_LOOP('',(#5581,#5604,#5630));
#5581 = ORIENTED_EDGE('',*,*,#5582,.F.);
#5582 = EDGE_CURVE('',#5583,#4594,#5585,.T.);
#5583 = VERTEX_POINT('',#5584);
#5584 = CARTESIAN_POINT('',(33.805466386075,4.285549104105,
    2.216392917862));
#5585 = SURFACE_CURVE('',#5586,(#5590,#5597),.PCURVE_S1.);
#5586 = LINE('',#5587,#5588);
#5587 = CARTESIAN_POINT('',(33.805466386075,4.285549104105,
    2.216392917862));
#5588 = VECTOR('',#5589,1.);
#5589 = DIRECTION('',(3.720596071079E-03,-6.776417473872E-03,
    0.999970118219));
#5590 = PCURVE('',#5565,#5591);
#5591 = DEFINITIONAL_REPRESENTATION('',(#5592),#5596);
#5592 = LINE('',#5593,#5594);
#5593 = CARTESIAN_POINT('',(-3.411594310187E-02,-4.415173629148));
#5594 = VECTOR('',#5595,1.);
#5595 = DIRECTION('',(7.726745887446E-03,0.999970148253));
#5596 = ( GEOMETRIC_REPRESENTATION_CONTEXT(2) 
PARAMETRIC_REPRESENTATION_CONTEXT() REPRESENTATION_CONTEXT('2D SPACE',''
  ) );
#5597 = PCURVE('',#4688,#5598);
#5598 = DEFINITIONAL_REPRESENTATION('',(#5599),#5603);
#5599 = LINE('',#5600,#5601);
#5600 = CARTESIAN_POINT('',(1.229310057177,-4.3327456331));
#5601 = VECTOR('',#5602,1.);
#5602 = DIRECTION('',(7.724280031165E-03,0.999970167304));
#5603 = ( GEOMETRIC_REPRESENTATION_CONTEXT(2) 
PARAMETRIC_REPRESENTATION_CONTEXT() REPRESENTATION_CONTEXT('2D SPACE',''
  ) );
#5604 = ORIENTED_EDGE('',*,*,#5605,.T.);
#5605 = EDGE_CURVE('',#5583,#3512,#5606,.T.);
#5606 = SURFACE_CURVE('',#5607,(#5611,#5618),.PCURVE_S1.);
#5607 = LINE('',#5608,#5609);
#5608 = CARTESIAN_POINT('',(33.805466386075,4.285549104105,
    2.216392917862));
#5609 = VECTOR('',#5610,1.);
#5610 = DIRECTION('',(0.453112306883,-0.891104579391,2.493724002663E-02)
  );
#5611 = PCURVE('',#5565,#5612);
#5612 = DEFINITIONAL_REPRESENTATION('',(#5613),#5617);
#5613 = LINE('',#5614,#5615);
#5614 = CARTESIAN_POINT('',(-3.411594310187E-02,-4.415173629148));
#5615 = VECTOR('',#5616,1.);
#5616 = DIRECTION('',(0.999689018657,2.493724077563E-02));
#5617 = ( GEOMETRIC_REPRESENTATION_CONTEXT(2) 
PARAMETRIC_REPRESENTATION_CONTEXT() REPRESENTATION_CONTEXT('2D SPACE',''
  ) );
#5618 = PCURVE('',#5619,#5624);
#5619 = PLANE('',#5620);
#5620 = AXIS2_PLACEMENT_3D('',#5621,#5622,#5623);
#5621 = CARTESIAN_POINT('',(32.275481552945,6.285262353371,
    2.144030093643));
#5622 = DIRECTION('',(-3.194321460357E-02,1.172582372886E-02,
    0.999420900371));
#5623 = DIRECTION('',(0.999489615117,6.166131922265E-20,
    3.194541084528E-02));
#5624 = DEFINITIONAL_REPRESENTATION('',(#5625),#5629);
#5625 = LINE('',#5626,#5627);
#5626 = CARTESIAN_POINT('',(1.531515612148,-1.999850738673));
#5627 = VECTOR('',#5628,1.);
#5628 = DIRECTION('',(0.453677675589,-0.891165846895));
#5629 = ( GEOMETRIC_REPRESENTATION_CONTEXT(2) 
PARAMETRIC_REPRESENTATION_CONTEXT() REPRESENTATION_CONTEXT('2D SPACE',''
  ) );
#5630 = ORIENTED_EDGE('',*,*,#5551,.F.);
#5631 = ADVANCED_FACE('',(#5632),#4688,.T.);
#5632 = FACE_BOUND('',#5633,.T.);
#5633 = EDGE_LOOP('',(#5634,#5660,#5661));
#5634 = ORIENTED_EDGE('',*,*,#5635,.T.);
#5635 = EDGE_CURVE('',#4647,#5583,#5636,.T.);
#5636 = SURFACE_CURVE('',#5637,(#5641,#5648),.PCURVE_S1.);
#5637 = LINE('',#5638,#5639);
#5638 = CARTESIAN_POINT('',(33.169474900227,5.337556656157,
    6.549138338283));
#5639 = VECTOR('',#5640,1.);
#5640 = DIRECTION('',(0.141213331961,-0.233584088748,-0.96202768586));
#5641 = PCURVE('',#4688,#5642);
#5642 = DEFINITIONAL_REPRESENTATION('',(#5643),#5647);
#5643 = LINE('',#5644,#5645);
#5644 = CARTESIAN_POINT('',(0.,0.));
#5645 = VECTOR('',#5646,1.);
#5646 = DIRECTION('',(0.272951718773,-0.962027733082));
#5647 = ( GEOMETRIC_REPRESENTATION_CONTEXT(2) 
PARAMETRIC_REPRESENTATION_CONTEXT() REPRESENTATION_CONTEXT('2D SPACE',''
  ) );
#5648 = PCURVE('',#5649,#5654);
#5649 = PLANE('',#5650);
#5650 = AXIS2_PLACEMENT_3D('',#5651,#5652,#5653);
#5651 = CARTESIAN_POINT('',(33.169474900227,5.337556656157,
    6.549138338283));
#5652 = DIRECTION('',(-0.825156159866,-0.564678518888,1.598380875442E-02
    ));
#5653 = DIRECTION('',(0.564750665351,-0.825261586399,1.461166849623E-19)
  );
#5654 = DEFINITIONAL_REPRESENTATION('',(#5655),#5659);
#5655 = LINE('',#5656,#5657);
#5656 = CARTESIAN_POINT('',(0.,0.));
#5657 = VECTOR('',#5658,1.);
#5658 = DIRECTION('',(0.272518298819,-0.962150599859));
#5659 = ( GEOMETRIC_REPRESENTATION_CONTEXT(2) 
PARAMETRIC_REPRESENTATION_CONTEXT() REPRESENTATION_CONTEXT('2D SPACE',''
  ) );
#5660 = ORIENTED_EDGE('',*,*,#5582,.T.);
#5661 = ORIENTED_EDGE('',*,*,#4674,.F.);
#5662 = ADVANCED_FACE('',(#5663),#5649,.T.);
#5663 = FACE_BOUND('',#5664,.T.);
#5664 = EDGE_LOOP('',(#5665,#5688,#5714));
#5665 = ORIENTED_EDGE('',*,*,#5666,.F.);
#5666 = EDGE_CURVE('',#5667,#4647,#5669,.T.);
#5667 = VERTEX_POINT('',#5668);
#5668 = CARTESIAN_POINT('',(33.098779023465,5.317926627097,
    2.206006173172));
#5669 = SURFACE_CURVE('',#5670,(#5674,#5681),.PCURVE_S1.);
#5670 = LINE('',#5671,#5672);
#5671 = CARTESIAN_POINT('',(33.098779023465,5.317926627097,
    2.206006173172));
#5672 = VECTOR('',#5673,1.);
#5673 = DIRECTION('',(1.627530277716E-02,4.519141442328E-03,
    0.999857335764));
#5674 = PCURVE('',#5649,#5675);
#5675 = DEFINITIONAL_REPRESENTATION('',(#5676),#5680);
#5676 = LINE('',#5677,#5678);
#5677 = CARTESIAN_POINT('',(-2.372563451565E-02,-4.343687067794));
#5678 = VECTOR('',#5679,1.);
#5679 = DIRECTION('',(5.462014236335E-03,0.999985083089));
#5680 = ( GEOMETRIC_REPRESENTATION_CONTEXT(2) 
PARAMETRIC_REPRESENTATION_CONTEXT() REPRESENTATION_CONTEXT('2D SPACE',''
  ) );
#5681 = PCURVE('',#4746,#5682);
#5682 = DEFINITIONAL_REPRESENTATION('',(#5683),#5687);
#5683 = LINE('',#5684,#5685);
#5684 = CARTESIAN_POINT('',(-1.296432895737,4.372594803188));
#5685 = VECTOR('',#5686,1.);
#5686 = DIRECTION('',(-8.696708399277E-03,-0.999962182916));
#5687 = ( GEOMETRIC_REPRESENTATION_CONTEXT(2) 
PARAMETRIC_REPRESENTATION_CONTEXT() REPRESENTATION_CONTEXT('2D SPACE',''
  ) );
#5688 = ORIENTED_EDGE('',*,*,#5689,.T.);
#5689 = EDGE_CURVE('',#5667,#5583,#5690,.T.);
#5690 = SURFACE_CURVE('',#5691,(#5695,#5702),.PCURVE_S1.);
#5691 = LINE('',#5692,#5693);
#5692 = CARTESIAN_POINT('',(33.098779023465,5.317926627097,
    2.206006173172));
#5693 = VECTOR('',#5694,1.);
#5694 = DIRECTION('',(0.564840721289,-0.825158189579,8.301912093819E-03)
  );
#5695 = PCURVE('',#5649,#5696);
#5696 = DEFINITIONAL_REPRESENTATION('',(#5697),#5701);
#5697 = LINE('',#5698,#5699);
#5698 = CARTESIAN_POINT('',(-2.372563451565E-02,-4.343687067794));
#5699 = VECTOR('',#5700,1.);
#5700 = DIRECTION('',(0.999965529727,8.302972792208E-03));
#5701 = ( GEOMETRIC_REPRESENTATION_CONTEXT(2) 
PARAMETRIC_REPRESENTATION_CONTEXT() REPRESENTATION_CONTEXT('2D SPACE',''
  ) );
#5702 = PCURVE('',#5703,#5708);
#5703 = PLANE('',#5704);
#5704 = AXIS2_PLACEMENT_3D('',#5705,#5706,#5707);
#5705 = CARTESIAN_POINT('',(32.275481552945,6.285262353371,
    2.144030093643));
#5706 = DIRECTION('',(-0.302341681608,-0.19757833114,0.932497887733));
#5707 = DIRECTION('',(0.951249777216,-2.898789082015E-18,0.308421564334)
  );
#5708 = DEFINITIONAL_REPRESENTATION('',(#5709),#5713);
#5709 = LINE('',#5710,#5711);
#5710 = CARTESIAN_POINT('',(0.802276294814,-0.986788180667));
#5711 = VECTOR('',#5712,1.);
#5712 = DIRECTION('',(0.539865099004,-0.841751551752));
#5713 = ( GEOMETRIC_REPRESENTATION_CONTEXT(2) 
PARAMETRIC_REPRESENTATION_CONTEXT() REPRESENTATION_CONTEXT('2D SPACE',''
  ) );
#5714 = ORIENTED_EDGE('',*,*,#5635,.F.);
#5715 = ADVANCED_FACE('',(#5716),#4746,.T.);
#5716 = FACE_BOUND('',#5717,.T.);
#5717 = EDGE_LOOP('',(#5718,#5744,#5745));
#5718 = ORIENTED_EDGE('',*,*,#5719,.T.);
#5719 = EDGE_CURVE('',#4705,#5667,#5720,.T.);
#5720 = SURFACE_CURVE('',#5721,(#5725,#5732),.PCURVE_S1.);
#5721 = LINE('',#5722,#5723);
#5722 = CARTESIAN_POINT('',(32.201849132108,6.256150605013,
    6.578142504907));
#5723 = VECTOR('',#5724,1.);
#5724 = DIRECTION('',(0.196663358845,-0.205717615863,-0.958646851459));
#5725 = PCURVE('',#4746,#5726);
#5726 = DEFINITIONAL_REPRESENTATION('',(#5727),#5731);
#5727 = LINE('',#5728,#5729);
#5728 = CARTESIAN_POINT('',(0.,-0.));
#5729 = VECTOR('',#5730,1.);
#5730 = DIRECTION('',(-0.284259505955,0.958747377193));
#5731 = ( GEOMETRIC_REPRESENTATION_CONTEXT(2) 
PARAMETRIC_REPRESENTATION_CONTEXT() REPRESENTATION_CONTEXT('2D SPACE',''
  ) );
#5732 = PCURVE('',#5733,#5738);
#5733 = PLANE('',#5734);
#5734 = AXIS2_PLACEMENT_3D('',#5735,#5736,#5737);
#5735 = CARTESIAN_POINT('',(32.201849132108,6.256150605013,
    6.578142504907));
#5736 = DIRECTION('',(-0.760883391679,-0.648668682411,
    -1.689392568487E-02));
#5737 = DIRECTION('',(0.648761268784,-0.760991994785,-8.599538975922E-19
    ));
#5738 = DEFINITIONAL_REPRESENTATION('',(#5739),#5743);
#5739 = LINE('',#5740,#5741);
#5740 = CARTESIAN_POINT('',(0.,0.));
#5741 = VECTOR('',#5742,1.);
#5742 = DIRECTION('',(0.284137029066,-0.958783681919));
#5743 = ( GEOMETRIC_REPRESENTATION_CONTEXT(2) 
PARAMETRIC_REPRESENTATION_CONTEXT() REPRESENTATION_CONTEXT('2D SPACE',''
  ) );
#5744 = ORIENTED_EDGE('',*,*,#5666,.T.);
#5745 = ORIENTED_EDGE('',*,*,#4732,.F.);
#5746 = ADVANCED_FACE('',(#5747),#5733,.T.);
#5747 = FACE_BOUND('',#5748,.T.);
#5748 = EDGE_LOOP('',(#5749,#5772,#5793));
#5749 = ORIENTED_EDGE('',*,*,#5750,.T.);
#5750 = EDGE_CURVE('',#4705,#5751,#5753,.T.);
#5751 = VERTEX_POINT('',#5752);
#5752 = CARTESIAN_POINT('',(32.275481552945,6.285262353371,
    2.144030093643));
#5753 = SURFACE_CURVE('',#5754,(#5758,#5765),.PCURVE_S1.);
#5754 = LINE('',#5755,#5756);
#5755 = CARTESIAN_POINT('',(32.201849132108,6.256150605013,
    6.578142504907));
#5756 = VECTOR('',#5757,1.);
#5757 = DIRECTION('',(1.660325169567E-02,6.56435955522E-03,
    -0.999840607905));
#5758 = PCURVE('',#5733,#5759);
#5759 = DEFINITIONAL_REPRESENTATION('',(#5760),#5764);
#5760 = LINE('',#5761,#5762);
#5761 = CARTESIAN_POINT('',(0.,0.));
#5762 = VECTOR('',#5763,1.);
#5763 = DIRECTION('',(5.776121563608E-03,-0.999983318071));
#5764 = ( GEOMETRIC_REPRESENTATION_CONTEXT(2) 
PARAMETRIC_REPRESENTATION_CONTEXT() REPRESENTATION_CONTEXT('2D SPACE',''
  ) );
#5765 = PCURVE('',#4804,#5766);
#5766 = DEFINITIONAL_REPRESENTATION('',(#5767),#5771);
#5767 = LINE('',#5768,#5769);
#5768 = CARTESIAN_POINT('',(-1.236468126417,-2.452783780086E-02));
#5769 = VECTOR('',#5770,1.);
#5770 = DIRECTION('',(-8.36237642689E-03,0.999965034719));
#5771 = ( GEOMETRIC_REPRESENTATION_CONTEXT(2) 
PARAMETRIC_REPRESENTATION_CONTEXT() REPRESENTATION_CONTEXT('2D SPACE',''
  ) );
#5772 = ORIENTED_EDGE('',*,*,#5773,.T.);
#5773 = EDGE_CURVE('',#5751,#5667,#5774,.T.);
#5774 = SURFACE_CURVE('',#5775,(#5779,#5786),.PCURVE_S1.);
#5775 = LINE('',#5776,#5777);
#5776 = CARTESIAN_POINT('',(32.275481552945,6.285262353371,
    2.144030093643));
#5777 = VECTOR('',#5778,1.);
#5778 = DIRECTION('',(0.647363647138,-0.760621775472,4.87321561356E-02)
  );
#5779 = PCURVE('',#5733,#5780);
#5780 = DEFINITIONAL_REPRESENTATION('',(#5781),#5785);
#5781 = LINE('',#5782,#5783);
#5782 = CARTESIAN_POINT('',(2.561605531087E-02,-4.434745305057));
#5783 = VECTOR('',#5784,1.);
#5784 = DIRECTION('',(0.998811543275,4.873911181833E-02));
#5785 = ( GEOMETRIC_REPRESENTATION_CONTEXT(2) 
PARAMETRIC_REPRESENTATION_CONTEXT() REPRESENTATION_CONTEXT('2D SPACE',''
  ) );
#5786 = PCURVE('',#5703,#5787);
#5787 = DEFINITIONAL_REPRESENTATION('',(#5788),#5792);
#5788 = LINE('',#5789,#5790);
#5789 = CARTESIAN_POINT('',(0.,0.));
#5790 = VECTOR('',#5791,1.);
#5791 = DIRECTION('',(0.630834572947,-0.775917354861));
#5792 = ( GEOMETRIC_REPRESENTATION_CONTEXT(2) 
PARAMETRIC_REPRESENTATION_CONTEXT() REPRESENTATION_CONTEXT('2D SPACE',''
  ) );
#5793 = ORIENTED_EDGE('',*,*,#5719,.F.);
#5794 = ADVANCED_FACE('',(#5795),#4804,.T.);
#5795 = FACE_BOUND('',#5796,.T.);
#5796 = EDGE_LOOP('',(#5797,#5823,#5824));
#5797 = ORIENTED_EDGE('',*,*,#5798,.T.);
#5798 = EDGE_CURVE('',#4763,#5751,#5799,.T.);
#5799 = SURFACE_CURVE('',#5800,(#5804,#5811),.PCURVE_S1.);
#5800 = LINE('',#5801,#5802);
#5801 = CARTESIAN_POINT('',(31.261863567853,7.059444272576,
    6.553617719133));
#5802 = VECTOR('',#5803,1.);
#5803 = DIRECTION('',(0.220815339476,-0.16865450872,-0.960622840943));
#5804 = PCURVE('',#4804,#5805);
#5805 = DEFINITIONAL_REPRESENTATION('',(#5806),#5810);
#5806 = LINE('',#5807,#5808);
#5807 = CARTESIAN_POINT('',(0.,0.));
#5808 = VECTOR('',#5809,1.);
#5809 = DIRECTION('',(-0.27744200361,0.960742387237));
#5810 = ( GEOMETRIC_REPRESENTATION_CONTEXT(2) 
PARAMETRIC_REPRESENTATION_CONTEXT() REPRESENTATION_CONTEXT('2D SPACE',''
  ) );
#5811 = PCURVE('',#5812,#5817);
#5812 = PLANE('',#5813);
#5813 = AXIS2_PLACEMENT_3D('',#5814,#5815,#5816);
#5814 = CARTESIAN_POINT('',(31.261863567853,7.059444272576,
    6.553617719133));
#5815 = DIRECTION('',(-0.615536859003,-0.788101898522,-3.12614049563E-03
    ));
#5816 = DIRECTION('',(-0.788105749514,0.61553986677,1.515011057021E-19)
  );
#5817 = DEFINITIONAL_REPRESENTATION('',(#5818),#5822);
#5818 = LINE('',#5819,#5820);
#5819 = CARTESIAN_POINT('',(0.,0.));
#5820 = VECTOR('',#5821,1.);
#5821 = DIRECTION('',(-0.277839412449,0.960627534943));
#5822 = ( GEOMETRIC_REPRESENTATION_CONTEXT(2) 
PARAMETRIC_REPRESENTATION_CONTEXT() REPRESENTATION_CONTEXT('2D SPACE',''
  ) );
#5823 = ORIENTED_EDGE('',*,*,#5750,.F.);
#5824 = ORIENTED_EDGE('',*,*,#4790,.F.);
#5825 = ADVANCED_FACE('',(#5826),#5812,.T.);
#5826 = FACE_BOUND('',#5827,.T.);
#5827 = EDGE_LOOP('',(#5828,#5851,#5877));
#5828 = ORIENTED_EDGE('',*,*,#5829,.F.);
#5829 = EDGE_CURVE('',#5830,#4763,#5832,.T.);
#5830 = VERTEX_POINT('',#5831);
#5831 = CARTESIAN_POINT('',(31.247415566998,7.08812254046,2.168619565749
    ));
#5832 = SURFACE_CURVE('',#5833,(#5837,#5844),.PCURVE_S1.);
#5833 = LINE('',#5834,#5835);
#5834 = CARTESIAN_POINT('',(31.247415566998,7.08812254046,2.168619565749
    ));
#5835 = VECTOR('',#5836,1.);
#5836 = DIRECTION('',(3.294782107093E-03,-6.539911288399E-03,
    0.999973186626));
#5837 = PCURVE('',#5812,#5838);
#5838 = DEFINITIONAL_REPRESENTATION('',(#5839),#5843);
#5839 = LINE('',#5840,#5841);
#5840 = CARTESIAN_POINT('',(2.903916973539E-02,4.385019580296));
#5841 = VECTOR('',#5842,1.);
#5842 = DIRECTION('',(-6.622212845144E-03,-0.999978072908));
#5843 = ( GEOMETRIC_REPRESENTATION_CONTEXT(2) 
PARAMETRIC_REPRESENTATION_CONTEXT() REPRESENTATION_CONTEXT('2D SPACE',''
  ) );
#5844 = PCURVE('',#4862,#5845);
#5845 = DEFINITIONAL_REPRESENTATION('',(#5846),#5850);
#5846 = LINE('',#5847,#5848);
#5847 = CARTESIAN_POINT('',(-1.275126149379,4.375339448957));
#5848 = VECTOR('',#5849,1.);
#5849 = DIRECTION('',(-6.223815446131E-03,-0.999980631873));
#5850 = ( GEOMETRIC_REPRESENTATION_CONTEXT(2) 
PARAMETRIC_REPRESENTATION_CONTEXT() REPRESENTATION_CONTEXT('2D SPACE',''
  ) );
#5851 = ORIENTED_EDGE('',*,*,#5852,.T.);
#5852 = EDGE_CURVE('',#5830,#5751,#5853,.T.);
#5853 = SURFACE_CURVE('',#5854,(#5858,#5865),.PCURVE_S1.);
#5854 = LINE('',#5855,#5856);
#5855 = CARTESIAN_POINT('',(31.247415566998,7.08812254046,2.168619565749
    ));
#5856 = VECTOR('',#5857,1.);
#5857 = DIRECTION('',(0.788002023734,-0.615384090953,-1.884757792512E-02
    ));
#5858 = PCURVE('',#5812,#5859);
#5859 = DEFINITIONAL_REPRESENTATION('',(#5860),#5864);
#5860 = LINE('',#5861,#5862);
#5861 = CARTESIAN_POINT('',(2.903916973539E-02,4.385019580296));
#5862 = VECTOR('',#5863,1.);
#5863 = DIRECTION('',(-0.999822366891,1.884767002217E-02));
#5864 = ( GEOMETRIC_REPRESENTATION_CONTEXT(2) 
PARAMETRIC_REPRESENTATION_CONTEXT() REPRESENTATION_CONTEXT('2D SPACE',''
  ) );
#5865 = PCURVE('',#5866,#5871);
#5866 = PLANE('',#5867);
#5867 = AXIS2_PLACEMENT_3D('',#5868,#5869,#5870);
#5868 = CARTESIAN_POINT('',(32.275481552945,6.285262353371,
    2.144030093643));
#5869 = DIRECTION('',(0.122988704853,0.127344028151,0.984203879779));
#5870 = DIRECTION('',(8.984050846885E-19,0.991733047113,-0.128318210957)
  );
#5871 = DEFINITIONAL_REPRESENTATION('',(#5872),#5876);
#5872 = LINE('',#5873,#5874);
#5873 = CARTESIAN_POINT('',(0.793067702679,1.035930698734));
#5874 = VECTOR('',#5875,1.);
#5875 = DIRECTION('',(-0.607878252185,-0.794030245343));
#5876 = ( GEOMETRIC_REPRESENTATION_CONTEXT(2) 
PARAMETRIC_REPRESENTATION_CONTEXT() REPRESENTATION_CONTEXT('2D SPACE',''
  ) );
#5877 = ORIENTED_EDGE('',*,*,#5798,.F.);
#5878 = ADVANCED_FACE('',(#5879),#4862,.T.);
#5879 = FACE_BOUND('',#5880,.T.);
#5880 = EDGE_LOOP('',(#5881,#5902,#5903));
#5881 = ORIENTED_EDGE('',*,*,#5882,.T.);
#5882 = EDGE_CURVE('',#4821,#5830,#5883,.T.);
#5883 = SURFACE_CURVE('',#5884,(#5888,#5895),.PCURVE_S1.);
#5884 = LINE('',#5885,#5886);
#5885 = CARTESIAN_POINT('',(30.150940577677,7.739255673293,
    6.543926438593));
#5886 = VECTOR('',#5887,1.);
#5887 = DIRECTION('',(0.240594264508,-0.142875030179,-0.960052668158));
#5888 = PCURVE('',#4862,#5889);
#5889 = DEFINITIONAL_REPRESENTATION('',(#5890),#5894);
#5890 = LINE('',#5891,#5892);
#5891 = CARTESIAN_POINT('',(0.,0.));
#5892 = VECTOR('',#5893,1.);
#5893 = DIRECTION('',(-0.279794834403,0.960059816179));
#5894 = ( GEOMETRIC_REPRESENTATION_CONTEXT(2) 
PARAMETRIC_REPRESENTATION_CONTEXT() REPRESENTATION_CONTEXT('2D SPACE',''
  ) );
#5895 = PCURVE('',#4978,#5896);
#5896 = DEFINITIONAL_REPRESENTATION('',(#5897),#5901);
#5897 = LINE('',#5898,#5899);
#5898 = CARTESIAN_POINT('',(0.,0.));
#5899 = VECTOR('',#5900,1.);
#5900 = DIRECTION('',(-0.279816424432,0.96005352383));
#5901 = ( GEOMETRIC_REPRESENTATION_CONTEXT(2) 
PARAMETRIC_REPRESENTATION_CONTEXT() REPRESENTATION_CONTEXT('2D SPACE',''
  ) );
#5902 = ORIENTED_EDGE('',*,*,#5829,.T.);
#5903 = ORIENTED_EDGE('',*,*,#4848,.F.);
#5904 = ADVANCED_FACE('',(#5905),#4978,.T.);
#5905 = FACE_BOUND('',#5906,.T.);
#5906 = EDGE_LOOP('',(#5907,#5908,#5929));
#5907 = ORIENTED_EDGE('',*,*,#4964,.T.);
#5908 = ORIENTED_EDGE('',*,*,#5909,.T.);
#5909 = EDGE_CURVE('',#4937,#5830,#5910,.T.);
#5910 = SURFACE_CURVE('',#5911,(#5915,#5922),.PCURVE_S1.);
#5911 = LINE('',#5912,#5913);
#5912 = CARTESIAN_POINT('',(30.179427100795,7.728896024594,
    2.219169906666));
#5913 = VECTOR('',#5914,1.);
#5914 = DIRECTION('',(0.856794441525,-0.514060944342,-4.055404387297E-02
    ));
#5915 = PCURVE('',#4978,#5916);
#5916 = DEFINITIONAL_REPRESENTATION('',(#5917),#5921);
#5917 = LINE('',#5918,#5919);
#5918 = CARTESIAN_POINT('',(-2.975675236753E-02,4.324760386479));
#5919 = VECTOR('',#5920,1.);
#5920 = DIRECTION('',(-0.999177344916,4.055408001782E-02));
#5921 = ( GEOMETRIC_REPRESENTATION_CONTEXT(2) 
PARAMETRIC_REPRESENTATION_CONTEXT() REPRESENTATION_CONTEXT('2D SPACE',''
  ) );
#5922 = PCURVE('',#5866,#5923);
#5923 = DEFINITIONAL_REPRESENTATION('',(#5924),#5928);
#5924 = LINE('',#5925,#5926);
#5925 = CARTESIAN_POINT('',(1.422057413299,2.112089285009));
#5926 = VECTOR('',#5927,1.);
#5927 = DIRECTION('',(-0.504607404377,-0.863348925665));
#5928 = ( GEOMETRIC_REPRESENTATION_CONTEXT(2) 
PARAMETRIC_REPRESENTATION_CONTEXT() REPRESENTATION_CONTEXT('2D SPACE',''
  ) );
#5929 = ORIENTED_EDGE('',*,*,#5882,.F.);
#5930 = ADVANCED_FACE('',(#5931),#5237,.T.);
#5931 = FACE_BOUND('',#5932,.T.);
#5932 = EDGE_LOOP('',(#5933,#5959,#5960));
#5933 = ORIENTED_EDGE('',*,*,#5934,.T.);
#5934 = EDGE_CURVE('',#4353,#5222,#5935,.T.);
#5935 = SURFACE_CURVE('',#5936,(#5940,#5947),.PCURVE_S1.);
#5936 = LINE('',#5937,#5938);
#5937 = CARTESIAN_POINT('',(-26.46125167126,8.560337525947,
    6.628266598806));
#5938 = VECTOR('',#5939,1.);
#5939 = DIRECTION('',(0.996540662241,-1.094376989952E-03,
    -8.309940336472E-02));
#5940 = PCURVE('',#5237,#5941);
#5941 = DEFINITIONAL_REPRESENTATION('',(#5942),#5946);
#5942 = LINE('',#5943,#5944);
#5943 = CARTESIAN_POINT('',(-0.,0.));
#5944 = VECTOR('',#5945,1.);
#5945 = DIRECTION('',(8.310656398549E-02,0.996540666015));
#5946 = ( GEOMETRIC_REPRESENTATION_CONTEXT(2) 
PARAMETRIC_REPRESENTATION_CONTEXT() REPRESENTATION_CONTEXT('2D SPACE',''
  ) );
#5947 = PCURVE('',#5948,#5953);
#5948 = PLANE('',#5949);
#5949 = AXIS2_PLACEMENT_3D('',#5950,#5951,#5952);
#5950 = CARTESIAN_POINT('',(-26.42950826414,8.57020810709,2.185743682518
    ));
#5951 = DIRECTION('',(-1.284211497066E-03,-0.999996686692,
    -2.231010143194E-03));
#5952 = DIRECTION('',(1.102371950259E-22,2.231011982886E-03,
    -0.99999751129));
#5953 = DEFINITIONAL_REPRESENTATION('',(#5954),#5958);
#5954 = LINE('',#5955,#5956);
#5955 = CARTESIAN_POINT('',(-4.44253388152,-3.1743433288E-02));
#5956 = VECTOR('',#5957,1.);
#5957 = DIRECTION('',(8.30967549862E-02,0.996541483989));
#5958 = ( GEOMETRIC_REPRESENTATION_CONTEXT(2) 
PARAMETRIC_REPRESENTATION_CONTEXT() REPRESENTATION_CONTEXT('2D SPACE',''
  ) );
#5959 = ORIENTED_EDGE('',*,*,#5221,.F.);
#5960 = ORIENTED_EDGE('',*,*,#5358,.F.);
#5961 = ADVANCED_FACE('',(#5962),#5948,.T.);
#5962 = FACE_BOUND('',#5963,.T.);
#5963 = EDGE_LOOP('',(#5964,#5992,#5993));
#5964 = ORIENTED_EDGE('',*,*,#5965,.T.);
#5965 = EDGE_CURVE('',#5966,#5222,#5968,.T.);
#5966 = VERTEX_POINT('',#5967);
#5967 = CARTESIAN_POINT('',(-26.42950826414,8.57020810709,2.185743682518
    ));
#5968 = SURFACE_CURVE('',#5969,(#5973,#5980),.PCURVE_S1.);
#5969 = LINE('',#5970,#5971);
#5970 = CARTESIAN_POINT('',(-26.42950826414,8.57020810709,2.185743682518
    ));
#5971 = VECTOR('',#5972,1.);
#5972 = DIRECTION('',(0.999998986624,-1.285578909304E-03,
    6.115857928408E-04));
#5973 = PCURVE('',#5948,#5974);
#5974 = DEFINITIONAL_REPRESENTATION('',(#5975),#5979);
#5975 = LINE('',#5976,#5977);
#5976 = CARTESIAN_POINT('',(0.,0.));
#5977 = VECTOR('',#5978,1.);
#5978 = DIRECTION('',(-6.144524127325E-04,0.999999811224));
#5979 = ( GEOMETRIC_REPRESENTATION_CONTEXT(2) 
PARAMETRIC_REPRESENTATION_CONTEXT() REPRESENTATION_CONTEXT('2D SPACE',''
  ) );
#5980 = PCURVE('',#5981,#5986);
#5981 = PLANE('',#5982);
#5982 = AXIS2_PLACEMENT_3D('',#5983,#5984,#5985);
#5983 = CARTESIAN_POINT('',(26.426499163353,8.502257469852,
    2.218069698485));
#5984 = DIRECTION('',(-6.081487786268E-04,2.672207671287E-03,
    0.999996244724));
#5985 = DIRECTION('',(-8.547483909492E-24,0.999996429645,
    -2.672208165438E-03));
#5986 = DEFINITIONAL_REPRESENTATION('',(#5987),#5991);
#5987 = LINE('',#5988,#5989);
#5988 = CARTESIAN_POINT('',(6.803677647428E-02,52.856017201766));
#5989 = VECTOR('',#5990,1.);
#5990 = DIRECTION('',(-1.287208603881E-03,-0.999999171547));
#5991 = ( GEOMETRIC_REPRESENTATION_CONTEXT(2) 
PARAMETRIC_REPRESENTATION_CONTEXT() REPRESENTATION_CONTEXT('2D SPACE',''
  ) );
#5992 = ORIENTED_EDGE('',*,*,#5934,.F.);
#5993 = ORIENTED_EDGE('',*,*,#5994,.T.);
#5994 = EDGE_CURVE('',#4353,#5966,#5995,.T.);
#5995 = SURFACE_CURVE('',#5996,(#6000,#6007),.PCURVE_S1.);
#5996 = LINE('',#5997,#5998);
#5997 = CARTESIAN_POINT('',(-26.46125167126,8.560337525947,
    6.628266598806));
#5998 = VECTOR('',#5999,1.);
#5999 = DIRECTION('',(7.14515581539E-03,2.221779155881E-03,
    -0.999972004831));
#6000 = PCURVE('',#5948,#6001);
#6001 = DEFINITIONAL_REPRESENTATION('',(#6002),#6006);
#6002 = LINE('',#6003,#6004);
#6003 = CARTESIAN_POINT('',(-4.44253388152,-3.1743433288E-02));
#6004 = VECTOR('',#6005,1.);
#6005 = DIRECTION('',(0.999974473006,7.145161707289E-03));
#6006 = ( GEOMETRIC_REPRESENTATION_CONTEXT(2) 
PARAMETRIC_REPRESENTATION_CONTEXT() REPRESENTATION_CONTEXT('2D SPACE',''
  ) );
#6007 = PCURVE('',#4390,#6008);
#6008 = DEFINITIONAL_REPRESENTATION('',(#6009),#6013);
#6009 = LINE('',#6010,#6011);
#6010 = CARTESIAN_POINT('',(-1.23779666905,-8.339384853075E-02));
#6011 = VECTOR('',#6012,1.);
#6012 = DIRECTION('',(-7.331905507514E-03,0.99997312122));
#6013 = ( GEOMETRIC_REPRESENTATION_CONTEXT(2) 
PARAMETRIC_REPRESENTATION_CONTEXT() REPRESENTATION_CONTEXT('2D SPACE',''
  ) );
#6014 = ADVANCED_FACE('',(#6015),#4390,.T.);
#6015 = FACE_BOUND('',#6016,.T.);
#6016 = EDGE_LOOP('',(#6017,#6038,#6039));
#6017 = ORIENTED_EDGE('',*,*,#6018,.T.);
#6018 = EDGE_CURVE('',#1371,#5966,#6019,.T.);
#6019 = SURFACE_CURVE('',#6020,(#6024,#6031),.PCURVE_S1.);
#6020 = LINE('',#6021,#6022);
#6021 = CARTESIAN_POINT('',(-27.69282419411,8.436362809231,
    6.544872843378));
#6022 = VECTOR('',#6023,1.);
#6023 = DIRECTION('',(0.278234475485,2.947827646474E-02,-0.960060731344)
  );
#6024 = PCURVE('',#4390,#6025);
#6025 = DEFINITIONAL_REPRESENTATION('',(#6026),#6030);
#6026 = LINE('',#6027,#6028);
#6027 = CARTESIAN_POINT('',(0.,0.));
#6028 = VECTOR('',#6029,1.);
#6029 = DIRECTION('',(-0.279788016336,0.960061803175));
#6030 = ( GEOMETRIC_REPRESENTATION_CONTEXT(2) 
PARAMETRIC_REPRESENTATION_CONTEXT() REPRESENTATION_CONTEXT('2D SPACE',''
  ) );
#6031 = PCURVE('',#1386,#6032);
#6032 = DEFINITIONAL_REPRESENTATION('',(#6033),#6037);
#6033 = LINE('',#6034,#6035);
#6034 = CARTESIAN_POINT('',(-0.,0.));
#6035 = VECTOR('',#6036,1.);
#6036 = DIRECTION('',(-0.27977017373,0.960067002813));
#6037 = ( GEOMETRIC_REPRESENTATION_CONTEXT(2) 
PARAMETRIC_REPRESENTATION_CONTEXT() REPRESENTATION_CONTEXT('2D SPACE',''
  ) );
#6038 = ORIENTED_EDGE('',*,*,#5994,.F.);
#6039 = ORIENTED_EDGE('',*,*,#4376,.F.);
#6040 = ADVANCED_FACE('',(#6041),#1386,.T.);
#6041 = FACE_BOUND('',#6042,.T.);
#6042 = EDGE_LOOP('',(#6043,#6044,#6065));
#6043 = ORIENTED_EDGE('',*,*,#1370,.F.);
#6044 = ORIENTED_EDGE('',*,*,#6045,.T.);
#6045 = EDGE_CURVE('',#1313,#5966,#6046,.T.);
#6046 = SURFACE_CURVE('',#6047,(#6051,#6058),.PCURVE_S1.);
#6047 = LINE('',#6048,#6049);
#6048 = CARTESIAN_POINT('',(-27.73160044738,8.448485777562,2.20758429207
    ));
#6049 = VECTOR('',#6050,1.);
#6050 = DIRECTION('',(0.995520156808,9.306332849423E-02,
    -1.66983315973E-02));
#6051 = PCURVE('',#1386,#6052);
#6052 = DEFINITIONAL_REPRESENTATION('',(#6053),#6057);
#6053 = LINE('',#6054,#6055);
#6054 = CARTESIAN_POINT('',(3.748051003476E-02,4.337316884072));
#6055 = VECTOR('',#6056,1.);
#6056 = DIRECTION('',(-0.999860571319,1.669844067694E-02));
#6057 = ( GEOMETRIC_REPRESENTATION_CONTEXT(2) 
PARAMETRIC_REPRESENTATION_CONTEXT() REPRESENTATION_CONTEXT('2D SPACE',''
  ) );
#6058 = PCURVE('',#1328,#6059);
#6059 = DEFINITIONAL_REPRESENTATION('',(#6060),#6064);
#6060 = LINE('',#6061,#6062);
#6061 = CARTESIAN_POINT('',(-0.106897706259,1.30357595551));
#6062 = VECTOR('',#6063,1.);
#6063 = DIRECTION('',(8.172909926599E-02,-0.996654581253));
#6064 = ( GEOMETRIC_REPRESENTATION_CONTEXT(2) 
PARAMETRIC_REPRESENTATION_CONTEXT() REPRESENTATION_CONTEXT('2D SPACE',''
  ) );
#6065 = ORIENTED_EDGE('',*,*,#6018,.F.);
#6066 = ADVANCED_FACE('',(#6067),#44,.T.);
#6067 = FACE_BOUND('',#6068,.T.);
#6068 = EDGE_LOOP('',(#6069,#6095,#6096));
#6069 = ORIENTED_EDGE('',*,*,#6070,.F.);
#6070 = EDGE_CURVE('',#22,#1482,#6071,.T.);
#6071 = SURFACE_CURVE('',#6072,(#6076,#6083),.PCURVE_S1.);
#6072 = LINE('',#6073,#6074);
#6073 = CARTESIAN_POINT('',(-34.41425980257,-3.133716144053,
    2.225450484214));
#6074 = VECTOR('',#6075,1.);
#6075 = DIRECTION('',(0.135311531801,-0.24976481639,0.958805676796));
#6076 = PCURVE('',#44,#6077);
#6077 = DEFINITIONAL_REPRESENTATION('',(#6078),#6082);
#6078 = LINE('',#6079,#6080);
#6079 = CARTESIAN_POINT('',(1.293232929596,-4.365152491923));
#6080 = VECTOR('',#6081,1.);
#6081 = DIRECTION('',(-0.284058932272,0.958806822565));
#6082 = ( GEOMETRIC_REPRESENTATION_CONTEXT(2) 
PARAMETRIC_REPRESENTATION_CONTEXT() REPRESENTATION_CONTEXT('2D SPACE',''
  ) );
#6083 = PCURVE('',#6084,#6089);
#6084 = PLANE('',#6085);
#6085 = AXIS2_PLACEMENT_3D('',#6086,#6087,#6088);
#6086 = CARTESIAN_POINT('',(-33.79822802606,-4.270818514416,
    6.590597759804));
#6087 = DIRECTION('',(0.90889170002,0.416564098108,-1.975423503496E-02)
  );
#6088 = DIRECTION('',(-0.416645399766,0.909069090253,7.682707491399E-19)
  );
#6089 = DEFINITIONAL_REPRESENTATION('',(#6090),#6094);
#6090 = LINE('',#6091,#6092);
#6091 = CARTESIAN_POINT('',(1.290371423139,-4.36599923022));
#6092 = VECTOR('',#6093,1.);
#6093 = DIRECTION('',(-0.283430401673,0.95899280884));
#6094 = ( GEOMETRIC_REPRESENTATION_CONTEXT(2) 
PARAMETRIC_REPRESENTATION_CONTEXT() REPRESENTATION_CONTEXT('2D SPACE',''
  ) );
#6095 = ORIENTED_EDGE('',*,*,#21,.T.);
#6096 = ORIENTED_EDGE('',*,*,#1509,.T.);
#6097 = ADVANCED_FACE('',(#6098),#6084,.T.);
#6098 = FACE_BOUND('',#6099,.T.);
#6099 = EDGE_LOOP('',(#6100,#6123,#6149));
#6100 = ORIENTED_EDGE('',*,*,#6101,.F.);
#6101 = EDGE_CURVE('',#6102,#1482,#6104,.T.);
#6102 = VERTEX_POINT('',#6103);
#6103 = CARTESIAN_POINT('',(-33.87655600304,-4.305999153391,
    2.244864343848));
#6104 = SURFACE_CURVE('',#6105,(#6109,#6116),.PCURVE_S1.);
#6105 = LINE('',#6106,#6107);
#6106 = CARTESIAN_POINT('',(-33.87655600304,-4.305999153391,
    2.244864343848));
#6107 = VECTOR('',#6108,1.);
#6108 = DIRECTION('',(1.802059264761E-02,8.093863630071E-03,
    0.999804854765));
#6109 = PCURVE('',#6084,#6110);
#6110 = DEFINITIONAL_REPRESENTATION('',(#6111),#6115);
#6111 = LINE('',#6112,#6113);
#6112 = CARTESIAN_POINT('',(6.533598119231E-04,-4.346581581544));
#6113 = VECTOR('',#6114,1.);
#6114 = DIRECTION('',(-1.503157808693E-04,0.999999988703));
#6115 = ( GEOMETRIC_REPRESENTATION_CONTEXT(2) 
PARAMETRIC_REPRESENTATION_CONTEXT() REPRESENTATION_CONTEXT('2D SPACE',''
  ) );
#6116 = PCURVE('',#1576,#6117);
#6117 = DEFINITIONAL_REPRESENTATION('',(#6118),#6122);
#6118 = LINE('',#6119,#6120);
#6119 = CARTESIAN_POINT('',(1.319115074839,-4.303555985016));
#6120 = VECTOR('',#6121,1.);
#6121 = DIRECTION('',(-2.992671268724E-03,0.999995521949));
#6122 = ( GEOMETRIC_REPRESENTATION_CONTEXT(2) 
PARAMETRIC_REPRESENTATION_CONTEXT() REPRESENTATION_CONTEXT('2D SPACE',''
  ) );
#6123 = ORIENTED_EDGE('',*,*,#6124,.F.);
#6124 = EDGE_CURVE('',#22,#6102,#6125,.T.);
#6125 = SURFACE_CURVE('',#6126,(#6130,#6137),.PCURVE_S1.);
#6126 = LINE('',#6127,#6128);
#6127 = CARTESIAN_POINT('',(-34.41425980257,-3.133716144053,
    2.225450484214));
#6128 = VECTOR('',#6129,1.);
#6129 = DIRECTION('',(0.416868525886,-0.908842173804,1.50510877071E-02)
  );
#6130 = PCURVE('',#6084,#6131);
#6131 = DEFINITIONAL_REPRESENTATION('',(#6132),#6136);
#6132 = LINE('',#6133,#6134);
#6133 = CARTESIAN_POINT('',(1.290371423139,-4.36599923022));
#6134 = VECTOR('',#6135,1.);
#6135 = DIRECTION('',(-0.999886681741,1.505402525835E-02));
#6136 = ( GEOMETRIC_REPRESENTATION_CONTEXT(2) 
PARAMETRIC_REPRESENTATION_CONTEXT() REPRESENTATION_CONTEXT('2D SPACE',''
  ) );
#6137 = PCURVE('',#6138,#6143);
#6138 = PLANE('',#6139);
#6139 = AXIS2_PLACEMENT_3D('',#6140,#6141,#6142);
#6140 = CARTESIAN_POINT('',(-34.41425980257,-3.133716144053,
    2.225450484214));
#6141 = DIRECTION('',(4.184399091187E-02,3.572867865655E-02,
    0.998485123548));
#6142 = DIRECTION('',(0.999123036693,5.321398761708E-20,
    -4.187072424143E-02));
#6143 = DEFINITIONAL_REPRESENTATION('',(#6144),#6148);
#6144 = LINE('',#6145,#6146);
#6145 = CARTESIAN_POINT('',(0.,0.));
#6146 = VECTOR('',#6147,1.);
#6147 = DIRECTION('',(0.415872747542,-0.909422815775));
#6148 = ( GEOMETRIC_REPRESENTATION_CONTEXT(2) 
PARAMETRIC_REPRESENTATION_CONTEXT() REPRESENTATION_CONTEXT('2D SPACE',''
  ) );
#6149 = ORIENTED_EDGE('',*,*,#6070,.T.);
#6150 = ADVANCED_FACE('',(#6151),#1576,.T.);
#6151 = FACE_BOUND('',#6152,.T.);
#6152 = EDGE_LOOP('',(#6153,#6179,#6180));
#6153 = ORIENTED_EDGE('',*,*,#6154,.F.);
#6154 = EDGE_CURVE('',#6102,#1535,#6155,.T.);
#6155 = SURFACE_CURVE('',#6156,(#6160,#6167),.PCURVE_S1.);
#6156 = LINE('',#6157,#6158);
#6157 = CARTESIAN_POINT('',(-33.87655600304,-4.305999153391,
    2.244864343848));
#6158 = VECTOR('',#6159,1.);
#6159 = DIRECTION('',(0.174859179341,-0.235916784579,0.95591188828));
#6160 = PCURVE('',#1576,#6161);
#6161 = DEFINITIONAL_REPRESENTATION('',(#6162),#6166);
#6162 = LINE('',#6163,#6164);
#6163 = CARTESIAN_POINT('',(1.319115074839,-4.303555985016));
#6164 = VECTOR('',#6165,1.);
#6165 = DIRECTION('',(-0.293059566701,0.956094184882));
#6166 = ( GEOMETRIC_REPRESENTATION_CONTEXT(2) 
PARAMETRIC_REPRESENTATION_CONTEXT() REPRESENTATION_CONTEXT('2D SPACE',''
  ) );
#6167 = PCURVE('',#6168,#6173);
#6168 = PLANE('',#6169);
#6169 = AXIS2_PLACEMENT_3D('',#6170,#6171,#6172);
#6170 = CARTESIAN_POINT('',(-33.08948263759,-5.367904043406,
    6.547599778288));
#6171 = DIRECTION('',(0.785732815404,0.618501785011,8.915421178602E-03)
  );
#6172 = DIRECTION('',(-0.618526367202,0.785764044148,-2.73437879221E-19)
  );
#6173 = DEFINITIONAL_REPRESENTATION('',(#6174),#6178);
#6174 = LINE('',#6175,#6176);
#6175 = CARTESIAN_POINT('',(1.321232310335,-4.302906445527));
#6176 = VECTOR('',#6177,1.);
#6177 = DIRECTION('',(-0.293529939703,0.955949880746));
#6178 = ( GEOMETRIC_REPRESENTATION_CONTEXT(2) 
PARAMETRIC_REPRESENTATION_CONTEXT() REPRESENTATION_CONTEXT('2D SPACE',''
  ) );
#6179 = ORIENTED_EDGE('',*,*,#6101,.T.);
#6180 = ORIENTED_EDGE('',*,*,#1562,.T.);
#6181 = ADVANCED_FACE('',(#6182),#6168,.T.);
#6182 = FACE_BOUND('',#6183,.T.);
#6183 = EDGE_LOOP('',(#6184,#6207,#6233));
#6184 = ORIENTED_EDGE('',*,*,#6185,.T.);
#6185 = EDGE_CURVE('',#1535,#6186,#6188,.T.);
#6186 = VERTEX_POINT('',#6187);
#6187 = CARTESIAN_POINT('',(-33.0673063665,-5.333480865643,
    2.205076858512));
#6188 = SURFACE_CURVE('',#6189,(#6193,#6200),.PCURVE_S1.);
#6189 = LINE('',#6190,#6191);
#6190 = CARTESIAN_POINT('',(-33.08948263759,-5.367904043406,
    6.547599778288));
#6191 = VECTOR('',#6192,1.);
#6192 = DIRECTION('',(5.106544201021E-03,7.926647275802E-03,
    -0.999955544747));
#6193 = PCURVE('',#6168,#6194);
#6194 = DEFINITIONAL_REPRESENTATION('',(#6195),#6199);
#6195 = LINE('',#6196,#6197);
#6196 = CARTESIAN_POINT('',(0.,0.));
#6197 = VECTOR('',#6198,1.);
#6198 = DIRECTION('',(3.069942186355E-03,-0.999995287716));
#6199 = ( GEOMETRIC_REPRESENTATION_CONTEXT(2) 
PARAMETRIC_REPRESENTATION_CONTEXT() REPRESENTATION_CONTEXT('2D SPACE',''
  ) );
#6200 = PCURVE('',#1634,#6201);
#6201 = DEFINITIONAL_REPRESENTATION('',(#6202),#6206);
#6202 = LINE('',#6203,#6204);
#6203 = CARTESIAN_POINT('',(1.229611064801,7.92938677251E-04));
#6204 = VECTOR('',#6205,1.);
#6205 = DIRECTION('',(2.300344498966E-03,-0.999997354204));
#6206 = ( GEOMETRIC_REPRESENTATION_CONTEXT(2) 
PARAMETRIC_REPRESENTATION_CONTEXT() REPRESENTATION_CONTEXT('2D SPACE',''
  ) );
#6207 = ORIENTED_EDGE('',*,*,#6208,.F.);
#6208 = EDGE_CURVE('',#6102,#6186,#6209,.T.);
#6209 = SURFACE_CURVE('',#6210,(#6214,#6221),.PCURVE_S1.);
#6210 = LINE('',#6211,#6212);
#6211 = CARTESIAN_POINT('',(-33.87655600304,-4.305999153391,
    2.244864343848));
#6212 = VECTOR('',#6213,1.);
#6213 = DIRECTION('',(0.618453362413,-0.785232999889,-3.040681512462E-02
    ));
#6214 = PCURVE('',#6168,#6215);
#6215 = DEFINITIONAL_REPRESENTATION('',(#6216),#6220);
#6216 = LINE('',#6217,#6218);
#6217 = CARTESIAN_POINT('',(1.321232310335,-4.302906445527));
#6218 = VECTOR('',#6219,1.);
#6219 = DIRECTION('',(-0.999537569128,-3.040802363548E-02));
#6220 = ( GEOMETRIC_REPRESENTATION_CONTEXT(2) 
PARAMETRIC_REPRESENTATION_CONTEXT() REPRESENTATION_CONTEXT('2D SPACE',''
  ) );
#6221 = PCURVE('',#6222,#6227);
#6222 = PLANE('',#6223);
#6223 = AXIS2_PLACEMENT_3D('',#6224,#6225,#6226);
#6224 = CARTESIAN_POINT('',(-33.87655600304,-4.305999153391,
    2.244864343848));
#6225 = DIRECTION('',(6.60021379132E-02,1.334819921741E-02,
    0.997730195678));
#6226 = DIRECTION('',(0.997819092559,-3.857459238694E-20,
    -6.600801864546E-02));
#6227 = DEFINITIONAL_REPRESENTATION('',(#6228),#6232);
#6228 = LINE('',#6229,#6230);
#6229 = CARTESIAN_POINT('',(0.,0.));
#6230 = VECTOR('',#6231,1.);
#6231 = DIRECTION('',(0.619111666492,-0.785302963456));
#6232 = ( GEOMETRIC_REPRESENTATION_CONTEXT(2) 
PARAMETRIC_REPRESENTATION_CONTEXT() REPRESENTATION_CONTEXT('2D SPACE',''
  ) );
#6233 = ORIENTED_EDGE('',*,*,#6154,.T.);
#6234 = ADVANCED_FACE('',(#6235),#1634,.T.);
#6235 = FACE_BOUND('',#6236,.T.);
#6236 = EDGE_LOOP('',(#6237,#6263,#6264));
#6237 = ORIENTED_EDGE('',*,*,#6238,.F.);
#6238 = EDGE_CURVE('',#6186,#1593,#6239,.T.);
#6239 = SURFACE_CURVE('',#6240,(#6244,#6251),.PCURVE_S1.);
#6240 = LINE('',#6241,#6242);
#6241 = CARTESIAN_POINT('',(-33.0673063665,-5.333480865643,
    2.205076858512));
#6242 = VECTOR('',#6243,1.);
#6243 = DIRECTION('',(0.181117178821,-0.206492773115,0.961539027907));
#6244 = PCURVE('',#1634,#6245);
#6245 = DEFINITIONAL_REPRESENTATION('',(#6246),#6250);
#6246 = LINE('',#6247,#6248);
#6247 = CARTESIAN_POINT('',(1.239600807608,-4.341911547698));
#6248 = VECTOR('',#6249,1.);
#6249 = DIRECTION('',(-0.274527561969,0.961579231119));
#6250 = ( GEOMETRIC_REPRESENTATION_CONTEXT(2) 
PARAMETRIC_REPRESENTATION_CONTEXT() REPRESENTATION_CONTEXT('2D SPACE',''
  ) );
#6251 = PCURVE('',#6252,#6257);
#6252 = PLANE('',#6253);
#6253 = AXIS2_PLACEMENT_3D('',#6254,#6255,#6256);
#6254 = CARTESIAN_POINT('',(-32.24949048117,-6.265877622027,
    6.546806872763));
#6255 = DIRECTION('',(0.73247031043,0.680749311078,8.223126275474E-03));
#6256 = DIRECTION('',(-0.680772328313,0.732495076436,2.909052834742E-19)
  );
#6257 = DEFINITIONAL_REPRESENTATION('',(#6258),#6262);
#6258 = LINE('',#6259,#6260);
#6259 = CARTESIAN_POINT('',(1.239722457721,-4.341876815166));
#6260 = VECTOR('',#6261,1.);
#6261 = DIRECTION('',(-0.274554503149,0.961571539097));
#6262 = ( GEOMETRIC_REPRESENTATION_CONTEXT(2) 
PARAMETRIC_REPRESENTATION_CONTEXT() REPRESENTATION_CONTEXT('2D SPACE',''
  ) );
#6263 = ORIENTED_EDGE('',*,*,#6185,.F.);
#6264 = ORIENTED_EDGE('',*,*,#1620,.T.);
#6265 = ADVANCED_FACE('',(#6266),#6252,.T.);
#6266 = FACE_BOUND('',#6267,.T.);
#6267 = EDGE_LOOP('',(#6268,#6291,#6312));
#6268 = ORIENTED_EDGE('',*,*,#6269,.T.);
#6269 = EDGE_CURVE('',#1593,#6270,#6272,.T.);
#6270 = VERTEX_POINT('',#6271);
#6271 = CARTESIAN_POINT('',(-32.22995946197,-6.233922921472,
    2.161731066116));
#6272 = SURFACE_CURVE('',#6273,(#6277,#6284),.PCURVE_S1.);
#6273 = LINE('',#6274,#6275);
#6274 = CARTESIAN_POINT('',(-32.24949048117,-6.265877622027,
    6.546806872763));
#6275 = VECTOR('',#6276,1.);
#6276 = DIRECTION('',(4.453812841655E-03,7.286883199478E-03,
    -0.999963531777));
#6277 = PCURVE('',#6252,#6278);
#6278 = DEFINITIONAL_REPRESENTATION('',(#6279),#6283);
#6279 = LINE('',#6280,#6281);
#6280 = CARTESIAN_POINT('',(0.,0.));
#6281 = VECTOR('',#6282,1.);
#6282 = DIRECTION('',(2.305573528096E-03,-0.999997342162));
#6283 = ( GEOMETRIC_REPRESENTATION_CONTEXT(2) 
PARAMETRIC_REPRESENTATION_CONTEXT() REPRESENTATION_CONTEXT('2D SPACE',''
  ) );
#6284 = PCURVE('',#1665,#6285);
#6285 = DEFINITIONAL_REPRESENTATION('',(#6286),#6290);
#6286 = LINE('',#6287,#6288);
#6287 = CARTESIAN_POINT('',(-1.271461221737,2.025742245128E-02));
#6288 = VECTOR('',#6289,1.);
#6289 = DIRECTION('',(-1.100724088998E-03,0.999999394203));
#6290 = ( GEOMETRIC_REPRESENTATION_CONTEXT(2) 
PARAMETRIC_REPRESENTATION_CONTEXT() REPRESENTATION_CONTEXT('2D SPACE',''
  ) );
#6291 = ORIENTED_EDGE('',*,*,#6292,.F.);
#6292 = EDGE_CURVE('',#6186,#6270,#6293,.T.);
#6293 = SURFACE_CURVE('',#6294,(#6298,#6305),.PCURVE_S1.);
#6294 = LINE('',#6295,#6296);
#6295 = CARTESIAN_POINT('',(-33.0673063665,-5.333480865643,
    2.205076858512));
#6296 = VECTOR('',#6297,1.);
#6297 = DIRECTION('',(0.680561913889,-0.731843117289,-3.522971813997E-02
    ));
#6298 = PCURVE('',#6252,#6299);
#6299 = DEFINITIONAL_REPRESENTATION('',(#6300),#6304);
#6300 = LINE('',#6301,#6302);
#6301 = CARTESIAN_POINT('',(1.239722457721,-4.341876815166));
#6302 = VECTOR('',#6303,1.);
#6303 = DIRECTION('',(-0.999379198817,-3.523090931373E-02));
#6304 = ( GEOMETRIC_REPRESENTATION_CONTEXT(2) 
PARAMETRIC_REPRESENTATION_CONTEXT() REPRESENTATION_CONTEXT('2D SPACE',''
  ) );
#6305 = PCURVE('',#6222,#6306);
#6306 = DEFINITIONAL_REPRESENTATION('',(#6307),#6311);
#6307 = LINE('',#6308,#6309);
#6308 = CARTESIAN_POINT('',(0.81011103106,-1.027573259966));
#6309 = VECTOR('',#6310,1.);
#6310 = DIRECTION('',(0.681403115238,-0.731908323866));
#6311 = ( GEOMETRIC_REPRESENTATION_CONTEXT(2) 
PARAMETRIC_REPRESENTATION_CONTEXT() REPRESENTATION_CONTEXT('2D SPACE',''
  ) );
#6312 = ORIENTED_EDGE('',*,*,#6238,.T.);
#6313 = ADVANCED_FACE('',(#6314),#1665,.T.);
#6314 = FACE_BOUND('',#6315,.T.);
#6315 = EDGE_LOOP('',(#6316,#6342,#6343));
#6316 = ORIENTED_EDGE('',*,*,#6317,.F.);
#6317 = EDGE_CURVE('',#6270,#1650,#6318,.T.);
#6318 = SURFACE_CURVE('',#6319,(#6323,#6330),.PCURVE_S1.);
#6319 = LINE('',#6320,#6321);
#6320 = CARTESIAN_POINT('',(-32.22995946197,-6.233922921472,
    2.161731066116));
#6321 = VECTOR('',#6322,1.);
#6322 = DIRECTION('',(0.211640209861,-0.180843658474,0.96047071416));
#6323 = PCURVE('',#1665,#6324);
#6324 = DEFINITIONAL_REPRESENTATION('',(#6325),#6329);
#6325 = LINE('',#6326,#6327);
#6326 = CARTESIAN_POINT('',(-1.276288156339,4.405490494289));
#6327 = VECTOR('',#6328,1.);
#6328 = DIRECTION('',(0.27826217346,-0.960505160226));
#6329 = ( GEOMETRIC_REPRESENTATION_CONTEXT(2) 
PARAMETRIC_REPRESENTATION_CONTEXT() REPRESENTATION_CONTEXT('2D SPACE',''
  ) );
#6330 = PCURVE('',#6331,#6336);
#6331 = PLANE('',#6332);
#6332 = AXIS2_PLACEMENT_3D('',#6333,#6334,#6335);
#6333 = CARTESIAN_POINT('',(-31.25924220676,-7.06338751089,
    6.567063568733));
#6334 = DIRECTION('',(0.61223079359,0.790556116727,1.39456690784E-02));
#6335 = DIRECTION('',(0.790633002285,-0.612290336114,4.211694762379E-19)
  );
#6336 = DEFINITIONAL_REPRESENTATION('',(#6337),#6341);
#6337 = LINE('',#6338,#6339);
#6338 = CARTESIAN_POINT('',(-1.275354250107,4.405760943358));
#6339 = VECTOR('',#6340,1.);
#6340 = DIRECTION('',(0.278058558958,-0.960564124767));
#6341 = ( GEOMETRIC_REPRESENTATION_CONTEXT(2) 
PARAMETRIC_REPRESENTATION_CONTEXT() REPRESENTATION_CONTEXT('2D SPACE',''
  ) );
#6342 = ORIENTED_EDGE('',*,*,#6269,.F.);
#6343 = ORIENTED_EDGE('',*,*,#1649,.T.);
#6344 = ADVANCED_FACE('',(#6345),#6331,.T.);
#6345 = FACE_BOUND('',#6346,.T.);
#6346 = EDGE_LOOP('',(#6347,#6370,#6396));
#6347 = ORIENTED_EDGE('',*,*,#6348,.T.);
#6348 = EDGE_CURVE('',#1650,#6349,#6351,.T.);
#6349 = VERTEX_POINT('',#6350);
#6350 = CARTESIAN_POINT('',(-31.21220072975,-7.023318431271,
    2.230441464412));
#6351 = SURFACE_CURVE('',#6352,(#6356,#6363),.PCURVE_S1.);
#6352 = LINE('',#6353,#6354);
#6353 = CARTESIAN_POINT('',(-31.25924220676,-7.06338751089,
    6.567063568733));
#6354 = VECTOR('',#6355,1.);
#6355 = DIRECTION('',(1.084639171912E-02,9.238760366843E-03,
    -0.999898495395));
#6356 = PCURVE('',#6331,#6357);
#6357 = DEFINITIONAL_REPRESENTATION('',(#6358),#6362);
#6358 = LINE('',#6359,#6360);
#6359 = CARTESIAN_POINT('',(0.,0.));
#6360 = VECTOR('',#6361,1.);
#6361 = DIRECTION('',(2.91871155856E-03,0.999995740552));
#6362 = ( GEOMETRIC_REPRESENTATION_CONTEXT(2) 
PARAMETRIC_REPRESENTATION_CONTEXT() REPRESENTATION_CONTEXT('2D SPACE',''
  ) );
#6363 = PCURVE('',#1723,#6364);
#6364 = DEFINITIONAL_REPRESENTATION('',(#6365),#6369);
#6365 = LINE('',#6366,#6367);
#6366 = CARTESIAN_POINT('',(-1.287979624402,-2.747344078605E-02));
#6367 = VECTOR('',#6368,1.);
#6368 = DIRECTION('',(4.844310144444E-03,0.999988266261));
#6369 = ( GEOMETRIC_REPRESENTATION_CONTEXT(2) 
PARAMETRIC_REPRESENTATION_CONTEXT() REPRESENTATION_CONTEXT('2D SPACE',''
  ) );
#6370 = ORIENTED_EDGE('',*,*,#6371,.F.);
#6371 = EDGE_CURVE('',#6270,#6349,#6372,.T.);
#6372 = SURFACE_CURVE('',#6373,(#6377,#6384),.PCURVE_S1.);
#6373 = LINE('',#6374,#6375);
#6374 = CARTESIAN_POINT('',(-32.22995946197,-6.233922921472,
    2.161731066116));
#6375 = VECTOR('',#6376,1.);
#6376 = DIRECTION('',(0.78905527926,-0.612008204608,5.327028970558E-02)
  );
#6377 = PCURVE('',#6331,#6378);
#6378 = DEFINITIONAL_REPRESENTATION('',(#6379),#6383);
#6379 = LINE('',#6380,#6381);
#6380 = CARTESIAN_POINT('',(-1.275354250107,4.405760943358));
#6381 = VECTOR('',#6382,1.);
#6382 = DIRECTION('',(0.998579853713,-5.327547050915E-02));
#6383 = ( GEOMETRIC_REPRESENTATION_CONTEXT(2) 
PARAMETRIC_REPRESENTATION_CONTEXT() REPRESENTATION_CONTEXT('2D SPACE',''
  ) );
#6384 = PCURVE('',#6385,#6390);
#6385 = PLANE('',#6386);
#6386 = AXIS2_PLACEMENT_3D('',#6387,#6388,#6389);
#6387 = CARTESIAN_POINT('',(-33.87655600304,-4.305999153391,
    2.244864343848));
#6388 = DIRECTION('',(-0.275489636227,-0.275009116025,0.921127269401));
#6389 = DIRECTION('',(0.958068853603,8.800678159677E-18,0.286538080813)
  );
#6390 = DEFINITIONAL_REPRESENTATION('',(#6391),#6395);
#6391 = LINE('',#6392,#6393);
#6392 = CARTESIAN_POINT('',(1.553732010593,-2.005242680004));
#6393 = VECTOR('',#6394,1.);
#6394 = DIRECTION('',(0.771233253406,-0.636552644202));
#6395 = ( GEOMETRIC_REPRESENTATION_CONTEXT(2) 
PARAMETRIC_REPRESENTATION_CONTEXT() REPRESENTATION_CONTEXT('2D SPACE',''
  ) );
#6396 = ORIENTED_EDGE('',*,*,#6317,.T.);
#6397 = ADVANCED_FACE('',(#6398),#1723,.T.);
#6398 = FACE_BOUND('',#6399,.T.);
#6399 = EDGE_LOOP('',(#6400,#6426,#6427));
#6400 = ORIENTED_EDGE('',*,*,#6401,.F.);
#6401 = EDGE_CURVE('',#6349,#1708,#6402,.T.);
#6402 = SURFACE_CURVE('',#6403,(#6407,#6414),.PCURVE_S1.);
#6403 = LINE('',#6404,#6405);
#6404 = CARTESIAN_POINT('',(-31.21220072975,-7.023318431271,
    2.230441464412));
#6405 = VECTOR('',#6406,1.);
#6406 = DIRECTION('',(0.23863544278,-0.150909228323,0.959312008815));
#6407 = PCURVE('',#1723,#6408);
#6408 = DEFINITIONAL_REPRESENTATION('',(#6409),#6413);
#6409 = LINE('',#6410,#6411);
#6410 = CARTESIAN_POINT('',(-1.26696954933,4.309538005375));
#6411 = VECTOR('',#6412,1.);
#6412 = DIRECTION('',(0.282055343812,-0.959398135826));
#6413 = ( GEOMETRIC_REPRESENTATION_CONTEXT(2) 
PARAMETRIC_REPRESENTATION_CONTEXT() REPRESENTATION_CONTEXT('2D SPACE',''
  ) );
#6414 = PCURVE('',#6415,#6420);
#6415 = PLANE('',#6416);
#6416 = AXIS2_PLACEMENT_3D('',#6417,#6418,#6419);
#6417 = CARTESIAN_POINT('',(-30.14026982674,-7.701190349649,
    6.539592594291));
#6418 = DIRECTION('',(0.498675555441,0.866701565606,1.229172820499E-02)
  );
#6419 = DIRECTION('',(0.866767046515,-0.498713231303,3.933786781597E-19)
  );
#6420 = DEFINITIONAL_REPRESENTATION('',(#6421),#6425);
#6421 = LINE('',#6422,#6423);
#6422 = CARTESIAN_POINT('',(-1.267178077699,4.309476694229));
#6423 = VECTOR('',#6424,1.);
#6424 = DIRECTION('',(0.282101766822,-0.959384486614));
#6425 = ( GEOMETRIC_REPRESENTATION_CONTEXT(2) 
PARAMETRIC_REPRESENTATION_CONTEXT() REPRESENTATION_CONTEXT('2D SPACE',''
  ) );
#6426 = ORIENTED_EDGE('',*,*,#6348,.F.);
#6427 = ORIENTED_EDGE('',*,*,#1707,.T.);
#6428 = ADVANCED_FACE('',(#6429),#6415,.T.);
#6429 = FACE_BOUND('',#6430,.T.);
#6430 = EDGE_LOOP('',(#6431,#6454,#6480));
#6431 = ORIENTED_EDGE('',*,*,#6432,.T.);
#6432 = EDGE_CURVE('',#1708,#6433,#6435,.T.);
#6433 = VERTEX_POINT('',#6434);
#6434 = CARTESIAN_POINT('',(-30.10352451085,-7.661443064872,
    2.24621546509));
#6435 = SURFACE_CURVE('',#6436,(#6440,#6447),.PCURVE_S1.);
#6436 = LINE('',#6437,#6438);
#6437 = CARTESIAN_POINT('',(-30.14026982674,-7.701190349649,
    6.539592594291));
#6438 = VECTOR('',#6439,1.);
#6439 = DIRECTION('',(8.557924139693E-03,9.25707779823E-03,
    -0.999920531065));
#6440 = PCURVE('',#6415,#6441);
#6441 = DEFINITIONAL_REPRESENTATION('',(#6442),#6446);
#6442 = LINE('',#6443,#6444);
#6443 = CARTESIAN_POINT('',(0.,0.));
#6444 = VECTOR('',#6445,1.);
#6445 = DIRECTION('',(2.801099449683E-03,0.999996076913));
#6446 = ( GEOMETRIC_REPRESENTATION_CONTEXT(2) 
PARAMETRIC_REPRESENTATION_CONTEXT() REPRESENTATION_CONTEXT('2D SPACE',''
  ) );
#6447 = PCURVE('',#1781,#6448);
#6448 = DEFINITIONAL_REPRESENTATION('',(#6449),#6453);
#6449 = LINE('',#6450,#6451);
#6450 = CARTESIAN_POINT('',(-1.283609668504,6.458845073542E-02));
#6451 = VECTOR('',#6452,1.);
#6452 = DIRECTION('',(4.844412590911E-03,0.999988265764));
#6453 = ( GEOMETRIC_REPRESENTATION_CONTEXT(2) 
PARAMETRIC_REPRESENTATION_CONTEXT() REPRESENTATION_CONTEXT('2D SPACE',''
  ) );
#6454 = ORIENTED_EDGE('',*,*,#6455,.F.);
#6455 = EDGE_CURVE('',#6349,#6433,#6456,.T.);
#6456 = SURFACE_CURVE('',#6457,(#6461,#6468),.PCURVE_S1.);
#6457 = LINE('',#6458,#6459);
#6458 = CARTESIAN_POINT('',(-31.21220072975,-7.023318431271,
    2.230441464412));
#6459 = VECTOR('',#6460,1.);
#6460 = DIRECTION('',(0.866625555392,-0.498806689975,1.233015723151E-02)
  );
#6461 = PCURVE('',#6415,#6462);
#6462 = DEFINITIONAL_REPRESENTATION('',(#6463),#6467);
#6463 = LINE('',#6464,#6465);
#6464 = CARTESIAN_POINT('',(-1.267178077699,4.309476694229));
#6465 = VECTOR('',#6466,1.);
#6466 = DIRECTION('',(0.999923969234,-1.233108879773E-02));
#6467 = ( GEOMETRIC_REPRESENTATION_CONTEXT(2) 
PARAMETRIC_REPRESENTATION_CONTEXT() REPRESENTATION_CONTEXT('2D SPACE',''
  ) );
#6468 = PCURVE('',#6469,#6474);
#6469 = PLANE('',#6470);
#6470 = AXIS2_PLACEMENT_3D('',#6471,#6472,#6473);
#6471 = CARTESIAN_POINT('',(-34.79519213925,-1.870985742658,
    2.151337464132));
#6472 = DIRECTION('',(-8.988121542647E-03,9.101346718697E-03,
    0.999918186233));
#6473 = DIRECTION('',(3.783361233987E-21,0.99995857854,
    -9.101714373168E-03));
#6474 = DEFINITIONAL_REPRESENTATION('',(#6475),#6479);
#6475 = LINE('',#6476,#6477);
#6476 = CARTESIAN_POINT('',(-5.152839253486,-3.58313614663));
#6477 = VECTOR('',#6478,1.);
#6478 = DIRECTION('',(-0.498898254243,-0.866660563262));
#6479 = ( GEOMETRIC_REPRESENTATION_CONTEXT(2) 
PARAMETRIC_REPRESENTATION_CONTEXT() REPRESENTATION_CONTEXT('2D SPACE',''
  ) );
#6480 = ORIENTED_EDGE('',*,*,#6401,.T.);
#6481 = ADVANCED_FACE('',(#6482),#1781,.T.);
#6482 = FACE_BOUND('',#6483,.T.);
#6483 = EDGE_LOOP('',(#6484,#6510,#6511));
#6484 = ORIENTED_EDGE('',*,*,#6485,.F.);
#6485 = EDGE_CURVE('',#6433,#1766,#6486,.T.);
#6486 = SURFACE_CURVE('',#6487,(#6491,#6498),.PCURVE_S1.);
#6487 = LINE('',#6488,#6489);
#6488 = CARTESIAN_POINT('',(-30.10352451085,-7.661443064872,
    2.24621546509));
#6489 = VECTOR('',#6490,1.);
#6490 = DIRECTION('',(0.25741123928,-0.106383496944,0.960428032426));
#6491 = PCURVE('',#1781,#6492);
#6492 = DEFINITIONAL_REPRESENTATION('',(#6493),#6497);
#6493 = LINE('',#6494,#6495);
#6494 = CARTESIAN_POINT('',(-1.262809125285,4.358256413659));
#6495 = VECTOR('',#6496,1.);
#6496 = DIRECTION('',(0.278303827518,-0.960493091901));
#6497 = ( GEOMETRIC_REPRESENTATION_CONTEXT(2) 
PARAMETRIC_REPRESENTATION_CONTEXT() REPRESENTATION_CONTEXT('2D SPACE',''
  ) );
#6498 = PCURVE('',#6499,#6504);
#6499 = PLANE('',#6500);
#6500 = AXIS2_PLACEMENT_3D('',#6501,#6502,#6503);
#6501 = CARTESIAN_POINT('',(-28.93551591818,-8.144160287698,
    6.604176670096));
#6502 = DIRECTION('',(0.408872371747,0.91255194843,-8.504412851116E-03)
  );
#6503 = DIRECTION('',(0.912584950398,-0.408887158404,5.396054997573E-19)
  );
#6504 = DEFINITIONAL_REPRESENTATION('',(#6505),#6509);
#6505 = LINE('',#6506,#6507);
#6506 = CARTESIAN_POINT('',(-1.263283937161,4.358118808409));
#6507 = VECTOR('',#6508,1.);
#6508 = DIRECTION('',(0.278408468797,-0.960462765807));
#6509 = ( GEOMETRIC_REPRESENTATION_CONTEXT(2) 
PARAMETRIC_REPRESENTATION_CONTEXT() REPRESENTATION_CONTEXT('2D SPACE',''
  ) );
#6510 = ORIENTED_EDGE('',*,*,#6432,.F.);
#6511 = ORIENTED_EDGE('',*,*,#1765,.T.);
#6512 = ADVANCED_FACE('',(#6513),#6499,.T.);
#6513 = FACE_BOUND('',#6514,.T.);
#6514 = EDGE_LOOP('',(#6515,#6538,#6564));
#6515 = ORIENTED_EDGE('',*,*,#6516,.F.);
#6516 = EDGE_CURVE('',#6517,#1766,#6519,.T.);
#6517 = VERTEX_POINT('',#6518);
#6518 = CARTESIAN_POINT('',(-28.93902586308,-8.184365130603,
    2.121312551014));
#6519 = SURFACE_CURVE('',#6520,(#6524,#6531),.PCURVE_S1.);
#6520 = LINE('',#6521,#6522);
#6521 = CARTESIAN_POINT('',(-28.93902586308,-8.184365130603,
    2.121312551014));
#6522 = VECTOR('',#6523,1.);
#6523 = DIRECTION('',(7.829375540216E-04,8.968198159115E-03,
    0.999959478394));
#6524 = PCURVE('',#6499,#6525);
#6525 = DEFINITIONAL_REPRESENTATION('',(#6526),#6530);
#6526 = LINE('',#6527,#6528);
#6527 = CARTESIAN_POINT('',(1.323612107982E-02,4.483026239534));
#6528 = VECTOR('',#6529,1.);
#6529 = DIRECTION('',(-2.952484032386E-03,-0.99999564141));
#6530 = ( GEOMETRIC_REPRESENTATION_CONTEXT(2) 
PARAMETRIC_REPRESENTATION_CONTEXT() REPRESENTATION_CONTEXT('2D SPACE',''
  ) );
#6531 = PCURVE('',#1839,#6532);
#6532 = DEFINITIONAL_REPRESENTATION('',(#6533),#6537);
#6533 = LINE('',#6534,#6535);
#6534 = CARTESIAN_POINT('',(-1.249884010011,4.450259096963));
#6535 = VECTOR('',#6536,1.);
#6536 = DIRECTION('',(-1.299009523671E-03,-0.999999156287));
#6537 = ( GEOMETRIC_REPRESENTATION_CONTEXT(2) 
PARAMETRIC_REPRESENTATION_CONTEXT() REPRESENTATION_CONTEXT('2D SPACE',''
  ) );
#6538 = ORIENTED_EDGE('',*,*,#6539,.F.);
#6539 = EDGE_CURVE('',#6433,#6517,#6540,.T.);
#6540 = SURFACE_CURVE('',#6541,(#6545,#6552),.PCURVE_S1.);
#6541 = LINE('',#6542,#6543);
#6542 = CARTESIAN_POINT('',(-30.10352451085,-7.661443064872,
    2.24621546509));
#6543 = VECTOR('',#6544,1.);
#6544 = DIRECTION('',(0.907908609514,-0.407699439144,-9.738133338295E-02
    ));
#6545 = PCURVE('',#6499,#6546);
#6546 = DEFINITIONAL_REPRESENTATION('',(#6547),#6551);
#6547 = LINE('',#6548,#6549);
#6548 = CARTESIAN_POINT('',(-1.263283937161,4.358118808409));
#6549 = VECTOR('',#6550,1.);
#6550 = DIRECTION('',(0.995246798534,9.73848551283E-02));
#6551 = ( GEOMETRIC_REPRESENTATION_CONTEXT(2) 
PARAMETRIC_REPRESENTATION_CONTEXT() REPRESENTATION_CONTEXT('2D SPACE',''
  ) );
#6552 = PCURVE('',#6553,#6558);
#6553 = PLANE('',#6554);
#6554 = AXIS2_PLACEMENT_3D('',#6555,#6556,#6557);
#6555 = CARTESIAN_POINT('',(-34.79519213925,-1.870985742658,
    2.151337464132));
#6556 = DIRECTION('',(0.17509393325,0.157791915348,0.971824997615));
#6557 = DIRECTION('',(0.984154101139,-3.81204305634E-18,-0.177315270667)
  );
#6558 = DEFINITIONAL_REPRESENTATION('',(#6559),#6563);
#6559 = LINE('',#6560,#6561);
#6560 = CARTESIAN_POINT('',(4.600500619252,-5.863918231277));
#6561 = VECTOR('',#6562,1.);
#6562 = DIRECTION('',(0.910789178999,-0.412871737247));
#6563 = ( GEOMETRIC_REPRESENTATION_CONTEXT(2) 
PARAMETRIC_REPRESENTATION_CONTEXT() REPRESENTATION_CONTEXT('2D SPACE',''
  ) );
#6564 = ORIENTED_EDGE('',*,*,#6485,.T.);
#6565 = ADVANCED_FACE('',(#6566),#1839,.T.);
#6566 = FACE_BOUND('',#6567,.T.);
#6567 = EDGE_LOOP('',(#6568,#6594,#6595));
#6568 = ORIENTED_EDGE('',*,*,#6569,.F.);
#6569 = EDGE_CURVE('',#6517,#1824,#6570,.T.);
#6570 = SURFACE_CURVE('',#6571,(#6575,#6582),.PCURVE_S1.);
#6571 = LINE('',#6572,#6573);
#6572 = CARTESIAN_POINT('',(-28.93902586308,-8.184365130603,
    2.121312551014));
#6573 = VECTOR('',#6574,1.);
#6574 = DIRECTION('',(0.265128330981,-5.379293008269E-02,0.962711425498)
  );
#6575 = PCURVE('',#1839,#6576);
#6576 = DEFINITIONAL_REPRESENTATION('',(#6577),#6581);
#6577 = LINE('',#6578,#6579);
#6578 = CARTESIAN_POINT('',(-1.249884010011,4.450259096963));
#6579 = VECTOR('',#6580,1.);
#6580 = DIRECTION('',(0.27039445035,-0.962749625406));
#6581 = ( GEOMETRIC_REPRESENTATION_CONTEXT(2) 
PARAMETRIC_REPRESENTATION_CONTEXT() REPRESENTATION_CONTEXT('2D SPACE',''
  ) );
#6582 = PCURVE('',#6583,#6588);
#6583 = PLANE('',#6584);
#6584 = AXIS2_PLACEMENT_3D('',#6585,#6586,#6587);
#6585 = CARTESIAN_POINT('',(-27.71348421063,-8.433020097725,
    6.571395070926));
#6586 = DIRECTION('',(0.248088710022,0.968633250973,-1.419919252649E-02)
  );
#6587 = DIRECTION('',(0.968730912239,-0.248113723264,5.781646708677E-20)
  );
#6588 = DEFINITIONAL_REPRESENTATION('',(#6589),#6593);
#6589 = LINE('',#6590,#6591);
#6590 = CARTESIAN_POINT('',(-1.248914792663,4.450531194055));
#6591 = VECTOR('',#6592,1.);
#6592 = DIRECTION('',(0.2701847741,-0.962808489703));
#6593 = ( GEOMETRIC_REPRESENTATION_CONTEXT(2) 
PARAMETRIC_REPRESENTATION_CONTEXT() REPRESENTATION_CONTEXT('2D SPACE',''
  ) );
#6594 = ORIENTED_EDGE('',*,*,#6516,.T.);
#6595 = ORIENTED_EDGE('',*,*,#1823,.T.);
#6596 = ADVANCED_FACE('',(#6597),#6583,.T.);
#6597 = FACE_BOUND('',#6598,.T.);
#6598 = EDGE_LOOP('',(#6599,#6622,#6648));
#6599 = ORIENTED_EDGE('',*,*,#6600,.F.);
#6600 = EDGE_CURVE('',#6601,#1824,#6603,.T.);
#6601 = VERTEX_POINT('',#6602);
#6602 = CARTESIAN_POINT('',(-27.72521249713,-8.494415318158,
    2.178250368144));
#6603 = SURFACE_CURVE('',#6604,(#6608,#6615),.PCURVE_S1.);
#6604 = LINE('',#6605,#6606);
#6605 = CARTESIAN_POINT('',(-27.72521249713,-8.494415318158,
    2.178250368144));
#6606 = VECTOR('',#6607,1.);
#6607 = DIRECTION('',(2.66940890245E-03,1.397381859231E-02,
    0.999898798204));
#6608 = PCURVE('',#6583,#6609);
#6609 = DEFINITIONAL_REPRESENTATION('',(#6610),#6614);
#6610 = LINE('',#6611,#6612);
#6611 = CARTESIAN_POINT('',(3.871443049152E-03,4.393587636238));
#6612 = VECTOR('',#6613,1.);
#6613 = DIRECTION('',(-8.811572379373E-04,-0.999999611781));
#6614 = ( GEOMETRIC_REPRESENTATION_CONTEXT(2) 
PARAMETRIC_REPRESENTATION_CONTEXT() REPRESENTATION_CONTEXT('2D SPACE',''
  ) );
#6615 = PCURVE('',#1923,#6616);
#6616 = DEFINITIONAL_REPRESENTATION('',(#6617),#6621);
#6617 = LINE('',#6618,#6619);
#6618 = CARTESIAN_POINT('',(-1.303745769746,4.333691038177));
#6619 = VECTOR('',#6620,1.);
#6620 = DIRECTION('',(1.315974049961E-03,-0.999999134106));
#6621 = ( GEOMETRIC_REPRESENTATION_CONTEXT(2) 
PARAMETRIC_REPRESENTATION_CONTEXT() REPRESENTATION_CONTEXT('2D SPACE',''
  ) );
#6622 = ORIENTED_EDGE('',*,*,#6623,.F.);
#6623 = EDGE_CURVE('',#6517,#6601,#6624,.T.);
#6624 = SURFACE_CURVE('',#6625,(#6629,#6636),.PCURVE_S1.);
#6625 = LINE('',#6626,#6627);
#6626 = CARTESIAN_POINT('',(-28.93902586308,-8.184365130603,
    2.121312551014));
#6627 = VECTOR('',#6628,1.);
#6628 = DIRECTION('',(0.96789171808,-0.247233237946,4.540207184413E-02)
  );
#6629 = PCURVE('',#6583,#6630);
#6630 = DEFINITIONAL_REPRESENTATION('',(#6631),#6635);
#6631 = LINE('',#6632,#6633);
#6632 = CARTESIAN_POINT('',(-1.248914792663,4.450531194055));
#6633 = VECTOR('',#6634,1.);
#6634 = DIRECTION('',(0.998968586186,-4.540664945264E-02));
#6635 = ( GEOMETRIC_REPRESENTATION_CONTEXT(2) 
PARAMETRIC_REPRESENTATION_CONTEXT() REPRESENTATION_CONTEXT('2D SPACE',''
  ) );
#6636 = PCURVE('',#6637,#6642);
#6637 = PLANE('',#6638);
#6638 = AXIS2_PLACEMENT_3D('',#6639,#6640,#6641);
#6639 = CARTESIAN_POINT('',(-26.42950826414,8.57020810709,2.185743682518
    ));
#6640 = DIRECTION('',(-4.607656492726E-02,3.059913965092E-03,
    0.998933224541));
#6641 = DIRECTION('',(0.998937901116,2.394931226769E-21,
    4.607678063791E-02));
#6642 = DEFINITIONAL_REPRESENTATION('',(#6643),#6647);
#6643 = LINE('',#6644,#6645);
#6644 = CARTESIAN_POINT('',(-2.509821022204,-16.75465167539));
#6645 = VECTOR('',#6646,1.);
#6646 = DIRECTION('',(0.968955702671,-0.247234395385));
#6647 = ( GEOMETRIC_REPRESENTATION_CONTEXT(2) 
PARAMETRIC_REPRESENTATION_CONTEXT() REPRESENTATION_CONTEXT('2D SPACE',''
  ) );
#6648 = ORIENTED_EDGE('',*,*,#6569,.T.);
#6649 = ADVANCED_FACE('',(#6650),#1923,.T.);
#6650 = FACE_BOUND('',#6651,.T.);
#6651 = EDGE_LOOP('',(#6652,#6678,#6679));
#6652 = ORIENTED_EDGE('',*,*,#6653,.F.);
#6653 = EDGE_CURVE('',#6601,#1908,#6654,.T.);
#6654 = SURFACE_CURVE('',#6655,(#6659,#6666),.PCURVE_S1.);
#6655 = LINE('',#6656,#6657);
#6656 = CARTESIAN_POINT('',(-27.72521249713,-8.494415318158,
    2.178250368144));
#6657 = VECTOR('',#6658,1.);
#6658 = DIRECTION('',(0.288057444564,-1.414613853683E-02,0.957508639854)
  );
#6659 = PCURVE('',#1923,#6660);
#6660 = DEFINITIONAL_REPRESENTATION('',(#6661),#6665);
#6661 = LINE('',#6662,#6663);
#6662 = CARTESIAN_POINT('',(-1.303745769746,4.333691038177));
#6663 = VECTOR('',#6664,1.);
#6664 = DIRECTION('',(0.288085397526,-0.957604722071));
#6665 = ( GEOMETRIC_REPRESENTATION_CONTEXT(2) 
PARAMETRIC_REPRESENTATION_CONTEXT() REPRESENTATION_CONTEXT('2D SPACE',''
  ) );
#6666 = PCURVE('',#6667,#6672);
#6667 = PLANE('',#6668);
#6668 = AXIS2_PLACEMENT_3D('',#6669,#6670,#6671);
#6669 = CARTESIAN_POINT('',(-26.42159323,-8.558434419557,6.511506581147)
  );
#6670 = DIRECTION('',(1.965295195698E-02,0.999767621097,
    8.858063312196E-03));
#6671 = DIRECTION('',(0.999806846931,-1.96537230396E-02,
    -2.995614300545E-21));
#6672 = DEFINITIONAL_REPRESENTATION('',(#6673),#6677);
#6673 = LINE('',#6674,#6675);
#6674 = CARTESIAN_POINT('',(-1.304625682758,4.333426228102));
#6675 = VECTOR('',#6676,1.);
#6676 = DIRECTION('',(0.288279829674,-0.95754620766));
#6677 = ( GEOMETRIC_REPRESENTATION_CONTEXT(2) 
PARAMETRIC_REPRESENTATION_CONTEXT() REPRESENTATION_CONTEXT('2D SPACE',''
  ) );
#6678 = ORIENTED_EDGE('',*,*,#6600,.T.);
#6679 = ORIENTED_EDGE('',*,*,#1907,.T.);
#6680 = ADVANCED_FACE('',(#6681),#6667,.T.);
#6681 = FACE_BOUND('',#6682,.T.);
#6682 = EDGE_LOOP('',(#6683,#6706,#6732));
#6683 = ORIENTED_EDGE('',*,*,#6684,.F.);
#6684 = EDGE_CURVE('',#6685,#1908,#6687,.T.);
#6685 = VERTEX_POINT('',#6686);
#6686 = CARTESIAN_POINT('',(-26.44678360906,-8.519891765931,
    2.217268610989));
#6687 = SURFACE_CURVE('',#6688,(#6692,#6699),.PCURVE_S1.);
#6688 = LINE('',#6689,#6690);
#6689 = CARTESIAN_POINT('',(-26.44678360906,-8.519891765931,
    2.217268610989));
#6690 = VECTOR('',#6691,1.);
#6691 = DIRECTION('',(5.865751105579E-03,-8.974919059394E-03,
    0.999942520244));
#6692 = PCURVE('',#6667,#6693);
#6693 = DEFINITIONAL_REPRESENTATION('',(#6694),#6698);
#6694 = LINE('',#6695,#6696);
#6695 = CARTESIAN_POINT('',(-2.594302009848E-02,4.294406454378));
#6696 = VECTOR('',#6697,1.);
#6697 = DIRECTION('',(6.041008691248E-03,-0.999981752941));
#6698 = ( GEOMETRIC_REPRESENTATION_CONTEXT(2) 
PARAMETRIC_REPRESENTATION_CONTEXT() REPRESENTATION_CONTEXT('2D SPACE',''
  ) );
#6699 = PCURVE('',#2065,#6700);
#6700 = DEFINITIONAL_REPRESENTATION('',(#6701),#6705);
#6701 = LINE('',#6702,#6703);
#6702 = CARTESIAN_POINT('',(-4.324209130277,-52.84964264529));
#6703 = VECTOR('',#6704,1.);
#6704 = DIRECTION('',(0.99998279633,5.865751848151E-03));
#6705 = ( GEOMETRIC_REPRESENTATION_CONTEXT(2) 
PARAMETRIC_REPRESENTATION_CONTEXT() REPRESENTATION_CONTEXT('2D SPACE',''
  ) );
#6706 = ORIENTED_EDGE('',*,*,#6707,.F.);
#6707 = EDGE_CURVE('',#6601,#6685,#6708,.T.);
#6708 = SURFACE_CURVE('',#6709,(#6713,#6720),.PCURVE_S1.);
#6709 = LINE('',#6710,#6711);
#6710 = CARTESIAN_POINT('',(-27.72521249713,-8.494415318158,
    2.178250368144));
#6711 = VECTOR('',#6712,1.);
#6712 = DIRECTION('',(0.999336350573,-1.991470982838E-02,
    3.050020910343E-02));
#6713 = PCURVE('',#6667,#6714);
#6714 = DEFINITIONAL_REPRESENTATION('',(#6715),#6719);
#6715 = LINE('',#6716,#6717);
#6716 = CARTESIAN_POINT('',(-1.304625682758,4.333426228102));
#6717 = VECTOR('',#6718,1.);
#6718 = DIRECTION('',(0.999534723882,-3.050140577767E-02));
#6719 = ( GEOMETRIC_REPRESENTATION_CONTEXT(2) 
PARAMETRIC_REPRESENTATION_CONTEXT() REPRESENTATION_CONTEXT('2D SPACE',''
  ) );
#6720 = PCURVE('',#6721,#6726);
#6721 = PLANE('',#6722);
#6722 = AXIS2_PLACEMENT_3D('',#6723,#6724,#6725);
#6723 = CARTESIAN_POINT('',(-26.42950826414,8.57020810709,2.185743682518
    ));
#6724 = DIRECTION('',(-3.046888385337E-02,1.87457049663E-03,
    0.999533957953));
#6725 = DIRECTION('',(0.999535714147,-1.910058124304E-21,
    3.046893738757E-02));
#6726 = DEFINITIONAL_REPRESENTATION('',(#6727),#6731);
#6727 = LINE('',#6728,#6729);
#6728 = CARTESIAN_POINT('',(-1.29533096917,-17.06465340799));
#6729 = VECTOR('',#6730,1.);
#6730 = DIRECTION('',(0.999801681804,-1.991474481876E-02));
#6731 = ( GEOMETRIC_REPRESENTATION_CONTEXT(2) 
PARAMETRIC_REPRESENTATION_CONTEXT() REPRESENTATION_CONTEXT('2D SPACE',''
  ) );
#6732 = ORIENTED_EDGE('',*,*,#6653,.T.);
#6733 = ADVANCED_FACE('',(#6734),#2065,.T.);
#6734 = FACE_BOUND('',#6735,.T.);
#6735 = EDGE_LOOP('',(#6736,#6757,#6758));
#6736 = ORIENTED_EDGE('',*,*,#6737,.F.);
#6737 = EDGE_CURVE('',#6685,#2024,#6738,.T.);
#6738 = SURFACE_CURVE('',#6739,(#6743,#6750),.PCURVE_S1.);
#6739 = LINE('',#6740,#6741);
#6740 = CARTESIAN_POINT('',(-26.44678360906,-8.519891765931,
    2.217268610989));
#6741 = VECTOR('',#6742,1.);
#6742 = DIRECTION('',(0.996669251865,-1.233145576086E-03,
    8.154067536219E-02));
#6743 = PCURVE('',#2065,#6744);
#6744 = DEFINITIONAL_REPRESENTATION('',(#6745),#6749);
#6745 = LINE('',#6746,#6747);
#6746 = CARTESIAN_POINT('',(-4.324209130277,-52.84964264529));
#6747 = VECTOR('',#6748,1.);
#6748 = DIRECTION('',(8.154845725837E-02,0.996669378038));
#6749 = ( GEOMETRIC_REPRESENTATION_CONTEXT(2) 
PARAMETRIC_REPRESENTATION_CONTEXT() REPRESENTATION_CONTEXT('2D SPACE',''
  ) );
#6750 = PCURVE('',#5504,#6751);
#6751 = DEFINITIONAL_REPRESENTATION('',(#6752),#6756);
#6752 = LINE('',#6753,#6754);
#6753 = CARTESIAN_POINT('',(-4.660508763921E-02,-52.83023586235));
#6754 = VECTOR('',#6755,1.);
#6755 = DIRECTION('',(8.154706113551E-02,0.996669492269));
#6756 = ( GEOMETRIC_REPRESENTATION_CONTEXT(2) 
PARAMETRIC_REPRESENTATION_CONTEXT() REPRESENTATION_CONTEXT('2D SPACE',''
  ) );
#6757 = ORIENTED_EDGE('',*,*,#6684,.T.);
#6758 = ORIENTED_EDGE('',*,*,#2051,.T.);
#6759 = ADVANCED_FACE('',(#6760),#5504,.T.);
#6760 = FACE_BOUND('',#6761,.T.);
#6761 = EDGE_LOOP('',(#6762,#6788,#6789));
#6762 = ORIENTED_EDGE('',*,*,#6763,.F.);
#6763 = EDGE_CURVE('',#6685,#5468,#6764,.T.);
#6764 = SURFACE_CURVE('',#6765,(#6769,#6776),.PCURVE_S1.);
#6765 = LINE('',#6766,#6767);
#6766 = CARTESIAN_POINT('',(-26.44678360906,-8.519891765931,
    2.217268610989));
#6767 = VECTOR('',#6768,1.);
#6768 = DIRECTION('',(0.999999369684,-7.003967935808E-04,
    8.77540073249E-04));
#6769 = PCURVE('',#5504,#6770);
#6770 = DEFINITIONAL_REPRESENTATION('',(#6771),#6775);
#6771 = LINE('',#6772,#6773);
#6772 = CARTESIAN_POINT('',(-4.660508763921E-02,-52.83023586235));
#6773 = VECTOR('',#6774,1.);
#6774 = DIRECTION('',(8.821665991834E-04,0.999999610891));
#6775 = ( GEOMETRIC_REPRESENTATION_CONTEXT(2) 
PARAMETRIC_REPRESENTATION_CONTEXT() REPRESENTATION_CONTEXT('2D SPACE',''
  ) );
#6776 = PCURVE('',#6777,#6782);
#6777 = PLANE('',#6778);
#6778 = AXIS2_PLACEMENT_3D('',#6779,#6780,#6781);
#6779 = CARTESIAN_POINT('',(26.383439510245,-8.556893908131,
    2.263629278077));
#6780 = DIRECTION('',(-8.762462029213E-04,1.845512921066E-03,
    0.999997913135));
#6781 = DIRECTION('',(3.914438334525E-23,0.999998297038,
    -1.845513629566E-03));
#6782 = DEFINITIONAL_REPRESENTATION('',(#6783),#6787);
#6783 = LINE('',#6784,#6785);
#6784 = CARTESIAN_POINT('',(3.708763842973E-02,52.830243401038));
#6785 = VECTOR('',#6786,1.);
#6786 = DIRECTION('',(-7.020151129975E-04,-0.999999753587));
#6787 = ( GEOMETRIC_REPRESENTATION_CONTEXT(2) 
PARAMETRIC_REPRESENTATION_CONTEXT() REPRESENTATION_CONTEXT('2D SPACE',''
  ) );
#6788 = ORIENTED_EDGE('',*,*,#6737,.T.);
#6789 = ORIENTED_EDGE('',*,*,#5490,.F.);
#6790 = ADVANCED_FACE('',(#6791),#6222,.T.);
#6791 = FACE_BOUND('',#6792,.T.);
#6792 = EDGE_LOOP('',(#6793,#6794,#6795));
#6793 = ORIENTED_EDGE('',*,*,#6208,.T.);
#6794 = ORIENTED_EDGE('',*,*,#6292,.T.);
#6795 = ORIENTED_EDGE('',*,*,#6796,.F.);
#6796 = EDGE_CURVE('',#6102,#6270,#6797,.T.);
#6797 = SURFACE_CURVE('',#6798,(#6802,#6809),.PCURVE_S1.);
#6798 = LINE('',#6799,#6800);
#6799 = CARTESIAN_POINT('',(-33.87655600304,-4.305999153391,
    2.244864343848));
#6800 = VECTOR('',#6801,1.);
#6801 = DIRECTION('',(0.64909786025,-0.759998676893,-3.277161790721E-02)
  );
#6802 = PCURVE('',#6222,#6803);
#6803 = DEFINITIONAL_REPRESENTATION('',(#6804),#6808);
#6804 = LINE('',#6805,#6806);
#6805 = CARTESIAN_POINT('',(0.,0.));
#6806 = VECTOR('',#6807,1.);
#6807 = DIRECTION('',(0.649845427462,-0.760066392104));
#6808 = ( GEOMETRIC_REPRESENTATION_CONTEXT(2) 
PARAMETRIC_REPRESENTATION_CONTEXT() REPRESENTATION_CONTEXT('2D SPACE',''
  ) );
#6809 = PCURVE('',#6385,#6810);
#6810 = DEFINITIONAL_REPRESENTATION('',(#6811),#6815);
#6811 = LINE('',#6812,#6813);
#6812 = CARTESIAN_POINT('',(0.,0.));
#6813 = VECTOR('',#6814,1.);
#6814 = DIRECTION('',(0.612490126345,-0.790478238239));
#6815 = ( GEOMETRIC_REPRESENTATION_CONTEXT(2) 
PARAMETRIC_REPRESENTATION_CONTEXT() REPRESENTATION_CONTEXT('2D SPACE',''
  ) );
#6816 = ADVANCED_FACE('',(#6817),#6385,.T.);
#6817 = FACE_BOUND('',#6818,.T.);
#6818 = EDGE_LOOP('',(#6819,#6820,#6821));
#6819 = ORIENTED_EDGE('',*,*,#6796,.T.);
#6820 = ORIENTED_EDGE('',*,*,#6371,.T.);
#6821 = ORIENTED_EDGE('',*,*,#6822,.F.);
#6822 = EDGE_CURVE('',#6102,#6349,#6823,.T.);
#6823 = SURFACE_CURVE('',#6824,(#6828,#6835),.PCURVE_S1.);
#6824 = LINE('',#6825,#6826);
#6825 = CARTESIAN_POINT('',(-33.87655600304,-4.305999153391,
    2.244864343848));
#6826 = VECTOR('',#6827,1.);
#6827 = DIRECTION('',(0.700108824099,-0.714026099826,-3.789879398884E-03
    ));
#6828 = PCURVE('',#6385,#6829);
#6829 = DEFINITIONAL_REPRESENTATION('',(#6830),#6834);
#6830 = LINE('',#6831,#6832);
#6831 = CARTESIAN_POINT('',(0.,0.));
#6832 = VECTOR('',#6833,1.);
#6833 = DIRECTION('',(0.669666513732,-0.742661942196));
#6834 = ( GEOMETRIC_REPRESENTATION_CONTEXT(2) 
PARAMETRIC_REPRESENTATION_CONTEXT() REPRESENTATION_CONTEXT('2D SPACE',''
  ) );
#6835 = PCURVE('',#6138,#6836);
#6836 = DEFINITIONAL_REPRESENTATION('',(#6837),#6841);
#6837 = LINE('',#6838,#6839);
#6838 = CARTESIAN_POINT('',(0.536419380661,-1.173031958646));
#6839 = VECTOR('',#6840,1.);
#6840 = DIRECTION('',(0.699653539345,-0.714482277515));
#6841 = ( GEOMETRIC_REPRESENTATION_CONTEXT(2) 
PARAMETRIC_REPRESENTATION_CONTEXT() REPRESENTATION_CONTEXT('2D SPACE',''
  ) );
#6842 = ADVANCED_FACE('',(#6843),#6138,.T.);
#6843 = FACE_BOUND('',#6844,.T.);
#6844 = EDGE_LOOP('',(#6845,#6846,#6847));
#6845 = ORIENTED_EDGE('',*,*,#6124,.T.);
#6846 = ORIENTED_EDGE('',*,*,#6822,.T.);
#6847 = ORIENTED_EDGE('',*,*,#6848,.F.);
#6848 = EDGE_CURVE('',#22,#6349,#6849,.T.);
#6849 = SURFACE_CURVE('',#6850,(#6854,#6861),.PCURVE_S1.);
#6850 = LINE('',#6851,#6852);
#6851 = CARTESIAN_POINT('',(-34.41425980257,-3.133716144053,
    2.225450484214));
#6852 = VECTOR('',#6853,1.);
#6853 = DIRECTION('',(0.635571765729,-0.772041157722,9.90651960216E-04)
  );
#6854 = PCURVE('',#6138,#6855);
#6855 = DEFINITIONAL_REPRESENTATION('',(#6856),#6860);
#6856 = LINE('',#6857,#6858);
#6857 = CARTESIAN_POINT('',(0.,0.));
#6858 = VECTOR('',#6859,1.);
#6859 = DIRECTION('',(0.634972913297,-0.772534400127));
#6860 = ( GEOMETRIC_REPRESENTATION_CONTEXT(2) 
PARAMETRIC_REPRESENTATION_CONTEXT() REPRESENTATION_CONTEXT('2D SPACE',''
  ) );
#6861 = PCURVE('',#72,#6862);
#6862 = DEFINITIONAL_REPRESENTATION('',(#6863),#6867);
#6863 = LINE('',#6864,#6865);
#6864 = CARTESIAN_POINT('',(0.370536615522,-1.267987723932));
#6865 = VECTOR('',#6866,1.);
#6866 = DIRECTION('',(0.631647752405,-0.775255517156));
#6867 = ( GEOMETRIC_REPRESENTATION_CONTEXT(2) 
PARAMETRIC_REPRESENTATION_CONTEXT() REPRESENTATION_CONTEXT('2D SPACE',''
  ) );
#6868 = ADVANCED_FACE('',(#6869),#6469,.T.);
#6869 = FACE_BOUND('',#6870,.T.);
#6870 = EDGE_LOOP('',(#6871,#6892,#6893));
#6871 = ORIENTED_EDGE('',*,*,#6872,.T.);
#6872 = EDGE_CURVE('',#57,#6349,#6873,.T.);
#6873 = SURFACE_CURVE('',#6874,(#6878,#6885),.PCURVE_S1.);
#6874 = LINE('',#6875,#6876);
#6875 = CARTESIAN_POINT('',(-34.79519213925,-1.870985742658,
    2.151337464132));
#6876 = VECTOR('',#6877,1.);
#6877 = DIRECTION('',(0.570885976682,-0.820932607131,1.260381600126E-02)
  );
#6878 = PCURVE('',#6469,#6879);
#6879 = DEFINITIONAL_REPRESENTATION('',(#6880),#6884);
#6880 = LINE('',#6881,#6882);
#6881 = CARTESIAN_POINT('',(0.,-0.));
#6882 = VECTOR('',#6883,1.);
#6883 = DIRECTION('',(-0.821013319237,-0.57090903797));
#6884 = ( GEOMETRIC_REPRESENTATION_CONTEXT(2) 
PARAMETRIC_REPRESENTATION_CONTEXT() REPRESENTATION_CONTEXT('2D SPACE',''
  ) );
#6885 = PCURVE('',#72,#6886);
#6886 = DEFINITIONAL_REPRESENTATION('',(#6887),#6891);
#6887 = LINE('',#6888,#6889);
#6888 = CARTESIAN_POINT('',(0.,0.));
#6889 = VECTOR('',#6890,1.);
#6890 = DIRECTION('',(0.566079688416,-0.824350523966));
#6891 = ( GEOMETRIC_REPRESENTATION_CONTEXT(2) 
PARAMETRIC_REPRESENTATION_CONTEXT() REPRESENTATION_CONTEXT('2D SPACE',''
  ) );
#6892 = ORIENTED_EDGE('',*,*,#6455,.T.);
#6893 = ORIENTED_EDGE('',*,*,#6894,.F.);
#6894 = EDGE_CURVE('',#57,#6433,#6895,.T.);
#6895 = SURFACE_CURVE('',#6896,(#6900,#6907),.PCURVE_S1.);
#6896 = LINE('',#6897,#6898);
#6897 = CARTESIAN_POINT('',(-34.79519213925,-1.870985742658,
    2.151337464132));
#6898 = VECTOR('',#6899,1.);
#6899 = DIRECTION('',(0.629483929659,-0.776909218301,1.272983970978E-02)
  );
#6900 = PCURVE('',#6469,#6901);
#6901 = DEFINITIONAL_REPRESENTATION('',(#6902),#6906);
#6902 = LINE('',#6903,#6904);
#6903 = CARTESIAN_POINT('',(0.,-0.));
#6904 = VECTOR('',#6905,1.);
#6905 = DIRECTION('',(-0.776992900952,-0.629509358048));
#6906 = ( GEOMETRIC_REPRESENTATION_CONTEXT(2) 
PARAMETRIC_REPRESENTATION_CONTEXT() REPRESENTATION_CONTEXT('2D SPACE',''
  ) );
#6907 = PCURVE('',#6553,#6908);
#6908 = DEFINITIONAL_REPRESENTATION('',(#6909),#6913);
#6909 = LINE('',#6910,#6911);
#6910 = CARTESIAN_POINT('',(0.,0.));
#6911 = VECTOR('',#6912,1.);
#6912 = DIRECTION('',(0.617251996002,-0.786765513627));
#6913 = ( GEOMETRIC_REPRESENTATION_CONTEXT(2) 
PARAMETRIC_REPRESENTATION_CONTEXT() REPRESENTATION_CONTEXT('2D SPACE',''
  ) );
#6914 = ADVANCED_FACE('',(#6915),#6553,.T.);
#6915 = FACE_BOUND('',#6916,.T.);
#6916 = EDGE_LOOP('',(#6917,#6918,#6919));
#6917 = ORIENTED_EDGE('',*,*,#6894,.T.);
#6918 = ORIENTED_EDGE('',*,*,#6539,.T.);
#6919 = ORIENTED_EDGE('',*,*,#6920,.F.);
#6920 = EDGE_CURVE('',#57,#6517,#6921,.T.);
#6921 = SURFACE_CURVE('',#6922,(#6926,#6933),.PCURVE_S1.);
#6922 = LINE('',#6923,#6924);
#6923 = CARTESIAN_POINT('',(-34.79519213925,-1.870985742658,
    2.151337464132));
#6924 = VECTOR('',#6925,1.);
#6925 = DIRECTION('',(0.680056662787,-0.733151265691,-3.486690994183E-03
    ));
#6926 = PCURVE('',#6553,#6927);
#6927 = DEFINITIONAL_REPRESENTATION('',(#6928),#6932);
#6928 = LINE('',#6929,#6930);
#6929 = CARTESIAN_POINT('',(0.,0.));
#6930 = VECTOR('',#6931,1.);
#6931 = DIRECTION('',(0.669898797246,-0.742452423693));
#6932 = ( GEOMETRIC_REPRESENTATION_CONTEXT(2) 
PARAMETRIC_REPRESENTATION_CONTEXT() REPRESENTATION_CONTEXT('2D SPACE',''
  ) );
#6933 = PCURVE('',#6934,#6939);
#6934 = PLANE('',#6935);
#6935 = AXIS2_PLACEMENT_3D('',#6936,#6937,#6938);
#6936 = CARTESIAN_POINT('',(-26.42950826414,8.57020810709,2.185743682518
    ));
#6937 = DIRECTION('',(8.448113561454E-04,-3.972089784103E-03,
    0.999991754364));
#6938 = DIRECTION('',(2.301534272003E-22,0.999992111215,
    3.972091201556E-03));
#6939 = DEFINITIONAL_REPRESENTATION('',(#6940),#6944);
#6940 = LINE('',#6941,#6942);
#6941 = CARTESIAN_POINT('',(-10.44124814604,8.365686860431));
#6942 = VECTOR('',#6943,1.);
#6943 = DIRECTION('',(-0.733159331473,-0.680056905468));
#6944 = ( GEOMETRIC_REPRESENTATION_CONTEXT(2) 
PARAMETRIC_REPRESENTATION_CONTEXT() REPRESENTATION_CONTEXT('2D SPACE',''
  ) );
#6945 = ADVANCED_FACE('',(#6946),#72,.T.);
#6946 = FACE_BOUND('',#6947,.T.);
#6947 = EDGE_LOOP('',(#6948,#6949,#6950));
#6948 = ORIENTED_EDGE('',*,*,#56,.T.);
#6949 = ORIENTED_EDGE('',*,*,#6848,.T.);
#6950 = ORIENTED_EDGE('',*,*,#6872,.F.);
#6951 = ADVANCED_FACE('',(#6952),#188,.T.);
#6952 = FACE_BOUND('',#6953,.T.);
#6953 = EDGE_LOOP('',(#6954,#6955,#6956));
#6954 = ORIENTED_EDGE('',*,*,#288,.F.);
#6955 = ORIENTED_EDGE('',*,*,#172,.T.);
#6956 = ORIENTED_EDGE('',*,*,#6957,.F.);
#6957 = EDGE_CURVE('',#289,#57,#6958,.T.);
#6958 = SURFACE_CURVE('',#6959,(#6963,#6970),.PCURVE_S1.);
#6959 = LINE('',#6960,#6961);
#6960 = CARTESIAN_POINT('',(-34.92311228289,0.66871804564,2.244328226085
    ));
#6961 = VECTOR('',#6962,1.);
#6962 = DIRECTION('',(5.027076466012E-02,-0.998066823705,
    -3.654402330048E-02));
#6963 = PCURVE('',#188,#6964);
#6964 = DEFINITIONAL_REPRESENTATION('',(#6965),#6969);
#6965 = LINE('',#6966,#6967);
#6966 = CARTESIAN_POINT('',(0.,0.));
#6967 = VECTOR('',#6968,1.);
#6968 = DIRECTION('',(4.723431873743E-02,-0.998883836656));
#6969 = ( GEOMETRIC_REPRESENTATION_CONTEXT(2) 
PARAMETRIC_REPRESENTATION_CONTEXT() REPRESENTATION_CONTEXT('2D SPACE',''
  ) );
#6970 = PCURVE('',#6971,#6976);
#6971 = PLANE('',#6972);
#6972 = AXIS2_PLACEMENT_3D('',#6973,#6974,#6975);
#6973 = CARTESIAN_POINT('',(-31.26307795994,7.048444645377,
    2.191359715567));
#6974 = DIRECTION('',(7.175093603544E-02,-3.288661703973E-02,
    0.996880270443));
#6975 = DIRECTION('',(0.997419785859,-6.190837765415E-20,
    -7.178976791652E-02));
#6976 = DEFINITIONAL_REPRESENTATION('',(#6977),#6981);
#6977 = LINE('',#6978,#6979);
#6978 = CARTESIAN_POINT('',(-3.654393247704,-6.38317933218));
#6979 = VECTOR('',#6980,1.);
#6980 = DIRECTION('',(5.276454227373E-02,-0.998606981289));
#6981 = ( GEOMETRIC_REPRESENTATION_CONTEXT(2) 
PARAMETRIC_REPRESENTATION_CONTEXT() REPRESENTATION_CONTEXT('2D SPACE',''
  ) );
#6982 = ADVANCED_FACE('',(#6983),#415,.T.);
#6983 = FACE_BOUND('',#6984,.T.);
#6984 = EDGE_LOOP('',(#6985,#6986,#6987));
#6985 = ORIENTED_EDGE('',*,*,#515,.F.);
#6986 = ORIENTED_EDGE('',*,*,#399,.F.);
#6987 = ORIENTED_EDGE('',*,*,#6988,.T.);
#6988 = EDGE_CURVE('',#289,#516,#6989,.T.);
#6989 = SURFACE_CURVE('',#6990,(#6994,#7001),.PCURVE_S1.);
#6990 = LINE('',#6991,#6992);
#6991 = CARTESIAN_POINT('',(-34.92311228289,0.66871804564,2.244328226085
    ));
#6992 = VECTOR('',#6993,1.);
#6993 = DIRECTION('',(0.201377843087,0.97932175201,-1.938737614468E-02)
  );
#6994 = PCURVE('',#415,#6995);
#6995 = DEFINITIONAL_REPRESENTATION('',(#6996),#7000);
#6996 = LINE('',#6997,#6998);
#6997 = CARTESIAN_POINT('',(-0.423726943545,-2.469787974199));
#6998 = VECTOR('',#6999,1.);
#6999 = DIRECTION('',(0.169093574265,0.985600001594));
#7000 = ( GEOMETRIC_REPRESENTATION_CONTEXT(2) 
PARAMETRIC_REPRESENTATION_CONTEXT() REPRESENTATION_CONTEXT('2D SPACE',''
  ) );
#7001 = PCURVE('',#642,#7002);
#7002 = DEFINITIONAL_REPRESENTATION('',(#7003),#7007);
#7003 = LINE('',#7004,#7005);
#7004 = CARTESIAN_POINT('',(-1.052031956388,-3.64014706847));
#7005 = VECTOR('',#7006,1.);
#7006 = DIRECTION('',(0.200068814748,0.979781847844));
#7007 = ( GEOMETRIC_REPRESENTATION_CONTEXT(2) 
PARAMETRIC_REPRESENTATION_CONTEXT() REPRESENTATION_CONTEXT('2D SPACE',''
  ) );
#7008 = ADVANCED_FACE('',(#7009),#642,.T.);
#7009 = FACE_BOUND('',#7010,.T.);
#7010 = EDGE_LOOP('',(#7011,#7012,#7013));
#7011 = ORIENTED_EDGE('',*,*,#626,.F.);
#7012 = ORIENTED_EDGE('',*,*,#6988,.F.);
#7013 = ORIENTED_EDGE('',*,*,#7014,.T.);
#7014 = EDGE_CURVE('',#289,#627,#7015,.T.);
#7015 = SURFACE_CURVE('',#7016,(#7020,#7027),.PCURVE_S1.);
#7016 = LINE('',#7017,#7018);
#7017 = CARTESIAN_POINT('',(-34.92311228289,0.66871804564,2.244328226085
    ));
#7018 = VECTOR('',#7019,1.);
#7019 = DIRECTION('',(0.27881456527,0.960232515446,-1.469538954426E-02)
  );
#7020 = PCURVE('',#642,#7021);
#7021 = DEFINITIONAL_REPRESENTATION('',(#7022),#7026);
#7022 = LINE('',#7023,#7024);
#7023 = CARTESIAN_POINT('',(-1.052031956388,-3.64014706847));
#7024 = VECTOR('',#7025,1.);
#7025 = DIRECTION('',(0.277645346014,0.960683642953));
#7026 = ( GEOMETRIC_REPRESENTATION_CONTEXT(2) 
PARAMETRIC_REPRESENTATION_CONTEXT() REPRESENTATION_CONTEXT('2D SPACE',''
  ) );
#7027 = PCURVE('',#758,#7028);
#7028 = DEFINITIONAL_REPRESENTATION('',(#7029),#7033);
#7029 = LINE('',#7030,#7031);
#7030 = CARTESIAN_POINT('',(-1.805460796354,-4.709122022325));
#7031 = VECTOR('',#7032,1.);
#7032 = DIRECTION('',(0.279004165855,0.960289891353));
#7033 = ( GEOMETRIC_REPRESENTATION_CONTEXT(2) 
PARAMETRIC_REPRESENTATION_CONTEXT() REPRESENTATION_CONTEXT('2D SPACE',''
  ) );
#7034 = ADVANCED_FACE('',(#7035),#758,.T.);
#7035 = FACE_BOUND('',#7036,.T.);
#7036 = EDGE_LOOP('',(#7037,#7038,#7039));
#7037 = ORIENTED_EDGE('',*,*,#742,.F.);
#7038 = ORIENTED_EDGE('',*,*,#7014,.F.);
#7039 = ORIENTED_EDGE('',*,*,#7040,.T.);
#7040 = EDGE_CURVE('',#289,#743,#7041,.T.);
#7041 = SURFACE_CURVE('',#7042,(#7046,#7053),.PCURVE_S1.);
#7042 = LINE('',#7043,#7044);
#7043 = CARTESIAN_POINT('',(-34.92311228289,0.66871804564,2.244328226085
    ));
#7044 = VECTOR('',#7045,1.);
#7045 = DIRECTION('',(0.357793239828,0.933670621567,-1.559384352118E-02)
  );
#7046 = PCURVE('',#758,#7047);
#7047 = DEFINITIONAL_REPRESENTATION('',(#7048),#7052);
#7048 = LINE('',#7049,#7050);
#7049 = CARTESIAN_POINT('',(-1.805460796354,-4.709122022325));
#7050 = VECTOR('',#7051,1.);
#7051 = DIRECTION('',(0.357987416849,0.933726410346));
#7052 = ( GEOMETRIC_REPRESENTATION_CONTEXT(2) 
PARAMETRIC_REPRESENTATION_CONTEXT() REPRESENTATION_CONTEXT('2D SPACE',''
  ) );
#7053 = PCURVE('',#7054,#7059);
#7054 = PLANE('',#7055);
#7055 = AXIS2_PLACEMENT_3D('',#7056,#7057,#7058);
#7056 = CARTESIAN_POINT('',(-31.26307795994,7.048444645377,
    2.191359715567));
#7057 = DIRECTION('',(-4.402495049601E-02,3.354691425558E-02,
    0.998467029139));
#7058 = DIRECTION('',(0.999029338928,4.646552171385E-20,
    4.404974416461E-02));
#7059 = DEFINITIONAL_REPRESENTATION('',(#7060),#7064);
#7060 = LINE('',#7061,#7062);
#7061 = CARTESIAN_POINT('',(-3.654148420768,-6.383319490252));
#7062 = VECTOR('',#7063,1.);
#7063 = DIRECTION('',(0.35675903904,0.934196439762));
#7064 = ( GEOMETRIC_REPRESENTATION_CONTEXT(2) 
PARAMETRIC_REPRESENTATION_CONTEXT() REPRESENTATION_CONTEXT('2D SPACE',''
  ) );
#7065 = ADVANCED_FACE('',(#7066),#874,.T.);
#7066 = FACE_BOUND('',#7067,.T.);
#7067 = EDGE_LOOP('',(#7068,#7069,#7070));
#7068 = ORIENTED_EDGE('',*,*,#974,.F.);
#7069 = ORIENTED_EDGE('',*,*,#858,.F.);
#7070 = ORIENTED_EDGE('',*,*,#7071,.T.);
#7071 = EDGE_CURVE('',#743,#975,#7072,.T.);
#7072 = SURFACE_CURVE('',#7073,(#7077,#7084),.PCURVE_S1.);
#7073 = LINE('',#7074,#7075);
#7074 = CARTESIAN_POINT('',(-33.11863079191,5.377558704856,
    2.165682799411));
#7075 = VECTOR('',#7076,1.);
#7076 = DIRECTION('',(0.743077923434,0.669125898002,1.028262262824E-02)
  );
#7077 = PCURVE('',#874,#7078);
#7078 = DEFINITIONAL_REPRESENTATION('',(#7079),#7083);
#7079 = LINE('',#7080,#7081);
#7080 = CARTESIAN_POINT('',(-1.591761159762,1.924030107023));
#7081 = VECTOR('',#7082,1.);
#7082 = DIRECTION('',(0.637439450295,-0.770500452439));
#7083 = ( GEOMETRIC_REPRESENTATION_CONTEXT(2) 
PARAMETRIC_REPRESENTATION_CONTEXT() REPRESENTATION_CONTEXT('2D SPACE',''
  ) );
#7084 = PCURVE('',#7054,#7085);
#7085 = DEFINITIONAL_REPRESENTATION('',(#7086),#7090);
#7086 = LINE('',#7087,#7088);
#7087 = CARTESIAN_POINT('',(-1.854882780649,-1.671826938565));
#7088 = VECTOR('',#7089,1.);
#7089 = DIRECTION('',(0.742809593516,0.66950273172));
#7090 = ( GEOMETRIC_REPRESENTATION_CONTEXT(2) 
PARAMETRIC_REPRESENTATION_CONTEXT() REPRESENTATION_CONTEXT('2D SPACE',''
  ) );
#7091 = ADVANCED_FACE('',(#7092),#6971,.T.);
#7092 = FACE_BOUND('',#7093,.T.);
#7093 = EDGE_LOOP('',(#7094,#7115,#7116));
#7094 = ORIENTED_EDGE('',*,*,#7095,.F.);
#7095 = EDGE_CURVE('',#289,#975,#7096,.T.);
#7096 = SURFACE_CURVE('',#7097,(#7101,#7108),.PCURVE_S1.);
#7097 = LINE('',#7098,#7099);
#7098 = CARTESIAN_POINT('',(-34.92311228289,0.66871804564,2.244328226085
    ));
#7099 = VECTOR('',#7100,1.);
#7100 = DIRECTION('',(0.497609035911,0.867371538777,-7.201465102901E-03)
  );
#7101 = PCURVE('',#6971,#7102);
#7102 = DEFINITIONAL_REPRESENTATION('',(#7103),#7107);
#7103 = LINE('',#7104,#7105);
#7104 = CARTESIAN_POINT('',(-3.654393247704,-6.38317933218));
#7105 = VECTOR('',#7106,1.);
#7106 = DIRECTION('',(0.496842089548,0.867840963572));
#7107 = ( GEOMETRIC_REPRESENTATION_CONTEXT(2) 
PARAMETRIC_REPRESENTATION_CONTEXT() REPRESENTATION_CONTEXT('2D SPACE',''
  ) );
#7108 = PCURVE('',#7054,#7109);
#7109 = DEFINITIONAL_REPRESENTATION('',(#7110),#7114);
#7110 = LINE('',#7111,#7112);
#7111 = CARTESIAN_POINT('',(-3.654148420768,-6.383319490252));
#7112 = VECTOR('',#7113,1.);
#7113 = DIRECTION('',(0.496808803495,0.86786001911));
#7114 = ( GEOMETRIC_REPRESENTATION_CONTEXT(2) 
PARAMETRIC_REPRESENTATION_CONTEXT() REPRESENTATION_CONTEXT('2D SPACE',''
  ) );
#7115 = ORIENTED_EDGE('',*,*,#6957,.T.);
#7116 = ORIENTED_EDGE('',*,*,#7117,.T.);
#7117 = EDGE_CURVE('',#57,#975,#7118,.T.);
#7118 = SURFACE_CURVE('',#7119,(#7123,#7130),.PCURVE_S1.);
#7119 = LINE('',#7120,#7121);
#7120 = CARTESIAN_POINT('',(-34.79519213925,-1.870985742658,
    2.151337464132));
#7121 = VECTOR('',#7122,1.);
#7122 = DIRECTION('',(0.368180990677,0.929744778859,4.171844803009E-03)
  );
#7123 = PCURVE('',#6971,#7124);
#7124 = DEFINITIONAL_REPRESENTATION('',(#7125),#7129);
#7125 = LINE('',#7126,#7127);
#7126 = CARTESIAN_POINT('',(-3.520127380211,-8.924257617884));
#7127 = VECTOR('',#7128,1.);
#7128 = DIRECTION('',(0.366931509108,0.93024796029));
#7129 = ( GEOMETRIC_REPRESENTATION_CONTEXT(2) 
PARAMETRIC_REPRESENTATION_CONTEXT() REPRESENTATION_CONTEXT('2D SPACE',''
  ) );
#7130 = PCURVE('',#7131,#7136);
#7131 = PLANE('',#7132);
#7132 = AXIS2_PLACEMENT_3D('',#7133,#7134,#7135);
#7133 = CARTESIAN_POINT('',(-26.42950826414,8.57020810709,2.185743682518
    ));
#7134 = DIRECTION('',(2.941199949894E-03,-5.651716643148E-03,
    0.999979703515));
#7135 = DIRECTION('',(-1.61890824815E-21,0.999984028784,
    5.651741088838E-03));
#7136 = DEFINITIONAL_REPRESENTATION('',(#7137),#7141);
#7137 = LINE('',#7138,#7139);
#7138 = CARTESIAN_POINT('',(-10.44122154622,8.365720059675));
#7139 = VECTOR('',#7140,1.);
#7140 = DIRECTION('',(0.92975350789,-0.368182583191));
#7141 = ( GEOMETRIC_REPRESENTATION_CONTEXT(2) 
PARAMETRIC_REPRESENTATION_CONTEXT() REPRESENTATION_CONTEXT('2D SPACE',''
  ) );
#7142 = ADVANCED_FACE('',(#7143),#7054,.T.);
#7143 = FACE_BOUND('',#7144,.T.);
#7144 = EDGE_LOOP('',(#7145,#7146,#7147));
#7145 = ORIENTED_EDGE('',*,*,#7071,.F.);
#7146 = ORIENTED_EDGE('',*,*,#7040,.F.);
#7147 = ORIENTED_EDGE('',*,*,#7095,.T.);
#7148 = ADVANCED_FACE('',(#7149),#1101,.T.);
#7149 = FACE_BOUND('',#7150,.T.);
#7150 = EDGE_LOOP('',(#7151,#7152,#7153));
#7151 = ORIENTED_EDGE('',*,*,#1201,.F.);
#7152 = ORIENTED_EDGE('',*,*,#1085,.F.);
#7153 = ORIENTED_EDGE('',*,*,#7154,.T.);
#7154 = EDGE_CURVE('',#975,#1202,#7155,.T.);
#7155 = SURFACE_CURVE('',#7156,(#7160,#7167),.PCURVE_S1.);
#7156 = LINE('',#7157,#7158);
#7157 = CARTESIAN_POINT('',(-31.26307795994,7.048444645377,
    2.191359715567));
#7158 = VECTOR('',#7159,1.);
#7159 = DIRECTION('',(0.895060248849,0.445918529888,-4.880126322027E-03)
  );
#7160 = PCURVE('',#1101,#7161);
#7161 = DEFINITIONAL_REPRESENTATION('',(#7162),#7166);
#7162 = LINE('',#7163,#7164);
#7163 = CARTESIAN_POINT('',(-0.974142587589,2.388750812686));
#7164 = VECTOR('',#7165,1.);
#7165 = DIRECTION('',(0.377611969571,-0.925963930419));
#7166 = ( GEOMETRIC_REPRESENTATION_CONTEXT(2) 
PARAMETRIC_REPRESENTATION_CONTEXT() REPRESENTATION_CONTEXT('2D SPACE',''
  ) );
#7167 = PCURVE('',#7168,#7173);
#7168 = PLANE('',#7169);
#7169 = AXIS2_PLACEMENT_3D('',#7170,#7171,#7172);
#7170 = CARTESIAN_POINT('',(-26.42950826414,8.57020810709,2.185743682518
    ));
#7171 = DIRECTION('',(-6.202712391366E-03,2.339104068128E-02,
    0.999707149907));
#7172 = DIRECTION('',(2.210757644223E-20,0.999726381649,
    -2.339149066351E-02));
#7173 = DEFINITIONAL_REPRESENTATION('',(#7174),#7178);
#7174 = LINE('',#7175,#7176);
#7175 = CARTESIAN_POINT('',(-1.521478446688,4.833662680997));
#7176 = VECTOR('',#7177,1.);
#7177 = DIRECTION('',(0.445910671824,-0.895077467459));
#7178 = ( GEOMETRIC_REPRESENTATION_CONTEXT(2) 
PARAMETRIC_REPRESENTATION_CONTEXT() REPRESENTATION_CONTEXT('2D SPACE',''
  ) );
#7179 = ADVANCED_FACE('',(#7180),#1328,.T.);
#7180 = FACE_BOUND('',#7181,.T.);
#7181 = EDGE_LOOP('',(#7182,#7183,#7184));
#7182 = ORIENTED_EDGE('',*,*,#6045,.F.);
#7183 = ORIENTED_EDGE('',*,*,#1312,.F.);
#7184 = ORIENTED_EDGE('',*,*,#7185,.T.);
#7185 = EDGE_CURVE('',#1202,#5966,#7186,.T.);
#7186 = SURFACE_CURVE('',#7187,(#7191,#7198),.PCURVE_S1.);
#7187 = LINE('',#7188,#7189);
#7188 = CARTESIAN_POINT('',(-28.95405076504,8.198800739895,
    2.178770234126));
#7189 = VECTOR('',#7190,1.);
#7190 = DIRECTION('',(0.989346914512,0.145551414814,2.732835612044E-03)
  );
#7191 = PCURVE('',#1328,#7192);
#7192 = DEFINITIONAL_REPRESENTATION('',(#7193),#7197);
#7193 = LINE('',#7194,#7195);
#7194 = CARTESIAN_POINT('',(-0.351366797998,2.527419291189));
#7195 = VECTOR('',#7196,1.);
#7196 = DIRECTION('',(0.137697684764,-0.990474304367));
#7197 = ( GEOMETRIC_REPRESENTATION_CONTEXT(2) 
PARAMETRIC_REPRESENTATION_CONTEXT() REPRESENTATION_CONTEXT('2D SPACE',''
  ) );
#7198 = PCURVE('',#7168,#7199);
#7199 = DEFINITIONAL_REPRESENTATION('',(#7200),#7204);
#7200 = LINE('',#7201,#7202);
#7201 = CARTESIAN_POINT('',(-0.371142623971,2.524591066466));
#7202 = VECTOR('',#7203,1.);
#7203 = DIRECTION('',(0.145447664177,-0.989365946951));
#7204 = ( GEOMETRIC_REPRESENTATION_CONTEXT(2) 
PARAMETRIC_REPRESENTATION_CONTEXT() REPRESENTATION_CONTEXT('2D SPACE',''
  ) );
#7205 = ADVANCED_FACE('',(#7206),#6637,.T.);
#7206 = FACE_BOUND('',#7207,.T.);
#7207 = EDGE_LOOP('',(#7208,#7229,#7230));
#7208 = ORIENTED_EDGE('',*,*,#7209,.F.);
#7209 = EDGE_CURVE('',#6517,#5966,#7210,.T.);
#7210 = SURFACE_CURVE('',#7211,(#7215,#7222),.PCURVE_S1.);
#7211 = LINE('',#7212,#7213);
#7212 = CARTESIAN_POINT('',(-28.93902586308,-8.184365130603,
    2.121312551014));
#7213 = VECTOR('',#7214,1.);
#7214 = DIRECTION('',(0.14812761009,0.988960943267,3.803133131714E-03));
#7215 = PCURVE('',#6637,#7216);
#7216 = DEFINITIONAL_REPRESENTATION('',(#7217),#7221);
#7217 = LINE('',#7218,#7219);
#7218 = CARTESIAN_POINT('',(-2.509821022204,-16.75465167539));
#7219 = VECTOR('',#7220,1.);
#7220 = DIRECTION('',(0.148145520052,0.988965573156));
#7221 = ( GEOMETRIC_REPRESENTATION_CONTEXT(2) 
PARAMETRIC_REPRESENTATION_CONTEXT() REPRESENTATION_CONTEXT('2D SPACE',''
  ) );
#7222 = PCURVE('',#6934,#7223);
#7223 = DEFINITIONAL_REPRESENTATION('',(#7224),#7228);
#7224 = LINE('',#7225,#7226);
#7225 = CARTESIAN_POINT('',(-16.75469699079,2.509518494462));
#7226 = VECTOR('',#7227,1.);
#7227 = DIRECTION('',(0.988968247958,-0.14812766295));
#7228 = ( GEOMETRIC_REPRESENTATION_CONTEXT(2) 
PARAMETRIC_REPRESENTATION_CONTEXT() REPRESENTATION_CONTEXT('2D SPACE',''
  ) );
#7229 = ORIENTED_EDGE('',*,*,#6623,.T.);
#7230 = ORIENTED_EDGE('',*,*,#7231,.T.);
#7231 = EDGE_CURVE('',#6601,#5966,#7232,.T.);
#7232 = SURFACE_CURVE('',#7233,(#7237,#7244),.PCURVE_S1.);
#7233 = LINE('',#7234,#7235);
#7234 = CARTESIAN_POINT('',(-27.72521249713,-8.494415318158,
    2.178250368144));
#7235 = VECTOR('',#7236,1.);
#7236 = DIRECTION('',(7.571131918466E-02,0.997129682856,
    4.378535639992E-04));
#7237 = PCURVE('',#6637,#7238);
#7238 = DEFINITIONAL_REPRESENTATION('',(#7239),#7243);
#7239 = LINE('',#7240,#7241);
#7240 = CARTESIAN_POINT('',(-1.294673334772,-17.06470331447));
#7241 = VECTOR('',#7242,1.);
#7242 = DIRECTION('',(7.565108115966E-02,0.997134350988));
#7243 = ( GEOMETRIC_REPRESENTATION_CONTEXT(2) 
PARAMETRIC_REPRESENTATION_CONTEXT() REPRESENTATION_CONTEXT('2D SPACE',''
  ) );
#7244 = PCURVE('',#6721,#7245);
#7245 = DEFINITIONAL_REPRESENTATION('',(#7246),#7250);
#7246 = LINE('',#7247,#7248);
#7247 = CARTESIAN_POINT('',(-1.29533096917,-17.06465340799));
#7248 = VECTOR('',#7249,1.);
#7249 = DIRECTION('',(7.568950842304E-02,0.997131434824));
#7250 = ( GEOMETRIC_REPRESENTATION_CONTEXT(2) 
PARAMETRIC_REPRESENTATION_CONTEXT() REPRESENTATION_CONTEXT('2D SPACE',''
  ) );
#7251 = ADVANCED_FACE('',(#7252),#6721,.T.);
#7252 = FACE_BOUND('',#7253,.T.);
#7253 = EDGE_LOOP('',(#7254,#7255,#7256));
#7254 = ORIENTED_EDGE('',*,*,#7231,.F.);
#7255 = ORIENTED_EDGE('',*,*,#6707,.T.);
#7256 = ORIENTED_EDGE('',*,*,#7257,.T.);
#7257 = EDGE_CURVE('',#6685,#5966,#7258,.T.);
#7258 = SURFACE_CURVE('',#7259,(#7263,#7270),.PCURVE_S1.);
#7259 = LINE('',#7260,#7261);
#7260 = CARTESIAN_POINT('',(-26.44678360906,-8.519891765931,
    2.217268610989));
#7261 = VECTOR('',#7262,1.);
#7262 = DIRECTION('',(1.010837082687E-03,0.999997787777,
    -1.844626945712E-03));
#7263 = PCURVE('',#6721,#7264);
#7264 = DEFINITIONAL_REPRESENTATION('',(#7265),#7269);
#7265 = LINE('',#7266,#7267);
#7266 = CARTESIAN_POINT('',(-1.63067931454E-02,-17.09012990053));
#7267 = VECTOR('',#7268,1.);
#7268 = DIRECTION('',(9.541639424169E-04,0.999999544785));
#7269 = ( GEOMETRIC_REPRESENTATION_CONTEXT(2) 
PARAMETRIC_REPRESENTATION_CONTEXT() REPRESENTATION_CONTEXT('2D SPACE',''
  ) );
#7270 = PCURVE('',#6777,#7271);
#7271 = DEFINITIONAL_REPRESENTATION('',(#7272),#7276);
#7272 = LINE('',#7273,#7274);
#7273 = CARTESIAN_POINT('',(3.708763842973E-02,52.830243401038));
#7274 = VECTOR('',#7275,1.);
#7275 = DIRECTION('',(0.999999489104,-1.010837470751E-03));
#7276 = ( GEOMETRIC_REPRESENTATION_CONTEXT(2) 
PARAMETRIC_REPRESENTATION_CONTEXT() REPRESENTATION_CONTEXT('2D SPACE',''
  ) );
#7277 = ADVANCED_FACE('',(#7278),#6934,.T.);
#7278 = FACE_BOUND('',#7279,.T.);
#7279 = EDGE_LOOP('',(#7280,#7301,#7302));
#7280 = ORIENTED_EDGE('',*,*,#7281,.F.);
#7281 = EDGE_CURVE('',#57,#5966,#7282,.T.);
#7282 = SURFACE_CURVE('',#7283,(#7287,#7294),.PCURVE_S1.);
#7283 = LINE('',#7284,#7285);
#7284 = CARTESIAN_POINT('',(-34.79519213925,-1.870985742658,
    2.151337464132));
#7285 = VECTOR('',#7286,1.);
#7286 = DIRECTION('',(0.625272921256,0.78040192258,2.571610044166E-03));
#7287 = PCURVE('',#6934,#7288);
#7288 = DEFINITIONAL_REPRESENTATION('',(#7289),#7293);
#7289 = LINE('',#7290,#7291);
#7290 = CARTESIAN_POINT('',(-10.44124814604,8.365686860431));
#7291 = VECTOR('',#7292,1.);
#7292 = DIRECTION('',(0.780405980826,-0.625273144386));
#7293 = ( GEOMETRIC_REPRESENTATION_CONTEXT(2) 
PARAMETRIC_REPRESENTATION_CONTEXT() REPRESENTATION_CONTEXT('2D SPACE',''
  ) );
#7294 = PCURVE('',#7131,#7295);
#7295 = DEFINITIONAL_REPRESENTATION('',(#7296),#7300);
#7296 = LINE('',#7297,#7298);
#7297 = CARTESIAN_POINT('',(-10.44122154622,8.365720059675));
#7298 = VECTOR('',#7299,1.);
#7299 = DIRECTION('',(0.780403992686,-0.625275625784));
#7300 = ( GEOMETRIC_REPRESENTATION_CONTEXT(2) 
PARAMETRIC_REPRESENTATION_CONTEXT() REPRESENTATION_CONTEXT('2D SPACE',''
  ) );
#7301 = ORIENTED_EDGE('',*,*,#6920,.T.);
#7302 = ORIENTED_EDGE('',*,*,#7209,.T.);
#7303 = ADVANCED_FACE('',(#7304),#7131,.T.);
#7304 = FACE_BOUND('',#7305,.T.);
#7305 = EDGE_LOOP('',(#7306,#7327,#7328));
#7306 = ORIENTED_EDGE('',*,*,#7307,.F.);
#7307 = EDGE_CURVE('',#975,#5966,#7308,.T.);
#7308 = SURFACE_CURVE('',#7309,(#7313,#7320),.PCURVE_S1.);
#7309 = LINE('',#7310,#7311);
#7310 = CARTESIAN_POINT('',(-31.26307795994,7.048444645377,
    2.191359715567));
#7311 = VECTOR('',#7312,1.);
#7312 = DIRECTION('',(0.953843910541,0.300300792704,-1.108253167459E-03)
  );
#7313 = PCURVE('',#7131,#7314);
#7314 = DEFINITIONAL_REPRESENTATION('',(#7315),#7319);
#7315 = LINE('',#7316,#7317);
#7316 = CARTESIAN_POINT('',(-1.521707416935,4.833590602714));
#7317 = VECTOR('',#7318,1.);
#7318 = DIRECTION('',(0.300289732975,-0.953848036256));
#7319 = ( GEOMETRIC_REPRESENTATION_CONTEXT(2) 
PARAMETRIC_REPRESENTATION_CONTEXT() REPRESENTATION_CONTEXT('2D SPACE',''
  ) );
#7320 = PCURVE('',#7168,#7321);
#7321 = DEFINITIONAL_REPRESENTATION('',(#7322),#7326);
#7322 = LINE('',#7323,#7324);
#7323 = CARTESIAN_POINT('',(-1.521478446688,4.833662680997));
#7324 = VECTOR('',#7325,1.);
#7325 = DIRECTION('',(0.30024454859,-0.953862259995));
#7326 = ( GEOMETRIC_REPRESENTATION_CONTEXT(2) 
PARAMETRIC_REPRESENTATION_CONTEXT() REPRESENTATION_CONTEXT('2D SPACE',''
  ) );
#7327 = ORIENTED_EDGE('',*,*,#7117,.F.);
#7328 = ORIENTED_EDGE('',*,*,#7281,.T.);
#7329 = ADVANCED_FACE('',(#7330),#7168,.T.);
#7330 = FACE_BOUND('',#7331,.T.);
#7331 = EDGE_LOOP('',(#7332,#7333,#7334));
#7332 = ORIENTED_EDGE('',*,*,#7185,.F.);
#7333 = ORIENTED_EDGE('',*,*,#7154,.F.);
#7334 = ORIENTED_EDGE('',*,*,#7307,.T.);
#7335 = ADVANCED_FACE('',(#7336),#6777,.T.);
#7336 = FACE_BOUND('',#7337,.T.);
#7337 = EDGE_LOOP('',(#7338,#7359,#7360));
#7338 = ORIENTED_EDGE('',*,*,#7339,.F.);
#7339 = EDGE_CURVE('',#5966,#5468,#7340,.T.);
#7340 = SURFACE_CURVE('',#7341,(#7345,#7352),.PCURVE_S1.);
#7341 = LINE('',#7342,#7343);
#7342 = CARTESIAN_POINT('',(-26.42950826414,8.57020810709,2.185743682518
    ));
#7343 = VECTOR('',#7344,1.);
#7344 = DIRECTION('',(0.951229396557,-0.308481226693,1.402820164104E-03)
  );
#7345 = PCURVE('',#6777,#7346);
#7346 = DEFINITIONAL_REPRESENTATION('',(#7347),#7351);
#7347 = LINE('',#7348,#7349);
#7348 = CARTESIAN_POINT('',(17.12721658735,52.812968049491));
#7349 = VECTOR('',#7350,1.);
#7350 = DIRECTION('',(-0.308483290285,-0.951229761737));
#7351 = ( GEOMETRIC_REPRESENTATION_CONTEXT(2) 
PARAMETRIC_REPRESENTATION_CONTEXT() REPRESENTATION_CONTEXT('2D SPACE',''
  ) );
#7352 = PCURVE('',#5981,#7353);
#7353 = DEFINITIONAL_REPRESENTATION('',(#7354),#7358);
#7354 = LINE('',#7355,#7356);
#7355 = CARTESIAN_POINT('',(6.803677647428E-02,52.856017201766));
#7356 = VECTOR('',#7357,1.);
#7357 = DIRECTION('',(-0.308483873933,-0.95122957246));
#7358 = ( GEOMETRIC_REPRESENTATION_CONTEXT(2) 
PARAMETRIC_REPRESENTATION_CONTEXT() REPRESENTATION_CONTEXT('2D SPACE',''
  ) );
#7359 = ORIENTED_EDGE('',*,*,#7257,.F.);
#7360 = ORIENTED_EDGE('',*,*,#6763,.T.);
#7361 = ADVANCED_FACE('',(#7362),#5535,.T.);
#7362 = FACE_BOUND('',#7363,.T.);
#7363 = EDGE_LOOP('',(#7364,#7385,#7386));
#7364 = ORIENTED_EDGE('',*,*,#7365,.F.);
#7365 = EDGE_CURVE('',#5468,#2367,#7366,.T.);
#7366 = SURFACE_CURVE('',#7367,(#7371,#7378),.PCURVE_S1.);
#7367 = LINE('',#7368,#7369);
#7368 = CARTESIAN_POINT('',(26.383439510245,-8.556893908131,
    2.263629278077));
#7369 = VECTOR('',#7370,1.);
#7370 = DIRECTION('',(0.978012972469,0.207837257218,-1.71551798115E-02)
  );
#7371 = PCURVE('',#5535,#7372);
#7372 = DEFINITIONAL_REPRESENTATION('',(#7373),#7377);
#7373 = LINE('',#7374,#7375);
#7374 = CARTESIAN_POINT('',(-0.778371012527,3.793504340024));
#7375 = VECTOR('',#7376,1.);
#7376 = DIRECTION('',(0.200997737031,-0.979591705614));
#7377 = ( GEOMETRIC_REPRESENTATION_CONTEXT(2) 
PARAMETRIC_REPRESENTATION_CONTEXT() REPRESENTATION_CONTEXT('2D SPACE',''
  ) );
#7378 = PCURVE('',#2519,#7379);
#7379 = DEFINITIONAL_REPRESENTATION('',(#7380),#7384);
#7380 = LINE('',#7381,#7382);
#7381 = CARTESIAN_POINT('',(-4.92456351979,-1.443867187221));
#7382 = VECTOR('',#7383,1.);
#7383 = DIRECTION('',(0.978155207551,0.207875900338));
#7384 = ( GEOMETRIC_REPRESENTATION_CONTEXT(2) 
PARAMETRIC_REPRESENTATION_CONTEXT() REPRESENTATION_CONTEXT('2D SPACE',''
  ) );
#7385 = ORIENTED_EDGE('',*,*,#5521,.T.);
#7386 = ORIENTED_EDGE('',*,*,#7387,.T.);
#7387 = EDGE_CURVE('',#2198,#2367,#7388,.T.);
#7388 = SURFACE_CURVE('',#7389,(#7393,#7400),.PCURVE_S1.);
#7389 = LINE('',#7390,#7391);
#7390 = CARTESIAN_POINT('',(27.676786477441,-8.496845267253,
    2.200192981305));
#7391 = VECTOR('',#7392,1.);
#7392 = DIRECTION('',(0.958184884442,0.286147515801,-1.151706555582E-03)
  );
#7393 = PCURVE('',#5535,#7394);
#7394 = DEFINITIONAL_REPRESENTATION('',(#7395),#7399);
#7395 = LINE('',#7396,#7397);
#7396 = CARTESIAN_POINT('',(-0.731198290181,2.498069619615));
#7397 = VECTOR('',#7398,1.);
#7398 = DIRECTION('',(0.280918556947,-0.959731610589));
#7399 = ( GEOMETRIC_REPRESENTATION_CONTEXT(2) 
PARAMETRIC_REPRESENTATION_CONTEXT() REPRESENTATION_CONTEXT('2D SPACE',''
  ) );
#7400 = PCURVE('',#2297,#7401);
#7401 = DEFINITIONAL_REPRESENTATION('',(#7402),#7406);
#7402 = LINE('',#7403,#7404);
#7403 = CARTESIAN_POINT('',(0.497009135394,-2.554992110231));
#7404 = VECTOR('',#7405,1.);
#7405 = DIRECTION('',(-0.190945590244,0.981600622232));
#7406 = ( GEOMETRIC_REPRESENTATION_CONTEXT(2) 
PARAMETRIC_REPRESENTATION_CONTEXT() REPRESENTATION_CONTEXT('2D SPACE',''
  ) );
#7407 = ADVANCED_FACE('',(#7408),#2297,.T.);
#7408 = FACE_BOUND('',#7409,.T.);
#7409 = EDGE_LOOP('',(#7410,#7411,#7412));
#7410 = ORIENTED_EDGE('',*,*,#7387,.F.);
#7411 = ORIENTED_EDGE('',*,*,#2283,.T.);
#7412 = ORIENTED_EDGE('',*,*,#2394,.T.);
#7413 = ADVANCED_FACE('',(#7414),#2519,.T.);
#7414 = FACE_BOUND('',#7415,.T.);
#7415 = EDGE_LOOP('',(#7416,#7442,#7443));
#7416 = ORIENTED_EDGE('',*,*,#7417,.F.);
#7417 = EDGE_CURVE('',#5468,#2478,#7418,.T.);
#7418 = SURFACE_CURVE('',#7419,(#7423,#7430),.PCURVE_S1.);
#7419 = LINE('',#7420,#7421);
#7420 = CARTESIAN_POINT('',(26.383439510245,-8.556893908131,
    2.263629278077));
#7421 = VECTOR('',#7422,1.);
#7422 = DIRECTION('',(0.959497070034,0.281300791189,-1.533745325052E-02)
  );
#7423 = PCURVE('',#2519,#7424);
#7424 = DEFINITIONAL_REPRESENTATION('',(#7425),#7429);
#7425 = LINE('',#7426,#7427);
#7426 = CARTESIAN_POINT('',(-4.92456351979,-1.443867187221));
#7427 = VECTOR('',#7428,1.);
#7428 = DIRECTION('',(0.95960431265,0.281353093362));
#7429 = ( GEOMETRIC_REPRESENTATION_CONTEXT(2) 
PARAMETRIC_REPRESENTATION_CONTEXT() REPRESENTATION_CONTEXT('2D SPACE',''
  ) );
#7430 = PCURVE('',#7431,#7436);
#7431 = PLANE('',#7432);
#7432 = AXIS2_PLACEMENT_3D('',#7433,#7434,#7435);
#7433 = CARTESIAN_POINT('',(33.116678516999,-5.301004990905,
    2.180144832794));
#7434 = DIRECTION('',(2.149842710799E-02,-1.882856018005E-02,
    0.999591568068));
#7435 = DIRECTION('',(0.999768800135,1.31688385702E-20,
    -2.15022388755E-02));
#7436 = DEFINITIONAL_REPRESENTATION('',(#7437),#7441);
#7437 = LINE('',#7438,#7439);
#7438 = CARTESIAN_POINT('',(-6.733477385289,-3.256466200928));
#7439 = VECTOR('',#7440,1.);
#7440 = DIRECTION('',(0.959605024025,0.281350667081));
#7441 = ( GEOMETRIC_REPRESENTATION_CONTEXT(2) 
PARAMETRIC_REPRESENTATION_CONTEXT() REPRESENTATION_CONTEXT('2D SPACE',''
  ) );
#7442 = ORIENTED_EDGE('',*,*,#7365,.T.);
#7443 = ORIENTED_EDGE('',*,*,#2505,.T.);
#7444 = ADVANCED_FACE('',(#7445),#7431,.T.);
#7445 = FACE_BOUND('',#7446,.T.);
#7446 = EDGE_LOOP('',(#7447,#7468,#7469));
#7447 = ORIENTED_EDGE('',*,*,#7448,.F.);
#7448 = EDGE_CURVE('',#5468,#2710,#7449,.T.);
#7449 = SURFACE_CURVE('',#7450,(#7454,#7461),.PCURVE_S1.);
#7450 = LINE('',#7451,#7452);
#7451 = CARTESIAN_POINT('',(26.383439510245,-8.556893908131,
    2.263629278077));
#7452 = VECTOR('',#7453,1.);
#7453 = DIRECTION('',(0.900214798905,0.435303036761,-1.116163157832E-02)
  );
#7454 = PCURVE('',#7431,#7455);
#7455 = DEFINITIONAL_REPRESENTATION('',(#7456),#7460);
#7456 = LINE('',#7457,#7458);
#7457 = CARTESIAN_POINT('',(-6.733477385289,-3.256466200928));
#7458 = VECTOR('',#7459,1.);
#7459 = DIRECTION('',(0.900246669433,0.435380217941));
#7460 = ( GEOMETRIC_REPRESENTATION_CONTEXT(2) 
PARAMETRIC_REPRESENTATION_CONTEXT() REPRESENTATION_CONTEXT('2D SPACE',''
  ) );
#7461 = PCURVE('',#2862,#7462);
#7462 = DEFINITIONAL_REPRESENTATION('',(#7463),#7467);
#7463 = LINE('',#7464,#7465);
#7464 = CARTESIAN_POINT('',(-4.284757346667,7.456412089453));
#7465 = VECTOR('',#7466,1.);
#7466 = DIRECTION('',(0.433268401812,-0.901264939955));
#7467 = ( GEOMETRIC_REPRESENTATION_CONTEXT(2) 
PARAMETRIC_REPRESENTATION_CONTEXT() REPRESENTATION_CONTEXT('2D SPACE',''
  ) );
#7468 = ORIENTED_EDGE('',*,*,#7417,.T.);
#7469 = ORIENTED_EDGE('',*,*,#7470,.T.);
#7470 = EDGE_CURVE('',#2478,#2710,#7471,.T.);
#7471 = SURFACE_CURVE('',#7472,(#7476,#7483),.PCURVE_S1.);
#7472 = LINE('',#7473,#7474);
#7473 = CARTESIAN_POINT('',(31.307452674994,-7.113295128803,
    2.184919478873));
#7474 = VECTOR('',#7475,1.);
#7475 = DIRECTION('',(0.706506991553,0.707703606383,-1.86451064246E-03)
  );
#7476 = PCURVE('',#7431,#7477);
#7477 = DEFINITIONAL_REPRESENTATION('',(#7478),#7482);
#7478 = LINE('',#7479,#7480);
#7479 = CARTESIAN_POINT('',(-1.808910214815,-1.812611465065));
#7480 = VECTOR('',#7481,1.);
#7481 = DIRECTION('',(0.706383738385,0.707829085405));
#7482 = ( GEOMETRIC_REPRESENTATION_CONTEXT(2) 
PARAMETRIC_REPRESENTATION_CONTEXT() REPRESENTATION_CONTEXT('2D SPACE',''
  ) );
#7483 = PCURVE('',#2635,#7484);
#7484 = DEFINITIONAL_REPRESENTATION('',(#7485),#7489);
#7485 = LINE('',#7486,#7487);
#7486 = CARTESIAN_POINT('',(-1.79927861687,1.82217258991));
#7487 = VECTOR('',#7488,1.);
#7488 = DIRECTION('',(0.702622576495,-0.711562727382));
#7489 = ( GEOMETRIC_REPRESENTATION_CONTEXT(2) 
PARAMETRIC_REPRESENTATION_CONTEXT() REPRESENTATION_CONTEXT('2D SPACE',''
  ) );
#7490 = ADVANCED_FACE('',(#7491),#2635,.T.);
#7491 = FACE_BOUND('',#7492,.T.);
#7492 = EDGE_LOOP('',(#7493,#7494,#7495));
#7493 = ORIENTED_EDGE('',*,*,#7470,.F.);
#7494 = ORIENTED_EDGE('',*,*,#2621,.T.);
#7495 = ORIENTED_EDGE('',*,*,#2737,.T.);
#7496 = ADVANCED_FACE('',(#7497),#2862,.T.);
#7497 = FACE_BOUND('',#7498,.T.);
#7498 = EDGE_LOOP('',(#7499,#7525,#7526));
#7499 = ORIENTED_EDGE('',*,*,#7500,.F.);
#7500 = EDGE_CURVE('',#5468,#2821,#7501,.T.);
#7501 = SURFACE_CURVE('',#7502,(#7506,#7513),.PCURVE_S1.);
#7502 = LINE('',#7503,#7504);
#7503 = CARTESIAN_POINT('',(26.383439510245,-8.556893908131,
    2.263629278077));
#7504 = VECTOR('',#7505,1.);
#7505 = DIRECTION('',(0.866030653459,0.499968964243,-4.684235618767E-03)
  );
#7506 = PCURVE('',#2862,#7507);
#7507 = DEFINITIONAL_REPRESENTATION('',(#7508),#7512);
#7508 = LINE('',#7509,#7510);
#7509 = CARTESIAN_POINT('',(-4.284757346667,7.456412089453));
#7510 = VECTOR('',#7511,1.);
#7511 = DIRECTION('',(0.498236939579,-0.867040917166));
#7512 = ( GEOMETRIC_REPRESENTATION_CONTEXT(2) 
PARAMETRIC_REPRESENTATION_CONTEXT() REPRESENTATION_CONTEXT('2D SPACE',''
  ) );
#7513 = PCURVE('',#7514,#7519);
#7514 = PLANE('',#7515);
#7515 = AXIS2_PLACEMENT_3D('',#7516,#7517,#7518);
#7516 = CARTESIAN_POINT('',(34.401019141363,3.114316764031,
    2.249169432164));
#7517 = DIRECTION('',(7.778115921554E-03,-4.10431945922E-03,
    0.999961326989));
#7518 = DIRECTION('',(0.999969749489,3.324707777879E-21,
    -7.778181435267E-03));
#7519 = DEFINITIONAL_REPRESENTATION('',(#7520),#7524);
#7520 = LINE('',#7521,#7522);
#7521 = CARTESIAN_POINT('',(-8.017449566544,-11.67130897673));
#7522 = VECTOR('',#7523,1.);
#7523 = DIRECTION('',(0.866040890424,0.499973175394));
#7524 = ( GEOMETRIC_REPRESENTATION_CONTEXT(2) 
PARAMETRIC_REPRESENTATION_CONTEXT() REPRESENTATION_CONTEXT('2D SPACE',''
  ) );
#7525 = ORIENTED_EDGE('',*,*,#7448,.T.);
#7526 = ORIENTED_EDGE('',*,*,#2848,.T.);
#7527 = ADVANCED_FACE('',(#7528),#2978,.T.);
#7528 = FACE_BOUND('',#7529,.T.);
#7529 = EDGE_LOOP('',(#7530,#7556,#7557));
#7530 = ORIENTED_EDGE('',*,*,#7531,.F.);
#7531 = EDGE_CURVE('',#2821,#3053,#7532,.T.);
#7532 = SURFACE_CURVE('',#7533,(#7537,#7544),.PCURVE_S1.);
#7533 = LINE('',#7534,#7535);
#7534 = CARTESIAN_POINT('',(33.831163494712,-4.257241428614,
    2.223345607023));
#7535 = VECTOR('',#7536,1.);
#7536 = DIRECTION('',(0.381971093887,0.92417224972,-1.932946634432E-03)
  );
#7537 = PCURVE('',#2978,#7538);
#7538 = DEFINITIONAL_REPRESENTATION('',(#7539),#7543);
#7539 = LINE('',#7540,#7541);
#7540 = CARTESIAN_POINT('',(-0.94489510814,-2.346329247216));
#7541 = VECTOR('',#7542,1.);
#7542 = DIRECTION('',(0.373558399619,0.927606663448));
#7543 = ( GEOMETRIC_REPRESENTATION_CONTEXT(2) 
PARAMETRIC_REPRESENTATION_CONTEXT() REPRESENTATION_CONTEXT('2D SPACE',''
  ) );
#7544 = PCURVE('',#7545,#7550);
#7545 = PLANE('',#7546);
#7546 = AXIS2_PLACEMENT_3D('',#7547,#7548,#7549);
#7547 = CARTESIAN_POINT('',(34.401019141363,3.114316764031,
    2.249169432164));
#7548 = DIRECTION('',(1.664809243799E-02,-4.789619582769E-03,
    0.999849939022));
#7549 = DIRECTION('',(0.999861407726,-3.059088592789E-21,
    -1.664828339869E-02));
#7550 = DEFINITIONAL_REPRESENTATION('',(#7551),#7555);
#7551 = LINE('',#7552,#7553);
#7552 = CARTESIAN_POINT('',(-0.569346746702,-7.371642747553));
#7553 = VECTOR('',#7554,1.);
#7554 = DIRECTION('',(0.381950335888,0.924182850368));
#7555 = ( GEOMETRIC_REPRESENTATION_CONTEXT(2) 
PARAMETRIC_REPRESENTATION_CONTEXT() REPRESENTATION_CONTEXT('2D SPACE',''
  ) );
#7556 = ORIENTED_EDGE('',*,*,#2964,.T.);
#7557 = ORIENTED_EDGE('',*,*,#3080,.T.);
#7558 = ADVANCED_FACE('',(#7559),#5981,.T.);
#7559 = FACE_BOUND('',#7560,.T.);
#7560 = EDGE_LOOP('',(#7561,#7562,#7563));
#7561 = ORIENTED_EDGE('',*,*,#5965,.F.);
#7562 = ORIENTED_EDGE('',*,*,#7339,.T.);
#7563 = ORIENTED_EDGE('',*,*,#7564,.T.);
#7564 = EDGE_CURVE('',#5468,#5222,#7565,.T.);
#7565 = SURFACE_CURVE('',#7566,(#7570,#7577),.PCURVE_S1.);
#7566 = LINE('',#7567,#7568);
#7567 = CARTESIAN_POINT('',(26.383439510245,-8.556893908131,
    2.263629278077));
#7568 = VECTOR('',#7569,1.);
#7569 = DIRECTION('',(2.524121008235E-03,0.999993248159,
    -2.670664616941E-03));
#7570 = PCURVE('',#5981,#7571);
#7571 = DEFINITIONAL_REPRESENTATION('',(#7572),#7576);
#7572 = LINE('',#7573,#7574);
#7573 = CARTESIAN_POINT('',(-17.05921221544,4.305966107045E-02));
#7574 = VECTOR('',#7575,1.);
#7575 = DIRECTION('',(0.9999968144,-2.524121475002E-03));
#7576 = ( GEOMETRIC_REPRESENTATION_CONTEXT(2) 
PARAMETRIC_REPRESENTATION_CONTEXT() REPRESENTATION_CONTEXT('2D SPACE',''
  ) );
#7577 = PCURVE('',#7578,#7583);
#7578 = PLANE('',#7579);
#7579 = AXIS2_PLACEMENT_3D('',#7580,#7581,#7582);
#7580 = CARTESIAN_POINT('',(28.932739899516,8.173694138776,
    2.197989459754));
#7581 = DIRECTION('',(8.359128665579E-03,2.649480371481E-03,
    0.999961551872));
#7582 = DIRECTION('',(0.999965061628,3.221467910005E-21,
    -8.359158005214E-03));
#7583 = DEFINITIONAL_REPRESENTATION('',(#7584),#7588);
#7584 = LINE('',#7585,#7586);
#7585 = CARTESIAN_POINT('',(-2.549760014479,-16.73064676945));
#7586 = VECTOR('',#7587,1.);
#7587 = DIRECTION('',(2.546357327069E-03,0.999996758027));
#7588 = ( GEOMETRIC_REPRESENTATION_CONTEXT(2) 
PARAMETRIC_REPRESENTATION_CONTEXT() REPRESENTATION_CONTEXT('2D SPACE',''
  ) );
#7589 = ADVANCED_FACE('',(#7590),#7578,.T.);
#7590 = FACE_BOUND('',#7591,.T.);
#7591 = EDGE_LOOP('',(#7592,#7613,#7614));
#7592 = ORIENTED_EDGE('',*,*,#7593,.F.);
#7593 = EDGE_CURVE('',#5222,#4995,#7594,.T.);
#7594 = SURFACE_CURVE('',#7595,(#7599,#7606),.PCURVE_S1.);
#7595 = LINE('',#7596,#7597);
#7596 = CARTESIAN_POINT('',(26.426499163353,8.502257469852,
    2.218069698485));
#7597 = VECTOR('',#7598,1.);
#7598 = DIRECTION('',(0.991484567899,-0.129981716297,-7.943868493898E-03
    ));
#7599 = PCURVE('',#7578,#7600);
#7600 = DEFINITIONAL_REPRESENTATION('',(#7601),#7605);
#7601 = LINE('',#7602,#7603);
#7602 = CARTESIAN_POINT('',(-2.506321026081,0.328564484298));
#7603 = VECTOR('',#7604,1.);
#7604 = DIRECTION('',(0.991516331095,-0.129982172519));
#7605 = ( GEOMETRIC_REPRESENTATION_CONTEXT(2) 
PARAMETRIC_REPRESENTATION_CONTEXT() REPRESENTATION_CONTEXT('2D SPACE',''
  ) );
#7606 = PCURVE('',#5147,#7607);
#7607 = DEFINITIONAL_REPRESENTATION('',(#7608),#7612);
#7608 = LINE('',#7609,#7610);
#7609 = CARTESIAN_POINT('',(0.326858287988,2.506544108068));
#7610 = VECTOR('',#7611,1.);
#7611 = DIRECTION('',(-0.129307190548,-0.991604583729));
#7612 = ( GEOMETRIC_REPRESENTATION_CONTEXT(2) 
PARAMETRIC_REPRESENTATION_CONTEXT() REPRESENTATION_CONTEXT('2D SPACE',''
  ) );
#7613 = ORIENTED_EDGE('',*,*,#7564,.F.);
#7614 = ORIENTED_EDGE('',*,*,#7615,.T.);
#7615 = EDGE_CURVE('',#5468,#4995,#7616,.T.);
#7616 = SURFACE_CURVE('',#7617,(#7621,#7628),.PCURVE_S1.);
#7617 = LINE('',#7618,#7619);
#7618 = CARTESIAN_POINT('',(26.383439510245,-8.556893908131,
    2.263629278077));
#7619 = VECTOR('',#7620,1.);
#7620 = DIRECTION('',(0.150633828098,0.988582018205,-3.878545326102E-03)
  );
#7621 = PCURVE('',#7578,#7622);
#7622 = DEFINITIONAL_REPRESENTATION('',(#7623),#7627);
#7623 = LINE('',#7624,#7625);
#7624 = CARTESIAN_POINT('',(-2.549760014479,-16.73064676945));
#7625 = VECTOR('',#7626,1.);
#7626 = DIRECTION('',(0.150660986571,0.988585488021));
#7627 = ( GEOMETRIC_REPRESENTATION_CONTEXT(2) 
PARAMETRIC_REPRESENTATION_CONTEXT() REPRESENTATION_CONTEXT('2D SPACE',''
  ) );
#7628 = PCURVE('',#7629,#7634);
#7629 = PLANE('',#7630);
#7630 = AXIS2_PLACEMENT_3D('',#7631,#7632,#7633);
#7631 = CARTESIAN_POINT('',(32.275481552945,6.285262353371,
    2.144030093643));
#7632 = DIRECTION('',(1.69011697843E-02,1.347485473175E-03,0.99985625704
    ));
#7633 = DIRECTION('',(0.99985716477,5.707855518788E-22,
    -1.690118512819E-02));
#7634 = DEFINITIONAL_REPRESENTATION('',(#7635),#7639);
#7635 = LINE('',#7636,#7637);
#7636 = CARTESIAN_POINT('',(-5.893221819475,-14.84216973609));
#7637 = VECTOR('',#7638,1.);
#7638 = DIRECTION('',(0.150677864293,0.988582915699));
#7639 = ( GEOMETRIC_REPRESENTATION_CONTEXT(2) 
PARAMETRIC_REPRESENTATION_CONTEXT() REPRESENTATION_CONTEXT('2D SPACE',''
  ) );
#7640 = ADVANCED_FACE('',(#7641),#5147,.T.);
#7641 = FACE_BOUND('',#7642,.T.);
#7642 = EDGE_LOOP('',(#7643,#7644,#7645));
#7643 = ORIENTED_EDGE('',*,*,#5133,.F.);
#7644 = ORIENTED_EDGE('',*,*,#5249,.F.);
#7645 = ORIENTED_EDGE('',*,*,#7593,.T.);
#7646 = ADVANCED_FACE('',(#7647),#7514,.T.);
#7647 = FACE_BOUND('',#7648,.T.);
#7648 = EDGE_LOOP('',(#7649,#7675,#7676));
#7649 = ORIENTED_EDGE('',*,*,#7650,.F.);
#7650 = EDGE_CURVE('',#5468,#3512,#7651,.T.);
#7651 = SURFACE_CURVE('',#7652,(#7656,#7663),.PCURVE_S1.);
#7652 = LINE('',#7653,#7654);
#7653 = CARTESIAN_POINT('',(26.383439510245,-8.556893908131,
    2.263629278077));
#7654 = VECTOR('',#7655,1.);
#7655 = DIRECTION('',(0.566222639472,0.824251708955,-1.021192491453E-03)
  );
#7656 = PCURVE('',#7514,#7657);
#7657 = DEFINITIONAL_REPRESENTATION('',(#7658),#7662);
#7658 = LINE('',#7659,#7660);
#7659 = CARTESIAN_POINT('',(-8.017449566544,-11.67130897673));
#7660 = VECTOR('',#7661,1.);
#7661 = DIRECTION('',(0.566213453969,0.824258651483));
#7662 = ( GEOMETRIC_REPRESENTATION_CONTEXT(2) 
PARAMETRIC_REPRESENTATION_CONTEXT() REPRESENTATION_CONTEXT('2D SPACE',''
  ) );
#7663 = PCURVE('',#7664,#7669);
#7664 = PLANE('',#7665);
#7665 = AXIS2_PLACEMENT_3D('',#7666,#7667,#7668);
#7666 = CARTESIAN_POINT('',(32.275481552945,6.285262353371,
    2.144030093643));
#7667 = DIRECTION('',(-2.350638465909E-02,1.73861976088E-02,
    0.999572493626));
#7668 = DIRECTION('',(0.999723603205,-2.635002250358E-20,
    2.350993821815E-02));
#7669 = DEFINITIONAL_REPRESENTATION('',(#7670),#7674);
#7670 = LINE('',#7671,#7672);
#7671 = CARTESIAN_POINT('',(-5.887601731726,-14.8444000127));
#7672 = VECTOR('',#7673,1.);
#7673 = DIRECTION('',(0.566042129177,0.824376314553));
#7674 = ( GEOMETRIC_REPRESENTATION_CONTEXT(2) 
PARAMETRIC_REPRESENTATION_CONTEXT() REPRESENTATION_CONTEXT('2D SPACE',''
  ) );
#7675 = ORIENTED_EDGE('',*,*,#7500,.T.);
#7676 = ORIENTED_EDGE('',*,*,#7677,.T.);
#7677 = EDGE_CURVE('',#2821,#3512,#7678,.T.);
#7678 = SURFACE_CURVE('',#7679,(#7683,#7690),.PCURVE_S1.);
#7679 = LINE('',#7680,#7681);
#7680 = CARTESIAN_POINT('',(33.831163494712,-4.257241428614,
    2.223345607023));
#7681 = VECTOR('',#7682,1.);
#7682 = DIRECTION('',(7.707421271836E-02,0.997019240829,
    3.492728384586E-03));
#7683 = PCURVE('',#7514,#7684);
#7684 = DEFINITIONAL_REPRESENTATION('',(#7685),#7689);
#7685 = LINE('',#7686,#7687);
#7686 = CARTESIAN_POINT('',(-0.569637545829,-7.371620281994));
#7687 = VECTOR('',#7688,1.);
#7688 = DIRECTION('',(7.704471410898E-02,0.997027638548));
#7689 = ( GEOMETRIC_REPRESENTATION_CONTEXT(2) 
PARAMETRIC_REPRESENTATION_CONTEXT() REPRESENTATION_CONTEXT('2D SPACE',''
  ) );
#7690 = PCURVE('',#7545,#7691);
#7691 = DEFINITIONAL_REPRESENTATION('',(#7692),#7696);
#7692 = LINE('',#7693,#7694);
#7693 = CARTESIAN_POINT('',(-0.569346746702,-7.371642747553));
#7694 = VECTOR('',#7695,1.);
#7695 = DIRECTION('',(7.700538289597E-02,0.997030677063));
#7696 = ( GEOMETRIC_REPRESENTATION_CONTEXT(2) 
PARAMETRIC_REPRESENTATION_CONTEXT() REPRESENTATION_CONTEXT('2D SPACE',''
  ) );
#7697 = ADVANCED_FACE('',(#7698),#7545,.T.);
#7698 = FACE_BOUND('',#7699,.T.);
#7699 = EDGE_LOOP('',(#7700,#7701,#7702));
#7700 = ORIENTED_EDGE('',*,*,#7677,.F.);
#7701 = ORIENTED_EDGE('',*,*,#7531,.T.);
#7702 = ORIENTED_EDGE('',*,*,#7703,.F.);
#7703 = EDGE_CURVE('',#3512,#3053,#7704,.T.);
#7704 = SURFACE_CURVE('',#7705,(#7709,#7716),.PCURVE_S1.);
#7705 = LINE('',#7706,#7707);
#7706 = CARTESIAN_POINT('',(34.401019141363,3.114316764031,
    2.249169432164));
#7707 = VECTOR('',#7708,1.);
#7708 = DIRECTION('',(7.848541773218E-02,-0.996896707195,
    -6.082301196283E-03));
#7709 = PCURVE('',#7545,#7710);
#7710 = DEFINITIONAL_REPRESENTATION('',(#7711),#7715);
#7711 = LINE('',#7712,#7713);
#7712 = CARTESIAN_POINT('',(0.,0.));
#7713 = VECTOR('',#7714,1.);
#7714 = DIRECTION('',(7.85758001337E-02,-0.996908142024));
#7715 = ( GEOMETRIC_REPRESENTATION_CONTEXT(2) 
PARAMETRIC_REPRESENTATION_CONTEXT() REPRESENTATION_CONTEXT('2D SPACE',''
  ) );
#7716 = PCURVE('',#3205,#7717);
#7717 = DEFINITIONAL_REPRESENTATION('',(#7718),#7722);
#7718 = LINE('',#7719,#7720);
#7719 = CARTESIAN_POINT('',(0.,0.));
#7720 = VECTOR('',#7721,1.);
#7721 = DIRECTION('',(7.816651047961E-02,-0.996940317491));
#7722 = ( GEOMETRIC_REPRESENTATION_CONTEXT(2) 
PARAMETRIC_REPRESENTATION_CONTEXT() REPRESENTATION_CONTEXT('2D SPACE',''
  ) );
#7723 = ADVANCED_FACE('',(#7724),#3205,.T.);
#7724 = FACE_BOUND('',#7725,.T.);
#7725 = EDGE_LOOP('',(#7726,#7727,#7728));
#7726 = ORIENTED_EDGE('',*,*,#7703,.T.);
#7727 = ORIENTED_EDGE('',*,*,#3191,.T.);
#7728 = ORIENTED_EDGE('',*,*,#7729,.F.);
#7729 = EDGE_CURVE('',#3512,#3164,#7730,.T.);
#7730 = SURFACE_CURVE('',#7731,(#7735,#7742),.PCURVE_S1.);
#7731 = LINE('',#7732,#7733);
#7732 = CARTESIAN_POINT('',(34.401019141363,3.114316764031,
    2.249169432164));
#7733 = VECTOR('',#7734,1.);
#7734 = DIRECTION('',(0.154931651919,-0.987694374662,-2.135428516859E-02
    ));
#7735 = PCURVE('',#3205,#7736);
#7736 = DEFINITIONAL_REPRESENTATION('',(#7737),#7741);
#7737 = LINE('',#7738,#7739);
#7738 = CARTESIAN_POINT('',(0.,0.));
#7739 = VECTOR('',#7740,1.);
#7740 = DIRECTION('',(0.156123247242,-0.987737582393));
#7741 = ( GEOMETRIC_REPRESENTATION_CONTEXT(2) 
PARAMETRIC_REPRESENTATION_CONTEXT() REPRESENTATION_CONTEXT('2D SPACE',''
  ) );
#7742 = PCURVE('',#3321,#7743);
#7743 = DEFINITIONAL_REPRESENTATION('',(#7744),#7748);
#7744 = LINE('',#7745,#7746);
#7745 = CARTESIAN_POINT('',(0.,0.));
#7746 = VECTOR('',#7747,1.);
#7747 = DIRECTION('',(0.15570692545,-0.9878032969));
#7748 = ( GEOMETRIC_REPRESENTATION_CONTEXT(2) 
PARAMETRIC_REPRESENTATION_CONTEXT() REPRESENTATION_CONTEXT('2D SPACE',''
  ) );
#7749 = ADVANCED_FACE('',(#7750),#3321,.T.);
#7750 = FACE_BOUND('',#7751,.T.);
#7751 = EDGE_LOOP('',(#7752,#7753,#7754));
#7752 = ORIENTED_EDGE('',*,*,#7729,.T.);
#7753 = ORIENTED_EDGE('',*,*,#3307,.F.);
#7754 = ORIENTED_EDGE('',*,*,#7755,.F.);
#7755 = EDGE_CURVE('',#3512,#3280,#7756,.T.);
#7756 = SURFACE_CURVE('',#7757,(#7761,#7768),.PCURVE_S1.);
#7757 = LINE('',#7758,#7759);
#7758 = CARTESIAN_POINT('',(34.401019141363,3.114316764031,
    2.249169432164));
#7759 = VECTOR('',#7760,1.);
#7760 = DIRECTION('',(0.203023425467,-0.978624412037,-3.27986109076E-02)
  );
#7761 = PCURVE('',#3321,#7762);
#7762 = DEFINITIONAL_REPRESENTATION('',(#7763),#7767);
#7763 = LINE('',#7764,#7765);
#7764 = CARTESIAN_POINT('',(0.,0.));
#7765 = VECTOR('',#7766,1.);
#7766 = DIRECTION('',(0.205141459224,-0.978732334046));
#7767 = ( GEOMETRIC_REPRESENTATION_CONTEXT(2) 
PARAMETRIC_REPRESENTATION_CONTEXT() REPRESENTATION_CONTEXT('2D SPACE',''
  ) );
#7768 = PCURVE('',#3437,#7769);
#7769 = DEFINITIONAL_REPRESENTATION('',(#7770),#7774);
#7770 = LINE('',#7771,#7772);
#7771 = CARTESIAN_POINT('',(0.,0.));
#7772 = VECTOR('',#7773,1.);
#7773 = DIRECTION('',(0.204987623655,-0.978764565229));
#7774 = ( GEOMETRIC_REPRESENTATION_CONTEXT(2) 
PARAMETRIC_REPRESENTATION_CONTEXT() REPRESENTATION_CONTEXT('2D SPACE',''
  ) );
#7775 = ADVANCED_FACE('',(#7776),#3437,.T.);
#7776 = FACE_BOUND('',#7777,.T.);
#7777 = EDGE_LOOP('',(#7778,#7779,#7780));
#7778 = ORIENTED_EDGE('',*,*,#7755,.T.);
#7779 = ORIENTED_EDGE('',*,*,#3423,.F.);
#7780 = ORIENTED_EDGE('',*,*,#3539,.F.);
#7781 = ADVANCED_FACE('',(#7782),#5619,.T.);
#7782 = FACE_BOUND('',#7783,.T.);
#7783 = EDGE_LOOP('',(#7784,#7805,#7806));
#7784 = ORIENTED_EDGE('',*,*,#7785,.T.);
#7785 = EDGE_CURVE('',#5751,#3512,#7786,.T.);
#7786 = SURFACE_CURVE('',#7787,(#7791,#7798),.PCURVE_S1.);
#7787 = LINE('',#7788,#7789);
#7788 = CARTESIAN_POINT('',(32.275481552945,6.285262353371,
    2.144030093643));
#7789 = VECTOR('',#7790,1.);
#7790 = DIRECTION('',(0.556586338739,-0.830333467415,2.753144418796E-02)
  );
#7791 = PCURVE('',#5619,#7792);
#7792 = DEFINITIONAL_REPRESENTATION('',(#7793),#7797);
#7793 = LINE('',#7794,#7795);
#7794 = CARTESIAN_POINT('',(0.,0.));
#7795 = VECTOR('',#7796,1.);
#7796 = DIRECTION('',(0.557181768781,-0.830390556628));
#7797 = ( GEOMETRIC_REPRESENTATION_CONTEXT(2) 
PARAMETRIC_REPRESENTATION_CONTEXT() REPRESENTATION_CONTEXT('2D SPACE',''
  ) );
#7798 = PCURVE('',#7664,#7799);
#7799 = DEFINITIONAL_REPRESENTATION('',(#7800),#7804);
#7800 = LINE('',#7801,#7802);
#7801 = CARTESIAN_POINT('',(0.,0.));
#7802 = VECTOR('',#7803,1.);
#7803 = DIRECTION('',(0.557079762611,-0.830458992419));
#7804 = ( GEOMETRIC_REPRESENTATION_CONTEXT(2) 
PARAMETRIC_REPRESENTATION_CONTEXT() REPRESENTATION_CONTEXT('2D SPACE',''
  ) );
#7805 = ORIENTED_EDGE('',*,*,#5605,.F.);
#7806 = ORIENTED_EDGE('',*,*,#7807,.F.);
#7807 = EDGE_CURVE('',#5751,#5583,#7808,.T.);
#7808 = SURFACE_CURVE('',#7809,(#7813,#7820),.PCURVE_S1.);
#7809 = LINE('',#7810,#7811);
#7810 = CARTESIAN_POINT('',(32.275481552945,6.285262353371,
    2.144030093643));
#7811 = VECTOR('',#7812,1.);
#7812 = DIRECTION('',(0.607397865709,-0.793878170119,2.872775208969E-02)
  );
#7813 = PCURVE('',#5619,#7814);
#7814 = DEFINITIONAL_REPRESENTATION('',(#7815),#7819);
#7815 = LINE('',#7816,#7817);
#7816 = CARTESIAN_POINT('',(0.,0.));
#7817 = VECTOR('',#7818,1.);
#7818 = DIRECTION('',(0.608005578864,-0.793932752864));
#7819 = ( GEOMETRIC_REPRESENTATION_CONTEXT(2) 
PARAMETRIC_REPRESENTATION_CONTEXT() REPRESENTATION_CONTEXT('2D SPACE',''
  ) );
#7820 = PCURVE('',#5703,#7821);
#7821 = DEFINITIONAL_REPRESENTATION('',(#7822),#7826);
#7822 = LINE('',#7823,#7824);
#7823 = CARTESIAN_POINT('',(0.,0.));
#7824 = VECTOR('',#7825,1.);
#7825 = DIRECTION('',(0.586647342677,-0.809842512672));
#7826 = ( GEOMETRIC_REPRESENTATION_CONTEXT(2) 
PARAMETRIC_REPRESENTATION_CONTEXT() REPRESENTATION_CONTEXT('2D SPACE',''
  ) );
#7827 = ADVANCED_FACE('',(#7828),#5703,.T.);
#7828 = FACE_BOUND('',#7829,.T.);
#7829 = EDGE_LOOP('',(#7830,#7831,#7832));
#7830 = ORIENTED_EDGE('',*,*,#7807,.T.);
#7831 = ORIENTED_EDGE('',*,*,#5689,.F.);
#7832 = ORIENTED_EDGE('',*,*,#5773,.F.);
#7833 = ADVANCED_FACE('',(#7834),#7664,.T.);
#7834 = FACE_BOUND('',#7835,.T.);
#7835 = EDGE_LOOP('',(#7836,#7857,#7858));
#7836 = ORIENTED_EDGE('',*,*,#7837,.F.);
#7837 = EDGE_CURVE('',#5468,#5751,#7838,.T.);
#7838 = SURFACE_CURVE('',#7839,(#7843,#7850),.PCURVE_S1.);
#7839 = LINE('',#7840,#7841);
#7840 = CARTESIAN_POINT('',(26.383439510245,-8.556893908131,
    2.263629278077));
#7841 = VECTOR('',#7842,1.);
#7842 = DIRECTION('',(0.368959468743,0.929415311289,-7.489296788944E-03)
  );
#7843 = PCURVE('',#7664,#7844);
#7844 = DEFINITIONAL_REPRESENTATION('',(#7845),#7849);
#7845 = LINE('',#7846,#7847);
#7846 = CARTESIAN_POINT('',(-5.887601731726,-14.8444000127));
#7847 = VECTOR('',#7848,1.);
#7848 = DIRECTION('',(0.368681416623,0.929555814912));
#7849 = ( GEOMETRIC_REPRESENTATION_CONTEXT(2) 
PARAMETRIC_REPRESENTATION_CONTEXT() REPRESENTATION_CONTEXT('2D SPACE',''
  ) );
#7850 = PCURVE('',#7629,#7851);
#7851 = DEFINITIONAL_REPRESENTATION('',(#7852),#7856);
#7852 = LINE('',#7853,#7854);
#7853 = CARTESIAN_POINT('',(-5.893221819475,-14.84216973609));
#7854 = VECTOR('',#7855,1.);
#7855 = DIRECTION('',(0.369033346324,0.929416155068));
#7856 = ( GEOMETRIC_REPRESENTATION_CONTEXT(2) 
PARAMETRIC_REPRESENTATION_CONTEXT() REPRESENTATION_CONTEXT('2D SPACE',''
  ) );
#7857 = ORIENTED_EDGE('',*,*,#7650,.T.);
#7858 = ORIENTED_EDGE('',*,*,#7785,.F.);
#7859 = ADVANCED_FACE('',(#7860),#5866,.T.);
#7860 = FACE_BOUND('',#7861,.T.);
#7861 = EDGE_LOOP('',(#7862,#7863,#7864));
#7862 = ORIENTED_EDGE('',*,*,#5852,.F.);
#7863 = ORIENTED_EDGE('',*,*,#5909,.F.);
#7864 = ORIENTED_EDGE('',*,*,#7865,.T.);
#7865 = EDGE_CURVE('',#4937,#5751,#7866,.T.);
#7866 = SURFACE_CURVE('',#7867,(#7871,#7878),.PCURVE_S1.);
#7867 = LINE('',#7868,#7869);
#7868 = CARTESIAN_POINT('',(30.179427100795,7.728896024594,
    2.219169906666));
#7869 = VECTOR('',#7870,1.);
#7870 = DIRECTION('',(0.823206722488,-0.566974270035,-2.951049250807E-02
    ));
#7871 = PCURVE('',#5866,#7872);
#7872 = DEFINITIONAL_REPRESENTATION('',(#7873),#7877);
#7873 = LINE('',#7874,#7875);
#7874 = CARTESIAN_POINT('',(1.422057413299,2.112089285009));
#7875 = VECTOR('',#7876,1.);
#7876 = DIRECTION('',(-0.558500386854,-0.829504260317));
#7877 = ( GEOMETRIC_REPRESENTATION_CONTEXT(2) 
PARAMETRIC_REPRESENTATION_CONTEXT() REPRESENTATION_CONTEXT('2D SPACE',''
  ) );
#7878 = PCURVE('',#5036,#7879);
#7879 = DEFINITIONAL_REPRESENTATION('',(#7880),#7884);
#7880 = LINE('',#7881,#7882);
#7881 = CARTESIAN_POINT('',(1.437497827491,2.101610913211));
#7882 = VECTOR('',#7883,1.);
#7883 = DIRECTION('',(-0.564564472044,-0.825388973095));
#7884 = ( GEOMETRIC_REPRESENTATION_CONTEXT(2) 
PARAMETRIC_REPRESENTATION_CONTEXT() REPRESENTATION_CONTEXT('2D SPACE',''
  ) );
#7885 = ADVANCED_FACE('',(#7886),#5036,.T.);
#7886 = FACE_BOUND('',#7887,.T.);
#7887 = EDGE_LOOP('',(#7888,#7889,#7890));
#7888 = ORIENTED_EDGE('',*,*,#7865,.F.);
#7889 = ORIENTED_EDGE('',*,*,#5022,.F.);
#7890 = ORIENTED_EDGE('',*,*,#7891,.T.);
#7891 = EDGE_CURVE('',#4995,#5751,#7892,.T.);
#7892 = SURFACE_CURVE('',#7893,(#7897,#7904),.PCURVE_S1.);
#7893 = LINE('',#7894,#7895);
#7894 = CARTESIAN_POINT('',(28.932739899516,8.173694138776,
    2.197989459754));
#7895 = VECTOR('',#7896,1.);
#7896 = DIRECTION('',(0.870582158792,-0.49182233954,-1.405315346088E-02)
  );
#7897 = PCURVE('',#5036,#7898);
#7898 = DEFINITIONAL_REPRESENTATION('',(#7899),#7903);
#7899 = LINE('',#7900,#7901);
#7900 = CARTESIAN_POINT('',(1.873436808833,3.351602975622));
#7901 = VECTOR('',#7902,1.);
#7902 = DIRECTION('',(-0.48791705447,-0.872889997627));
#7903 = ( GEOMETRIC_REPRESENTATION_CONTEXT(2) 
PARAMETRIC_REPRESENTATION_CONTEXT() REPRESENTATION_CONTEXT('2D SPACE',''
  ) );
#7904 = PCURVE('',#7629,#7905);
#7905 = DEFINITIONAL_REPRESENTATION('',(#7906),#7910);
#7906 = LINE('',#7907,#7908);
#7907 = CARTESIAN_POINT('',(-3.343176169391,1.888433499836));
#7908 = VECTOR('',#7909,1.);
#7909 = DIRECTION('',(0.870695323937,-0.491822786046));
#7910 = ( GEOMETRIC_REPRESENTATION_CONTEXT(2) 
PARAMETRIC_REPRESENTATION_CONTEXT() REPRESENTATION_CONTEXT('2D SPACE',''
  ) );
#7911 = ADVANCED_FACE('',(#7912),#7629,.T.);
#7912 = FACE_BOUND('',#7913,.T.);
#7913 = EDGE_LOOP('',(#7914,#7915,#7916));
#7914 = ORIENTED_EDGE('',*,*,#7891,.F.);
#7915 = ORIENTED_EDGE('',*,*,#7615,.F.);
#7916 = ORIENTED_EDGE('',*,*,#7837,.T.);
#7917 = ( GEOMETRIC_REPRESENTATION_CONTEXT(3) 
GLOBAL_UNCERTAINTY_ASSIGNED_CONTEXT((#7921)) 
GLOBAL_UNIT_ASSIGNED_CONTEXT((#7918,#7919,#7920)) REPRESENTATION_CONTEXT
('Context #1','3D Context with UNIT and UNCERTAINTY') );
#7918 = ( LENGTH_UNIT() NAMED_UNIT(*) SI_UNIT(.MILLI.,.METRE.) );
#7919 = ( NAMED_UNIT(*) PLANE_ANGLE_UNIT() SI_UNIT($,.RADIAN.) );
#7920 = ( NAMED_UNIT(*) SI_UNIT($,.STERADIAN.) SOLID_ANGLE_UNIT() );
#7921 = UNCERTAINTY_MEASURE_WITH_UNIT(LENGTH_MEASURE(1.E-07),#7918,
  'distance_accuracy_value','confusion accuracy');
#7922 = PRODUCT_TYPE('part',$,(#7));
ENDSEC;
END-ISO-10303-21;
