ISO-10303-21;
HEADER;
FILE_DESCRIPTION(('Open CASCADE Model'),'2;1');
FILE_NAME('Open CASCADE Shape Model','2026-10-04T20:34:01',('Author'),(
    'Open CASCADE'),'Open CASCADE STEP processor 7.8','Open CASCADE 7.8'
  ,'Unknown');
FILE_SCHEMA(('AUTOMOTIVE_DESIGN_CC2 { 1 2 10303 214 -1 1 5 4 }'));
ENDSEC;
DATA;
#1 = APPLICATION_PROTOCOL_DEFINITION('committee draft',
  'automotive_design',1997,#2);
#2 = APPLICATION_CONTEXT(
  'core data for automotive mechanical design processes');
#3 = SHAPE_DEFINITION_REPRESENTATION(#4,#10);
#4 = PRODUCT_DEFINITION_SHAPE('','',#5);
#5 = PRODUCT_DEFINITION('design','',#6,#9);
#6 = PRODUCT_DEFINITION_FORMATION('','',#7);
#7 = PRODUCT('Open CASCADE STEP translator 7.8 102',
  'Open CASCADE STEP translator 7.8 102','',(#8));
#8 = MECHANICAL_CONTEXT('',#2,'mechanical');
#9 = PRODUCT_DEFINITION_CONTEXT('part definition',#2,'design');
#10 = ADVANCED_BREP_SHAPE_REPRESENTATION('',(#11,#15),#9425);
#11 = AXIS2_PLACEMENT_3D('',#12,#13,#14);
#12 = CARTESIAN_POINT('',(0.,0.,0.));
#13 = DIRECTION('',(0.,0.,1.));
#14 = DIRECTION('',(1.,0.,-0.));
#15 = MANIFOLD_SOLID_BREP('',#16);
#16 = CLOSED_SHELL('',(#17,#109,#167,#225,#283,#341,#399,#457,#510,#568,
    #626,#684,#742,#800,#858,#916,#974,#1032,#1090,#1148,#1206,#1264,
    #1322,#1380,#1438,#1496,#1549,#1602,#1660,#1718,#1776,#1834,#1892,
    #1950,#2008,#2061,#2092,#2150,#2208,#2266,#2319,#2377,#2430,#2488,
    #2546,#2604,#2662,#2720,#2771,#2824,#2882,#2940,#2998,#3049,#3107,
    #3160,#3218,#3276,#3327,#3380,#3386,#3437,#3463,#3489,#3542,#3573,
    #3579,#3610,#3668,#3726,#3784,#3842,#3900,#3958,#4016,#4074,#4132,
    #4183,#4241,#4299,#4357,#4415,#4473,#4524,#4530,#4556,#4562,#4620,
    #4678,#4729,#4735,#4741,#4767,#4798,#4851,#4882,#4940,#4993,#5019,
    #5050,#5103,#5134,#5192,#5245,#5271,#5302,#5360,#5413,#5439,#5470,
    #5528,#5581,#5607,#5638,#5696,#5749,#5775,#5806,#5832,#5883,#5889,
    #5942,#6000,#6048,#6079,#6110,#6163,#6194,#6247,#6278,#6336,#6389,
    #6420,#6473,#6504,#6552,#6583,#6614,#6667,#6698,#6756,#6809,#6840,
    #6893,#6919,#6950,#7008,#7061,#7092,#7145,#7176,#7229,#7260,#7313,
    #7339,#7370,#7428,#7481,#7507,#7538,#7596,#7649,#7680,#7733,#7764,
    #7817,#7843,#7874,#7932,#7985,#8016,#8042,#8073,#8119,#8145,#8191,
    #8217,#8223,#8269,#8275,#8301,#8347,#8353,#8399,#8405,#8451,#8457,
    #8503,#8509,#8555,#8561,#8607,#8613,#8659,#8665,#8711,#8717,#8743,
    #8769,#8795,#8821,#8847,#8873,#8899,#8945,#8951,#8977,#9003,#9029,
    #9055,#9081,#9107,#9133,#9179,#9185,#9231,#9257,#9263,#9289,#9315,
    #9341,#9367,#9413,#9419));
#17 = ADVANCED_FACE('',(#18),#32,.T.);
#18 = FACE_BOUND('',#19,.T.);
#19 = EDGE_LOOP('',(#20,#55,#83));
#20 = ORIENTED_EDGE('',*,*,#21,.T.);
#21 = EDGE_CURVE('',#22,#24,#26,.T.);
#22 = VERTEX_POINT('',#23);
#23 = CARTESIAN_POINT('',(11.663769042018,-13.66692457619,
    17.186090313962));
#24 = VERTEX_POINT('',#25);
#25 = CARTESIAN_POINT('',(12.063162619535,-12.38015131907,
    11.722873196586));
#26 = SURFACE_CURVE('',#27,(#31,#43),.PCURVE_S1.);
#27 = LINE('',#28,#29);
#28 = CARTESIAN_POINT('',(11.663769042018,-13.66692457619,
    17.186090313962));
#29 = VECTOR('',#30,1.);
#30 = DIRECTION('',(7.097928449268E-02,0.228682307969,-0.970910059272));
#31 = PCURVE('',#32,#37);
#32 = PLANE('',#33);
#33 = AXIS2_PLACEMENT_3D('',#34,#35,#36);
#34 = CARTESIAN_POINT('',(11.663769042018,-13.66692457619,
    17.186090313962));
#35 = DIRECTION('',(-0.954797122855,0.297258151768,2.130615405211E-04));
#36 = DIRECTION('',(-0.297258158515,-0.954797144527,-1.238422014206E-21)
  );
#37 = DEFINITIONAL_REPRESENTATION('',(#38),#42);
#38 = LINE('',#39,#40);
#39 = CARTESIAN_POINT('',(-0.,0.));
#40 = VECTOR('',#41,1.);
#41 = DIRECTION('',(-0.239444386054,-0.970910081309));
#42 = ( GEOMETRIC_REPRESENTATION_CONTEXT(2) 
PARAMETRIC_REPRESENTATION_CONTEXT() REPRESENTATION_CONTEXT('2D SPACE',''
  ) );
#43 = PCURVE('',#44,#49);
#44 = PLANE('',#45);
#45 = AXIS2_PLACEMENT_3D('',#46,#47,#48);
#46 = CARTESIAN_POINT('',(12.146436293088,-12.38873491953,17.18052398233
    ));
#47 = DIRECTION('',(-0.935397345938,0.353287324185,1.482807413767E-02));
#48 = DIRECTION('',(-0.353326169548,-0.93550019664,2.862088888748E-19));
#49 = DEFINITIONAL_REPRESENTATION('',(#50),#54);
#50 = LINE('',#51,#52);
#51 = CARTESIAN_POINT('',(1.366285646128,5.566943672794E-03));
#52 = VECTOR('',#53,1.);
#53 = DIRECTION('',(-0.23901118278,-0.971016814739));
#54 = ( GEOMETRIC_REPRESENTATION_CONTEXT(2) 
PARAMETRIC_REPRESENTATION_CONTEXT() REPRESENTATION_CONTEXT('2D SPACE',''
  ) );
#55 = ORIENTED_EDGE('',*,*,#56,.F.);
#56 = EDGE_CURVE('',#57,#24,#59,.T.);
#57 = VERTEX_POINT('',#58);
#58 = CARTESIAN_POINT('',(11.672311695855,-13.63555781743,11.7063428758)
  );
#59 = SURFACE_CURVE('',#60,(#64,#71),.PCURVE_S1.);
#60 = LINE('',#61,#62);
#61 = CARTESIAN_POINT('',(11.672311695855,-13.63555781743,11.7063428758)
  );
#62 = VECTOR('',#63,1.);
#63 = DIRECTION('',(0.297237226692,0.954720900824,1.257110168863E-02));
#64 = PCURVE('',#32,#65);
#65 = DEFINITIONAL_REPRESENTATION('',(#66),#70);
#66 = LINE('',#67,#68);
#67 = CARTESIAN_POINT('',(-3.248826524396E-02,-5.479747562539));
#68 = VECTOR('',#69,1.);
#69 = DIRECTION('',(-0.999920980576,1.257110197396E-02));
#70 = ( GEOMETRIC_REPRESENTATION_CONTEXT(2) 
PARAMETRIC_REPRESENTATION_CONTEXT() REPRESENTATION_CONTEXT('2D SPACE',''
  ) );
#71 = PCURVE('',#72,#77);
#72 = PLANE('',#73);
#73 = AXIS2_PLACEMENT_3D('',#74,#75,#76);
#74 = CARTESIAN_POINT('',(12.063162619535,-12.38015131907,
    11.722873196586));
#75 = DIRECTION('',(1.025273650217E-02,-1.635687875811E-02,
    0.999813649593));
#76 = DIRECTION('',(-4.086201589142E-22,0.999866203244,
    1.635773853204E-02));
#77 = DEFINITIONAL_REPRESENTATION('',(#78),#82);
#78 = LINE('',#79,#80);
#79 = CARTESIAN_POINT('',(-1.255508927709,0.390871468152));
#80 = VECTOR('',#81,1.);
#81 = DIRECTION('',(0.95479879706,-0.297252850505));
#82 = ( GEOMETRIC_REPRESENTATION_CONTEXT(2) 
PARAMETRIC_REPRESENTATION_CONTEXT() REPRESENTATION_CONTEXT('2D SPACE',''
  ) );
#83 = ORIENTED_EDGE('',*,*,#84,.F.);
#84 = EDGE_CURVE('',#22,#57,#85,.T.);
#85 = SURFACE_CURVE('',#86,(#90,#97),.PCURVE_S1.);
#86 = LINE('',#87,#88);
#87 = CARTESIAN_POINT('',(11.663769042018,-13.66692457619,
    17.186090313962));
#88 = VECTOR('',#89,1.);
#89 = DIRECTION('',(1.558922852477E-03,5.724024170072E-03,
    -0.999982402499));
#90 = PCURVE('',#32,#91);
#91 = DEFINITIONAL_REPRESENTATION('',(#92),#96);
#92 = LINE('',#93,#94);
#93 = CARTESIAN_POINT('',(-0.,0.));
#94 = VECTOR('',#95,1.);
#95 = DIRECTION('',(-5.928684469181E-03,-0.999982425196));
#96 = ( GEOMETRIC_REPRESENTATION_CONTEXT(2) 
PARAMETRIC_REPRESENTATION_CONTEXT() REPRESENTATION_CONTEXT('2D SPACE',''
  ) );
#97 = PCURVE('',#98,#103);
#98 = PLANE('',#99);
#99 = AXIS2_PLACEMENT_3D('',#100,#101,#102);
#100 = CARTESIAN_POINT('',(11.663769042018,-13.66692457619,
    17.186090313962));
#101 = DIRECTION('',(-0.824259435772,0.566208933457,1.956071171588E-03)
  );
#102 = DIRECTION('',(-0.566210016678,-0.824261012673,2.015614610054E-20)
  );
#103 = DEFINITIONAL_REPRESENTATION('',(#104),#108);
#104 = LINE('',#105,#106);
#105 = CARTESIAN_POINT('',(0.,0.));
#106 = VECTOR('',#107,1.);
#107 = DIRECTION('',(-5.600767693291E-03,-0.999984315578));
#108 = ( GEOMETRIC_REPRESENTATION_CONTEXT(2) 
PARAMETRIC_REPRESENTATION_CONTEXT() REPRESENTATION_CONTEXT('2D SPACE',''
  ) );
#109 = ADVANCED_FACE('',(#110),#98,.T.);
#110 = FACE_BOUND('',#111,.T.);
#111 = EDGE_LOOP('',(#112,#113,#141));
#112 = ORIENTED_EDGE('',*,*,#84,.T.);
#113 = ORIENTED_EDGE('',*,*,#114,.F.);
#114 = EDGE_CURVE('',#115,#57,#117,.T.);
#115 = VERTEX_POINT('',#116);
#116 = CARTESIAN_POINT('',(10.938189745289,-14.72318137088,
    17.18427619429));
#117 = SURFACE_CURVE('',#118,(#122,#129),.PCURVE_S1.);
#118 = LINE('',#119,#120);
#119 = CARTESIAN_POINT('',(10.938189745289,-14.72318137088,
    17.18427619429));
#120 = VECTOR('',#121,1.);
#121 = DIRECTION('',(0.130327426341,0.193083967099,-0.972488222856));
#122 = PCURVE('',#98,#123);
#123 = DEFINITIONAL_REPRESENTATION('',(#124),#128);
#124 = LINE('',#125,#126);
#125 = CARTESIAN_POINT('',(1.281461560944,-1.814123142958E-03));
#126 = VECTOR('',#127,1.);
#127 = DIRECTION('',(-0.232944280494,-0.972490083335));
#128 = ( GEOMETRIC_REPRESENTATION_CONTEXT(2) 
PARAMETRIC_REPRESENTATION_CONTEXT() REPRESENTATION_CONTEXT('2D SPACE',''
  ) );
#129 = PCURVE('',#130,#135);
#130 = PLANE('',#131);
#131 = AXIS2_PLACEMENT_3D('',#132,#133,#134);
#132 = CARTESIAN_POINT('',(10.938189745289,-14.72318137088,
    17.18427619429));
#133 = DIRECTION('',(-0.816026168943,0.57798974728,5.398484834012E-03));
#134 = DIRECTION('',(-0.577998169827,-0.816038060189,2.663562209032E-19)
  );
#135 = DEFINITIONAL_REPRESENTATION('',(#136),#140);
#136 = LINE('',#137,#138);
#137 = CARTESIAN_POINT('',(0.,0.));
#138 = VECTOR('',#139,1.);
#139 = DIRECTION('',(-0.232892879868,-0.972502394088));
#140 = ( GEOMETRIC_REPRESENTATION_CONTEXT(2) 
PARAMETRIC_REPRESENTATION_CONTEXT() REPRESENTATION_CONTEXT('2D SPACE',''
  ) );
#141 = ORIENTED_EDGE('',*,*,#142,.T.);
#142 = EDGE_CURVE('',#115,#22,#143,.T.);
#143 = SURFACE_CURVE('',#144,(#148,#155),.PCURVE_S1.);
#144 = LINE('',#145,#146);
#145 = CARTESIAN_POINT('',(10.938189745289,-14.72318137088,
    17.18427619429));
#146 = VECTOR('',#147,1.);
#147 = DIRECTION('',(0.566211731801,0.824258618802,1.415663106709E-03));
#148 = PCURVE('',#98,#149);
#149 = DEFINITIONAL_REPRESENTATION('',(#150),#154);
#150 = LINE('',#151,#152);
#151 = CARTESIAN_POINT('',(1.281461560944,-1.814123142958E-03));
#152 = VECTOR('',#153,1.);
#153 = DIRECTION('',(-0.999998997945,1.415665815032E-03));
#154 = ( GEOMETRIC_REPRESENTATION_CONTEXT(2) 
PARAMETRIC_REPRESENTATION_CONTEXT() REPRESENTATION_CONTEXT('2D SPACE',''
  ) );
#155 = PCURVE('',#156,#161);
#156 = PLANE('',#157);
#157 = AXIS2_PLACEMENT_3D('',#158,#159,#160);
#158 = CARTESIAN_POINT('',(23.381524911668,-23.26430318537,
    17.20760892061));
#159 = DIRECTION('',(-2.075418617606E-03,-2.918181531467E-04,
    0.999997803737));
#160 = DIRECTION('',(0.999997846316,-5.885527162248E-23,
    2.075418705975E-03));
#161 = DEFINITIONAL_REPRESENTATION('',(#162),#166);
#162 = LINE('',#163,#164);
#163 = CARTESIAN_POINT('',(-12.44335679254,8.54112217816));
#164 = VECTOR('',#165,1.);
#165 = DIRECTION('',(0.566213450454,0.824258653898));
#166 = ( GEOMETRIC_REPRESENTATION_CONTEXT(2) 
PARAMETRIC_REPRESENTATION_CONTEXT() REPRESENTATION_CONTEXT('2D SPACE',''
  ) );
#167 = ADVANCED_FACE('',(#168),#156,.T.);
#168 = FACE_BOUND('',#169,.T.);
#169 = EDGE_LOOP('',(#170,#198,#199));
#170 = ORIENTED_EDGE('',*,*,#171,.F.);
#171 = EDGE_CURVE('',#22,#172,#174,.T.);
#172 = VERTEX_POINT('',#173);
#173 = CARTESIAN_POINT('',(23.381524911668,-23.26430318537,
    17.20760892061));
#174 = SURFACE_CURVE('',#175,(#179,#186),.PCURVE_S1.);
#175 = LINE('',#176,#177);
#176 = CARTESIAN_POINT('',(11.663769042018,-13.66692457619,
    17.186090313962));
#177 = VECTOR('',#178,1.);
#178 = DIRECTION('',(0.773628835706,-0.633637440637,1.420699901279E-03)
  );
#179 = PCURVE('',#156,#180);
#180 = DEFINITIONAL_REPRESENTATION('',(#181),#185);
#181 = LINE('',#182,#183);
#182 = CARTESIAN_POINT('',(-11.71777529342,9.597379017834));
#183 = VECTOR('',#184,1.);
#184 = DIRECTION('',(0.773630118101,-0.633637467616));
#185 = ( GEOMETRIC_REPRESENTATION_CONTEXT(2) 
PARAMETRIC_REPRESENTATION_CONTEXT() REPRESENTATION_CONTEXT('2D SPACE',''
  ) );
#186 = PCURVE('',#187,#192);
#187 = PLANE('',#188);
#188 = AXIS2_PLACEMENT_3D('',#189,#190,#191);
#189 = CARTESIAN_POINT('',(23.381524911668,-23.26430318537,
    17.20760892061));
#190 = DIRECTION('',(1.32163735015E-03,3.855745742861E-03,0.999991693215
    ));
#191 = DIRECTION('',(-5.408218618977E-23,0.999992566572,
    -3.855749110329E-03));
#192 = DEFINITIONAL_REPRESENTATION('',(#193),#197);
#193 = LINE('',#194,#195);
#194 = CARTESIAN_POINT('',(9.597390238111,11.717766103514));
#195 = VECTOR('',#196,1.);
#196 = DIRECTION('',(-0.633638208401,-0.773629511365));
#197 = ( GEOMETRIC_REPRESENTATION_CONTEXT(2) 
PARAMETRIC_REPRESENTATION_CONTEXT() REPRESENTATION_CONTEXT('2D SPACE',''
  ) );
#198 = ORIENTED_EDGE('',*,*,#142,.F.);
#199 = ORIENTED_EDGE('',*,*,#200,.T.);
#200 = EDGE_CURVE('',#115,#172,#201,.T.);
#201 = SURFACE_CURVE('',#202,(#206,#213),.PCURVE_S1.);
#202 = LINE('',#203,#204);
#203 = CARTESIAN_POINT('',(10.938189745289,-14.72318137088,
    17.18427619429));
#204 = VECTOR('',#205,1.);
#205 = DIRECTION('',(0.824463582799,-0.56591290021,1.545966807247E-03));
#206 = PCURVE('',#156,#207);
#207 = DEFINITIONAL_REPRESENTATION('',(#208),#212);
#208 = LINE('',#209,#210);
#209 = CARTESIAN_POINT('',(-12.44335679254,8.54112217816));
#210 = VECTOR('',#211,1.);
#211 = DIRECTION('',(0.824465015694,-0.565912924306));
#212 = ( GEOMETRIC_REPRESENTATION_CONTEXT(2) 
PARAMETRIC_REPRESENTATION_CONTEXT() REPRESENTATION_CONTEXT('2D SPACE',''
  ) );
#213 = PCURVE('',#214,#219);
#214 = PLANE('',#215);
#215 = AXIS2_PLACEMENT_3D('',#216,#217,#218);
#216 = CARTESIAN_POINT('',(23.381524911668,-23.26430318537,
    17.20760892061));
#217 = DIRECTION('',(7.840650449532E-03,1.415428976759E-02,
    0.999869081571));
#218 = DIRECTION('',(1.44923261002E-20,0.999899816864,
    -1.415472486079E-02));
#219 = DEFINITIONAL_REPRESENTATION('',(#220),#224);
#220 = LINE('',#221,#222);
#221 = CARTESIAN_POINT('',(8.540596406439,12.443717666004));
#222 = VECTOR('',#223,1.);
#223 = DIRECTION('',(-0.565878088016,-0.824488926247));
#224 = ( GEOMETRIC_REPRESENTATION_CONTEXT(2) 
PARAMETRIC_REPRESENTATION_CONTEXT() REPRESENTATION_CONTEXT('2D SPACE',''
  ) );
#225 = ADVANCED_FACE('',(#226),#214,.T.);
#226 = FACE_BOUND('',#227,.T.);
#227 = EDGE_LOOP('',(#228,#229,#257));
#228 = ORIENTED_EDGE('',*,*,#200,.F.);
#229 = ORIENTED_EDGE('',*,*,#230,.F.);
#230 = EDGE_CURVE('',#231,#115,#233,.T.);
#231 = VERTEX_POINT('',#232);
#232 = CARTESIAN_POINT('',(9.900986378004,-15.58619637922,
    17.204626572079));
#233 = SURFACE_CURVE('',#234,(#238,#245),.PCURVE_S1.);
#234 = LINE('',#235,#236);
#235 = CARTESIAN_POINT('',(9.900986378004,-15.58619637922,
    17.204626572079));
#236 = VECTOR('',#237,1.);
#237 = DIRECTION('',(0.768615186168,0.639533636527,-1.508056173592E-02)
  );
#238 = PCURVE('',#214,#239);
#239 = DEFINITIONAL_REPRESENTATION('',(#240),#244);
#240 = LINE('',#241,#242);
#241 = CARTESIAN_POINT('',(7.677379803655,13.480952916212));
#242 = VECTOR('',#243,1.);
#243 = DIRECTION('',(0.639683027244,-0.768638812874));
#244 = ( GEOMETRIC_REPRESENTATION_CONTEXT(2) 
PARAMETRIC_REPRESENTATION_CONTEXT() REPRESENTATION_CONTEXT('2D SPACE',''
  ) );
#245 = PCURVE('',#246,#251);
#246 = PLANE('',#247);
#247 = AXIS2_PLACEMENT_3D('',#248,#249,#250);
#248 = CARTESIAN_POINT('',(10.938189745289,-14.72318137088,
    17.18427619429));
#249 = DIRECTION('',(-0.639547738735,0.768738219681,4.498831040971E-03)
  );
#250 = DIRECTION('',(0.768745999231,0.63955421089,2.334524825582E-19));
#251 = DEFINITIONAL_REPRESENTATION('',(#252),#256);
#252 = LINE('',#253,#254);
#253 = CARTESIAN_POINT('',(-1.349290821631,-2.035058373288E-02));
#254 = VECTOR('',#255,1.);
#255 = DIRECTION('',(0.999886279561,1.508071434961E-02));
#256 = ( GEOMETRIC_REPRESENTATION_CONTEXT(2) 
PARAMETRIC_REPRESENTATION_CONTEXT() REPRESENTATION_CONTEXT('2D SPACE',''
  ) );
#257 = ORIENTED_EDGE('',*,*,#258,.T.);
#258 = EDGE_CURVE('',#231,#172,#259,.T.);
#259 = SURFACE_CURVE('',#260,(#264,#271),.PCURVE_S1.);
#260 = LINE('',#261,#262);
#261 = CARTESIAN_POINT('',(9.900986378004,-15.58619637922,
    17.204626572079));
#262 = VECTOR('',#263,1.);
#263 = DIRECTION('',(0.868938055382,-0.494920820893,1.922383239201E-04)
  );
#264 = PCURVE('',#214,#265);
#265 = DEFINITIONAL_REPRESENTATION('',(#266),#270);
#266 = LINE('',#267,#268);
#267 = CARTESIAN_POINT('',(7.677379803655,13.480952916212));
#268 = VECTOR('',#269,1.);
#269 = DIRECTION('',(-0.494873959253,-0.868964765945));
#270 = ( GEOMETRIC_REPRESENTATION_CONTEXT(2) 
PARAMETRIC_REPRESENTATION_CONTEXT() REPRESENTATION_CONTEXT('2D SPACE',''
  ) );
#271 = PCURVE('',#272,#277);
#272 = PLANE('',#273);
#273 = AXIS2_PLACEMENT_3D('',#274,#275,#276);
#274 = CARTESIAN_POINT('',(23.381524911668,-23.26430318537,
    17.20760892061));
#275 = DIRECTION('',(1.952751802743E-02,3.467279789642E-02,0.99920792287
    ));
#276 = DIRECTION('',(6.328733685779E-21,0.999398488333,
    -3.467941057196E-02));
#277 = DEFINITIONAL_REPRESENTATION('',(#278),#282);
#278 = LINE('',#279,#280);
#279 = CARTESIAN_POINT('',(7.673591761418,13.483109495135));
#280 = VECTOR('',#281,1.);
#281 = DIRECTION('',(-0.494629786956,-0.869103776229));
#282 = ( GEOMETRIC_REPRESENTATION_CONTEXT(2) 
PARAMETRIC_REPRESENTATION_CONTEXT() REPRESENTATION_CONTEXT('2D SPACE',''
  ) );
#283 = ADVANCED_FACE('',(#284),#272,.T.);
#284 = FACE_BOUND('',#285,.T.);
#285 = EDGE_LOOP('',(#286,#287,#315));
#286 = ORIENTED_EDGE('',*,*,#258,.F.);
#287 = ORIENTED_EDGE('',*,*,#288,.F.);
#288 = EDGE_CURVE('',#289,#231,#291,.T.);
#289 = VERTEX_POINT('',#290);
#290 = CARTESIAN_POINT('',(8.716831480482,-16.19156843251,
    17.248775090075));
#291 = SURFACE_CURVE('',#292,(#296,#303),.PCURVE_S1.);
#292 = LINE('',#293,#294);
#293 = CARTESIAN_POINT('',(8.716831480482,-16.19156843251,
    17.248775090075));
#294 = VECTOR('',#295,1.);
#295 = DIRECTION('',(0.889902634795,0.454942327542,-3.317799265021E-02)
  );
#296 = PCURVE('',#272,#297);
#297 = DEFINITIONAL_REPRESENTATION('',(#298),#302);
#298 = LINE('',#299,#300);
#299 = CARTESIAN_POINT('',(7.067052801905,14.667490230565));
#300 = VECTOR('',#301,1.);
#301 = DIRECTION('',(0.455819267653,-0.890072353933));
#302 = ( GEOMETRIC_REPRESENTATION_CONTEXT(2) 
PARAMETRIC_REPRESENTATION_CONTEXT() REPRESENTATION_CONTEXT('2D SPACE',''
  ) );
#303 = PCURVE('',#304,#309);
#304 = PLANE('',#305);
#305 = AXIS2_PLACEMENT_3D('',#306,#307,#308);
#306 = CARTESIAN_POINT('',(9.900986378004,-15.58619637922,
    17.204626572079));
#307 = DIRECTION('',(-0.455289307047,0.89033726448,-3.346993793496E-03)
  );
#308 = DIRECTION('',(0.890342251464,0.455291857228,-9.461694489967E-20)
  );
#309 = DEFINITIONAL_REPRESENTATION('',(#310),#314);
#310 = LINE('',#311,#312);
#311 = CARTESIAN_POINT('',(-1.329924103996,-4.41487652818E-02));
#312 = VECTOR('',#313,1.);
#313 = DIRECTION('',(0.999449452685,3.31781784878E-02));
#314 = ( GEOMETRIC_REPRESENTATION_CONTEXT(2) 
PARAMETRIC_REPRESENTATION_CONTEXT() REPRESENTATION_CONTEXT('2D SPACE',''
  ) );
#315 = ORIENTED_EDGE('',*,*,#316,.T.);
#316 = EDGE_CURVE('',#289,#172,#317,.T.);
#317 = SURFACE_CURVE('',#318,(#322,#329),.PCURVE_S1.);
#318 = LINE('',#319,#320);
#319 = CARTESIAN_POINT('',(8.716831480482,-16.19156843251,
    17.248775090075));
#320 = VECTOR('',#321,1.);
#321 = DIRECTION('',(0.900711550623,-0.434410300924,-2.528443196276E-03)
  );
#322 = PCURVE('',#272,#323);
#323 = DEFINITIONAL_REPRESENTATION('',(#324),#328);
#324 = LINE('',#325,#326);
#325 = CARTESIAN_POINT('',(7.067052801905,14.667490230565));
#326 = VECTOR('',#327,1.);
#327 = DIRECTION('',(-0.43406131314,-0.900883331201));
#328 = ( GEOMETRIC_REPRESENTATION_CONTEXT(2) 
PARAMETRIC_REPRESENTATION_CONTEXT() REPRESENTATION_CONTEXT('2D SPACE',''
  ) );
#329 = PCURVE('',#330,#335);
#330 = PLANE('',#331);
#331 = AXIS2_PLACEMENT_3D('',#332,#333,#334);
#332 = CARTESIAN_POINT('',(23.381524911668,-23.26430318537,
    17.20760892061));
#333 = DIRECTION('',(-2.092757427925E-02,-4.920356191462E-02,
    0.9985694999));
#334 = DIRECTION('',(3.403814832374E-20,0.998788240182,
    4.921434013388E-02));
#335 = DEFINITIONAL_REPRESENTATION('',(#336),#340);
#336 = LINE('',#337,#338);
#337 = CARTESIAN_POINT('',(7.066190262955,14.667905785638));
#338 = VECTOR('',#339,1.);
#339 = DIRECTION('',(-0.43400833564,-0.900908854765));
#340 = ( GEOMETRIC_REPRESENTATION_CONTEXT(2) 
PARAMETRIC_REPRESENTATION_CONTEXT() REPRESENTATION_CONTEXT('2D SPACE',''
  ) );
#341 = ADVANCED_FACE('',(#342),#330,.T.);
#342 = FACE_BOUND('',#343,.T.);
#343 = EDGE_LOOP('',(#344,#345,#373));
#344 = ORIENTED_EDGE('',*,*,#316,.F.);
#345 = ORIENTED_EDGE('',*,*,#346,.F.);
#346 = EDGE_CURVE('',#347,#289,#349,.T.);
#347 = VERTEX_POINT('',#348);
#348 = CARTESIAN_POINT('',(7.483796211029,-16.47628356723,
    17.208904619412));
#349 = SURFACE_CURVE('',#350,(#354,#361),.PCURVE_S1.);
#350 = LINE('',#351,#352);
#351 = CARTESIAN_POINT('',(7.483796211029,-16.47628356723,
    17.208904619412));
#352 = VECTOR('',#353,1.);
#353 = DIRECTION('',(0.973878771702,0.22487436699,3.149058746151E-02));
#354 = PCURVE('',#330,#355);
#355 = DEFINITIONAL_REPRESENTATION('',(#356),#360);
#356 = LINE('',#357,#358);
#357 = CARTESIAN_POINT('',(6.779857935682,15.901211155953));
#358 = VECTOR('',#359,1.);
#359 = DIRECTION('',(0.22615166175,-0.97409210339));
#360 = ( GEOMETRIC_REPRESENTATION_CONTEXT(2) 
PARAMETRIC_REPRESENTATION_CONTEXT() REPRESENTATION_CONTEXT('2D SPACE',''
  ) );
#361 = PCURVE('',#362,#367);
#362 = PLANE('',#363);
#363 = AXIS2_PLACEMENT_3D('',#364,#365,#366);
#364 = CARTESIAN_POINT('',(8.716831480482,-16.19156843251,
    17.248775090075));
#365 = DIRECTION('',(-0.224870098491,0.974381638886,-3.722983582351E-03)
  );
#366 = DIRECTION('',(0.974388391716,0.224871656925,-4.156123825579E-20)
  );
#367 = DEFINITIONAL_REPRESENTATION('',(#368),#372);
#368 = LINE('',#369,#370);
#369 = CARTESIAN_POINT('',(-1.26547961723,3.987074697968E-02));
#370 = VECTOR('',#371,1.);
#371 = DIRECTION('',(0.999504041591,-3.14908057031E-02));
#372 = ( GEOMETRIC_REPRESENTATION_CONTEXT(2) 
PARAMETRIC_REPRESENTATION_CONTEXT() REPRESENTATION_CONTEXT('2D SPACE',''
  ) );
#373 = ORIENTED_EDGE('',*,*,#374,.T.);
#374 = EDGE_CURVE('',#347,#172,#375,.T.);
#375 = SURFACE_CURVE('',#376,(#380,#387),.PCURVE_S1.);
#376 = LINE('',#377,#378);
#377 = CARTESIAN_POINT('',(7.483796211029,-16.47628356723,
    17.208904619412));
#378 = VECTOR('',#379,1.);
#379 = DIRECTION('',(0.919673963344,-0.392682817969,-7.495538986014E-05)
  );
#380 = PCURVE('',#330,#381);
#381 = DEFINITIONAL_REPRESENTATION('',(#382),#386);
#382 = LINE('',#383,#384);
#383 = CARTESIAN_POINT('',(6.779857935682,15.901211155953));
#384 = VECTOR('',#385,1.);
#385 = DIRECTION('',(-0.392210669589,-0.919875421272));
#386 = ( GEOMETRIC_REPRESENTATION_CONTEXT(2) 
PARAMETRIC_REPRESENTATION_CONTEXT() REPRESENTATION_CONTEXT('2D SPACE',''
  ) );
#387 = PCURVE('',#388,#393);
#388 = PLANE('',#389);
#389 = AXIS2_PLACEMENT_3D('',#390,#391,#392);
#390 = CARTESIAN_POINT('',(23.381524911668,-23.26430318537,
    17.20760892061));
#391 = DIRECTION('',(5.265867971702E-03,1.214194414597E-02,
    0.999912418078));
#392 = DIRECTION('',(6.529567797122E-21,0.999926281835,
    -1.214211249367E-02));
#393 = DEFINITIONAL_REPRESENTATION('',(#394),#398);
#394 = LINE('',#395,#396);
#395 = CARTESIAN_POINT('',(6.787503485268,15.897949122189));
#396 = VECTOR('',#397,1.);
#397 = DIRECTION('',(-0.392652959995,-0.919686714597));
#398 = ( GEOMETRIC_REPRESENTATION_CONTEXT(2) 
PARAMETRIC_REPRESENTATION_CONTEXT() REPRESENTATION_CONTEXT('2D SPACE',''
  ) );
#399 = ADVANCED_FACE('',(#400),#388,.T.);
#400 = FACE_BOUND('',#401,.T.);
#401 = EDGE_LOOP('',(#402,#403,#431));
#402 = ORIENTED_EDGE('',*,*,#374,.F.);
#403 = ORIENTED_EDGE('',*,*,#404,.F.);
#404 = EDGE_CURVE('',#405,#347,#407,.T.);
#405 = VERTEX_POINT('',#406);
#406 = CARTESIAN_POINT('',(6.156004011948,-16.48037840045,
    17.215946933842));
#407 = SURFACE_CURVE('',#408,(#412,#419),.PCURVE_S1.);
#408 = LINE('',#409,#410);
#409 = CARTESIAN_POINT('',(6.156004011948,-16.48037840045,
    17.215946933842));
#410 = VECTOR('',#411,1.);
#411 = DIRECTION('',(0.999981180156,3.083883273845E-03,
    -5.303677713641E-03));
#412 = PCURVE('',#388,#413);
#413 = DEFINITIONAL_REPRESENTATION('',(#414),#418);
#414 = LINE('',#415,#416);
#415 = CARTESIAN_POINT('',(6.78332344534,17.22575973107));
#416 = VECTOR('',#417,1.);
#417 = DIRECTION('',(3.148053787058E-03,-0.999995044866));
#418 = ( GEOMETRIC_REPRESENTATION_CONTEXT(2) 
PARAMETRIC_REPRESENTATION_CONTEXT() REPRESENTATION_CONTEXT('2D SPACE',''
  ) );
#419 = PCURVE('',#420,#425);
#420 = PLANE('',#421);
#421 = AXIS2_PLACEMENT_3D('',#422,#423,#424);
#422 = CARTESIAN_POINT('',(7.483796211029,-16.47628356723,
    17.208904619412));
#423 = DIRECTION('',(-3.155621483211E-03,0.999902925233,
    -1.357137296037E-02));
#424 = DIRECTION('',(-1.707155444971E-21,1.357144053238E-02,
    0.99990790376));
#425 = DEFINITIONAL_REPRESENTATION('',(#426),#430);
#426 = LINE('',#427,#428);
#427 = CARTESIAN_POINT('',(6.98609307368E-03,-1.327798810172));
#428 = VECTOR('',#429,1.);
#429 = DIRECTION('',(-5.261336526406E-03,0.999986159073));
#430 = ( GEOMETRIC_REPRESENTATION_CONTEXT(2) 
PARAMETRIC_REPRESENTATION_CONTEXT() REPRESENTATION_CONTEXT('2D SPACE',''
  ) );
#431 = ORIENTED_EDGE('',*,*,#432,.T.);
#432 = EDGE_CURVE('',#405,#172,#433,.T.);
#433 = SURFACE_CURVE('',#434,(#438,#445),.PCURVE_S1.);
#434 = LINE('',#435,#436);
#435 = CARTESIAN_POINT('',(6.156004011948,-16.48037840045,
    17.215946933842));
#436 = VECTOR('',#437,1.);
#437 = DIRECTION('',(0.930443043565,-0.36643626982,-4.503809466208E-04)
  );
#438 = PCURVE('',#388,#439);
#439 = DEFINITIONAL_REPRESENTATION('',(#440),#444);
#440 = LINE('',#441,#442);
#441 = CARTESIAN_POINT('',(6.78332344534,17.22575973107));
#442 = VECTOR('',#443,1.);
#443 = DIRECTION('',(-0.366403788234,-0.93045594413));
#444 = ( GEOMETRIC_REPRESENTATION_CONTEXT(2) 
PARAMETRIC_REPRESENTATION_CONTEXT() REPRESENTATION_CONTEXT('2D SPACE',''
  ) );
#445 = PCURVE('',#446,#451);
#446 = PLANE('',#447);
#447 = AXIS2_PLACEMENT_3D('',#448,#449,#450);
#448 = CARTESIAN_POINT('',(23.381524911668,-23.26430318537,
    17.20760892061));
#449 = DIRECTION('',(1.001380951193E-03,1.313591604882E-03,
    0.999998635856));
#450 = DIRECTION('',(-1.227127385838E-22,0.999999137237,
    -1.313592263494E-03));
#451 = DEFINITIONAL_REPRESENTATION('',(#452),#456);
#452 = LINE('',#453,#454);
#453 = CARTESIAN_POINT('',(6.783907979255,17.225529536291));
#454 = VECTOR('',#455,1.);
#455 = DIRECTION('',(-0.366435362055,-0.930443510072));
#456 = ( GEOMETRIC_REPRESENTATION_CONTEXT(2) 
PARAMETRIC_REPRESENTATION_CONTEXT() REPRESENTATION_CONTEXT('2D SPACE',''
  ) );
#457 = ADVANCED_FACE('',(#458),#187,.T.);
#458 = FACE_BOUND('',#459,.T.);
#459 = EDGE_LOOP('',(#460,#488,#509));
#460 = ORIENTED_EDGE('',*,*,#461,.F.);
#461 = EDGE_CURVE('',#462,#172,#464,.T.);
#462 = VERTEX_POINT('',#463);
#463 = CARTESIAN_POINT('',(12.146436293088,-12.38873491953,
    17.18052398233));
#464 = SURFACE_CURVE('',#465,(#469,#476),.PCURVE_S1.);
#465 = LINE('',#466,#467);
#466 = CARTESIAN_POINT('',(12.146436293088,-12.38873491953,
    17.18052398233));
#467 = VECTOR('',#468,1.);
#468 = DIRECTION('',(0.718508317072,-0.695516209723,1.732140625012E-03)
  );
#469 = PCURVE('',#187,#470);
#470 = DEFINITIONAL_REPRESENTATION('',(#471),#475);
#471 = LINE('',#472,#473);
#472 = CARTESIAN_POINT('',(10.875591855811,11.2350984309));
#473 = VECTOR('',#474,1.);
#474 = DIRECTION('',(-0.695517718352,-0.718508944591));
#475 = ( GEOMETRIC_REPRESENTATION_CONTEXT(2) 
PARAMETRIC_REPRESENTATION_CONTEXT() REPRESENTATION_CONTEXT('2D SPACE',''
  ) );
#476 = PCURVE('',#477,#482);
#477 = PLANE('',#478);
#478 = AXIS2_PLACEMENT_3D('',#479,#480,#481);
#479 = CARTESIAN_POINT('',(12.27133880706,-11.10605595282,
    17.266468035539));
#480 = DIRECTION('',(-6.12461899584E-02,-6.078969387982E-02,
    0.996269801476));
#481 = DIRECTION('',(0.99811572027,2.381122892802E-19,6.135966874994E-02
    ));
#482 = DEFINITIONAL_REPRESENTATION('',(#483),#487);
#483 = LINE('',#484,#485);
#484 = CARTESIAN_POINT('',(-0.129940661333,-1.285055553059));
#485 = VECTOR('',#486,1.);
#486 = DIRECTION('',(0.71726072999,-0.696804883174));
#487 = ( GEOMETRIC_REPRESENTATION_CONTEXT(2) 
PARAMETRIC_REPRESENTATION_CONTEXT() REPRESENTATION_CONTEXT('2D SPACE',''
  ) );
#488 = ORIENTED_EDGE('',*,*,#489,.F.);
#489 = EDGE_CURVE('',#22,#462,#490,.T.);
#490 = SURFACE_CURVE('',#491,(#495,#502),.PCURVE_S1.);
#491 = LINE('',#492,#493);
#492 = CARTESIAN_POINT('',(11.663769042018,-13.66692457619,
    17.186090313962));
#493 = VECTOR('',#494,1.);
#494 = DIRECTION('',(0.353266716925,0.935513778099,-4.074027597014E-03)
  );
#495 = PCURVE('',#187,#496);
#496 = DEFINITIONAL_REPRESENTATION('',(#497),#501);
#497 = LINE('',#498,#499);
#498 = CARTESIAN_POINT('',(9.597390238111,11.717766103514));
#499 = VECTOR('',#500,1.);
#500 = DIRECTION('',(0.935522532452,-0.353267025455));
#501 = ( GEOMETRIC_REPRESENTATION_CONTEXT(2) 
PARAMETRIC_REPRESENTATION_CONTEXT() REPRESENTATION_CONTEXT('2D SPACE',''
  ) );
#502 = PCURVE('',#44,#503);
#503 = DEFINITIONAL_REPRESENTATION('',(#504),#508);
#504 = LINE('',#505,#506);
#505 = CARTESIAN_POINT('',(1.366285646128,5.566943672794E-03));
#506 = VECTOR('',#507,1.);
#507 = DIRECTION('',(-0.99999169929,-4.07447555274E-03));
#508 = ( GEOMETRIC_REPRESENTATION_CONTEXT(2) 
PARAMETRIC_REPRESENTATION_CONTEXT() REPRESENTATION_CONTEXT('2D SPACE',''
  ) );
#509 = ORIENTED_EDGE('',*,*,#171,.T.);
#510 = ADVANCED_FACE('',(#511),#446,.T.);
#511 = FACE_BOUND('',#512,.T.);
#512 = EDGE_LOOP('',(#513,#514,#542));
#513 = ORIENTED_EDGE('',*,*,#432,.F.);
#514 = ORIENTED_EDGE('',*,*,#515,.F.);
#515 = EDGE_CURVE('',#516,#405,#518,.T.);
#516 = VERTEX_POINT('',#517);
#517 = CARTESIAN_POINT('',(-23.42056446059,-23.28927233797,
    17.254508504631));
#518 = SURFACE_CURVE('',#519,(#523,#530),.PCURVE_S1.);
#519 = LINE('',#520,#521);
#520 = CARTESIAN_POINT('',(-23.42056446059,-23.28927233797,
    17.254508504631));
#521 = VECTOR('',#522,1.);
#522 = DIRECTION('',(0.974509157207,0.224344128993,-1.270553204458E-03)
  );
#523 = PCURVE('',#446,#524);
#524 = DEFINITIONAL_REPRESENTATION('',(#525),#529);
#525 = LINE('',#526,#527);
#526 = CARTESIAN_POINT('',(-2.503073798165E-02,46.802112838001));
#527 = VECTOR('',#528,1.);
#528 = DIRECTION('',(0.224345604426,-0.974509645809));
#529 = ( GEOMETRIC_REPRESENTATION_CONTEXT(2) 
PARAMETRIC_REPRESENTATION_CONTEXT() REPRESENTATION_CONTEXT('2D SPACE',''
  ) );
#530 = PCURVE('',#531,#536);
#531 = PLANE('',#532);
#532 = AXIS2_PLACEMENT_3D('',#533,#534,#535);
#533 = CARTESIAN_POINT('',(6.156004011948,-16.48037840045,
    17.215946933842));
#534 = DIRECTION('',(-2.317164117692E-03,1.57280259651E-02,
    0.999873621989));
#535 = DIRECTION('',(-2.973176040373E-21,0.999876306285,
    -1.572806818912E-02));
#536 = DEFINITIONAL_REPRESENTATION('',(#537),#541);
#537 = LINE('',#538,#539);
#538 = CARTESIAN_POINT('',(-6.808658219147,29.57664787485));
#539 = VECTOR('',#540,1.);
#540 = DIRECTION('',(0.224336362381,-0.974511773409));
#541 = ( GEOMETRIC_REPRESENTATION_CONTEXT(2) 
PARAMETRIC_REPRESENTATION_CONTEXT() REPRESENTATION_CONTEXT('2D SPACE',''
  ) );
#542 = ORIENTED_EDGE('',*,*,#543,.T.);
#543 = EDGE_CURVE('',#516,#172,#544,.T.);
#544 = SURFACE_CURVE('',#545,(#549,#556),.PCURVE_S1.);
#545 = LINE('',#546,#547);
#546 = CARTESIAN_POINT('',(-23.42056446059,-23.28927233797,
    17.254508504631));
#547 = VECTOR('',#548,1.);
#548 = DIRECTION('',(0.999999355601,5.335047396E-04,-1.002082480237E-03)
  );
#549 = PCURVE('',#446,#550);
#550 = DEFINITIONAL_REPRESENTATION('',(#551),#555);
#551 = LINE('',#552,#553);
#552 = CARTESIAN_POINT('',(-2.503073798165E-02,46.802112838001));
#553 = VECTOR('',#554,1.);
#554 = DIRECTION('',(5.348206071055E-04,-0.999999856983));
#555 = ( GEOMETRIC_REPRESENTATION_CONTEXT(2) 
PARAMETRIC_REPRESENTATION_CONTEXT() REPRESENTATION_CONTEXT('2D SPACE',''
  ) );
#556 = PCURVE('',#557,#562);
#557 = PLANE('',#558);
#558 = AXIS2_PLACEMENT_3D('',#559,#560,#561);
#559 = CARTESIAN_POINT('',(23.381524911668,-23.26430318537,
    17.20760892061));
#560 = DIRECTION('',(5.332612170902E-04,-0.999999828227,
    -2.432679000078E-04));
#561 = DIRECTION('',(-0.999999857816,-5.332612328692E-04,
    -1.69646281575E-23));
#562 = DEFINITIONAL_REPRESENTATION('',(#563),#567);
#563 = LINE('',#564,#565);
#564 = CARTESIAN_POINT('',(46.802096032845,-4.68995854082E-02));
#565 = VECTOR('',#566,1.);
#566 = DIRECTION('',(-0.999999497915,1.002082509888E-03));
#567 = ( GEOMETRIC_REPRESENTATION_CONTEXT(2) 
PARAMETRIC_REPRESENTATION_CONTEXT() REPRESENTATION_CONTEXT('2D SPACE',''
  ) );
#568 = ADVANCED_FACE('',(#569),#557,.T.);
#569 = FACE_BOUND('',#570,.T.);
#570 = EDGE_LOOP('',(#571,#572,#600));
#571 = ORIENTED_EDGE('',*,*,#543,.F.);
#572 = ORIENTED_EDGE('',*,*,#573,.F.);
#573 = EDGE_CURVE('',#574,#516,#576,.T.);
#574 = VERTEX_POINT('',#575);
#575 = CARTESIAN_POINT('',(-23.43965392204,-23.28509837648,
    5.478573388582E-02));
#576 = SURFACE_CURVE('',#577,(#581,#588),.PCURVE_S1.);
#577 = LINE('',#578,#579);
#578 = CARTESIAN_POINT('',(-23.43965392204,-23.28509837648,
    5.478573388582E-02));
#579 = VECTOR('',#580,1.);
#580 = DIRECTION('',(1.10986958242E-03,-2.426759342955E-04,
    0.999999354649));
#581 = PCURVE('',#557,#582);
#582 = DEFINITIONAL_REPRESENTATION('',(#583),#587);
#583 = LINE('',#584,#585);
#584 = CARTESIAN_POINT('',(46.821183265768,17.15282369427));
#585 = VECTOR('',#586,1.);
#586 = DIRECTION('',(-1.109740014946E-03,-0.999999384238));
#587 = ( GEOMETRIC_REPRESENTATION_CONTEXT(2) 
PARAMETRIC_REPRESENTATION_CONTEXT() REPRESENTATION_CONTEXT('2D SPACE',''
  ) );
#588 = PCURVE('',#589,#594);
#589 = PLANE('',#590);
#590 = AXIS2_PLACEMENT_3D('',#591,#592,#593);
#591 = CARTESIAN_POINT('',(-23.42056446059,-23.28927233797,
    17.254508504631));
#592 = DIRECTION('',(-0.999998988103,-8.902038141352E-04,
    1.10965314442E-03));
#593 = DIRECTION('',(-1.1096535841E-03,-1.736210544686E-22,
    -0.999999384334));
#594 = DEFINITIONAL_REPRESENTATION('',(#595),#599);
#595 = LINE('',#596,#597);
#596 = CARTESIAN_POINT('',(17.199733364154,-4.173963140541E-03));
#597 = VECTOR('',#598,1.);
#598 = DIRECTION('',(-0.999999970554,2.426760304514E-04));
#599 = ( GEOMETRIC_REPRESENTATION_CONTEXT(2) 
PARAMETRIC_REPRESENTATION_CONTEXT() REPRESENTATION_CONTEXT('2D SPACE',''
  ) );
#600 = ORIENTED_EDGE('',*,*,#601,.T.);
#601 = EDGE_CURVE('',#574,#172,#602,.T.);
#602 = SURFACE_CURVE('',#603,(#607,#614),.PCURVE_S1.);
#603 = LINE('',#604,#605);
#604 = CARTESIAN_POINT('',(-23.43965392204,-23.28509837648,
    5.478573388582E-02));
#605 = VECTOR('',#606,1.);
#606 = DIRECTION('',(0.938973051388,4.170361476156E-04,0.343990457497));
#607 = PCURVE('',#557,#608);
#608 = DEFINITIONAL_REPRESENTATION('',(#609),#613);
#609 = LINE('',#610,#611);
#610 = CARTESIAN_POINT('',(46.821183265768,17.15282369427));
#611 = VECTOR('',#612,1.);
#612 = DIRECTION('',(-0.93897314027,-0.343990467675));
#613 = ( GEOMETRIC_REPRESENTATION_CONTEXT(2) 
PARAMETRIC_REPRESENTATION_CONTEXT() REPRESENTATION_CONTEXT('2D SPACE',''
  ) );
#614 = PCURVE('',#615,#620);
#615 = PLANE('',#616);
#616 = AXIS2_PLACEMENT_3D('',#617,#618,#619);
#617 = CARTESIAN_POINT('',(23.381524911668,-23.26430318537,
    17.20760892061));
#618 = DIRECTION('',(6.069110089119E-04,-0.999999717126,
    -4.443060816982E-04));
#619 = DIRECTION('',(-0.999999815829,-6.069110688164E-04,
    8.699734505905E-24));
#620 = DEFINITIONAL_REPRESENTATION('',(#621),#625);
#621 = LINE('',#622,#623);
#622 = CARTESIAN_POINT('',(46.821182831461,17.152824879776));
#623 = VECTOR('',#624,1.);
#624 = DIRECTION('',(-0.93897313156,-0.34399049145));
#625 = ( GEOMETRIC_REPRESENTATION_CONTEXT(2) 
PARAMETRIC_REPRESENTATION_CONTEXT() REPRESENTATION_CONTEXT('2D SPACE',''
  ) );
#626 = ADVANCED_FACE('',(#627),#589,.T.);
#627 = FACE_BOUND('',#628,.T.);
#628 = EDGE_LOOP('',(#629,#657,#683));
#629 = ORIENTED_EDGE('',*,*,#630,.F.);
#630 = EDGE_CURVE('',#631,#516,#633,.T.);
#631 = VERTEX_POINT('',#632);
#632 = CARTESIAN_POINT('',(-23.4620482041,23.280880536346,
    17.230380406079));
#633 = SURFACE_CURVE('',#634,(#638,#645),.PCURVE_S1.);
#634 = LINE('',#635,#636);
#635 = CARTESIAN_POINT('',(-23.4620482041,23.280880536346,
    17.230380406079));
#636 = VECTOR('',#637,1.);
#637 = DIRECTION('',(8.90779156278E-04,-0.999999469041,
    5.181019226052E-04));
#638 = PCURVE('',#589,#639);
#639 = DEFINITIONAL_REPRESENTATION('',(#640),#644);
#640 = LINE('',#641,#642);
#641 = CARTESIAN_POINT('',(2.417411628105E-02,-46.57017132688));
#642 = VECTOR('',#643,1.);
#643 = DIRECTION('',(-5.19090059911E-04,0.999999865273));
#644 = ( GEOMETRIC_REPRESENTATION_CONTEXT(2) 
PARAMETRIC_REPRESENTATION_CONTEXT() REPRESENTATION_CONTEXT('2D SPACE',''
  ) );
#645 = PCURVE('',#646,#651);
#646 = PLANE('',#647);
#647 = AXIS2_PLACEMENT_3D('',#648,#649,#650);
#648 = CARTESIAN_POINT('',(-23.4620482041,23.280880536346,
    17.230380406079));
#649 = DIRECTION('',(2.305398721873E-03,5.201543530026E-04,
    0.999997207284));
#650 = DIRECTION('',(0.999997342564,-1.942958275454E-22,
    -2.305399033748E-03));
#651 = DEFINITIONAL_REPRESENTATION('',(#652),#656);
#652 = LINE('',#653,#654);
#653 = CARTESIAN_POINT('',(0.,0.));
#654 = VECTOR('',#655,1.);
#655 = DIRECTION('',(8.895823574177E-04,-0.999999604322));
#656 = ( GEOMETRIC_REPRESENTATION_CONTEXT(2) 
PARAMETRIC_REPRESENTATION_CONTEXT() REPRESENTATION_CONTEXT('2D SPACE',''
  ) );
#657 = ORIENTED_EDGE('',*,*,#658,.T.);
#658 = EDGE_CURVE('',#631,#574,#659,.T.);
#659 = SURFACE_CURVE('',#660,(#664,#671),.PCURVE_S1.);
#660 = LINE('',#661,#662);
#661 = CARTESIAN_POINT('',(-23.4620482041,23.280880536346,
    17.230380406079));
#662 = VECTOR('',#663,1.);
#663 = DIRECTION('',(4.512013448034E-04,-0.938214149882,-0.346054916708)
  );
#664 = PCURVE('',#589,#665);
#665 = DEFINITIONAL_REPRESENTATION('',(#666),#670);
#666 = LINE('',#667,#668);
#667 = CARTESIAN_POINT('',(2.417411628105E-02,-46.57017132688));
#668 = VECTOR('',#669,1.);
#669 = DIRECTION('',(0.346054202976,0.938214521633));
#670 = ( GEOMETRIC_REPRESENTATION_CONTEXT(2) 
PARAMETRIC_REPRESENTATION_CONTEXT() REPRESENTATION_CONTEXT('2D SPACE',''
  ) );
#671 = PCURVE('',#672,#677);
#672 = PLANE('',#673);
#673 = AXIS2_PLACEMENT_3D('',#674,#675,#676);
#674 = CARTESIAN_POINT('',(-23.43965392204,-23.28509837648,
    5.478573388582E-02));
#675 = DIRECTION('',(-0.999993339408,8.300269922449E-04,
    -3.55417983985E-03));
#676 = DIRECTION('',(3.554181064168E-03,-3.727047835501E-22,
    -0.999993683879));
#677 = DEFINITIONAL_REPRESENTATION('',(#678),#682);
#678 = LINE('',#679,#680);
#679 = CARTESIAN_POINT('',(-17.17556578238,-46.56599495353));
#680 = VECTOR('',#681,1.);
#681 = DIRECTION('',(0.346054334634,0.938214473072));
#682 = ( GEOMETRIC_REPRESENTATION_CONTEXT(2) 
PARAMETRIC_REPRESENTATION_CONTEXT() REPRESENTATION_CONTEXT('2D SPACE',''
  ) );
#683 = ORIENTED_EDGE('',*,*,#573,.T.);
#684 = ADVANCED_FACE('',(#685),#672,.T.);
#685 = FACE_BOUND('',#686,.T.);
#686 = EDGE_LOOP('',(#687,#688,#716));
#687 = ORIENTED_EDGE('',*,*,#658,.F.);
#688 = ORIENTED_EDGE('',*,*,#689,.T.);
#689 = EDGE_CURVE('',#631,#690,#692,.T.);
#690 = VERTEX_POINT('',#691);
#691 = CARTESIAN_POINT('',(-23.40074733855,23.306443497243,
    -1.107671196989E-02));
#692 = SURFACE_CURVE('',#693,(#697,#704),.PCURVE_S1.);
#693 = LINE('',#694,#695);
#694 = CARTESIAN_POINT('',(-23.4620482041,23.280880536346,
    17.230380406079));
#695 = VECTOR('',#696,1.);
#696 = DIRECTION('',(3.55540777668E-03,1.482634040488E-03,
    -0.999992580408));
#697 = PCURVE('',#672,#698);
#698 = DEFINITIONAL_REPRESENTATION('',(#699),#703);
#699 = LINE('',#700,#701);
#700 = CARTESIAN_POINT('',(-17.17556578238,-46.56599495353));
#701 = VECTOR('',#702,1.);
#702 = DIRECTION('',(0.999998900897,-1.482634551215E-03));
#703 = ( GEOMETRIC_REPRESENTATION_CONTEXT(2) 
PARAMETRIC_REPRESENTATION_CONTEXT() REPRESENTATION_CONTEXT('2D SPACE',''
  ) );
#704 = PCURVE('',#705,#710);
#705 = PLANE('',#706);
#706 = AXIS2_PLACEMENT_3D('',#707,#708,#709);
#707 = CARTESIAN_POINT('',(23.397247514615,23.286534963501,
    17.251441650106));
#708 = DIRECTION('',(-1.213342634247E-04,0.999998894162,
    1.48221200556E-03));
#709 = DIRECTION('',(-1.320434330577E-23,-1.48221201647E-03,
    0.999998901523));
#710 = DEFINITIONAL_REPRESENTATION('',(#711),#715);
#711 = LINE('',#712,#713);
#712 = CARTESIAN_POINT('',(-2.105283983177E-02,-46.85929606365));
#713 = VECTOR('',#714,1.);
#714 = DIRECTION('',(-0.999993679518,3.555407802852E-03));
#715 = ( GEOMETRIC_REPRESENTATION_CONTEXT(2) 
PARAMETRIC_REPRESENTATION_CONTEXT() REPRESENTATION_CONTEXT('2D SPACE',''
  ) );
#716 = ORIENTED_EDGE('',*,*,#717,.F.);
#717 = EDGE_CURVE('',#574,#690,#718,.T.);
#718 = SURFACE_CURVE('',#719,(#723,#730),.PCURVE_S1.);
#719 = LINE('',#720,#721);
#720 = CARTESIAN_POINT('',(-23.43965392204,-23.28509837648,
    5.478573388582E-02));
#721 = VECTOR('',#722,1.);
#722 = DIRECTION('',(8.35055666336E-04,0.999998652191,
    -1.413611879688E-03));
#723 = PCURVE('',#672,#724);
#724 = DEFINITIONAL_REPRESENTATION('',(#725),#729);
#725 = LINE('',#726,#727);
#726 = CARTESIAN_POINT('',(0.,-0.));
#727 = VECTOR('',#728,1.);
#728 = DIRECTION('',(1.416570890181E-03,-0.999998996663));
#729 = ( GEOMETRIC_REPRESENTATION_CONTEXT(2) 
PARAMETRIC_REPRESENTATION_CONTEXT() REPRESENTATION_CONTEXT('2D SPACE',''
  ) );
#730 = PCURVE('',#731,#736);
#731 = PLANE('',#732);
#732 = AXIS2_PLACEMENT_3D('',#733,#734,#735);
#733 = CARTESIAN_POINT('',(-23.40074733855,23.306443497243,
    -1.107671196989E-02));
#734 = DIRECTION('',(-3.793707132726E-04,-1.413295475374E-03,
    -0.999998929336));
#735 = DIRECTION('',(5.714062085152E-23,-0.999999001297,
    1.413295577077E-03));
#736 = DEFINITIONAL_REPRESENTATION('',(#737),#741);
#737 = LINE('',#738,#739);
#738 = CARTESIAN_POINT('',(46.591588425733,3.89065862834E-02));
#739 = VECTOR('',#740,1.);
#740 = DIRECTION('',(-0.999999651341,-8.350557264275E-04));
#741 = ( GEOMETRIC_REPRESENTATION_CONTEXT(2) 
PARAMETRIC_REPRESENTATION_CONTEXT() REPRESENTATION_CONTEXT('2D SPACE',''
  ) );
#742 = ADVANCED_FACE('',(#743),#731,.T.);
#743 = FACE_BOUND('',#744,.T.);
#744 = EDGE_LOOP('',(#745,#773,#799));
#745 = ORIENTED_EDGE('',*,*,#746,.T.);
#746 = EDGE_CURVE('',#690,#747,#749,.T.);
#747 = VERTEX_POINT('',#748);
#748 = CARTESIAN_POINT('',(4.164097255416,-9.714881137288,
    2.513492074258E-02));
#749 = SURFACE_CURVE('',#750,(#754,#761),.PCURVE_S1.);
#750 = LINE('',#751,#752);
#751 = CARTESIAN_POINT('',(-23.40074733855,23.306443497243,
    -1.107671196989E-02));
#752 = VECTOR('',#753,1.);
#753 = DIRECTION('',(0.640829811233,-0.767682515316,8.41851064186E-04));
#754 = PCURVE('',#731,#755);
#755 = DEFINITIONAL_REPRESENTATION('',(#756),#760);
#756 = LINE('',#757,#758);
#757 = CARTESIAN_POINT('',(0.,0.));
#758 = VECTOR('',#759,1.);
#759 = DIRECTION('',(0.767682938414,-0.640829857348));
#760 = ( GEOMETRIC_REPRESENTATION_CONTEXT(2) 
PARAMETRIC_REPRESENTATION_CONTEXT() REPRESENTATION_CONTEXT('2D SPACE',''
  ) );
#761 = PCURVE('',#762,#767);
#762 = PLANE('',#763);
#763 = AXIS2_PLACEMENT_3D('',#764,#765,#766);
#764 = CARTESIAN_POINT('',(-23.40074733855,23.306443497243,
    -1.107671196989E-02));
#765 = DIRECTION('',(4.17466856108E-02,3.375338514745E-02,
    -0.998557921821));
#766 = DIRECTION('',(-0.999127232356,-1.577736910607E-19,
    -4.177048676185E-02));
#767 = DEFINITIONAL_REPRESENTATION('',(#768),#772);
#768 = LINE('',#769,#770);
#769 = CARTESIAN_POINT('',(-0.,0.));
#770 = VECTOR('',#771,1.);
#771 = DIRECTION('',(-0.640305680237,-0.76812019623));
#772 = ( GEOMETRIC_REPRESENTATION_CONTEXT(2) 
PARAMETRIC_REPRESENTATION_CONTEXT() REPRESENTATION_CONTEXT('2D SPACE',''
  ) );
#773 = ORIENTED_EDGE('',*,*,#774,.F.);
#774 = EDGE_CURVE('',#574,#747,#775,.T.);
#775 = SURFACE_CURVE('',#776,(#780,#787),.PCURVE_S1.);
#776 = LINE('',#777,#778);
#777 = CARTESIAN_POINT('',(-23.43965392204,-23.28509837648,
    5.478573388582E-02));
#778 = VECTOR('',#779,1.);
#779 = DIRECTION('',(0.897419037736,0.441178128957,-9.639705860276E-04)
  );
#780 = PCURVE('',#731,#781);
#781 = DEFINITIONAL_REPRESENTATION('',(#782),#786);
#782 = LINE('',#783,#784);
#783 = CARTESIAN_POINT('',(46.591588425733,3.89065862834E-02));
#784 = VECTOR('',#785,1.);
#785 = DIRECTION('',(-0.441179050727,-0.897419102315));
#786 = ( GEOMETRIC_REPRESENTATION_CONTEXT(2) 
PARAMETRIC_REPRESENTATION_CONTEXT() REPRESENTATION_CONTEXT('2D SPACE',''
  ) );
#787 = PCURVE('',#788,#793);
#788 = PLANE('',#789);
#789 = AXIS2_PLACEMENT_3D('',#790,#791,#792);
#790 = CARTESIAN_POINT('',(4.164097255416,-9.714881137288,
    2.513492074258E-02));
#791 = DIRECTION('',(-3.217231005537E-02,6.326357110949E-02,
    -0.997478151659));
#792 = DIRECTION('',(-2.329557752453E-19,-0.997994776383,
    -6.329633726579E-02));
#793 = DEFINITIONAL_REPRESENTATION('',(#794),#798);
#794 = LINE('',#795,#796);
#795 = CARTESIAN_POINT('',(13.541129131239,27.618048012267));
#796 = VECTOR('',#797,1.);
#797 = DIRECTION('',(-0.440232452346,-0.897883838757));
#798 = ( GEOMETRIC_REPRESENTATION_CONTEXT(2) 
PARAMETRIC_REPRESENTATION_CONTEXT() REPRESENTATION_CONTEXT('2D SPACE',''
  ) );
#799 = ORIENTED_EDGE('',*,*,#717,.T.);
#800 = ADVANCED_FACE('',(#801),#762,.T.);
#801 = FACE_BOUND('',#802,.T.);
#802 = EDGE_LOOP('',(#803,#831,#857));
#803 = ORIENTED_EDGE('',*,*,#804,.T.);
#804 = EDGE_CURVE('',#690,#805,#807,.T.);
#805 = VERTEX_POINT('',#806);
#806 = CARTESIAN_POINT('',(4.540022836281,-9.061785540154,
    6.292725450799E-02));
#807 = SURFACE_CURVE('',#808,(#812,#819),.PCURVE_S1.);
#808 = LINE('',#809,#810);
#809 = CARTESIAN_POINT('',(-23.40074733855,23.306443497243,
    -1.107671196989E-02));
#810 = VECTOR('',#811,1.);
#811 = DIRECTION('',(0.653436569312,-0.756979296009,1.730693093577E-03)
  );
#812 = PCURVE('',#762,#813);
#813 = DEFINITIONAL_REPRESENTATION('',(#814),#818);
#814 = LINE('',#815,#816);
#815 = CARTESIAN_POINT('',(-0.,0.));
#816 = VECTOR('',#817,1.);
#817 = DIRECTION('',(-0.65293856291,-0.757410874668));
#818 = ( GEOMETRIC_REPRESENTATION_CONTEXT(2) 
PARAMETRIC_REPRESENTATION_CONTEXT() REPRESENTATION_CONTEXT('2D SPACE',''
  ) );
#819 = PCURVE('',#820,#825);
#820 = PLANE('',#821);
#821 = AXIS2_PLACEMENT_3D('',#822,#823,#824);
#822 = CARTESIAN_POINT('',(-23.40074733855,23.306443497243,
    -1.107671196989E-02));
#823 = DIRECTION('',(-6.841813662075E-02,-6.133626645703E-02,
    -0.995769461772));
#824 = DIRECTION('',(-0.99764787443,-3.842538129266E-20,
    6.854720012269E-02));
#825 = DEFINITIONAL_REPRESENTATION('',(#826),#830);
#826 = LINE('',#827,#828);
#827 = CARTESIAN_POINT('',(0.,0.));
#828 = VECTOR('',#829,1.);
#829 = DIRECTION('',(-0.651780970284,-0.758407256542));
#830 = ( GEOMETRIC_REPRESENTATION_CONTEXT(2) 
PARAMETRIC_REPRESENTATION_CONTEXT() REPRESENTATION_CONTEXT('2D SPACE',''
  ) );
#831 = ORIENTED_EDGE('',*,*,#832,.F.);
#832 = EDGE_CURVE('',#747,#805,#833,.T.);
#833 = SURFACE_CURVE('',#834,(#838,#845),.PCURVE_S1.);
#834 = LINE('',#835,#836);
#835 = CARTESIAN_POINT('',(4.164097255416,-9.714881137288,
    2.513492074258E-02));
#836 = VECTOR('',#837,1.);
#837 = DIRECTION('',(0.49823942724,0.86559147026,5.00887188524E-02));
#838 = PCURVE('',#762,#839);
#839 = DEFINITIONAL_REPRESENTATION('',(#840),#844);
#840 = LINE('',#841,#842);
#841 = CARTESIAN_POINT('',(-27.54229946703,-33.04015117186));
#842 = VECTOR('',#843,1.);
#843 = DIRECTION('',(-0.499896810157,0.866084972272));
#844 = ( GEOMETRIC_REPRESENTATION_CONTEXT(2) 
PARAMETRIC_REPRESENTATION_CONTEXT() REPRESENTATION_CONTEXT('2D SPACE',''
  ) );
#845 = PCURVE('',#846,#851);
#846 = PLANE('',#847);
#847 = AXIS2_PLACEMENT_3D('',#848,#849,#850);
#848 = CARTESIAN_POINT('',(4.207026985158,-9.700754750456,
    11.744343879143));
#849 = DIRECTION('',(0.86674086701,-0.498752087509,-2.573841490742E-03)
  );
#850 = DIRECTION('',(0.498753739548,0.866743737956,-5.280076597351E-20)
  );
#851 = DEFINITIONAL_REPRESENTATION('',(#852),#856);
#852 = LINE('',#853,#854);
#853 = CARTESIAN_POINT('',(-3.365532057262E-02,-11.71924777648));
#854 = VECTOR('',#855,1.);
#855 = DIRECTION('',(0.998744764003,5.008888476359E-02));
#856 = ( GEOMETRIC_REPRESENTATION_CONTEXT(2) 
PARAMETRIC_REPRESENTATION_CONTEXT() REPRESENTATION_CONTEXT('2D SPACE',''
  ) );
#857 = ORIENTED_EDGE('',*,*,#746,.F.);
#858 = ADVANCED_FACE('',(#859),#820,.T.);
#859 = FACE_BOUND('',#860,.T.);
#860 = EDGE_LOOP('',(#861,#889,#915));
#861 = ORIENTED_EDGE('',*,*,#862,.T.);
#862 = EDGE_CURVE('',#690,#863,#865,.T.);
#863 = VERTEX_POINT('',#864);
#864 = CARTESIAN_POINT('',(5.129390757923,-8.654386541325,
    -2.662011920231E-03));
#865 = SURFACE_CURVE('',#866,(#870,#877),.PCURVE_S1.);
#866 = LINE('',#867,#868);
#867 = CARTESIAN_POINT('',(-23.40074733855,23.306443497243,
    -1.107671196989E-02));
#868 = VECTOR('',#869,1.);
#869 = DIRECTION('',(0.665933705311,-0.746010899085,1.964109800028E-04)
  );
#870 = PCURVE('',#820,#871);
#871 = DEFINITIONAL_REPRESENTATION('',(#872),#876);
#872 = LINE('',#873,#874);
#873 = CARTESIAN_POINT('',(0.,0.));
#874 = VECTOR('',#875,1.);
#875 = DIRECTION('',(-0.664353882192,-0.74741816891));
#876 = ( GEOMETRIC_REPRESENTATION_CONTEXT(2) 
PARAMETRIC_REPRESENTATION_CONTEXT() REPRESENTATION_CONTEXT('2D SPACE',''
  ) );
#877 = PCURVE('',#878,#883);
#878 = PLANE('',#879);
#879 = AXIS2_PLACEMENT_3D('',#880,#881,#882);
#880 = CARTESIAN_POINT('',(-23.40074733855,23.306443497243,
    -1.107671196989E-02));
#881 = DIRECTION('',(1.915699006779E-02,1.683747289214E-02,
    -0.99967470171));
#882 = DIRECTION('',(-0.999816435982,3.706807447268E-21,
    -1.915970615338E-02));
#883 = DEFINITIONAL_REPRESENTATION('',(#884),#888);
#884 = LINE('',#885,#886);
#885 = CARTESIAN_POINT('',(0.,0.));
#886 = VECTOR('',#887,1.);
#887 = DIRECTION('',(-0.665815227021,-0.746116668804));
#888 = ( GEOMETRIC_REPRESENTATION_CONTEXT(2) 
PARAMETRIC_REPRESENTATION_CONTEXT() REPRESENTATION_CONTEXT('2D SPACE',''
  ) );
#889 = ORIENTED_EDGE('',*,*,#890,.F.);
#890 = EDGE_CURVE('',#805,#863,#891,.T.);
#891 = SURFACE_CURVE('',#892,(#896,#903),.PCURVE_S1.);
#892 = LINE('',#893,#894);
#893 = CARTESIAN_POINT('',(4.540022836281,-9.061785540154,
    6.292725450799E-02));
#894 = VECTOR('',#895,1.);
#895 = DIRECTION('',(0.819174809854,0.566252395398,-9.116389420235E-02)
  );
#896 = PCURVE('',#820,#897);
#897 = DEFINITIONAL_REPRESENTATION('',(#898),#902);
#898 = LINE('',#899,#900);
#899 = CARTESIAN_POINT('',(-27.86997721017,-32.42928824183));
#900 = VECTOR('',#901,1.);
#901 = DIRECTION('',(-0.823497037538,0.567320570019));
#902 = ( GEOMETRIC_REPRESENTATION_CONTEXT(2) 
PARAMETRIC_REPRESENTATION_CONTEXT() REPRESENTATION_CONTEXT('2D SPACE',''
  ) );
#903 = PCURVE('',#904,#909);
#904 = PLANE('',#905);
#905 = AXIS2_PLACEMENT_3D('',#906,#907,#908);
#906 = CARTESIAN_POINT('',(5.089488444772,-8.6468543754,11.738162089136)
  );
#907 = DIRECTION('',(0.568803758263,-0.822469591631,2.46077812485E-03));
#908 = DIRECTION('',(-0.822472081845,-0.568805480446,-5.267224258219E-20
    ));
#909 = DEFINITIONAL_REPRESENTATION('',(#910),#914);
#910 = LINE('',#911,#912);
#911 = CARTESIAN_POINT('',(0.687935243438,11.675270184066));
#912 = VECTOR('',#913,1.);
#913 = DIRECTION('',(-0.995835877074,9.116417022185E-02));
#914 = ( GEOMETRIC_REPRESENTATION_CONTEXT(2) 
PARAMETRIC_REPRESENTATION_CONTEXT() REPRESENTATION_CONTEXT('2D SPACE',''
  ) );
#915 = ORIENTED_EDGE('',*,*,#804,.F.);
#916 = ADVANCED_FACE('',(#917),#878,.T.);
#917 = FACE_BOUND('',#918,.T.);
#918 = EDGE_LOOP('',(#919,#947,#973));
#919 = ORIENTED_EDGE('',*,*,#920,.T.);
#920 = EDGE_CURVE('',#690,#921,#923,.T.);
#921 = VERTEX_POINT('',#922);
#922 = CARTESIAN_POINT('',(5.754551120367,-8.288467237335,
    1.548123726347E-02));
#923 = SURFACE_CURVE('',#924,(#928,#935),.PCURVE_S1.);
#924 = LINE('',#925,#926);
#925 = CARTESIAN_POINT('',(-23.40074733855,23.306443497243,
    -1.107671196989E-02));
#926 = VECTOR('',#927,1.);
#927 = DIRECTION('',(0.678163987229,-0.734910351548,6.177485979128E-04)
  );
#928 = PCURVE('',#878,#929);
#929 = DEFINITIONAL_REPRESENTATION('',(#930),#934);
#930 = LINE('',#931,#932);
#931 = CARTESIAN_POINT('',(0.,0.));
#932 = VECTOR('',#933,1.);
#933 = DIRECTION('',(-0.678051336605,-0.735014547426));
#934 = ( GEOMETRIC_REPRESENTATION_CONTEXT(2) 
PARAMETRIC_REPRESENTATION_CONTEXT() REPRESENTATION_CONTEXT('2D SPACE',''
  ) );
#935 = PCURVE('',#936,#941);
#936 = PLANE('',#937);
#937 = AXIS2_PLACEMENT_3D('',#938,#939,#940);
#938 = CARTESIAN_POINT('',(23.422730612867,23.298736566578,
    -2.730735899812E-02));
#939 = DIRECTION('',(-3.468255811056E-04,-1.160621512341E-03,
    -0.999999266335));
#940 = DIRECTION('',(1.35389866553E-23,-0.999999326479,
    1.160621582145E-03));
#941 = DEFINITIONAL_REPRESENTATION('',(#942),#946);
#942 = LINE('',#943,#944);
#943 = CARTESIAN_POINT('',(-7.68808783495E-03,46.823480767578));
#944 = VECTOR('',#945,1.);
#945 = DIRECTION('',(0.734910573542,-0.678164028017));
#946 = ( GEOMETRIC_REPRESENTATION_CONTEXT(2) 
PARAMETRIC_REPRESENTATION_CONTEXT() REPRESENTATION_CONTEXT('2D SPACE',''
  ) );
#947 = ORIENTED_EDGE('',*,*,#948,.F.);
#948 = EDGE_CURVE('',#863,#921,#949,.T.);
#949 = SURFACE_CURVE('',#950,(#954,#961),.PCURVE_S1.);
#950 = LINE('',#951,#952);
#951 = CARTESIAN_POINT('',(5.129390757923,-8.654386541325,
    -2.662011920231E-03));
#952 = VECTOR('',#953,1.);
#953 = DIRECTION('',(0.862760878394,0.504991805458,2.503883250283E-02));
#954 = PCURVE('',#878,#955);
#955 = DEFINITIONAL_REPRESENTATION('',(#956),#960);
#956 = LINE('',#957,#958);
#957 = CARTESIAN_POINT('',(-28.52506221288,-31.96536145762));
#958 = VECTOR('',#959,1.);
#959 = DIRECTION('',(-0.863082243214,0.505063403395));
#960 = ( GEOMETRIC_REPRESENTATION_CONTEXT(2) 
PARAMETRIC_REPRESENTATION_CONTEXT() REPRESENTATION_CONTEXT('2D SPACE',''
  ) );
#961 = PCURVE('',#962,#967);
#962 = PLANE('',#963);
#963 = AXIS2_PLACEMENT_3D('',#964,#965,#966);
#964 = CARTESIAN_POINT('',(5.762202591769,-8.267620475216,
    11.765946093416));
#965 = DIRECTION('',(0.50512382769,-0.86304604358,1.202231164387E-03));
#966 = DIRECTION('',(-0.863046667287,-0.505124192734,3.885559465729E-20)
  );
#967 = DEFINITIONAL_REPRESENTATION('',(#968),#972);
#968 = LINE('',#969,#970);
#969 = CARTESIAN_POINT('',(0.741511041141,11.768616610281));
#970 = VECTOR('',#971,1.);
#971 = DIRECTION('',(-0.999686478833,-2.503885059791E-02));
#972 = ( GEOMETRIC_REPRESENTATION_CONTEXT(2) 
PARAMETRIC_REPRESENTATION_CONTEXT() REPRESENTATION_CONTEXT('2D SPACE',''
  ) );
#973 = ORIENTED_EDGE('',*,*,#862,.F.);
#974 = ADVANCED_FACE('',(#975),#788,.T.);
#975 = FACE_BOUND('',#976,.T.);
#976 = EDGE_LOOP('',(#977,#1005,#1031));
#977 = ORIENTED_EDGE('',*,*,#978,.F.);
#978 = EDGE_CURVE('',#979,#747,#981,.T.);
#979 = VERTEX_POINT('',#980);
#980 = CARTESIAN_POINT('',(3.926787363211,-10.39971975808,
    -1.064584226954E-02));
#981 = SURFACE_CURVE('',#982,(#986,#993),.PCURVE_S1.);
#982 = LINE('',#983,#984);
#983 = CARTESIAN_POINT('',(3.926787363211,-10.39971975808,
    -1.064584226954E-02));
#984 = VECTOR('',#985,1.);
#985 = DIRECTION('',(0.327020771362,0.943729955595,4.930705842662E-02));
#986 = PCURVE('',#788,#987);
#987 = DEFINITIONAL_REPRESENTATION('',(#988),#992);
#988 = LINE('',#989,#990);
#989 = CARTESIAN_POINT('',(0.685730157467,0.237432802323));
#990 = VECTOR('',#991,1.);
#991 = DIRECTION('',(-0.9449585222,-0.327190145514));
#992 = ( GEOMETRIC_REPRESENTATION_CONTEXT(2) 
PARAMETRIC_REPRESENTATION_CONTEXT() REPRESENTATION_CONTEXT('2D SPACE',''
  ) );
#993 = PCURVE('',#994,#999);
#994 = PLANE('',#995);
#995 = AXIS2_PLACEMENT_3D('',#996,#997,#998);
#996 = CARTESIAN_POINT('',(3.885838895276,-10.33899520602,
    11.778007872366));
#997 = DIRECTION('',(0.944787221517,-0.327646776364,4.969506645321E-03)
  );
#998 = DIRECTION('',(0.32765082222,0.944798887964,4.818557180318E-20));
#999 = DEFINITIONAL_REPRESENTATION('',(#1000),#1004);
#1000 = LINE('',#1001,#1002);
#1001 = CARTESIAN_POINT('',(-4.395569006858E-02,-11.7887992836));
#1002 = VECTOR('',#1003,1.);
#1003 = DIRECTION('',(0.998783637204,4.930766728137E-02));
#1004 = ( GEOMETRIC_REPRESENTATION_CONTEXT(2) 
PARAMETRIC_REPRESENTATION_CONTEXT() REPRESENTATION_CONTEXT('2D SPACE',''
  ) );
#1005 = ORIENTED_EDGE('',*,*,#1006,.F.);
#1006 = EDGE_CURVE('',#574,#979,#1007,.T.);
#1007 = SURFACE_CURVE('',#1008,(#1012,#1019),.PCURVE_S1.);
#1008 = LINE('',#1009,#1010);
#1009 = CARTESIAN_POINT('',(-23.43965392204,-23.28509837648,
    5.478573388582E-02));
#1010 = VECTOR('',#1011,1.);
#1011 = DIRECTION('',(0.904726727956,0.425986934669,-2.163149208294E-03)
  );
#1012 = PCURVE('',#788,#1013);
#1013 = DEFINITIONAL_REPRESENTATION('',(#1014),#1018);
#1014 = LINE('',#1015,#1016);
#1015 = CARTESIAN_POINT('',(13.541129131239,27.618048012267));
#1016 = VECTOR('',#1017,1.);
#1017 = DIRECTION('',(-0.424995816185,-0.905195313855));
#1018 = ( GEOMETRIC_REPRESENTATION_CONTEXT(2) 
PARAMETRIC_REPRESENTATION_CONTEXT() REPRESENTATION_CONTEXT('2D SPACE',''
  ) );
#1019 = PCURVE('',#1020,#1025);
#1020 = PLANE('',#1021);
#1021 = AXIS2_PLACEMENT_3D('',#1022,#1023,#1024);
#1022 = CARTESIAN_POINT('',(3.926787363211,-10.39971975808,
    -1.064584226954E-02));
#1023 = DIRECTION('',(2.921440846141E-02,-6.711098600792E-02,
    -0.997317719634));
#1024 = DIRECTION('',(2.928092258876E-19,-0.997743588449,
    6.713964335104E-02));
#1025 = DEFINITIONAL_REPRESENTATION('',(#1026),#1030);
#1026 = LINE('',#1027,#1028);
#1027 = CARTESIAN_POINT('',(12.860696953928,27.378127143928));
#1028 = VECTOR('',#1029,1.);
#1029 = DIRECTION('',(-0.425170965895,-0.905113059104));
#1030 = ( GEOMETRIC_REPRESENTATION_CONTEXT(2) 
PARAMETRIC_REPRESENTATION_CONTEXT() REPRESENTATION_CONTEXT('2D SPACE',''
  ) );
#1031 = ORIENTED_EDGE('',*,*,#774,.T.);
#1032 = ADVANCED_FACE('',(#1033),#1020,.T.);
#1033 = FACE_BOUND('',#1034,.T.);
#1034 = EDGE_LOOP('',(#1035,#1063,#1089));
#1035 = ORIENTED_EDGE('',*,*,#1036,.F.);
#1036 = EDGE_CURVE('',#1037,#979,#1039,.T.);
#1037 = VERTEX_POINT('',#1038);
#1038 = CARTESIAN_POINT('',(3.816229978057,-11.11684758299,
    3.437219554411E-02));
#1039 = SURFACE_CURVE('',#1040,(#1044,#1051),.PCURVE_S1.);
#1040 = LINE('',#1041,#1042);
#1041 = CARTESIAN_POINT('',(3.816229978057,-11.11684758299,
    3.437219554411E-02));
#1042 = VECTOR('',#1043,1.);
#1043 = DIRECTION('',(0.152074456971,0.986427314637,-6.19234404364E-02)
  );
#1044 = PCURVE('',#1020,#1045);
#1045 = DEFINITIONAL_REPRESENTATION('',(#1046),#1050);
#1046 = LINE('',#1047,#1048);
#1047 = CARTESIAN_POINT('',(0.718532184399,0.110604594727));
#1048 = VECTOR('',#1049,1.);
#1049 = DIRECTION('',(-0.988359046356,-0.152139394922));
#1050 = ( GEOMETRIC_REPRESENTATION_CONTEXT(2) 
PARAMETRIC_REPRESENTATION_CONTEXT() REPRESENTATION_CONTEXT('2D SPACE',''
  ) );
#1051 = PCURVE('',#1052,#1057);
#1052 = PLANE('',#1053);
#1053 = AXIS2_PLACEMENT_3D('',#1054,#1055,#1056);
#1054 = CARTESIAN_POINT('',(3.885838895276,-10.33899520602,
    11.778007872366));
#1055 = DIRECTION('',(0.9883550456,-0.152106949113,4.216618152245E-03));
#1056 = DIRECTION('',(0.152108301352,0.988363832129,7.175342227697E-20)
  );
#1057 = DEFINITIONAL_REPRESENTATION('',(#1058),#1062);
#1058 = LINE('',#1059,#1060);
#1059 = CARTESIAN_POINT('',(-0.779389250281,-11.74374007836));
#1060 = VECTOR('',#1061,1.);
#1061 = DIRECTION('',(0.99808086814,-6.192399093906E-02));
#1062 = ( GEOMETRIC_REPRESENTATION_CONTEXT(2) 
PARAMETRIC_REPRESENTATION_CONTEXT() REPRESENTATION_CONTEXT('2D SPACE',''
  ) );
#1063 = ORIENTED_EDGE('',*,*,#1064,.F.);
#1064 = EDGE_CURVE('',#574,#1037,#1065,.T.);
#1065 = SURFACE_CURVE('',#1066,(#1070,#1077),.PCURVE_S1.);
#1066 = LINE('',#1067,#1068);
#1067 = CARTESIAN_POINT('',(-23.43965392204,-23.28509837648,
    5.478573388582E-02));
#1068 = VECTOR('',#1069,1.);
#1069 = DIRECTION('',(0.913132113256,0.407663189439,-6.83898473934E-04)
  );
#1070 = PCURVE('',#1020,#1071);
#1071 = DEFINITIONAL_REPRESENTATION('',(#1072),#1076);
#1072 = LINE('',#1073,#1074);
#1073 = CARTESIAN_POINT('',(12.860696953928,27.378127143928));
#1074 = VECTOR('',#1075,1.);
#1075 = DIRECTION('',(-0.406789250209,-0.913522033623));
#1076 = ( GEOMETRIC_REPRESENTATION_CONTEXT(2) 
PARAMETRIC_REPRESENTATION_CONTEXT() REPRESENTATION_CONTEXT('2D SPACE',''
  ) );
#1077 = PCURVE('',#1078,#1083);
#1078 = PLANE('',#1079);
#1079 = AXIS2_PLACEMENT_3D('',#1080,#1081,#1082);
#1080 = CARTESIAN_POINT('',(3.816229978057,-11.11684758299,
    3.437219554411E-02));
#1081 = DIRECTION('',(-1.411894448183E-02,2.994859095198E-02,
    -0.999451718347));
#1082 = DIRECTION('',(2.154449539201E-20,-0.999551350891,
    -2.995157644319E-02));
#1083 = DEFINITIONAL_REPRESENTATION('',(#1084),#1088);
#1084 = LINE('',#1085,#1086);
#1085 = CARTESIAN_POINT('',(12.162180100966,27.258600962876));
#1086 = VECTOR('',#1087,1.);
#1087 = DIRECTION('',(-0.407459807875,-0.91322314084));
#1088 = ( GEOMETRIC_REPRESENTATION_CONTEXT(2) 
PARAMETRIC_REPRESENTATION_CONTEXT() REPRESENTATION_CONTEXT('2D SPACE',''
  ) );
#1089 = ORIENTED_EDGE('',*,*,#1006,.T.);
#1090 = ADVANCED_FACE('',(#1091),#1078,.T.);
#1091 = FACE_BOUND('',#1092,.T.);
#1092 = EDGE_LOOP('',(#1093,#1121,#1147));
#1093 = ORIENTED_EDGE('',*,*,#1094,.T.);
#1094 = EDGE_CURVE('',#1037,#1095,#1097,.T.);
#1095 = VERTEX_POINT('',#1096);
#1096 = CARTESIAN_POINT('',(3.920607047262,-11.82706666988,
    1.161596375493E-02));
#1097 = SURFACE_CURVE('',#1098,(#1102,#1109),.PCURVE_S1.);
#1098 = LINE('',#1099,#1100);
#1099 = CARTESIAN_POINT('',(3.816229978057,-11.11684758299,
    3.437219554411E-02));
#1100 = VECTOR('',#1101,1.);
#1101 = DIRECTION('',(0.145329743391,-0.988875798441,-3.168471151432E-02
    ));
#1102 = PCURVE('',#1078,#1103);
#1103 = DEFINITIONAL_REPRESENTATION('',(#1104),#1108);
#1104 = LINE('',#1105,#1106);
#1105 = CARTESIAN_POINT('',(0.,0.));
#1106 = VECTOR('',#1107,1.);
#1107 = DIRECTION('',(0.989381147254,-0.145344230906));
#1108 = ( GEOMETRIC_REPRESENTATION_CONTEXT(2) 
PARAMETRIC_REPRESENTATION_CONTEXT() REPRESENTATION_CONTEXT('2D SPACE',''
  ) );
#1109 = PCURVE('',#1110,#1115);
#1110 = PLANE('',#1111);
#1111 = AXIS2_PLACEMENT_3D('',#1112,#1113,#1114);
#1112 = CARTESIAN_POINT('',(3.877955140044,-11.85759481237,
    11.758152659151));
#1113 = DIRECTION('',(0.989383043665,0.145277086157,3.970030876179E-03)
  );
#1114 = DIRECTION('',(-0.145278231037,0.989390840662,5.009466542076E-20)
  );
#1115 = DEFINITIONAL_REPRESENTATION('',(#1116),#1120);
#1116 = LINE('',#1117,#1118);
#1117 = CARTESIAN_POINT('',(0.741855846343,-11.7238728548));
#1118 = VECTOR('',#1119,1.);
#1119 = DIRECTION('',(-0.999497905567,-3.168496121095E-02));
#1120 = ( GEOMETRIC_REPRESENTATION_CONTEXT(2) 
PARAMETRIC_REPRESENTATION_CONTEXT() REPRESENTATION_CONTEXT('2D SPACE',''
  ) );
#1121 = ORIENTED_EDGE('',*,*,#1122,.F.);
#1122 = EDGE_CURVE('',#574,#1095,#1123,.T.);
#1123 = SURFACE_CURVE('',#1124,(#1128,#1135),.PCURVE_S1.);
#1124 = LINE('',#1125,#1126);
#1125 = CARTESIAN_POINT('',(-23.43965392204,-23.28509837648,
    5.478573388582E-02));
#1126 = VECTOR('',#1127,1.);
#1127 = DIRECTION('',(0.92238117091,0.38627821254,-1.455358308384E-03));
#1128 = PCURVE('',#1078,#1129);
#1129 = DEFINITIONAL_REPRESENTATION('',(#1130),#1134);
#1130 = LINE('',#1131,#1132);
#1131 = CARTESIAN_POINT('',(12.162180100966,27.258600962876));
#1132 = VECTOR('',#1133,1.);
#1133 = DIRECTION('',(-0.386061318889,-0.922473120507));
#1134 = ( GEOMETRIC_REPRESENTATION_CONTEXT(2) 
PARAMETRIC_REPRESENTATION_CONTEXT() REPRESENTATION_CONTEXT('2D SPACE',''
  ) );
#1135 = PCURVE('',#1136,#1141);
#1136 = PLANE('',#1137);
#1137 = AXIS2_PLACEMENT_3D('',#1138,#1139,#1140);
#1138 = CARTESIAN_POINT('',(3.920607047262,-11.82706666988,
    1.161596375493E-02));
#1139 = DIRECTION('',(-4.396270272581E-02,0.101232480793,-0.993890972693
    ));
#1140 = DIRECTION('',(-5.152164445287E-19,-0.994852823257,
    -0.101330449807));
#1141 = DEFINITIONAL_REPRESENTATION('',(#1142),#1146);
#1142 = LINE('',#1143,#1144);
#1143 = CARTESIAN_POINT('',(11.394680780055,27.386739208013));
#1144 = VECTOR('',#1145,1.);
#1145 = DIRECTION('',(-0.384142498196,-0.923273816958));
#1146 = ( GEOMETRIC_REPRESENTATION_CONTEXT(2) 
PARAMETRIC_REPRESENTATION_CONTEXT() REPRESENTATION_CONTEXT('2D SPACE',''
  ) );
#1147 = ORIENTED_EDGE('',*,*,#1064,.T.);
#1148 = ADVANCED_FACE('',(#1149),#1136,.T.);
#1149 = FACE_BOUND('',#1150,.T.);
#1150 = EDGE_LOOP('',(#1151,#1179,#1205));
#1151 = ORIENTED_EDGE('',*,*,#1152,.T.);
#1152 = EDGE_CURVE('',#1095,#1153,#1155,.T.);
#1153 = VERTEX_POINT('',#1154);
#1154 = CARTESIAN_POINT('',(4.172329648305,-12.44155651788,
    -6.210715037718E-02));
#1155 = SURFACE_CURVE('',#1156,(#1160,#1167),.PCURVE_S1.);
#1156 = LINE('',#1157,#1158);
#1157 = CARTESIAN_POINT('',(3.920607047262,-11.82706666988,
    1.161596375493E-02));
#1158 = VECTOR('',#1159,1.);
#1159 = DIRECTION('',(0.37675715567,-0.919716570394,-0.110342538463));
#1160 = PCURVE('',#1136,#1161);
#1161 = DEFINITIONAL_REPRESENTATION('',(#1162),#1166);
#1162 = LINE('',#1163,#1164);
#1163 = CARTESIAN_POINT('',(-0.,0.));
#1164 = VECTOR('',#1165,1.);
#1165 = DIRECTION('',(0.926163685708,-0.377121767174));
#1166 = ( GEOMETRIC_REPRESENTATION_CONTEXT(2) 
PARAMETRIC_REPRESENTATION_CONTEXT() REPRESENTATION_CONTEXT('2D SPACE',''
  ) );
#1167 = PCURVE('',#1168,#1173);
#1168 = PLANE('',#1169);
#1169 = AXIS2_PLACEMENT_3D('',#1170,#1171,#1172);
#1170 = CARTESIAN_POINT('',(4.128389366698,-12.45571591155,
    11.743538795962));
#1171 = DIRECTION('',(0.925524181548,0.37866844024,3.898940294699E-03));
#1172 = DIRECTION('',(-0.378671318482,0.925531216415,-1.645261701203E-19
    ));
#1173 = DEFINITIONAL_REPRESENTATION('',(#1174),#1178);
#1174 = LINE('',#1175,#1176);
#1175 = CARTESIAN_POINT('',(0.6605157022,-11.73201200601));
#1176 = VECTOR('',#1177,1.);
#1177 = DIRECTION('',(-0.993893525039,-0.110343377171));
#1178 = ( GEOMETRIC_REPRESENTATION_CONTEXT(2) 
PARAMETRIC_REPRESENTATION_CONTEXT() REPRESENTATION_CONTEXT('2D SPACE',''
  ) );
#1179 = ORIENTED_EDGE('',*,*,#1180,.F.);
#1180 = EDGE_CURVE('',#574,#1153,#1181,.T.);
#1181 = SURFACE_CURVE('',#1182,(#1186,#1193),.PCURVE_S1.);
#1182 = LINE('',#1183,#1184);
#1183 = CARTESIAN_POINT('',(-23.43965392204,-23.28509837648,
    5.478573388582E-02));
#1184 = VECTOR('',#1185,1.);
#1185 = DIRECTION('',(0.930790415174,0.365532045273,-3.940418695267E-03)
  );
#1186 = PCURVE('',#1136,#1187);
#1187 = DEFINITIONAL_REPRESENTATION('',(#1188),#1192);
#1188 = LINE('',#1189,#1190);
#1189 = CARTESIAN_POINT('',(11.394680780055,27.386739208013));
#1190 = VECTOR('',#1191,1.);
#1191 = DIRECTION('',(-0.363251302832,-0.931691199374));
#1192 = ( GEOMETRIC_REPRESENTATION_CONTEXT(2) 
PARAMETRIC_REPRESENTATION_CONTEXT() REPRESENTATION_CONTEXT('2D SPACE',''
  ) );
#1193 = PCURVE('',#1194,#1199);
#1194 = PLANE('',#1195);
#1195 = AXIS2_PLACEMENT_3D('',#1196,#1197,#1198);
#1196 = CARTESIAN_POINT('',(4.172329648305,-12.44155651788,
    -6.210715037718E-02));
#1197 = DIRECTION('',(2.018386798703E-02,-6.215309239773E-02,
    -0.997862517874));
#1198 = DIRECTION('',(1.678756652E-20,-0.99806583887,6.216575649565E-02)
  );
#1199 = DEFINITIONAL_REPRESENTATION('',(#1200),#1204);
#1200 = LINE('',#1201,#1202);
#1201 = CARTESIAN_POINT('',(10.829835436006,27.617609692075));
#1202 = VECTOR('',#1203,1.);
#1203 = DIRECTION('',(-0.365070006509,-0.930980069791));
#1204 = ( GEOMETRIC_REPRESENTATION_CONTEXT(2) 
PARAMETRIC_REPRESENTATION_CONTEXT() REPRESENTATION_CONTEXT('2D SPACE',''
  ) );
#1205 = ORIENTED_EDGE('',*,*,#1122,.T.);
#1206 = ADVANCED_FACE('',(#1207),#1194,.T.);
#1207 = FACE_BOUND('',#1208,.T.);
#1208 = EDGE_LOOP('',(#1209,#1237,#1263));
#1209 = ORIENTED_EDGE('',*,*,#1210,.T.);
#1210 = EDGE_CURVE('',#1153,#1211,#1213,.T.);
#1211 = VERTEX_POINT('',#1212);
#1212 = CARTESIAN_POINT('',(4.550002179645,-13.10399955661,
    -1.320685095214E-02));
#1213 = SURFACE_CURVE('',#1214,(#1218,#1225),.PCURVE_S1.);
#1214 = LINE('',#1215,#1216);
#1215 = CARTESIAN_POINT('',(4.172329648305,-12.44155651788,
    -6.210715037718E-02));
#1216 = VECTOR('',#1217,1.);
#1217 = DIRECTION('',(0.494266951941,-0.866951325328,6.399671657352E-02)
  );
#1218 = PCURVE('',#1194,#1219);
#1219 = DEFINITIONAL_REPRESENTATION('',(#1220),#1224);
#1220 = LINE('',#1221,#1222);
#1221 = CARTESIAN_POINT('',(0.,-0.));
#1222 = VECTOR('',#1223,1.);
#1223 = DIRECTION('',(0.869252906072,-0.494367662055));
#1224 = ( GEOMETRIC_REPRESENTATION_CONTEXT(2) 
PARAMETRIC_REPRESENTATION_CONTEXT() REPRESENTATION_CONTEXT('2D SPACE',''
  ) );
#1225 = PCURVE('',#1226,#1231);
#1226 = PLANE('',#1227);
#1227 = AXIS2_PLACEMENT_3D('',#1228,#1229,#1230);
#1228 = CARTESIAN_POINT('',(4.63981402794,-13.05888660019,11.74412485071
    ));
#1229 = DIRECTION('',(0.868971477643,0.494788541587,-8.536401879297E-03)
  );
#1230 = DIRECTION('',(-0.494806570232,0.869003140417,-1.167270652626E-19
    ));
#1231 = DEFINITIONAL_REPRESENTATION('',(#1232),#1236);
#1232 = LINE('',#1233,#1234);
#1233 = CARTESIAN_POINT('',(0.767776122728,-11.80666218558));
#1234 = VECTOR('',#1235,1.);
#1235 = DIRECTION('',(-0.997949959567,6.399904842636E-02));
#1236 = ( GEOMETRIC_REPRESENTATION_CONTEXT(2) 
PARAMETRIC_REPRESENTATION_CONTEXT() REPRESENTATION_CONTEXT('2D SPACE',''
  ) );
#1237 = ORIENTED_EDGE('',*,*,#1238,.F.);
#1238 = EDGE_CURVE('',#574,#1211,#1239,.T.);
#1239 = SURFACE_CURVE('',#1240,(#1244,#1251),.PCURVE_S1.);
#1240 = LINE('',#1241,#1242);
#1241 = CARTESIAN_POINT('',(-23.43965392204,-23.28509837648,
    5.478573388582E-02));
#1242 = VECTOR('',#1243,1.);
#1243 = DIRECTION('',(0.939758166983,0.341832380151,-2.282864307572E-03)
  );
#1244 = PCURVE('',#1194,#1245);
#1245 = DEFINITIONAL_REPRESENTATION('',(#1246),#1250);
#1246 = LINE('',#1247,#1248);
#1247 = CARTESIAN_POINT('',(10.829835436006,27.617609692075));
#1248 = VECTOR('',#1249,1.);
#1249 = DIRECTION('',(-0.341313137235,-0.939949648838));
#1250 = ( GEOMETRIC_REPRESENTATION_CONTEXT(2) 
PARAMETRIC_REPRESENTATION_CONTEXT() REPRESENTATION_CONTEXT('2D SPACE',''
  ) );
#1251 = PCURVE('',#1252,#1257);
#1252 = PLANE('',#1253);
#1253 = AXIS2_PLACEMENT_3D('',#1254,#1255,#1256);
#1254 = CARTESIAN_POINT('',(5.148605350072,-13.56262445303,
    -3.365308455237E-02));
#1255 = DIRECTION('',(-1.263707109127E-02,2.806641115665E-02,
    -0.999526178246));
#1256 = DIRECTION('',(-6.203890131647E-21,-0.999605997755,
    -2.806865246581E-02));
#1257 = DEFINITIONAL_REPRESENTATION('',(#1258),#1262);
#1258 = LINE('',#1259,#1260);
#1259 = CARTESIAN_POINT('',(9.71616088844,28.590542254675));
#1260 = VECTOR('',#1261,1.);
#1261 = DIRECTION('',(-0.341633620501,-0.939833213578));
#1262 = ( GEOMETRIC_REPRESENTATION_CONTEXT(2) 
PARAMETRIC_REPRESENTATION_CONTEXT() REPRESENTATION_CONTEXT('2D SPACE',''
  ) );
#1263 = ORIENTED_EDGE('',*,*,#1180,.T.);
#1264 = ADVANCED_FACE('',(#1265),#1252,.T.);
#1265 = FACE_BOUND('',#1266,.T.);
#1266 = EDGE_LOOP('',(#1267,#1295,#1296));
#1267 = ORIENTED_EDGE('',*,*,#1268,.F.);
#1268 = EDGE_CURVE('',#574,#1269,#1271,.T.);
#1269 = VERTEX_POINT('',#1270);
#1270 = CARTESIAN_POINT('',(5.148605350072,-13.56262445303,
    -3.365308455237E-02));
#1271 = SURFACE_CURVE('',#1272,(#1276,#1283),.PCURVE_S1.);
#1272 = LINE('',#1273,#1274);
#1273 = CARTESIAN_POINT('',(-23.43965392204,-23.28509837648,
    5.478573388582E-02));
#1274 = VECTOR('',#1275,1.);
#1275 = DIRECTION('',(0.94674379464,0.321974547941,-2.928786316252E-03)
  );
#1276 = PCURVE('',#1252,#1277);
#1277 = DEFINITIONAL_REPRESENTATION('',(#1278),#1282);
#1278 = LINE('',#1279,#1280);
#1279 = CARTESIAN_POINT('',(9.71616088844,28.590542254675));
#1280 = VECTOR('',#1281,1.);
#1281 = DIRECTION('',(-0.321765482162,-0.946819399088));
#1282 = ( GEOMETRIC_REPRESENTATION_CONTEXT(2) 
PARAMETRIC_REPRESENTATION_CONTEXT() REPRESENTATION_CONTEXT('2D SPACE',''
  ) );
#1283 = PCURVE('',#1284,#1289);
#1284 = PLANE('',#1285);
#1285 = AXIS2_PLACEMENT_3D('',#1286,#1287,#1288);
#1286 = CARTESIAN_POINT('',(5.747376998427,-13.87238910259,
    2.480504669501E-02));
#1287 = DIRECTION('',(3.658118531072E-02,-0.116592594555,-0.992505911205
    ));
#1288 = DIRECTION('',(6.878351281164E-19,-0.993170655769,0.116670684058)
  );
#1289 = DEFINITIONAL_REPRESENTATION('',(#1290),#1294);
#1290 = LINE('',#1291,#1292);
#1291 = CARTESIAN_POINT('',(9.351924509395,29.206579338213));
#1292 = VECTOR('',#1293,1.);
#1293 = DIRECTION('',(-0.320117376423,-0.947377889394));
#1294 = ( GEOMETRIC_REPRESENTATION_CONTEXT(2) 
PARAMETRIC_REPRESENTATION_CONTEXT() REPRESENTATION_CONTEXT('2D SPACE',''
  ) );
#1295 = ORIENTED_EDGE('',*,*,#1238,.T.);
#1296 = ORIENTED_EDGE('',*,*,#1297,.T.);
#1297 = EDGE_CURVE('',#1211,#1269,#1298,.T.);
#1298 = SURFACE_CURVE('',#1299,(#1303,#1310),.PCURVE_S1.);
#1299 = LINE('',#1300,#1301);
#1300 = CARTESIAN_POINT('',(4.550002179645,-13.10399955661,
    -1.320685095214E-02));
#1301 = VECTOR('',#1302,1.);
#1302 = DIRECTION('',(0.793509485164,-0.607954022675,-2.710356559935E-02
    ));
#1303 = PCURVE('',#1252,#1304);
#1304 = DEFINITIONAL_REPRESENTATION('',(#1305),#1309);
#1305 = LINE('',#1306,#1307);
#1306 = CARTESIAN_POINT('',(-0.459018095414,0.598650973289));
#1307 = VECTOR('',#1308,1.);
#1308 = DIRECTION('',(0.608475247989,-0.793572852726));
#1309 = ( GEOMETRIC_REPRESENTATION_CONTEXT(2) 
PARAMETRIC_REPRESENTATION_CONTEXT() REPRESENTATION_CONTEXT('2D SPACE',''
  ) );
#1310 = PCURVE('',#1311,#1316);
#1311 = PLANE('',#1312);
#1312 = AXIS2_PLACEMENT_3D('',#1313,#1314,#1315);
#1313 = CARTESIAN_POINT('',(5.106712416056,-13.53271856002,
    11.727431769106));
#1314 = DIRECTION('',(0.608180624385,0.793798655992,1.478786277999E-04)
  );
#1315 = DIRECTION('',(0.793798664671,-0.608180631035,-5.810458638313E-21
    ));
#1316 = DEFINITIONAL_REPRESENTATION('',(#1317),#1321);
#1317 = LINE('',#1318,#1319);
#1318 = CARTESIAN_POINT('',(-0.702654436307,11.74063874843));
#1319 = VECTOR('',#1320,1.);
#1320 = DIRECTION('',(0.999632630878,2.71035658957E-02));
#1321 = ( GEOMETRIC_REPRESENTATION_CONTEXT(2) 
PARAMETRIC_REPRESENTATION_CONTEXT() REPRESENTATION_CONTEXT('2D SPACE',''
  ) );
#1322 = ADVANCED_FACE('',(#1323),#1284,.T.);
#1323 = FACE_BOUND('',#1324,.T.);
#1324 = EDGE_LOOP('',(#1325,#1353,#1354));
#1325 = ORIENTED_EDGE('',*,*,#1326,.F.);
#1326 = EDGE_CURVE('',#574,#1327,#1329,.T.);
#1327 = VERTEX_POINT('',#1328);
#1328 = CARTESIAN_POINT('',(5.747376998427,-13.87238910259,
    2.480504669501E-02));
#1329 = SURFACE_CURVE('',#1330,(#1334,#1341),.PCURVE_S1.);
#1330 = LINE('',#1331,#1332);
#1331 = CARTESIAN_POINT('',(-23.43965392204,-23.28509837648,
    5.478573388582E-02));
#1332 = VECTOR('',#1333,1.);
#1333 = DIRECTION('',(0.951731616379,0.306929918159,-9.776111848447E-04)
  );
#1334 = PCURVE('',#1284,#1335);
#1335 = DEFINITIONAL_REPRESENTATION('',(#1336),#1340);
#1336 = LINE('',#1337,#1338);
#1337 = CARTESIAN_POINT('',(9.351924509395,29.206579338213));
#1338 = VECTOR('',#1339,1.);
#1339 = DIRECTION('',(-0.304947846659,-0.952369051795));
#1340 = ( GEOMETRIC_REPRESENTATION_CONTEXT(2) 
PARAMETRIC_REPRESENTATION_CONTEXT() REPRESENTATION_CONTEXT('2D SPACE',''
  ) );
#1341 = PCURVE('',#1342,#1347);
#1342 = PLANE('',#1343);
#1343 = AXIS2_PLACEMENT_3D('',#1344,#1345,#1346);
#1344 = CARTESIAN_POINT('',(6.440615023043,-14.04975580139,
    6.399971958688E-03));
#1345 = DIRECTION('',(-1.52421822542E-02,4.408146206626E-02,
    -0.998911658047));
#1346 = DIRECTION('',(9.13838885476E-20,-0.999027713905,
    -4.40865835521E-02));
#1347 = DEFINITIONAL_REPRESENTATION('',(#1348),#1352);
#1348 = LINE('',#1349,#1350);
#1349 = CARTESIAN_POINT('',(9.224230016992,29.883740503585));
#1350 = VECTOR('',#1351,1.);
#1351 = DIRECTION('',(-0.306588394931,-0.951842190751));
#1352 = ( GEOMETRIC_REPRESENTATION_CONTEXT(2) 
PARAMETRIC_REPRESENTATION_CONTEXT() REPRESENTATION_CONTEXT('2D SPACE',''
  ) );
#1353 = ORIENTED_EDGE('',*,*,#1268,.T.);
#1354 = ORIENTED_EDGE('',*,*,#1355,.T.);
#1355 = EDGE_CURVE('',#1269,#1327,#1356,.T.);
#1356 = SURFACE_CURVE('',#1357,(#1361,#1368),.PCURVE_S1.);
#1357 = LINE('',#1358,#1359);
#1358 = CARTESIAN_POINT('',(5.148605350072,-13.56262445303,
    -3.365308455237E-02));
#1359 = VECTOR('',#1360,1.);
#1360 = DIRECTION('',(0.884863724471,-0.457769672753,8.638932702191E-02)
  );
#1361 = PCURVE('',#1284,#1362);
#1362 = DEFINITIONAL_REPRESENTATION('',(#1363),#1367);
#1363 = LINE('',#1364,#1365);
#1364 = CARTESIAN_POINT('',(-0.314469510301,0.59917268395));
#1365 = VECTOR('',#1366,1.);
#1366 = DIRECTION('',(0.464722507958,-0.885456374192));
#1367 = ( GEOMETRIC_REPRESENTATION_CONTEXT(2) 
PARAMETRIC_REPRESENTATION_CONTEXT() REPRESENTATION_CONTEXT('2D SPACE',''
  ) );
#1368 = PCURVE('',#1369,#1374);
#1369 = PLANE('',#1370);
#1370 = AXIS2_PLACEMENT_3D('',#1371,#1372,#1373);
#1371 = CARTESIAN_POINT('',(5.106712416056,-13.53271856002,
    11.727431769106));
#1372 = DIRECTION('',(0.459535267627,0.88815930525,-6.215342041143E-04)
  );
#1373 = DIRECTION('',(0.8881594768,-0.459535356387,6.160775515468E-21));
#1374 = DEFINITIONAL_REPRESENTATION('',(#1375),#1379);
#1375 = LINE('',#1376,#1377);
#1376 = CARTESIAN_POINT('',(5.095042156022E-02,11.76108712534));
#1377 = VECTOR('',#1378,1.);
#1378 = DIRECTION('',(0.996261452277,-8.638934370821E-02));
#1379 = ( GEOMETRIC_REPRESENTATION_CONTEXT(2) 
PARAMETRIC_REPRESENTATION_CONTEXT() REPRESENTATION_CONTEXT('2D SPACE',''
  ) );
#1380 = ADVANCED_FACE('',(#1381),#1342,.T.);
#1381 = FACE_BOUND('',#1382,.T.);
#1382 = EDGE_LOOP('',(#1383,#1411,#1412));
#1383 = ORIENTED_EDGE('',*,*,#1384,.F.);
#1384 = EDGE_CURVE('',#574,#1385,#1387,.T.);
#1385 = VERTEX_POINT('',#1386);
#1386 = CARTESIAN_POINT('',(6.440615023043,-14.04975580139,
    6.399971958688E-03));
#1387 = SURFACE_CURVE('',#1388,(#1392,#1399),.PCURVE_S1.);
#1388 = LINE('',#1389,#1390);
#1389 = CARTESIAN_POINT('',(-23.43965392204,-23.28509837648,
    5.478573388582E-02));
#1390 = VECTOR('',#1391,1.);
#1391 = DIRECTION('',(0.955404897747,0.295294916683,-1.547107692081E-03)
  );
#1392 = PCURVE('',#1342,#1393);
#1393 = DEFINITIONAL_REPRESENTATION('',(#1394),#1398);
#1394 = LINE('',#1395,#1396);
#1395 = CARTESIAN_POINT('',(9.224230016992,29.883740503585));
#1396 = VECTOR('',#1397,1.);
#1397 = DIRECTION('',(-0.294939598849,-0.955515898889));
#1398 = ( GEOMETRIC_REPRESENTATION_CONTEXT(2) 
PARAMETRIC_REPRESENTATION_CONTEXT() REPRESENTATION_CONTEXT('2D SPACE',''
  ) );
#1399 = PCURVE('',#1400,#1405);
#1400 = PLANE('',#1401);
#1401 = AXIS2_PLACEMENT_3D('',#1402,#1403,#1404);
#1402 = CARTESIAN_POINT('',(23.440252202622,-23.25663464661,
    2.824842031531E-02));
#1403 = DIRECTION('',(-5.639936205596E-04,-3.414404053168E-03,
    -0.99999401186));
#1404 = DIRECTION('',(9.055926653493E-23,-0.999994170904,
    3.41440459621E-03));
#1405 = DEFINITIONAL_REPRESENTATION('',(#1406),#1410);
#1406 = LINE('',#1407,#1408);
#1407 = CARTESIAN_POINT('',(2.855417307289E-02,46.879913580653));
#1408 = VECTOR('',#1409,1.);
#1409 = DIRECTION('',(-0.295298477832,-0.955405049699));
#1410 = ( GEOMETRIC_REPRESENTATION_CONTEXT(2) 
PARAMETRIC_REPRESENTATION_CONTEXT() REPRESENTATION_CONTEXT('2D SPACE',''
  ) );
#1411 = ORIENTED_EDGE('',*,*,#1326,.T.);
#1412 = ORIENTED_EDGE('',*,*,#1413,.T.);
#1413 = EDGE_CURVE('',#1327,#1385,#1414,.T.);
#1414 = SURFACE_CURVE('',#1415,(#1419,#1426),.PCURVE_S1.);
#1415 = LINE('',#1416,#1417);
#1416 = CARTESIAN_POINT('',(5.747376998427,-13.87238910259,
    2.480504669501E-02));
#1417 = VECTOR('',#1418,1.);
#1418 = DIRECTION('',(0.968473430353,-0.247786372227,-2.571241800486E-02
    ));
#1419 = PCURVE('',#1342,#1420);
#1420 = DEFINITIONAL_REPRESENTATION('',(#1421),#1425);
#1421 = LINE('',#1422,#1423);
#1422 = CARTESIAN_POINT('',(-0.178005664482,0.693318566607));
#1423 = VECTOR('',#1424,1.);
#1424 = DIRECTION('',(0.248679025647,-0.968585949827));
#1425 = ( GEOMETRIC_REPRESENTATION_CONTEXT(2) 
PARAMETRIC_REPRESENTATION_CONTEXT() REPRESENTATION_CONTEXT('2D SPACE',''
  ) );
#1426 = PCURVE('',#1427,#1432);
#1427 = PLANE('',#1428);
#1428 = AXIS2_PLACEMENT_3D('',#1429,#1430,#1431);
#1429 = CARTESIAN_POINT('',(6.486665002118,-14.06937855721,
    11.736881315073));
#1430 = DIRECTION('',(0.247884404249,0.968789400696,6.474795027972E-04)
  );
#1431 = DIRECTION('',(0.968789603769,-0.247884456209,1.436568732089E-20)
  );
#1432 = DEFINITIONAL_REPRESENTATION('',(#1433),#1437);
#1433 = LINE('',#1434,#1435);
#1434 = CARTESIAN_POINT('',(-0.765045156004,11.712078723404));
#1435 = VECTOR('',#1436,1.);
#1436 = DIRECTION('',(0.999669380987,2.571242339456E-02));
#1437 = ( GEOMETRIC_REPRESENTATION_CONTEXT(2) 
PARAMETRIC_REPRESENTATION_CONTEXT() REPRESENTATION_CONTEXT('2D SPACE',''
  ) );
#1438 = ADVANCED_FACE('',(#1439),#705,.T.);
#1439 = FACE_BOUND('',#1440,.T.);
#1440 = EDGE_LOOP('',(#1441,#1469,#1470));
#1441 = ORIENTED_EDGE('',*,*,#1442,.F.);
#1442 = EDGE_CURVE('',#690,#1443,#1445,.T.);
#1443 = VERTEX_POINT('',#1444);
#1444 = CARTESIAN_POINT('',(23.397247514615,23.286534963501,
    17.251441650106));
#1445 = SURFACE_CURVE('',#1446,(#1450,#1457),.PCURVE_S1.);
#1446 = LINE('',#1447,#1448);
#1447 = CARTESIAN_POINT('',(-23.40074733855,23.306443497243,
    -1.107671196989E-02));
#1448 = VECTOR('',#1449,1.);
#1449 = DIRECTION('',(0.938205409568,-3.991259478672E-04,0.346078676253)
  );
#1450 = PCURVE('',#705,#1451);
#1451 = DEFINITIONAL_REPRESENTATION('',(#1452),#1456);
#1452 = LINE('',#1453,#1454);
#1453 = CARTESIAN_POINT('',(-17.26252890826,-46.79799519765));
#1454 = VECTOR('',#1455,1.);
#1455 = DIRECTION('',(0.346078887682,0.938205416474));
#1456 = ( GEOMETRIC_REPRESENTATION_CONTEXT(2) 
PARAMETRIC_REPRESENTATION_CONTEXT() REPRESENTATION_CONTEXT('2D SPACE',''
  ) );
#1457 = PCURVE('',#1458,#1463);
#1458 = PLANE('',#1459);
#1459 = AXIS2_PLACEMENT_3D('',#1460,#1461,#1462);
#1460 = CARTESIAN_POINT('',(23.397247514615,23.286534963501,
    17.251441650106));
#1461 = DIRECTION('',(1.648402551606E-04,0.99999973691,
    7.064053365034E-04));
#1462 = DIRECTION('',(1.938721918588E-23,-7.064053461007E-04,
    0.999999750496));
#1463 = DEFINITIONAL_REPRESENTATION('',(#1464),#1468);
#1464 = LINE('',#1465,#1466);
#1465 = CARTESIAN_POINT('',(-17.26252811849,-46.79799548897));
#1466 = VECTOR('',#1467,1.);
#1467 = DIRECTION('',(0.346078871849,0.938205422314));
#1468 = ( GEOMETRIC_REPRESENTATION_CONTEXT(2) 
PARAMETRIC_REPRESENTATION_CONTEXT() REPRESENTATION_CONTEXT('2D SPACE',''
  ) );
#1469 = ORIENTED_EDGE('',*,*,#689,.F.);
#1470 = ORIENTED_EDGE('',*,*,#1471,.T.);
#1471 = EDGE_CURVE('',#631,#1443,#1472,.T.);
#1472 = SURFACE_CURVE('',#1473,(#1477,#1484),.PCURVE_S1.);
#1473 = LINE('',#1474,#1475);
#1474 = CARTESIAN_POINT('',(-23.4620482041,23.280880536346,
    17.230380406079));
#1475 = VECTOR('',#1476,1.);
#1476 = DIRECTION('',(0.999999891714,1.206681930605E-04,
    4.494570697929E-04));
#1477 = PCURVE('',#705,#1478);
#1478 = DEFINITIONAL_REPRESENTATION('',(#1479),#1483);
#1479 = LINE('',#1480,#1481);
#1480 = CARTESIAN_POINT('',(-2.105283983177E-02,-46.85929606365));
#1481 = VECTOR('',#1482,1.);
#1482 = DIRECTION('',(4.49277720229E-04,0.999999899075));
#1483 = ( GEOMETRIC_REPRESENTATION_CONTEXT(2) 
PARAMETRIC_REPRESENTATION_CONTEXT() REPRESENTATION_CONTEXT('2D SPACE',''
  ) );
#1484 = PCURVE('',#1485,#1490);
#1485 = PLANE('',#1486);
#1486 = AXIS2_PLACEMENT_3D('',#1487,#1488,#1489);
#1487 = CARTESIAN_POINT('',(23.397247514615,23.286534963501,
    17.251441650106));
#1488 = DIRECTION('',(-4.492892319728E-04,-1.387346258217E-03,
    0.999998936704));
#1489 = DIRECTION('',(2.717566850941E-23,0.999999037635,
    1.387346398243E-03));
#1490 = DEFINITIONAL_REPRESENTATION('',(#1491),#1495);
#1491 = LINE('',#1492,#1493);
#1492 = CARTESIAN_POINT('',(-5.683640954181E-03,46.859300448249));
#1493 = VECTOR('',#1494,1.);
#1494 = DIRECTION('',(1.212916295806E-04,-0.999999992644));
#1495 = ( GEOMETRIC_REPRESENTATION_CONTEXT(2) 
PARAMETRIC_REPRESENTATION_CONTEXT() REPRESENTATION_CONTEXT('2D SPACE',''
  ) );
#1496 = ADVANCED_FACE('',(#1497),#1458,.T.);
#1497 = FACE_BOUND('',#1498,.T.);
#1498 = EDGE_LOOP('',(#1499,#1527,#1548));
#1499 = ORIENTED_EDGE('',*,*,#1500,.T.);
#1500 = EDGE_CURVE('',#1443,#1501,#1503,.T.);
#1501 = VERTEX_POINT('',#1502);
#1502 = CARTESIAN_POINT('',(23.422730612867,23.298736566578,
    -2.730735899812E-02));
#1503 = SURFACE_CURVE('',#1504,(#1508,#1515),.PCURVE_S1.);
#1504 = LINE('',#1505,#1506);
#1505 = CARTESIAN_POINT('',(23.397247514615,23.286534963501,
    17.251441650106));
#1506 = VECTOR('',#1507,1.);
#1507 = DIRECTION('',(1.474821132636E-03,7.061614680156E-04,
    -0.999998663118));
#1508 = PCURVE('',#1458,#1509);
#1509 = DEFINITIONAL_REPRESENTATION('',(#1510),#1514);
#1510 = LINE('',#1511,#1512);
#1511 = CARTESIAN_POINT('',(0.,0.));
#1512 = VECTOR('',#1513,1.);
#1513 = DIRECTION('',(-0.999998912451,1.474821152673E-03));
#1514 = ( GEOMETRIC_REPRESENTATION_CONTEXT(2) 
PARAMETRIC_REPRESENTATION_CONTEXT() REPRESENTATION_CONTEXT('2D SPACE',''
  ) );
#1515 = PCURVE('',#1516,#1521);
#1516 = PLANE('',#1517);
#1517 = AXIS2_PLACEMENT_3D('',#1518,#1519,#1520);
#1518 = CARTESIAN_POINT('',(23.440252202622,-23.25663464661,
    2.824842031531E-02));
#1519 = DIRECTION('',(0.999998840569,3.781200464405E-04,
    1.475088408508E-03));
#1520 = DIRECTION('',(-1.475088513958E-03,-5.758183099901E-23,
    0.999998912056));
#1521 = DEFINITIONAL_REPRESENTATION('',(#1522),#1526);
#1522 = LINE('',#1523,#1524);
#1523 = CARTESIAN_POINT('',(17.223237927648,-46.54317293737));
#1524 = VECTOR('',#1525,1.);
#1525 = DIRECTION('',(-0.999999750668,-7.061615184973E-04));
#1526 = ( GEOMETRIC_REPRESENTATION_CONTEXT(2) 
PARAMETRIC_REPRESENTATION_CONTEXT() REPRESENTATION_CONTEXT('2D SPACE',''
  ) );
#1527 = ORIENTED_EDGE('',*,*,#1528,.F.);
#1528 = EDGE_CURVE('',#690,#1501,#1529,.T.);
#1529 = SURFACE_CURVE('',#1530,(#1534,#1541),.PCURVE_S1.);
#1530 = LINE('',#1531,#1532);
#1531 = CARTESIAN_POINT('',(-23.40074733855,23.306443497243,
    -1.107671196989E-02));
#1532 = VECTOR('',#1533,1.);
#1533 = DIRECTION('',(0.999999926376,-1.645954216718E-04,
    -3.466347768978E-04));
#1534 = PCURVE('',#1458,#1535);
#1535 = DEFINITIONAL_REPRESENTATION('',(#1536),#1540);
#1536 = LINE('',#1537,#1538);
#1537 = CARTESIAN_POINT('',(-17.26252811849,-46.79799548897));
#1538 = VECTOR('',#1539,1.);
#1539 = DIRECTION('',(-3.465184193251E-04,0.999999939962));
#1540 = ( GEOMETRIC_REPRESENTATION_CONTEXT(2) 
PARAMETRIC_REPRESENTATION_CONTEXT() REPRESENTATION_CONTEXT('2D SPACE',''
  ) );
#1541 = PCURVE('',#936,#1542);
#1542 = DEFINITIONAL_REPRESENTATION('',(#1543),#1547);
#1543 = LINE('',#1544,#1545);
#1544 = CARTESIAN_POINT('',(-7.68808783495E-03,46.823480767578));
#1545 = VECTOR('',#1546,1.);
#1546 = DIRECTION('',(1.6419299901E-04,-0.99999998652));
#1547 = ( GEOMETRIC_REPRESENTATION_CONTEXT(2) 
PARAMETRIC_REPRESENTATION_CONTEXT() REPRESENTATION_CONTEXT('2D SPACE',''
  ) );
#1548 = ORIENTED_EDGE('',*,*,#1442,.T.);
#1549 = ADVANCED_FACE('',(#1550),#615,.T.);
#1550 = FACE_BOUND('',#1551,.T.);
#1551 = EDGE_LOOP('',(#1552,#1553,#1576));
#1552 = ORIENTED_EDGE('',*,*,#601,.F.);
#1553 = ORIENTED_EDGE('',*,*,#1554,.T.);
#1554 = EDGE_CURVE('',#574,#1555,#1557,.T.);
#1555 = VERTEX_POINT('',#1556);
#1556 = CARTESIAN_POINT('',(23.440252202622,-23.25663464661,
    2.824842031531E-02));
#1557 = SURFACE_CURVE('',#1558,(#1562,#1569),.PCURVE_S1.);
#1558 = LINE('',#1559,#1560);
#1559 = CARTESIAN_POINT('',(-23.43965392204,-23.28509837648,
    5.478573388582E-02));
#1560 = VECTOR('',#1561,1.);
#1561 = DIRECTION('',(0.999999655459,6.071624798626E-04,
    -5.660699139788E-04));
#1562 = PCURVE('',#615,#1563);
#1563 = DEFINITIONAL_REPRESENTATION('',(#1564),#1568);
#1564 = LINE('',#1565,#1566);
#1565 = CARTESIAN_POINT('',(46.821182831461,17.152824879776));
#1566 = VECTOR('',#1567,1.);
#1567 = DIRECTION('',(-0.999999839782,5.660699698521E-04));
#1568 = ( GEOMETRIC_REPRESENTATION_CONTEXT(2) 
PARAMETRIC_REPRESENTATION_CONTEXT() REPRESENTATION_CONTEXT('2D SPACE',''
  ) );
#1569 = PCURVE('',#1400,#1570);
#1570 = DEFINITIONAL_REPRESENTATION('',(#1571),#1575);
#1571 = LINE('',#1572,#1573);
#1572 = CARTESIAN_POINT('',(2.855417307289E-02,46.879913580653));
#1573 = VECTOR('',#1574,1.);
#1574 = DIRECTION('',(-6.0909173237E-04,-0.999999814504));
#1575 = ( GEOMETRIC_REPRESENTATION_CONTEXT(2) 
PARAMETRIC_REPRESENTATION_CONTEXT() REPRESENTATION_CONTEXT('2D SPACE',''
  ) );
#1576 = ORIENTED_EDGE('',*,*,#1577,.F.);
#1577 = EDGE_CURVE('',#172,#1555,#1578,.T.);
#1578 = SURFACE_CURVE('',#1579,(#1583,#1590),.PCURVE_S1.);
#1579 = LINE('',#1580,#1581);
#1580 = CARTESIAN_POINT('',(23.381524911668,-23.26430318537,
    17.20760892061));
#1581 = VECTOR('',#1582,1.);
#1582 = DIRECTION('',(3.418459142349E-03,4.463782681317E-04,
    -0.999994057424));
#1583 = PCURVE('',#615,#1584);
#1584 = DEFINITIONAL_REPRESENTATION('',(#1585),#1589);
#1585 = LINE('',#1586,#1587);
#1586 = CARTESIAN_POINT('',(0.,0.));
#1587 = VECTOR('',#1588,1.);
#1588 = DIRECTION('',(-3.418729424681E-03,0.999994156127));
#1589 = ( GEOMETRIC_REPRESENTATION_CONTEXT(2) 
PARAMETRIC_REPRESENTATION_CONTEXT() REPRESENTATION_CONTEXT('2D SPACE',''
  ) );
#1590 = PCURVE('',#1591,#1596);
#1591 = PLANE('',#1592);
#1592 = AXIS2_PLACEMENT_3D('',#1593,#1594,#1595);
#1593 = CARTESIAN_POINT('',(23.381524911668,-23.26430318537,
    17.20760892061));
#1594 = DIRECTION('',(0.999994099441,-3.409679510815E-04,
    3.418307084396E-03));
#1595 = DIRECTION('',(-3.4183072831E-03,5.951367619356E-23,
    0.999994157571));
#1596 = DEFINITIONAL_REPRESENTATION('',(#1597),#1601);
#1597 = LINE('',#1598,#1599);
#1598 = CARTESIAN_POINT('',(0.,-0.));
#1599 = VECTOR('',#1600,1.);
#1600 = DIRECTION('',(-0.999999900373,-4.463782940794E-04));
#1601 = ( GEOMETRIC_REPRESENTATION_CONTEXT(2) 
PARAMETRIC_REPRESENTATION_CONTEXT() REPRESENTATION_CONTEXT('2D SPACE',''
  ) );
#1602 = ADVANCED_FACE('',(#1603),#646,.T.);
#1603 = FACE_BOUND('',#1604,.T.);
#1604 = EDGE_LOOP('',(#1605,#1606,#1634));
#1605 = ORIENTED_EDGE('',*,*,#630,.T.);
#1606 = ORIENTED_EDGE('',*,*,#1607,.T.);
#1607 = EDGE_CURVE('',#516,#1608,#1610,.T.);
#1608 = VERTEX_POINT('',#1609);
#1609 = CARTESIAN_POINT('',(2.001730130553,-8.558392812774,
    17.188237462988));
#1610 = SURFACE_CURVE('',#1611,(#1615,#1622),.PCURVE_S1.);
#1611 = LINE('',#1612,#1613);
#1612 = CARTESIAN_POINT('',(-23.42056446059,-23.28927233797,
    17.254508504631));
#1613 = VECTOR('',#1614,1.);
#1614 = DIRECTION('',(0.865236468022,0.501358920436,-2.255505371362E-03)
  );
#1615 = PCURVE('',#646,#1616);
#1616 = DEFINITIONAL_REPRESENTATION('',(#1617),#1621);
#1617 = LINE('',#1618,#1619);
#1618 = CARTESIAN_POINT('',(4.14280083758E-02,-46.57015917434));
#1619 = VECTOR('',#1620,1.);
#1620 = DIRECTION('',(0.865239368551,0.50135898826));
#1621 = ( GEOMETRIC_REPRESENTATION_CONTEXT(2) 
PARAMETRIC_REPRESENTATION_CONTEXT() REPRESENTATION_CONTEXT('2D SPACE',''
  ) );
#1622 = PCURVE('',#1623,#1628);
#1623 = PLANE('',#1624);
#1624 = AXIS2_PLACEMENT_3D('',#1625,#1626,#1627);
#1625 = CARTESIAN_POINT('',(2.001730130553,-8.558392812774,
    17.188237462988));
#1626 = DIRECTION('',(1.613320544576E-02,-2.334543218367E-02,
    0.999597274145));
#1627 = DIRECTION('',(3.754847228782E-20,0.999727387293,
    2.334847095514E-02));
#1628 = DEFINITIONAL_REPRESENTATION('',(#1629),#1633);
#1629 = LINE('',#1630,#1631);
#1630 = CARTESIAN_POINT('',(-14.72531637276,25.425603698592));
#1631 = VECTOR('',#1632,1.);
#1632 = DIRECTION('',(0.501169581022,-0.865349092019));
#1633 = ( GEOMETRIC_REPRESENTATION_CONTEXT(2) 
PARAMETRIC_REPRESENTATION_CONTEXT() REPRESENTATION_CONTEXT('2D SPACE',''
  ) );
#1634 = ORIENTED_EDGE('',*,*,#1635,.F.);
#1635 = EDGE_CURVE('',#631,#1608,#1636,.T.);
#1636 = SURFACE_CURVE('',#1637,(#1641,#1648),.PCURVE_S1.);
#1637 = LINE('',#1638,#1639);
#1638 = CARTESIAN_POINT('',(-23.4620482041,23.280880536346,
    17.230380406079));
#1639 = VECTOR('',#1640,1.);
#1640 = DIRECTION('',(0.624580436484,-0.780959800403,-1.033690187082E-03
    ));
#1641 = PCURVE('',#646,#1642);
#1642 = DEFINITIONAL_REPRESENTATION('',(#1643),#1647);
#1643 = LINE('',#1644,#1645);
#1644 = CARTESIAN_POINT('',(0.,0.));
#1645 = VECTOR('',#1646,1.);
#1646 = DIRECTION('',(0.62458115977,-0.780959906051));
#1647 = ( GEOMETRIC_REPRESENTATION_CONTEXT(2) 
PARAMETRIC_REPRESENTATION_CONTEXT() REPRESENTATION_CONTEXT('2D SPACE',''
  ) );
#1648 = PCURVE('',#1649,#1654);
#1649 = PLANE('',#1650);
#1650 = AXIS2_PLACEMENT_3D('',#1651,#1652,#1653);
#1651 = CARTESIAN_POINT('',(-23.4620482041,23.280880536346,
    17.230380406079));
#1652 = DIRECTION('',(-3.229132804518E-02,-2.714775035385E-02,
    0.999109738609));
#1653 = DIRECTION('',(0.999478114355,6.881678393251E-20,
    3.230323398662E-02));
#1654 = DEFINITIONAL_REPRESENTATION('',(#1655),#1659);
#1655 = LINE('',#1656,#1657);
#1656 = CARTESIAN_POINT('',(0.,0.));
#1657 = VECTOR('',#1658,1.);
#1658 = DIRECTION('',(0.624221085384,-0.781247743396));
#1659 = ( GEOMETRIC_REPRESENTATION_CONTEXT(2) 
PARAMETRIC_REPRESENTATION_CONTEXT() REPRESENTATION_CONTEXT('2D SPACE',''
  ) );
#1660 = ADVANCED_FACE('',(#1661),#531,.T.);
#1661 = FACE_BOUND('',#1662,.T.);
#1662 = EDGE_LOOP('',(#1663,#1691,#1717));
#1663 = ORIENTED_EDGE('',*,*,#1664,.F.);
#1664 = EDGE_CURVE('',#1665,#405,#1667,.T.);
#1665 = VERTEX_POINT('',#1666);
#1666 = CARTESIAN_POINT('',(4.842475905741,-16.18960814341,
    17.208329068764));
#1667 = SURFACE_CURVE('',#1668,(#1672,#1679),.PCURVE_S1.);
#1668 = LINE('',#1669,#1670);
#1669 = CARTESIAN_POINT('',(4.842475905741,-16.18960814341,
    17.208329068764));
#1670 = VECTOR('',#1671,1.);
#1671 = DIRECTION('',(0.97634814692,-0.216130130982,5.662374804001E-03)
  );
#1672 = PCURVE('',#531,#1673);
#1673 = DEFINITIONAL_REPRESENTATION('',(#1674),#1678);
#1674 = LINE('',#1675,#1676);
#1675 = CARTESIAN_POINT('',(0.29085410489,1.313531632551));
#1676 = VECTOR('',#1677,1.);
#1677 = DIRECTION('',(-0.21619245526,-0.976350768059));
#1678 = ( GEOMETRIC_REPRESENTATION_CONTEXT(2) 
PARAMETRIC_REPRESENTATION_CONTEXT() REPRESENTATION_CONTEXT('2D SPACE',''
  ) );
#1679 = PCURVE('',#1680,#1685);
#1680 = PLANE('',#1681);
#1681 = AXIS2_PLACEMENT_3D('',#1682,#1683,#1684);
#1682 = CARTESIAN_POINT('',(6.156004011948,-16.48037840045,
    17.215946933842));
#1683 = DIRECTION('',(0.216193085067,0.976229313649,-1.539081354825E-02)
  );
#1684 = DIRECTION('',(0.976344957399,-0.216218695217,-5.928968986554E-20
    ));
#1685 = DEFINITIONAL_REPRESENTATION('',(#1686),#1690);
#1686 = LINE('',#1687,#1688);
#1687 = CARTESIAN_POINT('',(-1.345326508483,7.618767487934E-03));
#1688 = VECTOR('',#1689,1.);
#1689 = DIRECTION('',(0.999983964829,-5.663045566749E-03));
#1690 = ( GEOMETRIC_REPRESENTATION_CONTEXT(2) 
PARAMETRIC_REPRESENTATION_CONTEXT() REPRESENTATION_CONTEXT('2D SPACE',''
  ) );
#1691 = ORIENTED_EDGE('',*,*,#1692,.F.);
#1692 = EDGE_CURVE('',#516,#1665,#1693,.T.);
#1693 = SURFACE_CURVE('',#1694,(#1698,#1705),.PCURVE_S1.);
#1694 = LINE('',#1695,#1696);
#1695 = CARTESIAN_POINT('',(-23.42056446059,-23.28927233797,
    17.254508504631));
#1696 = VECTOR('',#1697,1.);
#1697 = DIRECTION('',(0.969866912502,0.243630172229,-1.58468113497E-03)
  );
#1698 = PCURVE('',#531,#1699);
#1699 = DEFINITIONAL_REPRESENTATION('',(#1700),#1704);
#1700 = LINE('',#1701,#1702);
#1701 = CARTESIAN_POINT('',(-6.808658219147,29.57664787485));
#1702 = VECTOR('',#1703,1.);
#1703 = DIRECTION('',(0.243624960681,-0.969869516241));
#1704 = ( GEOMETRIC_REPRESENTATION_CONTEXT(2) 
PARAMETRIC_REPRESENTATION_CONTEXT() REPRESENTATION_CONTEXT('2D SPACE',''
  ) );
#1705 = PCURVE('',#1706,#1711);
#1706 = PLANE('',#1707);
#1707 = AXIS2_PLACEMENT_3D('',#1708,#1709,#1710);
#1708 = CARTESIAN_POINT('',(4.842475905741,-16.18960814341,
    17.208329068764));
#1709 = DIRECTION('',(2.970075334965E-03,-5.319234709991E-03,
    0.999981442025));
#1710 = DIRECTION('',(4.415051996419E-22,0.999985852646,
    5.319258171555E-03));
#1711 = DEFINITIONAL_REPRESENTATION('',(#1712),#1716);
#1712 = LINE('',#1713,#1714);
#1713 = CARTESIAN_POINT('',(-7.099318112754,28.26316502621));
#1714 = VECTOR('',#1715,1.);
#1715 = DIRECTION('',(0.243618296179,-0.969871190296));
#1716 = ( GEOMETRIC_REPRESENTATION_CONTEXT(2) 
PARAMETRIC_REPRESENTATION_CONTEXT() REPRESENTATION_CONTEXT('2D SPACE',''
  ) );
#1717 = ORIENTED_EDGE('',*,*,#515,.T.);
#1718 = ADVANCED_FACE('',(#1719),#1706,.T.);
#1719 = FACE_BOUND('',#1720,.T.);
#1720 = EDGE_LOOP('',(#1721,#1749,#1775));
#1721 = ORIENTED_EDGE('',*,*,#1722,.F.);
#1722 = EDGE_CURVE('',#1723,#1665,#1725,.T.);
#1723 = VERTEX_POINT('',#1724);
#1724 = CARTESIAN_POINT('',(3.710142190789,-15.57338203756,
    17.214970159738));
#1725 = SURFACE_CURVE('',#1726,(#1730,#1737),.PCURVE_S1.);
#1726 = LINE('',#1727,#1728);
#1727 = CARTESIAN_POINT('',(3.710142190789,-15.57338203756,
    17.214970159738));
#1728 = VECTOR('',#1729,1.);
#1729 = DIRECTION('',(0.878343454717,-0.478002341139,-5.151448475378E-03
    ));
#1730 = PCURVE('',#1706,#1731);
#1731 = DEFINITIONAL_REPRESENTATION('',(#1732),#1736);
#1732 = LINE('',#1733,#1734);
#1733 = CARTESIAN_POINT('',(0.616252713557,1.132338709339));
#1734 = VECTOR('',#1735,1.);
#1735 = DIRECTION('',(-0.478022980555,-0.878347328829));
#1736 = ( GEOMETRIC_REPRESENTATION_CONTEXT(2) 
PARAMETRIC_REPRESENTATION_CONTEXT() REPRESENTATION_CONTEXT('2D SPACE',''
  ) );
#1737 = PCURVE('',#1738,#1743);
#1738 = PLANE('',#1739);
#1739 = AXIS2_PLACEMENT_3D('',#1740,#1741,#1742);
#1740 = CARTESIAN_POINT('',(4.842475905741,-16.18960814341,
    17.208329068764));
#1741 = DIRECTION('',(0.477998288294,0.878358325428,-2.070878600134E-03)
  );
#1742 = DIRECTION('',(0.878360208871,-0.477999313255,2.548277395895E-22)
  );
#1743 = DEFINITIONAL_REPRESENTATION('',(#1744),#1748);
#1744 = LINE('',#1745,#1746);
#1745 = CARTESIAN_POINT('',(-1.289152533781,-6.641105214687E-03));
#1746 = VECTOR('',#1747,1.);
#1747 = DIRECTION('',(0.999986731144,5.151459521505E-03));
#1748 = ( GEOMETRIC_REPRESENTATION_CONTEXT(2) 
PARAMETRIC_REPRESENTATION_CONTEXT() REPRESENTATION_CONTEXT('2D SPACE',''
  ) );
#1749 = ORIENTED_EDGE('',*,*,#1750,.F.);
#1750 = EDGE_CURVE('',#516,#1723,#1751,.T.);
#1751 = SURFACE_CURVE('',#1752,(#1756,#1763),.PCURVE_S1.);
#1752 = LINE('',#1753,#1754);
#1753 = CARTESIAN_POINT('',(-23.42056446059,-23.28927233797,
    17.254508504631));
#1754 = VECTOR('',#1755,1.);
#1755 = DIRECTION('',(0.961856991303,0.273549197407,-1.401741353377E-03)
  );
#1756 = PCURVE('',#1706,#1757);
#1757 = DEFINITIONAL_REPRESENTATION('',(#1758),#1762);
#1758 = LINE('',#1759,#1760);
#1759 = CARTESIAN_POINT('',(-7.099318112754,28.26316502621));
#1760 = VECTOR('',#1761,1.);
#1761 = DIRECTION('',(0.273537871186,-0.961861233769));
#1762 = ( GEOMETRIC_REPRESENTATION_CONTEXT(2) 
PARAMETRIC_REPRESENTATION_CONTEXT() REPRESENTATION_CONTEXT('2D SPACE',''
  ) );
#1763 = PCURVE('',#1764,#1769);
#1764 = PLANE('',#1765);
#1765 = AXIS2_PLACEMENT_3D('',#1766,#1767,#1768);
#1766 = CARTESIAN_POINT('',(3.710142190789,-15.57338203756,
    17.214970159738));
#1767 = DIRECTION('',(2.229287241376E-03,-2.714403184382E-03,
    0.999993831128));
#1768 = DIRECTION('',(6.40399116809E-22,0.999996315983,
    2.714409929321E-03));
#1769 = DEFINITIONAL_REPRESENTATION('',(#1770),#1774);
#1770 = LINE('',#1771,#1772);
#1771 = CARTESIAN_POINT('',(-7.715754551655,27.130774067664));
#1772 = VECTOR('',#1773,1.);
#1773 = DIRECTION('',(0.273544384746,-0.961859381393));
#1774 = ( GEOMETRIC_REPRESENTATION_CONTEXT(2) 
PARAMETRIC_REPRESENTATION_CONTEXT() REPRESENTATION_CONTEXT('2D SPACE',''
  ) );
#1775 = ORIENTED_EDGE('',*,*,#1692,.T.);
#1776 = ADVANCED_FACE('',(#1777),#1764,.T.);
#1777 = FACE_BOUND('',#1778,.T.);
#1778 = EDGE_LOOP('',(#1779,#1807,#1833));
#1779 = ORIENTED_EDGE('',*,*,#1780,.F.);
#1780 = EDGE_CURVE('',#1781,#1723,#1783,.T.);
#1781 = VERTEX_POINT('',#1782);
#1782 = CARTESIAN_POINT('',(2.667347002176,-14.71441272746,
    17.219626467502));
#1783 = SURFACE_CURVE('',#1784,(#1788,#1795),.PCURVE_S1.);
#1784 = LINE('',#1785,#1786);
#1785 = CARTESIAN_POINT('',(2.667347002176,-14.71441272746,
    17.219626467502));
#1786 = VECTOR('',#1787,1.);
#1787 = DIRECTION('',(0.771854163456,-0.635790273608,-3.446497043074E-03
    ));
#1788 = PCURVE('',#1764,#1789);
#1789 = DEFINITIONAL_REPRESENTATION('',(#1790),#1794);
#1790 = LINE('',#1791,#1792);
#1791 = CARTESIAN_POINT('',(0.858978784775,1.042797779824));
#1792 = VECTOR('',#1793,1.);
#1793 = DIRECTION('',(-0.635797286551,-0.771856081413));
#1794 = ( GEOMETRIC_REPRESENTATION_CONTEXT(2) 
PARAMETRIC_REPRESENTATION_CONTEXT() REPRESENTATION_CONTEXT('2D SPACE',''
  ) );
#1795 = PCURVE('',#1796,#1801);
#1796 = PLANE('',#1797);
#1797 = AXIS2_PLACEMENT_3D('',#1798,#1799,#1800);
#1798 = CARTESIAN_POINT('',(3.710142190789,-15.57338203756,
    17.214970159738));
#1799 = DIRECTION('',(0.635789902439,0.77186099486,-1.343343189015E-03)
  );
#1800 = DIRECTION('',(0.7718616913,-0.635790476104,2.003594038505E-20));
#1801 = DEFINITIONAL_REPRESENTATION('',(#1802),#1806);
#1802 = LINE('',#1803,#1804);
#1803 = CARTESIAN_POINT('',(-1.351018164593,-4.656311965472E-03));
#1804 = VECTOR('',#1805,1.);
#1805 = DIRECTION('',(0.999994060801,3.446500152802E-03));
#1806 = ( GEOMETRIC_REPRESENTATION_CONTEXT(2) 
PARAMETRIC_REPRESENTATION_CONTEXT() REPRESENTATION_CONTEXT('2D SPACE',''
  ) );
#1807 = ORIENTED_EDGE('',*,*,#1808,.F.);
#1808 = EDGE_CURVE('',#516,#1781,#1809,.T.);
#1809 = SURFACE_CURVE('',#1810,(#1814,#1821),.PCURVE_S1.);
#1810 = LINE('',#1811,#1812);
#1811 = CARTESIAN_POINT('',(-23.42056446059,-23.28927233797,
    17.254508504631));
#1812 = VECTOR('',#1813,1.);
#1813 = DIRECTION('',(0.949997313217,0.312255490549,-1.270237427742E-03)
  );
#1814 = PCURVE('',#1764,#1815);
#1815 = DEFINITIONAL_REPRESENTATION('',(#1816),#1820);
#1816 = LINE('',#1817,#1818);
#1817 = CARTESIAN_POINT('',(-7.715754551655,27.130774067664));
#1818 = VECTOR('',#1819,1.);
#1819 = DIRECTION('',(0.312250892249,-0.949999673837));
#1820 = ( GEOMETRIC_REPRESENTATION_CONTEXT(2) 
PARAMETRIC_REPRESENTATION_CONTEXT() REPRESENTATION_CONTEXT('2D SPACE',''
  ) );
#1821 = PCURVE('',#1822,#1827);
#1822 = PLANE('',#1823);
#1823 = AXIS2_PLACEMENT_3D('',#1824,#1825,#1826);
#1824 = CARTESIAN_POINT('',(1.936730831345,-13.62849709484,
    17.258183901397));
#1825 = DIRECTION('',(1.064729746556E-02,-2.832695849551E-02,
    0.99954200436));
#1826 = DIRECTION('',(4.672227040884E-21,0.999598665688,
    2.832856427406E-02));
#1827 = DEFINITIONAL_REPRESENTATION('',(#1828),#1832);
#1828 = LINE('',#1829,#1830);
#1829 = CARTESIAN_POINT('',(-9.657002161258,25.358732728328));
#1830 = VECTOR('',#1831,1.);
#1831 = DIRECTION('',(0.312094187704,-0.950051165991));
#1832 = ( GEOMETRIC_REPRESENTATION_CONTEXT(2) 
PARAMETRIC_REPRESENTATION_CONTEXT() REPRESENTATION_CONTEXT('2D SPACE',''
  ) );
#1833 = ORIENTED_EDGE('',*,*,#1750,.T.);
#1834 = ADVANCED_FACE('',(#1835),#1822,.T.);
#1835 = FACE_BOUND('',#1836,.T.);
#1836 = EDGE_LOOP('',(#1837,#1865,#1866));
#1837 = ORIENTED_EDGE('',*,*,#1838,.F.);
#1838 = EDGE_CURVE('',#516,#1839,#1841,.T.);
#1839 = VERTEX_POINT('',#1840);
#1840 = CARTESIAN_POINT('',(1.936730831345,-13.62849709484,
    17.258183901397));
#1841 = SURFACE_CURVE('',#1842,(#1846,#1853),.PCURVE_S1.);
#1842 = LINE('',#1843,#1844);
#1843 = CARTESIAN_POINT('',(-23.42056446059,-23.28927233797,
    17.254508504631));
#1844 = VECTOR('',#1845,1.);
#1845 = DIRECTION('',(0.934477265551,0.356022782728,1.354472029027E-04)
  );
#1846 = PCURVE('',#1822,#1847);
#1847 = DEFINITIONAL_REPRESENTATION('',(#1848),#1852);
#1848 = LINE('',#1849,#1850);
#1849 = CARTESIAN_POINT('',(-9.657002161258,25.358732728328));
#1850 = VECTOR('',#1851,1.);
#1851 = DIRECTION('',(0.355883735595,-0.934530238536));
#1852 = ( GEOMETRIC_REPRESENTATION_CONTEXT(2) 
PARAMETRIC_REPRESENTATION_CONTEXT() REPRESENTATION_CONTEXT('2D SPACE',''
  ) );
#1853 = PCURVE('',#1854,#1859);
#1854 = PLANE('',#1855);
#1855 = AXIS2_PLACEMENT_3D('',#1856,#1857,#1858);
#1856 = CARTESIAN_POINT('',(1.50010997853,-12.39981150823,
    17.204971155898));
#1857 = DIRECTION('',(-1.464796772518E-02,3.806739062278E-02,
    0.999167809136));
#1858 = DIRECTION('',(1.402895945543E-21,0.999275018589,
    -3.807147520606E-02));
#1859 = DEFINITIONAL_REPRESENTATION('',(#1860),#1864);
#1860 = LINE('',#1861,#1862);
#1861 = CARTESIAN_POINT('',(-10.883452133,24.923348396249));
#1862 = VECTOR('',#1863,1.);
#1863 = DIRECTION('',(0.355759516154,-0.93457753379));
#1864 = ( GEOMETRIC_REPRESENTATION_CONTEXT(2) 
PARAMETRIC_REPRESENTATION_CONTEXT() REPRESENTATION_CONTEXT('2D SPACE',''
  ) );
#1865 = ORIENTED_EDGE('',*,*,#1808,.T.);
#1866 = ORIENTED_EDGE('',*,*,#1867,.F.);
#1867 = EDGE_CURVE('',#1839,#1781,#1868,.T.);
#1868 = SURFACE_CURVE('',#1869,(#1873,#1880),.PCURVE_S1.);
#1869 = LINE('',#1870,#1871);
#1870 = CARTESIAN_POINT('',(1.936730831345,-13.62849709484,
    17.258183901397));
#1871 = VECTOR('',#1872,1.);
#1872 = DIRECTION('',(0.557982538398,-0.829330071471,-2.944689112831E-02
    ));
#1873 = PCURVE('',#1822,#1874);
#1874 = DEFINITIONAL_REPRESENTATION('',(#1875),#1879);
#1875 = LINE('',#1876,#1877);
#1876 = CARTESIAN_POINT('',(0.,0.));
#1877 = VECTOR('',#1878,1.);
#1878 = DIRECTION('',(-0.829831421005,-0.558014168917));
#1879 = ( GEOMETRIC_REPRESENTATION_CONTEXT(2) 
PARAMETRIC_REPRESENTATION_CONTEXT() REPRESENTATION_CONTEXT('2D SPACE',''
  ) );
#1880 = PCURVE('',#1881,#1886);
#1881 = PLANE('',#1882);
#1882 = AXIS2_PLACEMENT_3D('',#1883,#1884,#1885);
#1883 = CARTESIAN_POINT('',(2.667347002176,-14.71441272746,
    17.219626467502));
#1884 = DIRECTION('',(0.829697424191,0.558213192441,4.648391957266E-04)
  );
#1885 = DIRECTION('',(-0.558213252749,0.82969751383,4.506033771693E-20)
  );
#1886 = DEFINITIONAL_REPRESENTATION('',(#1887),#1891);
#1887 = LINE('',#1888,#1889);
#1888 = CARTESIAN_POINT('',(1.30882112984,3.8557438061E-02));
#1889 = VECTOR('',#1890,1.);
#1890 = DIRECTION('',(-0.99956634618,-2.944689430968E-02));
#1891 = ( GEOMETRIC_REPRESENTATION_CONTEXT(2) 
PARAMETRIC_REPRESENTATION_CONTEXT() REPRESENTATION_CONTEXT('2D SPACE',''
  ) );
#1892 = ADVANCED_FACE('',(#1893),#1854,.T.);
#1893 = FACE_BOUND('',#1894,.T.);
#1894 = EDGE_LOOP('',(#1895,#1923,#1924));
#1895 = ORIENTED_EDGE('',*,*,#1896,.F.);
#1896 = EDGE_CURVE('',#516,#1897,#1899,.T.);
#1897 = VERTEX_POINT('',#1898);
#1898 = CARTESIAN_POINT('',(1.50010997853,-12.39981150823,
    17.204971155898));
#1899 = SURFACE_CURVE('',#1900,(#1904,#1911),.PCURVE_S1.);
#1900 = LINE('',#1901,#1902);
#1901 = CARTESIAN_POINT('',(-23.42056446059,-23.28927233797,
    17.254508504631));
#1902 = VECTOR('',#1903,1.);
#1903 = DIRECTION('',(0.916335767702,0.400406597087,-1.821493418701E-03)
  );
#1904 = PCURVE('',#1854,#1905);
#1905 = DEFINITIONAL_REPRESENTATION('',(#1906),#1910);
#1906 = LINE('',#1907,#1908);
#1907 = CARTESIAN_POINT('',(-10.883452133,24.923348396249));
#1908 = VECTOR('',#1909,1.);
#1909 = DIRECTION('',(0.400185656689,-0.916434089382));
#1910 = ( GEOMETRIC_REPRESENTATION_CONTEXT(2) 
PARAMETRIC_REPRESENTATION_CONTEXT() REPRESENTATION_CONTEXT('2D SPACE',''
  ) );
#1911 = PCURVE('',#1912,#1917);
#1912 = PLANE('',#1913);
#1913 = AXIS2_PLACEMENT_3D('',#1914,#1915,#1916);
#1914 = CARTESIAN_POINT('',(1.328010476597,-11.08941826439,
    17.177555401796));
#1915 = DIRECTION('',(-6.764479351809E-03,2.002869281546E-02,
    0.99977652167));
#1916 = DIRECTION('',(2.246240832674E-20,0.999799396433,
    -2.002915106946E-02));
#1917 = DEFINITIONAL_REPRESENTATION('',(#1918),#1922);
#1918 = LINE('',#1919,#1920);
#1919 = CARTESIAN_POINT('',(-12.19894804465,24.749141181508));
#1920 = VECTOR('',#1921,1.);
#1921 = DIRECTION('',(0.400362757062,-0.916356733351));
#1922 = ( GEOMETRIC_REPRESENTATION_CONTEXT(2) 
PARAMETRIC_REPRESENTATION_CONTEXT() REPRESENTATION_CONTEXT('2D SPACE',''
  ) );
#1923 = ORIENTED_EDGE('',*,*,#1838,.T.);
#1924 = ORIENTED_EDGE('',*,*,#1925,.F.);
#1925 = EDGE_CURVE('',#1897,#1839,#1926,.T.);
#1926 = SURFACE_CURVE('',#1927,(#1931,#1938),.PCURVE_S1.);
#1927 = LINE('',#1928,#1929);
#1928 = CARTESIAN_POINT('',(1.50010997853,-12.39981150823,
    17.204971155898));
#1929 = VECTOR('',#1930,1.);
#1930 = DIRECTION('',(0.334564302472,-0.941490388269,4.077470181679E-02)
  );
#1931 = PCURVE('',#1854,#1932);
#1932 = DEFINITIONAL_REPRESENTATION('',(#1933),#1937);
#1933 = LINE('',#1934,#1935);
#1934 = CARTESIAN_POINT('',(0.,-0.));
#1935 = VECTOR('',#1936,1.);
#1936 = DIRECTION('',(-0.942360178288,-0.334600200803));
#1937 = ( GEOMETRIC_REPRESENTATION_CONTEXT(2) 
PARAMETRIC_REPRESENTATION_CONTEXT() REPRESENTATION_CONTEXT('2D SPACE',''
  ) );
#1938 = PCURVE('',#1939,#1944);
#1939 = PLANE('',#1940);
#1940 = AXIS2_PLACEMENT_3D('',#1941,#1942,#1943);
#1941 = CARTESIAN_POINT('',(1.936730831345,-13.62849709484,
    17.258183901397));
#1942 = DIRECTION('',(0.942316427532,0.334704721208,-3.535534372127E-03)
  );
#1943 = DIRECTION('',(-0.334706813133,0.942322317067,-2.389470710478E-20
    ));
#1944 = DEFINITIONAL_REPRESENTATION('',(#1945),#1949);
#1945 = LINE('',#1946,#1947);
#1946 = CARTESIAN_POINT('',(1.303957823116,-5.321307808186E-02));
#1947 = VECTOR('',#1948,1.);
#1948 = DIRECTION('',(-0.999168355638,4.077495666113E-02));
#1949 = ( GEOMETRIC_REPRESENTATION_CONTEXT(2) 
PARAMETRIC_REPRESENTATION_CONTEXT() REPRESENTATION_CONTEXT('2D SPACE',''
  ) );
#1950 = ADVANCED_FACE('',(#1951),#1912,.T.);
#1951 = FACE_BOUND('',#1952,.T.);
#1952 = EDGE_LOOP('',(#1953,#1981,#1982));
#1953 = ORIENTED_EDGE('',*,*,#1954,.F.);
#1954 = EDGE_CURVE('',#516,#1955,#1957,.T.);
#1955 = VERTEX_POINT('',#1956);
#1956 = CARTESIAN_POINT('',(1.328010476597,-11.08941826439,
    17.177555401796));
#1957 = SURFACE_CURVE('',#1958,(#1962,#1969),.PCURVE_S1.);
#1958 = LINE('',#1959,#1960);
#1959 = CARTESIAN_POINT('',(-23.42056446059,-23.28927233797,
    17.254508504631));
#1960 = VECTOR('',#1961,1.);
#1961 = DIRECTION('',(0.896938140731,0.442147253234,-2.788935247996E-03)
  );
#1962 = PCURVE('',#1912,#1963);
#1963 = DEFINITIONAL_REPRESENTATION('',(#1964),#1968);
#1964 = LINE('',#1965,#1966);
#1965 = CARTESIAN_POINT('',(-12.19894804465,24.749141181508));
#1966 = VECTOR('',#1967,1.);
#1967 = DIRECTION('',(0.442114416923,-0.896958662564));
#1968 = ( GEOMETRIC_REPRESENTATION_CONTEXT(2) 
PARAMETRIC_REPRESENTATION_CONTEXT() REPRESENTATION_CONTEXT('2D SPACE',''
  ) );
#1969 = PCURVE('',#1970,#1975);
#1970 = PLANE('',#1971);
#1971 = AXIS2_PLACEMENT_3D('',#1972,#1973,#1974);
#1972 = CARTESIAN_POINT('',(1.502040121941,-9.819682547613,
    17.166845095328));
#1973 = DIRECTION('',(-1.124631293521E-03,8.588892698906E-03,
    0.99996248236));
#1974 = DIRECTION('',(8.551320679433E-22,0.999963114734,
    -8.588898130508E-03));
#1975 = DEFINITIONAL_REPRESENTATION('',(#1976),#1980);
#1976 = LINE('',#1977,#1978);
#1977 = CARTESIAN_POINT('',(-13.46984589305,24.92262034355));
#1978 = VECTOR('',#1979,1.);
#1979 = DIRECTION('',(0.442154898396,-0.896938707953));
#1980 = ( GEOMETRIC_REPRESENTATION_CONTEXT(2) 
PARAMETRIC_REPRESENTATION_CONTEXT() REPRESENTATION_CONTEXT('2D SPACE',''
  ) );
#1981 = ORIENTED_EDGE('',*,*,#1896,.T.);
#1982 = ORIENTED_EDGE('',*,*,#1983,.F.);
#1983 = EDGE_CURVE('',#1955,#1897,#1984,.T.);
#1984 = SURFACE_CURVE('',#1985,(#1989,#1996),.PCURVE_S1.);
#1985 = LINE('',#1986,#1987);
#1986 = CARTESIAN_POINT('',(1.328010476597,-11.08941826439,
    17.177555401796));
#1987 = VECTOR('',#1988,1.);
#1988 = DIRECTION('',(0.130188008027,-0.991272398996,2.073917922522E-02)
  );
#1989 = PCURVE('',#1912,#1990);
#1990 = DEFINITIONAL_REPRESENTATION('',(#1991),#1995);
#1991 = LINE('',#1992,#1993);
#1992 = CARTESIAN_POINT('',(0.,-0.));
#1993 = VECTOR('',#1994,1.);
#1994 = DIRECTION('',(-0.99148893437,-0.130190986713));
#1995 = ( GEOMETRIC_REPRESENTATION_CONTEXT(2) 
PARAMETRIC_REPRESENTATION_CONTEXT() REPRESENTATION_CONTEXT('2D SPACE',''
  ) );
#1996 = PCURVE('',#1997,#2002);
#1997 = PLANE('',#1998);
#1998 = AXIS2_PLACEMENT_3D('',#1999,#2000,#2001);
#1999 = CARTESIAN_POINT('',(1.50010997853,-12.39981150823,
    17.204971155898));
#2000 = DIRECTION('',(0.991489181901,0.1301482481,-3.261240568409E-03));
#2001 = DIRECTION('',(-0.130148940214,0.991494454529,-3.543605757265E-20
    ));
#2002 = DEFINITIONAL_REPRESENTATION('',(#2003),#2007);
#2003 = LINE('',#2004,#2005);
#2004 = CARTESIAN_POINT('',(1.321646202305,-2.741589989639E-02));
#2005 = VECTOR('',#2006,1.);
#2006 = DIRECTION('',(-0.999784917805,2.073928951384E-02));
#2007 = ( GEOMETRIC_REPRESENTATION_CONTEXT(2) 
PARAMETRIC_REPRESENTATION_CONTEXT() REPRESENTATION_CONTEXT('2D SPACE',''
  ) );
#2008 = ADVANCED_FACE('',(#2009),#1970,.T.);
#2009 = FACE_BOUND('',#2010,.T.);
#2010 = EDGE_LOOP('',(#2011,#2034,#2035));
#2011 = ORIENTED_EDGE('',*,*,#2012,.F.);
#2012 = EDGE_CURVE('',#516,#2013,#2015,.T.);
#2013 = VERTEX_POINT('',#2014);
#2014 = CARTESIAN_POINT('',(1.502040121941,-9.819682547613,
    17.166845095328));
#2015 = SURFACE_CURVE('',#2016,(#2020,#2027),.PCURVE_S1.);
#2016 = LINE('',#2017,#2018);
#2017 = CARTESIAN_POINT('',(-23.42056446059,-23.28927233797,
    17.254508504631));
#2018 = VECTOR('',#2019,1.);
#2019 = DIRECTION('',(0.879733136651,0.475457708942,-3.094395923977E-03)
  );
#2020 = PCURVE('',#1970,#2021);
#2021 = DEFINITIONAL_REPRESENTATION('',(#2022),#2026);
#2022 = LINE('',#2023,#2024);
#2023 = CARTESIAN_POINT('',(-13.46984589305,24.92262034355));
#2024 = VECTOR('',#2025,1.);
#2025 = DIRECTION('',(0.475466749009,-0.879733692993));
#2026 = ( GEOMETRIC_REPRESENTATION_CONTEXT(2) 
PARAMETRIC_REPRESENTATION_CONTEXT() REPRESENTATION_CONTEXT('2D SPACE',''
  ) );
#2027 = PCURVE('',#1623,#2028);
#2028 = DEFINITIONAL_REPRESENTATION('',(#2029),#2033);
#2029 = LINE('',#2030,#2031);
#2030 = CARTESIAN_POINT('',(-14.72531637276,25.425603698592));
#2031 = VECTOR('',#2032,1.);
#2032 = DIRECTION('',(0.475255843715,-0.879847647615));
#2033 = ( GEOMETRIC_REPRESENTATION_CONTEXT(2) 
PARAMETRIC_REPRESENTATION_CONTEXT() REPRESENTATION_CONTEXT('2D SPACE',''
  ) );
#2034 = ORIENTED_EDGE('',*,*,#1954,.T.);
#2035 = ORIENTED_EDGE('',*,*,#2036,.T.);
#2036 = EDGE_CURVE('',#1955,#2013,#2037,.T.);
#2037 = SURFACE_CURVE('',#2038,(#2042,#2049),.PCURVE_S1.);
#2038 = LINE('',#2039,#2040);
#2039 = CARTESIAN_POINT('',(1.328010476597,-11.08941826439,
    17.177555401796));
#2040 = VECTOR('',#2041,1.);
#2041 = DIRECTION('',(0.135785496302,0.990703015766,-8.356646802222E-03)
  );
#2042 = PCURVE('',#1970,#2043);
#2043 = DEFINITIONAL_REPRESENTATION('',(#2044),#2048);
#2044 = LINE('',#2045,#2046);
#2045 = CARTESIAN_POINT('',(-1.269780871975,0.1740297554));
#2046 = VECTOR('',#2047,1.);
#2047 = DIRECTION('',(0.99073824781,-0.135785582172));
#2048 = ( GEOMETRIC_REPRESENTATION_CONTEXT(2) 
PARAMETRIC_REPRESENTATION_CONTEXT() REPRESENTATION_CONTEXT('2D SPACE',''
  ) );
#2049 = PCURVE('',#2050,#2055);
#2050 = PLANE('',#2051);
#2051 = AXIS2_PLACEMENT_3D('',#2052,#2053,#2054);
#2052 = CARTESIAN_POINT('',(1.328010476597,-11.08941826439,
    17.177555401796));
#2053 = DIRECTION('',(0.990737975349,-0.135774237857,1.902770310939E-03)
  );
#2054 = DIRECTION('',(0.135774483645,0.990739768855,9.276150945936E-21)
  );
#2055 = DEFINITIONAL_REPRESENTATION('',(#2056),#2060);
#2056 = LINE('',#2057,#2058);
#2057 = CARTESIAN_POINT('',(0.,0.));
#2058 = VECTOR('',#2059,1.);
#2059 = DIRECTION('',(0.999965082491,-8.356661930028E-03));
#2060 = ( GEOMETRIC_REPRESENTATION_CONTEXT(2) 
PARAMETRIC_REPRESENTATION_CONTEXT() REPRESENTATION_CONTEXT('2D SPACE',''
  ) );
#2061 = ADVANCED_FACE('',(#2062),#1623,.T.);
#2062 = FACE_BOUND('',#2063,.T.);
#2063 = EDGE_LOOP('',(#2064,#2065,#2066));
#2064 = ORIENTED_EDGE('',*,*,#1607,.F.);
#2065 = ORIENTED_EDGE('',*,*,#2012,.T.);
#2066 = ORIENTED_EDGE('',*,*,#2067,.T.);
#2067 = EDGE_CURVE('',#2013,#1608,#2068,.T.);
#2068 = SURFACE_CURVE('',#2069,(#2073,#2080),.PCURVE_S1.);
#2069 = LINE('',#2070,#2071);
#2070 = CARTESIAN_POINT('',(1.502040121941,-9.819682547613,
    17.166845095328));
#2071 = VECTOR('',#2072,1.);
#2072 = DIRECTION('',(0.368276346895,0.929582677093,1.576638091115E-02)
  );
#2073 = PCURVE('',#1623,#2074);
#2074 = DEFINITIONAL_REPRESENTATION('',(#2075),#2079);
#2075 = LINE('',#2076,#2077);
#2076 = CARTESIAN_POINT('',(-1.261445370305,0.499755051046));
#2077 = VECTOR('',#2078,1.);
#2078 = DIRECTION('',(0.92969738193,-0.368324283795));
#2079 = ( GEOMETRIC_REPRESENTATION_CONTEXT(2) 
PARAMETRIC_REPRESENTATION_CONTEXT() REPRESENTATION_CONTEXT('2D SPACE',''
  ) );
#2080 = PCURVE('',#2081,#2086);
#2081 = PLANE('',#2082);
#2082 = AXIS2_PLACEMENT_3D('',#2083,#2084,#2085);
#2083 = CARTESIAN_POINT('',(1.502040121941,-9.819682547613,
    17.166845095328));
#2084 = DIRECTION('',(0.929706259331,-0.368140287254,-1.090872412977E-02
    ));
#2085 = DIRECTION('',(0.368162193605,0.929761581912,3.150621004548E-19)
  );
#2086 = DEFINITIONAL_REPRESENTATION('',(#2087),#2091);
#2087 = LINE('',#2088,#2089);
#2088 = CARTESIAN_POINT('',(0.,0.));
#2089 = VECTOR('',#2090,1.);
#2090 = DIRECTION('',(0.999875688098,1.576731909662E-02));
#2091 = ( GEOMETRIC_REPRESENTATION_CONTEXT(2) 
PARAMETRIC_REPRESENTATION_CONTEXT() REPRESENTATION_CONTEXT('2D SPACE',''
  ) );
#2092 = ADVANCED_FACE('',(#2093),#1649,.T.);
#2093 = FACE_BOUND('',#2094,.T.);
#2094 = EDGE_LOOP('',(#2095,#2096,#2124));
#2095 = ORIENTED_EDGE('',*,*,#1635,.T.);
#2096 = ORIENTED_EDGE('',*,*,#2097,.T.);
#2097 = EDGE_CURVE('',#1608,#2098,#2100,.T.);
#2098 = VERTEX_POINT('',#2099);
#2099 = CARTESIAN_POINT('',(2.705897751572,-7.46760003852,
    17.240635188232));
#2100 = SURFACE_CURVE('',#2101,(#2105,#2112),.PCURVE_S1.);
#2101 = LINE('',#2102,#2103);
#2102 = CARTESIAN_POINT('',(2.001730130553,-8.558392812774,
    17.188237462988));
#2103 = VECTOR('',#2104,1.);
#2104 = DIRECTION('',(0.541919751005,0.83946226861,4.032472009496E-02));
#2105 = PCURVE('',#1649,#2106);
#2106 = DEFINITIONAL_REPRESENTATION('',(#2107),#2111);
#2107 = LINE('',#2108,#2109);
#2108 = CARTESIAN_POINT('',(25.449127800919,-31.85101261619));
#2109 = VECTOR('',#2110,1.);
#2110 = DIRECTION('',(0.542939549735,0.839771781697));
#2111 = ( GEOMETRIC_REPRESENTATION_CONTEXT(2) 
PARAMETRIC_REPRESENTATION_CONTEXT() REPRESENTATION_CONTEXT('2D SPACE',''
  ) );
#2112 = PCURVE('',#2113,#2118);
#2113 = PLANE('',#2114);
#2114 = AXIS2_PLACEMENT_3D('',#2115,#2116,#2117);
#2115 = CARTESIAN_POINT('',(2.001730130553,-8.558392812774,
    17.188237462988));
#2116 = DIRECTION('',(0.840323477774,-0.541991588778,-1.00782139191E-02)
  );
#2117 = DIRECTION('',(0.542019116025,0.840366157019,7.209880770804E-19)
  );
#2118 = DEFINITIONAL_REPRESENTATION('',(#2119),#2123);
#2119 = LINE('',#2120,#2121);
#2120 = CARTESIAN_POINT('',(0.,0.));
#2121 = VECTOR('',#2122,1.);
#2122 = DIRECTION('',(0.999186545031,4.032676814987E-02));
#2123 = ( GEOMETRIC_REPRESENTATION_CONTEXT(2) 
PARAMETRIC_REPRESENTATION_CONTEXT() REPRESENTATION_CONTEXT('2D SPACE',''
  ) );
#2124 = ORIENTED_EDGE('',*,*,#2125,.F.);
#2125 = EDGE_CURVE('',#631,#2098,#2126,.T.);
#2126 = SURFACE_CURVE('',#2127,(#2131,#2138),.PCURVE_S1.);
#2127 = LINE('',#2128,#2129);
#2128 = CARTESIAN_POINT('',(-23.4620482041,23.280880536346,
    17.230380406079));
#2129 = VECTOR('',#2130,1.);
#2130 = DIRECTION('',(0.648104623028,-0.761551267547,2.539814065952E-04)
  );
#2131 = PCURVE('',#1649,#2132);
#2132 = DEFINITIONAL_REPRESENTATION('',(#2133),#2137);
#2133 = LINE('',#2134,#2135);
#2134 = CARTESIAN_POINT('',(0.,0.));
#2135 = VECTOR('',#2136,1.);
#2136 = DIRECTION('',(0.647774590949,-0.761832054537));
#2137 = ( GEOMETRIC_REPRESENTATION_CONTEXT(2) 
PARAMETRIC_REPRESENTATION_CONTEXT() REPRESENTATION_CONTEXT('2D SPACE',''
  ) );
#2138 = PCURVE('',#2139,#2144);
#2139 = PLANE('',#2140);
#2140 = AXIS2_PLACEMENT_3D('',#2141,#2142,#2143);
#2141 = CARTESIAN_POINT('',(-23.4620482041,23.280880536346,
    17.230380406079));
#2142 = DIRECTION('',(9.850936988429E-03,8.716940696175E-03,
    0.99991348325));
#2143 = DIRECTION('',(0.999951474656,-9.161797007309E-21,
    -9.851311271754E-03));
#2144 = DEFINITIONAL_REPRESENTATION('',(#2145),#2149);
#2145 = LINE('',#2146,#2147);
#2146 = CARTESIAN_POINT('',(0.,0.));
#2147 = VECTOR('',#2148,1.);
#2148 = DIRECTION('',(0.648070671478,-0.761580202454));
#2149 = ( GEOMETRIC_REPRESENTATION_CONTEXT(2) 
PARAMETRIC_REPRESENTATION_CONTEXT() REPRESENTATION_CONTEXT('2D SPACE',''
  ) );
#2150 = ADVANCED_FACE('',(#2151),#2139,.T.);
#2151 = FACE_BOUND('',#2152,.T.);
#2152 = EDGE_LOOP('',(#2153,#2154,#2182));
#2153 = ORIENTED_EDGE('',*,*,#2125,.T.);
#2154 = ORIENTED_EDGE('',*,*,#2155,.T.);
#2155 = EDGE_CURVE('',#2098,#2156,#2158,.T.);
#2156 = VERTEX_POINT('',#2157);
#2157 = CARTESIAN_POINT('',(3.733963968771,-6.608285434312,
    17.223015653878));
#2158 = SURFACE_CURVE('',#2159,(#2163,#2170),.PCURVE_S1.);
#2159 = LINE('',#2160,#2161);
#2160 = CARTESIAN_POINT('',(2.705897751572,-7.46760003852,
    17.240635188232));
#2161 = VECTOR('',#2162,1.);
#2162 = DIRECTION('',(0.767202446741,0.64127023711,-1.314871517143E-02)
  );
#2163 = PCURVE('',#2139,#2164);
#2164 = DEFINITIONAL_REPRESENTATION('',(#2165),#2169);
#2165 = LINE('',#2166,#2167);
#2166 = CARTESIAN_POINT('',(26.16657512404,-30.74964885394));
#2167 = VECTOR('',#2168,1.);
#2168 = DIRECTION('',(0.767294750064,0.641294601976));
#2169 = ( GEOMETRIC_REPRESENTATION_CONTEXT(2) 
PARAMETRIC_REPRESENTATION_CONTEXT() REPRESENTATION_CONTEXT('2D SPACE',''
  ) );
#2170 = PCURVE('',#2171,#2176);
#2171 = PLANE('',#2172);
#2172 = AXIS2_PLACEMENT_3D('',#2173,#2174,#2175);
#2173 = CARTESIAN_POINT('',(2.705897751572,-7.46760003852,
    17.240635188232));
#2174 = DIRECTION('',(0.641308555721,-0.767281389403,-1.61426019041E-03)
  );
#2175 = DIRECTION('',(-0.767282389109,-0.641309391295,1.817488194556E-19
    ));
#2176 = DEFINITIONAL_REPRESENTATION('',(#2177),#2181);
#2177 = LINE('',#2178,#2179);
#2178 = CARTESIAN_POINT('',(0.,0.));
#2179 = VECTOR('',#2180,1.);
#2180 = DIRECTION('',(-0.999913551683,1.314873230316E-02));
#2181 = ( GEOMETRIC_REPRESENTATION_CONTEXT(2) 
PARAMETRIC_REPRESENTATION_CONTEXT() REPRESENTATION_CONTEXT('2D SPACE',''
  ) );
#2182 = ORIENTED_EDGE('',*,*,#2183,.F.);
#2183 = EDGE_CURVE('',#631,#2156,#2184,.T.);
#2184 = SURFACE_CURVE('',#2185,(#2189,#2196),.PCURVE_S1.);
#2185 = LINE('',#2186,#2187);
#2186 = CARTESIAN_POINT('',(-23.4620482041,23.280880536346,
    17.230380406079));
#2187 = VECTOR('',#2188,1.);
#2188 = DIRECTION('',(0.672998473745,-0.739643847484,-1.822497710213E-04
    ));
#2189 = PCURVE('',#2139,#2190);
#2190 = DEFINITIONAL_REPRESENTATION('',(#2191),#2195);
#2191 = LINE('',#2192,#2193);
#2192 = CARTESIAN_POINT('',(0.,0.));
#2193 = VECTOR('',#2194,1.);
#2194 = DIRECTION('',(0.672967611662,-0.739671950025));
#2195 = ( GEOMETRIC_REPRESENTATION_CONTEXT(2) 
PARAMETRIC_REPRESENTATION_CONTEXT() REPRESENTATION_CONTEXT('2D SPACE',''
  ) );
#2196 = PCURVE('',#2197,#2202);
#2197 = PLANE('',#2198);
#2198 = AXIS2_PLACEMENT_3D('',#2199,#2200,#2201);
#2199 = CARTESIAN_POINT('',(-23.4620482041,23.280880536346,
    17.230380406079));
#2200 = DIRECTION('',(-4.364992265752E-03,-4.218083550389E-03,
    0.999981577137));
#2201 = DIRECTION('',(0.999990473206,-1.27095926509E-21,
    4.36503109774E-03));
#2202 = DEFINITIONAL_REPRESENTATION('',(#2203),#2207);
#2203 = LINE('',#2204,#2205);
#2204 = CARTESIAN_POINT('',(0.,0.));
#2205 = VECTOR('',#2206,1.);
#2206 = DIRECTION('',(0.672991266702,-0.739650427528));
#2207 = ( GEOMETRIC_REPRESENTATION_CONTEXT(2) 
PARAMETRIC_REPRESENTATION_CONTEXT() REPRESENTATION_CONTEXT('2D SPACE',''
  ) );
#2208 = ADVANCED_FACE('',(#2209),#2171,.T.);
#2209 = FACE_BOUND('',#2210,.T.);
#2210 = EDGE_LOOP('',(#2211,#2239,#2265));
#2211 = ORIENTED_EDGE('',*,*,#2212,.T.);
#2212 = EDGE_CURVE('',#2098,#2213,#2215,.T.);
#2213 = VERTEX_POINT('',#2214);
#2214 = CARTESIAN_POINT('',(2.706815549118,-7.455347784327,
    11.781580165208));
#2215 = SURFACE_CURVE('',#2216,(#2220,#2227),.PCURVE_S1.);
#2216 = LINE('',#2217,#2218);
#2217 = CARTESIAN_POINT('',(2.705897751572,-7.46760003852,
    17.240635188232));
#2218 = VECTOR('',#2219,1.);
#2219 = DIRECTION('',(1.681234605703E-04,2.244385357613E-03,
    -0.999997467231));
#2220 = PCURVE('',#2171,#2221);
#2221 = DEFINITIONAL_REPRESENTATION('',(#2222),#2226);
#2222 = LINE('',#2223,#2224);
#2223 = CARTESIAN_POINT('',(0.,0.));
#2224 = VECTOR('',#2225,1.);
#2225 = DIRECTION('',(-1.568343578013E-03,0.999998770148));
#2226 = ( GEOMETRIC_REPRESENTATION_CONTEXT(2) 
PARAMETRIC_REPRESENTATION_CONTEXT() REPRESENTATION_CONTEXT('2D SPACE',''
  ) );
#2227 = PCURVE('',#2228,#2233);
#2228 = PLANE('',#2229);
#2229 = AXIS2_PLACEMENT_3D('',#2230,#2231,#2232);
#2230 = CARTESIAN_POINT('',(2.705897751572,-7.46760003852,
    17.240635188232));
#2231 = DIRECTION('',(0.819771807346,-0.572689153982,-1.147515184923E-03
    ));
#2232 = DIRECTION('',(0.572689531039,0.819772347081,-6.13087588099E-20)
  );
#2233 = DEFINITIONAL_REPRESENTATION('',(#2234),#2238);
#2234 = LINE('',#2235,#2236);
#2235 = CARTESIAN_POINT('',(0.,0.));
#2236 = VECTOR('',#2237,1.);
#2237 = DIRECTION('',(1.936167598155E-03,-0.999998125626));
#2238 = ( GEOMETRIC_REPRESENTATION_CONTEXT(2) 
PARAMETRIC_REPRESENTATION_CONTEXT() REPRESENTATION_CONTEXT('2D SPACE',''
  ) );
#2239 = ORIENTED_EDGE('',*,*,#2240,.T.);
#2240 = EDGE_CURVE('',#2213,#2156,#2241,.T.);
#2241 = SURFACE_CURVE('',#2242,(#2246,#2253),.PCURVE_S1.);
#2242 = LINE('',#2243,#2244);
#2243 = CARTESIAN_POINT('',(2.706815549118,-7.455347784327,
    11.781580165208));
#2244 = VECTOR('',#2245,1.);
#2245 = DIRECTION('',(0.183355733109,0.151208661966,0.971347834549));
#2246 = PCURVE('',#2171,#2247);
#2247 = DEFINITIONAL_REPRESENTATION('',(#2248),#2252);
#2248 = LINE('',#2249,#2250);
#2249 = CARTESIAN_POINT('',(-8.561695572175E-03,5.459062135739));
#2250 = VECTOR('',#2251,1.);
#2251 = DIRECTION('',(-0.237657159921,-0.971349100138));
#2252 = ( GEOMETRIC_REPRESENTATION_CONTEXT(2) 
PARAMETRIC_REPRESENTATION_CONTEXT() REPRESENTATION_CONTEXT('2D SPACE',''
  ) );
#2253 = PCURVE('',#2254,#2259);
#2254 = PLANE('',#2255);
#2255 = AXIS2_PLACEMENT_3D('',#2256,#2257,#2258);
#2256 = CARTESIAN_POINT('',(3.733963968771,-6.608285434312,
    17.223015653878));
#2257 = DIRECTION('',(0.62214949361,-0.78288592404,4.431426507268E-03));
#2258 = DIRECTION('',(-0.782893611131,-0.622155602443,
    -1.101226824198E-19));
#2259 = DEFINITIONAL_REPRESENTATION('',(#2260),#2264);
#2260 = LINE('',#2261,#2262);
#2261 = CARTESIAN_POINT('',(1.33115252211,5.441488917663));
#2262 = VECTOR('',#2263,1.);
#2263 = DIRECTION('',(-0.237623348195,-0.971357372131));
#2264 = ( GEOMETRIC_REPRESENTATION_CONTEXT(2) 
PARAMETRIC_REPRESENTATION_CONTEXT() REPRESENTATION_CONTEXT('2D SPACE',''
  ) );
#2265 = ORIENTED_EDGE('',*,*,#2155,.F.);
#2266 = ADVANCED_FACE('',(#2267),#2228,.T.);
#2267 = FACE_BOUND('',#2268,.T.);
#2268 = EDGE_LOOP('',(#2269,#2292,#2318));
#2269 = ORIENTED_EDGE('',*,*,#2270,.F.);
#2270 = EDGE_CURVE('',#2271,#2098,#2273,.T.);
#2271 = VERTEX_POINT('',#2272);
#2272 = CARTESIAN_POINT('',(1.940150642373,-8.552718678615,
    11.748580883516));
#2273 = SURFACE_CURVE('',#2274,(#2278,#2285),.PCURVE_S1.);
#2274 = LINE('',#2275,#2276);
#2275 = CARTESIAN_POINT('',(1.940150642373,-8.552718678615,
    11.748580883516));
#2276 = VECTOR('',#2277,1.);
#2277 = DIRECTION('',(0.135521946798,0.1920443301,0.971983938763));
#2278 = PCURVE('',#2228,#2279);
#2279 = DEFINITIONAL_REPRESENTATION('',(#2280),#2284);
#2280 = LINE('',#2281,#2282);
#2281 = CARTESIAN_POINT('',(-1.328085607314,-5.492057920664));
#2282 = VECTOR('',#2283,1.);
#2283 = DIRECTION('',(0.235044631387,0.971984578713));
#2284 = ( GEOMETRIC_REPRESENTATION_CONTEXT(2) 
PARAMETRIC_REPRESENTATION_CONTEXT() REPRESENTATION_CONTEXT('2D SPACE',''
  ) );
#2285 = PCURVE('',#2113,#2286);
#2286 = DEFINITIONAL_REPRESENTATION('',(#2287),#2291);
#2287 = LINE('',#2288,#2289);
#2288 = CARTESIAN_POINT('',(-2.860890943084E-02,-5.439932854555));
#2289 = VECTOR('',#2290,1.);
#2290 = DIRECTION('',(0.234843041469,0.97203330492));
#2291 = ( GEOMETRIC_REPRESENTATION_CONTEXT(2) 
PARAMETRIC_REPRESENTATION_CONTEXT() REPRESENTATION_CONTEXT('2D SPACE',''
  ) );
#2292 = ORIENTED_EDGE('',*,*,#2293,.T.);
#2293 = EDGE_CURVE('',#2271,#2213,#2294,.T.);
#2294 = SURFACE_CURVE('',#2295,(#2299,#2306),.PCURVE_S1.);
#2295 = LINE('',#2296,#2297);
#2296 = CARTESIAN_POINT('',(1.940150642373,-8.552718678615,
    11.748580883516));
#2297 = VECTOR('',#2298,1.);
#2298 = DIRECTION('',(0.572538787742,0.81950718755,2.464358100935E-02));
#2299 = PCURVE('',#2228,#2300);
#2300 = DEFINITIONAL_REPRESENTATION('',(#2301),#2305);
#2301 = LINE('',#2302,#2303);
#2302 = CARTESIAN_POINT('',(-1.328085607314,-5.492057920664));
#2303 = VECTOR('',#2304,1.);
#2304 = DIRECTION('',(0.999696300441,2.464359723459E-02));
#2305 = ( GEOMETRIC_REPRESENTATION_CONTEXT(2) 
PARAMETRIC_REPRESENTATION_CONTEXT() REPRESENTATION_CONTEXT('2D SPACE',''
  ) );
#2306 = PCURVE('',#2307,#2312);
#2307 = PLANE('',#2308);
#2308 = AXIS2_PLACEMENT_3D('',#2309,#2310,#2311);
#2309 = CARTESIAN_POINT('',(4.565155903893,-9.120782943898,
    11.792134200707));
#2310 = DIRECTION('',(-2.005895789756E-02,-1.60473483775E-02,
    0.999670005961));
#2311 = DIRECTION('',(0.999798747032,4.736964202171E-20,
    2.006154116174E-02));
#2312 = DEFINITIONAL_REPRESENTATION('',(#2313),#2317);
#2313 = LINE('',#2314,#2315);
#2314 = CARTESIAN_POINT('',(-2.625350718084,0.568137422627));
#2315 = VECTOR('',#2316,1.);
#2316 = DIRECTION('',(0.572917950827,0.81961272661));
#2317 = ( GEOMETRIC_REPRESENTATION_CONTEXT(2) 
PARAMETRIC_REPRESENTATION_CONTEXT() REPRESENTATION_CONTEXT('2D SPACE',''
  ) );
#2318 = ORIENTED_EDGE('',*,*,#2212,.F.);
#2319 = ADVANCED_FACE('',(#2320),#2254,.T.);
#2320 = FACE_BOUND('',#2321,.T.);
#2321 = EDGE_LOOP('',(#2322,#2323,#2351));
#2322 = ORIENTED_EDGE('',*,*,#2240,.F.);
#2323 = ORIENTED_EDGE('',*,*,#2324,.T.);
#2324 = EDGE_CURVE('',#2213,#2325,#2327,.T.);
#2325 = VERTEX_POINT('',#2326);
#2326 = CARTESIAN_POINT('',(3.741759039879,-6.633075938361,
    11.748968826717));
#2327 = SURFACE_CURVE('',#2328,(#2332,#2339),.PCURVE_S1.);
#2328 = LINE('',#2329,#2330);
#2329 = CARTESIAN_POINT('',(2.706815549118,-7.455347784327,
    11.781580165208));
#2330 = VECTOR('',#2331,1.);
#2331 = DIRECTION('',(0.782723451302,0.621880772167,-2.466381946764E-02)
  );
#2332 = PCURVE('',#2254,#2333);
#2333 = DEFINITIONAL_REPRESENTATION('',(#2334),#2338);
#2334 = LINE('',#2335,#2336);
#2335 = CARTESIAN_POINT('',(1.33115252211,5.441488917663));
#2336 = VECTOR('',#2337,1.);
#2337 = DIRECTION('',(-0.999695795762,2.466406163959E-02));
#2338 = ( GEOMETRIC_REPRESENTATION_CONTEXT(2) 
PARAMETRIC_REPRESENTATION_CONTEXT() REPRESENTATION_CONTEXT('2D SPACE',''
  ) );
#2339 = PCURVE('',#2340,#2345);
#2340 = PLANE('',#2341);
#2341 = AXIS2_PLACEMENT_3D('',#2342,#2343,#2344);
#2342 = CARTESIAN_POINT('',(3.741759039879,-6.633075938361,
    11.748968826717));
#2343 = DIRECTION('',(1.402908225491E-02,2.198900044349E-02,
    0.999659776479));
#2344 = DIRECTION('',(-1.702116442643E-20,0.999758165097,
    -2.199116464716E-02));
#2345 = DEFINITIONAL_REPRESENTATION('',(#2346),#2350);
#2346 = LINE('',#2347,#2348);
#2347 = CARTESIAN_POINT('',(-0.822790153248,1.035045352076));
#2348 = VECTOR('',#2349,1.);
#2349 = DIRECTION('',(0.622272765805,-0.78280048859));
#2350 = ( GEOMETRIC_REPRESENTATION_CONTEXT(2) 
PARAMETRIC_REPRESENTATION_CONTEXT() REPRESENTATION_CONTEXT('2D SPACE',''
  ) );
#2351 = ORIENTED_EDGE('',*,*,#2352,.F.);
#2352 = EDGE_CURVE('',#2156,#2325,#2353,.T.);
#2353 = SURFACE_CURVE('',#2354,(#2358,#2365),.PCURVE_S1.);
#2354 = LINE('',#2355,#2356);
#2355 = CARTESIAN_POINT('',(3.733963968771,-6.608285434312,
    17.223015653878));
#2356 = VECTOR('',#2357,1.);
#2357 = DIRECTION('',(1.423989146515E-03,-4.528683345558E-03,
    -0.999988731578));
#2358 = PCURVE('',#2254,#2359);
#2359 = DEFINITIONAL_REPRESENTATION('',(#2360),#2364);
#2360 = LINE('',#2361,#2362);
#2361 = CARTESIAN_POINT('',(-0.,0.));
#2362 = VECTOR('',#2363,1.);
#2363 = DIRECTION('',(1.702713710003E-03,0.999998550382));
#2364 = ( GEOMETRIC_REPRESENTATION_CONTEXT(2) 
PARAMETRIC_REPRESENTATION_CONTEXT() REPRESENTATION_CONTEXT('2D SPACE',''
  ) );
#2365 = PCURVE('',#2366,#2371);
#2366 = PLANE('',#2367);
#2367 = AXIS2_PLACEMENT_3D('',#2368,#2369,#2370);
#2368 = CARTESIAN_POINT('',(3.733963968771,-6.608285434312,
    17.223015653878));
#2369 = DIRECTION('',(0.466376096418,-0.884574206404,4.670123600871E-03)
  );
#2370 = DIRECTION('',(-0.884583852868,-0.466381182345,
    -5.294075325685E-20));
#2371 = DEFINITIONAL_REPRESENTATION('',(#2372),#2376);
#2372 = LINE('',#2373,#2374);
#2373 = CARTESIAN_POINT('',(-0.,0.));
#2374 = VECTOR('',#2375,1.);
#2375 = DIRECTION('',(8.52454887504E-04,0.99999963666));
#2376 = ( GEOMETRIC_REPRESENTATION_CONTEXT(2) 
PARAMETRIC_REPRESENTATION_CONTEXT() REPRESENTATION_CONTEXT('2D SPACE',''
  ) );
#2377 = ADVANCED_FACE('',(#2378),#2366,.T.);
#2378 = FACE_BOUND('',#2379,.T.);
#2379 = EDGE_LOOP('',(#2380,#2381,#2409));
#2380 = ORIENTED_EDGE('',*,*,#2352,.T.);
#2381 = ORIENTED_EDGE('',*,*,#2382,.T.);
#2382 = EDGE_CURVE('',#2325,#2383,#2385,.T.);
#2383 = VERTEX_POINT('',#2384);
#2384 = CARTESIAN_POINT('',(4.908422921669,-5.989031878621,
    17.23075436393));
#2385 = SURFACE_CURVE('',#2386,(#2390,#2397),.PCURVE_S1.);
#2386 = LINE('',#2387,#2388);
#2387 = CARTESIAN_POINT('',(3.741759039879,-6.633075938361,
    11.748968826717));
#2388 = VECTOR('',#2389,1.);
#2389 = DIRECTION('',(0.206802417087,0.114163016738,0.971699318666));
#2390 = PCURVE('',#2366,#2391);
#2391 = DEFINITIONAL_REPRESENTATION('',(#2392),#2396);
#2392 = LINE('',#2393,#2394);
#2393 = CARTESIAN_POINT('',(4.66643055555E-03,5.474106522767));
#2394 = VECTOR('',#2395,1.);
#2395 = DIRECTION('',(-0.236177561616,-0.971709915247));
#2396 = ( GEOMETRIC_REPRESENTATION_CONTEXT(2) 
PARAMETRIC_REPRESENTATION_CONTEXT() REPRESENTATION_CONTEXT('2D SPACE',''
  ) );
#2397 = PCURVE('',#2398,#2403);
#2398 = PLANE('',#2399);
#2399 = AXIS2_PLACEMENT_3D('',#2400,#2401,#2402);
#2400 = CARTESIAN_POINT('',(4.908422921669,-5.989031878621,
    17.23075436393));
#2401 = DIRECTION('',(0.51001043334,-0.860135625046,-7.487617265113E-03)
  );
#2402 = DIRECTION('',(-0.860159737559,-0.510024730658,7.082497007578E-21
    ));
#2403 = DEFINITIONAL_REPRESENTATION('',(#2404),#2408);
#2404 = LINE('',#2405,#2406);
#2405 = CARTESIAN_POINT('',(1.331995696481,5.481939210217));
#2406 = VECTOR('',#2407,1.);
#2407 = DIRECTION('',(-0.236109074671,-0.971726558687));
#2408 = ( GEOMETRIC_REPRESENTATION_CONTEXT(2) 
PARAMETRIC_REPRESENTATION_CONTEXT() REPRESENTATION_CONTEXT('2D SPACE',''
  ) );
#2409 = ORIENTED_EDGE('',*,*,#2410,.F.);
#2410 = EDGE_CURVE('',#2156,#2383,#2411,.T.);
#2411 = SURFACE_CURVE('',#2412,(#2416,#2423),.PCURVE_S1.);
#2412 = LINE('',#2413,#2414);
#2413 = CARTESIAN_POINT('',(3.733963968771,-6.608285434312,
    17.223015653878));
#2414 = VECTOR('',#2415,1.);
#2415 = DIRECTION('',(0.884556132249,0.466397338751,5.828490995909E-03)
  );
#2416 = PCURVE('',#2366,#2417);
#2417 = DEFINITIONAL_REPRESENTATION('',(#2418),#2422);
#2418 = LINE('',#2419,#2420);
#2419 = CARTESIAN_POINT('',(-0.,0.));
#2420 = VECTOR('',#2421,1.);
#2421 = DIRECTION('',(-0.999983013832,-5.828554556802E-03));
#2422 = ( GEOMETRIC_REPRESENTATION_CONTEXT(2) 
PARAMETRIC_REPRESENTATION_CONTEXT() REPRESENTATION_CONTEXT('2D SPACE',''
  ) );
#2423 = PCURVE('',#2197,#2424);
#2424 = DEFINITIONAL_REPRESENTATION('',(#2425),#2429);
#2425 = LINE('',#2426,#2427);
#2426 = CARTESIAN_POINT('',(27.195720934709,-29.88943187164));
#2427 = VECTOR('',#2428,1.);
#2428 = DIRECTION('',(0.88457314681,0.46640148793));
#2429 = ( GEOMETRIC_REPRESENTATION_CONTEXT(2) 
PARAMETRIC_REPRESENTATION_CONTEXT() REPRESENTATION_CONTEXT('2D SPACE',''
  ) );
#2430 = ADVANCED_FACE('',(#2431),#2398,.T.);
#2431 = FACE_BOUND('',#2432,.T.);
#2432 = EDGE_LOOP('',(#2433,#2434,#2462));
#2433 = ORIENTED_EDGE('',*,*,#2382,.F.);
#2434 = ORIENTED_EDGE('',*,*,#2435,.T.);
#2435 = EDGE_CURVE('',#2325,#2436,#2438,.T.);
#2436 = VERTEX_POINT('',#2437);
#2437 = CARTESIAN_POINT('',(4.864783205422,-5.967351809073,
    11.767800086612));
#2438 = SURFACE_CURVE('',#2439,(#2443,#2450),.PCURVE_S1.);
#2439 = LINE('',#2440,#2441);
#2440 = CARTESIAN_POINT('',(3.741759039879,-6.633075938361,
    11.748968826717));
#2441 = VECTOR('',#2442,1.);
#2442 = DIRECTION('',(0.860125343543,0.509878783536,1.442288098821E-02)
  );
#2443 = PCURVE('',#2398,#2444);
#2444 = DEFINITIONAL_REPRESENTATION('',(#2445),#2449);
#2445 = LINE('',#2446,#2447);
#2446 = CARTESIAN_POINT('',(1.331995696481,5.481939210217));
#2447 = VECTOR('',#2448,1.);
#2448 = DIRECTION('',(-0.99989597901,-1.442328531038E-02));
#2449 = ( GEOMETRIC_REPRESENTATION_CONTEXT(2) 
PARAMETRIC_REPRESENTATION_CONTEXT() REPRESENTATION_CONTEXT('2D SPACE',''
  ) );
#2450 = PCURVE('',#2451,#2456);
#2451 = PLANE('',#2452);
#2452 = AXIS2_PLACEMENT_3D('',#2453,#2454,#2455);
#2453 = CARTESIAN_POINT('',(4.864783205422,-5.967351809073,
    11.767800086612));
#2454 = DIRECTION('',(-9.726688419754E-03,-1.187539197312E-02,
    0.999882176358));
#2455 = DIRECTION('',(-6.523746202701E-22,0.999929478374,
    1.187595376931E-02));
#2456 = DEFINITIONAL_REPRESENTATION('',(#2457),#2461);
#2457 = LINE('',#2458,#2459);
#2458 = CARTESIAN_POINT('',(-0.665900820511,1.12307729311));
#2459 = VECTOR('',#2460,1.);
#2460 = DIRECTION('',(0.510014111523,-0.860166034));
#2461 = ( GEOMETRIC_REPRESENTATION_CONTEXT(2) 
PARAMETRIC_REPRESENTATION_CONTEXT() REPRESENTATION_CONTEXT('2D SPACE',''
  ) );
#2462 = ORIENTED_EDGE('',*,*,#2463,.T.);
#2463 = EDGE_CURVE('',#2436,#2383,#2464,.T.);
#2464 = SURFACE_CURVE('',#2465,(#2469,#2476),.PCURVE_S1.);
#2465 = LINE('',#2466,#2467);
#2466 = CARTESIAN_POINT('',(4.864783205422,-5.967351809073,
    11.767800086612));
#2467 = VECTOR('',#2468,1.);
#2468 = DIRECTION('',(7.987981977463E-03,-3.96840354848E-03,
    0.999960221167));
#2469 = PCURVE('',#2398,#2470);
#2470 = DEFINITIONAL_REPRESENTATION('',(#2471),#2475);
#2471 = LINE('',#2472,#2473);
#2472 = CARTESIAN_POINT('',(2.647975524348E-02,5.463107422418));
#2473 = VECTOR('',#2474,1.);
#2474 = DIRECTION('',(-4.846956530401E-03,-0.999988253437));
#2475 = ( GEOMETRIC_REPRESENTATION_CONTEXT(2) 
PARAMETRIC_REPRESENTATION_CONTEXT() REPRESENTATION_CONTEXT('2D SPACE',''
  ) );
#2476 = PCURVE('',#2477,#2482);
#2477 = PLANE('',#2478);
#2478 = AXIS2_PLACEMENT_3D('',#2479,#2480,#2481);
#2479 = CARTESIAN_POINT('',(4.908422921669,-5.989031878621,
    17.23075436393));
#2480 = DIRECTION('',(0.270661871512,-0.962655889276,-5.982487174944E-03
    ));
#2481 = DIRECTION('',(-0.962673116539,-0.270666715157,-4.08514523493E-20
    ));
#2482 = DEFINITIONAL_REPRESENTATION('',(#2483),#2487);
#2483 = LINE('',#2484,#2485);
#2484 = CARTESIAN_POINT('',(3.614270843653E-02,5.463052039926));
#2485 = VECTOR('',#2486,1.);
#2486 = DIRECTION('',(-6.615700752217E-03,-0.999978116012));
#2487 = ( GEOMETRIC_REPRESENTATION_CONTEXT(2) 
PARAMETRIC_REPRESENTATION_CONTEXT() REPRESENTATION_CONTEXT('2D SPACE',''
  ) );
#2488 = ADVANCED_FACE('',(#2489),#2477,.T.);
#2489 = FACE_BOUND('',#2490,.T.);
#2490 = EDGE_LOOP('',(#2491,#2492,#2520));
#2491 = ORIENTED_EDGE('',*,*,#2463,.F.);
#2492 = ORIENTED_EDGE('',*,*,#2493,.T.);
#2493 = EDGE_CURVE('',#2436,#2494,#2496,.T.);
#2494 = VERTEX_POINT('',#2495);
#2495 = CARTESIAN_POINT('',(6.13325071467,-5.610529082853,
    11.739098174924));
#2496 = SURFACE_CURVE('',#2497,(#2501,#2508),.PCURVE_S1.);
#2497 = LINE('',#2498,#2499);
#2498 = CARTESIAN_POINT('',(4.864783205422,-5.967351809073,
    11.767800086612));
#2499 = VECTOR('',#2500,1.);
#2500 = DIRECTION('',(0.962409557611,0.270727945007,-2.177666666962E-02)
  );
#2501 = PCURVE('',#2477,#2502);
#2502 = DEFINITIONAL_REPRESENTATION('',(#2503),#2507);
#2503 = LINE('',#2504,#2505);
#2504 = CARTESIAN_POINT('',(3.614270843653E-02,5.463052039926));
#2505 = VECTOR('',#2506,1.);
#2506 = DIRECTION('',(-0.999762851788,2.17770563752E-02));
#2507 = ( GEOMETRIC_REPRESENTATION_CONTEXT(2) 
PARAMETRIC_REPRESENTATION_CONTEXT() REPRESENTATION_CONTEXT('2D SPACE',''
  ) );
#2508 = PCURVE('',#2509,#2514);
#2509 = PLANE('',#2510);
#2510 = AXIS2_PLACEMENT_3D('',#2511,#2512,#2513);
#2511 = CARTESIAN_POINT('',(6.13325071467,-5.610529082853,
    11.739098174924));
#2512 = DIRECTION('',(2.441631949435E-02,-6.385631214531E-03,
    0.999681482802));
#2513 = DIRECTION('',(0.999701865074,-2.563972953549E-20,
    -2.441681731299E-02));
#2514 = DEFINITIONAL_REPRESENTATION('',(#2515),#2519);
#2515 = LINE('',#2516,#2517);
#2516 = CARTESIAN_POINT('',(-1.268790144115,-0.356830001396));
#2517 = VECTOR('',#2518,1.);
#2518 = DIRECTION('',(0.9626543466,0.270733464816));
#2519 = ( GEOMETRIC_REPRESENTATION_CONTEXT(2) 
PARAMETRIC_REPRESENTATION_CONTEXT() REPRESENTATION_CONTEXT('2D SPACE',''
  ) );
#2520 = ORIENTED_EDGE('',*,*,#2521,.F.);
#2521 = EDGE_CURVE('',#2383,#2494,#2522,.T.);
#2522 = SURFACE_CURVE('',#2523,(#2527,#2534),.PCURVE_S1.);
#2523 = LINE('',#2524,#2525);
#2524 = CARTESIAN_POINT('',(4.908422921669,-5.989031878621,
    17.23075436393));
#2525 = VECTOR('',#2526,1.);
#2526 = DIRECTION('',(0.217194832109,6.711870162431E-02,-0.973817993671)
  );
#2527 = PCURVE('',#2477,#2528);
#2528 = DEFINITIONAL_REPRESENTATION('',(#2529),#2533);
#2529 = LINE('',#2530,#2531);
#2530 = CARTESIAN_POINT('',(-0.,0.));
#2531 = VECTOR('',#2532,1.);
#2532 = DIRECTION('',(-0.227254424417,0.973835420686));
#2533 = ( GEOMETRIC_REPRESENTATION_CONTEXT(2) 
PARAMETRIC_REPRESENTATION_CONTEXT() REPRESENTATION_CONTEXT('2D SPACE',''
  ) );
#2534 = PCURVE('',#2535,#2540);
#2535 = PLANE('',#2536);
#2536 = AXIS2_PLACEMENT_3D('',#2537,#2538,#2539);
#2537 = CARTESIAN_POINT('',(4.908422921669,-5.989031878621,
    17.23075436393));
#2538 = DIRECTION('',(0.271039905322,-0.962550085581,-5.890880327235E-03
    ));
#2539 = DIRECTION('',(-0.962566787449,-0.271044608322,
    -5.250503223888E-21));
#2540 = DEFINITIONAL_REPRESENTATION('',(#2541),#2545);
#2541 = LINE('',#2542,#2543);
#2542 = CARTESIAN_POINT('',(-0.,0.));
#2543 = VECTOR('',#2544,1.);
#2544 = DIRECTION('',(-0.227256693987,0.973834891056));
#2545 = ( GEOMETRIC_REPRESENTATION_CONTEXT(2) 
PARAMETRIC_REPRESENTATION_CONTEXT() REPRESENTATION_CONTEXT('2D SPACE',''
  ) );
#2546 = ADVANCED_FACE('',(#2547),#2535,.T.);
#2547 = FACE_BOUND('',#2548,.T.);
#2548 = EDGE_LOOP('',(#2549,#2550,#2578));
#2549 = ORIENTED_EDGE('',*,*,#2521,.T.);
#2550 = ORIENTED_EDGE('',*,*,#2551,.T.);
#2551 = EDGE_CURVE('',#2494,#2552,#2554,.T.);
#2552 = VERTEX_POINT('',#2553);
#2553 = CARTESIAN_POINT('',(6.156550801737,-5.637411096427,
    17.203568011478));
#2554 = SURFACE_CURVE('',#2555,(#2559,#2566),.PCURVE_S1.);
#2555 = LINE('',#2556,#2557);
#2556 = CARTESIAN_POINT('',(6.13325071467,-5.610529082853,
    11.739098174924));
#2557 = VECTOR('',#2558,1.);
#2558 = DIRECTION('',(4.263834192786E-03,-4.919314177374E-03,
    0.999978809808));
#2559 = PCURVE('',#2535,#2560);
#2560 = DEFINITIONAL_REPRESENTATION('',(#2561),#2565);
#2561 = LINE('',#2562,#2563);
#2562 = CARTESIAN_POINT('',(-1.281569695914,5.491751478506));
#2563 = VECTOR('',#2564,1.);
#2564 = DIRECTION('',(-2.770871596746E-03,-0.999996161128));
#2565 = ( GEOMETRIC_REPRESENTATION_CONTEXT(2) 
PARAMETRIC_REPRESENTATION_CONTEXT() REPRESENTATION_CONTEXT('2D SPACE',''
  ) );
#2566 = PCURVE('',#2567,#2572);
#2567 = PLANE('',#2568);
#2568 = AXIS2_PLACEMENT_3D('',#2569,#2570,#2571);
#2569 = CARTESIAN_POINT('',(6.156550801737,-5.637411096427,
    17.203568011478));
#2570 = DIRECTION('',(-3.865621999723E-02,-0.999241275167,
    -4.750858730563E-03));
#2571 = DIRECTION('',(-0.999252552125,3.865665625278E-02,
    3.543898789964E-20));
#2572 = DEFINITIONAL_REPRESENTATION('',(#2573),#2577);
#2573 = LINE('',#2574,#2575);
#2574 = CARTESIAN_POINT('',(2.432184022538E-02,5.46453150594));
#2575 = VECTOR('',#2576,1.);
#2576 = DIRECTION('',(-4.450811436131E-03,-0.99999009509));
#2577 = ( GEOMETRIC_REPRESENTATION_CONTEXT(2) 
PARAMETRIC_REPRESENTATION_CONTEXT() REPRESENTATION_CONTEXT('2D SPACE',''
  ) );
#2578 = ORIENTED_EDGE('',*,*,#2579,.F.);
#2579 = EDGE_CURVE('',#2383,#2552,#2580,.T.);
#2580 = SURFACE_CURVE('',#2581,(#2585,#2592),.PCURVE_S1.);
#2581 = LINE('',#2582,#2583);
#2582 = CARTESIAN_POINT('',(4.908422921669,-5.989031878621,
    17.23075436393));
#2583 = VECTOR('',#2584,1.);
#2584 = DIRECTION('',(0.962321829474,0.271103914755,-2.096100956095E-02)
  );
#2585 = PCURVE('',#2535,#2586);
#2586 = DEFINITIONAL_REPRESENTATION('',(#2587),#2591);
#2587 = LINE('',#2588,#2589);
#2588 = CARTESIAN_POINT('',(-0.,0.));
#2589 = VECTOR('',#2590,1.);
#2590 = DIRECTION('',(-0.999780286278,2.096137326983E-02));
#2591 = ( GEOMETRIC_REPRESENTATION_CONTEXT(2) 
PARAMETRIC_REPRESENTATION_CONTEXT() REPRESENTATION_CONTEXT('2D SPACE',''
  ) );
#2592 = PCURVE('',#2593,#2598);
#2593 = PLANE('',#2594);
#2594 = AXIS2_PLACEMENT_3D('',#2595,#2596,#2597);
#2595 = CARTESIAN_POINT('',(6.156550801737,-5.637411096427,
    17.203568011478));
#2596 = DIRECTION('',(1.710201864841E-02,1.65892596829E-02,
    0.999716118416));
#2597 = DIRECTION('',(0.999853709522,3.633374553673E-20,
    -1.710437240225E-02));
#2598 = DEFINITIONAL_REPRESENTATION('',(#2599),#2603);
#2599 = LINE('',#2600,#2601);
#2600 = CARTESIAN_POINT('',(-1.24841029634,-0.351669175824));
#2601 = VECTOR('',#2602,1.);
#2602 = DIRECTION('',(0.962539575867,0.271141226835));
#2603 = ( GEOMETRIC_REPRESENTATION_CONTEXT(2) 
PARAMETRIC_REPRESENTATION_CONTEXT() REPRESENTATION_CONTEXT('2D SPACE',''
  ) );
#2604 = ADVANCED_FACE('',(#2605),#2567,.T.);
#2605 = FACE_BOUND('',#2606,.T.);
#2606 = EDGE_LOOP('',(#2607,#2608,#2636));
#2607 = ORIENTED_EDGE('',*,*,#2551,.F.);
#2608 = ORIENTED_EDGE('',*,*,#2609,.T.);
#2609 = EDGE_CURVE('',#2494,#2610,#2612,.T.);
#2610 = VERTEX_POINT('',#2611);
#2611 = CARTESIAN_POINT('',(7.438651530778,-5.66096139734,
    11.724824777607));
#2612 = SURFACE_CURVE('',#2613,(#2617,#2624),.PCURVE_S1.);
#2613 = LINE('',#2614,#2615);
#2614 = CARTESIAN_POINT('',(6.13325071467,-5.610529082853,
    11.739098174924));
#2615 = VECTOR('',#2616,1.);
#2616 = DIRECTION('',(0.99919491891,-3.860248267247E-02,
    -1.092530807294E-02));
#2617 = PCURVE('',#2567,#2618);
#2618 = DEFINITIONAL_REPRESENTATION('',(#2619),#2623);
#2619 = LINE('',#2620,#2621);
#2620 = CARTESIAN_POINT('',(2.432184022538E-02,5.46453150594));
#2621 = VECTOR('',#2622,1.);
#2622 = DIRECTION('',(-0.999940315694,1.092543137073E-02));
#2623 = ( GEOMETRIC_REPRESENTATION_CONTEXT(2) 
PARAMETRIC_REPRESENTATION_CONTEXT() REPRESENTATION_CONTEXT('2D SPACE',''
  ) );
#2624 = PCURVE('',#2625,#2630);
#2625 = PLANE('',#2626);
#2626 = AXIS2_PLACEMENT_3D('',#2627,#2628,#2629);
#2627 = CARTESIAN_POINT('',(7.438651530778,-5.66096139734,
    11.724824777607));
#2628 = DIRECTION('',(1.062304391591E-02,-8.026637333856E-03,
    0.999911358087));
#2629 = DIRECTION('',(0.999943570241,-5.384866941277E-21,
    -1.062338613738E-02));
#2630 = DEFINITIONAL_REPRESENTATION('',(#2631),#2635);
#2631 = LINE('',#2632,#2633);
#2632 = CARTESIAN_POINT('',(-1.305478784467,5.043393916471E-02));
#2633 = VECTOR('',#2634,1.);
#2634 = DIRECTION('',(0.999254598348,-3.860372625184E-02));
#2635 = ( GEOMETRIC_REPRESENTATION_CONTEXT(2) 
PARAMETRIC_REPRESENTATION_CONTEXT() REPRESENTATION_CONTEXT('2D SPACE',''
  ) );
#2636 = ORIENTED_EDGE('',*,*,#2637,.F.);
#2637 = EDGE_CURVE('',#2552,#2610,#2638,.T.);
#2638 = SURFACE_CURVE('',#2639,(#2643,#2650),.PCURVE_S1.);
#2639 = LINE('',#2640,#2641);
#2640 = CARTESIAN_POINT('',(6.156550801737,-5.637411096427,
    17.203568011478));
#2641 = VECTOR('',#2642,1.);
#2642 = DIRECTION('',(0.227855794799,-4.185375150969E-03,-0.973685893608
    ));
#2643 = PCURVE('',#2567,#2644);
#2644 = DEFINITIONAL_REPRESENTATION('',(#2645),#2649);
#2645 = LINE('',#2646,#2647);
#2646 = CARTESIAN_POINT('',(0.,0.));
#2647 = VECTOR('',#2648,1.);
#2648 = DIRECTION('',(-0.227847277077,0.97369688216));
#2649 = ( GEOMETRIC_REPRESENTATION_CONTEXT(2) 
PARAMETRIC_REPRESENTATION_CONTEXT() REPRESENTATION_CONTEXT('2D SPACE',''
  ) );
#2650 = PCURVE('',#2651,#2656);
#2651 = PLANE('',#2652);
#2652 = AXIS2_PLACEMENT_3D('',#2653,#2654,#2655);
#2653 = CARTESIAN_POINT('',(6.156550801737,-5.637411096427,
    17.203568011478));
#2654 = DIRECTION('',(-1.519897404027E-02,-0.999884214187,
    7.412207967387E-04));
#2655 = DIRECTION('',(-0.999884488859,1.519897821549E-02,
    6.769315837772E-22));
#2656 = DEFINITIONAL_REPRESENTATION('',(#2657),#2661);
#2657 = LINE('',#2658,#2659);
#2658 = CARTESIAN_POINT('',(0.,-0.));
#2659 = VECTOR('',#2660,1.);
#2660 = DIRECTION('',(-0.227893088342,0.973686161084));
#2661 = ( GEOMETRIC_REPRESENTATION_CONTEXT(2) 
PARAMETRIC_REPRESENTATION_CONTEXT() REPRESENTATION_CONTEXT('2D SPACE',''
  ) );
#2662 = ADVANCED_FACE('',(#2663),#2651,.T.);
#2663 = FACE_BOUND('',#2664,.T.);
#2664 = EDGE_LOOP('',(#2665,#2666,#2694));
#2665 = ORIENTED_EDGE('',*,*,#2637,.T.);
#2666 = ORIENTED_EDGE('',*,*,#2667,.T.);
#2667 = EDGE_CURVE('',#2610,#2668,#2670,.T.);
#2668 = VERTEX_POINT('',#2669);
#2669 = CARTESIAN_POINT('',(7.44585244802,-5.657011825039,
    17.200334327393));
#2670 = SURFACE_CURVE('',#2671,(#2675,#2682),.PCURVE_S1.);
#2671 = LINE('',#2672,#2673);
#2672 = CARTESIAN_POINT('',(7.438651530778,-5.66096139734,
    11.724824777607));
#2673 = VECTOR('',#2674,1.);
#2674 = DIRECTION('',(1.31511215097E-03,7.21315125549E-04,0.999998875092
    ));
#2675 = PCURVE('',#2651,#2676);
#2676 = DEFINITIONAL_REPRESENTATION('',(#2677),#2681);
#2677 = LINE('',#2678,#2679);
#2678 = CARTESIAN_POINT('',(-1.282310572633,5.478744738906));
#2679 = VECTOR('',#2680,1.);
#2680 = DIRECTION('',(-1.303996987986E-03,-0.999999149796));
#2681 = ( GEOMETRIC_REPRESENTATION_CONTEXT(2) 
PARAMETRIC_REPRESENTATION_CONTEXT() REPRESENTATION_CONTEXT('2D SPACE',''
  ) );
#2682 = PCURVE('',#2683,#2688);
#2683 = PLANE('',#2684);
#2684 = AXIS2_PLACEMENT_3D('',#2685,#2686,#2687);
#2685 = CARTESIAN_POINT('',(7.44585244802,-5.657011825039,
    17.200334327393));
#2686 = DIRECTION('',(-0.25890591538,-0.965901988389,1.037211196065E-03)
  );
#2687 = DIRECTION('',(-0.965902507952,0.258906054647,-3.249501440394E-20
    ));
#2688 = DEFINITIONAL_REPRESENTATION('',(#2689),#2693);
#2689 = LINE('',#2690,#2691);
#2690 = CARTESIAN_POINT('',(5.932815841586E-03,5.475512495085));
#2691 = VECTOR('',#2692,1.);
#2692 = DIRECTION('',(-1.083517271547E-03,-0.999999412995));
#2693 = ( GEOMETRIC_REPRESENTATION_CONTEXT(2) 
PARAMETRIC_REPRESENTATION_CONTEXT() REPRESENTATION_CONTEXT('2D SPACE',''
  ) );
#2694 = ORIENTED_EDGE('',*,*,#2695,.F.);
#2695 = EDGE_CURVE('',#2552,#2668,#2696,.T.);
#2696 = SURFACE_CURVE('',#2697,(#2701,#2708),.PCURVE_S1.);
#2697 = LINE('',#2698,#2699);
#2698 = CARTESIAN_POINT('',(6.156550801737,-5.637411096427,
    17.203568011478));
#2699 = VECTOR('',#2700,1.);
#2700 = DIRECTION('',(0.999881316453,-1.52007890354E-02,
    -2.507791958254E-03));
#2701 = PCURVE('',#2651,#2702);
#2702 = DEFINITIONAL_REPRESENTATION('',(#2703),#2707);
#2703 = LINE('',#2704,#2705);
#2704 = CARTESIAN_POINT('',(0.,-0.));
#2705 = VECTOR('',#2706,1.);
#2706 = DIRECTION('',(-0.999996855483,2.507792647156E-03));
#2707 = ( GEOMETRIC_REPRESENTATION_CONTEXT(2) 
PARAMETRIC_REPRESENTATION_CONTEXT() REPRESENTATION_CONTEXT('2D SPACE',''
  ) );
#2708 = PCURVE('',#2709,#2714);
#2709 = PLANE('',#2710);
#2710 = AXIS2_PLACEMENT_3D('',#2711,#2712,#2713);
#2711 = CARTESIAN_POINT('',(23.397247514615,23.286534963501,
    17.251441650106));
#2712 = DIRECTION('',(2.460609772086E-03,-3.121838459916E-03,
    0.999992099731));
#2713 = DIRECTION('',(3.892853378839E-22,0.999995127021,
    3.121847910701E-03));
#2714 = DEFINITIONAL_REPRESENTATION('',(#2715),#2719);
#2715 = LINE('',#2716,#2717);
#2716 = CARTESIAN_POINT('',(-28.92395456836,17.24074890588));
#2717 = VECTOR('',#2718,1.);
#2718 = DIRECTION('',(-1.520854390736E-02,-0.999884343408));
#2719 = ( GEOMETRIC_REPRESENTATION_CONTEXT(2) 
PARAMETRIC_REPRESENTATION_CONTEXT() REPRESENTATION_CONTEXT('2D SPACE',''
  ) );
#2720 = ADVANCED_FACE('',(#2721),#2709,.T.);
#2721 = FACE_BOUND('',#2722,.T.);
#2722 = EDGE_LOOP('',(#2723,#2744,#2745));
#2723 = ORIENTED_EDGE('',*,*,#2724,.F.);
#2724 = EDGE_CURVE('',#2552,#1443,#2725,.T.);
#2725 = SURFACE_CURVE('',#2726,(#2730,#2737),.PCURVE_S1.);
#2726 = LINE('',#2727,#2728);
#2727 = CARTESIAN_POINT('',(6.156550801737,-5.637411096427,
    17.203568011478));
#2728 = VECTOR('',#2729,1.);
#2729 = DIRECTION('',(0.512010890766,0.858977779914,1.421742100462E-03)
  );
#2730 = PCURVE('',#2709,#2731);
#2731 = DEFINITIONAL_REPRESENTATION('',(#2732),#2736);
#2732 = LINE('',#2733,#2734);
#2733 = CARTESIAN_POINT('',(-28.92395456836,17.24074890588));
#2734 = VECTOR('',#2735,1.);
#2735 = DIRECTION('',(0.858978032596,-0.512012440784));
#2736 = ( GEOMETRIC_REPRESENTATION_CONTEXT(2) 
PARAMETRIC_REPRESENTATION_CONTEXT() REPRESENTATION_CONTEXT('2D SPACE',''
  ) );
#2737 = PCURVE('',#1485,#2738);
#2738 = DEFINITIONAL_REPRESENTATION('',(#2739),#2743);
#2739 = LINE('',#2740,#2741);
#2740 = CARTESIAN_POINT('',(-28.92398464184,17.240698452989));
#2741 = VECTOR('',#2742,1.);
#2742 = DIRECTION('',(0.858978925713,-0.512010942443));
#2743 = ( GEOMETRIC_REPRESENTATION_CONTEXT(2) 
PARAMETRIC_REPRESENTATION_CONTEXT() REPRESENTATION_CONTEXT('2D SPACE',''
  ) );
#2744 = ORIENTED_EDGE('',*,*,#2695,.T.);
#2745 = ORIENTED_EDGE('',*,*,#2746,.T.);
#2746 = EDGE_CURVE('',#2668,#1443,#2747,.T.);
#2747 = SURFACE_CURVE('',#2748,(#2752,#2759),.PCURVE_S1.);
#2748 = LINE('',#2749,#2750);
#2749 = CARTESIAN_POINT('',(7.44585244802,-5.657011825039,
    17.200334327393));
#2750 = VECTOR('',#2751,1.);
#2751 = DIRECTION('',(0.482671722612,0.875799986685,1.546451541642E-03)
  );
#2752 = PCURVE('',#2709,#2753);
#2753 = DEFINITIONAL_REPRESENTATION('',(#2754),#2758);
#2754 = LINE('',#2755,#2756);
#2755 = CARTESIAN_POINT('',(-28.94356529653,15.951443356476));
#2756 = VECTOR('',#2757,1.);
#2757 = DIRECTION('',(0.875800546717,-0.482673183811));
#2758 = ( GEOMETRIC_REPRESENTATION_CONTEXT(2) 
PARAMETRIC_REPRESENTATION_CONTEXT() REPRESENTATION_CONTEXT('2D SPACE',''
  ) );
#2759 = PCURVE('',#2760,#2765);
#2760 = PLANE('',#2761);
#2761 = AXIS2_PLACEMENT_3D('',#2762,#2763,#2764);
#2762 = CARTESIAN_POINT('',(23.397247514615,23.286534963501,
    17.251441650106));
#2763 = DIRECTION('',(-2.970685001643E-02,1.460727644491E-02,
    0.99945191507));
#2764 = DIRECTION('',(0.999558559926,-4.475120201303E-21,
    2.971001983651E-02));
#2765 = DEFINITIONAL_REPRESENTATION('',(#2766),#2770);
#2766 = LINE('',#2767,#2768);
#2767 = CARTESIAN_POINT('',(-15.94587188114,-28.94663516161));
#2768 = VECTOR('',#2769,1.);
#2769 = DIRECTION('',(0.482504597077,0.875893437468));
#2770 = ( GEOMETRIC_REPRESENTATION_CONTEXT(2) 
PARAMETRIC_REPRESENTATION_CONTEXT() REPRESENTATION_CONTEXT('2D SPACE',''
  ) );
#2771 = ADVANCED_FACE('',(#2772),#2760,.T.);
#2772 = FACE_BOUND('',#2773,.T.);
#2773 = EDGE_LOOP('',(#2774,#2775,#2798));
#2774 = ORIENTED_EDGE('',*,*,#2746,.F.);
#2775 = ORIENTED_EDGE('',*,*,#2776,.T.);
#2776 = EDGE_CURVE('',#2668,#2777,#2779,.T.);
#2777 = VERTEX_POINT('',#2778);
#2778 = CARTESIAN_POINT('',(8.752477625543,-6.007199940382,
    17.244289431308));
#2779 = SURFACE_CURVE('',#2780,(#2784,#2791),.PCURVE_S1.);
#2780 = LINE('',#2781,#2782);
#2781 = CARTESIAN_POINT('',(7.44585244802,-5.657011825039,
    17.200334327393));
#2782 = VECTOR('',#2783,1.);
#2783 = DIRECTION('',(0.965401721109,-0.258736946968,3.247628600842E-02)
  );
#2784 = PCURVE('',#2760,#2785);
#2785 = DEFINITIONAL_REPRESENTATION('',(#2786),#2790);
#2786 = LINE('',#2787,#2788);
#2787 = CARTESIAN_POINT('',(-15.94587188114,-28.94663516161));
#2788 = VECTOR('',#2789,1.);
#2789 = DIRECTION('',(0.965940425204,-0.258764555064));
#2790 = ( GEOMETRIC_REPRESENTATION_CONTEXT(2) 
PARAMETRIC_REPRESENTATION_CONTEXT() REPRESENTATION_CONTEXT('2D SPACE',''
  ) );
#2791 = PCURVE('',#2683,#2792);
#2792 = DEFINITIONAL_REPRESENTATION('',(#2793),#2797);
#2793 = LINE('',#2794,#2795);
#2794 = CARTESIAN_POINT('',(0.,-0.));
#2795 = VECTOR('',#2796,1.);
#2796 = DIRECTION('',(-0.999472505731,-3.247630347755E-02));
#2797 = ( GEOMETRIC_REPRESENTATION_CONTEXT(2) 
PARAMETRIC_REPRESENTATION_CONTEXT() REPRESENTATION_CONTEXT('2D SPACE',''
  ) );
#2798 = ORIENTED_EDGE('',*,*,#2799,.T.);
#2799 = EDGE_CURVE('',#2777,#1443,#2800,.T.);
#2800 = SURFACE_CURVE('',#2801,(#2805,#2812),.PCURVE_S1.);
#2801 = LINE('',#2802,#2803);
#2802 = CARTESIAN_POINT('',(8.752477625543,-6.007199940382,
    17.244289431308));
#2803 = VECTOR('',#2804,1.);
#2804 = DIRECTION('',(0.447162346635,0.894452786937,2.183853324895E-04)
  );
#2805 = PCURVE('',#2760,#2806);
#2806 = DEFINITIONAL_REPRESENTATION('',(#2807),#2811);
#2807 = LINE('',#2808,#2809);
#2808 = CARTESIAN_POINT('',(-14.63851759333,-29.29686064319));
#2809 = VECTOR('',#2810,1.);
#2810 = DIRECTION('',(0.446971439488,0.894548228036));
#2811 = ( GEOMETRIC_REPRESENTATION_CONTEXT(2) 
PARAMETRIC_REPRESENTATION_CONTEXT() REPRESENTATION_CONTEXT('2D SPACE',''
  ) );
#2812 = PCURVE('',#2813,#2818);
#2813 = PLANE('',#2814);
#2814 = AXIS2_PLACEMENT_3D('',#2815,#2816,#2817);
#2815 = CARTESIAN_POINT('',(23.397247514615,23.286534963501,
    17.251441650106));
#2816 = DIRECTION('',(3.401486679498E-02,-1.724897538655E-02,
    0.99927246619));
#2817 = DIRECTION('',(0.999421154715,-1.268728433512E-19,
    -3.401992809763E-02));
#2818 = DEFINITIONAL_REPRESENTATION('',(#2819),#2823);
#2819 = LINE('',#2820,#2821);
#2820 = CARTESIAN_POINT('',(-14.6360495151,-29.29809371731));
#2821 = VECTOR('',#2822,1.);
#2822 = DIRECTION('',(0.446896079366,0.894585878632));
#2823 = ( GEOMETRIC_REPRESENTATION_CONTEXT(2) 
PARAMETRIC_REPRESENTATION_CONTEXT() REPRESENTATION_CONTEXT('2D SPACE',''
  ) );
#2824 = ADVANCED_FACE('',(#2825),#2813,.T.);
#2825 = FACE_BOUND('',#2826,.T.);
#2826 = EDGE_LOOP('',(#2827,#2828,#2856));
#2827 = ORIENTED_EDGE('',*,*,#2799,.F.);
#2828 = ORIENTED_EDGE('',*,*,#2829,.T.);
#2829 = EDGE_CURVE('',#2777,#2830,#2832,.T.);
#2830 = VERTEX_POINT('',#2831);
#2831 = CARTESIAN_POINT('',(9.908942363316,-6.63280100736,
    17.194124963547));
#2832 = SURFACE_CURVE('',#2833,(#2837,#2844),.PCURVE_S1.);
#2833 = LINE('',#2834,#2835);
#2834 = CARTESIAN_POINT('',(8.752477625543,-6.007199940382,
    17.244289431308));
#2835 = VECTOR('',#2836,1.);
#2836 = DIRECTION('',(0.878912713485,-0.475456547336,-3.812497436383E-02
    ));
#2837 = PCURVE('',#2813,#2838);
#2838 = DEFINITIONAL_REPRESENTATION('',(#2839),#2843);
#2839 = LINE('',#2840,#2841);
#2840 = CARTESIAN_POINT('',(-14.6360495151,-29.29809371731));
#2841 = VECTOR('',#2842,1.);
#2842 = DIRECTION('',(0.879700967891,-0.475527293739));
#2843 = ( GEOMETRIC_REPRESENTATION_CONTEXT(2) 
PARAMETRIC_REPRESENTATION_CONTEXT() REPRESENTATION_CONTEXT('2D SPACE',''
  ) );
#2844 = PCURVE('',#2845,#2850);
#2845 = PLANE('',#2846);
#2846 = AXIS2_PLACEMENT_3D('',#2847,#2848,#2849);
#2847 = CARTESIAN_POINT('',(8.752477625543,-6.007199940382,
    17.244289431308));
#2848 = DIRECTION('',(-0.475595173944,-0.879644298576,5.927774035845E-03
    ));
#2849 = DIRECTION('',(-0.879659753676,0.475603530016,3.049724980658E-19)
  );
#2850 = DEFINITIONAL_REPRESENTATION('',(#2851),#2855);
#2851 = LINE('',#2852,#2853);
#2852 = CARTESIAN_POINT('',(0.,-0.));
#2853 = VECTOR('',#2854,1.);
#2854 = DIRECTION('',(-0.999272953328,3.812564420878E-02));
#2855 = ( GEOMETRIC_REPRESENTATION_CONTEXT(2) 
PARAMETRIC_REPRESENTATION_CONTEXT() REPRESENTATION_CONTEXT('2D SPACE',''
  ) );
#2856 = ORIENTED_EDGE('',*,*,#2857,.T.);
#2857 = EDGE_CURVE('',#2830,#1443,#2858,.T.);
#2858 = SURFACE_CURVE('',#2859,(#2863,#2870),.PCURVE_S1.);
#2859 = LINE('',#2860,#2861);
#2860 = CARTESIAN_POINT('',(9.908942363316,-6.63280100736,
    17.194124963547));
#2861 = VECTOR('',#2862,1.);
#2862 = DIRECTION('',(0.410987390532,0.911639355662,1.746434053695E-03)
  );
#2863 = PCURVE('',#2813,#2864);
#2864 = DEFINITIONAL_REPRESENTATION('',(#2865),#2869);
#2865 = LINE('',#2866,#2867);
#2866 = CARTESIAN_POINT('',(-13.4785475999,-29.92378787171));
#2867 = VECTOR('',#2868,1.);
#2868 = DIRECTION('',(0.410690078858,0.911775004663));
#2869 = ( GEOMETRIC_REPRESENTATION_CONTEXT(2) 
PARAMETRIC_REPRESENTATION_CONTEXT() REPRESENTATION_CONTEXT('2D SPACE',''
  ) );
#2870 = PCURVE('',#2871,#2876);
#2871 = PLANE('',#2872);
#2872 = AXIS2_PLACEMENT_3D('',#2873,#2874,#2875);
#2873 = CARTESIAN_POINT('',(23.397247514615,23.286534963501,
    17.251441650106));
#2874 = DIRECTION('',(-3.590399835033E-02,1.427204790171E-02,
    0.999253327015));
#2875 = DIRECTION('',(0.999355112195,6.132384380715E-20,
    3.590765557602E-02));
#2876 = DEFINITIONAL_REPRESENTATION('',(#2877),#2881);
#2877 = LINE('',#2878,#2879);
#2878 = CARTESIAN_POINT('',(-13.48166481564,-29.92238359143));
#2879 = VECTOR('',#2880,1.);
#2880 = DIRECTION('',(0.410785060128,0.911732216375));
#2881 = ( GEOMETRIC_REPRESENTATION_CONTEXT(2) 
PARAMETRIC_REPRESENTATION_CONTEXT() REPRESENTATION_CONTEXT('2D SPACE',''
  ) );
#2882 = ADVANCED_FACE('',(#2883),#2845,.T.);
#2883 = FACE_BOUND('',#2884,.T.);
#2884 = EDGE_LOOP('',(#2885,#2913,#2939));
#2885 = ORIENTED_EDGE('',*,*,#2886,.T.);
#2886 = EDGE_CURVE('',#2777,#2887,#2889,.T.);
#2887 = VERTEX_POINT('',#2888);
#2888 = CARTESIAN_POINT('',(9.891177014411,-6.659499238559,
    11.806932255827));
#2889 = SURFACE_CURVE('',#2890,(#2894,#2901),.PCURVE_S1.);
#2890 = LINE('',#2891,#2892);
#2891 = CARTESIAN_POINT('',(8.752477625543,-6.007199940382,
    17.244289431308));
#2892 = VECTOR('',#2893,1.);
#2893 = DIRECTION('',(0.203576310607,-0.11661785879,-0.972088967518));
#2894 = PCURVE('',#2845,#2895);
#2895 = DEFINITIONAL_REPRESENTATION('',(#2896),#2900);
#2896 = LINE('',#2897,#2898);
#2897 = CARTESIAN_POINT('',(0.,-0.));
#2898 = VECTOR('',#2899,1.);
#2899 = DIRECTION('',(-0.234541752546,0.972106046845));
#2900 = ( GEOMETRIC_REPRESENTATION_CONTEXT(2) 
PARAMETRIC_REPRESENTATION_CONTEXT() REPRESENTATION_CONTEXT('2D SPACE',''
  ) );
#2901 = PCURVE('',#2902,#2907);
#2902 = PLANE('',#2903);
#2903 = AXIS2_PLACEMENT_3D('',#2904,#2905,#2906);
#2904 = CARTESIAN_POINT('',(8.752477625543,-6.007199940382,
    17.244289431308));
#2905 = DIRECTION('',(-0.505506706797,-0.862819462291,
    -2.354755808557E-03));
#2906 = DIRECTION('',(-0.862821854414,0.505508108289,2.272661232115E-19)
  );
#2907 = DEFINITIONAL_REPRESENTATION('',(#2908),#2912);
#2908 = LINE('',#2909,#2910);
#2909 = CARTESIAN_POINT('',(0.,0.));
#2910 = VECTOR('',#2911,1.);
#2911 = DIRECTION('',(-0.234601363022,0.972091662585));
#2912 = ( GEOMETRIC_REPRESENTATION_CONTEXT(2) 
PARAMETRIC_REPRESENTATION_CONTEXT() REPRESENTATION_CONTEXT('2D SPACE',''
  ) );
#2913 = ORIENTED_EDGE('',*,*,#2914,.T.);
#2914 = EDGE_CURVE('',#2887,#2830,#2915,.T.);
#2915 = SURFACE_CURVE('',#2916,(#2920,#2927),.PCURVE_S1.);
#2916 = LINE('',#2917,#2918);
#2917 = CARTESIAN_POINT('',(9.891177014411,-6.659499238559,
    11.806932255827));
#2918 = VECTOR('',#2919,1.);
#2919 = DIRECTION('',(3.2976422258E-03,4.955783026091E-03,0.999982282728
    ));
#2920 = PCURVE('',#2845,#2921);
#2921 = DEFINITIONAL_REPRESENTATION('',(#2922),#2926);
#2922 = LINE('',#2923,#2924);
#2923 = CARTESIAN_POINT('',(-1.311903872762,5.4374527083));
#2924 = VECTOR('',#2925,1.);
#2925 = DIRECTION('',(-5.438152468574E-04,-0.999999852132));
#2926 = ( GEOMETRIC_REPRESENTATION_CONTEXT(2) 
PARAMETRIC_REPRESENTATION_CONTEXT() REPRESENTATION_CONTEXT('2D SPACE',''
  ) );
#2927 = PCURVE('',#2928,#2933);
#2928 = PLANE('',#2929);
#2929 = AXIS2_PLACEMENT_3D('',#2930,#2931,#2932);
#2930 = CARTESIAN_POINT('',(9.908942363316,-6.63280100736,
    17.194124963547));
#2931 = DIRECTION('',(-0.619526612469,-0.784953230639,5.933140133018E-03
    ));
#2932 = DIRECTION('',(-0.784967047025,0.619537517092,9.195169863767E-20)
  );
#2933 = DEFINITIONAL_REPRESENTATION('',(#2934),#2938);
#2934 = LINE('',#2935,#2936);
#2935 = CARTESIAN_POINT('',(-2.595342398437E-03,5.387287530611));
#2936 = VECTOR('',#2937,1.);
#2937 = DIRECTION('',(4.817530310974E-04,-0.999999883957));
#2938 = ( GEOMETRIC_REPRESENTATION_CONTEXT(2) 
PARAMETRIC_REPRESENTATION_CONTEXT() REPRESENTATION_CONTEXT('2D SPACE',''
  ) );
#2939 = ORIENTED_EDGE('',*,*,#2829,.F.);
#2940 = ADVANCED_FACE('',(#2941),#2902,.T.);
#2941 = FACE_BOUND('',#2942,.T.);
#2942 = EDGE_LOOP('',(#2943,#2971,#2997));
#2943 = ORIENTED_EDGE('',*,*,#2944,.T.);
#2944 = EDGE_CURVE('',#2777,#2945,#2947,.T.);
#2945 = VERTEX_POINT('',#2946);
#2946 = CARTESIAN_POINT('',(8.767618713492,-6.001126002833,
    11.768293581134));
#2947 = SURFACE_CURVE('',#2948,(#2952,#2959),.PCURVE_S1.);
#2948 = LINE('',#2949,#2950);
#2949 = CARTESIAN_POINT('',(8.752477625543,-6.007199940382,
    17.244289431308));
#2950 = VECTOR('',#2951,1.);
#2951 = DIRECTION('',(2.764980319829E-03,1.109188312048E-03,
    -0.999995562283));
#2952 = PCURVE('',#2902,#2953);
#2953 = DEFINITIONAL_REPRESENTATION('',(#2954),#2958);
#2954 = LINE('',#2955,#2956);
#2955 = CARTESIAN_POINT('',(0.,0.));
#2956 = VECTOR('',#2957,1.);
#2957 = DIRECTION('',(-1.824981761614E-03,0.999998334719));
#2958 = ( GEOMETRIC_REPRESENTATION_CONTEXT(2) 
PARAMETRIC_REPRESENTATION_CONTEXT() REPRESENTATION_CONTEXT('2D SPACE',''
  ) );
#2959 = PCURVE('',#2960,#2965);
#2960 = PLANE('',#2961);
#2961 = AXIS2_PLACEMENT_3D('',#2962,#2963,#2964);
#2962 = CARTESIAN_POINT('',(8.752477625543,-6.007199940382,
    17.244289431308));
#2963 = DIRECTION('',(-0.247913110767,-0.96878067268,-1.760042881945E-03
    ));
#2964 = DIRECTION('',(-0.968782173204,0.247913494754,4.247824757377E-21)
  );
#2965 = DEFINITIONAL_REPRESENTATION('',(#2966),#2970);
#2966 = LINE('',#2967,#2968);
#2967 = CARTESIAN_POINT('',(0.,0.));
#2968 = VECTOR('',#2969,1.);
#2969 = DIRECTION('',(-2.403680892331E-03,0.999997111155));
#2970 = ( GEOMETRIC_REPRESENTATION_CONTEXT(2) 
PARAMETRIC_REPRESENTATION_CONTEXT() REPRESENTATION_CONTEXT('2D SPACE',''
  ) );
#2971 = ORIENTED_EDGE('',*,*,#2972,.T.);
#2972 = EDGE_CURVE('',#2945,#2887,#2973,.T.);
#2973 = SURFACE_CURVE('',#2974,(#2978,#2985),.PCURVE_S1.);
#2974 = LINE('',#2975,#2976);
#2975 = CARTESIAN_POINT('',(8.767618713492,-6.001126002833,
    11.768293581134));
#2976 = VECTOR('',#2977,1.);
#2977 = DIRECTION('',(0.86240700309,-0.50534599644,2.965779667911E-02));
#2978 = PCURVE('',#2902,#2979);
#2979 = DEFINITIONAL_REPRESENTATION('',(#2980),#2984);
#2980 = LINE('',#2981,#2982);
#2981 = CARTESIAN_POINT('',(-9.993636902176E-03,5.476011032093));
#2982 = VECTOR('',#2983,1.);
#2983 = DIRECTION('',(-0.999560108357,-2.965787890384E-02));
#2984 = ( GEOMETRIC_REPRESENTATION_CONTEXT(2) 
PARAMETRIC_REPRESENTATION_CONTEXT() REPRESENTATION_CONTEXT('2D SPACE',''
  ) );
#2985 = PCURVE('',#2986,#2991);
#2986 = PLANE('',#2987);
#2987 = AXIS2_PLACEMENT_3D('',#2988,#2989,#2990);
#2988 = CARTESIAN_POINT('',(9.891177014411,-6.659499238559,
    11.806932255827));
#2989 = DIRECTION('',(-3.167891747257E-02,4.595816956822E-03,
    0.999487531015));
#2990 = DIRECTION('',(0.999498086537,-8.760393032058E-21,
    3.167925203153E-02));
#2991 = DEFINITIONAL_REPRESENTATION('',(#2992),#2996);
#2992 = LINE('',#2993,#2994);
#2993 = CARTESIAN_POINT('',(-1.124218416195,0.658380188762));
#2994 = VECTOR('',#2995,1.);
#2995 = DIRECTION('',(0.86291368622,-0.505351333366));
#2996 = ( GEOMETRIC_REPRESENTATION_CONTEXT(2) 
PARAMETRIC_REPRESENTATION_CONTEXT() REPRESENTATION_CONTEXT('2D SPACE',''
  ) );
#2997 = ORIENTED_EDGE('',*,*,#2886,.F.);
#2998 = ADVANCED_FACE('',(#2999),#2960,.T.);
#2999 = FACE_BOUND('',#3000,.T.);
#3000 = EDGE_LOOP('',(#3001,#3022,#3048));
#3001 = ORIENTED_EDGE('',*,*,#3002,.F.);
#3002 = EDGE_CURVE('',#2610,#2777,#3003,.T.);
#3003 = SURFACE_CURVE('',#3004,(#3008,#3015),.PCURVE_S1.);
#3004 = LINE('',#3005,#3006);
#3005 = CARTESIAN_POINT('',(7.438651530778,-5.66096139734,
    11.724824777607));
#3006 = VECTOR('',#3007,1.);
#3007 = DIRECTION('',(0.231135139069,-6.09120903563E-02,0.971013009561)
  );
#3008 = PCURVE('',#2960,#3009);
#3009 = DEFINITIONAL_REPRESENTATION('',(#3010),#3014);
#3010 = LINE('',#3011,#3012);
#3011 = CARTESIAN_POINT('',(1.358648506523,5.519473202684));
#3012 = VECTOR('',#3013,1.);
#3013 = DIRECTION('',(-0.239020531524,-0.971014513542));
#3014 = ( GEOMETRIC_REPRESENTATION_CONTEXT(2) 
PARAMETRIC_REPRESENTATION_CONTEXT() REPRESENTATION_CONTEXT('2D SPACE',''
  ) );
#3015 = PCURVE('',#2683,#3016);
#3016 = DEFINITIONAL_REPRESENTATION('',(#3017),#3021);
#3017 = LINE('',#3018,#3019);
#3018 = CARTESIAN_POINT('',(5.932815841586E-03,5.475512495085));
#3019 = VECTOR('',#3020,1.);
#3020 = DIRECTION('',(-0.239024519496,-0.971013531872));
#3021 = ( GEOMETRIC_REPRESENTATION_CONTEXT(2) 
PARAMETRIC_REPRESENTATION_CONTEXT() REPRESENTATION_CONTEXT('2D SPACE',''
  ) );
#3022 = ORIENTED_EDGE('',*,*,#3023,.T.);
#3023 = EDGE_CURVE('',#2610,#2945,#3024,.T.);
#3024 = SURFACE_CURVE('',#3025,(#3029,#3036),.PCURVE_S1.);
#3025 = LINE('',#3026,#3027);
#3026 = CARTESIAN_POINT('',(7.438651530778,-5.66096139734,
    11.724824777607));
#3027 = VECTOR('',#3028,1.);
#3028 = DIRECTION('',(0.968282352607,-0.247843128683,3.167126765169E-02)
  );
#3029 = PCURVE('',#2960,#3030);
#3030 = DEFINITIONAL_REPRESENTATION('',(#3031),#3035);
#3031 = LINE('',#3032,#3033);
#3032 = CARTESIAN_POINT('',(1.358648506523,5.519473202684));
#3033 = VECTOR('',#3034,1.);
#3034 = DIRECTION('',(-0.999498338017,-3.167131670665E-02));
#3035 = ( GEOMETRIC_REPRESENTATION_CONTEXT(2) 
PARAMETRIC_REPRESENTATION_CONTEXT() REPRESENTATION_CONTEXT('2D SPACE',''
  ) );
#3036 = PCURVE('',#3037,#3042);
#3037 = PLANE('',#3038);
#3038 = AXIS2_PLACEMENT_3D('',#3039,#3040,#3041);
#3039 = CARTESIAN_POINT('',(8.767618713492,-6.001126002833,
    11.768293581134));
#3040 = DIRECTION('',(-2.549666048796E-02,2.808433152E-02,0.999280336356
    ));
#3041 = DIRECTION('',(-1.856946851897E-20,0.999605300732,
    -2.809346449996E-02));
#3042 = DEFINITIONAL_REPRESENTATION('',(#3043),#3047);
#3043 = LINE('',#3044,#3045);
#3044 = CARTESIAN_POINT('',(0.341251532061,1.329399360729));
#3045 = VECTOR('',#3046,1.);
#3046 = DIRECTION('',(-0.248635060815,-0.968597236489));
#3047 = ( GEOMETRIC_REPRESENTATION_CONTEXT(2) 
PARAMETRIC_REPRESENTATION_CONTEXT() REPRESENTATION_CONTEXT('2D SPACE',''
  ) );
#3048 = ORIENTED_EDGE('',*,*,#2944,.F.);
#3049 = ADVANCED_FACE('',(#3050),#2928,.T.);
#3050 = FACE_BOUND('',#3051,.T.);
#3051 = EDGE_LOOP('',(#3052,#3053,#3081));
#3052 = ORIENTED_EDGE('',*,*,#2914,.F.);
#3053 = ORIENTED_EDGE('',*,*,#3054,.T.);
#3054 = EDGE_CURVE('',#2887,#3055,#3057,.T.);
#3055 = VERTEX_POINT('',#3056);
#3056 = CARTESIAN_POINT('',(10.869905365554,-7.432485115309,
    11.737912938439));
#3057 = SURFACE_CURVE('',#3058,(#3062,#3069),.PCURVE_S1.);
#3058 = LINE('',#3059,#3060);
#3059 = CARTESIAN_POINT('',(9.891177014411,-6.659499238559,
    11.806932255827));
#3060 = VECTOR('',#3061,1.);
#3061 = DIRECTION('',(0.783564611071,-0.618848301647,-5.525649126486E-02
    ));
#3062 = PCURVE('',#2928,#3063);
#3063 = DEFINITIONAL_REPRESENTATION('',(#3064),#3068);
#3064 = LINE('',#3065,#3066);
#3065 = CARTESIAN_POINT('',(-2.595342398437E-03,5.387287530611));
#3066 = VECTOR('',#3067,1.);
#3067 = DIRECTION('',(-0.998472139164,5.525746386424E-02));
#3068 = ( GEOMETRIC_REPRESENTATION_CONTEXT(2) 
PARAMETRIC_REPRESENTATION_CONTEXT() REPRESENTATION_CONTEXT('2D SPACE',''
  ) );
#3069 = PCURVE('',#3070,#3075);
#3070 = PLANE('',#3071);
#3071 = AXIS2_PLACEMENT_3D('',#3072,#3073,#3074);
#3072 = CARTESIAN_POINT('',(10.869905365554,-7.432485115309,
    11.737912938439));
#3073 = DIRECTION('',(3.570400134758E-02,-4.393882750633E-02,
    0.998396015479));
#3074 = DIRECTION('',(-6.708711350474E-21,0.99903299004,
    4.396686038597E-02));
#3075 = DEFINITIONAL_REPRESENTATION('',(#3076),#3080);
#3076 = LINE('',#3077,#3078);
#3077 = CARTESIAN_POINT('',(0.775272954399,0.979352777775));
#3078 = VECTOR('',#3079,1.);
#3079 = DIRECTION('',(-0.620679323612,-0.784064523646));
#3080 = ( GEOMETRIC_REPRESENTATION_CONTEXT(2) 
PARAMETRIC_REPRESENTATION_CONTEXT() REPRESENTATION_CONTEXT('2D SPACE',''
  ) );
#3081 = ORIENTED_EDGE('',*,*,#3082,.F.);
#3082 = EDGE_CURVE('',#2830,#3055,#3083,.T.);
#3083 = SURFACE_CURVE('',#3084,(#3088,#3095),.PCURVE_S1.);
#3084 = LINE('',#3085,#3086);
#3085 = CARTESIAN_POINT('',(9.908942363316,-6.63280100736,
    17.194124963547));
#3086 = VECTOR('',#3087,1.);
#3087 = DIRECTION('',(0.171673923168,-0.14286180403,-0.974740257224));
#3088 = PCURVE('',#2928,#3089);
#3089 = DEFINITIONAL_REPRESENTATION('',(#3090),#3094);
#3090 = LINE('',#3091,#3092);
#3091 = CARTESIAN_POINT('',(0.,-0.));
#3092 = VECTOR('',#3093,1.);
#3093 = DIRECTION('',(-0.223266619876,0.974757414154));
#3094 = ( GEOMETRIC_REPRESENTATION_CONTEXT(2) 
PARAMETRIC_REPRESENTATION_CONTEXT() REPRESENTATION_CONTEXT('2D SPACE',''
  ) );
#3095 = PCURVE('',#3096,#3101);
#3096 = PLANE('',#3097);
#3097 = AXIS2_PLACEMENT_3D('',#3098,#3099,#3100);
#3098 = CARTESIAN_POINT('',(9.908942363316,-6.63280100736,
    17.194124963547));
#3099 = DIRECTION('',(-0.671902405398,-0.740574913205,-9.79569042059E-03
    ));
#3100 = DIRECTION('',(-0.740610446899,0.671934644101,4.206310041625E-19)
  );
#3101 = DEFINITIONAL_REPRESENTATION('',(#3102),#3106);
#3102 = LINE('',#3103,#3104);
#3103 = CARTESIAN_POINT('',(0.,0.));
#3104 = VECTOR('',#3105,1.);
#3105 = DIRECTION('',(-0.223137296405,0.974787026459));
#3106 = ( GEOMETRIC_REPRESENTATION_CONTEXT(2) 
PARAMETRIC_REPRESENTATION_CONTEXT() REPRESENTATION_CONTEXT('2D SPACE',''
  ) );
#3107 = ADVANCED_FACE('',(#3108),#3096,.T.);
#3108 = FACE_BOUND('',#3109,.T.);
#3109 = EDGE_LOOP('',(#3110,#3111,#3139));
#3110 = ORIENTED_EDGE('',*,*,#3082,.T.);
#3111 = ORIENTED_EDGE('',*,*,#3112,.F.);
#3112 = EDGE_CURVE('',#3113,#3055,#3115,.T.);
#3113 = VERTEX_POINT('',#3114);
#3114 = CARTESIAN_POINT('',(10.837751776341,-7.476083923144,
    17.239542221188));
#3115 = SURFACE_CURVE('',#3116,(#3120,#3127),.PCURVE_S1.);
#3116 = LINE('',#3117,#3118);
#3117 = CARTESIAN_POINT('',(10.837751776341,-7.476083923144,
    17.239542221188));
#3118 = VECTOR('',#3119,1.);
#3119 = DIRECTION('',(5.844092523166E-03,7.924324255152E-03,
    -0.999951524659));
#3120 = PCURVE('',#3096,#3121);
#3121 = DEFINITIONAL_REPRESENTATION('',(#3122),#3126);
#3122 = LINE('',#3123,#3124);
#3123 = CARTESIAN_POINT('',(-1.254516960359,-4.541943681691E-02));
#3124 = VECTOR('',#3125,1.);
#3125 = DIRECTION('',(9.964320228251E-04,0.999999503561));
#3126 = ( GEOMETRIC_REPRESENTATION_CONTEXT(2) 
PARAMETRIC_REPRESENTATION_CONTEXT() REPRESENTATION_CONTEXT('2D SPACE',''
  ) );
#3127 = PCURVE('',#3128,#3133);
#3128 = PLANE('',#3129);
#3129 = AXIS2_PLACEMENT_3D('',#3130,#3131,#3132);
#3130 = CARTESIAN_POINT('',(10.837751776341,-7.476083923144,
    17.239542221188));
#3131 = DIRECTION('',(-0.836801329294,-0.547428867181,
    -9.228795611094E-03));
#3132 = DIRECTION('',(0.547452181112,-0.836836967035,-8.84282511443E-19)
  );
#3133 = DEFINITIONAL_REPRESENTATION('',(#3134),#3138);
#3134 = LINE('',#3135,#3136);
#3135 = CARTESIAN_POINT('',(0.,0.));
#3136 = VECTOR('',#3137,1.);
#3137 = DIRECTION('',(-3.432006277053E-03,-0.999994110649));
#3138 = ( GEOMETRIC_REPRESENTATION_CONTEXT(2) 
PARAMETRIC_REPRESENTATION_CONTEXT() REPRESENTATION_CONTEXT('2D SPACE',''
  ) );
#3139 = ORIENTED_EDGE('',*,*,#3140,.F.);
#3140 = EDGE_CURVE('',#2830,#3113,#3141,.T.);
#3141 = SURFACE_CURVE('',#3142,(#3146,#3153),.PCURVE_S1.);
#3142 = LINE('',#3143,#3144);
#3143 = CARTESIAN_POINT('',(9.908942363316,-6.63280100736,
    17.194124963547));
#3144 = VECTOR('',#3145,1.);
#3145 = DIRECTION('',(0.739887388441,-0.671757182395,3.617928035071E-02)
  );
#3146 = PCURVE('',#3096,#3147);
#3147 = DEFINITIONAL_REPRESENTATION('',(#3148),#3152);
#3148 = LINE('',#3149,#3150);
#3149 = CARTESIAN_POINT('',(0.,0.));
#3150 = VECTOR('',#3151,1.);
#3151 = DIRECTION('',(-0.999345252684,-3.618101627703E-02));
#3152 = ( GEOMETRIC_REPRESENTATION_CONTEXT(2) 
PARAMETRIC_REPRESENTATION_CONTEXT() REPRESENTATION_CONTEXT('2D SPACE',''
  ) );
#3153 = PCURVE('',#2871,#3154);
#3154 = DEFINITIONAL_REPRESENTATION('',(#3155),#3159);
#3155 = LINE('',#3156,#3157);
#3156 = CARTESIAN_POINT('',(-13.48166481564,-29.92238359143));
#3157 = VECTOR('',#3158,1.);
#3158 = DIRECTION('',(0.740709357225,-0.671825608413));
#3159 = ( GEOMETRIC_REPRESENTATION_CONTEXT(2) 
PARAMETRIC_REPRESENTATION_CONTEXT() REPRESENTATION_CONTEXT('2D SPACE',''
  ) );
#3160 = ADVANCED_FACE('',(#3161),#3128,.T.);
#3161 = FACE_BOUND('',#3162,.T.);
#3162 = EDGE_LOOP('',(#3163,#3164,#3192));
#3163 = ORIENTED_EDGE('',*,*,#3112,.T.);
#3164 = ORIENTED_EDGE('',*,*,#3165,.T.);
#3165 = EDGE_CURVE('',#3055,#3166,#3168,.T.);
#3166 = VERTEX_POINT('',#3167);
#3167 = CARTESIAN_POINT('',(11.631234103302,-8.596494453335,
    11.752152448405));
#3168 = SURFACE_CURVE('',#3169,(#3173,#3180),.PCURVE_S1.);
#3169 = LINE('',#3170,#3171);
#3170 = CARTESIAN_POINT('',(10.869905365554,-7.432485115309,
    11.737912938439));
#3171 = VECTOR('',#3172,1.);
#3172 = DIRECTION('',(0.547344425382,-0.836844835447,1.02372549645E-02)
  );
#3173 = PCURVE('',#3128,#3174);
#3174 = DEFINITIONAL_REPRESENTATION('',(#3175),#3179);
#3175 = LINE('',#3176,#3177);
#3176 = CARTESIAN_POINT('',(-1.888254157006E-02,-5.501863586438));
#3177 = VECTOR('',#3178,1.);
#3178 = DIRECTION('',(0.999947593469,1.023769094928E-02));
#3179 = ( GEOMETRIC_REPRESENTATION_CONTEXT(2) 
PARAMETRIC_REPRESENTATION_CONTEXT() REPRESENTATION_CONTEXT('2D SPACE',''
  ) );
#3180 = PCURVE('',#3181,#3186);
#3181 = PLANE('',#3182);
#3182 = AXIS2_PLACEMENT_3D('',#3183,#3184,#3185);
#3183 = CARTESIAN_POINT('',(10.869905365554,-7.432485115309,
    11.737912938439));
#3184 = DIRECTION('',(8.893191217153E-04,1.281381427449E-02,
    0.999917504235));
#3185 = DIRECTION('',(-2.543235113679E-22,0.999917899647,
    -1.281381934164E-02));
#3186 = DEFINITIONAL_REPRESENTATION('',(#3187),#3191);
#3187 = LINE('',#3188,#3189);
#3188 = CARTESIAN_POINT('',(0.,0.));
#3189 = VECTOR('',#3190,1.);
#3190 = DIRECTION('',(-0.836907308526,-0.547344641827));
#3191 = ( GEOMETRIC_REPRESENTATION_CONTEXT(2) 
PARAMETRIC_REPRESENTATION_CONTEXT() REPRESENTATION_CONTEXT('2D SPACE',''
  ) );
#3192 = ORIENTED_EDGE('',*,*,#3193,.F.);
#3193 = EDGE_CURVE('',#3113,#3166,#3194,.T.);
#3194 = SURFACE_CURVE('',#3195,(#3199,#3206),.PCURVE_S1.);
#3195 = LINE('',#3196,#3197);
#3196 = CARTESIAN_POINT('',(10.837751776341,-7.476083923144,
    17.239542221188));
#3197 = VECTOR('',#3198,1.);
#3198 = DIRECTION('',(0.140277117138,-0.198073673283,-0.970097495286));
#3199 = PCURVE('',#3128,#3200);
#3200 = DEFINITIONAL_REPRESENTATION('',(#3201),#3205);
#3201 = LINE('',#3202,#3203);
#3202 = CARTESIAN_POINT('',(0.,0.));
#3203 = VECTOR('',#3204,1.);
#3204 = DIRECTION('',(0.242550385737,-0.970138809851));
#3205 = ( GEOMETRIC_REPRESENTATION_CONTEXT(2) 
PARAMETRIC_REPRESENTATION_CONTEXT() REPRESENTATION_CONTEXT('2D SPACE',''
  ) );
#3206 = PCURVE('',#3207,#3212);
#3207 = PLANE('',#3208);
#3208 = AXIS2_PLACEMENT_3D('',#3209,#3210,#3211);
#3209 = CARTESIAN_POINT('',(10.837751776341,-7.476083923144,
    17.239542221188));
#3210 = DIRECTION('',(-0.785141389335,-0.619182363182,1.289185316591E-02
    ));
#3211 = DIRECTION('',(0.619233823613,-0.78520664267,6.074987620806E-19)
  );
#3212 = DEFINITIONAL_REPRESENTATION('',(#3213),#3217);
#3213 = LINE('',#3214,#3215);
#3214 = CARTESIAN_POINT('',(0.,0.));
#3215 = VECTOR('',#3216,1.);
#3216 = DIRECTION('',(0.242393099611,-0.970178120378));
#3217 = ( GEOMETRIC_REPRESENTATION_CONTEXT(2) 
PARAMETRIC_REPRESENTATION_CONTEXT() REPRESENTATION_CONTEXT('2D SPACE',''
  ) );
#3218 = ADVANCED_FACE('',(#3219),#3207,.T.);
#3219 = FACE_BOUND('',#3220,.T.);
#3220 = EDGE_LOOP('',(#3221,#3222,#3250));
#3221 = ORIENTED_EDGE('',*,*,#3193,.T.);
#3222 = ORIENTED_EDGE('',*,*,#3223,.T.);
#3223 = EDGE_CURVE('',#3166,#3224,#3226,.T.);
#3224 = VERTEX_POINT('',#3225);
#3225 = CARTESIAN_POINT('',(11.675569229093,-8.538281695281,
    17.248154803341));
#3226 = SURFACE_CURVE('',#3227,(#3231,#3238),.PCURVE_S1.);
#3227 = LINE('',#3228,#3229);
#3228 = CARTESIAN_POINT('',(11.631234103302,-8.596494453335,
    11.752152448405));
#3229 = VECTOR('',#3230,1.);
#3230 = DIRECTION('',(8.066080402473E-03,1.059089781606E-02,
    0.999911381689));
#3231 = PCURVE('',#3207,#3232);
#3232 = DEFINITIONAL_REPRESENTATION('',(#3233),#3237);
#3233 = LINE('',#3234,#3235);
#3234 = CARTESIAN_POINT('',(1.371104886117,-5.487845831387));
#3235 = VECTOR('',#3236,1.);
#3236 = DIRECTION('',(-3.321253507817E-03,0.999994484622));
#3237 = ( GEOMETRIC_REPRESENTATION_CONTEXT(2) 
PARAMETRIC_REPRESENTATION_CONTEXT() REPRESENTATION_CONTEXT('2D SPACE',''
  ) );
#3238 = PCURVE('',#3239,#3244);
#3239 = PLANE('',#3240);
#3240 = AXIS2_PLACEMENT_3D('',#3241,#3242,#3243);
#3241 = CARTESIAN_POINT('',(11.675569229093,-8.538281695281,
    17.248154803341));
#3242 = DIRECTION('',(-0.954239656513,-0.298845568176,1.086297932688E-02
    ));
#3243 = DIRECTION('',(0.298863202271,-0.954295963697,6.119700231201E-22)
  );
#3244 = DEFINITIONAL_REPRESENTATION('',(#3245),#3249);
#3245 = LINE('',#3246,#3247);
#3246 = CARTESIAN_POINT('',(4.230206237986E-02,-5.496326659648));
#3247 = VECTOR('',#3248,1.);
#3248 = DIRECTION('',(-7.696196418937E-03,0.999970383842));
#3249 = ( GEOMETRIC_REPRESENTATION_CONTEXT(2) 
PARAMETRIC_REPRESENTATION_CONTEXT() REPRESENTATION_CONTEXT('2D SPACE',''
  ) );
#3250 = ORIENTED_EDGE('',*,*,#3251,.F.);
#3251 = EDGE_CURVE('',#3113,#3224,#3252,.T.);
#3252 = SURFACE_CURVE('',#3253,(#3257,#3264),.PCURVE_S1.);
#3253 = LINE('',#3254,#3255);
#3254 = CARTESIAN_POINT('',(10.837751776341,-7.476083923144,
    17.239542221188));
#3255 = VECTOR('',#3256,1.);
#3256 = DIRECTION('',(0.619285721542,-0.785139903182,6.366123234964E-03)
  );
#3257 = PCURVE('',#3207,#3258);
#3258 = DEFINITIONAL_REPRESENTATION('',(#3259),#3263);
#3259 = LINE('',#3260,#3261);
#3260 = CARTESIAN_POINT('',(0.,0.));
#3261 = VECTOR('',#3262,1.);
#3262 = DIRECTION('',(0.999979732664,6.366652325369E-03));
#3263 = ( GEOMETRIC_REPRESENTATION_CONTEXT(2) 
PARAMETRIC_REPRESENTATION_CONTEXT() REPRESENTATION_CONTEXT('2D SPACE',''
  ) );
#3264 = PCURVE('',#3265,#3270);
#3265 = PLANE('',#3266);
#3266 = AXIS2_PLACEMENT_3D('',#3267,#3268,#3269);
#3267 = CARTESIAN_POINT('',(23.397247514615,23.286534963501,
    17.251441650106));
#3268 = DIRECTION('',(-7.096598673854E-03,2.510534272437E-03,
    0.999971667351));
#3269 = DIRECTION('',(0.999974818668,1.410736794714E-21,
    7.096621038119E-03));
#3270 = DEFINITIONAL_REPRESENTATION('',(#3271),#3275);
#3271 = LINE('',#3272,#3273);
#3272 = CARTESIAN_POINT('',(-12.55926391917,-30.76271583214));
#3273 = VECTOR('',#3274,1.);
#3274 = DIRECTION('',(0.619315305067,-0.785142377477));
#3275 = ( GEOMETRIC_REPRESENTATION_CONTEXT(2) 
PARAMETRIC_REPRESENTATION_CONTEXT() REPRESENTATION_CONTEXT('2D SPACE',''
  ) );
#3276 = ADVANCED_FACE('',(#3277),#3265,.T.);
#3277 = FACE_BOUND('',#3278,.T.);
#3278 = EDGE_LOOP('',(#3279,#3300,#3301));
#3279 = ORIENTED_EDGE('',*,*,#3280,.F.);
#3280 = EDGE_CURVE('',#3113,#1443,#3281,.T.);
#3281 = SURFACE_CURVE('',#3282,(#3286,#3293),.PCURVE_S1.);
#3282 = LINE('',#3283,#3284);
#3283 = CARTESIAN_POINT('',(10.837751776341,-7.476083923144,
    17.239542221188));
#3284 = VECTOR('',#3285,1.);
#3285 = DIRECTION('',(0.377982742412,0.925812571847,3.581177834925E-04)
  );
#3286 = PCURVE('',#3265,#3287);
#3287 = DEFINITIONAL_REPRESENTATION('',(#3288),#3292);
#3288 = LINE('',#3289,#3290);
#3289 = CARTESIAN_POINT('',(-12.55926391917,-30.76271583214));
#3290 = VECTOR('',#3291,1.);
#3291 = DIRECTION('',(0.377975765729,0.925815489458));
#3292 = ( GEOMETRIC_REPRESENTATION_CONTEXT(2) 
PARAMETRIC_REPRESENTATION_CONTEXT() REPRESENTATION_CONTEXT('2D SPACE',''
  ) );
#3293 = PCURVE('',#2871,#3294);
#3294 = DEFINITIONAL_REPRESENTATION('',(#3295),#3299);
#3295 = LINE('',#3296,#3297);
#3296 = CARTESIAN_POINT('',(-12.55182355323,-30.76575240506));
#3297 = VECTOR('',#3298,1.);
#3298 = DIRECTION('',(0.377751845121,0.925906876261));
#3299 = ( GEOMETRIC_REPRESENTATION_CONTEXT(2) 
PARAMETRIC_REPRESENTATION_CONTEXT() REPRESENTATION_CONTEXT('2D SPACE',''
  ) );
#3300 = ORIENTED_EDGE('',*,*,#3251,.T.);
#3301 = ORIENTED_EDGE('',*,*,#3302,.T.);
#3302 = EDGE_CURVE('',#3224,#1443,#3303,.T.);
#3303 = SURFACE_CURVE('',#3304,(#3308,#3315),.PCURVE_S1.);
#3304 = LINE('',#3305,#3306);
#3305 = CARTESIAN_POINT('',(11.675569229093,-8.538281695281,
    17.248154803341));
#3306 = VECTOR('',#3307,1.);
#3307 = DIRECTION('',(0.345620872002,0.938374234218,9.691469238303E-05)
  );
#3308 = PCURVE('',#3265,#3309);
#3309 = DEFINITIONAL_REPRESENTATION('',(#3310),#3314);
#3310 = LINE('',#3311,#3312);
#3311 = CARTESIAN_POINT('',(-11.72140644355,-31.8249169517));
#3312 = VECTOR('',#3313,1.);
#3313 = DIRECTION('',(0.345612856575,0.938377191416));
#3314 = ( GEOMETRIC_REPRESENTATION_CONTEXT(2) 
PARAMETRIC_REPRESENTATION_CONTEXT() REPRESENTATION_CONTEXT('2D SPACE',''
  ) );
#3315 = PCURVE('',#3316,#3321);
#3316 = PLANE('',#3317);
#3317 = AXIS2_PLACEMENT_3D('',#3318,#3319,#3320);
#3318 = CARTESIAN_POINT('',(23.397247514615,23.286534963501,
    17.251441650106));
#3319 = DIRECTION('',(9.567022586134E-02,-3.533988361324E-02,
    0.994785555037));
#3320 = DIRECTION('',(0.995407335014,-1.164867315132E-19,
    -9.573002350373E-02));
#3321 = DEFINITIONAL_REPRESENTATION('',(#3322),#3326);
#3322 = LINE('',#3323,#3324);
#3323 = CARTESIAN_POINT('',(-11.66752989416,-31.84470841704));
#3324 = VECTOR('',#3325,1.);
#3325 = DIRECTION('',(0.344024273479,0.938960754908));
#3326 = ( GEOMETRIC_REPRESENTATION_CONTEXT(2) 
PARAMETRIC_REPRESENTATION_CONTEXT() REPRESENTATION_CONTEXT('2D SPACE',''
  ) );
#3327 = ADVANCED_FACE('',(#3328),#3316,.T.);
#3328 = FACE_BOUND('',#3329,.T.);
#3329 = EDGE_LOOP('',(#3330,#3331,#3354));
#3330 = ORIENTED_EDGE('',*,*,#3302,.F.);
#3331 = ORIENTED_EDGE('',*,*,#3332,.T.);
#3332 = EDGE_CURVE('',#3224,#3333,#3335,.T.);
#3333 = VERTEX_POINT('',#3334);
#3334 = CARTESIAN_POINT('',(12.063023001166,-9.778410871807,
    17.166836965301));
#3335 = SURFACE_CURVE('',#3336,(#3340,#3347),.PCURVE_S1.);
#3336 = LINE('',#3337,#3338);
#3337 = CARTESIAN_POINT('',(11.675569229093,-8.538281695281,
    17.248154803341));
#3338 = VECTOR('',#3339,1.);
#3339 = DIRECTION('',(0.297631882255,-0.952634888738,-6.246624227523E-02
    ));
#3340 = PCURVE('',#3316,#3341);
#3341 = DEFINITIONAL_REPRESENTATION('',(#3342),#3346);
#3342 = LINE('',#3343,#3344);
#3343 = CARTESIAN_POINT('',(-11.66752989416,-31.84470841704));
#3344 = VECTOR('',#3345,1.);
#3345 = DIRECTION('',(0.302244853572,-0.953230322896));
#3346 = ( GEOMETRIC_REPRESENTATION_CONTEXT(2) 
PARAMETRIC_REPRESENTATION_CONTEXT() REPRESENTATION_CONTEXT('2D SPACE',''
  ) );
#3347 = PCURVE('',#3239,#3348);
#3348 = DEFINITIONAL_REPRESENTATION('',(#3349),#3353);
#3349 = LINE('',#3350,#3351);
#3350 = CARTESIAN_POINT('',(0.,0.));
#3351 = VECTOR('',#3352,1.);
#3352 = DIRECTION('',(0.998046846629,-6.246992824467E-02));
#3353 = ( GEOMETRIC_REPRESENTATION_CONTEXT(2) 
PARAMETRIC_REPRESENTATION_CONTEXT() REPRESENTATION_CONTEXT('2D SPACE',''
  ) );
#3354 = ORIENTED_EDGE('',*,*,#3355,.T.);
#3355 = EDGE_CURVE('',#3333,#1443,#3356,.T.);
#3356 = SURFACE_CURVE('',#3357,(#3361,#3368),.PCURVE_S1.);
#3357 = LINE('',#3358,#3359);
#3358 = CARTESIAN_POINT('',(12.063023001166,-9.778410871807,
    17.166836965301));
#3359 = VECTOR('',#3360,1.);
#3360 = DIRECTION('',(0.3242637681,0.94596360923,2.420477365814E-03));
#3361 = PCURVE('',#3316,#3362);
#3362 = DEFINITIONAL_REPRESENTATION('',(#3363),#3367);
#3363 = LINE('',#3364,#3365);
#3364 = CARTESIAN_POINT('',(-11.27407100892,-33.08561272292));
#3365 = VECTOR('',#3366,1.);
#3366 = DIRECTION('',(0.322542820891,0.946554873577));
#3367 = ( GEOMETRIC_REPRESENTATION_CONTEXT(2) 
PARAMETRIC_REPRESENTATION_CONTEXT() REPRESENTATION_CONTEXT('2D SPACE',''
  ) );
#3368 = PCURVE('',#3369,#3374);
#3369 = PLANE('',#3370);
#3370 = AXIS2_PLACEMENT_3D('',#3371,#3372,#3373);
#3371 = CARTESIAN_POINT('',(23.397247514615,23.286534963501,
    17.251441650106));
#3372 = DIRECTION('',(-4.722204088879E-03,-9.400040431116E-04,
    0.999988408523));
#3373 = DIRECTION('',(0.999988850322,2.22244926586E-22,
    4.722206175168E-03));
#3374 = DEFINITIONAL_REPRESENTATION('',(#3375),#3379);
#3375 = LINE('',#3376,#3377);
#3376 = CARTESIAN_POINT('',(-11.33449766126,-33.06496044353));
#3377 = VECTOR('',#3378,1.);
#3378 = DIRECTION('',(0.324271582656,0.94596402716));
#3379 = ( GEOMETRIC_REPRESENTATION_CONTEXT(2) 
PARAMETRIC_REPRESENTATION_CONTEXT() REPRESENTATION_CONTEXT('2D SPACE',''
  ) );
#3380 = ADVANCED_FACE('',(#3381),#2871,.T.);
#3381 = FACE_BOUND('',#3382,.T.);
#3382 = EDGE_LOOP('',(#3383,#3384,#3385));
#3383 = ORIENTED_EDGE('',*,*,#2857,.F.);
#3384 = ORIENTED_EDGE('',*,*,#3140,.T.);
#3385 = ORIENTED_EDGE('',*,*,#3280,.T.);
#3386 = ADVANCED_FACE('',(#3387),#3369,.T.);
#3387 = FACE_BOUND('',#3388,.T.);
#3388 = EDGE_LOOP('',(#3389,#3390,#3416));
#3389 = ORIENTED_EDGE('',*,*,#3355,.F.);
#3390 = ORIENTED_EDGE('',*,*,#3391,.T.);
#3391 = EDGE_CURVE('',#3333,#172,#3392,.T.);
#3392 = SURFACE_CURVE('',#3393,(#3397,#3404),.PCURVE_S1.);
#3393 = LINE('',#3394,#3395);
#3394 = CARTESIAN_POINT('',(12.063023001166,-9.778410871807,
    17.166836965301));
#3395 = VECTOR('',#3396,1.);
#3396 = DIRECTION('',(0.642869030002,-0.76597261536,2.315768249914E-03)
  );
#3397 = PCURVE('',#3369,#3398);
#3398 = DEFINITIONAL_REPRESENTATION('',(#3399),#3403);
#3399 = LINE('',#3400,#3401);
#3400 = CARTESIAN_POINT('',(-11.33449766126,-33.06496044353));
#3401 = VECTOR('',#3402,1.);
#3402 = DIRECTION('',(0.642872797755,-0.76597295377));
#3403 = ( GEOMETRIC_REPRESENTATION_CONTEXT(2) 
PARAMETRIC_REPRESENTATION_CONTEXT() REPRESENTATION_CONTEXT('2D SPACE',''
  ) );
#3404 = PCURVE('',#3405,#3410);
#3405 = PLANE('',#3406);
#3406 = AXIS2_PLACEMENT_3D('',#3407,#3408,#3409);
#3407 = CARTESIAN_POINT('',(12.063023001166,-9.778410871807,
    17.166836965301));
#3408 = DIRECTION('',(0.104527036832,9.072214003003E-02,0.99037548025));
#3409 = DIRECTION('',(0.99447645854,3.332743470095E-19,-0.104959865711)
  );
#3410 = DEFINITIONAL_REPRESENTATION('',(#3411),#3415);
#3411 = LINE('',#3412,#3413);
#3412 = CARTESIAN_POINT('',(0.,0.));
#3413 = VECTOR('',#3414,1.);
#3414 = DIRECTION('',(0.639075053537,-0.769144379129));
#3415 = ( GEOMETRIC_REPRESENTATION_CONTEXT(2) 
PARAMETRIC_REPRESENTATION_CONTEXT() REPRESENTATION_CONTEXT('2D SPACE',''
  ) );
#3416 = ORIENTED_EDGE('',*,*,#3417,.T.);
#3417 = EDGE_CURVE('',#172,#1443,#3418,.T.);
#3418 = SURFACE_CURVE('',#3419,(#3423,#3430),.PCURVE_S1.);
#3419 = LINE('',#3420,#3421);
#3420 = CARTESIAN_POINT('',(23.381524911668,-23.26430318537,
    17.20760892061));
#3421 = VECTOR('',#3422,1.);
#3422 = DIRECTION('',(3.37751063257E-04,0.999999499648,
    9.416094168741E-04));
#3423 = PCURVE('',#3369,#3424);
#3424 = DEFINITIONAL_REPRESENTATION('',(#3425),#3429);
#3425 = LINE('',#3426,#3427);
#3426 = CARTESIAN_POINT('',(-1.592941483107E-02,-46.55085871522));
#3427 = VECTOR('',#3428,1.);
#3428 = DIRECTION('',(3.421937712444E-04,0.999999941452));
#3429 = ( GEOMETRIC_REPRESENTATION_CONTEXT(2) 
PARAMETRIC_REPRESENTATION_CONTEXT() REPRESENTATION_CONTEXT('2D SPACE',''
  ) );
#3430 = PCURVE('',#1591,#3431);
#3431 = DEFINITIONAL_REPRESENTATION('',(#3432),#3436);
#3432 = LINE('',#3433,#3434);
#3433 = CARTESIAN_POINT('',(0.,-0.));
#3434 = VECTOR('',#3435,1.);
#3435 = DIRECTION('',(9.404493786681E-04,-0.999999557777));
#3436 = ( GEOMETRIC_REPRESENTATION_CONTEXT(2) 
PARAMETRIC_REPRESENTATION_CONTEXT() REPRESENTATION_CONTEXT('2D SPACE',''
  ) );
#3437 = ADVANCED_FACE('',(#3438),#2197,.T.);
#3438 = FACE_BOUND('',#3439,.T.);
#3439 = EDGE_LOOP('',(#3440,#3441,#3442));
#3440 = ORIENTED_EDGE('',*,*,#2183,.T.);
#3441 = ORIENTED_EDGE('',*,*,#2410,.T.);
#3442 = ORIENTED_EDGE('',*,*,#3443,.F.);
#3443 = EDGE_CURVE('',#631,#2383,#3444,.T.);
#3444 = SURFACE_CURVE('',#3445,(#3449,#3456),.PCURVE_S1.);
#3445 = LINE('',#3446,#3447);
#3446 = CARTESIAN_POINT('',(-23.4620482041,23.280880536346,
    17.230380406079));
#3447 = VECTOR('',#3448,1.);
#3448 = DIRECTION('',(0.695988102442,-0.718053313602,9.173982814841E-06)
  );
#3449 = PCURVE('',#2197,#3450);
#3450 = DEFINITIONAL_REPRESENTATION('',(#3451),#3455);
#3451 = LINE('',#3452,#3453);
#3452 = CARTESIAN_POINT('',(0.,0.));
#3453 = VECTOR('',#3454,1.);
#3454 = DIRECTION('',(0.695981511951,-0.718059701572));
#3455 = ( GEOMETRIC_REPRESENTATION_CONTEXT(2) 
PARAMETRIC_REPRESENTATION_CONTEXT() REPRESENTATION_CONTEXT('2D SPACE',''
  ) );
#3456 = PCURVE('',#2593,#3457);
#3457 = DEFINITIONAL_REPRESENTATION('',(#3458),#3462);
#3458 = LINE('',#3459,#3460);
#3459 = CARTESIAN_POINT('',(-29.61472469601,28.922271662348));
#3460 = VECTOR('',#3461,1.);
#3461 = DIRECTION('',(0.695886129094,-0.718152139407));
#3462 = ( GEOMETRIC_REPRESENTATION_CONTEXT(2) 
PARAMETRIC_REPRESENTATION_CONTEXT() REPRESENTATION_CONTEXT('2D SPACE',''
  ) );
#3463 = ADVANCED_FACE('',(#3464),#2593,.T.);
#3464 = FACE_BOUND('',#3465,.T.);
#3465 = EDGE_LOOP('',(#3466,#3487,#3488));
#3466 = ORIENTED_EDGE('',*,*,#3467,.F.);
#3467 = EDGE_CURVE('',#631,#2552,#3468,.T.);
#3468 = SURFACE_CURVE('',#3469,(#3473,#3480),.PCURVE_S1.);
#3469 = LINE('',#3470,#3471);
#3470 = CARTESIAN_POINT('',(-23.4620482041,23.280880536346,
    17.230380406079));
#3471 = VECTOR('',#3472,1.);
#3472 = DIRECTION('',(0.715514916031,-0.698597155298,-6.477236910369E-04
    ));
#3473 = PCURVE('',#2593,#3474);
#3474 = DEFINITIONAL_REPRESENTATION('',(#3475),#3479);
#3475 = LINE('',#3476,#3477);
#3476 = CARTESIAN_POINT('',(-29.61472469601,28.922271662348));
#3477 = VECTOR('',#3478,1.);
#3478 = DIRECTION('',(0.71542132192,-0.698693303348));
#3479 = ( GEOMETRIC_REPRESENTATION_CONTEXT(2) 
PARAMETRIC_REPRESENTATION_CONTEXT() REPRESENTATION_CONTEXT('2D SPACE',''
  ) );
#3480 = PCURVE('',#1485,#3481);
#3481 = DEFINITIONAL_REPRESENTATION('',(#3482),#3486);
#3482 = LINE('',#3483,#3484);
#3483 = CARTESIAN_POINT('',(-5.683640954181E-03,46.859300448249));
#3484 = VECTOR('',#3485,1.);
#3485 = DIRECTION('',(-0.698597381609,-0.715514988249));
#3486 = ( GEOMETRIC_REPRESENTATION_CONTEXT(2) 
PARAMETRIC_REPRESENTATION_CONTEXT() REPRESENTATION_CONTEXT('2D SPACE',''
  ) );
#3487 = ORIENTED_EDGE('',*,*,#3443,.T.);
#3488 = ORIENTED_EDGE('',*,*,#2579,.T.);
#3489 = ADVANCED_FACE('',(#3490),#477,.T.);
#3490 = FACE_BOUND('',#3491,.T.);
#3491 = EDGE_LOOP('',(#3492,#3520,#3521));
#3492 = ORIENTED_EDGE('',*,*,#3493,.F.);
#3493 = EDGE_CURVE('',#462,#3494,#3496,.T.);
#3494 = VERTEX_POINT('',#3495);
#3495 = CARTESIAN_POINT('',(12.27133880706,-11.10605595282,
    17.266468035539));
#3496 = SURFACE_CURVE('',#3497,(#3501,#3508),.PCURVE_S1.);
#3497 = LINE('',#3498,#3499);
#3498 = CARTESIAN_POINT('',(12.146436293088,-12.38873491953,
    17.18052398233));
#3499 = VECTOR('',#3500,1.);
#3500 = DIRECTION('',(9.670308010271E-02,0.993086551418,
    6.654033131603E-02));
#3501 = PCURVE('',#477,#3502);
#3502 = DEFINITIONAL_REPRESENTATION('',(#3503),#3507);
#3503 = LINE('',#3504,#3505);
#3504 = CARTESIAN_POINT('',(-0.129940661333,-1.285055553059));
#3505 = VECTOR('',#3506,1.);
#3506 = DIRECTION('',(0.100603757137,0.99492657219));
#3507 = ( GEOMETRIC_REPRESENTATION_CONTEXT(2) 
PARAMETRIC_REPRESENTATION_CONTEXT() REPRESENTATION_CONTEXT('2D SPACE',''
  ) );
#3508 = PCURVE('',#3509,#3514);
#3509 = PLANE('',#3510);
#3510 = AXIS2_PLACEMENT_3D('',#3511,#3512,#3513);
#3511 = CARTESIAN_POINT('',(12.27133880706,-11.10605595282,
    17.266468035539));
#3512 = DIRECTION('',(-0.995273924711,9.588845473253E-02,
    1.533685231485E-02));
#3513 = DIRECTION('',(-9.589973411749E-02,-0.995390999053,
    1.421701884531E-19));
#3514 = DEFINITIONAL_REPRESENTATION('',(#3515),#3519);
#3515 = LINE('',#3516,#3517);
#3516 = CARTESIAN_POINT('',(1.288745216017,-8.595416283204E-02));
#3517 = VECTOR('',#3518,1.);
#3518 = DIRECTION('',(-0.997783214232,6.654815847327E-02));
#3519 = ( GEOMETRIC_REPRESENTATION_CONTEXT(2) 
PARAMETRIC_REPRESENTATION_CONTEXT() REPRESENTATION_CONTEXT('2D SPACE',''
  ) );
#3520 = ORIENTED_EDGE('',*,*,#461,.T.);
#3521 = ORIENTED_EDGE('',*,*,#3522,.F.);
#3522 = EDGE_CURVE('',#3494,#172,#3523,.T.);
#3523 = SURFACE_CURVE('',#3524,(#3528,#3535),.PCURVE_S1.);
#3524 = LINE('',#3525,#3526);
#3525 = CARTESIAN_POINT('',(12.27133880706,-11.10605595282,
    17.266468035539));
#3526 = VECTOR('',#3527,1.);
#3527 = DIRECTION('',(0.674568897747,-0.73820324493,-3.573705058258E-03)
  );
#3528 = PCURVE('',#477,#3529);
#3529 = DEFINITIONAL_REPRESENTATION('',(#3530),#3534);
#3530 = LINE('',#3531,#3532);
#3531 = CARTESIAN_POINT('',(0.,0.));
#3532 = VECTOR('',#3533,1.);
#3533 = DIRECTION('',(0.673078539888,-0.739571010209));
#3534 = ( GEOMETRIC_REPRESENTATION_CONTEXT(2) 
PARAMETRIC_REPRESENTATION_CONTEXT() REPRESENTATION_CONTEXT('2D SPACE',''
  ) );
#3535 = PCURVE('',#3405,#3536);
#3536 = DEFINITIONAL_REPRESENTATION('',(#3537),#3541);
#3537 = LINE('',#3538,#3539);
#3538 = CARTESIAN_POINT('',(0.196707901151,-1.333142636003));
#3539 = VECTOR('',#3540,1.);
#3540 = DIRECTION('',(0.671217984075,-0.741260020407));
#3541 = ( GEOMETRIC_REPRESENTATION_CONTEXT(2) 
PARAMETRIC_REPRESENTATION_CONTEXT() REPRESENTATION_CONTEXT('2D SPACE',''
  ) );
#3542 = ADVANCED_FACE('',(#3543),#3405,.T.);
#3543 = FACE_BOUND('',#3544,.T.);
#3544 = EDGE_LOOP('',(#3545,#3571,#3572));
#3545 = ORIENTED_EDGE('',*,*,#3546,.T.);
#3546 = EDGE_CURVE('',#3333,#3494,#3547,.T.);
#3547 = SURFACE_CURVE('',#3548,(#3552,#3559),.PCURVE_S1.);
#3548 = LINE('',#3549,#3550);
#3549 = CARTESIAN_POINT('',(12.063023001166,-9.778410871807,
    17.166836965301));
#3550 = VECTOR('',#3551,1.);
#3551 = DIRECTION('',(0.154585477261,-0.98520920005,7.39334995572E-02));
#3552 = PCURVE('',#3405,#3553);
#3553 = DEFINITIONAL_REPRESENTATION('',(#3554),#3558);
#3554 = LINE('',#3555,#3556);
#3555 = CARTESIAN_POINT('',(0.,0.));
#3556 = VECTOR('',#3557,1.);
#3557 = DIRECTION('',(0.145971567783,-0.989288785643));
#3558 = ( GEOMETRIC_REPRESENTATION_CONTEXT(2) 
PARAMETRIC_REPRESENTATION_CONTEXT() REPRESENTATION_CONTEXT('2D SPACE',''
  ) );
#3559 = PCURVE('',#3560,#3565);
#3560 = PLANE('',#3561);
#3561 = AXIS2_PLACEMENT_3D('',#3562,#3563,#3564);
#3562 = CARTESIAN_POINT('',(12.063023001166,-9.778410871807,
    17.166836965301));
#3563 = DIRECTION('',(-0.987861535806,-0.155289605599,
    -3.837247393326E-03));
#3564 = DIRECTION('',(0.15529074889,-0.987868808754,5.674238023316E-20)
  );
#3565 = DEFINITIONAL_REPRESENTATION('',(#3566),#3570);
#3566 = LINE('',#3567,#3568);
#3567 = CARTESIAN_POINT('',(0.,0.));
#3568 = VECTOR('',#3569,1.);
#3569 = DIRECTION('',(0.997263133358,7.393404387892E-02));
#3570 = ( GEOMETRIC_REPRESENTATION_CONTEXT(2) 
PARAMETRIC_REPRESENTATION_CONTEXT() REPRESENTATION_CONTEXT('2D SPACE',''
  ) );
#3571 = ORIENTED_EDGE('',*,*,#3522,.T.);
#3572 = ORIENTED_EDGE('',*,*,#3391,.F.);
#3573 = ADVANCED_FACE('',(#3574),#1485,.T.);
#3574 = FACE_BOUND('',#3575,.T.);
#3575 = EDGE_LOOP('',(#3576,#3577,#3578));
#3576 = ORIENTED_EDGE('',*,*,#1471,.F.);
#3577 = ORIENTED_EDGE('',*,*,#3467,.T.);
#3578 = ORIENTED_EDGE('',*,*,#2724,.T.);
#3579 = ADVANCED_FACE('',(#3580),#1400,.T.);
#3580 = FACE_BOUND('',#3581,.T.);
#3581 = EDGE_LOOP('',(#3582,#3583,#3584));
#3582 = ORIENTED_EDGE('',*,*,#1554,.F.);
#3583 = ORIENTED_EDGE('',*,*,#1384,.T.);
#3584 = ORIENTED_EDGE('',*,*,#3585,.T.);
#3585 = EDGE_CURVE('',#1385,#1555,#3586,.T.);
#3586 = SURFACE_CURVE('',#3587,(#3591,#3598),.PCURVE_S1.);
#3587 = LINE('',#3588,#3589);
#3588 = CARTESIAN_POINT('',(6.440615023043,-14.04975580139,
    6.399971958688E-03));
#3589 = VECTOR('',#3590,1.);
#3590 = DIRECTION('',(0.879318653927,-0.476232535291,1.130126954852E-03)
  );
#3591 = PCURVE('',#1400,#3592);
#3592 = DEFINITIONAL_REPRESENTATION('',(#3593),#3597);
#3593 = LINE('',#3594,#3595);
#3594 = CARTESIAN_POINT('',(-9.206899776887,16.999639883276));
#3595 = VECTOR('',#3596,1.);
#3596 = DIRECTION('',(0.476233617996,-0.879318793778));
#3597 = ( GEOMETRIC_REPRESENTATION_CONTEXT(2) 
PARAMETRIC_REPRESENTATION_CONTEXT() REPRESENTATION_CONTEXT('2D SPACE',''
  ) );
#3598 = PCURVE('',#3599,#3604);
#3599 = PLANE('',#3600);
#3600 = AXIS2_PLACEMENT_3D('',#3601,#3602,#3603);
#3601 = CARTESIAN_POINT('',(23.440252202622,-23.25663464661,
    2.824842031531E-02));
#3602 = DIRECTION('',(2.512302487073E-02,4.401729892284E-02,
    -0.998714829677));
#3603 = DIRECTION('',(1.494530307167E-19,-0.999030156564,
    -4.403119662158E-02));
#3604 = DEFINITIONAL_REPRESENTATION('',(#3605),#3609);
#3605 = LINE('',#3606,#3607);
#3606 = CARTESIAN_POINT('',(-9.196987600888,17.005004520195));
#3607 = VECTOR('',#3608,1.);
#3608 = DIRECTION('',(0.47572090345,-0.879596283542));
#3609 = ( GEOMETRIC_REPRESENTATION_CONTEXT(2) 
PARAMETRIC_REPRESENTATION_CONTEXT() REPRESENTATION_CONTEXT('2D SPACE',''
  ) );
#3610 = ADVANCED_FACE('',(#3611),#3599,.T.);
#3611 = FACE_BOUND('',#3612,.T.);
#3612 = EDGE_LOOP('',(#3613,#3614,#3642));
#3613 = ORIENTED_EDGE('',*,*,#3585,.F.);
#3614 = ORIENTED_EDGE('',*,*,#3615,.T.);
#3615 = EDGE_CURVE('',#1385,#3616,#3618,.T.);
#3616 = VERTEX_POINT('',#3617);
#3617 = CARTESIAN_POINT('',(7.14849506188,-14.04196474278,
    2.455032743379E-02));
#3618 = SURFACE_CURVE('',#3619,(#3623,#3630),.PCURVE_S1.);
#3619 = LINE('',#3620,#3621);
#3620 = CARTESIAN_POINT('',(6.440615023043,-14.04975580139,
    6.399971958688E-03));
#3621 = VECTOR('',#3622,1.);
#3622 = DIRECTION('',(0.999610943038,1.100190288721E-02,
    2.563046414298E-02));
#3623 = PCURVE('',#3599,#3624);
#3624 = DEFINITIONAL_REPRESENTATION('',(#3625),#3629);
#3625 = LINE('',#3626,#3627);
#3626 = CARTESIAN_POINT('',(-9.196987600888,17.005004520195));
#3627 = VECTOR('',#3628,1.);
#3628 = DIRECTION('',(-1.211977277009E-02,-0.999926552857));
#3629 = ( GEOMETRIC_REPRESENTATION_CONTEXT(2) 
PARAMETRIC_REPRESENTATION_CONTEXT() REPRESENTATION_CONTEXT('2D SPACE',''
  ) );
#3630 = PCURVE('',#3631,#3636);
#3631 = PLANE('',#3632);
#3632 = AXIS2_PLACEMENT_3D('',#3633,#3634,#3635);
#3633 = CARTESIAN_POINT('',(6.486665002118,-14.06937855721,
    11.736881315073));
#3634 = DIRECTION('',(-1.104949766947E-02,0.999937479894,
    1.716072644982E-03));
#3635 = DIRECTION('',(0.999938952257,1.104951393936E-02,
    4.100163788265E-21));
#3636 = DEFINITIONAL_REPRESENTATION('',(#3637),#3641);
#3637 = LINE('',#3638,#3639);
#3638 = CARTESIAN_POINT('',(-4.583034591408E-02,11.730498615731));
#3639 = VECTOR('',#3640,1.);
#3640 = DIRECTION('',(0.999671484725,-2.56305018827E-02));
#3641 = ( GEOMETRIC_REPRESENTATION_CONTEXT(2) 
PARAMETRIC_REPRESENTATION_CONTEXT() REPRESENTATION_CONTEXT('2D SPACE',''
  ) );
#3642 = ORIENTED_EDGE('',*,*,#3643,.T.);
#3643 = EDGE_CURVE('',#3616,#1555,#3644,.T.);
#3644 = SURFACE_CURVE('',#3645,(#3649,#3656),.PCURVE_S1.);
#3645 = LINE('',#3646,#3647);
#3646 = CARTESIAN_POINT('',(7.14849506188,-14.04196474278,
    2.455032743379E-02));
#3647 = VECTOR('',#3648,1.);
#3648 = DIRECTION('',(0.870418934029,-0.492311730763,1.975778325241E-04)
  );
#3649 = PCURVE('',#3599,#3650);
#3650 = DEFINITIONAL_REPRESENTATION('',(#3651),#3655);
#3651 = LINE('',#3652,#3653);
#3652 = CARTESIAN_POINT('',(-9.20557028526,16.296900980512));
#3653 = VECTOR('',#3654,1.);
#3654 = DIRECTION('',(0.491825565874,-0.870693753712));
#3655 = ( GEOMETRIC_REPRESENTATION_CONTEXT(2) 
PARAMETRIC_REPRESENTATION_CONTEXT() REPRESENTATION_CONTEXT('2D SPACE',''
  ) );
#3656 = PCURVE('',#3657,#3662);
#3657 = PLANE('',#3658);
#3658 = AXIS2_PLACEMENT_3D('',#3659,#3660,#3661);
#3659 = CARTESIAN_POINT('',(23.440252202622,-23.25663464661,
    2.824842031531E-02));
#3660 = DIRECTION('',(-2.644214163384E-02,-4.715107969875E-02,
    -0.998537725291));
#3661 = DIRECTION('',(1.929412218092E-20,-0.998886990678,
    4.716757205523E-02));
#3662 = DEFINITIONAL_REPRESENTATION('',(#3663),#3667);
#3663 = LINE('',#3664,#3665);
#3664 = CARTESIAN_POINT('',(-9.2045883204,16.297455620355));
#3665 = VECTOR('',#3666,1.);
#3666 = DIRECTION('',(0.491773102484,-0.870723386428));
#3667 = ( GEOMETRIC_REPRESENTATION_CONTEXT(2) 
PARAMETRIC_REPRESENTATION_CONTEXT() REPRESENTATION_CONTEXT('2D SPACE',''
  ) );
#3668 = ADVANCED_FACE('',(#3669),#3657,.T.);
#3669 = FACE_BOUND('',#3670,.T.);
#3670 = EDGE_LOOP('',(#3671,#3672,#3700));
#3671 = ORIENTED_EDGE('',*,*,#3643,.F.);
#3672 = ORIENTED_EDGE('',*,*,#3673,.T.);
#3673 = EDGE_CURVE('',#3616,#3674,#3676,.T.);
#3674 = VERTEX_POINT('',#3675);
#3675 = CARTESIAN_POINT('',(7.831595777241,-13.89416318197,
    -5.179783547524E-04));
#3676 = SURFACE_CURVE('',#3677,(#3681,#3688),.PCURVE_S1.);
#3677 = LINE('',#3678,#3679);
#3678 = CARTESIAN_POINT('',(7.14849506188,-14.04196474278,
    2.455032743379E-02));
#3679 = VECTOR('',#3680,1.);
#3680 = DIRECTION('',(0.976755289321,0.211339196464,-3.584478792463E-02)
  );
#3681 = PCURVE('',#3657,#3682);
#3682 = DEFINITIONAL_REPRESENTATION('',(#3683),#3687);
#3683 = LINE('',#3684,#3685);
#3684 = CARTESIAN_POINT('',(-9.2045883204,16.297455620355));
#3685 = VECTOR('',#3686,1.);
#3686 = DIRECTION('',(-0.212794685586,-0.977096935716));
#3687 = ( GEOMETRIC_REPRESENTATION_CONTEXT(2) 
PARAMETRIC_REPRESENTATION_CONTEXT() REPRESENTATION_CONTEXT('2D SPACE',''
  ) );
#3688 = PCURVE('',#3689,#3694);
#3689 = PLANE('',#3690);
#3690 = AXIS2_PLACEMENT_3D('',#3691,#3692,#3693);
#3691 = CARTESIAN_POINT('',(7.836511876291,-13.85862359939,
    11.730800725763));
#3692 = DIRECTION('',(-0.21157491332,0.977357563274,-2.872205371578E-03)
  );
#3693 = DIRECTION('',(0.977361594686,0.211575786026,2.65395238182E-20));
#3694 = DEFINITIONAL_REPRESENTATION('',(#3695),#3699);
#3695 = LINE('',#3696,#3697);
#3696 = CARTESIAN_POINT('',(-0.711231757427,11.706298684357));
#3697 = VECTOR('',#3698,1.);
#3698 = DIRECTION('',(0.999357363799,3.584493577748E-02));
#3699 = ( GEOMETRIC_REPRESENTATION_CONTEXT(2) 
PARAMETRIC_REPRESENTATION_CONTEXT() REPRESENTATION_CONTEXT('2D SPACE',''
  ) );
#3700 = ORIENTED_EDGE('',*,*,#3701,.T.);
#3701 = EDGE_CURVE('',#3674,#1555,#3702,.T.);
#3702 = SURFACE_CURVE('',#3703,(#3707,#3714),.PCURVE_S1.);
#3703 = LINE('',#3704,#3705);
#3704 = CARTESIAN_POINT('',(7.831595777241,-13.89416318197,
    -5.179783547524E-04));
#3705 = VECTOR('',#3706,1.);
#3706 = DIRECTION('',(0.857557835062,-0.514385129715,1.580459579206E-03)
  );
#3707 = PCURVE('',#3657,#3708);
#3708 = DEFINITIONAL_REPRESENTATION('',(#3709),#3713);
#3709 = LINE('',#3710,#3711);
#3710 = CARTESIAN_POINT('',(-9.353407787813,15.614115972172));
#3711 = VECTOR('',#3712,1.);
#3712 = DIRECTION('',(0.513887160712,-0.857857788946));
#3713 = ( GEOMETRIC_REPRESENTATION_CONTEXT(2) 
PARAMETRIC_REPRESENTATION_CONTEXT() REPRESENTATION_CONTEXT('2D SPACE',''
  ) );
#3714 = PCURVE('',#3715,#3720);
#3715 = PLANE('',#3716);
#3716 = AXIS2_PLACEMENT_3D('',#3717,#3718,#3719);
#3717 = CARTESIAN_POINT('',(23.440252202622,-23.25663464661,
    2.824842031531E-02));
#3718 = DIRECTION('',(-1.418361273197E-02,-2.67173442508E-02,
    -0.999542399624));
#3719 = DIRECTION('',(7.177324080169E-20,-0.999642956203,
    2.672003208548E-02));
#3720 = DEFINITIONAL_REPRESENTATION('',(#3721),#3725);
#3721 = LINE('',#3722,#3723);
#3722 = CARTESIAN_POINT('',(-9.359897291375,15.610226697024));
#3723 = VECTOR('',#3724,1.);
#3724 = DIRECTION('',(0.514243701626,-0.857644107622));
#3725 = ( GEOMETRIC_REPRESENTATION_CONTEXT(2) 
PARAMETRIC_REPRESENTATION_CONTEXT() REPRESENTATION_CONTEXT('2D SPACE',''
  ) );
#3726 = ADVANCED_FACE('',(#3727),#3715,.T.);
#3727 = FACE_BOUND('',#3728,.T.);
#3728 = EDGE_LOOP('',(#3729,#3730,#3758));
#3729 = ORIENTED_EDGE('',*,*,#3701,.F.);
#3730 = ORIENTED_EDGE('',*,*,#3731,.T.);
#3731 = EDGE_CURVE('',#3674,#3732,#3734,.T.);
#3732 = VERTEX_POINT('',#3733);
#3733 = CARTESIAN_POINT('',(8.500898549282,-13.54855077987,
    -1.925352859289E-02));
#3734 = SURFACE_CURVE('',#3735,(#3739,#3746),.PCURVE_S1.);
#3735 = LINE('',#3736,#3737);
#3736 = CARTESIAN_POINT('',(7.831595777241,-13.89416318197,
    -5.179783547524E-04));
#3737 = VECTOR('',#3738,1.);
#3738 = DIRECTION('',(0.888256218147,0.458674874895,-2.486463480296E-02)
  );
#3739 = PCURVE('',#3715,#3740);
#3740 = DEFINITIONAL_REPRESENTATION('',(#3741),#3745);
#3741 = LINE('',#3742,#3743);
#3742 = CARTESIAN_POINT('',(-9.359897291375,15.610226697024));
#3743 = VECTOR('',#3744,1.);
#3744 = DIRECTION('',(-0.459175491716,-0.888345579044));
#3745 = ( GEOMETRIC_REPRESENTATION_CONTEXT(2) 
PARAMETRIC_REPRESENTATION_CONTEXT() REPRESENTATION_CONTEXT('2D SPACE',''
  ) );
#3746 = PCURVE('',#3747,#3752);
#3747 = PLANE('',#3748);
#3748 = AXIS2_PLACEMENT_3D('',#3749,#3750,#3751);
#3749 = CARTESIAN_POINT('',(8.507057253622,-13.51394019369,
    11.755499122927));
#3750 = DIRECTION('',(-0.458867850336,0.888501362538,-2.371644007111E-03
    ));
#3751 = DIRECTION('',(0.888503861324,0.458869140837,-1.46397767782E-19)
  );
#3752 = DEFINITIONAL_REPRESENTATION('',(#3753),#3757);
#3753 = LINE('',#3754,#3755);
#3754 = CARTESIAN_POINT('',(-0.7746227259,11.756050163428));
#3755 = VECTOR('',#3756,1.);
#3756 = DIRECTION('',(0.999690825435,2.486470473125E-02));
#3757 = ( GEOMETRIC_REPRESENTATION_CONTEXT(2) 
PARAMETRIC_REPRESENTATION_CONTEXT() REPRESENTATION_CONTEXT('2D SPACE',''
  ) );
#3758 = ORIENTED_EDGE('',*,*,#3759,.T.);
#3759 = EDGE_CURVE('',#3732,#1555,#3760,.T.);
#3760 = SURFACE_CURVE('',#3761,(#3765,#3772),.PCURVE_S1.);
#3761 = LINE('',#3762,#3763);
#3762 = CARTESIAN_POINT('',(8.500898549282,-13.54855077987,
    -1.925352859289E-02));
#3763 = VECTOR('',#3764,1.);
#3764 = DIRECTION('',(0.838504645373,-0.544887925463,2.666153151471E-03)
  );
#3765 = PCURVE('',#3715,#3766);
#3766 = DEFINITIONAL_REPRESENTATION('',(#3767),#3771);
#3767 = LINE('',#3768,#3769);
#3768 = CARTESIAN_POINT('',(-9.705886909213,14.940856591374));
#3769 = VECTOR('',#3770,1.);
#3770 = DIRECTION('',(0.544764616307,-0.838589001132));
#3771 = ( GEOMETRIC_REPRESENTATION_CONTEXT(2) 
PARAMETRIC_REPRESENTATION_CONTEXT() REPRESENTATION_CONTEXT('2D SPACE',''
  ) );
#3772 = PCURVE('',#3773,#3778);
#3773 = PLANE('',#3774);
#3774 = AXIS2_PLACEMENT_3D('',#3775,#3776,#3777);
#3775 = CARTESIAN_POINT('',(23.440252202622,-23.25663464661,
    2.824842031531E-02));
#3776 = DIRECTION('',(1.455520416607E-02,1.75066170142E-02,
    -0.999740798604));
#3777 = DIRECTION('',(1.737351716125E-21,-0.999846714961,
    -1.750847173204E-02));
#3778 = DEFINITIONAL_REPRESENTATION('',(#3779),#3783);
#3779 = LINE('',#3780,#3781);
#3780 = CARTESIAN_POINT('',(-9.705764076197,14.940936385503));
#3781 = VECTOR('',#3782,1.);
#3782 = DIRECTION('',(0.544757722029,-0.838593479756));
#3783 = ( GEOMETRIC_REPRESENTATION_CONTEXT(2) 
PARAMETRIC_REPRESENTATION_CONTEXT() REPRESENTATION_CONTEXT('2D SPACE',''
  ) );
#3784 = ADVANCED_FACE('',(#3785),#3773,.T.);
#3785 = FACE_BOUND('',#3786,.T.);
#3786 = EDGE_LOOP('',(#3787,#3788,#3816));
#3787 = ORIENTED_EDGE('',*,*,#3759,.F.);
#3788 = ORIENTED_EDGE('',*,*,#3789,.T.);
#3789 = EDGE_CURVE('',#3732,#3790,#3792,.T.);
#3790 = VERTEX_POINT('',#3791);
#3791 = CARTESIAN_POINT('',(9.022222475939,-13.10263194385,
    -3.855030810036E-03));
#3792 = SURFACE_CURVE('',#3793,(#3797,#3804),.PCURVE_S1.);
#3793 = LINE('',#3794,#3795);
#3794 = CARTESIAN_POINT('',(8.500898549282,-13.54855077987,
    -1.925352859289E-02));
#3795 = VECTOR('',#3796,1.);
#3796 = DIRECTION('',(0.759734860352,0.649845647373,2.244051148333E-02)
  );
#3797 = PCURVE('',#3773,#3798);
#3798 = DEFINITIONAL_REPRESENTATION('',(#3799),#3803);
#3799 = LINE('',#3800,#3801);
#3800 = CARTESIAN_POINT('',(-9.705764076197,14.940936385503));
#3801 = VECTOR('',#3802,1.);
#3802 = DIRECTION('',(-0.650138934819,-0.759815349564));
#3803 = ( GEOMETRIC_REPRESENTATION_CONTEXT(2) 
PARAMETRIC_REPRESENTATION_CONTEXT() REPRESENTATION_CONTEXT('2D SPACE',''
  ) );
#3804 = PCURVE('',#3805,#3810);
#3805 = PLANE('',#3806);
#3806 = AXIS2_PLACEMENT_3D('',#3807,#3808,#3809);
#3807 = CARTESIAN_POINT('',(8.998895328372,-13.05957012579,
    11.736831695127));
#3808 = DIRECTION('',(-0.649934350332,0.759979410338,-4.078740086858E-03
    ));
#3809 = DIRECTION('',(0.759985731971,0.649939756593,4.417788952085E-20)
  );
#3810 = DEFINITIONAL_REPRESENTATION('',(#3811),#3815);
#3811 = LINE('',#3812,#3813);
#3812 = CARTESIAN_POINT('',(-0.696278413965,11.756183012766));
#3813 = VECTOR('',#3814,1.);
#3814 = DIRECTION('',(0.999748175826,-2.244069814719E-02));
#3815 = ( GEOMETRIC_REPRESENTATION_CONTEXT(2) 
PARAMETRIC_REPRESENTATION_CONTEXT() REPRESENTATION_CONTEXT('2D SPACE',''
  ) );
#3816 = ORIENTED_EDGE('',*,*,#3817,.T.);
#3817 = EDGE_CURVE('',#3790,#1555,#3818,.T.);
#3818 = SURFACE_CURVE('',#3819,(#3823,#3830),.PCURVE_S1.);
#3819 = LINE('',#3820,#3821);
#3820 = CARTESIAN_POINT('',(9.022222475939,-13.10263194385,
    -3.855030810036E-03));
#3821 = VECTOR('',#3822,1.);
#3822 = DIRECTION('',(0.817591987558,-0.575795126574,1.82046541106E-03)
  );
#3823 = PCURVE('',#3773,#3824);
#3824 = DEFINITIONAL_REPRESENTATION('',(#3825),#3829);
#3825 = LINE('',#3826,#3827);
#3826 = CARTESIAN_POINT('',(-10.15188416369,14.419557227798));
#3827 = VECTOR('',#3828,1.);
#3828 = DIRECTION('',(0.575674992228,-0.817678606375));
#3829 = ( GEOMETRIC_REPRESENTATION_CONTEXT(2) 
PARAMETRIC_REPRESENTATION_CONTEXT() REPRESENTATION_CONTEXT('2D SPACE',''
  ) );
#3830 = PCURVE('',#3831,#3836);
#3831 = PLANE('',#3832);
#3832 = AXIS2_PLACEMENT_3D('',#3833,#3834,#3835);
#3833 = CARTESIAN_POINT('',(23.440252202622,-23.25663464661,
    2.824842031531E-02));
#3834 = DIRECTION('',(-3.863701661477E-02,-5.801603932095E-02,
    -0.997567702028));
#3835 = DIRECTION('',(2.780628148363E-19,-0.99831313076,
    5.805939158925E-02));
#3836 = DEFINITIONAL_REPRESENTATION('',(#3837),#3841);
#3837 = LINE('',#3838,#3839);
#3838 = CARTESIAN_POINT('',(-10.13873813478,14.428803545446));
#3839 = VECTOR('',#3840,1.);
#3840 = DIRECTION('',(0.574929530601,-0.818202930112));
#3841 = ( GEOMETRIC_REPRESENTATION_CONTEXT(2) 
PARAMETRIC_REPRESENTATION_CONTEXT() REPRESENTATION_CONTEXT('2D SPACE',''
  ) );
#3842 = ADVANCED_FACE('',(#3843),#3831,.T.);
#3843 = FACE_BOUND('',#3844,.T.);
#3844 = EDGE_LOOP('',(#3845,#3846,#3874));
#3845 = ORIENTED_EDGE('',*,*,#3817,.F.);
#3846 = ORIENTED_EDGE('',*,*,#3847,.T.);
#3847 = EDGE_CURVE('',#3790,#3848,#3850,.T.);
#3848 = VERTEX_POINT('',#3849);
#3849 = CARTESIAN_POINT('',(9.439511777598,-12.4908093243,
    -5.559922694833E-02));
#3850 = SURFACE_CURVE('',#3851,(#3855,#3862),.PCURVE_S1.);
#3851 = LINE('',#3852,#3853);
#3852 = CARTESIAN_POINT('',(9.022222475939,-13.10263194385,
    -3.855030810036E-03));
#3853 = VECTOR('',#3854,1.);
#3854 = DIRECTION('',(0.562093232717,0.824131729974,-6.969999558127E-02)
  );
#3855 = PCURVE('',#3831,#3856);
#3856 = DEFINITIONAL_REPRESENTATION('',(#3857),#3861);
#3857 = LINE('',#3858,#3859);
#3858 = CARTESIAN_POINT('',(-10.13873813478,14.428803545446));
#3859 = VECTOR('',#3860,1.);
#3860 = DIRECTION('',(-0.826788266846,-0.562513254782));
#3861 = ( GEOMETRIC_REPRESENTATION_CONTEXT(2) 
PARAMETRIC_REPRESENTATION_CONTEXT() REPRESENTATION_CONTEXT('2D SPACE',''
  ) );
#3862 = PCURVE('',#3863,#3868);
#3863 = PLANE('',#3864);
#3864 = AXIS2_PLACEMENT_3D('',#3865,#3866,#3867);
#3865 = CARTESIAN_POINT('',(8.998895328372,-13.05957012579,
    11.736831695127));
#3866 = DIRECTION('',(-0.826281163598,0.563245677096,-3.707548503894E-03
    ));
#3867 = DIRECTION('',(-0.5632495483,-0.826286842652,1.446232611126E-19)
  );
#3868 = DEFINITIONAL_REPRESENTATION('',(#3869),#3873);
#3869 = LINE('',#3870,#3871);
#3870 = CARTESIAN_POINT('',(2.244240835259E-02,-11.74076742001));
#3871 = VECTOR('',#3872,1.);
#3872 = DIRECTION('',(-0.99756796452,-6.970047463135E-02));
#3873 = ( GEOMETRIC_REPRESENTATION_CONTEXT(2) 
PARAMETRIC_REPRESENTATION_CONTEXT() REPRESENTATION_CONTEXT('2D SPACE',''
  ) );
#3874 = ORIENTED_EDGE('',*,*,#3875,.T.);
#3875 = EDGE_CURVE('',#3848,#1555,#3876,.T.);
#3876 = SURFACE_CURVE('',#3877,(#3881,#3888),.PCURVE_S1.);
#3877 = LINE('',#3878,#3879);
#3878 = CARTESIAN_POINT('',(9.439511777598,-12.4908093243,
    -5.559922694833E-02));
#3879 = VECTOR('',#3880,1.);
#3880 = DIRECTION('',(0.79272381181,-0.609562482248,4.747465100584E-03)
  );
#3881 = PCURVE('',#3831,#3882);
#3882 = DEFINITIONAL_REPRESENTATION('',(#3883),#3887);
#3883 = LINE('',#3884,#3885);
#3884 = CARTESIAN_POINT('',(-10.75253292612,14.011202425918));
#3885 = VECTOR('',#3886,1.);
#3886 = DIRECTION('',(0.608809864982,-0.793316171712));
#3887 = ( GEOMETRIC_REPRESENTATION_CONTEXT(2) 
PARAMETRIC_REPRESENTATION_CONTEXT() REPRESENTATION_CONTEXT('2D SPACE',''
  ) );
#3888 = PCURVE('',#3889,#3894);
#3889 = PLANE('',#3890);
#3890 = AXIS2_PLACEMENT_3D('',#3891,#3892,#3893);
#3891 = CARTESIAN_POINT('',(23.440252202622,-23.25663464661,
    2.824842031531E-02));
#3892 = DIRECTION('',(7.000886655138E-02,8.330306103673E-02,
    -0.994062049686));
#3893 = DIRECTION('',(7.375812484967E-19,-0.996507110274,
    -8.350795874052E-02));
#3894 = DEFINITIONAL_REPRESENTATION('',(#3895),#3899);
#3895 = LINE('',#3896,#3897);
#3896 = CARTESIAN_POINT('',(-10.72121953579,14.035177569695));
#3897 = VECTOR('',#3898,1.);
#3898 = DIRECTION('',(0.607036896597,-0.794673647588));
#3899 = ( GEOMETRIC_REPRESENTATION_CONTEXT(2) 
PARAMETRIC_REPRESENTATION_CONTEXT() REPRESENTATION_CONTEXT('2D SPACE',''
  ) );
#3900 = ADVANCED_FACE('',(#3901),#3889,.T.);
#3901 = FACE_BOUND('',#3902,.T.);
#3902 = EDGE_LOOP('',(#3903,#3904,#3932));
#3903 = ORIENTED_EDGE('',*,*,#3875,.F.);
#3904 = ORIENTED_EDGE('',*,*,#3905,.T.);
#3905 = EDGE_CURVE('',#3848,#3906,#3908,.T.);
#3906 = VERTEX_POINT('',#3907);
#3907 = CARTESIAN_POINT('',(9.745727072481,-11.81411618125,
    2.26739512081E-02));
#3908 = SURFACE_CURVE('',#3909,(#3913,#3920),.PCURVE_S1.);
#3909 = LINE('',#3910,#3911);
#3910 = CARTESIAN_POINT('',(9.439511777598,-12.4908093243,
    -5.559922694833E-02));
#3911 = VECTOR('',#3912,1.);
#3912 = DIRECTION('',(0.410000577214,0.90604415874,0.104802238036));
#3913 = PCURVE('',#3889,#3914);
#3914 = DEFINITIONAL_REPRESENTATION('',(#3915),#3919);
#3915 = LINE('',#3916,#3917);
#3916 = CARTESIAN_POINT('',(-10.72121953579,14.035177569695));
#3917 = VECTOR('',#3918,1.);
#3918 = DIRECTION('',(-0.911631267376,-0.411009041679));
#3919 = ( GEOMETRIC_REPRESENTATION_CONTEXT(2) 
PARAMETRIC_REPRESENTATION_CONTEXT() REPRESENTATION_CONTEXT('2D SPACE',''
  ) );
#3920 = PCURVE('',#3921,#3926);
#3921 = PLANE('',#3922);
#3922 = AXIS2_PLACEMENT_3D('',#3923,#3924,#3925);
#3923 = CARTESIAN_POINT('',(9.761109079622,-11.86292932639,
    11.738765326349));
#3924 = DIRECTION('',(-0.911183939413,0.411989495371,2.912775242446E-03)
  );
#3925 = DIRECTION('',(-0.411991243095,-0.911187804798,1.034212001815E-19
    ));
#3926 = DEFINITIONAL_REPRESENTATION('',(#3927),#3931);
#3927 = LINE('',#3928,#3929);
#3928 = CARTESIAN_POINT('',(0.704611869206,-11.79441458684));
#3929 = VECTOR('',#3930,1.);
#3930 = DIRECTION('',(-0.994493035529,0.104802682623));
#3931 = ( GEOMETRIC_REPRESENTATION_CONTEXT(2) 
PARAMETRIC_REPRESENTATION_CONTEXT() REPRESENTATION_CONTEXT('2D SPACE',''
  ) );
#3932 = ORIENTED_EDGE('',*,*,#3933,.T.);
#3933 = EDGE_CURVE('',#3906,#1555,#3934,.T.);
#3934 = SURFACE_CURVE('',#3935,(#3939,#3946),.PCURVE_S1.);
#3935 = LINE('',#3936,#3937);
#3936 = CARTESIAN_POINT('',(9.745727072481,-11.81411618125,
    2.26739512081E-02));
#3937 = VECTOR('',#3938,1.);
#3938 = DIRECTION('',(0.767382412856,-0.641189624733,3.123693237428E-04)
  );
#3939 = PCURVE('',#3889,#3940);
#3940 = DEFINITIONAL_REPRESENTATION('',(#3941),#3945);
#3941 = LINE('',#3942,#3943);
#3942 = CARTESIAN_POINT('',(-11.40208549764,13.728209087474));
#3943 = VECTOR('',#3944,1.);
#3944 = DIRECTION('',(0.638923934756,-0.769269917257));
#3945 = ( GEOMETRIC_REPRESENTATION_CONTEXT(2) 
PARAMETRIC_REPRESENTATION_CONTEXT() REPRESENTATION_CONTEXT('2D SPACE',''
  ) );
#3946 = PCURVE('',#3947,#3952);
#3947 = PLANE('',#3948);
#3948 = AXIS2_PLACEMENT_3D('',#3949,#3950,#3951);
#3949 = CARTESIAN_POINT('',(23.440252202622,-23.25663464661,
    2.824842031531E-02));
#3950 = DIRECTION('',(-2.131384129125E-02,-2.599552315288E-02,
    -0.999434816757));
#3951 = DIRECTION('',(7.224203197947E-21,-0.999661905671,
    2.600142978633E-02));
#3952 = DEFINITIONAL_REPRESENTATION('',(#3953),#3957);
#3953 = LINE('',#3954,#3955);
#3954 = CARTESIAN_POINT('',(-11.43879475892,13.697636763623));
#3955 = VECTOR('',#3956,1.);
#3956 = DIRECTION('',(0.640980964206,-0.767556775441));
#3957 = ( GEOMETRIC_REPRESENTATION_CONTEXT(2) 
PARAMETRIC_REPRESENTATION_CONTEXT() REPRESENTATION_CONTEXT('2D SPACE',''
  ) );
#3958 = ADVANCED_FACE('',(#3959),#3947,.T.);
#3959 = FACE_BOUND('',#3960,.T.);
#3960 = EDGE_LOOP('',(#3961,#3962,#3990));
#3961 = ORIENTED_EDGE('',*,*,#3933,.F.);
#3962 = ORIENTED_EDGE('',*,*,#3963,.T.);
#3963 = EDGE_CURVE('',#3906,#3964,#3966,.T.);
#3964 = VERTEX_POINT('',#3965);
#3965 = CARTESIAN_POINT('',(9.822299490732,-11.12108480925,
    3.015074894189E-03));
#3966 = SURFACE_CURVE('',#3967,(#3971,#3978),.PCURVE_S1.);
#3967 = LINE('',#3968,#3969);
#3968 = CARTESIAN_POINT('',(9.745727072481,-11.81411618125,
    2.26739512081E-02));
#3969 = VECTOR('',#3970,1.);
#3970 = DIRECTION('',(0.109777178864,0.993556565397,-2.818372503631E-02)
  );
#3971 = PCURVE('',#3947,#3972);
#3972 = DEFINITIONAL_REPRESENTATION('',(#3973),#3977);
#3973 = LINE('',#3974,#3975);
#3974 = CARTESIAN_POINT('',(-11.43879475892,13.697636763623));
#3975 = VECTOR('',#3976,1.);
#3976 = DIRECTION('',(-0.993953466704,-0.109802122142));
#3977 = ( GEOMETRIC_REPRESENTATION_CONTEXT(2) 
PARAMETRIC_REPRESENTATION_CONTEXT() REPRESENTATION_CONTEXT('2D SPACE',''
  ) );
#3978 = PCURVE('',#3979,#3984);
#3979 = PLANE('',#3980);
#3980 = AXIS2_PLACEMENT_3D('',#3981,#3982,#3983);
#3981 = CARTESIAN_POINT('',(9.876102228378,-11.11280235726,
    11.729647168822));
#3982 = DIRECTION('',(-0.99392752904,0.109945321034,4.482566249072E-03)
  );
#3983 = DIRECTION('',(-0.109946425638,-0.993937514882,7.005428536572E-20
    ));
#3984 = DEFINITIONAL_REPRESENTATION('',(#3985),#3989);
#3985 = LINE('',#3986,#3987);
#3986 = CARTESIAN_POINT('',(0.71139640176,-11.70709083583));
#3987 = VECTOR('',#3988,1.);
#3988 = DIRECTION('',(-0.999602751938,-2.818400819401E-02));
#3989 = ( GEOMETRIC_REPRESENTATION_CONTEXT(2) 
PARAMETRIC_REPRESENTATION_CONTEXT() REPRESENTATION_CONTEXT('2D SPACE',''
  ) );
#3990 = ORIENTED_EDGE('',*,*,#3991,.T.);
#3991 = EDGE_CURVE('',#3964,#1555,#3992,.T.);
#3992 = SURFACE_CURVE('',#3993,(#3997,#4004),.PCURVE_S1.);
#3993 = LINE('',#3994,#3995);
#3994 = CARTESIAN_POINT('',(9.822299490732,-11.12108480925,
    3.015074894189E-03));
#3995 = VECTOR('',#3996,1.);
#3996 = DIRECTION('',(0.746572206898,-0.665302958212,1.383358774776E-03)
  );
#3997 = PCURVE('',#3947,#3998);
#3998 = DEFINITIONAL_REPRESENTATION('',(#3999),#4003);
#3999 = LINE('',#4000,#4001);
#4000 = CARTESIAN_POINT('',(-12.13210297983,13.621046946791));
#4001 = VECTOR('',#4002,1.);
#4002 = DIRECTION('',(0.66511399236,-0.746741841045));
#4003 = ( GEOMETRIC_REPRESENTATION_CONTEXT(2) 
PARAMETRIC_REPRESENTATION_CONTEXT() REPRESENTATION_CONTEXT('2D SPACE',''
  ) );
#4004 = PCURVE('',#4005,#4010);
#4005 = PLANE('',#4006);
#4006 = AXIS2_PLACEMENT_3D('',#4007,#4008,#4009);
#4007 = CARTESIAN_POINT('',(23.440252202622,-23.25663464661,
    2.824842031531E-02));
#4008 = DIRECTION('',(-7.597777719959E-02,-8.732406252932E-02,
    -0.993278352465));
#4009 = DIRECTION('',(1.285240970731E-19,-0.996157735218,
    8.7577203453E-02));
#4010 = DEFINITIONAL_REPRESENTATION('',(#4011),#4015);
#4011 = LINE('',#4012,#4013);
#4012 = CARTESIAN_POINT('',(-12.09113170744,13.657429358169));
#4013 = VECTOR('',#4014,1.);
#4014 = DIRECTION('',(0.662867838779,-0.748736421121));
#4015 = ( GEOMETRIC_REPRESENTATION_CONTEXT(2) 
PARAMETRIC_REPRESENTATION_CONTEXT() REPRESENTATION_CONTEXT('2D SPACE',''
  ) );
#4016 = ADVANCED_FACE('',(#4017),#4005,.T.);
#4017 = FACE_BOUND('',#4018,.T.);
#4018 = EDGE_LOOP('',(#4019,#4020,#4048));
#4019 = ORIENTED_EDGE('',*,*,#3991,.F.);
#4020 = ORIENTED_EDGE('',*,*,#4021,.F.);
#4021 = EDGE_CURVE('',#4022,#3964,#4024,.T.);
#4022 = VERTEX_POINT('',#4023);
#4023 = CARTESIAN_POINT('',(9.666516320964,-10.39543836785,
    -4.886397404653E-02));
#4024 = SURFACE_CURVE('',#4025,(#4029,#4036),.PCURVE_S1.);
#4025 = LINE('',#4026,#4027);
#4026 = CARTESIAN_POINT('',(9.666516320964,-10.39543836785,
    -4.886397404653E-02));
#4027 = VECTOR('',#4028,1.);
#4028 = DIRECTION('',(0.209388517288,-0.975343053212,6.973074916982E-02)
  );
#4029 = PCURVE('',#4005,#4030);
#4030 = DEFINITIONAL_REPRESENTATION('',(#4031),#4035);
#4031 = LINE('',#4032,#4033);
#4032 = CARTESIAN_POINT('',(-12.8185334451,13.813664122771));
#4033 = VECTOR('',#4034,1.);
#4034 = DIRECTION('',(0.977702350955,-0.209995506944));
#4035 = ( GEOMETRIC_REPRESENTATION_CONTEXT(2) 
PARAMETRIC_REPRESENTATION_CONTEXT() REPRESENTATION_CONTEXT('2D SPACE',''
  ) );
#4036 = PCURVE('',#4037,#4042);
#4037 = PLANE('',#4038);
#4038 = AXIS2_PLACEMENT_3D('',#4039,#4040,#4041);
#4039 = CARTESIAN_POINT('',(9.876102228378,-11.11280235726,
    11.729647168822));
#4040 = DIRECTION('',(-0.977780422088,-0.20958046362,4.63416121683E-03)
  );
#4041 = DIRECTION('',(0.209582714074,-0.977790921394,3.114674830721E-21)
  );
#4042 = DEFINITIONAL_REPRESENTATION('',(#4043),#4047);
#4043 = LINE('',#4044,#4045);
#4044 = CARTESIAN_POINT('',(-0.745357579485,-11.77863761932));
#4045 = VECTOR('',#4046,1.);
#4046 = DIRECTION('',(0.997565796425,6.97314979315E-02));
#4047 = ( GEOMETRIC_REPRESENTATION_CONTEXT(2) 
PARAMETRIC_REPRESENTATION_CONTEXT() REPRESENTATION_CONTEXT('2D SPACE',''
  ) );
#4048 = ORIENTED_EDGE('',*,*,#4049,.T.);
#4049 = EDGE_CURVE('',#4022,#1555,#4050,.T.);
#4050 = SURFACE_CURVE('',#4051,(#4055,#4062),.PCURVE_S1.);
#4051 = LINE('',#4052,#4053);
#4052 = CARTESIAN_POINT('',(9.666516320964,-10.39543836785,
    -4.886397404653E-02));
#4053 = VECTOR('',#4054,1.);
#4054 = DIRECTION('',(0.730898004682,-0.68247444112,4.091939591376E-03)
  );
#4055 = PCURVE('',#4005,#4056);
#4056 = DEFINITIONAL_REPRESENTATION('',(#4057),#4061);
#4057 = LINE('',#4058,#4059);
#4058 = CARTESIAN_POINT('',(-12.8185334451,13.813664122771));
#4059 = VECTOR('',#4060,1.);
#4060 = DIRECTION('',(0.680210554237,-0.733016781462));
#4061 = ( GEOMETRIC_REPRESENTATION_CONTEXT(2) 
PARAMETRIC_REPRESENTATION_CONTEXT() REPRESENTATION_CONTEXT('2D SPACE',''
  ) );
#4062 = PCURVE('',#4063,#4068);
#4063 = PLANE('',#4064);
#4064 = AXIS2_PLACEMENT_3D('',#4065,#4066,#4067);
#4065 = CARTESIAN_POINT('',(23.440252202622,-23.25663464661,
    2.824842031531E-02));
#4066 = DIRECTION('',(0.201270039827,0.20981400819,-0.956801156477));
#4067 = DIRECTION('',(-7.522493812755E-19,-0.976790396702,
    -0.214197387729));
#4068 = DEFINITIONAL_REPRESENTATION('',(#4069),#4073);
#4069 = LINE('',#4070,#4071);
#4070 = CARTESIAN_POINT('',(-12.54617574177,14.061493179481));
#4071 = VECTOR('',#4072,1.);
#4072 = DIRECTION('',(0.66575799731,-0.746167735176));
#4073 = ( GEOMETRIC_REPRESENTATION_CONTEXT(2) 
PARAMETRIC_REPRESENTATION_CONTEXT() REPRESENTATION_CONTEXT('2D SPACE',''
  ) );
#4074 = ADVANCED_FACE('',(#4075),#4063,.T.);
#4075 = FACE_BOUND('',#4076,.T.);
#4076 = EDGE_LOOP('',(#4077,#4078,#4106));
#4077 = ORIENTED_EDGE('',*,*,#4049,.F.);
#4078 = ORIENTED_EDGE('',*,*,#4079,.F.);
#4079 = EDGE_CURVE('',#4080,#4022,#4082,.T.);
#4080 = VERTEX_POINT('',#4081);
#4081 = CARTESIAN_POINT('',(9.407780914748,-9.735585802361,
    4.140622000721E-02));
#4082 = SURFACE_CURVE('',#4083,(#4087,#4094),.PCURVE_S1.);
#4083 = LINE('',#4084,#4085);
#4084 = CARTESIAN_POINT('',(9.407780914748,-9.735585802361,
    4.140622000721E-02));
#4085 = VECTOR('',#4086,1.);
#4086 = DIRECTION('',(0.362125232272,-0.923527502624,-0.126341869739));
#4087 = PCURVE('',#4063,#4088);
#4088 = DEFINITIONAL_REPRESENTATION('',(#4089),#4093);
#4089 = LINE('',#4090,#4091);
#4090 = CARTESIAN_POINT('',(-13.21004903073,14.325634018325));
#4091 = VECTOR('',#4092,1.);
#4092 = DIRECTION('',(0.929154894113,-0.369690658181));
#4093 = ( GEOMETRIC_REPRESENTATION_CONTEXT(2) 
PARAMETRIC_REPRESENTATION_CONTEXT() REPRESENTATION_CONTEXT('2D SPACE',''
  ) );
#4094 = PCURVE('',#4095,#4100);
#4095 = PLANE('',#4096);
#4096 = AXIS2_PLACEMENT_3D('',#4097,#4098,#4099);
#4097 = CARTESIAN_POINT('',(9.418793525375,-9.686460146321,
    11.737235093637));
#4098 = DIRECTION('',(-0.9308728845,-0.365335270634,2.411002740348E-03)
  );
#4099 = DIRECTION('',(0.365336332473,-0.930875590063,-4.733872385976E-20
    ));
#4100 = DEFINITIONAL_REPRESENTATION('',(#4101),#4105);
#4101 = LINE('',#4102,#4103);
#4102 = CARTESIAN_POINT('',(4.170656727612E-02,-11.69586286732));
#4103 = VECTOR('',#4104,1.);
#4104 = DIRECTION('',(0.991986713199,-0.126342236949));
#4105 = ( GEOMETRIC_REPRESENTATION_CONTEXT(2) 
PARAMETRIC_REPRESENTATION_CONTEXT() REPRESENTATION_CONTEXT('2D SPACE',''
  ) );
#4106 = ORIENTED_EDGE('',*,*,#4107,.T.);
#4107 = EDGE_CURVE('',#4080,#1555,#4108,.T.);
#4108 = SURFACE_CURVE('',#4109,(#4113,#4120),.PCURVE_S1.);
#4109 = LINE('',#4110,#4111);
#4110 = CARTESIAN_POINT('',(9.407780914748,-9.735585802361,
    4.140622000721E-02));
#4111 = VECTOR('',#4112,1.);
#4112 = DIRECTION('',(0.720107233505,-0.693862462113,-6.752215301761E-04
    ));
#4113 = PCURVE('',#4063,#4114);
#4114 = DEFINITIONAL_REPRESENTATION('',(#4115),#4119);
#4115 = LINE('',#4116,#4117);
#4116 = CARTESIAN_POINT('',(-13.21004903073,14.325634018325));
#4117 = VECTOR('',#4118,1.);
#4118 = DIRECTION('',(0.677902820312,-0.735151526022));
#4119 = ( GEOMETRIC_REPRESENTATION_CONTEXT(2) 
PARAMETRIC_REPRESENTATION_CONTEXT() REPRESENTATION_CONTEXT('2D SPACE',''
  ) );
#4120 = PCURVE('',#4121,#4126);
#4121 = PLANE('',#4122);
#4122 = AXIS2_PLACEMENT_3D('',#4123,#4124,#4125);
#4123 = CARTESIAN_POINT('',(23.422730612867,23.298736566578,
    -2.730735899812E-02));
#4124 = DIRECTION('',(-2.088254666241E-03,-1.194109437077E-03,
    -0.999997106643));
#4125 = DIRECTION('',(-0.999997819591,-1.443091964147E-22,
    2.088256155061E-03));
#4126 = DEFINITIONAL_REPRESENTATION('',(#4127),#4131);
#4127 = LINE('',#4128,#4129);
#4128 = CARTESIAN_POINT('',(14.015062631348,-33.03434592074));
#4129 = VECTOR('',#4130,1.);
#4130 = DIRECTION('',(-0.720107073412,-0.693862956802));
#4131 = ( GEOMETRIC_REPRESENTATION_CONTEXT(2) 
PARAMETRIC_REPRESENTATION_CONTEXT() REPRESENTATION_CONTEXT('2D SPACE',''
  ) );
#4132 = ADVANCED_FACE('',(#4133),#4121,.T.);
#4133 = FACE_BOUND('',#4134,.T.);
#4134 = EDGE_LOOP('',(#4135,#4156,#4157));
#4135 = ORIENTED_EDGE('',*,*,#4136,.T.);
#4136 = EDGE_CURVE('',#1501,#1555,#4137,.T.);
#4137 = SURFACE_CURVE('',#4138,(#4142,#4149),.PCURVE_S1.);
#4138 = LINE('',#4139,#4140);
#4139 = CARTESIAN_POINT('',(23.422730612867,23.298736566578,
    -2.730735899812E-02));
#4140 = VECTOR('',#4141,1.);
#4141 = DIRECTION('',(3.763599254183E-04,-0.999999217163,
    1.193326019631E-03));
#4142 = PCURVE('',#4121,#4143);
#4143 = DEFINITIONAL_REPRESENTATION('',(#4144),#4148);
#4144 = LINE('',#4145,#4146);
#4145 = CARTESIAN_POINT('',(0.,0.));
#4146 = VECTOR('',#4147,1.);
#4147 = DIRECTION('',(-3.738671343941E-04,-0.999999930112));
#4148 = ( GEOMETRIC_REPRESENTATION_CONTEXT(2) 
PARAMETRIC_REPRESENTATION_CONTEXT() REPRESENTATION_CONTEXT('2D SPACE',''
  ) );
#4149 = PCURVE('',#1516,#4150);
#4150 = DEFINITIONAL_REPRESENTATION('',(#4151),#4155);
#4151 = LINE('',#4152,#4153);
#4152 = CARTESIAN_POINT('',(-5.552987297608E-02,-46.55537454132));
#4153 = VECTOR('',#4154,1.);
#4154 = DIRECTION('',(1.192769557157E-03,0.99999928865));
#4155 = ( GEOMETRIC_REPRESENTATION_CONTEXT(2) 
PARAMETRIC_REPRESENTATION_CONTEXT() REPRESENTATION_CONTEXT('2D SPACE',''
  ) );
#4156 = ORIENTED_EDGE('',*,*,#4107,.F.);
#4157 = ORIENTED_EDGE('',*,*,#4158,.T.);
#4158 = EDGE_CURVE('',#4080,#1501,#4159,.T.);
#4159 = SURFACE_CURVE('',#4160,(#4164,#4171),.PCURVE_S1.);
#4160 = LINE('',#4161,#4162);
#4161 = CARTESIAN_POINT('',(9.407780914748,-9.735585802361,
    4.140622000721E-02));
#4162 = VECTOR('',#4163,1.);
#4163 = DIRECTION('',(0.39055831047,0.92057619969,-1.914859482249E-03));
#4164 = PCURVE('',#4121,#4165);
#4165 = DEFINITIONAL_REPRESENTATION('',(#4166),#4170);
#4166 = LINE('',#4167,#4168);
#4167 = CARTESIAN_POINT('',(14.015062631348,-33.03434592074));
#4168 = VECTOR('',#4169,1.);
#4169 = DIRECTION('',(-0.39056145761,0.920576856014));
#4170 = ( GEOMETRIC_REPRESENTATION_CONTEXT(2) 
PARAMETRIC_REPRESENTATION_CONTEXT() REPRESENTATION_CONTEXT('2D SPACE',''
  ) );
#4171 = PCURVE('',#4172,#4177);
#4172 = PLANE('',#4173);
#4173 = AXIS2_PLACEMENT_3D('',#4174,#4175,#4176);
#4174 = CARTESIAN_POINT('',(23.422730612867,23.298736566578,
    -2.730735899812E-02));
#4175 = DIRECTION('',(-6.0695200786E-02,2.367454603494E-02,
    -0.997875547587));
#4176 = DIRECTION('',(-0.998155311899,-8.400743015226E-20,
    6.071221728785E-02));
#4177 = DEFINITIONAL_REPRESENTATION('',(#4178),#4182);
#4178 = LINE('',#4179,#4180);
#4179 = CARTESIAN_POINT('',(13.993268240913,-33.04358386903));
#4180 = VECTOR('',#4181,1.);
#4181 = DIRECTION('',(-0.389954107567,0.920834292363));
#4182 = ( GEOMETRIC_REPRESENTATION_CONTEXT(2) 
PARAMETRIC_REPRESENTATION_CONTEXT() REPRESENTATION_CONTEXT('2D SPACE',''
  ) );
#4183 = ADVANCED_FACE('',(#4184),#4172,.T.);
#4184 = FACE_BOUND('',#4185,.T.);
#4185 = EDGE_LOOP('',(#4186,#4187,#4215));
#4186 = ORIENTED_EDGE('',*,*,#4158,.F.);
#4187 = ORIENTED_EDGE('',*,*,#4188,.F.);
#4188 = EDGE_CURVE('',#4189,#4080,#4191,.T.);
#4189 = VERTEX_POINT('',#4190);
#4190 = CARTESIAN_POINT('',(9.04777237426,-9.085008312616,
    7.873844792874E-02));
#4191 = SURFACE_CURVE('',#4192,(#4196,#4203),.PCURVE_S1.);
#4192 = LINE('',#4193,#4194);
#4193 = CARTESIAN_POINT('',(9.04777237426,-9.085008312616,
    7.873844792874E-02));
#4194 = VECTOR('',#4195,1.);
#4195 = DIRECTION('',(0.483570272157,-0.873867973657,-5.014535375128E-02
    ));
#4196 = PCURVE('',#4172,#4197);
#4197 = DEFINITIONAL_REPRESENTATION('',(#4198),#4202);
#4198 = LINE('',#4199,#4200);
#4199 = CARTESIAN_POINT('',(14.354879200263,-32.39282398343));
#4200 = VECTOR('',#4201,1.);
#4201 = DIRECTION('',(-0.485722671442,-0.874112971215));
#4202 = ( GEOMETRIC_REPRESENTATION_CONTEXT(2) 
PARAMETRIC_REPRESENTATION_CONTEXT() REPRESENTATION_CONTEXT('2D SPACE',''
  ) );
#4203 = PCURVE('',#4204,#4209);
#4204 = PLANE('',#4205);
#4205 = AXIS2_PLACEMENT_3D('',#4206,#4207,#4208);
#4206 = CARTESIAN_POINT('',(9.418793525375,-9.686460146321,
    11.737235093637));
#4207 = DIRECTION('',(-0.874895685223,-0.484302975274,2.857992132454E-03
    ));
#4208 = DIRECTION('',(0.484304953208,-0.874899258371,-1.627063073342E-19
    ));
#4209 = DEFINITIONAL_REPRESENTATION('',(#4210),#4214);
#4210 = LINE('',#4211,#4212);
#4211 = CARTESIAN_POINT('',(-0.705897144484,-11.65854425999));
#4212 = VECTOR('',#4213,1.);
#4213 = DIRECTION('',(0.998741920096,-5.014555854915E-02));
#4214 = ( GEOMETRIC_REPRESENTATION_CONTEXT(2) 
PARAMETRIC_REPRESENTATION_CONTEXT() REPRESENTATION_CONTEXT('2D SPACE',''
  ) );
#4215 = ORIENTED_EDGE('',*,*,#4216,.T.);
#4216 = EDGE_CURVE('',#4189,#1501,#4217,.T.);
#4217 = SURFACE_CURVE('',#4218,(#4222,#4229),.PCURVE_S1.);
#4218 = LINE('',#4219,#4220);
#4219 = CARTESIAN_POINT('',(9.04777237426,-9.085008312616,
    7.873844792874E-02));
#4220 = VECTOR('',#4221,1.);
#4221 = DIRECTION('',(0.405716680177,0.913993991912,-2.993021059182E-03)
  );
#4222 = PCURVE('',#4172,#4223);
#4223 = DEFINITIONAL_REPRESENTATION('',(#4224),#4228);
#4224 = LINE('',#4225,#4226);
#4225 = CARTESIAN_POINT('',(14.354879200263,-32.39282398343));
#4226 = VECTOR('',#4227,1.);
#4227 = DIRECTION('',(-0.405149972389,0.914250239198));
#4228 = ( GEOMETRIC_REPRESENTATION_CONTEXT(2) 
PARAMETRIC_REPRESENTATION_CONTEXT() REPRESENTATION_CONTEXT('2D SPACE',''
  ) );
#4229 = PCURVE('',#4230,#4235);
#4230 = PLANE('',#4231);
#4231 = AXIS2_PLACEMENT_3D('',#4232,#4233,#4234);
#4232 = CARTESIAN_POINT('',(23.422730612867,23.298736566578,
    -2.730735899812E-02));
#4233 = DIRECTION('',(6.570622816606E-03,-6.191189888717E-03,
    -0.999959247211));
#4234 = DIRECTION('',(-0.999978412397,7.276104373798E-21,
    -6.570748748947E-03));
#4235 = DEFINITIONAL_REPRESENTATION('',(#4236),#4240);
#4236 = LINE('',#4237,#4238);
#4237 = CARTESIAN_POINT('',(14.373951117369,-32.38436554498));
#4238 = VECTOR('',#4239,1.);
#4239 = DIRECTION('',(-0.405688255337,0.914011509491));
#4240 = ( GEOMETRIC_REPRESENTATION_CONTEXT(2) 
PARAMETRIC_REPRESENTATION_CONTEXT() REPRESENTATION_CONTEXT('2D SPACE',''
  ) );
#4241 = ADVANCED_FACE('',(#4242),#4230,.T.);
#4242 = FACE_BOUND('',#4243,.T.);
#4243 = EDGE_LOOP('',(#4244,#4245,#4273));
#4244 = ORIENTED_EDGE('',*,*,#4216,.F.);
#4245 = ORIENTED_EDGE('',*,*,#4246,.F.);
#4246 = EDGE_CURVE('',#4247,#4189,#4249,.T.);
#4247 = VERTEX_POINT('',#4248);
#4248 = CARTESIAN_POINT('',(8.490214421025,-8.613517388237,
    7.215558680605E-02));
#4249 = SURFACE_CURVE('',#4250,(#4254,#4261),.PCURVE_S1.);
#4250 = LINE('',#4251,#4252);
#4251 = CARTESIAN_POINT('',(8.490214421025,-8.613517388237,
    7.215558680605E-02));
#4252 = VECTOR('',#4253,1.);
#4253 = DIRECTION('',(0.763550307302,-0.645685418191,9.014929486701E-03)
  );
#4254 = PCURVE('',#4230,#4255);
#4255 = DEFINITIONAL_REPRESENTATION('',(#4256),#4260);
#4256 = LINE('',#4257,#4258);
#4257 = CARTESIAN_POINT('',(14.93154028859,-31.91286558402));
#4258 = VECTOR('',#4259,1.);
#4259 = DIRECTION('',(-0.763593058918,-0.645697793377));
#4260 = ( GEOMETRIC_REPRESENTATION_CONTEXT(2) 
PARAMETRIC_REPRESENTATION_CONTEXT() REPRESENTATION_CONTEXT('2D SPACE',''
  ) );
#4261 = PCURVE('',#4262,#4267);
#4262 = PLANE('',#4263);
#4263 = AXIS2_PLACEMENT_3D('',#4264,#4265,#4266);
#4264 = CARTESIAN_POINT('',(9.088077769651,-9.117654842899,
    11.761092915952));
#4265 = DIRECTION('',(-0.645712300697,-0.763580785447,9.393879937834E-05
    ));
#4266 = DIRECTION('',(-0.763580788816,0.645712303546,-5.800466619322E-21
    ));
#4267 = DEFINITIONAL_REPRESENTATION('',(#4268),#4272);
#4268 = LINE('',#4269,#4270);
#4269 = CARTESIAN_POINT('',(0.782044724501,11.688937380721));
#4270 = VECTOR('',#4271,1.);
#4271 = DIRECTION('',(-0.999959364697,-9.014929526477E-03));
#4272 = ( GEOMETRIC_REPRESENTATION_CONTEXT(2) 
PARAMETRIC_REPRESENTATION_CONTEXT() REPRESENTATION_CONTEXT('2D SPACE',''
  ) );
#4273 = ORIENTED_EDGE('',*,*,#4274,.T.);
#4274 = EDGE_CURVE('',#4247,#1501,#4275,.T.);
#4275 = SURFACE_CURVE('',#4276,(#4280,#4287),.PCURVE_S1.);
#4276 = LINE('',#4277,#4278);
#4277 = CARTESIAN_POINT('',(8.490214421025,-8.613517388237,
    7.215558680605E-02));
#4278 = VECTOR('',#4279,1.);
#4279 = DIRECTION('',(0.423818873208,0.905742564676,-2.822985294316E-03)
  );
#4280 = PCURVE('',#4230,#4281);
#4281 = DEFINITIONAL_REPRESENTATION('',(#4282),#4286);
#4282 = LINE('',#4283,#4284);
#4283 = CARTESIAN_POINT('',(14.93154028859,-31.91286558402));
#4284 = VECTOR('',#4285,1.);
#4285 = DIRECTION('',(-0.423791174848,0.905759924109));
#4286 = ( GEOMETRIC_REPRESENTATION_CONTEXT(2) 
PARAMETRIC_REPRESENTATION_CONTEXT() REPRESENTATION_CONTEXT('2D SPACE',''
  ) );
#4287 = PCURVE('',#4288,#4293);
#4288 = PLANE('',#4289);
#4289 = AXIS2_PLACEMENT_3D('',#4290,#4291,#4292);
#4290 = CARTESIAN_POINT('',(23.422730612867,23.298736566578,
    -2.730735899812E-02));
#4291 = DIRECTION('',(0.111902717696,-5.545435185802E-02,-0.992170648947
    ));
#4292 = DIRECTION('',(-0.993699730727,6.934751748214E-20,-0.112075176342
    ));
#4293 = DEFINITIONAL_REPRESENTATION('',(#4294),#4298);
#4294 = LINE('',#4295,#4296);
#4295 = CARTESIAN_POINT('',(14.827289991727,-31.96143546017));
#4296 = VECTOR('',#4297,1.);
#4297 = DIRECTION('',(-0.42083231361,0.90713844799));
#4298 = ( GEOMETRIC_REPRESENTATION_CONTEXT(2) 
PARAMETRIC_REPRESENTATION_CONTEXT() REPRESENTATION_CONTEXT('2D SPACE',''
  ) );
#4299 = ADVANCED_FACE('',(#4300),#4288,.T.);
#4300 = FACE_BOUND('',#4301,.T.);
#4301 = EDGE_LOOP('',(#4302,#4303,#4331));
#4302 = ORIENTED_EDGE('',*,*,#4274,.F.);
#4303 = ORIENTED_EDGE('',*,*,#4304,.F.);
#4304 = EDGE_CURVE('',#4305,#4247,#4307,.T.);
#4305 = VERTEX_POINT('',#4306);
#4306 = CARTESIAN_POINT('',(7.878655254016,-8.33097776006,
    -1.261126742844E-02));
#4307 = SURFACE_CURVE('',#4308,(#4312,#4319),.PCURVE_S1.);
#4308 = LINE('',#4309,#4310);
#4309 = CARTESIAN_POINT('',(7.878655254016,-8.33097776006,
    -1.261126742844E-02));
#4310 = VECTOR('',#4311,1.);
#4311 = DIRECTION('',(0.900698046797,-0.416121456386,0.124843750467));
#4312 = PCURVE('',#4288,#4313);
#4313 = DEFINITIONAL_REPRESENTATION('',(#4314),#4318);
#4314 = LINE('',#4315,#4316);
#4315 = CARTESIAN_POINT('',(15.444496431444,-31.67846039662));
#4316 = VECTOR('',#4317,1.);
#4317 = DIRECTION('',(-0.909015291918,-0.416762761123));
#4318 = ( GEOMETRIC_REPRESENTATION_CONTEXT(2) 
PARAMETRIC_REPRESENTATION_CONTEXT() REPRESENTATION_CONTEXT('2D SPACE',''
  ) );
#4319 = PCURVE('',#4320,#4325);
#4320 = PLANE('',#4321);
#4321 = AXIS2_PLACEMENT_3D('',#4322,#4323,#4324);
#4322 = CARTESIAN_POINT('',(8.480840828965,-8.616732085318,
    11.771231120381));
#4323 = DIRECTION('',(-0.419335743322,-0.907831036942,
    -5.854380510136E-04));
#4324 = DIRECTION('',(-0.907831192516,0.419335815183,1.144900360556E-20)
  );
#4325 = DEFINITIONAL_REPRESENTATION('',(#4326),#4330);
#4326 = LINE('',#4327,#4328);
#4327 = CARTESIAN_POINT('',(0.666509871546,11.783844407193));
#4328 = VECTOR('',#4329,1.);
#4329 = DIRECTION('',(-0.992176412049,-0.124843771862));
#4330 = ( GEOMETRIC_REPRESENTATION_CONTEXT(2) 
PARAMETRIC_REPRESENTATION_CONTEXT() REPRESENTATION_CONTEXT('2D SPACE',''
  ) );
#4331 = ORIENTED_EDGE('',*,*,#4332,.T.);
#4332 = EDGE_CURVE('',#4305,#1501,#4333,.T.);
#4333 = SURFACE_CURVE('',#4334,(#4338,#4345),.PCURVE_S1.);
#4334 = LINE('',#4335,#4336);
#4335 = CARTESIAN_POINT('',(7.878655254016,-8.33097776006,
    -1.261126742844E-02));
#4336 = VECTOR('',#4337,1.);
#4337 = DIRECTION('',(0.441056344014,0.897479318714,-4.169951746487E-04)
  );
#4338 = PCURVE('',#4288,#4339);
#4339 = DEFINITIONAL_REPRESENTATION('',(#4340),#4344);
#4340 = LINE('',#4341,#4342);
#4341 = CARTESIAN_POINT('',(15.444496431444,-31.67846039662));
#4342 = VECTOR('',#4343,1.);
#4343 = DIRECTION('',(-0.438230835474,0.898862467144));
#4344 = ( GEOMETRIC_REPRESENTATION_CONTEXT(2) 
PARAMETRIC_REPRESENTATION_CONTEXT() REPRESENTATION_CONTEXT('2D SPACE',''
  ) );
#4345 = PCURVE('',#4346,#4351);
#4346 = PLANE('',#4347);
#4347 = AXIS2_PLACEMENT_3D('',#4348,#4349,#4350);
#4348 = CARTESIAN_POINT('',(23.422730612867,23.298736566578,
    -2.730735899812E-02));
#4349 = DIRECTION('',(-5.094729185058E-02,2.457360104745E-02,
    -0.99839897415));
#4350 = DIRECTION('',(-0.998700558279,6.662038847705E-20,
    5.096268138422E-02));
#4351 = DEFINITIONAL_REPRESENTATION('',(#4352),#4356);
#4352 = LINE('',#4353,#4354);
#4353 = CARTESIAN_POINT('',(15.524625691042,-31.63926864316));
#4354 = VECTOR('',#4355,1.);
#4355 = DIRECTION('',(-0.440504468191,0.89775041827));
#4356 = ( GEOMETRIC_REPRESENTATION_CONTEXT(2) 
PARAMETRIC_REPRESENTATION_CONTEXT() REPRESENTATION_CONTEXT('2D SPACE',''
  ) );
#4357 = ADVANCED_FACE('',(#4358),#4346,.T.);
#4358 = FACE_BOUND('',#4359,.T.);
#4359 = EDGE_LOOP('',(#4360,#4361,#4389));
#4360 = ORIENTED_EDGE('',*,*,#4332,.F.);
#4361 = ORIENTED_EDGE('',*,*,#4362,.F.);
#4362 = EDGE_CURVE('',#4363,#4305,#4365,.T.);
#4363 = VERTEX_POINT('',#4364);
#4364 = CARTESIAN_POINT('',(7.18992136142,-8.094389670067,
    2.835727223212E-02));
#4365 = SURFACE_CURVE('',#4366,(#4370,#4377),.PCURVE_S1.);
#4366 = LINE('',#4367,#4368);
#4367 = CARTESIAN_POINT('',(7.18992136142,-8.094389670067,
    2.835727223212E-02));
#4368 = VECTOR('',#4369,1.);
#4369 = DIRECTION('',(0.944262833281,-0.324365248434,-5.616838339322E-02
    ));
#4370 = PCURVE('',#4346,#4371);
#4371 = DEFINITIONAL_REPRESENTATION('',(#4372),#4376);
#4372 = LINE('',#4373,#4374);
#4373 = CARTESIAN_POINT('',(16.214552480717,-31.40260908754));
#4374 = VECTOR('',#4375,1.);
#4375 = DIRECTION('',(-0.945898310186,-0.324463228714));
#4376 = ( GEOMETRIC_REPRESENTATION_CONTEXT(2) 
PARAMETRIC_REPRESENTATION_CONTEXT() REPRESENTATION_CONTEXT('2D SPACE',''
  ) );
#4377 = PCURVE('',#4378,#4383);
#4378 = PLANE('',#4379);
#4379 = AXIS2_PLACEMENT_3D('',#4380,#4381,#4382);
#4380 = CARTESIAN_POINT('',(7.159759637782,-8.114092767604,
    11.786653015898));
#4381 = DIRECTION('',(-0.325005848936,-0.945708913753,
    -2.418388870787E-03));
#4382 = DIRECTION('',(-0.945711679304,0.325006799356,8.06419866026E-20)
  );
#4383 = DEFINITIONAL_REPRESENTATION('',(#4384),#4388);
#4384 = LINE('',#4385,#4386);
#4385 = CARTESIAN_POINT('',(-2.212065364497E-02,11.758330128629));
#4386 = VECTOR('',#4387,1.);
#4387 = DIRECTION('',(-0.998421300982,5.616854764728E-02));
#4388 = ( GEOMETRIC_REPRESENTATION_CONTEXT(2) 
PARAMETRIC_REPRESENTATION_CONTEXT() REPRESENTATION_CONTEXT('2D SPACE',''
  ) );
#4389 = ORIENTED_EDGE('',*,*,#4390,.T.);
#4390 = EDGE_CURVE('',#4363,#1501,#4391,.T.);
#4391 = SURFACE_CURVE('',#4392,(#4396,#4403),.PCURVE_S1.);
#4392 = LINE('',#4393,#4394);
#4393 = CARTESIAN_POINT('',(7.18992136142,-8.094389670067,
    2.835727223212E-02));
#4394 = VECTOR('',#4395,1.);
#4395 = DIRECTION('',(0.459310403323,0.888274435433,-1.575041252882E-03)
  );
#4396 = PCURVE('',#4346,#4397);
#4397 = DEFINITIONAL_REPRESENTATION('',(#4398),#4402);
#4398 = LINE('',#4399,#4400);
#4399 = CARTESIAN_POINT('',(16.214552480717,-31.40260908754));
#4400 = VECTOR('',#4401,1.);
#4401 = DIRECTION('',(-0.458793824547,0.88854275449));
#4402 = ( GEOMETRIC_REPRESENTATION_CONTEXT(2) 
PARAMETRIC_REPRESENTATION_CONTEXT() REPRESENTATION_CONTEXT('2D SPACE',''
  ) );
#4403 = PCURVE('',#4404,#4409);
#4404 = PLANE('',#4405);
#4405 = AXIS2_PLACEMENT_3D('',#4406,#4407,#4408);
#4406 = CARTESIAN_POINT('',(23.422730612867,23.298736566578,
    -2.730735899812E-02));
#4407 = DIRECTION('',(0.100197588792,-5.357199840503E-02,-0.993524274584
    ));
#4408 = DIRECTION('',(-0.994953037662,6.830021588454E-19,-0.100341680506
    ));
#4409 = DEFINITIONAL_REPRESENTATION('',(#4410),#4414);
#4410 = LINE('',#4411,#4412);
#4411 = CARTESIAN_POINT('',(16.145297391876,-31.43827192742));
#4412 = VECTOR('',#4413,1.);
#4413 = DIRECTION('',(-0.45683423873,0.88955184128));
#4414 = ( GEOMETRIC_REPRESENTATION_CONTEXT(2) 
PARAMETRIC_REPRESENTATION_CONTEXT() REPRESENTATION_CONTEXT('2D SPACE',''
  ) );
#4415 = ADVANCED_FACE('',(#4416),#4404,.T.);
#4416 = FACE_BOUND('',#4417,.T.);
#4417 = EDGE_LOOP('',(#4418,#4419,#4447));
#4418 = ORIENTED_EDGE('',*,*,#4390,.F.);
#4419 = ORIENTED_EDGE('',*,*,#4420,.F.);
#4420 = EDGE_CURVE('',#4421,#4363,#4423,.T.);
#4421 = VERTEX_POINT('',#4422);
#4422 = CARTESIAN_POINT('',(6.40248648082,-8.166723188518,
    -4.715575462697E-02));
#4423 = SURFACE_CURVE('',#4424,(#4428,#4435),.PCURVE_S1.);
#4424 = LINE('',#4425,#4426);
#4425 = CARTESIAN_POINT('',(6.40248648082,-8.166723188518,
    -4.715575462697E-02));
#4426 = VECTOR('',#4427,1.);
#4427 = DIRECTION('',(0.991297663783,9.106028907327E-02,
    9.506295562311E-02));
#4428 = PCURVE('',#4404,#4429);
#4429 = DEFINITIONAL_REPRESENTATION('',(#4430),#4434);
#4430 = LINE('',#4431,#4432);
#4431 = CARTESIAN_POINT('',(16.936335222306,-31.51070946695));
#4432 = VECTOR('',#4433,1.);
#4433 = DIRECTION('',(-0.99583339853,9.119124065872E-02));
#4434 = ( GEOMETRIC_REPRESENTATION_CONTEXT(2) 
PARAMETRIC_REPRESENTATION_CONTEXT() REPRESENTATION_CONTEXT('2D SPACE',''
  ) );
#4435 = PCURVE('',#4436,#4441);
#4436 = PLANE('',#4437);
#4437 = AXIS2_PLACEMENT_3D('',#4438,#4439,#4440);
#4438 = CARTESIAN_POINT('',(6.426075329623,-8.075037549381,
    11.716203741106));
#4439 = DIRECTION('',(9.075109973964E-02,-0.995844759227,
    7.579803141477E-03));
#4440 = DIRECTION('',(-0.995873367801,-9.075370683231E-02,
    2.690380095323E-20));
#4441 = DEFINITIONAL_REPRESENTATION('',(#4442),#4446);
#4442 = LINE('',#4443,#4444);
#4443 = CARTESIAN_POINT('',(3.181231791494E-02,11.763697432886));
#4444 = VECTOR('',#4445,1.);
#4445 = DIRECTION('',(-0.995471001704,-9.506568658654E-02));
#4446 = ( GEOMETRIC_REPRESENTATION_CONTEXT(2) 
PARAMETRIC_REPRESENTATION_CONTEXT() REPRESENTATION_CONTEXT('2D SPACE',''
  ) );
#4447 = ORIENTED_EDGE('',*,*,#4448,.T.);
#4448 = EDGE_CURVE('',#4421,#1501,#4449,.T.);
#4449 = SURFACE_CURVE('',#4450,(#4454,#4461),.PCURVE_S1.);
#4450 = LINE('',#4451,#4452);
#4451 = CARTESIAN_POINT('',(6.40248648082,-8.166723188518,
    -4.715575462697E-02));
#4452 = VECTOR('',#4453,1.);
#4453 = DIRECTION('',(0.475774099685,0.879567335815,5.548306174245E-04)
  );
#4454 = PCURVE('',#4404,#4455);
#4455 = DEFINITIONAL_REPRESENTATION('',(#4456),#4460);
#4456 = LINE('',#4457,#4458);
#4457 = CARTESIAN_POINT('',(16.936335222306,-31.51070946695));
#4458 = VECTOR('',#4459,1.);
#4459 = DIRECTION('',(-0.473428558359,0.880832220193));
#4460 = ( GEOMETRIC_REPRESENTATION_CONTEXT(2) 
PARAMETRIC_REPRESENTATION_CONTEXT() REPRESENTATION_CONTEXT('2D SPACE',''
  ) );
#4461 = PCURVE('',#4462,#4467);
#4462 = PLANE('',#4463);
#4463 = AXIS2_PLACEMENT_3D('',#4464,#4465,#4466);
#4464 = CARTESIAN_POINT('',(23.422730612867,23.298736566578,
    -2.730735899812E-02));
#4465 = DIRECTION('',(-0.106937308436,5.847044781751E-02,-0.992545021043
    ));
#4466 = DIRECTION('',(-0.994246036972,-7.655992264777E-19,0.107120576763
    ));
#4467 = DEFINITIONAL_REPRESENTATION('',(#4468),#4472);
#4468 = LINE('',#4469,#4470);
#4469 = CARTESIAN_POINT('',(16.920184104992,-31.51938501503));
#4470 = VECTOR('',#4471,1.);
#4471 = DIRECTION('',(-0.472977079329,0.881074731467));
#4472 = ( GEOMETRIC_REPRESENTATION_CONTEXT(2) 
PARAMETRIC_REPRESENTATION_CONTEXT() REPRESENTATION_CONTEXT('2D SPACE',''
  ) );
#4473 = ADVANCED_FACE('',(#4474),#4462,.T.);
#4474 = FACE_BOUND('',#4475,.T.);
#4475 = EDGE_LOOP('',(#4476,#4477,#4503));
#4476 = ORIENTED_EDGE('',*,*,#4448,.F.);
#4477 = ORIENTED_EDGE('',*,*,#4478,.F.);
#4478 = EDGE_CURVE('',#921,#4421,#4479,.T.);
#4479 = SURFACE_CURVE('',#4480,(#4484,#4491),.PCURVE_S1.);
#4480 = LINE('',#4481,#4482);
#4481 = CARTESIAN_POINT('',(5.754551120367,-8.288467237335,
    1.548123726347E-02));
#4482 = VECTOR('',#4483,1.);
#4483 = DIRECTION('',(0.978395799364,0.183836032467,-9.458315364605E-02)
  );
#4484 = PCURVE('',#4462,#4485);
#4485 = DEFINITIONAL_REPRESENTATION('',(#4486),#4490);
#4486 = LINE('',#4487,#4488);
#4487 = CARTESIAN_POINT('',(17.571100980034,-31.64133770785));
#4488 = VECTOR('',#4489,1.);
#4489 = DIRECTION('',(-0.982897948078,0.184151089228));
#4490 = ( GEOMETRIC_REPRESENTATION_CONTEXT(2) 
PARAMETRIC_REPRESENTATION_CONTEXT() REPRESENTATION_CONTEXT('2D SPACE',''
  ) );
#4491 = PCURVE('',#4492,#4497);
#4492 = PLANE('',#4493);
#4493 = AXIS2_PLACEMENT_3D('',#4494,#4495,#4496);
#4494 = CARTESIAN_POINT('',(5.762202591769,-8.267620475216,
    11.765946093416));
#4495 = DIRECTION('',(0.184815209355,-0.982771948913,1.623212781856E-03)
  );
#4496 = DIRECTION('',(-0.98277324363,-0.184815452833,2.712490382956E-20)
  );
#4497 = DEFINITIONAL_REPRESENTATION('',(#4498),#4502);
#4498 = LINE('',#4499,#4500);
#4499 = CARTESIAN_POINT('',(1.137246514997E-02,11.750480336361));
#4500 = VECTOR('',#4501,1.);
#4501 = DIRECTION('',(-0.995516952882,9.458327825108E-02));
#4502 = ( GEOMETRIC_REPRESENTATION_CONTEXT(2) 
PARAMETRIC_REPRESENTATION_CONTEXT() REPRESENTATION_CONTEXT('2D SPACE',''
  ) );
#4503 = ORIENTED_EDGE('',*,*,#4504,.T.);
#4504 = EDGE_CURVE('',#921,#1501,#4505,.T.);
#4505 = SURFACE_CURVE('',#4506,(#4510,#4517),.PCURVE_S1.);
#4506 = LINE('',#4507,#4508);
#4507 = CARTESIAN_POINT('',(5.754551120367,-8.288467237335,
    1.548123726347E-02));
#4508 = VECTOR('',#4509,1.);
#4509 = DIRECTION('',(0.488168524295,0.872748585902,-1.182240983148E-03)
  );
#4510 = PCURVE('',#4462,#4511);
#4511 = DEFINITIONAL_REPRESENTATION('',(#4512),#4516);
#4512 = LINE('',#4513,#4514);
#4513 = CARTESIAN_POINT('',(17.571100980034,-31.64133770785));
#4514 = VECTOR('',#4515,1.);
#4515 = DIRECTION('',(-0.48548626299,0.874244295634));
#4516 = ( GEOMETRIC_REPRESENTATION_CONTEXT(2) 
PARAMETRIC_REPRESENTATION_CONTEXT() REPRESENTATION_CONTEXT('2D SPACE',''
  ) );
#4517 = PCURVE('',#936,#4518);
#4518 = DEFINITIONAL_REPRESENTATION('',(#4519),#4523);
#4519 = LINE('',#4520,#4521);
#4520 = CARTESIAN_POINT('',(31.587232190623,17.668180555135));
#4521 = VECTOR('',#4522,1.);
#4522 = DIRECTION('',(-0.872749370222,-0.488168553655));
#4523 = ( GEOMETRIC_REPRESENTATION_CONTEXT(2) 
PARAMETRIC_REPRESENTATION_CONTEXT() REPRESENTATION_CONTEXT('2D SPACE',''
  ) );
#4524 = ADVANCED_FACE('',(#4525),#936,.T.);
#4525 = FACE_BOUND('',#4526,.T.);
#4526 = EDGE_LOOP('',(#4527,#4528,#4529));
#4527 = ORIENTED_EDGE('',*,*,#4504,.F.);
#4528 = ORIENTED_EDGE('',*,*,#920,.F.);
#4529 = ORIENTED_EDGE('',*,*,#1528,.T.);
#4530 = ADVANCED_FACE('',(#4531),#1516,.T.);
#4531 = FACE_BOUND('',#4532,.T.);
#4532 = EDGE_LOOP('',(#4533,#4534,#4535));
#4533 = ORIENTED_EDGE('',*,*,#4136,.F.);
#4534 = ORIENTED_EDGE('',*,*,#1500,.F.);
#4535 = ORIENTED_EDGE('',*,*,#4536,.T.);
#4536 = EDGE_CURVE('',#1443,#1555,#4537,.T.);
#4537 = SURFACE_CURVE('',#4538,(#4542,#4549),.PCURVE_S1.);
#4538 = LINE('',#4539,#4540);
#4539 = CARTESIAN_POINT('',(23.397247514615,23.286534963501,
    17.251441650106));
#4540 = VECTOR('',#4541,1.);
#4541 = DIRECTION('',(8.665463674102E-04,-0.9378469284,-0.347048106158)
  );
#4542 = PCURVE('',#1516,#4543);
#4543 = DEFINITIONAL_REPRESENTATION('',(#4544),#4548);
#4544 = LINE('',#4545,#4546);
#4545 = CARTESIAN_POINT('',(17.223237927648,-46.54317293737));
#4546 = VECTOR('',#4547,1.);
#4547 = DIRECTION('',(-0.347049006822,0.937846995444));
#4548 = ( GEOMETRIC_REPRESENTATION_CONTEXT(2) 
PARAMETRIC_REPRESENTATION_CONTEXT() REPRESENTATION_CONTEXT('2D SPACE',''
  ) );
#4549 = PCURVE('',#1591,#4550);
#4550 = DEFINITIONAL_REPRESENTATION('',(#4551),#4555);
#4551 = LINE('',#4552,#4553);
#4552 = CARTESIAN_POINT('',(4.377872871838E-02,-46.55084085485));
#4553 = VECTOR('',#4554,1.);
#4554 = DIRECTION('',(-0.347049040676,0.937846982917));
#4555 = ( GEOMETRIC_REPRESENTATION_CONTEXT(2) 
PARAMETRIC_REPRESENTATION_CONTEXT() REPRESENTATION_CONTEXT('2D SPACE',''
  ) );
#4556 = ADVANCED_FACE('',(#4557),#1591,.T.);
#4557 = FACE_BOUND('',#4558,.T.);
#4558 = EDGE_LOOP('',(#4559,#4560,#4561));
#4559 = ORIENTED_EDGE('',*,*,#1577,.T.);
#4560 = ORIENTED_EDGE('',*,*,#4536,.F.);
#4561 = ORIENTED_EDGE('',*,*,#3417,.F.);
#4562 = ADVANCED_FACE('',(#4563),#3560,.T.);
#4563 = FACE_BOUND('',#4564,.T.);
#4564 = EDGE_LOOP('',(#4565,#4593,#4619));
#4565 = ORIENTED_EDGE('',*,*,#4566,.T.);
#4566 = EDGE_CURVE('',#3333,#4567,#4569,.T.);
#4567 = VERTEX_POINT('',#4568);
#4568 = CARTESIAN_POINT('',(12.290071627273,-11.08909532994,
    11.757508404391));
#4569 = SURFACE_CURVE('',#4570,(#4574,#4581),.PCURVE_S1.);
#4570 = LINE('',#4571,#4572);
#4571 = CARTESIAN_POINT('',(12.063023001166,-9.778410871807,
    17.166836965301));
#4572 = VECTOR('',#4573,1.);
#4573 = DIRECTION('',(4.075923543874E-02,-0.235290991762,-0.971069942858
    ));
#4574 = PCURVE('',#3560,#4575);
#4575 = DEFINITIONAL_REPRESENTATION('',(#4576),#4580);
#4576 = LINE('',#4577,#4578);
#4577 = CARTESIAN_POINT('',(0.,0.));
#4578 = VECTOR('',#4579,1.);
#4579 = DIRECTION('',(0.238766163938,-0.971077092181));
#4580 = ( GEOMETRIC_REPRESENTATION_CONTEXT(2) 
PARAMETRIC_REPRESENTATION_CONTEXT() REPRESENTATION_CONTEXT('2D SPACE',''
  ) );
#4581 = PCURVE('',#4582,#4587);
#4582 = PLANE('',#4583);
#4583 = AXIS2_PLACEMENT_3D('',#4584,#4585,#4586);
#4584 = CARTESIAN_POINT('',(12.063023001166,-9.778410871807,
    17.166836965301));
#4585 = DIRECTION('',(-0.990878617542,-0.134455755488,
    -9.011942827721E-03));
#4586 = DIRECTION('',(0.13446121574,-0.990918857153,4.965933777607E-20)
  );
#4587 = DEFINITIONAL_REPRESENTATION('',(#4588),#4592);
#4588 = LINE('',#4589,#4590);
#4589 = CARTESIAN_POINT('',(0.,0.));
#4590 = VECTOR('',#4591,1.);
#4591 = DIRECTION('',(0.238634817005,-0.971109378038));
#4592 = ( GEOMETRIC_REPRESENTATION_CONTEXT(2) 
PARAMETRIC_REPRESENTATION_CONTEXT() REPRESENTATION_CONTEXT('2D SPACE',''
  ) );
#4593 = ORIENTED_EDGE('',*,*,#4594,.F.);
#4594 = EDGE_CURVE('',#3494,#4567,#4595,.T.);
#4595 = SURFACE_CURVE('',#4596,(#4600,#4607),.PCURVE_S1.);
#4596 = LINE('',#4597,#4598);
#4597 = CARTESIAN_POINT('',(12.27133880706,-11.10605595282,
    17.266468035539));
#4598 = VECTOR('',#4599,1.);
#4599 = DIRECTION('',(3.400392158725E-03,3.078701894484E-03,
    -0.999989479409));
#4600 = PCURVE('',#3560,#4601);
#4601 = DEFINITIONAL_REPRESENTATION('',(#4602),#4606);
#4602 = LINE('',#4603,#4604);
#4603 = CARTESIAN_POINT('',(1.34388868214,9.963180375386E-02));
#4604 = VECTOR('',#4605,1.);
#4605 = DIRECTION('',(-2.513304128163E-03,-0.999996841646));
#4606 = ( GEOMETRIC_REPRESENTATION_CONTEXT(2) 
PARAMETRIC_REPRESENTATION_CONTEXT() REPRESENTATION_CONTEXT('2D SPACE',''
  ) );
#4607 = PCURVE('',#4608,#4613);
#4608 = PLANE('',#4609);
#4609 = AXIS2_PLACEMENT_3D('',#4610,#4611,#4612);
#4610 = CARTESIAN_POINT('',(12.27133880706,-11.10605595282,
    17.266468035539));
#4611 = DIRECTION('',(-0.984887222769,0.173173985458,-2.815881337163E-03
    ));
#4612 = DIRECTION('',(-0.173174672027,-0.98489112747,-2.773355405307E-22
    ));
#4613 = DEFINITIONAL_REPRESENTATION('',(#4614),#4618);
#4614 = LINE('',#4615,#4616);
#4615 = CARTESIAN_POINT('',(-0.,0.));
#4616 = VECTOR('',#4617,1.);
#4617 = DIRECTION('',(-3.62104797685E-03,-0.999993443984));
#4618 = ( GEOMETRIC_REPRESENTATION_CONTEXT(2) 
PARAMETRIC_REPRESENTATION_CONTEXT() REPRESENTATION_CONTEXT('2D SPACE',''
  ) );
#4619 = ORIENTED_EDGE('',*,*,#3546,.F.);
#4620 = ADVANCED_FACE('',(#4621),#4582,.T.);
#4621 = FACE_BOUND('',#4622,.T.);
#4622 = EDGE_LOOP('',(#4623,#4651,#4677));
#4623 = ORIENTED_EDGE('',*,*,#4624,.T.);
#4624 = EDGE_CURVE('',#3333,#4625,#4627,.T.);
#4625 = VERTEX_POINT('',#4626);
#4626 = CARTESIAN_POINT('',(12.111219609789,-9.769963274768,
    11.741501063914));
#4627 = SURFACE_CURVE('',#4628,(#4632,#4639),.PCURVE_S1.);
#4628 = LINE('',#4629,#4630);
#4629 = CARTESIAN_POINT('',(12.063023001166,-9.778410871807,
    17.166836965301));
#4630 = VECTOR('',#4631,1.);
#4631 = DIRECTION('',(8.883256149966E-03,1.557001010837E-03,
    -0.999959330927));
#4632 = PCURVE('',#4582,#4633);
#4633 = DEFINITIONAL_REPRESENTATION('',(#4634),#4638);
#4634 = LINE('',#4635,#4636);
#4635 = CARTESIAN_POINT('',(0.,0.));
#4636 = VECTOR('',#4637,1.);
#4637 = DIRECTION('',(-3.484082405892E-04,-0.999999939306));
#4638 = ( GEOMETRIC_REPRESENTATION_CONTEXT(2) 
PARAMETRIC_REPRESENTATION_CONTEXT() REPRESENTATION_CONTEXT('2D SPACE',''
  ) );
#4639 = PCURVE('',#4640,#4645);
#4640 = PLANE('',#4641);
#4641 = AXIS2_PLACEMENT_3D('',#4642,#4643,#4644);
#4642 = CARTESIAN_POINT('',(12.063023001166,-9.778410871807,
    17.166836965301));
#4643 = DIRECTION('',(-0.925558371657,-0.378502384828,-8.81165905496E-03
    ));
#4644 = DIRECTION('',(0.378517080156,-0.925594306395,-5.496608459732E-19
    ));
#4645 = DEFINITIONAL_REPRESENTATION('',(#4646),#4650);
#4646 = LINE('',#4647,#4648);
#4647 = CARTESIAN_POINT('',(0.,0.));
#4648 = VECTOR('',#4649,1.);
#4649 = DIRECTION('',(1.921312909483E-03,-0.999998154277));
#4650 = ( GEOMETRIC_REPRESENTATION_CONTEXT(2) 
PARAMETRIC_REPRESENTATION_CONTEXT() REPRESENTATION_CONTEXT('2D SPACE',''
  ) );
#4651 = ORIENTED_EDGE('',*,*,#4652,.T.);
#4652 = EDGE_CURVE('',#4625,#4567,#4653,.T.);
#4653 = SURFACE_CURVE('',#4654,(#4658,#4665),.PCURVE_S1.);
#4654 = LINE('',#4655,#4656);
#4655 = CARTESIAN_POINT('',(12.111219609789,-9.769963274768,
    11.741501063914));
#4656 = VECTOR('',#4657,1.);
#4657 = DIRECTION('',(0.13434411615,-0.990861789148,1.202386217657E-02)
  );
#4658 = PCURVE('',#4582,#4659);
#4659 = DEFINITIONAL_REPRESENTATION('',(#4660),#4664);
#4660 = LINE('',#4661,#4662);
#4661 = CARTESIAN_POINT('',(-1.890308613107E-03,-5.425556224443));
#4662 = VECTOR('',#4663,1.);
#4663 = DIRECTION('',(0.999927704885,1.202435046597E-02));
#4664 = ( GEOMETRIC_REPRESENTATION_CONTEXT(2) 
PARAMETRIC_REPRESENTATION_CONTEXT() REPRESENTATION_CONTEXT('2D SPACE',''
  ) );
#4665 = PCURVE('',#4666,#4671);
#4666 = PLANE('',#4667);
#4667 = AXIS2_PLACEMENT_3D('',#4668,#4669,#4670);
#4668 = CARTESIAN_POINT('',(12.111219609789,-9.769963274768,
    11.741501063914));
#4669 = DIRECTION('',(-1.164389719266E-02,1.055453778129E-02,
    0.999876503069));
#4670 = DIRECTION('',(0.999932199978,2.723430744607E-20,
    1.164454580184E-02));
#4671 = DEFINITIONAL_REPRESENTATION('',(#4672),#4676);
#4672 = LINE('',#4673,#4674);
#4673 = CARTESIAN_POINT('',(0.,0.));
#4674 = VECTOR('',#4675,1.);
#4675 = DIRECTION('',(0.13447502003,-0.990916983903));
#4676 = ( GEOMETRIC_REPRESENTATION_CONTEXT(2) 
PARAMETRIC_REPRESENTATION_CONTEXT() REPRESENTATION_CONTEXT('2D SPACE',''
  ) );
#4677 = ORIENTED_EDGE('',*,*,#4566,.F.);
#4678 = ADVANCED_FACE('',(#4679),#4640,.T.);
#4679 = FACE_BOUND('',#4680,.T.);
#4680 = EDGE_LOOP('',(#4681,#4702,#4728));
#4681 = ORIENTED_EDGE('',*,*,#4682,.F.);
#4682 = EDGE_CURVE('',#3166,#3333,#4683,.T.);
#4683 = SURFACE_CURVE('',#4684,(#4688,#4695),.PCURVE_S1.);
#4684 = LINE('',#4685,#4686);
#4685 = CARTESIAN_POINT('',(11.631234103302,-8.596494453335,
    11.752152448405));
#4686 = VECTOR('',#4687,1.);
#4687 = DIRECTION('',(7.767422653018E-02,-0.212614182723,0.974044107748)
  );
#4688 = PCURVE('',#4640,#4689);
#4689 = DEFINITIONAL_REPRESENTATION('',(#4690),#4694);
#4690 = LINE('',#4691,#4692);
#4691 = CARTESIAN_POINT('',(-1.257414580435,-5.414894741635));
#4692 = VECTOR('',#4693,1.);
#4693 = DIRECTION('',(0.226195498417,0.974081924941));
#4694 = ( GEOMETRIC_REPRESENTATION_CONTEXT(2) 
PARAMETRIC_REPRESENTATION_CONTEXT() REPRESENTATION_CONTEXT('2D SPACE',''
  ) );
#4695 = PCURVE('',#3239,#4696);
#4696 = DEFINITIONAL_REPRESENTATION('',(#4697),#4701);
#4697 = LINE('',#4698,#4699);
#4698 = CARTESIAN_POINT('',(4.230206237986E-02,-5.496326659648));
#4699 = VECTOR('',#4700,1.);
#4700 = DIRECTION('',(0.226110824472,0.974101583541));
#4701 = ( GEOMETRIC_REPRESENTATION_CONTEXT(2) 
PARAMETRIC_REPRESENTATION_CONTEXT() REPRESENTATION_CONTEXT('2D SPACE',''
  ) );
#4702 = ORIENTED_EDGE('',*,*,#4703,.T.);
#4703 = EDGE_CURVE('',#3166,#4625,#4704,.T.);
#4704 = SURFACE_CURVE('',#4705,(#4709,#4716),.PCURVE_S1.);
#4705 = LINE('',#4706,#4707);
#4706 = CARTESIAN_POINT('',(11.631234103302,-8.596494453335,
    11.752152448405));
#4707 = VECTOR('',#4708,1.);
#4708 = DIRECTION('',(0.378572242606,-0.925533619983,-8.40091723425E-03)
  );
#4709 = PCURVE('',#4640,#4710);
#4710 = DEFINITIONAL_REPRESENTATION('',(#4711),#4715);
#4711 = LINE('',#4712,#4713);
#4712 = CARTESIAN_POINT('',(-1.257414580435,-5.414894741635));
#4713 = VECTOR('',#4714,1.);
#4714 = DIRECTION('',(0.999964708932,-8.401243399262E-03));
#4715 = ( GEOMETRIC_REPRESENTATION_CONTEXT(2) 
PARAMETRIC_REPRESENTATION_CONTEXT() REPRESENTATION_CONTEXT('2D SPACE',''
  ) );
#4716 = PCURVE('',#4717,#4722);
#4717 = PLANE('',#4718);
#4718 = AXIS2_PLACEMENT_3D('',#4719,#4720,#4721);
#4719 = CARTESIAN_POINT('',(11.631234103302,-8.596494453335,
    11.752152448405));
#4720 = DIRECTION('',(1.553238964596E-02,-2.722473844497E-03,
    0.999875658774));
#4721 = DIRECTION('',(0.999879364265,-2.015509554153E-21,
    -1.553244720826E-02));
#4722 = DEFINITIONAL_REPRESENTATION('',(#4723),#4727);
#4723 = LINE('',#4724,#4725);
#4724 = CARTESIAN_POINT('',(0.,0.));
#4725 = VECTOR('',#4726,1.);
#4726 = DIRECTION('',(0.378657060068,-0.925537049966));
#4727 = ( GEOMETRIC_REPRESENTATION_CONTEXT(2) 
PARAMETRIC_REPRESENTATION_CONTEXT() REPRESENTATION_CONTEXT('2D SPACE',''
  ) );
#4728 = ORIENTED_EDGE('',*,*,#4624,.F.);
#4729 = ADVANCED_FACE('',(#4730),#3239,.T.);
#4730 = FACE_BOUND('',#4731,.T.);
#4731 = EDGE_LOOP('',(#4732,#4733,#4734));
#4732 = ORIENTED_EDGE('',*,*,#3223,.F.);
#4733 = ORIENTED_EDGE('',*,*,#4682,.T.);
#4734 = ORIENTED_EDGE('',*,*,#3332,.F.);
#4735 = ADVANCED_FACE('',(#4736),#2683,.T.);
#4736 = FACE_BOUND('',#4737,.T.);
#4737 = EDGE_LOOP('',(#4738,#4739,#4740));
#4738 = ORIENTED_EDGE('',*,*,#2667,.F.);
#4739 = ORIENTED_EDGE('',*,*,#3002,.T.);
#4740 = ORIENTED_EDGE('',*,*,#2776,.F.);
#4741 = ADVANCED_FACE('',(#4742),#2113,.T.);
#4742 = FACE_BOUND('',#4743,.T.);
#4743 = EDGE_LOOP('',(#4744,#4765,#4766));
#4744 = ORIENTED_EDGE('',*,*,#4745,.F.);
#4745 = EDGE_CURVE('',#2271,#1608,#4746,.T.);
#4746 = SURFACE_CURVE('',#4747,(#4751,#4758),.PCURVE_S1.);
#4747 = LINE('',#4748,#4749);
#4748 = CARTESIAN_POINT('',(1.940150642373,-8.552718678615,
    11.748580883516));
#4749 = VECTOR('',#4750,1.);
#4750 = DIRECTION('',(1.131974203933E-02,-1.043037817861E-03,
    0.999935385669));
#4751 = PCURVE('',#2113,#4752);
#4752 = DEFINITIONAL_REPRESENTATION('',(#4753),#4757);
#4753 = LINE('',#4754,#4755);
#4754 = CARTESIAN_POINT('',(-2.860890943084E-02,-5.439932854555));
#4755 = VECTOR('',#4756,1.);
#4756 = DIRECTION('',(5.25898289117E-03,0.999986171454));
#4757 = ( GEOMETRIC_REPRESENTATION_CONTEXT(2) 
PARAMETRIC_REPRESENTATION_CONTEXT() REPRESENTATION_CONTEXT('2D SPACE',''
  ) );
#4758 = PCURVE('',#2081,#4759);
#4759 = DEFINITIONAL_REPRESENTATION('',(#4760),#4764);
#4760 = LINE('',#4761,#4762);
#4761 = CARTESIAN_POINT('',(1.339270061309,-5.418586628019));
#4762 = VECTOR('',#4763,1.);
#4763 = DIRECTION('',(3.197724568708E-03,0.999994887266));
#4764 = ( GEOMETRIC_REPRESENTATION_CONTEXT(2) 
PARAMETRIC_REPRESENTATION_CONTEXT() REPRESENTATION_CONTEXT('2D SPACE',''
  ) );
#4765 = ORIENTED_EDGE('',*,*,#2270,.T.);
#4766 = ORIENTED_EDGE('',*,*,#2097,.F.);
#4767 = ADVANCED_FACE('',(#4768),#2081,.T.);
#4768 = FACE_BOUND('',#4769,.T.);
#4769 = EDGE_LOOP('',(#4770,#4796,#4797));
#4770 = ORIENTED_EDGE('',*,*,#4771,.T.);
#4771 = EDGE_CURVE('',#2013,#2271,#4772,.T.);
#4772 = SURFACE_CURVE('',#4773,(#4777,#4784),.PCURVE_S1.);
#4773 = LINE('',#4774,#4775);
#4774 = CARTESIAN_POINT('',(1.502040121941,-9.819682547613,
    17.166845095328));
#4775 = VECTOR('',#4776,1.);
#4776 = DIRECTION('',(7.84913355269E-02,0.226987669787,-0.970729472104)
  );
#4777 = PCURVE('',#2081,#4778);
#4778 = DEFINITIONAL_REPRESENTATION('',(#4779),#4783);
#4779 = LINE('',#4780,#4781);
#4780 = CARTESIAN_POINT('',(0.,0.));
#4781 = VECTOR('',#4782,1.);
#4782 = DIRECTION('',(0.239941957202,-0.970787235791));
#4783 = ( GEOMETRIC_REPRESENTATION_CONTEXT(2) 
PARAMETRIC_REPRESENTATION_CONTEXT() REPRESENTATION_CONTEXT('2D SPACE',''
  ) );
#4784 = PCURVE('',#4785,#4790);
#4785 = PLANE('',#4786);
#4786 = AXIS2_PLACEMENT_3D('',#4787,#4788,#4789);
#4787 = CARTESIAN_POINT('',(1.502040121941,-9.819682547613,
    17.166845095328));
#4788 = DIRECTION('',(0.944602079797,-0.328217572098,-3.690658406858E-04
    ));
#4789 = DIRECTION('',(0.328217594451,0.944602144129,-8.782575503712E-21)
  );
#4790 = DEFINITIONAL_REPRESENTATION('',(#4791),#4795);
#4791 = LINE('',#4792,#4793);
#4792 = CARTESIAN_POINT('',(0.,0.));
#4793 = VECTOR('',#4794,1.);
#4794 = DIRECTION('',(0.240175276903,-0.970729538216));
#4795 = ( GEOMETRIC_REPRESENTATION_CONTEXT(2) 
PARAMETRIC_REPRESENTATION_CONTEXT() REPRESENTATION_CONTEXT('2D SPACE',''
  ) );
#4796 = ORIENTED_EDGE('',*,*,#4745,.T.);
#4797 = ORIENTED_EDGE('',*,*,#2067,.F.);
#4798 = ADVANCED_FACE('',(#4799),#4785,.T.);
#4799 = FACE_BOUND('',#4800,.T.);
#4800 = EDGE_LOOP('',(#4801,#4824,#4850));
#4801 = ORIENTED_EDGE('',*,*,#4802,.T.);
#4802 = EDGE_CURVE('',#2013,#4803,#4805,.T.);
#4803 = VERTEX_POINT('',#4804);
#4804 = CARTESIAN_POINT('',(1.520595719125,-9.760189528527,
    11.75047118926));
#4805 = SURFACE_CURVE('',#4806,(#4810,#4817),.PCURVE_S1.);
#4806 = LINE('',#4807,#4808);
#4807 = CARTESIAN_POINT('',(1.502040121941,-9.819682547613,
    17.166845095328));
#4808 = VECTOR('',#4809,1.);
#4809 = DIRECTION('',(3.425607132465E-03,1.098319329149E-02,
    -0.99993381515));
#4810 = PCURVE('',#4785,#4811);
#4811 = DEFINITIONAL_REPRESENTATION('',(#4812),#4816);
#4812 = LINE('',#4813,#4814);
#4813 = CARTESIAN_POINT('',(0.,0.));
#4814 = VECTOR('',#4815,1.);
#4815 = DIRECTION('',(1.149909246508E-02,-0.999933883251));
#4816 = ( GEOMETRIC_REPRESENTATION_CONTEXT(2) 
PARAMETRIC_REPRESENTATION_CONTEXT() REPRESENTATION_CONTEXT('2D SPACE',''
  ) );
#4817 = PCURVE('',#2050,#4818);
#4818 = DEFINITIONAL_REPRESENTATION('',(#4819),#4823);
#4819 = LINE('',#4820,#4821);
#4820 = CARTESIAN_POINT('',(1.281606455788,-1.071032585626E-02));
#4821 = VECTOR('',#4822,1.);
#4822 = DIRECTION('',(1.134659642249E-02,-0.999935625303));
#4823 = ( GEOMETRIC_REPRESENTATION_CONTEXT(2) 
PARAMETRIC_REPRESENTATION_CONTEXT() REPRESENTATION_CONTEXT('2D SPACE',''
  ) );
#4824 = ORIENTED_EDGE('',*,*,#4825,.T.);
#4825 = EDGE_CURVE('',#4803,#2271,#4826,.T.);
#4826 = SURFACE_CURVE('',#4827,(#4831,#4838),.PCURVE_S1.);
#4827 = LINE('',#4828,#4829);
#4828 = CARTESIAN_POINT('',(1.520595719125,-9.760189528527,
    11.75047118926));
#4829 = VECTOR('',#4830,1.);
#4830 = DIRECTION('',(0.328216720045,0.944601290434,-1.478781244223E-03)
  );
#4831 = PCURVE('',#4785,#4832);
#4832 = DEFINITIONAL_REPRESENTATION('',(#4833),#4837);
#4833 = LINE('',#4834,#4835);
#4834 = CARTESIAN_POINT('',(6.22875068606E-02,-5.416374274949));
#4835 = VECTOR('',#4836,1.);
#4836 = DIRECTION('',(0.999998906602,-1.478781344936E-03));
#4837 = ( GEOMETRIC_REPRESENTATION_CONTEXT(2) 
PARAMETRIC_REPRESENTATION_CONTEXT() REPRESENTATION_CONTEXT('2D SPACE',''
  ) );
#4838 = PCURVE('',#4839,#4844);
#4839 = PLANE('',#4840);
#4840 = AXIS2_PLACEMENT_3D('',#4841,#4842,#4843);
#4841 = CARTESIAN_POINT('',(4.207026985158,-9.700754750456,
    11.744343879143));
#4842 = DIRECTION('',(2.263595586895E-03,7.789816671023E-04,
    0.999997134657));
#4843 = DIRECTION('',(0.999997438063,-3.871125846051E-24,
    -2.263596273685E-03));
#4844 = DEFINITIONAL_REPRESENTATION('',(#4845),#4849);
#4845 = LINE('',#4846,#4847);
#4846 = CARTESIAN_POINT('',(-2.686438253321,-5.943479610402E-02));
#4847 = VECTOR('',#4848,1.);
#4848 = DIRECTION('',(0.328219226538,0.944601577032));
#4849 = ( GEOMETRIC_REPRESENTATION_CONTEXT(2) 
PARAMETRIC_REPRESENTATION_CONTEXT() REPRESENTATION_CONTEXT('2D SPACE',''
  ) );
#4850 = ORIENTED_EDGE('',*,*,#4771,.F.);
#4851 = ADVANCED_FACE('',(#4852),#2050,.T.);
#4852 = FACE_BOUND('',#4853,.T.);
#4853 = EDGE_LOOP('',(#4854,#4880,#4881));
#4854 = ORIENTED_EDGE('',*,*,#4855,.T.);
#4855 = EDGE_CURVE('',#1955,#4803,#4856,.T.);
#4856 = SURFACE_CURVE('',#4857,(#4861,#4868),.PCURVE_S1.);
#4857 = LINE('',#4858,#4859);
#4858 = CARTESIAN_POINT('',(1.328010476597,-11.08941826439,
    17.177555401796));
#4859 = VECTOR('',#4860,1.);
#4860 = DIRECTION('',(3.444673784851E-02,0.237752349059,-0.970714810214)
  );
#4861 = PCURVE('',#2050,#4862);
#4862 = DEFINITIONAL_REPRESENTATION('',(#4863),#4867);
#4863 = LINE('',#4864,#4865);
#4864 = CARTESIAN_POINT('',(0.,0.));
#4865 = VECTOR('',#4866,1.);
#4866 = DIRECTION('',(0.240227695396,-0.970716567472));
#4867 = ( GEOMETRIC_REPRESENTATION_CONTEXT(2) 
PARAMETRIC_REPRESENTATION_CONTEXT() REPRESENTATION_CONTEXT('2D SPACE',''
  ) );
#4868 = PCURVE('',#4869,#4874);
#4869 = PLANE('',#4870);
#4870 = AXIS2_PLACEMENT_3D('',#4871,#4872,#4873);
#4871 = CARTESIAN_POINT('',(1.328010476597,-11.08941826439,
    17.177555401796));
#4872 = DIRECTION('',(0.989763849473,-0.142714729269,1.683024962768E-04)
  );
#4873 = DIRECTION('',(0.14271473129,0.989763863491,-1.69297726103E-21));
#4874 = DEFINITIONAL_REPRESENTATION('',(#4875),#4879);
#4875 = LINE('',#4876,#4877);
#4876 = CARTESIAN_POINT('',(0.,0.));
#4877 = VECTOR('',#4878,1.);
#4878 = DIRECTION('',(0.240234740494,-0.970714823962));
#4879 = ( GEOMETRIC_REPRESENTATION_CONTEXT(2) 
PARAMETRIC_REPRESENTATION_CONTEXT() REPRESENTATION_CONTEXT('2D SPACE',''
  ) );
#4880 = ORIENTED_EDGE('',*,*,#4802,.F.);
#4881 = ORIENTED_EDGE('',*,*,#2036,.F.);
#4882 = ADVANCED_FACE('',(#4883),#4869,.T.);
#4883 = FACE_BOUND('',#4884,.T.);
#4884 = EDGE_LOOP('',(#4885,#4913,#4939));
#4885 = ORIENTED_EDGE('',*,*,#4886,.F.);
#4886 = EDGE_CURVE('',#4887,#1955,#4889,.T.);
#4887 = VERTEX_POINT('',#4888);
#4888 = CARTESIAN_POINT('',(1.3242487591,-11.12192996559,11.730894387396
    ));
#4889 = SURFACE_CURVE('',#4890,(#4894,#4901),.PCURVE_S1.);
#4890 = LINE('',#4891,#4892);
#4891 = CARTESIAN_POINT('',(1.3242487591,-11.12192996559,11.730894387396
    ));
#4892 = VECTOR('',#4893,1.);
#4893 = DIRECTION('',(6.906340555781E-04,5.968999021194E-03,
    0.999981946875));
#4894 = PCURVE('',#4869,#4895);
#4895 = DEFINITIONAL_REPRESENTATION('',(#4896),#4900);
#4896 = LINE('',#4897,#4898);
#4897 = CARTESIAN_POINT('',(-3.271575949161E-02,-5.446661091541));
#4898 = VECTOR('',#4899,1.);
#4899 = DIRECTION('',(6.006463186053E-03,0.999981961037));
#4900 = ( GEOMETRIC_REPRESENTATION_CONTEXT(2) 
PARAMETRIC_REPRESENTATION_CONTEXT() REPRESENTATION_CONTEXT('2D SPACE',''
  ) );
#4901 = PCURVE('',#4902,#4907);
#4902 = PLANE('',#4903);
#4903 = AXIS2_PLACEMENT_3D('',#4904,#4905,#4906);
#4904 = CARTESIAN_POINT('',(1.328010476597,-11.08941826439,
    17.177555401796));
#4905 = DIRECTION('',(0.992436975988,0.122747047407,-1.418113380839E-03)
  );
#4906 = DIRECTION('',(-0.122747170832,0.992437973907,-1.607399758735E-20
    ));
#4907 = DEFINITIONAL_REPRESENTATION('',(#4908),#4912);
#4908 = LINE('',#4909,#4910);
#4909 = CARTESIAN_POINT('',(-3.180410668857E-02,-5.44666649115));
#4910 = VECTOR('',#4911,1.);
#4911 = DIRECTION('',(5.839087918443E-03,0.999982952381));
#4912 = ( GEOMETRIC_REPRESENTATION_CONTEXT(2) 
PARAMETRIC_REPRESENTATION_CONTEXT() REPRESENTATION_CONTEXT('2D SPACE',''
  ) );
#4913 = ORIENTED_EDGE('',*,*,#4914,.T.);
#4914 = EDGE_CURVE('',#4887,#4803,#4915,.T.);
#4915 = SURFACE_CURVE('',#4916,(#4920,#4927),.PCURVE_S1.);
#4916 = LINE('',#4917,#4918);
#4917 = CARTESIAN_POINT('',(1.3242487591,-11.12192996559,11.730894387396
    ));
#4918 = VECTOR('',#4919,1.);
#4919 = DIRECTION('',(0.142697915787,0.989664022243,1.422771619961E-02)
  );
#4920 = PCURVE('',#4869,#4921);
#4921 = DEFINITIONAL_REPRESENTATION('',(#4922),#4926);
#4922 = LINE('',#4923,#4924);
#4923 = CARTESIAN_POINT('',(-3.271575949161E-02,-5.446661091541));
#4924 = VECTOR('',#4925,1.);
#4925 = DIRECTION('',(0.99989878092,1.422771640111E-02));
#4926 = ( GEOMETRIC_REPRESENTATION_CONTEXT(2) 
PARAMETRIC_REPRESENTATION_CONTEXT() REPRESENTATION_CONTEXT('2D SPACE',''
  ) );
#4927 = PCURVE('',#4928,#4933);
#4928 = PLANE('',#4929);
#4929 = AXIS2_PLACEMENT_3D('',#4930,#4931,#4932);
#4930 = CARTESIAN_POINT('',(3.885838895276,-10.33899520602,
    11.778007872366));
#4931 = DIRECTION('',(-1.464092402027E-02,-1.226263834725E-02,
    0.999817618891));
#4932 = DIRECTION('',(0.999892799807,1.208900781051E-20,
    1.464202493913E-02));
#4933 = DEFINITIONAL_REPRESENTATION('',(#4934),#4938);
#4934 = LINE('',#4935,#4936);
#4935 = CARTESIAN_POINT('',(-2.56200537004,-0.782993632058));
#4936 = VECTOR('',#4937,1.);
#4937 = DIRECTION('',(0.142890941119,0.989738439663));
#4938 = ( GEOMETRIC_REPRESENTATION_CONTEXT(2) 
PARAMETRIC_REPRESENTATION_CONTEXT() REPRESENTATION_CONTEXT('2D SPACE',''
  ) );
#4939 = ORIENTED_EDGE('',*,*,#4855,.F.);
#4940 = ADVANCED_FACE('',(#4941),#4902,.T.);
#4941 = FACE_BOUND('',#4942,.T.);
#4942 = EDGE_LOOP('',(#4943,#4966,#4992));
#4943 = ORIENTED_EDGE('',*,*,#4944,.T.);
#4944 = EDGE_CURVE('',#1955,#4945,#4947,.T.);
#4945 = VERTEX_POINT('',#4946);
#4946 = CARTESIAN_POINT('',(1.483769354847,-12.41099987558,
    11.79055978507));
#4947 = SURFACE_CURVE('',#4948,(#4952,#4959),.PCURVE_S1.);
#4948 = LINE('',#4949,#4950);
#4949 = CARTESIAN_POINT('',(1.328010476597,-11.08941826439,
    17.177555401796));
#4950 = VECTOR('',#4951,1.);
#4951 = DIRECTION('',(2.807010344031E-02,-0.238168975968,-0.970818009814
    ));
#4952 = PCURVE('',#4902,#4953);
#4953 = DEFINITIONAL_REPRESENTATION('',(#4954),#4958);
#4954 = LINE('',#4955,#4956);
#4955 = CARTESIAN_POINT('',(0.,0.));
#4956 = VECTOR('',#4957,1.);
#4957 = DIRECTION('',(-0.239813461739,-0.970818985995));
#4958 = ( GEOMETRIC_REPRESENTATION_CONTEXT(2) 
PARAMETRIC_REPRESENTATION_CONTEXT() REPRESENTATION_CONTEXT('2D SPACE',''
  ) );
#4959 = PCURVE('',#1997,#4960);
#4960 = DEFINITIONAL_REPRESENTATION('',(#4961),#4965);
#4961 = LINE('',#4962,#4963);
#4962 = CARTESIAN_POINT('',(1.321646202305,-2.741589989639E-02));
#4963 = VECTOR('',#4964,1.);
#4964 = DIRECTION('',(-0.239796513127,-0.970823172515));
#4965 = ( GEOMETRIC_REPRESENTATION_CONTEXT(2) 
PARAMETRIC_REPRESENTATION_CONTEXT() REPRESENTATION_CONTEXT('2D SPACE',''
  ) );
#4966 = ORIENTED_EDGE('',*,*,#4967,.F.);
#4967 = EDGE_CURVE('',#4887,#4945,#4968,.T.);
#4968 = SURFACE_CURVE('',#4969,(#4973,#4980),.PCURVE_S1.);
#4969 = LINE('',#4970,#4971);
#4970 = CARTESIAN_POINT('',(1.3242487591,-11.12192996559,11.730894387396
    ));
#4971 = VECTOR('',#4972,1.);
#4972 = DIRECTION('',(0.122682454813,-0.991384593581,4.588684877853E-02)
  );
#4973 = PCURVE('',#4902,#4974);
#4974 = DEFINITIONAL_REPRESENTATION('',(#4975),#4979);
#4975 = LINE('',#4976,#4977);
#4976 = CARTESIAN_POINT('',(-3.180410668857E-02,-5.44666649115));
#4977 = VECTOR('',#4978,1.);
#4978 = DIRECTION('',(-0.998946641655,4.588689491887E-02));
#4979 = ( GEOMETRIC_REPRESENTATION_CONTEXT(2) 
PARAMETRIC_REPRESENTATION_CONTEXT() REPRESENTATION_CONTEXT('2D SPACE',''
  ) );
#4980 = PCURVE('',#4981,#4986);
#4981 = PLANE('',#4982);
#4982 = AXIS2_PLACEMENT_3D('',#4983,#4984,#4985);
#4983 = CARTESIAN_POINT('',(3.862469325582,-11.1169765027,
    11.761064876046));
#4984 = DIRECTION('',(-1.196105355849E-02,4.475576006865E-02,
    0.998926351208));
#4985 = DIRECTION('',(-6.735750053677E-20,0.998997815476,
    -4.475896194395E-02));
#4986 = DEFINITIONAL_REPRESENTATION('',(#4987),#4991);
#4987 = LINE('',#4988,#4989);
#4988 = CARTESIAN_POINT('',(-3.598098859856E-03,2.538402153516));
#4989 = VECTOR('',#4990,1.);
#4990 = DIRECTION('',(-0.992444891002,-0.122691231648));
#4991 = ( GEOMETRIC_REPRESENTATION_CONTEXT(2) 
PARAMETRIC_REPRESENTATION_CONTEXT() REPRESENTATION_CONTEXT('2D SPACE',''
  ) );
#4992 = ORIENTED_EDGE('',*,*,#4886,.T.);
#4993 = ADVANCED_FACE('',(#4994),#1997,.T.);
#4994 = FACE_BOUND('',#4995,.T.);
#4995 = EDGE_LOOP('',(#4996,#5017,#5018));
#4996 = ORIENTED_EDGE('',*,*,#4997,.F.);
#4997 = EDGE_CURVE('',#4945,#1897,#4998,.T.);
#4998 = SURFACE_CURVE('',#4999,(#5003,#5010),.PCURVE_S1.);
#4999 = LINE('',#5000,#5001);
#5000 = CARTESIAN_POINT('',(1.483769354847,-12.41099987558,
    11.79055978507));
#5001 = VECTOR('',#5002,1.);
#5002 = DIRECTION('',(3.017966914648E-03,2.066391291905E-03,
    0.999993310929));
#5003 = PCURVE('',#1997,#5004);
#5004 = DEFINITIONAL_REPRESENTATION('',(#5005),#5009);
#5005 = LINE('',#5006,#5007);
#5006 = CARTESIAN_POINT('',(-8.966489325248E-03,-5.414440164059));
#5007 = VECTOR('',#5008,1.);
#5008 = DIRECTION('',(1.656030311268E-03,0.999998628781));
#5009 = ( GEOMETRIC_REPRESENTATION_CONTEXT(2) 
PARAMETRIC_REPRESENTATION_CONTEXT() REPRESENTATION_CONTEXT('2D SPACE',''
  ) );
#5010 = PCURVE('',#1939,#5011);
#5011 = DEFINITIONAL_REPRESENTATION('',(#5012),#5016);
#5012 = LINE('',#5013,#5014);
#5013 = CARTESIAN_POINT('',(1.298884092951,-5.467658289307));
#5014 = VECTOR('',#5015,1.);
#5015 = DIRECTION('',(9.370725420127E-04,0.999999560947));
#5016 = ( GEOMETRIC_REPRESENTATION_CONTEXT(2) 
PARAMETRIC_REPRESENTATION_CONTEXT() REPRESENTATION_CONTEXT('2D SPACE',''
  ) );
#5017 = ORIENTED_EDGE('',*,*,#4944,.F.);
#5018 = ORIENTED_EDGE('',*,*,#1983,.T.);
#5019 = ADVANCED_FACE('',(#5020),#1939,.T.);
#5020 = FACE_BOUND('',#5021,.T.);
#5021 = EDGE_LOOP('',(#5022,#5048,#5049));
#5022 = ORIENTED_EDGE('',*,*,#5023,.F.);
#5023 = EDGE_CURVE('',#4945,#1839,#5024,.T.);
#5024 = SURFACE_CURVE('',#5025,(#5029,#5036),.PCURVE_S1.);
#5025 = LINE('',#5026,#5027);
#5026 = CARTESIAN_POINT('',(1.483769354847,-12.41099987558,
    11.79055978507));
#5027 = VECTOR('',#5028,1.);
#5028 = DIRECTION('',(8.060069596292E-02,-0.216643419578,0.972917857048)
  );
#5029 = PCURVE('',#1939,#5030);
#5030 = DEFINITIONAL_REPRESENTATION('',(#5031),#5035);
#5031 = LINE('',#5032,#5033);
#5032 = CARTESIAN_POINT('',(1.298884092951,-5.467658289307));
#5033 = VECTOR('',#5034,1.);
#5034 = DIRECTION('',(-0.231125531196,0.972923937844));
#5035 = ( GEOMETRIC_REPRESENTATION_CONTEXT(2) 
PARAMETRIC_REPRESENTATION_CONTEXT() REPRESENTATION_CONTEXT('2D SPACE',''
  ) );
#5036 = PCURVE('',#5037,#5042);
#5037 = PLANE('',#5038);
#5038 = AXIS2_PLACEMENT_3D('',#5039,#5040,#5041);
#5039 = CARTESIAN_POINT('',(1.936730831345,-13.62849709484,
    17.258183901397));
#5040 = DIRECTION('',(0.93539702866,0.353597016314,1.244519510507E-03));
#5041 = DIRECTION('',(-0.353597290144,0.935397753045,1.816538708721E-20)
  );
#5042 = DEFINITIONAL_REPRESENTATION('',(#5043),#5047);
#5043 = LINE('',#5044,#5045);
#5044 = CARTESIAN_POINT('',(1.299010113869,-5.467628350539));
#5045 = VECTOR('',#5046,1.);
#5046 = DIRECTION('',(-0.231147955562,0.972918610491));
#5047 = ( GEOMETRIC_REPRESENTATION_CONTEXT(2) 
PARAMETRIC_REPRESENTATION_CONTEXT() REPRESENTATION_CONTEXT('2D SPACE',''
  ) );
#5048 = ORIENTED_EDGE('',*,*,#4997,.T.);
#5049 = ORIENTED_EDGE('',*,*,#1925,.T.);
#5050 = ADVANCED_FACE('',(#5051),#5037,.T.);
#5051 = FACE_BOUND('',#5052,.T.);
#5052 = EDGE_LOOP('',(#5053,#5076,#5102));
#5053 = ORIENTED_EDGE('',*,*,#5054,.T.);
#5054 = EDGE_CURVE('',#1839,#5055,#5057,.T.);
#5055 = VERTEX_POINT('',#5056);
#5056 = CARTESIAN_POINT('',(1.949518307924,-13.64291028344,
    11.742073423737));
#5057 = SURFACE_CURVE('',#5058,(#5062,#5069),.PCURVE_S1.);
#5058 = LINE('',#5059,#5060);
#5059 = CARTESIAN_POINT('',(1.936730831345,-13.62849709484,
    17.258183901397));
#5060 = VECTOR('',#5061,1.);
#5061 = DIRECTION('',(2.318191163579E-03,-2.612910079983E-03,
    -0.999993899327));
#5062 = PCURVE('',#5037,#5063);
#5063 = DEFINITIONAL_REPRESENTATION('',(#5064),#5068);
#5064 = LINE('',#5065,#5066);
#5065 = CARTESIAN_POINT('',(0.,0.));
#5066 = VECTOR('',#5067,1.);
#5067 = DIRECTION('',(-3.263816331204E-03,-0.999994673737));
#5068 = ( GEOMETRIC_REPRESENTATION_CONTEXT(2) 
PARAMETRIC_REPRESENTATION_CONTEXT() REPRESENTATION_CONTEXT('2D SPACE',''
  ) );
#5069 = PCURVE('',#1881,#5070);
#5070 = DEFINITIONAL_REPRESENTATION('',(#5071),#5075);
#5071 = LINE('',#5072,#5073);
#5072 = CARTESIAN_POINT('',(1.30882112984,3.8557438061E-02));
#5073 = VECTOR('',#5074,1.);
#5074 = DIRECTION('',(-3.461970027138E-03,-0.999994007364));
#5075 = ( GEOMETRIC_REPRESENTATION_CONTEXT(2) 
PARAMETRIC_REPRESENTATION_CONTEXT() REPRESENTATION_CONTEXT('2D SPACE',''
  ) );
#5076 = ORIENTED_EDGE('',*,*,#5077,.F.);
#5077 = EDGE_CURVE('',#4945,#5055,#5078,.T.);
#5078 = SURFACE_CURVE('',#5079,(#5083,#5090),.PCURVE_S1.);
#5079 = LINE('',#5080,#5081);
#5080 = CARTESIAN_POINT('',(1.483769354847,-12.41099987558,
    11.79055978507));
#5081 = VECTOR('',#5082,1.);
#5082 = DIRECTION('',(0.353400733703,-0.934748299744,-3.679045450649E-02
    ));
#5083 = PCURVE('',#5037,#5084);
#5084 = DEFINITIONAL_REPRESENTATION('',(#5085),#5089);
#5085 = LINE('',#5086,#5087);
#5086 = CARTESIAN_POINT('',(1.299010113869,-5.467628350539));
#5087 = VECTOR('',#5088,1.);
#5088 = DIRECTION('',(-0.999323001017,-3.679048299758E-02));
#5089 = ( GEOMETRIC_REPRESENTATION_CONTEXT(2) 
PARAMETRIC_REPRESENTATION_CONTEXT() REPRESENTATION_CONTEXT('2D SPACE',''
  ) );
#5090 = PCURVE('',#5091,#5096);
#5091 = PLANE('',#5092);
#5092 = AXIS2_PLACEMENT_3D('',#5093,#5094,#5095);
#5093 = CARTESIAN_POINT('',(4.128389366698,-12.45571591155,
    11.743538795962));
#5094 = DIRECTION('',(1.72126508837E-02,-3.282403721822E-02,
    0.999312917574));
#5095 = DIRECTION('',(-4.594235145053E-20,0.999460986369,
    3.282890077553E-02));
#5096 = DEFINITIONAL_REPRESENTATION('',(#5097),#5101);
#5097 = LINE('',#5098,#5099);
#5098 = CARTESIAN_POINT('',(4.623558080203E-02,2.645011866786));
#5099 = VECTOR('',#5100,1.);
#5100 = DIRECTION('',(-0.93545224785,-0.353453097302));
#5101 = ( GEOMETRIC_REPRESENTATION_CONTEXT(2) 
PARAMETRIC_REPRESENTATION_CONTEXT() REPRESENTATION_CONTEXT('2D SPACE',''
  ) );
#5102 = ORIENTED_EDGE('',*,*,#5023,.T.);
#5103 = ADVANCED_FACE('',(#5104),#1881,.T.);
#5104 = FACE_BOUND('',#5105,.T.);
#5105 = EDGE_LOOP('',(#5106,#5132,#5133));
#5106 = ORIENTED_EDGE('',*,*,#5107,.F.);
#5107 = EDGE_CURVE('',#5055,#1781,#5108,.T.);
#5108 = SURFACE_CURVE('',#5109,(#5113,#5120),.PCURVE_S1.);
#5109 = LINE('',#5110,#5111);
#5110 = CARTESIAN_POINT('',(1.949518307924,-13.64291028344,
    11.742073423737));
#5111 = VECTOR('',#5112,1.);
#5112 = DIRECTION('',(0.127560869571,-0.190410030417,0.97338185974));
#5113 = PCURVE('',#1881,#5114);
#5114 = DEFINITIONAL_REPRESENTATION('',(#5115),#5119);
#5115 = LINE('',#5116,#5117);
#5116 = CARTESIAN_POINT('',(1.289724404197,-5.477553635547));
#5117 = VECTOR('',#5118,1.);
#5118 = DIRECTION('',(-0.229188896772,0.973381964902));
#5119 = ( GEOMETRIC_REPRESENTATION_CONTEXT(2) 
PARAMETRIC_REPRESENTATION_CONTEXT() REPRESENTATION_CONTEXT('2D SPACE',''
  ) );
#5120 = PCURVE('',#5121,#5126);
#5121 = PLANE('',#5122);
#5122 = AXIS2_PLACEMENT_3D('',#5123,#5124,#5125);
#5123 = CARTESIAN_POINT('',(2.667347002176,-14.71441272746,
    17.219626467502));
#5124 = DIRECTION('',(0.787192466383,0.61646106009,1.742935056869E-02));
#5125 = DIRECTION('',(-0.616554716397,0.787312061186,-1.258962033976E-18
    ));
#5126 = DEFINITIONAL_REPRESENTATION('',(#5127),#5131);
#5127 = LINE('',#5128,#5129);
#5128 = CARTESIAN_POINT('',(1.28618746477,-5.478385225096));
#5129 = VECTOR('',#5130,1.);
#5130 = DIRECTION('',(-0.22856036928,0.973529741505));
#5131 = ( GEOMETRIC_REPRESENTATION_CONTEXT(2) 
PARAMETRIC_REPRESENTATION_CONTEXT() REPRESENTATION_CONTEXT('2D SPACE',''
  ) );
#5132 = ORIENTED_EDGE('',*,*,#5054,.F.);
#5133 = ORIENTED_EDGE('',*,*,#1867,.T.);
#5134 = ADVANCED_FACE('',(#5135),#5121,.T.);
#5135 = FACE_BOUND('',#5136,.T.);
#5136 = EDGE_LOOP('',(#5137,#5165,#5191));
#5137 = ORIENTED_EDGE('',*,*,#5138,.T.);
#5138 = EDGE_CURVE('',#1781,#5139,#5141,.T.);
#5139 = VERTEX_POINT('',#5140);
#5140 = CARTESIAN_POINT('',(2.764898560722,-14.68433190379,
    11.749800839735));
#5141 = SURFACE_CURVE('',#5142,(#5146,#5153),.PCURVE_S1.);
#5142 = LINE('',#5143,#5144);
#5143 = CARTESIAN_POINT('',(2.667347002176,-14.71441272746,
    17.219626467502));
#5144 = VECTOR('',#5145,1.);
#5145 = DIRECTION('',(1.783138630025E-02,5.498454304389E-03,
    -0.999825889174));
#5146 = PCURVE('',#5121,#5147);
#5147 = DEFINITIONAL_REPRESENTATION('',(#5148),#5152);
#5148 = LINE('',#5149,#5150);
#5149 = CARTESIAN_POINT('',(0.,0.));
#5150 = VECTOR('',#5151,1.);
#5151 = DIRECTION('',(-6.665025931584E-03,-0.999977788468));
#5152 = ( GEOMETRIC_REPRESENTATION_CONTEXT(2) 
PARAMETRIC_REPRESENTATION_CONTEXT() REPRESENTATION_CONTEXT('2D SPACE',''
  ) );
#5153 = PCURVE('',#5154,#5159);
#5154 = PLANE('',#5155);
#5155 = AXIS2_PLACEMENT_3D('',#5156,#5157,#5158);
#5156 = CARTESIAN_POINT('',(2.667347002176,-14.71441272746,
    17.219626467502));
#5157 = DIRECTION('',(0.688640761462,0.724920166343,1.62681923171E-02));
#5158 = DIRECTION('',(0.725016111928,-0.688731905348,-1.289878201714E-20
    ));
#5159 = DEFINITIONAL_REPRESENTATION('',(#5160),#5164);
#5160 = LINE('',#5161,#5162);
#5161 = CARTESIAN_POINT('',(0.,0.));
#5162 = VECTOR('',#5163,1.);
#5163 = DIRECTION('',(9.141081456165E-03,0.999958219442));
#5164 = ( GEOMETRIC_REPRESENTATION_CONTEXT(2) 
PARAMETRIC_REPRESENTATION_CONTEXT() REPRESENTATION_CONTEXT('2D SPACE',''
  ) );
#5165 = ORIENTED_EDGE('',*,*,#5166,.F.);
#5166 = EDGE_CURVE('',#5055,#5139,#5167,.T.);
#5167 = SURFACE_CURVE('',#5168,(#5172,#5179),.PCURVE_S1.);
#5168 = LINE('',#5169,#5170);
#5169 = CARTESIAN_POINT('',(1.949518307924,-13.64291028344,
    11.742073423737));
#5170 = VECTOR('',#5171,1.);
#5171 = DIRECTION('',(0.616464009119,-0.787361412129,5.842272767175E-03)
  );
#5172 = PCURVE('',#5121,#5173);
#5173 = DEFINITIONAL_REPRESENTATION('',(#5174),#5178);
#5174 = LINE('',#5175,#5176);
#5175 = CARTESIAN_POINT('',(1.28618746477,-5.478385225096));
#5176 = VECTOR('',#5177,1.);
#5177 = DIRECTION('',(-0.999982928593,5.843160358822E-03));
#5178 = ( GEOMETRIC_REPRESENTATION_CONTEXT(2) 
PARAMETRIC_REPRESENTATION_CONTEXT() REPRESENTATION_CONTEXT('2D SPACE',''
  ) );
#5179 = PCURVE('',#5180,#5185);
#5180 = PLANE('',#5181);
#5181 = AXIS2_PLACEMENT_3D('',#5182,#5183,#5184);
#5182 = CARTESIAN_POINT('',(4.128389366698,-12.45571591155,
    11.743538795962));
#5183 = DIRECTION('',(-3.305336633906E-03,4.832026965799E-03,
    0.999982862986));
#5184 = DIRECTION('',(-4.284290461014E-23,0.999988325562,
    -4.832053361567E-03));
#5185 = DEFINITIONAL_REPRESENTATION('',(#5186),#5190);
#5186 = LINE('',#5187,#5188);
#5187 = CARTESIAN_POINT('',(-1.187173431312,2.178882961228));
#5188 = VECTOR('',#5189,1.);
#5189 = DIRECTION('',(-0.787380450301,-0.616467376659));
#5190 = ( GEOMETRIC_REPRESENTATION_CONTEXT(2) 
PARAMETRIC_REPRESENTATION_CONTEXT() REPRESENTATION_CONTEXT('2D SPACE',''
  ) );
#5191 = ORIENTED_EDGE('',*,*,#5107,.T.);
#5192 = ADVANCED_FACE('',(#5193),#5154,.T.);
#5193 = FACE_BOUND('',#5194,.T.);
#5194 = EDGE_LOOP('',(#5195,#5218,#5244));
#5195 = ORIENTED_EDGE('',*,*,#5196,.T.);
#5196 = EDGE_CURVE('',#1781,#5197,#5199,.T.);
#5197 = VERTEX_POINT('',#5198);
#5198 = CARTESIAN_POINT('',(3.722294465749,-15.59296906691,
    11.712154270501));
#5199 = SURFACE_CURVE('',#5200,(#5204,#5211),.PCURVE_S1.);
#5200 = LINE('',#5201,#5202);
#5201 = CARTESIAN_POINT('',(2.667347002176,-14.71441272746,
    17.219626467502));
#5202 = VECTOR('',#5203,1.);
#5203 = DIRECTION('',(0.185860932854,-0.154784296331,-0.970307958974));
#5204 = PCURVE('',#5154,#5205);
#5205 = DEFINITIONAL_REPRESENTATION('',(#5206),#5210);
#5206 = LINE('',#5207,#5208);
#5207 = CARTESIAN_POINT('',(0.,0.));
#5208 = VECTOR('',#5209,1.);
#5209 = DIRECTION('',(0.241357054227,0.970436382446));
#5210 = ( GEOMETRIC_REPRESENTATION_CONTEXT(2) 
PARAMETRIC_REPRESENTATION_CONTEXT() REPRESENTATION_CONTEXT('2D SPACE',''
  ) );
#5211 = PCURVE('',#1796,#5212);
#5212 = DEFINITIONAL_REPRESENTATION('',(#5213),#5217);
#5213 = LINE('',#5214,#5215);
#5214 = CARTESIAN_POINT('',(-1.351018164593,-4.656311965472E-03));
#5215 = VECTOR('',#5216,1.);
#5216 = DIRECTION('',(0.241869315437,0.97030883447));
#5217 = ( GEOMETRIC_REPRESENTATION_CONTEXT(2) 
PARAMETRIC_REPRESENTATION_CONTEXT() REPRESENTATION_CONTEXT('2D SPACE',''
  ) );
#5218 = ORIENTED_EDGE('',*,*,#5219,.F.);
#5219 = EDGE_CURVE('',#5139,#5197,#5220,.T.);
#5220 = SURFACE_CURVE('',#5221,(#5225,#5232),.PCURVE_S1.);
#5221 = LINE('',#5222,#5223);
#5222 = CARTESIAN_POINT('',(2.764898560722,-14.68433190379,
    11.749800839735));
#5223 = VECTOR('',#5224,1.);
#5224 = DIRECTION('',(0.725040801121,-0.688115557225,-2.850993885968E-02
    ));
#5225 = PCURVE('',#5154,#5226);
#5226 = DEFINITIONAL_REPRESENTATION('',(#5227),#5231);
#5227 = LINE('',#5228,#5229);
#5228 = CARTESIAN_POINT('',(5.000882869291E-02,5.470549577306));
#5229 = VECTOR('',#5230,1.);
#5230 = DIRECTION('',(0.999593401446,2.851371224452E-02));
#5231 = ( GEOMETRIC_REPRESENTATION_CONTEXT(2) 
PARAMETRIC_REPRESENTATION_CONTEXT() REPRESENTATION_CONTEXT('2D SPACE',''
  ) );
#5232 = PCURVE('',#5233,#5238);
#5233 = PLANE('',#5234);
#5234 = AXIS2_PLACEMENT_3D('',#5235,#5236,#5237);
#5235 = CARTESIAN_POINT('',(5.106712416056,-13.53271856002,
    11.727431769106));
#5236 = DIRECTION('',(1.970453629581E-02,-2.065311317255E-02,
    0.999592507058));
#5237 = DIRECTION('',(-1.371732260992E-20,0.999786618852,
    2.065712381972E-02));
#5238 = DEFINITIONAL_REPRESENTATION('',(#5239),#5243);
#5239 = LINE('',#5240,#5241);
#5240 = CARTESIAN_POINT('',(-1.150905530531,2.342268614335));
#5241 = VECTOR('',#5242,1.);
#5242 = DIRECTION('',(-0.688557659675,-0.725181597466));
#5243 = ( GEOMETRIC_REPRESENTATION_CONTEXT(2) 
PARAMETRIC_REPRESENTATION_CONTEXT() REPRESENTATION_CONTEXT('2D SPACE',''
  ) );
#5244 = ORIENTED_EDGE('',*,*,#5138,.F.);
#5245 = ADVANCED_FACE('',(#5246),#1796,.T.);
#5246 = FACE_BOUND('',#5247,.T.);
#5247 = EDGE_LOOP('',(#5248,#5269,#5270));
#5248 = ORIENTED_EDGE('',*,*,#5249,.T.);
#5249 = EDGE_CURVE('',#1723,#5197,#5250,.T.);
#5250 = SURFACE_CURVE('',#5251,(#5255,#5262),.PCURVE_S1.);
#5251 = LINE('',#5252,#5253);
#5252 = CARTESIAN_POINT('',(3.710142190789,-15.57338203756,
    17.214970159738));
#5253 = VECTOR('',#5254,1.);
#5254 = DIRECTION('',(2.208354520573E-03,-3.559424465121E-03,
    -0.999991226795));
#5255 = PCURVE('',#1796,#5256);
#5256 = DEFINITIONAL_REPRESENTATION('',(#5257),#5261);
#5257 = LINE('',#5258,#5259);
#5258 = CARTESIAN_POINT('',(0.,-0.));
#5259 = VECTOR('',#5260,1.);
#5260 = DIRECTION('',(3.967592430573E-03,0.999992129074));
#5261 = ( GEOMETRIC_REPRESENTATION_CONTEXT(2) 
PARAMETRIC_REPRESENTATION_CONTEXT() REPRESENTATION_CONTEXT('2D SPACE',''
  ) );
#5262 = PCURVE('',#1738,#5263);
#5263 = DEFINITIONAL_REPRESENTATION('',(#5264),#5268);
#5264 = LINE('',#5265,#5266);
#5265 = CARTESIAN_POINT('',(-1.289152533781,-6.641105214687E-03));
#5266 = VECTOR('',#5267,1.);
#5267 = DIRECTION('',(3.641133187861E-03,0.999993371053));
#5268 = ( GEOMETRIC_REPRESENTATION_CONTEXT(2) 
PARAMETRIC_REPRESENTATION_CONTEXT() REPRESENTATION_CONTEXT('2D SPACE',''
  ) );
#5269 = ORIENTED_EDGE('',*,*,#5196,.F.);
#5270 = ORIENTED_EDGE('',*,*,#1780,.T.);
#5271 = ADVANCED_FACE('',(#5272),#1738,.T.);
#5272 = FACE_BOUND('',#5273,.T.);
#5273 = EDGE_LOOP('',(#5274,#5300,#5301));
#5274 = ORIENTED_EDGE('',*,*,#5275,.F.);
#5275 = EDGE_CURVE('',#5197,#1665,#5276,.T.);
#5276 = SURFACE_CURVE('',#5277,(#5281,#5288),.PCURVE_S1.);
#5277 = LINE('',#5278,#5279);
#5278 = CARTESIAN_POINT('',(3.722294465749,-15.59296906691,
    11.712154270501));
#5279 = VECTOR('',#5280,1.);
#5280 = DIRECTION('',(0.198585258326,-0.105771905251,0.974359378892));
#5281 = PCURVE('',#1738,#5282);
#5282 = DEFINITIONAL_REPRESENTATION('',(#5283),#5287);
#5283 = LINE('',#5284,#5285);
#5284 = CARTESIAN_POINT('',(-1.269115872435,5.496186583579));
#5285 = VECTOR('',#5286,1.);
#5286 = DIRECTION('',(0.224988287053,-0.974361468188));
#5287 = ( GEOMETRIC_REPRESENTATION_CONTEXT(2) 
PARAMETRIC_REPRESENTATION_CONTEXT() REPRESENTATION_CONTEXT('2D SPACE',''
  ) );
#5288 = PCURVE('',#5289,#5294);
#5289 = PLANE('',#5290);
#5290 = AXIS2_PLACEMENT_3D('',#5291,#5292,#5293);
#5291 = CARTESIAN_POINT('',(4.842475905741,-16.18960814341,
    17.208329068764));
#5292 = DIRECTION('',(0.442466837307,0.896756219629,7.168015067086E-03)
  );
#5293 = DIRECTION('',(0.896779258382,-0.442478204815,7.967684336391E-20)
  );
#5294 = DEFINITIONAL_REPRESENTATION('',(#5295),#5299);
#5295 = LINE('',#5296,#5297);
#5296 = CARTESIAN_POINT('',(-1.268555268503,5.496316001644));
#5297 = VECTOR('',#5298,1.);
#5298 = DIRECTION('',(0.224888903442,-0.974384411364));
#5299 = ( GEOMETRIC_REPRESENTATION_CONTEXT(2) 
PARAMETRIC_REPRESENTATION_CONTEXT() REPRESENTATION_CONTEXT('2D SPACE',''
  ) );
#5300 = ORIENTED_EDGE('',*,*,#5249,.F.);
#5301 = ORIENTED_EDGE('',*,*,#1722,.T.);
#5302 = ADVANCED_FACE('',(#5303),#5289,.T.);
#5303 = FACE_BOUND('',#5304,.T.);
#5304 = EDGE_LOOP('',(#5305,#5333,#5359));
#5305 = ORIENTED_EDGE('',*,*,#5306,.T.);
#5306 = EDGE_CURVE('',#1665,#5307,#5309,.T.);
#5307 = VERTEX_POINT('',#5308);
#5308 = CARTESIAN_POINT('',(4.890971146621,-16.1697728499,
    11.733318440059));
#5309 = SURFACE_CURVE('',#5310,(#5314,#5321),.PCURVE_S1.);
#5310 = LINE('',#5311,#5312);
#5311 = CARTESIAN_POINT('',(4.842475905741,-16.18960814341,
    17.208329068764));
#5312 = VECTOR('',#5313,1.);
#5313 = DIRECTION('',(8.857155480596E-03,3.62271174287E-03,
    -0.99995421233));
#5314 = PCURVE('',#5289,#5315);
#5315 = DEFINITIONAL_REPRESENTATION('',(#5316),#5320);
#5316 = LINE('',#5317,#5318);
#5317 = CARTESIAN_POINT('',(0.,0.));
#5318 = VECTOR('',#5319,1.);
#5319 = DIRECTION('',(6.339942334711E-03,0.999979902364));
#5320 = ( GEOMETRIC_REPRESENTATION_CONTEXT(2) 
PARAMETRIC_REPRESENTATION_CONTEXT() REPRESENTATION_CONTEXT('2D SPACE',''
  ) );
#5321 = PCURVE('',#5322,#5327);
#5322 = PLANE('',#5323);
#5323 = AXIS2_PLACEMENT_3D('',#5324,#5325,#5326);
#5324 = CARTESIAN_POINT('',(4.842475905741,-16.18960814341,
    17.208329068764));
#5325 = DIRECTION('',(0.302423328435,0.953153990865,6.131893361492E-03)
  );
#5326 = DIRECTION('',(0.953171910721,-0.302429014172,1.324389272586E-19)
  );
#5327 = DEFINITIONAL_REPRESENTATION('',(#5328),#5332);
#5328 = LINE('',#5329,#5330);
#5329 = CARTESIAN_POINT('',(0.,0.));
#5330 = VECTOR('',#5331,1.);
#5331 = DIRECTION('',(7.346778671966E-03,0.999973012057));
#5332 = ( GEOMETRIC_REPRESENTATION_CONTEXT(2) 
PARAMETRIC_REPRESENTATION_CONTEXT() REPRESENTATION_CONTEXT('2D SPACE',''
  ) );
#5333 = ORIENTED_EDGE('',*,*,#5334,.F.);
#5334 = EDGE_CURVE('',#5197,#5307,#5335,.T.);
#5335 = SURFACE_CURVE('',#5336,(#5340,#5347),.PCURVE_S1.);
#5336 = LINE('',#5337,#5338);
#5337 = CARTESIAN_POINT('',(3.722294465749,-15.59296906691,
    11.712154270501));
#5338 = VECTOR('',#5339,1.);
#5339 = DIRECTION('',(0.89660952801,-0.442524246517,1.623716498236E-02)
  );
#5340 = PCURVE('',#5289,#5341);
#5341 = DEFINITIONAL_REPRESENTATION('',(#5342),#5346);
#5342 = LINE('',#5343,#5344);
#5343 = CARTESIAN_POINT('',(-1.268555268503,5.496316001644));
#5344 = VECTOR('',#5345,1.);
#5345 = DIRECTION('',(0.999868161773,-1.623758213478E-02));
#5346 = ( GEOMETRIC_REPRESENTATION_CONTEXT(2) 
PARAMETRIC_REPRESENTATION_CONTEXT() REPRESENTATION_CONTEXT('2D SPACE',''
  ) );
#5347 = PCURVE('',#5348,#5353);
#5348 = PLANE('',#5349);
#5349 = AXIS2_PLACEMENT_3D('',#5350,#5351,#5352);
#5350 = CARTESIAN_POINT('',(5.71883408583,-13.91763798595,
    11.707852173036));
#5351 = DIRECTION('',(-1.060283679173E-02,1.520316934604E-02,
    0.99982820699));
#5352 = DIRECTION('',(-9.721813853149E-21,0.999884412147,
    -1.520402398938E-02));
#5353 = DEFINITIONAL_REPRESENTATION('',(#5354),#5358);
#5354 = LINE('',#5355,#5356);
#5355 = CARTESIAN_POINT('',(-1.675202842226,1.996651855184));
#5356 = VECTOR('',#5357,1.);
#5357 = DIRECTION('',(-0.442719966335,-0.896659930747));
#5358 = ( GEOMETRIC_REPRESENTATION_CONTEXT(2) 
PARAMETRIC_REPRESENTATION_CONTEXT() REPRESENTATION_CONTEXT('2D SPACE',''
  ) );
#5359 = ORIENTED_EDGE('',*,*,#5275,.T.);
#5360 = ADVANCED_FACE('',(#5361),#5322,.T.);
#5361 = FACE_BOUND('',#5362,.T.);
#5362 = EDGE_LOOP('',(#5363,#5386,#5412));
#5363 = ORIENTED_EDGE('',*,*,#5364,.T.);
#5364 = EDGE_CURVE('',#1665,#5365,#5367,.T.);
#5365 = VERTEX_POINT('',#5366);
#5366 = CARTESIAN_POINT('',(6.102812319685,-16.55449485594,
    11.767610349561));
#5367 = SURFACE_CURVE('',#5368,(#5372,#5379),.PCURVE_S1.);
#5368 = LINE('',#5369,#5370);
#5369 = CARTESIAN_POINT('',(4.842475905741,-16.18960814341,
    17.208329068764));
#5370 = VECTOR('',#5371,1.);
#5371 = DIRECTION('',(0.225192922459,-6.519680321135E-02,-0.972130405103
    ));
#5372 = PCURVE('',#5322,#5373);
#5373 = DEFINITIONAL_REPRESENTATION('',(#5374),#5378);
#5374 = LINE('',#5375,#5376);
#5375 = CARTESIAN_POINT('',(0.,0.));
#5376 = VECTOR('',#5377,1.);
#5377 = DIRECTION('',(0.234364973103,0.972148681726));
#5378 = ( GEOMETRIC_REPRESENTATION_CONTEXT(2) 
PARAMETRIC_REPRESENTATION_CONTEXT() REPRESENTATION_CONTEXT('2D SPACE',''
  ) );
#5379 = PCURVE('',#1680,#5380);
#5380 = DEFINITIONAL_REPRESENTATION('',(#5381),#5385);
#5381 = LINE('',#5382,#5383);
#5382 = CARTESIAN_POINT('',(-1.345326508483,7.618767487934E-03));
#5383 = VECTOR('',#5384,1.);
#5384 = DIRECTION('',(0.233962742007,0.972245563298));
#5385 = ( GEOMETRIC_REPRESENTATION_CONTEXT(2) 
PARAMETRIC_REPRESENTATION_CONTEXT() REPRESENTATION_CONTEXT('2D SPACE',''
  ) );
#5386 = ORIENTED_EDGE('',*,*,#5387,.F.);
#5387 = EDGE_CURVE('',#5307,#5365,#5388,.T.);
#5388 = SURFACE_CURVE('',#5389,(#5393,#5400),.PCURVE_S1.);
#5389 = LINE('',#5390,#5391);
#5390 = CARTESIAN_POINT('',(4.890971146621,-16.1697728499,
    11.733318440059));
#5391 = VECTOR('',#5392,1.);
#5392 = DIRECTION('',(0.952775406546,-0.302476656062,2.696103148097E-02)
  );
#5393 = PCURVE('',#5322,#5394);
#5394 = DEFINITIONAL_REPRESENTATION('',(#5395),#5399);
#5395 = LINE('',#5396,#5397);
#5396 = CARTESIAN_POINT('',(4.022553314919E-02,5.475113562125));
#5397 = VECTOR('',#5398,1.);
#5398 = DIRECTION('',(0.999636471648,-2.696153836423E-02));
#5399 = ( GEOMETRIC_REPRESENTATION_CONTEXT(2) 
PARAMETRIC_REPRESENTATION_CONTEXT() REPRESENTATION_CONTEXT('2D SPACE',''
  ) );
#5400 = PCURVE('',#5401,#5406);
#5401 = PLANE('',#5402);
#5402 = AXIS2_PLACEMENT_3D('',#5403,#5404,#5405);
#5403 = CARTESIAN_POINT('',(6.486665002118,-14.06937855721,
    11.736881315073));
#5404 = DIRECTION('',(-2.322332284142E-02,1.594741176447E-02,
    0.999603099902));
#5405 = DIRECTION('',(0.999730233653,-5.779692467313E-20,
    2.322627648187E-02));
#5406 = DEFINITIONAL_REPRESENTATION('',(#5407),#5411);
#5407 = LINE('',#5408,#5409);
#5408 = CARTESIAN_POINT('',(-1.595346143316,-2.100661429721));
#5409 = VECTOR('',#5410,1.);
#5410 = DIRECTION('',(0.953144584177,-0.302515126323));
#5411 = ( GEOMETRIC_REPRESENTATION_CONTEXT(2) 
PARAMETRIC_REPRESENTATION_CONTEXT() REPRESENTATION_CONTEXT('2D SPACE',''
  ) );
#5412 = ORIENTED_EDGE('',*,*,#5306,.F.);
#5413 = ADVANCED_FACE('',(#5414),#1680,.T.);
#5414 = FACE_BOUND('',#5415,.T.);
#5415 = EDGE_LOOP('',(#5416,#5437,#5438));
#5416 = ORIENTED_EDGE('',*,*,#5417,.F.);
#5417 = EDGE_CURVE('',#5365,#405,#5418,.T.);
#5418 = SURFACE_CURVE('',#5419,(#5423,#5430),.PCURVE_S1.);
#5419 = LINE('',#5420,#5421);
#5420 = CARTESIAN_POINT('',(6.102812319685,-16.55449485594,
    11.767610349561));
#5421 = VECTOR('',#5422,1.);
#5422 = DIRECTION('',(9.761554986915E-03,1.360159500219E-02,
    0.999859844507));
#5423 = PCURVE('',#1680,#5424);
#5424 = DEFINITIONAL_REPRESENTATION('',(#5425),#5429);
#5425 = LINE('',#5426,#5427);
#5426 = CARTESIAN_POINT('',(-3.590807721734E-02,5.448981992144));
#5427 = VECTOR('',#5428,1.);
#5428 = DIRECTION('',(6.589725863608E-03,-0.999978287521));
#5429 = ( GEOMETRIC_REPRESENTATION_CONTEXT(2) 
PARAMETRIC_REPRESENTATION_CONTEXT() REPRESENTATION_CONTEXT('2D SPACE',''
  ) );
#5430 = PCURVE('',#420,#5431);
#5431 = DEFINITIONAL_REPRESENTATION('',(#5432),#5436);
#5432 = LINE('',#5433,#5434);
#5433 = CARTESIAN_POINT('',(-5.441854586962,-1.380990767277));
#5434 = VECTOR('',#5435,1.);
#5435 = DIRECTION('',(0.999952354413,9.761603589801E-03));
#5436 = ( GEOMETRIC_REPRESENTATION_CONTEXT(2) 
PARAMETRIC_REPRESENTATION_CONTEXT() REPRESENTATION_CONTEXT('2D SPACE',''
  ) );
#5437 = ORIENTED_EDGE('',*,*,#5364,.F.);
#5438 = ORIENTED_EDGE('',*,*,#1664,.T.);
#5439 = ADVANCED_FACE('',(#5440),#420,.T.);
#5440 = FACE_BOUND('',#5441,.T.);
#5441 = EDGE_LOOP('',(#5442,#5468,#5469));
#5442 = ORIENTED_EDGE('',*,*,#5443,.F.);
#5443 = EDGE_CURVE('',#5365,#347,#5444,.T.);
#5444 = SURFACE_CURVE('',#5445,(#5449,#5456),.PCURVE_S1.);
#5445 = LINE('',#5446,#5447);
#5446 = CARTESIAN_POINT('',(6.102812319685,-16.55449485594,
    11.767610349561));
#5447 = VECTOR('',#5448,1.);
#5448 = DIRECTION('',(0.245973993462,1.3930606386E-02,0.969176316645));
#5449 = PCURVE('',#420,#5450);
#5450 = DEFINITIONAL_REPRESENTATION('',(#5451),#5455);
#5451 = LINE('',#5452,#5453);
#5452 = CARTESIAN_POINT('',(-5.441854586962,-1.380990767277));
#5453 = VECTOR('',#5454,1.);
#5454 = DIRECTION('',(0.969276117547,0.245975218169));
#5455 = ( GEOMETRIC_REPRESENTATION_CONTEXT(2) 
PARAMETRIC_REPRESENTATION_CONTEXT() REPRESENTATION_CONTEXT('2D SPACE',''
  ) );
#5456 = PCURVE('',#5457,#5462);
#5457 = PLANE('',#5458);
#5458 = AXIS2_PLACEMENT_3D('',#5459,#5460,#5461);
#5459 = CARTESIAN_POINT('',(7.483796211029,-16.47628356723,
    17.208904619412));
#5460 = DIRECTION('',(1.032770645029E-02,0.999802286445,
    -1.699195392246E-02));
#5461 = DIRECTION('',(-3.31880579013E-20,1.699286018878E-02,
    0.999855610927));
#5462 = DEFINITIONAL_REPRESENTATION('',(#5463),#5467);
#5463 = LINE('',#5464,#5465);
#5464 = CARTESIAN_POINT('',(-5.441837639911,-1.381057546156));
#5465 = VECTOR('',#5466,1.);
#5466 = DIRECTION('',(0.969273099022,0.245987112492));
#5467 = ( GEOMETRIC_REPRESENTATION_CONTEXT(2) 
PARAMETRIC_REPRESENTATION_CONTEXT() REPRESENTATION_CONTEXT('2D SPACE',''
  ) );
#5468 = ORIENTED_EDGE('',*,*,#5417,.T.);
#5469 = ORIENTED_EDGE('',*,*,#404,.T.);
#5470 = ADVANCED_FACE('',(#5471),#5457,.T.);
#5471 = FACE_BOUND('',#5472,.T.);
#5472 = EDGE_LOOP('',(#5473,#5501,#5527));
#5473 = ORIENTED_EDGE('',*,*,#5474,.T.);
#5474 = EDGE_CURVE('',#347,#5475,#5477,.T.);
#5475 = VERTEX_POINT('',#5476);
#5476 = CARTESIAN_POINT('',(7.489293450143,-16.56964545068,
    11.718856147423));
#5477 = SURFACE_CURVE('',#5478,(#5482,#5489),.PCURVE_S1.);
#5478 = LINE('',#5479,#5480);
#5479 = CARTESIAN_POINT('',(7.483796211029,-16.47628356723,
    17.208904619412));
#5480 = VECTOR('',#5481,1.);
#5481 = DIRECTION('',(1.001164503418E-03,-1.700319046318E-02,
    -0.99985493407));
#5482 = PCURVE('',#5457,#5483);
#5483 = DEFINITIONAL_REPRESENTATION('',(#5484),#5488);
#5484 = LINE('',#5485,#5486);
#5485 = CARTESIAN_POINT('',(0.,0.));
#5486 = VECTOR('',#5487,1.);
#5487 = DIRECTION('',(-0.999999498781,1.001217900553E-03));
#5488 = ( GEOMETRIC_REPRESENTATION_CONTEXT(2) 
PARAMETRIC_REPRESENTATION_CONTEXT() REPRESENTATION_CONTEXT('2D SPACE',''
  ) );
#5489 = PCURVE('',#5490,#5495);
#5490 = PLANE('',#5491);
#5491 = AXIS2_PLACEMENT_3D('',#5492,#5493,#5494);
#5492 = CARTESIAN_POINT('',(7.483796211029,-16.47628356723,
    17.208904619412));
#5493 = DIRECTION('',(-0.278788528367,0.960208897183,-1.660813721668E-02
    ));
#5494 = DIRECTION('',(0.960341351901,0.278826985473,-7.788015762548E-19)
  );
#5495 = DEFINITIONAL_REPRESENTATION('',(#5496),#5500);
#5496 = LINE('',#5497,#5498);
#5497 = CARTESIAN_POINT('',(0.,0.));
#5498 = VECTOR('',#5499,1.);
#5499 = DIRECTION('',(-3.779488667591E-03,0.999992857707));
#5500 = ( GEOMETRIC_REPRESENTATION_CONTEXT(2) 
PARAMETRIC_REPRESENTATION_CONTEXT() REPRESENTATION_CONTEXT('2D SPACE',''
  ) );
#5501 = ORIENTED_EDGE('',*,*,#5502,.F.);
#5502 = EDGE_CURVE('',#5365,#5475,#5503,.T.);
#5503 = SURFACE_CURVE('',#5504,(#5508,#5515),.PCURVE_S1.);
#5504 = LINE('',#5505,#5506);
#5505 = CARTESIAN_POINT('',(6.102812319685,-16.55449485594,
    11.767610349561));
#5506 = VECTOR('',#5507,1.);
#5507 = DIRECTION('',(0.999322732001,-1.091997099912E-02,
    -3.514016989232E-02));
#5508 = PCURVE('',#5457,#5509);
#5509 = DEFINITIONAL_REPRESENTATION('',(#5510),#5514);
#5510 = LINE('',#5511,#5512);
#5511 = CARTESIAN_POINT('',(-5.441837639911,-1.381057546156));
#5512 = VECTOR('',#5513,1.);
#5513 = DIRECTION('',(-3.532065757622E-02,0.999376030905));
#5514 = ( GEOMETRIC_REPRESENTATION_CONTEXT(2) 
PARAMETRIC_REPRESENTATION_CONTEXT() REPRESENTATION_CONTEXT('2D SPACE',''
  ) );
#5515 = PCURVE('',#5516,#5521);
#5516 = PLANE('',#5517);
#5517 = AXIS2_PLACEMENT_3D('',#5518,#5519,#5520);
#5518 = CARTESIAN_POINT('',(7.168124660139,-13.99019854798,
    11.780467265785));
#5519 = DIRECTION('',(3.492255247776E-02,-1.951804441122E-02,
    0.999199410163));
#5520 = DIRECTION('',(0.999389789094,3.498737006979E-20,
    -3.492920632297E-02));
#5521 = DEFINITIONAL_REPRESENTATION('',(#5522),#5526);
#5522 = LINE('',#5523,#5524);
#5523 = CARTESIAN_POINT('',(-1.064213193365,-2.564784887097));
#5524 = VECTOR('',#5525,1.);
#5525 = DIRECTION('',(0.999940352616,-1.092205159723E-02));
#5526 = ( GEOMETRIC_REPRESENTATION_CONTEXT(2) 
PARAMETRIC_REPRESENTATION_CONTEXT() REPRESENTATION_CONTEXT('2D SPACE',''
  ) );
#5527 = ORIENTED_EDGE('',*,*,#5443,.T.);
#5528 = ADVANCED_FACE('',(#5529),#5490,.T.);
#5529 = FACE_BOUND('',#5530,.T.);
#5530 = EDGE_LOOP('',(#5531,#5554,#5580));
#5531 = ORIENTED_EDGE('',*,*,#5532,.T.);
#5532 = EDGE_CURVE('',#347,#5533,#5535,.T.);
#5533 = VERTEX_POINT('',#5534);
#5534 = CARTESIAN_POINT('',(8.715626948613,-16.21280130251,
    11.764449138697));
#5535 = SURFACE_CURVE('',#5536,(#5540,#5547),.PCURVE_S1.);
#5536 = LINE('',#5537,#5538);
#5537 = CARTESIAN_POINT('',(7.483796211029,-16.47628356723,
    17.208904619412));
#5538 = VECTOR('',#5539,1.);
#5539 = DIRECTION('',(0.220430921884,4.714904145542E-02,-0.974262375629)
  );
#5540 = PCURVE('',#5490,#5541);
#5541 = DEFINITIONAL_REPRESENTATION('',(#5542),#5546);
#5542 = LINE('',#5543,#5544);
#5543 = CARTESIAN_POINT('',(0.,0.));
#5544 = VECTOR('',#5545,1.);
#5545 = DIRECTION('',(0.22483535462,0.974396768936));
#5546 = ( GEOMETRIC_REPRESENTATION_CONTEXT(2) 
PARAMETRIC_REPRESENTATION_CONTEXT() REPRESENTATION_CONTEXT('2D SPACE',''
  ) );
#5547 = PCURVE('',#362,#5548);
#5548 = DEFINITIONAL_REPRESENTATION('',(#5549),#5553);
#5549 = LINE('',#5550,#5551);
#5550 = CARTESIAN_POINT('',(-1.26547961723,3.987074697968E-02));
#5551 = VECTOR('',#5552,1.);
#5552 = DIRECTION('',(0.225387814534,0.974269127633));
#5553 = ( GEOMETRIC_REPRESENTATION_CONTEXT(2) 
PARAMETRIC_REPRESENTATION_CONTEXT() REPRESENTATION_CONTEXT('2D SPACE',''
  ) );
#5554 = ORIENTED_EDGE('',*,*,#5555,.F.);
#5555 = EDGE_CURVE('',#5475,#5533,#5556,.T.);
#5556 = SURFACE_CURVE('',#5557,(#5561,#5568),.PCURVE_S1.);
#5557 = LINE('',#5558,#5559);
#5558 = CARTESIAN_POINT('',(7.489293450143,-16.56964545068,
    11.718856147423));
#5559 = VECTOR('',#5560,1.);
#5560 = DIRECTION('',(0.959564647023,0.279218523761,3.567497963059E-02)
  );
#5561 = PCURVE('',#5490,#5562);
#5562 = DEFINITIONAL_REPRESENTATION('',(#5563),#5567);
#5563 = LINE('',#5564,#5565);
#5564 = CARTESIAN_POINT('',(-2.075258647767E-02,5.490805789305));
#5565 = VECTOR('',#5566,1.);
#5566 = DIRECTION('',(0.999363269628,-3.567990076744E-02));
#5567 = ( GEOMETRIC_REPRESENTATION_CONTEXT(2) 
PARAMETRIC_REPRESENTATION_CONTEXT() REPRESENTATION_CONTEXT('2D SPACE',''
  ) );
#5568 = PCURVE('',#5569,#5574);
#5569 = PLANE('',#5570);
#5570 = AXIS2_PLACEMENT_3D('',#5571,#5572,#5573);
#5571 = CARTESIAN_POINT('',(7.836511876291,-13.85862359939,
    11.730800725763));
#5572 = DIRECTION('',(-3.725992487531E-02,3.692516047877E-04,
    0.999305539688));
#5573 = DIRECTION('',(0.999305607814,-4.039562655008E-22,
    3.725992741545E-02));
#5574 = DEFINITIONAL_REPRESENTATION('',(#5575),#5579);
#5575 = LINE('',#5576,#5577);
#5576 = CARTESIAN_POINT('',(-0.347422374508,-2.711022036111));
#5577 = VECTOR('',#5578,1.);
#5578 = DIRECTION('',(0.960227579982,0.279218542796));
#5579 = ( GEOMETRIC_REPRESENTATION_CONTEXT(2) 
PARAMETRIC_REPRESENTATION_CONTEXT() REPRESENTATION_CONTEXT('2D SPACE',''
  ) );
#5580 = ORIENTED_EDGE('',*,*,#5474,.F.);
#5581 = ADVANCED_FACE('',(#5582),#362,.T.);
#5582 = FACE_BOUND('',#5583,.T.);
#5583 = EDGE_LOOP('',(#5584,#5605,#5606));
#5584 = ORIENTED_EDGE('',*,*,#5585,.F.);
#5585 = EDGE_CURVE('',#5533,#289,#5586,.T.);
#5586 = SURFACE_CURVE('',#5587,(#5591,#5598),.PCURVE_S1.);
#5587 = LINE('',#5588,#5589);
#5588 = CARTESIAN_POINT('',(8.715626948613,-16.21280130251,
    11.764449138697));
#5589 = VECTOR('',#5590,1.);
#5590 = DIRECTION('',(2.196300552973E-04,3.871525973709E-03,
    0.999992481496));
#5591 = PCURVE('',#362,#5592);
#5592 = DEFINITIONAL_REPRESENTATION('',(#5593),#5597);
#5593 = LINE('',#5594,#5595);
#5594 = CARTESIAN_POINT('',(-5.948352529951E-03,5.484363959816));
#5595 = VECTOR('',#5596,1.);
#5596 = DIRECTION('',(1.084601436891E-03,-0.99999941182));
#5597 = ( GEOMETRIC_REPRESENTATION_CONTEXT(2) 
PARAMETRIC_REPRESENTATION_CONTEXT() REPRESENTATION_CONTEXT('2D SPACE',''
  ) );
#5598 = PCURVE('',#304,#5599);
#5599 = DEFINITIONAL_REPRESENTATION('',(#5600),#5604);
#5600 = LINE('',#5601,#5602);
#5601 = CARTESIAN_POINT('',(-1.340663702432,5.440207905071));
#5602 = VECTOR('',#5603,1.);
#5603 = DIRECTION('',(1.958220168799E-03,-0.999998082685));
#5604 = ( GEOMETRIC_REPRESENTATION_CONTEXT(2) 
PARAMETRIC_REPRESENTATION_CONTEXT() REPRESENTATION_CONTEXT('2D SPACE',''
  ) );
#5605 = ORIENTED_EDGE('',*,*,#5532,.F.);
#5606 = ORIENTED_EDGE('',*,*,#346,.T.);
#5607 = ADVANCED_FACE('',(#5608),#304,.T.);
#5608 = FACE_BOUND('',#5609,.T.);
#5609 = EDGE_LOOP('',(#5610,#5636,#5637));
#5610 = ORIENTED_EDGE('',*,*,#5611,.F.);
#5611 = EDGE_CURVE('',#5533,#231,#5612,.T.);
#5612 = SURFACE_CURVE('',#5613,(#5617,#5624),.PCURVE_S1.);
#5613 = LINE('',#5614,#5615);
#5614 = CARTESIAN_POINT('',(8.715626948613,-16.21280130251,
    11.764449138697));
#5615 = VECTOR('',#5616,1.);
#5616 = DIRECTION('',(0.211559231285,0.111834480416,0.970945796967));
#5617 = PCURVE('',#304,#5618);
#5618 = DEFINITIONAL_REPRESENTATION('',(#5619),#5623);
#5619 = LINE('',#5620,#5621);
#5620 = CARTESIAN_POINT('',(-1.340663702432,5.440207905071));
#5621 = VECTOR('',#5622,1.);
#5622 = DIRECTION('',(0.239277450591,-0.970951235459));
#5623 = ( GEOMETRIC_REPRESENTATION_CONTEXT(2) 
PARAMETRIC_REPRESENTATION_CONTEXT() REPRESENTATION_CONTEXT('2D SPACE',''
  ) );
#5624 = PCURVE('',#5625,#5630);
#5625 = PLANE('',#5626);
#5626 = AXIS2_PLACEMENT_3D('',#5627,#5628,#5629);
#5627 = CARTESIAN_POINT('',(9.900986378004,-15.58619637922,
    17.204626572079));
#5628 = DIRECTION('',(-0.483311242723,0.875437158131,4.474910216046E-03)
  );
#5629 = DIRECTION('',(0.875445923499,0.483316081906,3.382396841796E-19)
  );
#5630 = DEFINITIONAL_REPRESENTATION('',(#5631),#5635);
#5631 = LINE('',#5632,#5633);
#5632 = CARTESIAN_POINT('',(-1.34056631677,5.440231903491));
#5633 = VECTOR('',#5634,1.);
#5634 = DIRECTION('',(0.239260069504,-0.970955518621));
#5635 = ( GEOMETRIC_REPRESENTATION_CONTEXT(2) 
PARAMETRIC_REPRESENTATION_CONTEXT() REPRESENTATION_CONTEXT('2D SPACE',''
  ) );
#5636 = ORIENTED_EDGE('',*,*,#5585,.T.);
#5637 = ORIENTED_EDGE('',*,*,#288,.T.);
#5638 = ADVANCED_FACE('',(#5639),#5625,.T.);
#5639 = FACE_BOUND('',#5640,.T.);
#5640 = EDGE_LOOP('',(#5641,#5669,#5695));
#5641 = ORIENTED_EDGE('',*,*,#5642,.T.);
#5642 = EDGE_CURVE('',#231,#5643,#5645,.T.);
#5643 = VERTEX_POINT('',#5644);
#5644 = CARTESIAN_POINT('',(9.907072205929,-15.55509490683,
    11.777470635159));
#5645 = SURFACE_CURVE('',#5646,(#5650,#5657),.PCURVE_S1.);
#5646 = LINE('',#5647,#5648);
#5647 = CARTESIAN_POINT('',(9.900986378004,-15.58619637922,
    17.204626572079));
#5648 = VECTOR('',#5649,1.);
#5649 = DIRECTION('',(1.121346841709E-03,5.730615171013E-03,
    -0.99998295117));
#5650 = PCURVE('',#5625,#5651);
#5651 = DEFINITIONAL_REPRESENTATION('',(#5652),#5656);
#5652 = LINE('',#5653,#5654);
#5653 = CARTESIAN_POINT('',(0.,0.));
#5654 = VECTOR('',#5655,1.);
#5655 = DIRECTION('',(3.75137699277E-03,0.999992963561));
#5656 = ( GEOMETRIC_REPRESENTATION_CONTEXT(2) 
PARAMETRIC_REPRESENTATION_CONTEXT() REPRESENTATION_CONTEXT('2D SPACE',''
  ) );
#5657 = PCURVE('',#5658,#5663);
#5658 = PLANE('',#5659);
#5659 = AXIS2_PLACEMENT_3D('',#5660,#5661,#5662);
#5660 = CARTESIAN_POINT('',(9.900986378004,-15.58619637922,
    17.204626572079));
#5661 = DIRECTION('',(-0.642153489168,0.766567287486,3.672887958738E-03)
  );
#5662 = DIRECTION('',(0.766572458075,0.642157820571,1.869808258183E-20)
  );
#5663 = DEFINITIONAL_REPRESENTATION('',(#5664),#5668);
#5664 = LINE('',#5665,#5666);
#5665 = CARTESIAN_POINT('',(0.,0.));
#5666 = VECTOR('',#5667,1.);
#5667 = DIRECTION('',(4.539552953555E-03,0.999989696176));
#5668 = ( GEOMETRIC_REPRESENTATION_CONTEXT(2) 
PARAMETRIC_REPRESENTATION_CONTEXT() REPRESENTATION_CONTEXT('2D SPACE',''
  ) );
#5669 = ORIENTED_EDGE('',*,*,#5670,.F.);
#5670 = EDGE_CURVE('',#5533,#5643,#5671,.T.);
#5671 = SURFACE_CURVE('',#5672,(#5676,#5683),.PCURVE_S1.);
#5672 = LINE('',#5673,#5674);
#5673 = CARTESIAN_POINT('',(8.715626948613,-16.21280130251,
    11.764449138697));
#5674 = VECTOR('',#5675,1.);
#5675 = DIRECTION('',(0.875426545565,0.48325647732,9.567677235457E-03));
#5676 = PCURVE('',#5625,#5677);
#5677 = DEFINITIONAL_REPRESENTATION('',(#5678),#5682);
#5678 = LINE('',#5679,#5680);
#5679 = CARTESIAN_POINT('',(-1.34056631677,5.440231903491));
#5680 = VECTOR('',#5681,1.);
#5681 = DIRECTION('',(0.999954227812,-9.567773032409E-03));
#5682 = ( GEOMETRIC_REPRESENTATION_CONTEXT(2) 
PARAMETRIC_REPRESENTATION_CONTEXT() REPRESENTATION_CONTEXT('2D SPACE',''
  ) );
#5683 = PCURVE('',#5684,#5689);
#5684 = PLANE('',#5685);
#5685 = AXIS2_PLACEMENT_3D('',#5686,#5687,#5688);
#5686 = CARTESIAN_POINT('',(8.507057253622,-13.51394019369,
    11.755499122927));
#5687 = DIRECTION('',(-1.223677204622E-02,2.370296376304E-03,
    0.999922318535));
#5688 = DIRECTION('',(0.999925127481,-4.8426585456E-22,
    1.223680642132E-02));
#5689 = DEFINITIONAL_REPRESENTATION('',(#5690),#5694);
#5690 = LINE('',#5691,#5692);
#5691 = CARTESIAN_POINT('',(0.208663598463,-2.698868690371));
#5692 = VECTOR('',#5693,1.);
#5693 = DIRECTION('',(0.875478077989,0.483257834867));
#5694 = ( GEOMETRIC_REPRESENTATION_CONTEXT(2) 
PARAMETRIC_REPRESENTATION_CONTEXT() REPRESENTATION_CONTEXT('2D SPACE',''
  ) );
#5695 = ORIENTED_EDGE('',*,*,#5611,.T.);
#5696 = ADVANCED_FACE('',(#5697),#5658,.T.);
#5697 = FACE_BOUND('',#5698,.T.);
#5698 = EDGE_LOOP('',(#5699,#5722,#5748));
#5699 = ORIENTED_EDGE('',*,*,#5700,.T.);
#5700 = EDGE_CURVE('',#231,#5701,#5703,.T.);
#5701 = VERTEX_POINT('',#5702);
#5702 = CARTESIAN_POINT('',(10.905533704632,-14.71857557806,
    11.754922276773));
#5703 = SURFACE_CURVE('',#5704,(#5708,#5715),.PCURVE_S1.);
#5704 = LINE('',#5705,#5706);
#5705 = CARTESIAN_POINT('',(9.900986378004,-15.58619637922,
    17.204626572079));
#5706 = VECTOR('',#5707,1.);
#5707 = DIRECTION('',(0.17909483025,0.154683005954,-0.97159570267));
#5708 = PCURVE('',#5658,#5709);
#5709 = DEFINITIONAL_REPRESENTATION('',(#5710),#5714);
#5710 = LINE('',#5711,#5712);
#5711 = CARTESIAN_POINT('',(0.,0.));
#5712 = VECTOR('',#5713,1.);
#5713 = DIRECTION('',(0.236620066236,0.971602256201));
#5714 = ( GEOMETRIC_REPRESENTATION_CONTEXT(2) 
PARAMETRIC_REPRESENTATION_CONTEXT() REPRESENTATION_CONTEXT('2D SPACE',''
  ) );
#5715 = PCURVE('',#246,#5716);
#5716 = DEFINITIONAL_REPRESENTATION('',(#5717),#5721);
#5717 = LINE('',#5718,#5719);
#5718 = CARTESIAN_POINT('',(-1.349290821631,-2.035058373288E-02));
#5719 = VECTOR('',#5720,1.);
#5720 = DIRECTION('',(0.236606602049,0.971605535115));
#5721 = ( GEOMETRIC_REPRESENTATION_CONTEXT(2) 
PARAMETRIC_REPRESENTATION_CONTEXT() REPRESENTATION_CONTEXT('2D SPACE',''
  ) );
#5722 = ORIENTED_EDGE('',*,*,#5723,.F.);
#5723 = EDGE_CURVE('',#5643,#5701,#5724,.T.);
#5724 = SURFACE_CURVE('',#5725,(#5729,#5736),.PCURVE_S1.);
#5725 = LINE('',#5726,#5727);
#5726 = CARTESIAN_POINT('',(9.907072205929,-15.55509490683,
    11.777470635159));
#5727 = VECTOR('',#5728,1.);
#5728 = DIRECTION('',(0.76641680452,0.642110358496,-1.730806926848E-02)
  );
#5729 = PCURVE('',#5658,#5730);
#5730 = DEFINITIONAL_REPRESENTATION('',(#5731),#5735);
#5731 = LINE('',#5732,#5733);
#5732 = CARTESIAN_POINT('',(2.463728179967E-02,5.427192543745));
#5733 = VECTOR('',#5734,1.);
#5734 = DIRECTION('',(0.999850202129,1.730818601351E-02));
#5735 = ( GEOMETRIC_REPRESENTATION_CONTEXT(2) 
PARAMETRIC_REPRESENTATION_CONTEXT() REPRESENTATION_CONTEXT('2D SPACE',''
  ) );
#5736 = PCURVE('',#5737,#5742);
#5737 = PLANE('',#5738);
#5738 = AXIS2_PLACEMENT_3D('',#5739,#5740,#5741);
#5739 = CARTESIAN_POINT('',(10.905533704632,-14.71857557806,
    11.754922276773));
#5740 = DIRECTION('',(8.612932486387E-03,1.666991639364E-02,
    0.999823950144));
#5741 = DIRECTION('',(-3.191874385269E-20,0.99986103698,
    -1.667053473696E-02));
#5742 = DEFINITIONAL_REPRESENTATION('',(#5743),#5747);
#5743 = LINE('',#5744,#5745);
#5744 = CARTESIAN_POINT('',(-0.836778976712,0.998498535002));
#5745 = VECTOR('',#5746,1.);
#5746 = DIRECTION('',(0.642309663672,-0.766445233499));
#5747 = ( GEOMETRIC_REPRESENTATION_CONTEXT(2) 
PARAMETRIC_REPRESENTATION_CONTEXT() REPRESENTATION_CONTEXT('2D SPACE',''
  ) );
#5748 = ORIENTED_EDGE('',*,*,#5642,.F.);
#5749 = ADVANCED_FACE('',(#5750),#246,.T.);
#5750 = FACE_BOUND('',#5751,.T.);
#5751 = EDGE_LOOP('',(#5752,#5773,#5774));
#5752 = ORIENTED_EDGE('',*,*,#5753,.F.);
#5753 = EDGE_CURVE('',#5701,#115,#5754,.T.);
#5754 = SURFACE_CURVE('',#5755,(#5759,#5766),.PCURVE_S1.);
#5755 = LINE('',#5756,#5757);
#5756 = CARTESIAN_POINT('',(10.905533704632,-14.71857557806,
    11.754922276773));
#5757 = VECTOR('',#5758,1.);
#5758 = DIRECTION('',(6.014608500808E-03,-8.48297593354E-04,
    0.999981552268));
#5759 = PCURVE('',#246,#5760);
#5760 = DEFINITIONAL_REPRESENTATION('',(#5761),#5765);
#5761 = LINE('',#5762,#5763);
#5762 = CARTESIAN_POINT('',(-2.215854640736E-02,5.429408862003));
#5763 = VECTOR('',#5764,1.);
#5764 = DIRECTION('',(4.081173924016E-03,-0.999991671975));
#5765 = ( GEOMETRIC_REPRESENTATION_CONTEXT(2) 
PARAMETRIC_REPRESENTATION_CONTEXT() REPRESENTATION_CONTEXT('2D SPACE',''
  ) );
#5766 = PCURVE('',#130,#5767);
#5767 = DEFINITIONAL_REPRESENTATION('',(#5768),#5772);
#5768 = LINE('',#5769,#5770);
#5769 = CARTESIAN_POINT('',(1.51166294879E-02,-5.42943303481));
#5770 = VECTOR('',#5771,1.);
#5771 = DIRECTION('',(-2.784189583147E-03,0.999996124137));
#5772 = ( GEOMETRIC_REPRESENTATION_CONTEXT(2) 
PARAMETRIC_REPRESENTATION_CONTEXT() REPRESENTATION_CONTEXT('2D SPACE',''
  ) );
#5773 = ORIENTED_EDGE('',*,*,#5700,.F.);
#5774 = ORIENTED_EDGE('',*,*,#230,.T.);
#5775 = ADVANCED_FACE('',(#5776),#130,.T.);
#5776 = FACE_BOUND('',#5777,.T.);
#5777 = EDGE_LOOP('',(#5778,#5779,#5805));
#5778 = ORIENTED_EDGE('',*,*,#114,.T.);
#5779 = ORIENTED_EDGE('',*,*,#5780,.F.);
#5780 = EDGE_CURVE('',#5701,#57,#5781,.T.);
#5781 = SURFACE_CURVE('',#5782,(#5786,#5793),.PCURVE_S1.);
#5782 = LINE('',#5783,#5784);
#5783 = CARTESIAN_POINT('',(10.905533704632,-14.71857557806,
    11.754922276773));
#5784 = VECTOR('',#5785,1.);
#5785 = DIRECTION('',(0.577450055061,0.815605915489,-3.658448480208E-02)
  );
#5786 = PCURVE('',#130,#5787);
#5787 = DEFINITIONAL_REPRESENTATION('',(#5788),#5792);
#5788 = LINE('',#5789,#5790);
#5789 = CARTESIAN_POINT('',(1.51166294879E-02,-5.42943303481));
#5790 = VECTOR('',#5791,1.);
#5791 = DIRECTION('',(-0.999330544146,-3.658501791623E-02));
#5792 = ( GEOMETRIC_REPRESENTATION_CONTEXT(2) 
PARAMETRIC_REPRESENTATION_CONTEXT() REPRESENTATION_CONTEXT('2D SPACE',''
  ) );
#5793 = PCURVE('',#5794,#5799);
#5794 = PLANE('',#5795);
#5795 = AXIS2_PLACEMENT_3D('',#5796,#5797,#5798);
#5796 = CARTESIAN_POINT('',(11.672311695855,-13.63555781743,
    11.7063428758));
#5797 = DIRECTION('',(1.826779598394E-02,3.189166137155E-02,
    0.999324376549));
#5798 = DIRECTION('',(5.476858606399E-20,0.999491161747,
    -3.189698402472E-02));
#5799 = DEFINITIONAL_REPRESENTATION('',(#5800),#5804);
#5800 = LINE('',#5801,#5802);
#5801 = CARTESIAN_POINT('',(-1.084016216141,0.766905964903));
#5802 = VECTOR('',#5803,1.);
#5803 = DIRECTION('',(0.816357838727,-0.577546430297));
#5804 = ( GEOMETRIC_REPRESENTATION_CONTEXT(2) 
PARAMETRIC_REPRESENTATION_CONTEXT() REPRESENTATION_CONTEXT('2D SPACE',''
  ) );
#5805 = ORIENTED_EDGE('',*,*,#5753,.T.);
#5806 = ADVANCED_FACE('',(#5807),#44,.T.);
#5807 = FACE_BOUND('',#5808,.T.);
#5808 = EDGE_LOOP('',(#5809,#5830,#5831));
#5809 = ORIENTED_EDGE('',*,*,#5810,.F.);
#5810 = EDGE_CURVE('',#24,#462,#5811,.T.);
#5811 = SURFACE_CURVE('',#5812,(#5816,#5823),.PCURVE_S1.);
#5812 = LINE('',#5813,#5814);
#5813 = CARTESIAN_POINT('',(12.063162619535,-12.38015131907,
    11.722873196586));
#5814 = VECTOR('',#5815,1.);
#5815 = DIRECTION('',(1.525635883163E-02,-1.572579702453E-03,
    0.999882378337));
#5816 = PCURVE('',#44,#5817);
#5817 = DEFINITIONAL_REPRESENTATION('',(#5818),#5822);
#5818 = LINE('',#5819,#5820);
#5819 = CARTESIAN_POINT('',(2.139280817675E-02,-5.458250876407));
#5820 = VECTOR('',#5821,1.);
#5821 = DIRECTION('',(-3.919322206349E-03,0.999992319427));
#5822 = ( GEOMETRIC_REPRESENTATION_CONTEXT(2) 
PARAMETRIC_REPRESENTATION_CONTEXT() REPRESENTATION_CONTEXT('2D SPACE',''
  ) );
#5823 = PCURVE('',#3509,#5824);
#5824 = DEFINITIONAL_REPRESENTATION('',(#5825),#5829);
#5825 = LINE('',#5826,#5827);
#5826 = CARTESIAN_POINT('',(1.288187100527,-5.54424693352));
#5827 = VECTOR('',#5828,1.);
#5828 = DIRECTION('',(1.022509255617E-04,0.999999994772));
#5829 = ( GEOMETRIC_REPRESENTATION_CONTEXT(2) 
PARAMETRIC_REPRESENTATION_CONTEXT() REPRESENTATION_CONTEXT('2D SPACE',''
  ) );
#5830 = ORIENTED_EDGE('',*,*,#21,.F.);
#5831 = ORIENTED_EDGE('',*,*,#489,.T.);
#5832 = ADVANCED_FACE('',(#5833),#4608,.T.);
#5833 = FACE_BOUND('',#5834,.T.);
#5834 = EDGE_LOOP('',(#5835,#5836,#5862));
#5835 = ORIENTED_EDGE('',*,*,#4594,.T.);
#5836 = ORIENTED_EDGE('',*,*,#5837,.F.);
#5837 = EDGE_CURVE('',#24,#4567,#5838,.T.);
#5838 = SURFACE_CURVE('',#5839,(#5843,#5850),.PCURVE_S1.);
#5839 = LINE('',#5840,#5841);
#5840 = CARTESIAN_POINT('',(12.063162619535,-12.38015131907,
    11.722873196586));
#5841 = VECTOR('',#5842,1.);
#5842 = DIRECTION('',(0.173041002405,0.984560396027,2.641283894738E-02)
  );
#5843 = PCURVE('',#4608,#5844);
#5844 = DEFINITIONAL_REPRESENTATION('',(#5845),#5849);
#5845 = LINE('',#5846,#5847);
#5846 = CARTESIAN_POINT('',(1.290896064761,-5.543616817186));
#5847 = VECTOR('',#5848,1.);
#5848 = DIRECTION('',(-0.999651117344,2.641294366418E-02));
#5849 = ( GEOMETRIC_REPRESENTATION_CONTEXT(2) 
PARAMETRIC_REPRESENTATION_CONTEXT() REPRESENTATION_CONTEXT('2D SPACE',''
  ) );
#5850 = PCURVE('',#5851,#5856);
#5851 = PLANE('',#5852);
#5852 = AXIS2_PLACEMENT_3D('',#5853,#5854,#5855);
#5853 = CARTESIAN_POINT('',(12.290071627273,-11.08909532994,
    11.757508404391));
#5854 = DIRECTION('',(8.424143184976E-04,-2.696533130833E-02,
    0.99963601438));
#5855 = DIRECTION('',(1.551573136556E-21,0.999636369082,
    2.696534087647E-02));
#5856 = DEFINITIONAL_REPRESENTATION('',(#5857),#5861);
#5857 = LINE('',#5858,#5859);
#5858 = CARTESIAN_POINT('',(-1.291520471442,0.226909088252));
#5859 = VECTOR('',#5860,1.);
#5860 = DIRECTION('',(0.984914610632,-0.173041063805));
#5861 = ( GEOMETRIC_REPRESENTATION_CONTEXT(2) 
PARAMETRIC_REPRESENTATION_CONTEXT() REPRESENTATION_CONTEXT('2D SPACE',''
  ) );
#5862 = ORIENTED_EDGE('',*,*,#5863,.T.);
#5863 = EDGE_CURVE('',#24,#3494,#5864,.T.);
#5864 = SURFACE_CURVE('',#5865,(#5869,#5876),.PCURVE_S1.);
#5865 = LINE('',#5866,#5867);
#5866 = CARTESIAN_POINT('',(12.063162619535,-12.38015131907,
    11.722873196586));
#5867 = VECTOR('',#5868,1.);
#5868 = DIRECTION('',(3.657390053862E-02,0.22384230279,0.973938896071));
#5869 = PCURVE('',#4608,#5870);
#5870 = DEFINITIONAL_REPRESENTATION('',(#5871),#5875);
#5871 = LINE('',#5872,#5873);
#5872 = CARTESIAN_POINT('',(1.290896064761,-5.543616817186));
#5873 = VECTOR('',#5874,1.);
#5874 = DIRECTION('',(-0.226793971201,0.973942757367));
#5875 = ( GEOMETRIC_REPRESENTATION_CONTEXT(2) 
PARAMETRIC_REPRESENTATION_CONTEXT() REPRESENTATION_CONTEXT('2D SPACE',''
  ) );
#5876 = PCURVE('',#3509,#5877);
#5877 = DEFINITIONAL_REPRESENTATION('',(#5878),#5882);
#5878 = LINE('',#5879,#5880);
#5879 = CARTESIAN_POINT('',(1.288187100527,-5.54424693352));
#5880 = VECTOR('',#5881,1.);
#5881 = DIRECTION('',(-0.226318040742,0.974053460768));
#5882 = ( GEOMETRIC_REPRESENTATION_CONTEXT(2) 
PARAMETRIC_REPRESENTATION_CONTEXT() REPRESENTATION_CONTEXT('2D SPACE',''
  ) );
#5883 = ADVANCED_FACE('',(#5884),#3509,.T.);
#5884 = FACE_BOUND('',#5885,.T.);
#5885 = EDGE_LOOP('',(#5886,#5887,#5888));
#5886 = ORIENTED_EDGE('',*,*,#5863,.F.);
#5887 = ORIENTED_EDGE('',*,*,#5810,.T.);
#5888 = ORIENTED_EDGE('',*,*,#3493,.T.);
#5889 = ADVANCED_FACE('',(#5890),#4037,.T.);
#5890 = FACE_BOUND('',#5891,.T.);
#5891 = EDGE_LOOP('',(#5892,#5920,#5921));
#5892 = ORIENTED_EDGE('',*,*,#5893,.F.);
#5893 = EDGE_CURVE('',#4022,#5894,#5896,.T.);
#5894 = VERTEX_POINT('',#5895);
#5895 = CARTESIAN_POINT('',(9.876102228378,-11.11280235726,
    11.729647168822));
#5896 = SURFACE_CURVE('',#5897,(#5901,#5908),.PCURVE_S1.);
#5897 = LINE('',#5898,#5899);
#5898 = CARTESIAN_POINT('',(9.666516320964,-10.39543836785,
    -4.886397404653E-02));
#5899 = VECTOR('',#5900,1.);
#5900 = DIRECTION('',(1.77582107254E-02,-6.07822398362E-02,0.99799306875
    ));
#5901 = PCURVE('',#4037,#5902);
#5902 = DEFINITIONAL_REPRESENTATION('',(#5903),#5907);
#5903 = LINE('',#5904,#5905);
#5904 = CARTESIAN_POINT('',(-0.745357579485,-11.77863761932));
#5905 = VECTOR('',#5906,1.);
#5906 = DIRECTION('',(6.315413629478E-02,0.998003785097));
#5907 = ( GEOMETRIC_REPRESENTATION_CONTEXT(2) 
PARAMETRIC_REPRESENTATION_CONTEXT() REPRESENTATION_CONTEXT('2D SPACE',''
  ) );
#5908 = PCURVE('',#5909,#5914);
#5909 = PLANE('',#5910);
#5910 = AXIS2_PLACEMENT_3D('',#5911,#5912,#5913);
#5911 = CARTESIAN_POINT('',(9.752017894043,-10.37754780451,
    11.776495322455));
#5912 = DIRECTION('',(-0.985952400826,-0.166863359275,7.381235407775E-03
    ));
#5913 = DIRECTION('',(0.166867905038,-0.985979260567,-1.717283981246E-20
    ));
#5914 = DEFINITIONAL_REPRESENTATION('',(#5915),#5919);
#5915 = LINE('',#5916,#5917);
#5916 = CARTESIAN_POINT('',(3.372256029357E-03,-11.82568144803));
#5917 = VECTOR('',#5918,1.);
#5918 = DIRECTION('',(6.289330331028E-02,0.998020256507));
#5919 = ( GEOMETRIC_REPRESENTATION_CONTEXT(2) 
PARAMETRIC_REPRESENTATION_CONTEXT() REPRESENTATION_CONTEXT('2D SPACE',''
  ) );
#5920 = ORIENTED_EDGE('',*,*,#4021,.T.);
#5921 = ORIENTED_EDGE('',*,*,#5922,.T.);
#5922 = EDGE_CURVE('',#3964,#5894,#5923,.T.);
#5923 = SURFACE_CURVE('',#5924,(#5928,#5935),.PCURVE_S1.);
#5924 = LINE('',#5925,#5926);
#5925 = CARTESIAN_POINT('',(9.822299490732,-11.12108480925,
    3.015074894189E-03));
#5926 = VECTOR('',#5927,1.);
#5927 = DIRECTION('',(4.588031543666E-03,7.06286569882E-04,
    0.999989225505));
#5928 = PCURVE('',#4037,#5929);
#5929 = DEFINITIONAL_REPRESENTATION('',(#5930),#5934);
#5930 = LINE('',#5931,#5932);
#5931 = CARTESIAN_POINT('',(-3.17761741061E-03,-11.7267580133));
#5932 = VECTOR('',#5933,1.);
#5933 = DIRECTION('',(2.709715072439E-04,0.999999963287));
#5934 = ( GEOMETRIC_REPRESENTATION_CONTEXT(2) 
PARAMETRIC_REPRESENTATION_CONTEXT() REPRESENTATION_CONTEXT('2D SPACE',''
  ) );
#5935 = PCURVE('',#3979,#5936);
#5936 = DEFINITIONAL_REPRESENTATION('',(#5937),#5941);
#5937 = LINE('',#5938,#5939);
#5938 = CARTESIAN_POINT('',(1.414765844878E-02,-11.72674990965));
#5939 = VECTOR('',#5940,1.);
#5940 = DIRECTION('',(-1.206442387003E-03,0.999999272248));
#5941 = ( GEOMETRIC_REPRESENTATION_CONTEXT(2) 
PARAMETRIC_REPRESENTATION_CONTEXT() REPRESENTATION_CONTEXT('2D SPACE',''
  ) );
#5942 = ADVANCED_FACE('',(#5943),#5909,.T.);
#5943 = FACE_BOUND('',#5944,.T.);
#5944 = EDGE_LOOP('',(#5945,#5973,#5974));
#5945 = ORIENTED_EDGE('',*,*,#5946,.F.);
#5946 = EDGE_CURVE('',#4022,#5947,#5949,.T.);
#5947 = VERTEX_POINT('',#5948);
#5948 = CARTESIAN_POINT('',(9.752017894043,-10.37754780451,
    11.776495322455));
#5949 = SURFACE_CURVE('',#5950,(#5954,#5961),.PCURVE_S1.);
#5950 = LINE('',#5951,#5952);
#5951 = CARTESIAN_POINT('',(9.666516320964,-10.39543836785,
    -4.886397404653E-02));
#5952 = VECTOR('',#5953,1.);
#5953 = DIRECTION('',(7.230160052802E-03,1.512856801071E-03,
    0.999972717653));
#5954 = PCURVE('',#5909,#5955);
#5955 = DEFINITIONAL_REPRESENTATION('',(#5956),#5960);
#5956 = LINE('',#5957,#5958);
#5957 = CARTESIAN_POINT('',(3.372256029357E-03,-11.82568144803));
#5958 = VECTOR('',#5959,1.);
#5959 = DIRECTION('',(-2.851637689601E-04,0.999999959341));
#5960 = ( GEOMETRIC_REPRESENTATION_CONTEXT(2) 
PARAMETRIC_REPRESENTATION_CONTEXT() REPRESENTATION_CONTEXT('2D SPACE',''
  ) );
#5961 = PCURVE('',#5962,#5967);
#5962 = PLANE('',#5963);
#5963 = AXIS2_PLACEMENT_3D('',#5964,#5965,#5966);
#5964 = CARTESIAN_POINT('',(9.418793525375,-9.686460146321,
    11.737235093637));
#5965 = DIRECTION('',(-0.900893917713,-0.433980109073,7.170352599252E-03
    ));
#5966 = DIRECTION('',(0.43399126582,-0.900917077867,-8.771970131763E-20)
  );
#5967 = DEFINITIONAL_REPRESENTATION('',(#5968),#5972);
#5968 = LINE('',#5969,#5970);
#5969 = CARTESIAN_POINT('',(0.746240117243,-11.78640206435));
#5970 = VECTOR('',#5971,1.);
#5971 = DIRECTION('',(1.774867784945E-03,0.999998424921));
#5972 = ( GEOMETRIC_REPRESENTATION_CONTEXT(2) 
PARAMETRIC_REPRESENTATION_CONTEXT() REPRESENTATION_CONTEXT('2D SPACE',''
  ) );
#5973 = ORIENTED_EDGE('',*,*,#5893,.T.);
#5974 = ORIENTED_EDGE('',*,*,#5975,.F.);
#5975 = EDGE_CURVE('',#5947,#5894,#5976,.T.);
#5976 = SURFACE_CURVE('',#5977,(#5981,#5988),.PCURVE_S1.);
#5977 = LINE('',#5978,#5979);
#5978 = CARTESIAN_POINT('',(9.752017894043,-10.37754780451,
    11.776495322455));
#5979 = VECTOR('',#5980,1.);
#5980 = DIRECTION('',(0.166083147979,-0.984116096043,-6.270484404089E-02
    ));
#5981 = PCURVE('',#5909,#5982);
#5982 = DEFINITIONAL_REPRESENTATION('',(#5983),#5987);
#5983 = LINE('',#5984,#5985);
#5984 = CARTESIAN_POINT('',(0.,0.));
#5985 = VECTOR('',#5986,1.);
#5986 = DIRECTION('',(0.998032007654,-6.270655227329E-02));
#5987 = ( GEOMETRIC_REPRESENTATION_CONTEXT(2) 
PARAMETRIC_REPRESENTATION_CONTEXT() REPRESENTATION_CONTEXT('2D SPACE',''
  ) );
#5988 = PCURVE('',#5989,#5994);
#5989 = PLANE('',#5990);
#5990 = AXIS2_PLACEMENT_3D('',#5991,#5992,#5993);
#5991 = CARTESIAN_POINT('',(12.111219609789,-9.769963274768,
    11.741501063914));
#5992 = DIRECTION('',(2.987655938473E-02,-5.853708454408E-02,
    0.997838063481));
#5993 = DIRECTION('',(7.87129840123E-20,0.998283701357,
    5.856322740531E-02));
#5994 = DEFINITIONAL_REPRESENTATION('',(#5995),#5999);
#5995 = LINE('',#5996,#5997);
#5996 = CARTESIAN_POINT('',(-0.604492356526,2.360255343263));
#5997 = VECTOR('',#5998,1.);
#5998 = DIRECTION('',(-0.986099256964,-0.166157321279));
#5999 = ( GEOMETRIC_REPRESENTATION_CONTEXT(2) 
PARAMETRIC_REPRESENTATION_CONTEXT() REPRESENTATION_CONTEXT('2D SPACE',''
  ) );
#6000 = ADVANCED_FACE('',(#6001),#4095,.T.);
#6001 = FACE_BOUND('',#6002,.T.);
#6002 = EDGE_LOOP('',(#6003,#6026,#6027));
#6003 = ORIENTED_EDGE('',*,*,#6004,.F.);
#6004 = EDGE_CURVE('',#4080,#6005,#6007,.T.);
#6005 = VERTEX_POINT('',#6006);
#6006 = CARTESIAN_POINT('',(9.418793525375,-9.686460146321,
    11.737235093637));
#6007 = SURFACE_CURVE('',#6008,(#6012,#6019),.PCURVE_S1.);
#6008 = LINE('',#6009,#6010);
#6009 = CARTESIAN_POINT('',(9.407780914748,-9.735585802361,
    4.140622000721E-02));
#6010 = VECTOR('',#6011,1.);
#6011 = DIRECTION('',(9.415757294403E-04,4.200232532133E-03,
    0.999990735698));
#6012 = PCURVE('',#4095,#6013);
#6013 = DEFINITIONAL_REPRESENTATION('',(#6014),#6018);
#6014 = LINE('',#6015,#6016);
#6015 = CARTESIAN_POINT('',(4.170656727612E-02,-11.69586286732));
#6016 = VECTOR('',#6017,1.);
#6017 = DIRECTION('',(-3.565902113011E-03,0.999993642151));
#6018 = ( GEOMETRIC_REPRESENTATION_CONTEXT(2) 
PARAMETRIC_REPRESENTATION_CONTEXT() REPRESENTATION_CONTEXT('2D SPACE',''
  ) );
#6019 = PCURVE('',#4204,#6020);
#6020 = DEFINITIONAL_REPRESENTATION('',(#6021),#6025);
#6021 = LINE('',#6022,#6023);
#6022 = CARTESIAN_POINT('',(3.764653816203E-02,-11.69587664038));
#6023 = VECTOR('',#6024,1.);
#6024 = DIRECTION('',(-3.218770537761E-03,0.999994819745));
#6025 = ( GEOMETRIC_REPRESENTATION_CONTEXT(2) 
PARAMETRIC_REPRESENTATION_CONTEXT() REPRESENTATION_CONTEXT('2D SPACE',''
  ) );
#6026 = ORIENTED_EDGE('',*,*,#4079,.T.);
#6027 = ORIENTED_EDGE('',*,*,#6028,.F.);
#6028 = EDGE_CURVE('',#6005,#4022,#6029,.T.);
#6029 = SURFACE_CURVE('',#6030,(#6034,#6041),.PCURVE_S1.);
#6030 = LINE('',#6031,#6032);
#6031 = CARTESIAN_POINT('',(9.418793525375,-9.686460146321,
    11.737235093637));
#6032 = VECTOR('',#6033,1.);
#6033 = DIRECTION('',(2.097567764777E-02,-6.003201521589E-02,
    -0.997976040843));
#6034 = PCURVE('',#4095,#6035);
#6035 = DEFINITIONAL_REPRESENTATION('',(#6036),#6040);
#6036 = LINE('',#6037,#6038);
#6037 = CARTESIAN_POINT('',(0.,0.));
#6038 = VECTOR('',#6039,1.);
#6039 = DIRECTION('',(6.354551472974E-02,-0.99797894144));
#6040 = ( GEOMETRIC_REPRESENTATION_CONTEXT(2) 
PARAMETRIC_REPRESENTATION_CONTEXT() REPRESENTATION_CONTEXT('2D SPACE',''
  ) );
#6041 = PCURVE('',#5962,#6042);
#6042 = DEFINITIONAL_REPRESENTATION('',(#6043),#6047);
#6043 = LINE('',#6044,#6045);
#6044 = CARTESIAN_POINT('',(0.,0.));
#6045 = VECTOR('',#6046,1.);
#6046 = DIRECTION('',(6.318712862054E-02,-0.99800169678));
#6047 = ( GEOMETRIC_REPRESENTATION_CONTEXT(2) 
PARAMETRIC_REPRESENTATION_CONTEXT() REPRESENTATION_CONTEXT('2D SPACE',''
  ) );
#6048 = ADVANCED_FACE('',(#6049),#4204,.T.);
#6049 = FACE_BOUND('',#6050,.T.);
#6050 = EDGE_LOOP('',(#6051,#6077,#6078));
#6051 = ORIENTED_EDGE('',*,*,#6052,.F.);
#6052 = EDGE_CURVE('',#4189,#6005,#6053,.T.);
#6053 = SURFACE_CURVE('',#6054,(#6058,#6065),.PCURVE_S1.);
#6054 = LINE('',#6055,#6056);
#6055 = CARTESIAN_POINT('',(9.04777237426,-9.085008312616,
    7.873844792874E-02));
#6056 = VECTOR('',#6057,1.);
#6057 = DIRECTION('',(3.176579533171E-02,-5.149462717679E-02,
    0.998167940589));
#6058 = PCURVE('',#4204,#6059);
#6059 = DEFINITIONAL_REPRESENTATION('',(#6060),#6064);
#6060 = LINE('',#6061,#6062);
#6061 = CARTESIAN_POINT('',(-0.705897144484,-11.65854425999));
#6062 = VECTOR('',#6063,1.);
#6063 = DIRECTION('',(6.04369431488E-02,0.998172017191));
#6064 = ( GEOMETRIC_REPRESENTATION_CONTEXT(2) 
PARAMETRIC_REPRESENTATION_CONTEXT() REPRESENTATION_CONTEXT('2D SPACE',''
  ) );
#6065 = PCURVE('',#6066,#6071);
#6066 = PLANE('',#6067);
#6067 = AXIS2_PLACEMENT_3D('',#6068,#6069,#6070);
#6068 = CARTESIAN_POINT('',(9.088077769651,-9.117654842899,
    11.761092915952));
#6069 = DIRECTION('',(-0.864467448908,-0.502686324171,1.577741719457E-03
    ));
#6070 = DIRECTION('',(0.502686949833,-0.864468524856,1.258034945526E-19)
  );
#6071 = DEFINITIONAL_REPRESENTATION('',(#6072),#6076);
#6072 = LINE('',#6073,#6074);
#6073 = CARTESIAN_POINT('',(-4.84828941459E-02,-11.68236900831));
#6074 = VECTOR('',#6075,1.);
#6075 = DIRECTION('',(6.048373515787E-02,0.998169182945));
#6076 = ( GEOMETRIC_REPRESENTATION_CONTEXT(2) 
PARAMETRIC_REPRESENTATION_CONTEXT() REPRESENTATION_CONTEXT('2D SPACE',''
  ) );
#6077 = ORIENTED_EDGE('',*,*,#4188,.T.);
#6078 = ORIENTED_EDGE('',*,*,#6004,.T.);
#6079 = ADVANCED_FACE('',(#6080),#5962,.T.);
#6080 = FACE_BOUND('',#6081,.T.);
#6081 = EDGE_LOOP('',(#6082,#6083,#6084));
#6082 = ORIENTED_EDGE('',*,*,#6028,.T.);
#6083 = ORIENTED_EDGE('',*,*,#5946,.T.);
#6084 = ORIENTED_EDGE('',*,*,#6085,.F.);
#6085 = EDGE_CURVE('',#6005,#5947,#6086,.T.);
#6086 = SURFACE_CURVE('',#6087,(#6091,#6098),.PCURVE_S1.);
#6087 = LINE('',#6088,#6089);
#6088 = CARTESIAN_POINT('',(9.418793525375,-9.686460146321,
    11.737235093637));
#6089 = VECTOR('',#6090,1.);
#6090 = DIRECTION('',(0.433754281959,-0.899580760406,5.110458286302E-02)
  );
#6091 = PCURVE('',#5962,#6092);
#6092 = DEFINITIONAL_REPRESENTATION('',(#6093),#6097);
#6093 = LINE('',#6094,#6095);
#6094 = CARTESIAN_POINT('',(0.,0.));
#6095 = VECTOR('',#6096,1.);
#6096 = DIRECTION('',(0.998693239852,5.110589665808E-02));
#6097 = ( GEOMETRIC_REPRESENTATION_CONTEXT(2) 
PARAMETRIC_REPRESENTATION_CONTEXT() REPRESENTATION_CONTEXT('2D SPACE',''
  ) );
#6098 = PCURVE('',#6099,#6104);
#6099 = PLANE('',#6100);
#6100 = AXIS2_PLACEMENT_3D('',#6101,#6102,#6103);
#6101 = CARTESIAN_POINT('',(11.631234103302,-8.596494453335,
    11.752152448405));
#6102 = DIRECTION('',(-2.802620534995E-02,4.322040962783E-02,
    0.998672382719));
#6103 = DIRECTION('',(-9.648182968898E-21,0.999064826616,
    -4.323739376223E-02));
#6104 = DEFINITIONAL_REPRESENTATION('',(#6105),#6109);
#6105 = LINE('',#6106,#6107);
#6106 = CARTESIAN_POINT('',(-1.088301398538,2.213309990977));
#6107 = VECTOR('',#6108,1.);
#6108 = DIRECTION('',(-0.900949125394,-0.433924732473));
#6109 = ( GEOMETRIC_REPRESENTATION_CONTEXT(2) 
PARAMETRIC_REPRESENTATION_CONTEXT() REPRESENTATION_CONTEXT('2D SPACE',''
  ) );
#6110 = ADVANCED_FACE('',(#6111),#4262,.T.);
#6111 = FACE_BOUND('',#6112,.T.);
#6112 = EDGE_LOOP('',(#6113,#6141,#6142));
#6113 = ORIENTED_EDGE('',*,*,#6114,.F.);
#6114 = EDGE_CURVE('',#4247,#6115,#6117,.T.);
#6115 = VERTEX_POINT('',#6116);
#6116 = CARTESIAN_POINT('',(9.088077769651,-9.117654842899,
    11.761092915952));
#6117 = SURFACE_CURVE('',#6118,(#6122,#6129),.PCURVE_S1.);
#6118 = LINE('',#6119,#6120);
#6119 = CARTESIAN_POINT('',(8.490214421025,-8.613517388237,
    7.215558680605E-02));
#6120 = VECTOR('',#6121,1.);
#6121 = DIRECTION('',(5.103370097293E-02,-4.30332452552E-02,
    0.997769362713));
#6122 = PCURVE('',#4262,#6123);
#6123 = DEFINITIONAL_REPRESENTATION('',(#6124),#6128);
#6124 = LINE('',#6125,#6126);
#6125 = CARTESIAN_POINT('',(0.782044724501,11.688937380721));
#6126 = VECTOR('',#6127,1.);
#6127 = DIRECTION('',(-6.675544956792E-02,-0.997769367115));
#6128 = ( GEOMETRIC_REPRESENTATION_CONTEXT(2) 
PARAMETRIC_REPRESENTATION_CONTEXT() REPRESENTATION_CONTEXT('2D SPACE',''
  ) );
#6129 = PCURVE('',#6130,#6135);
#6130 = PLANE('',#6131);
#6131 = AXIS2_PLACEMENT_3D('',#6132,#6133,#6134);
#6132 = CARTESIAN_POINT('',(8.480840828965,-8.616732085318,
    11.771231120381));
#6133 = DIRECTION('',(-0.636353890217,-0.771396918174,
    -7.218287607524E-04));
#6134 = DIRECTION('',(-0.771397119137,0.636354055999,-3.901750415346E-20
    ));
#6135 = DEFINITIONAL_REPRESENTATION('',(#6136),#6140);
#6136 = LINE('',#6137,#6138);
#6137 = CARTESIAN_POINT('',(-5.185076384901E-03,11.6990785814));
#6138 = VECTOR('',#6139,1.);
#6139 = DIRECTION('',(-6.675163007039E-02,-0.99776962265));
#6140 = ( GEOMETRIC_REPRESENTATION_CONTEXT(2) 
PARAMETRIC_REPRESENTATION_CONTEXT() REPRESENTATION_CONTEXT('2D SPACE',''
  ) );
#6141 = ORIENTED_EDGE('',*,*,#4246,.T.);
#6142 = ORIENTED_EDGE('',*,*,#6143,.T.);
#6143 = EDGE_CURVE('',#4189,#6115,#6144,.T.);
#6144 = SURFACE_CURVE('',#6145,(#6149,#6156),.PCURVE_S1.);
#6145 = LINE('',#6146,#6147);
#6146 = CARTESIAN_POINT('',(9.04777237426,-9.085008312616,
    7.873844792874E-02));
#6147 = VECTOR('',#6148,1.);
#6148 = DIRECTION('',(3.450074918131E-03,-2.794488782491E-03,
    0.999990143859));
#6149 = PCURVE('',#4262,#6150);
#6150 = DEFINITIONAL_REPRESENTATION('',(#6151),#6155);
#6151 = LINE('',#6152,#6153);
#6152 = CARTESIAN_POINT('',(5.185669187751E-02,11.682354519569));
#6153 = VECTOR('',#6154,1.);
#6154 = DIRECTION('',(-4.438846716438E-03,-0.999990148271));
#6155 = ( GEOMETRIC_REPRESENTATION_CONTEXT(2) 
PARAMETRIC_REPRESENTATION_CONTEXT() REPRESENTATION_CONTEXT('2D SPACE',''
  ) );
#6156 = PCURVE('',#6066,#6157);
#6157 = DEFINITIONAL_REPRESENTATION('',(#6158),#6162);
#6158 = LINE('',#6159,#6160);
#6159 = CARTESIAN_POINT('',(-4.84828941459E-02,-11.68236900831));
#6160 = VECTOR('',#6161,1.);
#6161 = DIRECTION('',(4.150055232819E-03,0.999991388484));
#6162 = ( GEOMETRIC_REPRESENTATION_CONTEXT(2) 
PARAMETRIC_REPRESENTATION_CONTEXT() REPRESENTATION_CONTEXT('2D SPACE',''
  ) );
#6163 = ADVANCED_FACE('',(#6164),#6066,.T.);
#6164 = FACE_BOUND('',#6165,.T.);
#6165 = EDGE_LOOP('',(#6166,#6167,#6168));
#6166 = ORIENTED_EDGE('',*,*,#6143,.F.);
#6167 = ORIENTED_EDGE('',*,*,#6052,.T.);
#6168 = ORIENTED_EDGE('',*,*,#6169,.F.);
#6169 = EDGE_CURVE('',#6115,#6005,#6170,.T.);
#6170 = SURFACE_CURVE('',#6171,(#6175,#6182),.PCURVE_S1.);
#6171 = LINE('',#6172,#6173);
#6172 = CARTESIAN_POINT('',(9.088077769651,-9.117654842899,
    11.761092915952));
#6173 = VECTOR('',#6174,1.);
#6174 = DIRECTION('',(0.502307383459,-0.863929518671,-3.623643595679E-02
    ));
#6175 = PCURVE('',#6066,#6176);
#6176 = DEFINITIONAL_REPRESENTATION('',(#6177),#6181);
#6177 = LINE('',#6178,#6179);
#6178 = CARTESIAN_POINT('',(0.,0.));
#6179 = VECTOR('',#6180,1.);
#6180 = DIRECTION('',(0.999343243055,-3.623648105799E-02));
#6181 = ( GEOMETRIC_REPRESENTATION_CONTEXT(2) 
PARAMETRIC_REPRESENTATION_CONTEXT() REPRESENTATION_CONTEXT('2D SPACE',''
  ) );
#6182 = PCURVE('',#6183,#6188);
#6183 = PLANE('',#6184);
#6184 = AXIS2_PLACEMENT_3D('',#6185,#6186,#6187);
#6185 = CARTESIAN_POINT('',(11.631234103302,-8.596494453335,
    11.752152448405));
#6186 = DIRECTION('',(1.081401507904E-02,-3.562715570598E-02,
    0.999306641054));
#6187 = DIRECTION('',(4.391565702685E-20,0.999365077098,
    3.562923906056E-02));
#6188 = DEFINITIONAL_REPRESENTATION('',(#6189),#6193);
#6189 = LINE('',#6190,#6191);
#6190 = CARTESIAN_POINT('',(-0.520510950842,2.543305048762));
#6191 = VECTOR('',#6192,1.);
#6192 = DIRECTION('',(-0.864672066674,-0.502336756682));
#6193 = ( GEOMETRIC_REPRESENTATION_CONTEXT(2) 
PARAMETRIC_REPRESENTATION_CONTEXT() REPRESENTATION_CONTEXT('2D SPACE',''
  ) );
#6194 = ADVANCED_FACE('',(#6195),#4320,.T.);
#6195 = FACE_BOUND('',#6196,.T.);
#6196 = EDGE_LOOP('',(#6197,#6225,#6226));
#6197 = ORIENTED_EDGE('',*,*,#6198,.F.);
#6198 = EDGE_CURVE('',#4305,#6199,#6201,.T.);
#6199 = VERTEX_POINT('',#6200);
#6200 = CARTESIAN_POINT('',(8.480840828965,-8.616732085318,
    11.771231120381));
#6201 = SURFACE_CURVE('',#6202,(#6206,#6213),.PCURVE_S1.);
#6202 = LINE('',#6203,#6204);
#6203 = CARTESIAN_POINT('',(7.878655254016,-8.33097776006,
    -1.261126742844E-02));
#6204 = VECTOR('',#6205,1.);
#6205 = DIRECTION('',(5.102109363595E-02,-2.421097215279E-02,
    0.998404064911));
#6206 = PCURVE('',#4320,#6207);
#6207 = DEFINITIONAL_REPRESENTATION('',(#6208),#6212);
#6208 = LINE('',#6209,#6210);
#6209 = CARTESIAN_POINT('',(0.666509871546,11.783844407193));
#6210 = VECTOR('',#6211,1.);
#6211 = DIRECTION('',(-5.647106802305E-02,-0.998404236007));
#6212 = ( GEOMETRIC_REPRESENTATION_CONTEXT(2) 
PARAMETRIC_REPRESENTATION_CONTEXT() REPRESENTATION_CONTEXT('2D SPACE',''
  ) );
#6213 = PCURVE('',#6214,#6219);
#6214 = PLANE('',#6215);
#6215 = AXIS2_PLACEMENT_3D('',#6216,#6217,#6218);
#6216 = CARTESIAN_POINT('',(7.898008850518,-8.271913319868,
    11.734155775524));
#6217 = DIRECTION('',(-0.50942340582,-0.86050049723,5.166030361894E-03)
  );
#6218 = DIRECTION('',(-0.860511979923,0.509430203669,3.160550772524E-20)
  );
#6219 = DEFINITIONAL_REPRESENTATION('',(#6220),#6224);
#6220 = LINE('',#6221,#6222);
#6221 = CARTESIAN_POINT('',(-1.343520815246E-02,11.746923794184));
#6222 = VECTOR('',#6223,1.);
#6223 = DIRECTION('',(-5.623806277729E-02,-0.998417387817));
#6224 = ( GEOMETRIC_REPRESENTATION_CONTEXT(2) 
PARAMETRIC_REPRESENTATION_CONTEXT() REPRESENTATION_CONTEXT('2D SPACE',''
  ) );
#6225 = ORIENTED_EDGE('',*,*,#4304,.T.);
#6226 = ORIENTED_EDGE('',*,*,#6227,.F.);
#6227 = EDGE_CURVE('',#6199,#4247,#6228,.T.);
#6228 = SURFACE_CURVE('',#6229,(#6233,#6240),.PCURVE_S1.);
#6229 = LINE('',#6230,#6231);
#6230 = CARTESIAN_POINT('',(8.480840828965,-8.616732085318,
    11.771231120381));
#6231 = VECTOR('',#6232,1.);
#6232 = DIRECTION('',(8.012247353154E-04,2.747820474239E-04,
    -0.999999641267));
#6233 = PCURVE('',#4320,#6234);
#6234 = DEFINITIONAL_REPRESENTATION('',(#6235),#6239);
#6235 = LINE('',#6236,#6237);
#6236 = CARTESIAN_POINT('',(0.,0.));
#6237 = VECTOR('',#6238,1.);
#6238 = DIRECTION('',(-6.121508530802E-04,0.999999812636));
#6239 = ( GEOMETRIC_REPRESENTATION_CONTEXT(2) 
PARAMETRIC_REPRESENTATION_CONTEXT() REPRESENTATION_CONTEXT('2D SPACE',''
  ) );
#6240 = PCURVE('',#6130,#6241);
#6241 = DEFINITIONAL_REPRESENTATION('',(#6242),#6246);
#6242 = LINE('',#6243,#6244);
#6243 = CARTESIAN_POINT('',(0.,0.));
#6244 = VECTOR('',#6245,1.);
#6245 = DIRECTION('',(-4.432037822101E-04,0.999999901785));
#6246 = ( GEOMETRIC_REPRESENTATION_CONTEXT(2) 
PARAMETRIC_REPRESENTATION_CONTEXT() REPRESENTATION_CONTEXT('2D SPACE',''
  ) );
#6247 = ADVANCED_FACE('',(#6248),#6130,.T.);
#6248 = FACE_BOUND('',#6249,.T.);
#6249 = EDGE_LOOP('',(#6250,#6251,#6252));
#6250 = ORIENTED_EDGE('',*,*,#6227,.T.);
#6251 = ORIENTED_EDGE('',*,*,#6114,.T.);
#6252 = ORIENTED_EDGE('',*,*,#6253,.F.);
#6253 = EDGE_CURVE('',#6199,#6115,#6254,.T.);
#6254 = SURFACE_CURVE('',#6255,(#6259,#6266),.PCURVE_S1.);
#6255 = LINE('',#6256,#6257);
#6256 = CARTESIAN_POINT('',(8.480840828965,-8.616732085318,
    11.771231120381));
#6257 = VECTOR('',#6258,1.);
#6258 = DIRECTION('',(0.77133906652,-0.636294115761,-1.287799311332E-02)
  );
#6259 = PCURVE('',#6130,#6260);
#6260 = DEFINITIONAL_REPRESENTATION('',(#6261),#6265);
#6261 = LINE('',#6262,#6263);
#6262 = CARTESIAN_POINT('',(0.,0.));
#6263 = VECTOR('',#6264,1.);
#6264 = DIRECTION('',(-0.999917075165,1.287799646828E-02));
#6265 = ( GEOMETRIC_REPRESENTATION_CONTEXT(2) 
PARAMETRIC_REPRESENTATION_CONTEXT() REPRESENTATION_CONTEXT('2D SPACE',''
  ) );
#6266 = PCURVE('',#6267,#6272);
#6267 = PLANE('',#6268);
#6268 = AXIS2_PLACEMENT_3D('',#6269,#6270,#6271);
#6269 = CARTESIAN_POINT('',(10.869905365554,-7.432485115309,
    11.737912938439));
#6270 = DIRECTION('',(1.497644048526E-02,-2.081753140872E-03,
    0.999885679733));
#6271 = DIRECTION('',(0.99988784634,-1.865045414326E-21,
    -1.497647293704E-02));
#6272 = DEFINITIONAL_REPRESENTATION('',(#6273),#6277);
#6273 = LINE('',#6274,#6275);
#6274 = CARTESIAN_POINT('',(-2.389295583107,-1.184249536101));
#6275 = VECTOR('',#6276,1.);
#6276 = DIRECTION('',(0.771445424936,-0.636295494519));
#6277 = ( GEOMETRIC_REPRESENTATION_CONTEXT(2) 
PARAMETRIC_REPRESENTATION_CONTEXT() REPRESENTATION_CONTEXT('2D SPACE',''
  ) );
#6278 = ADVANCED_FACE('',(#6279),#6214,.T.);
#6279 = FACE_BOUND('',#6280,.T.);
#6280 = EDGE_LOOP('',(#6281,#6309,#6310));
#6281 = ORIENTED_EDGE('',*,*,#6282,.F.);
#6282 = EDGE_CURVE('',#4305,#6283,#6285,.T.);
#6283 = VERTEX_POINT('',#6284);
#6284 = CARTESIAN_POINT('',(7.898008850518,-8.271913319868,
    11.734155775524));
#6285 = SURFACE_CURVE('',#6286,(#6290,#6297),.PCURVE_S1.);
#6286 = LINE('',#6287,#6288);
#6287 = CARTESIAN_POINT('',(7.878655254016,-8.33097776006,
    -1.261126742844E-02));
#6288 = VECTOR('',#6289,1.);
#6289 = DIRECTION('',(1.647544853626E-03,5.028073953267E-03,
    0.999986001936));
#6290 = PCURVE('',#6214,#6291);
#6291 = DEFINITIONAL_REPRESENTATION('',(#6292),#6296);
#6292 = LINE('',#6293,#6294);
#6293 = CARTESIAN_POINT('',(-1.343520815246E-02,11.746923794184));
#6294 = VECTOR('',#6295,1.);
#6295 = DIRECTION('',(1.143720654069E-03,-0.999999345951));
#6296 = ( GEOMETRIC_REPRESENTATION_CONTEXT(2) 
PARAMETRIC_REPRESENTATION_CONTEXT() REPRESENTATION_CONTEXT('2D SPACE',''
  ) );
#6297 = PCURVE('',#6298,#6303);
#6298 = PLANE('',#6299);
#6299 = AXIS2_PLACEMENT_3D('',#6300,#6301,#6302);
#6300 = CARTESIAN_POINT('',(7.159759637782,-8.114092767604,
    11.786653015898));
#6301 = DIRECTION('',(-0.208692557995,-0.977967144675,5.26119512375E-03)
  );
#6302 = DIRECTION('',(-0.977980680106,0.208695446378,-8.768538051689E-20
    ));
#6303 = DEFINITIONAL_REPRESENTATION('',(#6304),#6308);
#6304 = LINE('',#6305,#6306);
#6305 = CARTESIAN_POINT('',(-0.748328934004,11.799427589562));
#6306 = VECTOR('',#6307,1.);
#6307 = DIRECTION('',(-5.619308983557E-04,-0.999999842117));
#6308 = ( GEOMETRIC_REPRESENTATION_CONTEXT(2) 
PARAMETRIC_REPRESENTATION_CONTEXT() REPRESENTATION_CONTEXT('2D SPACE',''
  ) );
#6309 = ORIENTED_EDGE('',*,*,#6198,.T.);
#6310 = ORIENTED_EDGE('',*,*,#6311,.F.);
#6311 = EDGE_CURVE('',#6283,#6199,#6312,.T.);
#6312 = SURFACE_CURVE('',#6313,(#6317,#6324),.PCURVE_S1.);
#6313 = LINE('',#6314,#6315);
#6314 = CARTESIAN_POINT('',(7.898008850518,-8.271913319868,
    11.734155775524));
#6315 = VECTOR('',#6316,1.);
#6316 = DIRECTION('',(0.859369063177,-0.508425395978,5.466653436175E-02)
  );
#6317 = PCURVE('',#6214,#6318);
#6318 = DEFINITIONAL_REPRESENTATION('',(#6319),#6323);
#6319 = LINE('',#6320,#6321);
#6320 = CARTESIAN_POINT('',(0.,-0.));
#6321 = VECTOR('',#6322,1.);
#6322 = DIRECTION('',(-0.998504627062,-5.466726384303E-02));
#6323 = ( GEOMETRIC_REPRESENTATION_CONTEXT(2) 
PARAMETRIC_REPRESENTATION_CONTEXT() REPRESENTATION_CONTEXT('2D SPACE',''
  ) );
#6324 = PCURVE('',#6325,#6330);
#6325 = PLANE('',#6326);
#6326 = AXIS2_PLACEMENT_3D('',#6327,#6328,#6329);
#6327 = CARTESIAN_POINT('',(8.767618713492,-6.001126002833,
    11.768293581134));
#6328 = DIRECTION('',(-5.90087610905E-02,7.59087674066E-03,0.99822860343
    ));
#6329 = DIRECTION('',(0.998257364342,-4.632698593687E-20,
    5.901046124797E-02));
#6330 = DEFINITIONAL_REPRESENTATION('',(#6331),#6335);
#6331 = LINE('',#6332,#6333);
#6332 = CARTESIAN_POINT('',(-0.870108937474,-2.270852742845));
#6333 = VECTOR('',#6334,1.);
#6334 = DIRECTION('',(0.861097393412,-0.508440044705));
#6335 = ( GEOMETRIC_REPRESENTATION_CONTEXT(2) 
PARAMETRIC_REPRESENTATION_CONTEXT() REPRESENTATION_CONTEXT('2D SPACE',''
  ) );
#6336 = ADVANCED_FACE('',(#6337),#4378,.T.);
#6337 = FACE_BOUND('',#6338,.T.);
#6338 = EDGE_LOOP('',(#6339,#6367,#6368));
#6339 = ORIENTED_EDGE('',*,*,#6340,.T.);
#6340 = EDGE_CURVE('',#6341,#4363,#6343,.T.);
#6341 = VERTEX_POINT('',#6342);
#6342 = CARTESIAN_POINT('',(7.159759637782,-8.114092767604,
    11.786653015898));
#6343 = SURFACE_CURVE('',#6344,(#6348,#6355),.PCURVE_S1.);
#6344 = LINE('',#6345,#6346);
#6345 = CARTESIAN_POINT('',(7.159759637782,-8.114092767604,
    11.786653015898));
#6346 = VECTOR('',#6347,1.);
#6347 = DIRECTION('',(2.565132117791E-03,1.675668437193E-03,
    -0.999995306105));
#6348 = PCURVE('',#4378,#6349);
#6349 = DEFINITIONAL_REPRESENTATION('',(#6350),#6354);
#6350 = LINE('',#6351,#6352);
#6351 = CARTESIAN_POINT('',(0.,0.));
#6352 = VECTOR('',#6353,1.);
#6353 = DIRECTION('',(-1.8812717672E-03,0.999998230407));
#6354 = ( GEOMETRIC_REPRESENTATION_CONTEXT(2) 
PARAMETRIC_REPRESENTATION_CONTEXT() REPRESENTATION_CONTEXT('2D SPACE',''
  ) );
#6355 = PCURVE('',#6356,#6361);
#6356 = PLANE('',#6357);
#6357 = AXIS2_PLACEMENT_3D('',#6358,#6359,#6360);
#6358 = CARTESIAN_POINT('',(6.426075329623,-8.075037549381,
    11.716203741106));
#6359 = DIRECTION('',(-5.298305876807E-02,-0.998593772349,
    -1.809229103978E-03));
#6360 = DIRECTION('',(-0.998595406706,5.298314548327E-02,
    -4.505936856649E-21));
#6361 = DEFINITIONAL_REPRESENTATION('',(#6362),#6366);
#6362 = LINE('',#6363,#6364);
#6363 = CARTESIAN_POINT('',(-0.734723048409,-7.044939009358E-02));
#6364 = VECTOR('',#6365,1.);
#6365 = DIRECTION('',(-2.472746965831E-03,0.999996942757));
#6366 = ( GEOMETRIC_REPRESENTATION_CONTEXT(2) 
PARAMETRIC_REPRESENTATION_CONTEXT() REPRESENTATION_CONTEXT('2D SPACE',''
  ) );
#6367 = ORIENTED_EDGE('',*,*,#4362,.T.);
#6368 = ORIENTED_EDGE('',*,*,#6369,.F.);
#6369 = EDGE_CURVE('',#6341,#4305,#6370,.T.);
#6370 = SURFACE_CURVE('',#6371,(#6375,#6382),.PCURVE_S1.);
#6371 = LINE('',#6372,#6373);
#6372 = CARTESIAN_POINT('',(7.159759637782,-8.114092767604,
    11.786653015898));
#6373 = VECTOR('',#6374,1.);
#6374 = DIRECTION('',(6.080415241957E-02,-1.834412095578E-02,
    -0.997981136232));
#6375 = PCURVE('',#4378,#6376);
#6376 = DEFINITIONAL_REPRESENTATION('',(#6377),#6381);
#6377 = LINE('',#6378,#6379);
#6378 = CARTESIAN_POINT('',(0.,0.));
#6379 = VECTOR('',#6380,1.);
#6380 = DIRECTION('',(-6.346516113222E-02,0.997984054643));
#6381 = ( GEOMETRIC_REPRESENTATION_CONTEXT(2) 
PARAMETRIC_REPRESENTATION_CONTEXT() REPRESENTATION_CONTEXT('2D SPACE',''
  ) );
#6382 = PCURVE('',#6298,#6383);
#6383 = DEFINITIONAL_REPRESENTATION('',(#6384),#6388);
#6384 = LINE('',#6385,#6386);
#6385 = CARTESIAN_POINT('',(0.,-0.));
#6386 = VECTOR('',#6387,1.);
#6387 = DIRECTION('',(-6.329362084785E-02,0.997994948665));
#6388 = ( GEOMETRIC_REPRESENTATION_CONTEXT(2) 
PARAMETRIC_REPRESENTATION_CONTEXT() REPRESENTATION_CONTEXT('2D SPACE',''
  ) );
#6389 = ADVANCED_FACE('',(#6390),#6298,.T.);
#6390 = FACE_BOUND('',#6391,.T.);
#6391 = EDGE_LOOP('',(#6392,#6393,#6394));
#6392 = ORIENTED_EDGE('',*,*,#6369,.T.);
#6393 = ORIENTED_EDGE('',*,*,#6282,.T.);
#6394 = ORIENTED_EDGE('',*,*,#6395,.F.);
#6395 = EDGE_CURVE('',#6341,#6283,#6396,.T.);
#6396 = SURFACE_CURVE('',#6397,(#6401,#6408),.PCURVE_S1.);
#6397 = LINE('',#6398,#6399);
#6398 = CARTESIAN_POINT('',(7.159759637782,-8.114092767604,
    11.786653015898));
#6399 = VECTOR('',#6400,1.);
#6400 = DIRECTION('',(0.975548373847,-0.208549606914,-6.93716926416E-02)
  );
#6401 = PCURVE('',#6298,#6402);
#6402 = DEFINITIONAL_REPRESENTATION('',(#6403),#6407);
#6403 = LINE('',#6404,#6405);
#6404 = CARTESIAN_POINT('',(0.,-0.));
#6405 = VECTOR('',#6406,1.);
#6406 = DIRECTION('',(-0.997590815439,6.93726527718E-02));
#6407 = ( GEOMETRIC_REPRESENTATION_CONTEXT(2) 
PARAMETRIC_REPRESENTATION_CONTEXT() REPRESENTATION_CONTEXT('2D SPACE',''
  ) );
#6408 = PCURVE('',#6409,#6414);
#6409 = PLANE('',#6410);
#6410 = AXIS2_PLACEMENT_3D('',#6411,#6412,#6413);
#6411 = CARTESIAN_POINT('',(8.767618713492,-6.001126002833,
    11.768293581134));
#6412 = DIRECTION('',(6.258799696655E-02,-3.89609563509E-02,
    0.997278690495));
#6413 = DIRECTION('',(0.998036465953,1.600243064915E-19,
    -6.263555403207E-02));
#6414 = DEFINITIONAL_REPRESENTATION('',(#6415),#6419);
#6415 = LINE('',#6416,#6417);
#6416 = CARTESIAN_POINT('',(-1.60585194304,-2.114572288253));
#6417 = VECTOR('',#6418,1.);
#6418 = DIRECTION('',(0.977977985803,-0.20870807192));
#6419 = ( GEOMETRIC_REPRESENTATION_CONTEXT(2) 
PARAMETRIC_REPRESENTATION_CONTEXT() REPRESENTATION_CONTEXT('2D SPACE',''
  ) );
#6420 = ADVANCED_FACE('',(#6421),#4436,.T.);
#6421 = FACE_BOUND('',#6422,.T.);
#6422 = EDGE_LOOP('',(#6423,#6451,#6452));
#6423 = ORIENTED_EDGE('',*,*,#6424,.F.);
#6424 = EDGE_CURVE('',#4421,#6425,#6427,.T.);
#6425 = VERTEX_POINT('',#6426);
#6426 = CARTESIAN_POINT('',(6.426075329623,-8.075037549381,
    11.716203741106));
#6427 = SURFACE_CURVE('',#6428,(#6432,#6439),.PCURVE_S1.);
#6428 = LINE('',#6429,#6430);
#6429 = CARTESIAN_POINT('',(6.40248648082,-8.166723188518,
    -4.715575462697E-02));
#6430 = VECTOR('',#6431,1.);
#6431 = DIRECTION('',(2.005216700274E-03,7.793918910892E-03,
    0.999967616443));
#6432 = PCURVE('',#4436,#6433);
#6433 = DEFINITIONAL_REPRESENTATION('',(#6434),#6438);
#6434 = LINE('',#6435,#6436);
#6435 = CARTESIAN_POINT('',(3.181231791494E-02,11.763697432886));
#6436 = VECTOR('',#6437,1.);
#6437 = DIRECTION('',(-2.704268940387E-03,-0.999996343458));
#6438 = ( GEOMETRIC_REPRESENTATION_CONTEXT(2) 
PARAMETRIC_REPRESENTATION_CONTEXT() REPRESENTATION_CONTEXT('2D SPACE',''
  ) );
#6439 = PCURVE('',#6440,#6445);
#6440 = PLANE('',#6441);
#6441 = AXIS2_PLACEMENT_3D('',#6442,#6443,#6444);
#6442 = CARTESIAN_POINT('',(5.762202591769,-8.267620475216,
    11.765946093416));
#6443 = DIRECTION('',(0.27907615322,-0.960244005194,6.924679993839E-03)
  );
#6444 = DIRECTION('',(-0.960267028445,-0.279082844478,2.972863370286E-19
    ));
#6445 = DEFINITIONAL_REPRESENTATION('',(#6446),#6450);
#6446 = LINE('',#6447,#6448);
#6447 = CARTESIAN_POINT('',(-0.643002209271,11.813385084392));
#6448 = VECTOR('',#6449,1.);
#6449 = DIRECTION('',(-4.100692541439E-03,-0.999991592125));
#6450 = ( GEOMETRIC_REPRESENTATION_CONTEXT(2) 
PARAMETRIC_REPRESENTATION_CONTEXT() REPRESENTATION_CONTEXT('2D SPACE',''
  ) );
#6451 = ORIENTED_EDGE('',*,*,#4420,.T.);
#6452 = ORIENTED_EDGE('',*,*,#6453,.F.);
#6453 = EDGE_CURVE('',#6425,#4363,#6454,.T.);
#6454 = SURFACE_CURVE('',#6455,(#6459,#6466),.PCURVE_S1.);
#6455 = LINE('',#6456,#6457);
#6456 = CARTESIAN_POINT('',(6.426075329623,-8.075037549381,
    11.716203741106));
#6457 = VECTOR('',#6458,1.);
#6458 = DIRECTION('',(6.521466191511E-02,-1.652220415243E-03,
    -0.997869890336));
#6459 = PCURVE('',#4436,#6460);
#6460 = DEFINITIONAL_REPRESENTATION('',(#6461),#6465);
#6461 = LINE('',#6462,#6463);
#6462 = CARTESIAN_POINT('',(0.,0.));
#6463 = VECTOR('',#6464,1.);
#6464 = DIRECTION('',(-6.479559986425E-02,0.997898557088));
#6465 = ( GEOMETRIC_REPRESENTATION_CONTEXT(2) 
PARAMETRIC_REPRESENTATION_CONTEXT() REPRESENTATION_CONTEXT('2D SPACE',''
  ) );
#6466 = PCURVE('',#6356,#6467);
#6467 = DEFINITIONAL_REPRESENTATION('',(#6468),#6472);
#6468 = LINE('',#6469,#6470);
#6469 = CARTESIAN_POINT('',(0.,0.));
#6470 = VECTOR('',#6471,1.);
#6471 = DIRECTION('',(-6.521060167296E-02,0.997871523509));
#6472 = ( GEOMETRIC_REPRESENTATION_CONTEXT(2) 
PARAMETRIC_REPRESENTATION_CONTEXT() REPRESENTATION_CONTEXT('2D SPACE',''
  ) );
#6473 = ADVANCED_FACE('',(#6474),#6356,.T.);
#6474 = FACE_BOUND('',#6475,.T.);
#6475 = EDGE_LOOP('',(#6476,#6477,#6478));
#6476 = ORIENTED_EDGE('',*,*,#6453,.T.);
#6477 = ORIENTED_EDGE('',*,*,#6340,.F.);
#6478 = ORIENTED_EDGE('',*,*,#6479,.F.);
#6479 = EDGE_CURVE('',#6425,#6341,#6480,.T.);
#6480 = SURFACE_CURVE('',#6481,(#6485,#6492),.PCURVE_S1.);
#6481 = LINE('',#6482,#6483);
#6482 = CARTESIAN_POINT('',(6.426075329623,-8.075037549381,
    11.716203741106));
#6483 = VECTOR('',#6484,1.);
#6484 = DIRECTION('',(0.994027100013,-5.291369173138E-02,
    9.544771169407E-02));
#6485 = PCURVE('',#6356,#6486);
#6486 = DEFINITIONAL_REPRESENTATION('',(#6487),#6491);
#6487 = LINE('',#6488,#6489);
#6488 = CARTESIAN_POINT('',(0.,0.));
#6489 = VECTOR('',#6490,1.);
#6490 = DIRECTION('',(-0.995434430041,-9.544786790942E-02));
#6491 = ( GEOMETRIC_REPRESENTATION_CONTEXT(2) 
PARAMETRIC_REPRESENTATION_CONTEXT() REPRESENTATION_CONTEXT('2D SPACE',''
  ) );
#6492 = PCURVE('',#6493,#6498);
#6493 = PLANE('',#6494);
#6494 = AXIS2_PLACEMENT_3D('',#6495,#6496,#6497);
#6495 = CARTESIAN_POINT('',(7.438651530778,-5.66096139734,
    11.724824777607));
#6496 = DIRECTION('',(-9.363625619718E-02,3.572224156039E-02,
    0.994965412958));
#6497 = DIRECTION('',(0.995600848179,1.674373336298E-19,
    9.369605704485E-02));
#6498 = DEFINITIONAL_REPRESENTATION('',(#6499),#6503);
#6499 = LINE('',#6500,#6501);
#6500 = CARTESIAN_POINT('',(-1.008929481844,-2.415617903133));
#6501 = VECTOR('',#6502,1.);
#6502 = DIRECTION('',(0.998597298125,-5.294748509036E-02));
#6503 = ( GEOMETRIC_REPRESENTATION_CONTEXT(2) 
PARAMETRIC_REPRESENTATION_CONTEXT() REPRESENTATION_CONTEXT('2D SPACE',''
  ) );
#6504 = ADVANCED_FACE('',(#6505),#4492,.T.);
#6505 = FACE_BOUND('',#6506,.T.);
#6506 = EDGE_LOOP('',(#6507,#6530,#6531));
#6507 = ORIENTED_EDGE('',*,*,#6508,.F.);
#6508 = EDGE_CURVE('',#921,#6509,#6511,.T.);
#6509 = VERTEX_POINT('',#6510);
#6510 = CARTESIAN_POINT('',(5.762202591769,-8.267620475216,
    11.765946093416));
#6511 = SURFACE_CURVE('',#6512,(#6516,#6523),.PCURVE_S1.);
#6512 = LINE('',#6513,#6514);
#6513 = CARTESIAN_POINT('',(5.754551120367,-8.288467237335,
    1.548123726347E-02));
#6514 = VECTOR('',#6515,1.);
#6515 = DIRECTION('',(6.511621312463E-04,1.774119164401E-03,
    0.999998214243));
#6516 = PCURVE('',#4492,#6517);
#6517 = DEFINITIONAL_REPRESENTATION('',(#6518),#6522);
#6518 = LINE('',#6519,#6520);
#6519 = CARTESIAN_POINT('',(1.137246514997E-02,11.750480336361));
#6520 = VECTOR('',#6521,1.);
#6521 = DIRECTION('',(-9.678293566025E-04,-0.999999531653));
#6522 = ( GEOMETRIC_REPRESENTATION_CONTEXT(2) 
PARAMETRIC_REPRESENTATION_CONTEXT() REPRESENTATION_CONTEXT('2D SPACE',''
  ) );
#6523 = PCURVE('',#962,#6524);
#6524 = DEFINITIONAL_REPRESENTATION('',(#6525),#6529);
#6525 = LINE('',#6526,#6527);
#6526 = CARTESIAN_POINT('',(1.713378078036E-02,11.750473347986));
#6527 = VECTOR('',#6528,1.);
#6528 = DIRECTION('',(-1.458133817967E-03,-0.999998936922));
#6529 = ( GEOMETRIC_REPRESENTATION_CONTEXT(2) 
PARAMETRIC_REPRESENTATION_CONTEXT() REPRESENTATION_CONTEXT('2D SPACE',''
  ) );
#6530 = ORIENTED_EDGE('',*,*,#4478,.T.);
#6531 = ORIENTED_EDGE('',*,*,#6532,.F.);
#6532 = EDGE_CURVE('',#6509,#4421,#6533,.T.);
#6533 = SURFACE_CURVE('',#6534,(#6538,#6545),.PCURVE_S1.);
#6534 = LINE('',#6535,#6536);
#6535 = CARTESIAN_POINT('',(5.762202591769,-8.267620475216,
    11.765946093416));
#6536 = VECTOR('',#6537,1.);
#6537 = DIRECTION('',(5.411975714392E-02,8.52830556254E-03,
    -0.998498031992));
#6538 = PCURVE('',#4492,#6539);
#6539 = DEFINITIONAL_REPRESENTATION('',(#6540),#6544);
#6540 = LINE('',#6541,#6542);
#6541 = CARTESIAN_POINT('',(0.,0.));
#6542 = VECTOR('',#6543,1.);
#6543 = DIRECTION('',(-5.476361192721E-02,0.998499347425));
#6544 = ( GEOMETRIC_REPRESENTATION_CONTEXT(2) 
PARAMETRIC_REPRESENTATION_CONTEXT() REPRESENTATION_CONTEXT('2D SPACE',''
  ) );
#6545 = PCURVE('',#6440,#6546);
#6546 = DEFINITIONAL_REPRESENTATION('',(#6547),#6551);
#6547 = LINE('',#6548,#6549);
#6548 = CARTESIAN_POINT('',(0.,0.));
#6549 = VECTOR('',#6550,1.);
#6550 = DIRECTION('',(-5.434952214771E-02,0.998521972438));
#6551 = ( GEOMETRIC_REPRESENTATION_CONTEXT(2) 
PARAMETRIC_REPRESENTATION_CONTEXT() REPRESENTATION_CONTEXT('2D SPACE',''
  ) );
#6552 = ADVANCED_FACE('',(#6553),#962,.T.);
#6553 = FACE_BOUND('',#6554,.T.);
#6554 = EDGE_LOOP('',(#6555,#6581,#6582));
#6555 = ORIENTED_EDGE('',*,*,#6556,.F.);
#6556 = EDGE_CURVE('',#863,#6509,#6557,.T.);
#6557 = SURFACE_CURVE('',#6558,(#6562,#6569),.PCURVE_S1.);
#6558 = LINE('',#6559,#6560);
#6559 = CARTESIAN_POINT('',(5.129390757923,-8.654386541325,
    -2.662011920231E-03));
#6560 = VECTOR('',#6561,1.);
#6561 = DIRECTION('',(5.36647142641E-02,3.279915026019E-02,
    0.998020197283));
#6562 = PCURVE('',#962,#6563);
#6563 = DEFINITIONAL_REPRESENTATION('',(#6564),#6568);
#6564 = LINE('',#6565,#6566);
#6565 = CARTESIAN_POINT('',(0.741511041141,11.768616610281));
#6566 = VECTOR('',#6567,1.);
#6567 = DIRECTION('',(-6.288279709407E-02,-0.998020918533));
#6568 = ( GEOMETRIC_REPRESENTATION_CONTEXT(2) 
PARAMETRIC_REPRESENTATION_CONTEXT() REPRESENTATION_CONTEXT('2D SPACE',''
  ) );
#6569 = PCURVE('',#6570,#6575);
#6570 = PLANE('',#6571);
#6571 = AXIS2_PLACEMENT_3D('',#6572,#6573,#6574);
#6572 = CARTESIAN_POINT('',(5.089488444772,-8.6468543754,11.738162089136
    ));
#6573 = DIRECTION('',(0.491008600341,-0.87115187661,2.227615300724E-03)
  );
#6574 = DIRECTION('',(-0.871154038064,-0.491009818604,8.390580335799E-20
    ));
#6575 = DEFINITIONAL_REPRESENTATION('',(#6576),#6580);
#6576 = LINE('',#6577,#6578);
#6577 = CARTESIAN_POINT('',(-3.106269380501E-02,11.740853231734));
#6578 = VECTOR('',#6579,1.);
#6579 = DIRECTION('',(-6.285493735232E-02,-0.998022673515));
#6580 = ( GEOMETRIC_REPRESENTATION_CONTEXT(2) 
PARAMETRIC_REPRESENTATION_CONTEXT() REPRESENTATION_CONTEXT('2D SPACE',''
  ) );
#6581 = ORIENTED_EDGE('',*,*,#948,.T.);
#6582 = ORIENTED_EDGE('',*,*,#6508,.T.);
#6583 = ADVANCED_FACE('',(#6584),#6440,.T.);
#6584 = FACE_BOUND('',#6585,.T.);
#6585 = EDGE_LOOP('',(#6586,#6587,#6588));
#6586 = ORIENTED_EDGE('',*,*,#6532,.T.);
#6587 = ORIENTED_EDGE('',*,*,#6424,.T.);
#6588 = ORIENTED_EDGE('',*,*,#6589,.F.);
#6589 = EDGE_CURVE('',#6509,#6425,#6590,.T.);
#6590 = SURFACE_CURVE('',#6591,(#6595,#6602),.PCURVE_S1.);
#6591 = LINE('',#6592,#6593);
#6592 = CARTESIAN_POINT('',(5.762202591769,-8.267620475216,
    11.765946093416));
#6593 = VECTOR('',#6594,1.);
#6594 = DIRECTION('',(0.95792893086,0.277885723766,-7.177526000012E-02)
  );
#6595 = PCURVE('',#6440,#6596);
#6596 = DEFINITIONAL_REPRESENTATION('',(#6597),#6601);
#6597 = LINE('',#6598,#6599);
#6598 = CARTESIAN_POINT('',(0.,0.));
#6599 = VECTOR('',#6600,1.);
#6600 = DIRECTION('',(-0.997420706127,7.177698091669E-02));
#6601 = ( GEOMETRIC_REPRESENTATION_CONTEXT(2) 
PARAMETRIC_REPRESENTATION_CONTEXT() REPRESENTATION_CONTEXT('2D SPACE',''
  ) );
#6602 = PCURVE('',#6603,#6608);
#6603 = PLANE('',#6604);
#6604 = AXIS2_PLACEMENT_3D('',#6605,#6606,#6607);
#6605 = CARTESIAN_POINT('',(4.864783205422,-5.967351809073,
    11.767800086612));
#6606 = DIRECTION('',(6.734457033207E-02,2.546969510077E-02,
    0.997404633776));
#6607 = DIRECTION('',(0.997728302129,-3.118974394487E-21,
    -6.736642435742E-02));
#6608 = DEFINITIONAL_REPRESENTATION('',(#6609),#6613);
#6609 = LINE('',#6610,#6611);
#6610 = CARTESIAN_POINT('',(0.895505617531,-2.301015127654));
#6611 = VECTOR('',#6612,1.);
#6612 = DIRECTION('',(0.960588048371,0.277975900623));
#6613 = ( GEOMETRIC_REPRESENTATION_CONTEXT(2) 
PARAMETRIC_REPRESENTATION_CONTEXT() REPRESENTATION_CONTEXT('2D SPACE',''
  ) );
#6614 = ADVANCED_FACE('',(#6615),#904,.T.);
#6615 = FACE_BOUND('',#6616,.T.);
#6616 = EDGE_LOOP('',(#6617,#6645,#6646));
#6617 = ORIENTED_EDGE('',*,*,#6618,.F.);
#6618 = EDGE_CURVE('',#805,#6619,#6621,.T.);
#6619 = VERTEX_POINT('',#6620);
#6620 = CARTESIAN_POINT('',(5.089488444772,-8.6468543754,11.738162089136
    ));
#6621 = SURFACE_CURVE('',#6622,(#6626,#6633),.PCURVE_S1.);
#6622 = LINE('',#6623,#6624);
#6623 = CARTESIAN_POINT('',(4.540022836281,-9.061785540154,
    6.292725450799E-02));
#6624 = VECTOR('',#6625,1.);
#6625 = DIRECTION('',(4.698086165352E-02,3.547778668175E-02,
    0.998265558502));
#6626 = PCURVE('',#904,#6627);
#6627 = DEFINITIONAL_REPRESENTATION('',(#6628),#6632);
#6628 = LINE('',#6629,#6630);
#6629 = CARTESIAN_POINT('',(0.687935243438,11.675270184066));
#6630 = VECTOR('',#6631,1.);
#6631 = DIRECTION('',(-5.882040658971E-02,-0.998268580978));
#6632 = ( GEOMETRIC_REPRESENTATION_CONTEXT(2) 
PARAMETRIC_REPRESENTATION_CONTEXT() REPRESENTATION_CONTEXT('2D SPACE',''
  ) );
#6633 = PCURVE('',#6634,#6639);
#6634 = PLANE('',#6635);
#6635 = AXIS2_PLACEMENT_3D('',#6636,#6637,#6638);
#6636 = CARTESIAN_POINT('',(4.565155903893,-9.120782943898,
    11.792134200707));
#6637 = DIRECTION('',(0.670247651404,-0.742119509932,-5.169019881049E-03
    ));
#6638 = DIRECTION('',(-0.742129424389,-0.670256605678,1.208989907306E-19
    ));
#6639 = DEFINITIONAL_REPRESENTATION('',(#6640),#6644);
#6640 = LINE('',#6641,#6642);
#6641 = CARTESIAN_POINT('',(-2.089141057755E-02,11.72936364431));
#6642 = VECTOR('',#6643,1.);
#6643 = DIRECTION('',(-5.864510069453E-02,-0.998278894981));
#6644 = ( GEOMETRIC_REPRESENTATION_CONTEXT(2) 
PARAMETRIC_REPRESENTATION_CONTEXT() REPRESENTATION_CONTEXT('2D SPACE',''
  ) );
#6645 = ORIENTED_EDGE('',*,*,#890,.T.);
#6646 = ORIENTED_EDGE('',*,*,#6647,.F.);
#6647 = EDGE_CURVE('',#6619,#863,#6648,.T.);
#6648 = SURFACE_CURVE('',#6649,(#6653,#6660),.PCURVE_S1.);
#6649 = LINE('',#6650,#6651);
#6650 = CARTESIAN_POINT('',(5.089488444772,-8.6468543754,11.738162089136
    ));
#6651 = VECTOR('',#6652,1.);
#6652 = DIRECTION('',(3.398575274892E-03,-6.415325542902E-04,
    -0.999994019043));
#6653 = PCURVE('',#904,#6654);
#6654 = DEFINITIONAL_REPRESENTATION('',(#6655),#6659);
#6655 = LINE('',#6656,#6657);
#6656 = CARTESIAN_POINT('',(-0.,0.));
#6657 = VECTOR('',#6658,1.);
#6658 = DIRECTION('',(-2.430326048883E-03,0.999997046753));
#6659 = ( GEOMETRIC_REPRESENTATION_CONTEXT(2) 
PARAMETRIC_REPRESENTATION_CONTEXT() REPRESENTATION_CONTEXT('2D SPACE',''
  ) );
#6660 = PCURVE('',#6570,#6661);
#6661 = DEFINITIONAL_REPRESENTATION('',(#6662),#6666);
#6662 = LINE('',#6663,#6664);
#6663 = CARTESIAN_POINT('',(0.,0.));
#6664 = VECTOR('',#6665,1.);
#6665 = DIRECTION('',(-2.645683791275E-03,0.999996500173));
#6666 = ( GEOMETRIC_REPRESENTATION_CONTEXT(2) 
PARAMETRIC_REPRESENTATION_CONTEXT() REPRESENTATION_CONTEXT('2D SPACE',''
  ) );
#6667 = ADVANCED_FACE('',(#6668),#6570,.T.);
#6668 = FACE_BOUND('',#6669,.T.);
#6669 = EDGE_LOOP('',(#6670,#6671,#6672));
#6670 = ORIENTED_EDGE('',*,*,#6647,.T.);
#6671 = ORIENTED_EDGE('',*,*,#6556,.T.);
#6672 = ORIENTED_EDGE('',*,*,#6673,.F.);
#6673 = EDGE_CURVE('',#6619,#6509,#6674,.T.);
#6674 = SURFACE_CURVE('',#6675,(#6679,#6686),.PCURVE_S1.);
#6675 = LINE('',#6676,#6677);
#6676 = CARTESIAN_POINT('',(5.089488444772,-8.6468543754,11.738162089136
    ));
#6677 = VECTOR('',#6678,1.);
#6678 = DIRECTION('',(0.870551430307,0.490762110028,3.595495170283E-02)
  );
#6679 = PCURVE('',#6570,#6680);
#6680 = DEFINITIONAL_REPRESENTATION('',(#6681),#6685);
#6681 = LINE('',#6682,#6683);
#6682 = CARTESIAN_POINT('',(0.,0.));
#6683 = VECTOR('',#6684,1.);
#6684 = DIRECTION('',(-0.999353408476,-3.595504091225E-02));
#6685 = ( GEOMETRIC_REPRESENTATION_CONTEXT(2) 
PARAMETRIC_REPRESENTATION_CONTEXT() REPRESENTATION_CONTEXT('2D SPACE',''
  ) );
#6686 = PCURVE('',#6687,#6692);
#6687 = PLANE('',#6688);
#6688 = AXIS2_PLACEMENT_3D('',#6689,#6690,#6691);
#6689 = CARTESIAN_POINT('',(4.864783205422,-5.967351809073,
    11.767800086612));
#6690 = DIRECTION('',(-3.346096493619E-02,-1.38598138192E-02,
    0.999343919472));
#6691 = DIRECTION('',(0.999439917508,-7.919371353407E-20,
    3.346417923193E-02));
#6692 = DEFINITIONAL_REPRESENTATION('',(#6693),#6697);
#6693 = LINE('',#6694,#6695);
#6694 = CARTESIAN_POINT('',(0.22358757462,-2.679759962182));
#6695 = VECTOR('',#6696,1.);
#6696 = DIRECTION('',(0.87126705264,0.490809253156));
#6697 = ( GEOMETRIC_REPRESENTATION_CONTEXT(2) 
PARAMETRIC_REPRESENTATION_CONTEXT() REPRESENTATION_CONTEXT('2D SPACE',''
  ) );
#6698 = ADVANCED_FACE('',(#6699),#6634,.T.);
#6699 = FACE_BOUND('',#6700,.T.);
#6700 = EDGE_LOOP('',(#6701,#6729,#6730));
#6701 = ORIENTED_EDGE('',*,*,#6702,.F.);
#6702 = EDGE_CURVE('',#805,#6703,#6705,.T.);
#6703 = VERTEX_POINT('',#6704);
#6704 = CARTESIAN_POINT('',(4.565155903893,-9.120782943898,
    11.792134200707));
#6705 = SURFACE_CURVE('',#6706,(#6710,#6717),.PCURVE_S1.);
#6706 = LINE('',#6707,#6708);
#6707 = CARTESIAN_POINT('',(4.540022836281,-9.061785540154,
    6.292725450799E-02));
#6708 = VECTOR('',#6709,1.);
#6709 = DIRECTION('',(2.142744355829E-03,-5.029881582031E-03,
    0.999985054357));
#6710 = PCURVE('',#6634,#6711);
#6711 = DEFINITIONAL_REPRESENTATION('',(#6712),#6716);
#6712 = LINE('',#6713,#6714);
#6713 = CARTESIAN_POINT('',(-2.089141057755E-02,11.72936364431));
#6714 = VECTOR('',#6715,1.);
#6715 = DIRECTION('',(1.78111772073E-03,-0.999998413809));
#6716 = ( GEOMETRIC_REPRESENTATION_CONTEXT(2) 
PARAMETRIC_REPRESENTATION_CONTEXT() REPRESENTATION_CONTEXT('2D SPACE',''
  ) );
#6717 = PCURVE('',#6718,#6723);
#6718 = PLANE('',#6719);
#6719 = AXIS2_PLACEMENT_3D('',#6720,#6721,#6722);
#6720 = CARTESIAN_POINT('',(4.207026985158,-9.700754750456,
    11.744343879143));
#6721 = DIRECTION('',(0.851012291021,-0.525126789692,-4.464894081741E-03
    ));
#6722 = DIRECTION('',(0.525132024045,0.851020773732,-1.73928362616E-19)
  );
#6723 = DEFINITIONAL_REPRESENTATION('',(#6724),#6728);
#6724 = LINE('',#6725,#6726);
#6725 = CARTESIAN_POINT('',(0.718642857041,-11.68153306252));
#6726 = VECTOR('',#6727,1.);
#6727 = DIRECTION('',(-3.155310035131E-03,0.999995021997));
#6728 = ( GEOMETRIC_REPRESENTATION_CONTEXT(2) 
PARAMETRIC_REPRESENTATION_CONTEXT() REPRESENTATION_CONTEXT('2D SPACE',''
  ) );
#6729 = ORIENTED_EDGE('',*,*,#6618,.T.);
#6730 = ORIENTED_EDGE('',*,*,#6731,.F.);
#6731 = EDGE_CURVE('',#6703,#6619,#6732,.T.);
#6732 = SURFACE_CURVE('',#6733,(#6737,#6744),.PCURVE_S1.);
#6733 = LINE('',#6734,#6735);
#6734 = CARTESIAN_POINT('',(4.565155903893,-9.120782943898,
    11.792134200707));
#6735 = VECTOR('',#6736,1.);
#6736 = DIRECTION('',(0.739711145417,0.668602874927,-7.61420841884E-02)
  );
#6737 = PCURVE('',#6634,#6738);
#6738 = DEFINITIONAL_REPRESENTATION('',(#6739),#6743);
#6739 = LINE('',#6740,#6741);
#6740 = CARTESIAN_POINT('',(0.,0.));
#6741 = VECTOR('',#6742,1.);
#6742 = DIRECTION('',(-0.997096900058,7.614310142007E-02));
#6743 = ( GEOMETRIC_REPRESENTATION_CONTEXT(2) 
PARAMETRIC_REPRESENTATION_CONTEXT() REPRESENTATION_CONTEXT('2D SPACE',''
  ) );
#6744 = PCURVE('',#6745,#6750);
#6745 = PLANE('',#6746);
#6746 = AXIS2_PLACEMENT_3D('',#6747,#6748,#6749);
#6747 = CARTESIAN_POINT('',(3.741759039879,-6.633075938361,
    11.748968826717));
#6748 = DIRECTION('',(6.695628135166E-02,3.946059679934E-02,
    0.996975284392));
#6749 = DIRECTION('',(0.997752406474,-3.269818046283E-19,
    -6.700847241957E-02));
#6750 = DEFINITIONAL_REPRESENTATION('',(#6751),#6755);
#6751 = LINE('',#6752,#6753);
#6752 = CARTESIAN_POINT('',(0.81865375678,-2.489646122864));
#6753 = VECTOR('',#6754,1.);
#6754 = DIRECTION('',(0.743150740184,0.669124037353));
#6755 = ( GEOMETRIC_REPRESENTATION_CONTEXT(2) 
PARAMETRIC_REPRESENTATION_CONTEXT() REPRESENTATION_CONTEXT('2D SPACE',''
  ) );
#6756 = ADVANCED_FACE('',(#6757),#6718,.T.);
#6757 = FACE_BOUND('',#6758,.T.);
#6758 = EDGE_LOOP('',(#6759,#6782,#6783));
#6759 = ORIENTED_EDGE('',*,*,#6760,.T.);
#6760 = EDGE_CURVE('',#6761,#805,#6763,.T.);
#6761 = VERTEX_POINT('',#6762);
#6762 = CARTESIAN_POINT('',(4.207026985158,-9.700754750456,
    11.744343879143));
#6763 = SURFACE_CURVE('',#6764,(#6768,#6775),.PCURVE_S1.);
#6764 = LINE('',#6765,#6766);
#6765 = CARTESIAN_POINT('',(4.207026985158,-9.700754750456,
    11.744343879143));
#6766 = VECTOR('',#6767,1.);
#6767 = DIRECTION('',(2.845238675437E-02,5.459587269441E-02,
    -0.998103077028));
#6768 = PCURVE('',#6718,#6769);
#6769 = DEFINITIONAL_REPRESENTATION('',(#6770),#6774);
#6770 = LINE('',#6771,#6772);
#6771 = CARTESIAN_POINT('',(0.,0.));
#6772 = VECTOR('',#6773,1.);
#6773 = DIRECTION('',(6.140348126817E-02,-0.998113025908));
#6774 = ( GEOMETRIC_REPRESENTATION_CONTEXT(2) 
PARAMETRIC_REPRESENTATION_CONTEXT() REPRESENTATION_CONTEXT('2D SPACE',''
  ) );
#6775 = PCURVE('',#846,#6776);
#6776 = DEFINITIONAL_REPRESENTATION('',(#6777),#6781);
#6777 = LINE('',#6778,#6779);
#6778 = CARTESIAN_POINT('',(0.,0.));
#6779 = VECTOR('',#6780,1.);
#6780 = DIRECTION('',(6.151136506896E-02,-0.998106383091));
#6781 = ( GEOMETRIC_REPRESENTATION_CONTEXT(2) 
PARAMETRIC_REPRESENTATION_CONTEXT() REPRESENTATION_CONTEXT('2D SPACE',''
  ) );
#6782 = ORIENTED_EDGE('',*,*,#6702,.T.);
#6783 = ORIENTED_EDGE('',*,*,#6784,.F.);
#6784 = EDGE_CURVE('',#6761,#6703,#6785,.T.);
#6785 = SURFACE_CURVE('',#6786,(#6790,#6797),.PCURVE_S1.);
#6786 = LINE('',#6787,#6788);
#6787 = CARTESIAN_POINT('',(4.207026985158,-9.700754750456,
    11.744343879143));
#6788 = VECTOR('',#6789,1.);
#6789 = DIRECTION('',(0.524111815851,0.848772776439,6.993982028434E-02)
  );
#6790 = PCURVE('',#6718,#6791);
#6791 = DEFINITIONAL_REPRESENTATION('',(#6792),#6796);
#6792 = LINE('',#6793,#6794);
#6793 = CARTESIAN_POINT('',(0.,0.));
#6794 = VECTOR('',#6795,1.);
#6795 = DIRECTION('',(0.997551163611,6.994051742969E-02));
#6796 = ( GEOMETRIC_REPRESENTATION_CONTEXT(2) 
PARAMETRIC_REPRESENTATION_CONTEXT() REPRESENTATION_CONTEXT('2D SPACE',''
  ) );
#6797 = PCURVE('',#6798,#6803);
#6798 = PLANE('',#6799);
#6799 = AXIS2_PLACEMENT_3D('',#6800,#6801,#6802);
#6800 = CARTESIAN_POINT('',(4.565155903893,-9.120782943898,
    11.792134200707));
#6801 = DIRECTION('',(-3.029072417579E-02,-6.349263325768E-02,
    0.997522509797));
#6802 = DIRECTION('',(8.466108269611E-20,0.997980452354,
    6.352178145092E-02));
#6803 = DEFINITIONAL_REPRESENTATION('',(#6804),#6808);
#6804 = LINE('',#6805,#6806);
#6805 = CARTESIAN_POINT('',(-0.581836252223,0.358293328531));
#6806 = VECTOR('',#6807,1.);
#6807 = DIRECTION('',(0.851501341355,-0.524352425064));
#6808 = ( GEOMETRIC_REPRESENTATION_CONTEXT(2) 
PARAMETRIC_REPRESENTATION_CONTEXT() REPRESENTATION_CONTEXT('2D SPACE',''
  ) );
#6809 = ADVANCED_FACE('',(#6810),#846,.T.);
#6810 = FACE_BOUND('',#6811,.T.);
#6811 = EDGE_LOOP('',(#6812,#6838,#6839));
#6812 = ORIENTED_EDGE('',*,*,#6813,.F.);
#6813 = EDGE_CURVE('',#747,#6761,#6814,.T.);
#6814 = SURFACE_CURVE('',#6815,(#6819,#6826),.PCURVE_S1.);
#6815 = LINE('',#6816,#6817);
#6816 = CARTESIAN_POINT('',(4.164097255416,-9.714881137288,
    2.513492074258E-02));
#6817 = VECTOR('',#6818,1.);
#6818 = DIRECTION('',(3.663166231832E-03,1.205395504E-03,0.99999256409)
  );
#6819 = PCURVE('',#846,#6820);
#6820 = DEFINITIONAL_REPRESENTATION('',(#6821),#6825);
#6821 = LINE('',#6822,#6823);
#6822 = CARTESIAN_POINT('',(-3.365532057262E-02,-11.71924777648));
#6823 = VECTOR('',#6824,1.);
#6824 = DIRECTION('',(2.871786861566E-03,0.999995876412));
#6825 = ( GEOMETRIC_REPRESENTATION_CONTEXT(2) 
PARAMETRIC_REPRESENTATION_CONTEXT() REPRESENTATION_CONTEXT('2D SPACE',''
  ) );
#6826 = PCURVE('',#6827,#6832);
#6827 = PLANE('',#6828);
#6828 = AXIS2_PLACEMENT_3D('',#6829,#6830,#6831);
#6829 = CARTESIAN_POINT('',(3.885838895276,-10.33899520602,
    11.778007872366));
#6830 = DIRECTION('',(0.893205385397,-0.449640619471,-2.729985324675E-03
    ));
#6831 = DIRECTION('',(0.449642295026,0.893208713865,-1.109384440943E-20)
  );
#6832 = DEFINITIONAL_REPRESENTATION('',(#6833),#6837);
#6833 = LINE('',#6834,#6835);
#6834 = CARTESIAN_POINT('',(0.682580852309,-11.75291674789));
#6835 = VECTOR('',#6836,1.);
#6836 = DIRECTION('',(2.723784239368E-03,0.999996290493));
#6837 = ( GEOMETRIC_REPRESENTATION_CONTEXT(2) 
PARAMETRIC_REPRESENTATION_CONTEXT() REPRESENTATION_CONTEXT('2D SPACE',''
  ) );
#6838 = ORIENTED_EDGE('',*,*,#832,.T.);
#6839 = ORIENTED_EDGE('',*,*,#6760,.F.);
#6840 = ADVANCED_FACE('',(#6841),#6827,.T.);
#6841 = FACE_BOUND('',#6842,.T.);
#6842 = EDGE_LOOP('',(#6843,#6866,#6867));
#6843 = ORIENTED_EDGE('',*,*,#6844,.T.);
#6844 = EDGE_CURVE('',#6845,#747,#6847,.T.);
#6845 = VERTEX_POINT('',#6846);
#6846 = CARTESIAN_POINT('',(3.885838895276,-10.33899520602,
    11.778007872366));
#6847 = SURFACE_CURVE('',#6848,(#6852,#6859),.PCURVE_S1.);
#6848 = LINE('',#6849,#6850);
#6849 = CARTESIAN_POINT('',(3.885838895276,-10.33899520602,
    11.778007872366));
#6850 = VECTOR('',#6851,1.);
#6851 = DIRECTION('',(2.363585709261E-02,5.301357677382E-02,
    -0.998314032225));
#6852 = PCURVE('',#6827,#6853);
#6853 = DEFINITIONAL_REPRESENTATION('',(#6854),#6858);
#6854 = LINE('',#6855,#6856);
#6855 = CARTESIAN_POINT('',(0.,0.));
#6856 = VECTOR('',#6857,1.);
#6857 = DIRECTION('',(5.797986975554E-02,-0.998317752373));
#6858 = ( GEOMETRIC_REPRESENTATION_CONTEXT(2) 
PARAMETRIC_REPRESENTATION_CONTEXT() REPRESENTATION_CONTEXT('2D SPACE',''
  ) );
#6859 = PCURVE('',#994,#6860);
#6860 = DEFINITIONAL_REPRESENTATION('',(#6861),#6865);
#6861 = LINE('',#6862,#6863);
#6862 = CARTESIAN_POINT('',(0.,0.));
#6863 = VECTOR('',#6864,1.);
#6864 = DIRECTION('',(5.783147639319E-02,-0.998326359633));
#6865 = ( GEOMETRIC_REPRESENTATION_CONTEXT(2) 
PARAMETRIC_REPRESENTATION_CONTEXT() REPRESENTATION_CONTEXT('2D SPACE',''
  ) );
#6866 = ORIENTED_EDGE('',*,*,#6813,.T.);
#6867 = ORIENTED_EDGE('',*,*,#6868,.F.);
#6868 = EDGE_CURVE('',#6845,#6761,#6869,.T.);
#6869 = SURFACE_CURVE('',#6870,(#6874,#6881),.PCURVE_S1.);
#6870 = LINE('',#6871,#6872);
#6871 = CARTESIAN_POINT('',(3.885838895276,-10.33899520602,
    11.778007872366));
#6872 = VECTOR('',#6873,1.);
#6873 = DIRECTION('',(0.4490292888,0.892276727802,-4.706313655898E-02));
#6874 = PCURVE('',#6827,#6875);
#6875 = DEFINITIONAL_REPRESENTATION('',(#6876),#6880);
#6876 = LINE('',#6877,#6878);
#6877 = CARTESIAN_POINT('',(0.,0.));
#6878 = VECTOR('',#6879,1.);
#6879 = DIRECTION('',(0.998891908401,-4.70633119365E-02));
#6880 = ( GEOMETRIC_REPRESENTATION_CONTEXT(2) 
PARAMETRIC_REPRESENTATION_CONTEXT() REPRESENTATION_CONTEXT('2D SPACE',''
  ) );
#6881 = PCURVE('',#6882,#6887);
#6882 = PLANE('',#6883);
#6883 = AXIS2_PLACEMENT_3D('',#6884,#6885,#6886);
#6884 = CARTESIAN_POINT('',(4.207026985158,-9.700754750456,
    11.744343879143));
#6885 = DIRECTION('',(1.124913090522E-03,5.210721173197E-02,
    0.998640862901));
#6886 = DIRECTION('',(1.045564823472E-20,0.998641494757,
    -5.2107244701E-02));
#6887 = DEFINITIONAL_REPRESENTATION('',(#6888),#6892);
#6888 = LINE('',#6889,#6890);
#6889 = CARTESIAN_POINT('',(-0.6391275405,0.321188293103));
#6890 = VECTOR('',#6891,1.);
#6891 = DIRECTION('',(0.893516895562,-0.449029572907));
#6892 = ( GEOMETRIC_REPRESENTATION_CONTEXT(2) 
PARAMETRIC_REPRESENTATION_CONTEXT() REPRESENTATION_CONTEXT('2D SPACE',''
  ) );
#6893 = ADVANCED_FACE('',(#6894),#994,.T.);
#6894 = FACE_BOUND('',#6895,.T.);
#6895 = EDGE_LOOP('',(#6896,#6917,#6918));
#6896 = ORIENTED_EDGE('',*,*,#6897,.T.);
#6897 = EDGE_CURVE('',#6845,#979,#6898,.T.);
#6898 = SURFACE_CURVE('',#6899,(#6903,#6910),.PCURVE_S1.);
#6899 = LINE('',#6900,#6901);
#6900 = CARTESIAN_POINT('',(3.885838895276,-10.33899520602,
    11.778007872366));
#6901 = VECTOR('',#6902,1.);
#6902 = DIRECTION('',(3.473482100405E-03,-5.151002107309E-03,
    -0.999980700863));
#6903 = PCURVE('',#994,#6904);
#6904 = DEFINITIONAL_REPRESENTATION('',(#6905),#6909);
#6905 = LINE('',#6906,#6907);
#6906 = CARTESIAN_POINT('',(0.,0.));
#6907 = VECTOR('',#6908,1.);
#6908 = DIRECTION('',(-3.728571796722E-03,-0.999993048852));
#6909 = ( GEOMETRIC_REPRESENTATION_CONTEXT(2) 
PARAMETRIC_REPRESENTATION_CONTEXT() REPRESENTATION_CONTEXT('2D SPACE',''
  ) );
#6910 = PCURVE('',#1052,#6911);
#6911 = DEFINITIONAL_REPRESENTATION('',(#6912),#6916);
#6912 = LINE('',#6913,#6914);
#6913 = CARTESIAN_POINT('',(0.,0.));
#6914 = VECTOR('',#6915,1.);
#6915 = DIRECTION('',(-4.562718720012E-03,-0.999989590745));
#6916 = ( GEOMETRIC_REPRESENTATION_CONTEXT(2) 
PARAMETRIC_REPRESENTATION_CONTEXT() REPRESENTATION_CONTEXT('2D SPACE',''
  ) );
#6917 = ORIENTED_EDGE('',*,*,#978,.T.);
#6918 = ORIENTED_EDGE('',*,*,#6844,.F.);
#6919 = ADVANCED_FACE('',(#6920),#1052,.T.);
#6920 = FACE_BOUND('',#6921,.T.);
#6921 = EDGE_LOOP('',(#6922,#6948,#6949));
#6922 = ORIENTED_EDGE('',*,*,#6923,.F.);
#6923 = EDGE_CURVE('',#1037,#6845,#6924,.T.);
#6924 = SURFACE_CURVE('',#6925,(#6929,#6936),.PCURVE_S1.);
#6925 = LINE('',#6926,#6927);
#6926 = CARTESIAN_POINT('',(3.816229978057,-11.11684758299,
    3.437219554411E-02));
#6927 = VECTOR('',#6928,1.);
#6928 = DIRECTION('',(5.914310542434E-03,6.609010306913E-02,
    0.997796131084));
#6929 = PCURVE('',#1052,#6930);
#6930 = DEFINITIONAL_REPRESENTATION('',(#6931),#6935);
#6931 = LINE('',#6932,#6933);
#6932 = CARTESIAN_POINT('',(-0.779389250281,-11.74374007836));
#6933 = VECTOR('',#6934,1.);
#6934 = DIRECTION('',(6.622068326545E-02,0.997805001545));
#6935 = ( GEOMETRIC_REPRESENTATION_CONTEXT(2) 
PARAMETRIC_REPRESENTATION_CONTEXT() REPRESENTATION_CONTEXT('2D SPACE',''
  ) );
#6936 = PCURVE('',#6937,#6942);
#6937 = PLANE('',#6938);
#6938 = AXIS2_PLACEMENT_3D('',#6939,#6940,#6941);
#6939 = CARTESIAN_POINT('',(3.862469325582,-11.1169765027,
    11.761064876046));
#6940 = DIRECTION('',(0.999543950316,-2.993918918424E-02,
    -3.941616029033E-03));
#6941 = DIRECTION('',(2.993942175962E-02,0.999551715033,
    9.501301431876E-21));
#6942 = DEFINITIONAL_REPRESENTATION('',(#6943),#6947);
#6943 = LINE('',#6944,#6945);
#6944 = CARTESIAN_POINT('',(-1.255517410832E-03,-11.72678377648));
#6945 = VECTOR('',#6946,1.);
#6946 = DIRECTION('',(6.623754690718E-02,0.997803882223));
#6947 = ( GEOMETRIC_REPRESENTATION_CONTEXT(2) 
PARAMETRIC_REPRESENTATION_CONTEXT() REPRESENTATION_CONTEXT('2D SPACE',''
  ) );
#6948 = ORIENTED_EDGE('',*,*,#1036,.T.);
#6949 = ORIENTED_EDGE('',*,*,#6897,.F.);
#6950 = ADVANCED_FACE('',(#6951),#6937,.T.);
#6951 = FACE_BOUND('',#6952,.T.);
#6952 = EDGE_LOOP('',(#6953,#6981,#6982));
#6953 = ORIENTED_EDGE('',*,*,#6954,.F.);
#6954 = EDGE_CURVE('',#1037,#6955,#6957,.T.);
#6955 = VERTEX_POINT('',#6956);
#6956 = CARTESIAN_POINT('',(3.862469325582,-11.1169765027,
    11.761064876046));
#6957 = SURFACE_CURVE('',#6958,(#6962,#6969),.PCURVE_S1.);
#6958 = LINE('',#6959,#6960);
#6959 = CARTESIAN_POINT('',(3.816229978057,-11.11684758299,
    3.437219554411E-02));
#6960 = VECTOR('',#6961,1.);
#6961 = DIRECTION('',(3.943054476109E-03,-1.09936118123E-05,
    0.99999222607));
#6962 = PCURVE('',#6937,#6963);
#6963 = DEFINITIONAL_REPRESENTATION('',(#6964),#6968);
#6964 = LINE('',#6965,#6966);
#6965 = CARTESIAN_POINT('',(-1.255517410832E-03,-11.72678377648));
#6966 = VECTOR('',#6967,1.);
#6967 = DIRECTION('',(1.0706408744E-04,0.999999994269));
#6968 = ( GEOMETRIC_REPRESENTATION_CONTEXT(2) 
PARAMETRIC_REPRESENTATION_CONTEXT() REPRESENTATION_CONTEXT('2D SPACE',''
  ) );
#6969 = PCURVE('',#6970,#6975);
#6970 = PLANE('',#6971);
#6971 = AXIS2_PLACEMENT_3D('',#6972,#6973,#6974);
#6972 = CARTESIAN_POINT('',(3.877955140044,-11.85759481237,
    11.758152659151));
#6973 = DIRECTION('',(0.999773380182,2.092006734635E-02,
    -3.941961559256E-03));
#6974 = DIRECTION('',(-2.092022988735E-02,0.999781148043,
    8.0775226264E-21));
#6975 = DEFINITIONAL_REPRESENTATION('',(#6976),#6980);
#6976 = LINE('',#6977,#6978);
#6977 = CARTESIAN_POINT('',(0.741876419982,-11.72387155293));
#6978 = VECTOR('',#6979,1.);
#6979 = DIRECTION('',(-9.348081193736E-05,0.999999995631));
#6980 = ( GEOMETRIC_REPRESENTATION_CONTEXT(2) 
PARAMETRIC_REPRESENTATION_CONTEXT() REPRESENTATION_CONTEXT('2D SPACE',''
  ) );
#6981 = ORIENTED_EDGE('',*,*,#6923,.T.);
#6982 = ORIENTED_EDGE('',*,*,#6983,.F.);
#6983 = EDGE_CURVE('',#6955,#6845,#6984,.T.);
#6984 = SURFACE_CURVE('',#6985,(#6989,#6996),.PCURVE_S1.);
#6985 = LINE('',#6986,#6987);
#6986 = CARTESIAN_POINT('',(3.862469325582,-11.1169765027,
    11.761064876046));
#6987 = VECTOR('',#6988,1.);
#6988 = DIRECTION('',(3.001807492339E-02,0.99931240321,
    2.176317919515E-02));
#6989 = PCURVE('',#6937,#6990);
#6990 = DEFINITIONAL_REPRESENTATION('',(#6991),#6995);
#6991 = LINE('',#6992,#6993);
#6992 = CARTESIAN_POINT('',(0.,0.));
#6993 = VECTOR('',#6994,1.);
#6994 = DIRECTION('',(0.999763150287,2.176334825717E-02));
#6995 = ( GEOMETRIC_REPRESENTATION_CONTEXT(2) 
PARAMETRIC_REPRESENTATION_CONTEXT() REPRESENTATION_CONTEXT('2D SPACE',''
  ) );
#6996 = PCURVE('',#6997,#7002);
#6997 = PLANE('',#6998);
#6998 = AXIS2_PLACEMENT_3D('',#6999,#7000,#7001);
#6999 = CARTESIAN_POINT('',(3.885838895276,-10.33899520602,
    11.778007872366));
#7000 = DIRECTION('',(-1.184111844525E-02,-2.141593968044E-02,
    0.999700527879));
#7001 = DIRECTION('',(2.011272509231E-21,0.999770620298,
    2.141744122513E-02));
#7002 = DEFINITIONAL_REPRESENTATION('',(#7003),#7007);
#7003 = LINE('',#7004,#7005);
#7004 = CARTESIAN_POINT('',(-0.778165719181,2.337120821395E-02));
#7005 = VECTOR('',#7006,1.);
#7006 = DIRECTION('',(0.99954929284,-3.002017959317E-02));
#7007 = ( GEOMETRIC_REPRESENTATION_CONTEXT(2) 
PARAMETRIC_REPRESENTATION_CONTEXT() REPRESENTATION_CONTEXT('2D SPACE',''
  ) );
#7008 = ADVANCED_FACE('',(#7009),#6970,.T.);
#7009 = FACE_BOUND('',#7010,.T.);
#7010 = EDGE_LOOP('',(#7011,#7034,#7035));
#7011 = ORIENTED_EDGE('',*,*,#7012,.F.);
#7012 = EDGE_CURVE('',#1037,#7013,#7015,.T.);
#7013 = VERTEX_POINT('',#7014);
#7014 = CARTESIAN_POINT('',(3.877955140044,-11.85759481237,
    11.758152659151));
#7015 = SURFACE_CURVE('',#7016,(#7020,#7027),.PCURVE_S1.);
#7016 = LINE('',#7017,#7018);
#7017 = CARTESIAN_POINT('',(3.816229978057,-11.11684758299,
    3.437219554411E-02));
#7018 = VECTOR('',#7019,1.);
#7019 = DIRECTION('',(5.254403391087E-03,-6.305669566058E-02,
    0.99799611441));
#7020 = PCURVE('',#6970,#7021);
#7021 = DEFINITIONAL_REPRESENTATION('',(#7022),#7026);
#7022 = LINE('',#7023,#7024);
#7023 = CARTESIAN_POINT('',(0.741876419982,-11.72387155293));
#7024 = VECTOR('',#7025,1.);
#7025 = DIRECTION('',(-6.315281890617E-02,0.998003868462));
#7026 = ( GEOMETRIC_REPRESENTATION_CONTEXT(2) 
PARAMETRIC_REPRESENTATION_CONTEXT() REPRESENTATION_CONTEXT('2D SPACE',''
  ) );
#7027 = PCURVE('',#1110,#7028);
#7028 = DEFINITIONAL_REPRESENTATION('',(#7029),#7033);
#7029 = LINE('',#7030,#7031);
#7030 = CARTESIAN_POINT('',(0.741855846343,-11.7238728548));
#7031 = VECTOR('',#7032,1.);
#7032 = DIRECTION('',(-6.315106755883E-02,0.998003979284));
#7033 = ( GEOMETRIC_REPRESENTATION_CONTEXT(2) 
PARAMETRIC_REPRESENTATION_CONTEXT() REPRESENTATION_CONTEXT('2D SPACE',''
  ) );
#7034 = ORIENTED_EDGE('',*,*,#6954,.T.);
#7035 = ORIENTED_EDGE('',*,*,#7036,.T.);
#7036 = EDGE_CURVE('',#6955,#7013,#7037,.T.);
#7037 = SURFACE_CURVE('',#7038,(#7042,#7049),.PCURVE_S1.);
#7038 = LINE('',#7039,#7040);
#7039 = CARTESIAN_POINT('',(3.862469325582,-11.1169765027,
    11.761064876046));
#7040 = VECTOR('',#7041,1.);
#7041 = DIRECTION('',(2.090457464844E-02,-0.999773746409,
    -3.931253058806E-03));
#7042 = PCURVE('',#6970,#7043);
#7043 = DEFINITIONAL_REPRESENTATION('',(#7044),#7048);
#7044 = LINE('',#7045,#7046);
#7045 = CARTESIAN_POINT('',(0.740780190706,2.912239521669E-03));
#7046 = VECTOR('',#7047,1.);
#7047 = DIRECTION('',(-0.999992272475,-3.931283603153E-03));
#7048 = ( GEOMETRIC_REPRESENTATION_CONTEXT(2) 
PARAMETRIC_REPRESENTATION_CONTEXT() REPRESENTATION_CONTEXT('2D SPACE',''
  ) );
#7049 = PCURVE('',#7050,#7055);
#7050 = PLANE('',#7051);
#7051 = AXIS2_PLACEMENT_3D('',#7052,#7053,#7054);
#7052 = CARTESIAN_POINT('',(3.862469325582,-11.1169765027,
    11.761064876046));
#7053 = DIRECTION('',(1.43736011183E-02,-3.631168565662E-03,
    0.999890101064));
#7054 = DIRECTION('',(0.999896693097,-4.755938079397E-21,
    -1.437369587997E-02));
#7055 = DEFINITIONAL_REPRESENTATION('',(#7056),#7060);
#7056 = LINE('',#7057,#7058);
#7057 = CARTESIAN_POINT('',(0.,0.));
#7058 = VECTOR('',#7059,1.);
#7059 = DIRECTION('',(2.095892169747E-02,-0.999780337675));
#7060 = ( GEOMETRIC_REPRESENTATION_CONTEXT(2) 
PARAMETRIC_REPRESENTATION_CONTEXT() REPRESENTATION_CONTEXT('2D SPACE',''
  ) );
#7061 = ADVANCED_FACE('',(#7062),#1110,.T.);
#7062 = FACE_BOUND('',#7063,.T.);
#7063 = EDGE_LOOP('',(#7064,#7090,#7091));
#7064 = ORIENTED_EDGE('',*,*,#7065,.T.);
#7065 = EDGE_CURVE('',#7013,#1095,#7066,.T.);
#7066 = SURFACE_CURVE('',#7067,(#7071,#7078),.PCURVE_S1.);
#7067 = LINE('',#7068,#7069);
#7068 = CARTESIAN_POINT('',(3.877955140044,-11.85759481237,
    11.758152659151));
#7069 = VECTOR('',#7070,1.);
#7070 = DIRECTION('',(3.630983592888E-03,2.59887990369E-03,
    -0.999990030841));
#7071 = PCURVE('',#1110,#7072);
#7072 = DEFINITIONAL_REPRESENTATION('',(#7073),#7077);
#7073 = LINE('',#7074,#7075);
#7074 = CARTESIAN_POINT('',(0.,0.));
#7075 = VECTOR('',#7076,1.);
#7076 = DIRECTION('',(2.043805099394E-03,-0.999997911428));
#7077 = ( GEOMETRIC_REPRESENTATION_CONTEXT(2) 
PARAMETRIC_REPRESENTATION_CONTEXT() REPRESENTATION_CONTEXT('2D SPACE',''
  ) );
#7078 = PCURVE('',#7079,#7084);
#7079 = PLANE('',#7080);
#7080 = AXIS2_PLACEMENT_3D('',#7081,#7082,#7083);
#7081 = CARTESIAN_POINT('',(4.128389366698,-12.45571591155,
    11.743538795962));
#7082 = DIRECTION('',(0.922438296423,0.386119983578,4.352881180061E-03)
  );
#7083 = DIRECTION('',(-0.386123641648,0.922447035531,8.166550566677E-20)
  );
#7084 = DEFINITIONAL_REPRESENTATION('',(#7085),#7089);
#7085 = LINE('',#7086,#7087);
#7086 = CARTESIAN_POINT('',(0.648433610412,1.461400164022E-02));
#7087 = VECTOR('',#7088,1.);
#7088 = DIRECTION('',(9.953204552084E-04,-0.999999504668));
#7089 = ( GEOMETRIC_REPRESENTATION_CONTEXT(2) 
PARAMETRIC_REPRESENTATION_CONTEXT() REPRESENTATION_CONTEXT('2D SPACE',''
  ) );
#7090 = ORIENTED_EDGE('',*,*,#1094,.F.);
#7091 = ORIENTED_EDGE('',*,*,#7012,.T.);
#7092 = ADVANCED_FACE('',(#7093),#7079,.T.);
#7093 = FACE_BOUND('',#7094,.T.);
#7094 = EDGE_LOOP('',(#7095,#7118,#7119));
#7095 = ORIENTED_EDGE('',*,*,#7096,.F.);
#7096 = EDGE_CURVE('',#1095,#7097,#7099,.T.);
#7097 = VERTEX_POINT('',#7098);
#7098 = CARTESIAN_POINT('',(4.128389366698,-12.45571591155,
    11.743538795962));
#7099 = SURFACE_CURVE('',#7100,(#7104,#7111),.PCURVE_S1.);
#7100 = LINE('',#7101,#7102);
#7101 = CARTESIAN_POINT('',(3.920607047262,-11.82706666988,
    1.161596375493E-02));
#7102 = VECTOR('',#7103,1.);
#7103 = DIRECTION('',(1.768271238885E-02,-5.349937263224E-02,
    0.998411307433));
#7104 = PCURVE('',#7079,#7105);
#7105 = DEFINITIONAL_REPRESENTATION('',(#7106),#7110);
#7106 = LINE('',#7107,#7108);
#7107 = CARTESIAN_POINT('',(0.660125295219,-11.73203397952));
#7108 = VECTOR('',#7109,1.);
#7109 = DIRECTION('',(-5.617805098919E-02,0.998420766304));
#7110 = ( GEOMETRIC_REPRESENTATION_CONTEXT(2) 
PARAMETRIC_REPRESENTATION_CONTEXT() REPRESENTATION_CONTEXT('2D SPACE',''
  ) );
#7111 = PCURVE('',#1168,#7112);
#7112 = DEFINITIONAL_REPRESENTATION('',(#7113),#7117);
#7113 = LINE('',#7114,#7115);
#7114 = CARTESIAN_POINT('',(0.6605157022,-11.73201200601));
#7115 = VECTOR('',#7116,1.);
#7116 = DIRECTION('',(-5.621127544439E-02,0.998418896312));
#7117 = ( GEOMETRIC_REPRESENTATION_CONTEXT(2) 
PARAMETRIC_REPRESENTATION_CONTEXT() REPRESENTATION_CONTEXT('2D SPACE',''
  ) );
#7118 = ORIENTED_EDGE('',*,*,#7065,.F.);
#7119 = ORIENTED_EDGE('',*,*,#7120,.T.);
#7120 = EDGE_CURVE('',#7013,#7097,#7121,.T.);
#7121 = SURFACE_CURVE('',#7122,(#7126,#7133),.PCURVE_S1.);
#7122 = LINE('',#7123,#7124);
#7123 = CARTESIAN_POINT('',(3.877955140044,-11.85759481237,
    11.758152659151));
#7124 = VECTOR('',#7125,1.);
#7125 = DIRECTION('',(0.386116087794,-0.922174983531,-2.253145569486E-02
    ));
#7126 = PCURVE('',#7079,#7127);
#7127 = DEFINITIONAL_REPRESENTATION('',(#7128),#7132);
#7128 = LINE('',#7129,#7130);
#7129 = CARTESIAN_POINT('',(0.648433610412,1.461400164022E-02));
#7130 = VECTOR('',#7131,1.);
#7131 = DIRECTION('',(-0.999746129717,-2.253166915611E-02));
#7132 = ( GEOMETRIC_REPRESENTATION_CONTEXT(2) 
PARAMETRIC_REPRESENTATION_CONTEXT() REPRESENTATION_CONTEXT('2D SPACE',''
  ) );
#7133 = PCURVE('',#7134,#7139);
#7134 = PLANE('',#7135);
#7135 = AXIS2_PLACEMENT_3D('',#7136,#7137,#7138);
#7136 = CARTESIAN_POINT('',(3.877955140044,-11.85759481237,
    11.758152659151));
#7137 = DIRECTION('',(1.748533812308E-02,-1.710450220563E-02,
    0.999700804719));
#7138 = DIRECTION('',(0.999847075045,7.118313544808E-20,
    -1.748789647464E-02));
#7139 = DEFINITIONAL_REPRESENTATION('',(#7140),#7144);
#7140 = LINE('',#7141,#7142);
#7141 = CARTESIAN_POINT('',(0.,0.));
#7142 = VECTOR('',#7143,1.);
#7143 = DIRECTION('',(0.386451068774,-0.922309910737));
#7144 = ( GEOMETRIC_REPRESENTATION_CONTEXT(2) 
PARAMETRIC_REPRESENTATION_CONTEXT() REPRESENTATION_CONTEXT('2D SPACE',''
  ) );
#7145 = ADVANCED_FACE('',(#7146),#1168,.T.);
#7146 = FACE_BOUND('',#7147,.T.);
#7147 = EDGE_LOOP('',(#7148,#7174,#7175));
#7148 = ORIENTED_EDGE('',*,*,#7149,.T.);
#7149 = EDGE_CURVE('',#7097,#1153,#7150,.T.);
#7150 = SURFACE_CURVE('',#7151,(#7155,#7162),.PCURVE_S1.);
#7151 = LINE('',#7152,#7153);
#7152 = CARTESIAN_POINT('',(4.128389366698,-12.45571591155,
    11.743538795962));
#7153 = VECTOR('',#7154,1.);
#7154 = DIRECTION('',(3.721943369467E-03,1.199365580851E-03,
    -0.999992354301));
#7155 = PCURVE('',#1168,#7156);
#7156 = DEFINITIONAL_REPRESENTATION('',(#7157),#7161);
#7157 = LINE('',#7158,#7159);
#7158 = CARTESIAN_POINT('',(0.,0.));
#7159 = VECTOR('',#7160,1.);
#7160 = DIRECTION('',(-2.993429180587E-04,-0.999999955197));
#7161 = ( GEOMETRIC_REPRESENTATION_CONTEXT(2) 
PARAMETRIC_REPRESENTATION_CONTEXT() REPRESENTATION_CONTEXT('2D SPACE',''
  ) );
#7162 = PCURVE('',#7163,#7168);
#7163 = PLANE('',#7164);
#7164 = AXIS2_PLACEMENT_3D('',#7165,#7166,#7167);
#7165 = CARTESIAN_POINT('',(4.63981402794,-13.05888660019,11.74412485071
    ));
#7166 = DIRECTION('',(0.762724788851,0.646713098617,3.614491537076E-03)
  );
#7167 = DIRECTION('',(-0.646717323166,0.762729771228,-8.010777035283E-20
    ));
#7168 = DEFINITIONAL_REPRESENTATION('',(#7169),#7173);
#7169 = LINE('',#7170,#7171);
#7170 = CARTESIAN_POINT('',(0.790803429281,-5.860585766936E-04));
#7171 = VECTOR('',#7172,1.);
#7172 = DIRECTION('',(-1.492253417775E-03,-0.999998886589));
#7173 = ( GEOMETRIC_REPRESENTATION_CONTEXT(2) 
PARAMETRIC_REPRESENTATION_CONTEXT() REPRESENTATION_CONTEXT('2D SPACE',''
  ) );
#7174 = ORIENTED_EDGE('',*,*,#1152,.F.);
#7175 = ORIENTED_EDGE('',*,*,#7096,.T.);
#7176 = ADVANCED_FACE('',(#7177),#7163,.T.);
#7177 = FACE_BOUND('',#7178,.T.);
#7178 = EDGE_LOOP('',(#7179,#7202,#7203));
#7179 = ORIENTED_EDGE('',*,*,#7180,.F.);
#7180 = EDGE_CURVE('',#1153,#7181,#7183,.T.);
#7181 = VERTEX_POINT('',#7182);
#7182 = CARTESIAN_POINT('',(4.63981402794,-13.05888660019,11.74412485071
    ));
#7183 = SURFACE_CURVE('',#7184,(#7188,#7195),.PCURVE_S1.);
#7184 = LINE('',#7185,#7186);
#7185 = CARTESIAN_POINT('',(4.172329648305,-12.44155651788,
    -6.210715037718E-02));
#7186 = VECTOR('',#7187,1.);
#7187 = DIRECTION('',(3.951151073029E-02,-5.217638328456E-02,
    0.997855934265));
#7188 = PCURVE('',#7163,#7189);
#7189 = DEFINITIONAL_REPRESENTATION('',(#7190),#7194);
#7190 = LINE('',#7191,#7192);
#7191 = CARTESIAN_POINT('',(0.773186279074,-11.80630912339));
#7192 = VECTOR('',#7193,1.);
#7193 = DIRECTION('',(-6.534925933986E-02,0.997862452597));
#7194 = ( GEOMETRIC_REPRESENTATION_CONTEXT(2) 
PARAMETRIC_REPRESENTATION_CONTEXT() REPRESENTATION_CONTEXT('2D SPACE',''
  ) );
#7195 = PCURVE('',#1226,#7196);
#7196 = DEFINITIONAL_REPRESENTATION('',(#7197),#7201);
#7197 = LINE('',#7198,#7199);
#7198 = CARTESIAN_POINT('',(0.767776122728,-11.80666218558));
#7199 = VECTOR('',#7200,1.);
#7200 = DIRECTION('',(-6.489199603904E-02,0.997892293211));
#7201 = ( GEOMETRIC_REPRESENTATION_CONTEXT(2) 
PARAMETRIC_REPRESENTATION_CONTEXT() REPRESENTATION_CONTEXT('2D SPACE',''
  ) );
#7202 = ORIENTED_EDGE('',*,*,#7149,.F.);
#7203 = ORIENTED_EDGE('',*,*,#7204,.T.);
#7204 = EDGE_CURVE('',#7097,#7181,#7205,.T.);
#7205 = SURFACE_CURVE('',#7206,(#7210,#7217),.PCURVE_S1.);
#7206 = LINE('',#7207,#7208);
#7207 = CARTESIAN_POINT('',(4.128389366698,-12.45571591155,
    11.743538795962));
#7208 = VECTOR('',#7209,1.);
#7209 = DIRECTION('',(0.646715102468,-0.762731294119,7.410875645572E-04)
  );
#7210 = PCURVE('',#7163,#7211);
#7211 = DEFINITIONAL_REPRESENTATION('',(#7212),#7216);
#7212 = LINE('',#7213,#7214);
#7213 = CARTESIAN_POINT('',(0.790803429281,-5.860585766936E-04));
#7214 = VECTOR('',#7215,1.);
#7215 = DIRECTION('',(-0.999999725391,7.41092405592E-04));
#7216 = ( GEOMETRIC_REPRESENTATION_CONTEXT(2) 
PARAMETRIC_REPRESENTATION_CONTEXT() REPRESENTATION_CONTEXT('2D SPACE',''
  ) );
#7217 = PCURVE('',#7218,#7223);
#7218 = PLANE('',#7219);
#7219 = AXIS2_PLACEMENT_3D('',#7220,#7221,#7222);
#7220 = CARTESIAN_POINT('',(4.128389366698,-12.45571591155,
    11.743538795962));
#7221 = DIRECTION('',(1.259300637236E-03,2.03937374599E-03,
    0.999997127554));
#7222 = DIRECTION('',(9.520769547475E-24,0.999997920472,
    -2.03937536305E-03));
#7223 = DEFINITIONAL_REPRESENTATION('',(#7224),#7228);
#7224 = LINE('',#7225,#7226);
#7225 = CARTESIAN_POINT('',(0.,0.));
#7226 = VECTOR('',#7227,1.);
#7227 = DIRECTION('',(-0.762731219354,-0.646715615262));
#7228 = ( GEOMETRIC_REPRESENTATION_CONTEXT(2) 
PARAMETRIC_REPRESENTATION_CONTEXT() REPRESENTATION_CONTEXT('2D SPACE',''
  ) );
#7229 = ADVANCED_FACE('',(#7230),#1226,.T.);
#7230 = FACE_BOUND('',#7231,.T.);
#7231 = EDGE_LOOP('',(#7232,#7258,#7259));
#7232 = ORIENTED_EDGE('',*,*,#7233,.F.);
#7233 = EDGE_CURVE('',#1211,#7181,#7234,.T.);
#7234 = SURFACE_CURVE('',#7235,(#7239,#7246),.PCURVE_S1.);
#7235 = LINE('',#7236,#7237);
#7236 = CARTESIAN_POINT('',(4.550002179645,-13.10399955661,
    -1.320685095214E-02));
#7237 = VECTOR('',#7238,1.);
#7238 = DIRECTION('',(7.63851606018E-03,3.836866166677E-03,
    0.999963465098));
#7239 = PCURVE('',#1226,#7240);
#7240 = DEFINITIONAL_REPRESENTATION('',(#7241),#7245);
#7241 = LINE('',#7242,#7243);
#7242 = CARTESIAN_POINT('',(5.236191823873E-03,-11.75776010438));
#7243 = VECTOR('',#7244,1.);
#7244 = DIRECTION('',(-4.453391851976E-04,0.999999900837));
#7245 = ( GEOMETRIC_REPRESENTATION_CONTEXT(2) 
PARAMETRIC_REPRESENTATION_CONTEXT() REPRESENTATION_CONTEXT('2D SPACE',''
  ) );
#7246 = PCURVE('',#7247,#7252);
#7247 = PLANE('',#7248);
#7248 = AXIS2_PLACEMENT_3D('',#7249,#7250,#7251);
#7249 = CARTESIAN_POINT('',(5.106712416056,-13.53271856002,
    11.727431769106));
#7250 = DIRECTION('',(0.712132274233,0.701998199238,-8.133404106548E-03)
  );
#7251 = DIRECTION('',(-0.702021419775,0.712155829982,-2.695098585657E-19
    ));
#7252 = DEFINITIONAL_REPRESENTATION('',(#7253),#7257);
#7253 = LINE('',#7254,#7255);
#7254 = CARTESIAN_POINT('',(0.696137248276,-11.74102697422));
#7255 = VECTOR('',#7256,1.);
#7256 = DIRECTION('',(-2.62995528008E-03,0.999996541662));
#7257 = ( GEOMETRIC_REPRESENTATION_CONTEXT(2) 
PARAMETRIC_REPRESENTATION_CONTEXT() REPRESENTATION_CONTEXT('2D SPACE',''
  ) );
#7258 = ORIENTED_EDGE('',*,*,#1210,.F.);
#7259 = ORIENTED_EDGE('',*,*,#7180,.T.);
#7260 = ADVANCED_FACE('',(#7261),#7247,.T.);
#7261 = FACE_BOUND('',#7262,.T.);
#7262 = EDGE_LOOP('',(#7263,#7286,#7287));
#7263 = ORIENTED_EDGE('',*,*,#7264,.F.);
#7264 = EDGE_CURVE('',#1211,#7265,#7267,.T.);
#7265 = VERTEX_POINT('',#7266);
#7266 = CARTESIAN_POINT('',(5.106712416056,-13.53271856002,
    11.727431769106));
#7267 = SURFACE_CURVE('',#7268,(#7272,#7279),.PCURVE_S1.);
#7268 = LINE('',#7269,#7270);
#7269 = CARTESIAN_POINT('',(4.550002179645,-13.10399955661,
    -1.320685095214E-02));
#7270 = VECTOR('',#7271,1.);
#7271 = DIRECTION('',(4.733268002238E-02,-3.645059508711E-02,
    0.998213890667));
#7272 = PCURVE('',#7247,#7273);
#7273 = DEFINITIONAL_REPRESENTATION('',(#7274),#7278);
#7274 = LINE('',#7275,#7276);
#7275 = CARTESIAN_POINT('',(0.696137248276,-11.74102697422));
#7276 = VECTOR('',#7277,1.);
#7277 = DIRECTION('',(-5.918705902866E-02,0.998246909358));
#7278 = ( GEOMETRIC_REPRESENTATION_CONTEXT(2) 
PARAMETRIC_REPRESENTATION_CONTEXT() REPRESENTATION_CONTEXT('2D SPACE',''
  ) );
#7279 = PCURVE('',#1311,#7280);
#7280 = DEFINITIONAL_REPRESENTATION('',(#7281),#7285);
#7281 = LINE('',#7282,#7283);
#7282 = CARTESIAN_POINT('',(-0.702654436307,11.74063874843));
#7283 = VECTOR('',#7284,1.);
#7284 = DIRECTION('',(5.974116411876E-02,-0.998213901581));
#7285 = ( GEOMETRIC_REPRESENTATION_CONTEXT(2) 
PARAMETRIC_REPRESENTATION_CONTEXT() REPRESENTATION_CONTEXT('2D SPACE',''
  ) );
#7286 = ORIENTED_EDGE('',*,*,#7233,.T.);
#7287 = ORIENTED_EDGE('',*,*,#7288,.T.);
#7288 = EDGE_CURVE('',#7181,#7265,#7289,.T.);
#7289 = SURFACE_CURVE('',#7290,(#7294,#7301),.PCURVE_S1.);
#7290 = LINE('',#7291,#7292);
#7291 = CARTESIAN_POINT('',(4.63981402794,-13.05888660019,11.74412485071
    ));
#7292 = VECTOR('',#7293,1.);
#7293 = DIRECTION('',(0.701655158821,-0.712074934274,-2.508637237282E-02
    ));
#7294 = PCURVE('',#7247,#7295);
#7295 = DEFINITIONAL_REPRESENTATION('',(#7296),#7300);
#7296 = LINE('',#7297,#7298);
#7297 = CARTESIAN_POINT('',(0.665214861941,1.669363377463E-02));
#7298 = VECTOR('',#7299,1.);
#7299 = DIRECTION('',(-0.999685266615,-2.508720217414E-02));
#7300 = ( GEOMETRIC_REPRESENTATION_CONTEXT(2) 
PARAMETRIC_REPRESENTATION_CONTEXT() REPRESENTATION_CONTEXT('2D SPACE',''
  ) );
#7301 = PCURVE('',#7302,#7307);
#7302 = PLANE('',#7303);
#7303 = AXIS2_PLACEMENT_3D('',#7304,#7305,#7306);
#7304 = CARTESIAN_POINT('',(5.106712416056,-13.53271856002,
    11.727431769106));
#7305 = DIRECTION('',(1.809842416409E-02,-1.738527526162E-02,
    0.999685050027));
#7306 = DIRECTION('',(0.999836160584,-1.706702893921E-20,
    -1.810115988866E-02));
#7307 = DEFINITIONAL_REPRESENTATION('',(#7308),#7312);
#7308 = LINE('',#7309,#7310);
#7309 = CARTESIAN_POINT('',(-0.467124055896,0.4739035834));
#7310 = VECTOR('',#7311,1.);
#7311 = DIRECTION('',(0.701994292487,-0.712182570213));
#7312 = ( GEOMETRIC_REPRESENTATION_CONTEXT(2) 
PARAMETRIC_REPRESENTATION_CONTEXT() REPRESENTATION_CONTEXT('2D SPACE',''
  ) );
#7313 = ADVANCED_FACE('',(#7314),#1311,.T.);
#7314 = FACE_BOUND('',#7315,.T.);
#7315 = EDGE_LOOP('',(#7316,#7337,#7338));
#7316 = ORIENTED_EDGE('',*,*,#7317,.T.);
#7317 = EDGE_CURVE('',#7265,#1269,#7318,.T.);
#7318 = SURFACE_CURVE('',#7319,(#7323,#7330),.PCURVE_S1.);
#7319 = LINE('',#7320,#7321);
#7320 = CARTESIAN_POINT('',(5.106712416056,-13.53271856002,
    11.727431769106));
#7321 = VECTOR('',#7322,1.);
#7322 = DIRECTION('',(3.561961616975E-03,-2.542759191382E-03,
    -0.999990423357));
#7323 = PCURVE('',#1311,#7324);
#7324 = DEFINITIONAL_REPRESENTATION('',(#7325),#7329);
#7325 = LINE('',#7326,#7327);
#7326 = CARTESIAN_POINT('',(0.,0.));
#7327 = VECTOR('',#7328,1.);
#7328 = DIRECTION('',(4.37393726475E-03,0.999990434291));
#7329 = ( GEOMETRIC_REPRESENTATION_CONTEXT(2) 
PARAMETRIC_REPRESENTATION_CONTEXT() REPRESENTATION_CONTEXT('2D SPACE',''
  ) );
#7330 = PCURVE('',#1369,#7331);
#7331 = DEFINITIONAL_REPRESENTATION('',(#7332),#7336);
#7332 = LINE('',#7333,#7334);
#7333 = CARTESIAN_POINT('',(0.,-0.));
#7334 = VECTOR('',#7335,1.);
#7335 = DIRECTION('',(4.332077717334E-03,0.999990616507));
#7336 = ( GEOMETRIC_REPRESENTATION_CONTEXT(2) 
PARAMETRIC_REPRESENTATION_CONTEXT() REPRESENTATION_CONTEXT('2D SPACE',''
  ) );
#7337 = ORIENTED_EDGE('',*,*,#1297,.F.);
#7338 = ORIENTED_EDGE('',*,*,#7264,.T.);
#7339 = ADVANCED_FACE('',(#7340),#1369,.T.);
#7340 = FACE_BOUND('',#7341,.T.);
#7341 = EDGE_LOOP('',(#7342,#7368,#7369));
#7342 = ORIENTED_EDGE('',*,*,#7343,.T.);
#7343 = EDGE_CURVE('',#7265,#1327,#7344,.T.);
#7344 = SURFACE_CURVE('',#7345,(#7349,#7356),.PCURVE_S1.);
#7345 = LINE('',#7346,#7347);
#7346 = CARTESIAN_POINT('',(5.106712416056,-13.53271856002,
    11.727431769106));
#7347 = VECTOR('',#7348,1.);
#7348 = DIRECTION('',(5.464056980041E-02,-2.896959267183E-02,
    -0.998085753246));
#7349 = PCURVE('',#1369,#7350);
#7350 = DEFINITIONAL_REPRESENTATION('',(#7351),#7355);
#7351 = LINE('',#7352,#7353);
#7352 = CARTESIAN_POINT('',(0.,-0.));
#7353 = VECTOR('',#7354,1.);
#7354 = DIRECTION('',(6.184209197884E-02,0.998085946029));
#7355 = ( GEOMETRIC_REPRESENTATION_CONTEXT(2) 
PARAMETRIC_REPRESENTATION_CONTEXT() REPRESENTATION_CONTEXT('2D SPACE',''
  ) );
#7356 = PCURVE('',#7357,#7362);
#7357 = PLANE('',#7358);
#7358 = AXIS2_PLACEMENT_3D('',#7359,#7360,#7361);
#7359 = CARTESIAN_POINT('',(5.71883408583,-13.91763798595,
    11.707852173036));
#7360 = DIRECTION('',(0.532426780984,0.846463675641,4.579160438139E-03)
  );
#7361 = DIRECTION('',(0.846472550407,-0.532432363223,-3.040585735045E-19
    ));
#7362 = DEFINITIONAL_REPRESENTATION('',(#7363),#7367);
#7363 = LINE('',#7364,#7365);
#7364 = CARTESIAN_POINT('',(-0.72308775057,-1.957980135239E-02));
#7365 = VECTOR('',#7366,1.);
#7366 = DIRECTION('',(6.167609116252E-02,0.998096217696));
#7367 = ( GEOMETRIC_REPRESENTATION_CONTEXT(2) 
PARAMETRIC_REPRESENTATION_CONTEXT() REPRESENTATION_CONTEXT('2D SPACE',''
  ) );
#7368 = ORIENTED_EDGE('',*,*,#1355,.F.);
#7369 = ORIENTED_EDGE('',*,*,#7317,.F.);
#7370 = ADVANCED_FACE('',(#7371),#7357,.T.);
#7371 = FACE_BOUND('',#7372,.T.);
#7372 = EDGE_LOOP('',(#7373,#7401,#7402));
#7373 = ORIENTED_EDGE('',*,*,#7374,.T.);
#7374 = EDGE_CURVE('',#7375,#1327,#7377,.T.);
#7375 = VERTEX_POINT('',#7376);
#7376 = CARTESIAN_POINT('',(5.71883408583,-13.91763798595,
    11.707852173036));
#7377 = SURFACE_CURVE('',#7378,(#7382,#7389),.PCURVE_S1.);
#7378 = LINE('',#7379,#7380);
#7379 = CARTESIAN_POINT('',(5.71883408583,-13.91763798595,
    11.707852173036));
#7380 = VECTOR('',#7381,1.);
#7381 = DIRECTION('',(2.443079535049E-03,3.872997211895E-03,
    -0.999989515573));
#7382 = PCURVE('',#7357,#7383);
#7383 = DEFINITIONAL_REPRESENTATION('',(#7384),#7388);
#7384 = LINE('',#7385,#7386);
#7385 = CARTESIAN_POINT('',(0.,0.));
#7386 = VECTOR('',#7387,1.);
#7387 = DIRECTION('',(5.890706592735E-06,0.999999999983));
#7388 = ( GEOMETRIC_REPRESENTATION_CONTEXT(2) 
PARAMETRIC_REPRESENTATION_CONTEXT() REPRESENTATION_CONTEXT('2D SPACE',''
  ) );
#7389 = PCURVE('',#7390,#7395);
#7390 = PLANE('',#7391);
#7391 = AXIS2_PLACEMENT_3D('',#7392,#7393,#7394);
#7392 = CARTESIAN_POINT('',(6.486665002118,-14.06937855721,
    11.736881315073));
#7393 = DIRECTION('',(0.193715578375,0.981048427437,4.272905188309E-03)
  );
#7394 = DIRECTION('',(0.981057383412,-0.193717346802,6.837304593856E-20)
  );
#7395 = DEFINITIONAL_REPRESENTATION('',(#7396),#7400);
#7396 = LINE('',#7397,#7398);
#7397 = CARTESIAN_POINT('',(-0.782680970504,2.902940704412E-02));
#7398 = VECTOR('',#7399,1.);
#7399 = DIRECTION('',(1.646534472064E-03,0.999998644461));
#7400 = ( GEOMETRIC_REPRESENTATION_CONTEXT(2) 
PARAMETRIC_REPRESENTATION_CONTEXT() REPRESENTATION_CONTEXT('2D SPACE',''
  ) );
#7401 = ORIENTED_EDGE('',*,*,#7343,.F.);
#7402 = ORIENTED_EDGE('',*,*,#7403,.T.);
#7403 = EDGE_CURVE('',#7265,#7375,#7404,.T.);
#7404 = SURFACE_CURVE('',#7405,(#7409,#7416),.PCURVE_S1.);
#7405 = LINE('',#7406,#7407);
#7406 = CARTESIAN_POINT('',(5.106712416056,-13.53271856002,
    11.727431769106));
#7407 = VECTOR('',#7408,1.);
#7408 = DIRECTION('',(0.846228390078,-0.532132355701,-2.706783778228E-02
    ));
#7409 = PCURVE('',#7357,#7410);
#7410 = DEFINITIONAL_REPRESENTATION('',(#7411),#7415);
#7411 = LINE('',#7412,#7413);
#7412 = CARTESIAN_POINT('',(-0.72308775057,-1.957980135239E-02));
#7413 = VECTOR('',#7414,1.);
#7414 = DIRECTION('',(0.99963359127,2.706812157557E-02));
#7415 = ( GEOMETRIC_REPRESENTATION_CONTEXT(2) 
PARAMETRIC_REPRESENTATION_CONTEXT() REPRESENTATION_CONTEXT('2D SPACE',''
  ) );
#7416 = PCURVE('',#7417,#7422);
#7417 = PLANE('',#7418);
#7418 = AXIS2_PLACEMENT_3D('',#7419,#7420,#7421);
#7419 = CARTESIAN_POINT('',(5.71883408583,-13.91763798595,
    11.707852173036));
#7420 = DIRECTION('',(1.919985888306E-02,-2.031411153287E-02,
    0.999609274813));
#7421 = DIRECTION('',(-4.524615214674E-20,0.999793571041,
    2.031785681038E-02));
#7422 = DEFINITIONAL_REPRESENTATION('',(#7423),#7427);
#7423 = LINE('',#7424,#7425);
#7424 = CARTESIAN_POINT('',(0.385237782841,0.612234525584));
#7425 = VECTOR('',#7426,1.);
#7426 = DIRECTION('',(-0.532572468625,-0.846384407738));
#7427 = ( GEOMETRIC_REPRESENTATION_CONTEXT(2) 
PARAMETRIC_REPRESENTATION_CONTEXT() REPRESENTATION_CONTEXT('2D SPACE',''
  ) );
#7428 = ADVANCED_FACE('',(#7429),#7390,.T.);
#7429 = FACE_BOUND('',#7430,.T.);
#7430 = EDGE_LOOP('',(#7431,#7454,#7455));
#7431 = ORIENTED_EDGE('',*,*,#7432,.F.);
#7432 = EDGE_CURVE('',#1327,#7433,#7435,.T.);
#7433 = VERTEX_POINT('',#7434);
#7434 = CARTESIAN_POINT('',(6.486665002118,-14.06937855721,
    11.736881315073));
#7435 = SURFACE_CURVE('',#7436,(#7440,#7447),.PCURVE_S1.);
#7436 = LINE('',#7437,#7438);
#7437 = CARTESIAN_POINT('',(5.747376998427,-13.87238910259,
    2.480504669501E-02));
#7438 = VECTOR('',#7439,1.);
#7439 = DIRECTION('',(6.298760786772E-02,-1.678357346469E-02,
    0.997873174766));
#7440 = PCURVE('',#7390,#7441);
#7441 = DEFINITIONAL_REPRESENTATION('',(#7442),#7446);
#7442 = LINE('',#7443,#7444);
#7443 = CARTESIAN_POINT('',(-0.763444228986,11.71218318774));
#7444 = VECTOR('',#7445,1.);
#7445 = DIRECTION('',(6.504572708355E-02,-0.997882284334));
#7446 = ( GEOMETRIC_REPRESENTATION_CONTEXT(2) 
PARAMETRIC_REPRESENTATION_CONTEXT() REPRESENTATION_CONTEXT('2D SPACE',''
  ) );
#7447 = PCURVE('',#1427,#7448);
#7448 = DEFINITIONAL_REPRESENTATION('',(#7449),#7453);
#7449 = LINE('',#7450,#7451);
#7450 = CARTESIAN_POINT('',(-0.765045156004,11.712078723404));
#7451 = VECTOR('',#7452,1.);
#7452 = DIRECTION('',(6.518212665003E-02,-0.997873383935));
#7453 = ( GEOMETRIC_REPRESENTATION_CONTEXT(2) 
PARAMETRIC_REPRESENTATION_CONTEXT() REPRESENTATION_CONTEXT('2D SPACE',''
  ) );
#7454 = ORIENTED_EDGE('',*,*,#7374,.F.);
#7455 = ORIENTED_EDGE('',*,*,#7456,.T.);
#7456 = EDGE_CURVE('',#7375,#7433,#7457,.T.);
#7457 = SURFACE_CURVE('',#7458,(#7462,#7469),.PCURVE_S1.);
#7458 = LINE('',#7459,#7460);
#7459 = CARTESIAN_POINT('',(5.71883408583,-13.91763798595,
    11.707852173036));
#7460 = VECTOR('',#7461,1.);
#7461 = DIRECTION('',(0.980352605465,-0.193739612766,3.706388272106E-02)
  );
#7462 = PCURVE('',#7390,#7463);
#7463 = DEFINITIONAL_REPRESENTATION('',(#7464),#7468);
#7464 = LINE('',#7465,#7466);
#7465 = CARTESIAN_POINT('',(-0.782680970504,2.902940704412E-02));
#7466 = VECTOR('',#7467,1.);
#7467 = DIRECTION('',(0.999312885695,-3.706422107666E-02));
#7468 = ( GEOMETRIC_REPRESENTATION_CONTEXT(2) 
PARAMETRIC_REPRESENTATION_CONTEXT() REPRESENTATION_CONTEXT('2D SPACE',''
  ) );
#7469 = PCURVE('',#7470,#7475);
#7470 = PLANE('',#7471);
#7471 = AXIS2_PLACEMENT_3D('',#7472,#7473,#7474);
#7472 = CARTESIAN_POINT('',(6.486665002118,-14.06937855721,
    11.736881315073));
#7473 = DIRECTION('',(-3.313559864896E-02,2.347860851732E-02,
    0.999175053254));
#7474 = DIRECTION('',(0.999450562319,1.848440603215E-20,
    3.314473534405E-02));
#7475 = DEFINITIONAL_REPRESENTATION('',(#7476),#7480);
#7476 = LINE('',#7477,#7478);
#7477 = CARTESIAN_POINT('',(-0.76837120428,0.151782411681));
#7478 = VECTOR('',#7479,1.);
#7479 = DIRECTION('',(0.981042435387,-0.193793033855));
#7480 = ( GEOMETRIC_REPRESENTATION_CONTEXT(2) 
PARAMETRIC_REPRESENTATION_CONTEXT() REPRESENTATION_CONTEXT('2D SPACE',''
  ) );
#7481 = ADVANCED_FACE('',(#7482),#1427,.T.);
#7482 = FACE_BOUND('',#7483,.T.);
#7483 = EDGE_LOOP('',(#7484,#7505,#7506));
#7484 = ORIENTED_EDGE('',*,*,#7485,.F.);
#7485 = EDGE_CURVE('',#1385,#7433,#7486,.T.);
#7486 = SURFACE_CURVE('',#7487,(#7491,#7498),.PCURVE_S1.);
#7487 = LINE('',#7488,#7489);
#7488 = CARTESIAN_POINT('',(6.440615023043,-14.04975580139,
    6.399971958688E-03));
#7489 = VECTOR('',#7490,1.);
#7490 = DIRECTION('',(3.925632586511E-03,-1.672785335698E-03,
    0.999990895558));
#7491 = PCURVE('',#1427,#7492);
#7492 = DEFINITIONAL_REPRESENTATION('',(#7493),#7497);
#7493 = LINE('',#7494,#7495);
#7494 = CARTESIAN_POINT('',(-4.947691713915E-02,11.730483801999));
#7495 = VECTOR('',#7496,1.);
#7496 = DIRECTION('',(4.217769521321E-03,-0.999991105171));
#7497 = ( GEOMETRIC_REPRESENTATION_CONTEXT(2) 
PARAMETRIC_REPRESENTATION_CONTEXT() REPRESENTATION_CONTEXT('2D SPACE',''
  ) );
#7498 = PCURVE('',#3631,#7499);
#7499 = DEFINITIONAL_REPRESENTATION('',(#7500),#7504);
#7500 = LINE('',#7501,#7502);
#7501 = CARTESIAN_POINT('',(-4.583034591408E-02,11.730498615731));
#7502 = VECTOR('',#7503,1.);
#7503 = DIRECTION('',(3.906909470619E-03,-0.999992368));
#7504 = ( GEOMETRIC_REPRESENTATION_CONTEXT(2) 
PARAMETRIC_REPRESENTATION_CONTEXT() REPRESENTATION_CONTEXT('2D SPACE',''
  ) );
#7505 = ORIENTED_EDGE('',*,*,#1413,.F.);
#7506 = ORIENTED_EDGE('',*,*,#7432,.T.);
#7507 = ADVANCED_FACE('',(#7508),#3631,.T.);
#7508 = FACE_BOUND('',#7509,.T.);
#7509 = EDGE_LOOP('',(#7510,#7536,#7537));
#7510 = ORIENTED_EDGE('',*,*,#7511,.T.);
#7511 = EDGE_CURVE('',#7433,#3616,#7512,.T.);
#7512 = SURFACE_CURVE('',#7513,(#7517,#7524),.PCURVE_S1.);
#7513 = LINE('',#7514,#7515);
#7514 = CARTESIAN_POINT('',(6.486665002118,-14.06937855721,
    11.736881315073));
#7515 = VECTOR('',#7516,1.);
#7516 = DIRECTION('',(5.641696347818E-02,2.336859961149E-03,
    -0.998404559944));
#7517 = PCURVE('',#3631,#7518);
#7518 = DEFINITIONAL_REPRESENTATION('',(#7519),#7523);
#7519 = LINE('',#7520,#7521);
#7520 = CARTESIAN_POINT('',(0.,0.));
#7521 = VECTOR('',#7522,1.);
#7522 = DIRECTION('',(5.643934051663E-02,0.998406030051));
#7523 = ( GEOMETRIC_REPRESENTATION_CONTEXT(2) 
PARAMETRIC_REPRESENTATION_CONTEXT() REPRESENTATION_CONTEXT('2D SPACE',''
  ) );
#7524 = PCURVE('',#7525,#7530);
#7525 = PLANE('',#7526);
#7526 = AXIS2_PLACEMENT_3D('',#7527,#7528,#7529);
#7527 = CARTESIAN_POINT('',(7.168124660139,-13.99019854798,
    11.780467265785));
#7528 = DIRECTION('',(-0.115150388129,0.993339267602,-4.181812310155E-03
    ));
#7529 = DIRECTION('',(0.993347953253,0.115151394992,4.230511261329E-20)
  );
#7530 = DEFINITIONAL_REPRESENTATION('',(#7531),#7535);
#7531 = LINE('',#7532,#7533);
#7532 = CARTESIAN_POINT('',(-0.686044245038,4.35863318223E-02));
#7533 = VECTOR('',#7534,1.);
#7534 = DIRECTION('',(5.631076788421E-02,0.998413289886));
#7535 = ( GEOMETRIC_REPRESENTATION_CONTEXT(2) 
PARAMETRIC_REPRESENTATION_CONTEXT() REPRESENTATION_CONTEXT('2D SPACE',''
  ) );
#7536 = ORIENTED_EDGE('',*,*,#3615,.F.);
#7537 = ORIENTED_EDGE('',*,*,#7485,.T.);
#7538 = ADVANCED_FACE('',(#7539),#7525,.T.);
#7539 = FACE_BOUND('',#7540,.T.);
#7540 = EDGE_LOOP('',(#7541,#7569,#7570));
#7541 = ORIENTED_EDGE('',*,*,#7542,.F.);
#7542 = EDGE_CURVE('',#3616,#7543,#7545,.T.);
#7543 = VERTEX_POINT('',#7544);
#7544 = CARTESIAN_POINT('',(7.168124660139,-13.99019854798,
    11.780467265785));
#7545 = SURFACE_CURVE('',#7546,(#7550,#7557),.PCURVE_S1.);
#7546 = LINE('',#7547,#7548);
#7547 = CARTESIAN_POINT('',(7.14849506188,-14.04196474278,
    2.455032743379E-02));
#7548 = VECTOR('',#7549,1.);
#7549 = DIRECTION('',(1.669744749899E-03,4.403367345997E-03,
    0.999988911093));
#7550 = PCURVE('',#7525,#7551);
#7551 = DEFINITIONAL_REPRESENTATION('',(#7552),#7556);
#7552 = LINE('',#7553,#7554);
#7553 = CARTESIAN_POINT('',(-2.545997079814E-02,11.756019730817));
#7554 = VECTOR('',#7555,1.);
#7555 = DIRECTION('',(2.165691422319E-03,-0.999997654888));
#7556 = ( GEOMETRIC_REPRESENTATION_CONTEXT(2) 
PARAMETRIC_REPRESENTATION_CONTEXT() REPRESENTATION_CONTEXT('2D SPACE',''
  ) );
#7557 = PCURVE('',#7558,#7563);
#7558 = PLANE('',#7559);
#7559 = AXIS2_PLACEMENT_3D('',#7560,#7561,#7562);
#7560 = CARTESIAN_POINT('',(7.836511876291,-13.85862359939,
    11.730800725763));
#7561 = DIRECTION('',(-0.193431947851,0.981105551762,-3.997230495138E-03
    ));
#7562 = DIRECTION('',(0.981113389836,0.193433493183,-3.788376036147E-20)
  );
#7563 = DEFINITIONAL_REPRESENTATION('',(#7564),#7568);
#7564 = LINE('',#7565,#7566);
#7565 = CARTESIAN_POINT('',(-0.71048682686,11.706343919816));
#7566 = VECTOR('',#7567,1.);
#7567 = DIRECTION('',(2.489967659239E-03,-0.999996900026));
#7568 = ( GEOMETRIC_REPRESENTATION_CONTEXT(2) 
PARAMETRIC_REPRESENTATION_CONTEXT() REPRESENTATION_CONTEXT('2D SPACE',''
  ) );
#7569 = ORIENTED_EDGE('',*,*,#7511,.F.);
#7570 = ORIENTED_EDGE('',*,*,#7571,.T.);
#7571 = EDGE_CURVE('',#7433,#7543,#7572,.T.);
#7572 = SURFACE_CURVE('',#7573,(#7577,#7584),.PCURVE_S1.);
#7573 = LINE('',#7574,#7575);
#7574 = CARTESIAN_POINT('',(6.486665002118,-14.06937855721,
    11.736881315073));
#7575 = VECTOR('',#7576,1.);
#7576 = DIRECTION('',(0.991318684927,0.115183080469,6.340443903324E-02)
  );
#7577 = PCURVE('',#7525,#7578);
#7578 = DEFINITIONAL_REPRESENTATION('',(#7579),#7583);
#7579 = LINE('',#7580,#7581);
#7580 = CARTESIAN_POINT('',(-0.686044245038,4.35863318223E-02));
#7581 = VECTOR('',#7582,1.);
#7582 = DIRECTION('',(0.997987879088,-6.340499343479E-02));
#7583 = ( GEOMETRIC_REPRESENTATION_CONTEXT(2) 
PARAMETRIC_REPRESENTATION_CONTEXT() REPRESENTATION_CONTEXT('2D SPACE',''
  ) );
#7584 = PCURVE('',#7585,#7590);
#7585 = PLANE('',#7586);
#7586 = AXIS2_PLACEMENT_3D('',#7587,#7588,#7589);
#7587 = CARTESIAN_POINT('',(7.168124660139,-13.99019854798,
    11.780467265785));
#7588 = DIRECTION('',(-6.64274315816E-02,2.259517883697E-02,
    0.997535389962));
#7589 = DIRECTION('',(0.997790129417,2.236930807155E-20,
    6.644439507775E-02));
#7590 = DEFINITIONAL_REPRESENTATION('',(#7591),#7595);
#7591 = LINE('',#7592,#7593);
#7592 = CARTESIAN_POINT('',(-0.682849762498,-7.920022934059E-02));
#7593 = VECTOR('',#7594,1.);
#7594 = DIRECTION('',(0.993340868524,0.115212494638));
#7595 = ( GEOMETRIC_REPRESENTATION_CONTEXT(2) 
PARAMETRIC_REPRESENTATION_CONTEXT() REPRESENTATION_CONTEXT('2D SPACE',''
  ) );
#7596 = ADVANCED_FACE('',(#7597),#7558,.T.);
#7597 = FACE_BOUND('',#7598,.T.);
#7598 = EDGE_LOOP('',(#7599,#7622,#7623));
#7599 = ORIENTED_EDGE('',*,*,#7600,.F.);
#7600 = EDGE_CURVE('',#3616,#7601,#7603,.T.);
#7601 = VERTEX_POINT('',#7602);
#7602 = CARTESIAN_POINT('',(7.836511876291,-13.85862359939,
    11.730800725763));
#7603 = SURFACE_CURVE('',#7604,(#7608,#7615),.PCURVE_S1.);
#7604 = LINE('',#7605,#7606);
#7605 = CARTESIAN_POINT('',(7.14849506188,-14.04196474278,
    2.455032743379E-02));
#7606 = VECTOR('',#7607,1.);
#7607 = DIRECTION('',(5.86650391014E-02,1.56329251267E-02,0.998155310981
    ));
#7608 = PCURVE('',#7558,#7609);
#7609 = DEFINITIONAL_REPRESENTATION('',(#7610),#7614);
#7610 = LINE('',#7611,#7612);
#7611 = CARTESIAN_POINT('',(-0.71048682686,11.706343919816));
#7612 = VECTOR('',#7613,1.);
#7613 = DIRECTION('',(6.058098669355E-02,-0.998163285265));
#7614 = ( GEOMETRIC_REPRESENTATION_CONTEXT(2) 
PARAMETRIC_REPRESENTATION_CONTEXT() REPRESENTATION_CONTEXT('2D SPACE',''
  ) );
#7615 = PCURVE('',#3689,#7616);
#7616 = DEFINITIONAL_REPRESENTATION('',(#7617),#7621);
#7617 = LINE('',#7618,#7619);
#7618 = CARTESIAN_POINT('',(-0.711231757427,11.706298684357));
#7619 = VECTOR('',#7620,1.);
#7620 = DIRECTION('',(6.064450459004E-02,-0.998159428179));
#7621 = ( GEOMETRIC_REPRESENTATION_CONTEXT(2) 
PARAMETRIC_REPRESENTATION_CONTEXT() REPRESENTATION_CONTEXT('2D SPACE',''
  ) );
#7622 = ORIENTED_EDGE('',*,*,#7542,.T.);
#7623 = ORIENTED_EDGE('',*,*,#7624,.T.);
#7624 = EDGE_CURVE('',#7543,#7601,#7625,.T.);
#7625 = SURFACE_CURVE('',#7626,(#7630,#7637),.PCURVE_S1.);
#7626 = LINE('',#7627,#7628);
#7627 = CARTESIAN_POINT('',(7.168124660139,-13.99019854798,
    11.780467265785));
#7628 = VECTOR('',#7629,1.);
#7629 = DIRECTION('',(0.978572274346,0.192636234766,-7.271578189025E-02)
  );
#7630 = PCURVE('',#7558,#7631);
#7631 = DEFINITIONAL_REPRESENTATION('',(#7632),#7636);
#7632 = LINE('',#7633,#7634);
#7633 = CARTESIAN_POINT('',(-0.681214649283,-4.966693680878E-02));
#7634 = VECTOR('',#7635,1.);
#7635 = DIRECTION('',(0.997352661088,7.27163628182E-02));
#7636 = ( GEOMETRIC_REPRESENTATION_CONTEXT(2) 
PARAMETRIC_REPRESENTATION_CONTEXT() REPRESENTATION_CONTEXT('2D SPACE',''
  ) );
#7637 = PCURVE('',#7638,#7643);
#7638 = PLANE('',#7639);
#7639 = AXIS2_PLACEMENT_3D('',#7640,#7641,#7642);
#7640 = CARTESIAN_POINT('',(7.836511876291,-13.85862359939,
    11.730800725763));
#7641 = DIRECTION('',(7.688362675156E-02,-1.423943540558E-02,
    0.99693838647));
#7642 = DIRECTION('',(0.997039472214,1.56293767417E-19,
    -7.689142245762E-02));
#7643 = DEFINITIONAL_REPRESENTATION('',(#7644),#7648);
#7644 = LINE('',#7645,#7646);
#7645 = CARTESIAN_POINT('',(-0.670227368138,-0.131588289783));
#7646 = VECTOR('',#7647,1.);
#7647 = DIRECTION('',(0.981266403842,0.192655767344));
#7648 = ( GEOMETRIC_REPRESENTATION_CONTEXT(2) 
PARAMETRIC_REPRESENTATION_CONTEXT() REPRESENTATION_CONTEXT('2D SPACE',''
  ) );
#7649 = ADVANCED_FACE('',(#7650),#3689,.T.);
#7650 = FACE_BOUND('',#7651,.T.);
#7651 = EDGE_LOOP('',(#7652,#7678,#7679));
#7652 = ORIENTED_EDGE('',*,*,#7653,.F.);
#7653 = EDGE_CURVE('',#3674,#7601,#7654,.T.);
#7654 = SURFACE_CURVE('',#7655,(#7659,#7666),.PCURVE_S1.);
#7655 = LINE('',#7656,#7657);
#7656 = CARTESIAN_POINT('',(7.831595777241,-13.89416318197,
    -5.179783547524E-04));
#7657 = VECTOR('',#7658,1.);
#7658 = DIRECTION('',(4.190557075378E-04,3.029447692128E-03,
    0.999995323409));
#7659 = PCURVE('',#3689,#7660);
#7660 = DEFINITIONAL_REPRESENTATION('',(#7661),#7665);
#7661 = LINE('',#7662,#7663);
#7662 = CARTESIAN_POINT('',(-1.232412152659E-02,11.731367093548));
#7663 = VECTOR('',#7664,1.);
#7664 = DIRECTION('',(1.050526731269E-03,-0.999999448197));
#7665 = ( GEOMETRIC_REPRESENTATION_CONTEXT(2) 
PARAMETRIC_REPRESENTATION_CONTEXT() REPRESENTATION_CONTEXT('2D SPACE',''
  ) );
#7666 = PCURVE('',#7667,#7672);
#7667 = PLANE('',#7668);
#7668 = AXIS2_PLACEMENT_3D('',#7669,#7670,#7671);
#7669 = CARTESIAN_POINT('',(8.507057253622,-13.51394019369,
    11.755499122927));
#7670 = DIRECTION('',(-0.4570969023,0.889413378261,-2.502893945326E-03)
  );
#7671 = DIRECTION('',(0.889416164129,0.457098334044,9.330148361133E-20)
  );
#7672 = DEFINITIONAL_REPRESENTATION('',(#7673),#7677);
#7673 = LINE('',#7674,#7675);
#7674 = CARTESIAN_POINT('',(-0.77456564985,11.75605392411));
#7675 = VECTOR('',#7676,1.);
#7676 = DIRECTION('',(1.757470413099E-03,-0.999998455648));
#7677 = ( GEOMETRIC_REPRESENTATION_CONTEXT(2) 
PARAMETRIC_REPRESENTATION_CONTEXT() REPRESENTATION_CONTEXT('2D SPACE',''
  ) );
#7678 = ORIENTED_EDGE('',*,*,#3673,.F.);
#7679 = ORIENTED_EDGE('',*,*,#7600,.T.);
#7680 = ADVANCED_FACE('',(#7681),#7667,.T.);
#7681 = FACE_BOUND('',#7682,.T.);
#7682 = EDGE_LOOP('',(#7683,#7706,#7707));
#7683 = ORIENTED_EDGE('',*,*,#7684,.F.);
#7684 = EDGE_CURVE('',#3674,#7685,#7687,.T.);
#7685 = VERTEX_POINT('',#7686);
#7686 = CARTESIAN_POINT('',(8.507057253622,-13.51394019369,
    11.755499122927));
#7687 = SURFACE_CURVE('',#7688,(#7692,#7699),.PCURVE_S1.);
#7688 = LINE('',#7689,#7690);
#7689 = CARTESIAN_POINT('',(7.831595777241,-13.89416318197,
    -5.179783547524E-04));
#7690 = VECTOR('',#7691,1.);
#7691 = DIRECTION('',(5.733217419195E-02,3.227276663178E-02,
    0.997833398086));
#7692 = PCURVE('',#7667,#7693);
#7693 = DEFINITIONAL_REPRESENTATION('',(#7694),#7698);
#7694 = LINE('',#7695,#7696);
#7695 = CARTESIAN_POINT('',(-0.77456564985,11.75605392411));
#7696 = VECTOR('',#7697,1.);
#7697 = DIRECTION('',(6.574399031336E-02,-0.997836523554));
#7698 = ( GEOMETRIC_REPRESENTATION_CONTEXT(2) 
PARAMETRIC_REPRESENTATION_CONTEXT() REPRESENTATION_CONTEXT('2D SPACE',''
  ) );
#7699 = PCURVE('',#3747,#7700);
#7700 = DEFINITIONAL_REPRESENTATION('',(#7701),#7705);
#7701 = LINE('',#7702,#7703);
#7702 = CARTESIAN_POINT('',(-0.7746227259,11.756050163428));
#7703 = VECTOR('',#7704,1.);
#7704 = DIRECTION('',(6.57488348444E-02,-0.997836204352));
#7705 = ( GEOMETRIC_REPRESENTATION_CONTEXT(2) 
PARAMETRIC_REPRESENTATION_CONTEXT() REPRESENTATION_CONTEXT('2D SPACE',''
  ) );
#7706 = ORIENTED_EDGE('',*,*,#7653,.T.);
#7707 = ORIENTED_EDGE('',*,*,#7708,.T.);
#7708 = EDGE_CURVE('',#7601,#7685,#7709,.T.);
#7709 = SURFACE_CURVE('',#7710,(#7714,#7721),.PCURVE_S1.);
#7710 = LINE('',#7711,#7712);
#7711 = CARTESIAN_POINT('',(7.836511876291,-13.85862359939,
    11.730800725763));
#7712 = VECTOR('',#7713,1.);
#7713 = DIRECTION('',(0.888901854517,0.456926151325,3.274118618141E-02)
  );
#7714 = PCURVE('',#7667,#7715);
#7715 = DEFINITIONAL_REPRESENTATION('',(#7716),#7720);
#7716 = LINE('',#7717,#7718);
#7717 = CARTESIAN_POINT('',(-0.753948107901,2.469847452521E-02));
#7718 = VECTOR('',#7719,1.);
#7719 = DIRECTION('',(0.999463860283,-3.274128873511E-02));
#7720 = ( GEOMETRIC_REPRESENTATION_CONTEXT(2) 
PARAMETRIC_REPRESENTATION_CONTEXT() REPRESENTATION_CONTEXT('2D SPACE',''
  ) );
#7721 = PCURVE('',#7722,#7727);
#7722 = PLANE('',#7723);
#7723 = AXIS2_PLACEMENT_3D('',#7724,#7725,#7726);
#7724 = CARTESIAN_POINT('',(8.507057253622,-13.51394019369,
    11.755499122927));
#7725 = DIRECTION('',(-3.704008486301E-02,4.514622766933E-04,
    0.999313678629));
#7726 = DIRECTION('',(0.999313780468,2.362586551566E-22,
    3.704008863773E-02));
#7727 = DEFINITIONAL_REPRESENTATION('',(#7728),#7732);
#7728 = LINE('',#7729,#7730);
#7729 = CARTESIAN_POINT('',(-0.671000066816,-0.344683440831));
#7730 = VECTOR('',#7731,1.);
#7731 = DIRECTION('',(0.889504609141,0.456926197889));
#7732 = ( GEOMETRIC_REPRESENTATION_CONTEXT(2) 
PARAMETRIC_REPRESENTATION_CONTEXT() REPRESENTATION_CONTEXT('2D SPACE',''
  ) );
#7733 = ADVANCED_FACE('',(#7734),#3747,.T.);
#7734 = FACE_BOUND('',#7735,.T.);
#7735 = EDGE_LOOP('',(#7736,#7762,#7763));
#7736 = ORIENTED_EDGE('',*,*,#7737,.F.);
#7737 = EDGE_CURVE('',#3732,#7685,#7738,.T.);
#7738 = SURFACE_CURVE('',#7739,(#7743,#7750),.PCURVE_S1.);
#7739 = LINE('',#7740,#7741);
#7740 = CARTESIAN_POINT('',(8.500898549282,-13.54855077987,
    -1.925352859289E-02));
#7741 = VECTOR('',#7742,1.);
#7742 = DIRECTION('',(5.230408717954E-04,2.939376559055E-03,
    0.999995543237));
#7743 = PCURVE('',#3747,#7744);
#7744 = DEFINITIONAL_REPRESENTATION('',(#7745),#7749);
#7745 = LINE('',#7746,#7747);
#7746 = CARTESIAN_POINT('',(-2.135376253277E-02,11.774785766357));
#7747 = VECTOR('',#7748,1.);
#7748 = DIRECTION('',(1.813513030472E-03,-0.999998355584));
#7749 = ( GEOMETRIC_REPRESENTATION_CONTEXT(2) 
PARAMETRIC_REPRESENTATION_CONTEXT() REPRESENTATION_CONTEXT('2D SPACE',''
  ) );
#7750 = PCURVE('',#7751,#7756);
#7751 = PLANE('',#7752);
#7752 = AXIS2_PLACEMENT_3D('',#7753,#7754,#7755);
#7753 = CARTESIAN_POINT('',(8.998895328372,-13.05957012579,
    11.736831695127));
#7754 = DIRECTION('',(-0.678610765267,0.734495864353,-1.804026800247E-03
    ));
#7755 = DIRECTION('',(0.734497059569,0.678611869543,5.063524087553E-20)
  );
#7756 = DEFINITIONAL_REPRESENTATION('',(#7757),#7761);
#7757 = LINE('',#7758,#7759);
#7758 = CARTESIAN_POINT('',(-0.697605245749,11.756104353931));
#7759 = VECTOR('',#7760,1.);
#7760 = DIRECTION('',(2.378867804399E-03,-0.99999717049));
#7761 = ( GEOMETRIC_REPRESENTATION_CONTEXT(2) 
PARAMETRIC_REPRESENTATION_CONTEXT() REPRESENTATION_CONTEXT('2D SPACE',''
  ) );
#7762 = ORIENTED_EDGE('',*,*,#3731,.F.);
#7763 = ORIENTED_EDGE('',*,*,#7684,.T.);
#7764 = ADVANCED_FACE('',(#7765),#7751,.T.);
#7765 = FACE_BOUND('',#7766,.T.);
#7766 = EDGE_LOOP('',(#7767,#7790,#7791));
#7767 = ORIENTED_EDGE('',*,*,#7768,.F.);
#7768 = EDGE_CURVE('',#3732,#7769,#7771,.T.);
#7769 = VERTEX_POINT('',#7770);
#7770 = CARTESIAN_POINT('',(8.998895328372,-13.05957012579,
    11.736831695127));
#7771 = SURFACE_CURVE('',#7772,(#7776,#7783),.PCURVE_S1.);
#7772 = LINE('',#7773,#7774);
#7773 = CARTESIAN_POINT('',(8.500898549282,-13.54855077987,
    -1.925352859289E-02));
#7774 = VECTOR('',#7775,1.);
#7775 = DIRECTION('',(4.228631320719E-02,4.152072856443E-02,
    0.998242403835));
#7776 = PCURVE('',#7751,#7777);
#7777 = DEFINITIONAL_REPRESENTATION('',(#7778),#7782);
#7778 = LINE('',#7779,#7780);
#7779 = CARTESIAN_POINT('',(-0.697605245749,11.756104353931));
#7780 = VECTOR('',#7781,1.);
#7781 = DIRECTION('',(5.923563194658E-02,-0.998244028236));
#7782 = ( GEOMETRIC_REPRESENTATION_CONTEXT(2) 
PARAMETRIC_REPRESENTATION_CONTEXT() REPRESENTATION_CONTEXT('2D SPACE',''
  ) );
#7783 = PCURVE('',#3805,#7784);
#7784 = DEFINITIONAL_REPRESENTATION('',(#7785),#7789);
#7785 = LINE('',#7786,#7787);
#7786 = CARTESIAN_POINT('',(-0.696278413965,11.756183012766));
#7787 = VECTOR('',#7788,1.);
#7788 = DIRECTION('',(5.912296691186E-02,-0.998250707379));
#7789 = ( GEOMETRIC_REPRESENTATION_CONTEXT(2) 
PARAMETRIC_REPRESENTATION_CONTEXT() REPRESENTATION_CONTEXT('2D SPACE',''
  ) );
#7790 = ORIENTED_EDGE('',*,*,#7737,.T.);
#7791 = ORIENTED_EDGE('',*,*,#7792,.T.);
#7792 = EDGE_CURVE('',#7685,#7769,#7793,.T.);
#7793 = SURFACE_CURVE('',#7794,(#7798,#7805),.PCURVE_S1.);
#7794 = LINE('',#7795,#7796);
#7795 = CARTESIAN_POINT('',(8.507057253622,-13.51394019369,
    11.755499122927));
#7796 = VECTOR('',#7797,1.);
#7797 = DIRECTION('',(0.734245908094,0.678311379777,-2.786787599477E-02)
  );
#7798 = PCURVE('',#7751,#7799);
#7799 = DEFINITIONAL_REPRESENTATION('',(#7800),#7804);
#7800 = LINE('',#7801,#7802);
#7801 = CARTESIAN_POINT('',(-0.669594540925,-1.866745817656E-02));
#7802 = VECTOR('',#7803,1.);
#7803 = DIRECTION('',(0.999611614058,2.786792134306E-02));
#7804 = ( GEOMETRIC_REPRESENTATION_CONTEXT(2) 
PARAMETRIC_REPRESENTATION_CONTEXT() REPRESENTATION_CONTEXT('2D SPACE',''
  ) );
#7805 = PCURVE('',#7806,#7811);
#7806 = PLANE('',#7807);
#7807 = AXIS2_PLACEMENT_3D('',#7808,#7809,#7810);
#7808 = CARTESIAN_POINT('',(10.905533704632,-14.71857557806,
    11.754922276773));
#7809 = DIRECTION('',(1.351707033177E-02,2.643437461142E-02,
    0.999559159154));
#7810 = DIRECTION('',(7.202707890672E-20,0.999650486991,
    -2.643678987042E-02));
#7811 = DEFINITIONAL_REPRESENTATION('',(#7812),#7816);
#7812 = LINE('',#7813,#7814);
#7813 = CARTESIAN_POINT('',(1.204199098671,2.398695595285));
#7814 = VECTOR('',#7815,1.);
#7815 = DIRECTION('',(0.678811038308,-0.734312994759));
#7816 = ( GEOMETRIC_REPRESENTATION_CONTEXT(2) 
PARAMETRIC_REPRESENTATION_CONTEXT() REPRESENTATION_CONTEXT('2D SPACE',''
  ) );
#7817 = ADVANCED_FACE('',(#7818),#3805,.T.);
#7818 = FACE_BOUND('',#7819,.T.);
#7819 = EDGE_LOOP('',(#7820,#7841,#7842));
#7820 = ORIENTED_EDGE('',*,*,#7821,.T.);
#7821 = EDGE_CURVE('',#7769,#3790,#7822,.T.);
#7822 = SURFACE_CURVE('',#7823,(#7827,#7834),.PCURVE_S1.);
#7823 = LINE('',#7824,#7825);
#7824 = CARTESIAN_POINT('',(8.998895328372,-13.05957012579,
    11.736831695127));
#7825 = VECTOR('',#7826,1.);
#7826 = DIRECTION('',(1.986846695513E-03,-3.667710793449E-03,
    -0.999991300131));
#7827 = PCURVE('',#3805,#7828);
#7828 = DEFINITIONAL_REPRESENTATION('',(#7829),#7833);
#7829 = LINE('',#7830,#7831);
#7830 = CARTESIAN_POINT('',(0.,0.));
#7831 = VECTOR('',#7832,1.);
#7832 = DIRECTION('',(-8.738159201432E-04,0.999999618223));
#7833 = ( GEOMETRIC_REPRESENTATION_CONTEXT(2) 
PARAMETRIC_REPRESENTATION_CONTEXT() REPRESENTATION_CONTEXT('2D SPACE',''
  ) );
#7834 = PCURVE('',#3863,#7835);
#7835 = DEFINITIONAL_REPRESENTATION('',(#7836),#7840);
#7836 = LINE('',#7837,#7838);
#7837 = CARTESIAN_POINT('',(0.,0.));
#7838 = VECTOR('',#7839,1.);
#7839 = DIRECTION('',(1.911490667492E-03,-0.9999981731));
#7840 = ( GEOMETRIC_REPRESENTATION_CONTEXT(2) 
PARAMETRIC_REPRESENTATION_CONTEXT() REPRESENTATION_CONTEXT('2D SPACE',''
  ) );
#7841 = ORIENTED_EDGE('',*,*,#3789,.F.);
#7842 = ORIENTED_EDGE('',*,*,#7768,.T.);
#7843 = ADVANCED_FACE('',(#7844),#3863,.T.);
#7844 = FACE_BOUND('',#7845,.T.);
#7845 = EDGE_LOOP('',(#7846,#7872,#7873));
#7846 = ORIENTED_EDGE('',*,*,#7847,.T.);
#7847 = EDGE_CURVE('',#7769,#3848,#7848,.T.);
#7848 = SURFACE_CURVE('',#7849,(#7853,#7860),.PCURVE_S1.);
#7849 = LINE('',#7850,#7851);
#7850 = CARTESIAN_POINT('',(8.998895328372,-13.05957012579,
    11.736831695127));
#7851 = VECTOR('',#7852,1.);
#7852 = DIRECTION('',(3.729499675067E-02,4.814148968106E-02,
    -0.998144017759));
#7853 = PCURVE('',#3863,#7854);
#7854 = DEFINITIONAL_REPRESENTATION('',(#7855),#7859);
#7855 = LINE('',#7856,#7857);
#7856 = CARTESIAN_POINT('',(0.,0.));
#7857 = VECTOR('',#7858,1.);
#7858 = DIRECTION('',(-6.078506958279E-02,-0.998150878032));
#7859 = ( GEOMETRIC_REPRESENTATION_CONTEXT(2) 
PARAMETRIC_REPRESENTATION_CONTEXT() REPRESENTATION_CONTEXT('2D SPACE',''
  ) );
#7860 = PCURVE('',#7861,#7866);
#7861 = PLANE('',#7862);
#7862 = AXIS2_PLACEMENT_3D('',#7863,#7864,#7865);
#7863 = CARTESIAN_POINT('',(9.428065663805,-12.4276885846,
    11.749117480675));
#7864 = DIRECTION('',(-0.827195902234,0.561900746721,-3.806594457627E-03
    ));
#7865 = DIRECTION('',(-0.561904817782,-0.8272018954,2.505920228391E-19)
  );
#7866 = DEFINITIONAL_REPRESENTATION('',(#7867),#7871);
#7867 = LINE('',#7868,#7869);
#7868 = CARTESIAN_POINT('',(0.76384648767,-1.228587456019E-02));
#7869 = VECTOR('',#7870,1.);
#7870 = DIRECTION('',(-6.077896986492E-02,-0.998151249472));
#7871 = ( GEOMETRIC_REPRESENTATION_CONTEXT(2) 
PARAMETRIC_REPRESENTATION_CONTEXT() REPRESENTATION_CONTEXT('2D SPACE',''
  ) );
#7872 = ORIENTED_EDGE('',*,*,#3847,.F.);
#7873 = ORIENTED_EDGE('',*,*,#7821,.F.);
#7874 = ADVANCED_FACE('',(#7875),#7861,.T.);
#7875 = FACE_BOUND('',#7876,.T.);
#7876 = EDGE_LOOP('',(#7877,#7905,#7906));
#7877 = ORIENTED_EDGE('',*,*,#7878,.T.);
#7878 = EDGE_CURVE('',#7879,#3848,#7881,.T.);
#7879 = VERTEX_POINT('',#7880);
#7880 = CARTESIAN_POINT('',(9.428065663805,-12.4276885846,
    11.749117480675));
#7881 = SURFACE_CURVE('',#7882,(#7886,#7893),.PCURVE_S1.);
#7882 = LINE('',#7883,#7884);
#7883 = CARTESIAN_POINT('',(9.428065663805,-12.4276885846,
    11.749117480675));
#7884 = VECTOR('',#7885,1.);
#7885 = DIRECTION('',(9.696077483092E-04,-5.346998937408E-03,
    -0.999985234623));
#7886 = PCURVE('',#7861,#7887);
#7887 = DEFINITIONAL_REPRESENTATION('',(#7888),#7892);
#7888 = LINE('',#7889,#7890);
#7889 = CARTESIAN_POINT('',(0.,0.));
#7890 = VECTOR('',#7891,1.);
#7891 = DIRECTION('',(3.878220390593E-03,-0.999992479675));
#7892 = ( GEOMETRIC_REPRESENTATION_CONTEXT(2) 
PARAMETRIC_REPRESENTATION_CONTEXT() REPRESENTATION_CONTEXT('2D SPACE',''
  ) );
#7893 = PCURVE('',#7894,#7899);
#7894 = PLANE('',#7895);
#7895 = AXIS2_PLACEMENT_3D('',#7896,#7897,#7898);
#7896 = CARTESIAN_POINT('',(9.761109079622,-11.86292932639,
    11.738765326349));
#7897 = DIRECTION('',(-0.861402123158,0.507911185232,-3.551075173723E-03
    ));
#7898 = DIRECTION('',(-0.507914387677,-0.861407554408,
    -2.685250623317E-19));
#7899 = DEFINITIONAL_REPRESENTATION('',(#7900),#7904);
#7900 = LINE('',#7901,#7902);
#7901 = CARTESIAN_POINT('',(0.655645434061,1.035221959743E-02));
#7902 = VECTOR('',#7903,1.);
#7903 = DIRECTION('',(4.113467552325E-03,-0.999991539657));
#7904 = ( GEOMETRIC_REPRESENTATION_CONTEXT(2) 
PARAMETRIC_REPRESENTATION_CONTEXT() REPRESENTATION_CONTEXT('2D SPACE',''
  ) );
#7905 = ORIENTED_EDGE('',*,*,#7847,.F.);
#7906 = ORIENTED_EDGE('',*,*,#7907,.T.);
#7907 = EDGE_CURVE('',#7769,#7879,#7908,.T.);
#7908 = SURFACE_CURVE('',#7909,(#7913,#7920),.PCURVE_S1.);
#7909 = LINE('',#7910,#7911);
#7910 = CARTESIAN_POINT('',(8.998895328372,-13.05957012579,
    11.736831695127));
#7911 = VECTOR('',#7912,1.);
#7912 = DIRECTION('',(0.561781509102,0.827129315508,1.608202286051E-02)
  );
#7913 = PCURVE('',#7861,#7914);
#7914 = DEFINITIONAL_REPRESENTATION('',(#7915),#7919);
#7915 = LINE('',#7916,#7917);
#7916 = CARTESIAN_POINT('',(0.76384648767,-1.228587456019E-02));
#7917 = VECTOR('',#7918,1.);
#7918 = DIRECTION('',(-0.999870674034,1.608213937733E-02));
#7919 = ( GEOMETRIC_REPRESENTATION_CONTEXT(2) 
PARAMETRIC_REPRESENTATION_CONTEXT() REPRESENTATION_CONTEXT('2D SPACE',''
  ) );
#7920 = PCURVE('',#7921,#7926);
#7921 = PLANE('',#7922);
#7922 = AXIS2_PLACEMENT_3D('',#7923,#7924,#7925);
#7923 = CARTESIAN_POINT('',(11.672311695855,-13.63555781743,
    11.7063428758));
#7924 = DIRECTION('',(6.29244667155E-03,-2.37111208288E-02,
    0.999699048646));
#7925 = DIRECTION('',(2.102025795879E-20,0.999718840718,
    2.37115902623E-02));
#7926 = DEFINITIONAL_REPRESENTATION('',(#7927),#7931);
#7927 = LINE('',#7928,#7929);
#7928 = CARTESIAN_POINT('',(0.576548685739,2.673469295862));
#7929 = VECTOR('',#7930,1.);
#7930 = DIRECTION('',(0.82727809076,-0.561792631269));
#7931 = ( GEOMETRIC_REPRESENTATION_CONTEXT(2) 
PARAMETRIC_REPRESENTATION_CONTEXT() REPRESENTATION_CONTEXT('2D SPACE',''
  ) );
#7932 = ADVANCED_FACE('',(#7933),#3921,.T.);
#7933 = FACE_BOUND('',#7934,.T.);
#7934 = EDGE_LOOP('',(#7935,#7963,#7964));
#7935 = ORIENTED_EDGE('',*,*,#7936,.F.);
#7936 = EDGE_CURVE('',#3906,#7937,#7939,.T.);
#7937 = VERTEX_POINT('',#7938);
#7938 = CARTESIAN_POINT('',(9.761109079622,-11.86292932639,
    11.738765326349));
#7939 = SURFACE_CURVE('',#7940,(#7944,#7951),.PCURVE_S1.);
#7940 = LINE('',#7941,#7942);
#7941 = CARTESIAN_POINT('',(9.745727072481,-11.81411618125,
    2.26739512081E-02));
#7942 = VECTOR('',#7943,1.);
#7943 = DIRECTION('',(1.312883272297E-03,-4.166293847908E-03,
    0.999990459121));
#7944 = PCURVE('',#3921,#7945);
#7945 = DEFINITIONAL_REPRESENTATION('',(#7946),#7950);
#7946 = LINE('',#7947,#7948);
#7947 = CARTESIAN_POINT('',(-3.814069032034E-02,-11.71614107663));
#7948 = VECTOR('',#7949,1.);
#7949 = DIRECTION('',(3.255379734026E-03,0.999994701237));
#7950 = ( GEOMETRIC_REPRESENTATION_CONTEXT(2) 
PARAMETRIC_REPRESENTATION_CONTEXT() REPRESENTATION_CONTEXT('2D SPACE',''
  ) );
#7951 = PCURVE('',#7952,#7957);
#7952 = PLANE('',#7953);
#7953 = AXIS2_PLACEMENT_3D('',#7954,#7955,#7956);
#7954 = CARTESIAN_POINT('',(9.876102228378,-11.11280235726,
    11.729647168822));
#7955 = DIRECTION('',(-0.988447597908,0.151550732796,1.929139608216E-03)
  );
#7956 = DIRECTION('',(-0.151551014801,-0.988449437206,2.999210281931E-20
    ));
#7957 = DEFINITIONAL_REPRESENTATION('',(#7958),#7962);
#7958 = LINE('',#7959,#7960);
#7959 = CARTESIAN_POINT('',(0.712971741817,-11.70699500189));
#7960 = VECTOR('',#7961,1.);
#7961 = DIRECTION('',(3.919202016968E-03,0.999992319898));
#7962 = ( GEOMETRIC_REPRESENTATION_CONTEXT(2) 
PARAMETRIC_REPRESENTATION_CONTEXT() REPRESENTATION_CONTEXT('2D SPACE',''
  ) );
#7963 = ORIENTED_EDGE('',*,*,#3905,.F.);
#7964 = ORIENTED_EDGE('',*,*,#7965,.T.);
#7965 = EDGE_CURVE('',#3848,#7937,#7966,.T.);
#7966 = SURFACE_CURVE('',#7967,(#7971,#7978),.PCURVE_S1.);
#7967 = LINE('',#7968,#7969);
#7968 = CARTESIAN_POINT('',(9.439511777598,-12.4908093243,
    -5.559922694833E-02));
#7969 = VECTOR('',#7970,1.);
#7970 = DIRECTION('',(2.721838715404E-02,5.314062264128E-02,
    0.998216025531));
#7971 = PCURVE('',#3921,#7972);
#7972 = DEFINITIONAL_REPRESENTATION('',(#7973),#7977);
#7973 = LINE('',#7974,#7975);
#7974 = CARTESIAN_POINT('',(0.704611869206,-11.79441458684));
#7975 = VECTOR('',#7976,1.);
#7976 = DIRECTION('',(-5.963482444875E-02,0.998220260119));
#7977 = ( GEOMETRIC_REPRESENTATION_CONTEXT(2) 
PARAMETRIC_REPRESENTATION_CONTEXT() REPRESENTATION_CONTEXT('2D SPACE',''
  ) );
#7978 = PCURVE('',#7894,#7979);
#7979 = DEFINITIONAL_REPRESENTATION('',(#7980),#7984);
#7980 = LINE('',#7981,#7982);
#7981 = CARTESIAN_POINT('',(0.704204470194,-11.79443891826));
#7982 = VECTOR('',#7983,1.);
#7983 = DIRECTION('',(-5.960034423403E-02,0.998222319409));
#7984 = ( GEOMETRIC_REPRESENTATION_CONTEXT(2) 
PARAMETRIC_REPRESENTATION_CONTEXT() REPRESENTATION_CONTEXT('2D SPACE',''
  ) );
#7985 = ADVANCED_FACE('',(#7986),#7894,.T.);
#7986 = FACE_BOUND('',#7987,.T.);
#7987 = EDGE_LOOP('',(#7988,#7989,#7990));
#7988 = ORIENTED_EDGE('',*,*,#7965,.F.);
#7989 = ORIENTED_EDGE('',*,*,#7878,.F.);
#7990 = ORIENTED_EDGE('',*,*,#7991,.T.);
#7991 = EDGE_CURVE('',#7879,#7937,#7992,.T.);
#7992 = SURFACE_CURVE('',#7993,(#7997,#8004),.PCURVE_S1.);
#7993 = LINE('',#7994,#7995);
#7994 = CARTESIAN_POINT('',(9.428065663805,-12.4276885846,
    11.749117480675));
#7995 = VECTOR('',#7996,1.);
#7996 = DIRECTION('',(0.507899379429,0.861271723599,-1.578728930862E-02)
  );
#7997 = PCURVE('',#7894,#7998);
#7998 = DEFINITIONAL_REPRESENTATION('',(#7999),#8003);
#7999 = LINE('',#8000,#8001);
#8000 = CARTESIAN_POINT('',(0.655645434061,1.035221959743E-02));
#8001 = VECTOR('',#8002,1.);
#8002 = DIRECTION('',(-0.999875371411,-1.578738884948E-02));
#8003 = ( GEOMETRIC_REPRESENTATION_CONTEXT(2) 
PARAMETRIC_REPRESENTATION_CONTEXT() REPRESENTATION_CONTEXT('2D SPACE',''
  ) );
#8004 = PCURVE('',#8005,#8010);
#8005 = PLANE('',#8006);
#8006 = AXIS2_PLACEMENT_3D('',#8007,#8008,#8009);
#8007 = CARTESIAN_POINT('',(12.063162619535,-12.38015131907,
    11.722873196586));
#8008 = DIRECTION('',(9.731140341639E-03,1.258934918873E-02,
    0.999873398583));
#8009 = DIRECTION('',(-9.819909201314E-21,0.999920743498,
    -1.258994530586E-02));
#8010 = DEFINITIONAL_REPRESENTATION('',(#8011),#8015);
#8011 = LINE('',#8012,#8013);
#8012 = CARTESIAN_POINT('',(-4.786391200133E-02,2.635221729966));
#8013 = VECTOR('',#8014,1.);
#8014 = DIRECTION('',(0.861402223324,-0.507923428927));
#8015 = ( GEOMETRIC_REPRESENTATION_CONTEXT(2) 
PARAMETRIC_REPRESENTATION_CONTEXT() REPRESENTATION_CONTEXT('2D SPACE',''
  ) );
#8016 = ADVANCED_FACE('',(#8017),#3979,.T.);
#8017 = FACE_BOUND('',#8018,.T.);
#8018 = EDGE_LOOP('',(#8019,#8020,#8021));
#8019 = ORIENTED_EDGE('',*,*,#5922,.F.);
#8020 = ORIENTED_EDGE('',*,*,#3963,.F.);
#8021 = ORIENTED_EDGE('',*,*,#8022,.T.);
#8022 = EDGE_CURVE('',#3906,#5894,#8023,.T.);
#8023 = SURFACE_CURVE('',#8024,(#8028,#8035),.PCURVE_S1.);
#8024 = LINE('',#8025,#8026);
#8025 = CARTESIAN_POINT('',(9.745727072481,-11.81411618125,
    2.26739512081E-02));
#8026 = VECTOR('',#8027,1.);
#8027 = DIRECTION('',(1.111592234793E-02,5.979475119673E-02,
    0.998148798526));
#8028 = PCURVE('',#3979,#8029);
#8029 = DEFINITIONAL_REPRESENTATION('',(#8030),#8034);
#8030 = LINE('',#8031,#8032);
#8031 = CARTESIAN_POINT('',(0.71139640176,-11.70709083583));
#8032 = VECTOR('',#8033,1.);
#8033 = DIRECTION('',(-6.065440233727E-02,0.998158826779));
#8034 = ( GEOMETRIC_REPRESENTATION_CONTEXT(2) 
PARAMETRIC_REPRESENTATION_CONTEXT() REPRESENTATION_CONTEXT('2D SPACE',''
  ) );
#8035 = PCURVE('',#7952,#8036);
#8036 = DEFINITIONAL_REPRESENTATION('',(#8037),#8041);
#8037 = LINE('',#8038,#8039);
#8038 = CARTESIAN_POINT('',(0.712971741817,-11.70699500189));
#8039 = VECTOR('',#8040,1.);
#8040 = DIRECTION('',(-6.078871748055E-02,0.998150655877));
#8041 = ( GEOMETRIC_REPRESENTATION_CONTEXT(2) 
PARAMETRIC_REPRESENTATION_CONTEXT() REPRESENTATION_CONTEXT('2D SPACE',''
  ) );
#8042 = ADVANCED_FACE('',(#8043),#7952,.T.);
#8043 = FACE_BOUND('',#8044,.T.);
#8044 = EDGE_LOOP('',(#8045,#8046,#8047));
#8045 = ORIENTED_EDGE('',*,*,#8022,.F.);
#8046 = ORIENTED_EDGE('',*,*,#7936,.T.);
#8047 = ORIENTED_EDGE('',*,*,#8048,.T.);
#8048 = EDGE_CURVE('',#7937,#5894,#8049,.T.);
#8049 = SURFACE_CURVE('',#8050,(#8054,#8061),.PCURVE_S1.);
#8050 = LINE('',#8051,#8052);
#8051 = CARTESIAN_POINT('',(9.761109079622,-11.86292932639,
    11.738765326349));
#8052 = VECTOR('',#8053,1.);
#8053 = DIRECTION('',(0.151517167232,0.988381609314,-1.201425836019E-02)
  );
#8054 = PCURVE('',#7952,#8055);
#8055 = DEFINITIONAL_REPRESENTATION('',(#8056),#8060);
#8056 = LINE('',#8057,#8058);
#8057 = CARTESIAN_POINT('',(0.758889908865,9.118174493656E-03));
#8058 = VECTOR('',#8059,1.);
#8059 = DIRECTION('',(-0.999927825925,-1.201428071626E-02));
#8060 = ( GEOMETRIC_REPRESENTATION_CONTEXT(2) 
PARAMETRIC_REPRESENTATION_CONTEXT() REPRESENTATION_CONTEXT('2D SPACE',''
  ) );
#8061 = PCURVE('',#8062,#8067);
#8062 = PLANE('',#8063);
#8063 = AXIS2_PLACEMENT_3D('',#8064,#8065,#8066);
#8064 = CARTESIAN_POINT('',(12.290071627273,-11.08909532994,
    11.757508404391));
#8065 = DIRECTION('',(-1.167669572347E-02,1.394349203727E-02,
    0.999834603225));
#8066 = DIRECTION('',(4.044927197985E-21,0.999902771532,
    -1.394444269875E-02));
#8067 = DEFINITIONAL_REPRESENTATION('',(#8068),#8072);
#8068 = LINE('',#8069,#8070);
#8069 = CARTESIAN_POINT('',(-0.773497395985,2.529134971264));
#8070 = VECTOR('',#8071,1.);
#8071 = DIRECTION('',(0.988453042622,-0.151527497609));
#8072 = ( GEOMETRIC_REPRESENTATION_CONTEXT(2) 
PARAMETRIC_REPRESENTATION_CONTEXT() REPRESENTATION_CONTEXT('2D SPACE',''
  ) );
#8073 = ADVANCED_FACE('',(#8074),#5233,.T.);
#8074 = FACE_BOUND('',#8075,.T.);
#8075 = EDGE_LOOP('',(#8076,#8097,#8098));
#8076 = ORIENTED_EDGE('',*,*,#8077,.F.);
#8077 = EDGE_CURVE('',#5139,#7265,#8078,.T.);
#8078 = SURFACE_CURVE('',#8079,(#8083,#8090),.PCURVE_S1.);
#8079 = LINE('',#8080,#8081);
#8080 = CARTESIAN_POINT('',(2.764898560722,-14.68433190379,
    11.749800839735));
#8081 = VECTOR('',#8082,1.);
#8082 = DIRECTION('',(0.897331931804,0.441273085861,-8.571339397641E-03)
  );
#8083 = PCURVE('',#5233,#8084);
#8084 = DEFINITIONAL_REPRESENTATION('',(#8085),#8089);
#8085 = LINE('',#8086,#8087);
#8086 = CARTESIAN_POINT('',(-1.150905530531,2.342268614335));
#8087 = VECTOR('',#8088,1.);
#8088 = DIRECTION('',(0.441001867285,-0.897506185523));
#8089 = ( GEOMETRIC_REPRESENTATION_CONTEXT(2) 
PARAMETRIC_REPRESENTATION_CONTEXT() REPRESENTATION_CONTEXT('2D SPACE',''
  ) );
#8090 = PCURVE('',#7302,#8091);
#8091 = DEFINITIONAL_REPRESENTATION('',(#8092),#8096);
#8092 = LINE('',#8093,#8094);
#8093 = CARTESIAN_POINT('',(-2.341835080043,-1.151787419529));
#8094 = VECTOR('',#8095,1.);
#8095 = DIRECTION('',(0.897340064649,0.441339787891));
#8096 = ( GEOMETRIC_REPRESENTATION_CONTEXT(2) 
PARAMETRIC_REPRESENTATION_CONTEXT() REPRESENTATION_CONTEXT('2D SPACE',''
  ) );
#8097 = ORIENTED_EDGE('',*,*,#5219,.T.);
#8098 = ORIENTED_EDGE('',*,*,#8099,.T.);
#8099 = EDGE_CURVE('',#5197,#7265,#8100,.T.);
#8100 = SURFACE_CURVE('',#8101,(#8105,#8112),.PCURVE_S1.);
#8101 = LINE('',#8102,#8103);
#8102 = CARTESIAN_POINT('',(3.722294465749,-15.59296906691,
    11.712154270501));
#8103 = VECTOR('',#8104,1.);
#8104 = DIRECTION('',(0.557730954688,0.829998976714,6.154740972749E-03)
  );
#8105 = PCURVE('',#5233,#8106);
#8106 = DEFINITIONAL_REPRESENTATION('',(#8107),#8111);
#8107 = LINE('',#8108,#8109);
#8108 = CARTESIAN_POINT('',(-2.060126477446,1.384686791711));
#8109 = VECTOR('',#8110,1.);
#8110 = DIRECTION('',(0.829949009826,-0.557839260978));
#8111 = ( GEOMETRIC_REPRESENTATION_CONTEXT(2) 
PARAMETRIC_REPRESENTATION_CONTEXT() REPRESENTATION_CONTEXT('2D SPACE',''
  ) );
#8112 = PCURVE('',#7417,#8113);
#8113 = DEFINITIONAL_REPRESENTATION('',(#8114),#8118);
#8114 = LINE('',#8115,#8116);
#8115 = CARTESIAN_POINT('',(-1.674897834704,1.996907718628));
#8116 = VECTOR('',#8117,1.);
#8117 = DIRECTION('',(0.829952692035,-0.557833782576));
#8118 = ( GEOMETRIC_REPRESENTATION_CONTEXT(2) 
PARAMETRIC_REPRESENTATION_CONTEXT() REPRESENTATION_CONTEXT('2D SPACE',''
  ) );
#8119 = ADVANCED_FACE('',(#8120),#7302,.T.);
#8120 = FACE_BOUND('',#8121,.T.);
#8121 = EDGE_LOOP('',(#8122,#8123,#8144));
#8122 = ORIENTED_EDGE('',*,*,#7288,.F.);
#8123 = ORIENTED_EDGE('',*,*,#8124,.F.);
#8124 = EDGE_CURVE('',#5139,#7181,#8125,.T.);
#8125 = SURFACE_CURVE('',#8126,(#8130,#8137),.PCURVE_S1.);
#8126 = LINE('',#8127,#8128);
#8127 = CARTESIAN_POINT('',(2.764898560722,-14.68433190379,
    11.749800839735));
#8128 = VECTOR('',#8129,1.);
#8129 = DIRECTION('',(0.755583667302,0.655048158153,-2.287401580252E-03)
  );
#8130 = PCURVE('',#7302,#8131);
#8131 = DEFINITIONAL_REPRESENTATION('',(#8132),#8136);
#8132 = LINE('',#8133,#8134);
#8133 = CARTESIAN_POINT('',(-2.341835080043,-1.151787419529));
#8134 = VECTOR('',#8135,1.);
#8135 = DIRECTION('',(0.755501277537,0.65514717403));
#8136 = ( GEOMETRIC_REPRESENTATION_CONTEXT(2) 
PARAMETRIC_REPRESENTATION_CONTEXT() REPRESENTATION_CONTEXT('2D SPACE',''
  ) );
#8137 = PCURVE('',#7218,#8138);
#8138 = DEFINITIONAL_REPRESENTATION('',(#8139),#8143);
#8139 = LINE('',#8140,#8141);
#8140 = CARTESIAN_POINT('',(-2.228624128435,1.363491887115));
#8141 = VECTOR('',#8142,1.);
#8142 = DIRECTION('',(0.655051460833,-0.75558426642));
#8143 = ( GEOMETRIC_REPRESENTATION_CONTEXT(2) 
PARAMETRIC_REPRESENTATION_CONTEXT() REPRESENTATION_CONTEXT('2D SPACE',''
  ) );
#8144 = ORIENTED_EDGE('',*,*,#8077,.T.);
#8145 = ADVANCED_FACE('',(#8146),#5091,.T.);
#8146 = FACE_BOUND('',#8147,.T.);
#8147 = EDGE_LOOP('',(#8148,#8169,#8170));
#8148 = ORIENTED_EDGE('',*,*,#8149,.F.);
#8149 = EDGE_CURVE('',#4945,#7097,#8150,.T.);
#8150 = SURFACE_CURVE('',#8151,(#8155,#8162),.PCURVE_S1.);
#8151 = LINE('',#8152,#8153);
#8152 = CARTESIAN_POINT('',(1.483769354847,-12.41099987558,
    11.79055978507));
#8153 = VECTOR('',#8154,1.);
#8154 = DIRECTION('',(0.999699128673,-1.690321558323E-02,
    -1.777451642585E-02));
#8155 = PCURVE('',#5091,#8156);
#8156 = DEFINITIONAL_REPRESENTATION('',(#8157),#8161);
#8157 = LINE('',#8158,#8159);
#8158 = CARTESIAN_POINT('',(4.623558080203E-02,2.645011866786));
#8159 = VECTOR('',#8160,1.);
#8160 = DIRECTION('',(-1.74776223557E-02,-0.999847254693));
#8161 = ( GEOMETRIC_REPRESENTATION_CONTEXT(2) 
PARAMETRIC_REPRESENTATION_CONTEXT() REPRESENTATION_CONTEXT('2D SPACE',''
  ) );
#8162 = PCURVE('',#7134,#8163);
#8163 = DEFINITIONAL_REPRESENTATION('',(#8164),#8168);
#8164 = LINE('',#8165,#8166);
#8165 = CARTESIAN_POINT('',(-2.394386386907,-0.553486034171));
#8166 = VECTOR('',#8167,1.);
#8167 = DIRECTION('',(0.999857088632,-1.690568876206E-02));
#8168 = ( GEOMETRIC_REPRESENTATION_CONTEXT(2) 
PARAMETRIC_REPRESENTATION_CONTEXT() REPRESENTATION_CONTEXT('2D SPACE',''
  ) );
#8169 = ORIENTED_EDGE('',*,*,#5077,.T.);
#8170 = ORIENTED_EDGE('',*,*,#8171,.T.);
#8171 = EDGE_CURVE('',#5055,#7097,#8172,.T.);
#8172 = SURFACE_CURVE('',#8173,(#8177,#8184),.PCURVE_S1.);
#8173 = LINE('',#8174,#8175);
#8174 = CARTESIAN_POINT('',(1.949518307924,-13.64291028344,
    11.742073423737));
#8175 = VECTOR('',#8176,1.);
#8176 = DIRECTION('',(0.878112313614,0.478454194165,5.905633512621E-04)
  );
#8177 = PCURVE('',#5091,#8178);
#8178 = DEFINITIONAL_REPRESENTATION('',(#8179),#8183);
#8179 = LINE('',#8180,#8181);
#8180 = CARTESIAN_POINT('',(-1.186602564506,2.179193903408));
#8181 = VECTOR('',#8182,1.);
#8182 = DIRECTION('',(0.478215688378,-0.878242424043));
#8183 = ( GEOMETRIC_REPRESENTATION_CONTEXT(2) 
PARAMETRIC_REPRESENTATION_CONTEXT() REPRESENTATION_CONTEXT('2D SPACE',''
  ) );
#8184 = PCURVE('',#5180,#8185);
#8185 = DEFINITIONAL_REPRESENTATION('',(#8186),#8190);
#8186 = LINE('',#8187,#8188);
#8187 = CARTESIAN_POINT('',(-1.187173431312,2.178882961228));
#8188 = VECTOR('',#8189,1.);
#8189 = DIRECTION('',(0.478445754847,-0.878117110452));
#8190 = ( GEOMETRIC_REPRESENTATION_CONTEXT(2) 
PARAMETRIC_REPRESENTATION_CONTEXT() REPRESENTATION_CONTEXT('2D SPACE',''
  ) );
#8191 = ADVANCED_FACE('',(#8192),#5180,.T.);
#8192 = FACE_BOUND('',#8193,.T.);
#8193 = EDGE_LOOP('',(#8194,#8195,#8196));
#8194 = ORIENTED_EDGE('',*,*,#8171,.F.);
#8195 = ORIENTED_EDGE('',*,*,#5166,.T.);
#8196 = ORIENTED_EDGE('',*,*,#8197,.T.);
#8197 = EDGE_CURVE('',#5139,#7097,#8198,.T.);
#8198 = SURFACE_CURVE('',#8199,(#8203,#8210),.PCURVE_S1.);
#8199 = LINE('',#8200,#8201);
#8200 = CARTESIAN_POINT('',(2.764898560722,-14.68433190379,
    11.749800839735));
#8201 = VECTOR('',#8202,1.);
#8202 = DIRECTION('',(0.521882853447,0.853013799708,-2.396828242759E-03)
  );
#8203 = PCURVE('',#5180,#8204);
#8204 = DEFINITIONAL_REPRESENTATION('',(#8205),#8209);
#8205 = LINE('',#8206,#8207);
#8206 = CARTESIAN_POINT('',(-2.228620232937,1.363498254276));
#8207 = VECTOR('',#8208,1.);
#8208 = DIRECTION('',(0.853015422853,-0.521885704321));
#8209 = ( GEOMETRIC_REPRESENTATION_CONTEXT(2) 
PARAMETRIC_REPRESENTATION_CONTEXT() REPRESENTATION_CONTEXT('2D SPACE',''
  ) );
#8210 = PCURVE('',#7218,#8211);
#8211 = DEFINITIONAL_REPRESENTATION('',(#8212),#8216);
#8212 = LINE('',#8213,#8214);
#8213 = CARTESIAN_POINT('',(-2.228624128435,1.363491887115));
#8214 = VECTOR('',#8215,1.);
#8215 = DIRECTION('',(0.853016913874,-0.521883267259));
#8216 = ( GEOMETRIC_REPRESENTATION_CONTEXT(2) 
PARAMETRIC_REPRESENTATION_CONTEXT() REPRESENTATION_CONTEXT('2D SPACE',''
  ) );
#8217 = ADVANCED_FACE('',(#8218),#7218,.T.);
#8218 = FACE_BOUND('',#8219,.T.);
#8219 = EDGE_LOOP('',(#8220,#8221,#8222));
#8220 = ORIENTED_EDGE('',*,*,#8197,.F.);
#8221 = ORIENTED_EDGE('',*,*,#8124,.T.);
#8222 = ORIENTED_EDGE('',*,*,#7204,.F.);
#8223 = ADVANCED_FACE('',(#8224),#5348,.T.);
#8224 = FACE_BOUND('',#8225,.T.);
#8225 = EDGE_LOOP('',(#8226,#8247,#8248));
#8226 = ORIENTED_EDGE('',*,*,#8227,.F.);
#8227 = EDGE_CURVE('',#5197,#7375,#8228,.T.);
#8228 = SURFACE_CURVE('',#8229,(#8233,#8240),.PCURVE_S1.);
#8229 = LINE('',#8230,#8231);
#8230 = CARTESIAN_POINT('',(3.722294465749,-15.59296906691,
    11.712154270501));
#8231 = VECTOR('',#8232,1.);
#8232 = DIRECTION('',(0.766036707312,0.642794709409,-1.650638205885E-03)
  );
#8233 = PCURVE('',#5348,#8234);
#8234 = DEFINITIONAL_REPRESENTATION('',(#8235),#8239);
#8235 = LINE('',#8236,#8237);
#8236 = CARTESIAN_POINT('',(-1.675202842226,1.996651855184));
#8237 = VECTOR('',#8238,1.);
#8238 = DIRECTION('',(0.642745506491,-0.766079769923));
#8239 = ( GEOMETRIC_REPRESENTATION_CONTEXT(2) 
PARAMETRIC_REPRESENTATION_CONTEXT() REPRESENTATION_CONTEXT('2D SPACE',''
  ) );
#8240 = PCURVE('',#7417,#8241);
#8241 = DEFINITIONAL_REPRESENTATION('',(#8242),#8246);
#8242 = LINE('',#8243,#8244);
#8243 = CARTESIAN_POINT('',(-1.674897834704,1.996907718628));
#8244 = VECTOR('',#8245,1.);
#8245 = DIRECTION('',(0.642628480535,-0.766177940171));
#8246 = ( GEOMETRIC_REPRESENTATION_CONTEXT(2) 
PARAMETRIC_REPRESENTATION_CONTEXT() REPRESENTATION_CONTEXT('2D SPACE',''
  ) );
#8247 = ORIENTED_EDGE('',*,*,#5334,.T.);
#8248 = ORIENTED_EDGE('',*,*,#8249,.T.);
#8249 = EDGE_CURVE('',#5307,#7375,#8250,.T.);
#8250 = SURFACE_CURVE('',#8251,(#8255,#8262),.PCURVE_S1.);
#8251 = LINE('',#8252,#8253);
#8252 = CARTESIAN_POINT('',(4.890971146621,-16.1697728499,
    11.733318440059));
#8253 = VECTOR('',#8254,1.);
#8254 = DIRECTION('',(0.344999287089,0.938542946776,-1.061267940824E-02)
  );
#8255 = PCURVE('',#5348,#8256);
#8256 = DEFINITIONAL_REPRESENTATION('',(#8257),#8261);
#8257 = LINE('',#8258,#8259);
#8258 = CARTESIAN_POINT('',(-2.252261734252,0.82790947737));
#8259 = VECTOR('',#8260,1.);
#8260 = DIRECTION('',(0.938595818045,-0.34501868116));
#8261 = ( GEOMETRIC_REPRESENTATION_CONTEXT(2) 
PARAMETRIC_REPRESENTATION_CONTEXT() REPRESENTATION_CONTEXT('2D SPACE',''
  ) );
#8262 = PCURVE('',#7470,#8263);
#8263 = DEFINITIONAL_REPRESENTATION('',(#8264),#8268);
#8264 = LINE('',#8265,#8266);
#8265 = CARTESIAN_POINT('',(-1.594935211714,-2.100973448129));
#8266 = VECTOR('',#8267,1.);
#8267 = DIRECTION('',(0.344457977031,0.938801737355));
#8268 = ( GEOMETRIC_REPRESENTATION_CONTEXT(2) 
PARAMETRIC_REPRESENTATION_CONTEXT() REPRESENTATION_CONTEXT('2D SPACE',''
  ) );
#8269 = ADVANCED_FACE('',(#8270),#7417,.T.);
#8270 = FACE_BOUND('',#8271,.T.);
#8271 = EDGE_LOOP('',(#8272,#8273,#8274));
#8272 = ORIENTED_EDGE('',*,*,#7403,.F.);
#8273 = ORIENTED_EDGE('',*,*,#8099,.F.);
#8274 = ORIENTED_EDGE('',*,*,#8227,.T.);
#8275 = ADVANCED_FACE('',(#8276),#7134,.T.);
#8276 = FACE_BOUND('',#8277,.T.);
#8277 = EDGE_LOOP('',(#8278,#8299,#8300));
#8278 = ORIENTED_EDGE('',*,*,#8279,.F.);
#8279 = EDGE_CURVE('',#4945,#7013,#8280,.T.);
#8280 = SURFACE_CURVE('',#8281,(#8285,#8292),.PCURVE_S1.);
#8281 = LINE('',#8282,#8283);
#8282 = CARTESIAN_POINT('',(1.483769354847,-12.41099987558,
    11.79055978507));
#8283 = VECTOR('',#8284,1.);
#8284 = DIRECTION('',(0.974226111721,0.225187897392,-1.318689153988E-02)
  );
#8285 = PCURVE('',#7134,#8286);
#8286 = DEFINITIONAL_REPRESENTATION('',(#8287),#8291);
#8287 = LINE('',#8288,#8289);
#8288 = CARTESIAN_POINT('',(-2.394386386907,-0.553486034171));
#8289 = VECTOR('',#8290,1.);
#8290 = DIRECTION('',(0.974307739232,0.225220845557));
#8291 = ( GEOMETRIC_REPRESENTATION_CONTEXT(2) 
PARAMETRIC_REPRESENTATION_CONTEXT() REPRESENTATION_CONTEXT('2D SPACE',''
  ) );
#8292 = PCURVE('',#7050,#8293);
#8293 = DEFINITIONAL_REPRESENTATION('',(#8294),#8298);
#8294 = LINE('',#8295,#8296);
#8295 = CARTESIAN_POINT('',(-2.378878185461,-1.294031904063));
#8296 = VECTOR('',#8297,1.);
#8297 = DIRECTION('',(0.974315011808,0.225189382001));
#8298 = ( GEOMETRIC_REPRESENTATION_CONTEXT(2) 
PARAMETRIC_REPRESENTATION_CONTEXT() REPRESENTATION_CONTEXT('2D SPACE',''
  ) );
#8299 = ORIENTED_EDGE('',*,*,#8149,.T.);
#8300 = ORIENTED_EDGE('',*,*,#7120,.F.);
#8301 = ADVANCED_FACE('',(#8302),#5401,.T.);
#8302 = FACE_BOUND('',#8303,.T.);
#8303 = EDGE_LOOP('',(#8304,#8325,#8326));
#8304 = ORIENTED_EDGE('',*,*,#8305,.F.);
#8305 = EDGE_CURVE('',#5307,#7433,#8306,.T.);
#8306 = SURFACE_CURVE('',#8307,(#8311,#8318),.PCURVE_S1.);
#8307 = LINE('',#8308,#8309);
#8308 = CARTESIAN_POINT('',(4.890971146621,-16.1697728499,
    11.733318440059));
#8309 = VECTOR('',#8310,1.);
#8310 = DIRECTION('',(0.604937126697,0.796272094408,1.350707321836E-03)
  );
#8311 = PCURVE('',#5401,#8312);
#8312 = DEFINITIONAL_REPRESENTATION('',(#8313),#8317);
#8313 = LINE('',#8314,#8315);
#8314 = CARTESIAN_POINT('',(-1.595346143316,-2.100661429721));
#8315 = VECTOR('',#8316,1.);
#8316 = DIRECTION('',(0.604805306921,0.796373367662));
#8317 = ( GEOMETRIC_REPRESENTATION_CONTEXT(2) 
PARAMETRIC_REPRESENTATION_CONTEXT() REPRESENTATION_CONTEXT('2D SPACE',''
  ) );
#8318 = PCURVE('',#7470,#8319);
#8319 = DEFINITIONAL_REPRESENTATION('',(#8320),#8324);
#8320 = LINE('',#8321,#8322);
#8321 = CARTESIAN_POINT('',(-1.594935211714,-2.100973448129));
#8322 = VECTOR('',#8323,1.);
#8323 = DIRECTION('',(0.604649520282,0.796491655715));
#8324 = ( GEOMETRIC_REPRESENTATION_CONTEXT(2) 
PARAMETRIC_REPRESENTATION_CONTEXT() REPRESENTATION_CONTEXT('2D SPACE',''
  ) );
#8325 = ORIENTED_EDGE('',*,*,#5387,.T.);
#8326 = ORIENTED_EDGE('',*,*,#8327,.T.);
#8327 = EDGE_CURVE('',#5365,#7433,#8328,.T.);
#8328 = SURFACE_CURVE('',#8329,(#8333,#8340),.PCURVE_S1.);
#8329 = LINE('',#8330,#8331);
#8330 = CARTESIAN_POINT('',(6.102812319685,-16.55449485594,
    11.767610349561));
#8331 = VECTOR('',#8332,1.);
#8332 = DIRECTION('',(0.152639014359,0.988206465044,-1.221940017884E-02)
  );
#8333 = PCURVE('',#5401,#8334);
#8334 = DEFINITIONAL_REPRESENTATION('',(#8335),#8339);
#8335 = LINE('',#8336,#8337);
#8336 = CARTESIAN_POINT('',(-0.383035410846,-2.485432366328));
#8337 = VECTOR('',#8338,1.);
#8338 = DIRECTION('',(0.152314026323,0.988332149323));
#8339 = ( GEOMETRIC_REPRESENTATION_CONTEXT(2) 
PARAMETRIC_REPRESENTATION_CONTEXT() REPRESENTATION_CONTEXT('2D SPACE',''
  ) );
#8340 = PCURVE('',#7585,#8341);
#8341 = DEFINITIONAL_REPRESENTATION('',(#8342),#8346);
#8342 = LINE('',#8343,#8344);
#8343 = CARTESIAN_POINT('',(-1.063812408072,-2.56495114933));
#8344 = VECTOR('',#8345,1.);
#8345 = DIRECTION('',(0.151489791238,0.988458822183));
#8346 = ( GEOMETRIC_REPRESENTATION_CONTEXT(2) 
PARAMETRIC_REPRESENTATION_CONTEXT() REPRESENTATION_CONTEXT('2D SPACE',''
  ) );
#8347 = ADVANCED_FACE('',(#8348),#7470,.T.);
#8348 = FACE_BOUND('',#8349,.T.);
#8349 = EDGE_LOOP('',(#8350,#8351,#8352));
#8350 = ORIENTED_EDGE('',*,*,#7456,.F.);
#8351 = ORIENTED_EDGE('',*,*,#8249,.F.);
#8352 = ORIENTED_EDGE('',*,*,#8305,.T.);
#8353 = ADVANCED_FACE('',(#8354),#4981,.T.);
#8354 = FACE_BOUND('',#8355,.T.);
#8355 = EDGE_LOOP('',(#8356,#8377,#8378));
#8356 = ORIENTED_EDGE('',*,*,#8357,.F.);
#8357 = EDGE_CURVE('',#4887,#6955,#8358,.T.);
#8358 = SURFACE_CURVE('',#8359,(#8363,#8370),.PCURVE_S1.);
#8359 = LINE('',#8360,#8361);
#8360 = CARTESIAN_POINT('',(1.3242487591,-11.12192996559,11.730894387396
    ));
#8361 = VECTOR('',#8362,1.);
#8362 = DIRECTION('',(0.999927459509,1.951407862593E-03,
    1.188561012665E-02));
#8363 = PCURVE('',#4981,#8364);
#8364 = DEFINITIONAL_REPRESENTATION('',(#8365),#8369);
#8365 = LINE('',#8366,#8367);
#8366 = CARTESIAN_POINT('',(-3.598098859856E-03,2.538402153516));
#8367 = VECTOR('',#8368,1.);
#8368 = DIRECTION('',(1.417464620493E-03,-0.999998995397));
#8369 = ( GEOMETRIC_REPRESENTATION_CONTEXT(2) 
PARAMETRIC_REPRESENTATION_CONTEXT() REPRESENTATION_CONTEXT('2D SPACE',''
  ) );
#8370 = PCURVE('',#6997,#8371);
#8371 = DEFINITIONAL_REPRESENTATION('',(#8372),#8376);
#8372 = LINE('',#8373,#8374);
#8373 = CARTESIAN_POINT('',(-0.783764220522,2.561769738011));
#8374 = VECTOR('',#8375,1.);
#8375 = DIRECTION('',(2.205519605551E-03,-0.999997567839));
#8376 = ( GEOMETRIC_REPRESENTATION_CONTEXT(2) 
PARAMETRIC_REPRESENTATION_CONTEXT() REPRESENTATION_CONTEXT('2D SPACE',''
  ) );
#8377 = ORIENTED_EDGE('',*,*,#4967,.T.);
#8378 = ORIENTED_EDGE('',*,*,#8379,.T.);
#8379 = EDGE_CURVE('',#4945,#6955,#8380,.T.);
#8380 = SURFACE_CURVE('',#8381,(#8385,#8392),.PCURVE_S1.);
#8381 = LINE('',#8382,#8383);
#8382 = CARTESIAN_POINT('',(1.483769354847,-12.41099987558,
    11.79055978507));
#8383 = VECTOR('',#8384,1.);
#8384 = DIRECTION('',(0.878378405967,0.477841762954,-1.089153381727E-02)
  );
#8385 = PCURVE('',#4981,#8386);
#8386 = DEFINITIONAL_REPRESENTATION('',(#8387),#8391);
#8387 = LINE('',#8388,#8389);
#8388 = CARTESIAN_POINT('',(-1.294046684193,2.378870145494));
#8389 = VECTOR('',#8390,1.);
#8390 = DIRECTION('',(0.477850371082,-0.878441246104));
#8391 = ( GEOMETRIC_REPRESENTATION_CONTEXT(2) 
PARAMETRIC_REPRESENTATION_CONTEXT() REPRESENTATION_CONTEXT('2D SPACE',''
  ) );
#8392 = PCURVE('',#7050,#8393);
#8393 = DEFINITIONAL_REPRESENTATION('',(#8394),#8398);
#8394 = LINE('',#8395,#8396);
#8395 = CARTESIAN_POINT('',(-2.378878185461,-1.294031904063));
#8396 = VECTOR('',#8397,1.);
#8397 = DIRECTION('',(0.878444215009,0.477844913249));
#8398 = ( GEOMETRIC_REPRESENTATION_CONTEXT(2) 
PARAMETRIC_REPRESENTATION_CONTEXT() REPRESENTATION_CONTEXT('2D SPACE',''
  ) );
#8399 = ADVANCED_FACE('',(#8400),#7050,.T.);
#8400 = FACE_BOUND('',#8401,.T.);
#8401 = EDGE_LOOP('',(#8402,#8403,#8404));
#8402 = ORIENTED_EDGE('',*,*,#8379,.F.);
#8403 = ORIENTED_EDGE('',*,*,#8279,.T.);
#8404 = ORIENTED_EDGE('',*,*,#7036,.F.);
#8405 = ADVANCED_FACE('',(#8406),#5516,.T.);
#8406 = FACE_BOUND('',#8407,.T.);
#8407 = EDGE_LOOP('',(#8408,#8429,#8430));
#8408 = ORIENTED_EDGE('',*,*,#8409,.F.);
#8409 = EDGE_CURVE('',#5365,#7543,#8410,.T.);
#8410 = SURFACE_CURVE('',#8411,(#8415,#8422),.PCURVE_S1.);
#8411 = LINE('',#8412,#8413);
#8412 = CARTESIAN_POINT('',(6.102812319685,-16.55449485594,
    11.767610349561));
#8413 = VECTOR('',#8414,1.);
#8414 = DIRECTION('',(0.383646168008,0.923468559244,4.630103730552E-03)
  );
#8415 = PCURVE('',#5516,#8416);
#8416 = DEFINITIONAL_REPRESENTATION('',(#8417),#8421);
#8417 = LINE('',#8418,#8419);
#8418 = CARTESIAN_POINT('',(-1.064213193365,-2.564784887097));
#8419 = VECTOR('',#8420,1.);
#8420 = DIRECTION('',(0.383250337083,0.923644509065));
#8421 = ( GEOMETRIC_REPRESENTATION_CONTEXT(2) 
PARAMETRIC_REPRESENTATION_CONTEXT() REPRESENTATION_CONTEXT('2D SPACE',''
  ) );
#8422 = PCURVE('',#7585,#8423);
#8423 = DEFINITIONAL_REPRESENTATION('',(#8424),#8428);
#8424 = LINE('',#8425,#8426);
#8425 = CARTESIAN_POINT('',(-1.063812408072,-2.56495114933));
#8426 = VECTOR('',#8427,1.);
#8427 = DIRECTION('',(0.383106004068,0.923704384339));
#8428 = ( GEOMETRIC_REPRESENTATION_CONTEXT(2) 
PARAMETRIC_REPRESENTATION_CONTEXT() REPRESENTATION_CONTEXT('2D SPACE',''
  ) );
#8429 = ORIENTED_EDGE('',*,*,#5502,.T.);
#8430 = ORIENTED_EDGE('',*,*,#8431,.F.);
#8431 = EDGE_CURVE('',#7543,#5475,#8432,.T.);
#8432 = SURFACE_CURVE('',#8433,(#8437,#8444),.PCURVE_S1.);
#8433 = LINE('',#8434,#8435);
#8434 = CARTESIAN_POINT('',(7.168124660139,-13.99019854798,
    11.780467265785));
#8435 = VECTOR('',#8436,1.);
#8436 = DIRECTION('',(0.123521965985,-0.992058887699,-2.369572232238E-02
    ));
#8437 = PCURVE('',#5516,#8438);
#8438 = DEFINITIONAL_REPRESENTATION('',(#8439),#8443);
#8439 = LINE('',#8440,#8441);
#8440 = CARTESIAN_POINT('',(0.,0.));
#8441 = VECTOR('',#8442,1.);
#8442 = DIRECTION('',(0.124274264308,-0.992247906136));
#8443 = ( GEOMETRIC_REPRESENTATION_CONTEXT(2) 
PARAMETRIC_REPRESENTATION_CONTEXT() REPRESENTATION_CONTEXT('2D SPACE',''
  ) );
#8444 = PCURVE('',#7638,#8445);
#8445 = DEFINITIONAL_REPRESENTATION('',(#8446),#8450);
#8446 = LINE('',#8447,#8448);
#8447 = CARTESIAN_POINT('',(-0.670227368138,-0.131588289783));
#8448 = VECTOR('',#8449,1.);
#8449 = DIRECTION('',(0.124978273568,-0.992159478681));
#8450 = ( GEOMETRIC_REPRESENTATION_CONTEXT(2) 
PARAMETRIC_REPRESENTATION_CONTEXT() REPRESENTATION_CONTEXT('2D SPACE',''
  ) );
#8451 = ADVANCED_FACE('',(#8452),#7585,.T.);
#8452 = FACE_BOUND('',#8453,.T.);
#8453 = EDGE_LOOP('',(#8454,#8455,#8456));
#8454 = ORIENTED_EDGE('',*,*,#7571,.F.);
#8455 = ORIENTED_EDGE('',*,*,#8327,.F.);
#8456 = ORIENTED_EDGE('',*,*,#8409,.T.);
#8457 = ADVANCED_FACE('',(#8458),#4928,.T.);
#8458 = FACE_BOUND('',#8459,.T.);
#8459 = EDGE_LOOP('',(#8460,#8481,#8482));
#8460 = ORIENTED_EDGE('',*,*,#8461,.F.);
#8461 = EDGE_CURVE('',#4803,#6845,#8462,.T.);
#8462 = SURFACE_CURVE('',#8463,(#8467,#8474),.PCURVE_S1.);
#8463 = LINE('',#8464,#8465);
#8464 = CARTESIAN_POINT('',(1.520595719125,-9.760189528527,
    11.75047118926));
#8465 = VECTOR('',#8466,1.);
#8466 = DIRECTION('',(0.971276709504,-0.23768400626,1.130781782916E-02)
  );
#8467 = PCURVE('',#4928,#8468);
#8468 = DEFINITIONAL_REPRESENTATION('',(#8469),#8473);
#8469 = LINE('',#8470,#8471);
#8470 = CARTESIAN_POINT('',(-2.365392814426,0.578849200581));
#8471 = VECTOR('',#8472,1.);
#8472 = DIRECTION('',(0.971338157803,-0.237701878821));
#8473 = ( GEOMETRIC_REPRESENTATION_CONTEXT(2) 
PARAMETRIC_REPRESENTATION_CONTEXT() REPRESENTATION_CONTEXT('2D SPACE',''
  ) );
#8474 = PCURVE('',#6882,#8475);
#8475 = DEFINITIONAL_REPRESENTATION('',(#8476),#8480);
#8476 = LINE('',#8477,#8478);
#8477 = CARTESIAN_POINT('',(-5.967331286114E-02,2.686432965779));
#8478 = VECTOR('',#8479,1.);
#8479 = DIRECTION('',(-0.237950330522,-0.971277324045));
#8480 = ( GEOMETRIC_REPRESENTATION_CONTEXT(2) 
PARAMETRIC_REPRESENTATION_CONTEXT() REPRESENTATION_CONTEXT('2D SPACE',''
  ) );
#8481 = ORIENTED_EDGE('',*,*,#4914,.F.);
#8482 = ORIENTED_EDGE('',*,*,#8483,.T.);
#8483 = EDGE_CURVE('',#4887,#6845,#8484,.T.);
#8484 = SURFACE_CURVE('',#8485,(#8489,#8496),.PCURVE_S1.);
#8485 = LINE('',#8486,#8487);
#8486 = CARTESIAN_POINT('',(1.3242487591,-11.12192996559,11.730894387396
    ));
#8487 = VECTOR('',#8488,1.);
#8488 = DIRECTION('',(0.956180021973,0.292250725452,1.758633141897E-02)
  );
#8489 = PCURVE('',#4928,#8490);
#8490 = DEFINITIONAL_REPRESENTATION('',(#8491),#8495);
#8491 = LINE('',#8492,#8493);
#8492 = CARTESIAN_POINT('',(-2.56200537004,-0.782993632058));
#8493 = VECTOR('',#8494,1.);
#8494 = DIRECTION('',(0.956335018793,0.292272701137));
#8495 = ( GEOMETRIC_REPRESENTATION_CONTEXT(2) 
PARAMETRIC_REPRESENTATION_CONTEXT() REPRESENTATION_CONTEXT('2D SPACE',''
  ) );
#8496 = PCURVE('',#6997,#8497);
#8497 = DEFINITIONAL_REPRESENTATION('',(#8498),#8502);
#8498 = LINE('',#8499,#8500);
#8499 = CARTESIAN_POINT('',(-0.783764220522,2.561769738011));
#8500 = VECTOR('',#8501,1.);
#8501 = DIRECTION('',(0.292560343287,-0.956247063021));
#8502 = ( GEOMETRIC_REPRESENTATION_CONTEXT(2) 
PARAMETRIC_REPRESENTATION_CONTEXT() REPRESENTATION_CONTEXT('2D SPACE',''
  ) );
#8503 = ADVANCED_FACE('',(#8504),#6997,.T.);
#8504 = FACE_BOUND('',#8505,.T.);
#8505 = EDGE_LOOP('',(#8506,#8507,#8508));
#8506 = ORIENTED_EDGE('',*,*,#8483,.F.);
#8507 = ORIENTED_EDGE('',*,*,#8357,.T.);
#8508 = ORIENTED_EDGE('',*,*,#6983,.T.);
#8509 = ADVANCED_FACE('',(#8510),#5569,.T.);
#8510 = FACE_BOUND('',#8511,.T.);
#8511 = EDGE_LOOP('',(#8512,#8533,#8534));
#8512 = ORIENTED_EDGE('',*,*,#8513,.F.);
#8513 = EDGE_CURVE('',#5475,#7601,#8514,.T.);
#8514 = SURFACE_CURVE('',#8515,(#8519,#8526),.PCURVE_S1.);
#8515 = LINE('',#8516,#8517);
#8516 = CARTESIAN_POINT('',(7.489293450143,-16.56964545068,
    11.718856147423));
#8517 = VECTOR('',#8518,1.);
#8518 = DIRECTION('',(0.127037663924,0.991888266572,4.370192405108E-03)
  );
#8519 = PCURVE('',#5569,#8520);
#8520 = DEFINITIONAL_REPRESENTATION('',(#8521),#8525);
#8521 = LINE('',#8522,#8523);
#8522 = CARTESIAN_POINT('',(-0.347422374508,-2.711022036111));
#8523 = VECTOR('',#8524,1.);
#8524 = DIRECTION('',(0.127112283014,0.991888334192));
#8525 = ( GEOMETRIC_REPRESENTATION_CONTEXT(2) 
PARAMETRIC_REPRESENTATION_CONTEXT() REPRESENTATION_CONTEXT('2D SPACE',''
  ) );
#8526 = PCURVE('',#7638,#8527);
#8527 = DEFINITIONAL_REPRESENTATION('',(#8528),#8532);
#8528 = LINE('',#8529,#8530);
#8529 = CARTESIAN_POINT('',(-0.34527204073,-2.711296738551));
#8530 = VECTOR('',#8531,1.);
#8531 = DIRECTION('',(0.126325535079,0.991988840253));
#8532 = ( GEOMETRIC_REPRESENTATION_CONTEXT(2) 
PARAMETRIC_REPRESENTATION_CONTEXT() REPRESENTATION_CONTEXT('2D SPACE',''
  ) );
#8533 = ORIENTED_EDGE('',*,*,#5555,.T.);
#8534 = ORIENTED_EDGE('',*,*,#8535,.F.);
#8535 = EDGE_CURVE('',#7601,#5533,#8536,.T.);
#8536 = SURFACE_CURVE('',#8537,(#8541,#8548),.PCURVE_S1.);
#8537 = LINE('',#8538,#8539);
#8538 = CARTESIAN_POINT('',(7.836511876291,-13.85862359939,
    11.730800725763));
#8539 = VECTOR('',#8540,1.);
#8540 = DIRECTION('',(0.349800365068,-0.936728587547,1.338872179391E-02)
  );
#8541 = PCURVE('',#5569,#8542);
#8542 = DEFINITIONAL_REPRESENTATION('',(#8543),#8547);
#8543 = LINE('',#8544,#8545);
#8544 = CARTESIAN_POINT('',(0.,0.));
#8545 = VECTOR('',#8546,1.);
#8546 = DIRECTION('',(0.35005632923,-0.936728651406));
#8547 = ( GEOMETRIC_REPRESENTATION_CONTEXT(2) 
PARAMETRIC_REPRESENTATION_CONTEXT() REPRESENTATION_CONTEXT('2D SPACE',''
  ) );
#8548 = PCURVE('',#7722,#8549);
#8549 = DEFINITIONAL_REPRESENTATION('',(#8550),#8554);
#8550 = LINE('',#8551,#8552);
#8551 = CARTESIAN_POINT('',(-0.671000066816,-0.344683440831));
#8552 = VECTOR('',#8553,1.);
#8553 = DIRECTION('',(0.350056244667,-0.936728683008));
#8554 = ( GEOMETRIC_REPRESENTATION_CONTEXT(2) 
PARAMETRIC_REPRESENTATION_CONTEXT() REPRESENTATION_CONTEXT('2D SPACE',''
  ) );
#8555 = ADVANCED_FACE('',(#8556),#7638,.T.);
#8556 = FACE_BOUND('',#8557,.T.);
#8557 = EDGE_LOOP('',(#8558,#8559,#8560));
#8558 = ORIENTED_EDGE('',*,*,#7624,.F.);
#8559 = ORIENTED_EDGE('',*,*,#8431,.T.);
#8560 = ORIENTED_EDGE('',*,*,#8513,.T.);
#8561 = ADVANCED_FACE('',(#8562),#4839,.T.);
#8562 = FACE_BOUND('',#8563,.T.);
#8563 = EDGE_LOOP('',(#8564,#8585,#8586));
#8564 = ORIENTED_EDGE('',*,*,#8565,.F.);
#8565 = EDGE_CURVE('',#2271,#6761,#8566,.T.);
#8566 = SURFACE_CURVE('',#8567,(#8571,#8578),.PCURVE_S1.);
#8567 = LINE('',#8568,#8569);
#8568 = CARTESIAN_POINT('',(1.940150642373,-8.552718678615,
    11.748580883516));
#8569 = VECTOR('',#8570,1.);
#8570 = DIRECTION('',(0.892116171602,-0.451803005723,-1.667448748249E-03
    ));
#8571 = PCURVE('',#4839,#8572);
#8572 = DEFINITIONAL_REPRESENTATION('',(#8573),#8577);
#8573 = LINE('',#8574,#8575);
#8574 = CARTESIAN_POINT('',(-2.266880126057,1.148036420162));
#8575 = VECTOR('',#8576,1.);
#8576 = DIRECTION('',(0.892117660487,-0.451803142803));
#8577 = ( GEOMETRIC_REPRESENTATION_CONTEXT(2) 
PARAMETRIC_REPRESENTATION_CONTEXT() REPRESENTATION_CONTEXT('2D SPACE',''
  ) );
#8578 = PCURVE('',#6798,#8579);
#8579 = DEFINITIONAL_REPRESENTATION('',(#8580),#8584);
#8580 = LINE('',#8581,#8582);
#8581 = CARTESIAN_POINT('',(0.564150448138,2.626210348735));
#8582 = VECTOR('',#8583,1.);
#8583 = DIRECTION('',(-0.450996487341,-0.892525724226));
#8584 = ( GEOMETRIC_REPRESENTATION_CONTEXT(2) 
PARAMETRIC_REPRESENTATION_CONTEXT() REPRESENTATION_CONTEXT('2D SPACE',''
  ) );
#8585 = ORIENTED_EDGE('',*,*,#4825,.F.);
#8586 = ORIENTED_EDGE('',*,*,#8587,.T.);
#8587 = EDGE_CURVE('',#4803,#6761,#8588,.T.);
#8588 = SURFACE_CURVE('',#8589,(#8593,#8600),.PCURVE_S1.);
#8589 = LINE('',#8590,#8591);
#8590 = CARTESIAN_POINT('',(1.520595719125,-9.760189528527,
    11.75047118926));
#8591 = VECTOR('',#8592,1.);
#8592 = DIRECTION('',(0.999752753509,2.211859420418E-02,
    -2.280272433978E-03));
#8593 = PCURVE('',#4839,#8594);
#8594 = DEFINITIONAL_REPRESENTATION('',(#8595),#8599);
#8595 = LINE('',#8596,#8597);
#8596 = CARTESIAN_POINT('',(-2.686438253321,-5.943479610402E-02));
#8597 = VECTOR('',#8598,1.);
#8598 = DIRECTION('',(0.999755353821,2.21186009151E-02));
#8599 = ( GEOMETRIC_REPRESENTATION_CONTEXT(2) 
PARAMETRIC_REPRESENTATION_CONTEXT() REPRESENTATION_CONTEXT('2D SPACE',''
  ) );
#8600 = PCURVE('',#6882,#8601);
#8601 = DEFINITIONAL_REPRESENTATION('',(#8602),#8606);
#8602 = LINE('',#8603,#8604);
#8603 = CARTESIAN_POINT('',(-5.967331286114E-02,2.686432965779));
#8604 = VECTOR('',#8605,1.);
#8605 = DIRECTION('',(2.220736469167E-02,-0.999753386068));
#8606 = ( GEOMETRIC_REPRESENTATION_CONTEXT(2) 
PARAMETRIC_REPRESENTATION_CONTEXT() REPRESENTATION_CONTEXT('2D SPACE',''
  ) );
#8607 = ADVANCED_FACE('',(#8608),#6882,.T.);
#8608 = FACE_BOUND('',#8609,.T.);
#8609 = EDGE_LOOP('',(#8610,#8611,#8612));
#8610 = ORIENTED_EDGE('',*,*,#8587,.F.);
#8611 = ORIENTED_EDGE('',*,*,#8461,.T.);
#8612 = ORIENTED_EDGE('',*,*,#6868,.T.);
#8613 = ADVANCED_FACE('',(#8614),#5684,.T.);
#8614 = FACE_BOUND('',#8615,.T.);
#8615 = EDGE_LOOP('',(#8616,#8637,#8638));
#8616 = ORIENTED_EDGE('',*,*,#8617,.T.);
#8617 = EDGE_CURVE('',#7685,#5533,#8618,.T.);
#8618 = SURFACE_CURVE('',#8619,(#8623,#8630),.PCURVE_S1.);
#8619 = LINE('',#8620,#8621);
#8620 = CARTESIAN_POINT('',(8.507057253622,-13.51394019369,
    11.755499122927));
#8621 = VECTOR('',#8622,1.);
#8622 = DIRECTION('',(7.705046902909E-02,-0.997021711559,
    3.30634281712E-03));
#8623 = PCURVE('',#5684,#8624);
#8624 = DEFINITIONAL_REPRESENTATION('',(#8625),#8629);
#8625 = LINE('',#8626,#8627);
#8626 = CARTESIAN_POINT('',(0.,0.));
#8627 = VECTOR('',#8628,1.);
#8628 = DIRECTION('',(7.708515914343E-02,-0.997024512357));
#8629 = ( GEOMETRIC_REPRESENTATION_CONTEXT(2) 
PARAMETRIC_REPRESENTATION_CONTEXT() REPRESENTATION_CONTEXT('2D SPACE',''
  ) );
#8630 = PCURVE('',#7722,#8631);
#8631 = DEFINITIONAL_REPRESENTATION('',(#8632),#8636);
#8632 = LINE('',#8633,#8634);
#8633 = CARTESIAN_POINT('',(0.,0.));
#8634 = VECTOR('',#8635,1.);
#8635 = DIRECTION('',(7.712006272332E-02,-0.997021813164));
#8636 = ( GEOMETRIC_REPRESENTATION_CONTEXT(2) 
PARAMETRIC_REPRESENTATION_CONTEXT() REPRESENTATION_CONTEXT('2D SPACE',''
  ) );
#8637 = ORIENTED_EDGE('',*,*,#5670,.T.);
#8638 = ORIENTED_EDGE('',*,*,#8639,.F.);
#8639 = EDGE_CURVE('',#7685,#5643,#8640,.T.);
#8640 = SURFACE_CURVE('',#8641,(#8645,#8652),.PCURVE_S1.);
#8641 = LINE('',#8642,#8643);
#8642 = CARTESIAN_POINT('',(8.507057253622,-13.51394019369,
    11.755499122927));
#8643 = VECTOR('',#8644,1.);
#8644 = DIRECTION('',(0.565606646869,-0.824627387828,8.876500454295E-03)
  );
#8645 = PCURVE('',#5684,#8646);
#8646 = DEFINITIONAL_REPRESENTATION('',(#8647),#8651);
#8647 = LINE('',#8648,#8649);
#8648 = CARTESIAN_POINT('',(0.,0.));
#8649 = VECTOR('',#8650,1.);
#8650 = DIRECTION('',(0.565672918493,-0.824629704342));
#8651 = ( GEOMETRIC_REPRESENTATION_CONTEXT(2) 
PARAMETRIC_REPRESENTATION_CONTEXT() REPRESENTATION_CONTEXT('2D SPACE',''
  ) );
#8652 = PCURVE('',#5737,#8653);
#8653 = DEFINITIONAL_REPRESENTATION('',(#8654),#8658);
#8654 = LINE('',#8655,#8656);
#8655 = CARTESIAN_POINT('',(1.204458368265,2.398565418577));
#8656 = VECTOR('',#8657,1.);
#8657 = DIRECTION('',(-0.824660771126,-0.565627627124));
#8658 = ( GEOMETRIC_REPRESENTATION_CONTEXT(2) 
PARAMETRIC_REPRESENTATION_CONTEXT() REPRESENTATION_CONTEXT('2D SPACE',''
  ) );
#8659 = ADVANCED_FACE('',(#8660),#7722,.T.);
#8660 = FACE_BOUND('',#8661,.T.);
#8661 = EDGE_LOOP('',(#8662,#8663,#8664));
#8662 = ORIENTED_EDGE('',*,*,#7708,.F.);
#8663 = ORIENTED_EDGE('',*,*,#8535,.T.);
#8664 = ORIENTED_EDGE('',*,*,#8617,.F.);
#8665 = ADVANCED_FACE('',(#8666),#2307,.T.);
#8666 = FACE_BOUND('',#8667,.T.);
#8667 = EDGE_LOOP('',(#8668,#8689,#8690));
#8668 = ORIENTED_EDGE('',*,*,#8669,.F.);
#8669 = EDGE_CURVE('',#2213,#6703,#8670,.T.);
#8670 = SURFACE_CURVE('',#8671,(#8675,#8682),.PCURVE_S1.);
#8671 = LINE('',#8672,#8673);
#8672 = CARTESIAN_POINT('',(2.706815549118,-7.455347784327,
    11.781580165208));
#8673 = VECTOR('',#8674,1.);
#8674 = DIRECTION('',(0.744694838982,-0.667391721223,4.229330620829E-03)
  );
#8675 = PCURVE('',#2307,#8676);
#8676 = DEFINITIONAL_REPRESENTATION('',(#8677),#8681);
#8677 = LINE('',#8678,#8679);
#8678 = CARTESIAN_POINT('',(-1.85817808848,1.665649640254));
#8679 = VECTOR('',#8680,1.);
#8680 = DIRECTION('',(0.744629813825,-0.66747767031));
#8681 = ( GEOMETRIC_REPRESENTATION_CONTEXT(2) 
PARAMETRIC_REPRESENTATION_CONTEXT() REPRESENTATION_CONTEXT('2D SPACE',''
  ) );
#8682 = PCURVE('',#2340,#8683);
#8683 = DEFINITIONAL_REPRESENTATION('',(#8684),#8688);
#8684 = LINE('',#8685,#8686);
#8685 = CARTESIAN_POINT('',(-0.822790153248,1.035045352076));
#8686 = VECTOR('',#8687,1.);
#8687 = DIRECTION('',(-0.667323330517,-0.744768133414));
#8688 = ( GEOMETRIC_REPRESENTATION_CONTEXT(2) 
PARAMETRIC_REPRESENTATION_CONTEXT() REPRESENTATION_CONTEXT('2D SPACE',''
  ) );
#8689 = ORIENTED_EDGE('',*,*,#2293,.F.);
#8690 = ORIENTED_EDGE('',*,*,#8691,.T.);
#8691 = EDGE_CURVE('',#2271,#6703,#8692,.T.);
#8692 = SURFACE_CURVE('',#8693,(#8697,#8704),.PCURVE_S1.);
#8693 = LINE('',#8694,#8695);
#8694 = CARTESIAN_POINT('',(1.940150642373,-8.552718678615,
    11.748580883516));
#8695 = VECTOR('',#8696,1.);
#8696 = DIRECTION('',(0.977247551789,-0.211481257064,1.621420468029E-02)
  );
#8697 = PCURVE('',#2307,#8698);
#8698 = DEFINITIONAL_REPRESENTATION('',(#8699),#8703);
#8699 = LINE('',#8700,#8701);
#8700 = CARTESIAN_POINT('',(-2.625350718084,0.568137422627));
#8701 = VECTOR('',#8702,1.);
#8702 = DIRECTION('',(0.977376159753,-0.211508492375));
#8703 = ( GEOMETRIC_REPRESENTATION_CONTEXT(2) 
PARAMETRIC_REPRESENTATION_CONTEXT() REPRESENTATION_CONTEXT('2D SPACE',''
  ) );
#8704 = PCURVE('',#6798,#8705);
#8705 = DEFINITIONAL_REPRESENTATION('',(#8706),#8710);
#8706 = LINE('',#8707,#8708);
#8707 = CARTESIAN_POINT('',(0.564150448138,2.626210348735));
#8708 = VECTOR('',#8709,1.);
#8709 = DIRECTION('',(-0.210024205423,-0.97769618652));
#8710 = ( GEOMETRIC_REPRESENTATION_CONTEXT(2) 
PARAMETRIC_REPRESENTATION_CONTEXT() REPRESENTATION_CONTEXT('2D SPACE',''
  ) );
#8711 = ADVANCED_FACE('',(#8712),#6798,.T.);
#8712 = FACE_BOUND('',#8713,.T.);
#8713 = EDGE_LOOP('',(#8714,#8715,#8716));
#8714 = ORIENTED_EDGE('',*,*,#8691,.F.);
#8715 = ORIENTED_EDGE('',*,*,#8565,.T.);
#8716 = ORIENTED_EDGE('',*,*,#6784,.T.);
#8717 = ADVANCED_FACE('',(#8718),#5737,.T.);
#8718 = FACE_BOUND('',#8719,.T.);
#8719 = EDGE_LOOP('',(#8720,#8741,#8742));
#8720 = ORIENTED_EDGE('',*,*,#8721,.F.);
#8721 = EDGE_CURVE('',#7685,#5701,#8722,.T.);
#8722 = SURFACE_CURVE('',#8723,(#8727,#8734),.PCURVE_S1.);
#8723 = LINE('',#8724,#8725);
#8724 = CARTESIAN_POINT('',(8.507057253622,-13.51394019369,
    11.755499122927));
#8725 = VECTOR('',#8726,1.);
#8726 = DIRECTION('',(0.893621376966,-0.448821555229,-2.149206236183E-04
    ));
#8727 = PCURVE('',#5737,#8728);
#8728 = DEFINITIONAL_REPRESENTATION('',(#8729),#8733);
#8729 = LINE('',#8730,#8731);
#8730 = CARTESIAN_POINT('',(1.204458368265,2.398565418577));
#8731 = VECTOR('',#8732,1.);
#8732 = DIRECTION('',(-0.448755602789,-0.893654524392));
#8733 = ( GEOMETRIC_REPRESENTATION_CONTEXT(2) 
PARAMETRIC_REPRESENTATION_CONTEXT() REPRESENTATION_CONTEXT('2D SPACE',''
  ) );
#8734 = PCURVE('',#7806,#8735);
#8735 = DEFINITIONAL_REPRESENTATION('',(#8736),#8740);
#8736 = LINE('',#8737,#8738);
#8737 = CARTESIAN_POINT('',(1.204199098671,2.398695595285));
#8738 = VECTOR('',#8739,1.);
#8739 = DIRECTION('',(-0.448659004445,-0.893703025468));
#8740 = ( GEOMETRIC_REPRESENTATION_CONTEXT(2) 
PARAMETRIC_REPRESENTATION_CONTEXT() REPRESENTATION_CONTEXT('2D SPACE',''
  ) );
#8741 = ORIENTED_EDGE('',*,*,#8639,.T.);
#8742 = ORIENTED_EDGE('',*,*,#5723,.T.);
#8743 = ADVANCED_FACE('',(#8744),#7806,.T.);
#8744 = FACE_BOUND('',#8745,.T.);
#8745 = EDGE_LOOP('',(#8746,#8767,#8768));
#8746 = ORIENTED_EDGE('',*,*,#8747,.F.);
#8747 = EDGE_CURVE('',#7769,#5701,#8748,.T.);
#8748 = SURFACE_CURVE('',#8749,(#8753,#8760),.PCURVE_S1.);
#8749 = LINE('',#8750,#8751);
#8750 = CARTESIAN_POINT('',(8.998895328372,-13.05957012579,
    11.736831695127));
#8751 = VECTOR('',#8752,1.);
#8752 = DIRECTION('',(0.754378674651,-0.656400474205,7.157701835546E-03)
  );
#8753 = PCURVE('',#7806,#8754);
#8754 = DEFINITIONAL_REPRESENTATION('',(#8755),#8759);
#8755 = LINE('',#8756,#8757);
#8756 = CARTESIAN_POINT('',(1.65890386518,1.906812582217));
#8757 = VECTOR('',#8758,1.);
#8758 = DIRECTION('',(-0.65636028036,-0.754447600809));
#8759 = ( GEOMETRIC_REPRESENTATION_CONTEXT(2) 
PARAMETRIC_REPRESENTATION_CONTEXT() REPRESENTATION_CONTEXT('2D SPACE',''
  ) );
#8760 = PCURVE('',#5794,#8761);
#8761 = DEFINITIONAL_REPRESENTATION('',(#8762),#8766);
#8762 = LINE('',#8763,#8764);
#8763 = CARTESIAN_POINT('',(0.574722105679,2.673862555216));
#8764 = VECTOR('',#8765,1.);
#8765 = DIRECTION('',(-0.656294781636,-0.754504578911));
#8766 = ( GEOMETRIC_REPRESENTATION_CONTEXT(2) 
PARAMETRIC_REPRESENTATION_CONTEXT() REPRESENTATION_CONTEXT('2D SPACE',''
  ) );
#8767 = ORIENTED_EDGE('',*,*,#7792,.F.);
#8768 = ORIENTED_EDGE('',*,*,#8721,.T.);
#8769 = ADVANCED_FACE('',(#8770),#2340,.T.);
#8770 = FACE_BOUND('',#8771,.T.);
#8771 = EDGE_LOOP('',(#8772,#8773,#8774));
#8772 = ORIENTED_EDGE('',*,*,#2324,.F.);
#8773 = ORIENTED_EDGE('',*,*,#8669,.T.);
#8774 = ORIENTED_EDGE('',*,*,#8775,.F.);
#8775 = EDGE_CURVE('',#2325,#6703,#8776,.T.);
#8776 = SURFACE_CURVE('',#8777,(#8781,#8788),.PCURVE_S1.);
#8777 = LINE('',#8778,#8779);
#8778 = CARTESIAN_POINT('',(3.741759039879,-6.633075938361,
    11.748968826717));
#8779 = VECTOR('',#8780,1.);
#8780 = DIRECTION('',(0.314179071775,-0.949220858139,1.647037743968E-02)
  );
#8781 = PCURVE('',#2340,#8782);
#8782 = DEFINITIONAL_REPRESENTATION('',(#8783),#8787);
#8783 = LINE('',#8784,#8785);
#8784 = CARTESIAN_POINT('',(0.,0.));
#8785 = VECTOR('',#8786,1.);
#8786 = DIRECTION('',(-0.949353506186,-0.31420999394));
#8787 = ( GEOMETRIC_REPRESENTATION_CONTEXT(2) 
PARAMETRIC_REPRESENTATION_CONTEXT() REPRESENTATION_CONTEXT('2D SPACE',''
  ) );
#8788 = PCURVE('',#6745,#8789);
#8789 = DEFINITIONAL_REPRESENTATION('',(#8790),#8794);
#8790 = LINE('',#8791,#8792);
#8791 = CARTESIAN_POINT('',(0.,0.));
#8792 = VECTOR('',#8793,1.);
#8793 = DIRECTION('',(0.312369270095,-0.949960756611));
#8794 = ( GEOMETRIC_REPRESENTATION_CONTEXT(2) 
PARAMETRIC_REPRESENTATION_CONTEXT() REPRESENTATION_CONTEXT('2D SPACE',''
  ) );
#8795 = ADVANCED_FACE('',(#8796),#6745,.T.);
#8796 = FACE_BOUND('',#8797,.T.);
#8797 = EDGE_LOOP('',(#8798,#8799,#8800));
#8798 = ORIENTED_EDGE('',*,*,#8775,.T.);
#8799 = ORIENTED_EDGE('',*,*,#6731,.T.);
#8800 = ORIENTED_EDGE('',*,*,#8801,.F.);
#8801 = EDGE_CURVE('',#2325,#6619,#8802,.T.);
#8802 = SURFACE_CURVE('',#8803,(#8807,#8814),.PCURVE_S1.);
#8803 = LINE('',#8804,#8805);
#8804 = CARTESIAN_POINT('',(3.741759039879,-6.633075938361,
    11.748968826717));
#8805 = VECTOR('',#8806,1.);
#8806 = DIRECTION('',(0.556182428709,-0.83104826379,-4.459736154853E-03)
  );
#8807 = PCURVE('',#6745,#8808);
#8808 = DEFINITIONAL_REPRESENTATION('',(#8809),#8813);
#8809 = LINE('',#8810,#8811);
#8810 = CARTESIAN_POINT('',(0.,0.));
#8811 = VECTOR('',#8812,1.);
#8812 = DIRECTION('',(0.55523119679,-0.831696049113));
#8813 = ( GEOMETRIC_REPRESENTATION_CONTEXT(2) 
PARAMETRIC_REPRESENTATION_CONTEXT() REPRESENTATION_CONTEXT('2D SPACE',''
  ) );
#8814 = PCURVE('',#2451,#8815);
#8815 = DEFINITIONAL_REPRESENTATION('',(#8816),#8820);
#8816 = LINE('',#8817,#8818);
#8817 = CARTESIAN_POINT('',(-0.665900820511,1.12307729311));
#8818 = VECTOR('',#8819,1.);
#8819 = DIRECTION('',(-0.831042620536,-0.55620874036));
#8820 = ( GEOMETRIC_REPRESENTATION_CONTEXT(2) 
PARAMETRIC_REPRESENTATION_CONTEXT() REPRESENTATION_CONTEXT('2D SPACE',''
  ) );
#8821 = ADVANCED_FACE('',(#8822),#5794,.T.);
#8822 = FACE_BOUND('',#8823,.T.);
#8823 = EDGE_LOOP('',(#8824,#8845,#8846));
#8824 = ORIENTED_EDGE('',*,*,#8825,.F.);
#8825 = EDGE_CURVE('',#7769,#57,#8826,.T.);
#8826 = SURFACE_CURVE('',#8827,(#8831,#8838),.PCURVE_S1.);
#8827 = LINE('',#8828,#8829);
#8828 = CARTESIAN_POINT('',(8.998895328372,-13.05957012579,
    11.736831695127));
#8829 = VECTOR('',#8830,1.);
#8830 = DIRECTION('',(0.977507866258,-0.210604119241,-1.11479308227E-02)
  );
#8831 = PCURVE('',#5794,#8832);
#8832 = DEFINITIONAL_REPRESENTATION('',(#8833),#8837);
#8833 = LINE('',#8834,#8835);
#8834 = CARTESIAN_POINT('',(0.574722105679,2.673862555216));
#8835 = VECTOR('',#8836,1.);
#8836 = DIRECTION('',(-0.210141370438,-0.977671010325));
#8837 = ( GEOMETRIC_REPRESENTATION_CONTEXT(2) 
PARAMETRIC_REPRESENTATION_CONTEXT() REPRESENTATION_CONTEXT('2D SPACE',''
  ) );
#8838 = PCURVE('',#7921,#8839);
#8839 = DEFINITIONAL_REPRESENTATION('',(#8840),#8844);
#8840 = LINE('',#8841,#8842);
#8841 = CARTESIAN_POINT('',(0.576548685739,2.673469295862));
#8842 = VECTOR('',#8843,1.);
#8843 = DIRECTION('',(-0.210809241106,-0.977527218989));
#8844 = ( GEOMETRIC_REPRESENTATION_CONTEXT(2) 
PARAMETRIC_REPRESENTATION_CONTEXT() REPRESENTATION_CONTEXT('2D SPACE',''
  ) );
#8845 = ORIENTED_EDGE('',*,*,#8747,.T.);
#8846 = ORIENTED_EDGE('',*,*,#5780,.T.);
#8847 = ADVANCED_FACE('',(#8848),#7921,.T.);
#8848 = FACE_BOUND('',#8849,.T.);
#8849 = EDGE_LOOP('',(#8850,#8871,#8872));
#8850 = ORIENTED_EDGE('',*,*,#8851,.F.);
#8851 = EDGE_CURVE('',#7879,#57,#8852,.T.);
#8852 = SURFACE_CURVE('',#8853,(#8857,#8864),.PCURVE_S1.);
#8853 = LINE('',#8854,#8855);
#8854 = CARTESIAN_POINT('',(9.428065663805,-12.4276885846,
    11.749117480675));
#8855 = VECTOR('',#8856,1.);
#8856 = DIRECTION('',(0.880440602438,-0.473859416404,-1.678091365521E-02
    ));
#8857 = PCURVE('',#7921,#8858);
#8858 = DEFINITIONAL_REPRESENTATION('',(#8859),#8863);
#8859 = LINE('',#8860,#8861);
#8860 = CARTESIAN_POINT('',(1.208543883082,2.244290463701));
#8861 = VECTOR('',#8862,1.);
#8862 = DIRECTION('',(-0.47412408858,-0.880458033428));
#8863 = ( GEOMETRIC_REPRESENTATION_CONTEXT(2) 
PARAMETRIC_REPRESENTATION_CONTEXT() REPRESENTATION_CONTEXT('2D SPACE',''
  ) );
#8864 = PCURVE('',#72,#8865);
#8865 = DEFINITIONAL_REPRESENTATION('',(#8866),#8870);
#8866 = LINE('',#8867,#8868);
#8867 = CARTESIAN_POINT('',(-4.710160806846E-02,2.635235465509));
#8868 = VECTOR('',#8869,1.);
#8869 = DIRECTION('',(-0.474070513349,-0.880486881431));
#8870 = ( GEOMETRIC_REPRESENTATION_CONTEXT(2) 
PARAMETRIC_REPRESENTATION_CONTEXT() REPRESENTATION_CONTEXT('2D SPACE',''
  ) );
#8871 = ORIENTED_EDGE('',*,*,#7907,.F.);
#8872 = ORIENTED_EDGE('',*,*,#8825,.T.);
#8873 = ADVANCED_FACE('',(#8874),#2451,.T.);
#8874 = FACE_BOUND('',#8875,.T.);
#8875 = EDGE_LOOP('',(#8876,#8877,#8878));
#8876 = ORIENTED_EDGE('',*,*,#2435,.F.);
#8877 = ORIENTED_EDGE('',*,*,#8801,.T.);
#8878 = ORIENTED_EDGE('',*,*,#8879,.F.);
#8879 = EDGE_CURVE('',#2436,#6619,#8880,.T.);
#8880 = SURFACE_CURVE('',#8881,(#8885,#8892),.PCURVE_S1.);
#8881 = LINE('',#8882,#8883);
#8882 = CARTESIAN_POINT('',(4.864783205422,-5.967351809073,
    11.767800086612));
#8883 = VECTOR('',#8884,1.);
#8884 = DIRECTION('',(8.356239312246E-02,-0.996441593741,
    -1.102164775317E-02));
#8885 = PCURVE('',#2451,#8886);
#8886 = DEFINITIONAL_REPRESENTATION('',(#8887),#8891);
#8887 = LINE('',#8888,#8889);
#8888 = CARTESIAN_POINT('',(0.,0.));
#8889 = VECTOR('',#8890,1.);
#8890 = DIRECTION('',(-0.996502215639,-8.356634625795E-02));
#8891 = ( GEOMETRIC_REPRESENTATION_CONTEXT(2) 
PARAMETRIC_REPRESENTATION_CONTEXT() REPRESENTATION_CONTEXT('2D SPACE',''
  ) );
#8892 = PCURVE('',#6687,#8893);
#8893 = DEFINITIONAL_REPRESENTATION('',(#8894),#8898);
#8894 = LINE('',#8895,#8896);
#8895 = CARTESIAN_POINT('',(0.,0.));
#8896 = VECTOR('',#8897,1.);
#8897 = DIRECTION('',(8.314676089324E-02,-0.996537312976));
#8898 = ( GEOMETRIC_REPRESENTATION_CONTEXT(2) 
PARAMETRIC_REPRESENTATION_CONTEXT() REPRESENTATION_CONTEXT('2D SPACE',''
  ) );
#8899 = ADVANCED_FACE('',(#8900),#6603,.T.);
#8900 = FACE_BOUND('',#8901,.T.);
#8901 = EDGE_LOOP('',(#8902,#8923,#8924));
#8902 = ORIENTED_EDGE('',*,*,#8903,.T.);
#8903 = EDGE_CURVE('',#2436,#6509,#8904,.T.);
#8904 = SURFACE_CURVE('',#8905,(#8909,#8916),.PCURVE_S1.);
#8905 = LINE('',#8906,#8907);
#8906 = CARTESIAN_POINT('',(4.864783205422,-5.967351809073,
    11.767800086612));
#8907 = VECTOR('',#8908,1.);
#8908 = DIRECTION('',(0.363455766048,-0.931611154035,-7.508691338447E-04
    ));
#8909 = PCURVE('',#6603,#8910);
#8910 = DEFINITIONAL_REPRESENTATION('',(#8911),#8915);
#8911 = LINE('',#8912,#8913);
#8912 = CARTESIAN_POINT('',(0.,0.));
#8913 = VECTOR('',#8914,1.);
#8914 = DIRECTION('',(0.362680687727,-0.931913471708));
#8915 = ( GEOMETRIC_REPRESENTATION_CONTEXT(2) 
PARAMETRIC_REPRESENTATION_CONTEXT() REPRESENTATION_CONTEXT('2D SPACE',''
  ) );
#8916 = PCURVE('',#6687,#8917);
#8917 = DEFINITIONAL_REPRESENTATION('',(#8918),#8922);
#8918 = LINE('',#8919,#8920);
#8919 = CARTESIAN_POINT('',(0.,0.));
#8920 = VECTOR('',#8921,1.);
#8921 = DIRECTION('',(0.363227073617,-0.931700645589));
#8922 = ( GEOMETRIC_REPRESENTATION_CONTEXT(2) 
PARAMETRIC_REPRESENTATION_CONTEXT() REPRESENTATION_CONTEXT('2D SPACE',''
  ) );
#8923 = ORIENTED_EDGE('',*,*,#6589,.T.);
#8924 = ORIENTED_EDGE('',*,*,#8925,.F.);
#8925 = EDGE_CURVE('',#2436,#6425,#8926,.T.);
#8926 = SURFACE_CURVE('',#8927,(#8931,#8938),.PCURVE_S1.);
#8927 = LINE('',#8928,#8929);
#8928 = CARTESIAN_POINT('',(4.864783205422,-5.967351809073,
    11.767800086612));
#8929 = VECTOR('',#8930,1.);
#8930 = DIRECTION('',(0.595123111951,-0.803393853939,-1.966715723897E-02
    ));
#8931 = PCURVE('',#6603,#8932);
#8932 = DEFINITIONAL_REPRESENTATION('',(#8933),#8937);
#8933 = LINE('',#8934,#8935);
#8934 = CARTESIAN_POINT('',(0.,0.));
#8935 = VECTOR('',#8936,1.);
#8936 = DIRECTION('',(0.595096078105,-0.803654563742));
#8937 = ( GEOMETRIC_REPRESENTATION_CONTEXT(2) 
PARAMETRIC_REPRESENTATION_CONTEXT() REPRESENTATION_CONTEXT('2D SPACE',''
  ) );
#8938 = PCURVE('',#2509,#8939);
#8939 = DEFINITIONAL_REPRESENTATION('',(#8940),#8944);
#8940 = LINE('',#8941,#8942);
#8941 = CARTESIAN_POINT('',(-1.268790144115,-0.356830001396));
#8942 = VECTOR('',#8943,1.);
#8943 = DIRECTION('',(0.595425894352,-0.803410234149));
#8944 = ( GEOMETRIC_REPRESENTATION_CONTEXT(2) 
PARAMETRIC_REPRESENTATION_CONTEXT() REPRESENTATION_CONTEXT('2D SPACE',''
  ) );
#8945 = ADVANCED_FACE('',(#8946),#6687,.T.);
#8946 = FACE_BOUND('',#8947,.T.);
#8947 = EDGE_LOOP('',(#8948,#8949,#8950));
#8948 = ORIENTED_EDGE('',*,*,#8879,.T.);
#8949 = ORIENTED_EDGE('',*,*,#6673,.T.);
#8950 = ORIENTED_EDGE('',*,*,#8903,.F.);
#8951 = ADVANCED_FACE('',(#8952),#72,.T.);
#8952 = FACE_BOUND('',#8953,.T.);
#8953 = EDGE_LOOP('',(#8954,#8975,#8976));
#8954 = ORIENTED_EDGE('',*,*,#8955,.F.);
#8955 = EDGE_CURVE('',#7879,#24,#8956,.T.);
#8956 = SURFACE_CURVE('',#8957,(#8961,#8968),.PCURVE_S1.);
#8957 = LINE('',#8958,#8959);
#8958 = CARTESIAN_POINT('',(9.428065663805,-12.4276885846,
    11.749117480675));
#8959 = VECTOR('',#8960,1.);
#8960 = DIRECTION('',(0.999787750041,1.803621519559E-02,
    -9.957399739553E-03));
#8961 = PCURVE('',#72,#8962);
#8962 = DEFINITIONAL_REPRESENTATION('',(#8963),#8967);
#8963 = LINE('',#8964,#8965);
#8964 = CARTESIAN_POINT('',(-4.710160806846E-02,2.635235465509));
#8965 = VECTOR('',#8966,1.);
#8966 = DIRECTION('',(1.787092146711E-02,-0.999840302331));
#8967 = ( GEOMETRIC_REPRESENTATION_CONTEXT(2) 
PARAMETRIC_REPRESENTATION_CONTEXT() REPRESENTATION_CONTEXT('2D SPACE',''
  ) );
#8968 = PCURVE('',#8005,#8969);
#8969 = DEFINITIONAL_REPRESENTATION('',(#8970),#8974);
#8970 = LINE('',#8971,#8972);
#8971 = CARTESIAN_POINT('',(-4.786391200133E-02,2.635221729966));
#8972 = VECTOR('',#8973,1.);
#8973 = DIRECTION('',(1.816014882637E-02,-0.9998350909));
#8974 = ( GEOMETRIC_REPRESENTATION_CONTEXT(2) 
PARAMETRIC_REPRESENTATION_CONTEXT() REPRESENTATION_CONTEXT('2D SPACE',''
  ) );
#8975 = ORIENTED_EDGE('',*,*,#8851,.T.);
#8976 = ORIENTED_EDGE('',*,*,#56,.T.);
#8977 = ADVANCED_FACE('',(#8978),#8005,.T.);
#8978 = FACE_BOUND('',#8979,.T.);
#8979 = EDGE_LOOP('',(#8980,#9001,#9002));
#8980 = ORIENTED_EDGE('',*,*,#8981,.F.);
#8981 = EDGE_CURVE('',#7937,#24,#8982,.T.);
#8982 = SURFACE_CURVE('',#8983,(#8987,#8994),.PCURVE_S1.);
#8983 = LINE('',#8984,#8985);
#8984 = CARTESIAN_POINT('',(9.761109079622,-11.86292932639,
    11.738765326349));
#8985 = VECTOR('',#8986,1.);
#8986 = DIRECTION('',(0.975654751196,-0.219208669923,-6.735391528122E-03
    ));
#8987 = PCURVE('',#8005,#8988);
#8988 = DEFINITIONAL_REPRESENTATION('',(#8989),#8993);
#8989 = LINE('',#8990,#8991);
#8990 = CARTESIAN_POINT('',(0.516980918425,2.302162544241));
#8991 = VECTOR('',#8992,1.);
#8992 = DIRECTION('',(-0.219106498,-0.975700949335));
#8993 = ( GEOMETRIC_REPRESENTATION_CONTEXT(2) 
PARAMETRIC_REPRESENTATION_CONTEXT() REPRESENTATION_CONTEXT('2D SPACE',''
  ) );
#8994 = PCURVE('',#5851,#8995);
#8995 = DEFINITIONAL_REPRESENTATION('',(#8996),#9000);
#8996 = LINE('',#8997,#8998);
#8997 = CARTESIAN_POINT('',(-0.774058019978,2.528963445006));
#8998 = VECTOR('',#8999,1.);
#8999 = DIRECTION('',(-0.219310581002,-0.975655097389));
#9000 = ( GEOMETRIC_REPRESENTATION_CONTEXT(2) 
PARAMETRIC_REPRESENTATION_CONTEXT() REPRESENTATION_CONTEXT('2D SPACE',''
  ) );
#9001 = ORIENTED_EDGE('',*,*,#7991,.F.);
#9002 = ORIENTED_EDGE('',*,*,#8955,.T.);
#9003 = ADVANCED_FACE('',(#9004),#2509,.T.);
#9004 = FACE_BOUND('',#9005,.T.);
#9005 = EDGE_LOOP('',(#9006,#9007,#9008));
#9006 = ORIENTED_EDGE('',*,*,#2493,.F.);
#9007 = ORIENTED_EDGE('',*,*,#8925,.T.);
#9008 = ORIENTED_EDGE('',*,*,#9009,.F.);
#9009 = EDGE_CURVE('',#2494,#6425,#9010,.T.);
#9010 = SURFACE_CURVE('',#9011,(#9015,#9022),.PCURVE_S1.);
#9011 = LINE('',#9012,#9013);
#9012 = CARTESIAN_POINT('',(6.13325071467,-5.610529082853,
    11.739098174924));
#9013 = VECTOR('',#9014,1.);
#9014 = DIRECTION('',(0.117981706327,-0.992972924031,-9.224376057461E-03
    ));
#9015 = PCURVE('',#2509,#9016);
#9016 = DEFINITIONAL_REPRESENTATION('',(#9017),#9021);
#9017 = LINE('',#9018,#9019);
#9018 = CARTESIAN_POINT('',(0.,0.));
#9019 = VECTOR('',#9020,1.);
#9020 = DIRECTION('',(0.118171761765,-0.992993169524));
#9021 = ( GEOMETRIC_REPRESENTATION_CONTEXT(2) 
PARAMETRIC_REPRESENTATION_CONTEXT() REPRESENTATION_CONTEXT('2D SPACE',''
  ) );
#9022 = PCURVE('',#2625,#9023);
#9023 = DEFINITIONAL_REPRESENTATION('',(#9024),#9028);
#9024 = LINE('',#9025,#9026);
#9025 = CARTESIAN_POINT('',(-1.305478784467,5.043393916471E-02));
#9026 = VECTOR('',#9027,1.);
#9027 = DIRECTION('',(0.118073042756,-0.993004912664));
#9028 = ( GEOMETRIC_REPRESENTATION_CONTEXT(2) 
PARAMETRIC_REPRESENTATION_CONTEXT() REPRESENTATION_CONTEXT('2D SPACE',''
  ) );
#9029 = ADVANCED_FACE('',(#9030),#5851,.T.);
#9030 = FACE_BOUND('',#9031,.T.);
#9031 = EDGE_LOOP('',(#9032,#9053,#9054));
#9032 = ORIENTED_EDGE('',*,*,#9033,.F.);
#9033 = EDGE_CURVE('',#7937,#4567,#9034,.T.);
#9034 = SURFACE_CURVE('',#9035,(#9039,#9046),.PCURVE_S1.);
#9035 = LINE('',#9036,#9037);
#9036 = CARTESIAN_POINT('',(9.761109079622,-11.86292932639,
    11.738765326349));
#9037 = VECTOR('',#9038,1.);
#9038 = DIRECTION('',(0.956211728908,0.292589996766,7.086839255938E-03)
  );
#9039 = PCURVE('',#5851,#9040);
#9040 = DEFINITIONAL_REPRESENTATION('',(#9041),#9045);
#9041 = LINE('',#9042,#9043);
#9042 = CARTESIAN_POINT('',(-0.774058019978,2.528963445006));
#9043 = VECTOR('',#9044,1.);
#9044 = DIRECTION('',(0.292674701033,-0.956212068202));
#9045 = ( GEOMETRIC_REPRESENTATION_CONTEXT(2) 
PARAMETRIC_REPRESENTATION_CONTEXT() REPRESENTATION_CONTEXT('2D SPACE',''
  ) );
#9046 = PCURVE('',#8062,#9047);
#9047 = DEFINITIONAL_REPRESENTATION('',(#9048),#9052);
#9048 = LINE('',#9049,#9050);
#9049 = CARTESIAN_POINT('',(-0.773497395985,2.529134971264));
#9050 = VECTOR('',#9051,1.);
#9051 = DIRECTION('',(0.292462726665,-0.956276923026));
#9052 = ( GEOMETRIC_REPRESENTATION_CONTEXT(2) 
PARAMETRIC_REPRESENTATION_CONTEXT() REPRESENTATION_CONTEXT('2D SPACE',''
  ) );
#9053 = ORIENTED_EDGE('',*,*,#8981,.T.);
#9054 = ORIENTED_EDGE('',*,*,#5837,.T.);
#9055 = ADVANCED_FACE('',(#9056),#8062,.T.);
#9056 = FACE_BOUND('',#9057,.T.);
#9057 = EDGE_LOOP('',(#9058,#9079,#9080));
#9058 = ORIENTED_EDGE('',*,*,#9059,.F.);
#9059 = EDGE_CURVE('',#5894,#4567,#9060,.T.);
#9060 = SURFACE_CURVE('',#9061,(#9065,#9072),.PCURVE_S1.);
#9061 = LINE('',#9062,#9063);
#9062 = CARTESIAN_POINT('',(9.876102228378,-11.11280235726,
    11.729647168822));
#9063 = VECTOR('',#9064,1.);
#9064 = DIRECTION('',(0.999885190997,9.819637958263E-03,
    1.154034382565E-02));
#9065 = PCURVE('',#8062,#9066);
#9066 = DEFINITIONAL_REPRESENTATION('',(#9067),#9071);
#9067 = LINE('',#9068,#9069);
#9068 = CARTESIAN_POINT('',(-2.331621291881E-02,2.414133982323));
#9069 = VECTOR('',#9070,1.);
#9070 = DIRECTION('',(9.65775954671E-03,-0.999953362753));
#9071 = ( GEOMETRIC_REPRESENTATION_CONTEXT(2) 
PARAMETRIC_REPRESENTATION_CONTEXT() REPRESENTATION_CONTEXT('2D SPACE',''
  ) );
#9072 = PCURVE('',#4666,#9073);
#9073 = DEFINITIONAL_REPRESENTATION('',(#9074),#9078);
#9074 = LINE('',#9075,#9076);
#9075 = CARTESIAN_POINT('',(-2.235103873628,-1.342913883715));
#9076 = VECTOR('',#9077,1.);
#9077 = DIRECTION('',(0.999951780821,9.820184949294E-03));
#9078 = ( GEOMETRIC_REPRESENTATION_CONTEXT(2) 
PARAMETRIC_REPRESENTATION_CONTEXT() REPRESENTATION_CONTEXT('2D SPACE',''
  ) );
#9079 = ORIENTED_EDGE('',*,*,#8048,.F.);
#9080 = ORIENTED_EDGE('',*,*,#9033,.T.);
#9081 = ADVANCED_FACE('',(#9082),#2625,.T.);
#9082 = FACE_BOUND('',#9083,.T.);
#9083 = EDGE_LOOP('',(#9084,#9085,#9086));
#9084 = ORIENTED_EDGE('',*,*,#2609,.F.);
#9085 = ORIENTED_EDGE('',*,*,#9009,.T.);
#9086 = ORIENTED_EDGE('',*,*,#9087,.T.);
#9087 = EDGE_CURVE('',#6425,#2610,#9088,.T.);
#9088 = SURFACE_CURVE('',#9089,(#9093,#9100),.PCURVE_S1.);
#9089 = LINE('',#9090,#9091);
#9090 = CARTESIAN_POINT('',(6.426075329623,-8.075037549381,
    11.716203741106));
#9091 = VECTOR('',#9092,1.);
#9092 = DIRECTION('',(0.38679659549,0.922159177548,3.293171974917E-03));
#9093 = PCURVE('',#2625,#9094);
#9094 = DEFINITIONAL_REPRESENTATION('',(#9095),#9099);
#9095 = LINE('',#9096,#9097);
#9096 = CARTESIAN_POINT('',(-1.012427477125,-2.414153921529));
#9097 = VECTOR('',#9098,1.);
#9098 = DIRECTION('',(0.386739784014,0.922188884915));
#9099 = ( GEOMETRIC_REPRESENTATION_CONTEXT(2) 
PARAMETRIC_REPRESENTATION_CONTEXT() REPRESENTATION_CONTEXT('2D SPACE',''
  ) );
#9100 = PCURVE('',#6493,#9101);
#9101 = DEFINITIONAL_REPRESENTATION('',(#9102),#9106);
#9102 = LINE('',#9103,#9104);
#9103 = CARTESIAN_POINT('',(-1.008929481844,-2.415617903133));
#9104 = VECTOR('',#9105,1.);
#9105 = DIRECTION('',(0.385403575771,0.922748115025));
#9106 = ( GEOMETRIC_REPRESENTATION_CONTEXT(2) 
PARAMETRIC_REPRESENTATION_CONTEXT() REPRESENTATION_CONTEXT('2D SPACE',''
  ) );
#9107 = ADVANCED_FACE('',(#9108),#6493,.T.);
#9108 = FACE_BOUND('',#9109,.T.);
#9109 = EDGE_LOOP('',(#9110,#9111,#9112));
#9110 = ORIENTED_EDGE('',*,*,#9087,.F.);
#9111 = ORIENTED_EDGE('',*,*,#6479,.T.);
#9112 = ORIENTED_EDGE('',*,*,#9113,.T.);
#9113 = EDGE_CURVE('',#6341,#2610,#9114,.T.);
#9114 = SURFACE_CURVE('',#9115,(#9119,#9126),.PCURVE_S1.);
#9115 = LINE('',#9116,#9117);
#9116 = CARTESIAN_POINT('',(7.159759637782,-8.114092767604,
    11.786653015898));
#9117 = VECTOR('',#9118,1.);
#9118 = DIRECTION('',(0.112925053583,0.993288074657,-2.503463634938E-02)
  );
#9119 = PCURVE('',#6493,#9120);
#9120 = DEFINITIONAL_REPRESENTATION('',(#9121),#9125);
#9121 = LINE('',#9122,#9123);
#9122 = CARTESIAN_POINT('',(-0.271871943076,-2.454698063993));
#9123 = VECTOR('',#9124,1.);
#9124 = DIRECTION('',(0.110082632412,0.993922438645));
#9125 = ( GEOMETRIC_REPRESENTATION_CONTEXT(2) 
PARAMETRIC_REPRESENTATION_CONTEXT() REPRESENTATION_CONTEXT('2D SPACE',''
  ) );
#9126 = PCURVE('',#3037,#9127);
#9127 = DEFINITIONAL_REPRESENTATION('',(#9128),#9132);
#9128 = LINE('',#9129,#9130);
#9129 = CARTESIAN_POINT('',(-2.112648558465,1.608381948926));
#9130 = VECTOR('',#9131,1.);
#9131 = DIRECTION('',(0.993599334249,-0.11296177663));
#9132 = ( GEOMETRIC_REPRESENTATION_CONTEXT(2) 
PARAMETRIC_REPRESENTATION_CONTEXT() REPRESENTATION_CONTEXT('2D SPACE',''
  ) );
#9133 = ADVANCED_FACE('',(#9134),#5989,.T.);
#9134 = FACE_BOUND('',#9135,.T.);
#9135 = EDGE_LOOP('',(#9136,#9157,#9158));
#9136 = ORIENTED_EDGE('',*,*,#9137,.F.);
#9137 = EDGE_CURVE('',#5947,#4625,#9138,.T.);
#9138 = SURFACE_CURVE('',#9139,(#9143,#9150),.PCURVE_S1.);
#9139 = LINE('',#9140,#9141);
#9140 = CARTESIAN_POINT('',(9.752017894043,-10.37754780451,
    11.776495322455));
#9141 = VECTOR('',#9142,1.);
#9142 = DIRECTION('',(0.968300635848,0.249374389041,-1.436289341855E-02)
  );
#9143 = PCURVE('',#5989,#9144);
#9144 = DEFINITIONAL_REPRESENTATION('',(#9145),#9149);
#9145 = LINE('',#9146,#9147);
#9146 = CARTESIAN_POINT('',(-0.604492356526,2.360255343263));
#9147 = VECTOR('',#9148,1.);
#9148 = DIRECTION('',(0.248105250722,-0.968733082208));
#9149 = ( GEOMETRIC_REPRESENTATION_CONTEXT(2) 
PARAMETRIC_REPRESENTATION_CONTEXT() REPRESENTATION_CONTEXT('2D SPACE',''
  ) );
#9150 = PCURVE('',#4717,#9151);
#9151 = DEFINITIONAL_REPRESENTATION('',(#9152),#9156);
#9152 = LINE('',#9153,#9154);
#9153 = CARTESIAN_POINT('',(-1.879367613037,-1.781059951683));
#9154 = VECTOR('',#9155,1.);
#9155 = DIRECTION('',(0.968406915073,0.249375313211));
#9156 = ( GEOMETRIC_REPRESENTATION_CONTEXT(2) 
PARAMETRIC_REPRESENTATION_CONTEXT() REPRESENTATION_CONTEXT('2D SPACE',''
  ) );
#9157 = ORIENTED_EDGE('',*,*,#5975,.T.);
#9158 = ORIENTED_EDGE('',*,*,#9159,.T.);
#9159 = EDGE_CURVE('',#5894,#4625,#9160,.T.);
#9160 = SURFACE_CURVE('',#9161,(#9165,#9172),.PCURVE_S1.);
#9161 = LINE('',#9162,#9163);
#9162 = CARTESIAN_POINT('',(9.876102228378,-11.11280235726,
    11.729647168822));
#9163 = VECTOR('',#9164,1.);
#9164 = DIRECTION('',(0.857184673285,0.51498909622,4.546059762272E-03));
#9165 = PCURVE('',#5989,#9166);
#9166 = DEFINITIONAL_REPRESENTATION('',(#9167),#9171);
#9167 = LINE('',#9168,#9169);
#9168 = CARTESIAN_POINT('',(-1.341228571951,2.236115592442));
#9169 = VECTOR('',#9170,1.);
#9170 = DIRECTION('',(0.514371453065,-0.857567494878));
#9171 = ( GEOMETRIC_REPRESENTATION_CONTEXT(2) 
PARAMETRIC_REPRESENTATION_CONTEXT() REPRESENTATION_CONTEXT('2D SPACE',''
  ) );
#9172 = PCURVE('',#4666,#9173);
#9173 = DEFINITIONAL_REPRESENTATION('',(#9174),#9178);
#9174 = LINE('',#9175,#9176);
#9175 = CARTESIAN_POINT('',(-2.235103873628,-1.342913883715));
#9176 = VECTOR('',#9177,1.);
#9177 = DIRECTION('',(0.857179492947,0.515017783064));
#9178 = ( GEOMETRIC_REPRESENTATION_CONTEXT(2) 
PARAMETRIC_REPRESENTATION_CONTEXT() REPRESENTATION_CONTEXT('2D SPACE',''
  ) );
#9179 = ADVANCED_FACE('',(#9180),#4666,.T.);
#9180 = FACE_BOUND('',#9181,.T.);
#9181 = EDGE_LOOP('',(#9182,#9183,#9184));
#9182 = ORIENTED_EDGE('',*,*,#9159,.F.);
#9183 = ORIENTED_EDGE('',*,*,#9059,.T.);
#9184 = ORIENTED_EDGE('',*,*,#4652,.F.);
#9185 = ADVANCED_FACE('',(#9186),#6325,.T.);
#9186 = FACE_BOUND('',#9187,.T.);
#9187 = EDGE_LOOP('',(#9188,#9209,#9210));
#9188 = ORIENTED_EDGE('',*,*,#9189,.F.);
#9189 = EDGE_CURVE('',#6283,#2945,#9190,.T.);
#9190 = SURFACE_CURVE('',#9191,(#9195,#9202),.PCURVE_S1.);
#9191 = LINE('',#9192,#9193);
#9192 = CARTESIAN_POINT('',(7.898008850518,-8.271913319868,
    11.734155775524));
#9193 = VECTOR('',#9194,1.);
#9194 = DIRECTION('',(0.357592888412,0.933772062899,1.403783125275E-02)
  );
#9195 = PCURVE('',#6325,#9196);
#9196 = DEFINITIONAL_REPRESENTATION('',(#9197),#9201);
#9197 = LINE('',#9198,#9199);
#9198 = CARTESIAN_POINT('',(-0.870108937474,-2.270852742845));
#9199 = VECTOR('',#9200,1.);
#9200 = DIRECTION('',(0.357798113191,0.933798966693));
#9201 = ( GEOMETRIC_REPRESENTATION_CONTEXT(2) 
PARAMETRIC_REPRESENTATION_CONTEXT() REPRESENTATION_CONTEXT('2D SPACE',''
  ) );
#9202 = PCURVE('',#6409,#9203);
#9203 = DEFINITIONAL_REPRESENTATION('',(#9204),#9208);
#9204 = LINE('',#9205,#9206);
#9205 = CARTESIAN_POINT('',(-0.865764114033,-2.272512759395));
#9206 = VECTOR('',#9207,1.);
#9207 = DIRECTION('',(0.356011475262,0.934481583276));
#9208 = ( GEOMETRIC_REPRESENTATION_CONTEXT(2) 
PARAMETRIC_REPRESENTATION_CONTEXT() REPRESENTATION_CONTEXT('2D SPACE',''
  ) );
#9209 = ORIENTED_EDGE('',*,*,#6311,.T.);
#9210 = ORIENTED_EDGE('',*,*,#9211,.T.);
#9211 = EDGE_CURVE('',#6199,#2945,#9212,.T.);
#9212 = SURFACE_CURVE('',#9213,(#9217,#9224),.PCURVE_S1.);
#9213 = LINE('',#9214,#9215);
#9214 = CARTESIAN_POINT('',(8.480840828965,-8.616732085318,
    11.771231120381));
#9215 = VECTOR('',#9216,1.);
#9216 = DIRECTION('',(0.108987891171,0.994042450426,-1.116390855252E-03)
  );
#9217 = PCURVE('',#6325,#9218);
#9218 = DEFINITIONAL_REPRESENTATION('',(#9219),#9223);
#9219 = LINE('',#9220,#9221);
#9220 = CARTESIAN_POINT('',(-0.286104789614,-2.615681443196));
#9221 = VECTOR('',#9222,1.);
#9222 = DIRECTION('',(0.108732086246,0.994071090728));
#9223 = ( GEOMETRIC_REPRESENTATION_CONTEXT(2) 
PARAMETRIC_REPRESENTATION_CONTEXT() REPRESENTATION_CONTEXT('2D SPACE',''
  ) );
#9224 = PCURVE('',#2986,#9225);
#9225 = DEFINITIONAL_REPRESENTATION('',(#9226),#9230);
#9226 = LINE('',#9227,#9228);
#9227 = CARTESIAN_POINT('',(-1.410759303994,-1.957253516966));
#9228 = VECTOR('',#9229,1.);
#9229 = DIRECTION('',(0.108897822254,0.994052948443));
#9230 = ( GEOMETRIC_REPRESENTATION_CONTEXT(2) 
PARAMETRIC_REPRESENTATION_CONTEXT() REPRESENTATION_CONTEXT('2D SPACE',''
  ) );
#9231 = ADVANCED_FACE('',(#9232),#6409,.T.);
#9232 = FACE_BOUND('',#9233,.T.);
#9233 = EDGE_LOOP('',(#9234,#9255,#9256));
#9234 = ORIENTED_EDGE('',*,*,#9235,.F.);
#9235 = EDGE_CURVE('',#6341,#2945,#9236,.T.);
#9236 = SURFACE_CURVE('',#9237,(#9241,#9248),.PCURVE_S1.);
#9237 = LINE('',#9238,#9239);
#9238 = CARTESIAN_POINT('',(7.159759637782,-8.114092767604,
    11.786653015898));
#9239 = VECTOR('',#9240,1.);
#9240 = DIRECTION('',(0.605547184057,0.795779365084,-6.9144766419E-03));
#9241 = PCURVE('',#6409,#9242);
#9242 = DEFINITIONAL_REPRESENTATION('',(#9243),#9247);
#9243 = LINE('',#9244,#9245);
#9244 = CARTESIAN_POINT('',(-1.60585194304,-2.114572288253));
#9245 = VECTOR('',#9246,1.);
#9246 = DIRECTION('',(0.604791263619,0.796384032644));
#9247 = ( GEOMETRIC_REPRESENTATION_CONTEXT(2) 
PARAMETRIC_REPRESENTATION_CONTEXT() REPRESENTATION_CONTEXT('2D SPACE',''
  ) );
#9248 = PCURVE('',#3037,#9249);
#9249 = DEFINITIONAL_REPRESENTATION('',(#9250),#9254);
#9250 = LINE('',#9251,#9252);
#9251 = CARTESIAN_POINT('',(-2.112648558465,1.608381948926));
#9252 = VECTOR('',#9253,1.);
#9253 = DIRECTION('',(0.795659523155,-0.605744107039));
#9254 = ( GEOMETRIC_REPRESENTATION_CONTEXT(2) 
PARAMETRIC_REPRESENTATION_CONTEXT() REPRESENTATION_CONTEXT('2D SPACE',''
  ) );
#9255 = ORIENTED_EDGE('',*,*,#6395,.T.);
#9256 = ORIENTED_EDGE('',*,*,#9189,.T.);
#9257 = ADVANCED_FACE('',(#9258),#3037,.T.);
#9258 = FACE_BOUND('',#9259,.T.);
#9259 = EDGE_LOOP('',(#9260,#9261,#9262));
#9260 = ORIENTED_EDGE('',*,*,#3023,.F.);
#9261 = ORIENTED_EDGE('',*,*,#9113,.F.);
#9262 = ORIENTED_EDGE('',*,*,#9235,.T.);
#9263 = ADVANCED_FACE('',(#9264),#4717,.T.);
#9264 = FACE_BOUND('',#9265,.T.);
#9265 = EDGE_LOOP('',(#9266,#9287,#9288));
#9266 = ORIENTED_EDGE('',*,*,#9267,.F.);
#9267 = EDGE_CURVE('',#5947,#3166,#9268,.T.);
#9268 = SURFACE_CURVE('',#9269,(#9273,#9280),.PCURVE_S1.);
#9269 = LINE('',#9270,#9271);
#9270 = CARTESIAN_POINT('',(9.752017894043,-10.37754780451,
    11.776495322455));
#9271 = VECTOR('',#9272,1.);
#9272 = DIRECTION('',(0.725777266045,0.687865518365,-9.401528407682E-03)
  );
#9273 = PCURVE('',#4717,#9274);
#9274 = DEFINITIONAL_REPRESENTATION('',(#9275),#9279);
#9275 = LINE('',#9276,#9277);
#9276 = CARTESIAN_POINT('',(-1.879367613037,-1.781059951683));
#9277 = VECTOR('',#9278,1.);
#9278 = DIRECTION('',(0.725835740115,0.687868067562));
#9279 = ( GEOMETRIC_REPRESENTATION_CONTEXT(2) 
PARAMETRIC_REPRESENTATION_CONTEXT() REPRESENTATION_CONTEXT('2D SPACE',''
  ) );
#9280 = PCURVE('',#6099,#9281);
#9281 = DEFINITIONAL_REPRESENTATION('',(#9282),#9286);
#9282 = LINE('',#9283,#9284);
#9283 = CARTESIAN_POINT('',(-1.780440279924,1.879954676593));
#9284 = VECTOR('',#9285,1.);
#9285 = DIRECTION('',(0.687628742426,-0.726062471547));
#9286 = ( GEOMETRIC_REPRESENTATION_CONTEXT(2) 
PARAMETRIC_REPRESENTATION_CONTEXT() REPRESENTATION_CONTEXT('2D SPACE',''
  ) );
#9287 = ORIENTED_EDGE('',*,*,#9137,.T.);
#9288 = ORIENTED_EDGE('',*,*,#4703,.F.);
#9289 = ADVANCED_FACE('',(#9290),#6099,.T.);
#9290 = FACE_BOUND('',#9291,.T.);
#9291 = EDGE_LOOP('',(#9292,#9313,#9314));
#9292 = ORIENTED_EDGE('',*,*,#9293,.F.);
#9293 = EDGE_CURVE('',#6005,#3166,#9294,.T.);
#9294 = SURFACE_CURVE('',#9295,(#9299,#9306),.PCURVE_S1.);
#9295 = LINE('',#9296,#9297);
#9296 = CARTESIAN_POINT('',(9.418793525375,-9.686460146321,
    11.737235093637));
#9297 = VECTOR('',#9298,1.);
#9298 = DIRECTION('',(0.897031454475,0.441925320238,6.048224109755E-03)
  );
#9299 = PCURVE('',#6099,#9300);
#9300 = DEFINITIONAL_REPRESENTATION('',(#9301),#9305);
#9301 = LINE('',#9302,#9303);
#9302 = CARTESIAN_POINT('',(-1.088301398538,2.213309990977));
#9303 = VECTOR('',#9304,1.);
#9304 = DIRECTION('',(0.441250533993,-0.897383956983));
#9305 = ( GEOMETRIC_REPRESENTATION_CONTEXT(2) 
PARAMETRIC_REPRESENTATION_CONTEXT() REPRESENTATION_CONTEXT('2D SPACE',''
  ) );
#9306 = PCURVE('',#6183,#9307);
#9307 = DEFINITIONAL_REPRESENTATION('',(#9308),#9312);
#9308 = LINE('',#9309,#9310);
#9309 = CARTESIAN_POINT('',(-1.089805142805,2.212569953908));
#9310 = VECTOR('',#9311,1.);
#9311 = DIRECTION('',(0.441860225354,-0.897083909816));
#9312 = ( GEOMETRIC_REPRESENTATION_CONTEXT(2) 
PARAMETRIC_REPRESENTATION_CONTEXT() REPRESENTATION_CONTEXT('2D SPACE',''
  ) );
#9313 = ORIENTED_EDGE('',*,*,#6085,.T.);
#9314 = ORIENTED_EDGE('',*,*,#9267,.T.);
#9315 = ADVANCED_FACE('',(#9316),#6183,.T.);
#9316 = FACE_BOUND('',#9317,.T.);
#9317 = EDGE_LOOP('',(#9318,#9339,#9340));
#9318 = ORIENTED_EDGE('',*,*,#9319,.F.);
#9319 = EDGE_CURVE('',#6115,#3166,#9320,.T.);
#9320 = SURFACE_CURVE('',#9321,(#9325,#9332),.PCURVE_S1.);
#9321 = LINE('',#9322,#9323);
#9322 = CARTESIAN_POINT('',(9.088077769651,-9.117654842899,
    11.761092915952));
#9323 = VECTOR('',#9324,1.);
#9324 = DIRECTION('',(0.979635749215,0.20075342673,-3.443910037177E-03)
  );
#9325 = PCURVE('',#6183,#9326);
#9326 = DEFINITIONAL_REPRESENTATION('',(#9327),#9331);
#9327 = LINE('',#9328,#9329);
#9328 = CARTESIAN_POINT('',(-0.520510950842,2.543305048762));
#9329 = VECTOR('',#9330,1.);
#9330 = DIRECTION('',(0.200503259888,-0.979693034973));
#9331 = ( GEOMETRIC_REPRESENTATION_CONTEXT(2) 
PARAMETRIC_REPRESENTATION_CONTEXT() REPRESENTATION_CONTEXT('2D SPACE',''
  ) );
#9332 = PCURVE('',#3181,#9333);
#9333 = DEFINITIONAL_REPRESENTATION('',(#9334),#9338);
#9334 = LINE('',#9335,#9336);
#9335 = CARTESIAN_POINT('',(-1.685328398605,1.781828300517));
#9336 = VECTOR('',#9337,1.);
#9337 = DIRECTION('',(0.200781074444,-0.979636136606));
#9338 = ( GEOMETRIC_REPRESENTATION_CONTEXT(2) 
PARAMETRIC_REPRESENTATION_CONTEXT() REPRESENTATION_CONTEXT('2D SPACE',''
  ) );
#9339 = ORIENTED_EDGE('',*,*,#6169,.T.);
#9340 = ORIENTED_EDGE('',*,*,#9293,.T.);
#9341 = ADVANCED_FACE('',(#9342),#2986,.T.);
#9342 = FACE_BOUND('',#9343,.T.);
#9343 = EDGE_LOOP('',(#9344,#9345,#9346));
#9344 = ORIENTED_EDGE('',*,*,#2972,.F.);
#9345 = ORIENTED_EDGE('',*,*,#9211,.F.);
#9346 = ORIENTED_EDGE('',*,*,#9347,.T.);
#9347 = EDGE_CURVE('',#6199,#2887,#9348,.T.);
#9348 = SURFACE_CURVE('',#9349,(#9353,#9360),.PCURVE_S1.);
#9349 = LINE('',#9350,#9351);
#9350 = CARTESIAN_POINT('',(8.480840828965,-8.616732085318,
    11.771231120381));
#9351 = VECTOR('',#9352,1.);
#9352 = DIRECTION('',(0.5845487655,0.811223633184,1.479721988806E-02));
#9353 = PCURVE('',#2986,#9354);
#9354 = DEFINITIONAL_REPRESENTATION('',(#9355),#9359);
#9355 = LINE('',#9356,#9357);
#9356 = CARTESIAN_POINT('',(-1.410759303994,-1.957253516966));
#9357 = VECTOR('',#9358,1.);
#9358 = DIRECTION('',(0.584724137463,0.811232200463));
#9359 = ( GEOMETRIC_REPRESENTATION_CONTEXT(2) 
PARAMETRIC_REPRESENTATION_CONTEXT() REPRESENTATION_CONTEXT('2D SPACE',''
  ) );
#9360 = PCURVE('',#3070,#9361);
#9361 = DEFINITIONAL_REPRESENTATION('',(#9362),#9366);
#9362 = LINE('',#9363,#9364);
#9363 = CARTESIAN_POINT('',(-1.18163689554,2.390588754744));
#9364 = VECTOR('',#9365,1.);
#9365 = DIRECTION('',(0.811089759152,-0.584921706384));
#9366 = ( GEOMETRIC_REPRESENTATION_CONTEXT(2) 
PARAMETRIC_REPRESENTATION_CONTEXT() REPRESENTATION_CONTEXT('2D SPACE',''
  ) );
#9367 = ADVANCED_FACE('',(#9368),#6267,.T.);
#9368 = FACE_BOUND('',#9369,.T.);
#9369 = EDGE_LOOP('',(#9370,#9391,#9392));
#9370 = ORIENTED_EDGE('',*,*,#9371,.F.);
#9371 = EDGE_CURVE('',#6199,#3055,#9372,.T.);
#9372 = SURFACE_CURVE('',#9373,(#9377,#9384),.PCURVE_S1.);
#9373 = LINE('',#9374,#9375);
#9374 = CARTESIAN_POINT('',(8.480840828965,-8.616732085318,
    11.771231120381));
#9375 = VECTOR('',#9376,1.);
#9376 = DIRECTION('',(0.895894839869,0.444090451854,-1.249425740422E-02)
  );
#9377 = PCURVE('',#6267,#9378);
#9378 = DEFINITIONAL_REPRESENTATION('',(#9379),#9383);
#9379 = LINE('',#9380,#9381);
#9380 = CARTESIAN_POINT('',(-2.389295583107,-1.184249536101));
#9381 = VECTOR('',#9382,1.);
#9382 = DIRECTION('',(0.895981481892,0.444091414134));
#9383 = ( GEOMETRIC_REPRESENTATION_CONTEXT(2) 
PARAMETRIC_REPRESENTATION_CONTEXT() REPRESENTATION_CONTEXT('2D SPACE',''
  ) );
#9384 = PCURVE('',#3070,#9385);
#9385 = DEFINITIONAL_REPRESENTATION('',(#9386),#9390);
#9386 = LINE('',#9387,#9388);
#9387 = CARTESIAN_POINT('',(-1.18163689554,2.390588754744));
#9388 = VECTOR('',#9389,1.);
#9389 = DIRECTION('',(0.443111678693,-0.896466418895));
#9390 = ( GEOMETRIC_REPRESENTATION_CONTEXT(2) 
PARAMETRIC_REPRESENTATION_CONTEXT() REPRESENTATION_CONTEXT('2D SPACE',''
  ) );
#9391 = ORIENTED_EDGE('',*,*,#6253,.T.);
#9392 = ORIENTED_EDGE('',*,*,#9393,.T.);
#9393 = EDGE_CURVE('',#6115,#3055,#9394,.T.);
#9394 = SURFACE_CURVE('',#9395,(#9399,#9406),.PCURVE_S1.);
#9395 = LINE('',#9396,#9397);
#9396 = CARTESIAN_POINT('',(9.088077769651,-9.117654842899,
    11.761092915952));
#9397 = VECTOR('',#9398,1.);
#9398 = DIRECTION('',(0.726505756729,0.687095379471,-9.451187725862E-03)
  );
#9399 = PCURVE('',#6267,#9400);
#9400 = DEFINITIONAL_REPRESENTATION('',(#9401),#9405);
#9401 = LINE('',#9402,#9403);
#9402 = CARTESIAN_POINT('',(-1.781974911723,-1.685173379109));
#9403 = VECTOR('',#9404,1.);
#9404 = DIRECTION('',(0.726565821906,0.687096868307));
#9405 = ( GEOMETRIC_REPRESENTATION_CONTEXT(2) 
PARAMETRIC_REPRESENTATION_CONTEXT() REPRESENTATION_CONTEXT('2D SPACE',''
  ) );
#9406 = PCURVE('',#3181,#9407);
#9407 = DEFINITIONAL_REPRESENTATION('',(#9408),#9412);
#9408 = LINE('',#9409,#9410);
#9409 = CARTESIAN_POINT('',(-1.685328398605,1.781828300517));
#9410 = VECTOR('',#9411,1.);
#9411 = DIRECTION('',(0.68716007451,-0.726506044021));
#9412 = ( GEOMETRIC_REPRESENTATION_CONTEXT(2) 
PARAMETRIC_REPRESENTATION_CONTEXT() REPRESENTATION_CONTEXT('2D SPACE',''
  ) );
#9413 = ADVANCED_FACE('',(#9414),#3181,.T.);
#9414 = FACE_BOUND('',#9415,.T.);
#9415 = EDGE_LOOP('',(#9416,#9417,#9418));
#9416 = ORIENTED_EDGE('',*,*,#9393,.F.);
#9417 = ORIENTED_EDGE('',*,*,#9319,.T.);
#9418 = ORIENTED_EDGE('',*,*,#3165,.F.);
#9419 = ADVANCED_FACE('',(#9420),#3070,.T.);
#9420 = FACE_BOUND('',#9421,.T.);
#9421 = EDGE_LOOP('',(#9422,#9423,#9424));
#9422 = ORIENTED_EDGE('',*,*,#3054,.F.);
#9423 = ORIENTED_EDGE('',*,*,#9347,.F.);
#9424 = ORIENTED_EDGE('',*,*,#9371,.T.);
#9425 = ( GEOMETRIC_REPRESENTATION_CONTEXT(3) 
GLOBAL_UNCERTAINTY_ASSIGNED_CONTEXT((#9429)) 
GLOBAL_UNIT_ASSIGNED_CONTEXT((#9426,#9427,#9428)) REPRESENTATION_CONTEXT
('Context #1','3D Context with UNIT and UNCERTAINTY') );
#9426 = ( LENGTH_UNIT() NAMED_UNIT(*) SI_UNIT(.MILLI.,.METRE.) );
#9427 = ( NAMED_UNIT(*) PLANE_ANGLE_UNIT() SI_UNIT($,.RADIAN.) );
#9428 = ( NAMED_UNIT(*) SI_UNIT($,.STERADIAN.) SOLID_ANGLE_UNIT() );
#9429 = UNCERTAINTY_MEASURE_WITH_UNIT(LENGTH_MEASURE(1.E-07),#9426,
  'distance_accuracy_value','confusion accuracy');
#9430 = PRODUCT_TYPE('part',$,(#7));
ENDSEC;
END-ISO-10303-21;
