ISO-10303-21;
HEADER;
FILE_DESCRIPTION(('Open CASCADE Model'),'2;1');
FILE_NAME('Open CASCADE Shape Model','2026-10-04T20:38:47',('Author'),(
    'Open CASCADE'),'Open CASCADE STEP processor 7.8','Open CASCADE 7.8'
  ,'Unknown');
FILE_SCHEMA(('AUTOMOTIVE_DESIGN_CC2 { 1 2 10303 214 -1 1 5 4 }'));
ENDSEC;
DATA;
#1 = APPLICATION_PROTOCOL_DEFINITION('committee draft',
  'automotive_design',1997,#2);
#2 = APPLICATION_CONTEXT(
  'core data for automotive mechanical design processes');
#3 = SHAPE_DEFINITION_REPRESENTATION(#4,#10);
#4 = PRODUCT_DEFINITION_SHAPE('','',#5);
#5 = PRODUCT_DEFINITION('design','',#6,#9);
#6 = PRODUCT_DEFINITION_FORMATION('','',#7);
#7 = PRODUCT('Open CASCADE STEP translator 7.8 47',
  'Open CASCADE STEP translator 7.8 47','',(#8));
#8 = MECHANICAL_CONTEXT('',#2,'mechanical');
#9 = PRODUCT_DEFINITION_CONTEXT('part definition',#2,'design');
#10 = ADVANCED_BREP_SHAPE_REPRESENTATION('',(#11,#15),#11109);
#11 = AXIS2_PLACEMENT_3D('',#12,#13,#14);
#12 = CARTESIAN_POINT('',(0.,0.,0.));
#13 = DIRECTION('',(0.,0.,1.));
#14 = DIRECTION('',(1.,0.,-0.));
#15 = MANIFOLD_SOLID_BREP('',#16);
#16 = CLOSED_SHELL('',(#17,#109,#167,#225,#283,#341,#399,#457,#515,#573,
    #631,#684,#742,#800,#858,#916,#974,#1032,#1090,#1148,#1206,#1264,
    #1322,#1375,#1433,#1491,#1549,#1607,#1665,#1723,#1781,#1839,#1897,
    #1955,#2013,#2071,#2129,#2187,#2245,#2303,#2361,#2419,#2477,#2535,
    #2593,#2651,#2709,#2767,#2825,#2883,#2941,#2999,#3057,#3115,#3168,
    #3226,#3257,#3315,#3373,#3431,#3489,#3547,#3605,#3663,#3721,#3779,
    #3837,#3895,#3951,#4009,#4067,#4125,#4178,#4209,#4262,#4288,#4314,
    #4340,#4366,#4372,#4425,#4451,#4482,#4540,#4588,#4619,#4672,#4703,
    #4751,#4782,#4835,#4866,#4914,#4940,#4971,#5029,#5077,#5108,#5161,
    #5192,#5245,#5276,#5329,#5355,#5408,#5439,#5492,#5518,#5566,#5597,
    #5628,#5686,#5739,#5770,#5818,#5849,#5902,#5933,#5986,#6017,#6065,
    #6091,#6122,#6180,#6233,#6259,#6290,#6348,#6396,#6427,#6480,#6511,
    #6564,#6590,#6621,#6679,#6732,#6763,#6816,#6847,#6900,#6926,#6957,
    #7015,#7068,#7094,#7125,#7178,#7209,#7267,#7320,#7351,#7399,#7430,
    #7461,#7519,#7572,#7603,#7656,#7687,#7735,#7766,#7797,#7850,#7881,
    #7934,#7987,#8018,#8071,#8102,#8155,#8186,#8239,#8270,#8318,#8349,
    #8380,#8433,#8464,#8517,#8570,#8601,#8654,#8685,#8733,#8764,#8790,
    #8848,#8901,#8927,#8980,#9011,#9064,#9090,#9143,#9174,#9227,#9253,
    #9301,#9332,#9363,#9421,#9447,#9473,#9504,#9555,#9561,#9607,#9658,
    #9684,#9710,#9716,#9742,#9748,#9774,#9805,#9836,#9862,#9893,#9919,
    #9970,#9976,#10022,#10028,#10074,#10080,#10106,#10137,#10188,#10214,
    #10240,#10266,#10292,#10318,#10344,#10370,#10376,#10422,#10473,
    #10499,#10505,#10511,#10537,#10563,#10594,#10645,#10651,#10682,
    #10708,#10759,#10785,#10811,#10837,#10863,#10869,#10895,#10921,
    #10947,#10993,#11039,#11045,#11071,#11097,#11103));
#17 = ADVANCED_FACE('',(#18),#32,.T.);
#18 = FACE_BOUND('',#19,.T.);
#19 = EDGE_LOOP('',(#20,#55,#83));
#20 = ORIENTED_EDGE('',*,*,#21,.T.);
#21 = EDGE_CURVE('',#22,#24,#26,.T.);
#22 = VERTEX_POINT('',#23);
#23 = CARTESIAN_POINT('',(-42.31468387612,39.257895960876,
    20.450698359921));
#24 = VERTEX_POINT('',#25);
#25 = CARTESIAN_POINT('',(-42.24846214452,39.203184007741,20.44397280832
    ));
#26 = SURFACE_CURVE('',#27,(#31,#43),.PCURVE_S1.);
#27 = LINE('',#28,#29);
#28 = CARTESIAN_POINT('',(-42.31468387612,39.257895960876,
    20.450698359921));
#29 = VECTOR('',#30,1.);
#30 = DIRECTION('',(0.768569338554,-0.6349868633,-7.80567439189E-02));
#31 = PCURVE('',#32,#37);
#32 = PLANE('',#33);
#33 = AXIS2_PLACEMENT_3D('',#34,#35,#36);
#34 = CARTESIAN_POINT('',(-42.31468387612,39.257895960876,
    20.450698359921));
#35 = DIRECTION('',(0.636883101003,0.770959993799,-7.769286246291E-04));
#36 = DIRECTION('',(0.770960226482,-0.63688329322,-1.987343325312E-20));
#37 = DEFINITIONAL_REPRESENTATION('',(#38),#42);
#38 = LINE('',#39,#40);
#39 = CARTESIAN_POINT('',(0.,-0.));
#40 = VECTOR('',#41,1.);
#41 = DIRECTION('',(0.996948915969,7.805676747714E-02));
#42 = ( GEOMETRIC_REPRESENTATION_CONTEXT(2) 
PARAMETRIC_REPRESENTATION_CONTEXT() REPRESENTATION_CONTEXT('2D SPACE',''
  ) );
#43 = PCURVE('',#44,#49);
#44 = PLANE('',#45);
#45 = AXIS2_PLACEMENT_3D('',#46,#47,#48);
#46 = CARTESIAN_POINT('',(-42.31468387612,39.257895960876,
    20.450698359921));
#47 = DIRECTION('',(0.12905703154,3.438157224296E-02,0.991040962877));
#48 = DIRECTION('',(0.991627233748,-2.615830051054E-19,-0.129133377908)
  );
#49 = DEFINITIONAL_REPRESENTATION('',(#50),#54);
#50 = LINE('',#51,#52);
#51 = CARTESIAN_POINT('',(0.,0.));
#52 = VECTOR('',#53,1.);
#53 = DIRECTION('',(0.772214018144,-0.635362502971));
#54 = ( GEOMETRIC_REPRESENTATION_CONTEXT(2) 
PARAMETRIC_REPRESENTATION_CONTEXT() REPRESENTATION_CONTEXT('2D SPACE',''
  ) );
#55 = ORIENTED_EDGE('',*,*,#56,.T.);
#56 = EDGE_CURVE('',#24,#57,#59,.T.);
#57 = VERTEX_POINT('',#58);
#58 = CARTESIAN_POINT('',(-42.24747053961,39.195085165657,
    13.220211636278));
#59 = SURFACE_CURVE('',#60,(#64,#71),.PCURVE_S1.);
#60 = LINE('',#61,#62);
#61 = CARTESIAN_POINT('',(-42.24846214452,39.203184007741,20.44397280832
    ));
#62 = VECTOR('',#63,1.);
#63 = DIRECTION('',(1.372698037047E-04,-1.121138521114E-03,
    -0.999999362103));
#64 = PCURVE('',#32,#65);
#65 = DEFINITIONAL_REPRESENTATION('',(#66),#70);
#66 = LINE('',#67,#68);
#67 = CARTESIAN_POINT('',(8.589945008503E-02,6.725553630987E-03));
#68 = VECTOR('',#69,1.);
#69 = DIRECTION('',(8.198639524363E-04,0.999999663911));
#70 = ( GEOMETRIC_REPRESENTATION_CONTEXT(2) 
PARAMETRIC_REPRESENTATION_CONTEXT() REPRESENTATION_CONTEXT('2D SPACE',''
  ) );
#71 = PCURVE('',#72,#77);
#72 = PLANE('',#73);
#73 = AXIS2_PLACEMENT_3D('',#74,#75,#76);
#74 = CARTESIAN_POINT('',(-42.24846214452,39.203184007741,20.44397280832
    ));
#75 = DIRECTION('',(0.914934635924,-0.403601632557,5.780866040805E-04));
#76 = DIRECTION('',(0.403601699996,0.914934788802,-2.523803770819E-21));
#77 = DEFINITIONAL_REPRESENTATION('',(#78),#82);
#78 = LINE('',#79,#80);
#79 = CARTESIAN_POINT('',(0.,0.));
#80 = VECTOR('',#81,1.);
#81 = DIRECTION('',(-9.703663098998E-04,-0.999999529195));
#82 = ( GEOMETRIC_REPRESENTATION_CONTEXT(2) 
PARAMETRIC_REPRESENTATION_CONTEXT() REPRESENTATION_CONTEXT('2D SPACE',''
  ) );
#83 = ORIENTED_EDGE('',*,*,#84,.F.);
#84 = EDGE_CURVE('',#22,#57,#85,.T.);
#85 = SURFACE_CURVE('',#86,(#90,#97),.PCURVE_S1.);
#86 = LINE('',#87,#88);
#87 = CARTESIAN_POINT('',(-42.31468387612,39.257895960876,
    20.450698359921));
#88 = VECTOR('',#89,1.);
#89 = DIRECTION('',(9.295072331005E-03,-8.68623572375E-03,
    -0.999919072195));
#90 = PCURVE('',#32,#91);
#91 = DEFINITIONAL_REPRESENTATION('',(#92),#96);
#92 = LINE('',#93,#94);
#93 = CARTESIAN_POINT('',(0.,-0.));
#94 = VECTOR('',#95,1.);
#95 = DIRECTION('',(1.269824948291E-02,0.99991937398));
#96 = ( GEOMETRIC_REPRESENTATION_CONTEXT(2) 
PARAMETRIC_REPRESENTATION_CONTEXT() REPRESENTATION_CONTEXT('2D SPACE',''
  ) );
#97 = PCURVE('',#98,#103);
#98 = PLANE('',#99);
#99 = AXIS2_PLACEMENT_3D('',#100,#101,#102);
#100 = CARTESIAN_POINT('',(-42.31468387612,39.257895960876,
    20.450698359921));
#101 = DIRECTION('',(0.942293292808,0.334737374207,5.851550128863E-03));
#102 = DIRECTION('',(-0.334743105165,0.942309425584,-1.300523192429E-19)
  );
#103 = DEFINITIONAL_REPRESENTATION('',(#104),#108);
#104 = LINE('',#105,#106);
#105 = CARTESIAN_POINT('',(0.,0.));
#106 = VECTOR('',#107,1.);
#107 = DIRECTION('',(-1.129658317015E-02,-0.999936191569));
#108 = ( GEOMETRIC_REPRESENTATION_CONTEXT(2) 
PARAMETRIC_REPRESENTATION_CONTEXT() REPRESENTATION_CONTEXT('2D SPACE',''
  ) );
#109 = ADVANCED_FACE('',(#110),#98,.T.);
#110 = FACE_BOUND('',#111,.T.);
#111 = EDGE_LOOP('',(#112,#113,#141));
#112 = ORIENTED_EDGE('',*,*,#84,.T.);
#113 = ORIENTED_EDGE('',*,*,#114,.F.);
#114 = EDGE_CURVE('',#115,#57,#117,.T.);
#115 = VERTEX_POINT('',#116);
#116 = CARTESIAN_POINT('',(-42.27987072335,39.285952149491,
    13.239676607511));
#117 = SURFACE_CURVE('',#118,(#122,#129),.PCURVE_S1.);
#118 = LINE('',#119,#120);
#119 = CARTESIAN_POINT('',(-42.27987072335,39.285952149491,
    13.239676607511));
#120 = VECTOR('',#121,1.);
#121 = DIRECTION('',(0.329220763658,-0.923306424665,-0.197785072615));
#122 = PCURVE('',#98,#123);
#123 = DEFINITIONAL_REPRESENTATION('',(#124),#128);
#124 = LINE('',#125,#126);
#125 = CARTESIAN_POINT('',(1.478414811901E-02,-7.211145210576));
#126 = VECTOR('',#127,1.);
#127 = DIRECTION('',(-0.980244727376,-0.197788458845));
#128 = ( GEOMETRIC_REPRESENTATION_CONTEXT(2) 
PARAMETRIC_REPRESENTATION_CONTEXT() REPRESENTATION_CONTEXT('2D SPACE',''
  ) );
#129 = PCURVE('',#130,#135);
#130 = PLANE('',#131);
#131 = AXIS2_PLACEMENT_3D('',#132,#133,#134);
#132 = CARTESIAN_POINT('',(52.222642203188,43.242061254625,
    13.232215718539));
#133 = DIRECTION('',(8.721001445038E-03,-0.206479828248,0.97841199127));
#134 = DIRECTION('',(-7.058850020355E-20,0.978449200378,0.206487680697)
  );
#135 = DEFINITIONAL_REPRESENTATION('',(#136),#140);
#136 = LINE('',#137,#138);
#137 = CARTESIAN_POINT('',(-3.869311208867,94.506106866786));
#138 = VECTOR('',#139,1.);
#139 = DIRECTION('',(-0.944248613838,-0.329233283957));
#140 = ( GEOMETRIC_REPRESENTATION_CONTEXT(2) 
PARAMETRIC_REPRESENTATION_CONTEXT() REPRESENTATION_CONTEXT('2D SPACE',''
  ) );
#141 = ORIENTED_EDGE('',*,*,#142,.F.);
#142 = EDGE_CURVE('',#22,#115,#143,.T.);
#143 = SURFACE_CURVE('',#144,(#148,#155),.PCURVE_S1.);
#144 = LINE('',#145,#146);
#145 = CARTESIAN_POINT('',(-42.31468387612,39.257895960876,
    20.450698359921));
#146 = VECTOR('',#147,1.);
#147 = DIRECTION('',(4.827676962571E-03,3.890662139318E-03,
    -0.999980777957));
#148 = PCURVE('',#98,#149);
#149 = DEFINITIONAL_REPRESENTATION('',(#150),#154);
#150 = LINE('',#151,#152);
#151 = CARTESIAN_POINT('',(0.,0.));
#152 = VECTOR('',#153,1.);
#153 = DIRECTION('',(2.050176028458E-03,-0.999997898387));
#154 = ( GEOMETRIC_REPRESENTATION_CONTEXT(2) 
PARAMETRIC_REPRESENTATION_CONTEXT() REPRESENTATION_CONTEXT('2D SPACE',''
  ) );
#155 = PCURVE('',#156,#161);
#156 = PLANE('',#157);
#157 = AXIS2_PLACEMENT_3D('',#158,#159,#160);
#158 = CARTESIAN_POINT('',(-42.2839660692,39.352549904159,20.44775239567
    ));
#159 = DIRECTION('',(0.95119160988,-0.308582272457,3.391521649673E-03));
#160 = DIRECTION('',(0.308584047193,0.95119708043,-9.053382642488E-20));
#161 = DEFINITIONAL_REPRESENTATION('',(#162),#166);
#162 = LINE('',#163,#164);
#163 = CARTESIAN_POINT('',(-9.951357968273E-02,2.94598119409E-03));
#164 = VECTOR('',#165,1.);
#165 = DIRECTION('',(5.19053056351E-03,-0.999986529106));
#166 = ( GEOMETRIC_REPRESENTATION_CONTEXT(2) 
PARAMETRIC_REPRESENTATION_CONTEXT() REPRESENTATION_CONTEXT('2D SPACE',''
  ) );
#167 = ADVANCED_FACE('',(#168),#130,.T.);
#168 = FACE_BOUND('',#169,.T.);
#169 = EDGE_LOOP('',(#170,#198,#199));
#170 = ORIENTED_EDGE('',*,*,#171,.F.);
#171 = EDGE_CURVE('',#115,#172,#174,.T.);
#172 = VERTEX_POINT('',#173);
#173 = CARTESIAN_POINT('',(52.222642203188,43.242061254625,
    13.232215718539));
#174 = SURFACE_CURVE('',#175,(#179,#186),.PCURVE_S1.);
#175 = LINE('',#176,#177);
#176 = CARTESIAN_POINT('',(-42.27987072335,39.285952149491,
    13.239676607511));
#177 = VECTOR('',#178,1.);
#178 = DIRECTION('',(0.999124913474,4.182584192692E-02,
    -7.888001934974E-05));
#179 = PCURVE('',#130,#180);
#180 = DEFINITIONAL_REPRESENTATION('',(#181),#185);
#181 = LINE('',#182,#183);
#182 = CARTESIAN_POINT('',(-3.869311208867,94.506106866786));
#183 = VECTOR('',#184,1.);
#184 = DIRECTION('',(4.090817383628E-02,-0.999162910297));
#185 = ( GEOMETRIC_REPRESENTATION_CONTEXT(2) 
PARAMETRIC_REPRESENTATION_CONTEXT() REPRESENTATION_CONTEXT('2D SPACE',''
  ) );
#186 = PCURVE('',#187,#192);
#187 = PLANE('',#188);
#188 = AXIS2_PLACEMENT_3D('',#189,#190,#191);
#189 = CARTESIAN_POINT('',(52.222642203188,43.242061254625,
    13.232215718539));
#190 = DIRECTION('',(-5.969946736836E-03,0.144474642178,0.989490493892)
  );
#191 = DIRECTION('',(-5.679971825677E-20,0.989508127215,-0.144477216804)
  );
#192 = DEFINITIONAL_REPRESENTATION('',(#193),#197);
#193 = LINE('',#194,#195);
#194 = CARTESIAN_POINT('',(-3.915680040153,94.504197018813));
#195 = VECTOR('',#196,1.);
#196 = DIRECTION('',(4.139840687995E-02,-0.999142718488));
#197 = ( GEOMETRIC_REPRESENTATION_CONTEXT(2) 
PARAMETRIC_REPRESENTATION_CONTEXT() REPRESENTATION_CONTEXT('2D SPACE',''
  ) );
#198 = ORIENTED_EDGE('',*,*,#114,.T.);
#199 = ORIENTED_EDGE('',*,*,#200,.T.);
#200 = EDGE_CURVE('',#57,#172,#201,.T.);
#201 = SURFACE_CURVE('',#202,(#206,#213),.PCURVE_S1.);
#202 = LINE('',#203,#204);
#203 = CARTESIAN_POINT('',(-42.24747053961,39.195085165657,
    13.220211636278));
#204 = VECTOR('',#205,1.);
#205 = DIRECTION('',(0.999083676164,4.279943816009E-02,
    1.269510778277E-04));
#206 = PCURVE('',#130,#207);
#207 = DEFINITIONAL_REPRESENTATION('',(#208),#212);
#208 = LINE('',#209,#210);
#209 = CARTESIAN_POINT('',(-3.962239213305,94.473705450862));
#210 = VECTOR('',#211,1.);
#211 = DIRECTION('',(4.1903289878E-02,-0.999121671418));
#212 = ( GEOMETRIC_REPRESENTATION_CONTEXT(2) 
PARAMETRIC_REPRESENTATION_CONTEXT() REPRESENTATION_CONTEXT('2D SPACE',''
  ) );
#213 = PCURVE('',#214,#219);
#214 = PLANE('',#215);
#215 = AXIS2_PLACEMENT_3D('',#216,#217,#218);
#216 = CARTESIAN_POINT('',(52.222642203188,43.242061254625,
    13.232215718539));
#217 = DIRECTION('',(-1.536635139834E-03,3.290568675743E-02,
    0.999457279993));
#218 = DIRECTION('',(-5.874269546099E-21,0.999458459978,
    -3.290572560673E-02));
#219 = DEFINITIONAL_REPRESENTATION('',(#220),#224);
#220 = LINE('',#221,#222);
#221 = CARTESIAN_POINT('',(-4.044389486412,94.470224276657));
#222 = VECTOR('',#223,1.);
#223 = DIRECTION('',(4.277208313409E-02,-0.999084855708));
#224 = ( GEOMETRIC_REPRESENTATION_CONTEXT(2) 
PARAMETRIC_REPRESENTATION_CONTEXT() REPRESENTATION_CONTEXT('2D SPACE',''
  ) );
#225 = ADVANCED_FACE('',(#226),#187,.T.);
#226 = FACE_BOUND('',#227,.T.);
#227 = EDGE_LOOP('',(#228,#256,#282));
#228 = ORIENTED_EDGE('',*,*,#229,.F.);
#229 = EDGE_CURVE('',#230,#172,#232,.T.);
#230 = VERTEX_POINT('',#231);
#231 = CARTESIAN_POINT('',(-42.28028138897,39.383508501615,
    13.225430012113));
#232 = SURFACE_CURVE('',#233,(#237,#244),.PCURVE_S1.);
#233 = LINE('',#234,#235);
#234 = CARTESIAN_POINT('',(-42.28028138897,39.383508501615,
    13.225430012113));
#235 = VECTOR('',#236,1.);
#236 = DIRECTION('',(0.999167494424,4.079599169828E-02,
    7.174441838094E-05));
#237 = PCURVE('',#187,#238);
#238 = DEFINITIONAL_REPRESENTATION('',(#239),#243);
#239 = LINE('',#240,#241);
#240 = CARTESIAN_POINT('',(-3.817088928413,94.504607691752));
#241 = VECTOR('',#242,1.);
#242 = DIRECTION('',(4.035759990936E-02,-0.999185300197));
#243 = ( GEOMETRIC_REPRESENTATION_CONTEXT(2) 
PARAMETRIC_REPRESENTATION_CONTEXT() REPRESENTATION_CONTEXT('2D SPACE',''
  ) );
#244 = PCURVE('',#245,#250);
#245 = PLANE('',#246);
#246 = AXIS2_PLACEMENT_3D('',#247,#248,#249);
#247 = CARTESIAN_POINT('',(52.222642203188,43.242061254625,
    13.232215718539));
#248 = DIRECTION('',(-1.008563247335E-02,0.24531056215,0.969392081727));
#249 = DIRECTION('',(2.193443051562E-20,0.969441388761,-0.245323039595)
  );
#250 = DEFINITIONAL_REPRESENTATION('',(#251),#255);
#251 = LINE('',#252,#253);
#252 = CARTESIAN_POINT('',(-3.738976049361,94.507730376736));
#253 = VECTOR('',#254,1.);
#254 = DIRECTION('',(3.953172228909E-02,-0.999218315951));
#255 = ( GEOMETRIC_REPRESENTATION_CONTEXT(2) 
PARAMETRIC_REPRESENTATION_CONTEXT() REPRESENTATION_CONTEXT('2D SPACE',''
  ) );
#256 = ORIENTED_EDGE('',*,*,#257,.T.);
#257 = EDGE_CURVE('',#230,#115,#258,.T.);
#258 = SURFACE_CURVE('',#259,(#263,#270),.PCURVE_S1.);
#259 = LINE('',#260,#261);
#260 = CARTESIAN_POINT('',(-42.28028138897,39.383508501615,
    13.225430012113));
#261 = VECTOR('',#262,1.);
#262 = DIRECTION('',(4.165305076439E-03,-0.989495950276,0.144500569621)
  );
#263 = PCURVE('',#187,#264);
#264 = DEFINITIONAL_REPRESENTATION('',(#265),#269);
#265 = LINE('',#266,#267);
#266 = CARTESIAN_POINT('',(-3.817088928413,94.504607691752));
#267 = VECTOR('',#268,1.);
#268 = DIRECTION('',(-0.99999132477,-4.16537930471E-03));
#269 = ( GEOMETRIC_REPRESENTATION_CONTEXT(2) 
PARAMETRIC_REPRESENTATION_CONTEXT() REPRESENTATION_CONTEXT('2D SPACE',''
  ) );
#270 = PCURVE('',#271,#276);
#271 = PLANE('',#272);
#272 = AXIS2_PLACEMENT_3D('',#273,#274,#275);
#273 = CARTESIAN_POINT('',(-42.2839660692,39.352549904159,20.44775239567
    ));
#274 = DIRECTION('',(0.999990672507,4.28666932102E-03,5.285495339961E-04
    ));
#275 = DIRECTION('',(-4.286669919792E-03,0.999990812188,
    -5.458172659988E-23));
#276 = DEFINITIONAL_REPRESENTATION('',(#277),#281);
#277 = LINE('',#278,#279);
#278 = CARTESIAN_POINT('',(3.094251800582E-02,-7.222323392388));
#279 = VECTOR('',#280,1.);
#280 = DIRECTION('',(-0.989504714262,0.144500589806));
#281 = ( GEOMETRIC_REPRESENTATION_CONTEXT(2) 
PARAMETRIC_REPRESENTATION_CONTEXT() REPRESENTATION_CONTEXT('2D SPACE',''
  ) );
#282 = ORIENTED_EDGE('',*,*,#171,.T.);
#283 = ADVANCED_FACE('',(#284),#245,.T.);
#284 = FACE_BOUND('',#285,.T.);
#285 = EDGE_LOOP('',(#286,#314,#340));
#286 = ORIENTED_EDGE('',*,*,#287,.F.);
#287 = EDGE_CURVE('',#288,#172,#290,.T.);
#288 = VERTEX_POINT('',#289);
#289 = CARTESIAN_POINT('',(-42.30890277872,39.514104620826,
    13.192084090637));
#290 = SURFACE_CURVE('',#291,(#295,#302),.PCURVE_S1.);
#291 = LINE('',#292,#293);
#292 = CARTESIAN_POINT('',(-42.30890277872,39.514104620826,
    13.192084090637));
#293 = VECTOR('',#294,1.);
#294 = DIRECTION('',(0.999223212442,3.940547892434E-02,
    4.242018276641E-04));
#295 = PCURVE('',#245,#296);
#296 = DEFINITIONAL_REPRESENTATION('',(#297),#301);
#297 = LINE('',#298,#299);
#298 = CARTESIAN_POINT('',(-3.604190243371,94.536353222284));
#299 = VECTOR('',#300,1.);
#300 = DIRECTION('',(3.809723573146E-02,-0.999274036804));
#301 = ( GEOMETRIC_REPRESENTATION_CONTEXT(2) 
PARAMETRIC_REPRESENTATION_CONTEXT() REPRESENTATION_CONTEXT('2D SPACE',''
  ) );
#302 = PCURVE('',#303,#308);
#303 = PLANE('',#304);
#304 = AXIS2_PLACEMENT_3D('',#305,#306,#307);
#305 = CARTESIAN_POINT('',(52.222642203188,43.242061254625,
    13.232215718539));
#306 = DIRECTION('',(2.807129525873E-03,-8.191053047194E-02,
    0.996635733366));
#307 = DIRECTION('',(-1.412650266737E-20,0.996639660122,
    8.191085320037E-02));
#308 = DEFINITIONAL_REPRESENTATION('',(#309),#313);
#309 = LINE('',#310,#311);
#310 = CARTESIAN_POINT('',(-3.71871664834,94.531917437277));
#311 = VECTOR('',#312,1.);
#312 = DIRECTION('',(3.930780985573E-02,-0.999227149393));
#313 = ( GEOMETRIC_REPRESENTATION_CONTEXT(2) 
PARAMETRIC_REPRESENTATION_CONTEXT() REPRESENTATION_CONTEXT('2D SPACE',''
  ) );
#314 = ORIENTED_EDGE('',*,*,#315,.T.);
#315 = EDGE_CURVE('',#288,#230,#316,.T.);
#316 = SURFACE_CURVE('',#317,(#321,#328),.PCURVE_S1.);
#317 = LINE('',#318,#319);
#318 = CARTESIAN_POINT('',(-42.30890277872,39.514104620826,
    13.192084090637));
#319 = VECTOR('',#320,1.);
#320 = DIRECTION('',(0.207715296898,-0.947781079434,0.242002853084));
#321 = PCURVE('',#245,#322);
#322 = DEFINITIONAL_REPRESENTATION('',(#323),#327);
#323 = LINE('',#324,#325);
#324 = CARTESIAN_POINT('',(-3.604190243371,94.536353222284));
#325 = VECTOR('',#326,1.);
#326 = DIRECTION('',(-0.978187081398,-0.207725862102));
#327 = ( GEOMETRIC_REPRESENTATION_CONTEXT(2) 
PARAMETRIC_REPRESENTATION_CONTEXT() REPRESENTATION_CONTEXT('2D SPACE',''
  ) );
#328 = PCURVE('',#329,#334);
#329 = PLANE('',#330);
#330 = AXIS2_PLACEMENT_3D('',#331,#332,#333);
#331 = CARTESIAN_POINT('',(-42.2839660692,39.352549904159,20.44775239567
    ));
#332 = DIRECTION('',(0.976739695929,0.214423779583,1.417443362383E-03));
#333 = DIRECTION('',(-0.214423994988,0.976740677137,-6.171445099206E-20)
  );
#334 = DEFINITIONAL_REPRESENTATION('',(#335),#339);
#335 = LINE('',#336,#337);
#336 = CARTESIAN_POINT('',(0.16314409223,-7.255675593891));
#337 = VECTOR('',#338,1.);
#338 = DIRECTION('',(-0.970275477085,0.242003096194));
#339 = ( GEOMETRIC_REPRESENTATION_CONTEXT(2) 
PARAMETRIC_REPRESENTATION_CONTEXT() REPRESENTATION_CONTEXT('2D SPACE',''
  ) );
#340 = ORIENTED_EDGE('',*,*,#229,.T.);
#341 = ADVANCED_FACE('',(#342),#303,.T.);
#342 = FACE_BOUND('',#343,.T.);
#343 = EDGE_LOOP('',(#344,#372,#398));
#344 = ORIENTED_EDGE('',*,*,#345,.F.);
#345 = EDGE_CURVE('',#346,#172,#348,.T.);
#346 = VERTEX_POINT('',#347);
#347 = CARTESIAN_POINT('',(-42.34001150144,39.65348936053,
    13.203627329353));
#348 = SURFACE_CURVE('',#349,(#353,#360),.PCURVE_S1.);
#349 = LINE('',#350,#351);
#350 = CARTESIAN_POINT('',(-42.34001150144,39.65348936053,
    13.203627329353));
#351 = VECTOR('',#352,1.);
#352 = DIRECTION('',(0.999280662398,3.792184714479E-02,3.02104724901E-04
    ));
#353 = PCURVE('',#303,#354);
#354 = DEFINITIONAL_REPRESENTATION('',(#355),#359);
#355 = LINE('',#356,#357);
#356 = CARTESIAN_POINT('',(-3.578854772204,94.563026282564));
#357 = VECTOR('',#358,1.);
#358 = DIRECTION('',(3.781916250535E-02,-0.999284599575));
#359 = ( GEOMETRIC_REPRESENTATION_CONTEXT(2) 
PARAMETRIC_REPRESENTATION_CONTEXT() REPRESENTATION_CONTEXT('2D SPACE',''
  ) );
#360 = PCURVE('',#361,#366);
#361 = PLANE('',#362);
#362 = AXIS2_PLACEMENT_3D('',#363,#364,#365);
#363 = CARTESIAN_POINT('',(52.222642203188,43.242061254625,
    13.232215718539));
#364 = DIRECTION('',(6.414199567885E-03,-0.176861678538,0.984214816343)
  );
#365 = DIRECTION('',(-4.84834548671E-20,0.984235063229,0.176865316868));
#366 = DEFINITIONAL_REPRESENTATION('',(#367),#371);
#367 = LINE('',#368,#369);
#368 = CARTESIAN_POINT('',(-3.537054579598,94.564599010932));
#369 = VECTOR('',#370,1.);
#370 = DIRECTION('',(3.73774434702E-02,-0.999301219213));
#371 = ( GEOMETRIC_REPRESENTATION_CONTEXT(2) 
PARAMETRIC_REPRESENTATION_CONTEXT() REPRESENTATION_CONTEXT('2D SPACE',''
  ) );
#372 = ORIENTED_EDGE('',*,*,#373,.T.);
#373 = EDGE_CURVE('',#346,#288,#374,.T.);
#374 = SURFACE_CURVE('',#375,(#379,#386),.PCURVE_S1.);
#375 = LINE('',#376,#377);
#376 = CARTESIAN_POINT('',(-42.34001150144,39.65348936053,
    13.203627329353));
#377 = VECTOR('',#378,1.);
#378 = DIRECTION('',(0.217118672822,-0.972814923015,-8.056430644031E-02)
  );
#379 = PCURVE('',#303,#380);
#380 = DEFINITIONAL_REPRESENTATION('',(#381),#385);
#381 = LINE('',#382,#383);
#382 = CARTESIAN_POINT('',(-3.578854772204,94.563026282564));
#383 = VECTOR('',#384,1.);
#384 = DIRECTION('',(-0.976145025313,-0.217119528272));
#385 = ( GEOMETRIC_REPRESENTATION_CONTEXT(2) 
PARAMETRIC_REPRESENTATION_CONTEXT() REPRESENTATION_CONTEXT('2D SPACE',''
  ) );
#386 = PCURVE('',#387,#392);
#387 = PLANE('',#388);
#388 = AXIS2_PLACEMENT_3D('',#389,#390,#391);
#389 = CARTESIAN_POINT('',(-42.34001150144,39.65348936053,
    13.203627329353));
#390 = DIRECTION('',(-0.976114499742,-0.217025857707,-1.001301549969E-02
    ));
#391 = DIRECTION('',(0.217036738083,-0.976163436276,-2.052256941919E-19)
  );
#392 = DEFINITIONAL_REPRESENTATION('',(#393),#397);
#393 = LINE('',#394,#395);
#394 = CARTESIAN_POINT('',(0.,0.));
#395 = VECTOR('',#396,1.);
#396 = DIRECTION('',(0.996749086637,-8.056834545202E-02));
#397 = ( GEOMETRIC_REPRESENTATION_CONTEXT(2) 
PARAMETRIC_REPRESENTATION_CONTEXT() REPRESENTATION_CONTEXT('2D SPACE',''
  ) );
#398 = ORIENTED_EDGE('',*,*,#287,.T.);
#399 = ADVANCED_FACE('',(#400),#361,.T.);
#400 = FACE_BOUND('',#401,.T.);
#401 = EDGE_LOOP('',(#402,#430,#456));
#402 = ORIENTED_EDGE('',*,*,#403,.F.);
#403 = EDGE_CURVE('',#404,#172,#406,.T.);
#404 = VERTEX_POINT('',#405);
#405 = CARTESIAN_POINT('',(-42.41103785423,39.694936566516,
    13.211538203578));
#406 = SURFACE_CURVE('',#407,(#411,#418),.PCURVE_S1.);
#407 = LINE('',#408,#409);
#408 = CARTESIAN_POINT('',(-42.41103785423,39.694936566516,
    13.211538203578));
#409 = VECTOR('',#410,1.);
#410 = DIRECTION('',(0.999298239578,3.745638396649E-02,
    2.183472553045E-04));
#411 = PCURVE('',#361,#412);
#412 = DEFINITIONAL_REPRESENTATION('',(#413),#417);
#413 = LINE('',#414,#415);
#414 = CARTESIAN_POINT('',(-3.494861626918,94.635626824845));
#415 = VECTOR('',#416,1.);
#416 = DIRECTION('',(3.690450449808E-02,-0.999318796755));
#417 = ( GEOMETRIC_REPRESENTATION_CONTEXT(2) 
PARAMETRIC_REPRESENTATION_CONTEXT() REPRESENTATION_CONTEXT('2D SPACE',''
  ) );
#418 = PCURVE('',#419,#424);
#419 = PLANE('',#420);
#420 = AXIS2_PLACEMENT_3D('',#421,#422,#423);
#421 = CARTESIAN_POINT('',(52.222642203188,43.242061254625,
    13.232215718539));
#422 = DIRECTION('',(-3.180636114642E-03,7.904503338722E-02,
    0.99686597206));
#423 = DIRECTION('',(5.277118656104E-20,0.996871014468,
    -7.904543321766E-02));
#424 = DEFINITIONAL_REPRESENTATION('',(#425),#429);
#425 = LINE('',#426,#427);
#426 = CARTESIAN_POINT('',(-3.534391323154,94.634158739313));
#427 = VECTOR('',#428,1.);
#428 = DIRECTION('',(3.732192412961E-02,-0.99930329429));
#429 = ( GEOMETRIC_REPRESENTATION_CONTEXT(2) 
PARAMETRIC_REPRESENTATION_CONTEXT() REPRESENTATION_CONTEXT('2D SPACE',''
  ) );
#430 = ORIENTED_EDGE('',*,*,#431,.T.);
#431 = EDGE_CURVE('',#404,#346,#432,.T.);
#432 = SURFACE_CURVE('',#433,(#437,#444),.PCURVE_S1.);
#433 = LINE('',#434,#435);
#434 = CARTESIAN_POINT('',(-42.41103785423,39.694936566516,
    13.211538203578));
#435 = VECTOR('',#436,1.);
#436 = DIRECTION('',(0.859729765147,-0.501692615066,-9.575620559025E-02)
  );
#437 = PCURVE('',#361,#438);
#438 = DEFINITIONAL_REPRESENTATION('',(#439),#443);
#439 = LINE('',#440,#441);
#440 = CARTESIAN_POINT('',(-3.494861626918,94.635626824845));
#441 = VECTOR('',#442,1.);
#442 = DIRECTION('',(-0.510719414355,-0.859747451175));
#443 = ( GEOMETRIC_REPRESENTATION_CONTEXT(2) 
PARAMETRIC_REPRESENTATION_CONTEXT() REPRESENTATION_CONTEXT('2D SPACE',''
  ) );
#444 = PCURVE('',#445,#450);
#445 = PLANE('',#446);
#446 = AXIS2_PLACEMENT_3D('',#447,#448,#449);
#447 = CARTESIAN_POINT('',(-42.41103785423,39.694936566516,
    13.211538203578));
#448 = DIRECTION('',(-0.503528715427,-0.863959836996,5.677393673483E-03)
  );
#449 = DIRECTION('',(-0.863973761254,0.503536830693,1.161863022369E-19)
  );
#450 = DEFINITIONAL_REPRESENTATION('',(#451),#455);
#451 = LINE('',#452,#453);
#452 = CARTESIAN_POINT('',(0.,-0.));
#453 = VECTOR('',#454,1.);
#454 = DIRECTION('',(-0.995404668228,9.575774887282E-02));
#455 = ( GEOMETRIC_REPRESENTATION_CONTEXT(2) 
PARAMETRIC_REPRESENTATION_CONTEXT() REPRESENTATION_CONTEXT('2D SPACE',''
  ) );
#456 = ORIENTED_EDGE('',*,*,#345,.T.);
#457 = ADVANCED_FACE('',(#458),#419,.T.);
#458 = FACE_BOUND('',#459,.T.);
#459 = EDGE_LOOP('',(#460,#488,#514));
#460 = ORIENTED_EDGE('',*,*,#461,.F.);
#461 = EDGE_CURVE('',#462,#172,#464,.T.);
#462 = VERTEX_POINT('',#463);
#463 = CARTESIAN_POINT('',(-42.49605117409,39.797357671146,
    13.203145624932));
#464 = SURFACE_CURVE('',#465,(#469,#476),.PCURVE_S1.);
#465 = LINE('',#466,#467);
#466 = CARTESIAN_POINT('',(-42.49605117409,39.797357671146,
    13.203145624932));
#467 = VECTOR('',#468,1.);
#468 = DIRECTION('',(0.999339302478,3.634369894279E-02,
    3.067070082294E-04));
#469 = PCURVE('',#419,#470);
#470 = DEFINITIONAL_REPRESENTATION('',(#471),#475);
#471 = LINE('',#472,#473);
#472 = CARTESIAN_POINT('',(-3.431627297663,94.7191724892));
#473 = VECTOR('',#474,1.);
#474 = DIRECTION('',(3.62057362463E-02,-0.999344357398));
#475 = ( GEOMETRIC_REPRESENTATION_CONTEXT(2) 
PARAMETRIC_REPRESENTATION_CONTEXT() REPRESENTATION_CONTEXT('2D SPACE',''
  ) );
#476 = PCURVE('',#477,#482);
#477 = PLANE('',#478);
#478 = AXIS2_PLACEMENT_3D('',#479,#480,#481);
#479 = CARTESIAN_POINT('',(52.222642203188,43.242061254625,
    13.232215718539));
#480 = DIRECTION('',(-3.226942587895E-03,8.031917895001E-02,
    0.996763972229));
#481 = DIRECTION('',(-1.335805548362E-20,0.996769162,-8.031959714144E-02
    ));
#482 = DEFINITIONAL_REPRESENTATION('',(#483),#487);
#483 = LINE('',#484,#485);
#484 = CARTESIAN_POINT('',(-3.431239406037,94.71918654152));
#485 = VECTOR('',#486,1.);
#486 = DIRECTION('',(3.620164375586E-02,-0.999344505658));
#487 = ( GEOMETRIC_REPRESENTATION_CONTEXT(2) 
PARAMETRIC_REPRESENTATION_CONTEXT() REPRESENTATION_CONTEXT('2D SPACE',''
  ) );
#488 = ORIENTED_EDGE('',*,*,#489,.T.);
#489 = EDGE_CURVE('',#462,#404,#490,.T.);
#490 = SURFACE_CURVE('',#491,(#495,#502),.PCURVE_S1.);
#491 = LINE('',#492,#493);
#492 = CARTESIAN_POINT('',(-42.49605117409,39.797357671146,
    13.203145624932));
#493 = VECTOR('',#494,1.);
#494 = DIRECTION('',(0.637420563162,-0.767942227111,6.292663567925E-02)
  );
#495 = PCURVE('',#419,#496);
#496 = DEFINITIONAL_REPRESENTATION('',(#497),#501);
#497 = LINE('',#498,#499);
#498 = CARTESIAN_POINT('',(-3.431627297663,94.7191724892));
#499 = VECTOR('',#500,1.);
#500 = DIRECTION('',(-0.770513410171,-0.637423787402));
#501 = ( GEOMETRIC_REPRESENTATION_CONTEXT(2) 
PARAMETRIC_REPRESENTATION_CONTEXT() REPRESENTATION_CONTEXT('2D SPACE',''
  ) );
#502 = PCURVE('',#503,#508);
#503 = PLANE('',#504);
#504 = AXIS2_PLACEMENT_3D('',#505,#506,#507);
#505 = CARTESIAN_POINT('',(-42.46952949157,39.858394372538,
    20.411206484479));
#506 = DIRECTION('',(0.769772691534,0.638264956076,-8.237063425678E-03)
  );
#507 = DIRECTION('',(-0.638286610065,0.769798807099,-1.422830269286E-20)
  );
#508 = DEFINITIONAL_REPRESENTATION('',(#509),#513);
#509 = LINE('',#510,#511);
#510 = CARTESIAN_POINT('',(-3.005754508678E-02,-7.208305402623));
#511 = VECTOR('',#512,1.);
#512 = DIRECTION('',(-0.998018020798,6.292877054927E-02));
#513 = ( GEOMETRIC_REPRESENTATION_CONTEXT(2) 
PARAMETRIC_REPRESENTATION_CONTEXT() REPRESENTATION_CONTEXT('2D SPACE',''
  ) );
#514 = ORIENTED_EDGE('',*,*,#403,.T.);
#515 = ADVANCED_FACE('',(#516),#477,.T.);
#516 = FACE_BOUND('',#517,.T.);
#517 = EDGE_LOOP('',(#518,#546,#572));
#518 = ORIENTED_EDGE('',*,*,#519,.F.);
#519 = EDGE_CURVE('',#520,#172,#522,.T.);
#520 = VERTEX_POINT('',#521);
#521 = CARTESIAN_POINT('',(-42.54781756692,39.933488631257,
    13.192008611122));
#522 = SURFACE_CURVE('',#523,(#527,#534),.PCURVE_S1.);
#523 = LINE('',#524,#525);
#524 = CARTESIAN_POINT('',(-42.54781756692,39.933488631257,
    13.192008611122));
#525 = VECTOR('',#526,1.);
#526 = DIRECTION('',(0.99939106256,3.489017482501E-02,4.239994603985E-04
    ));
#527 = PCURVE('',#477,#528);
#528 = DEFINITIONAL_REPRESENTATION('',(#529),#533);
#529 = LINE('',#530,#531);
#530 = CARTESIAN_POINT('',(-3.294653742542,94.770953203872));
#531 = VECTOR('',#532,1.);
#532 = DIRECTION('',(3.474339485652E-02,-0.99939626601));
#533 = ( GEOMETRIC_REPRESENTATION_CONTEXT(2) 
PARAMETRIC_REPRESENTATION_CONTEXT() REPRESENTATION_CONTEXT('2D SPACE',''
  ) );
#534 = PCURVE('',#535,#540);
#535 = PLANE('',#536);
#536 = AXIS2_PLACEMENT_3D('',#537,#538,#539);
#537 = CARTESIAN_POINT('',(52.222642203188,43.242061254625,
    13.232215718539));
#538 = DIRECTION('',(1.923401917435E-02,-0.560994811508,0.827595839748)
  );
#539 = DIRECTION('',(-1.154887751034E-18,0.827748965739,0.561098609621)
  );
#540 = DEFINITIONAL_REPRESENTATION('',(#541),#545);
#541 = LINE('',#542,#543);
#542 = CARTESIAN_POINT('',(-2.761227719133,94.787994682538));
#543 = VECTOR('',#544,1.);
#544 = DIRECTION('',(2.911821163355E-02,-0.999575974977));
#545 = ( GEOMETRIC_REPRESENTATION_CONTEXT(2) 
PARAMETRIC_REPRESENTATION_CONTEXT() REPRESENTATION_CONTEXT('2D SPACE',''
  ) );
#546 = ORIENTED_EDGE('',*,*,#547,.T.);
#547 = EDGE_CURVE('',#520,#462,#548,.T.);
#548 = SURFACE_CURVE('',#549,(#553,#560),.PCURVE_S1.);
#549 = LINE('',#550,#551);
#550 = CARTESIAN_POINT('',(-42.54781756692,39.933488631257,
    13.192008611122));
#551 = VECTOR('',#552,1.);
#552 = DIRECTION('',(0.354402841558,-0.931979155886,7.624617295505E-02)
  );
#553 = PCURVE('',#477,#554);
#554 = DEFINITIONAL_REPRESENTATION('',(#555),#559);
#555 = LINE('',#556,#557);
#556 = CARTESIAN_POINT('',(-3.294653742542,94.770953203872));
#557 = VECTOR('',#558,1.);
#558 = DIRECTION('',(-0.935092144109,-0.354404686798));
#559 = ( GEOMETRIC_REPRESENTATION_CONTEXT(2) 
PARAMETRIC_REPRESENTATION_CONTEXT() REPRESENTATION_CONTEXT('2D SPACE',''
  ) );
#560 = PCURVE('',#561,#566);
#561 = PLANE('',#562);
#562 = AXIS2_PLACEMENT_3D('',#563,#564,#565);
#563 = CARTESIAN_POINT('',(-42.56513464235,39.883890042598,
    20.41884544071));
#564 = DIRECTION('',(0.93456251332,0.355768177432,4.681092133635E-03));
#565 = DIRECTION('',(-0.355772075403,0.934572752847,3.110115086382E-20)
  );
#566 = DEFINITIONAL_REPRESENTATION('',(#567),#571);
#567 = LINE('',#568,#569);
#568 = CARTESIAN_POINT('',(4.019255767236E-02,-7.226916010367));
#569 = VECTOR('',#570,1.);
#570 = DIRECTION('',(-0.997088959782,7.624700834563E-02));
#571 = ( GEOMETRIC_REPRESENTATION_CONTEXT(2) 
PARAMETRIC_REPRESENTATION_CONTEXT() REPRESENTATION_CONTEXT('2D SPACE',''
  ) );
#572 = ORIENTED_EDGE('',*,*,#461,.T.);
#573 = ADVANCED_FACE('',(#574),#535,.T.);
#574 = FACE_BOUND('',#575,.T.);
#575 = EDGE_LOOP('',(#576,#604,#630));
#576 = ORIENTED_EDGE('',*,*,#577,.F.);
#577 = EDGE_CURVE('',#578,#172,#580,.T.);
#578 = VERTEX_POINT('',#579);
#579 = CARTESIAN_POINT('',(-42.65701655701,40.015578609897,
    13.250192068856));
#580 = SURFACE_CURVE('',#581,(#585,#592),.PCURVE_S1.);
#581 = LINE('',#582,#583);
#582 = CARTESIAN_POINT('',(-42.65701655701,40.015578609897,
    13.250192068856));
#583 = VECTOR('',#584,1.);
#584 = DIRECTION('',(0.999422277284,3.398640630191E-02,
    -1.893552865372E-04));
#585 = PCURVE('',#535,#586);
#586 = DEFINITIONAL_REPRESENTATION('',(#587),#591);
#587 = LINE('',#588,#589);
#588 = CARTESIAN_POINT('',(-2.660631166978,94.897213877185));
#589 = VECTOR('',#590,1.);
#590 = DIRECTION('',(2.802596567758E-02,-0.999607195476));
#591 = ( GEOMETRIC_REPRESENTATION_CONTEXT(2) 
PARAMETRIC_REPRESENTATION_CONTEXT() REPRESENTATION_CONTEXT('2D SPACE',''
  ) );
#592 = PCURVE('',#593,#598);
#593 = PLANE('',#594);
#594 = AXIS2_PLACEMENT_3D('',#595,#596,#597);
#595 = CARTESIAN_POINT('',(52.222642203188,43.242061254625,
    13.232215718539));
#596 = DIRECTION('',(-9.771295287512E-03,0.292667159138,0.95616445016));
#597 = DIRECTION('',(-3.702535169859E-19,0.956210099865,-0.292681131807)
  );
#598 = DEFINITIONAL_REPRESENTATION('',(#599),#603);
#599 = LINE('',#600,#601);
#600 = CARTESIAN_POINT('',(-3.090456630485,94.884188554648));
#601 = VECTOR('',#602,1.);
#602 = DIRECTION('',(3.255356568359E-02,-0.999469992227));
#603 = ( GEOMETRIC_REPRESENTATION_CONTEXT(2) 
PARAMETRIC_REPRESENTATION_CONTEXT() REPRESENTATION_CONTEXT('2D SPACE',''
  ) );
#604 = ORIENTED_EDGE('',*,*,#605,.T.);
#605 = EDGE_CURVE('',#578,#520,#606,.T.);
#606 = SURFACE_CURVE('',#607,(#611,#618),.PCURVE_S1.);
#607 = LINE('',#608,#609);
#608 = CARTESIAN_POINT('',(-42.65701655701,40.015578609897,
    13.250192068856));
#609 = VECTOR('',#610,1.);
#610 = DIRECTION('',(0.73540928599,-0.552841491724,-0.39184112483));
#611 = PCURVE('',#535,#612);
#612 = DEFINITIONAL_REPRESENTATION('',(#613),#617);
#613 = LINE('',#614,#615);
#614 = CARTESIAN_POINT('',(-2.660631166978,94.897213877185));
#615 = VECTOR('',#616,1.);
#616 = DIRECTION('',(-0.677475483326,-0.735545355156));
#617 = ( GEOMETRIC_REPRESENTATION_CONTEXT(2) 
PARAMETRIC_REPRESENTATION_CONTEXT() REPRESENTATION_CONTEXT('2D SPACE',''
  ) );
#618 = PCURVE('',#619,#624);
#619 = PLANE('',#620);
#620 = AXIS2_PLACEMENT_3D('',#621,#622,#623);
#621 = CARTESIAN_POINT('',(-42.63659835961,39.96397715902,
    20.441022579687));
#622 = DIRECTION('',(0.602255467723,0.798293306695,4.0184679336E-03));
#623 = DIRECTION('',(0.798299752227,-0.602260330418,-5.420690033675E-20)
  );
#624 = DEFINITIONAL_REPRESENTATION('',(#625),#629);
#625 = LINE('',#626,#627);
#626 = CARTESIAN_POINT('',(-4.737734878222E-02,7.190888570603));
#627 = VECTOR('',#628,1.);
#628 = DIRECTION('',(0.920031550265,0.39184428861));
#629 = ( GEOMETRIC_REPRESENTATION_CONTEXT(2) 
PARAMETRIC_REPRESENTATION_CONTEXT() REPRESENTATION_CONTEXT('2D SPACE',''
  ) );
#630 = ORIENTED_EDGE('',*,*,#519,.T.);
#631 = ADVANCED_FACE('',(#632),#214,.T.);
#632 = FACE_BOUND('',#633,.T.);
#633 = EDGE_LOOP('',(#634,#635,#658));
#634 = ORIENTED_EDGE('',*,*,#200,.F.);
#635 = ORIENTED_EDGE('',*,*,#636,.F.);
#636 = EDGE_CURVE('',#637,#57,#639,.T.);
#637 = VERTEX_POINT('',#638);
#638 = CARTESIAN_POINT('',(-42.32129401583,39.027740609813,
    13.225607712624));
#639 = SURFACE_CURVE('',#640,(#644,#651),.PCURVE_S1.);
#640 = LINE('',#641,#642);
#641 = CARTESIAN_POINT('',(-42.32129401583,39.027740609813,
    13.225607712624));
#642 = VECTOR('',#643,1.);
#643 = DIRECTION('',(0.403441769194,0.91452999956,-2.948929932909E-02));
#644 = PCURVE('',#214,#645);
#645 = DEFINITIONAL_REPRESENTATION('',(#646),#650);
#646 = LINE('',#647,#648);
#647 = CARTESIAN_POINT('',(-4.211820980289,94.544047840035));
#648 = VECTOR('',#649,1.);
#649 = DIRECTION('',(0.915005111756,-0.403442245508));
#650 = ( GEOMETRIC_REPRESENTATION_CONTEXT(2) 
PARAMETRIC_REPRESENTATION_CONTEXT() REPRESENTATION_CONTEXT('2D SPACE',''
  ) );
#651 = PCURVE('',#72,#652);
#652 = DEFINITIONAL_REPRESENTATION('',(#653),#657);
#653 = LINE('',#654,#655);
#654 = CARTESIAN_POINT('',(-0.189914335304,-7.218366301828));
#655 = VECTOR('',#656,1.);
#656 = DIRECTION('',(0.999565095896,-2.948930425652E-02));
#657 = ( GEOMETRIC_REPRESENTATION_CONTEXT(2) 
PARAMETRIC_REPRESENTATION_CONTEXT() REPRESENTATION_CONTEXT('2D SPACE',''
  ) );
#658 = ORIENTED_EDGE('',*,*,#659,.T.);
#659 = EDGE_CURVE('',#637,#172,#660,.T.);
#660 = SURFACE_CURVE('',#661,(#665,#672),.PCURVE_S1.);
#661 = LINE('',#662,#663);
#662 = CARTESIAN_POINT('',(-42.32129401583,39.027740609813,
    13.225607712624));
#663 = VECTOR('',#664,1.);
#664 = DIRECTION('',(0.99900799866,4.453104240691E-02,6.982415826054E-05
    ));
#665 = PCURVE('',#214,#666);
#666 = DEFINITIONAL_REPRESENTATION('',(#667),#671);
#667 = LINE('',#668,#669);
#668 = CARTESIAN_POINT('',(-4.211820980289,94.544047840035));
#669 = VECTOR('',#670,1.);
#670 = DIRECTION('',(4.450462945065E-02,-0.999009178115));
#671 = ( GEOMETRIC_REPRESENTATION_CONTEXT(2) 
PARAMETRIC_REPRESENTATION_CONTEXT() REPRESENTATION_CONTEXT('2D SPACE',''
  ) );
#672 = PCURVE('',#673,#678);
#673 = PLANE('',#674);
#674 = AXIS2_PLACEMENT_3D('',#675,#676,#677);
#675 = CARTESIAN_POINT('',(52.222642203188,43.242061254625,
    13.232215718539));
#676 = DIRECTION('',(1.642250568085E-02,-0.36987853293,0.928934966607));
#677 = DIRECTION('',(-6.96000262688E-20,0.929060258224,0.3699284209));
#678 = DEFINITIONAL_REPRESENTATION('',(#679),#683);
#679 = LINE('',#680,#681);
#680 = CARTESIAN_POINT('',(-3.917802315699,94.556687986435));
#681 = VECTOR('',#682,1.);
#682 = DIRECTION('',(4.139785169813E-02,-0.999142741491));
#683 = ( GEOMETRIC_REPRESENTATION_CONTEXT(2) 
PARAMETRIC_REPRESENTATION_CONTEXT() REPRESENTATION_CONTEXT('2D SPACE',''
  ) );
#684 = ADVANCED_FACE('',(#685),#673,.T.);
#685 = FACE_BOUND('',#686,.T.);
#686 = EDGE_LOOP('',(#687,#688,#716));
#687 = ORIENTED_EDGE('',*,*,#659,.F.);
#688 = ORIENTED_EDGE('',*,*,#689,.T.);
#689 = EDGE_CURVE('',#637,#690,#692,.T.);
#690 = VERTEX_POINT('',#691);
#691 = CARTESIAN_POINT('',(-42.30992751773,38.915809889212,
    13.180838769048));
#692 = SURFACE_CURVE('',#693,(#697,#704),.PCURVE_S1.);
#693 = LINE('',#694,#695);
#694 = CARTESIAN_POINT('',(-42.32129401583,39.027740609813,
    13.225607712624));
#695 = VECTOR('',#696,1.);
#696 = DIRECTION('',(9.387089054506E-02,-0.924386414363,-0.369726943635)
  );
#697 = PCURVE('',#673,#698);
#698 = DEFINITIONAL_REPRESENTATION('',(#699),#703);
#699 = LINE('',#700,#701);
#700 = CARTESIAN_POINT('',(-3.917802315699,94.556687986435));
#701 = VECTOR('',#702,1.);
#702 = DIRECTION('',(-0.995583185249,-9.388355153434E-02));
#703 = ( GEOMETRIC_REPRESENTATION_CONTEXT(2) 
PARAMETRIC_REPRESENTATION_CONTEXT() REPRESENTATION_CONTEXT('2D SPACE',''
  ) );
#704 = PCURVE('',#705,#710);
#705 = PLANE('',#706);
#706 = AXIS2_PLACEMENT_3D('',#707,#708,#709);
#707 = CARTESIAN_POINT('',(-42.30716004354,38.893899082205,
    20.423171371218));
#708 = DIRECTION('',(0.994880402935,0.101059281197,-7.442566646698E-05)
  );
#709 = DIRECTION('',(-0.101059281477,0.994880405691,1.278423176214E-22)
  );
#710 = DEFINITIONAL_REPRESENTATION('',(#711),#715);
#711 = LINE('',#712,#713);
#712 = CARTESIAN_POINT('',(0.134584682369,-7.197563678528));
#713 = VECTOR('',#714,1.);
#714 = DIRECTION('',(-0.929140455687,-0.369726944659));
#715 = ( GEOMETRIC_REPRESENTATION_CONTEXT(2) 
PARAMETRIC_REPRESENTATION_CONTEXT() REPRESENTATION_CONTEXT('2D SPACE',''
  ) );
#716 = ORIENTED_EDGE('',*,*,#717,.T.);
#717 = EDGE_CURVE('',#690,#172,#718,.T.);
#718 = SURFACE_CURVE('',#719,(#723,#730),.PCURVE_S1.);
#719 = LINE('',#720,#721);
#720 = CARTESIAN_POINT('',(-42.30992751773,38.915809889212,
    13.180838769048));
#721 = VECTOR('',#722,1.);
#722 = DIRECTION('',(0.998954292587,4.571680834496E-02,
    5.429157843253E-04));
#723 = PCURVE('',#673,#724);
#724 = DEFINITIONAL_REPRESENTATION('',(#725),#729);
#725 = LINE('',#726,#727);
#726 = CARTESIAN_POINT('',(-4.038354004486,94.54531995526));
#727 = VECTOR('',#728,1.);
#728 = DIRECTION('',(4.26745097449E-02,-0.999089028174));
#729 = ( GEOMETRIC_REPRESENTATION_CONTEXT(2) 
PARAMETRIC_REPRESENTATION_CONTEXT() REPRESENTATION_CONTEXT('2D SPACE',''
  ) );
#730 = PCURVE('',#731,#736);
#731 = PLANE('',#732);
#732 = AXIS2_PLACEMENT_3D('',#733,#734,#735);
#733 = CARTESIAN_POINT('',(52.222642203188,43.242061254625,
    13.232215718539));
#734 = DIRECTION('',(-9.41316570152E-03,0.194036939085,0.980949060136));
#735 = DIRECTION('',(-2.785471012683E-19,0.980992522839,-0.194045536239)
  );
#736 = DEFINITIONAL_REPRESENTATION('',(#737),#741);
#737 = LINE('',#738,#739);
#738 = CARTESIAN_POINT('',(-4.234050773677,94.536758155513));
#739 = VECTOR('',#740,1.);
#740 = DIRECTION('',(4.474249676996E-02,-0.998998553043));
#741 = ( GEOMETRIC_REPRESENTATION_CONTEXT(2) 
PARAMETRIC_REPRESENTATION_CONTEXT() REPRESENTATION_CONTEXT('2D SPACE',''
  ) );
#742 = ADVANCED_FACE('',(#743),#731,.T.);
#743 = FACE_BOUND('',#744,.T.);
#744 = EDGE_LOOP('',(#745,#746,#774));
#745 = ORIENTED_EDGE('',*,*,#717,.F.);
#746 = ORIENTED_EDGE('',*,*,#747,.T.);
#747 = EDGE_CURVE('',#690,#748,#750,.T.);
#748 = VERTEX_POINT('',#749);
#749 = CARTESIAN_POINT('',(-42.30071643756,38.78030716403,
    13.207730317782));
#750 = SURFACE_CURVE('',#751,(#755,#762),.PCURVE_S1.);
#751 = LINE('',#752,#753);
#752 = CARTESIAN_POINT('',(-42.30992751773,38.915809889212,
    13.180838769048));
#753 = VECTOR('',#754,1.);
#754 = DIRECTION('',(6.652899611543E-02,-0.978697407241,0.194229960962)
  );
#755 = PCURVE('',#731,#756);
#756 = DEFINITIONAL_REPRESENTATION('',(#757),#761);
#757 = LINE('',#758,#759);
#758 = CARTESIAN_POINT('',(-4.234050773677,94.536758155513));
#759 = VECTOR('',#760,1.);
#760 = DIRECTION('',(-0.997784295554,-6.65319438016E-02));
#761 = ( GEOMETRIC_REPRESENTATION_CONTEXT(2) 
PARAMETRIC_REPRESENTATION_CONTEXT() REPRESENTATION_CONTEXT('2D SPACE',''
  ) );
#762 = PCURVE('',#763,#768);
#763 = PLANE('',#764);
#764 = AXIS2_PLACEMENT_3D('',#765,#766,#767);
#765 = CARTESIAN_POINT('',(-42.30716004354,38.893899082205,
    20.423171371218));
#766 = DIRECTION('',(0.997699884099,6.77857671879E-02,
    -1.761680781625E-04));
#767 = DIRECTION('',(-6.778576823978E-02,0.997699899581,
    1.205746339344E-21));
#768 = DEFINITIONAL_REPRESENTATION('',(#769),#773);
#769 = LINE('',#770,#771);
#770 = CARTESIAN_POINT('',(2.204800531477E-02,-7.242332714553));
#771 = VECTOR('',#772,1.);
#772 = DIRECTION('',(-0.980956024037,0.194229963976));
#773 = ( GEOMETRIC_REPRESENTATION_CONTEXT(2) 
PARAMETRIC_REPRESENTATION_CONTEXT() REPRESENTATION_CONTEXT('2D SPACE',''
  ) );
#774 = ORIENTED_EDGE('',*,*,#775,.T.);
#775 = EDGE_CURVE('',#748,#172,#776,.T.);
#776 = SURFACE_CURVE('',#777,(#781,#788),.PCURVE_S1.);
#777 = LINE('',#778,#779);
#778 = CARTESIAN_POINT('',(-42.30071643756,38.78030716403,
    13.207730317782));
#779 = VECTOR('',#780,1.);
#780 = DIRECTION('',(0.998887779137,4.715016159705E-02,
    2.587526293579E-04));
#781 = PCURVE('',#731,#782);
#782 = DEFINITIONAL_REPRESENTATION('',(#783),#787);
#783 = LINE('',#784,#785);
#784 = CARTESIAN_POINT('',(-4.372196118899,94.527546667233));
#785 = VECTOR('',#786,1.);
#786 = DIRECTION('',(4.620374618464E-02,-0.998932036646));
#787 = ( GEOMETRIC_REPRESENTATION_CONTEXT(2) 
PARAMETRIC_REPRESENTATION_CONTEXT() REPRESENTATION_CONTEXT('2D SPACE',''
  ) );
#788 = PCURVE('',#789,#794);
#789 = PLANE('',#790);
#790 = AXIS2_PLACEMENT_3D('',#791,#792,#793);
#791 = CARTESIAN_POINT('',(52.222642203188,43.242061254625,
    13.232215718539));
#792 = DIRECTION('',(1.717161848981E-02,-0.368884906073,0.929316448574)
  );
#793 = DIRECTION('',(-4.537560225191E-19,0.929453490088,0.368939303631)
  );
#794 = DEFINITIONAL_REPRESENTATION('',(#795),#799);
#795 = LINE('',#796,#797);
#796 = CARTESIAN_POINT('',(-4.156026538121,94.537297513957));
#797 = VECTOR('',#798,1.);
#798 = DIRECTION('',(4.391934626947E-02,-0.999035079976));
#799 = ( GEOMETRIC_REPRESENTATION_CONTEXT(2) 
PARAMETRIC_REPRESENTATION_CONTEXT() REPRESENTATION_CONTEXT('2D SPACE',''
  ) );
#800 = ADVANCED_FACE('',(#801),#789,.T.);
#801 = FACE_BOUND('',#802,.T.);
#802 = EDGE_LOOP('',(#803,#804,#832));
#803 = ORIENTED_EDGE('',*,*,#775,.F.);
#804 = ORIENTED_EDGE('',*,*,#805,.F.);
#805 = EDGE_CURVE('',#806,#748,#808,.T.);
#806 = VERTEX_POINT('',#807);
#807 = CARTESIAN_POINT('',(-42.35430509312,38.695084197183,
    13.17489192111));
#808 = SURFACE_CURVE('',#809,(#813,#820),.PCURVE_S1.);
#809 = LINE('',#810,#811);
#810 = CARTESIAN_POINT('',(-42.35430509312,38.695084197183,
    13.17489192111));
#811 = VECTOR('',#812,1.);
#812 = DIRECTION('',(0.506070264506,0.804812304405,0.310112950489));
#813 = PCURVE('',#789,#814);
#814 = DEFINITIONAL_REPRESENTATION('',(#815),#819);
#815 = LINE('',#816,#817);
#816 = CARTESIAN_POINT('',(-4.247352697293,94.590894071964));
#817 = VECTOR('',#818,1.);
#818 = DIRECTION('',(0.862448461195,-0.506144892083));
#819 = ( GEOMETRIC_REPRESENTATION_CONTEXT(2) 
PARAMETRIC_REPRESENTATION_CONTEXT() REPRESENTATION_CONTEXT('2D SPACE',''
  ) );
#820 = PCURVE('',#821,#826);
#821 = PLANE('',#822);
#822 = AXIS2_PLACEMENT_3D('',#823,#824,#825);
#823 = CARTESIAN_POINT('',(-42.30071643756,38.78030716403,
    13.207730317782));
#824 = DIRECTION('',(-0.844642929615,0.535223937056,-1.066108121516E-02)
  );
#825 = DIRECTION('',(-0.535254356065,-0.844690934196,-4.169058677286E-19
    ));
#826 = DEFINITIONAL_REPRESENTATION('',(#827),#831);
#827 = LINE('',#828,#829);
#828 = CARTESIAN_POINT('',(0.100670628808,-3.284026301507E-02));
#829 = VECTOR('',#830,1.);
#830 = DIRECTION('',(-0.950693970812,0.310130575502));
#831 = ( GEOMETRIC_REPRESENTATION_CONTEXT(2) 
PARAMETRIC_REPRESENTATION_CONTEXT() REPRESENTATION_CONTEXT('2D SPACE',''
  ) );
#832 = ORIENTED_EDGE('',*,*,#833,.T.);
#833 = EDGE_CURVE('',#806,#172,#834,.T.);
#834 = SURFACE_CURVE('',#835,(#839,#846),.PCURVE_S1.);
#835 = LINE('',#836,#837);
#836 = CARTESIAN_POINT('',(-42.35430509312,38.695084197183,
    13.17489192111));
#837 = VECTOR('',#838,1.);
#838 = DIRECTION('',(0.998846117008,4.802153704242E-02,
    6.054081265206E-04));
#839 = PCURVE('',#789,#840);
#840 = DEFINITIONAL_REPRESENTATION('',(#841),#845);
#841 = LINE('',#842,#843);
#842 = CARTESIAN_POINT('',(-4.247352697293,94.590894071964));
#843 = VECTOR('',#844,1.);
#844 = DIRECTION('',(4.485714405606E-02,-0.998993411704));
#845 = ( GEOMETRIC_REPRESENTATION_CONTEXT(2) 
PARAMETRIC_REPRESENTATION_CONTEXT() REPRESENTATION_CONTEXT('2D SPACE',''
  ) );
#846 = PCURVE('',#847,#852);
#847 = PLANE('',#848);
#848 = AXIS2_PLACEMENT_3D('',#849,#850,#851);
#849 = CARTESIAN_POINT('',(52.222642203188,43.242061254625,
    13.232215718539));
#850 = DIRECTION('',(-2.759226556192E-02,0.563509092075,0.825648938733)
  );
#851 = DIRECTION('',(2.426409533235E-18,0.825963415251,-0.563723723704)
  );
#852 = DEFINITIONAL_REPRESENTATION('',(#853),#857);
#853 = LINE('',#854,#855);
#854 = CARTESIAN_POINT('',(-3.723321914888,94.612970147792));
#855 = VECTOR('',#856,1.);
#856 = DIRECTION('',(3.932274981771E-02,-0.99922656157));
#857 = ( GEOMETRIC_REPRESENTATION_CONTEXT(2) 
PARAMETRIC_REPRESENTATION_CONTEXT() REPRESENTATION_CONTEXT('2D SPACE',''
  ) );
#858 = ADVANCED_FACE('',(#859),#847,.T.);
#859 = FACE_BOUND('',#860,.T.);
#860 = EDGE_LOOP('',(#861,#862,#890));
#861 = ORIENTED_EDGE('',*,*,#833,.F.);
#862 = ORIENTED_EDGE('',*,*,#863,.F.);
#863 = EDGE_CURVE('',#864,#806,#866,.T.);
#864 = VERTEX_POINT('',#865);
#865 = CARTESIAN_POINT('',(-42.39706299856,38.585742365949,
    13.248089288329));
#866 = SURFACE_CURVE('',#867,(#871,#878),.PCURVE_S1.);
#867 = LINE('',#868,#869);
#868 = CARTESIAN_POINT('',(-42.39706299856,38.585742365949,
    13.248089288329));
#869 = VECTOR('',#870,1.);
#870 = DIRECTION('',(0.30904793038,0.79030687551,-0.529059939184));
#871 = PCURVE('',#847,#872);
#872 = DEFINITIONAL_REPRESENTATION('',(#873),#877);
#873 = LINE('',#874,#875);
#874 = CARTESIAN_POINT('',(-3.854897359658,94.65574433903));
#875 = VECTOR('',#876,1.);
#876 = DIRECTION('',(0.951008204972,-0.30916564181));
#877 = ( GEOMETRIC_REPRESENTATION_CONTEXT(2) 
PARAMETRIC_REPRESENTATION_CONTEXT() REPRESENTATION_CONTEXT('2D SPACE',''
  ) );
#878 = PCURVE('',#879,#884);
#879 = PLANE('',#880);
#880 = AXIS2_PLACEMENT_3D('',#881,#882,#883);
#881 = CARTESIAN_POINT('',(-42.35430509312,38.695084197183,
    13.17489192111));
#882 = DIRECTION('',(-0.931271942088,0.364324742292,2.281072898855E-04)
  );
#883 = DIRECTION('',(-0.364324751771,-0.931271966317,-1.729475767529E-21
    ));
#884 = DEFINITIONAL_REPRESENTATION('',(#885),#889);
#885 = LINE('',#886,#887);
#886 = CARTESIAN_POINT('',(0.117404745457,7.319736912382E-02));
#887 = VECTOR('',#888,1.);
#888 = DIRECTION('',(-0.848584448471,-0.529059952948));
#889 = ( GEOMETRIC_REPRESENTATION_CONTEXT(2) 
PARAMETRIC_REPRESENTATION_CONTEXT() REPRESENTATION_CONTEXT('2D SPACE',''
  ) );
#890 = ORIENTED_EDGE('',*,*,#891,.T.);
#891 = EDGE_CURVE('',#864,#172,#892,.T.);
#892 = SURFACE_CURVE('',#893,(#897,#904),.PCURVE_S1.);
#893 = LINE('',#894,#895);
#894 = CARTESIAN_POINT('',(-42.39706299856,38.585742365949,
    13.248089288329));
#895 = VECTOR('',#896,1.);
#896 = DIRECTION('',(0.998791325487,4.915139932844E-02,
    -1.675590066237E-04));
#897 = PCURVE('',#847,#898);
#898 = DEFINITIONAL_REPRESENTATION('',(#899),#903);
#899 = LINE('',#900,#901);
#900 = CARTESIAN_POINT('',(-3.854897359658,94.65574433903));
#901 = VECTOR('',#902,1.);
#902 = DIRECTION('',(4.069171464084E-02,-0.99917174918));
#903 = ( GEOMETRIC_REPRESENTATION_CONTEXT(2) 
PARAMETRIC_REPRESENTATION_CONTEXT() REPRESENTATION_CONTEXT('2D SPACE',''
  ) );
#904 = PCURVE('',#905,#910);
#905 = PLANE('',#906);
#906 = AXIS2_PLACEMENT_3D('',#907,#908,#909);
#907 = CARTESIAN_POINT('',(52.222642203188,43.242061254625,
    13.232215718539));
#908 = DIRECTION('',(9.99579082285E-03,-0.199781425227,0.979789501015));
#909 = DIRECTION('',(-9.129524121356E-20,0.979838452926,0.199791406639)
  );
#910 = DEFINITIONAL_REPRESENTATION('',(#911),#915);
#911 = LINE('',#912,#913);
#912 = CARTESIAN_POINT('',(-4.559268893376,94.624432559394));
#913 = VECTOR('',#914,1.);
#914 = DIRECTION('',(4.812695422752E-02,-0.998841226761));
#915 = ( GEOMETRIC_REPRESENTATION_CONTEXT(2) 
PARAMETRIC_REPRESENTATION_CONTEXT() REPRESENTATION_CONTEXT('2D SPACE',''
  ) );
#916 = ADVANCED_FACE('',(#917),#905,.T.);
#917 = FACE_BOUND('',#918,.T.);
#918 = EDGE_LOOP('',(#919,#920,#948));
#919 = ORIENTED_EDGE('',*,*,#891,.F.);
#920 = ORIENTED_EDGE('',*,*,#921,.F.);
#921 = EDGE_CURVE('',#922,#864,#924,.T.);
#922 = VERTEX_POINT('',#923);
#923 = CARTESIAN_POINT('',(-42.45801117337,38.48018531159,
    13.227187744135));
#924 = SURFACE_CURVE('',#925,(#929,#936),.PCURVE_S1.);
#925 = LINE('',#926,#927);
#926 = CARTESIAN_POINT('',(-42.45801117337,38.48018531159,
    13.227187744135));
#927 = VECTOR('',#928,1.);
#928 = DIRECTION('',(0.492835909196,0.853549872811,0.169012961726));
#929 = PCURVE('',#905,#930);
#930 = DEFINITIONAL_REPRESENTATION('',(#931),#935);
#931 = LINE('',#932,#933);
#932 = CARTESIAN_POINT('',(-4.66687370313,94.685383779276));
#933 = VECTOR('',#934,1.);
#934 = DIRECTION('',(0.870108324234,-0.492860532097));
#935 = ( GEOMETRIC_REPRESENTATION_CONTEXT(2) 
PARAMETRIC_REPRESENTATION_CONTEXT() REPRESENTATION_CONTEXT('2D SPACE',''
  ) );
#936 = PCURVE('',#937,#942);
#937 = PLANE('',#938);
#938 = AXIS2_PLACEMENT_3D('',#939,#940,#941);
#939 = CARTESIAN_POINT('',(-42.42887640859,38.57640827447,
    20.462710682411));
#940 = DIRECTION('',(0.865732129527,-0.500497583546,3.1699793706E-03));
#941 = DIRECTION('',(0.500500098257,0.865736479331,-1.391308367482E-19)
  );
#942 = DEFINITIONAL_REPRESENTATION('',(#943),#947);
#943 = LINE('',#944,#945);
#944 = CARTESIAN_POINT('',(-9.788568174878E-02,-7.2355592926));
#945 = VECTOR('',#946,1.);
#946 = DIRECTION('',(0.985613682798,0.169013810918));
#947 = ( GEOMETRIC_REPRESENTATION_CONTEXT(2) 
PARAMETRIC_REPRESENTATION_CONTEXT() REPRESENTATION_CONTEXT('2D SPACE',''
  ) );
#948 = ORIENTED_EDGE('',*,*,#949,.T.);
#949 = EDGE_CURVE('',#922,#172,#950,.T.);
#950 = SURFACE_CURVE('',#951,(#955,#962),.PCURVE_S1.);
#951 = LINE('',#952,#953);
#952 = CARTESIAN_POINT('',(-42.45801117337,38.48018531159,
    13.227187744135));
#953 = VECTOR('',#954,1.);
#954 = DIRECTION('',(0.998737645904,5.023058671256E-02,
    5.303752288235E-05));
#955 = PCURVE('',#905,#956);
#956 = DEFINITIONAL_REPRESENTATION('',(#957),#961);
#957 = LINE('',#958,#959);
#958 = CARTESIAN_POINT('',(-4.66687370313,94.685383779276));
#959 = VECTOR('',#960,1.);
#960 = DIRECTION('',(4.922845681532E-02,-0.998787544496));
#961 = ( GEOMETRIC_REPRESENTATION_CONTEXT(2) 
PARAMETRIC_REPRESENTATION_CONTEXT() REPRESENTATION_CONTEXT('2D SPACE',''
  ) );
#962 = PCURVE('',#963,#968);
#963 = PLANE('',#964);
#964 = AXIS2_PLACEMENT_3D('',#965,#966,#967);
#965 = CARTESIAN_POINT('',(52.222642203188,43.242061254625,
    13.232215718539));
#966 = DIRECTION('',(5.575169003287E-03,-0.111900639027,0.993703760925)
  );
#967 = DIRECTION('',(2.719949261087E-20,0.993719204688,0.111902378143));
#968 = DEFINITIONAL_REPRESENTATION('',(#969),#973);
#969 = LINE('',#970,#971);
#970 = CARTESIAN_POINT('',(-4.732530217229,94.682124867013));
#971 = VECTOR('',#972,1.);
#972 = DIRECTION('',(4.992103370396E-02,-0.998753167902));
#973 = ( GEOMETRIC_REPRESENTATION_CONTEXT(2) 
PARAMETRIC_REPRESENTATION_CONTEXT() REPRESENTATION_CONTEXT('2D SPACE',''
  ) );
#974 = ADVANCED_FACE('',(#975),#963,.T.);
#975 = FACE_BOUND('',#976,.T.);
#976 = EDGE_LOOP('',(#977,#978,#1006));
#977 = ORIENTED_EDGE('',*,*,#949,.F.);
#978 = ORIENTED_EDGE('',*,*,#979,.F.);
#979 = EDGE_CURVE('',#980,#922,#982,.T.);
#980 = VERTEX_POINT('',#981);
#981 = CARTESIAN_POINT('',(-42.56591569097,38.375803945053,
    13.216038791971));
#982 = SURFACE_CURVE('',#983,(#987,#994),.PCURVE_S1.);
#983 = LINE('',#984,#985);
#984 = CARTESIAN_POINT('',(-42.56591569097,38.375803945053,
    13.216038791971));
#985 = VECTOR('',#986,1.);
#986 = DIRECTION('',(0.716769397996,0.693366421696,7.405832405087E-02));
#987 = PCURVE('',#963,#988);
#988 = DEFINITIONAL_REPRESENTATION('',(#989),#993);
#989 = LINE('',#990,#991);
#990 = CARTESIAN_POINT('',(-4.83750358003,94.790031061626));
#991 = VECTOR('',#992,1.);
#992 = DIRECTION('',(0.697298831707,-0.716780537752));
#993 = ( GEOMETRIC_REPRESENTATION_CONTEXT(2) 
PARAMETRIC_REPRESENTATION_CONTEXT() REPRESENTATION_CONTEXT('2D SPACE',''
  ) );
#994 = PCURVE('',#995,#1000);
#995 = PLANE('',#996);
#996 = AXIS2_PLACEMENT_3D('',#997,#998,#999);
#997 = CARTESIAN_POINT('',(-42.48870005866,38.514985751991,
    20.397878976507));
#998 = DIRECTION('',(0.694916097212,-0.719061775656,6.463793428422E-03)
  );
#999 = DIRECTION('',(-0.719076797552,-0.694930614682,6.882322657727E-20)
  );
#1000 = DEFINITIONAL_REPRESENTATION('',(#1001),#1005);
#1001 = LINE('',#1002,#1003);
#1002 = CARTESIAN_POINT('',(0.15224566825,7.181990220125));
#1003 = VECTOR('',#1004,1.);
#1004 = DIRECTION('',(-0.997253796923,-7.40598712009E-02));
#1005 = ( GEOMETRIC_REPRESENTATION_CONTEXT(2) 
PARAMETRIC_REPRESENTATION_CONTEXT() REPRESENTATION_CONTEXT('2D SPACE',''
  ) );
#1006 = ORIENTED_EDGE('',*,*,#1007,.T.);
#1007 = EDGE_CURVE('',#980,#172,#1008,.T.);
#1008 = SURFACE_CURVE('',#1009,(#1013,#1020),.PCURVE_S1.);
#1009 = LINE('',#1010,#1011);
#1010 = CARTESIAN_POINT('',(-42.56591569097,38.375803945053,
    13.216038791971));
#1011 = VECTOR('',#1012,1.);
#1012 = DIRECTION('',(0.998684788286,5.127050415076E-02,
    1.704388255717E-04));
#1013 = PCURVE('',#963,#1014);
#1014 = DEFINITIONAL_REPRESENTATION('',(#1015),#1019);
#1015 = LINE('',#1016,#1017);
#1016 = CARTESIAN_POINT('',(-4.83750358003,94.790031061626));
#1017 = VECTOR('',#1018,1.);
#1018 = DIRECTION('',(5.096755711856E-02,-0.998700309463));
#1019 = ( GEOMETRIC_REPRESENTATION_CONTEXT(2) 
PARAMETRIC_REPRESENTATION_CONTEXT() REPRESENTATION_CONTEXT('2D SPACE',''
  ) );
#1020 = PCURVE('',#1021,#1026);
#1021 = PLANE('',#1022);
#1022 = AXIS2_PLACEMENT_3D('',#1023,#1024,#1025);
#1023 = CARTESIAN_POINT('',(52.222642203188,43.242061254625,
    13.232215718539));
#1024 = DIRECTION('',(-1.550978621235E-04,-3.031946017851E-04,
    0.999999942009));
#1025 = DIRECTION('',(7.037453195758E-25,0.999999954037,
    3.031946054318E-04));
#1026 = DEFINITIONAL_REPRESENTATION('',(#1027),#1031);
#1027 = LINE('',#1028,#1029);
#1028 = CARTESIAN_POINT('',(-4.866261990659,94.788559034248));
#1029 = VECTOR('',#1030,1.);
#1030 = DIRECTION('',(5.127055347032E-02,-0.998684800298));
#1031 = ( GEOMETRIC_REPRESENTATION_CONTEXT(2) 
PARAMETRIC_REPRESENTATION_CONTEXT() REPRESENTATION_CONTEXT('2D SPACE',''
  ) );
#1032 = ADVANCED_FACE('',(#1033),#1021,.T.);
#1033 = FACE_BOUND('',#1034,.T.);
#1034 = EDGE_LOOP('',(#1035,#1036,#1064));
#1035 = ORIENTED_EDGE('',*,*,#1007,.F.);
#1036 = ORIENTED_EDGE('',*,*,#1037,.T.);
#1037 = EDGE_CURVE('',#980,#1038,#1040,.T.);
#1038 = VERTEX_POINT('',#1039);
#1039 = CARTESIAN_POINT('',(52.155278828697,-43.26234399553,
    13.2059776004));
#1040 = SURFACE_CURVE('',#1041,(#1045,#1052),.PCURVE_S1.);
#1041 = LINE('',#1042,#1043);
#1042 = CARTESIAN_POINT('',(-42.56591569097,38.375803945053,
    13.216038791971));
#1043 = VECTOR('',#1044,1.);
#1044 = DIRECTION('',(0.757481356201,-0.652856790218,-8.045892025371E-05
    ));
#1045 = PCURVE('',#1021,#1046);
#1046 = DEFINITIONAL_REPRESENTATION('',(#1047),#1051);
#1047 = LINE('',#1048,#1049);
#1048 = CARTESIAN_POINT('',(-4.866261990659,94.788559034248));
#1049 = VECTOR('',#1050,1.);
#1050 = DIRECTION('',(-0.652856784606,-0.757481365312));
#1051 = ( GEOMETRIC_REPRESENTATION_CONTEXT(2) 
PARAMETRIC_REPRESENTATION_CONTEXT() REPRESENTATION_CONTEXT('2D SPACE',''
  ) );
#1052 = PCURVE('',#1053,#1058);
#1053 = PLANE('',#1054);
#1054 = AXIS2_PLACEMENT_3D('',#1055,#1056,#1057);
#1055 = CARTESIAN_POINT('',(-42.62915215496,38.315822543733,
    13.166641807321));
#1056 = DIRECTION('',(0.323084584725,0.374968086613,-0.868916155411));
#1057 = DIRECTION('',(7.648096784745E-18,-0.918156821224,-0.396217177367
    ));
#1058 = DEFINITIONAL_REPRESENTATION('',(#1059),#1063);
#1059 = LINE('',#1060,#1061);
#1060 = CARTESIAN_POINT('',(-7.464426659652E-02,-6.682001525324E-02));
#1061 = VECTOR('',#1062,1.);
#1062 = DIRECTION('',(0.599456794428,-0.800407116169));
#1063 = ( GEOMETRIC_REPRESENTATION_CONTEXT(2) 
PARAMETRIC_REPRESENTATION_CONTEXT() REPRESENTATION_CONTEXT('2D SPACE',''
  ) );
#1064 = ORIENTED_EDGE('',*,*,#1065,.T.);
#1065 = EDGE_CURVE('',#1038,#172,#1066,.T.);
#1066 = SURFACE_CURVE('',#1067,(#1071,#1078),.PCURVE_S1.);
#1067 = LINE('',#1068,#1069);
#1068 = CARTESIAN_POINT('',(52.155278828697,-43.26234399553,
    13.2059776004));
#1069 = VECTOR('',#1070,1.);
#1070 = DIRECTION('',(7.787274043785E-04,0.999999650792,
    3.033152924522E-04));
#1071 = PCURVE('',#1021,#1072);
#1072 = DEFINITIONAL_REPRESENTATION('',(#1073),#1077);
#1073 = LINE('',#1074,#1075);
#1074 = CARTESIAN_POINT('',(-86.50440922936,6.736337530184E-02));
#1075 = VECTOR('',#1076,1.);
#1076 = DIRECTION('',(0.999999696792,-7.787274137448E-04));
#1077 = ( GEOMETRIC_REPRESENTATION_CONTEXT(2) 
PARAMETRIC_REPRESENTATION_CONTEXT() REPRESENTATION_CONTEXT('2D SPACE',''
  ) );
#1078 = PCURVE('',#1079,#1084);
#1079 = PLANE('',#1080);
#1080 = AXIS2_PLACEMENT_3D('',#1081,#1082,#1083);
#1081 = CARTESIAN_POINT('',(52.155278828697,-43.26234399553,
    13.2059776004));
#1082 = DIRECTION('',(0.99999209151,-7.775384962464E-04,
    -3.900301522178E-03));
#1083 = DIRECTION('',(3.900302701173E-03,-5.065335180653E-22,
    0.99999239379));
#1084 = DEFINITIONAL_REPRESENTATION('',(#1085),#1089);
#1085 = LINE('',#1086,#1087);
#1086 = CARTESIAN_POINT('',(0.,0.));
#1087 = VECTOR('',#1088,1.);
#1088 = DIRECTION('',(3.063502579713E-04,-0.999999953075));
#1089 = ( GEOMETRIC_REPRESENTATION_CONTEXT(2) 
PARAMETRIC_REPRESENTATION_CONTEXT() REPRESENTATION_CONTEXT('2D SPACE',''
  ) );
#1090 = ADVANCED_FACE('',(#1091),#1053,.F.);
#1091 = FACE_BOUND('',#1092,.F.);
#1092 = EDGE_LOOP('',(#1093,#1121,#1122));
#1093 = ORIENTED_EDGE('',*,*,#1094,.T.);
#1094 = EDGE_CURVE('',#1095,#980,#1097,.T.);
#1095 = VERTEX_POINT('',#1096);
#1096 = CARTESIAN_POINT('',(-42.62915215496,38.315822543733,
    13.166641807321));
#1097 = SURFACE_CURVE('',#1098,(#1102,#1109),.PCURVE_S1.);
#1098 = LINE('',#1099,#1100);
#1099 = CARTESIAN_POINT('',(-42.62915215496,38.315822543733,
    13.166641807321));
#1100 = VECTOR('',#1101,1.);
#1101 = DIRECTION('',(0.631208033242,0.598716942278,0.493066366526));
#1102 = PCURVE('',#1053,#1103);
#1103 = DEFINITIONAL_REPRESENTATION('',(#1104),#1108);
#1104 = LINE('',#1105,#1106);
#1105 = CARTESIAN_POINT('',(0.,0.));
#1106 = VECTOR('',#1107,1.);
#1107 = DIRECTION('',(-0.745077408534,-0.666978002105));
#1108 = ( GEOMETRIC_REPRESENTATION_CONTEXT(2) 
PARAMETRIC_REPRESENTATION_CONTEXT() REPRESENTATION_CONTEXT('2D SPACE',''
  ) );
#1109 = PCURVE('',#1110,#1115);
#1110 = PLANE('',#1111);
#1111 = AXIS2_PLACEMENT_3D('',#1112,#1113,#1114);
#1112 = CARTESIAN_POINT('',(-42.56265751363,38.36698565379,
    20.45123389577));
#1113 = DIRECTION('',(0.688677212878,-0.725067080485,-1.193842745585E-03
    ));
#1114 = DIRECTION('',(-0.72506759719,-0.68867770365,-8.114433456804E-20)
  );
#1115 = DEFINITIONAL_REPRESENTATION('',(#1116),#1120);
#1116 = LINE('',#1117,#1118);
#1117 = CARTESIAN_POINT('',(8.344800295449E-02,7.284597279675));
#1118 = VECTOR('',#1119,1.);
#1119 = DIRECTION('',(-0.869991500935,-0.4930667179));
#1120 = ( GEOMETRIC_REPRESENTATION_CONTEXT(2) 
PARAMETRIC_REPRESENTATION_CONTEXT() REPRESENTATION_CONTEXT('2D SPACE',''
  ) );
#1121 = ORIENTED_EDGE('',*,*,#1037,.T.);
#1122 = ORIENTED_EDGE('',*,*,#1123,.F.);
#1123 = EDGE_CURVE('',#1095,#1038,#1124,.T.);
#1124 = SURFACE_CURVE('',#1125,(#1129,#1136),.PCURVE_S1.);
#1125 = LINE('',#1126,#1127);
#1126 = CARTESIAN_POINT('',(-42.62915215496,38.315822543733,
    13.166641807321));
#1127 = VECTOR('',#1128,1.);
#1128 = DIRECTION('',(0.757933856506,-0.652331334694,3.145445833034E-04)
  );
#1129 = PCURVE('',#1053,#1130);
#1130 = DEFINITIONAL_REPRESENTATION('',(#1131),#1135);
#1131 = LINE('',#1132,#1133);
#1132 = CARTESIAN_POINT('',(0.,0.));
#1133 = VECTOR('',#1134,1.);
#1134 = DIRECTION('',(0.59881783668,-0.800885259243));
#1135 = ( GEOMETRIC_REPRESENTATION_CONTEXT(2) 
PARAMETRIC_REPRESENTATION_CONTEXT() REPRESENTATION_CONTEXT('2D SPACE',''
  ) );
#1136 = PCURVE('',#1137,#1142);
#1137 = PLANE('',#1138);
#1138 = AXIS2_PLACEMENT_3D('',#1139,#1140,#1141);
#1139 = CARTESIAN_POINT('',(-52.23284749254,-43.29994395067,
    13.22633161843));
#1140 = DIRECTION('',(-1.947288071019E-04,-7.084376137835E-04,
    -0.999999730098));
#1141 = DIRECTION('',(6.680631033825E-24,-0.999999749058,
    7.084376272152E-04));
#1142 = DEFINITIONAL_REPRESENTATION('',(#1143),#1147);
#1143 = LINE('',#1144,#1145);
#1144 = CARTESIAN_POINT('',(-81.61578830009,-9.603695519668));
#1145 = VECTOR('',#1146,1.);
#1146 = DIRECTION('',(0.652331393832,-0.757933870876));
#1147 = ( GEOMETRIC_REPRESENTATION_CONTEXT(2) 
PARAMETRIC_REPRESENTATION_CONTEXT() REPRESENTATION_CONTEXT('2D SPACE',''
  ) );
#1148 = ADVANCED_FACE('',(#1149),#1137,.F.);
#1149 = FACE_BOUND('',#1150,.F.);
#1150 = EDGE_LOOP('',(#1151,#1179,#1180));
#1151 = ORIENTED_EDGE('',*,*,#1152,.T.);
#1152 = EDGE_CURVE('',#1153,#1095,#1155,.T.);
#1153 = VERTEX_POINT('',#1154);
#1154 = CARTESIAN_POINT('',(-52.23284749254,-43.29994395067,
    13.22633161843));
#1155 = SURFACE_CURVE('',#1156,(#1160,#1167),.PCURVE_S1.);
#1156 = LINE('',#1157,#1158);
#1157 = CARTESIAN_POINT('',(-52.23284749254,-43.29994395067,
    13.22633161843));
#1158 = VECTOR('',#1159,1.);
#1159 = DIRECTION('',(0.116863306703,0.993147743277,-7.263400657304E-04)
  );
#1160 = PCURVE('',#1137,#1161);
#1161 = DEFINITIONAL_REPRESENTATION('',(#1162),#1166);
#1162 = LINE('',#1163,#1164);
#1163 = CARTESIAN_POINT('',(0.,0.));
#1164 = VECTOR('',#1165,1.);
#1165 = DIRECTION('',(-0.993148008621,-0.116863308919));
#1166 = ( GEOMETRIC_REPRESENTATION_CONTEXT(2) 
PARAMETRIC_REPRESENTATION_CONTEXT() REPRESENTATION_CONTEXT('2D SPACE',''
  ) );
#1167 = PCURVE('',#1168,#1173);
#1168 = PLANE('',#1169);
#1169 = AXIS2_PLACEMENT_3D('',#1170,#1171,#1172);
#1170 = CARTESIAN_POINT('',(-52.23284749254,-43.29994395067,
    13.22633161843));
#1171 = DIRECTION('',(-0.490143818613,5.70389215388E-02,-0.869773302939)
  );
#1172 = DIRECTION('',(-0.871191641743,9.61905859649E-19,0.490943095845)
  );
#1173 = DEFINITIONAL_REPRESENTATION('',(#1174),#1178);
#1174 = LINE('',#1175,#1176);
#1175 = CARTESIAN_POINT('',(0.,0.));
#1176 = VECTOR('',#1177,1.);
#1177 = DIRECTION('',(-0.102166927667,0.994767268707));
#1178 = ( GEOMETRIC_REPRESENTATION_CONTEXT(2) 
PARAMETRIC_REPRESENTATION_CONTEXT() REPRESENTATION_CONTEXT('2D SPACE',''
  ) );
#1179 = ORIENTED_EDGE('',*,*,#1123,.T.);
#1180 = ORIENTED_EDGE('',*,*,#1181,.F.);
#1181 = EDGE_CURVE('',#1153,#1038,#1182,.T.);
#1182 = SURFACE_CURVE('',#1183,(#1187,#1194),.PCURVE_S1.);
#1183 = LINE('',#1184,#1185);
#1184 = CARTESIAN_POINT('',(-52.23284749254,-43.29994395067,
    13.22633161843));
#1185 = VECTOR('',#1186,1.);
#1186 = DIRECTION('',(0.999999916121,3.601937626132E-04,
    -1.949840182044E-04));
#1187 = PCURVE('',#1137,#1188);
#1188 = DEFINITIONAL_REPRESENTATION('',(#1189),#1193);
#1189 = LINE('',#1190,#1191);
#1190 = CARTESIAN_POINT('',(0.,0.));
#1191 = VECTOR('',#1192,1.);
#1192 = DIRECTION('',(-3.603318062406E-04,-0.99999993508));
#1193 = ( GEOMETRIC_REPRESENTATION_CONTEXT(2) 
PARAMETRIC_REPRESENTATION_CONTEXT() REPRESENTATION_CONTEXT('2D SPACE',''
  ) );
#1194 = PCURVE('',#1195,#1200);
#1195 = PLANE('',#1196);
#1196 = AXIS2_PLACEMENT_3D('',#1197,#1198,#1199);
#1197 = CARTESIAN_POINT('',(52.155278828697,-43.26234399553,
    13.2059776004));
#1198 = DIRECTION('',(3.606484478919E-04,-0.999997204366,
    2.336919723583E-03));
#1199 = DIRECTION('',(-1.165354718514E-22,-2.336919875562E-03,
    -0.999997269399));
#1200 = DEFINITIONAL_REPRESENTATION('',(#1201),#1205);
#1201 = LINE('',#1202,#1203);
#1202 = CARTESIAN_POINT('',(-2.026609436902E-02,-104.3881331099));
#1203 = VECTOR('',#1204,1.);
#1204 = DIRECTION('',(1.941417418179E-04,0.999999981154));
#1205 = ( GEOMETRIC_REPRESENTATION_CONTEXT(2) 
PARAMETRIC_REPRESENTATION_CONTEXT() REPRESENTATION_CONTEXT('2D SPACE',''
  ) );
#1206 = ADVANCED_FACE('',(#1207),#1195,.T.);
#1207 = FACE_BOUND('',#1208,.T.);
#1208 = EDGE_LOOP('',(#1209,#1210,#1238));
#1209 = ORIENTED_EDGE('',*,*,#1181,.F.);
#1210 = ORIENTED_EDGE('',*,*,#1211,.T.);
#1211 = EDGE_CURVE('',#1153,#1212,#1214,.T.);
#1212 = VERTEX_POINT('',#1213);
#1213 = CARTESIAN_POINT('',(52.223934432549,-43.29309792455,
    3.539100690825E-02));
#1214 = SURFACE_CURVE('',#1215,(#1219,#1226),.PCURVE_S1.);
#1215 = LINE('',#1216,#1217);
#1216 = CARTESIAN_POINT('',(-52.23284749254,-43.29994395067,
    13.22633161843));
#1217 = VECTOR('',#1218,1.);
#1218 = DIRECTION('',(0.992120626484,6.502290806073E-05,-0.125286305228)
  );
#1219 = PCURVE('',#1195,#1220);
#1220 = DEFINITIONAL_REPRESENTATION('',(#1221),#1225);
#1221 = LINE('',#1222,#1223);
#1222 = CARTESIAN_POINT('',(-2.026609436902E-02,-104.3881331099));
#1223 = VECTOR('',#1224,1.);
#1224 = DIRECTION('',(0.125285811168,0.992120691005));
#1225 = ( GEOMETRIC_REPRESENTATION_CONTEXT(2) 
PARAMETRIC_REPRESENTATION_CONTEXT() REPRESENTATION_CONTEXT('2D SPACE',''
  ) );
#1226 = PCURVE('',#1227,#1232);
#1227 = PLANE('',#1228);
#1228 = AXIS2_PLACEMENT_3D('',#1229,#1230,#1231);
#1229 = CARTESIAN_POINT('',(52.223934432549,-43.29309792455,
    3.539100690825E-02));
#1230 = DIRECTION('',(-2.930736372336E-04,-0.999995924836,
    -2.839791970975E-03));
#1231 = DIRECTION('',(-5.068536488808E-23,2.839792092932E-03,
    -0.999995967782));
#1232 = DEFINITIONAL_REPRESENTATION('',(#1233),#1237);
#1233 = LINE('',#1234,#1235);
#1234 = CARTESIAN_POINT('',(-13.19090686406,-104.4567864111));
#1235 = VECTOR('',#1236,1.);
#1236 = DIRECTION('',(0.125285984698,0.992120669091));
#1237 = ( GEOMETRIC_REPRESENTATION_CONTEXT(2) 
PARAMETRIC_REPRESENTATION_CONTEXT() REPRESENTATION_CONTEXT('2D SPACE',''
  ) );
#1238 = ORIENTED_EDGE('',*,*,#1239,.F.);
#1239 = EDGE_CURVE('',#1038,#1212,#1240,.T.);
#1240 = SURFACE_CURVE('',#1241,(#1245,#1252),.PCURVE_S1.);
#1241 = LINE('',#1242,#1243);
#1242 = CARTESIAN_POINT('',(52.155278828697,-43.26234399553,
    13.2059776004));
#1243 = VECTOR('',#1244,1.);
#1244 = DIRECTION('',(5.212712693086E-03,-2.335008173781E-03,
    -0.999983687549));
#1245 = PCURVE('',#1195,#1246);
#1246 = DEFINITIONAL_REPRESENTATION('',(#1247),#1251);
#1247 = LINE('',#1248,#1249);
#1248 = CARTESIAN_POINT('',(-0.,0.));
#1249 = VECTOR('',#1250,1.);
#1250 = DIRECTION('',(0.999986413719,5.212713032088E-03));
#1251 = ( GEOMETRIC_REPRESENTATION_CONTEXT(2) 
PARAMETRIC_REPRESENTATION_CONTEXT() REPRESENTATION_CONTEXT('2D SPACE',''
  ) );
#1252 = PCURVE('',#1253,#1258);
#1253 = PLANE('',#1254);
#1254 = AXIS2_PLACEMENT_3D('',#1255,#1256,#1257);
#1255 = CARTESIAN_POINT('',(52.155278828697,-43.26234399553,
    13.2059776004));
#1256 = DIRECTION('',(0.999986231132,6.164741050964E-04,
    5.211286456715E-03));
#1257 = DIRECTION('',(-5.211287446964E-03,3.8611461861E-22,
    0.999986421149));
#1258 = DEFINITIONAL_REPRESENTATION('',(#1259),#1263);
#1259 = LINE('',#1260,#1261);
#1260 = CARTESIAN_POINT('',(0.,0.));
#1261 = VECTOR('',#1262,1.);
#1262 = DIRECTION('',(-0.999997273864,2.33500861748E-03));
#1263 = ( GEOMETRIC_REPRESENTATION_CONTEXT(2) 
PARAMETRIC_REPRESENTATION_CONTEXT() REPRESENTATION_CONTEXT('2D SPACE',''
  ) );
#1264 = ADVANCED_FACE('',(#1265),#1227,.T.);
#1265 = FACE_BOUND('',#1266,.T.);
#1266 = EDGE_LOOP('',(#1267,#1268,#1296));
#1267 = ORIENTED_EDGE('',*,*,#1211,.F.);
#1268 = ORIENTED_EDGE('',*,*,#1269,.F.);
#1269 = EDGE_CURVE('',#1270,#1153,#1272,.T.);
#1270 = VERTEX_POINT('',#1271);
#1271 = CARTESIAN_POINT('',(-52.24290517272,-43.26236008982,
    -7.299730541599E-03));
#1272 = SURFACE_CURVE('',#1273,(#1277,#1284),.PCURVE_S1.);
#1273 = LINE('',#1274,#1275);
#1274 = CARTESIAN_POINT('',(-52.24290517272,-43.26236008982,
    -7.299730541599E-03));
#1275 = VECTOR('',#1276,1.);
#1276 = DIRECTION('',(7.60005809999E-04,-2.840014009566E-03,
    0.999995678346));
#1277 = PCURVE('',#1227,#1278);
#1278 = DEFINITIONAL_REPRESENTATION('',(#1279),#1283);
#1279 = LINE('',#1280,#1281);
#1280 = CARTESIAN_POINT('',(4.277785437151E-02,-104.4668440917));
#1281 = VECTOR('',#1282,1.);
#1282 = DIRECTION('',(-0.999999711196,7.600058426383E-04));
#1283 = ( GEOMETRIC_REPRESENTATION_CONTEXT(2) 
PARAMETRIC_REPRESENTATION_CONTEXT() REPRESENTATION_CONTEXT('2D SPACE',''
  ) );
#1284 = PCURVE('',#1285,#1290);
#1285 = PLANE('',#1286);
#1286 = AXIS2_PLACEMENT_3D('',#1287,#1288,#1289);
#1287 = CARTESIAN_POINT('',(-52.23284749254,-43.29994395067,
    13.22633161843));
#1288 = DIRECTION('',(-0.999999496831,6.526132694509E-04,
    7.618621509199E-04));
#1289 = DIRECTION('',(-7.6186231316E-04,7.752079065636E-23,
    -0.999999709783));
#1290 = DEFINITIONAL_REPRESENTATION('',(#1291),#1295);
#1291 = LINE('',#1292,#1293);
#1292 = CARTESIAN_POINT('',(13.233635170913,-3.75838688565E-02));
#1293 = VECTOR('',#1294,1.);
#1294 = DIRECTION('',(-0.99999596715,2.840014614353E-03));
#1295 = ( GEOMETRIC_REPRESENTATION_CONTEXT(2) 
PARAMETRIC_REPRESENTATION_CONTEXT() REPRESENTATION_CONTEXT('2D SPACE',''
  ) );
#1296 = ORIENTED_EDGE('',*,*,#1297,.T.);
#1297 = EDGE_CURVE('',#1270,#1212,#1298,.T.);
#1298 = SURFACE_CURVE('',#1299,(#1303,#1310),.PCURVE_S1.);
#1299 = LINE('',#1300,#1301);
#1300 = CARTESIAN_POINT('',(-52.24290517272,-43.26236008982,
    -7.299730541599E-03));
#1301 = VECTOR('',#1302,1.);
#1302 = DIRECTION('',(0.999999873214,-2.942352898545E-04,
    4.086534272365E-04));
#1303 = PCURVE('',#1227,#1304);
#1304 = DEFINITIONAL_REPRESENTATION('',(#1305),#1309);
#1305 = LINE('',#1306,#1307);
#1306 = CARTESIAN_POINT('',(4.277785437151E-02,-104.4668440917));
#1307 = VECTOR('',#1308,1.);
#1308 = DIRECTION('',(-4.094873465065E-04,0.99999991616));
#1309 = ( GEOMETRIC_REPRESENTATION_CONTEXT(2) 
PARAMETRIC_REPRESENTATION_CONTEXT() REPRESENTATION_CONTEXT('2D SPACE',''
  ) );
#1310 = PCURVE('',#1311,#1316);
#1311 = PLANE('',#1312);
#1312 = AXIS2_PLACEMENT_3D('',#1313,#1314,#1315);
#1313 = CARTESIAN_POINT('',(52.223934432549,-43.29309792455,
    3.539100690825E-02));
#1314 = DIRECTION('',(4.087343999262E-04,2.751895499717E-04,
    -0.999999878603));
#1315 = DIRECTION('',(-0.999999916468,-4.996835549463E-24,
    -4.087344154027E-04));
#1316 = DEFINITIONAL_REPRESENTATION('',(#1317),#1321);
#1317 = LINE('',#1318,#1319);
#1318 = CARTESIAN_POINT('',(104.46684832813,3.073783589245E-02));
#1319 = VECTOR('',#1320,1.);
#1320 = DIRECTION('',(-0.999999956713,-2.942353009956E-04));
#1321 = ( GEOMETRIC_REPRESENTATION_CONTEXT(2) 
PARAMETRIC_REPRESENTATION_CONTEXT() REPRESENTATION_CONTEXT('2D SPACE',''
  ) );
#1322 = ADVANCED_FACE('',(#1323),#1285,.T.);
#1323 = FACE_BOUND('',#1324,.T.);
#1324 = EDGE_LOOP('',(#1325,#1353,#1374));
#1325 = ORIENTED_EDGE('',*,*,#1326,.T.);
#1326 = EDGE_CURVE('',#1153,#1327,#1329,.T.);
#1327 = VERTEX_POINT('',#1328);
#1328 = CARTESIAN_POINT('',(-52.18638539726,43.31506722353,
    1.654857719008E-02));
#1329 = SURFACE_CURVE('',#1330,(#1334,#1341),.PCURVE_S1.);
#1330 = LINE('',#1331,#1332);
#1331 = CARTESIAN_POINT('',(-52.23284749254,-43.29994395067,
    13.22633161843));
#1332 = VECTOR('',#1333,1.);
#1333 = DIRECTION('',(5.302890001979E-04,0.988569013035,-0.150768117517)
  );
#1334 = PCURVE('',#1285,#1335);
#1335 = DEFINITIONAL_REPRESENTATION('',(#1336),#1340);
#1336 = LINE('',#1337,#1338);
#1337 = CARTESIAN_POINT('',(0.,0.));
#1338 = VECTOR('',#1339,1.);
#1339 = DIRECTION('',(0.150767669755,-0.988569223553));
#1340 = ( GEOMETRIC_REPRESENTATION_CONTEXT(2) 
PARAMETRIC_REPRESENTATION_CONTEXT() REPRESENTATION_CONTEXT('2D SPACE',''
  ) );
#1341 = PCURVE('',#1342,#1347);
#1342 = PLANE('',#1343);
#1343 = AXIS2_PLACEMENT_3D('',#1344,#1345,#1346);
#1344 = CARTESIAN_POINT('',(-52.23284749254,-43.29994395067,
    13.22633161843));
#1345 = DIRECTION('',(-0.999994965099,5.252108362113E-05,
    -3.17285658482E-03));
#1346 = DIRECTION('',(3.172856589196E-03,-1.498203468237E-23,
    -0.999994966478));
#1347 = DEFINITIONAL_REPRESENTATION('',(#1348),#1352);
#1348 = LINE('',#1349,#1350);
#1349 = CARTESIAN_POINT('',(0.,-0.));
#1350 = VECTOR('',#1351,1.);
#1351 = DIRECTION('',(0.150769041154,-0.988569014399));
#1352 = ( GEOMETRIC_REPRESENTATION_CONTEXT(2) 
PARAMETRIC_REPRESENTATION_CONTEXT() REPRESENTATION_CONTEXT('2D SPACE',''
  ) );
#1353 = ORIENTED_EDGE('',*,*,#1354,.F.);
#1354 = EDGE_CURVE('',#1270,#1327,#1355,.T.);
#1355 = SURFACE_CURVE('',#1356,(#1360,#1367),.PCURVE_S1.);
#1356 = LINE('',#1357,#1358);
#1357 = CARTESIAN_POINT('',(-52.24290517272,-43.26236008982,
    -7.299730541599E-03));
#1358 = VECTOR('',#1359,1.);
#1359 = DIRECTION('',(6.528232938717E-04,0.999999748973,
    2.754563456683E-04));
#1360 = PCURVE('',#1285,#1361);
#1361 = DEFINITIONAL_REPRESENTATION('',(#1362),#1366);
#1362 = LINE('',#1363,#1364);
#1363 = CARTESIAN_POINT('',(13.233635170913,-3.75838688565E-02));
#1364 = VECTOR('',#1365,1.);
#1365 = DIRECTION('',(-2.759536271909E-04,-0.999999961925));
#1366 = ( GEOMETRIC_REPRESENTATION_CONTEXT(2) 
PARAMETRIC_REPRESENTATION_CONTEXT() REPRESENTATION_CONTEXT('2D SPACE',''
  ) );
#1367 = PCURVE('',#1311,#1368);
#1368 = DEFINITIONAL_REPRESENTATION('',(#1369),#1373);
#1369 = LINE('',#1370,#1371);
#1370 = CARTESIAN_POINT('',(104.46684832813,3.073783589245E-02));
#1371 = VECTOR('',#1372,1.);
#1372 = DIRECTION('',(-6.529358278285E-04,0.999999786837));
#1373 = ( GEOMETRIC_REPRESENTATION_CONTEXT(2) 
PARAMETRIC_REPRESENTATION_CONTEXT() REPRESENTATION_CONTEXT('2D SPACE',''
  ) );
#1374 = ORIENTED_EDGE('',*,*,#1269,.T.);
#1375 = ADVANCED_FACE('',(#1376),#1342,.T.);
#1376 = FACE_BOUND('',#1377,.T.);
#1377 = EDGE_LOOP('',(#1378,#1406,#1432));
#1378 = ORIENTED_EDGE('',*,*,#1379,.T.);
#1379 = EDGE_CURVE('',#1153,#1380,#1382,.T.);
#1380 = VERTEX_POINT('',#1381);
#1381 = CARTESIAN_POINT('',(-52.22836823508,43.288597828841,
    13.247917573636));
#1382 = SURFACE_CURVE('',#1383,(#1387,#1394),.PCURVE_S1.);
#1383 = LINE('',#1384,#1385);
#1384 = CARTESIAN_POINT('',(-52.23284749254,-43.29994395067,
    13.22633161843));
#1385 = VECTOR('',#1386,1.);
#1386 = DIRECTION('',(5.173037007791E-05,0.999999967588,
    2.492934291536E-04));
#1387 = PCURVE('',#1342,#1388);
#1388 = DEFINITIONAL_REPRESENTATION('',(#1389),#1393);
#1389 = LINE('',#1390,#1391);
#1390 = CARTESIAN_POINT('',(0.,-0.));
#1391 = VECTOR('',#1392,1.);
#1392 = DIRECTION('',(-2.491280412841E-04,-0.999999968968));
#1393 = ( GEOMETRIC_REPRESENTATION_CONTEXT(2) 
PARAMETRIC_REPRESENTATION_CONTEXT() REPRESENTATION_CONTEXT('2D SPACE',''
  ) );
#1394 = PCURVE('',#1395,#1400);
#1395 = PLANE('',#1396);
#1396 = AXIS2_PLACEMENT_3D('',#1397,#1398,#1399);
#1397 = CARTESIAN_POINT('',(-44.16414748602,38.234591085517,
    13.227513533967));
#1398 = DIRECTION('',(2.373872736839E-03,-2.494155283796E-04,
    0.999997151256));
#1399 = DIRECTION('',(0.99999718236,-7.219899102768E-23,
    -2.373872810676E-03));
#1400 = DEFINITIONAL_REPRESENTATION('',(#1401),#1405);
#1401 = LINE('',#1402,#1403);
#1402 = CARTESIAN_POINT('',(-8.068674466115,-81.53453757225));
#1403 = VECTOR('',#1404,1.);
#1404 = DIRECTION('',(5.1138433427E-05,0.999999998692));
#1405 = ( GEOMETRIC_REPRESENTATION_CONTEXT(2) 
PARAMETRIC_REPRESENTATION_CONTEXT() REPRESENTATION_CONTEXT('2D SPACE',''
  ) );
#1406 = ORIENTED_EDGE('',*,*,#1407,.T.);
#1407 = EDGE_CURVE('',#1380,#1327,#1408,.T.);
#1408 = SURFACE_CURVE('',#1409,(#1413,#1420),.PCURVE_S1.);
#1409 = LINE('',#1410,#1411);
#1410 = CARTESIAN_POINT('',(-52.22836823508,43.288597828841,
    13.247917573636));
#1411 = VECTOR('',#1412,1.);
#1412 = DIRECTION('',(3.172955307695E-03,2.000489026422E-03,
    -0.999992965174));
#1413 = PCURVE('',#1342,#1414);
#1414 = DEFINITIONAL_REPRESENTATION('',(#1415),#1419);
#1415 = LINE('',#1416,#1417);
#1416 = CARTESIAN_POINT('',(-2.157163451035E-02,-86.58854189894));
#1417 = VECTOR('',#1418,1.);
#1418 = DIRECTION('',(0.99999799902,-2.000489029181E-03));
#1419 = ( GEOMETRIC_REPRESENTATION_CONTEXT(2) 
PARAMETRIC_REPRESENTATION_CONTEXT() REPRESENTATION_CONTEXT('2D SPACE',''
  ) );
#1420 = PCURVE('',#1421,#1426);
#1421 = PLANE('',#1422);
#1422 = AXIS2_PLACEMENT_3D('',#1423,#1424,#1425);
#1423 = CARTESIAN_POINT('',(52.170924342703,43.262966833538,
    -3.181170939165E-02));
#1424 = DIRECTION('',(5.001767545962E-04,0.999997870735,
    2.002085889665E-03));
#1425 = DIRECTION('',(-1.418457055865E-22,-2.002086140103E-03,
    0.999997995824));
#1426 = DEFINITIONAL_REPRESENTATION('',(#1427),#1431);
#1427 = LINE('',#1428,#1429);
#1428 = CARTESIAN_POINT('',(13.279651352646,-104.3993056369));
#1429 = VECTOR('',#1430,1.);
#1430 = DIRECTION('',(-0.999994966163,3.172955704595E-03));
#1431 = ( GEOMETRIC_REPRESENTATION_CONTEXT(2) 
PARAMETRIC_REPRESENTATION_CONTEXT() REPRESENTATION_CONTEXT('2D SPACE',''
  ) );
#1432 = ORIENTED_EDGE('',*,*,#1326,.F.);
#1433 = ADVANCED_FACE('',(#1434),#1395,.T.);
#1434 = FACE_BOUND('',#1435,.T.);
#1435 = EDGE_LOOP('',(#1436,#1464,#1465));
#1436 = ORIENTED_EDGE('',*,*,#1437,.F.);
#1437 = EDGE_CURVE('',#1380,#1438,#1440,.T.);
#1438 = VERTEX_POINT('',#1439);
#1439 = CARTESIAN_POINT('',(-44.16414748602,38.234591085517,
    13.227513533967));
#1440 = SURFACE_CURVE('',#1441,(#1445,#1452),.PCURVE_S1.);
#1441 = LINE('',#1442,#1443);
#1442 = CARTESIAN_POINT('',(-52.22836823508,43.288597828841,
    13.247917573636));
#1443 = VECTOR('',#1444,1.);
#1444 = DIRECTION('',(0.847340764209,-0.531045226744,-2.143936172314E-03
    ));
#1445 = PCURVE('',#1395,#1446);
#1446 = DEFINITIONAL_REPRESENTATION('',(#1447),#1451);
#1447 = LINE('',#1448,#1449);
#1448 = CARTESIAN_POINT('',(-8.064246463592,5.054006900524));
#1449 = VECTOR('',#1450,1.);
#1450 = DIRECTION('',(0.847343466139,-0.531045243262));
#1451 = ( GEOMETRIC_REPRESENTATION_CONTEXT(2) 
PARAMETRIC_REPRESENTATION_CONTEXT() REPRESENTATION_CONTEXT('2D SPACE',''
  ) );
#1452 = PCURVE('',#1453,#1458);
#1453 = PLANE('',#1454);
#1454 = AXIS2_PLACEMENT_3D('',#1455,#1456,#1457);
#1455 = CARTESIAN_POINT('',(-44.16414748602,38.234591085517,
    13.227513533967));
#1456 = DIRECTION('',(0.396269264079,0.629593033542,0.668268869888));
#1457 = DIRECTION('',(4.576208891837E-18,0.727855215915,-0.685730839809)
  );
#1458 = DEFINITIONAL_REPRESENTATION('',(#1459),#1463);
#1459 = LINE('',#1460,#1461);
#1460 = CARTESIAN_POINT('',(3.664593490139,8.783268829321));
#1461 = VECTOR('',#1462,1.);
#1462 = DIRECTION('',(-0.38505387502,-0.922894096488));
#1463 = ( GEOMETRIC_REPRESENTATION_CONTEXT(2) 
PARAMETRIC_REPRESENTATION_CONTEXT() REPRESENTATION_CONTEXT('2D SPACE',''
  ) );
#1464 = ORIENTED_EDGE('',*,*,#1379,.F.);
#1465 = ORIENTED_EDGE('',*,*,#1466,.T.);
#1466 = EDGE_CURVE('',#1153,#1438,#1467,.T.);
#1467 = SURFACE_CURVE('',#1468,(#1472,#1479),.PCURVE_S1.);
#1468 = LINE('',#1469,#1470);
#1469 = CARTESIAN_POINT('',(-52.23284749254,-43.29994395067,
    13.22633161843));
#1470 = VECTOR('',#1471,1.);
#1471 = DIRECTION('',(9.847948124044E-02,0.995139081519,
    1.442542526795E-05));
#1472 = PCURVE('',#1395,#1473);
#1473 = DEFINITIONAL_REPRESENTATION('',(#1474),#1478);
#1474 = LINE('',#1475,#1476);
#1475 = CARTESIAN_POINT('',(-8.068674466115,-81.53453757225));
#1476 = VECTOR('',#1477,1.);
#1477 = DIRECTION('',(9.847916951659E-02,0.995139112472));
#1478 = ( GEOMETRIC_REPRESENTATION_CONTEXT(2) 
PARAMETRIC_REPRESENTATION_CONTEXT() REPRESENTATION_CONTEXT('2D SPACE',''
  ) );
#1479 = PCURVE('',#1480,#1485);
#1480 = PLANE('',#1481);
#1481 = AXIS2_PLACEMENT_3D('',#1482,#1483,#1484);
#1482 = CARTESIAN_POINT('',(-44.06782291433,38.144312795705,
    13.189482533207));
#1483 = DIRECTION('',(0.339607728254,-3.362138311641E-02,0.939966059764)
  );
#1484 = DIRECTION('',(0.940497778192,-1.111186137984E-18,-0.339799836986
    ));
#1485 = DEFINITIONAL_REPRESENTATION('',(#1486),#1490);
#1486 = LINE('',#1487,#1488);
#1487 = CARTESIAN_POINT('',(-7.691708787842,-81.49032799732));
#1488 = VECTOR('',#1489,1.);
#1489 = DIRECTION('',(9.2614831547E-02,0.99570201013));
#1490 = ( GEOMETRIC_REPRESENTATION_CONTEXT(2) 
PARAMETRIC_REPRESENTATION_CONTEXT() REPRESENTATION_CONTEXT('2D SPACE',''
  ) );
#1491 = ADVANCED_FACE('',(#1492),#1453,.T.);
#1492 = FACE_BOUND('',#1493,.T.);
#1493 = EDGE_LOOP('',(#1494,#1522,#1548));
#1494 = ORIENTED_EDGE('',*,*,#1495,.F.);
#1495 = EDGE_CURVE('',#1496,#1438,#1498,.T.);
#1496 = VERTEX_POINT('',#1497);
#1497 = CARTESIAN_POINT('',(-44.25709507427,38.316109542609,
    13.205828878364));
#1498 = SURFACE_CURVE('',#1499,(#1503,#1510),.PCURVE_S1.);
#1499 = LINE('',#1500,#1501);
#1500 = CARTESIAN_POINT('',(-44.25709507427,38.316109542609,
    13.205828878364));
#1501 = VECTOR('',#1502,1.);
#1502 = DIRECTION('',(0.740512753374,-0.649456949278,0.172761492017));
#1503 = PCURVE('',#1453,#1504);
#1504 = DEFINITIONAL_REPRESENTATION('',(#1505),#1509);
#1505 = LINE('',#1506,#1507);
#1506 = CARTESIAN_POINT('',(7.420347128518E-02,0.101235281138));
#1507 = VECTOR('',#1508,1.);
#1508 = DIRECTION('',(-0.591178511052,-0.80654074173));
#1509 = ( GEOMETRIC_REPRESENTATION_CONTEXT(2) 
PARAMETRIC_REPRESENTATION_CONTEXT() REPRESENTATION_CONTEXT('2D SPACE',''
  ) );
#1510 = PCURVE('',#1511,#1516);
#1511 = PLANE('',#1512);
#1512 = AXIS2_PLACEMENT_3D('',#1513,#1514,#1515);
#1513 = CARTESIAN_POINT('',(-44.16414748602,38.234591085517,
    13.227513533967));
#1514 = DIRECTION('',(0.659364962215,0.751823013862,4.930110090838E-05)
  );
#1515 = DIRECTION('',(0.751823014776,-0.659364963016,-2.754715057104E-21
    ));
#1516 = DEFINITIONAL_REPRESENTATION('',(#1517),#1521);
#1517 = LINE('',#1518,#1519);
#1518 = CARTESIAN_POINT('',(-0.123630550464,2.168465562941E-02));
#1519 = VECTOR('',#1520,1.);
#1520 = DIRECTION('',(0.984963688063,-0.172761492227));
#1521 = ( GEOMETRIC_REPRESENTATION_CONTEXT(2) 
PARAMETRIC_REPRESENTATION_CONTEXT() REPRESENTATION_CONTEXT('2D SPACE',''
  ) );
#1522 = ORIENTED_EDGE('',*,*,#1523,.F.);
#1523 = EDGE_CURVE('',#1380,#1496,#1524,.T.);
#1524 = SURFACE_CURVE('',#1525,(#1529,#1536),.PCURVE_S1.);
#1525 = LINE('',#1526,#1527);
#1526 = CARTESIAN_POINT('',(-52.22836823508,43.288597828841,
    13.247917573636));
#1527 = VECTOR('',#1528,1.);
#1528 = DIRECTION('',(0.848446681506,-0.52926190085,-4.479838177851E-03)
  );
#1529 = PCURVE('',#1453,#1530);
#1530 = DEFINITIONAL_REPRESENTATION('',(#1531),#1535);
#1531 = LINE('',#1532,#1533);
#1532 = CARTESIAN_POINT('',(3.664593490139,8.783268829321));
#1533 = VECTOR('',#1534,1.);
#1534 = DIRECTION('',(-0.382154071922,-0.924098623153));
#1535 = ( GEOMETRIC_REPRESENTATION_CONTEXT(2) 
PARAMETRIC_REPRESENTATION_CONTEXT() REPRESENTATION_CONTEXT('2D SPACE',''
  ) );
#1536 = PCURVE('',#1537,#1542);
#1537 = PLANE('',#1538);
#1538 = AXIS2_PLACEMENT_3D('',#1539,#1540,#1541);
#1539 = CARTESIAN_POINT('',(-44.25709507427,38.316109542609,
    13.205828878364));
#1540 = DIRECTION('',(-0.52168281219,-0.834807911327,-0.175905641329));
#1541 = DIRECTION('',(-0.848031234936,0.529946246871,-2.0519968868E-18)
  );
#1542 = DEFINITIONAL_REPRESENTATION('',(#1543),#1547);
#1543 = LINE('',#1544,#1545);
#1544 = CARTESIAN_POINT('',(9.395040127475,-4.275537850503E-02));
#1545 = VECTOR('',#1546,1.);
#1546 = DIRECTION('',(-0.999989645062,4.550798633708E-03));
#1547 = ( GEOMETRIC_REPRESENTATION_CONTEXT(2) 
PARAMETRIC_REPRESENTATION_CONTEXT() REPRESENTATION_CONTEXT('2D SPACE',''
  ) );
#1548 = ORIENTED_EDGE('',*,*,#1437,.T.);
#1549 = ADVANCED_FACE('',(#1550),#1537,.T.);
#1550 = FACE_BOUND('',#1551,.T.);
#1551 = EDGE_LOOP('',(#1552,#1580,#1606));
#1552 = ORIENTED_EDGE('',*,*,#1553,.F.);
#1553 = EDGE_CURVE('',#1554,#1496,#1556,.T.);
#1554 = VERTEX_POINT('',#1555);
#1555 = CARTESIAN_POINT('',(-44.32623435602,38.354425750506,
    13.229035078104));
#1556 = SURFACE_CURVE('',#1557,(#1561,#1568),.PCURVE_S1.);
#1557 = LINE('',#1558,#1559);
#1558 = CARTESIAN_POINT('',(-44.32623435602,38.354425750506,
    13.229035078104));
#1559 = VECTOR('',#1560,1.);
#1560 = DIRECTION('',(0.839245740399,-0.465100496492,-0.281687975223));
#1561 = PCURVE('',#1537,#1562);
#1562 = DEFINITIONAL_REPRESENTATION('',(#1563),#1567);
#1563 = LINE('',#1564,#1565);
#1564 = CARTESIAN_POINT('',(7.893780104876E-02,-2.357378500688E-02));
#1565 = VECTOR('',#1566,1.);
#1566 = DIRECTION('',(-0.958184864179,0.286149901377));
#1567 = ( GEOMETRIC_REPRESENTATION_CONTEXT(2) 
PARAMETRIC_REPRESENTATION_CONTEXT() REPRESENTATION_CONTEXT('2D SPACE',''
  ) );
#1568 = PCURVE('',#1569,#1574);
#1569 = PLANE('',#1570);
#1570 = AXIS2_PLACEMENT_3D('',#1571,#1572,#1573);
#1571 = CARTESIAN_POINT('',(-44.24278138193,38.293455043827,
    20.414264642249));
#1572 = DIRECTION('',(-0.485186508658,-0.874408867102,
    -1.784642968778E-03));
#1573 = DIRECTION('',(-0.87441025958,0.485187281307,-7.768694101228E-20)
  );
#1574 = DEFINITIONAL_REPRESENTATION('',(#1575),#1579);
#1575 = LINE('',#1576,#1577);
#1576 = CARTESIAN_POINT('',(0.102554348144,7.185241006473));
#1577 = VECTOR('',#1578,1.);
#1578 = DIRECTION('',(-0.959505931141,0.281688423805));
#1579 = ( GEOMETRIC_REPRESENTATION_CONTEXT(2) 
PARAMETRIC_REPRESENTATION_CONTEXT() REPRESENTATION_CONTEXT('2D SPACE',''
  ) );
#1580 = ORIENTED_EDGE('',*,*,#1581,.F.);
#1581 = EDGE_CURVE('',#1380,#1554,#1582,.T.);
#1582 = SURFACE_CURVE('',#1583,(#1587,#1594),.PCURVE_S1.);
#1583 = LINE('',#1584,#1585);
#1584 = CARTESIAN_POINT('',(-52.22836823508,43.288597828841,
    13.247917573636));
#1585 = VECTOR('',#1586,1.);
#1586 = DIRECTION('',(0.848221375445,-0.529637980198,-2.026862183878E-03
    ));
#1587 = PCURVE('',#1537,#1588);
#1588 = DEFINITIONAL_REPRESENTATION('',(#1589),#1593);
#1589 = LINE('',#1590,#1591);
#1590 = CARTESIAN_POINT('',(9.395040127475,-4.275537850503E-02));
#1591 = VECTOR('',#1592,1.);
#1592 = DIRECTION('',(-0.999997880324,2.058967599033E-03));
#1593 = ( GEOMETRIC_REPRESENTATION_CONTEXT(2) 
PARAMETRIC_REPRESENTATION_CONTEXT() REPRESENTATION_CONTEXT('2D SPACE',''
  ) );
#1594 = PCURVE('',#1595,#1600);
#1595 = PLANE('',#1596);
#1596 = AXIS2_PLACEMENT_3D('',#1597,#1598,#1599);
#1597 = CARTESIAN_POINT('',(-44.32623435602,38.354425750506,
    13.229035078104));
#1598 = DIRECTION('',(0.452207855706,0.726197794964,-0.51782701535));
#1599 = DIRECTION('',(-1.615300964387E-17,0.580580457519,0.814202881564)
  );
#1600 = DEFINITIONAL_REPRESENTATION('',(#1601),#1605);
#1601 = LINE('',#1602,#1603);
#1602 = CARTESIAN_POINT('',(2.880058064988,-8.859762752595));
#1603 = VECTOR('',#1604,1.);
#1604 = DIRECTION('',(-0.309147737893,0.951014025215));
#1605 = ( GEOMETRIC_REPRESENTATION_CONTEXT(2) 
PARAMETRIC_REPRESENTATION_CONTEXT() REPRESENTATION_CONTEXT('2D SPACE',''
  ) );
#1606 = ORIENTED_EDGE('',*,*,#1523,.T.);
#1607 = ADVANCED_FACE('',(#1608),#1595,.F.);
#1608 = FACE_BOUND('',#1609,.F.);
#1609 = EDGE_LOOP('',(#1610,#1611,#1639));
#1610 = ORIENTED_EDGE('',*,*,#1581,.F.);
#1611 = ORIENTED_EDGE('',*,*,#1612,.T.);
#1612 = EDGE_CURVE('',#1380,#1613,#1615,.T.);
#1613 = VERTEX_POINT('',#1614);
#1614 = CARTESIAN_POINT('',(-44.42804879871,38.430440353113,
    13.246725051232));
#1615 = SURFACE_CURVE('',#1616,(#1620,#1627),.PCURVE_S1.);
#1616 = LINE('',#1617,#1618);
#1617 = CARTESIAN_POINT('',(-52.22836823508,43.288597828841,
    13.247917573636));
#1618 = VECTOR('',#1619,1.);
#1619 = DIRECTION('',(0.848830744468,-0.528664686171,-1.297702854002E-04
    ));
#1620 = PCURVE('',#1595,#1621);
#1621 = DEFINITIONAL_REPRESENTATION('',(#1622),#1626);
#1622 = LINE('',#1623,#1624);
#1623 = CARTESIAN_POINT('',(2.880058064988,-8.859762752595));
#1624 = VECTOR('',#1625,1.);
#1625 = DIRECTION('',(-0.307038044712,0.951697241301));
#1626 = ( GEOMETRIC_REPRESENTATION_CONTEXT(2) 
PARAMETRIC_REPRESENTATION_CONTEXT() REPRESENTATION_CONTEXT('2D SPACE',''
  ) );
#1627 = PCURVE('',#1628,#1633);
#1628 = PLANE('',#1629);
#1629 = AXIS2_PLACEMENT_3D('',#1630,#1631,#1632);
#1630 = CARTESIAN_POINT('',(-44.42804879871,38.430440353113,
    13.246725051232));
#1631 = DIRECTION('',(-0.348932647246,-0.560066256908,-0.751379927572));
#1632 = DIRECTION('',(4.676222692704E-19,-0.80177312893,0.597628521513)
  );
#1633 = DEFINITIONAL_REPRESENTATION('',(#1634),#1638);
#1634 = LINE('',#1635,#1636);
#1635 = CARTESIAN_POINT('',(-3.894427434748,8.323467651526));
#1636 = VECTOR('',#1637,1.);
#1637 = DIRECTION('',(0.423791585163,-0.905759732128));
#1638 = ( GEOMETRIC_REPRESENTATION_CONTEXT(2) 
PARAMETRIC_REPRESENTATION_CONTEXT() REPRESENTATION_CONTEXT('2D SPACE',''
  ) );
#1639 = ORIENTED_EDGE('',*,*,#1640,.T.);
#1640 = EDGE_CURVE('',#1613,#1554,#1641,.T.);
#1641 = SURFACE_CURVE('',#1642,(#1646,#1653),.PCURVE_S1.);
#1642 = LINE('',#1643,#1644);
#1643 = CARTESIAN_POINT('',(-44.42804879871,38.430440353113,
    13.246725051232));
#1644 = VECTOR('',#1645,1.);
#1645 = DIRECTION('',(0.793651103375,-0.592539443656,-0.137894647555));
#1646 = PCURVE('',#1595,#1647);
#1647 = DEFINITIONAL_REPRESENTATION('',(#1648),#1652);
#1648 = LINE('',#1649,#1650);
#1649 = CARTESIAN_POINT('',(5.853581985513E-02,-0.114152939052));
#1650 = VECTOR('',#1651,1.);
#1651 = DIRECTION('',(-0.456291040687,0.889830594096));
#1652 = ( GEOMETRIC_REPRESENTATION_CONTEXT(2) 
PARAMETRIC_REPRESENTATION_CONTEXT() REPRESENTATION_CONTEXT('2D SPACE',''
  ) );
#1653 = PCURVE('',#1654,#1659);
#1654 = PLANE('',#1655);
#1655 = AXIS2_PLACEMENT_3D('',#1656,#1657,#1658);
#1656 = CARTESIAN_POINT('',(-44.42168292175,38.476953966842,
    20.413642677458));
#1657 = DIRECTION('',(-0.597604870264,-0.801770251651,5.734335596618E-03
    ));
#1658 = DIRECTION('',(-0.801783434123,0.597614695908,7.085066466186E-19)
  );
#1659 = DEFINITIONAL_REPRESENTATION('',(#1660),#1664);
#1660 = LINE('',#1661,#1662);
#1661 = CARTESIAN_POINT('',(-2.269316443072E-02,7.167035462592));
#1662 = VECTOR('',#1663,1.);
#1663 = DIRECTION('',(-0.990446586593,0.137896914779));
#1664 = ( GEOMETRIC_REPRESENTATION_CONTEXT(2) 
PARAMETRIC_REPRESENTATION_CONTEXT() REPRESENTATION_CONTEXT('2D SPACE',''
  ) );
#1665 = ADVANCED_FACE('',(#1666),#1628,.F.);
#1666 = FACE_BOUND('',#1667,.F.);
#1667 = EDGE_LOOP('',(#1668,#1669,#1697));
#1668 = ORIENTED_EDGE('',*,*,#1612,.F.);
#1669 = ORIENTED_EDGE('',*,*,#1670,.T.);
#1670 = EDGE_CURVE('',#1380,#1671,#1673,.T.);
#1671 = VERTEX_POINT('',#1672);
#1672 = CARTESIAN_POINT('',(-44.4662014648,38.49685765143,
    13.214936370153));
#1673 = SURFACE_CURVE('',#1674,(#1678,#1685),.PCURVE_S1.);
#1674 = LINE('',#1675,#1676);
#1675 = CARTESIAN_POINT('',(-52.22836823508,43.288597828841,
    13.247917573636));
#1676 = VECTOR('',#1677,1.);
#1677 = DIRECTION('',(0.850916867342,-0.525287933323,-3.615519117114E-03
    ));
#1678 = PCURVE('',#1628,#1679);
#1679 = DEFINITIONAL_REPRESENTATION('',(#1680),#1684);
#1680 = LINE('',#1681,#1682);
#1681 = CARTESIAN_POINT('',(-3.894427434748,8.323467651526));
#1682 = VECTOR('',#1683,1.);
#1683 = DIRECTION('',(0.419001012545,-0.907985766125));
#1684 = ( GEOMETRIC_REPRESENTATION_CONTEXT(2) 
PARAMETRIC_REPRESENTATION_CONTEXT() REPRESENTATION_CONTEXT('2D SPACE',''
  ) );
#1685 = PCURVE('',#1686,#1691);
#1686 = PLANE('',#1687);
#1687 = AXIS2_PLACEMENT_3D('',#1688,#1689,#1690);
#1688 = CARTESIAN_POINT('',(-44.4662014648,38.49685765143,
    13.214936370153));
#1689 = DIRECTION('',(-2.189391943364E-03,3.336265093953E-03,
    -0.999992037917));
#1690 = DIRECTION('',(8.579538339237E-22,-0.999994434625,
    -3.33627309007E-03));
#1691 = DEFINITIONAL_REPRESENTATION('',(#1692),#1696);
#1692 = LINE('',#1693,#1694);
#1693 = CARTESIAN_POINT('',(-4.791823543883,7.762185374084));
#1694 = VECTOR('',#1695,1.);
#1695 = DIRECTION('',(0.525297072258,-0.850918906757));
#1696 = ( GEOMETRIC_REPRESENTATION_CONTEXT(2) 
PARAMETRIC_REPRESENTATION_CONTEXT() REPRESENTATION_CONTEXT('2D SPACE',''
  ) );
#1697 = ORIENTED_EDGE('',*,*,#1698,.T.);
#1698 = EDGE_CURVE('',#1671,#1613,#1699,.T.);
#1699 = SURFACE_CURVE('',#1700,(#1704,#1711),.PCURVE_S1.);
#1700 = LINE('',#1701,#1702);
#1701 = CARTESIAN_POINT('',(-44.4662014648,38.49685765143,
    13.214936370153));
#1702 = VECTOR('',#1703,1.);
#1703 = DIRECTION('',(0.460058048535,-0.80088276363,0.383318915394));
#1704 = PCURVE('',#1628,#1705);
#1705 = DEFINITIONAL_REPRESENTATION('',(#1706),#1710);
#1706 = LINE('',#1707,#1708);
#1707 = CARTESIAN_POINT('',(-7.224942756108E-02,4.071147144132E-02));
#1708 = VECTOR('',#1709,1.);
#1709 = DIRECTION('',(0.871208595977,-0.490913008889));
#1710 = ( GEOMETRIC_REPRESENTATION_CONTEXT(2) 
PARAMETRIC_REPRESENTATION_CONTEXT() REPRESENTATION_CONTEXT('2D SPACE',''
  ) );
#1711 = PCURVE('',#1712,#1717);
#1712 = PLANE('',#1713);
#1713 = AXIS2_PLACEMENT_3D('',#1714,#1715,#1716);
#1714 = CARTESIAN_POINT('',(-44.42168292175,38.476953966842,
    20.413642677458));
#1715 = DIRECTION('',(-0.867934155867,-0.496663212559,3.994292158038E-03
    ));
#1716 = DIRECTION('',(0.496667174581,-0.867941079621,3.949986067765E-20)
  );
#1717 = DEFINITIONAL_REPRESENTATION('',(#1718),#1722);
#1718 = LINE('',#1719,#1720);
#1719 = CARTESIAN_POINT('',(-3.938612448219E-02,-7.198763733404));
#1720 = VECTOR('',#1721,1.);
#1721 = DIRECTION('',(0.923614781624,0.383321973237));
#1722 = ( GEOMETRIC_REPRESENTATION_CONTEXT(2) 
PARAMETRIC_REPRESENTATION_CONTEXT() REPRESENTATION_CONTEXT('2D SPACE',''
  ) );
#1723 = ADVANCED_FACE('',(#1724),#1480,.T.);
#1724 = FACE_BOUND('',#1725,.T.);
#1725 = EDGE_LOOP('',(#1726,#1754,#1755));
#1726 = ORIENTED_EDGE('',*,*,#1727,.F.);
#1727 = EDGE_CURVE('',#1438,#1728,#1730,.T.);
#1728 = VERTEX_POINT('',#1729);
#1729 = CARTESIAN_POINT('',(-44.06782291433,38.144312795705,
    13.189482533207));
#1730 = SURFACE_CURVE('',#1731,(#1735,#1742),.PCURVE_S1.);
#1731 = LINE('',#1732,#1733);
#1732 = CARTESIAN_POINT('',(-44.16414748602,38.234591085517,
    13.227513533967));
#1733 = VECTOR('',#1734,1.);
#1734 = DIRECTION('',(0.701122952305,-0.657113548239,-0.276818334782));
#1735 = PCURVE('',#1480,#1736);
#1736 = DEFINITIONAL_REPRESENTATION('',(#1737),#1741);
#1737 = LINE('',#1738,#1739);
#1738 = CARTESIAN_POINT('',(-0.103515973513,9.032935828426E-02));
#1739 = VECTOR('',#1740,1.);
#1740 = DIRECTION('',(0.753467403916,-0.657485263132));
#1741 = ( GEOMETRIC_REPRESENTATION_CONTEXT(2) 
PARAMETRIC_REPRESENTATION_CONTEXT() REPRESENTATION_CONTEXT('2D SPACE',''
  ) );
#1742 = PCURVE('',#1743,#1748);
#1743 = PLANE('',#1744);
#1744 = AXIS2_PLACEMENT_3D('',#1745,#1746,#1747);
#1745 = CARTESIAN_POINT('',(-44.04661844802,38.110713447756,
    20.452704186008));
#1746 = DIRECTION('',(-0.684124996373,-0.729363485445,
    -1.376748854294E-03));
#1747 = DIRECTION('',(-0.729364176678,0.684125644732,-9.020356815429E-20
    ));
#1748 = DEFINITIONAL_REPRESENTATION('',(#1749),#1753);
#1749 = LINE('',#1750,#1751);
#1750 = CARTESIAN_POINT('',(0.170469338836,7.225197499499));
#1751 = VECTOR('',#1752,1.);
#1752 = DIRECTION('',(-0.960922194709,0.276818597128));
#1753 = ( GEOMETRIC_REPRESENTATION_CONTEXT(2) 
PARAMETRIC_REPRESENTATION_CONTEXT() REPRESENTATION_CONTEXT('2D SPACE',''
  ) );
#1754 = ORIENTED_EDGE('',*,*,#1466,.F.);
#1755 = ORIENTED_EDGE('',*,*,#1756,.T.);
#1756 = EDGE_CURVE('',#1153,#1728,#1757,.T.);
#1757 = SURFACE_CURVE('',#1758,(#1762,#1769),.PCURVE_S1.);
#1758 = LINE('',#1759,#1760);
#1759 = CARTESIAN_POINT('',(-52.23284749254,-43.29994395067,
    13.22633161843));
#1760 = VECTOR('',#1761,1.);
#1761 = DIRECTION('',(9.975287288887E-02,0.995012141474,
    -4.501887384612E-04));
#1762 = PCURVE('',#1480,#1763);
#1763 = DEFINITIONAL_REPRESENTATION('',(#1764),#1768);
#1764 = LINE('',#1765,#1766);
#1765 = CARTESIAN_POINT('',(-7.691708787842,-81.49032799732));
#1766 = VECTOR('',#1767,1.);
#1767 = DIRECTION('',(9.397032938021E-02,0.995574998278));
#1768 = ( GEOMETRIC_REPRESENTATION_CONTEXT(2) 
PARAMETRIC_REPRESENTATION_CONTEXT() REPRESENTATION_CONTEXT('2D SPACE',''
  ) );
#1769 = PCURVE('',#1770,#1775);
#1770 = PLANE('',#1771);
#1771 = AXIS2_PLACEMENT_3D('',#1772,#1773,#1774);
#1772 = CARTESIAN_POINT('',(-43.94528814438,38.076083398763,
    13.229181535761));
#1773 = DIRECTION('',(-0.293013379994,2.980782363441E-02,0.955643580418)
  );
#1774 = DIRECTION('',(0.956068411233,-2.630569805359E-19,0.293143638927)
  );
#1775 = DEFINITIONAL_REPRESENTATION('',(#1776),#1780);
#1776 = LINE('',#1777,#1778);
#1777 = CARTESIAN_POINT('',(-7.924309134126,-81.41220301647));
#1778 = VECTOR('',#1779,1.);
#1779 = DIRECTION('',(9.523860073376E-02,0.99545447356));
#1780 = ( GEOMETRIC_REPRESENTATION_CONTEXT(2) 
PARAMETRIC_REPRESENTATION_CONTEXT() REPRESENTATION_CONTEXT('2D SPACE',''
  ) );
#1781 = ADVANCED_FACE('',(#1782),#1686,.F.);
#1782 = FACE_BOUND('',#1783,.F.);
#1783 = EDGE_LOOP('',(#1784,#1785,#1813));
#1784 = ORIENTED_EDGE('',*,*,#1670,.F.);
#1785 = ORIENTED_EDGE('',*,*,#1786,.T.);
#1786 = EDGE_CURVE('',#1380,#1787,#1789,.T.);
#1787 = VERTEX_POINT('',#1788);
#1788 = CARTESIAN_POINT('',(-44.52312684597,38.645877644703,
    13.215558177277));
#1789 = SURFACE_CURVE('',#1790,(#1794,#1801),.PCURVE_S1.);
#1790 = LINE('',#1791,#1792);
#1791 = CARTESIAN_POINT('',(-52.22836823508,43.288597828841,
    13.247917573636));
#1792 = VECTOR('',#1793,1.);
#1793 = DIRECTION('',(0.85652587444,-0.516091549204,-3.597117710222E-03)
  );
#1794 = PCURVE('',#1686,#1795);
#1795 = DEFINITIONAL_REPRESENTATION('',(#1796),#1800);
#1796 = LINE('',#1797,#1798);
#1797 = CARTESIAN_POINT('',(-4.791823543883,7.762185374084));
#1798 = VECTOR('',#1799,1.);
#1799 = DIRECTION('',(0.516100677928,-0.856527927298));
#1800 = ( GEOMETRIC_REPRESENTATION_CONTEXT(2) 
PARAMETRIC_REPRESENTATION_CONTEXT() REPRESENTATION_CONTEXT('2D SPACE',''
  ) );
#1801 = PCURVE('',#1802,#1807);
#1802 = PLANE('',#1803);
#1803 = AXIS2_PLACEMENT_3D('',#1804,#1805,#1806);
#1804 = CARTESIAN_POINT('',(-44.56696286905,38.768971873661,
    13.201260887737));
#1805 = DIRECTION('',(9.300421098287E-02,0.14749030382,0.984681078836));
#1806 = DIRECTION('',(6.033006404338E-20,0.988967545681,-0.148132351597)
  );
#1807 = DEFINITIONAL_REPRESENTATION('',(#1808),#1812);
#1808 = LINE('',#1809,#1810);
#1809 = CARTESIAN_POINT('',(4.46285202369,7.694756631523));
#1810 = VECTOR('',#1811,1.);
#1811 = DIRECTION('',(-0.509864943258,-0.860254462143));
#1812 = ( GEOMETRIC_REPRESENTATION_CONTEXT(2) 
PARAMETRIC_REPRESENTATION_CONTEXT() REPRESENTATION_CONTEXT('2D SPACE',''
  ) );
#1813 = ORIENTED_EDGE('',*,*,#1814,.T.);
#1814 = EDGE_CURVE('',#1787,#1671,#1815,.T.);
#1815 = SURFACE_CURVE('',#1816,(#1820,#1827),.PCURVE_S1.);
#1816 = LINE('',#1817,#1818);
#1817 = CARTESIAN_POINT('',(-44.52312684597,38.645877644703,
    13.215558177277));
#1818 = VECTOR('',#1819,1.);
#1819 = DIRECTION('',(0.35684568528,-0.934155213713,-3.897895535587E-03)
  );
#1820 = PCURVE('',#1686,#1821);
#1821 = DEFINITIONAL_REPRESENTATION('',(#1822),#1826);
#1822 = LINE('',#1823,#1824);
#1823 = CARTESIAN_POINT('',(-0.149021238439,5.692551761241E-02));
#1824 = VECTOR('',#1825,1.);
#1825 = DIRECTION('',(0.934163019234,-0.356846540541));
#1826 = ( GEOMETRIC_REPRESENTATION_CONTEXT(2) 
PARAMETRIC_REPRESENTATION_CONTEXT() REPRESENTATION_CONTEXT('2D SPACE',''
  ) );
#1827 = PCURVE('',#1828,#1833);
#1828 = PLANE('',#1829);
#1829 = AXIS2_PLACEMENT_3D('',#1830,#1831,#1832);
#1830 = CARTESIAN_POINT('',(-44.4662014648,38.49685765143,
    13.214936370153));
#1831 = DIRECTION('',(0.934120582276,0.356866168312,-8.079336740411E-03)
  );
#1832 = DIRECTION('',(-0.356877816224,0.934151071448,1.516715734811E-19)
  );
#1833 = DEFINITIONAL_REPRESENTATION('',(#1834),#1838);
#1834 = LINE('',#1835,#1836);
#1835 = CARTESIAN_POINT('',(0.159522592106,6.218274190967E-04));
#1836 = VECTOR('',#1837,1.);
#1837 = DIRECTION('',(-0.99999240268,-3.898022760711E-03));
#1838 = ( GEOMETRIC_REPRESENTATION_CONTEXT(2) 
PARAMETRIC_REPRESENTATION_CONTEXT() REPRESENTATION_CONTEXT('2D SPACE',''
  ) );
#1839 = ADVANCED_FACE('',(#1840),#1770,.T.);
#1840 = FACE_BOUND('',#1841,.T.);
#1841 = EDGE_LOOP('',(#1842,#1870,#1871));
#1842 = ORIENTED_EDGE('',*,*,#1843,.F.);
#1843 = EDGE_CURVE('',#1728,#1844,#1846,.T.);
#1844 = VERTEX_POINT('',#1845);
#1845 = CARTESIAN_POINT('',(-43.94528814438,38.076083398763,
    13.229181535761));
#1846 = SURFACE_CURVE('',#1847,(#1851,#1858),.PCURVE_S1.);
#1847 = LINE('',#1848,#1849);
#1848 = CARTESIAN_POINT('',(-44.06782291433,38.144312795705,
    13.189482533207));
#1849 = VECTOR('',#1850,1.);
#1850 = DIRECTION('',(0.840660093419,-0.468093515261,0.272358345391));
#1851 = PCURVE('',#1770,#1852);
#1852 = DEFINITIONAL_REPRESENTATION('',(#1853),#1857);
#1853 = LINE('',#1854,#1855);
#1854 = CARTESIAN_POINT('',(-0.128789132896,6.825972828148E-02));
#1855 = VECTOR('',#1856,1.);
#1856 = DIRECTION('',(0.883568676361,-0.468301605969));
#1857 = ( GEOMETRIC_REPRESENTATION_CONTEXT(2) 
PARAMETRIC_REPRESENTATION_CONTEXT() REPRESENTATION_CONTEXT('2D SPACE',''
  ) );
#1858 = PCURVE('',#1859,#1864);
#1859 = PLANE('',#1860);
#1860 = AXIS2_PLACEMENT_3D('',#1861,#1862,#1863);
#1861 = CARTESIAN_POINT('',(-44.04661844802,38.110713447756,
    20.452704186008));
#1862 = DIRECTION('',(-0.485833658762,-0.874047347495,
    -2.624947772834E-03));
#1863 = DIRECTION('',(-0.874050358757,0.485835332553,2.290045776547E-19)
  );
#1864 = DEFINITIONAL_REPRESENTATION('',(#1865),#1869);
#1865 = LINE('',#1866,#1867);
#1866 = CARTESIAN_POINT('',(3.485752177254E-02,7.263246676003));
#1867 = VECTOR('',#1868,1.);
#1868 = DIRECTION('',(-0.962195624898,-0.272359283718));
#1869 = ( GEOMETRIC_REPRESENTATION_CONTEXT(2) 
PARAMETRIC_REPRESENTATION_CONTEXT() REPRESENTATION_CONTEXT('2D SPACE',''
  ) );
#1870 = ORIENTED_EDGE('',*,*,#1756,.F.);
#1871 = ORIENTED_EDGE('',*,*,#1872,.T.);
#1872 = EDGE_CURVE('',#1153,#1844,#1873,.T.);
#1873 = SURFACE_CURVE('',#1874,(#1878,#1885),.PCURVE_S1.);
#1874 = LINE('',#1875,#1876);
#1875 = CARTESIAN_POINT('',(-52.23284749254,-43.29994395067,
    13.22633161843));
#1876 = VECTOR('',#1877,1.);
#1877 = DIRECTION('',(0.101318680855,0.9948540213,3.484136310582E-05));
#1878 = PCURVE('',#1770,#1879);
#1879 = DEFINITIONAL_REPRESENTATION('',(#1880),#1884);
#1880 = LINE('',#1881,#1882);
#1881 = CARTESIAN_POINT('',(-7.924309134126,-81.41220301647));
#1882 = VECTOR('',#1883,1.);
#1883 = DIRECTION('',(9.687780375727E-02,0.995296283093));
#1884 = ( GEOMETRIC_REPRESENTATION_CONTEXT(2) 
PARAMETRIC_REPRESENTATION_CONTEXT() REPRESENTATION_CONTEXT('2D SPACE',''
  ) );
#1885 = PCURVE('',#1886,#1891);
#1886 = PLANE('',#1887);
#1887 = AXIS2_PLACEMENT_3D('',#1888,#1889,#1890);
#1888 = CARTESIAN_POINT('',(-43.83861699254,38.048221685414,
    13.239892066262));
#1889 = DIRECTION('',(-9.734488980057E-02,9.879018860231E-03,
    0.995201676755));
#1890 = DIRECTION('',(0.995250243671,8.916987810465E-20,
    9.734964033622E-02));
#1891 = DEFINITIONAL_REPRESENTATION('',(#1892),#1896);
#1892 = LINE('',#1893,#1894);
#1893 = CARTESIAN_POINT('',(-8.355680055275,-81.35213551434));
#1894 = VECTOR('',#1895,1.);
#1895 = DIRECTION('',(0.100840833604,0.994902571249));
#1896 = ( GEOMETRIC_REPRESENTATION_CONTEXT(2) 
PARAMETRIC_REPRESENTATION_CONTEXT() REPRESENTATION_CONTEXT('2D SPACE',''
  ) );
#1897 = ADVANCED_FACE('',(#1898),#1802,.T.);
#1898 = FACE_BOUND('',#1899,.T.);
#1899 = EDGE_LOOP('',(#1900,#1928,#1929));
#1900 = ORIENTED_EDGE('',*,*,#1901,.F.);
#1901 = EDGE_CURVE('',#1380,#1902,#1904,.T.);
#1902 = VERTEX_POINT('',#1903);
#1903 = CARTESIAN_POINT('',(-44.56696286905,38.768971873661,
    13.201260887737));
#1904 = SURFACE_CURVE('',#1905,(#1909,#1916),.PCURVE_S1.);
#1905 = LINE('',#1906,#1907);
#1906 = CARTESIAN_POINT('',(-52.22836823508,43.288597828841,
    13.247917573636));
#1907 = VECTOR('',#1908,1.);
#1908 = DIRECTION('',(0.861287087104,-0.508091569074,-5.245095275784E-03
    ));
#1909 = PCURVE('',#1802,#1910);
#1910 = DEFINITIONAL_REPRESENTATION('',(#1911),#1915);
#1911 = LINE('',#1912,#1913);
#1912 = CARTESIAN_POINT('',(4.46285202369,7.694756631523));
#1913 = VECTOR('',#1914,1.);
#1914 = DIRECTION('',(-0.50170910375,-0.865036401092));
#1915 = ( GEOMETRIC_REPRESENTATION_CONTEXT(2) 
PARAMETRIC_REPRESENTATION_CONTEXT() REPRESENTATION_CONTEXT('2D SPACE',''
  ) );
#1916 = PCURVE('',#1917,#1922);
#1917 = PLANE('',#1918);
#1918 = AXIS2_PLACEMENT_3D('',#1919,#1920,#1921);
#1919 = CARTESIAN_POINT('',(-44.57223633678,38.871412597908,
    13.219645300952));
#1920 = DIRECTION('',(-0.100677928445,-0.18076307056,0.978360192897));
#1921 = DIRECTION('',(2.189286410675E-18,0.983356559296,0.181686205555)
  );
#1922 = DEFINITIONAL_REPRESENTATION('',(#1923),#1927);
#1923 = LINE('',#1924,#1925);
#1924 = CARTESIAN_POINT('',(4.34880475241,7.695230831851));
#1925 = VECTOR('',#1926,1.);
#1926 = DIRECTION('',(-0.50058813863,-0.865685575404));
#1927 = ( GEOMETRIC_REPRESENTATION_CONTEXT(2) 
PARAMETRIC_REPRESENTATION_CONTEXT() REPRESENTATION_CONTEXT('2D SPACE',''
  ) );
#1928 = ORIENTED_EDGE('',*,*,#1786,.T.);
#1929 = ORIENTED_EDGE('',*,*,#1930,.F.);
#1930 = EDGE_CURVE('',#1902,#1787,#1931,.T.);
#1931 = SURFACE_CURVE('',#1932,(#1936,#1943),.PCURVE_S1.);
#1932 = LINE('',#1933,#1934);
#1933 = CARTESIAN_POINT('',(-44.56696286905,38.768971873661,
    13.201260887737));
#1934 = VECTOR('',#1935,1.);
#1935 = DIRECTION('',(0.333489309092,-0.936458339175,0.108768836122));
#1936 = PCURVE('',#1802,#1937);
#1937 = DEFINITIONAL_REPRESENTATION('',(#1938),#1942);
#1938 = LINE('',#1939,#1940);
#1939 = CARTESIAN_POINT('',(0.,0.));
#1940 = VECTOR('',#1941,1.);
#1941 = DIRECTION('',(-0.942239088801,-0.334941038893));
#1942 = ( GEOMETRIC_REPRESENTATION_CONTEXT(2) 
PARAMETRIC_REPRESENTATION_CONTEXT() REPRESENTATION_CONTEXT('2D SPACE',''
  ) );
#1943 = PCURVE('',#1944,#1949);
#1944 = PLANE('',#1945);
#1945 = AXIS2_PLACEMENT_3D('',#1946,#1947,#1948);
#1946 = CARTESIAN_POINT('',(-44.55239626682,38.742370480149,
    20.39972881185));
#1947 = DIRECTION('',(-0.942071707284,-0.335410872856,6.668623468843E-04
    ));
#1948 = DIRECTION('',(0.335410947435,-0.942071916756,-2.733667830331E-20
    ));
#1949 = DEFINITIONAL_REPRESENTATION('',(#1950),#1954);
#1950 = LINE('',#1951,#1952);
#1951 = CARTESIAN_POINT('',(-2.994622362914E-02,-7.198469524712));
#1952 = VECTOR('',#1953,1.);
#1953 = DIRECTION('',(0.994067067671,0.108768860307));
#1954 = ( GEOMETRIC_REPRESENTATION_CONTEXT(2) 
PARAMETRIC_REPRESENTATION_CONTEXT() REPRESENTATION_CONTEXT('2D SPACE',''
  ) );
#1955 = ADVANCED_FACE('',(#1956),#1886,.T.);
#1956 = FACE_BOUND('',#1957,.T.);
#1957 = EDGE_LOOP('',(#1958,#1986,#1987));
#1958 = ORIENTED_EDGE('',*,*,#1959,.F.);
#1959 = EDGE_CURVE('',#1844,#1960,#1962,.T.);
#1960 = VERTEX_POINT('',#1961);
#1961 = CARTESIAN_POINT('',(-43.83861699254,38.048221685414,
    13.239892066262));
#1962 = SURFACE_CURVE('',#1963,(#1967,#1974),.PCURVE_S1.);
#1963 = LINE('',#1964,#1965);
#1964 = CARTESIAN_POINT('',(-43.94528814438,38.076083398763,
    13.229181535761));
#1965 = VECTOR('',#1966,1.);
#1966 = DIRECTION('',(0.963007273086,-0.251530354097,9.669267268672E-02)
  );
#1967 = PCURVE('',#1886,#1968);
#1968 = DEFINITIONAL_REPRESENTATION('',(#1969),#1973);
#1969 = LINE('',#1970,#1971);
#1970 = CARTESIAN_POINT('',(-0.10720715616,2.786307303088E-02));
#1971 = VECTOR('',#1972,1.);
#1972 = DIRECTION('',(0.967846220105,-0.25154262905));
#1973 = ( GEOMETRIC_REPRESENTATION_CONTEXT(2) 
PARAMETRIC_REPRESENTATION_CONTEXT() REPRESENTATION_CONTEXT('2D SPACE',''
  ) );
#1974 = PCURVE('',#1975,#1980);
#1975 = PLANE('',#1976);
#1976 = AXIS2_PLACEMENT_3D('',#1977,#1978,#1979);
#1977 = CARTESIAN_POINT('',(-43.94244286806,38.060457371343,
    20.438839057224));
#1978 = DIRECTION('',(-0.252526242221,-0.967587984174,
    -1.997466508237E-03));
#1979 = DIRECTION('',(-0.967589914456,0.252526745997,-9.377641424238E-21
    ));
#1980 = DEFINITIONAL_REPRESENTATION('',(#1981),#1985);
#1981 = LINE('',#1982,#1983);
#1982 = CARTESIAN_POINT('',(6.699050526477E-03,7.209671904312));
#1983 = VECTOR('',#1984,1.);
#1984 = DIRECTION('',(-0.995314266825,-9.669286558301E-02));
#1985 = ( GEOMETRIC_REPRESENTATION_CONTEXT(2) 
PARAMETRIC_REPRESENTATION_CONTEXT() REPRESENTATION_CONTEXT('2D SPACE',''
  ) );
#1986 = ORIENTED_EDGE('',*,*,#1872,.F.);
#1987 = ORIENTED_EDGE('',*,*,#1988,.T.);
#1988 = EDGE_CURVE('',#1153,#1960,#1989,.T.);
#1989 = SURFACE_CURVE('',#1990,(#1994,#2001),.PCURVE_S1.);
#1990 = LINE('',#1991,#1992);
#1991 = CARTESIAN_POINT('',(-52.23284749254,-43.29994395067,
    13.22633161843));
#1992 = VECTOR('',#1993,1.);
#1993 = DIRECTION('',(0.102643905757,0.994718151597,1.658159529007E-04)
  );
#1994 = PCURVE('',#1886,#1995);
#1995 = DEFINITIONAL_REPRESENTATION('',(#1996),#2000);
#1996 = LINE('',#1997,#1998);
#1997 = CARTESIAN_POINT('',(-8.355680055275,-81.35213551434));
#1998 = VECTOR('',#1999,1.);
#1999 = DIRECTION('',(0.102172514339,0.994766694916));
#2000 = ( GEOMETRIC_REPRESENTATION_CONTEXT(2) 
PARAMETRIC_REPRESENTATION_CONTEXT() REPRESENTATION_CONTEXT('2D SPACE',''
  ) );
#2001 = PCURVE('',#2002,#2007);
#2002 = PLANE('',#2003);
#2003 = AXIS2_PLACEMENT_3D('',#2004,#2005,#2006);
#2004 = CARTESIAN_POINT('',(-43.75044882705,38.02609707462,
    13.18647657626));
#2005 = DIRECTION('',(0.507768601712,-5.253944132924E-02,0.859889908198)
  );
#2006 = DIRECTION('',(0.861079187921,8.624316555522E-19,-0.508470876383)
  );
#2007 = DEFINITIONAL_REPRESENTATION('',(#2008),#2012);
#2008 = LINE('',#2009,#2010);
#2009 = CARTESIAN_POINT('',(-7.324282082718,-81.43851985618));
#2010 = VECTOR('',#2011,1.);
#2011 = DIRECTION('',(8.83002184312E-02,0.996093906931));
#2012 = ( GEOMETRIC_REPRESENTATION_CONTEXT(2) 
PARAMETRIC_REPRESENTATION_CONTEXT() REPRESENTATION_CONTEXT('2D SPACE',''
  ) );
#2013 = ADVANCED_FACE('',(#2014),#1917,.T.);
#2014 = FACE_BOUND('',#2015,.T.);
#2015 = EDGE_LOOP('',(#2016,#2044,#2045));
#2016 = ORIENTED_EDGE('',*,*,#2017,.F.);
#2017 = EDGE_CURVE('',#1380,#2018,#2020,.T.);
#2018 = VERTEX_POINT('',#2019);
#2019 = CARTESIAN_POINT('',(-44.57223633678,38.871412597908,
    13.219645300952));
#2020 = SURFACE_CURVE('',#2021,(#2025,#2032),.PCURVE_S1.);
#2021 = LINE('',#2022,#2023);
#2022 = CARTESIAN_POINT('',(-52.22836823508,43.288597828841,
    13.247917573636));
#2023 = VECTOR('',#2024,1.);
#2024 = DIRECTION('',(0.866172043599,-0.499735690196,-3.198567178926E-03
    ));
#2025 = PCURVE('',#1917,#2026);
#2026 = DEFINITIONAL_REPRESENTATION('',(#2027),#2031);
#2027 = LINE('',#2028,#2029);
#2028 = CARTESIAN_POINT('',(4.34880475241,7.695230831851));
#2029 = VECTOR('',#2030,1.);
#2030 = DIRECTION('',(-0.491999504403,-0.870595478777));
#2031 = ( GEOMETRIC_REPRESENTATION_CONTEXT(2) 
PARAMETRIC_REPRESENTATION_CONTEXT() REPRESENTATION_CONTEXT('2D SPACE',''
  ) );
#2032 = PCURVE('',#2033,#2038);
#2033 = PLANE('',#2034);
#2034 = AXIS2_PLACEMENT_3D('',#2035,#2036,#2037);
#2035 = CARTESIAN_POINT('',(-44.6183251471,38.992394678628,
    13.25867249926));
#2036 = DIRECTION('',(-0.211326608013,-0.372068994365,0.903828373187));
#2037 = DIRECTION('',(4.117747877196E-19,0.924712541158,0.38066614799));
#2038 = DEFINITIONAL_REPRESENTATION('',(#2039),#2043);
#2039 = LINE('',#2040,#2041);
#2040 = CARTESIAN_POINT('',(3.968658896254,7.785883350173));
#2041 = VECTOR('',#2042,1.);
#2042 = DIRECTION('',(-0.463329446235,-0.88618611152));
#2043 = ( GEOMETRIC_REPRESENTATION_CONTEXT(2) 
PARAMETRIC_REPRESENTATION_CONTEXT() REPRESENTATION_CONTEXT('2D SPACE',''
  ) );
#2044 = ORIENTED_EDGE('',*,*,#1901,.T.);
#2045 = ORIENTED_EDGE('',*,*,#2046,.F.);
#2046 = EDGE_CURVE('',#2018,#1902,#2047,.T.);
#2047 = SURFACE_CURVE('',#2048,(#2052,#2059),.PCURVE_S1.);
#2048 = LINE('',#2049,#2050);
#2049 = CARTESIAN_POINT('',(-44.57223633678,38.871412597908,
    13.219645300952));
#2050 = VECTOR('',#2051,1.);
#2051 = DIRECTION('',(5.060383340138E-02,-0.98301414068,-0.176415564133)
  );
#2052 = PCURVE('',#1917,#2053);
#2053 = DEFINITIONAL_REPRESENTATION('',(#2054),#2058);
#2054 = LINE('',#2055,#2056);
#2055 = CARTESIAN_POINT('',(0.,0.));
#2056 = VECTOR('',#2057,1.);
#2057 = DIRECTION('',(-0.998705677567,-5.086226101803E-02));
#2058 = ( GEOMETRIC_REPRESENTATION_CONTEXT(2) 
PARAMETRIC_REPRESENTATION_CONTEXT() REPRESENTATION_CONTEXT('2D SPACE',''
  ) );
#2059 = PCURVE('',#2060,#2065);
#2060 = PLANE('',#2061);
#2061 = AXIS2_PLACEMENT_3D('',#2062,#2063,#2064);
#2062 = CARTESIAN_POINT('',(-44.61678894853,38.879901173201,
    20.475967251323));
#2063 = DIRECTION('',(-0.998714572513,-5.03221663313E-02,
    -6.073073852224E-03));
#2064 = DIRECTION('',(5.032309435373E-02,-0.998732990431,
    -1.147061898014E-20));
#2065 = DEFINITIONAL_REPRESENTATION('',(#2066),#2070);
#2066 = LINE('',#2067,#2068);
#2067 = CARTESIAN_POINT('',(1.071984547191E-02,-7.256455768726));
#2068 = VECTOR('',#2069,1.);
#2069 = DIRECTION('',(0.98431519384,-0.176418817522));
#2070 = ( GEOMETRIC_REPRESENTATION_CONTEXT(2) 
PARAMETRIC_REPRESENTATION_CONTEXT() REPRESENTATION_CONTEXT('2D SPACE',''
  ) );
#2071 = ADVANCED_FACE('',(#2072),#2002,.T.);
#2072 = FACE_BOUND('',#2073,.T.);
#2073 = EDGE_LOOP('',(#2074,#2102,#2103));
#2074 = ORIENTED_EDGE('',*,*,#2075,.F.);
#2075 = EDGE_CURVE('',#1960,#2076,#2078,.T.);
#2076 = VERTEX_POINT('',#2077);
#2077 = CARTESIAN_POINT('',(-43.75044882705,38.02609707462,
    13.18647657626));
#2078 = SURFACE_CURVE('',#2079,(#2083,#2090),.PCURVE_S1.);
#2079 = LINE('',#2080,#2081);
#2080 = CARTESIAN_POINT('',(-43.83861699254,38.048221685414,
    13.239892066262));
#2081 = VECTOR('',#2082,1.);
#2082 = DIRECTION('',(0.836239976979,-0.209843132378,-0.506624674386));
#2083 = PCURVE('',#2002,#2084);
#2084 = DEFINITIONAL_REPRESENTATION('',(#2085),#2089);
#2085 = LINE('',#2086,#2087);
#2086 = CARTESIAN_POINT('',(-0.103079993348,2.215521046815E-02));
#2087 = VECTOR('',#2088,1.);
#2088 = DIRECTION('',(0.977672732466,-0.210133358115));
#2089 = ( GEOMETRIC_REPRESENTATION_CONTEXT(2) 
PARAMETRIC_REPRESENTATION_CONTEXT() REPRESENTATION_CONTEXT('2D SPACE',''
  ) );
#2090 = PCURVE('',#2091,#2096);
#2091 = PLANE('',#2092);
#2092 = AXIS2_PLACEMENT_3D('',#2093,#2094,#2095);
#2093 = CARTESIAN_POINT('',(-43.71778591279,38.008739386481,
    20.434178665984));
#2094 = DIRECTION('',(-0.244086933372,-0.969752584185,
    -1.222466409428E-03));
#2095 = DIRECTION('',(-0.969753308796,0.244087115757,1.473443546594E-20)
  );
#2096 = DEFINITIONAL_REPRESENTATION('',(#2097),#2101);
#2097 = LINE('',#2098,#2099);
#2098 = CARTESIAN_POINT('',(0.12681345986,7.194291975386));
#2099 = VECTOR('',#2100,1.);
#2100 = DIRECTION('',(-0.862166489566,0.506625052942));
#2101 = ( GEOMETRIC_REPRESENTATION_CONTEXT(2) 
PARAMETRIC_REPRESENTATION_CONTEXT() REPRESENTATION_CONTEXT('2D SPACE',''
  ) );
#2102 = ORIENTED_EDGE('',*,*,#1988,.F.);
#2103 = ORIENTED_EDGE('',*,*,#2104,.T.);
#2104 = EDGE_CURVE('',#1153,#2076,#2105,.T.);
#2105 = SURFACE_CURVE('',#2106,(#2110,#2117),.PCURVE_S1.);
#2106 = LINE('',#2107,#2108);
#2107 = CARTESIAN_POINT('',(-52.23284749254,-43.29994395067,
    13.22633161843));
#2108 = VECTOR('',#2109,1.);
#2109 = DIRECTION('',(0.103738381626,0.994604499587,-4.874208036426E-04)
  );
#2110 = PCURVE('',#2002,#2111);
#2111 = DEFINITIONAL_REPRESENTATION('',(#2112),#2116);
#2112 = LINE('',#2113,#2114);
#2113 = CARTESIAN_POINT('',(-7.324282082718,-81.43851985618));
#2114 = VECTOR('',#2115,1.);
#2115 = DIRECTION('',(8.95748006896E-02,0.995980097734));
#2116 = ( GEOMETRIC_REPRESENTATION_CONTEXT(2) 
PARAMETRIC_REPRESENTATION_CONTEXT() REPRESENTATION_CONTEXT('2D SPACE',''
  ) );
#2117 = PCURVE('',#2118,#2123);
#2118 = PLANE('',#2119);
#2119 = AXIS2_PLACEMENT_3D('',#2120,#2121,#2122);
#2120 = CARTESIAN_POINT('',(-43.61440152416,37.972692095437,
    13.220184687396));
#2121 = DIRECTION('',(-0.231313101145,2.460284138755E-02,0.972568223537)
  );
#2122 = DIRECTION('',(0.972862704909,-1.017513381832E-18,0.23138313983)
  );
#2123 = DEFINITIONAL_REPRESENTATION('',(#2124),#2128);
#2124 = LINE('',#2125,#2126);
#2125 = CARTESIAN_POINT('',(-8.383142360703,-81.29724437358));
#2126 = VECTOR('',#2127,1.);
#2127 = DIRECTION('',(0.100810421595,0.994905653265));
#2128 = ( GEOMETRIC_REPRESENTATION_CONTEXT(2) 
PARAMETRIC_REPRESENTATION_CONTEXT() REPRESENTATION_CONTEXT('2D SPACE',''
  ) );
#2129 = ADVANCED_FACE('',(#2130),#2033,.T.);
#2130 = FACE_BOUND('',#2131,.T.);
#2131 = EDGE_LOOP('',(#2132,#2160,#2161));
#2132 = ORIENTED_EDGE('',*,*,#2133,.F.);
#2133 = EDGE_CURVE('',#1380,#2134,#2136,.T.);
#2134 = VERTEX_POINT('',#2135);
#2135 = CARTESIAN_POINT('',(-44.6183251471,38.992394678628,
    13.25867249926));
#2136 = SURFACE_CURVE('',#2137,(#2141,#2148),.PCURVE_S1.);
#2137 = LINE('',#2138,#2139);
#2138 = CARTESIAN_POINT('',(-52.22836823508,43.288597828841,
    13.247917573636));
#2139 = VECTOR('',#2140,1.);
#2140 = DIRECTION('',(0.870813309177,-0.491612312687,1.230680597313E-03)
  );
#2141 = PCURVE('',#2033,#2142);
#2142 = DEFINITIONAL_REPRESENTATION('',(#2143),#2147);
#2143 = LINE('',#2144,#2145);
#2144 = CARTESIAN_POINT('',(3.968658896254,7.785883350173));
#2145 = VECTOR('',#2146,1.);
#2146 = DIRECTION('',(-0.454131592487,-0.89093461977));
#2147 = ( GEOMETRIC_REPRESENTATION_CONTEXT(2) 
PARAMETRIC_REPRESENTATION_CONTEXT() REPRESENTATION_CONTEXT('2D SPACE',''
  ) );
#2148 = PCURVE('',#2149,#2154);
#2149 = PLANE('',#2150);
#2150 = AXIS2_PLACEMENT_3D('',#2151,#2152,#2153);
#2151 = CARTESIAN_POINT('',(-44.61553102979,39.099802897416,
    13.19877334064));
#2152 = DIRECTION('',(0.26128647939,0.464945195197,0.845905042632));
#2153 = DIRECTION('',(-4.913707121821E-18,0.876348242029,-0.481678065405
    ));
#2154 = DEFINITIONAL_REPRESENTATION('',(#2155),#2159);
#2155 = LINE('',#2156,#2157);
#2156 = CARTESIAN_POINT('',(3.6471713753,7.886814908867));
#2157 = VECTOR('',#2158,1.);
#2158 = DIRECTION('',(-0.431416377833,-0.902152929906));
#2159 = ( GEOMETRIC_REPRESENTATION_CONTEXT(2) 
PARAMETRIC_REPRESENTATION_CONTEXT() REPRESENTATION_CONTEXT('2D SPACE',''
  ) );
#2160 = ORIENTED_EDGE('',*,*,#2017,.T.);
#2161 = ORIENTED_EDGE('',*,*,#2162,.F.);
#2162 = EDGE_CURVE('',#2134,#2018,#2163,.T.);
#2163 = SURFACE_CURVE('',#2164,(#2168,#2175),.PCURVE_S1.);
#2164 = LINE('',#2165,#2166);
#2165 = CARTESIAN_POINT('',(-44.6183251471,38.992394678628,
    13.25867249926));
#2166 = VECTOR('',#2167,1.);
#2167 = DIRECTION('',(0.340847657204,-0.894717361735,-0.288623833367));
#2168 = PCURVE('',#2033,#2169);
#2169 = DEFINITIONAL_REPRESENTATION('',(#2170),#2174);
#2170 = LINE('',#2171,#2172);
#2171 = CARTESIAN_POINT('',(0.,0.));
#2172 = VECTOR('',#2173,1.);
#2173 = DIRECTION('',(-0.937225688054,-0.348723399919));
#2174 = ( GEOMETRIC_REPRESENTATION_CONTEXT(2) 
PARAMETRIC_REPRESENTATION_CONTEXT() REPRESENTATION_CONTEXT('2D SPACE',''
  ) );
#2175 = PCURVE('',#2176,#2181);
#2176 = PLANE('',#2177);
#2177 = AXIS2_PLACEMENT_3D('',#2178,#2179,#2180);
#2178 = CARTESIAN_POINT('',(-44.61678894853,38.879901173201,
    20.475967251323));
#2179 = DIRECTION('',(-0.93504385339,-0.354492062707,-5.32632282143E-03)
  );
#2180 = DIRECTION('',(0.354497091233,-0.935057117136,-3.724171170503E-20
    ));
#2181 = DEFINITIONAL_REPRESENTATION('',(#2182),#2186);
#2182 = LINE('',#2183,#2184);
#2183 = CARTESIAN_POINT('',(-0.105732430806,-7.217397130538));
#2184 = VECTOR('',#2185,1.);
#2185 = DIRECTION('',(0.957441339949,-0.288627927542));
#2186 = ( GEOMETRIC_REPRESENTATION_CONTEXT(2) 
PARAMETRIC_REPRESENTATION_CONTEXT() REPRESENTATION_CONTEXT('2D SPACE',''
  ) );
#2187 = ADVANCED_FACE('',(#2188),#2118,.T.);
#2188 = FACE_BOUND('',#2189,.T.);
#2189 = EDGE_LOOP('',(#2190,#2218,#2219));
#2190 = ORIENTED_EDGE('',*,*,#2191,.F.);
#2191 = EDGE_CURVE('',#2076,#2192,#2194,.T.);
#2192 = VERTEX_POINT('',#2193);
#2193 = CARTESIAN_POINT('',(-43.61440152416,37.972692095437,
    13.220184687396));
#2194 = SURFACE_CURVE('',#2195,(#2199,#2206),.PCURVE_S1.);
#2195 = LINE('',#2196,#2197);
#2196 = CARTESIAN_POINT('',(-43.75044882705,38.02609707462,
    13.18647657626));
#2197 = VECTOR('',#2198,1.);
#2198 = DIRECTION('',(0.907038515789,-0.356055372102,0.224734738911));
#2199 = PCURVE('',#2118,#2200);
#2200 = DEFINITIONAL_REPRESENTATION('',(#2201),#2205);
#2201 = LINE('',#2202,#2203);
#2202 = CARTESIAN_POINT('',(-0.140154835678,5.342114953635E-02));
#2203 = VECTOR('',#2204,1.);
#2204 = DIRECTION('',(0.934423773445,-0.356163181171));
#2205 = ( GEOMETRIC_REPRESENTATION_CONTEXT(2) 
PARAMETRIC_REPRESENTATION_CONTEXT() REPRESENTATION_CONTEXT('2D SPACE',''
  ) );
#2206 = PCURVE('',#2207,#2212);
#2207 = PLANE('',#2208);
#2208 = AXIS2_PLACEMENT_3D('',#2209,#2210,#2211);
#2209 = CARTESIAN_POINT('',(-43.59048624088,37.983665220789,
    20.465953646108));
#2210 = DIRECTION('',(-0.365962940565,-0.930625744401,2.617248832127E-03
    ));
#2211 = DIRECTION('',(-0.930628931807,0.365964193993,-5.861418951144E-20
    ));
#2212 = DEFINITIONAL_REPRESENTATION('',(#2213),#2217);
#2213 = LINE('',#2214,#2215);
#2214 = CARTESIAN_POINT('',(0.164394349889,7.279502002154));
#2215 = VECTOR('',#2216,1.);
#2216 = DIRECTION('',(-0.974419802324,-0.224735508631));
#2217 = ( GEOMETRIC_REPRESENTATION_CONTEXT(2) 
PARAMETRIC_REPRESENTATION_CONTEXT() REPRESENTATION_CONTEXT('2D SPACE',''
  ) );
#2218 = ORIENTED_EDGE('',*,*,#2104,.F.);
#2219 = ORIENTED_EDGE('',*,*,#2220,.T.);
#2220 = EDGE_CURVE('',#1153,#2192,#2221,.T.);
#2221 = SURFACE_CURVE('',#2222,(#2226,#2233),.PCURVE_S1.);
#2222 = LINE('',#2223,#2224);
#2223 = CARTESIAN_POINT('',(-52.23284749254,-43.29994395067,
    13.22633161843));
#2224 = VECTOR('',#2225,1.);
#2225 = DIRECTION('',(0.105452375607,0.994424351483,-7.521175889926E-05)
  );
#2226 = PCURVE('',#2118,#2227);
#2227 = DEFINITIONAL_REPRESENTATION('',(#2228),#2232);
#2228 = LINE('',#2229,#2230);
#2229 = CARTESIAN_POINT('',(-8.383142360703,-81.29724437358));
#2230 = VECTOR('',#2231,1.);
#2231 = DIRECTION('',(0.102573280639,0.994725450614));
#2232 = ( GEOMETRIC_REPRESENTATION_CONTEXT(2) 
PARAMETRIC_REPRESENTATION_CONTEXT() REPRESENTATION_CONTEXT('2D SPACE',''
  ) );
#2233 = PCURVE('',#2234,#2239);
#2234 = PLANE('',#2235);
#2235 = AXIS2_PLACEMENT_3D('',#2236,#2237,#2238);
#2236 = CARTESIAN_POINT('',(-43.47616489154,37.992112399833,
    13.185405324555));
#2237 = DIRECTION('',(0.247360287391,-2.615772835047E-02,0.968570421533)
  );
#2238 = DIRECTION('',(0.968901952572,7.493570194316E-20,-0.247444956106)
  );
#2239 = DEFINITIONAL_REPRESENTATION('',(#2240),#2244);
#2240 = LINE('',#2241,#2242);
#2241 = CARTESIAN_POINT('',(-8.494493875155,-81.31988173033));
#2242 = VECTOR('',#2243,1.);
#2243 = DIRECTION('',(0.102191623399,0.994764732038));
#2244 = ( GEOMETRIC_REPRESENTATION_CONTEXT(2) 
PARAMETRIC_REPRESENTATION_CONTEXT() REPRESENTATION_CONTEXT('2D SPACE',''
  ) );
#2245 = ADVANCED_FACE('',(#2246),#2149,.T.);
#2246 = FACE_BOUND('',#2247,.T.);
#2247 = EDGE_LOOP('',(#2248,#2276,#2277));
#2248 = ORIENTED_EDGE('',*,*,#2249,.F.);
#2249 = EDGE_CURVE('',#1380,#2250,#2252,.T.);
#2250 = VERTEX_POINT('',#2251);
#2251 = CARTESIAN_POINT('',(-44.61553102979,39.099802897416,
    13.19877334064));
#2252 = SURFACE_CURVE('',#2253,(#2257,#2264),.PCURVE_S1.);
#2253 = LINE('',#2254,#2255);
#2254 = CARTESIAN_POINT('',(-52.22836823508,43.288597828841,
    13.247917573636));
#2255 = VECTOR('',#2256,1.);
#2256 = DIRECTION('',(0.876117593007,-0.482064286146,-5.655726762678E-03
    ));
#2257 = PCURVE('',#2149,#2258);
#2258 = DEFINITIONAL_REPRESENTATION('',(#2259),#2263);
#2259 = LINE('',#2260,#2261);
#2260 = CARTESIAN_POINT('',(3.6471713753,7.886814908867));
#2261 = VECTOR('',#2262,1.);
#2262 = DIRECTION('',(-0.419731950184,-0.907648109123));
#2263 = ( GEOMETRIC_REPRESENTATION_CONTEXT(2) 
PARAMETRIC_REPRESENTATION_CONTEXT() REPRESENTATION_CONTEXT('2D SPACE',''
  ) );
#2264 = PCURVE('',#2265,#2270);
#2265 = PLANE('',#2266);
#2266 = AXIS2_PLACEMENT_3D('',#2267,#2268,#2269);
#2267 = CARTESIAN_POINT('',(-44.62042675413,39.209823296536,
    13.179920606644));
#2268 = DIRECTION('',(0.101184770383,0.172400626859,0.979816138927));
#2269 = DIRECTION('',(2.310159702453E-18,0.984870840176,-0.173290011744)
  );
#2270 = DEFINITIONAL_REPRESENTATION('',(#2271),#2275);
#2271 = LINE('',#2272,#2273);
#2272 = CARTESIAN_POINT('',(4.005282905312,7.647189529428));
#2273 = VECTOR('',#2274,1.);
#2274 = DIRECTION('',(-0.473790977559,-0.880637331473));
#2275 = ( GEOMETRIC_REPRESENTATION_CONTEXT(2) 
PARAMETRIC_REPRESENTATION_CONTEXT() REPRESENTATION_CONTEXT('2D SPACE',''
  ) );
#2276 = ORIENTED_EDGE('',*,*,#2133,.T.);
#2277 = ORIENTED_EDGE('',*,*,#2278,.T.);
#2278 = EDGE_CURVE('',#2134,#2250,#2279,.T.);
#2279 = SURFACE_CURVE('',#2280,(#2284,#2291),.PCURVE_S1.);
#2280 = LINE('',#2281,#2282);
#2281 = CARTESIAN_POINT('',(-44.6183251471,38.992394678628,
    13.25867249926));
#2282 = VECTOR('',#2283,1.);
#2283 = DIRECTION('',(2.271396753723E-02,0.873144009907,-0.486932863588)
  );
#2284 = PCURVE('',#2149,#2285);
#2285 = DEFINITIONAL_REPRESENTATION('',(#2286),#2290);
#2286 = LINE('',#2287,#2288);
#2287 = CARTESIAN_POINT('',(-0.122979114558,2.894674545986E-03));
#2288 = VECTOR('',#2289,1.);
#2289 = DIRECTION('',(0.999723097836,-2.353141844245E-02));
#2290 = ( GEOMETRIC_REPRESENTATION_CONTEXT(2) 
PARAMETRIC_REPRESENTATION_CONTEXT() REPRESENTATION_CONTEXT('2D SPACE',''
  ) );
#2291 = PCURVE('',#2292,#2297);
#2292 = PLANE('',#2293);
#2293 = AXIS2_PLACEMENT_3D('',#2294,#2295,#2296);
#2294 = CARTESIAN_POINT('',(-44.66161334167,39.101556688321,
    20.465568502506));
#2295 = DIRECTION('',(-0.999727418994,2.246834095589E-02,
    -6.345184426806E-03));
#2296 = DIRECTION('',(-2.246879327259E-02,-0.999747544798,
    -2.021196808662E-20));
#2297 = DEFINITIONAL_REPRESENTATION('',(#2298),#2302);
#2298 = LINE('',#2299,#2300);
#2299 = CARTESIAN_POINT('',(0.108161817681,-7.207041087364));
#2300 = VECTOR('',#2301,1.);
#2301 = DIRECTION('',(-0.8734339356,-0.486942666175));
#2302 = ( GEOMETRIC_REPRESENTATION_CONTEXT(2) 
PARAMETRIC_REPRESENTATION_CONTEXT() REPRESENTATION_CONTEXT('2D SPACE',''
  ) );
#2303 = ADVANCED_FACE('',(#2304),#2234,.T.);
#2304 = FACE_BOUND('',#2305,.T.);
#2305 = EDGE_LOOP('',(#2306,#2334,#2335));
#2306 = ORIENTED_EDGE('',*,*,#2307,.F.);
#2307 = EDGE_CURVE('',#2192,#2308,#2310,.T.);
#2308 = VERTEX_POINT('',#2309);
#2309 = CARTESIAN_POINT('',(-43.47616489154,37.992112399833,
    13.185405324555));
#2310 = SURFACE_CURVE('',#2311,(#2315,#2322),.PCURVE_S1.);
#2311 = LINE('',#2312,#2313);
#2312 = CARTESIAN_POINT('',(-43.61440152416,37.972692095437,
    13.220184687396));
#2313 = VECTOR('',#2314,1.);
#2314 = DIRECTION('',(0.960901100275,0.134993102098,-0.241755946929));
#2315 = PCURVE('',#2234,#2316);
#2316 = DEFINITIONAL_REPRESENTATION('',(#2317),#2321);
#2317 = LINE('',#2318,#2319);
#2318 = CARTESIAN_POINT('',(-0.142543721179,-1.942695175325E-02));
#2319 = VECTOR('',#2320,1.);
#2320 = DIRECTION('',(0.990840241961,0.135039308758));
#2321 = ( GEOMETRIC_REPRESENTATION_CONTEXT(2) 
PARAMETRIC_REPRESENTATION_CONTEXT() REPRESENTATION_CONTEXT('2D SPACE',''
  ) );
#2322 = PCURVE('',#2323,#2328);
#2323 = PLANE('',#2324);
#2324 = AXIS2_PLACEMENT_3D('',#2325,#2326,#2327);
#2325 = CARTESIAN_POINT('',(-43.51404351314,37.984108891923,
    20.407517021973));
#2326 = DIRECTION('',(0.139028934261,-0.990288250879,-3.682517756201E-04
    ));
#2327 = DIRECTION('',(-0.990288318025,-0.139028943687,8.815520856338E-21
    ));
#2328 = DEFINITIONAL_REPRESENTATION('',(#2329),#2333);
#2329 = LINE('',#2330,#2331);
#2330 = CARTESIAN_POINT('',(0.100970631095,7.187332821911));
#2331 = VECTOR('',#2332,1.);
#2332 = DIRECTION('',(-0.97033708277,0.241755963321));
#2333 = ( GEOMETRIC_REPRESENTATION_CONTEXT(2) 
PARAMETRIC_REPRESENTATION_CONTEXT() REPRESENTATION_CONTEXT('2D SPACE',''
  ) );
#2334 = ORIENTED_EDGE('',*,*,#2220,.F.);
#2335 = ORIENTED_EDGE('',*,*,#2336,.T.);
#2336 = EDGE_CURVE('',#1153,#2308,#2337,.T.);
#2337 = SURFACE_CURVE('',#2338,(#2342,#2349),.PCURVE_S1.);
#2338 = LINE('',#2339,#2340);
#2339 = CARTESIAN_POINT('',(-52.23284749254,-43.29994395067,
    13.22633161843));
#2340 = VECTOR('',#2341,1.);
#2341 = DIRECTION('',(0.107099222303,0.994248211479,-5.005519150889E-04)
  );
#2342 = PCURVE('',#2234,#2343);
#2343 = DEFINITIONAL_REPRESENTATION('',(#2344),#2348);
#2344 = LINE('',#2345,#2346);
#2345 = CARTESIAN_POINT('',(-8.494493875155,-81.31988173033));
#2346 = VECTOR('',#2347,1.);
#2347 = DIRECTION('',(0.103892504655,0.994588531744));
#2348 = ( GEOMETRIC_REPRESENTATION_CONTEXT(2) 
PARAMETRIC_REPRESENTATION_CONTEXT() REPRESENTATION_CONTEXT('2D SPACE',''
  ) );
#2349 = PCURVE('',#2350,#2355);
#2350 = PLANE('',#2351);
#2351 = AXIS2_PLACEMENT_3D('',#2352,#2353,#2354);
#2352 = CARTESIAN_POINT('',(-43.33778662381,37.942885020745,
    13.197714629351));
#2353 = DIRECTION('',(-8.518380621955E-02,9.677491292834E-03,
    0.996318255037));
#2354 = DIRECTION('',(0.996364912829,8.261277830684E-20,
    8.518779539493E-02));
#2355 = DEFINITIONAL_REPRESENTATION('',(#2356),#2360);
#2356 = LINE('',#2357,#2358);
#2357 = CARTESIAN_POINT('',(-8.860288728861,-81.24663359002));
#2358 = VECTOR('',#2359,1.);
#2359 = DIRECTION('',(0.10666726638,0.99429477233));
#2360 = ( GEOMETRIC_REPRESENTATION_CONTEXT(2) 
PARAMETRIC_REPRESENTATION_CONTEXT() REPRESENTATION_CONTEXT('2D SPACE',''
  ) );
#2361 = ADVANCED_FACE('',(#2362),#2265,.T.);
#2362 = FACE_BOUND('',#2363,.T.);
#2363 = EDGE_LOOP('',(#2364,#2392,#2393));
#2364 = ORIENTED_EDGE('',*,*,#2365,.F.);
#2365 = EDGE_CURVE('',#1380,#2366,#2368,.T.);
#2366 = VERTEX_POINT('',#2367);
#2367 = CARTESIAN_POINT('',(-44.62042675413,39.209823296536,
    13.179920606644));
#2368 = SURFACE_CURVE('',#2369,(#2373,#2380),.PCURVE_S1.);
#2369 = LINE('',#2370,#2371);
#2370 = CARTESIAN_POINT('',(-52.22836823508,43.288597828841,
    13.247917573636));
#2371 = VECTOR('',#2372,1.);
#2372 = DIRECTION('',(0.881303507589,-0.472485009379,-7.87676478123E-03)
  );
#2373 = PCURVE('',#2265,#2374);
#2374 = DEFINITIONAL_REPRESENTATION('',(#2375),#2379);
#2375 = LINE('',#2376,#2377);
#2376 = CARTESIAN_POINT('',(4.005282905312,7.647189529428));
#2377 = VECTOR('',#2378,1.);
#2378 = DIRECTION('',(-0.463971743496,-0.885849999287));
#2379 = ( GEOMETRIC_REPRESENTATION_CONTEXT(2) 
PARAMETRIC_REPRESENTATION_CONTEXT() REPRESENTATION_CONTEXT('2D SPACE',''
  ) );
#2380 = PCURVE('',#2381,#2386);
#2381 = PLANE('',#2382);
#2382 = AXIS2_PLACEMENT_3D('',#2383,#2384,#2385);
#2383 = CARTESIAN_POINT('',(-44.65011585744,39.351321590513,
    13.231912815129));
#2384 = DIRECTION('',(-0.192265491825,-0.373750476987,0.90738335978));
#2385 = DIRECTION('',(6.543641274212E-18,0.924634310635,0.380856129787)
  );
#2386 = DEFINITIONAL_REPRESENTATION('',(#2387),#2391);
#2387 = LINE('',#2388,#2389);
#2388 = CARTESIAN_POINT('',(3.646636210789,7.722328261263));
#2389 = VECTOR('',#2390,1.);
#2390 = DIRECTION('',(-0.439875765082,-0.898058634663));
#2391 = ( GEOMETRIC_REPRESENTATION_CONTEXT(2) 
PARAMETRIC_REPRESENTATION_CONTEXT() REPRESENTATION_CONTEXT('2D SPACE',''
  ) );
#2392 = ORIENTED_EDGE('',*,*,#2249,.T.);
#2393 = ORIENTED_EDGE('',*,*,#2394,.F.);
#2394 = EDGE_CURVE('',#2366,#2250,#2395,.T.);
#2395 = SURFACE_CURVE('',#2396,(#2400,#2407),.PCURVE_S1.);
#2396 = LINE('',#2397,#2398);
#2397 = CARTESIAN_POINT('',(-44.62042675413,39.209823296536,
    13.179920606644));
#2398 = VECTOR('',#2399,1.);
#2399 = DIRECTION('',(4.381694861479E-02,-0.984687421045,0.168732800161)
  );
#2400 = PCURVE('',#2265,#2401);
#2401 = DEFINITIONAL_REPRESENTATION('',(#2402),#2406);
#2402 = LINE('',#2403,#2404);
#2403 = CARTESIAN_POINT('',(0.,0.));
#2404 = VECTOR('',#2405,1.);
#2405 = DIRECTION('',(-0.999029636597,-4.404299264094E-02));
#2406 = ( GEOMETRIC_REPRESENTATION_CONTEXT(2) 
PARAMETRIC_REPRESENTATION_CONTEXT() REPRESENTATION_CONTEXT('2D SPACE',''
  ) );
#2407 = PCURVE('',#2408,#2413);
#2408 = PLANE('',#2409);
#2409 = AXIS2_PLACEMENT_3D('',#2410,#2411,#2412);
#2410 = CARTESIAN_POINT('',(-44.66161334167,39.101556688321,
    20.465568502506));
#2411 = DIRECTION('',(-0.998942731827,-4.553491111591E-02,
    -6.323796224675E-03));
#2412 = DIRECTION('',(4.553582162285E-02,-0.998962706486,
    -3.384778372296E-20));
#2413 = DEFINITIONAL_REPRESENTATION('',(#2414),#2418);
#2414 = LINE('',#2415,#2416);
#2415 = CARTESIAN_POINT('',(-0.106278838861,-7.285793578213));
#2416 = VECTOR('',#2417,1.);
#2417 = DIRECTION('',(0.985661251926,0.168736174108));
#2418 = ( GEOMETRIC_REPRESENTATION_CONTEXT(2) 
PARAMETRIC_REPRESENTATION_CONTEXT() REPRESENTATION_CONTEXT('2D SPACE',''
  ) );
#2419 = ADVANCED_FACE('',(#2420),#2350,.T.);
#2420 = FACE_BOUND('',#2421,.T.);
#2421 = EDGE_LOOP('',(#2422,#2450,#2451));
#2422 = ORIENTED_EDGE('',*,*,#2423,.F.);
#2423 = EDGE_CURVE('',#2308,#2424,#2426,.T.);
#2424 = VERTEX_POINT('',#2425);
#2425 = CARTESIAN_POINT('',(-43.33778662381,37.942885020745,
    13.197714629351));
#2426 = SURFACE_CURVE('',#2427,(#2431,#2438),.PCURVE_S1.);
#2427 = LINE('',#2428,#2429);
#2428 = CARTESIAN_POINT('',(-43.47616489154,37.992112399833,
    13.185405324555));
#2429 = VECTOR('',#2430,1.);
#2430 = DIRECTION('',(0.938866843296,-0.333997200341,8.351599082197E-02)
  );
#2431 = PCURVE('',#2350,#2432);
#2432 = DEFINITIONAL_REPRESENTATION('',(#2433),#2437);
#2433 = LINE('',#2434,#2435);
#2434 = CARTESIAN_POINT('',(-0.138923853195,4.92296844157E-02));
#2435 = VECTOR('',#2436,1.);
#2436 = DIRECTION('',(0.942568523617,-0.3340128415));
#2437 = ( GEOMETRIC_REPRESENTATION_CONTEXT(2) 
PARAMETRIC_REPRESENTATION_CONTEXT() REPRESENTATION_CONTEXT('2D SPACE',''
  ) );
#2438 = PCURVE('',#2439,#2444);
#2439 = PLANE('',#2440);
#2440 = AXIS2_PLACEMENT_3D('',#2441,#2442,#2443);
#2441 = CARTESIAN_POINT('',(-43.39031445389,37.944511967637,
    20.420756028986));
#2442 = DIRECTION('',(-0.334991693555,-0.942218456326,
    -2.223917388604E-03));
#2443 = DIRECTION('',(-0.94222078635,0.334992521961,7.948408506183E-20)
  );
#2444 = DEFINITIONAL_REPRESENTATION('',(#2445),#2449);
#2445 = LINE('',#2446,#2447);
#2446 = CARTESIAN_POINT('',(9.683585569376E-02,7.235368596826));
#2447 = VECTOR('',#2448,1.);
#2448 = DIRECTION('',(-0.996506419839,-8.351619734979E-02));
#2449 = ( GEOMETRIC_REPRESENTATION_CONTEXT(2) 
PARAMETRIC_REPRESENTATION_CONTEXT() REPRESENTATION_CONTEXT('2D SPACE',''
  ) );
#2450 = ORIENTED_EDGE('',*,*,#2336,.F.);
#2451 = ORIENTED_EDGE('',*,*,#2452,.T.);
#2452 = EDGE_CURVE('',#1153,#2424,#2453,.T.);
#2453 = SURFACE_CURVE('',#2454,(#2458,#2465),.PCURVE_S1.);
#2454 = LINE('',#2455,#2456);
#2455 = CARTESIAN_POINT('',(-52.23284749254,-43.29994395067,
    13.22633161843));
#2456 = VECTOR('',#2457,1.);
#2457 = DIRECTION('',(0.108836931999,0.994059555374,-3.501477213451E-04)
  );
#2458 = PCURVE('',#2350,#2459);
#2459 = DEFINITIONAL_REPRESENTATION('',(#2460),#2464);
#2460 = LINE('',#2461,#2462);
#2461 = CARTESIAN_POINT('',(-8.860288728861,-81.24663359002));
#2462 = VECTOR('',#2463,1.);
#2463 = DIRECTION('',(0.108411471951,0.99410610739));
#2464 = ( GEOMETRIC_REPRESENTATION_CONTEXT(2) 
PARAMETRIC_REPRESENTATION_CONTEXT() REPRESENTATION_CONTEXT('2D SPACE',''
  ) );
#2465 = PCURVE('',#2466,#2471);
#2466 = PLANE('',#2467);
#2467 = AXIS2_PLACEMENT_3D('',#2468,#2469,#2470);
#2468 = CARTESIAN_POINT('',(-43.27180958698,38.032355744164,
    13.200218990972));
#2469 = DIRECTION('',(-4.509098012108E-02,5.288768250797E-03,
    0.998968884622));
#2470 = DIRECTION('',(0.998982856029,2.297798251931E-20,
    4.509161075579E-02));
#2471 = DEFINITIONAL_REPRESENTATION('',(#2472),#2476);
#2472 = LINE('',#2473,#2474);
#2473 = CARTESIAN_POINT('',(-8.95074577945,-81.33343719441));
#2474 = VECTOR('',#2475,1.);
#2475 = DIRECTION('',(0.108710440445,0.99407345812));
#2476 = ( GEOMETRIC_REPRESENTATION_CONTEXT(2) 
PARAMETRIC_REPRESENTATION_CONTEXT() REPRESENTATION_CONTEXT('2D SPACE',''
  ) );
#2477 = ADVANCED_FACE('',(#2478),#2381,.T.);
#2478 = FACE_BOUND('',#2479,.T.);
#2479 = EDGE_LOOP('',(#2480,#2508,#2509));
#2480 = ORIENTED_EDGE('',*,*,#2481,.F.);
#2481 = EDGE_CURVE('',#1380,#2482,#2484,.T.);
#2482 = VERTEX_POINT('',#2483);
#2483 = CARTESIAN_POINT('',(-44.65011585744,39.351321590513,
    13.231912815129));
#2484 = SURFACE_CURVE('',#2485,(#2489,#2496),.PCURVE_S1.);
#2485 = LINE('',#2486,#2487);
#2486 = CARTESIAN_POINT('',(-52.22836823508,43.288597828841,
    13.247917573636));
#2487 = VECTOR('',#2488,1.);
#2488 = DIRECTION('',(0.887378866499,-0.461037129849,-1.874084387073E-03
    ));
#2489 = PCURVE('',#2381,#2490);
#2490 = DEFINITIONAL_REPRESENTATION('',(#2491),#2495);
#2491 = LINE('',#2492,#2493);
#2492 = CARTESIAN_POINT('',(3.646636210789,7.722328261263));
#2493 = VECTOR('',#2494,1.);
#2494 = DIRECTION('',(-0.427004505261,-0.904249496813));
#2495 = ( GEOMETRIC_REPRESENTATION_CONTEXT(2) 
PARAMETRIC_REPRESENTATION_CONTEXT() REPRESENTATION_CONTEXT('2D SPACE',''
  ) );
#2496 = PCURVE('',#2497,#2502);
#2497 = PLANE('',#2498);
#2498 = AXIS2_PLACEMENT_3D('',#2499,#2500,#2501);
#2499 = CARTESIAN_POINT('',(-44.65011585744,39.351321590513,
    13.231912815129));
#2500 = DIRECTION('',(-0.133654474458,-0.253356175734,-0.958095574395));
#2501 = DIRECTION('',(-1.063818884947E-18,-0.966769437261,0.25564986833)
  );
#2502 = DEFINITIONAL_REPRESENTATION('',(#2503),#2507);
#2503 = LINE('',#2504,#2505);
#2504 = CARTESIAN_POINT('',(-3.802346718866,7.646860065286));
#2505 = VECTOR('',#2506,1.);
#2506 = DIRECTION('',(0.445237497154,-0.895412514503));
#2507 = ( GEOMETRIC_REPRESENTATION_CONTEXT(2) 
PARAMETRIC_REPRESENTATION_CONTEXT() REPRESENTATION_CONTEXT('2D SPACE',''
  ) );
#2508 = ORIENTED_EDGE('',*,*,#2365,.T.);
#2509 = ORIENTED_EDGE('',*,*,#2510,.F.);
#2510 = EDGE_CURVE('',#2482,#2366,#2511,.T.);
#2511 = SURFACE_CURVE('',#2512,(#2516,#2523),.PCURVE_S1.);
#2512 = LINE('',#2513,#2514);
#2513 = CARTESIAN_POINT('',(-44.65011585744,39.351321590513,
    13.231912815129));
#2514 = VECTOR('',#2515,1.);
#2515 = DIRECTION('',(0.193233402859,-0.9209505777,-0.338394570663));
#2516 = PCURVE('',#2381,#2517);
#2517 = DEFINITIONAL_REPRESENTATION('',(#2518),#2522);
#2518 = LINE('',#2519,#2520);
#2519 = CARTESIAN_POINT('',(0.,0.));
#2520 = VECTOR('',#2521,1.);
#2521 = DIRECTION('',(-0.980422149064,-0.196907109127));
#2522 = ( GEOMETRIC_REPRESENTATION_CONTEXT(2) 
PARAMETRIC_REPRESENTATION_CONTEXT() REPRESENTATION_CONTEXT('2D SPACE',''
  ) );
#2523 = PCURVE('',#2524,#2529);
#2524 = PLANE('',#2525);
#2525 = AXIS2_PLACEMENT_3D('',#2526,#2527,#2528);
#2526 = CARTESIAN_POINT('',(-44.60214935986,39.208394385424,
    20.465950794106));
#2527 = DIRECTION('',(-0.978507511504,-0.206197045496,2.414199485965E-03
    ));
#2528 = DIRECTION('',(0.206197646394,-0.978510363063,5.189842514688E-21)
  );
#2529 = DEFINITIONAL_REPRESENTATION('',(#2530),#2534);
#2530 = LINE('',#2531,#2532);
#2531 = CARTESIAN_POINT('',(-0.149746330249,-7.234059060355));
#2532 = VECTOR('',#2533,1.);
#2533 = DIRECTION('',(0.941003957022,-0.33839555681));
#2534 = ( GEOMETRIC_REPRESENTATION_CONTEXT(2) 
PARAMETRIC_REPRESENTATION_CONTEXT() REPRESENTATION_CONTEXT('2D SPACE',''
  ) );
#2535 = ADVANCED_FACE('',(#2536),#2466,.T.);
#2536 = FACE_BOUND('',#2537,.T.);
#2537 = EDGE_LOOP('',(#2538,#2566,#2567));
#2538 = ORIENTED_EDGE('',*,*,#2539,.F.);
#2539 = EDGE_CURVE('',#2424,#2540,#2542,.T.);
#2540 = VERTEX_POINT('',#2541);
#2541 = CARTESIAN_POINT('',(-43.27180958698,38.032355744164,
    13.200218990972));
#2542 = SURFACE_CURVE('',#2543,(#2547,#2554),.PCURVE_S1.);
#2543 = LINE('',#2544,#2545);
#2544 = CARTESIAN_POINT('',(-43.33778662381,37.942885020745,
    13.197714629351));
#2545 = VECTOR('',#2546,1.);
#2546 = DIRECTION('',(0.593347190389,0.80463150371,2.252231992674E-02));
#2547 = PCURVE('',#2466,#2548);
#2548 = DEFINITIONAL_REPRESENTATION('',(#2549),#2553);
#2549 = LINE('',#2550,#2551);
#2550 = CARTESIAN_POINT('',(-6.602285439384E-02,-8.947197474109E-02));
#2551 = VECTOR('',#2552,1.);
#2552 = DIRECTION('',(0.593759238555,0.804642757148));
#2553 = ( GEOMETRIC_REPRESENTATION_CONTEXT(2) 
PARAMETRIC_REPRESENTATION_CONTEXT() REPRESENTATION_CONTEXT('2D SPACE',''
  ) );
#2554 = PCURVE('',#2555,#2560);
#2555 = PLANE('',#2556);
#2556 = AXIS2_PLACEMENT_3D('',#2557,#2558,#2559);
#2557 = CARTESIAN_POINT('',(-43.28046669536,38.020319567903,
    20.433654925311));
#2558 = DIRECTION('',(0.804835982887,-0.593497295747,-2.431565446128E-05
    ));
#2559 = DIRECTION('',(0.593497295922,0.804835983125,1.27984885459E-21));
#2560 = DEFINITIONAL_REPRESENTATION('',(#2561),#2565);
#2561 = LINE('',#2562,#2563);
#2562 = CARTESIAN_POINT('',(-9.634133243159E-02,-7.235940298099));
#2563 = VECTOR('',#2564,1.);
#2564 = DIRECTION('',(0.999746340381,2.25223199334E-02));
#2565 = ( GEOMETRIC_REPRESENTATION_CONTEXT(2) 
PARAMETRIC_REPRESENTATION_CONTEXT() REPRESENTATION_CONTEXT('2D SPACE',''
  ) );
#2566 = ORIENTED_EDGE('',*,*,#2452,.F.);
#2567 = ORIENTED_EDGE('',*,*,#2568,.T.);
#2568 = EDGE_CURVE('',#1153,#2540,#2569,.T.);
#2569 = SURFACE_CURVE('',#2570,(#2574,#2581),.PCURVE_S1.);
#2570 = LINE('',#2571,#2572);
#2571 = CARTESIAN_POINT('',(-52.23284749254,-43.29994395067,
    13.22633161843));
#2572 = VECTOR('',#2573,1.);
#2573 = DIRECTION('',(0.109515380044,0.993985050033,-3.191298095312E-04)
  );
#2574 = PCURVE('',#2466,#2575);
#2575 = DEFINITIONAL_REPRESENTATION('',(#2576),#2580);
#2576 = LINE('',#2577,#2578);
#2577 = CARTESIAN_POINT('',(-8.95074577945,-81.33343719441));
#2578 = VECTOR('',#2579,1.);
#2579 = DIRECTION('',(0.109389597058,0.993998951738));
#2580 = ( GEOMETRIC_REPRESENTATION_CONTEXT(2) 
PARAMETRIC_REPRESENTATION_CONTEXT() REPRESENTATION_CONTEXT('2D SPACE',''
  ) );
#2581 = PCURVE('',#2582,#2587);
#2582 = PLANE('',#2583);
#2583 = AXIS2_PLACEMENT_3D('',#2584,#2585,#2586);
#2584 = CARTESIAN_POINT('',(-43.17296015565,38.011448677076,
    13.224770594724));
#2585 = DIRECTION('',(-0.235726967054,2.628384747526E-02,0.971463821439)
  );
#2586 = DIRECTION('',(0.971799558748,-1.235031642343E-20,0.235808434151)
  );
#2587 = DEFINITIONAL_REPRESENTATION('',(#2588),#2592);
#2588 = LINE('',#2589,#2590);
#2589 = CARTESIAN_POINT('',(-8.804026413738,-81.33949379584));
#2590 = VECTOR('',#2591,1.);
#2591 = DIRECTION('',(0.106351744502,0.994328570665));
#2592 = ( GEOMETRIC_REPRESENTATION_CONTEXT(2) 
PARAMETRIC_REPRESENTATION_CONTEXT() REPRESENTATION_CONTEXT('2D SPACE',''
  ) );
#2593 = ADVANCED_FACE('',(#2594),#2497,.F.);
#2594 = FACE_BOUND('',#2595,.F.);
#2595 = EDGE_LOOP('',(#2596,#2597,#2625));
#2596 = ORIENTED_EDGE('',*,*,#2481,.F.);
#2597 = ORIENTED_EDGE('',*,*,#2598,.T.);
#2598 = EDGE_CURVE('',#1380,#2599,#2601,.T.);
#2599 = VERTEX_POINT('',#2600);
#2600 = CARTESIAN_POINT('',(-44.59847963816,39.417704311383,
    13.207155489578));
#2601 = SURFACE_CURVE('',#2602,(#2606,#2613),.PCURVE_S1.);
#2602 = LINE('',#2603,#2604);
#2603 = CARTESIAN_POINT('',(-52.22836823508,43.288597828841,
    13.247917573636));
#2604 = VECTOR('',#2605,1.);
#2605 = DIRECTION('',(0.891785988617,-0.452432372825,-4.764297010056E-03
    ));
#2606 = PCURVE('',#2497,#2607);
#2607 = DEFINITIONAL_REPRESENTATION('',(#2608),#2612);
#2608 = LINE('',#2609,#2610);
#2609 = CARTESIAN_POINT('',(-3.802346718866,7.646860065286));
#2610 = VECTOR('',#2611,1.);
#2611 = DIRECTION('',(0.436179798572,-0.899859535326));
#2612 = ( GEOMETRIC_REPRESENTATION_CONTEXT(2) 
PARAMETRIC_REPRESENTATION_CONTEXT() REPRESENTATION_CONTEXT('2D SPACE',''
  ) );
#2613 = PCURVE('',#2614,#2619);
#2614 = PLANE('',#2615);
#2615 = AXIS2_PLACEMENT_3D('',#2616,#2617,#2618);
#2616 = CARTESIAN_POINT('',(-44.55828277456,39.538575157921,
    13.211661038889));
#2617 = DIRECTION('',(-1.160270646914E-02,-3.339383056237E-02,
    0.999374919279));
#2618 = DIRECTION('',(-1.844493427089E-20,0.999442195395,
    3.33960785748E-02));
#2619 = DEFINITIONAL_REPRESENTATION('',(#2620),#2624);
#2620 = LINE('',#2621,#2622);
#2621 = CARTESIAN_POINT('',(3.749141717088,7.670601796834));
#2622 = VECTOR('',#2623,1.);
#2623 = DIRECTION('',(-0.452339112802,-0.891846022041));
#2624 = ( GEOMETRIC_REPRESENTATION_CONTEXT(2) 
PARAMETRIC_REPRESENTATION_CONTEXT() REPRESENTATION_CONTEXT('2D SPACE',''
  ) );
#2625 = ORIENTED_EDGE('',*,*,#2626,.F.);
#2626 = EDGE_CURVE('',#2482,#2599,#2627,.T.);
#2627 = SURFACE_CURVE('',#2628,(#2632,#2639),.PCURVE_S1.);
#2628 = LINE('',#2629,#2630);
#2629 = CARTESIAN_POINT('',(-44.65011585744,39.351321590513,
    13.231912815129));
#2630 = VECTOR('',#2631,1.);
#2631 = DIRECTION('',(0.588989233043,0.757195402834,-0.282394768518));
#2632 = PCURVE('',#2497,#2633);
#2633 = DEFINITIONAL_REPRESENTATION('',(#2634),#2638);
#2634 = LINE('',#2635,#2636);
#2635 = CARTESIAN_POINT('',(0.,0.));
#2636 = VECTOR('',#2637,1.);
#2637 = DIRECTION('',(-0.804227558884,-0.594321490047));
#2638 = ( GEOMETRIC_REPRESENTATION_CONTEXT(2) 
PARAMETRIC_REPRESENTATION_CONTEXT() REPRESENTATION_CONTEXT('2D SPACE',''
  ) );
#2639 = PCURVE('',#2640,#2645);
#2640 = PLANE('',#2641);
#2641 = AXIS2_PLACEMENT_3D('',#2642,#2643,#2644);
#2642 = CARTESIAN_POINT('',(-44.592056941,39.311395736537,20.43900812617
    ));
#2643 = DIRECTION('',(-0.787517703264,0.616214777957,9.75779044531E-03)
  );
#2644 = DIRECTION('',(-0.616244116335,-0.787555197483,
    -1.399237690694E-19));
#2645 = DEFINITIONAL_REPRESENTATION('',(#2646),#2650);
#2646 = LINE('',#2647,#2648);
#2647 = CARTESIAN_POINT('',(4.334651839251E-03,-7.207438445441));
#2648 = VECTOR('',#2649,1.);
#2649 = DIRECTION('',(-0.95929432446,-0.282408213513));
#2650 = ( GEOMETRIC_REPRESENTATION_CONTEXT(2) 
PARAMETRIC_REPRESENTATION_CONTEXT() REPRESENTATION_CONTEXT('2D SPACE',''
  ) );
#2651 = ADVANCED_FACE('',(#2652),#2582,.T.);
#2652 = FACE_BOUND('',#2653,.T.);
#2653 = EDGE_LOOP('',(#2654,#2682,#2683));
#2654 = ORIENTED_EDGE('',*,*,#2655,.F.);
#2655 = EDGE_CURVE('',#2540,#2656,#2658,.T.);
#2656 = VERTEX_POINT('',#2657);
#2657 = CARTESIAN_POINT('',(-43.17296015565,38.011448677076,
    13.224770594724));
#2658 = SURFACE_CURVE('',#2659,(#2663,#2670),.PCURVE_S1.);
#2659 = LINE('',#2660,#2661);
#2660 = CARTESIAN_POINT('',(-43.27180958698,38.032355744164,
    13.200218990972));
#2661 = VECTOR('',#2662,1.);
#2662 = DIRECTION('',(0.95069081433,-0.201075073169,0.236126640807));
#2663 = PCURVE('',#2582,#2664);
#2664 = DEFINITIONAL_REPRESENTATION('',(#2665),#2669);
#2665 = LINE('',#2666,#2667);
#2666 = CARTESIAN_POINT('',(-0.101851308976,2.091429255819E-02));
#2667 = VECTOR('',#2668,1.);
#2668 = DIRECTION('',(0.979561567302,-0.201144564593));
#2669 = ( GEOMETRIC_REPRESENTATION_CONTEXT(2) 
PARAMETRIC_REPRESENTATION_CONTEXT() REPRESENTATION_CONTEXT('2D SPACE',''
  ) );
#2670 = PCURVE('',#2671,#2676);
#2671 = PLANE('',#2672);
#2672 = AXIS2_PLACEMENT_3D('',#2673,#2674,#2675);
#2673 = CARTESIAN_POINT('',(-43.28046669536,38.020319567903,
    20.433654925311));
#2674 = DIRECTION('',(-0.206480281607,-0.978448964865,
    -1.875223130967E-03));
#2675 = DIRECTION('',(-0.978450685209,0.206480644648,1.399688602629E-20)
  );
#2676 = DEFINITIONAL_REPRESENTATION('',(#2677),#2681);
#2677 = LINE('',#2678,#2679);
#2678 = CARTESIAN_POINT('',(-5.985316194641E-03,7.233448652423));
#2679 = VECTOR('',#2680,1.);
#2680 = DIRECTION('',(-0.971722189433,-0.236127055973));
#2681 = ( GEOMETRIC_REPRESENTATION_CONTEXT(2) 
PARAMETRIC_REPRESENTATION_CONTEXT() REPRESENTATION_CONTEXT('2D SPACE',''
  ) );
#2682 = ORIENTED_EDGE('',*,*,#2568,.F.);
#2683 = ORIENTED_EDGE('',*,*,#2684,.T.);
#2684 = EDGE_CURVE('',#1153,#2656,#2685,.T.);
#2685 = SURFACE_CURVE('',#2686,(#2690,#2697),.PCURVE_S1.);
#2686 = LINE('',#2687,#2688);
#2687 = CARTESIAN_POINT('',(-52.23284749254,-43.29994395067,
    13.22633161843));
#2688 = VECTOR('',#2689,1.);
#2689 = DIRECTION('',(0.110736842541,0.993849762962,-1.908002053231E-05)
  );
#2690 = PCURVE('',#2582,#2691);
#2691 = DEFINITIONAL_REPRESENTATION('',(#2692),#2696);
#2692 = LINE('',#2693,#2694);
#2693 = CARTESIAN_POINT('',(-8.804026413738,-81.33949379584));
#2694 = VECTOR('',#2695,1.);
#2695 = DIRECTION('',(0.107609515489,0.994193236839));
#2696 = ( GEOMETRIC_REPRESENTATION_CONTEXT(2) 
PARAMETRIC_REPRESENTATION_CONTEXT() REPRESENTATION_CONTEXT('2D SPACE',''
  ) );
#2697 = PCURVE('',#2698,#2703);
#2698 = PLANE('',#2699);
#2699 = AXIS2_PLACEMENT_3D('',#2700,#2701,#2702);
#2700 = CARTESIAN_POINT('',(-43.02062042861,38.066434673911,
    13.250734642745));
#2701 = DIRECTION('',(-0.174815158375,1.94971734338E-02,0.984408208331)
  );
#2702 = DIRECTION('',(0.984595368049,-1.349306663066E-19,0.174848394948)
  );
#2703 = DEFINITIONAL_REPRESENTATION('',(#2704),#2708);
#2704 = LINE('',#2705,#2706);
#2705 = CARTESIAN_POINT('',(-9.074582926199,-81.38184833352));
#2706 = VECTOR('',#2707,1.);
#2707 = DIRECTION('',(0.109027646128,0.994038717747));
#2708 = ( GEOMETRIC_REPRESENTATION_CONTEXT(2) 
PARAMETRIC_REPRESENTATION_CONTEXT() REPRESENTATION_CONTEXT('2D SPACE',''
  ) );
#2709 = ADVANCED_FACE('',(#2710),#2614,.T.);
#2710 = FACE_BOUND('',#2711,.T.);
#2711 = EDGE_LOOP('',(#2712,#2740,#2741));
#2712 = ORIENTED_EDGE('',*,*,#2713,.F.);
#2713 = EDGE_CURVE('',#1380,#2714,#2716,.T.);
#2714 = VERTEX_POINT('',#2715);
#2715 = CARTESIAN_POINT('',(-44.55828277456,39.538575157921,
    13.211661038889));
#2716 = SURFACE_CURVE('',#2717,(#2721,#2728),.PCURVE_S1.);
#2717 = LINE('',#2718,#2719);
#2718 = CARTESIAN_POINT('',(-52.22836823508,43.288597828841,
    13.247917573636));
#2719 = VECTOR('',#2720,1.);
#2720 = DIRECTION('',(0.898366873226,-0.439225372226,-4.246584985565E-03
    ));
#2721 = PCURVE('',#2614,#2722);
#2722 = DEFINITIONAL_REPRESENTATION('',(#2723),#2727);
#2723 = LINE('',#2724,#2725);
#2724 = CARTESIAN_POINT('',(3.749141717088,7.670601796834));
#2725 = VECTOR('',#2726,1.);
#2726 = DIRECTION('',(-0.439122189576,-0.898427349663));
#2727 = ( GEOMETRIC_REPRESENTATION_CONTEXT(2) 
PARAMETRIC_REPRESENTATION_CONTEXT() REPRESENTATION_CONTEXT('2D SPACE',''
  ) );
#2728 = PCURVE('',#2729,#2734);
#2729 = PLANE('',#2730);
#2730 = AXIS2_PLACEMENT_3D('',#2731,#2732,#2733);
#2731 = CARTESIAN_POINT('',(-44.51636915127,39.695571095302,
    13.229004645456));
#2732 = DIRECTION('',(-4.334196049176E-02,-9.826164066109E-02,
    0.994216336838));
#2733 = DIRECTION('',(-1.088875804975E-19,0.995151484959,
    9.835406439751E-02));
#2734 = DEFINITIONAL_REPRESENTATION('',(#2735),#2739);
#2735 = LINE('',#2736,#2737);
#2736 = CARTESIAN_POINT('',(3.577466052736,7.71925289889));
#2737 = VECTOR('',#2738,1.);
#2738 = DIRECTION('',(-0.437513450295,-0.899211866476));
#2739 = ( GEOMETRIC_REPRESENTATION_CONTEXT(2) 
PARAMETRIC_REPRESENTATION_CONTEXT() REPRESENTATION_CONTEXT('2D SPACE',''
  ) );
#2740 = ORIENTED_EDGE('',*,*,#2598,.T.);
#2741 = ORIENTED_EDGE('',*,*,#2742,.T.);
#2742 = EDGE_CURVE('',#2599,#2714,#2743,.T.);
#2743 = SURFACE_CURVE('',#2744,(#2748,#2755),.PCURVE_S1.);
#2744 = LINE('',#2745,#2746);
#2745 = CARTESIAN_POINT('',(-44.59847963816,39.417704311383,
    13.207155489578));
#2746 = VECTOR('',#2747,1.);
#2747 = DIRECTION('',(0.315370420507,0.948310049245,3.534895147137E-02)
  );
#2748 = PCURVE('',#2614,#2749);
#2749 = DEFINITIONAL_REPRESENTATION('',(#2750),#2754);
#2750 = LINE('',#2751,#2752);
#2751 = CARTESIAN_POINT('',(-0.120953891902,4.01995695802E-02));
#2752 = VECTOR('',#2753,1.);
#2753 = DIRECTION('',(0.948961593893,-0.315391650675));
#2754 = ( GEOMETRIC_REPRESENTATION_CONTEXT(2) 
PARAMETRIC_REPRESENTATION_CONTEXT() REPRESENTATION_CONTEXT('2D SPACE',''
  ) );
#2755 = PCURVE('',#2756,#2761);
#2756 = PLANE('',#2757);
#2757 = AXIS2_PLACEMENT_3D('',#2758,#2759,#2760);
#2758 = CARTESIAN_POINT('',(-44.54360235141,39.560806080356,
    20.4755627485));
#2759 = DIRECTION('',(-0.948913281164,0.315535542177,9.520781829159E-04)
  );
#2760 = DIRECTION('',(-0.315535685186,-0.948913711237,
    -5.429192028989E-20));
#2761 = DEFINITIONAL_REPRESENTATION('',(#2762),#2766);
#2762 = LINE('',#2763,#2764);
#2763 = CARTESIAN_POINT('',(0.153106972959,-7.268410553158));
#2764 = VECTOR('',#2765,1.);
#2765 = DIRECTION('',(-0.999375029955,3.534896749246E-02));
#2766 = ( GEOMETRIC_REPRESENTATION_CONTEXT(2) 
PARAMETRIC_REPRESENTATION_CONTEXT() REPRESENTATION_CONTEXT('2D SPACE',''
  ) );
#2767 = ADVANCED_FACE('',(#2768),#2698,.T.);
#2768 = FACE_BOUND('',#2769,.T.);
#2769 = EDGE_LOOP('',(#2770,#2798,#2799));
#2770 = ORIENTED_EDGE('',*,*,#2771,.F.);
#2771 = EDGE_CURVE('',#2656,#2772,#2774,.T.);
#2772 = VERTEX_POINT('',#2773);
#2773 = CARTESIAN_POINT('',(-43.02062042861,38.066434673911,
    13.250734642745));
#2774 = SURFACE_CURVE('',#2775,(#2779,#2786),.PCURVE_S1.);
#2775 = LINE('',#2776,#2777);
#2776 = CARTESIAN_POINT('',(-43.17296015565,38.011448677076,
    13.224770594724));
#2777 = VECTOR('',#2778,1.);
#2778 = DIRECTION('',(0.928745673109,0.335224485642,0.158290931222));
#2779 = PCURVE('',#2698,#2780);
#2780 = DEFINITIONAL_REPRESENTATION('',(#2781),#2785);
#2781 = LINE('',#2782,#2783);
#2782 = CARTESIAN_POINT('',(-0.154532761743,-5.499645099764E-02));
#2783 = VECTOR('',#2784,1.);
#2784 = DIRECTION('',(0.942115603098,0.335288219893));
#2785 = ( GEOMETRIC_REPRESENTATION_CONTEXT(2) 
PARAMETRIC_REPRESENTATION_CONTEXT() REPRESENTATION_CONTEXT('2D SPACE',''
  ) );
#2786 = PCURVE('',#2787,#2792);
#2787 = PLANE('',#2788);
#2788 = AXIS2_PLACEMENT_3D('',#2789,#2790,#2791);
#2789 = CARTESIAN_POINT('',(-43.02062042861,38.066434673911,
    13.250734642745));
#2790 = DIRECTION('',(-0.339315703461,0.940671720386,-1.252138797496E-03
    ));
#2791 = DIRECTION('',(0.940672457803,0.33931596946,1.442632399289E-21));
#2792 = DEFINITIONAL_REPRESENTATION('',(#2793),#2797);
#2793 = LINE('',#2794,#2795);
#2794 = CARTESIAN_POINT('',(-0.161959412285,2.596406837527E-02));
#2795 = VECTOR('',#2796,1.);
#2796 = DIRECTION('',(0.98739249633,-0.15829105531));
#2797 = ( GEOMETRIC_REPRESENTATION_CONTEXT(2) 
PARAMETRIC_REPRESENTATION_CONTEXT() REPRESENTATION_CONTEXT('2D SPACE',''
  ) );
#2798 = ORIENTED_EDGE('',*,*,#2684,.F.);
#2799 = ORIENTED_EDGE('',*,*,#2800,.T.);
#2800 = EDGE_CURVE('',#1153,#2772,#2801,.T.);
#2801 = SURFACE_CURVE('',#2802,(#2806,#2813),.PCURVE_S1.);
#2802 = LINE('',#2803,#2804);
#2803 = CARTESIAN_POINT('',(-52.23284749254,-43.29994395067,
    13.22633161843));
#2804 = VECTOR('',#2805,1.);
#2805 = DIRECTION('',(0.112500331315,0.9936516425,2.980113604925E-04));
#2806 = PCURVE('',#2698,#2807);
#2807 = DEFINITIONAL_REPRESENTATION('',(#2808),#2812);
#2808 = LINE('',#2809,#2810);
#2809 = CARTESIAN_POINT('',(-9.074582926199,-81.38184833352));
#2810 = VECTOR('',#2811,1.);
#2811 = DIRECTION('',(0.110819411925,0.993840559617));
#2812 = ( GEOMETRIC_REPRESENTATION_CONTEXT(2) 
PARAMETRIC_REPRESENTATION_CONTEXT() REPRESENTATION_CONTEXT('2D SPACE',''
  ) );
#2813 = PCURVE('',#2814,#2819);
#2814 = PLANE('',#2815);
#2815 = AXIS2_PLACEMENT_3D('',#2816,#2817,#2818);
#2816 = CARTESIAN_POINT('',(-42.89636669062,38.127335868546,
    13.240786569268));
#2817 = DIRECTION('',(8.461342606783E-02,-9.878679912321E-03,
    0.996364882868));
#2818 = DIRECTION('',(0.996413503212,-3.984410165288E-20,
    -8.461755501095E-02));
#2819 = DEFINITIONAL_REPRESENTATION('',(#2820),#2824);
#2820 = LINE('',#2821,#2822);
#2821 = CARTESIAN_POINT('',(-9.301772400914,-81.43125328563));
#2822 = VECTOR('',#2823,1.);
#2823 = DIRECTION('',(0.112071632245,0.993700130445));
#2824 = ( GEOMETRIC_REPRESENTATION_CONTEXT(2) 
PARAMETRIC_REPRESENTATION_CONTEXT() REPRESENTATION_CONTEXT('2D SPACE',''
  ) );
#2825 = ADVANCED_FACE('',(#2826),#2729,.T.);
#2826 = FACE_BOUND('',#2827,.T.);
#2827 = EDGE_LOOP('',(#2828,#2856,#2857));
#2828 = ORIENTED_EDGE('',*,*,#2829,.F.);
#2829 = EDGE_CURVE('',#1380,#2830,#2832,.T.);
#2830 = VERTEX_POINT('',#2831);
#2831 = CARTESIAN_POINT('',(-44.51636915127,39.695571095302,
    13.229004645456));
#2832 = SURFACE_CURVE('',#2833,(#2837,#2844),.PCURVE_S1.);
#2833 = LINE('',#2834,#2835);
#2834 = CARTESIAN_POINT('',(-52.22836823508,43.288597828841,
    13.247917573636));
#2835 = VECTOR('',#2836,1.);
#2836 = DIRECTION('',(0.906446745293,-0.422314286214,-2.222972540075E-03
    ));
#2837 = PCURVE('',#2729,#2838);
#2838 = DEFINITIONAL_REPRESENTATION('',(#2839),#2843);
#2839 = LINE('',#2840,#2841);
#2840 = CARTESIAN_POINT('',(3.577466052736,7.71925289889));
#2841 = VECTOR('',#2842,1.);
#2842 = DIRECTION('',(-0.42048532743,-0.907299338375));
#2843 = ( GEOMETRIC_REPRESENTATION_CONTEXT(2) 
PARAMETRIC_REPRESENTATION_CONTEXT() REPRESENTATION_CONTEXT('2D SPACE',''
  ) );
#2844 = PCURVE('',#2845,#2850);
#2845 = PLANE('',#2846);
#2846 = AXIS2_PLACEMENT_3D('',#2847,#2848,#2849);
#2847 = CARTESIAN_POINT('',(-44.47086871186,39.808122291121,
    13.236166931874));
#2848 = DIRECTION('',(-2.284547784469E-02,-5.428971481222E-02,
    0.998263848393));
#2849 = DIRECTION('',(-2.710719596885E-20,0.998524455275,
    5.430388769179E-02));
#2850 = DEFINITIONAL_REPRESENTATION('',(#2851),#2855);
#2851 = LINE('',#2852,#2853);
#2852 = CARTESIAN_POINT('',(3.475978045929,7.759524696999));
#2853 = VECTOR('',#2854,1.);
#2854 = DIRECTION('',(-0.421811858648,-0.906683382391));
#2855 = ( GEOMETRIC_REPRESENTATION_CONTEXT(2) 
PARAMETRIC_REPRESENTATION_CONTEXT() REPRESENTATION_CONTEXT('2D SPACE',''
  ) );
#2856 = ORIENTED_EDGE('',*,*,#2713,.T.);
#2857 = ORIENTED_EDGE('',*,*,#2858,.T.);
#2858 = EDGE_CURVE('',#2714,#2830,#2859,.T.);
#2859 = SURFACE_CURVE('',#2860,(#2864,#2871),.PCURVE_S1.);
#2860 = LINE('',#2861,#2862);
#2861 = CARTESIAN_POINT('',(-44.55828277456,39.538575157921,
    13.211661038889));
#2862 = VECTOR('',#2863,1.);
#2863 = DIRECTION('',(0.256481865233,0.960704603671,0.106130661414));
#2864 = PCURVE('',#2729,#2865);
#2865 = DEFINITIONAL_REPRESENTATION('',(#2866),#2870);
#2866 = LINE('',#2867,#2868);
#2867 = CARTESIAN_POINT('',(-0.157940554414,4.195304675031E-02));
#2868 = VECTOR('',#2869,1.);
#2869 = DIRECTION('',(0.966484994857,-0.25672310904));
#2870 = ( GEOMETRIC_REPRESENTATION_CONTEXT(2) 
PARAMETRIC_REPRESENTATION_CONTEXT() REPRESENTATION_CONTEXT('2D SPACE',''
  ) );
#2871 = PCURVE('',#2872,#2877);
#2872 = PLANE('',#2873);
#2873 = AXIS2_PLACEMENT_3D('',#2874,#2875,#2876);
#2874 = CARTESIAN_POINT('',(-44.54360235141,39.560806080356,
    20.4755627485));
#2875 = DIRECTION('',(-0.966192670967,0.257818479767,1.163641107804E-03)
  );
#2876 = DIRECTION('',(-0.257818654318,-0.966193325109,
    -4.292282885487E-20));
#2877 = DEFINITIONAL_REPRESENTATION('',(#2878),#2882);
#2878 = LINE('',#2879,#2880);
#2879 = CARTESIAN_POINT('',(2.52642558106E-02,-7.263906627498));
#2880 = VECTOR('',#2881,1.);
#2881 = DIRECTION('',(-0.99435218482,0.106130733268));
#2882 = ( GEOMETRIC_REPRESENTATION_CONTEXT(2) 
PARAMETRIC_REPRESENTATION_CONTEXT() REPRESENTATION_CONTEXT('2D SPACE',''
  ) );
#2883 = ADVANCED_FACE('',(#2884),#2814,.T.);
#2884 = FACE_BOUND('',#2885,.T.);
#2885 = EDGE_LOOP('',(#2886,#2914,#2915));
#2886 = ORIENTED_EDGE('',*,*,#2887,.F.);
#2887 = EDGE_CURVE('',#2772,#2888,#2890,.T.);
#2888 = VERTEX_POINT('',#2889);
#2889 = CARTESIAN_POINT('',(-42.89636669062,38.127335868546,
    13.240786569268));
#2890 = SURFACE_CURVE('',#2891,(#2895,#2902),.PCURVE_S1.);
#2891 = LINE('',#2892,#2893);
#2892 = CARTESIAN_POINT('',(-43.02062042861,38.066434673911,
    13.250734642745));
#2893 = VECTOR('',#2894,1.);
#2894 = DIRECTION('',(0.895630640349,0.438980563764,-7.170648998432E-02)
  );
#2895 = PCURVE('',#2814,#2896);
#2896 = DEFINITIONAL_REPRESENTATION('',(#2897),#2901);
#2897 = LINE('',#2898,#2899);
#2898 = CARTESIAN_POINT('',(-0.124649884005,-6.090416647565E-02));
#2899 = VECTOR('',#2900,1.);
#2900 = DIRECTION('',(0.898486091795,0.439001985019));
#2901 = ( GEOMETRIC_REPRESENTATION_CONTEXT(2) 
PARAMETRIC_REPRESENTATION_CONTEXT() REPRESENTATION_CONTEXT('2D SPACE',''
  ) );
#2902 = PCURVE('',#2903,#2908);
#2903 = PLANE('',#2904);
#2904 = AXIS2_PLACEMENT_3D('',#2905,#2906,#2907);
#2905 = CARTESIAN_POINT('',(-42.90282670513,38.132199168495,
    20.405687722249));
#2906 = DIRECTION('',(0.440178254437,-0.897909846026,1.006345051217E-03)
  );
#2907 = DIRECTION('',(-0.897910300697,-0.440178477328,
    -5.877235955031E-21));
#2908 = DEFINITIONAL_REPRESENTATION('',(#2909),#2913);
#2909 = LINE('',#2910,#2911);
#2910 = CARTESIAN_POINT('',(0.134716312755,7.154956702526));
#2911 = VECTOR('',#2912,1.);
#2912 = DIRECTION('',(-0.997425773723,7.170652629402E-02));
#2913 = ( GEOMETRIC_REPRESENTATION_CONTEXT(2) 
PARAMETRIC_REPRESENTATION_CONTEXT() REPRESENTATION_CONTEXT('2D SPACE',''
  ) );
#2914 = ORIENTED_EDGE('',*,*,#2800,.F.);
#2915 = ORIENTED_EDGE('',*,*,#2916,.T.);
#2916 = EDGE_CURVE('',#1153,#2888,#2917,.T.);
#2917 = SURFACE_CURVE('',#2918,(#2922,#2929),.PCURVE_S1.);
#2918 = LINE('',#2919,#2920);
#2919 = CARTESIAN_POINT('',(-52.23284749254,-43.29994395067,
    13.22633161843));
#2920 = VECTOR('',#2921,1.);
#2921 = DIRECTION('',(0.113913984816,0.993490600338,1.763642088715E-04)
  );
#2922 = PCURVE('',#2814,#2923);
#2923 = DEFINITIONAL_REPRESENTATION('',(#2924),#2928);
#2924 = LINE('',#2925,#2926);
#2925 = CARTESIAN_POINT('',(-9.301772400914,-81.43125328563));
#2926 = VECTOR('',#2927,1.);
#2927 = DIRECTION('',(0.113490509167,0.993539080424));
#2928 = ( GEOMETRIC_REPRESENTATION_CONTEXT(2) 
PARAMETRIC_REPRESENTATION_CONTEXT() REPRESENTATION_CONTEXT('2D SPACE',''
  ) );
#2929 = PCURVE('',#2930,#2935);
#2930 = PLANE('',#2931);
#2931 = AXIS2_PLACEMENT_3D('',#2932,#2933,#2934);
#2932 = CARTESIAN_POINT('',(-42.81075964127,38.143847798532,
    13.241774452932));
#2933 = DIRECTION('',(-1.176489176308E-02,1.171459316636E-03,
    0.99993010506));
#2934 = DIRECTION('',(0.999930791171,4.639521744015E-22,
    1.176489983567E-02));
#2935 = DEFINITIONAL_REPRESENTATION('',(#2936),#2940);
#2936 = LINE('',#2937,#2938);
#2937 = CARTESIAN_POINT('',(-9.421617443008,-81.44384763261));
#2938 = VECTOR('',#2939,1.);
#2939 = DIRECTION('',(0.11390817587,0.99349128203));
#2940 = ( GEOMETRIC_REPRESENTATION_CONTEXT(2) 
PARAMETRIC_REPRESENTATION_CONTEXT() REPRESENTATION_CONTEXT('2D SPACE',''
  ) );
#2941 = ADVANCED_FACE('',(#2942),#2845,.T.);
#2942 = FACE_BOUND('',#2943,.T.);
#2943 = EDGE_LOOP('',(#2944,#2972,#2973));
#2944 = ORIENTED_EDGE('',*,*,#2945,.F.);
#2945 = EDGE_CURVE('',#1380,#2946,#2948,.T.);
#2946 = VERTEX_POINT('',#2947);
#2947 = CARTESIAN_POINT('',(-44.47086871186,39.808122291121,
    13.236166931874));
#2948 = SURFACE_CURVE('',#2949,(#2953,#2960),.PCURVE_S1.);
#2949 = LINE('',#2950,#2951);
#2950 = CARTESIAN_POINT('',(-52.22836823508,43.288597828841,
    13.247917573636));
#2951 = VECTOR('',#2952,1.);
#2952 = DIRECTION('',(0.912377768528,-0.409346915848,-1.382020621047E-03
    ));
#2953 = PCURVE('',#2845,#2954);
#2954 = DEFINITIONAL_REPRESENTATION('',(#2955),#2959);
#2955 = LINE('',#2956,#2957);
#2956 = CARTESIAN_POINT('',(3.475978045929,7.759524696999));
#2957 = VECTOR('',#2958,1.);
#2958 = DIRECTION('',(-0.408817955258,-0.91261595398));
#2959 = ( GEOMETRIC_REPRESENTATION_CONTEXT(2) 
PARAMETRIC_REPRESENTATION_CONTEXT() REPRESENTATION_CONTEXT('2D SPACE',''
  ) );
#2960 = PCURVE('',#2961,#2966);
#2961 = PLANE('',#2962);
#2962 = AXIS2_PLACEMENT_3D('',#2963,#2964,#2965);
#2963 = CARTESIAN_POINT('',(-44.43448165323,39.86559769228,
    13.198259200011));
#2964 = DIRECTION('',(0.201861641343,0.446979508837,0.871470708879));
#2965 = DIRECTION('',(7.902017045001E-18,0.88978783846,-0.456374410467)
  );
#2966 = DEFINITIONAL_REPRESENTATION('',(#2967),#2971);
#2967 = LINE('',#2968,#2969);
#2968 = CARTESIAN_POINT('',(3.02308108157,7.957703482417));
#2969 = VECTOR('',#2970,1.);
#2970 = DIRECTION('',(-0.363601188586,-0.931554708892));
#2971 = ( GEOMETRIC_REPRESENTATION_CONTEXT(2) 
PARAMETRIC_REPRESENTATION_CONTEXT() REPRESENTATION_CONTEXT('2D SPACE',''
  ) );
#2972 = ORIENTED_EDGE('',*,*,#2829,.T.);
#2973 = ORIENTED_EDGE('',*,*,#2974,.T.);
#2974 = EDGE_CURVE('',#2830,#2946,#2975,.T.);
#2975 = SURFACE_CURVE('',#2976,(#2980,#2987),.PCURVE_S1.);
#2976 = LINE('',#2977,#2978);
#2977 = CARTESIAN_POINT('',(-44.51636915127,39.695571095302,
    13.229004645456));
#2978 = VECTOR('',#2979,1.);
#2979 = DIRECTION('',(0.374145822348,0.925497868973,5.889480577267E-02)
  );
#2980 = PCURVE('',#2845,#2981);
#2981 = DEFINITIONAL_REPRESENTATION('',(#2982),#2986);
#2982 = LINE('',#2983,#2984);
#2983 = CARTESIAN_POINT('',(-0.112774061493,4.551231776528E-02));
#2984 = VECTOR('',#2985,1.);
#2985 = DIRECTION('',(0.927330472392,-0.374243496902));
#2986 = ( GEOMETRIC_REPRESENTATION_CONTEXT(2) 
PARAMETRIC_REPRESENTATION_CONTEXT() REPRESENTATION_CONTEXT('2D SPACE',''
  ) );
#2987 = PCURVE('',#2988,#2993);
#2988 = PLANE('',#2989);
#2989 = AXIS2_PLACEMENT_3D('',#2990,#2991,#2992);
#2990 = CARTESIAN_POINT('',(-44.52773212469,39.69615108989,
    20.444912387541));
#2991 = DIRECTION('',(-0.927073167117,0.374877476915,-1.490004452024E-03
    ));
#2992 = DIRECTION('',(-0.374877893051,-0.927074196223,1.08905197084E-20)
  );
#2993 = DEFINITIONAL_REPRESENTATION('',(#2994),#2998);
#2994 = LINE('',#2995,#2996);
#2995 = CARTESIAN_POINT('',(-3.722029516296E-03,-7.215915752165));
#2996 = VECTOR('',#2997,1.);
#2997 = DIRECTION('',(-0.998264190559,5.889487114935E-02));
#2998 = ( GEOMETRIC_REPRESENTATION_CONTEXT(2) 
PARAMETRIC_REPRESENTATION_CONTEXT() REPRESENTATION_CONTEXT('2D SPACE',''
  ) );
#2999 = ADVANCED_FACE('',(#3000),#2930,.T.);
#3000 = FACE_BOUND('',#3001,.T.);
#3001 = EDGE_LOOP('',(#3002,#3030,#3031));
#3002 = ORIENTED_EDGE('',*,*,#3003,.F.);
#3003 = EDGE_CURVE('',#2888,#3004,#3006,.T.);
#3004 = VERTEX_POINT('',#3005);
#3005 = CARTESIAN_POINT('',(-42.81075964127,38.143847798532,
    13.241774452932));
#3006 = SURFACE_CURVE('',#3007,(#3011,#3018),.PCURVE_S1.);
#3007 = LINE('',#3008,#3009);
#3008 = CARTESIAN_POINT('',(-42.89636669062,38.127335868546,
    13.240786569268));
#3009 = VECTOR('',#3010,1.);
#3010 = DIRECTION('',(0.981838967147,0.189377585189,1.133017296249E-02)
  );
#3011 = PCURVE('',#2930,#3012);
#3012 = DEFINITIONAL_REPRESENTATION('',(#3013),#3017);
#3013 = LINE('',#3014,#3015);
#3014 = CARTESIAN_POINT('',(-8.561274694716E-02,-1.651194131536E-02));
#3015 = VECTOR('',#3016,1.);
#3016 = DIRECTION('',(0.981904313572,0.189377715132));
#3017 = ( GEOMETRIC_REPRESENTATION_CONTEXT(2) 
PARAMETRIC_REPRESENTATION_CONTEXT() REPRESENTATION_CONTEXT('2D SPACE',''
  ) );
#3018 = PCURVE('',#3019,#3024);
#3019 = PLANE('',#3020);
#3020 = AXIS2_PLACEMENT_3D('',#3021,#3022,#3023);
#3021 = CARTESIAN_POINT('',(-42.81933501023,38.141233701771,
    20.43754302363));
#3022 = DIRECTION('',(0.189391197748,-0.981901704374,-1.310056954715E-04
    ));
#3023 = DIRECTION('',(-0.9819017128,-0.189391199374,2.64639347027E-21));
#3024 = DEFINITIONAL_REPRESENTATION('',(#3025),#3029);
#3025 = LINE('',#3026,#3027);
#3026 = CARTESIAN_POINT('',(7.826966622432E-02,7.196756516119));
#3027 = VECTOR('',#3028,1.);
#3028 = DIRECTION('',(-0.999935811529,-1.133017305972E-02));
#3029 = ( GEOMETRIC_REPRESENTATION_CONTEXT(2) 
PARAMETRIC_REPRESENTATION_CONTEXT() REPRESENTATION_CONTEXT('2D SPACE',''
  ) );
#3030 = ORIENTED_EDGE('',*,*,#2916,.F.);
#3031 = ORIENTED_EDGE('',*,*,#3032,.T.);
#3032 = EDGE_CURVE('',#1153,#3004,#3033,.T.);
#3033 = SURFACE_CURVE('',#3034,(#3038,#3045),.PCURVE_S1.);
#3034 = LINE('',#3035,#3036);
#3035 = CARTESIAN_POINT('',(-52.23284749254,-43.29994395067,
    13.22633161843));
#3036 = VECTOR('',#3037,1.);
#3037 = DIRECTION('',(0.114921738028,0.993374530905,1.883571251962E-04)
  );
#3038 = PCURVE('',#2930,#3039);
#3039 = DEFINITIONAL_REPRESENTATION('',(#3040),#3044);
#3040 = LINE('',#3041,#3042);
#3041 = CARTESIAN_POINT('',(-9.421617443008,-81.44384763261));
#3042 = VECTOR('',#3043,1.);
#3043 = DIRECTION('',(0.114916000432,0.993375212518));
#3044 = ( GEOMETRIC_REPRESENTATION_CONTEXT(2) 
PARAMETRIC_REPRESENTATION_CONTEXT() REPRESENTATION_CONTEXT('2D SPACE',''
  ) );
#3045 = PCURVE('',#3046,#3051);
#3046 = PLANE('',#3047);
#3047 = AXIS2_PLACEMENT_3D('',#3048,#3049,#3050);
#3048 = CARTESIAN_POINT('',(-42.70137675342,38.207695491842,
    13.200251703099));
#3049 = DIRECTION('',(0.376785546529,-4.376509460642E-02,0.925266052777)
  );
#3050 = DIRECTION('',(0.926153447424,1.885198041519E-19,-0.377146910135)
  );
#3051 = DEFINITIONAL_REPRESENTATION('',(#3052),#3056);
#3052 = LINE('',#3053,#3054);
#3053 = CARTESIAN_POINT('',(-8.837440443538,-81.58581095087));
#3054 = VECTOR('',#3055,1.);
#3055 = DIRECTION('',(0.106364125551,0.994327246331));
#3056 = ( GEOMETRIC_REPRESENTATION_CONTEXT(2) 
PARAMETRIC_REPRESENTATION_CONTEXT() REPRESENTATION_CONTEXT('2D SPACE',''
  ) );
#3057 = ADVANCED_FACE('',(#3058),#2961,.T.);
#3058 = FACE_BOUND('',#3059,.T.);
#3059 = EDGE_LOOP('',(#3060,#3088,#3089));
#3060 = ORIENTED_EDGE('',*,*,#3061,.F.);
#3061 = EDGE_CURVE('',#1380,#3062,#3064,.T.);
#3062 = VERTEX_POINT('',#3063);
#3063 = CARTESIAN_POINT('',(-44.43448165323,39.86559769228,
    13.198259200011));
#3064 = SURFACE_CURVE('',#3065,(#3069,#3076),.PCURVE_S1.);
#3065 = LINE('',#3066,#3067);
#3066 = CARTESIAN_POINT('',(-52.22836823508,43.288597828841,
    13.247917573636));
#3067 = VECTOR('',#3068,1.);
#3068 = DIRECTION('',(0.915572496836,-0.402110647722,-5.833526142684E-03
    ));
#3069 = PCURVE('',#2961,#3070);
#3070 = DEFINITIONAL_REPRESENTATION('',(#3071),#3075);
#3071 = LINE('',#3072,#3073);
#3072 = CARTESIAN_POINT('',(3.02308108157,7.957703482417));
#3073 = VECTOR('',#3074,1.);
#3074 = DIRECTION('',(-0.355130892004,-0.934816586045));
#3075 = ( GEOMETRIC_REPRESENTATION_CONTEXT(2) 
PARAMETRIC_REPRESENTATION_CONTEXT() REPRESENTATION_CONTEXT('2D SPACE',''
  ) );
#3076 = PCURVE('',#3077,#3082);
#3077 = PLANE('',#3078);
#3078 = AXIS2_PLACEMENT_3D('',#3079,#3080,#3081);
#3079 = CARTESIAN_POINT('',(-44.32620339174,39.922089853537,
    13.215625387783));
#3080 = DIRECTION('',(-6.86537949244E-02,-0.170578888612,0.982949387915)
  );
#3081 = DIRECTION('',(-5.925588873196E-19,0.985274098101,0.170982313737)
  );
#3082 = DEFINITIONAL_REPRESENTATION('',(#3083),#3087);
#3083 = LINE('',#3084,#3085);
#3084 = CARTESIAN_POINT('',(3.32245450177,7.920853743635));
#3085 = VECTOR('',#3086,1.);
#3086 = DIRECTION('',(-0.397186635568,-0.917737858283));
#3087 = ( GEOMETRIC_REPRESENTATION_CONTEXT(2) 
PARAMETRIC_REPRESENTATION_CONTEXT() REPRESENTATION_CONTEXT('2D SPACE',''
  ) );
#3088 = ORIENTED_EDGE('',*,*,#2945,.T.);
#3089 = ORIENTED_EDGE('',*,*,#3090,.T.);
#3090 = EDGE_CURVE('',#2946,#3062,#3091,.T.);
#3091 = SURFACE_CURVE('',#3092,(#3096,#3103),.PCURVE_S1.);
#3092 = LINE('',#3093,#3094);
#3093 = CARTESIAN_POINT('',(-44.47086871186,39.808122291121,
    13.236166931874));
#3094 = VECTOR('',#3095,1.);
#3095 = DIRECTION('',(0.467252619951,0.7380517356,-0.486779852424));
#3096 = PCURVE('',#2961,#3097);
#3097 = DEFINITIONAL_REPRESENTATION('',(#3098),#3102);
#3098 = LINE('',#3099,#3100);
#3099 = CARTESIAN_POINT('',(-6.844103174387E-02,3.715186513519E-02));
#3100 = VECTOR('',#3101,1.);
#3101 = DIRECTION('',(0.878863326668,-0.477073634817));
#3102 = ( GEOMETRIC_REPRESENTATION_CONTEXT(2) 
PARAMETRIC_REPRESENTATION_CONTEXT() REPRESENTATION_CONTEXT('2D SPACE',''
  ) );
#3103 = PCURVE('',#3104,#3109);
#3104 = PLANE('',#3105);
#3105 = AXIS2_PLACEMENT_3D('',#3106,#3107,#3108);
#3106 = CARTESIAN_POINT('',(-44.46292710513,39.792213655611,
    20.441408876288));
#3107 = DIRECTION('',(-0.844279729458,0.535898563468,2.11378779732E-03)
  );
#3108 = DIRECTION('',(-0.535899760696,-0.844281615627,
    -1.722910792419E-19));
#3109 = DEFINITIONAL_REPRESENTATION('',(#3110),#3114);
#3110 = LINE('',#3111,#3112);
#3111 = CARTESIAN_POINT('',(-9.175463344036E-03,-7.205258041334));
#3112 = VECTOR('',#3113,1.);
#3113 = DIRECTION('',(-0.873524078966,-0.486780939918));
#3114 = ( GEOMETRIC_REPRESENTATION_CONTEXT(2) 
PARAMETRIC_REPRESENTATION_CONTEXT() REPRESENTATION_CONTEXT('2D SPACE',''
  ) );
#3115 = ADVANCED_FACE('',(#3116),#3046,.T.);
#3116 = FACE_BOUND('',#3117,.T.);
#3117 = EDGE_LOOP('',(#3118,#3146,#3147));
#3118 = ORIENTED_EDGE('',*,*,#3119,.F.);
#3119 = EDGE_CURVE('',#3004,#3120,#3122,.T.);
#3120 = VERTEX_POINT('',#3121);
#3121 = CARTESIAN_POINT('',(-42.70137675342,38.207695491842,
    13.200251703099));
#3122 = SURFACE_CURVE('',#3123,(#3127,#3134),.PCURVE_S1.);
#3123 = LINE('',#3124,#3125);
#3124 = CARTESIAN_POINT('',(-42.81075964127,38.143847798532,
    13.241774452932));
#3125 = VECTOR('',#3126,1.);
#3126 = DIRECTION('',(0.820660105813,0.47902606872,-0.311530120879));
#3127 = PCURVE('',#3046,#3128);
#3128 = DEFINITIONAL_REPRESENTATION('',(#3129),#3133);
#3129 = LINE('',#3130,#3131);
#3130 = CARTESIAN_POINT('',(-0.116965515463,-6.39089276992E-02));
#3131 = VECTOR('',#3132,1.);
#3132 = DIRECTION('',(0.877549808665,0.479485488114));
#3133 = ( GEOMETRIC_REPRESENTATION_CONTEXT(2) 
PARAMETRIC_REPRESENTATION_CONTEXT() REPRESENTATION_CONTEXT('2D SPACE',''
  ) );
#3134 = PCURVE('',#3135,#3140);
#3135 = PLANE('',#3136);
#3136 = AXIS2_PLACEMENT_3D('',#3137,#3138,#3139);
#3137 = CARTESIAN_POINT('',(-42.73590616042,38.227599408523,
    20.395943725123));
#3138 = DIRECTION('',(0.505468651914,-0.862831550456,4.812220977312E-03)
  );
#3139 = DIRECTION('',(-0.862841541127,-0.505474504703,5.060202638745E-19
    ));
#3140 = DEFINITIONAL_REPRESENTATION('',(#3141),#3145);
#3141 = LINE('',#3142,#3143);
#3142 = CARTESIAN_POINT('',(0.106920996351,7.154252109863));
#3143 = VECTOR('',#3144,1.);
#3144 = DIRECTION('',(-0.950235095267,0.311533728066));
#3145 = ( GEOMETRIC_REPRESENTATION_CONTEXT(2) 
PARAMETRIC_REPRESENTATION_CONTEXT() REPRESENTATION_CONTEXT('2D SPACE',''
  ) );
#3146 = ORIENTED_EDGE('',*,*,#3032,.F.);
#3147 = ORIENTED_EDGE('',*,*,#3148,.T.);
#3148 = EDGE_CURVE('',#1153,#3120,#3149,.T.);
#3149 = SURFACE_CURVE('',#3150,(#3154,#3161),.PCURVE_S1.);
#3150 = LINE('',#3151,#3152);
#3151 = CARTESIAN_POINT('',(-52.23284749254,-43.29994395067,
    13.22633161843));
#3152 = VECTOR('',#3153,1.);
#3153 = DIRECTION('',(0.116148135181,0.993231850927,-3.178033709899E-04)
  );
#3154 = PCURVE('',#3046,#3155);
#3155 = DEFINITIONAL_REPRESENTATION('',(#3156),#3160);
#3156 = LINE('',#3157,#3158);
#3157 = CARTESIAN_POINT('',(-8.837440443538,-81.58581095087));
#3158 = VECTOR('',#3159,1.);
#3159 = DIRECTION('',(0.107690854369,0.994184429513));
#3160 = ( GEOMETRIC_REPRESENTATION_CONTEXT(2) 
PARAMETRIC_REPRESENTATION_CONTEXT() REPRESENTATION_CONTEXT('2D SPACE',''
  ) );
#3161 = PCURVE('',#1168,#3162);
#3162 = DEFINITIONAL_REPRESENTATION('',(#3163),#3167);
#3163 = LINE('',#3164,#3165);
#3164 = CARTESIAN_POINT('',(0.,0.));
#3165 = VECTOR('',#3166,1.);
#3166 = DIRECTION('',(-0.101343307945,0.994851513511));
#3167 = ( GEOMETRIC_REPRESENTATION_CONTEXT(2) 
PARAMETRIC_REPRESENTATION_CONTEXT() REPRESENTATION_CONTEXT('2D SPACE',''
  ) );
#3168 = ADVANCED_FACE('',(#3169),#3077,.T.);
#3169 = FACE_BOUND('',#3170,.T.);
#3170 = EDGE_LOOP('',(#3171,#3199,#3200));
#3171 = ORIENTED_EDGE('',*,*,#3172,.F.);
#3172 = EDGE_CURVE('',#1380,#3173,#3175,.T.);
#3173 = VERTEX_POINT('',#3174);
#3174 = CARTESIAN_POINT('',(-44.32620339174,39.922089853537,
    13.215625387783));
#3175 = SURFACE_CURVE('',#3176,(#3180,#3187),.PCURVE_S1.);
#3176 = LINE('',#3177,#3178);
#3177 = CARTESIAN_POINT('',(-52.22836823508,43.288597828841,
    13.247917573636));
#3178 = VECTOR('',#3179,1.);
#3179 = DIRECTION('',(0.91998510897,-0.391935282028,-3.759517892794E-03)
  );
#3180 = PCURVE('',#3077,#3181);
#3181 = DEFINITIONAL_REPRESENTATION('',(#3182),#3186);
#3182 = LINE('',#3183,#3184);
#3183 = CARTESIAN_POINT('',(3.32245450177,7.920853743635));
#3184 = VECTOR('',#3185,1.);
#3185 = DIRECTION('',(-0.386806492582,-0.922160906402));
#3186 = ( GEOMETRIC_REPRESENTATION_CONTEXT(2) 
PARAMETRIC_REPRESENTATION_CONTEXT() REPRESENTATION_CONTEXT('2D SPACE',''
  ) );
#3187 = PCURVE('',#3188,#3193);
#3188 = PLANE('',#3189);
#3189 = AXIS2_PLACEMENT_3D('',#3190,#3191,#3192);
#3190 = CARTESIAN_POINT('',(-44.20944671225,40.039952362189,
    13.179071184951));
#3191 = DIRECTION('',(9.323629464809E-02,0.209515907333,0.973349925738)
  );
#3192 = DIRECTION('',(2.201072609242E-18,0.977608378692,-0.210432549551)
  );
#3193 = DEFINITIONAL_REPRESENTATION('',(#3194),#3198);
#3194 = LINE('',#3195,#3196);
#3195 = CARTESIAN_POINT('',(3.161415506501,8.054004691946));
#3196 = VECTOR('',#3197,1.);
#3197 = DIRECTION('',(-0.382368090681,-0.924010088272));
#3198 = ( GEOMETRIC_REPRESENTATION_CONTEXT(2) 
PARAMETRIC_REPRESENTATION_CONTEXT() REPRESENTATION_CONTEXT('2D SPACE',''
  ) );
#3199 = ORIENTED_EDGE('',*,*,#3061,.T.);
#3200 = ORIENTED_EDGE('',*,*,#3201,.T.);
#3201 = EDGE_CURVE('',#3062,#3173,#3202,.T.);
#3202 = SURFACE_CURVE('',#3203,(#3207,#3214),.PCURVE_S1.);
#3203 = LINE('',#3204,#3205);
#3204 = CARTESIAN_POINT('',(-44.43448165323,39.86559769228,
    13.198259200011));
#3205 = VECTOR('',#3206,1.);
#3206 = DIRECTION('',(0.877758187491,0.457953945625,0.140779075076));
#3207 = PCURVE('',#3077,#3208);
#3208 = DEFINITIONAL_REPRESENTATION('',(#3209),#3213);
#3209 = LINE('',#3210,#3211);
#3210 = CARTESIAN_POINT('',(-5.862957419803E-02,0.108534343415));
#3211 = VECTOR('',#3212,1.);
#3212 = DIRECTION('',(0.47528089273,-0.879834116755));
#3213 = ( GEOMETRIC_REPRESENTATION_CONTEXT(2) 
PARAMETRIC_REPRESENTATION_CONTEXT() REPRESENTATION_CONTEXT('2D SPACE',''
  ) );
#3214 = PCURVE('',#3215,#3220);
#3215 = PLANE('',#3216);
#3216 = AXIS2_PLACEMENT_3D('',#3217,#3218,#3219);
#3217 = CARTESIAN_POINT('',(-44.31269008553,39.93768583712,
    20.460456153892));
#3218 = DIRECTION('',(-0.462428422381,0.886655998513,-1.04617150762E-03)
  );
#3219 = DIRECTION('',(0.886656483725,0.46242867544,2.322035178395E-20));
#3220 = DEFINITIONAL_REPRESENTATION('',(#3221),#3225);
#3221 = LINE('',#3222,#3223);
#3222 = CARTESIAN_POINT('',(-0.141322908492,7.26220092803));
#3223 = VECTOR('',#3224,1.);
#3224 = DIRECTION('',(0.990041024569,-0.140779152116));
#3225 = ( GEOMETRIC_REPRESENTATION_CONTEXT(2) 
PARAMETRIC_REPRESENTATION_CONTEXT() REPRESENTATION_CONTEXT('2D SPACE',''
  ) );
#3226 = ADVANCED_FACE('',(#3227),#1168,.F.);
#3227 = FACE_BOUND('',#3228,.F.);
#3228 = EDGE_LOOP('',(#3229,#3230,#3256));
#3229 = ORIENTED_EDGE('',*,*,#3148,.T.);
#3230 = ORIENTED_EDGE('',*,*,#3231,.T.);
#3231 = EDGE_CURVE('',#3120,#1095,#3232,.T.);
#3232 = SURFACE_CURVE('',#3233,(#3237,#3244),.PCURVE_S1.);
#3233 = LINE('',#3234,#3235);
#3234 = CARTESIAN_POINT('',(-42.70137675342,38.207695491842,
    13.200251703099));
#3235 = VECTOR('',#3236,1.);
#3236 = DIRECTION('',(0.537770828451,0.805093770066,-0.250252986932));
#3237 = PCURVE('',#1168,#3238);
#3238 = DEFINITIONAL_REPRESENTATION('',(#3239),#3243);
#3239 = LINE('',#3240,#3241);
#3240 = CARTESIAN_POINT('',(-8.316541395804,81.640553901332));
#3241 = VECTOR('',#3242,1.);
#3242 = DIRECTION('',(-0.591361427069,0.806406635994));
#3243 = ( GEOMETRIC_REPRESENTATION_CONTEXT(2) 
PARAMETRIC_REPRESENTATION_CONTEXT() REPRESENTATION_CONTEXT('2D SPACE',''
  ) );
#3244 = PCURVE('',#3245,#3250);
#3245 = PLANE('',#3246);
#3246 = AXIS2_PLACEMENT_3D('',#3247,#3248,#3249);
#3247 = CARTESIAN_POINT('',(-42.73590616042,38.227599408523,
    20.395943725123));
#3248 = DIRECTION('',(0.832333382792,-0.554247769943,5.52715144577E-03)
  );
#3249 = DIRECTION('',(0.554256236106,0.832346096728,-1.941029682391E-19)
  );
#3250 = DEFINITIONAL_REPRESENTATION('',(#3251),#3255);
#3251 = LINE('',#3252,#3253);
#3252 = CARTESIAN_POINT('',(2.571191796732E-03,-7.195801936591));
#3253 = VECTOR('',#3254,1.);
#3254 = DIRECTION('',(0.968179492279,-0.250256809559));
#3255 = ( GEOMETRIC_REPRESENTATION_CONTEXT(2) 
PARAMETRIC_REPRESENTATION_CONTEXT() REPRESENTATION_CONTEXT('2D SPACE',''
  ) );
#3256 = ORIENTED_EDGE('',*,*,#1152,.F.);
#3257 = ADVANCED_FACE('',(#3258),#3188,.T.);
#3258 = FACE_BOUND('',#3259,.T.);
#3259 = EDGE_LOOP('',(#3260,#3288,#3289));
#3260 = ORIENTED_EDGE('',*,*,#3261,.F.);
#3261 = EDGE_CURVE('',#1380,#3262,#3264,.T.);
#3262 = VERTEX_POINT('',#3263);
#3263 = CARTESIAN_POINT('',(-44.20944671225,40.039952362189,
    13.179071184951));
#3264 = SURFACE_CURVE('',#3265,(#3269,#3276),.PCURVE_S1.);
#3265 = LINE('',#3266,#3267);
#3266 = CARTESIAN_POINT('',(-52.22836823508,43.288597828841,
    13.247917573636));
#3267 = VECTOR('',#3268,1.);
#3268 = DIRECTION('',(0.926801197043,-0.375468010092,-7.957044505735E-03
    ));
#3269 = PCURVE('',#3188,#3270);
#3270 = DEFINITIONAL_REPRESENTATION('',(#3271),#3275);
#3271 = LINE('',#3272,#3273);
#3272 = CARTESIAN_POINT('',(3.161415506501,8.054004691946));
#3273 = VECTOR('',#3274,1.);
#3274 = DIRECTION('',(-0.365386251434,-0.93085599706));
#3275 = ( GEOMETRIC_REPRESENTATION_CONTEXT(2) 
PARAMETRIC_REPRESENTATION_CONTEXT() REPRESENTATION_CONTEXT('2D SPACE',''
  ) );
#3276 = PCURVE('',#3277,#3282);
#3277 = PLANE('',#3278);
#3278 = AXIS2_PLACEMENT_3D('',#3279,#3280,#3281);
#3279 = CARTESIAN_POINT('',(-44.16404099149,40.140643984908,
    13.185489940373));
#3280 = DIRECTION('',(-1.455145053617E-02,-5.707418846283E-02,
    0.998263889109));
#3281 = DIRECTION('',(-5.495442966123E-20,0.998369594446,
    5.708023200144E-02));
#3282 = DEFINITIONAL_REPRESENTATION('',(#3283),#3287);
#3283 = LINE('',#3284,#3285);
#3284 = CARTESIAN_POINT('',(3.146384786292,8.065181168532));
#3285 = VECTOR('',#3286,1.);
#3286 = DIRECTION('',(-0.375310034909,-0.926899335255));
#3287 = ( GEOMETRIC_REPRESENTATION_CONTEXT(2) 
PARAMETRIC_REPRESENTATION_CONTEXT() REPRESENTATION_CONTEXT('2D SPACE',''
  ) );
#3288 = ORIENTED_EDGE('',*,*,#3172,.T.);
#3289 = ORIENTED_EDGE('',*,*,#3290,.T.);
#3290 = EDGE_CURVE('',#3173,#3262,#3291,.T.);
#3291 = SURFACE_CURVE('',#3292,(#3296,#3303),.PCURVE_S1.);
#3292 = LINE('',#3293,#3294);
#3293 = CARTESIAN_POINT('',(-44.32620339174,39.922089853537,
    13.215625387783));
#3294 = VECTOR('',#3295,1.);
#3295 = DIRECTION('',(0.687280944091,0.693790338758,-0.215174045217));
#3296 = PCURVE('',#3188,#3297);
#3297 = DEFINITIONAL_REPRESENTATION('',(#3298),#3302);
#3298 = LINE('',#3299,#3300);
#3299 = CARTESIAN_POINT('',(-0.122915570091,0.117267495609));
#3300 = VECTOR('',#3301,1.);
#3301 = DIRECTION('',(0.723534871158,-0.690287831429));
#3302 = ( GEOMETRIC_REPRESENTATION_CONTEXT(2) 
PARAMETRIC_REPRESENTATION_CONTEXT() REPRESENTATION_CONTEXT('2D SPACE',''
  ) );
#3303 = PCURVE('',#3304,#3309);
#3304 = PLANE('',#3305);
#3305 = AXIS2_PLACEMENT_3D('',#3306,#3307,#3308);
#3306 = CARTESIAN_POINT('',(-44.32620339174,39.922089853537,
    13.215625387783));
#3307 = DIRECTION('',(0.710461103766,-0.703736445004,1.897606227376E-04)
  );
#3308 = DIRECTION('',(0.703736457675,0.710461116557,-2.999955903634E-21)
  );
#3309 = DEFINITIONAL_REPRESENTATION('',(#3310),#3314);
#3310 = LINE('',#3311,#3312);
#3311 = CARTESIAN_POINT('',(0.,0.));
#3312 = VECTOR('',#3313,1.);
#3313 = DIRECTION('',(0.976575715753,-0.215174049092));
#3314 = ( GEOMETRIC_REPRESENTATION_CONTEXT(2) 
PARAMETRIC_REPRESENTATION_CONTEXT() REPRESENTATION_CONTEXT('2D SPACE',''
  ) );
#3315 = ADVANCED_FACE('',(#3316),#3277,.T.);
#3316 = FACE_BOUND('',#3317,.T.);
#3317 = EDGE_LOOP('',(#3318,#3346,#3347));
#3318 = ORIENTED_EDGE('',*,*,#3319,.F.);
#3319 = EDGE_CURVE('',#1380,#3320,#3322,.T.);
#3320 = VERTEX_POINT('',#3321);
#3321 = CARTESIAN_POINT('',(-44.16404099149,40.140643984908,
    13.185489940373));
#3322 = SURFACE_CURVE('',#3323,(#3327,#3334),.PCURVE_S1.);
#3323 = LINE('',#3324,#3325);
#3324 = CARTESIAN_POINT('',(-52.22836823508,43.288597828841,
    13.247917573636));
#3325 = VECTOR('',#3326,1.);
#3326 = DIRECTION('',(0.931518213081,-0.363623182813,-7.211076091884E-03
    ));
#3327 = PCURVE('',#3277,#3328);
#3328 = DEFINITIONAL_REPRESENTATION('',(#3329),#3333);
#3329 = LINE('',#3330,#3331);
#3330 = CARTESIAN_POINT('',(3.146384786292,8.065181168532));
#3331 = VECTOR('',#3332,1.);
#3332 = DIRECTION('',(-0.363441939453,-0.931616850774));
#3333 = ( GEOMETRIC_REPRESENTATION_CONTEXT(2) 
PARAMETRIC_REPRESENTATION_CONTEXT() REPRESENTATION_CONTEXT('2D SPACE',''
  ) );
#3334 = PCURVE('',#3335,#3340);
#3335 = PLANE('',#3336);
#3336 = AXIS2_PLACEMENT_3D('',#3337,#3338,#3339);
#3337 = CARTESIAN_POINT('',(-44.01194103708,40.177765120515,
    13.230595762259));
#3338 = DIRECTION('',(-0.159759778124,-0.426918534354,0.890065940433));
#3339 = DIRECTION('',(1.422042415773E-18,0.901646762253,0.432473254801)
  );
#3340 = DEFINITIONAL_REPRESENTATION('',(#3341),#3345);
#3341 = LINE('',#3342,#3343);
#3342 = CARTESIAN_POINT('',(2.812363459518,8.323332737307));
#3343 = VECTOR('',#3344,1.);
#3344 = DIRECTION('',(-0.330978263012,-0.943638378519));
#3345 = ( GEOMETRIC_REPRESENTATION_CONTEXT(2) 
PARAMETRIC_REPRESENTATION_CONTEXT() REPRESENTATION_CONTEXT('2D SPACE',''
  ) );
#3346 = ORIENTED_EDGE('',*,*,#3261,.T.);
#3347 = ORIENTED_EDGE('',*,*,#3348,.T.);
#3348 = EDGE_CURVE('',#3262,#3320,#3349,.T.);
#3349 = SURFACE_CURVE('',#3350,(#3354,#3361),.PCURVE_S1.);
#3350 = LINE('',#3351,#3352);
#3351 = CARTESIAN_POINT('',(-44.20944671225,40.039952362189,
    13.179071184951));
#3352 = VECTOR('',#3353,1.);
#3353 = DIRECTION('',(0.410383615337,0.910065768772,5.801366022724E-02)
  );
#3354 = PCURVE('',#3277,#3355);
#3355 = DEFINITIONAL_REPRESENTATION('',(#3356),#3360);
#3356 = LINE('',#3357,#3358);
#3357 = CARTESIAN_POINT('',(-0.100893838587,4.541052872946E-02));
#3358 = VECTOR('',#3359,1.);
#3359 = DIRECTION('',(0.911893425673,-0.410427070519));
#3360 = ( GEOMETRIC_REPRESENTATION_CONTEXT(2) 
PARAMETRIC_REPRESENTATION_CONTEXT() REPRESENTATION_CONTEXT('2D SPACE',''
  ) );
#3361 = PCURVE('',#3362,#3367);
#3362 = PLANE('',#3363);
#3363 = AXIS2_PLACEMENT_3D('',#3364,#3365,#3366);
#3364 = CARTESIAN_POINT('',(-44.11326039511,40.101615993614,
    20.438960757734));
#3365 = DIRECTION('',(-0.91177259042,0.410605543389,8.592502410684E-03)
  );
#3366 = DIRECTION('',(-0.410620701957,-0.911806250869,6.644777056139E-19
    ));
#3367 = DEFINITIONAL_REPRESENTATION('',(#3368),#3372);
#3368 = LINE('',#3369,#3370);
#3369 = CARTESIAN_POINT('',(9.572137764818E-02,-7.260157590432));
#3370 = VECTOR('',#3371,1.);
#3371 = DIRECTION('',(-0.99831566487,5.801580195194E-02));
#3372 = ( GEOMETRIC_REPRESENTATION_CONTEXT(2) 
PARAMETRIC_REPRESENTATION_CONTEXT() REPRESENTATION_CONTEXT('2D SPACE',''
  ) );
#3373 = ADVANCED_FACE('',(#3374),#3335,.T.);
#3374 = FACE_BOUND('',#3375,.T.);
#3375 = EDGE_LOOP('',(#3376,#3404,#3405));
#3376 = ORIENTED_EDGE('',*,*,#3377,.F.);
#3377 = EDGE_CURVE('',#1380,#3378,#3380,.T.);
#3378 = VERTEX_POINT('',#3379);
#3379 = CARTESIAN_POINT('',(-44.01194103708,40.177765120515,
    13.230595762259));
#3380 = SURFACE_CURVE('',#3381,(#3385,#3392),.PCURVE_S1.);
#3381 = LINE('',#3382,#3383);
#3382 = CARTESIAN_POINT('',(-52.22836823508,43.288597828841,
    13.247917573636));
#3383 = VECTOR('',#3384,1.);
#3384 = DIRECTION('',(0.935212300366,-0.354082004635,-1.971607691933E-03
    ));
#3385 = PCURVE('',#3335,#3386);
#3386 = DEFINITIONAL_REPRESENTATION('',(#3387),#3391);
#3387 = LINE('',#3388,#3389);
#3388 = CARTESIAN_POINT('',(2.812363459518,8.323332737307));
#3389 = VECTOR('',#3390,1.);
#3390 = DIRECTION('',(-0.320109560647,-0.947380530295));
#3391 = ( GEOMETRIC_REPRESENTATION_CONTEXT(2) 
PARAMETRIC_REPRESENTATION_CONTEXT() REPRESENTATION_CONTEXT('2D SPACE',''
  ) );
#3392 = PCURVE('',#3393,#3398);
#3393 = PLANE('',#3394);
#3394 = AXIS2_PLACEMENT_3D('',#3395,#3396,#3397);
#3395 = CARTESIAN_POINT('',(-43.97011018021,40.237980696565,
    13.200167043586));
#3396 = DIRECTION('',(0.140831194492,0.366847377685,0.91955944677));
#3397 = DIRECTION('',(-6.516955542065E-19,0.928816380992,-0.370540322232
    ));
#3398 = DEFINITIONAL_REPRESENTATION('',(#3399),#3403);
#3399 = LINE('',#3400,#3401);
#3400 = CARTESIAN_POINT('',(2.815769667802,8.341391507392));
#3401 = VECTOR('',#3402,1.);
#3402 = DIRECTION('',(-0.32814660597,-0.944626807258));
#3403 = ( GEOMETRIC_REPRESENTATION_CONTEXT(2) 
PARAMETRIC_REPRESENTATION_CONTEXT() REPRESENTATION_CONTEXT('2D SPACE',''
  ) );
#3404 = ORIENTED_EDGE('',*,*,#3319,.T.);
#3405 = ORIENTED_EDGE('',*,*,#3406,.T.);
#3406 = EDGE_CURVE('',#3320,#3378,#3407,.T.);
#3407 = SURFACE_CURVE('',#3408,(#3412,#3419),.PCURVE_S1.);
#3408 = LINE('',#3409,#3410);
#3409 = CARTESIAN_POINT('',(-44.16404099149,40.140643984908,
    13.185489940373));
#3410 = VECTOR('',#3411,1.);
#3411 = DIRECTION('',(0.933516707478,0.227831759876,0.276837941858));
#3412 = PCURVE('',#3335,#3413);
#3413 = DEFINITIONAL_REPRESENTATION('',(#3414),#3418);
#3414 = LINE('',#3415,#3416);
#3415 = CARTESIAN_POINT('',(-5.297721333284E-02,0.154078956627));
#3416 = VECTOR('',#3417,1.);
#3417 = DIRECTION('',(0.325148774398,-0.945662875716));
#3418 = ( GEOMETRIC_REPRESENTATION_CONTEXT(2) 
PARAMETRIC_REPRESENTATION_CONTEXT() REPRESENTATION_CONTEXT('2D SPACE',''
  ) );
#3419 = PCURVE('',#3420,#3425);
#3420 = PLANE('',#3421);
#3421 = AXIS2_PLACEMENT_3D('',#3422,#3423,#3424);
#3422 = CARTESIAN_POINT('',(-44.11326039511,40.101615993614,
    20.438960757734));
#3423 = DIRECTION('',(-0.23902285129,0.970989441738,6.897868851733E-03)
  );
#3424 = DIRECTION('',(0.97101254269,0.239028537917,-1.929283732713E-19)
  );
#3425 = DEFINITIONAL_REPRESENTATION('',(#3426),#3430);
#3426 = LINE('',#3427,#3428);
#3427 = CARTESIAN_POINT('',(-3.99797923203E-02,7.253643385746));
#3428 = VECTOR('',#3429,1.);
#3429 = DIRECTION('',(0.960914724226,-0.27684452815));
#3430 = ( GEOMETRIC_REPRESENTATION_CONTEXT(2) 
PARAMETRIC_REPRESENTATION_CONTEXT() REPRESENTATION_CONTEXT('2D SPACE',''
  ) );
#3431 = ADVANCED_FACE('',(#3432),#3393,.T.);
#3432 = FACE_BOUND('',#3433,.T.);
#3433 = EDGE_LOOP('',(#3434,#3462,#3463));
#3434 = ORIENTED_EDGE('',*,*,#3435,.F.);
#3435 = EDGE_CURVE('',#1380,#3436,#3438,.T.);
#3436 = VERTEX_POINT('',#3437);
#3437 = CARTESIAN_POINT('',(-43.97011018021,40.237980696565,
    13.200167043586));
#3438 = SURFACE_CURVE('',#3439,(#3443,#3450),.PCURVE_S1.);
#3439 = LINE('',#3440,#3441);
#3440 = CARTESIAN_POINT('',(-52.22836823508,43.288597828841,
    13.247917573636));
#3441 = VECTOR('',#3442,1.);
#3442 = DIRECTION('',(0.938030471063,-0.346510342328,-5.423837799536E-03
    ));
#3443 = PCURVE('',#3393,#3444);
#3444 = DEFINITIONAL_REPRESENTATION('',(#3445),#3449);
#3445 = LINE('',#3446,#3447);
#3446 = CARTESIAN_POINT('',(2.815769667802,8.341391507392));
#3447 = VECTOR('',#3448,1.);
#3448 = DIRECTION('',(-0.319834731531,-0.94747334765));
#3449 = ( GEOMETRIC_REPRESENTATION_CONTEXT(2) 
PARAMETRIC_REPRESENTATION_CONTEXT() REPRESENTATION_CONTEXT('2D SPACE',''
  ) );
#3450 = PCURVE('',#3451,#3456);
#3451 = PLANE('',#3452);
#3452 = AXIS2_PLACEMENT_3D('',#3453,#3454,#3455);
#3453 = CARTESIAN_POINT('',(-43.81466277832,40.303638262519,
    13.24071230859));
#3454 = DIRECTION('',(-0.111699821136,-0.317121614762,0.941783962174));
#3455 = DIRECTION('',(-6.884098986229E-18,0.947714767199,0.319118661369)
  );
#3456 = DEFINITIONAL_REPRESENTATION('',(#3457),#3461);
#3457 = LINE('',#3458,#3459);
#3458 = CARTESIAN_POINT('',(2.83118959503,8.466690056836));
#3459 = VECTOR('',#3460,1.);
#3460 = DIRECTION('',(-0.330123816269,-0.943937638794));
#3461 = ( GEOMETRIC_REPRESENTATION_CONTEXT(2) 
PARAMETRIC_REPRESENTATION_CONTEXT() REPRESENTATION_CONTEXT('2D SPACE',''
  ) );
#3462 = ORIENTED_EDGE('',*,*,#3377,.T.);
#3463 = ORIENTED_EDGE('',*,*,#3464,.T.);
#3464 = EDGE_CURVE('',#3378,#3436,#3465,.T.);
#3465 = SURFACE_CURVE('',#3466,(#3470,#3477),.PCURVE_S1.);
#3466 = LINE('',#3467,#3468);
#3467 = CARTESIAN_POINT('',(-44.01194103708,40.177765120515,
    13.230595762259));
#3468 = VECTOR('',#3469,1.);
#3469 = DIRECTION('',(0.526950546485,0.758546037038,-0.383315837468));
#3470 = PCURVE('',#3393,#3471);
#3471 = DEFINITIONAL_REPRESENTATION('',(#3472),#3476);
#3472 = LINE('',#3473,#3474);
#3473 = CARTESIAN_POINT('',(-6.720428064813E-02,4.225195579274E-02));
#3474 = VECTOR('',#3475,1.);
#3475 = DIRECTION('',(0.84658395887,-0.532255202497));
#3476 = ( GEOMETRIC_REPRESENTATION_CONTEXT(2) 
PARAMETRIC_REPRESENTATION_CONTEXT() REPRESENTATION_CONTEXT('2D SPACE',''
  ) );
#3477 = PCURVE('',#3478,#3483);
#3478 = PLANE('',#3479);
#3479 = AXIS2_PLACEMENT_3D('',#3480,#3481,#3482);
#3480 = CARTESIAN_POINT('',(-44.04265644184,40.160761683572,
    20.400720817943));
#3481 = DIRECTION('',(-0.821788747155,0.569788162174,-2.169169544643E-03
    ));
#3482 = DIRECTION('',(-0.569789502689,-0.821790680542,8.784758151815E-21
    ));
#3483 = DEFINITIONAL_REPRESENTATION('',(#3484),#3488);
#3484 = LINE('',#3485,#3486);
#3485 = CARTESIAN_POINT('',(-3.147458121478E-02,-7.170141924526));
#3486 = VECTOR('',#3487,1.);
#3487 = DIRECTION('',(-0.923616953823,-0.383316739279));
#3488 = ( GEOMETRIC_REPRESENTATION_CONTEXT(2) 
PARAMETRIC_REPRESENTATION_CONTEXT() REPRESENTATION_CONTEXT('2D SPACE',''
  ) );
#3489 = ADVANCED_FACE('',(#3490),#3451,.T.);
#3490 = FACE_BOUND('',#3491,.T.);
#3491 = EDGE_LOOP('',(#3492,#3520,#3521));
#3492 = ORIENTED_EDGE('',*,*,#3493,.F.);
#3493 = EDGE_CURVE('',#1380,#3494,#3496,.T.);
#3494 = VERTEX_POINT('',#3495);
#3495 = CARTESIAN_POINT('',(-43.81466277832,40.303638262519,
    13.24071230859));
#3496 = SURFACE_CURVE('',#3497,(#3501,#3508),.PCURVE_S1.);
#3497 = LINE('',#3498,#3499);
#3498 = CARTESIAN_POINT('',(-52.22836823508,43.288597828841,
    13.247917573636));
#3499 = VECTOR('',#3500,1.);
#3500 = DIRECTION('',(0.942446811338,-0.334355135167,-8.070854276737E-04
    ));
#3501 = PCURVE('',#3451,#3502);
#3502 = DEFINITIONAL_REPRESENTATION('',(#3503),#3507);
#3503 = LINE('',#3504,#3505);
#3504 = CARTESIAN_POINT('',(2.83118959503,8.466690056836));
#3505 = VECTOR('',#3506,1.);
#3506 = DIRECTION('',(-0.317130855108,-0.948381790598));
#3507 = ( GEOMETRIC_REPRESENTATION_CONTEXT(2) 
PARAMETRIC_REPRESENTATION_CONTEXT() REPRESENTATION_CONTEXT('2D SPACE',''
  ) );
#3508 = PCURVE('',#3509,#3514);
#3509 = PLANE('',#3510);
#3510 = AXIS2_PLACEMENT_3D('',#3511,#3512,#3513);
#3511 = CARTESIAN_POINT('',(-43.68004011594,40.291030214116,
    13.229081376093));
#3512 = DIRECTION('',(0.110576874562,0.309403194194,0.944479972384));
#3513 = DIRECTION('',(-2.915218340308E-18,0.950307663731,-0.311312293773
    ));
#3514 = DEFINITIONAL_REPRESENTATION('',(#3515),#3519);
#3515 = LINE('',#3516,#3517);
#3516 = CARTESIAN_POINT('',(2.842747536961,8.601073565602));
#3517 = VECTOR('',#3518,1.);
#3518 = DIRECTION('',(-0.317488991741,-0.948261957543));
#3519 = ( GEOMETRIC_REPRESENTATION_CONTEXT(2) 
PARAMETRIC_REPRESENTATION_CONTEXT() REPRESENTATION_CONTEXT('2D SPACE',''
  ) );
#3520 = ORIENTED_EDGE('',*,*,#3435,.T.);
#3521 = ORIENTED_EDGE('',*,*,#3522,.T.);
#3522 = EDGE_CURVE('',#3436,#3494,#3523,.T.);
#3523 = SURFACE_CURVE('',#3524,(#3528,#3535),.PCURVE_S1.);
#3524 = LINE('',#3525,#3526);
#3525 = CARTESIAN_POINT('',(-43.97011018021,40.237980696565,
    13.200167043586));
#3526 = VECTOR('',#3527,1.);
#3527 = DIRECTION('',(0.895705303367,0.37832623329,0.233626348527));
#3528 = PCURVE('',#3451,#3529);
#3529 = DEFINITIONAL_REPRESENTATION('',(#3530),#3534);
#3530 = LINE('',#3531,#3532);
#3531 = CARTESIAN_POINT('',(-7.516339552575E-02,0.156426318783));
#3532 = VECTOR('',#3533,1.);
#3533 = DIRECTION('',(0.433099885709,-0.901345931925));
#3534 = ( GEOMETRIC_REPRESENTATION_CONTEXT(2) 
PARAMETRIC_REPRESENTATION_CONTEXT() REPRESENTATION_CONTEXT('2D SPACE',''
  ) );
#3535 = PCURVE('',#3536,#3541);
#3536 = PLANE('',#3537);
#3537 = AXIS2_PLACEMENT_3D('',#3538,#3539,#3540);
#3538 = CARTESIAN_POINT('',(-43.90469732895,40.230646724001,
    20.431768570895));
#3539 = DIRECTION('',(-0.390077416972,0.920771251383,4.462218642862E-03)
  );
#3540 = DIRECTION('',(0.92078041844,0.390081300522,1.012552144794E-19));
#3541 = DEFINITIONAL_REPRESENTATION('',(#3542),#3546);
#3542 = LINE('',#3543,#3544);
#3543 = CARTESIAN_POINT('',(-5.737002700253E-02,7.231673524023));
#3544 = VECTOR('',#3545,1.);
#3545 = DIRECTION('',(0.972325893136,-0.233628674475));
#3546 = ( GEOMETRIC_REPRESENTATION_CONTEXT(2) 
PARAMETRIC_REPRESENTATION_CONTEXT() REPRESENTATION_CONTEXT('2D SPACE',''
  ) );
#3547 = ADVANCED_FACE('',(#3548),#3509,.T.);
#3548 = FACE_BOUND('',#3549,.T.);
#3549 = EDGE_LOOP('',(#3550,#3578,#3579));
#3550 = ORIENTED_EDGE('',*,*,#3551,.F.);
#3551 = EDGE_CURVE('',#1380,#3552,#3554,.T.);
#3552 = VERTEX_POINT('',#3553);
#3553 = CARTESIAN_POINT('',(-43.68004011594,40.291030214116,
    13.229081376093));
#3554 = SURFACE_CURVE('',#3555,(#3559,#3566),.PCURVE_S1.);
#3555 = LINE('',#3556,#3557);
#3556 = CARTESIAN_POINT('',(-52.22836823508,43.288597828841,
    13.247917573636));
#3557 = VECTOR('',#3558,1.);
#3558 = DIRECTION('',(0.943661581066,-0.330905570684,-2.079353495394E-03
    ));
#3559 = PCURVE('',#3509,#3560);
#3560 = DEFINITIONAL_REPRESENTATION('',(#3561),#3565);
#3561 = LINE('',#3562,#3563);
#3562 = CARTESIAN_POINT('',(2.842747536961,8.601073565602));
#3563 = VECTOR('',#3564,1.);
#3564 = DIRECTION('',(-0.313814771486,-0.949484222722));
#3565 = ( GEOMETRIC_REPRESENTATION_CONTEXT(2) 
PARAMETRIC_REPRESENTATION_CONTEXT() REPRESENTATION_CONTEXT('2D SPACE',''
  ) );
#3566 = PCURVE('',#3567,#3572);
#3567 = PLANE('',#3568);
#3568 = AXIS2_PLACEMENT_3D('',#3569,#3570,#3571);
#3569 = CARTESIAN_POINT('',(-43.56271634503,40.321951145227,
    13.211835589867));
#3570 = DIRECTION('',(8.232110509642E-02,0.228664185487,0.970018518344)
  );
#3571 = DIRECTION('',(-2.995686425954E-18,0.97332211207,-0.229442947494)
  );
#3572 = DEFINITIONAL_REPRESENTATION('',(#3573),#3577);
#3573 = LINE('',#3574,#3575);
#3574 = CARTESIAN_POINT('',(2.879224059154,8.695164515508));
#3575 = VECTOR('',#3576,1.);
#3576 = DIRECTION('',(-0.321600615959,-0.946875410925));
#3577 = ( GEOMETRIC_REPRESENTATION_CONTEXT(2) 
PARAMETRIC_REPRESENTATION_CONTEXT() REPRESENTATION_CONTEXT('2D SPACE',''
  ) );
#3578 = ORIENTED_EDGE('',*,*,#3493,.T.);
#3579 = ORIENTED_EDGE('',*,*,#3580,.T.);
#3580 = EDGE_CURVE('',#3494,#3552,#3581,.T.);
#3581 = SURFACE_CURVE('',#3582,(#3586,#3593),.PCURVE_S1.);
#3582 = LINE('',#3583,#3584);
#3583 = CARTESIAN_POINT('',(-43.81466277832,40.303638262519,
    13.24071230859));
#3584 = VECTOR('',#3585,1.);
#3585 = DIRECTION('',(0.99197974403,-9.290358996933E-02,
    -8.570361955949E-02));
#3586 = PCURVE('',#3509,#3587);
#3587 = DEFINITIONAL_REPRESENTATION('',(#3588),#3592);
#3588 = LINE('',#3589,#3590);
#3589 = CARTESIAN_POINT('',(8.360672747223E-03,0.135453319837));
#3590 = VECTOR('',#3591,1.);
#3591 = DIRECTION('',(-6.160640314625E-02,-0.998100521536));
#3592 = ( GEOMETRIC_REPRESENTATION_CONTEXT(2) 
PARAMETRIC_REPRESENTATION_CONTEXT() REPRESENTATION_CONTEXT('2D SPACE',''
  ) );
#3593 = PCURVE('',#3594,#3599);
#3594 = PLANE('',#3595);
#3595 = AXIS2_PLACEMENT_3D('',#3596,#3597,#3598);
#3596 = CARTESIAN_POINT('',(-43.82722534756,40.27871226215,
    20.407612224672));
#3597 = DIRECTION('',(9.355666237045E-02,0.995607351496,
    3.626647722658E-03));
#3598 = DIRECTION('',(0.99561389896,-9.355727763197E-02,
    5.640245707333E-20));
#3599 = DEFINITIONAL_REPRESENTATION('',(#3600),#3604);
#3600 = LINE('',#3601,#3602);
#3601 = CARTESIAN_POINT('',(1.017545980282E-02,7.166947048136));
#3602 = VECTOR('',#3603,1.);
#3603 = DIRECTION('',(0.996320627602,8.570418317663E-02));
#3604 = ( GEOMETRIC_REPRESENTATION_CONTEXT(2) 
PARAMETRIC_REPRESENTATION_CONTEXT() REPRESENTATION_CONTEXT('2D SPACE',''
  ) );
#3605 = ADVANCED_FACE('',(#3606),#3567,.T.);
#3606 = FACE_BOUND('',#3607,.T.);
#3607 = EDGE_LOOP('',(#3608,#3636,#3637));
#3608 = ORIENTED_EDGE('',*,*,#3609,.F.);
#3609 = EDGE_CURVE('',#1380,#3610,#3612,.T.);
#3610 = VERTEX_POINT('',#3611);
#3611 = CARTESIAN_POINT('',(-43.56271634503,40.321951145227,
    13.211835589867));
#3612 = SURFACE_CURVE('',#3613,(#3617,#3624),.PCURVE_S1.);
#3613 = LINE('',#3614,#3615);
#3614 = CARTESIAN_POINT('',(-52.22836823508,43.288597828841,
    13.247917573636));
#3615 = VECTOR('',#3616,1.);
#3616 = DIRECTION('',(0.946087021234,-0.323888607523,-3.939310853526E-03
    ));
#3617 = PCURVE('',#3567,#3618);
#3618 = DEFINITIONAL_REPRESENTATION('',(#3619),#3623);
#3619 = LINE('',#3620,#3621);
#3620 = CARTESIAN_POINT('',(2.879224059154,8.695164515508));
#3621 = VECTOR('',#3622,1.);
#3622 = DIRECTION('',(-0.314344096457,-0.949309111419));
#3623 = ( GEOMETRIC_REPRESENTATION_CONTEXT(2) 
PARAMETRIC_REPRESENTATION_CONTEXT() REPRESENTATION_CONTEXT('2D SPACE',''
  ) );
#3624 = PCURVE('',#3625,#3630);
#3625 = PLANE('',#3626);
#3626 = AXIS2_PLACEMENT_3D('',#3627,#3628,#3629);
#3627 = CARTESIAN_POINT('',(-43.48703153822,40.387218688562,
    13.232657258359));
#3628 = DIRECTION('',(-7.306011724723E-02,-0.225227180666,0.971563140695
    ));
#3629 = DIRECTION('',(-4.10683966184E-18,0.974166563224,0.225830704505)
  );
#3630 = DEFINITIONAL_REPRESENTATION('',(#3631),#3635);
#3631 = LINE('',#3632,#3633);
#3632 = CARTESIAN_POINT('',(2.829872793443,8.764760180051));
#3633 = VECTOR('',#3634,1.);
#3634 = DIRECTION('',(-0.316411069004,-0.948622177377));
#3635 = ( GEOMETRIC_REPRESENTATION_CONTEXT(2) 
PARAMETRIC_REPRESENTATION_CONTEXT() REPRESENTATION_CONTEXT('2D SPACE',''
  ) );
#3636 = ORIENTED_EDGE('',*,*,#3551,.T.);
#3637 = ORIENTED_EDGE('',*,*,#3638,.T.);
#3638 = EDGE_CURVE('',#3552,#3610,#3639,.T.);
#3639 = SURFACE_CURVE('',#3640,(#3644,#3651),.PCURVE_S1.);
#3640 = LINE('',#3641,#3642);
#3641 = CARTESIAN_POINT('',(-43.68004011594,40.291030214116,
    13.229081376093));
#3642 = VECTOR('',#3643,1.);
#3643 = DIRECTION('',(0.957357950251,0.252313738294,-0.140725024636));
#3644 = PCURVE('',#3567,#3645);
#3645 = DEFINITIONAL_REPRESENTATION('',(#3646),#3650);
#3646 = LINE('',#3647,#3648);
#3647 = CARTESIAN_POINT('',(-3.405294999956E-02,0.117723340674));
#3648 = VECTOR('',#3649,1.);
#3649 = DIRECTION('',(0.277870905099,-0.960618425859));
#3650 = ( GEOMETRIC_REPRESENTATION_CONTEXT(2) 
PARAMETRIC_REPRESENTATION_CONTEXT() REPRESENTATION_CONTEXT('2D SPACE',''
  ) );
#3651 = PCURVE('',#3652,#3657);
#3652 = PLANE('',#3653);
#3653 = AXIS2_PLACEMENT_3D('',#3654,#3655,#3656);
#3654 = CARTESIAN_POINT('',(-43.67453126936,40.309896719484,
    20.438015548751));
#3655 = DIRECTION('',(-0.255170111715,0.966893354872,-2.335463921512E-03
    ));
#3656 = DIRECTION('',(0.96689599179,0.255170807617,1.320290627314E-19));
#3657 = DEFINITIONAL_REPRESENTATION('',(#3658),#3662);
#3658 = LINE('',#3659,#3660);
#3659 = CARTESIAN_POINT('',(-1.014066308748E-02,7.208953832913));
#3660 = VECTOR('',#3661,1.);
#3661 = DIRECTION('',(0.99004866518,0.140725408423));
#3662 = ( GEOMETRIC_REPRESENTATION_CONTEXT(2) 
PARAMETRIC_REPRESENTATION_CONTEXT() REPRESENTATION_CONTEXT('2D SPACE',''
  ) );
#3663 = ADVANCED_FACE('',(#3664),#3625,.T.);
#3664 = FACE_BOUND('',#3665,.T.);
#3665 = EDGE_LOOP('',(#3666,#3694,#3695));
#3666 = ORIENTED_EDGE('',*,*,#3667,.F.);
#3667 = EDGE_CURVE('',#1380,#3668,#3670,.T.);
#3668 = VERTEX_POINT('',#3669);
#3669 = CARTESIAN_POINT('',(-43.48703153822,40.387218688562,
    13.232657258359));
#3670 = SURFACE_CURVE('',#3671,(#3675,#3682),.PCURVE_S1.);
#3671 = LINE('',#3672,#3673);
#3672 = CARTESIAN_POINT('',(-52.22836823508,43.288597828841,
    13.247917573636));
#3673 = VECTOR('',#3674,1.);
#3674 = DIRECTION('',(0.949085110877,-0.315015407659,-1.656879092827E-03
    ));
#3675 = PCURVE('',#3625,#3676);
#3676 = DEFINITIONAL_REPRESENTATION('',(#3677),#3681);
#3677 = LINE('',#3678,#3679);
#3678 = CARTESIAN_POINT('',(2.829872793443,8.764760180051));
#3679 = VECTOR('',#3680,1.);
#3680 = DIRECTION('',(-0.307251651214,-0.95162830077));
#3681 = ( GEOMETRIC_REPRESENTATION_CONTEXT(2) 
PARAMETRIC_REPRESENTATION_CONTEXT() REPRESENTATION_CONTEXT('2D SPACE',''
  ) );
#3682 = PCURVE('',#3683,#3688);
#3683 = PLANE('',#3684);
#3684 = AXIS2_PLACEMENT_3D('',#3685,#3686,#3687);
#3685 = CARTESIAN_POINT('',(-43.36481692073,40.361504639014,
    13.252771357981));
#3686 = DIRECTION('',(-0.257944944667,-0.780139775766,0.569952924186));
#3687 = DIRECTION('',(-2.490202071231E-17,-0.589915904327,-0.80746469014
    ));
#3688 = DEFINITIONAL_REPRESENTATION('',(#3689),#3693);
#3689 = LINE('',#3690,#3691);
#3690 = CARTESIAN_POINT('',(-1.722819566653,-9.174003092661));
#3691 = VECTOR('',#3692,1.);
#3692 = DIRECTION('',(0.187170470449,0.982327447948));
#3693 = ( GEOMETRIC_REPRESENTATION_CONTEXT(2) 
PARAMETRIC_REPRESENTATION_CONTEXT() REPRESENTATION_CONTEXT('2D SPACE',''
  ) );
#3694 = ORIENTED_EDGE('',*,*,#3609,.T.);
#3695 = ORIENTED_EDGE('',*,*,#3696,.T.);
#3696 = EDGE_CURVE('',#3610,#3668,#3697,.T.);
#3697 = SURFACE_CURVE('',#3698,(#3702,#3709),.PCURVE_S1.);
#3698 = LINE('',#3699,#3700);
#3699 = CARTESIAN_POINT('',(-43.56271634503,40.321951145227,
    13.211835589867));
#3700 = VECTOR('',#3701,1.);
#3701 = DIRECTION('',(0.741381660109,0.639337823088,0.203961717051));
#3702 = PCURVE('',#3625,#3703);
#3703 = DEFINITIONAL_REPRESENTATION('',(#3704),#3708);
#3704 = LINE('',#3705,#3706);
#3705 = CARTESIAN_POINT('',(-6.828363044527E-02,7.588761353081E-02));
#3706 = VECTOR('',#3707,1.);
#3707 = DIRECTION('',(0.668882348111,-0.743368283145));
#3708 = ( GEOMETRIC_REPRESENTATION_CONTEXT(2) 
PARAMETRIC_REPRESENTATION_CONTEXT() REPRESENTATION_CONTEXT('2D SPACE',''
  ) );
#3709 = PCURVE('',#3710,#3715);
#3710 = PLANE('',#3711);
#3711 = AXIS2_PLACEMENT_3D('',#3712,#3713,#3714);
#3712 = CARTESIAN_POINT('',(-43.46333618864,40.365770561421,
    20.464003983776));
#3713 = DIRECTION('',(-0.653751551593,0.756696548857,4.38654050778E-03)
  );
#3714 = DIRECTION('',(0.75670382904,0.653757841342,5.300989019736E-19));
#3715 = DEFINITIONAL_REPRESENTATION('',(#3716),#3720);
#3716 = LINE('',#3717,#3718);
#3717 = CARTESIAN_POINT('',(-0.103848631809,7.252238167076));
#3718 = VECTOR('',#3719,1.);
#3719 = DIRECTION('',(0.978978456095,-0.203963679369));
#3720 = ( GEOMETRIC_REPRESENTATION_CONTEXT(2) 
PARAMETRIC_REPRESENTATION_CONTEXT() REPRESENTATION_CONTEXT('2D SPACE',''
  ) );
#3721 = ADVANCED_FACE('',(#3722),#3683,.T.);
#3722 = FACE_BOUND('',#3723,.T.);
#3723 = EDGE_LOOP('',(#3724,#3752,#3753));
#3724 = ORIENTED_EDGE('',*,*,#3725,.F.);
#3725 = EDGE_CURVE('',#1380,#3726,#3728,.T.);
#3726 = VERTEX_POINT('',#3727);
#3727 = CARTESIAN_POINT('',(-43.36481692073,40.361504639014,
    13.252771357981));
#3728 = SURFACE_CURVE('',#3729,(#3733,#3740),.PCURVE_S1.);
#3729 = LINE('',#3730,#3731);
#3730 = CARTESIAN_POINT('',(-52.22836823508,43.288597828841,
    13.247917573636));
#3731 = VECTOR('',#3732,1.);
#3732 = DIRECTION('',(0.949560870112,-0.313582339364,5.199906361278E-04)
  );
#3733 = PCURVE('',#3683,#3734);
#3734 = DEFINITIONAL_REPRESENTATION('',(#3735),#3739);
#3735 = LINE('',#3736,#3737);
#3736 = CARTESIAN_POINT('',(-1.722819566653,-9.174003092661));
#3737 = VECTOR('',#3738,1.);
#3738 = DIRECTION('',(0.184567335229,0.982819870966));
#3739 = ( GEOMETRIC_REPRESENTATION_CONTEXT(2) 
PARAMETRIC_REPRESENTATION_CONTEXT() REPRESENTATION_CONTEXT('2D SPACE',''
  ) );
#3740 = PCURVE('',#3741,#3746);
#3741 = PLANE('',#3742);
#3742 = AXIS2_PLACEMENT_3D('',#3743,#3744,#3745);
#3743 = CARTESIAN_POINT('',(-43.27420099254,40.344486225231,
    13.229106082244));
#3744 = DIRECTION('',(0.278349185347,0.843632462421,0.459136144696));
#3745 = DIRECTION('',(1.150825816525E-17,-0.478027829239,0.878344690012)
  );
#3746 = DEFINITIONAL_REPRESENTATION('',(#3747),#3751);
#3747 = LINE('',#3748,#3749);
#3748 = CARTESIAN_POINT('',(-1.390844305335,-9.32259674836));
#3749 = VECTOR('',#3750,1.);
#3750 = DIRECTION('',(0.150357815988,0.988631643825));
#3751 = ( GEOMETRIC_REPRESENTATION_CONTEXT(2) 
PARAMETRIC_REPRESENTATION_CONTEXT() REPRESENTATION_CONTEXT('2D SPACE',''
  ) );
#3752 = ORIENTED_EDGE('',*,*,#3667,.T.);
#3753 = ORIENTED_EDGE('',*,*,#3754,.T.);
#3754 = EDGE_CURVE('',#3668,#3726,#3755,.T.);
#3755 = SURFACE_CURVE('',#3756,(#3760,#3767),.PCURVE_S1.);
#3756 = LINE('',#3757,#3758);
#3757 = CARTESIAN_POINT('',(-43.48703153822,40.387218688562,
    13.232657258359));
#3758 = VECTOR('',#3759,1.);
#3759 = DIRECTION('',(0.966124905108,-0.203273423346,0.159004978193));
#3760 = PCURVE('',#3683,#3761);
#3761 = DEFINITIONAL_REPRESENTATION('',(#3762),#3766);
#3762 = LINE('',#3763,#3764);
#3763 = CARTESIAN_POINT('',(1.072298425523E-03,-0.126495265729));
#3764 = VECTOR('',#3765,1.);
#3765 = DIRECTION('',(-8.476680088639E-03,0.999964072302));
#3766 = ( GEOMETRIC_REPRESENTATION_CONTEXT(2) 
PARAMETRIC_REPRESENTATION_CONTEXT() REPRESENTATION_CONTEXT('2D SPACE',''
  ) );
#3767 = PCURVE('',#3768,#3773);
#3768 = PLANE('',#3769);
#3769 = AXIS2_PLACEMENT_3D('',#3770,#3771,#3772);
#3770 = CARTESIAN_POINT('',(-43.46333618864,40.365770561421,
    20.464003983776));
#3771 = DIRECTION('',(0.205540990893,0.978645968649,2.229150135217E-03)
  );
#3772 = DIRECTION('',(0.978648400158,-0.205541501573,1.704536195302E-20)
  );
#3773 = DEFINITIONAL_REPRESENTATION('',(#3774),#3778);
#3774 = LINE('',#3775,#3776);
#3775 = CARTESIAN_POINT('',(-2.759789621047E-02,7.231364692163));
#3776 = VECTOR('',#3777,1.);
#3777 = DIRECTION('',(0.987277717401,-0.159005373251));
#3778 = ( GEOMETRIC_REPRESENTATION_CONTEXT(2) 
PARAMETRIC_REPRESENTATION_CONTEXT() REPRESENTATION_CONTEXT('2D SPACE',''
  ) );
#3779 = ADVANCED_FACE('',(#3780),#3741,.T.);
#3780 = FACE_BOUND('',#3781,.T.);
#3781 = EDGE_LOOP('',(#3782,#3810,#3811));
#3782 = ORIENTED_EDGE('',*,*,#3783,.F.);
#3783 = EDGE_CURVE('',#1380,#3784,#3786,.T.);
#3784 = VERTEX_POINT('',#3785);
#3785 = CARTESIAN_POINT('',(-43.27420099254,40.344486225231,
    13.229106082244));
#3786 = SURFACE_CURVE('',#3787,(#3791,#3798),.PCURVE_S1.);
#3787 = LINE('',#3788,#3789);
#3788 = CARTESIAN_POINT('',(-52.22836823508,43.288597828841,
    13.247917573636));
#3789 = VECTOR('',#3790,1.);
#3790 = DIRECTION('',(0.949966029328,-0.312346858644,-1.995749833491E-03
    ));
#3791 = PCURVE('',#3741,#3792);
#3792 = DEFINITIONAL_REPRESENTATION('',(#3793),#3797);
#3793 = LINE('',#3794,#3795);
#3794 = CARTESIAN_POINT('',(-1.390844305335,-9.32259674836));
#3795 = VECTOR('',#3796,1.);
#3796 = DIRECTION('',(0.147557534538,0.989053473782));
#3797 = ( GEOMETRIC_REPRESENTATION_CONTEXT(2) 
PARAMETRIC_REPRESENTATION_CONTEXT() REPRESENTATION_CONTEXT('2D SPACE',''
  ) );
#3798 = PCURVE('',#3799,#3804);
#3799 = PLANE('',#3800);
#3800 = AXIS2_PLACEMENT_3D('',#3801,#3802,#3803);
#3801 = CARTESIAN_POINT('',(-43.08428544985,40.312853056493,
    13.220448974523));
#3802 = DIRECTION('',(8.682264528407E-02,0.257912421645,0.962259326287)
  );
#3803 = DIRECTION('',(-1.237226276991E-18,0.965906798773,-0.258890046321
    ));
#3804 = DEFINITIONAL_REPRESENTATION('',(#3805),#3809);
#3805 = LINE('',#3806,#3807);
#3806 = CARTESIAN_POINT('',(2.867180760127,9.178743701945));
#3807 = VECTOR('',#3808,1.);
#3808 = DIRECTION('',(-0.301181274573,-0.953566903708));
#3809 = ( GEOMETRIC_REPRESENTATION_CONTEXT(2) 
PARAMETRIC_REPRESENTATION_CONTEXT() REPRESENTATION_CONTEXT('2D SPACE',''
  ) );
#3810 = ORIENTED_EDGE('',*,*,#3725,.T.);
#3811 = ORIENTED_EDGE('',*,*,#3812,.T.);
#3812 = EDGE_CURVE('',#3726,#3784,#3813,.T.);
#3813 = SURFACE_CURVE('',#3814,(#3818,#3825),.PCURVE_S1.);
#3814 = LINE('',#3815,#3816);
#3815 = CARTESIAN_POINT('',(-43.36481692073,40.361504639014,
    13.252771357981));
#3816 = VECTOR('',#3817,1.);
#3817 = DIRECTION('',(0.951959429971,-0.178785780902,-0.248613934117));
#3818 = PCURVE('',#3741,#3819);
#3819 = DEFINITIONAL_REPRESENTATION('',(#3820),#3824);
#3820 = LINE('',#3821,#3822);
#3821 = CARTESIAN_POINT('',(1.26509938839E-02,-9.434442473661E-02));
#3822 = VECTOR('',#3823,1.);
#3823 = DIRECTION('',(-0.132904150152,0.991128895186));
#3824 = ( GEOMETRIC_REPRESENTATION_CONTEXT(2) 
PARAMETRIC_REPRESENTATION_CONTEXT() REPRESENTATION_CONTEXT('2D SPACE',''
  ) );
#3825 = PCURVE('',#3826,#3831);
#3826 = PLANE('',#3827);
#3827 = AXIS2_PLACEMENT_3D('',#3828,#3829,#3830);
#3828 = CARTESIAN_POINT('',(-43.36481692073,40.361504639014,
    13.252771357981));
#3829 = DIRECTION('',(-0.184987899928,-0.982739473915,
    -1.613471510129E-03));
#3830 = DIRECTION('',(-0.982740753095,0.184988140717,-3.300620741189E-20
    ));
#3831 = DEFINITIONAL_REPRESENTATION('',(#3832),#3836);
#3832 = LINE('',#3833,#3834);
#3833 = CARTESIAN_POINT('',(0.,0.));
#3834 = VECTOR('',#3835,1.);
#3835 = DIRECTION('',(-0.968602576321,0.248614257725));
#3836 = ( GEOMETRIC_REPRESENTATION_CONTEXT(2) 
PARAMETRIC_REPRESENTATION_CONTEXT() REPRESENTATION_CONTEXT('2D SPACE',''
  ) );
#3837 = ADVANCED_FACE('',(#3838),#3799,.T.);
#3838 = FACE_BOUND('',#3839,.T.);
#3839 = EDGE_LOOP('',(#3840,#3868,#3869));
#3840 = ORIENTED_EDGE('',*,*,#3841,.F.);
#3841 = EDGE_CURVE('',#1380,#3842,#3844,.T.);
#3842 = VERTEX_POINT('',#3843);
#3843 = CARTESIAN_POINT('',(-43.08428544985,40.312853056493,
    13.220448974523));
#3844 = SURFACE_CURVE('',#3845,(#3849,#3856),.PCURVE_S1.);
#3845 = LINE('',#3846,#3847);
#3846 = CARTESIAN_POINT('',(-52.22836823508,43.288597828841,
    13.247917573636));
#3847 = VECTOR('',#3848,1.);
#3848 = DIRECTION('',(0.950910353729,-0.30945329133,-2.856511244709E-03)
  );
#3849 = PCURVE('',#3799,#3850);
#3850 = DEFINITIONAL_REPRESENTATION('',(#3851),#3855);
#3851 = LINE('',#3852,#3853);
#3852 = CARTESIAN_POINT('',(2.867180760127,9.178743701945));
#3853 = VECTOR('',#3854,1.);
#3854 = DIRECTION('',(-0.298163515669,-0.954514807598));
#3855 = ( GEOMETRIC_REPRESENTATION_CONTEXT(2) 
PARAMETRIC_REPRESENTATION_CONTEXT() REPRESENTATION_CONTEXT('2D SPACE',''
  ) );
#3856 = PCURVE('',#3857,#3862);
#3857 = PLANE('',#3858);
#3858 = AXIS2_PLACEMENT_3D('',#3859,#3860,#3861);
#3859 = CARTESIAN_POINT('',(52.222642203188,43.242061254625,
    13.232215718539));
#3860 = DIRECTION('',(1.464096091464E-04,-8.780577742901E-03,
    0.999961439266));
#3861 = DIRECTION('',(-3.922124041257E-23,0.999961449983,
    8.780577837011E-03));
#3862 = DEFINITIONAL_REPRESENTATION('',(#3863),#3867);
#3863 = LINE('',#3864,#3865);
#3864 = CARTESIAN_POINT('',(4.667265159082E-02,104.45101155777));
#3865 = VECTOR('',#3866,1.);
#3866 = DIRECTION('',(-0.309466443719,-0.950910363921));
#3867 = ( GEOMETRIC_REPRESENTATION_CONTEXT(2) 
PARAMETRIC_REPRESENTATION_CONTEXT() REPRESENTATION_CONTEXT('2D SPACE',''
  ) );
#3868 = ORIENTED_EDGE('',*,*,#3783,.T.);
#3869 = ORIENTED_EDGE('',*,*,#3870,.T.);
#3870 = EDGE_CURVE('',#3784,#3842,#3871,.T.);
#3871 = SURFACE_CURVE('',#3872,(#3876,#3883),.PCURVE_S1.);
#3872 = LINE('',#3873,#3874);
#3873 = CARTESIAN_POINT('',(-43.27420099254,40.344486225231,
    13.229106082244));
#3874 = VECTOR('',#3875,1.);
#3875 = DIRECTION('',(0.985414620764,-0.16413499672,-4.491912773905E-02)
  );
#3876 = PCURVE('',#3799,#3877);
#3877 = DEFINITIONAL_REPRESENTATION('',(#3878),#3882);
#3878 = LINE('',#3879,#3880);
#3879 = CARTESIAN_POINT('',(2.831345373178E-02,0.190635423174));
#3880 = VECTOR('',#3881,1.);
#3881 = DIRECTION('',(-0.146909994187,-0.989149864079));
#3882 = ( GEOMETRIC_REPRESENTATION_CONTEXT(2) 
PARAMETRIC_REPRESENTATION_CONTEXT() REPRESENTATION_CONTEXT('2D SPACE',''
  ) );
#3883 = PCURVE('',#3884,#3889);
#3884 = PLANE('',#3885);
#3885 = AXIS2_PLACEMENT_3D('',#3886,#3887,#3888);
#3886 = CARTESIAN_POINT('',(-43.27482609263,40.3288079096,
    20.399566923448));
#3887 = DIRECTION('',(0.164396745036,0.98639190821,2.171091710514E-03));
#3888 = DIRECTION('',(0.986394232966,-0.164397132491,2.402354675337E-20)
  );
#3889 = DEFINITIONAL_REPRESENTATION('',(#3890),#3894);
#3890 = LINE('',#3891,#3892);
#3891 = CARTESIAN_POINT('',(-1.960875008704E-03,7.170477740747));
#3892 = VECTOR('',#3893,1.);
#3893 = DIRECTION('',(0.998990621804,4.491923360571E-02));
#3894 = ( GEOMETRIC_REPRESENTATION_CONTEXT(2) 
PARAMETRIC_REPRESENTATION_CONTEXT() REPRESENTATION_CONTEXT('2D SPACE',''
  ) );
#3895 = ADVANCED_FACE('',(#3896),#3857,.T.);
#3896 = FACE_BOUND('',#3897,.T.);
#3897 = EDGE_LOOP('',(#3898,#3924,#3925));
#3898 = ORIENTED_EDGE('',*,*,#3899,.F.);
#3899 = EDGE_CURVE('',#1380,#172,#3900,.T.);
#3900 = SURFACE_CURVE('',#3901,(#3905,#3912),.PCURVE_S1.);
#3901 = LINE('',#3902,#3903);
#3902 = CARTESIAN_POINT('',(-52.22836823508,43.288597828841,
    13.247917573636));
#3903 = VECTOR('',#3904,1.);
#3904 = DIRECTION('',(0.99999988945,-4.455348864103E-04,
    -1.503274434047E-04));
#3905 = PCURVE('',#3857,#3906);
#3906 = DEFINITIONAL_REPRESENTATION('',(#3907),#3911);
#3907 = LINE('',#3908,#3909);
#3908 = CARTESIAN_POINT('',(4.667265159082E-02,104.45101155777));
#3909 = VECTOR('',#3910,1.);
#3910 = DIRECTION('',(-4.468376728509E-04,-0.999999900168));
#3911 = ( GEOMETRIC_REPRESENTATION_CONTEXT(2) 
PARAMETRIC_REPRESENTATION_CONTEXT() REPRESENTATION_CONTEXT('2D SPACE',''
  ) );
#3912 = PCURVE('',#3913,#3918);
#3913 = PLANE('',#3914);
#3914 = AXIS2_PLACEMENT_3D('',#3915,#3916,#3917);
#3915 = CARTESIAN_POINT('',(-52.22836823508,43.288597828841,
    13.247917573636));
#3916 = DIRECTION('',(-4.457710103898E-04,-0.999998661322,
    -1.5743707345E-03));
#3917 = DIRECTION('',(-6.814528951978E-23,1.574370890923E-03,
    -0.999998760677));
#3918 = DEFINITIONAL_REPRESENTATION('',(#3919),#3923);
#3919 = LINE('',#3920,#3921);
#3920 = CARTESIAN_POINT('',(0.,0.));
#3921 = VECTOR('',#3922,1.);
#3922 = DIRECTION('',(1.496258199445E-04,0.999999988806));
#3923 = ( GEOMETRIC_REPRESENTATION_CONTEXT(2) 
PARAMETRIC_REPRESENTATION_CONTEXT() REPRESENTATION_CONTEXT('2D SPACE',''
  ) );
#3924 = ORIENTED_EDGE('',*,*,#3841,.T.);
#3925 = ORIENTED_EDGE('',*,*,#3926,.T.);
#3926 = EDGE_CURVE('',#3842,#172,#3927,.T.);
#3927 = SURFACE_CURVE('',#3928,(#3932,#3939),.PCURVE_S1.);
#3928 = LINE('',#3929,#3930);
#3929 = CARTESIAN_POINT('',(-43.08428544985,40.312853056493,
    13.220448974523));
#3930 = VECTOR('',#3931,1.);
#3931 = DIRECTION('',(0.999528022816,3.071996706634E-02,
    1.234033104562E-04));
#3932 = PCURVE('',#3857,#3933);
#3933 = DEFINITIONAL_REPRESENTATION('',(#3934),#3938);
#3934 = LINE('',#3935,#3936);
#3935 = CARTESIAN_POINT('',(-2.929198595918,95.306928674536));
#3936 = VECTOR('',#3937,1.);
#3937 = DIRECTION('',(3.071986636347E-02,-0.999528033529));
#3938 = ( GEOMETRIC_REPRESENTATION_CONTEXT(2) 
PARAMETRIC_REPRESENTATION_CONTEXT() REPRESENTATION_CONTEXT('2D SPACE',''
  ) );
#3939 = PCURVE('',#3940,#3945);
#3940 = PLANE('',#3941);
#3941 = AXIS2_PLACEMENT_3D('',#3942,#3943,#3944);
#3942 = CARTESIAN_POINT('',(52.222642203188,43.242061254625,
    13.232215718539));
#3943 = DIRECTION('',(7.900976408083E-03,-0.260949857031,0.965320022939)
  );
#3944 = DIRECTION('',(-1.587122776083E-19,0.965350154608,0.260958002366)
  );
#3945 = DEFINITIONAL_REPRESENTATION('',(#3946),#3950);
#3946 = LINE('',#3947,#3948);
#3947 = CARTESIAN_POINT('',(-2.830782212957,95.309902580215));
#3948 = VECTOR('',#3949,1.);
#3949 = DIRECTION('',(2.968772803842E-02,-0.999559222259));
#3950 = ( GEOMETRIC_REPRESENTATION_CONTEXT(2) 
PARAMETRIC_REPRESENTATION_CONTEXT() REPRESENTATION_CONTEXT('2D SPACE',''
  ) );
#3951 = ADVANCED_FACE('',(#3952),#3940,.T.);
#3952 = FACE_BOUND('',#3953,.T.);
#3953 = EDGE_LOOP('',(#3954,#3955,#3983));
#3954 = ORIENTED_EDGE('',*,*,#3926,.F.);
#3955 = ORIENTED_EDGE('',*,*,#3956,.T.);
#3956 = EDGE_CURVE('',#3842,#3957,#3959,.T.);
#3957 = VERTEX_POINT('',#3958);
#3958 = CARTESIAN_POINT('',(-43.06077757281,40.246913387882,
    13.202431444724));
#3959 = SURFACE_CURVE('',#3960,(#3964,#3971),.PCURVE_S1.);
#3960 = LINE('',#3961,#3962);
#3961 = CARTESIAN_POINT('',(-43.08428544985,40.312853056493,
    13.220448974523));
#3962 = VECTOR('',#3963,1.);
#3963 = DIRECTION('',(0.32520569807,-0.912202999895,-0.249252765131));
#3964 = PCURVE('',#3940,#3965);
#3965 = DEFINITIONAL_REPRESENTATION('',(#3966),#3970);
#3966 = LINE('',#3967,#3968);
#3967 = CARTESIAN_POINT('',(-2.830782212957,95.309902580215));
#3968 = VECTOR('',#3969,1.);
#3969 = DIRECTION('',(-0.945639810655,-0.325215849098));
#3970 = ( GEOMETRIC_REPRESENTATION_CONTEXT(2) 
PARAMETRIC_REPRESENTATION_CONTEXT() REPRESENTATION_CONTEXT('2D SPACE',''
  ) );
#3971 = PCURVE('',#3972,#3977);
#3972 = PLANE('',#3973);
#3973 = AXIS2_PLACEMENT_3D('',#3974,#3975,#3976);
#3974 = CARTESIAN_POINT('',(-43.13760129465,40.31856240341,
    20.454618946796));
#3975 = DIRECTION('',(0.942486935696,0.334176183592,6.682391982876E-03)
  );
#3976 = DIRECTION('',(-0.334183645054,0.942507979477,3.189530259556E-19)
  );
#3977 = DEFINITIONAL_REPRESENTATION('',(#3978),#3982);
#3978 = LINE('',#3979,#3980);
#3979 = CARTESIAN_POINT('',(-2.319838838028E-02,-7.234331496307));
#3980 = VECTOR('',#3981,1.);
#3981 = DIRECTION('',(-0.968437031877,-0.24925833043));
#3982 = ( GEOMETRIC_REPRESENTATION_CONTEXT(2) 
PARAMETRIC_REPRESENTATION_CONTEXT() REPRESENTATION_CONTEXT('2D SPACE',''
  ) );
#3983 = ORIENTED_EDGE('',*,*,#3984,.T.);
#3984 = EDGE_CURVE('',#3957,#172,#3985,.T.);
#3985 = SURFACE_CURVE('',#3986,(#3990,#3997),.PCURVE_S1.);
#3986 = LINE('',#3987,#3988);
#3987 = CARTESIAN_POINT('',(-43.06077757281,40.246913387882,
    13.202431444724));
#3988 = VECTOR('',#3989,1.);
#3989 = DIRECTION('',(0.999506265948,3.141857279356E-02,
    3.12431778533E-04));
#3990 = PCURVE('',#3940,#3991);
#3991 = DEFINITIONAL_REPRESENTATION('',(#3992),#3996);
#3992 = LINE('',#3993,#3994);
#3993 = CARTESIAN_POINT('',(-2.89913890083,95.286393969392));
#3994 = VECTOR('',#3995,1.);
#3995 = DIRECTION('',(3.041145567662E-02,-0.999537464712));
#3996 = ( GEOMETRIC_REPRESENTATION_CONTEXT(2) 
PARAMETRIC_REPRESENTATION_CONTEXT() REPRESENTATION_CONTEXT('2D SPACE',''
  ) );
#3997 = PCURVE('',#3998,#4003);
#3998 = PLANE('',#3999);
#3999 = AXIS2_PLACEMENT_3D('',#4000,#4001,#4002);
#4000 = CARTESIAN_POINT('',(52.222642203188,43.242061254625,
    13.232215718539));
#4001 = DIRECTION('',(2.353157338601E-02,-0.755115483028,0.655169346311)
  );
#4002 = DIRECTION('',(8.136628344214E-19,-0.655350816761,-0.755324636809
    ));
#4003 = DEFINITIONAL_REPRESENTATION('',(#4004),#4008);
#4004 = LINE('',#4005,#4006);
#4005 = CARTESIAN_POINT('',(1.985369396593,-95.30981161672));
#4006 = VECTOR('',#4007,1.);
#4007 = DIRECTION('',(-2.082617476138E-02,0.999783111702));
#4008 = ( GEOMETRIC_REPRESENTATION_CONTEXT(2) 
PARAMETRIC_REPRESENTATION_CONTEXT() REPRESENTATION_CONTEXT('2D SPACE',''
  ) );
#4009 = ADVANCED_FACE('',(#4010),#3998,.T.);
#4010 = FACE_BOUND('',#4011,.T.);
#4011 = EDGE_LOOP('',(#4012,#4013,#4041));
#4012 = ORIENTED_EDGE('',*,*,#3984,.F.);
#4013 = ORIENTED_EDGE('',*,*,#4014,.T.);
#4014 = EDGE_CURVE('',#3957,#4015,#4017,.T.);
#4015 = VERTEX_POINT('',#4016);
#4016 = CARTESIAN_POINT('',(-42.88833802902,40.235365682404,
    13.182928662656));
#4017 = SURFACE_CURVE('',#4018,(#4022,#4029),.PCURVE_S1.);
#4018 = LINE('',#4019,#4020);
#4019 = CARTESIAN_POINT('',(-43.06077757281,40.246913387882,
    13.202431444724));
#4020 = VECTOR('',#4021,1.);
#4021 = DIRECTION('',(0.991472346639,-6.63956213072E-02,-0.112134773022)
  );
#4022 = PCURVE('',#3998,#4023);
#4023 = DEFINITIONAL_REPRESENTATION('',(#4024),#4028);
#4024 = LINE('',#4025,#4026);
#4025 = CARTESIAN_POINT('',(1.985369396593,-95.30981161672));
#4026 = VECTOR('',#4027,1.);
#4027 = DIRECTION('',(0.128210581359,0.991746967138));
#4028 = ( GEOMETRIC_REPRESENTATION_CONTEXT(2) 
PARAMETRIC_REPRESENTATION_CONTEXT() REPRESENTATION_CONTEXT('2D SPACE',''
  ) );
#4029 = PCURVE('',#4030,#4035);
#4030 = PLANE('',#4031);
#4031 = AXIS2_PLACEMENT_3D('',#4032,#4033,#4034);
#4032 = CARTESIAN_POINT('',(-43.03334198061,40.232476943878,
    20.414243008055));
#4033 = DIRECTION('',(6.701311069835E-02,0.997750573664,
    1.74233974349E-03));
#4034 = DIRECTION('',(0.997752088127,-6.701321241603E-02,
    -4.360526684962E-21));
#4035 = DEFINITIONAL_REPRESENTATION('',(#4036),#4040);
#4036 = LINE('',#4037,#4038);
#4037 = CARTESIAN_POINT('',(-2.834135188949E-02,7.211822509976));
#4038 = VECTOR('',#4039,1.);
#4039 = DIRECTION('',(0.993692988054,0.112134943229));
#4040 = ( GEOMETRIC_REPRESENTATION_CONTEXT(2) 
PARAMETRIC_REPRESENTATION_CONTEXT() REPRESENTATION_CONTEXT('2D SPACE',''
  ) );
#4041 = ORIENTED_EDGE('',*,*,#4042,.T.);
#4042 = EDGE_CURVE('',#4015,#172,#4043,.T.);
#4043 = SURFACE_CURVE('',#4044,(#4048,#4055),.PCURVE_S1.);
#4044 = LINE('',#4045,#4046);
#4045 = CARTESIAN_POINT('',(-42.88833802902,40.235365682404,
    13.182928662656));
#4046 = VECTOR('',#4047,1.);
#4047 = DIRECTION('',(0.999500565152,3.159670856442E-02,
    5.179469298884E-04));
#4048 = PCURVE('',#3998,#4049);
#4049 = DEFINITIONAL_REPRESENTATION('',(#4050),#4054);
#4050 = LINE('',#4051,#4052);
#4051 = CARTESIAN_POINT('',(2.007668126591,-95.13732431019));
#4052 = VECTOR('',#4053,1.);
#4053 = DIRECTION('',(-2.109814684136E-02,0.999777409327));
#4054 = ( GEOMETRIC_REPRESENTATION_CONTEXT(2) 
PARAMETRIC_REPRESENTATION_CONTEXT() REPRESENTATION_CONTEXT('2D SPACE',''
  ) );
#4055 = PCURVE('',#4056,#4061);
#4056 = PLANE('',#4057);
#4057 = AXIS2_PLACEMENT_3D('',#4058,#4059,#4060);
#4058 = CARTESIAN_POINT('',(52.222642203188,43.242061254625,
    13.232215718539));
#4059 = DIRECTION('',(-1.893132449993E-02,0.585571291404,0.810399819617)
  );
#4060 = DIRECTION('',(-3.251277937521E-20,0.810545080305,-0.585676252544
    ));
#4061 = DEFINITIONAL_REPRESENTATION('',(#4062),#4066);
#4062 = LINE('',#4063,#4064);
#4063 = CARTESIAN_POINT('',(-2.408196045849,95.128028466983));
#4064 = VECTOR('',#4065,1.);
#4065 = DIRECTION('',(2.530720746381E-02,-0.999679721336));
#4066 = ( GEOMETRIC_REPRESENTATION_CONTEXT(2) 
PARAMETRIC_REPRESENTATION_CONTEXT() REPRESENTATION_CONTEXT('2D SPACE',''
  ) );
#4067 = ADVANCED_FACE('',(#4068),#4056,.T.);
#4068 = FACE_BOUND('',#4069,.T.);
#4069 = EDGE_LOOP('',(#4070,#4071,#4099));
#4070 = ORIENTED_EDGE('',*,*,#4042,.F.);
#4071 = ORIENTED_EDGE('',*,*,#4072,.T.);
#4072 = EDGE_CURVE('',#4015,#4073,#4075,.T.);
#4073 = VERTEX_POINT('',#4074);
#4074 = CARTESIAN_POINT('',(-42.78306638295,40.151667687163,
    13.245865590354));
#4075 = SURFACE_CURVE('',#4076,(#4080,#4087),.PCURVE_S1.);
#4076 = LINE('',#4077,#4078);
#4077 = CARTESIAN_POINT('',(-42.88833802902,40.235365682404,
    13.182928662656));
#4078 = VECTOR('',#4079,1.);
#4079 = DIRECTION('',(0.708959761452,-0.563670398947,0.423853439283));
#4080 = PCURVE('',#4056,#4081);
#4081 = DEFINITIONAL_REPRESENTATION('',(#4082),#4086);
#4082 = LINE('',#4083,#4084);
#4083 = CARTESIAN_POINT('',(-2.408196045849,95.128028466983));
#4084 = VECTOR('',#4085,1.);
#4085 = DIRECTION('',(-0.705121162727,-0.709086839445));
#4086 = ( GEOMETRIC_REPRESENTATION_CONTEXT(2) 
PARAMETRIC_REPRESENTATION_CONTEXT() REPRESENTATION_CONTEXT('2D SPACE',''
  ) );
#4087 = PCURVE('',#4088,#4093);
#4088 = PLANE('',#4089);
#4089 = AXIS2_PLACEMENT_3D('',#4090,#4091,#4092);
#4090 = CARTESIAN_POINT('',(-42.9178415181,40.165515048782,
    20.442155389616));
#4091 = DIRECTION('',(0.618609126352,0.785634308592,1.007382529892E-02)
  );
#4092 = DIRECTION('',(0.78567417548,-0.618640517574,-4.070151627876E-19)
  );
#4093 = DEFINITIONAL_REPRESENTATION('',(#4094),#4098);
#4094 = LINE('',#4095,#4096);
#4095 = CARTESIAN_POINT('',(-2.003230268314E-02,7.259595095261));
#4096 = VECTOR('',#4097,1.);
#4097 = DIRECTION('',(0.905720723373,-0.423874947658));
#4098 = ( GEOMETRIC_REPRESENTATION_CONTEXT(2) 
PARAMETRIC_REPRESENTATION_CONTEXT() REPRESENTATION_CONTEXT('2D SPACE',''
  ) );
#4099 = ORIENTED_EDGE('',*,*,#4100,.T.);
#4100 = EDGE_CURVE('',#4073,#172,#4101,.T.);
#4101 = SURFACE_CURVE('',#4102,(#4106,#4113),.PCURVE_S1.);
#4102 = LINE('',#4103,#4104);
#4103 = CARTESIAN_POINT('',(-42.78306638295,40.151667687163,
    13.245865590354));
#4104 = VECTOR('',#4105,1.);
#4105 = DIRECTION('',(0.999471357384,3.251130800126E-02,
    -1.435982754481E-04));
#4106 = PCURVE('',#4056,#4107);
#4107 = DEFINITIONAL_REPRESENTATION('',(#4108),#4112);
#4108 = LINE('',#4109,#4110);
#4109 = CARTESIAN_POINT('',(-2.512897708084,95.022737951419));
#4110 = VECTOR('',#4111,1.);
#4111 = DIRECTION('',(2.643598285454E-02,-0.999650508333));
#4112 = ( GEOMETRIC_REPRESENTATION_CONTEXT(2) 
PARAMETRIC_REPRESENTATION_CONTEXT() REPRESENTATION_CONTEXT('2D SPACE',''
  ) );
#4113 = PCURVE('',#4114,#4119);
#4114 = PLANE('',#4115);
#4115 = AXIS2_PLACEMENT_3D('',#4116,#4117,#4118);
#4116 = CARTESIAN_POINT('',(52.222642203188,43.242061254625,
    13.232215718539));
#4117 = DIRECTION('',(9.388061419885E-03,-0.284375995629,0.958666864668)
  );
#4118 = DIRECTION('',(6.34766177299E-20,0.958709113847,0.284388528295));
#4119 = DEFINITIONAL_REPRESENTATION('',(#4120),#4124);
#4120 = LINE('',#4121,#4122);
#4121 = CARTESIAN_POINT('',(-2.958906611544,95.009895560092));
#4122 = VECTOR('',#4123,1.);
#4123 = DIRECTION('',(3.112804958169E-02,-0.999515404848));
#4124 = ( GEOMETRIC_REPRESENTATION_CONTEXT(2) 
PARAMETRIC_REPRESENTATION_CONTEXT() REPRESENTATION_CONTEXT('2D SPACE',''
  ) );
#4125 = ADVANCED_FACE('',(#4126),#4114,.T.);
#4126 = FACE_BOUND('',#4127,.T.);
#4127 = EDGE_LOOP('',(#4128,#4129,#4157));
#4128 = ORIENTED_EDGE('',*,*,#4100,.F.);
#4129 = ORIENTED_EDGE('',*,*,#4130,.T.);
#4130 = EDGE_CURVE('',#4073,#4131,#4133,.T.);
#4131 = VERTEX_POINT('',#4132);
#4132 = CARTESIAN_POINT('',(-42.74605914285,40.0888263414,
    13.226862120867));
#4133 = SURFACE_CURVE('',#4134,(#4138,#4145),.PCURVE_S1.);
#4134 = LINE('',#4135,#4136);
#4135 = CARTESIAN_POINT('',(-42.78306638295,40.151667687163,
    13.245865590354));
#4136 = VECTOR('',#4137,1.);
#4137 = DIRECTION('',(0.491047955426,-0.833839926297,-0.252156464889));
#4138 = PCURVE('',#4114,#4139);
#4139 = DEFINITIONAL_REPRESENTATION('',(#4140),#4144);
#4140 = LINE('',#4141,#4142);
#4141 = CARTESIAN_POINT('',(-2.958906611544,95.009895560092));
#4142 = VECTOR('',#4143,1.);
#4143 = DIRECTION('',(-0.871120342781,-0.491069596283));
#4144 = ( GEOMETRIC_REPRESENTATION_CONTEXT(2) 
PARAMETRIC_REPRESENTATION_CONTEXT() REPRESENTATION_CONTEXT('2D SPACE',''
  ) );
#4145 = PCURVE('',#4146,#4151);
#4146 = PLANE('',#4147);
#4147 = AXIS2_PLACEMENT_3D('',#4148,#4149,#4150);
#4148 = CARTESIAN_POINT('',(-42.7992905763,40.164171507725,
    20.468245608663));
#4149 = DIRECTION('',(0.861823337246,0.507207468679,1.057872510903E-03)
  );
#4150 = DIRECTION('',(-0.507207752485,0.861823819478,-2.988803319759E-20
    ));
#4151 = DEFINITIONAL_REPRESENTATION('',(#4152),#4156);
#4152 = LINE('',#4153,#4154);
#4153 = CARTESIAN_POINT('',(-1.900512704146E-02,-7.222384059574));
#4154 = VECTOR('',#4155,1.);
#4155 = DIRECTION('',(-0.967686439948,-0.252156605983));
#4156 = ( GEOMETRIC_REPRESENTATION_CONTEXT(2) 
PARAMETRIC_REPRESENTATION_CONTEXT() REPRESENTATION_CONTEXT('2D SPACE',''
  ) );
#4157 = ORIENTED_EDGE('',*,*,#4158,.T.);
#4158 = EDGE_CURVE('',#4131,#172,#4159,.T.);
#4159 = SURFACE_CURVE('',#4160,(#4164,#4171),.PCURVE_S1.);
#4160 = LINE('',#4161,#4162);
#4161 = CARTESIAN_POINT('',(-42.74605914285,40.0888263414,
    13.226862120867));
#4162 = VECTOR('',#4163,1.);
#4163 = DIRECTION('',(0.999449237952,3.318459857236E-02,
    5.634118439411E-05));
#4164 = PCURVE('',#4114,#4165);
#4165 = DEFINITIONAL_REPRESENTATION('',(#4166),#4170);
#4166 = LINE('',#4167,#4168);
#4167 = CARTESIAN_POINT('',(-3.024557551174,94.972886689059));
#4168 = VECTOR('',#4169,1.);
#4169 = DIRECTION('',(3.18303998772E-02,-0.999493284442));
#4170 = ( GEOMETRIC_REPRESENTATION_CONTEXT(2) 
PARAMETRIC_REPRESENTATION_CONTEXT() REPRESENTATION_CONTEXT('2D SPACE',''
  ) );
#4171 = PCURVE('',#593,#4172);
#4172 = DEFINITIONAL_REPRESENTATION('',(#4173),#4177);
#4173 = LINE('',#4174,#4175);
#4174 = CARTESIAN_POINT('',(-3.013588174247,94.973235391606));
#4175 = VECTOR('',#4176,1.);
#4176 = DIRECTION('',(3.171495831325E-02,-0.999496954182));
#4177 = ( GEOMETRIC_REPRESENTATION_CONTEXT(2) 
PARAMETRIC_REPRESENTATION_CONTEXT() REPRESENTATION_CONTEXT('2D SPACE',''
  ) );
#4178 = ADVANCED_FACE('',(#4179),#593,.T.);
#4179 = FACE_BOUND('',#4180,.T.);
#4180 = EDGE_LOOP('',(#4181,#4182,#4208));
#4181 = ORIENTED_EDGE('',*,*,#4158,.F.);
#4182 = ORIENTED_EDGE('',*,*,#4183,.T.);
#4183 = EDGE_CURVE('',#4131,#578,#4184,.T.);
#4184 = SURFACE_CURVE('',#4185,(#4189,#4196),.PCURVE_S1.);
#4185 = LINE('',#4186,#4187);
#4186 = CARTESIAN_POINT('',(-42.74605914285,40.0888263414,
    13.226862120867));
#4187 = VECTOR('',#4188,1.);
#4188 = DIRECTION('',(0.756936680214,-0.62266716756,0.198324130125));
#4189 = PCURVE('',#593,#4190);
#4190 = DEFINITIONAL_REPRESENTATION('',(#4191),#4195);
#4191 = LINE('',#4192,#4193);
#4192 = CARTESIAN_POINT('',(-3.013588174247,94.973235391606));
#4193 = VECTOR('',#4194,1.);
#4194 = DIRECTION('',(-0.653446365345,-0.756972818282));
#4195 = ( GEOMETRIC_REPRESENTATION_CONTEXT(2) 
PARAMETRIC_REPRESENTATION_CONTEXT() REPRESENTATION_CONTEXT('2D SPACE',''
  ) );
#4196 = PCURVE('',#4197,#4202);
#4197 = PLANE('',#4198);
#4198 = AXIS2_PLACEMENT_3D('',#4199,#4200,#4201);
#4199 = CARTESIAN_POINT('',(-42.63659835961,39.96397715902,
    20.441022579687));
#4200 = DIRECTION('',(0.634696637084,0.772752333095,3.743069773185E-03)
  );
#4201 = DIRECTION('',(0.772757746502,-0.634701083362,3.586701233235E-19)
  );
#4202 = DEFINITIONAL_REPRESENTATION('',(#4203),#4207);
#4203 = LINE('',#4204,#4205);
#4204 = CARTESIAN_POINT('',(-0.163828579502,7.214210996606));
#4205 = VECTOR('',#4206,1.);
#4206 = DIRECTION('',(0.980136209071,-0.198325519457));
#4207 = ( GEOMETRIC_REPRESENTATION_CONTEXT(2) 
PARAMETRIC_REPRESENTATION_CONTEXT() REPRESENTATION_CONTEXT('2D SPACE',''
  ) );
#4208 = ORIENTED_EDGE('',*,*,#577,.T.);
#4209 = ADVANCED_FACE('',(#4210),#1421,.T.);
#4210 = FACE_BOUND('',#4211,.T.);
#4211 = EDGE_LOOP('',(#4212,#4240,#4241));
#4212 = ORIENTED_EDGE('',*,*,#4213,.F.);
#4213 = EDGE_CURVE('',#1327,#4214,#4216,.T.);
#4214 = VERTEX_POINT('',#4215);
#4215 = CARTESIAN_POINT('',(52.170924342703,43.262966833538,
    -3.181170939165E-02));
#4216 = SURFACE_CURVE('',#4217,(#4221,#4228),.PCURVE_S1.);
#4217 = LINE('',#4218,#4219);
#4218 = CARTESIAN_POINT('',(-52.18638539726,43.31506722353,
    1.654857719008E-02));
#4219 = VECTOR('',#4220,1.);
#4220 = DIRECTION('',(0.999999768,-4.992499139236E-04,
    -4.634105218182E-04));
#4221 = PCURVE('',#1421,#4222);
#4222 = DEFINITIONAL_REPRESENTATION('',(#4223),#4227);
#4223 = LINE('',#4224,#4225);
#4224 = CARTESIAN_POINT('',(4.825588019048E-02,-104.3573227938));
#4225 = VECTOR('',#4226,1.);
#4226 = DIRECTION('',(-4.624100517287E-04,0.999999893088));
#4227 = ( GEOMETRIC_REPRESENTATION_CONTEXT(2) 
PARAMETRIC_REPRESENTATION_CONTEXT() REPRESENTATION_CONTEXT('2D SPACE',''
  ) );
#4228 = PCURVE('',#4229,#4234);
#4229 = PLANE('',#4230);
#4230 = AXIS2_PLACEMENT_3D('',#4231,#4232,#4233);
#4231 = CARTESIAN_POINT('',(52.170924342703,43.262966833538,
    -3.181170939165E-02));
#4232 = DIRECTION('',(-4.637982024761E-04,-7.766905181544E-04,
    -0.999999590821));
#4233 = DIRECTION('',(2.075116542399E-23,-0.999999698376,
    7.766906016909E-04));
#4234 = DEFINITIONAL_REPRESENTATION('',(#4235),#4239);
#4235 = LINE('',#4236,#4237);
#4236 = CARTESIAN_POINT('',(-5.206281329744E-02,104.35732096405));
#4237 = VECTOR('',#4238,1.);
#4238 = DIRECTION('',(4.988898367407E-04,-0.999999875554));
#4239 = ( GEOMETRIC_REPRESENTATION_CONTEXT(2) 
PARAMETRIC_REPRESENTATION_CONTEXT() REPRESENTATION_CONTEXT('2D SPACE',''
  ) );
#4240 = ORIENTED_EDGE('',*,*,#1407,.F.);
#4241 = ORIENTED_EDGE('',*,*,#4242,.T.);
#4242 = EDGE_CURVE('',#1380,#4214,#4243,.T.);
#4243 = SURFACE_CURVE('',#4244,(#4248,#4255),.PCURVE_S1.);
#4244 = LINE('',#4245,#4246);
#4245 = CARTESIAN_POINT('',(-52.22836823508,43.288597828841,
    13.247917573636));
#4246 = VECTOR('',#4247,1.);
#4247 = DIRECTION('',(0.992006749963,-2.435468643587E-04,-0.126184581918
    ));
#4248 = PCURVE('',#1421,#4249);
#4249 = DEFINITIONAL_REPRESENTATION('',(#4250),#4254);
#4250 = LINE('',#4251,#4252);
#4251 = CARTESIAN_POINT('',(13.279651352646,-104.3993056369));
#4252 = VECTOR('',#4253,1.);
#4253 = DIRECTION('',(-0.12618384142,0.992006874051));
#4254 = ( GEOMETRIC_REPRESENTATION_CONTEXT(2) 
PARAMETRIC_REPRESENTATION_CONTEXT() REPRESENTATION_CONTEXT('2D SPACE',''
  ) );
#4255 = PCURVE('',#3913,#4256);
#4256 = DEFINITIONAL_REPRESENTATION('',(#4257),#4261);
#4257 = LINE('',#4258,#4259);
#4258 = CARTESIAN_POINT('',(0.,0.));
#4259 = VECTOR('',#4260,1.);
#4260 = DIRECTION('',(0.126184042101,0.992006848524));
#4261 = ( GEOMETRIC_REPRESENTATION_CONTEXT(2) 
PARAMETRIC_REPRESENTATION_CONTEXT() REPRESENTATION_CONTEXT('2D SPACE',''
  ) );
#4262 = ADVANCED_FACE('',(#4263),#3913,.F.);
#4263 = FACE_BOUND('',#4264,.F.);
#4264 = EDGE_LOOP('',(#4265,#4266,#4287));
#4265 = ORIENTED_EDGE('',*,*,#4242,.T.);
#4266 = ORIENTED_EDGE('',*,*,#4267,.T.);
#4267 = EDGE_CURVE('',#4214,#172,#4268,.T.);
#4268 = SURFACE_CURVE('',#4269,(#4273,#4280),.PCURVE_S1.);
#4269 = LINE('',#4270,#4271);
#4270 = CARTESIAN_POINT('',(52.170924342703,43.262966833538,
    -3.181170939165E-02));
#4271 = VECTOR('',#4272,1.);
#4272 = DIRECTION('',(3.89907238968E-03,-1.576097014937E-03,
    0.999991156537));
#4273 = PCURVE('',#3913,#4274);
#4274 = DEFINITIONAL_REPRESENTATION('',(#4275),#4279);
#4275 = LINE('',#4276,#4277);
#4276 = CARTESIAN_POINT('',(13.279672472465,104.39930295047));
#4277 = VECTOR('',#4278,1.);
#4278 = DIRECTION('',(-0.999992398587,3.899072777076E-03));
#4279 = ( GEOMETRIC_REPRESENTATION_CONTEXT(2) 
PARAMETRIC_REPRESENTATION_CONTEXT() REPRESENTATION_CONTEXT('2D SPACE',''
  ) );
#4280 = PCURVE('',#1079,#4281);
#4281 = DEFINITIONAL_REPRESENTATION('',(#4282),#4286);
#4282 = LINE('',#4283,#4284);
#4283 = CARTESIAN_POINT('',(-13.23762759815,-86.52533698421));
#4284 = VECTOR('',#4285,1.);
#4285 = DIRECTION('',(0.999998757958,1.576097491365E-03));
#4286 = ( GEOMETRIC_REPRESENTATION_CONTEXT(2) 
PARAMETRIC_REPRESENTATION_CONTEXT() REPRESENTATION_CONTEXT('2D SPACE',''
  ) );
#4287 = ORIENTED_EDGE('',*,*,#3899,.F.);
#4288 = ADVANCED_FACE('',(#4289),#1311,.T.);
#4289 = FACE_BOUND('',#4290,.T.);
#4290 = EDGE_LOOP('',(#4291,#4292,#4293));
#4291 = ORIENTED_EDGE('',*,*,#1297,.F.);
#4292 = ORIENTED_EDGE('',*,*,#1354,.T.);
#4293 = ORIENTED_EDGE('',*,*,#4294,.T.);
#4294 = EDGE_CURVE('',#1327,#1212,#4295,.T.);
#4295 = SURFACE_CURVE('',#4296,(#4300,#4307),.PCURVE_S1.);
#4296 = LINE('',#4297,#4298);
#4297 = CARTESIAN_POINT('',(-52.18638539726,43.31506722353,
    1.654857719008E-02));
#4298 = VECTOR('',#4299,1.);
#4299 = DIRECTION('',(0.7696710236,-0.638440675503,1.388988386583E-04));
#4300 = PCURVE('',#1311,#4301);
#4301 = DEFINITIONAL_REPRESENTATION('',(#4302),#4306);
#4302 = LINE('',#4303,#4304);
#4303 = CARTESIAN_POINT('',(104.41031880976,86.608168427471));
#4304 = VECTOR('',#4305,1.);
#4305 = DIRECTION('',(-0.769671016081,-0.638440699678));
#4306 = ( GEOMETRIC_REPRESENTATION_CONTEXT(2) 
PARAMETRIC_REPRESENTATION_CONTEXT() REPRESENTATION_CONTEXT('2D SPACE',''
  ) );
#4307 = PCURVE('',#4229,#4308);
#4308 = DEFINITIONAL_REPRESENTATION('',(#4309),#4313);
#4309 = LINE('',#4310,#4311);
#4310 = CARTESIAN_POINT('',(-5.206281329744E-02,104.35732096405));
#4311 = VECTOR('',#4312,1.);
#4312 = DIRECTION('',(0.638440590816,-0.769671106382));
#4313 = ( GEOMETRIC_REPRESENTATION_CONTEXT(2) 
PARAMETRIC_REPRESENTATION_CONTEXT() REPRESENTATION_CONTEXT('2D SPACE',''
  ) );
#4314 = ADVANCED_FACE('',(#4315),#4229,.T.);
#4315 = FACE_BOUND('',#4316,.T.);
#4316 = EDGE_LOOP('',(#4317,#4338,#4339));
#4317 = ORIENTED_EDGE('',*,*,#4318,.T.);
#4318 = EDGE_CURVE('',#4214,#1212,#4319,.T.);
#4319 = SURFACE_CURVE('',#4320,(#4324,#4331),.PCURVE_S1.);
#4320 = LINE('',#4321,#4322);
#4321 = CARTESIAN_POINT('',(52.170924342703,43.262966833538,
    -3.181170939165E-02));
#4322 = VECTOR('',#4323,1.);
#4323 = DIRECTION('',(6.124361600231E-04,-0.999999511057,
    7.76406409296E-04));
#4324 = PCURVE('',#4229,#4325);
#4325 = DEFINITIONAL_REPRESENTATION('',(#4326),#4330);
#4326 = LINE('',#4327,#4328);
#4327 = CARTESIAN_POINT('',(0.,0.));
#4328 = VECTOR('',#4329,1.);
#4329 = DIRECTION('',(0.999999812461,-6.124362258933E-04));
#4330 = ( GEOMETRIC_REPRESENTATION_CONTEXT(2) 
PARAMETRIC_REPRESENTATION_CONTEXT() REPRESENTATION_CONTEXT('2D SPACE',''
  ) );
#4331 = PCURVE('',#1253,#4332);
#4332 = DEFINITIONAL_REPRESENTATION('',(#4333),#4337);
#4333 = LINE('',#4334,#4335);
#4334 = CARTESIAN_POINT('',(-13.23769108909,-86.52532727062));
#4335 = VECTOR('',#4336,1.);
#4336 = DIRECTION('',(7.732042857166E-04,0.999999701078));
#4337 = ( GEOMETRIC_REPRESENTATION_CONTEXT(2) 
PARAMETRIC_REPRESENTATION_CONTEXT() REPRESENTATION_CONTEXT('2D SPACE',''
  ) );
#4338 = ORIENTED_EDGE('',*,*,#4294,.F.);
#4339 = ORIENTED_EDGE('',*,*,#4213,.T.);
#4340 = ADVANCED_FACE('',(#4341),#1253,.T.);
#4341 = FACE_BOUND('',#4342,.T.);
#4342 = EDGE_LOOP('',(#4343,#4344,#4345));
#4343 = ORIENTED_EDGE('',*,*,#1239,.T.);
#4344 = ORIENTED_EDGE('',*,*,#4318,.F.);
#4345 = ORIENTED_EDGE('',*,*,#4346,.F.);
#4346 = EDGE_CURVE('',#1038,#4214,#4347,.T.);
#4347 = SURFACE_CURVE('',#4348,(#4352,#4359),.PCURVE_S1.);
#4348 = LINE('',#4349,#4350);
#4349 = CARTESIAN_POINT('',(52.155278828697,-43.26234399553,
    13.2059776004));
#4350 = VECTOR('',#4351,1.);
#4351 = DIRECTION('',(1.787402999369E-04,0.988498045086,-0.151233537662)
  );
#4352 = PCURVE('',#1253,#4353);
#4353 = DEFINITIONAL_REPRESENTATION('',(#4354),#4358);
#4354 = LINE('',#4355,#4356);
#4355 = CARTESIAN_POINT('',(0.,0.));
#4356 = VECTOR('',#4357,1.);
#4357 = DIRECTION('',(-0.151232415551,-0.98849823292));
#4358 = ( GEOMETRIC_REPRESENTATION_CONTEXT(2) 
PARAMETRIC_REPRESENTATION_CONTEXT() REPRESENTATION_CONTEXT('2D SPACE',''
  ) );
#4359 = PCURVE('',#1079,#4360);
#4360 = DEFINITIONAL_REPRESENTATION('',(#4361),#4365);
#4361 = LINE('',#4362,#4363);
#4362 = CARTESIAN_POINT('',(0.,0.));
#4363 = VECTOR('',#4364,1.);
#4364 = DIRECTION('',(-0.151231690207,-0.988498343892));
#4365 = ( GEOMETRIC_REPRESENTATION_CONTEXT(2) 
PARAMETRIC_REPRESENTATION_CONTEXT() REPRESENTATION_CONTEXT('2D SPACE',''
  ) );
#4366 = ADVANCED_FACE('',(#4367),#1079,.T.);
#4367 = FACE_BOUND('',#4368,.T.);
#4368 = EDGE_LOOP('',(#4369,#4370,#4371));
#4369 = ORIENTED_EDGE('',*,*,#4346,.T.);
#4370 = ORIENTED_EDGE('',*,*,#4267,.T.);
#4371 = ORIENTED_EDGE('',*,*,#1065,.F.);
#4372 = ADVANCED_FACE('',(#4373),#156,.T.);
#4373 = FACE_BOUND('',#4374,.T.);
#4374 = EDGE_LOOP('',(#4375,#4403,#4404));
#4375 = ORIENTED_EDGE('',*,*,#4376,.F.);
#4376 = EDGE_CURVE('',#22,#4377,#4379,.T.);
#4377 = VERTEX_POINT('',#4378);
#4378 = CARTESIAN_POINT('',(-42.2839660692,39.352549904159,
    20.44775239567));
#4379 = SURFACE_CURVE('',#4380,(#4384,#4391),.PCURVE_S1.);
#4380 = LINE('',#4381,#4382);
#4381 = CARTESIAN_POINT('',(-42.31468387612,39.257895960876,
    20.450698359921));
#4382 = VECTOR('',#4383,1.);
#4383 = DIRECTION('',(0.308544376932,0.950749577594,-2.959067705129E-02)
  );
#4384 = PCURVE('',#156,#4385);
#4385 = DEFINITIONAL_REPRESENTATION('',(#4386),#4390);
#4386 = LINE('',#4387,#4388);
#4387 = CARTESIAN_POINT('',(-9.951357968273E-02,2.94598119409E-03));
#4388 = VECTOR('',#4389,1.);
#4389 = DIRECTION('',(0.999562095,-2.959084723495E-02));
#4390 = ( GEOMETRIC_REPRESENTATION_CONTEXT(2) 
PARAMETRIC_REPRESENTATION_CONTEXT() REPRESENTATION_CONTEXT('2D SPACE',''
  ) );
#4391 = PCURVE('',#4392,#4397);
#4392 = PLANE('',#4393);
#4393 = AXIS2_PLACEMENT_3D('',#4394,#4395,#4396);
#4394 = CARTESIAN_POINT('',(-42.40638926999,39.617721338823,
    20.449685016234));
#4395 = DIRECTION('',(4.879335881889E-02,1.524804325412E-02,
    0.998692497875));
#4396 = DIRECTION('',(0.998808617537,-1.917840802582E-20,
    -4.879903210504E-02));
#4397 = DEFINITIONAL_REPRESENTATION('',(#4398),#4402);
#4398 = LINE('',#4399,#4400);
#4399 = CARTESIAN_POINT('',(9.154668748173E-02,-0.359867215451));
#4400 = VECTOR('',#4401,1.);
#4401 = DIRECTION('',(0.309620778971,0.950860122852));
#4402 = ( GEOMETRIC_REPRESENTATION_CONTEXT(2) 
PARAMETRIC_REPRESENTATION_CONTEXT() REPRESENTATION_CONTEXT('2D SPACE',''
  ) );
#4403 = ORIENTED_EDGE('',*,*,#142,.T.);
#4404 = ORIENTED_EDGE('',*,*,#4405,.F.);
#4405 = EDGE_CURVE('',#4377,#115,#4406,.T.);
#4406 = SURFACE_CURVE('',#4407,(#4411,#4418),.PCURVE_S1.);
#4407 = LINE('',#4408,#4409);
#4408 = CARTESIAN_POINT('',(-42.2839660692,39.352549904159,
    20.44775239567));
#4409 = VECTOR('',#4410,1.);
#4410 = DIRECTION('',(5.681364237424E-04,-9.238929153458E-03,
    -0.999957158787));
#4411 = PCURVE('',#156,#4412);
#4412 = DEFINITIONAL_REPRESENTATION('',(#4413),#4417);
#4413 = LINE('',#4414,#4415);
#4414 = CARTESIAN_POINT('',(0.,0.));
#4415 = VECTOR('',#4416,1.);
#4416 = DIRECTION('',(-8.612724600069E-03,-0.9999629098));
#4417 = ( GEOMETRIC_REPRESENTATION_CONTEXT(2) 
PARAMETRIC_REPRESENTATION_CONTEXT() REPRESENTATION_CONTEXT('2D SPACE',''
  ) );
#4418 = PCURVE('',#271,#4419);
#4419 = DEFINITIONAL_REPRESENTATION('',(#4420),#4424);
#4420 = LINE('',#4421,#4422);
#4421 = CARTESIAN_POINT('',(0.,0.));
#4422 = VECTOR('',#4423,1.);
#4423 = DIRECTION('',(-9.241279681234E-03,-0.999957298463));
#4424 = ( GEOMETRIC_REPRESENTATION_CONTEXT(2) 
PARAMETRIC_REPRESENTATION_CONTEXT() REPRESENTATION_CONTEXT('2D SPACE',''
  ) );
#4425 = ADVANCED_FACE('',(#4426),#271,.T.);
#4426 = FACE_BOUND('',#4427,.T.);
#4427 = EDGE_LOOP('',(#4428,#4429,#4430));
#4428 = ORIENTED_EDGE('',*,*,#4405,.T.);
#4429 = ORIENTED_EDGE('',*,*,#257,.F.);
#4430 = ORIENTED_EDGE('',*,*,#4431,.F.);
#4431 = EDGE_CURVE('',#4377,#230,#4432,.T.);
#4432 = SURFACE_CURVE('',#4433,(#4437,#4444),.PCURVE_S1.);
#4433 = LINE('',#4434,#4435);
#4434 = CARTESIAN_POINT('',(-42.2839660692,39.352549904159,
    20.44775239567));
#4435 = VECTOR('',#4436,1.);
#4436 = DIRECTION('',(5.10174664437E-04,4.286475646812E-03,
    -0.999990682881));
#4437 = PCURVE('',#271,#4438);
#4438 = DEFINITIONAL_REPRESENTATION('',(#4439),#4443);
#4439 = LINE('',#4440,#4441);
#4440 = CARTESIAN_POINT('',(0.,0.));
#4441 = VECTOR('',#4442,1.);
#4442 = DIRECTION('',(4.284249313093E-03,-0.999990822562));
#4443 = ( GEOMETRIC_REPRESENTATION_CONTEXT(2) 
PARAMETRIC_REPRESENTATION_CONTEXT() REPRESENTATION_CONTEXT('2D SPACE',''
  ) );
#4444 = PCURVE('',#329,#4445);
#4445 = DEFINITIONAL_REPRESENTATION('',(#4446),#4450);
#4446 = LINE('',#4447,#4448);
#4447 = CARTESIAN_POINT('',(0.,0.));
#4448 = VECTOR('',#4449,1.);
#4449 = DIRECTION('',(4.077381436107E-03,-0.999991687446));
#4450 = ( GEOMETRIC_REPRESENTATION_CONTEXT(2) 
PARAMETRIC_REPRESENTATION_CONTEXT() REPRESENTATION_CONTEXT('2D SPACE',''
  ) );
#4451 = ADVANCED_FACE('',(#4452),#329,.T.);
#4452 = FACE_BOUND('',#4453,.T.);
#4453 = EDGE_LOOP('',(#4454,#4455,#4456));
#4454 = ORIENTED_EDGE('',*,*,#4431,.T.);
#4455 = ORIENTED_EDGE('',*,*,#315,.F.);
#4456 = ORIENTED_EDGE('',*,*,#4457,.T.);
#4457 = EDGE_CURVE('',#288,#4377,#4458,.T.);
#4458 = SURFACE_CURVE('',#4459,(#4463,#4470),.PCURVE_S1.);
#4459 = LINE('',#4460,#4461);
#4460 = CARTESIAN_POINT('',(-42.30890277872,39.514104620826,
    13.192084090637));
#4461 = VECTOR('',#4462,1.);
#4462 = DIRECTION('',(3.43598716378E-03,-2.226035203907E-02,
    0.999746303179));
#4463 = PCURVE('',#329,#4464);
#4464 = DEFINITIONAL_REPRESENTATION('',(#4465),#4469);
#4465 = LINE('',#4466,#4467);
#4466 = CARTESIAN_POINT('',(0.16314409223,-7.255675593891));
#4467 = VECTOR('',#4468,1.);
#4468 = DIRECTION('',(-2.247934941833E-02,0.999747307498));
#4469 = ( GEOMETRIC_REPRESENTATION_CONTEXT(2) 
PARAMETRIC_REPRESENTATION_CONTEXT() REPRESENTATION_CONTEXT('2D SPACE',''
  ) );
#4470 = PCURVE('',#4471,#4476);
#4471 = PLANE('',#4472);
#4472 = AXIS2_PLACEMENT_3D('',#4473,#4474,#4475);
#4473 = CARTESIAN_POINT('',(-42.29625213168,39.518473937197,
    20.458805441598));
#4474 = DIRECTION('',(0.997259470791,7.39619995257E-02,
    -1.78060232679E-03));
#4475 = DIRECTION('',(-7.396211677589E-02,0.997261051722,
    -6.885076120527E-21));
#4476 = DEFINITIONAL_REPRESENTATION('',(#4477),#4481);
#4477 = LINE('',#4478,#4479);
#4478 = CARTESIAN_POINT('',(-3.421680405882E-03,-7.26673287072));
#4479 = VECTOR('',#4480,1.);
#4480 = DIRECTION('',(-2.245351497004E-02,0.999747888053));
#4481 = ( GEOMETRIC_REPRESENTATION_CONTEXT(2) 
PARAMETRIC_REPRESENTATION_CONTEXT() REPRESENTATION_CONTEXT('2D SPACE',''
  ) );
#4482 = ADVANCED_FACE('',(#4483),#4471,.T.);
#4483 = FACE_BOUND('',#4484,.T.);
#4484 = EDGE_LOOP('',(#4485,#4513,#4514));
#4485 = ORIENTED_EDGE('',*,*,#4486,.T.);
#4486 = EDGE_CURVE('',#4487,#4377,#4489,.T.);
#4487 = VERTEX_POINT('',#4488);
#4488 = CARTESIAN_POINT('',(-42.29625213168,39.518473937197,
    20.458805441598));
#4489 = SURFACE_CURVE('',#4490,(#4494,#4501),.PCURVE_S1.);
#4490 = LINE('',#4491,#4492);
#4491 = CARTESIAN_POINT('',(-42.29625213168,39.518473937197,
    20.458805441598));
#4492 = VECTOR('',#4493,1.);
#4493 = DIRECTION('',(7.368173539679E-02,-0.995076389326,
    -6.628711243203E-02));
#4494 = PCURVE('',#4471,#4495);
#4495 = DEFINITIONAL_REPRESENTATION('',(#4496),#4500);
#4496 = LINE('',#4497,#4498);
#4497 = CARTESIAN_POINT('',(0.,0.));
#4498 = VECTOR('',#4499,1.);
#4499 = DIRECTION('',(-0.997800583681,-6.62872175154E-02));
#4500 = ( GEOMETRIC_REPRESENTATION_CONTEXT(2) 
PARAMETRIC_REPRESENTATION_CONTEXT() REPRESENTATION_CONTEXT('2D SPACE',''
  ) );
#4501 = PCURVE('',#4502,#4507);
#4502 = PLANE('',#4503);
#4503 = AXIS2_PLACEMENT_3D('',#4504,#4505,#4506);
#4504 = CARTESIAN_POINT('',(-42.40638926999,39.617721338823,
    20.449685016234));
#4505 = DIRECTION('',(-0.150841826272,-7.682301401462E-02,0.985568347688
    ));
#4506 = DIRECTION('',(0.988489585991,1.374737746631E-18,0.151288923545)
  );
#4507 = DEFINITIONAL_REPRESENTATION('',(#4508),#4512);
#4508 = LINE('',#4509,#4510);
#4509 = CARTESIAN_POINT('',(0.110249233581,-9.954157230613E-02));
#4510 = VECTOR('',#4511,1.);
#4511 = DIRECTION('',(6.280512223269E-02,-0.998025809597));
#4512 = ( GEOMETRIC_REPRESENTATION_CONTEXT(2) 
PARAMETRIC_REPRESENTATION_CONTEXT() REPRESENTATION_CONTEXT('2D SPACE',''
  ) );
#4513 = ORIENTED_EDGE('',*,*,#4457,.F.);
#4514 = ORIENTED_EDGE('',*,*,#4515,.T.);
#4515 = EDGE_CURVE('',#288,#4487,#4516,.T.);
#4516 = SURFACE_CURVE('',#4517,(#4521,#4528),.PCURVE_S1.);
#4517 = LINE('',#4518,#4519);
#4518 = CARTESIAN_POINT('',(-42.30890277872,39.514104620826,
    13.192084090637));
#4519 = VECTOR('',#4520,1.);
#4520 = DIRECTION('',(1.740898676289E-03,6.012765247193E-04,
    0.999998303868));
#4521 = PCURVE('',#4471,#4522);
#4522 = DEFINITIONAL_REPRESENTATION('',(#4523),#4527);
#4523 = LINE('',#4524,#4525);
#4524 = CARTESIAN_POINT('',(-3.421680405882E-03,-7.26673287072));
#4525 = VECTOR('',#4526,1.);
#4526 = DIRECTION('',(4.708691082267E-04,0.999999889141));
#4527 = ( GEOMETRIC_REPRESENTATION_CONTEXT(2) 
PARAMETRIC_REPRESENTATION_CONTEXT() REPRESENTATION_CONTEXT('2D SPACE',''
  ) );
#4528 = PCURVE('',#4529,#4534);
#4529 = PLANE('',#4530);
#4530 = AXIS2_PLACEMENT_3D('',#4531,#4532,#4533);
#4531 = CARTESIAN_POINT('',(-42.40638926999,39.617721338823,
    20.449685016234));
#4532 = DIRECTION('',(0.669499410537,0.742810837431,-1.612168090885E-03)
  );
#4533 = DIRECTION('',(0.742811802747,-0.669500280582,1.265490860652E-19)
  );
#4534 = DEFINITIONAL_REPRESENTATION('',(#4535),#4539);
#4535 = LINE('',#4536,#4537);
#4536 = CARTESIAN_POINT('',(0.141785538093,7.257610357179));
#4537 = VECTOR('',#4538,1.);
#4538 = DIRECTION('',(8.906052821274E-04,-0.999999603411));
#4539 = ( GEOMETRIC_REPRESENTATION_CONTEXT(2) 
PARAMETRIC_REPRESENTATION_CONTEXT() REPRESENTATION_CONTEXT('2D SPACE',''
  ) );
#4540 = ADVANCED_FACE('',(#4541),#4529,.T.);
#4541 = FACE_BOUND('',#4542,.T.);
#4542 = EDGE_LOOP('',(#4543,#4566,#4567));
#4543 = ORIENTED_EDGE('',*,*,#4544,.T.);
#4544 = EDGE_CURVE('',#4545,#4487,#4547,.T.);
#4545 = VERTEX_POINT('',#4546);
#4546 = CARTESIAN_POINT('',(-42.40638926999,39.617721338823,
    20.449685016234));
#4547 = SURFACE_CURVE('',#4548,(#4552,#4559),.PCURVE_S1.);
#4548 = LINE('',#4549,#4550);
#4549 = CARTESIAN_POINT('',(-42.40638926999,39.617721338823,
    20.449685016234));
#4550 = VECTOR('',#4551,1.);
#4551 = DIRECTION('',(0.741476498418,-0.668163500227,6.14014597359E-02)
  );
#4552 = PCURVE('',#4529,#4553);
#4553 = DEFINITIONAL_REPRESENTATION('',(#4554),#4558);
#4554 = LINE('',#4555,#4556);
#4555 = CARTESIAN_POINT('',(0.,-0.));
#4556 = VECTOR('',#4557,1.);
#4557 = DIRECTION('',(0.998113145361,-6.140153952989E-02));
#4558 = ( GEOMETRIC_REPRESENTATION_CONTEXT(2) 
PARAMETRIC_REPRESENTATION_CONTEXT() REPRESENTATION_CONTEXT('2D SPACE',''
  ) );
#4559 = PCURVE('',#4502,#4560);
#4560 = DEFINITIONAL_REPRESENTATION('',(#4561),#4565);
#4561 = LINE('',#4562,#4563);
#4562 = CARTESIAN_POINT('',(0.,0.));
#4563 = VECTOR('',#4564,1.);
#4564 = DIRECTION('',(0.742231157691,-0.670143946143));
#4565 = ( GEOMETRIC_REPRESENTATION_CONTEXT(2) 
PARAMETRIC_REPRESENTATION_CONTEXT() REPRESENTATION_CONTEXT('2D SPACE',''
  ) );
#4566 = ORIENTED_EDGE('',*,*,#4515,.F.);
#4567 = ORIENTED_EDGE('',*,*,#4568,.F.);
#4568 = EDGE_CURVE('',#4545,#288,#4569,.T.);
#4569 = SURFACE_CURVE('',#4570,(#4574,#4581),.PCURVE_S1.);
#4570 = LINE('',#4571,#4572);
#4571 = CARTESIAN_POINT('',(-42.40638926999,39.617721338823,
    20.449685016234));
#4572 = VECTOR('',#4573,1.);
#4573 = DIRECTION('',(1.342975007605E-02,-1.427425080456E-02,
    -0.999807925342));
#4574 = PCURVE('',#4529,#4575);
#4575 = DEFINITIONAL_REPRESENTATION('',(#4576),#4580);
#4576 = LINE('',#4577,#4578);
#4577 = CARTESIAN_POINT('',(0.,-0.));
#4578 = VECTOR('',#4579,1.);
#4579 = DIRECTION('',(1.953239178318E-02,0.999809224638));
#4580 = ( GEOMETRIC_REPRESENTATION_CONTEXT(2) 
PARAMETRIC_REPRESENTATION_CONTEXT() REPRESENTATION_CONTEXT('2D SPACE',''
  ) );
#4581 = PCURVE('',#387,#4582);
#4582 = DEFINITIONAL_REPRESENTATION('',(#4583),#4587);
#4583 = LINE('',#4584,#4585);
#4584 = CARTESIAN_POINT('',(2.050902061147E-02,7.246420960806));
#4585 = VECTOR('',#4586,1.);
#4586 = DIRECTION('',(1.684875086542E-02,-0.999858049722));
#4587 = ( GEOMETRIC_REPRESENTATION_CONTEXT(2) 
PARAMETRIC_REPRESENTATION_CONTEXT() REPRESENTATION_CONTEXT('2D SPACE',''
  ) );
#4588 = ADVANCED_FACE('',(#4589),#387,.F.);
#4589 = FACE_BOUND('',#4590,.F.);
#4590 = EDGE_LOOP('',(#4591,#4592,#4593));
#4591 = ORIENTED_EDGE('',*,*,#373,.T.);
#4592 = ORIENTED_EDGE('',*,*,#4568,.F.);
#4593 = ORIENTED_EDGE('',*,*,#4594,.T.);
#4594 = EDGE_CURVE('',#4545,#346,#4595,.T.);
#4595 = SURFACE_CURVE('',#4596,(#4600,#4607),.PCURVE_S1.);
#4596 = LINE('',#4597,#4598);
#4597 = CARTESIAN_POINT('',(-42.40638926999,39.617721338823,
    20.449685016234));
#4598 = VECTOR('',#4599,1.);
#4599 = DIRECTION('',(9.160039564371E-03,4.935937153976E-03,
    -0.999945863634));
#4600 = PCURVE('',#387,#4601);
#4601 = DEFINITIONAL_REPRESENTATION('',(#4602),#4606);
#4602 = LINE('',#4603,#4604);
#4603 = CARTESIAN_POINT('',(2.050902061147E-02,7.246420960806));
#4604 = VECTOR('',#4605,1.);
#4605 = DIRECTION('',(-2.830216265704E-03,-0.99999599493));
#4606 = ( GEOMETRIC_REPRESENTATION_CONTEXT(2) 
PARAMETRIC_REPRESENTATION_CONTEXT() REPRESENTATION_CONTEXT('2D SPACE',''
  ) );
#4607 = PCURVE('',#4608,#4613);
#4608 = PLANE('',#4609);
#4609 = AXIS2_PLACEMENT_3D('',#4610,#4611,#4612);
#4610 = CARTESIAN_POINT('',(-42.38170113198,39.725169312569,
    20.414096766708));
#4611 = DIRECTION('',(0.975138117153,-0.221459235175,7.839619275358E-03)
  );
#4612 = DIRECTION('',(0.22146604089,0.975168084349,7.480049533395E-20));
#4613 = DEFINITIONAL_REPRESENTATION('',(#4614),#4618);
#4614 = LINE('',#4615,#4616);
#4615 = CARTESIAN_POINT('',(-0.110247418906,3.55893431968E-02));
#4616 = VECTOR('',#4617,1.);
#4617 = DIRECTION('',(6.842006075623E-03,-0.999976593202));
#4618 = ( GEOMETRIC_REPRESENTATION_CONTEXT(2) 
PARAMETRIC_REPRESENTATION_CONTEXT() REPRESENTATION_CONTEXT('2D SPACE',''
  ) );
#4619 = ADVANCED_FACE('',(#4620),#4608,.T.);
#4620 = FACE_BOUND('',#4621,.T.);
#4621 = EDGE_LOOP('',(#4622,#4650,#4651));
#4622 = ORIENTED_EDGE('',*,*,#4623,.F.);
#4623 = EDGE_CURVE('',#4545,#4624,#4626,.T.);
#4624 = VERTEX_POINT('',#4625);
#4625 = CARTESIAN_POINT('',(-42.38170113198,39.725169312569,
    20.414096766708));
#4626 = SURFACE_CURVE('',#4627,(#4631,#4638),.PCURVE_S1.);
#4627 = LINE('',#4628,#4629);
#4628 = CARTESIAN_POINT('',(-42.40638926999,39.617721338823,
    20.449685016234));
#4629 = VECTOR('',#4630,1.);
#4630 = DIRECTION('',(0.213105356321,0.927479371797,-0.307193948505));
#4631 = PCURVE('',#4608,#4632);
#4632 = DEFINITIONAL_REPRESENTATION('',(#4633),#4637);
#4633 = LINE('',#4634,#4635);
#4634 = CARTESIAN_POINT('',(-0.110247418906,3.55893431968E-02));
#4635 = VECTOR('',#4636,1.);
#4636 = DIRECTION('',(0.951643881825,-0.307203388954));
#4637 = ( GEOMETRIC_REPRESENTATION_CONTEXT(2) 
PARAMETRIC_REPRESENTATION_CONTEXT() REPRESENTATION_CONTEXT('2D SPACE',''
  ) );
#4638 = PCURVE('',#4639,#4644);
#4639 = PLANE('',#4640);
#4640 = AXIS2_PLACEMENT_3D('',#4641,#4642,#4643);
#4641 = CARTESIAN_POINT('',(-42.46952949157,39.858394372538,
    20.411206484479));
#4642 = DIRECTION('',(0.319920571067,0.23084212943,0.918892126143));
#4643 = DIRECTION('',(0.944399197722,6.015730657568E-18,-0.328801087805)
  );
#4644 = DEFINITIONAL_REPRESENTATION('',(#4645),#4649);
#4645 = LINE('',#4646,#4647);
#4646 = CARTESIAN_POINT('',(4.697779150344E-02,-0.247353757299));
#4647 = VECTOR('',#4648,1.);
#4648 = DIRECTION('',(0.302262231975,0.953224812477));
#4649 = ( GEOMETRIC_REPRESENTATION_CONTEXT(2) 
PARAMETRIC_REPRESENTATION_CONTEXT() REPRESENTATION_CONTEXT('2D SPACE',''
  ) );
#4650 = ORIENTED_EDGE('',*,*,#4594,.T.);
#4651 = ORIENTED_EDGE('',*,*,#4652,.F.);
#4652 = EDGE_CURVE('',#4624,#346,#4653,.T.);
#4653 = SURFACE_CURVE('',#4654,(#4658,#4665),.PCURVE_S1.);
#4654 = LINE('',#4655,#4656);
#4655 = CARTESIAN_POINT('',(-42.38170113198,39.725169312569,
    20.414096766708));
#4656 = VECTOR('',#4657,1.);
#4657 = DIRECTION('',(5.781436888308E-03,-9.940436350673E-03,
    -0.99993387917));
#4658 = PCURVE('',#4608,#4659);
#4659 = DEFINITIONAL_REPRESENTATION('',(#4660),#4664);
#4660 = LINE('',#4661,#4662);
#4661 = CARTESIAN_POINT('',(0.,0.));
#4662 = VECTOR('',#4663,1.);
#4663 = DIRECTION('',(-8.413204335371E-03,-0.99996460837));
#4664 = ( GEOMETRIC_REPRESENTATION_CONTEXT(2) 
PARAMETRIC_REPRESENTATION_CONTEXT() REPRESENTATION_CONTEXT('2D SPACE',''
  ) );
#4665 = PCURVE('',#445,#4666);
#4666 = DEFINITIONAL_REPRESENTATION('',(#4667),#4671);
#4667 = LINE('',#4668,#4669);
#4668 = CARTESIAN_POINT('',(-1.012285713102E-02,-7.202674645247));
#4669 = VECTOR('',#4670,1.);
#4670 = DIRECTION('',(-1.000038558957E-02,0.999949994894));
#4671 = ( GEOMETRIC_REPRESENTATION_CONTEXT(2) 
PARAMETRIC_REPRESENTATION_CONTEXT() REPRESENTATION_CONTEXT('2D SPACE',''
  ) );
#4672 = ADVANCED_FACE('',(#4673),#445,.F.);
#4673 = FACE_BOUND('',#4674,.F.);
#4674 = EDGE_LOOP('',(#4675,#4676,#4677));
#4675 = ORIENTED_EDGE('',*,*,#431,.T.);
#4676 = ORIENTED_EDGE('',*,*,#4652,.F.);
#4677 = ORIENTED_EDGE('',*,*,#4678,.F.);
#4678 = EDGE_CURVE('',#404,#4624,#4679,.T.);
#4679 = SURFACE_CURVE('',#4680,(#4684,#4691),.PCURVE_S1.);
#4680 = LINE('',#4681,#4682);
#4681 = CARTESIAN_POINT('',(-42.41103785423,39.694936566516,
    13.211538203578));
#4682 = VECTOR('',#4683,1.);
#4683 = DIRECTION('',(4.073027690052E-03,4.197429105674E-03,
    0.999982895871));
#4684 = PCURVE('',#445,#4685);
#4685 = DEFINITIONAL_REPRESENTATION('',(#4686),#4690);
#4686 = LINE('',#4687,#4688);
#4687 = CARTESIAN_POINT('',(0.,-0.));
#4688 = VECTOR('',#4689,1.);
#4689 = DIRECTION('',(-1.405428904137E-03,-0.999999012384));
#4690 = ( GEOMETRIC_REPRESENTATION_CONTEXT(2) 
PARAMETRIC_REPRESENTATION_CONTEXT() REPRESENTATION_CONTEXT('2D SPACE',''
  ) );
#4691 = PCURVE('',#4692,#4697);
#4692 = PLANE('',#4693);
#4693 = AXIS2_PLACEMENT_3D('',#4694,#4695,#4696);
#4694 = CARTESIAN_POINT('',(-42.46952949157,39.858394372538,
    20.411206484479));
#4695 = DIRECTION('',(0.834941234332,0.550309479178,-5.710721468946E-03)
  );
#4696 = DIRECTION('',(-0.550318452837,0.834954849358,5.185994310157E-19)
  );
#4697 = DEFINITIONAL_REPRESENTATION('',(#4698),#4702);
#4698 = LINE('',#4699,#4700);
#4699 = CARTESIAN_POINT('',(-0.168668915168,-7.199785682786));
#4700 = VECTOR('',#4701,1.);
#4701 = DIRECTION('',(1.263201489868E-03,0.999999202161));
#4702 = ( GEOMETRIC_REPRESENTATION_CONTEXT(2) 
PARAMETRIC_REPRESENTATION_CONTEXT() REPRESENTATION_CONTEXT('2D SPACE',''
  ) );
#4703 = ADVANCED_FACE('',(#4704),#4692,.T.);
#4704 = FACE_BOUND('',#4705,.T.);
#4705 = EDGE_LOOP('',(#4706,#4729,#4730));
#4706 = ORIENTED_EDGE('',*,*,#4707,.T.);
#4707 = EDGE_CURVE('',#4708,#4624,#4710,.T.);
#4708 = VERTEX_POINT('',#4709);
#4709 = CARTESIAN_POINT('',(-42.46952949157,39.858394372538,
    20.411206484479));
#4710 = SURFACE_CURVE('',#4711,(#4715,#4722),.PCURVE_S1.);
#4711 = LINE('',#4712,#4713);
#4712 = CARTESIAN_POINT('',(-42.46952949157,39.858394372538,
    20.411206484479));
#4713 = VECTOR('',#4714,1.);
#4714 = DIRECTION('',(0.550314551783,-0.834760998714,1.810991776067E-02)
  );
#4715 = PCURVE('',#4692,#4716);
#4716 = DEFINITIONAL_REPRESENTATION('',(#4717),#4721);
#4717 = LINE('',#4718,#4719);
#4718 = CARTESIAN_POINT('',(0.,0.));
#4719 = VECTOR('',#4720,1.);
#4720 = DIRECTION('',(-0.999835996643,1.811021307128E-02));
#4721 = ( GEOMETRIC_REPRESENTATION_CONTEXT(2) 
PARAMETRIC_REPRESENTATION_CONTEXT() REPRESENTATION_CONTEXT('2D SPACE',''
  ) );
#4722 = PCURVE('',#4639,#4723);
#4723 = DEFINITIONAL_REPRESENTATION('',(#4724),#4728);
#4724 = LINE('',#4725,#4726);
#4725 = CARTESIAN_POINT('',(0.,0.));
#4726 = VECTOR('',#4727,1.);
#4727 = DIRECTION('',(0.513762060539,-0.857932715981));
#4728 = ( GEOMETRIC_REPRESENTATION_CONTEXT(2) 
PARAMETRIC_REPRESENTATION_CONTEXT() REPRESENTATION_CONTEXT('2D SPACE',''
  ) );
#4729 = ORIENTED_EDGE('',*,*,#4678,.F.);
#4730 = ORIENTED_EDGE('',*,*,#4731,.F.);
#4731 = EDGE_CURVE('',#4708,#404,#4732,.T.);
#4732 = SURFACE_CURVE('',#4733,(#4737,#4744),.PCURVE_S1.);
#4733 = LINE('',#4734,#4735);
#4734 = CARTESIAN_POINT('',(-42.46952949157,39.858394372538,
    20.411206484479));
#4735 = VECTOR('',#4736,1.);
#4736 = DIRECTION('',(8.121851926075E-03,-2.269692142417E-02,
    -0.999709400416));
#4737 = PCURVE('',#4692,#4738);
#4738 = DEFINITIONAL_REPRESENTATION('',(#4739),#4743);
#4739 = LINE('',#4740,#4741);
#4740 = CARTESIAN_POINT('',(0.,0.));
#4741 = VECTOR('',#4742,1.);
#4742 = DIRECTION('',(-2.342050959474E-02,-0.999725702246));
#4743 = ( GEOMETRIC_REPRESENTATION_CONTEXT(2) 
PARAMETRIC_REPRESENTATION_CONTEXT() REPRESENTATION_CONTEXT('2D SPACE',''
  ) );
#4744 = PCURVE('',#503,#4745);
#4745 = DEFINITIONAL_REPRESENTATION('',(#4746),#4750);
#4746 = LINE('',#4747,#4748);
#4747 = CARTESIAN_POINT('',(0.,0.));
#4748 = VECTOR('',#4749,1.);
#4749 = DIRECTION('',(-2.26561323705E-02,-0.99974331689));
#4750 = ( GEOMETRIC_REPRESENTATION_CONTEXT(2) 
PARAMETRIC_REPRESENTATION_CONTEXT() REPRESENTATION_CONTEXT('2D SPACE',''
  ) );
#4751 = ADVANCED_FACE('',(#4752),#503,.T.);
#4752 = FACE_BOUND('',#4753,.T.);
#4753 = EDGE_LOOP('',(#4754,#4755,#4756));
#4754 = ORIENTED_EDGE('',*,*,#4731,.T.);
#4755 = ORIENTED_EDGE('',*,*,#489,.F.);
#4756 = ORIENTED_EDGE('',*,*,#4757,.T.);
#4757 = EDGE_CURVE('',#462,#4708,#4758,.T.);
#4758 = SURFACE_CURVE('',#4759,(#4763,#4770),.PCURVE_S1.);
#4759 = LINE('',#4760,#4761);
#4760 = CARTESIAN_POINT('',(-42.49605117409,39.797357671146,
    13.203145624932));
#4761 = VECTOR('',#4762,1.);
#4762 = DIRECTION('',(3.67929082838E-03,8.467478463713E-03,
    0.999957381406));
#4763 = PCURVE('',#503,#4764);
#4764 = DEFINITIONAL_REPRESENTATION('',(#4765),#4769);
#4765 = LINE('',#4766,#4767);
#4766 = CARTESIAN_POINT('',(-3.005754508678E-02,-7.208305402623));
#4767 = VECTOR('',#4768,1.);
#4768 = DIRECTION('',(4.169812750214E-03,0.999991306293));
#4769 = ( GEOMETRIC_REPRESENTATION_CONTEXT(2) 
PARAMETRIC_REPRESENTATION_CONTEXT() REPRESENTATION_CONTEXT('2D SPACE',''
  ) );
#4770 = PCURVE('',#4771,#4776);
#4771 = PLANE('',#4772);
#4772 = AXIS2_PLACEMENT_3D('',#4773,#4774,#4775);
#4773 = CARTESIAN_POINT('',(-42.56513464235,39.883890042598,
    20.41884544071));
#4774 = DIRECTION('',(0.256979977442,0.96637361259,-9.128640876426E-03)
  );
#4775 = DIRECTION('',(0.96641388007,-0.25699068545,-1.81547432656E-19));
#4776 = DEFINITIONAL_REPRESENTATION('',(#4777),#4781);
#4777 = LINE('',#4778,#4779);
#4778 = CARTESIAN_POINT('',(8.900123606335E-02,7.216000484223));
#4779 = VECTOR('',#4780,1.);
#4780 = DIRECTION('',(1.379654630941E-03,-0.999999048276));
#4781 = ( GEOMETRIC_REPRESENTATION_CONTEXT(2) 
PARAMETRIC_REPRESENTATION_CONTEXT() REPRESENTATION_CONTEXT('2D SPACE',''
  ) );
#4782 = ADVANCED_FACE('',(#4783),#4771,.T.);
#4783 = FACE_BOUND('',#4784,.T.);
#4784 = EDGE_LOOP('',(#4785,#4813,#4814));
#4785 = ORIENTED_EDGE('',*,*,#4786,.T.);
#4786 = EDGE_CURVE('',#4787,#4708,#4789,.T.);
#4787 = VERTEX_POINT('',#4788);
#4788 = CARTESIAN_POINT('',(-42.56513464235,39.883890042598,
    20.41884544071));
#4789 = SURFACE_CURVE('',#4790,(#4794,#4801),.PCURVE_S1.);
#4790 = LINE('',#4791,#4792);
#4791 = CARTESIAN_POINT('',(-42.56513464235,39.883890042598,
    20.41884544071));
#4792 = VECTOR('',#4793,1.);
#4793 = DIRECTION('',(0.963365802515,-0.256907252854,-7.697398246343E-02
    ));
#4794 = PCURVE('',#4771,#4795);
#4795 = DEFINITIONAL_REPRESENTATION('',(#4796),#4800);
#4796 = LINE('',#4797,#4798);
#4797 = CARTESIAN_POINT('',(0.,-0.));
#4798 = VECTOR('',#4799,1.);
#4799 = DIRECTION('',(0.997032854143,7.697718986509E-02));
#4800 = ( GEOMETRIC_REPRESENTATION_CONTEXT(2) 
PARAMETRIC_REPRESENTATION_CONTEXT() REPRESENTATION_CONTEXT('2D SPACE',''
  ) );
#4801 = PCURVE('',#4802,#4807);
#4802 = PLANE('',#4803);
#4803 = AXIS2_PLACEMENT_3D('',#4804,#4805,#4806);
#4804 = CARTESIAN_POINT('',(-42.63659835961,39.96397715902,
    20.441022579687));
#4805 = DIRECTION('',(-7.671123389969E-03,0.260498501313,-0.965443776032
    ));
#4806 = DIRECTION('',(-1.143071915072E-19,-0.965472183603,
    -0.260506166316));
#4807 = DEFINITIONAL_REPRESENTATION('',(#4808),#4812);
#4808 = LINE('',#4809,#4810);
#4809 = CARTESIAN_POINT('',(8.309916462561E-02,-7.146582002949E-02));
#4810 = VECTOR('',#4811,1.);
#4811 = DIRECTION('',(0.268089003474,-0.963394148942));
#4812 = ( GEOMETRIC_REPRESENTATION_CONTEXT(2) 
PARAMETRIC_REPRESENTATION_CONTEXT() REPRESENTATION_CONTEXT('2D SPACE',''
  ) );
#4813 = ORIENTED_EDGE('',*,*,#4757,.F.);
#4814 = ORIENTED_EDGE('',*,*,#4815,.F.);
#4815 = EDGE_CURVE('',#4787,#462,#4816,.T.);
#4816 = SURFACE_CURVE('',#4817,(#4821,#4828),.PCURVE_S1.);
#4817 = LINE('',#4818,#4819);
#4818 = CARTESIAN_POINT('',(-42.56513464235,39.883890042598,
    20.41884544071));
#4819 = VECTOR('',#4820,1.);
#4820 = DIRECTION('',(9.572922614045E-03,-1.199082380158E-02,
    -0.99988228272));
#4821 = PCURVE('',#4771,#4822);
#4822 = DEFINITIONAL_REPRESENTATION('',(#4823),#4827);
#4823 = LINE('',#4824,#4825);
#4824 = CARTESIAN_POINT('',(0.,-0.));
#4825 = VECTOR('',#4826,1.);
#4826 = DIRECTION('',(1.233293531493E-02,0.999923946461));
#4827 = ( GEOMETRIC_REPRESENTATION_CONTEXT(2) 
PARAMETRIC_REPRESENTATION_CONTEXT() REPRESENTATION_CONTEXT('2D SPACE',''
  ) );
#4828 = PCURVE('',#561,#4829);
#4829 = DEFINITIONAL_REPRESENTATION('',(#4830),#4834);
#4830 = LINE('',#4831,#4832);
#4831 = CARTESIAN_POINT('',(0.,0.));
#4832 = VECTOR('',#4833,1.);
#4833 = DIRECTION('',(-1.461207575522E-02,-0.999893237922));
#4834 = ( GEOMETRIC_REPRESENTATION_CONTEXT(2) 
PARAMETRIC_REPRESENTATION_CONTEXT() REPRESENTATION_CONTEXT('2D SPACE',''
  ) );
#4835 = ADVANCED_FACE('',(#4836),#561,.T.);
#4836 = FACE_BOUND('',#4837,.T.);
#4837 = EDGE_LOOP('',(#4838,#4839,#4840));
#4838 = ORIENTED_EDGE('',*,*,#4815,.T.);
#4839 = ORIENTED_EDGE('',*,*,#547,.F.);
#4840 = ORIENTED_EDGE('',*,*,#4841,.F.);
#4841 = EDGE_CURVE('',#4787,#520,#4842,.T.);
#4842 = SURFACE_CURVE('',#4843,(#4847,#4854),.PCURVE_S1.);
#4843 = LINE('',#4844,#4845);
#4844 = CARTESIAN_POINT('',(-42.56513464235,39.883890042598,
    20.41884544071));
#4845 = VECTOR('',#4846,1.);
#4846 = DIRECTION('',(2.396154543145E-03,6.862930405461E-03,
    -0.999973578966));
#4847 = PCURVE('',#561,#4848);
#4848 = DEFINITIONAL_REPRESENTATION('',(#4849),#4853);
#4849 = LINE('',#4850,#4851);
#4850 = CARTESIAN_POINT('',(0.,0.));
#4851 = VECTOR('',#4852,1.);
#4852 = DIRECTION('',(5.561422886824E-03,-0.999984535168));
#4853 = ( GEOMETRIC_REPRESENTATION_CONTEXT(2) 
PARAMETRIC_REPRESENTATION_CONTEXT() REPRESENTATION_CONTEXT('2D SPACE',''
  ) );
#4854 = PCURVE('',#4855,#4860);
#4855 = PLANE('',#4856);
#4856 = AXIS2_PLACEMENT_3D('',#4857,#4858,#4859);
#4857 = CARTESIAN_POINT('',(-42.63659835961,39.96397715902,
    20.441022579687));
#4858 = DIRECTION('',(0.74699315122,0.664801381583,6.352564489576E-03));
#4859 = DIRECTION('',(-0.664814796044,0.747008224159,-6.770068105158E-19
    ));
#4860 = DEFINITIONAL_REPRESENTATION('',(#4861),#4865);
#4861 = LINE('',#4862,#4863);
#4862 = CARTESIAN_POINT('',(-0.107335871228,-2.217758647056E-02));
#4863 = VECTOR('',#4864,1.);
#4864 = DIRECTION('',(3.53366646082E-03,-0.999993756581));
#4865 = ( GEOMETRIC_REPRESENTATION_CONTEXT(2) 
PARAMETRIC_REPRESENTATION_CONTEXT() REPRESENTATION_CONTEXT('2D SPACE',''
  ) );
#4866 = ADVANCED_FACE('',(#4867),#4855,.T.);
#4867 = FACE_BOUND('',#4868,.T.);
#4868 = EDGE_LOOP('',(#4869,#4892,#4893));
#4869 = ORIENTED_EDGE('',*,*,#4870,.T.);
#4870 = EDGE_CURVE('',#4871,#4787,#4873,.T.);
#4871 = VERTEX_POINT('',#4872);
#4872 = CARTESIAN_POINT('',(-42.63659835961,39.96397715902,
    20.441022579687));
#4873 = SURFACE_CURVE('',#4874,(#4878,#4885),.PCURVE_S1.);
#4874 = LINE('',#4875,#4876);
#4875 = CARTESIAN_POINT('',(-42.63659835961,39.96397715902,
    20.441022579687));
#4876 = VECTOR('',#4877,1.);
#4877 = DIRECTION('',(0.652022907526,-0.730701347635,-0.202340476983));
#4878 = PCURVE('',#4855,#4879);
#4879 = DEFINITIONAL_REPRESENTATION('',(#4880),#4884);
#4880 = LINE('',#4881,#4882);
#4881 = CARTESIAN_POINT('',(0.,0.));
#4882 = VECTOR('',#4883,1.);
#4883 = DIRECTION('',(-0.97931439237,-0.20234455984));
#4884 = ( GEOMETRIC_REPRESENTATION_CONTEXT(2) 
PARAMETRIC_REPRESENTATION_CONTEXT() REPRESENTATION_CONTEXT('2D SPACE',''
  ) );
#4885 = PCURVE('',#4802,#4886);
#4886 = DEFINITIONAL_REPRESENTATION('',(#4887),#4891);
#4887 = LINE('',#4888,#4889);
#4888 = CARTESIAN_POINT('',(-0.,0.));
#4889 = VECTOR('',#4890,1.);
#4890 = DIRECTION('',(0.758182767612,-0.652042092887));
#4891 = ( GEOMETRIC_REPRESENTATION_CONTEXT(2) 
PARAMETRIC_REPRESENTATION_CONTEXT() REPRESENTATION_CONTEXT('2D SPACE',''
  ) );
#4892 = ORIENTED_EDGE('',*,*,#4841,.T.);
#4893 = ORIENTED_EDGE('',*,*,#4894,.F.);
#4894 = EDGE_CURVE('',#4871,#520,#4895,.T.);
#4895 = SURFACE_CURVE('',#4896,(#4900,#4907),.PCURVE_S1.);
#4896 = LINE('',#4897,#4898);
#4897 = CARTESIAN_POINT('',(-42.63659835961,39.96397715902,
    20.441022579687));
#4898 = VECTOR('',#4899,1.);
#4899 = DIRECTION('',(1.224626554459E-02,-4.205533603986E-03,
    -0.99991616772));
#4900 = PCURVE('',#4855,#4901);
#4901 = DEFINITIONAL_REPRESENTATION('',(#4902),#4906);
#4902 = LINE('',#4903,#4904);
#4903 = CARTESIAN_POINT('',(0.,0.));
#4904 = VECTOR('',#4905,1.);
#4905 = DIRECTION('',(-1.128306671948E-02,-0.999936344177));
#4906 = ( GEOMETRIC_REPRESENTATION_CONTEXT(2) 
PARAMETRIC_REPRESENTATION_CONTEXT() REPRESENTATION_CONTEXT('2D SPACE',''
  ) );
#4907 = PCURVE('',#619,#4908);
#4908 = DEFINITIONAL_REPRESENTATION('',(#4909),#4913);
#4909 = LINE('',#4910,#4911);
#4910 = CARTESIAN_POINT('',(0.,0.));
#4911 = VECTOR('',#4912,1.);
#4912 = DIRECTION('',(1.230901680787E-02,0.999924241183));
#4913 = ( GEOMETRIC_REPRESENTATION_CONTEXT(2) 
PARAMETRIC_REPRESENTATION_CONTEXT() REPRESENTATION_CONTEXT('2D SPACE',''
  ) );
#4914 = ADVANCED_FACE('',(#4915),#619,.T.);
#4915 = FACE_BOUND('',#4916,.T.);
#4916 = EDGE_LOOP('',(#4917,#4918,#4919));
#4917 = ORIENTED_EDGE('',*,*,#4894,.T.);
#4918 = ORIENTED_EDGE('',*,*,#605,.F.);
#4919 = ORIENTED_EDGE('',*,*,#4920,.T.);
#4920 = EDGE_CURVE('',#578,#4871,#4921,.T.);
#4921 = SURFACE_CURVE('',#4922,(#4926,#4933),.PCURVE_S1.);
#4922 = LINE('',#4923,#4924);
#4923 = CARTESIAN_POINT('',(-42.65701655701,40.015578609897,
    13.250192068856));
#4924 = VECTOR('',#4925,1.);
#4925 = DIRECTION('',(2.839392385677E-03,-7.175793426827E-03,
    0.999970222476));
#4926 = PCURVE('',#619,#4927);
#4927 = DEFINITIONAL_REPRESENTATION('',(#4928),#4932);
#4928 = LINE('',#4929,#4930);
#4929 = CARTESIAN_POINT('',(-4.737734878222E-02,7.190888570603));
#4930 = VECTOR('',#4931,1.);
#4931 = DIRECTION('',(6.58838195821E-03,-0.999978296376));
#4932 = ( GEOMETRIC_REPRESENTATION_CONTEXT(2) 
PARAMETRIC_REPRESENTATION_CONTEXT() REPRESENTATION_CONTEXT('2D SPACE',''
  ) );
#4933 = PCURVE('',#4197,#4934);
#4934 = DEFINITIONAL_REPRESENTATION('',(#4935),#4939);
#4935 = LINE('',#4936,#4937);
#4936 = CARTESIAN_POINT('',(-4.852981698673E-02,7.190880885182));
#4937 = VECTOR('',#4938,1.);
#4938 = DIRECTION('',(6.748646323379E-03,-0.999977227627));
#4939 = ( GEOMETRIC_REPRESENTATION_CONTEXT(2) 
PARAMETRIC_REPRESENTATION_CONTEXT() REPRESENTATION_CONTEXT('2D SPACE',''
  ) );
#4940 = ADVANCED_FACE('',(#4941),#4197,.T.);
#4941 = FACE_BOUND('',#4942,.T.);
#4942 = EDGE_LOOP('',(#4943,#4944,#4945));
#4943 = ORIENTED_EDGE('',*,*,#4920,.F.);
#4944 = ORIENTED_EDGE('',*,*,#4183,.F.);
#4945 = ORIENTED_EDGE('',*,*,#4946,.T.);
#4946 = EDGE_CURVE('',#4131,#4871,#4947,.T.);
#4947 = SURFACE_CURVE('',#4948,(#4952,#4959),.PCURVE_S1.);
#4948 = LINE('',#4949,#4950);
#4949 = CARTESIAN_POINT('',(-42.74605914285,40.0888263414,
    13.226862120867));
#4950 = VECTOR('',#4951,1.);
#4951 = DIRECTION('',(1.516902810985E-02,-1.730154582225E-02,
    0.999735243501));
#4952 = PCURVE('',#4197,#4953);
#4953 = DEFINITIONAL_REPRESENTATION('',(#4954),#4958);
#4954 = LINE('',#4955,#4956);
#4955 = CARTESIAN_POINT('',(-0.163828579502,7.214210996606));
#4956 = VECTOR('',#4957,1.);
#4957 = DIRECTION('',(2.270329385602E-02,-0.999742247006));
#4958 = ( GEOMETRIC_REPRESENTATION_CONTEXT(2) 
PARAMETRIC_REPRESENTATION_CONTEXT() REPRESENTATION_CONTEXT('2D SPACE',''
  ) );
#4959 = PCURVE('',#4960,#4965);
#4960 = PLANE('',#4961);
#4961 = AXIS2_PLACEMENT_3D('',#4962,#4963,#4964);
#4962 = CARTESIAN_POINT('',(-42.6963557378,40.044605019459,
    20.421528311378));
#4963 = DIRECTION('',(0.803617246858,0.59514345706,-1.893692181324E-03)
  );
#4964 = DIRECTION('',(-0.595144524176,0.803618687776,-1.263566737186E-19
    ));
#4965 = DEFINITIONAL_REPRESENTATION('',(#4966),#4970);
#4966 = LINE('',#4967,#4968);
#4967 = CARTESIAN_POINT('',(6.511779006024E-02,-7.194679090834));
#4968 = VECTOR('',#4969,1.);
#4969 = DIRECTION('',(-2.293160956683E-02,0.999737036066));
#4970 = ( GEOMETRIC_REPRESENTATION_CONTEXT(2) 
PARAMETRIC_REPRESENTATION_CONTEXT() REPRESENTATION_CONTEXT('2D SPACE',''
  ) );
#4971 = ADVANCED_FACE('',(#4972),#4960,.T.);
#4972 = FACE_BOUND('',#4973,.T.);
#4973 = EDGE_LOOP('',(#4974,#5002,#5003));
#4974 = ORIENTED_EDGE('',*,*,#4975,.T.);
#4975 = EDGE_CURVE('',#4976,#4871,#4978,.T.);
#4976 = VERTEX_POINT('',#4977);
#4977 = CARTESIAN_POINT('',(-42.6963557378,40.044605019459,
    20.421528311378));
#4978 = SURFACE_CURVE('',#4979,(#4983,#4990),.PCURVE_S1.);
#4979 = LINE('',#4980,#4981);
#4980 = CARTESIAN_POINT('',(-42.6963557378,40.044605019459,
    20.421528311378));
#4981 = VECTOR('',#4982,1.);
#4982 = DIRECTION('',(0.584514810029,-0.788658738972,0.190682538005));
#4983 = PCURVE('',#4960,#4984);
#4984 = DEFINITIONAL_REPRESENTATION('',(#4985),#4989);
#4985 = LINE('',#4986,#4987);
#4986 = CARTESIAN_POINT('',(0.,0.));
#4987 = VECTOR('',#4988,1.);
#4988 = DIRECTION('',(-0.981651689404,0.190682879906));
#4989 = ( GEOMETRIC_REPRESENTATION_CONTEXT(2) 
PARAMETRIC_REPRESENTATION_CONTEXT() REPRESENTATION_CONTEXT('2D SPACE',''
  ) );
#4990 = PCURVE('',#4991,#4996);
#4991 = PLANE('',#4992);
#4992 = AXIS2_PLACEMENT_3D('',#4993,#4994,#4995);
#4993 = CARTESIAN_POINT('',(-42.63659835961,39.96397715902,
    20.441022579687));
#4994 = DIRECTION('',(0.777299194224,0.611677040029,0.147163722974));
#4995 = DIRECTION('',(-0.618410199596,0.785855473377,3.996237316001E-18)
  );
#4996 = DEFINITIONAL_REPRESENTATION('',(#4997),#5001);
#4997 = LINE('',#4998,#4999);
#4998 = CARTESIAN_POINT('',(0.100316417606,-1.970885543755E-02));
#4999 = VECTOR('',#5000,1.);
#5000 = DIRECTION('',(-0.981241706984,0.192781514869));
#5001 = ( GEOMETRIC_REPRESENTATION_CONTEXT(2) 
PARAMETRIC_REPRESENTATION_CONTEXT() REPRESENTATION_CONTEXT('2D SPACE',''
  ) );
#5002 = ORIENTED_EDGE('',*,*,#4946,.F.);
#5003 = ORIENTED_EDGE('',*,*,#5004,.T.);
#5004 = EDGE_CURVE('',#4131,#4976,#5005,.T.);
#5005 = SURFACE_CURVE('',#5006,(#5010,#5017),.PCURVE_S1.);
#5006 = LINE('',#5007,#5008);
#5007 = CARTESIAN_POINT('',(-42.74605914285,40.0888263414,
    13.226862120867));
#5008 = VECTOR('',#5009,1.);
#5009 = DIRECTION('',(6.908073141585E-03,-6.146140813942E-03,
    0.999957250826));
#5010 = PCURVE('',#4960,#5011);
#5011 = DEFINITIONAL_REPRESENTATION('',(#5012),#5016);
#5012 = LINE('',#5013,#5014);
#5013 = CARTESIAN_POINT('',(6.511779006024E-02,-7.194679090834));
#5014 = VECTOR('',#5015,1.);
#5015 = DIRECTION('',(-9.050455518611E-03,0.999959043789));
#5016 = ( GEOMETRIC_REPRESENTATION_CONTEXT(2) 
PARAMETRIC_REPRESENTATION_CONTEXT() REPRESENTATION_CONTEXT('2D SPACE',''
  ) );
#5017 = PCURVE('',#5018,#5023);
#5018 = PLANE('',#5019);
#5019 = AXIS2_PLACEMENT_3D('',#5020,#5021,#5022);
#5020 = CARTESIAN_POINT('',(-42.7992905763,40.164171507725,
    20.468245608663));
#5021 = DIRECTION('',(0.757611046085,0.652705147369,-1.222067015874E-03)
  );
#5022 = DIRECTION('',(-0.65270563476,0.757611611812,1.233425196985E-21)
  );
#5023 = DEFINITIONAL_REPRESENTATION('',(#5024),#5028);
#5024 = LINE('',#5025,#5026);
#5025 = CARTESIAN_POINT('',(-9.182682946064E-02,-7.241388895116));
#5026 = VECTOR('',#5027,1.);
#5027 = DIRECTION('',(-9.165325913322E-03,0.999957997518));
#5028 = ( GEOMETRIC_REPRESENTATION_CONTEXT(2) 
PARAMETRIC_REPRESENTATION_CONTEXT() REPRESENTATION_CONTEXT('2D SPACE',''
  ) );
#5029 = ADVANCED_FACE('',(#5030),#5018,.T.);
#5030 = FACE_BOUND('',#5031,.T.);
#5031 = EDGE_LOOP('',(#5032,#5055,#5056));
#5032 = ORIENTED_EDGE('',*,*,#5033,.T.);
#5033 = EDGE_CURVE('',#5034,#4976,#5036,.T.);
#5034 = VERTEX_POINT('',#5035);
#5035 = CARTESIAN_POINT('',(-42.7992905763,40.164171507725,
    20.468245608663));
#5036 = SURFACE_CURVE('',#5037,(#5041,#5048),.PCURVE_S1.);
#5037 = LINE('',#5038,#5039);
#5038 = CARTESIAN_POINT('',(-42.7992905763,40.164171507725,
    20.468245608663));
#5039 = VECTOR('',#5040,1.);
#5040 = DIRECTION('',(0.625582101665,-0.72666024552,-0.283922386679));
#5041 = PCURVE('',#5018,#5042);
#5042 = DEFINITIONAL_REPRESENTATION('',(#5043),#5047);
#5043 = LINE('',#5044,#5045);
#5044 = CARTESIAN_POINT('',(0.,0.));
#5045 = VECTOR('',#5046,1.);
#5046 = DIRECTION('',(-0.95884720261,-0.283922598691));
#5047 = ( GEOMETRIC_REPRESENTATION_CONTEXT(2) 
PARAMETRIC_REPRESENTATION_CONTEXT() REPRESENTATION_CONTEXT('2D SPACE',''
  ) );
#5048 = PCURVE('',#4991,#5049);
#5049 = DEFINITIONAL_REPRESENTATION('',(#5050),#5054);
#5050 = LINE('',#5051,#5052);
#5051 = CARTESIAN_POINT('',(0.257934350866,2.752269201021E-02));
#5052 = VECTOR('',#5053,1.);
#5053 = DIRECTION('',(-0.957916283581,-0.287047720162));
#5054 = ( GEOMETRIC_REPRESENTATION_CONTEXT(2) 
PARAMETRIC_REPRESENTATION_CONTEXT() REPRESENTATION_CONTEXT('2D SPACE',''
  ) );
#5055 = ORIENTED_EDGE('',*,*,#5004,.F.);
#5056 = ORIENTED_EDGE('',*,*,#5057,.F.);
#5057 = EDGE_CURVE('',#5034,#4131,#5058,.T.);
#5058 = SURFACE_CURVE('',#5059,(#5063,#5070),.PCURVE_S1.);
#5059 = LINE('',#5060,#5061);
#5060 = CARTESIAN_POINT('',(-42.7992905763,40.164171507725,
    20.468245608663));
#5061 = VECTOR('',#5062,1.);
#5062 = DIRECTION('',(7.350406784735E-03,-1.040395844839E-02,
    -0.999918861293));
#5063 = PCURVE('',#5018,#5064);
#5064 = DEFINITIONAL_REPRESENTATION('',(#5065),#5069);
#5065 = LINE('',#5066,#5067);
#5066 = CARTESIAN_POINT('',(0.,0.));
#5067 = VECTOR('',#5068,1.);
#5068 = DIRECTION('',(-1.267981165548E-02,-0.999919607957));
#5069 = ( GEOMETRIC_REPRESENTATION_CONTEXT(2) 
PARAMETRIC_REPRESENTATION_CONTEXT() REPRESENTATION_CONTEXT('2D SPACE',''
  ) );
#5070 = PCURVE('',#4146,#5071);
#5071 = DEFINITIONAL_REPRESENTATION('',(#5072),#5076);
#5072 = LINE('',#5073,#5074);
#5073 = CARTESIAN_POINT('',(0.,0.));
#5074 = VECTOR('',#5075,1.);
#5075 = DIRECTION('',(-1.269456251281E-02,-0.999919420795));
#5076 = ( GEOMETRIC_REPRESENTATION_CONTEXT(2) 
PARAMETRIC_REPRESENTATION_CONTEXT() REPRESENTATION_CONTEXT('2D SPACE',''
  ) );
#5077 = ADVANCED_FACE('',(#5078),#4146,.T.);
#5078 = FACE_BOUND('',#5079,.T.);
#5079 = EDGE_LOOP('',(#5080,#5081,#5082));
#5080 = ORIENTED_EDGE('',*,*,#5057,.T.);
#5081 = ORIENTED_EDGE('',*,*,#4130,.F.);
#5082 = ORIENTED_EDGE('',*,*,#5083,.F.);
#5083 = EDGE_CURVE('',#5034,#4073,#5084,.T.);
#5084 = SURFACE_CURVE('',#5085,(#5089,#5096),.PCURVE_S1.);
#5085 = LINE('',#5086,#5087);
#5086 = CARTESIAN_POINT('',(-42.7992905763,40.164171507725,
    20.468245608663));
#5087 = VECTOR('',#5088,1.);
#5088 = DIRECTION('',(2.246368657406E-03,-1.731253443204E-03,
    -0.999995978287));
#5089 = PCURVE('',#4146,#5090);
#5090 = DEFINITIONAL_REPRESENTATION('',(#5091),#5095);
#5091 = LINE('',#5092,#5093);
#5092 = CARTESIAN_POINT('',(0.,0.));
#5093 = VECTOR('',#5094,1.);
#5094 = DIRECTION('',(-2.631411052882E-03,-0.999996537832));
#5095 = ( GEOMETRIC_REPRESENTATION_CONTEXT(2) 
PARAMETRIC_REPRESENTATION_CONTEXT() REPRESENTATION_CONTEXT('2D SPACE',''
  ) );
#5096 = PCURVE('',#5097,#5102);
#5097 = PLANE('',#5098);
#5098 = AXIS2_PLACEMENT_3D('',#5099,#5100,#5101);
#5099 = CARTESIAN_POINT('',(-42.9178415181,40.165515048782,
    20.442155389616));
#5100 = DIRECTION('',(1.170742848427E-02,0.99993001237,
    -1.704839932851E-03));
#5101 = DIRECTION('',(0.999931465511,-1.170744549801E-02,
    -3.142696889811E-21));
#5102 = DEFINITIONAL_REPRESENTATION('',(#5103),#5107);
#5103 = LINE('',#5104,#5105);
#5104 = CARTESIAN_POINT('',(0.118558546401,-2.609025696239E-02));
#5105 = VECTOR('',#5106,1.);
#5106 = DIRECTION('',(2.266483259009E-03,0.999997431524));
#5107 = ( GEOMETRIC_REPRESENTATION_CONTEXT(2) 
PARAMETRIC_REPRESENTATION_CONTEXT() REPRESENTATION_CONTEXT('2D SPACE',''
  ) );
#5108 = ADVANCED_FACE('',(#5109),#4088,.T.);
#5109 = FACE_BOUND('',#5110,.T.);
#5110 = EDGE_LOOP('',(#5111,#5134,#5135));
#5111 = ORIENTED_EDGE('',*,*,#5112,.T.);
#5112 = EDGE_CURVE('',#5113,#4073,#5115,.T.);
#5113 = VERTEX_POINT('',#5114);
#5114 = CARTESIAN_POINT('',(-42.9178415181,40.165515048782,
    20.442155389616));
#5115 = SURFACE_CURVE('',#5116,(#5120,#5127),.PCURVE_S1.);
#5116 = LINE('',#5117,#5118);
#5117 = CARTESIAN_POINT('',(-42.9178415181,40.165515048782,
    20.442155389616));
#5118 = VECTOR('',#5119,1.);
#5119 = DIRECTION('',(1.872510130957E-02,-1.923895300763E-03,
    -0.999822818907));
#5120 = PCURVE('',#4088,#5121);
#5121 = DEFINITIONAL_REPRESENTATION('',(#5122),#5126);
#5122 = LINE('',#5123,#5124);
#5123 = CARTESIAN_POINT('',(0.,0.));
#5124 = VECTOR('',#5125,1.);
#5125 = DIRECTION('',(1.59020281168E-02,0.999873554757));
#5126 = ( GEOMETRIC_REPRESENTATION_CONTEXT(2) 
PARAMETRIC_REPRESENTATION_CONTEXT() REPRESENTATION_CONTEXT('2D SPACE',''
  ) );
#5127 = PCURVE('',#5097,#5128);
#5128 = DEFINITIONAL_REPRESENTATION('',(#5129),#5133);
#5129 = LINE('',#5130,#5131);
#5130 = CARTESIAN_POINT('',(0.,-0.));
#5131 = VECTOR('',#5132,1.);
#5132 = DIRECTION('',(1.87463418937E-02,0.999824271893));
#5133 = ( GEOMETRIC_REPRESENTATION_CONTEXT(2) 
PARAMETRIC_REPRESENTATION_CONTEXT() REPRESENTATION_CONTEXT('2D SPACE',''
  ) );
#5134 = ORIENTED_EDGE('',*,*,#4072,.F.);
#5135 = ORIENTED_EDGE('',*,*,#5136,.F.);
#5136 = EDGE_CURVE('',#5113,#4015,#5137,.T.);
#5137 = SURFACE_CURVE('',#5138,(#5142,#5149),.PCURVE_S1.);
#5138 = LINE('',#5139,#5140);
#5139 = CARTESIAN_POINT('',(-42.9178415181,40.165515048782,
    20.442155389616));
#5140 = VECTOR('',#5141,1.);
#5141 = DIRECTION('',(4.064052659127E-03,9.621799393949E-03,
    -0.999945450738));
#5142 = PCURVE('',#4088,#5143);
#5143 = DEFINITIONAL_REPRESENTATION('',(#5144),#5148);
#5144 = LINE('',#5145,#5146);
#5145 = CARTESIAN_POINT('',(0.,0.));
#5146 = VECTOR('',#5147,1.);
#5147 = DIRECTION('',(-2.759413734995E-03,0.999996192811));
#5148 = ( GEOMETRIC_REPRESENTATION_CONTEXT(2) 
PARAMETRIC_REPRESENTATION_CONTEXT() REPRESENTATION_CONTEXT('2D SPACE',''
  ) );
#5149 = PCURVE('',#5150,#5155);
#5150 = PLANE('',#5151);
#5151 = AXIS2_PLACEMENT_3D('',#5152,#5153,#5154);
#5152 = CARTESIAN_POINT('',(-43.03334198061,40.232476943878,
    20.414243008055));
#5153 = DIRECTION('',(0.499656163501,0.866161809532,1.036522954956E-02)
  );
#5154 = DIRECTION('',(0.866208342621,-0.499683006689,2.459025790022E-19)
  );
#5155 = DEFINITIONAL_REPRESENTATION('',(#5156),#5160);
#5156 = LINE('',#5157,#5158);
#5157 = CARTESIAN_POINT('',(0.133507185284,-2.791388110683E-02));
#5158 = VECTOR('',#5159,1.);
#5159 = DIRECTION('',(-1.287533332744E-03,0.999999171129));
#5160 = ( GEOMETRIC_REPRESENTATION_CONTEXT(2) 
PARAMETRIC_REPRESENTATION_CONTEXT() REPRESENTATION_CONTEXT('2D SPACE',''
  ) );
#5161 = ADVANCED_FACE('',(#5162),#5097,.T.);
#5162 = FACE_BOUND('',#5163,.T.);
#5163 = EDGE_LOOP('',(#5164,#5190,#5191));
#5164 = ORIENTED_EDGE('',*,*,#5165,.T.);
#5165 = EDGE_CURVE('',#5113,#5034,#5166,.T.);
#5166 = SURFACE_CURVE('',#5167,(#5171,#5178),.PCURVE_S1.);
#5167 = LINE('',#5168,#5169);
#5168 = CARTESIAN_POINT('',(-42.9178415181,40.165515048782,
    20.442155389616));
#5169 = VECTOR('',#5170,1.);
#5170 = DIRECTION('',(0.976569070251,-1.106748390854E-02,0.214919431017)
  );
#5171 = PCURVE('',#5097,#5172);
#5172 = DEFINITIONAL_REPRESENTATION('',(#5173),#5177);
#5173 = LINE('',#5174,#5175);
#5174 = CARTESIAN_POINT('',(0.,-0.));
#5175 = VECTOR('',#5176,1.);
#5176 = DIRECTION('',(0.976631713554,-0.214919743348));
#5177 = ( GEOMETRIC_REPRESENTATION_CONTEXT(2) 
PARAMETRIC_REPRESENTATION_CONTEXT() REPRESENTATION_CONTEXT('2D SPACE',''
  ) );
#5178 = PCURVE('',#5179,#5184);
#5179 = PLANE('',#5180);
#5180 = AXIS2_PLACEMENT_3D('',#5181,#5182,#5183);
#5181 = CARTESIAN_POINT('',(-42.63659835961,39.96397715902,
    20.441022579687));
#5182 = DIRECTION('',(-0.208489217747,-0.296182801392,0.932098704131));
#5183 = DIRECTION('',(-4.016725374826E-18,0.953042123711,0.302837762561)
  );
#5184 = DEFINITIONAL_REPRESENTATION('',(#5185),#5189);
#5185 = LINE('',#5186,#5187);
#5186 = CARTESIAN_POINT('',(0.192417156091,0.287562439317));
#5187 = VECTOR('',#5188,1.);
#5188 = DIRECTION('',(5.453794125191E-02,-0.998511698962));
#5189 = ( GEOMETRIC_REPRESENTATION_CONTEXT(2) 
PARAMETRIC_REPRESENTATION_CONTEXT() REPRESENTATION_CONTEXT('2D SPACE',''
  ) );
#5190 = ORIENTED_EDGE('',*,*,#5083,.T.);
#5191 = ORIENTED_EDGE('',*,*,#5112,.F.);
#5192 = ADVANCED_FACE('',(#5193),#4030,.T.);
#5193 = FACE_BOUND('',#5194,.T.);
#5194 = EDGE_LOOP('',(#5195,#5218,#5219));
#5195 = ORIENTED_EDGE('',*,*,#5196,.T.);
#5196 = EDGE_CURVE('',#5197,#4015,#5199,.T.);
#5197 = VERTEX_POINT('',#5198);
#5198 = CARTESIAN_POINT('',(-43.03334198061,40.232476943878,
    20.414243008055));
#5199 = SURFACE_CURVE('',#5200,(#5204,#5211),.PCURVE_S1.);
#5200 = LINE('',#5201,#5202);
#5201 = CARTESIAN_POINT('',(-43.03334198061,40.232476943878,
    20.414243008055));
#5202 = VECTOR('',#5203,1.);
#5203 = DIRECTION('',(2.004819448393E-02,3.993959554358E-04,
    -0.999798934977));
#5204 = PCURVE('',#4030,#5205);
#5205 = DEFINITIONAL_REPRESENTATION('',(#5206),#5210);
#5206 = LINE('',#5207,#5208);
#5207 = CARTESIAN_POINT('',(0.,0.));
#5208 = VECTOR('',#5209,1.);
#5209 = DIRECTION('',(1.997636310351E-02,0.999800452549));
#5210 = ( GEOMETRIC_REPRESENTATION_CONTEXT(2) 
PARAMETRIC_REPRESENTATION_CONTEXT() REPRESENTATION_CONTEXT('2D SPACE',''
  ) );
#5211 = PCURVE('',#5150,#5212);
#5212 = DEFINITIONAL_REPRESENTATION('',(#5213),#5217);
#5213 = LINE('',#5214,#5215);
#5214 = CARTESIAN_POINT('',(0.,0.));
#5215 = VECTOR('',#5216,1.);
#5216 = DIRECTION('',(1.716634194459E-02,0.999852647496));
#5217 = ( GEOMETRIC_REPRESENTATION_CONTEXT(2) 
PARAMETRIC_REPRESENTATION_CONTEXT() REPRESENTATION_CONTEXT('2D SPACE',''
  ) );
#5218 = ORIENTED_EDGE('',*,*,#4014,.F.);
#5219 = ORIENTED_EDGE('',*,*,#5220,.T.);
#5220 = EDGE_CURVE('',#3957,#5197,#5221,.T.);
#5221 = SURFACE_CURVE('',#5222,(#5226,#5233),.PCURVE_S1.);
#5222 = LINE('',#5223,#5224);
#5223 = CARTESIAN_POINT('',(-43.06077757281,40.246913387882,
    13.202431444724));
#5224 = VECTOR('',#5225,1.);
#5225 = DIRECTION('',(3.804222900037E-03,-2.001759265266E-03,
    0.999990760381));
#5226 = PCURVE('',#4030,#5227);
#5227 = DEFINITIONAL_REPRESENTATION('',(#5228),#5232);
#5228 = LINE('',#5229,#5230);
#5229 = CARTESIAN_POINT('',(-2.834135188949E-02,7.211822509976));
#5230 = VECTOR('',#5231,1.);
#5231 = DIRECTION('',(3.929815661061E-03,-0.999992278245));
#5232 = ( GEOMETRIC_REPRESENTATION_CONTEXT(2) 
PARAMETRIC_REPRESENTATION_CONTEXT() REPRESENTATION_CONTEXT('2D SPACE',''
  ) );
#5233 = PCURVE('',#5234,#5239);
#5234 = PLANE('',#5235);
#5235 = AXIS2_PLACEMENT_3D('',#5236,#5237,#5238);
#5236 = CARTESIAN_POINT('',(-43.06077757281,40.246913387882,
    13.202431444724));
#5237 = DIRECTION('',(-0.636495348475,-0.771280040861,8.774613199353E-04
    ));
#5238 = DIRECTION('',(-0.771280337781,0.636495593506,1.108796618214E-20)
  );
#5239 = DEFINITIONAL_REPRESENTATION('',(#5240),#5244);
#5240 = LINE('',#5241,#5242);
#5241 = CARTESIAN_POINT('',(0.,-0.));
#5242 = VECTOR('',#5243,1.);
#5243 = DIRECTION('',(-4.208233274935E-03,-0.999991145347));
#5244 = ( GEOMETRIC_REPRESENTATION_CONTEXT(2) 
PARAMETRIC_REPRESENTATION_CONTEXT() REPRESENTATION_CONTEXT('2D SPACE',''
  ) );
#5245 = ADVANCED_FACE('',(#5246),#5150,.T.);
#5246 = FACE_BOUND('',#5247,.T.);
#5247 = EDGE_LOOP('',(#5248,#5274,#5275));
#5248 = ORIENTED_EDGE('',*,*,#5249,.T.);
#5249 = EDGE_CURVE('',#5197,#5113,#5250,.T.);
#5250 = SURFACE_CURVE('',#5251,(#5255,#5262),.PCURVE_S1.);
#5251 = LINE('',#5252,#5253);
#5252 = CARTESIAN_POINT('',(-43.03334198061,40.232476943878,
    20.414243008055));
#5253 = VECTOR('',#5254,1.);
#5254 = DIRECTION('',(0.846814150541,-0.490944183933,0.204645065188));
#5255 = PCURVE('',#5150,#5256);
#5256 = DEFINITIONAL_REPRESENTATION('',(#5257),#5261);
#5257 = LINE('',#5258,#5259);
#5258 = CARTESIAN_POINT('',(0.,0.));
#5259 = VECTOR('',#5260,1.);
#5260 = DIRECTION('',(0.978833947792,-0.204656059401));
#5261 = ( GEOMETRIC_REPRESENTATION_CONTEXT(2) 
PARAMETRIC_REPRESENTATION_CONTEXT() REPRESENTATION_CONTEXT('2D SPACE',''
  ) );
#5262 = PCURVE('',#5263,#5268);
#5263 = PLANE('',#5264);
#5264 = AXIS2_PLACEMENT_3D('',#5265,#5266,#5267);
#5265 = CARTESIAN_POINT('',(-43.13760129465,40.31856240341,
    20.454618946796));
#5266 = DIRECTION('',(-0.531795010711,-0.788717244584,0.308413966412));
#5267 = DIRECTION('',(-0.829135754838,0.559047314678,-7.076994378493E-18
    ));
#5268 = DEFINITIONAL_REPRESENTATION('',(#5269),#5273);
#5269 = LINE('',#5270,#5271);
#5270 = CARTESIAN_POINT('',(-0.134570970028,4.244503930298E-02));
#5271 = VECTOR('',#5272,1.);
#5272 = DIRECTION('',(-0.976584917601,-0.215132281897));
#5273 = ( GEOMETRIC_REPRESENTATION_CONTEXT(2) 
PARAMETRIC_REPRESENTATION_CONTEXT() REPRESENTATION_CONTEXT('2D SPACE',''
  ) );
#5274 = ORIENTED_EDGE('',*,*,#5136,.T.);
#5275 = ORIENTED_EDGE('',*,*,#5196,.F.);
#5276 = ADVANCED_FACE('',(#5277),#3972,.T.);
#5277 = FACE_BOUND('',#5278,.T.);
#5278 = EDGE_LOOP('',(#5279,#5302,#5303));
#5279 = ORIENTED_EDGE('',*,*,#5280,.T.);
#5280 = EDGE_CURVE('',#5281,#3957,#5283,.T.);
#5281 = VERTEX_POINT('',#5282);
#5282 = CARTESIAN_POINT('',(-43.13760129465,40.31856240341,
    20.454618946796));
#5283 = SURFACE_CURVE('',#5284,(#5288,#5295),.PCURVE_S1.);
#5284 = LINE('',#5285,#5286);
#5285 = CARTESIAN_POINT('',(-43.13760129465,40.31856240341,
    20.454618946796));
#5286 = VECTOR('',#5287,1.);
#5287 = DIRECTION('',(1.059206803562E-02,-9.87860557837E-03,
    -0.999895105122));
#5288 = PCURVE('',#3972,#5289);
#5289 = DEFINITIONAL_REPRESENTATION('',(#5290),#5294);
#5290 = LINE('',#5291,#5292);
#5291 = CARTESIAN_POINT('',(0.,0.));
#5292 = VECTOR('',#5293,1.);
#5293 = DIRECTION('',(-1.285036048852E-02,-0.999917430709));
#5294 = ( GEOMETRIC_REPRESENTATION_CONTEXT(2) 
PARAMETRIC_REPRESENTATION_CONTEXT() REPRESENTATION_CONTEXT('2D SPACE',''
  ) );
#5295 = PCURVE('',#5234,#5296);
#5296 = DEFINITIONAL_REPRESENTATION('',(#5297),#5301);
#5297 = LINE('',#5298,#5299);
#5298 = CARTESIAN_POINT('',(0.104856908796,-7.252190293942));
#5299 = VECTOR('',#5300,1.);
#5300 = DIRECTION('',(-1.445714273293E-02,0.999895490051));
#5301 = ( GEOMETRIC_REPRESENTATION_CONTEXT(2) 
PARAMETRIC_REPRESENTATION_CONTEXT() REPRESENTATION_CONTEXT('2D SPACE',''
  ) );
#5302 = ORIENTED_EDGE('',*,*,#3956,.F.);
#5303 = ORIENTED_EDGE('',*,*,#5304,.F.);
#5304 = EDGE_CURVE('',#5281,#3842,#5305,.T.);
#5305 = SURFACE_CURVE('',#5306,(#5310,#5317),.PCURVE_S1.);
#5306 = LINE('',#5307,#5308);
#5307 = CARTESIAN_POINT('',(-43.13760129465,40.31856240341,
    20.454618946796));
#5308 = VECTOR('',#5309,1.);
#5309 = DIRECTION('',(7.369799228259E-03,-7.891976701471E-04,
    -0.999972531236));
#5310 = PCURVE('',#3972,#5311);
#5311 = DEFINITIONAL_REPRESENTATION('',(#5312),#5316);
#5312 = LINE('',#5313,#5314);
#5313 = CARTESIAN_POINT('',(0.,0.));
#5314 = VECTOR('',#5315,1.);
#5315 = DIRECTION('',(-3.206691470913E-03,-0.999994858552));
#5316 = ( GEOMETRIC_REPRESENTATION_CONTEXT(2) 
PARAMETRIC_REPRESENTATION_CONTEXT() REPRESENTATION_CONTEXT('2D SPACE',''
  ) );
#5317 = PCURVE('',#5318,#5323);
#5318 = PLANE('',#5319);
#5319 = AXIS2_PLACEMENT_3D('',#5320,#5321,#5322);
#5320 = CARTESIAN_POINT('',(-43.27482609263,40.3288079096,
    20.399566923448));
#5321 = DIRECTION('',(7.454975859446E-02,0.99721726672,
    -2.375913165091E-04));
#5322 = DIRECTION('',(0.997217294866,-7.454976069862E-02,
    -1.346555635572E-21));
#5323 = DEFINITIONAL_REPRESENTATION('',(#5324),#5328);
#5324 = LINE('',#5325,#5326);
#5325 = CARTESIAN_POINT('',(0.137606741858,-5.505202490144E-02));
#5326 = VECTOR('',#5327,1.);
#5327 = DIRECTION('',(7.408125747563E-03,0.99997255946));
#5328 = ( GEOMETRIC_REPRESENTATION_CONTEXT(2) 
PARAMETRIC_REPRESENTATION_CONTEXT() REPRESENTATION_CONTEXT('2D SPACE',''
  ) );
#5329 = ADVANCED_FACE('',(#5330),#5234,.F.);
#5330 = FACE_BOUND('',#5331,.F.);
#5331 = EDGE_LOOP('',(#5332,#5333,#5354));
#5332 = ORIENTED_EDGE('',*,*,#5220,.T.);
#5333 = ORIENTED_EDGE('',*,*,#5334,.F.);
#5334 = EDGE_CURVE('',#5281,#5197,#5335,.T.);
#5335 = SURFACE_CURVE('',#5336,(#5340,#5347),.PCURVE_S1.);
#5336 = LINE('',#5337,#5338);
#5337 = CARTESIAN_POINT('',(-43.13760129465,40.31856240341,
    20.454618946796));
#5338 = VECTOR('',#5339,1.);
#5339 = DIRECTION('',(0.738871847702,-0.610076165674,-0.286138890663));
#5340 = PCURVE('',#5234,#5341);
#5341 = DEFINITIONAL_REPRESENTATION('',(#5342),#5346);
#5342 = LINE('',#5343,#5344);
#5343 = CARTESIAN_POINT('',(0.104856908796,-7.252190293942));
#5344 = VECTOR('',#5345,1.);
#5345 = DIRECTION('',(-0.958188119427,0.286139000818));
#5346 = ( GEOMETRIC_REPRESENTATION_CONTEXT(2) 
PARAMETRIC_REPRESENTATION_CONTEXT() REPRESENTATION_CONTEXT('2D SPACE',''
  ) );
#5347 = PCURVE('',#5263,#5348);
#5348 = DEFINITIONAL_REPRESENTATION('',(#5349),#5353);
#5349 = LINE('',#5350,#5351);
#5350 = CARTESIAN_POINT('',(0.,-0.));
#5351 = VECTOR('',#5352,1.);
#5352 = DIRECTION('',(-0.953686509342,0.300802330275));
#5353 = ( GEOMETRIC_REPRESENTATION_CONTEXT(2) 
PARAMETRIC_REPRESENTATION_CONTEXT() REPRESENTATION_CONTEXT('2D SPACE',''
  ) );
#5354 = ORIENTED_EDGE('',*,*,#5280,.T.);
#5355 = ADVANCED_FACE('',(#5356),#3884,.T.);
#5356 = FACE_BOUND('',#5357,.T.);
#5357 = EDGE_LOOP('',(#5358,#5381,#5382));
#5358 = ORIENTED_EDGE('',*,*,#5359,.T.);
#5359 = EDGE_CURVE('',#5360,#3842,#5362,.T.);
#5360 = VERTEX_POINT('',#5361);
#5361 = CARTESIAN_POINT('',(-43.27482609263,40.3288079096,
    20.399566923448));
#5362 = SURFACE_CURVE('',#5363,(#5367,#5374),.PCURVE_S1.);
#5363 = LINE('',#5364,#5365);
#5364 = CARTESIAN_POINT('',(-43.27482609263,40.3288079096,
    20.399566923448));
#5365 = VECTOR('',#5366,1.);
#5366 = DIRECTION('',(2.653154593371E-02,-2.221609583691E-03,
    -0.999645507928));
#5367 = PCURVE('',#3884,#5368);
#5368 = DEFINITIONAL_REPRESENTATION('',(#5369),#5373);
#5369 = LINE('',#5370,#5371);
#5370 = CARTESIAN_POINT('',(0.,0.));
#5371 = VECTOR('',#5372,1.);
#5372 = DIRECTION('',(2.653579014576E-02,0.999647863921));
#5373 = ( GEOMETRIC_REPRESENTATION_CONTEXT(2) 
PARAMETRIC_REPRESENTATION_CONTEXT() REPRESENTATION_CONTEXT('2D SPACE',''
  ) );
#5374 = PCURVE('',#5318,#5375);
#5375 = DEFINITIONAL_REPRESENTATION('',(#5376),#5380);
#5376 = LINE('',#5377,#5378);
#5377 = CARTESIAN_POINT('',(0.,-0.));
#5378 = VECTOR('',#5379,1.);
#5379 = DIRECTION('',(2.662333692745E-02,0.999645536143));
#5380 = ( GEOMETRIC_REPRESENTATION_CONTEXT(2) 
PARAMETRIC_REPRESENTATION_CONTEXT() REPRESENTATION_CONTEXT('2D SPACE',''
  ) );
#5381 = ORIENTED_EDGE('',*,*,#3870,.F.);
#5382 = ORIENTED_EDGE('',*,*,#5383,.F.);
#5383 = EDGE_CURVE('',#5360,#3784,#5384,.T.);
#5384 = SURFACE_CURVE('',#5385,(#5389,#5396),.PCURVE_S1.);
#5385 = LINE('',#5386,#5387);
#5386 = CARTESIAN_POINT('',(-43.27482609263,40.3288079096,
    20.399566923448));
#5387 = VECTOR('',#5388,1.);
#5388 = DIRECTION('',(8.717690630238E-05,2.186509129755E-03,
    -0.999997605786));
#5389 = PCURVE('',#3884,#5390);
#5390 = DEFINITIONAL_REPRESENTATION('',(#5391),#5395);
#5391 = LINE('',#5392,#5393);
#5392 = CARTESIAN_POINT('',(0.,0.));
#5393 = VECTOR('',#5394,1.);
#5394 = DIRECTION('',(-2.73465033472E-04,0.999999962608));
#5395 = ( GEOMETRIC_REPRESENTATION_CONTEXT(2) 
PARAMETRIC_REPRESENTATION_CONTEXT() REPRESENTATION_CONTEXT('2D SPACE',''
  ) );
#5396 = PCURVE('',#5397,#5402);
#5397 = PLANE('',#5398);
#5398 = AXIS2_PLACEMENT_3D('',#5399,#5400,#5401);
#5399 = CARTESIAN_POINT('',(-43.27420099254,40.344486225231,
    13.229106082244));
#5400 = DIRECTION('',(-0.221884447674,-0.975070594151,
    -2.151349106761E-03));
#5401 = DIRECTION('',(-0.97507285062,0.22188496115,-2.814820570766E-21)
  );
#5402 = DEFINITIONAL_REPRESENTATION('',(#5403),#5407);
#5403 = LINE('',#5404,#5405);
#5404 = CARTESIAN_POINT('',(-2.869264328493E-03,-7.170477434795));
#5405 = VECTOR('',#5406,1.);
#5406 = DIRECTION('',(4.00149658774E-04,0.99999991994));
#5407 = ( GEOMETRIC_REPRESENTATION_CONTEXT(2) 
PARAMETRIC_REPRESENTATION_CONTEXT() REPRESENTATION_CONTEXT('2D SPACE',''
  ) );
#5408 = ADVANCED_FACE('',(#5409),#5318,.T.);
#5409 = FACE_BOUND('',#5410,.T.);
#5410 = EDGE_LOOP('',(#5411,#5437,#5438));
#5411 = ORIENTED_EDGE('',*,*,#5412,.T.);
#5412 = EDGE_CURVE('',#5360,#5281,#5413,.T.);
#5413 = SURFACE_CURVE('',#5414,(#5418,#5425),.PCURVE_S1.);
#5414 = LINE('',#5415,#5416);
#5415 = CARTESIAN_POINT('',(-43.27482609263,40.3288079096,
    20.399566923448));
#5416 = VECTOR('',#5417,1.);
#5417 = DIRECTION('',(0.925877949051,-6.912809053969E-02,0.371444922645)
  );
#5418 = PCURVE('',#5318,#5419);
#5419 = DEFINITIONAL_REPRESENTATION('',(#5420),#5424);
#5420 = LINE('',#5421,#5422);
#5421 = CARTESIAN_POINT('',(0.,-0.));
#5422 = VECTOR('',#5423,1.);
#5423 = DIRECTION('',(0.928454986336,-0.371444933129));
#5424 = ( GEOMETRIC_REPRESENTATION_CONTEXT(2) 
PARAMETRIC_REPRESENTATION_CONTEXT() REPRESENTATION_CONTEXT('2D SPACE',''
  ) );
#5425 = PCURVE('',#5426,#5431);
#5426 = PLANE('',#5427);
#5427 = AXIS2_PLACEMENT_3D('',#5428,#5429,#5430);
#5428 = CARTESIAN_POINT('',(-43.13760129465,40.31856240341,
    20.454618946796));
#5429 = DIRECTION('',(0.144346070041,0.973262705591,-0.178672655908));
#5430 = DIRECTION('',(1.559898043351E-18,0.180563650819,0.983563301472)
  );
#5431 = DEFINITIONAL_REPRESENTATION('',(#5432),#5436);
#5432 = LINE('',#5433,#5434);
#5433 = CARTESIAN_POINT('',(-5.229718383426E-02,-0.138677126498));
#5434 = VECTOR('',#5435,1.);
#5435 = DIRECTION('',(0.35285757403,0.935677044952));
#5436 = ( GEOMETRIC_REPRESENTATION_CONTEXT(2) 
PARAMETRIC_REPRESENTATION_CONTEXT() REPRESENTATION_CONTEXT('2D SPACE',''
  ) );
#5437 = ORIENTED_EDGE('',*,*,#5304,.T.);
#5438 = ORIENTED_EDGE('',*,*,#5359,.F.);
#5439 = ADVANCED_FACE('',(#5440),#3826,.F.);
#5440 = FACE_BOUND('',#5441,.F.);
#5441 = EDGE_LOOP('',(#5442,#5443,#5466));
#5442 = ORIENTED_EDGE('',*,*,#3812,.T.);
#5443 = ORIENTED_EDGE('',*,*,#5444,.F.);
#5444 = EDGE_CURVE('',#5445,#3784,#5447,.T.);
#5445 = VERTEX_POINT('',#5446);
#5446 = CARTESIAN_POINT('',(-43.37778143414,40.352139259799,
    20.443481500319));
#5447 = SURFACE_CURVE('',#5448,(#5452,#5459),.PCURVE_S1.);
#5448 = LINE('',#5449,#5450);
#5449 = CARTESIAN_POINT('',(-43.37778143414,40.352139259799,
    20.443481500319));
#5450 = VECTOR('',#5451,1.);
#5451 = DIRECTION('',(1.435601878962E-02,-1.060693566786E-03,
    -0.999896384459));
#5452 = PCURVE('',#3826,#5453);
#5453 = DEFINITIONAL_REPRESENTATION('',(#5454),#5458);
#5454 = LINE('',#5455,#5456);
#5455 = CARTESIAN_POINT('',(1.100827158476E-02,-7.19071950211));
#5456 = VECTOR('',#5457,1.);
#5457 = DIRECTION('',(-1.430446044755E-02,0.999897685972));
#5458 = ( GEOMETRIC_REPRESENTATION_CONTEXT(2) 
PARAMETRIC_REPRESENTATION_CONTEXT() REPRESENTATION_CONTEXT('2D SPACE',''
  ) );
#5459 = PCURVE('',#5397,#5460);
#5460 = DEFINITIONAL_REPRESENTATION('',(#5461),#5465);
#5461 = LINE('',#5462,#5463);
#5462 = CARTESIAN_POINT('',(0.102696569738,-7.214392113291));
#5463 = VECTOR('',#5464,1.);
#5464 = DIRECTION('',(-1.42335161156E-02,0.999898698378));
#5465 = ( GEOMETRIC_REPRESENTATION_CONTEXT(2) 
PARAMETRIC_REPRESENTATION_CONTEXT() REPRESENTATION_CONTEXT('2D SPACE',''
  ) );
#5466 = ORIENTED_EDGE('',*,*,#5467,.T.);
#5467 = EDGE_CURVE('',#5445,#3726,#5468,.T.);
#5468 = SURFACE_CURVE('',#5469,(#5473,#5480),.PCURVE_S1.);
#5469 = LINE('',#5470,#5471);
#5470 = CARTESIAN_POINT('',(-43.37778143414,40.352139259799,
    20.443481500319));
#5471 = VECTOR('',#5472,1.);
#5472 = DIRECTION('',(1.802948677788E-03,1.302424359303E-03,
    -0.99999752653));
#5473 = PCURVE('',#3826,#5474);
#5474 = DEFINITIONAL_REPRESENTATION('',(#5475),#5479);
#5475 = LINE('',#5476,#5477);
#5476 = CARTESIAN_POINT('',(1.100827158476E-02,-7.19071950211));
#5477 = VECTOR('',#5478,1.);
#5478 = DIRECTION('',(-1.53089808075E-03,0.999998828175));
#5479 = ( GEOMETRIC_REPRESENTATION_CONTEXT(2) 
PARAMETRIC_REPRESENTATION_CONTEXT() REPRESENTATION_CONTEXT('2D SPACE',''
  ) );
#5480 = PCURVE('',#5481,#5486);
#5481 = PLANE('',#5482);
#5482 = AXIS2_PLACEMENT_3D('',#5483,#5484,#5485);
#5483 = CARTESIAN_POINT('',(-43.46333618864,40.365770561421,
    20.464003983776));
#5484 = DIRECTION('',(0.157710968123,0.987484067796,1.570471970286E-03)
  );
#5485 = DIRECTION('',(0.987485285555,-0.157711162611,3.918697309599E-20)
  );
#5486 = DEFINITIONAL_REPRESENTATION('',(#5487),#5491);
#5487 = LINE('',#5488,#5489);
#5488 = CARTESIAN_POINT('',(8.663386960832E-02,2.052250876436E-02));
#5489 = VECTOR('',#5490,1.);
#5490 = DIRECTION('',(1.574978430008E-03,0.999998759721));
#5491 = ( GEOMETRIC_REPRESENTATION_CONTEXT(2) 
PARAMETRIC_REPRESENTATION_CONTEXT() REPRESENTATION_CONTEXT('2D SPACE',''
  ) );
#5492 = ADVANCED_FACE('',(#5493),#5397,.F.);
#5493 = FACE_BOUND('',#5494,.F.);
#5494 = EDGE_LOOP('',(#5495,#5496,#5517));
#5495 = ORIENTED_EDGE('',*,*,#5383,.F.);
#5496 = ORIENTED_EDGE('',*,*,#5497,.F.);
#5497 = EDGE_CURVE('',#5445,#5360,#5498,.T.);
#5498 = SURFACE_CURVE('',#5499,(#5503,#5510),.PCURVE_S1.);
#5499 = LINE('',#5500,#5501);
#5500 = CARTESIAN_POINT('',(-43.37778143414,40.352139259799,
    20.443481500319));
#5501 = VECTOR('',#5502,1.);
#5502 = DIRECTION('',(0.900465672178,-0.20406012579,-0.384084675939));
#5503 = PCURVE('',#5397,#5504);
#5504 = DEFINITIONAL_REPRESENTATION('',(#5505),#5509);
#5505 = LINE('',#5506,#5507);
#5506 = CARTESIAN_POINT('',(0.102696569738,-7.214392113291));
#5507 = VECTOR('',#5508,1.);
#5508 = DIRECTION('',(-0.923297502939,0.384085564772));
#5509 = ( GEOMETRIC_REPRESENTATION_CONTEXT(2) 
PARAMETRIC_REPRESENTATION_CONTEXT() REPRESENTATION_CONTEXT('2D SPACE',''
  ) );
#5510 = PCURVE('',#5426,#5511);
#5511 = DEFINITIONAL_REPRESENTATION('',(#5512),#5516);
#5512 = LINE('',#5513,#5514);
#5513 = CARTESIAN_POINT('',(-4.891623853877E-03,-0.242722103274));
#5514 = VECTOR('',#5515,1.);
#5515 = DIRECTION('',(-0.414617433211,0.909995815418));
#5516 = ( GEOMETRIC_REPRESENTATION_CONTEXT(2) 
PARAMETRIC_REPRESENTATION_CONTEXT() REPRESENTATION_CONTEXT('2D SPACE',''
  ) );
#5517 = ORIENTED_EDGE('',*,*,#5444,.T.);
#5518 = ADVANCED_FACE('',(#5519),#3768,.T.);
#5519 = FACE_BOUND('',#5520,.T.);
#5520 = EDGE_LOOP('',(#5521,#5544,#5545));
#5521 = ORIENTED_EDGE('',*,*,#5522,.T.);
#5522 = EDGE_CURVE('',#5523,#3726,#5525,.T.);
#5523 = VERTEX_POINT('',#5524);
#5524 = CARTESIAN_POINT('',(-43.46333618864,40.365770561421,
    20.464003983776));
#5525 = SURFACE_CURVE('',#5526,(#5530,#5537),.PCURVE_S1.);
#5526 = LINE('',#5527,#5528);
#5527 = CARTESIAN_POINT('',(-43.46333618864,40.365770561421,
    20.464003983776));
#5528 = VECTOR('',#5529,1.);
#5529 = DIRECTION('',(1.366064067925E-02,-5.91511025237E-04,
    -0.999906514136));
#5530 = PCURVE('',#3768,#5531);
#5531 = DEFINITIONAL_REPRESENTATION('',(#5532),#5536);
#5532 = LINE('',#5533,#5534);
#5533 = CARTESIAN_POINT('',(0.,0.));
#5534 = VECTOR('',#5535,1.);
#5535 = DIRECTION('',(1.349054421021E-02,0.999908998468));
#5536 = ( GEOMETRIC_REPRESENTATION_CONTEXT(2) 
PARAMETRIC_REPRESENTATION_CONTEXT() REPRESENTATION_CONTEXT('2D SPACE',''
  ) );
#5537 = PCURVE('',#5481,#5538);
#5538 = DEFINITIONAL_REPRESENTATION('',(#5539),#5543);
#5539 = LINE('',#5540,#5541);
#5540 = CARTESIAN_POINT('',(0.,0.));
#5541 = VECTOR('',#5542,1.);
#5542 = DIRECTION('',(1.358296955351E-02,0.999907747214));
#5543 = ( GEOMETRIC_REPRESENTATION_CONTEXT(2) 
PARAMETRIC_REPRESENTATION_CONTEXT() REPRESENTATION_CONTEXT('2D SPACE',''
  ) );
#5544 = ORIENTED_EDGE('',*,*,#3754,.F.);
#5545 = ORIENTED_EDGE('',*,*,#5546,.T.);
#5546 = EDGE_CURVE('',#3668,#5523,#5547,.T.);
#5547 = SURFACE_CURVE('',#5548,(#5552,#5559),.PCURVE_S1.);
#5548 = LINE('',#5549,#5550);
#5549 = CARTESIAN_POINT('',(-43.48703153822,40.387218688562,
    13.232657258359));
#5550 = VECTOR('',#5551,1.);
#5551 = DIRECTION('',(3.27672272427E-03,-2.965964497659E-03,
    0.999990233024));
#5552 = PCURVE('',#3768,#5553);
#5553 = DEFINITIONAL_REPRESENTATION('',(#5554),#5558);
#5554 = LINE('',#5555,#5556);
#5555 = CARTESIAN_POINT('',(-2.759789621047E-02,7.231364692163));
#5556 = VECTOR('',#5557,1.);
#5557 = DIRECTION('',(3.816388248328E-03,-0.999992717564));
#5558 = ( GEOMETRIC_REPRESENTATION_CONTEXT(2) 
PARAMETRIC_REPRESENTATION_CONTEXT() REPRESENTATION_CONTEXT('2D SPACE',''
  ) );
#5559 = PCURVE('',#3710,#5560);
#5560 = DEFINITIONAL_REPRESENTATION('',(#5561),#5565);
#5561 = LINE('',#5562,#5563);
#5562 = CARTESIAN_POINT('',(-3.908480452576E-03,7.231416298259));
#5563 = VECTOR('',#5564,1.);
#5564 = DIRECTION('',(5.404860846739E-04,-0.999999853937));
#5565 = ( GEOMETRIC_REPRESENTATION_CONTEXT(2) 
PARAMETRIC_REPRESENTATION_CONTEXT() REPRESENTATION_CONTEXT('2D SPACE',''
  ) );
#5566 = ADVANCED_FACE('',(#5567),#3710,.T.);
#5567 = FACE_BOUND('',#5568,.T.);
#5568 = EDGE_LOOP('',(#5569,#5570,#5571));
#5569 = ORIENTED_EDGE('',*,*,#5546,.F.);
#5570 = ORIENTED_EDGE('',*,*,#3696,.F.);
#5571 = ORIENTED_EDGE('',*,*,#5572,.T.);
#5572 = EDGE_CURVE('',#3610,#5523,#5573,.T.);
#5573 = SURFACE_CURVE('',#5574,(#5578,#5585),.PCURVE_S1.);
#5574 = LINE('',#5575,#5576);
#5575 = CARTESIAN_POINT('',(-43.56271634503,40.321951145227,
    13.211835589867));
#5576 = VECTOR('',#5577,1.);
#5577 = DIRECTION('',(1.370197265579E-02,6.041572727458E-03,
    0.999887871386));
#5578 = PCURVE('',#3710,#5579);
#5579 = DEFINITIONAL_REPRESENTATION('',(#5580),#5584);
#5580 = LINE('',#5581,#5582);
#5581 = CARTESIAN_POINT('',(-0.103848631809,7.252238167076));
#5582 = VECTOR('',#5583,1.);
#5583 = DIRECTION('',(1.431806071866E-02,-0.999897491315));
#5584 = ( GEOMETRIC_REPRESENTATION_CONTEXT(2) 
PARAMETRIC_REPRESENTATION_CONTEXT() REPRESENTATION_CONTEXT('2D SPACE',''
  ) );
#5585 = PCURVE('',#5586,#5591);
#5586 = PLANE('',#5587);
#5587 = AXIS2_PLACEMENT_3D('',#5588,#5589,#5590);
#5588 = CARTESIAN_POINT('',(-43.58591757275,40.334330641129,
    20.435700463629));
#5589 = DIRECTION('',(-0.247907615505,0.968780563504,-2.456410296433E-03
    ));
#5590 = DIRECTION('',(0.968783486305,0.247908363439,-1.294090746035E-19)
  );
#5591 = DEFINITIONAL_REPRESENTATION('',(#5592),#5596);
#5592 = LINE('',#5593,#5594);
#5593 = CARTESIAN_POINT('',(1.940798570477E-02,7.223886668085));
#5594 = VECTOR('',#5595,1.);
#5595 = DIRECTION('',(1.47720012462E-02,-0.999890888037));
#5596 = ( GEOMETRIC_REPRESENTATION_CONTEXT(2) 
PARAMETRIC_REPRESENTATION_CONTEXT() REPRESENTATION_CONTEXT('2D SPACE',''
  ) );
#5597 = ADVANCED_FACE('',(#5598),#5481,.T.);
#5598 = FACE_BOUND('',#5599,.T.);
#5599 = EDGE_LOOP('',(#5600,#5626,#5627));
#5600 = ORIENTED_EDGE('',*,*,#5601,.T.);
#5601 = EDGE_CURVE('',#5523,#5445,#5602,.T.);
#5602 = SURFACE_CURVE('',#5603,(#5607,#5614),.PCURVE_S1.);
#5603 = LINE('',#5604,#5605);
#5604 = CARTESIAN_POINT('',(-43.46333618864,40.365770561421,
    20.464003983776));
#5605 = VECTOR('',#5606,1.);
#5606 = DIRECTION('',(0.960949705435,-0.153106573148,-0.230508223025));
#5607 = PCURVE('',#5481,#5608);
#5608 = DEFINITIONAL_REPRESENTATION('',(#5609),#5613);
#5609 = LINE('',#5610,#5611);
#5610 = CARTESIAN_POINT('',(0.,0.));
#5611 = VECTOR('',#5612,1.);
#5612 = DIRECTION('',(0.973070309931,0.230508507287));
#5613 = ( GEOMETRIC_REPRESENTATION_CONTEXT(2) 
PARAMETRIC_REPRESENTATION_CONTEXT() REPRESENTATION_CONTEXT('2D SPACE',''
  ) );
#5614 = PCURVE('',#5615,#5620);
#5615 = PLANE('',#5616);
#5616 = AXIS2_PLACEMENT_3D('',#5617,#5618,#5619);
#5617 = CARTESIAN_POINT('',(-43.13760129465,40.31856240341,
    20.454618946796));
#5618 = DIRECTION('',(0.141201784143,0.987684705539,-6.738678357182E-02)
  );
#5619 = DIRECTION('',(0.989934899563,-0.1415234773,1.448536859087E-18));
#5620 = DEFINITIONAL_REPRESENTATION('',(#5621),#5625);
#5621 = LINE('',#5622,#5623);
#5622 = CARTESIAN_POINT('',(-0.329137402243,-9.406418452794E-03));
#5623 = VECTOR('',#5624,1.);
#5624 = DIRECTION('',(0.972945824765,0.231033378698));
#5625 = ( GEOMETRIC_REPRESENTATION_CONTEXT(2) 
PARAMETRIC_REPRESENTATION_CONTEXT() REPRESENTATION_CONTEXT('2D SPACE',''
  ) );
#5626 = ORIENTED_EDGE('',*,*,#5467,.T.);
#5627 = ORIENTED_EDGE('',*,*,#5522,.F.);
#5628 = ADVANCED_FACE('',(#5629),#5586,.T.);
#5629 = FACE_BOUND('',#5630,.T.);
#5630 = EDGE_LOOP('',(#5631,#5659,#5660));
#5631 = ORIENTED_EDGE('',*,*,#5632,.T.);
#5632 = EDGE_CURVE('',#5633,#5523,#5635,.T.);
#5633 = VERTEX_POINT('',#5634);
#5634 = CARTESIAN_POINT('',(-43.58591757275,40.334330641129,
    20.435700463629));
#5635 = SURFACE_CURVE('',#5636,(#5640,#5647),.PCURVE_S1.);
#5636 = LINE('',#5637,#5638);
#5637 = CARTESIAN_POINT('',(-43.58591757275,40.334330641129,
    20.435700463629));
#5638 = VECTOR('',#5639,1.);
#5639 = DIRECTION('',(0.945292807937,0.242450603337,0.218264088217));
#5640 = PCURVE('',#5586,#5641);
#5641 = DEFINITIONAL_REPRESENTATION('',(#5642),#5646);
#5642 = LINE('',#5643,#5644);
#5643 = CARTESIAN_POINT('',(0.,0.));
#5644 = VECTOR('',#5645,1.);
#5645 = DIRECTION('',(0.97588959434,-0.218264746717));
#5646 = ( GEOMETRIC_REPRESENTATION_CONTEXT(2) 
PARAMETRIC_REPRESENTATION_CONTEXT() REPRESENTATION_CONTEXT('2D SPACE',''
  ) );
#5647 = PCURVE('',#5648,#5653);
#5648 = PLANE('',#5649);
#5649 = AXIS2_PLACEMENT_3D('',#5650,#5651,#5652);
#5650 = CARTESIAN_POINT('',(-43.13760129465,40.31856240341,
    20.454618946796));
#5651 = DIRECTION('',(-5.445504764956E-02,-0.542403463368,0.83835143628)
  );
#5652 = DIRECTION('',(-2.265089255226E-18,0.839597211231,0.543209465026)
  );
#5653 = DEFINITIONAL_REPRESENTATION('',(#5654),#5658);
#5654 = LINE('',#5655,#5656);
#5655 = CARTESIAN_POINT('',(2.962269294963E-03,0.448982467909));
#5656 = VECTOR('',#5657,1.);
#5657 = DIRECTION('',(0.322123969017,-0.946697495816));
#5658 = ( GEOMETRIC_REPRESENTATION_CONTEXT(2) 
PARAMETRIC_REPRESENTATION_CONTEXT() REPRESENTATION_CONTEXT('2D SPACE',''
  ) );
#5659 = ORIENTED_EDGE('',*,*,#5572,.F.);
#5660 = ORIENTED_EDGE('',*,*,#5661,.F.);
#5661 = EDGE_CURVE('',#5633,#3610,#5662,.T.);
#5662 = SURFACE_CURVE('',#5663,(#5667,#5674),.PCURVE_S1.);
#5663 = LINE('',#5664,#5665);
#5664 = CARTESIAN_POINT('',(-43.58591757275,40.334330641129,
    20.435700463629));
#5665 = VECTOR('',#5666,1.);
#5666 = DIRECTION('',(3.211725910114E-03,-1.713682923511E-03,
    -0.999993374032));
#5667 = PCURVE('',#5586,#5668);
#5668 = DEFINITIONAL_REPRESENTATION('',(#5669),#5673);
#5669 = LINE('',#5670,#5671);
#5670 = CARTESIAN_POINT('',(0.,0.));
#5671 = VECTOR('',#5672,1.);
#5672 = DIRECTION('',(2.686630695234E-03,0.999996391001));
#5673 = ( GEOMETRIC_REPRESENTATION_CONTEXT(2) 
PARAMETRIC_REPRESENTATION_CONTEXT() REPRESENTATION_CONTEXT('2D SPACE',''
  ) );
#5674 = PCURVE('',#5675,#5680);
#5675 = PLANE('',#5676);
#5676 = AXIS2_PLACEMENT_3D('',#5677,#5678,#5679);
#5677 = CARTESIAN_POINT('',(-43.67453126936,40.309896719484,
    20.438015548751));
#5678 = DIRECTION('',(-0.265875412227,0.964004141834,-2.505932990597E-03
    ));
#5679 = DIRECTION('',(0.964007168677,0.265876247039,3.354366816938E-20)
  );
#5680 = DEFINITIONAL_REPRESENTATION('',(#5681),#5685);
#5681 = LINE('',#5682,#5683);
#5682 = CARTESIAN_POINT('',(9.192063816447E-02,2.315092390699E-03));
#5683 = VECTOR('',#5684,1.);
#5684 = DIRECTION('',(2.640499216856E-03,0.999996513876));
#5685 = ( GEOMETRIC_REPRESENTATION_CONTEXT(2) 
PARAMETRIC_REPRESENTATION_CONTEXT() REPRESENTATION_CONTEXT('2D SPACE',''
  ) );
#5686 = ADVANCED_FACE('',(#5687),#5675,.T.);
#5687 = FACE_BOUND('',#5688,.T.);
#5688 = EDGE_LOOP('',(#5689,#5717,#5718));
#5689 = ORIENTED_EDGE('',*,*,#5690,.T.);
#5690 = EDGE_CURVE('',#5691,#5633,#5693,.T.);
#5691 = VERTEX_POINT('',#5692);
#5692 = CARTESIAN_POINT('',(-43.67453126936,40.309896719484,
    20.438015548751));
#5693 = SURFACE_CURVE('',#5694,(#5698,#5705),.PCURVE_S1.);
#5694 = LINE('',#5695,#5696);
#5695 = CARTESIAN_POINT('',(-43.67453126936,40.309896719484,
    20.438015548751));
#5696 = VECTOR('',#5697,1.);
#5697 = DIRECTION('',(0.963718343159,0.265731138473,-2.517771047823E-02)
  );
#5698 = PCURVE('',#5675,#5699);
#5699 = DEFINITIONAL_REPRESENTATION('',(#5700),#5704);
#5700 = LINE('',#5701,#5702);
#5701 = CARTESIAN_POINT('',(0.,0.));
#5702 = VECTOR('',#5703,1.);
#5703 = DIRECTION('',(0.999682989209,2.517778953284E-02));
#5704 = ( GEOMETRIC_REPRESENTATION_CONTEXT(2) 
PARAMETRIC_REPRESENTATION_CONTEXT() REPRESENTATION_CONTEXT('2D SPACE',''
  ) );
#5705 = PCURVE('',#5706,#5711);
#5706 = PLANE('',#5707);
#5707 = AXIS2_PLACEMENT_3D('',#5708,#5709,#5710);
#5708 = CARTESIAN_POINT('',(-43.58591757275,40.334330641129,
    20.435700463629));
#5709 = DIRECTION('',(0.247005312094,-0.923587650319,-0.293213621744));
#5710 = DIRECTION('',(-5.815274438869E-18,0.302589625857,-0.953120935833
    ));
#5711 = DEFINITIONAL_REPRESENTATION('',(#5712),#5716);
#5712 = LINE('',#5713,#5714);
#5713 = CARTESIAN_POINT('',(-9.600007306586E-03,-9.144727023293E-02));
#5714 = VECTOR('',#5715,1.);
#5715 = DIRECTION('',(0.104404888742,0.994534875812));
#5716 = ( GEOMETRIC_REPRESENTATION_CONTEXT(2) 
PARAMETRIC_REPRESENTATION_CONTEXT() REPRESENTATION_CONTEXT('2D SPACE',''
  ) );
#5717 = ORIENTED_EDGE('',*,*,#5661,.T.);
#5718 = ORIENTED_EDGE('',*,*,#5719,.F.);
#5719 = EDGE_CURVE('',#5691,#3610,#5720,.T.);
#5720 = SURFACE_CURVE('',#5721,(#5725,#5732),.PCURVE_S1.);
#5721 = LINE('',#5722,#5723);
#5722 = CARTESIAN_POINT('',(-43.67453126936,40.309896719484,
    20.438015548751));
#5723 = VECTOR('',#5724,1.);
#5724 = DIRECTION('',(1.547171338354E-02,1.667958201682E-03,
    -0.999878914669));
#5725 = PCURVE('',#5675,#5726);
#5726 = DEFINITIONAL_REPRESENTATION('',(#5727),#5731);
#5727 = LINE('',#5728,#5729);
#5728 = CARTESIAN_POINT('',(0.,0.));
#5729 = VECTOR('',#5730,1.);
#5730 = DIRECTION('',(1.535831308033E-02,0.999882054154));
#5731 = ( GEOMETRIC_REPRESENTATION_CONTEXT(2) 
PARAMETRIC_REPRESENTATION_CONTEXT() REPRESENTATION_CONTEXT('2D SPACE',''
  ) );
#5732 = PCURVE('',#3652,#5733);
#5733 = DEFINITIONAL_REPRESENTATION('',(#5734),#5738);
#5734 = LINE('',#5735,#5736);
#5735 = CARTESIAN_POINT('',(0.,0.));
#5736 = VECTOR('',#5737,1.);
#5737 = DIRECTION('',(1.538515189807E-02,0.999881641546));
#5738 = ( GEOMETRIC_REPRESENTATION_CONTEXT(2) 
PARAMETRIC_REPRESENTATION_CONTEXT() REPRESENTATION_CONTEXT('2D SPACE',''
  ) );
#5739 = ADVANCED_FACE('',(#5740),#3652,.T.);
#5740 = FACE_BOUND('',#5741,.T.);
#5741 = EDGE_LOOP('',(#5742,#5743,#5744));
#5742 = ORIENTED_EDGE('',*,*,#5719,.T.);
#5743 = ORIENTED_EDGE('',*,*,#3638,.F.);
#5744 = ORIENTED_EDGE('',*,*,#5745,.T.);
#5745 = EDGE_CURVE('',#3552,#5691,#5746,.T.);
#5746 = SURFACE_CURVE('',#5747,(#5751,#5758),.PCURVE_S1.);
#5747 = LINE('',#5748,#5749);
#5748 = CARTESIAN_POINT('',(-43.68004011594,40.291030214116,
    13.229081376093));
#5749 = VECTOR('',#5750,1.);
#5750 = DIRECTION('',(7.64166515098E-04,2.617090792781E-03,
    0.999996283436));
#5751 = PCURVE('',#3652,#5752);
#5752 = DEFINITIONAL_REPRESENTATION('',(#5753),#5757);
#5753 = LINE('',#5754,#5755);
#5754 = CARTESIAN_POINT('',(-1.014066308748E-02,7.208953832913));
#5755 = VECTOR('',#5756,1.);
#5756 = DIRECTION('',(1.406674711709E-03,-0.999999010633));
#5757 = ( GEOMETRIC_REPRESENTATION_CONTEXT(2) 
PARAMETRIC_REPRESENTATION_CONTEXT() REPRESENTATION_CONTEXT('2D SPACE',''
  ) );
#5758 = PCURVE('',#5759,#5764);
#5759 = PLANE('',#5760);
#5760 = AXIS2_PLACEMENT_3D('',#5761,#5762,#5763);
#5761 = CARTESIAN_POINT('',(-43.82722534756,40.27871226215,
    20.407612224672));
#5762 = DIRECTION('',(-0.199636391311,0.979867079874,-2.411854631267E-03
    ));
#5763 = DIRECTION('',(0.979869929851,0.19963697196,-3.222330538026E-20)
  );
#5764 = DEFINITIONAL_REPRESENTATION('',(#5765),#5769);
#5765 = LINE('',#5766,#5767);
#5766 = CARTESIAN_POINT('',(0.14668150122,7.17855172758));
#5767 = VECTOR('',#5768,1.);
#5768 = DIRECTION('',(1.271251870759E-03,-0.999999191959));
#5769 = ( GEOMETRIC_REPRESENTATION_CONTEXT(2) 
PARAMETRIC_REPRESENTATION_CONTEXT() REPRESENTATION_CONTEXT('2D SPACE',''
  ) );
#5770 = ADVANCED_FACE('',(#5771),#5759,.T.);
#5771 = FACE_BOUND('',#5772,.T.);
#5772 = EDGE_LOOP('',(#5773,#5796,#5797));
#5773 = ORIENTED_EDGE('',*,*,#5774,.T.);
#5774 = EDGE_CURVE('',#5775,#5691,#5777,.T.);
#5775 = VERTEX_POINT('',#5776);
#5776 = CARTESIAN_POINT('',(-43.82722534756,40.27871226215,
    20.407612224672));
#5777 = SURFACE_CURVE('',#5778,(#5782,#5789),.PCURVE_S1.);
#5778 = LINE('',#5779,#5780);
#5779 = CARTESIAN_POINT('',(-43.82722534756,40.27871226215,
    20.407612224672));
#5780 = VECTOR('',#5781,1.);
#5781 = DIRECTION('',(0.96164735358,0.196395637739,0.191476162563));
#5782 = PCURVE('',#5759,#5783);
#5783 = DEFINITIONAL_REPRESENTATION('',(#5784),#5788);
#5784 = LINE('',#5785,#5786);
#5785 = CARTESIAN_POINT('',(0.,0.));
#5786 = VECTOR('',#5787,1.);
#5787 = DIRECTION('',(0.981497155318,-0.191476719478));
#5788 = ( GEOMETRIC_REPRESENTATION_CONTEXT(2) 
PARAMETRIC_REPRESENTATION_CONTEXT() REPRESENTATION_CONTEXT('2D SPACE',''
  ) );
#5789 = PCURVE('',#5706,#5790);
#5790 = DEFINITIONAL_REPRESENTATION('',(#5791),#5795);
#5791 = LINE('',#5792,#5793);
#5792 = CARTESIAN_POINT('',(9.941944114792E-03,-0.249024001216));
#5793 = VECTOR('',#5794,1.);
#5794 = DIRECTION('',(-0.123072656708,0.99239766282));
#5795 = ( GEOMETRIC_REPRESENTATION_CONTEXT(2) 
PARAMETRIC_REPRESENTATION_CONTEXT() REPRESENTATION_CONTEXT('2D SPACE',''
  ) );
#5796 = ORIENTED_EDGE('',*,*,#5745,.F.);
#5797 = ORIENTED_EDGE('',*,*,#5798,.F.);
#5798 = EDGE_CURVE('',#5775,#3552,#5799,.T.);
#5799 = SURFACE_CURVE('',#5800,(#5804,#5811),.PCURVE_S1.);
#5800 = LINE('',#5801,#5802);
#5801 = CARTESIAN_POINT('',(-43.82722534756,40.27871226215,
    20.407612224672));
#5802 = VECTOR('',#5803,1.);
#5803 = DIRECTION('',(2.049919265861E-02,1.715580209544E-03,
    -0.999788397555));
#5804 = PCURVE('',#5759,#5805);
#5805 = DEFINITIONAL_REPRESENTATION('',(#5806),#5810);
#5806 = LINE('',#5807,#5808);
#5807 = CARTESIAN_POINT('',(0.,0.));
#5808 = VECTOR('',#5809,1.);
#5809 = DIRECTION('',(2.042903571059E-02,0.999791305473));
#5810 = ( GEOMETRIC_REPRESENTATION_CONTEXT(2) 
PARAMETRIC_REPRESENTATION_CONTEXT() REPRESENTATION_CONTEXT('2D SPACE',''
  ) );
#5811 = PCURVE('',#3594,#5812);
#5812 = DEFINITIONAL_REPRESENTATION('',(#5813),#5817);
#5813 = LINE('',#5814,#5815);
#5814 = CARTESIAN_POINT('',(0.,0.));
#5815 = VECTOR('',#5816,1.);
#5816 = DIRECTION('',(2.02487761144E-02,0.999794972515));
#5817 = ( GEOMETRIC_REPRESENTATION_CONTEXT(2) 
PARAMETRIC_REPRESENTATION_CONTEXT() REPRESENTATION_CONTEXT('2D SPACE',''
  ) );
#5818 = ADVANCED_FACE('',(#5819),#3594,.T.);
#5819 = FACE_BOUND('',#5820,.T.);
#5820 = EDGE_LOOP('',(#5821,#5822,#5823));
#5821 = ORIENTED_EDGE('',*,*,#5798,.T.);
#5822 = ORIENTED_EDGE('',*,*,#3580,.F.);
#5823 = ORIENTED_EDGE('',*,*,#5824,.F.);
#5824 = EDGE_CURVE('',#5775,#3494,#5825,.T.);
#5825 = SURFACE_CURVE('',#5826,(#5830,#5837),.PCURVE_S1.);
#5826 = LINE('',#5827,#5828);
#5827 = CARTESIAN_POINT('',(-43.82722534756,40.27871226215,
    20.407612224672));
#5828 = VECTOR('',#5829,1.);
#5829 = DIRECTION('',(1.752846294472E-03,3.477906991485E-03,
    -0.999992415818));
#5830 = PCURVE('',#3594,#5831);
#5831 = DEFINITIONAL_REPRESENTATION('',(#5832),#5836);
#5832 = LINE('',#5833,#5834);
#5833 = CARTESIAN_POINT('',(0.,0.));
#5834 = VECTOR('',#5835,1.);
#5835 = DIRECTION('',(1.419774623537E-03,0.99999899212));
#5836 = ( GEOMETRIC_REPRESENTATION_CONTEXT(2) 
PARAMETRIC_REPRESENTATION_CONTEXT() REPRESENTATION_CONTEXT('2D SPACE',''
  ) );
#5837 = PCURVE('',#5838,#5843);
#5838 = PLANE('',#5839);
#5839 = AXIS2_PLACEMENT_3D('',#5840,#5841,#5842);
#5840 = CARTESIAN_POINT('',(-43.90469732895,40.230646724001,
    20.431768570895));
#5841 = DIRECTION('',(-0.526741494411,0.850023096684,2.033019813048E-03)
  );
#5842 = DIRECTION('',(0.850024853334,0.526742582971,-9.434062724052E-20)
  );
#5843 = DEFINITIONAL_REPRESENTATION('',(#5844),#5848);
#5844 = LINE('',#5845,#5846);
#5845 = CARTESIAN_POINT('',(9.11712753317E-02,2.415639614501E-02));
#5846 = VECTOR('',#5847,1.);
#5847 = DIRECTION('',(3.321924626403E-03,0.999994482393));
#5848 = ( GEOMETRIC_REPRESENTATION_CONTEXT(2) 
PARAMETRIC_REPRESENTATION_CONTEXT() REPRESENTATION_CONTEXT('2D SPACE',''
  ) );
#5849 = ADVANCED_FACE('',(#5850),#5838,.T.);
#5850 = FACE_BOUND('',#5851,.T.);
#5851 = EDGE_LOOP('',(#5852,#5880,#5881));
#5852 = ORIENTED_EDGE('',*,*,#5853,.T.);
#5853 = EDGE_CURVE('',#5854,#5775,#5856,.T.);
#5854 = VERTEX_POINT('',#5855);
#5855 = CARTESIAN_POINT('',(-43.90469732895,40.230646724001,
    20.431768570895));
#5856 = SURFACE_CURVE('',#5857,(#5861,#5868),.PCURVE_S1.);
#5857 = LINE('',#5858,#5859);
#5858 = CARTESIAN_POINT('',(-43.90469732895,40.230646724001,
    20.431768570895));
#5859 = VECTOR('',#5860,1.);
#5860 = DIRECTION('',(0.821398292438,0.509615866975,-0.256118162782));
#5861 = PCURVE('',#5838,#5862);
#5862 = DEFINITIONAL_REPRESENTATION('',(#5863),#5867);
#5863 = LINE('',#5864,#5865);
#5864 = CARTESIAN_POINT('',(0.,0.));
#5865 = VECTOR('',#5866,1.);
#5866 = DIRECTION('',(0.966645341152,0.256118692073));
#5867 = ( GEOMETRIC_REPRESENTATION_CONTEXT(2) 
PARAMETRIC_REPRESENTATION_CONTEXT() REPRESENTATION_CONTEXT('2D SPACE',''
  ) );
#5868 = PCURVE('',#5869,#5874);
#5869 = PLANE('',#5870);
#5870 = AXIS2_PLACEMENT_3D('',#5871,#5872,#5873);
#5871 = CARTESIAN_POINT('',(-43.82722534756,40.27871226215,
    20.407612224672));
#5872 = DIRECTION('',(0.525977301985,-0.850481487995,-5.395959132525E-03
    ));
#5873 = DIRECTION('',(-0.850493869734,-0.525984959428,
    -4.299111292639E-19));
#5874 = DEFINITIONAL_REPRESENTATION('',(#5875),#5879);
#5875 = LINE('',#5876,#5877);
#5876 = CARTESIAN_POINT('',(9.117119537824E-02,-2.415669790401E-02));
#5877 = VECTOR('',#5878,1.);
#5878 = DIRECTION('',(-0.966644493444,0.256121891479));
#5879 = ( GEOMETRIC_REPRESENTATION_CONTEXT(2) 
PARAMETRIC_REPRESENTATION_CONTEXT() REPRESENTATION_CONTEXT('2D SPACE',''
  ) );
#5880 = ORIENTED_EDGE('',*,*,#5824,.T.);
#5881 = ORIENTED_EDGE('',*,*,#5882,.F.);
#5882 = EDGE_CURVE('',#5854,#3494,#5883,.T.);
#5883 = SURFACE_CURVE('',#5884,(#5888,#5895),.PCURVE_S1.);
#5884 = LINE('',#5885,#5886);
#5885 = CARTESIAN_POINT('',(-43.90469732895,40.230646724001,
    20.431768570895));
#5886 = VECTOR('',#5887,1.);
#5887 = DIRECTION('',(1.251872529704E-02,1.014900405874E-02,
    -0.999870131184));
#5888 = PCURVE('',#5838,#5889);
#5889 = DEFINITIONAL_REPRESENTATION('',(#5890),#5894);
#5890 = LINE('',#5891,#5892);
#5891 = CARTESIAN_POINT('',(0.,0.));
#5892 = VECTOR('',#5893,1.);
#5893 = DIRECTION('',(1.598714024702E-02,0.999872197507));
#5894 = ( GEOMETRIC_REPRESENTATION_CONTEXT(2) 
PARAMETRIC_REPRESENTATION_CONTEXT() REPRESENTATION_CONTEXT('2D SPACE',''
  ) );
#5895 = PCURVE('',#3536,#5896);
#5896 = DEFINITIONAL_REPRESENTATION('',(#5897),#5901);
#5897 = LINE('',#5898,#5899);
#5898 = CARTESIAN_POINT('',(0.,0.));
#5899 = VECTOR('',#5900,1.);
#5900 = DIRECTION('',(1.548593381959E-02,0.999880085737));
#5901 = ( GEOMETRIC_REPRESENTATION_CONTEXT(2) 
PARAMETRIC_REPRESENTATION_CONTEXT() REPRESENTATION_CONTEXT('2D SPACE',''
  ) );
#5902 = ADVANCED_FACE('',(#5903),#3536,.T.);
#5903 = FACE_BOUND('',#5904,.T.);
#5904 = EDGE_LOOP('',(#5905,#5906,#5907));
#5905 = ORIENTED_EDGE('',*,*,#5882,.T.);
#5906 = ORIENTED_EDGE('',*,*,#3522,.F.);
#5907 = ORIENTED_EDGE('',*,*,#5908,.T.);
#5908 = EDGE_CURVE('',#3436,#5854,#5909,.T.);
#5909 = SURFACE_CURVE('',#5910,(#5914,#5921),.PCURVE_S1.);
#5910 = LINE('',#5911,#5912);
#5911 = CARTESIAN_POINT('',(-43.97011018021,40.237980696565,
    13.200167043586));
#5912 = VECTOR('',#5913,1.);
#5913 = DIRECTION('',(9.045042307807E-03,-1.014114059263E-03,
    0.999958578533));
#5914 = PCURVE('',#3536,#5915);
#5915 = DEFINITIONAL_REPRESENTATION('',(#5916),#5920);
#5916 = LINE('',#5917,#5918);
#5917 = CARTESIAN_POINT('',(-5.737002700253E-02,7.231673524023));
#5918 = VECTOR('',#5919,1.);
#5919 = DIRECTION('',(7.932910909875E-03,-0.999968533967));
#5920 = ( GEOMETRIC_REPRESENTATION_CONTEXT(2) 
PARAMETRIC_REPRESENTATION_CONTEXT() REPRESENTATION_CONTEXT('2D SPACE',''
  ) );
#5921 = PCURVE('',#5922,#5927);
#5922 = PLANE('',#5923);
#5923 = AXIS2_PLACEMENT_3D('',#5924,#5925,#5926);
#5924 = CARTESIAN_POINT('',(-44.04265644184,40.160761683572,
    20.400720817943));
#5925 = DIRECTION('',(-0.452781065481,0.89160770999,4.999822907495E-03)
  );
#5926 = DIRECTION('',(0.891618854505,0.452786724949,9.933834399855E-20)
  );
#5927 = DEFINITIONAL_REPRESENTATION('',(#5928),#5932);
#5928 = LINE('',#5929,#5930);
#5929 = CARTESIAN_POINT('',(9.964735868348E-02,7.200643776592));
#5930 = VECTOR('',#5931,1.);
#5931 = DIRECTION('',(7.60555287782E-03,-0.999971077364));
#5932 = ( GEOMETRIC_REPRESENTATION_CONTEXT(2) 
PARAMETRIC_REPRESENTATION_CONTEXT() REPRESENTATION_CONTEXT('2D SPACE',''
  ) );
#5933 = ADVANCED_FACE('',(#5934),#5922,.T.);
#5934 = FACE_BOUND('',#5935,.T.);
#5935 = EDGE_LOOP('',(#5936,#5964,#5965));
#5936 = ORIENTED_EDGE('',*,*,#5937,.T.);
#5937 = EDGE_CURVE('',#5938,#5854,#5940,.T.);
#5938 = VERTEX_POINT('',#5939);
#5939 = CARTESIAN_POINT('',(-44.04265644184,40.160761683572,
    20.400720817943));
#5940 = SURFACE_CURVE('',#5941,(#5945,#5952),.PCURVE_S1.);
#5941 = LINE('',#5942,#5943);
#5942 = CARTESIAN_POINT('',(-44.04265644184,40.160761683572,
    20.400720817943));
#5943 = VECTOR('',#5944,1.);
#5944 = DIRECTION('',(0.874621159845,0.443051088374,0.196833838151));
#5945 = PCURVE('',#5922,#5946);
#5946 = DEFINITIONAL_REPRESENTATION('',(#5947),#5951);
#5947 = LINE('',#5948,#5949);
#5948 = CARTESIAN_POINT('',(0.,0.));
#5949 = VECTOR('',#5950,1.);
#5950 = DIRECTION('',(0.980436367958,-0.196836298446));
#5951 = ( GEOMETRIC_REPRESENTATION_CONTEXT(2) 
PARAMETRIC_REPRESENTATION_CONTEXT() REPRESENTATION_CONTEXT('2D SPACE',''
  ) );
#5952 = PCURVE('',#5953,#5958);
#5953 = PLANE('',#5954);
#5954 = AXIS2_PLACEMENT_3D('',#5955,#5956,#5957);
#5955 = CARTESIAN_POINT('',(-43.90469732895,40.230646724001,
    20.431768570895));
#5956 = DIRECTION('',(-0.48478714002,0.802933087764,0.346813906071));
#5957 = DIRECTION('',(0.856065694861,0.516867029401,-1.78983079003E-17)
  );
#5958 = DEFINITIONAL_REPRESENTATION('',(#5959),#5963);
#5959 = LINE('',#5960,#5961);
#5960 = CARTESIAN_POINT('',(-0.154223337082,3.310228038895E-02));
#5961 = VECTOR('',#5962,1.);
#5962 = DIRECTION('',(0.977731670864,-0.209858952131));
#5963 = ( GEOMETRIC_REPRESENTATION_CONTEXT(2) 
PARAMETRIC_REPRESENTATION_CONTEXT() REPRESENTATION_CONTEXT('2D SPACE',''
  ) );
#5964 = ORIENTED_EDGE('',*,*,#5908,.F.);
#5965 = ORIENTED_EDGE('',*,*,#5966,.F.);
#5966 = EDGE_CURVE('',#5938,#3436,#5967,.T.);
#5967 = SURFACE_CURVE('',#5968,(#5972,#5979),.PCURVE_S1.);
#5968 = LINE('',#5969,#5970);
#5969 = CARTESIAN_POINT('',(-44.04265644184,40.160761683572,
    20.400720817943));
#5970 = VECTOR('',#5971,1.);
#5971 = DIRECTION('',(1.007400424797E-02,1.072287734075E-02,
    -0.999891761312));
#5972 = PCURVE('',#5922,#5973);
#5973 = DEFINITIONAL_REPRESENTATION('',(#5974),#5978);
#5974 = LINE('',#5975,#5976);
#5975 = CARTESIAN_POINT('',(0.,0.));
#5976 = VECTOR('',#5977,1.);
#5977 = DIRECTION('',(1.383734864101E-02,0.999904259308));
#5978 = ( GEOMETRIC_REPRESENTATION_CONTEXT(2) 
PARAMETRIC_REPRESENTATION_CONTEXT() REPRESENTATION_CONTEXT('2D SPACE',''
  ) );
#5979 = PCURVE('',#3478,#5980);
#5980 = DEFINITIONAL_REPRESENTATION('',(#5981),#5985);
#5981 = LINE('',#5982,#5983);
#5982 = CARTESIAN_POINT('',(0.,0.));
#5983 = VECTOR('',#5984,1.);
#5984 = DIRECTION('',(-1.455202253776E-02,-0.999894113714));
#5985 = ( GEOMETRIC_REPRESENTATION_CONTEXT(2) 
PARAMETRIC_REPRESENTATION_CONTEXT() REPRESENTATION_CONTEXT('2D SPACE',''
  ) );
#5986 = ADVANCED_FACE('',(#5987),#3478,.T.);
#5987 = FACE_BOUND('',#5988,.T.);
#5988 = EDGE_LOOP('',(#5989,#5990,#5991));
#5989 = ORIENTED_EDGE('',*,*,#5966,.T.);
#5990 = ORIENTED_EDGE('',*,*,#3464,.F.);
#5991 = ORIENTED_EDGE('',*,*,#5992,.F.);
#5992 = EDGE_CURVE('',#5938,#3378,#5993,.T.);
#5993 = SURFACE_CURVE('',#5994,(#5998,#6005),.PCURVE_S1.);
#5994 = LINE('',#5995,#5996);
#5995 = CARTESIAN_POINT('',(-44.04265644184,40.160761683572,
    20.400720817943));
#5996 = VECTOR('',#5997,1.);
#5997 = DIRECTION('',(4.283751862543E-03,2.371399799722E-03,
    -0.999988012895));
#5998 = PCURVE('',#3478,#5999);
#5999 = DEFINITIONAL_REPRESENTATION('',(#6000),#6004);
#6000 = LINE('',#6001,#6002);
#6001 = CARTESIAN_POINT('',(0.,0.));
#6002 = VECTOR('',#6003,1.);
#6003 = DIRECTION('',(-4.389631098653E-03,-0.999990365523));
#6004 = ( GEOMETRIC_REPRESENTATION_CONTEXT(2) 
PARAMETRIC_REPRESENTATION_CONTEXT() REPRESENTATION_CONTEXT('2D SPACE',''
  ) );
#6005 = PCURVE('',#6006,#6011);
#6006 = PLANE('',#6007);
#6007 = AXIS2_PLACEMENT_3D('',#6008,#6009,#6010);
#6008 = CARTESIAN_POINT('',(-44.11326039511,40.101615993614,
    20.438960757734));
#6009 = DIRECTION('',(-0.64245983427,0.76631878961,-9.349014942202E-04)
  );
#6010 = DIRECTION('',(0.766319124507,0.642460115038,5.915100481487E-20)
  );
#6011 = DEFINITIONAL_REPRESENTATION('',(#6012),#6016);
#6012 = LINE('',#6013,#6014);
#6013 = CARTESIAN_POINT('',(9.210390643161E-02,3.823995650201E-02));
#6014 = VECTOR('',#6015,1.);
#6015 = DIRECTION('',(4.80625076504E-03,0.99998844991));
#6016 = ( GEOMETRIC_REPRESENTATION_CONTEXT(2) 
PARAMETRIC_REPRESENTATION_CONTEXT() REPRESENTATION_CONTEXT('2D SPACE',''
  ) );
#6017 = ADVANCED_FACE('',(#6018),#6006,.T.);
#6018 = FACE_BOUND('',#6019,.T.);
#6019 = EDGE_LOOP('',(#6020,#6043,#6044));
#6020 = ORIENTED_EDGE('',*,*,#6021,.T.);
#6021 = EDGE_CURVE('',#6022,#5938,#6024,.T.);
#6022 = VERTEX_POINT('',#6023);
#6023 = CARTESIAN_POINT('',(-44.11326039511,40.101615993614,
    20.438960757734));
#6024 = SURFACE_CURVE('',#6025,(#6029,#6036),.PCURVE_S1.);
#6025 = LINE('',#6026,#6027);
#6026 = CARTESIAN_POINT('',(-44.11326039511,40.101615993614,
    20.438960757734));
#6027 = VECTOR('',#6028,1.);
#6028 = DIRECTION('',(0.707974100765,0.593077508033,-0.383447182948));
#6029 = PCURVE('',#6006,#6030);
#6030 = DEFINITIONAL_REPRESENTATION('',(#6031),#6035);
#6031 = LINE('',#6032,#6033);
#6032 = CARTESIAN_POINT('',(0.,0.));
#6033 = VECTOR('',#6034,1.);
#6034 = DIRECTION('',(0.92356273711,0.383447350522));
#6035 = ( GEOMETRIC_REPRESENTATION_CONTEXT(2) 
PARAMETRIC_REPRESENTATION_CONTEXT() REPRESENTATION_CONTEXT('2D SPACE',''
  ) );
#6036 = PCURVE('',#5953,#6037);
#6037 = DEFINITIONAL_REPRESENTATION('',(#6038),#6042);
#6038 = LINE('',#6039,#6040);
#6039 = CARTESIAN_POINT('',(-0.245235416469,-7.668116455986E-03));
#6040 = VECTOR('',#6041,1.);
#6041 = DIRECTION('',(0.912614550297,0.408821088725));
#6042 = ( GEOMETRIC_REPRESENTATION_CONTEXT(2) 
PARAMETRIC_REPRESENTATION_CONTEXT() REPRESENTATION_CONTEXT('2D SPACE',''
  ) );
#6043 = ORIENTED_EDGE('',*,*,#5992,.T.);
#6044 = ORIENTED_EDGE('',*,*,#6045,.F.);
#6045 = EDGE_CURVE('',#6022,#3378,#6046,.T.);
#6046 = SURFACE_CURVE('',#6047,(#6051,#6058),.PCURVE_S1.);
#6047 = LINE('',#6048,#6049);
#6048 = CARTESIAN_POINT('',(-44.11326039511,40.101615993614,
    20.438960757734));
#6049 = VECTOR('',#6050,1.);
#6050 = DIRECTION('',(1.405363068987E-02,1.056236170203E-02,
    -0.999845454048));
#6051 = PCURVE('',#6006,#6052);
#6052 = DEFINITIONAL_REPRESENTATION('',(#6053),#6057);
#6053 = LINE('',#6054,#6055);
#6054 = CARTESIAN_POINT('',(0.,0.));
#6055 = VECTOR('',#6056,1.);
#6056 = DIRECTION('',(1.755546208057E-02,0.999845891001));
#6057 = ( GEOMETRIC_REPRESENTATION_CONTEXT(2) 
PARAMETRIC_REPRESENTATION_CONTEXT() REPRESENTATION_CONTEXT('2D SPACE',''
  ) );
#6058 = PCURVE('',#3420,#6059);
#6059 = DEFINITIONAL_REPRESENTATION('',(#6060),#6064);
#6060 = LINE('',#6061,#6062);
#6061 = CARTESIAN_POINT('',(0.,0.));
#6062 = VECTOR('',#6063,1.);
#6063 = DIRECTION('',(1.617095754479E-02,0.999869241517));
#6064 = ( GEOMETRIC_REPRESENTATION_CONTEXT(2) 
PARAMETRIC_REPRESENTATION_CONTEXT() REPRESENTATION_CONTEXT('2D SPACE',''
  ) );
#6065 = ADVANCED_FACE('',(#6066),#3420,.T.);
#6066 = FACE_BOUND('',#6067,.T.);
#6067 = EDGE_LOOP('',(#6068,#6069,#6070));
#6068 = ORIENTED_EDGE('',*,*,#6045,.T.);
#6069 = ORIENTED_EDGE('',*,*,#3406,.F.);
#6070 = ORIENTED_EDGE('',*,*,#6071,.T.);
#6071 = EDGE_CURVE('',#3320,#6022,#6072,.T.);
#6072 = SURFACE_CURVE('',#6073,(#6077,#6084),.PCURVE_S1.);
#6073 = LINE('',#6074,#6075);
#6074 = CARTESIAN_POINT('',(-44.16404099149,40.140643984908,
    13.185489940373));
#6075 = VECTOR('',#6076,1.);
#6076 = DIRECTION('',(7.000595753204E-03,-5.380385610868E-03,
    0.999961020795));
#6077 = PCURVE('',#3420,#6078);
#6078 = DEFINITIONAL_REPRESENTATION('',(#6079),#6083);
#6079 = LINE('',#6080,#6081);
#6080 = CARTESIAN_POINT('',(-3.99797923203E-02,7.253643385746));
#6081 = VECTOR('',#6082,1.);
#6082 = DIRECTION('',(5.511600576665E-03,-0.999984811014));
#6083 = ( GEOMETRIC_REPRESENTATION_CONTEXT(2) 
PARAMETRIC_REPRESENTATION_CONTEXT() REPRESENTATION_CONTEXT('2D SPACE',''
  ) );
#6084 = PCURVE('',#3362,#6085);
#6085 = DEFINITIONAL_REPRESENTATION('',(#6086),#6090);
#6086 = LINE('',#6087,#6088);
#6087 = CARTESIAN_POINT('',(-1.473440228696E-02,-7.253738598045));
#6088 = VECTOR('',#6089,1.);
#6089 = DIRECTION('',(2.031279689775E-03,0.999997936949));
#6090 = ( GEOMETRIC_REPRESENTATION_CONTEXT(2) 
PARAMETRIC_REPRESENTATION_CONTEXT() REPRESENTATION_CONTEXT('2D SPACE',''
  ) );
#6091 = ADVANCED_FACE('',(#6092),#3362,.T.);
#6092 = FACE_BOUND('',#6093,.T.);
#6093 = EDGE_LOOP('',(#6094,#6095,#6096));
#6094 = ORIENTED_EDGE('',*,*,#6071,.F.);
#6095 = ORIENTED_EDGE('',*,*,#3348,.F.);
#6096 = ORIENTED_EDGE('',*,*,#6097,.T.);
#6097 = EDGE_CURVE('',#3262,#6022,#6098,.T.);
#6098 = SURFACE_CURVE('',#6099,(#6103,#6110),.PCURVE_S1.);
#6099 = LINE('',#6100,#6101);
#6100 = CARTESIAN_POINT('',(-44.20944671225,40.039952362189,
    13.179071184951));
#6101 = VECTOR('',#6102,1.);
#6102 = DIRECTION('',(1.324736508543E-02,8.492690667918E-03,
    0.999876183096));
#6103 = PCURVE('',#3362,#6104);
#6104 = DEFINITIONAL_REPRESENTATION('',(#6105),#6109);
#6105 = LINE('',#6106,#6107);
#6106 = CARTESIAN_POINT('',(9.572137764818E-02,-7.260157590432));
#6107 = VECTOR('',#6108,1.);
#6108 = DIRECTION('',(-1.318333078817E-02,0.999913096119));
#6109 = ( GEOMETRIC_REPRESENTATION_CONTEXT(2) 
PARAMETRIC_REPRESENTATION_CONTEXT() REPRESENTATION_CONTEXT('2D SPACE',''
  ) );
#6110 = PCURVE('',#6111,#6116);
#6111 = PLANE('',#6112);
#6112 = AXIS2_PLACEMENT_3D('',#6113,#6114,#6115);
#6113 = CARTESIAN_POINT('',(-44.23377995809,40.047761574018,
    20.454576601241));
#6114 = DIRECTION('',(-0.408225387115,0.912878159168,-2.345171454929E-03
    ));
#6115 = DIRECTION('',(0.912880669515,0.408226509704,3.45067992107E-20));
#6116 = DEFINITIONAL_REPRESENTATION('',(#6117),#6121);
#6117 = LINE('',#6118,#6119);
#6118 = CARTESIAN_POINT('',(1.902542246659E-02,7.275525423391));
#6119 = VECTOR('',#6120,1.);
#6120 = DIRECTION('',(1.556020497786E-02,-0.999878932682));
#6121 = ( GEOMETRIC_REPRESENTATION_CONTEXT(2) 
PARAMETRIC_REPRESENTATION_CONTEXT() REPRESENTATION_CONTEXT('2D SPACE',''
  ) );
#6122 = ADVANCED_FACE('',(#6123),#6111,.T.);
#6123 = FACE_BOUND('',#6124,.T.);
#6124 = EDGE_LOOP('',(#6125,#6153,#6154));
#6125 = ORIENTED_EDGE('',*,*,#6126,.T.);
#6126 = EDGE_CURVE('',#6127,#6022,#6129,.T.);
#6127 = VERTEX_POINT('',#6128);
#6128 = CARTESIAN_POINT('',(-44.23377995809,40.047761574018,
    20.454576601241));
#6129 = SURFACE_CURVE('',#6130,(#6134,#6141),.PCURVE_S1.);
#6130 = LINE('',#6131,#6132);
#6131 = CARTESIAN_POINT('',(-44.23377995809,40.047761574018,
    20.454576601241));
#6132 = VECTOR('',#6133,1.);
#6133 = DIRECTION('',(0.90667180574,0.40514819879,-0.117478396707));
#6134 = PCURVE('',#6111,#6135);
#6135 = DEFINITIONAL_REPRESENTATION('',(#6136),#6140);
#6136 = LINE('',#6137,#6138);
#6137 = CARTESIAN_POINT('',(0.,0.));
#6138 = VECTOR('',#6139,1.);
#6139 = DIRECTION('',(0.99307540016,0.117478719764));
#6140 = ( GEOMETRIC_REPRESENTATION_CONTEXT(2) 
PARAMETRIC_REPRESENTATION_CONTEXT() REPRESENTATION_CONTEXT('2D SPACE',''
  ) );
#6141 = PCURVE('',#6142,#6147);
#6142 = PLANE('',#6143);
#6143 = AXIS2_PLACEMENT_3D('',#6144,#6145,#6146);
#6144 = CARTESIAN_POINT('',(-44.23377995809,40.047761574018,
    20.454576601241));
#6145 = DIRECTION('',(0.177314596305,-0.113337593126,0.977606323589));
#6146 = DIRECTION('',(0.983946346572,1.764870877262E-18,-0.178464526076)
  );
#6147 = DEFINITIONAL_REPRESENTATION('',(#6148),#6152);
#6148 = LINE('',#6149,#6150);
#6149 = CARTESIAN_POINT('',(0.,0.));
#6150 = VECTOR('',#6151,1.);
#6151 = DIRECTION('',(0.91308213719,0.407775686798));
#6152 = ( GEOMETRIC_REPRESENTATION_CONTEXT(2) 
PARAMETRIC_REPRESENTATION_CONTEXT() REPRESENTATION_CONTEXT('2D SPACE',''
  ) );
#6153 = ORIENTED_EDGE('',*,*,#6097,.F.);
#6154 = ORIENTED_EDGE('',*,*,#6155,.F.);
#6155 = EDGE_CURVE('',#6127,#3262,#6156,.T.);
#6156 = SURFACE_CURVE('',#6157,(#6161,#6168),.PCURVE_S1.);
#6157 = LINE('',#6158,#6159);
#6158 = CARTESIAN_POINT('',(-44.23377995809,40.047761574018,
    20.454576601241));
#6159 = VECTOR('',#6160,1.);
#6160 = DIRECTION('',(3.344523072672E-03,-1.073349988413E-03,
    -0.999993831024));
#6161 = PCURVE('',#6111,#6162);
#6162 = DEFINITIONAL_REPRESENTATION('',(#6163),#6167);
#6163 = LINE('',#6164,#6165);
#6164 = CARTESIAN_POINT('',(0.,0.));
#6165 = VECTOR('',#6166,1.);
#6166 = DIRECTION('',(2.614980542329E-03,0.999996580933));
#6167 = ( GEOMETRIC_REPRESENTATION_CONTEXT(2) 
PARAMETRIC_REPRESENTATION_CONTEXT() REPRESENTATION_CONTEXT('2D SPACE',''
  ) );
#6168 = PCURVE('',#6169,#6174);
#6169 = PLANE('',#6170);
#6170 = AXIS2_PLACEMENT_3D('',#6171,#6172,#6173);
#6171 = CARTESIAN_POINT('',(-44.31269008553,39.93768583712,
    20.460456153892));
#6172 = DIRECTION('',(-0.812818426249,0.582507532414,-3.343745061134E-03
    ));
#6173 = DIRECTION('',(-0.582510788842,-0.812822970198,
    -2.019679462247E-19));
#6174 = DEFINITIONAL_REPRESENTATION('',(#6175),#6179);
#6175 = LINE('',#6176,#6177);
#6176 = CARTESIAN_POINT('',(-0.135438087997,-5.879585519811E-03));
#6177 = VECTOR('',#6178,1.);
#6178 = DIRECTION('',(-1.07577724772E-03,-0.999999421351));
#6179 = ( GEOMETRIC_REPRESENTATION_CONTEXT(2) 
PARAMETRIC_REPRESENTATION_CONTEXT() REPRESENTATION_CONTEXT('2D SPACE',''
  ) );
#6180 = ADVANCED_FACE('',(#6181),#6169,.T.);
#6181 = FACE_BOUND('',#6182,.T.);
#6182 = EDGE_LOOP('',(#6183,#6211,#6212));
#6183 = ORIENTED_EDGE('',*,*,#6184,.T.);
#6184 = EDGE_CURVE('',#6185,#6127,#6187,.T.);
#6185 = VERTEX_POINT('',#6186);
#6186 = CARTESIAN_POINT('',(-44.31269008553,39.93768583712,
    20.460456153892));
#6187 = SURFACE_CURVE('',#6188,(#6192,#6199),.PCURVE_S1.);
#6188 = LINE('',#6189,#6190);
#6189 = CARTESIAN_POINT('',(-44.31269008553,39.93768583712,
    20.460456153892));
#6190 = VECTOR('',#6191,1.);
#6191 = DIRECTION('',(0.582080549083,0.811973664845,-4.337051968233E-02)
  );
#6192 = PCURVE('',#6169,#6193);
#6193 = DEFINITIONAL_REPRESENTATION('',(#6194),#6198);
#6194 = LINE('',#6195,#6196);
#6195 = CARTESIAN_POINT('',(-0.,0.));
#6196 = VECTOR('',#6197,1.);
#6197 = DIRECTION('',(-0.999059045798,-4.337076213925E-02));
#6198 = ( GEOMETRIC_REPRESENTATION_CONTEXT(2) 
PARAMETRIC_REPRESENTATION_CONTEXT() REPRESENTATION_CONTEXT('2D SPACE',''
  ) );
#6199 = PCURVE('',#6200,#6205);
#6200 = PLANE('',#6201);
#6201 = AXIS2_PLACEMENT_3D('',#6202,#6203,#6204);
#6202 = CARTESIAN_POINT('',(-44.23377995809,40.047761574018,
    20.454576601241));
#6203 = DIRECTION('',(0.46677817336,-0.3773418273,-0.79983203377));
#6204 = DIRECTION('',(-0.863680430418,1.41510617429E-18,-0.504039794177)
  );
#6205 = DEFINITIONAL_REPRESENTATION('',(#6206),#6210);
#6206 = LINE('',#6207,#6208);
#6207 = CARTESIAN_POINT('',(6.518960432705E-02,-0.118862780944));
#6208 = VECTOR('',#6209,1.);
#6209 = DIRECTION('',(-0.480871111355,0.876791294587));
#6210 = ( GEOMETRIC_REPRESENTATION_CONTEXT(2) 
PARAMETRIC_REPRESENTATION_CONTEXT() REPRESENTATION_CONTEXT('2D SPACE',''
  ) );
#6211 = ORIENTED_EDGE('',*,*,#6155,.T.);
#6212 = ORIENTED_EDGE('',*,*,#6213,.F.);
#6213 = EDGE_CURVE('',#6185,#3262,#6214,.T.);
#6214 = SURFACE_CURVE('',#6215,(#6219,#6226),.PCURVE_S1.);
#6215 = LINE('',#6216,#6217);
#6216 = CARTESIAN_POINT('',(-44.31269008553,39.93768583712,
    20.460456153892));
#6217 = VECTOR('',#6218,1.);
#6218 = DIRECTION('',(1.417626160628E-02,1.404213139114E-02,
    -0.999800906257));
#6219 = PCURVE('',#6169,#6220);
#6220 = DEFINITIONAL_REPRESENTATION('',(#6221),#6225);
#6221 = LINE('',#6222,#6223);
#6222 = CARTESIAN_POINT('',(-0.,0.));
#6223 = VECTOR('',#6224,1.);
#6224 = DIRECTION('',(-1.967159227637E-02,-0.999806495507));
#6225 = ( GEOMETRIC_REPRESENTATION_CONTEXT(2) 
PARAMETRIC_REPRESENTATION_CONTEXT() REPRESENTATION_CONTEXT('2D SPACE',''
  ) );
#6226 = PCURVE('',#3304,#6227);
#6227 = DEFINITIONAL_REPRESENTATION('',(#6228),#6232);
#6228 = LINE('',#6229,#6230);
#6229 = CARTESIAN_POINT('',(2.059014615413E-02,7.244830896549));
#6230 = VECTOR('',#6231,1.);
#6231 = DIRECTION('',(1.995274047286E-02,-0.999800924258));
#6232 = ( GEOMETRIC_REPRESENTATION_CONTEXT(2) 
PARAMETRIC_REPRESENTATION_CONTEXT() REPRESENTATION_CONTEXT('2D SPACE',''
  ) );
#6233 = ADVANCED_FACE('',(#6234),#3304,.F.);
#6234 = FACE_BOUND('',#6235,.F.);
#6235 = EDGE_LOOP('',(#6236,#6237,#6238));
#6236 = ORIENTED_EDGE('',*,*,#3290,.T.);
#6237 = ORIENTED_EDGE('',*,*,#6213,.F.);
#6238 = ORIENTED_EDGE('',*,*,#6239,.F.);
#6239 = EDGE_CURVE('',#3173,#6185,#6240,.T.);
#6240 = SURFACE_CURVE('',#6241,(#6245,#6252),.PCURVE_S1.);
#6241 = LINE('',#6242,#6243);
#6242 = CARTESIAN_POINT('',(-44.32620339174,39.922089853537,
    13.215625387783));
#6243 = VECTOR('',#6244,1.);
#6244 = DIRECTION('',(1.865226646179E-03,2.152696290675E-03,
    0.999995943406));
#6245 = PCURVE('',#3304,#6246);
#6246 = DEFINITIONAL_REPRESENTATION('',(#6247),#6251);
#6247 = LINE('',#6248,#6249);
#6248 = CARTESIAN_POINT('',(0.,0.));
#6249 = VECTOR('',#6250,1.);
#6250 = DIRECTION('',(2.842035003023E-03,0.99999596141));
#6251 = ( GEOMETRIC_REPRESENTATION_CONTEXT(2) 
PARAMETRIC_REPRESENTATION_CONTEXT() REPRESENTATION_CONTEXT('2D SPACE',''
  ) );
#6252 = PCURVE('',#3215,#6253);
#6253 = DEFINITIONAL_REPRESENTATION('',(#6254),#6258);
#6254 = LINE('',#6255,#6256);
#6255 = CARTESIAN_POINT('',(-1.919369059828E-02,7.244834730755));
#6256 = VECTOR('',#6257,1.);
#6257 = DIRECTION('',(2.649283793771E-03,-0.999996490642));
#6258 = ( GEOMETRIC_REPRESENTATION_CONTEXT(2) 
PARAMETRIC_REPRESENTATION_CONTEXT() REPRESENTATION_CONTEXT('2D SPACE',''
  ) );
#6259 = ADVANCED_FACE('',(#6260),#3215,.T.);
#6260 = FACE_BOUND('',#6261,.T.);
#6261 = EDGE_LOOP('',(#6262,#6263,#6264));
#6262 = ORIENTED_EDGE('',*,*,#6239,.F.);
#6263 = ORIENTED_EDGE('',*,*,#3201,.F.);
#6264 = ORIENTED_EDGE('',*,*,#6265,.T.);
#6265 = EDGE_CURVE('',#3062,#6185,#6266,.T.);
#6266 = SURFACE_CURVE('',#6267,(#6271,#6278),.PCURVE_S1.);
#6267 = LINE('',#6268,#6269);
#6268 = CARTESIAN_POINT('',(-44.43448165323,39.86559769228,
    13.198259200011));
#6269 = VECTOR('',#6270,1.);
#6270 = DIRECTION('',(1.676743931635E-02,9.924608221386E-03,
    0.999810159546));
#6271 = PCURVE('',#3215,#6272);
#6272 = DEFINITIONAL_REPRESENTATION('',(#6273),#6277);
#6273 = LINE('',#6274,#6275);
#6274 = CARTESIAN_POINT('',(-0.141322908492,7.26220092803));
#6275 = VECTOR('',#6276,1.);
#6276 = DIRECTION('',(1.945638221938E-02,-0.999810706679));
#6277 = ( GEOMETRIC_REPRESENTATION_CONTEXT(2) 
PARAMETRIC_REPRESENTATION_CONTEXT() REPRESENTATION_CONTEXT('2D SPACE',''
  ) );
#6278 = PCURVE('',#6279,#6284);
#6279 = PLANE('',#6280);
#6280 = AXIS2_PLACEMENT_3D('',#6281,#6282,#6283);
#6281 = CARTESIAN_POINT('',(-44.40496225572,39.85427611273,
    20.463618609839));
#6282 = DIRECTION('',(-0.670505137523,0.741894738649,3.880376234502E-03)
  );
#6283 = DIRECTION('',(0.741900324186,0.670510185585,1.053476439914E-19)
  );
#6284 = DEFINITIONAL_REPRESENTATION('',(#6285),#6289);
#6285 = LINE('',#6286,#6287);
#6286 = CARTESIAN_POINT('',(-1.430921617817E-02,7.265414108866));
#6287 = VECTOR('',#6288,1.);
#6288 = DIRECTION('',(1.909431956495E-02,-0.999817686861));
#6289 = ( GEOMETRIC_REPRESENTATION_CONTEXT(2) 
PARAMETRIC_REPRESENTATION_CONTEXT() REPRESENTATION_CONTEXT('2D SPACE',''
  ) );
#6290 = ADVANCED_FACE('',(#6291),#6279,.T.);
#6291 = FACE_BOUND('',#6292,.T.);
#6292 = EDGE_LOOP('',(#6293,#6321,#6322));
#6293 = ORIENTED_EDGE('',*,*,#6294,.T.);
#6294 = EDGE_CURVE('',#6295,#6185,#6297,.T.);
#6295 = VERTEX_POINT('',#6296);
#6296 = CARTESIAN_POINT('',(-44.40496225572,39.85427611273,
    20.463618609839));
#6297 = SURFACE_CURVE('',#6298,(#6302,#6309),.PCURVE_S1.);
#6298 = LINE('',#6299,#6300);
#6299 = CARTESIAN_POINT('',(-44.40496225572,39.85427611273,
    20.463618609839));
#6300 = VECTOR('',#6301,1.);
#6301 = DIRECTION('',(0.741594513002,0.670366740218,-2.541676405186E-02)
  );
#6302 = PCURVE('',#6279,#6303);
#6303 = DEFINITIONAL_REPRESENTATION('',(#6304),#6308);
#6304 = LINE('',#6305,#6306);
#6305 = CARTESIAN_POINT('',(0.,0.));
#6306 = VECTOR('',#6307,1.);
#6307 = DIRECTION('',(0.999676937004,2.541695540819E-02));
#6308 = ( GEOMETRIC_REPRESENTATION_CONTEXT(2) 
PARAMETRIC_REPRESENTATION_CONTEXT() REPRESENTATION_CONTEXT('2D SPACE',''
  ) );
#6309 = PCURVE('',#6310,#6315);
#6310 = PLANE('',#6311);
#6311 = AXIS2_PLACEMENT_3D('',#6312,#6313,#6314);
#6312 = CARTESIAN_POINT('',(-44.31269008553,39.93768583712,
    20.460456153892));
#6313 = DIRECTION('',(0.648609155356,-0.706820646672,0.282330899879));
#6314 = DIRECTION('',(-0.736795643753,-0.6761155074,-1.985745705478E-17)
  );
#6315 = DEFINITIONAL_REPRESENTATION('',(#6316),#6320);
#6316 = LINE('',#6317,#6318);
#6317 = CARTESIAN_POINT('',(0.124380341158,-3.296570037213E-03));
#6318 = VECTOR('',#6319,1.);
#6319 = DIRECTION('',(-0.999648955317,2.64946434713E-02));
#6320 = ( GEOMETRIC_REPRESENTATION_CONTEXT(2) 
PARAMETRIC_REPRESENTATION_CONTEXT() REPRESENTATION_CONTEXT('2D SPACE',''
  ) );
#6321 = ORIENTED_EDGE('',*,*,#6265,.F.);
#6322 = ORIENTED_EDGE('',*,*,#6323,.T.);
#6323 = EDGE_CURVE('',#3062,#6295,#6324,.T.);
#6324 = SURFACE_CURVE('',#6325,(#6329,#6336),.PCURVE_S1.);
#6325 = LINE('',#6326,#6327);
#6326 = CARTESIAN_POINT('',(-44.43448165323,39.86559769228,
    13.198259200011));
#6327 = VECTOR('',#6328,1.);
#6328 = DIRECTION('',(4.062994870939E-03,-1.558281114127E-03,
    0.999990531872));
#6329 = PCURVE('',#6279,#6330);
#6330 = DEFINITIONAL_REPRESENTATION('',(#6331),#6335);
#6331 = LINE('',#6332,#6333);
#6332 = CARTESIAN_POINT('',(-1.430921617817E-02,7.265414108866));
#6333 = VECTOR('',#6334,1.);
#6334 = DIRECTION('',(1.969493852887E-03,-0.999998060545));
#6335 = ( GEOMETRIC_REPRESENTATION_CONTEXT(2) 
PARAMETRIC_REPRESENTATION_CONTEXT() REPRESENTATION_CONTEXT('2D SPACE',''
  ) );
#6336 = PCURVE('',#6337,#6342);
#6337 = PLANE('',#6338);
#6338 = AXIS2_PLACEMENT_3D('',#6339,#6340,#6341);
#6339 = CARTESIAN_POINT('',(-44.46292710513,39.792213655611,
    20.441408876288));
#6340 = DIRECTION('',(-0.731534814559,0.681792150447,4.034684232176E-03)
  );
#6341 = DIRECTION('',(-0.681797699852,-0.731540768841,6.746219793488E-20
    ));
#6342 = DEFINITIONAL_REPRESENTATION('',(#6343),#6347);
#6343 = LINE('',#6344,#6345);
#6344 = CARTESIAN_POINT('',(-7.307745828134E-02,-7.243208631443));
#6345 = VECTOR('',#6346,1.);
#6346 = DIRECTION('',(-1.630194393219E-03,0.999998671232));
#6347 = ( GEOMETRIC_REPRESENTATION_CONTEXT(2) 
PARAMETRIC_REPRESENTATION_CONTEXT() REPRESENTATION_CONTEXT('2D SPACE',''
  ) );
#6348 = ADVANCED_FACE('',(#6349),#6337,.T.);
#6349 = FACE_BOUND('',#6350,.T.);
#6350 = EDGE_LOOP('',(#6351,#6374,#6375));
#6351 = ORIENTED_EDGE('',*,*,#6352,.T.);
#6352 = EDGE_CURVE('',#6353,#6295,#6355,.T.);
#6353 = VERTEX_POINT('',#6354);
#6354 = CARTESIAN_POINT('',(-44.46292710513,39.792213655611,
    20.441408876288));
#6355 = SURFACE_CURVE('',#6356,(#6360,#6367),.PCURVE_S1.);
#6356 = LINE('',#6357,#6358);
#6357 = CARTESIAN_POINT('',(-44.46292710513,39.792213655611,
    20.441408876288));
#6358 = VECTOR('',#6359,1.);
#6359 = DIRECTION('',(0.66035877206,0.707040359672,0.25302217681));
#6360 = PCURVE('',#6337,#6361);
#6361 = DEFINITIONAL_REPRESENTATION('',(#6362),#6366);
#6362 = LINE('',#6363,#6364);
#6363 = CARTESIAN_POINT('',(0.,0.));
#6364 = VECTOR('',#6365,1.);
#6365 = DIRECTION('',(-0.967459940184,0.253024236269));
#6366 = ( GEOMETRIC_REPRESENTATION_CONTEXT(2) 
PARAMETRIC_REPRESENTATION_CONTEXT() REPRESENTATION_CONTEXT('2D SPACE',''
  ) );
#6367 = PCURVE('',#6310,#6368);
#6368 = DEFINITIONAL_REPRESENTATION('',(#6369),#6373);
#6369 = LINE('',#6370,#6371);
#6370 = CARTESIAN_POINT('',(0.20904997938,1.985503851708E-02));
#6371 = VECTOR('',#6372,1.);
#6372 = DIRECTION('',(-0.9645904181,-0.263752393941));
#6373 = ( GEOMETRIC_REPRESENTATION_CONTEXT(2) 
PARAMETRIC_REPRESENTATION_CONTEXT() REPRESENTATION_CONTEXT('2D SPACE',''
  ) );
#6374 = ORIENTED_EDGE('',*,*,#6323,.F.);
#6375 = ORIENTED_EDGE('',*,*,#6376,.F.);
#6376 = EDGE_CURVE('',#6353,#3062,#6377,.T.);
#6377 = SURFACE_CURVE('',#6378,(#6382,#6389),.PCURVE_S1.);
#6378 = LINE('',#6379,#6380);
#6379 = CARTESIAN_POINT('',(-44.46292710513,39.792213655611,
    20.441408876288));
#6380 = VECTOR('',#6381,1.);
#6381 = DIRECTION('',(3.926989504993E-03,1.013091101058E-02,
    -0.999940969955));
#6382 = PCURVE('',#6337,#6383);
#6383 = DEFINITIONAL_REPRESENTATION('',(#6384),#6388);
#6384 = LINE('',#6385,#6386);
#6385 = CARTESIAN_POINT('',(0.,0.));
#6386 = VECTOR('',#6387,1.);
#6387 = DIRECTION('',(-1.008858684159E-02,-0.999949108913));
#6388 = ( GEOMETRIC_REPRESENTATION_CONTEXT(2) 
PARAMETRIC_REPRESENTATION_CONTEXT() REPRESENTATION_CONTEXT('2D SPACE',''
  ) );
#6389 = PCURVE('',#3104,#6390);
#6390 = DEFINITIONAL_REPRESENTATION('',(#6391),#6395);
#6391 = LINE('',#6392,#6393);
#6392 = CARTESIAN_POINT('',(-0.,0.));
#6393 = VECTOR('',#6394,1.);
#6394 = DIRECTION('',(-1.065781465177E-02,-0.999943203881));
#6395 = ( GEOMETRIC_REPRESENTATION_CONTEXT(2) 
PARAMETRIC_REPRESENTATION_CONTEXT() REPRESENTATION_CONTEXT('2D SPACE',''
  ) );
#6396 = ADVANCED_FACE('',(#6397),#3104,.T.);
#6397 = FACE_BOUND('',#6398,.T.);
#6398 = EDGE_LOOP('',(#6399,#6400,#6401));
#6399 = ORIENTED_EDGE('',*,*,#6376,.T.);
#6400 = ORIENTED_EDGE('',*,*,#3090,.F.);
#6401 = ORIENTED_EDGE('',*,*,#6402,.T.);
#6402 = EDGE_CURVE('',#2946,#6353,#6403,.T.);
#6403 = SURFACE_CURVE('',#6404,(#6408,#6415),.PCURVE_S1.);
#6404 = LINE('',#6405,#6406);
#6405 = CARTESIAN_POINT('',(-44.47086871186,39.808122291121,
    13.236166931874));
#6406 = VECTOR('',#6407,1.);
#6407 = DIRECTION('',(1.102195125592E-03,-2.20791851167E-03,
    0.999996955126));
#6408 = PCURVE('',#3104,#6409);
#6409 = DEFINITIONAL_REPRESENTATION('',(#6410),#6414);
#6410 = LINE('',#6411,#6412);
#6411 = CARTESIAN_POINT('',(-9.175463344036E-03,-7.205258041334));
#6412 = VECTOR('',#6413,1.);
#6413 = DIRECTION('',(1.273438904161E-03,0.999999189176));
#6414 = ( GEOMETRIC_REPRESENTATION_CONTEXT(2) 
PARAMETRIC_REPRESENTATION_CONTEXT() REPRESENTATION_CONTEXT('2D SPACE',''
  ) );
#6415 = PCURVE('',#6416,#6421);
#6416 = PLANE('',#6417);
#6417 = AXIS2_PLACEMENT_3D('',#6418,#6419,#6420);
#6418 = CARTESIAN_POINT('',(-44.47086871186,39.808122291121,
    13.236166931874));
#6419 = DIRECTION('',(0.828959315233,-0.55930478032,-2.148580836855E-03)
  );
#6420 = DIRECTION('',(0.559306071312,0.828961228643,1.218069884929E-19)
  );
#6421 = DEFINITIONAL_REPRESENTATION('',(#6422),#6426);
#6422 = LINE('',#6423,#6424);
#6423 = CARTESIAN_POINT('',(0.,0.));
#6424 = VECTOR('',#6425,1.);
#6425 = DIRECTION('',(-1.213814416664E-03,0.999999263327));
#6426 = ( GEOMETRIC_REPRESENTATION_CONTEXT(2) 
PARAMETRIC_REPRESENTATION_CONTEXT() REPRESENTATION_CONTEXT('2D SPACE',''
  ) );
#6427 = ADVANCED_FACE('',(#6428),#6416,.F.);
#6428 = FACE_BOUND('',#6429,.F.);
#6429 = EDGE_LOOP('',(#6430,#6431,#6459));
#6430 = ORIENTED_EDGE('',*,*,#6402,.T.);
#6431 = ORIENTED_EDGE('',*,*,#6432,.F.);
#6432 = EDGE_CURVE('',#6433,#6353,#6435,.T.);
#6433 = VERTEX_POINT('',#6434);
#6434 = CARTESIAN_POINT('',(-44.52773212469,39.69615108989,
    20.444912387541));
#6435 = SURFACE_CURVE('',#6436,(#6440,#6447),.PCURVE_S1.);
#6436 = LINE('',#6437,#6438);
#6437 = CARTESIAN_POINT('',(-44.52773212469,39.69615108989,
    20.444912387541));
#6438 = VECTOR('',#6439,1.);
#6439 = DIRECTION('',(0.558996781799,0.82861891643,-3.022067624979E-02)
  );
#6440 = PCURVE('',#6416,#6441);
#6441 = DEFINITIONAL_REPRESENTATION('',(#6442),#6446);
#6442 = LINE('',#6443,#6444);
#6443 = CARTESIAN_POINT('',(-0.124623836577,7.208762094949));
#6444 = VECTOR('',#6445,1.);
#6445 = DIRECTION('',(0.999543248945,-3.022074600539E-02));
#6446 = ( GEOMETRIC_REPRESENTATION_CONTEXT(2) 
PARAMETRIC_REPRESENTATION_CONTEXT() REPRESENTATION_CONTEXT('2D SPACE',''
  ) );
#6447 = PCURVE('',#6448,#6453);
#6448 = PLANE('',#6449);
#6449 = AXIS2_PLACEMENT_3D('',#6450,#6451,#6452);
#6450 = CARTESIAN_POINT('',(-42.63659835961,39.96397715902,
    20.441022579687));
#6451 = DIRECTION('',(-3.433976679261E-03,3.876012205632E-02,
    0.999242643577));
#6452 = DIRECTION('',(-2.730094004709E-22,0.999248535261,
    -3.876035059181E-02));
#6453 = DEFINITIONAL_REPRESENTATION('',(#6454),#6458);
#6454 = LINE('',#6455,#6456);
#6455 = CARTESIAN_POINT('',(-0.267775577599,1.891144915487));
#6456 = VECTOR('',#6457,1.);
#6457 = DIRECTION('',(0.829167602539,-0.559000077728));
#6458 = ( GEOMETRIC_REPRESENTATION_CONTEXT(2) 
PARAMETRIC_REPRESENTATION_CONTEXT() REPRESENTATION_CONTEXT('2D SPACE',''
  ) );
#6459 = ORIENTED_EDGE('',*,*,#6460,.T.);
#6460 = EDGE_CURVE('',#6433,#2946,#6461,.T.);
#6461 = SURFACE_CURVE('',#6462,(#6466,#6473),.PCURVE_S1.);
#6462 = LINE('',#6463,#6464);
#6463 = CARTESIAN_POINT('',(-44.52773212469,39.69615108989,
    20.444912387541));
#6464 = VECTOR('',#6465,1.);
#6465 = DIRECTION('',(7.886918257493E-03,1.55303325517E-02,
    -0.999848291138));
#6466 = PCURVE('',#6416,#6467);
#6467 = DEFINITIONAL_REPRESENTATION('',(#6468),#6472);
#6468 = LINE('',#6469,#6470);
#6469 = CARTESIAN_POINT('',(-0.124623836577,7.208762094949));
#6470 = VECTOR('',#6471,1.);
#6471 = DIRECTION('',(1.728524481865E-02,-0.999850598995));
#6472 = ( GEOMETRIC_REPRESENTATION_CONTEXT(2) 
PARAMETRIC_REPRESENTATION_CONTEXT() REPRESENTATION_CONTEXT('2D SPACE',''
  ) );
#6473 = PCURVE('',#2988,#6474);
#6474 = DEFINITIONAL_REPRESENTATION('',(#6475),#6479);
#6475 = LINE('',#6476,#6477);
#6476 = CARTESIAN_POINT('',(0.,0.));
#6477 = VECTOR('',#6478,1.);
#6478 = DIRECTION('',(-1.735440186647E-02,-0.999849401028));
#6479 = ( GEOMETRIC_REPRESENTATION_CONTEXT(2) 
PARAMETRIC_REPRESENTATION_CONTEXT() REPRESENTATION_CONTEXT('2D SPACE',''
  ) );
#6480 = ADVANCED_FACE('',(#6481),#2988,.T.);
#6481 = FACE_BOUND('',#6482,.T.);
#6482 = EDGE_LOOP('',(#6483,#6484,#6485));
#6483 = ORIENTED_EDGE('',*,*,#6460,.T.);
#6484 = ORIENTED_EDGE('',*,*,#2974,.F.);
#6485 = ORIENTED_EDGE('',*,*,#6486,.F.);
#6486 = EDGE_CURVE('',#6433,#2830,#6487,.T.);
#6487 = SURFACE_CURVE('',#6488,(#6492,#6499),.PCURVE_S1.);
#6488 = LINE('',#6489,#6490);
#6489 = CARTESIAN_POINT('',(-44.52773212469,39.69615108989,
    20.444912387541));
#6490 = VECTOR('',#6491,1.);
#6491 = DIRECTION('',(1.574709613474E-03,-8.037711791629E-05,
    -0.999998756914));
#6492 = PCURVE('',#2988,#6493);
#6493 = DEFINITIONAL_REPRESENTATION('',(#6494),#6498);
#6494 = LINE('',#6495,#6496);
#6495 = CARTESIAN_POINT('',(0.,0.));
#6496 = VECTOR('',#6497,1.);
#6497 = DIRECTION('',(-5.158082700787E-04,-0.999999866971));
#6498 = ( GEOMETRIC_REPRESENTATION_CONTEXT(2) 
PARAMETRIC_REPRESENTATION_CONTEXT() REPRESENTATION_CONTEXT('2D SPACE',''
  ) );
#6499 = PCURVE('',#6500,#6505);
#6500 = PLANE('',#6501);
#6501 = AXIS2_PLACEMENT_3D('',#6502,#6503,#6504);
#6502 = CARTESIAN_POINT('',(-44.54360235141,39.560806080356,
    20.4755627485));
#6503 = DIRECTION('',(-0.993235342358,0.116108049374,-1.573391628291E-03
    ));
#6504 = DIRECTION('',(-0.116108193091,-0.993236571768,
    -2.035608653783E-20));
#6505 = DEFINITIONAL_REPRESENTATION('',(#6506),#6510);
#6506 = LINE('',#6507,#6508);
#6507 = CARTESIAN_POINT('',(-0.136272276624,-3.065039889734E-02));
#6508 = VECTOR('',#6509,1.);
#6509 = DIRECTION('',(-1.030031948152E-04,-0.999999994695));
#6510 = ( GEOMETRIC_REPRESENTATION_CONTEXT(2) 
PARAMETRIC_REPRESENTATION_CONTEXT() REPRESENTATION_CONTEXT('2D SPACE',''
  ) );
#6511 = ADVANCED_FACE('',(#6512),#6500,.T.);
#6512 = FACE_BOUND('',#6513,.T.);
#6513 = EDGE_LOOP('',(#6514,#6542,#6543));
#6514 = ORIENTED_EDGE('',*,*,#6515,.T.);
#6515 = EDGE_CURVE('',#6516,#6433,#6518,.T.);
#6516 = VERTEX_POINT('',#6517);
#6517 = CARTESIAN_POINT('',(-44.54360235141,39.560806080356,
    20.4755627485));
#6518 = SURFACE_CURVE('',#6519,(#6523,#6530),.PCURVE_S1.);
#6519 = LINE('',#6520,#6521);
#6520 = CARTESIAN_POINT('',(-44.54360235141,39.560806080356,
    20.4755627485));
#6521 = VECTOR('',#6522,1.);
#6522 = DIRECTION('',(0.113621146549,0.968987742458,-0.219437895593));
#6523 = PCURVE('',#6500,#6524);
#6524 = DEFINITIONAL_REPRESENTATION('',(#6525),#6529);
#6525 = LINE('',#6526,#6527);
#6526 = CARTESIAN_POINT('',(-0.,0.));
#6527 = VECTOR('',#6528,1.);
#6528 = DIRECTION('',(-0.975626409427,-0.219438167209));
#6529 = ( GEOMETRIC_REPRESENTATION_CONTEXT(2) 
PARAMETRIC_REPRESENTATION_CONTEXT() REPRESENTATION_CONTEXT('2D SPACE',''
  ) );
#6530 = PCURVE('',#6531,#6536);
#6531 = PLANE('',#6532);
#6532 = AXIS2_PLACEMENT_3D('',#6533,#6534,#6535);
#6533 = CARTESIAN_POINT('',(-42.46952949157,39.858394372538,
    20.411206484479));
#6534 = DIRECTION('',(-1.451946246945E-03,0.221029915616,0.97526594745)
  );
#6535 = DIRECTION('',(4.311783336644E-20,0.975266975454,-0.221030148599)
  );
#6536 = DEFINITIONAL_REPRESENTATION('',(#6537),#6541);
#6537 = LINE('',#6538,#6539);
#6538 = CARTESIAN_POINT('',(-0.304452708246,2.074075046072));
#6539 = VECTOR('',#6540,1.);
#6540 = DIRECTION('',(0.99352413551,-0.113621266315));
#6541 = ( GEOMETRIC_REPRESENTATION_CONTEXT(2) 
PARAMETRIC_REPRESENTATION_CONTEXT() REPRESENTATION_CONTEXT('2D SPACE',''
  ) );
#6542 = ORIENTED_EDGE('',*,*,#6486,.T.);
#6543 = ORIENTED_EDGE('',*,*,#6544,.F.);
#6544 = EDGE_CURVE('',#6516,#2830,#6545,.T.);
#6545 = SURFACE_CURVE('',#6546,(#6550,#6557),.PCURVE_S1.);
#6546 = LINE('',#6547,#6548);
#6547 = CARTESIAN_POINT('',(-44.54360235141,39.560806080356,
    20.4755627485));
#6548 = VECTOR('',#6549,1.);
#6549 = DIRECTION('',(3.757411370996E-03,1.859376044698E-02,
    -0.999820060777));
#6550 = PCURVE('',#6500,#6551);
#6551 = DEFINITIONAL_REPRESENTATION('',(#6552),#6556);
#6552 = LINE('',#6553,#6554);
#6553 = CARTESIAN_POINT('',(-0.,0.));
#6554 = VECTOR('',#6555,1.);
#6555 = DIRECTION('',(-1.890426912762E-02,-0.999821298337));
#6556 = ( GEOMETRIC_REPRESENTATION_CONTEXT(2) 
PARAMETRIC_REPRESENTATION_CONTEXT() REPRESENTATION_CONTEXT('2D SPACE',''
  ) );
#6557 = PCURVE('',#2872,#6558);
#6558 = DEFINITIONAL_REPRESENTATION('',(#6559),#6563);
#6559 = LINE('',#6560,#6561);
#6560 = CARTESIAN_POINT('',(-0.,0.));
#6561 = VECTOR('',#6562,1.);
#6562 = DIRECTION('',(-1.893389797594E-02,-0.999820737686));
#6563 = ( GEOMETRIC_REPRESENTATION_CONTEXT(2) 
PARAMETRIC_REPRESENTATION_CONTEXT() REPRESENTATION_CONTEXT('2D SPACE',''
  ) );
#6564 = ADVANCED_FACE('',(#6565),#2872,.T.);
#6565 = FACE_BOUND('',#6566,.T.);
#6566 = EDGE_LOOP('',(#6567,#6568,#6569));
#6567 = ORIENTED_EDGE('',*,*,#6544,.T.);
#6568 = ORIENTED_EDGE('',*,*,#2858,.F.);
#6569 = ORIENTED_EDGE('',*,*,#6570,.T.);
#6570 = EDGE_CURVE('',#2714,#6516,#6571,.T.);
#6571 = SURFACE_CURVE('',#6572,(#6576,#6583),.PCURVE_S1.);
#6572 = LINE('',#6573,#6574);
#6573 = CARTESIAN_POINT('',(-44.55828277456,39.538575157921,
    13.211661038889));
#6574 = VECTOR('',#6575,1.);
#6575 = DIRECTION('',(2.020997118292E-03,3.060445172897E-03,0.9999932746
    ));
#6576 = PCURVE('',#2872,#6577);
#6577 = DEFINITIONAL_REPRESENTATION('',(#6578),#6582);
#6578 = LINE('',#6579,#6580);
#6579 = CARTESIAN_POINT('',(2.52642558106E-02,-7.263906627498));
#6580 = VECTOR('',#6581,1.);
#6581 = DIRECTION('',(-3.478032455334E-03,0.999993951627));
#6582 = ( GEOMETRIC_REPRESENTATION_CONTEXT(2) 
PARAMETRIC_REPRESENTATION_CONTEXT() REPRESENTATION_CONTEXT('2D SPACE',''
  ) );
#6583 = PCURVE('',#2756,#6584);
#6584 = DEFINITIONAL_REPRESENTATION('',(#6585),#6589);
#6585 = LINE('',#6586,#6587);
#6586 = CARTESIAN_POINT('',(2.572742449126E-02,-7.263905001806));
#6587 = VECTOR('',#6588,1.);
#6588 = DIRECTION('',(-3.541795097531E-03,0.999993727824));
#6589 = ( GEOMETRIC_REPRESENTATION_CONTEXT(2) 
PARAMETRIC_REPRESENTATION_CONTEXT() REPRESENTATION_CONTEXT('2D SPACE',''
  ) );
#6590 = ADVANCED_FACE('',(#6591),#2756,.T.);
#6591 = FACE_BOUND('',#6592,.T.);
#6592 = EDGE_LOOP('',(#6593,#6594,#6595));
#6593 = ORIENTED_EDGE('',*,*,#6570,.F.);
#6594 = ORIENTED_EDGE('',*,*,#2742,.F.);
#6595 = ORIENTED_EDGE('',*,*,#6596,.T.);
#6596 = EDGE_CURVE('',#2599,#6516,#6597,.T.);
#6597 = SURFACE_CURVE('',#6598,(#6602,#6609),.PCURVE_S1.);
#6598 = LINE('',#6599,#6600);
#6599 = CARTESIAN_POINT('',(-44.59847963816,39.417704311383,
    13.207155489578));
#6600 = VECTOR('',#6601,1.);
#6601 = DIRECTION('',(7.548433769857E-03,1.968381254497E-02,
    0.99977775964));
#6602 = PCURVE('',#2756,#6603);
#6603 = DEFINITIONAL_REPRESENTATION('',(#6604),#6608);
#6604 = LINE('',#6605,#6606);
#6605 = CARTESIAN_POINT('',(0.153106972959,-7.268410553158));
#6606 = VECTOR('',#6607,1.);
#6607 = DIRECTION('',(-2.1060039835E-02,0.999778212766));
#6608 = ( GEOMETRIC_REPRESENTATION_CONTEXT(2) 
PARAMETRIC_REPRESENTATION_CONTEXT() REPRESENTATION_CONTEXT('2D SPACE',''
  ) );
#6609 = PCURVE('',#6610,#6615);
#6610 = PLANE('',#6611);
#6611 = AXIS2_PLACEMENT_3D('',#6612,#6613,#6614);
#6612 = CARTESIAN_POINT('',(-44.56678417433,39.447069751455,
    20.450461468294));
#6613 = DIRECTION('',(-0.979998262165,0.198975587506,3.481627569187E-03)
  );
#6614 = DIRECTION('',(-0.198976793482,-0.980004201856,3.106439418087E-21
    ));
#6615 = DEFINITIONAL_REPRESENTATION('',(#6616),#6620);
#6616 = LINE('',#6617,#6618);
#6617 = CARTESIAN_POINT('',(3.508491642207E-02,-7.243349879816));
#6618 = VECTOR('',#6619,1.);
#6619 = DIRECTION('',(-2.079218214996E-02,0.999783819214));
#6620 = ( GEOMETRIC_REPRESENTATION_CONTEXT(2) 
PARAMETRIC_REPRESENTATION_CONTEXT() REPRESENTATION_CONTEXT('2D SPACE',''
  ) );
#6621 = ADVANCED_FACE('',(#6622),#6610,.T.);
#6622 = FACE_BOUND('',#6623,.T.);
#6623 = EDGE_LOOP('',(#6624,#6652,#6653));
#6624 = ORIENTED_EDGE('',*,*,#6625,.T.);
#6625 = EDGE_CURVE('',#6626,#6516,#6628,.T.);
#6626 = VERTEX_POINT('',#6627);
#6627 = CARTESIAN_POINT('',(-44.56678417433,39.447069751455,
    20.450461468294));
#6628 = SURFACE_CURVE('',#6629,(#6633,#6640),.PCURVE_S1.);
#6629 = LINE('',#6630,#6631);
#6630 = CARTESIAN_POINT('',(-44.56678417433,39.447069751455,
    20.450461468294));
#6631 = VECTOR('',#6632,1.);
#6632 = DIRECTION('',(0.195202469419,0.95771641182,0.211365253682));
#6633 = PCURVE('',#6610,#6634);
#6634 = DEFINITIONAL_REPRESENTATION('',(#6635),#6639);
#6635 = LINE('',#6636,#6637);
#6636 = CARTESIAN_POINT('',(0.,0.));
#6637 = VECTOR('',#6638,1.);
#6638 = DIRECTION('',(-0.977406869215,0.21136653475));
#6639 = ( GEOMETRIC_REPRESENTATION_CONTEXT(2) 
PARAMETRIC_REPRESENTATION_CONTEXT() REPRESENTATION_CONTEXT('2D SPACE',''
  ) );
#6640 = PCURVE('',#6641,#6646);
#6641 = PLANE('',#6642);
#6642 = AXIS2_PLACEMENT_3D('',#6643,#6644,#6645);
#6643 = CARTESIAN_POINT('',(-42.46952949157,39.858394372538,
    20.411206484479));
#6644 = DIRECTION('',(6.276252995293E-02,-0.22726748287,0.971807777322)
  );
#6645 = DIRECTION('',(-1.206348382071E-18,0.973727491794,0.227716428315)
  );
#6646 = DEFINITIONAL_REPRESENTATION('',(#6647),#6651);
#6647 = LINE('',#6648,#6649);
#6648 = CARTESIAN_POINT('',(-0.391579086893,2.101397611289));
#6649 = VECTOR('',#6650,1.);
#6650 = DIRECTION('',(0.980686140169,-0.195588073459));
#6651 = ( GEOMETRIC_REPRESENTATION_CONTEXT(2) 
PARAMETRIC_REPRESENTATION_CONTEXT() REPRESENTATION_CONTEXT('2D SPACE',''
  ) );
#6652 = ORIENTED_EDGE('',*,*,#6596,.F.);
#6653 = ORIENTED_EDGE('',*,*,#6654,.T.);
#6654 = EDGE_CURVE('',#2599,#6626,#6655,.T.);
#6655 = SURFACE_CURVE('',#6656,(#6660,#6667),.PCURVE_S1.);
#6656 = LINE('',#6657,#6658);
#6657 = CARTESIAN_POINT('',(-44.59847963816,39.417704311383,
    13.207155489578));
#6658 = VECTOR('',#6659,1.);
#6659 = DIRECTION('',(4.37575052318E-03,4.054076647105E-03,
    0.999982208477));
#6660 = PCURVE('',#6610,#6661);
#6661 = DEFINITIONAL_REPRESENTATION('',(#6662),#6666);
#6662 = LINE('',#6663,#6664);
#6663 = CARTESIAN_POINT('',(3.508491642207E-02,-7.243349879816));
#6664 = VECTOR('',#6665,1.);
#6665 = DIRECTION('',(-4.843684956987E-03,0.999988269289));
#6666 = ( GEOMETRIC_REPRESENTATION_CONTEXT(2) 
PARAMETRIC_REPRESENTATION_CONTEXT() REPRESENTATION_CONTEXT('2D SPACE',''
  ) );
#6667 = PCURVE('',#6668,#6673);
#6668 = PLANE('',#6669);
#6669 = AXIS2_PLACEMENT_3D('',#6670,#6671,#6672);
#6670 = CARTESIAN_POINT('',(-44.592056941,39.311395736537,20.43900812617
    ));
#6671 = DIRECTION('',(-0.983137356825,0.182833963717,3.560804253011E-03)
  );
#6672 = DIRECTION('',(-0.182835122834,-0.983143589644,
    -2.337568409796E-20));
#6673 = DEFINITIONAL_REPRESENTATION('',(#6674),#6678);
#6674 = LINE('',#6675,#6676);
#6675 = CARTESIAN_POINT('',(-0.103342299259,-7.23189848454));
#6676 = VECTOR('',#6677,1.);
#6677 = DIRECTION('',(-4.785780351924E-03,0.999988548088));
#6678 = ( GEOMETRIC_REPRESENTATION_CONTEXT(2) 
PARAMETRIC_REPRESENTATION_CONTEXT() REPRESENTATION_CONTEXT('2D SPACE',''
  ) );
#6679 = ADVANCED_FACE('',(#6680),#6668,.T.);
#6680 = FACE_BOUND('',#6681,.T.);
#6681 = EDGE_LOOP('',(#6682,#6710,#6711));
#6682 = ORIENTED_EDGE('',*,*,#6683,.T.);
#6683 = EDGE_CURVE('',#6684,#6626,#6686,.T.);
#6684 = VERTEX_POINT('',#6685);
#6685 = CARTESIAN_POINT('',(-44.592056941,39.311395736537,20.43900812617
    ));
#6686 = SURFACE_CURVE('',#6687,(#6691,#6698),.PCURVE_S1.);
#6687 = LINE('',#6688,#6689);
#6688 = CARTESIAN_POINT('',(-44.592056941,39.311395736537,20.43900812617
    ));
#6689 = VECTOR('',#6690,1.);
#6690 = DIRECTION('',(0.182498254878,0.979721423912,8.270621799089E-02)
  );
#6691 = PCURVE('',#6668,#6692);
#6692 = DEFINITIONAL_REPRESENTATION('',(#6693),#6697);
#6693 = LINE('',#6694,#6695);
#6694 = CARTESIAN_POINT('',(-0.,0.));
#6695 = VECTOR('',#6696,1.);
#6696 = DIRECTION('',(-0.996573928404,8.270674232546E-02));
#6697 = ( GEOMETRIC_REPRESENTATION_CONTEXT(2) 
PARAMETRIC_REPRESENTATION_CONTEXT() REPRESENTATION_CONTEXT('2D SPACE',''
  ) );
#6698 = PCURVE('',#6699,#6704);
#6699 = PLANE('',#6700);
#6700 = AXIS2_PLACEMENT_3D('',#6701,#6702,#6703);
#6701 = CARTESIAN_POINT('',(-42.46952949157,39.858394372538,
    20.411206484479));
#6702 = DIRECTION('',(3.643572868484E-02,-9.080017973535E-02,
    0.99520237391));
#6703 = DIRECTION('',(-4.829167978777E-19,0.995863628964,
    9.086051126125E-02));
#6704 = DEFINITIONAL_REPRESENTATION('',(#6705),#6709);
#6705 = LINE('',#6706,#6707);
#6706 = CARTESIAN_POINT('',(-0.542209975308,2.123937747524));
#6707 = VECTOR('',#6708,1.);
#6708 = DIRECTION('',(0.983183661842,-0.182619514529));
#6709 = ( GEOMETRIC_REPRESENTATION_CONTEXT(2) 
PARAMETRIC_REPRESENTATION_CONTEXT() REPRESENTATION_CONTEXT('2D SPACE',''
  ) );
#6710 = ORIENTED_EDGE('',*,*,#6654,.F.);
#6711 = ORIENTED_EDGE('',*,*,#6712,.T.);
#6712 = EDGE_CURVE('',#2599,#6684,#6713,.T.);
#6713 = SURFACE_CURVE('',#6714,(#6718,#6725),.PCURVE_S1.);
#6714 = LINE('',#6715,#6716);
#6715 = CARTESIAN_POINT('',(-44.59847963816,39.417704311383,
    13.207155489578));
#6716 = VECTOR('',#6717,1.);
#6717 = DIRECTION('',(8.880159923253E-04,-1.469845334976E-02,
    0.999891577571));
#6718 = PCURVE('',#6668,#6719);
#6719 = DEFINITIONAL_REPRESENTATION('',(#6720),#6724);
#6720 = LINE('',#6721,#6722);
#6721 = CARTESIAN_POINT('',(-0.103342299259,-7.23189848454));
#6722 = VECTOR('',#6723,1.);
#6723 = DIRECTION('',(1.428832967546E-02,0.999897916607));
#6724 = ( GEOMETRIC_REPRESENTATION_CONTEXT(2) 
PARAMETRIC_REPRESENTATION_CONTEXT() REPRESENTATION_CONTEXT('2D SPACE',''
  ) );
#6725 = PCURVE('',#2640,#6726);
#6726 = DEFINITIONAL_REPRESENTATION('',(#6727),#6731);
#6727 = LINE('',#6728,#6729);
#6728 = CARTESIAN_POINT('',(-7.976592132063E-02,-7.232196949704));
#6729 = VECTOR('',#6730,1.);
#6730 = DIRECTION('',(1.102860870009E-02,0.999939183046));
#6731 = ( GEOMETRIC_REPRESENTATION_CONTEXT(2) 
PARAMETRIC_REPRESENTATION_CONTEXT() REPRESENTATION_CONTEXT('2D SPACE',''
  ) );
#6732 = ADVANCED_FACE('',(#6733),#2640,.T.);
#6733 = FACE_BOUND('',#6734,.T.);
#6734 = EDGE_LOOP('',(#6735,#6736,#6737));
#6735 = ORIENTED_EDGE('',*,*,#6712,.F.);
#6736 = ORIENTED_EDGE('',*,*,#2626,.F.);
#6737 = ORIENTED_EDGE('',*,*,#6738,.T.);
#6738 = EDGE_CURVE('',#2482,#6684,#6739,.T.);
#6739 = SURFACE_CURVE('',#6740,(#6744,#6751),.PCURVE_S1.);
#6740 = LINE('',#6741,#6742);
#6741 = CARTESIAN_POINT('',(-44.65011585744,39.351321590513,
    13.231912815129));
#6742 = VECTOR('',#6743,1.);
#6743 = DIRECTION('',(8.055414745638E-03,-5.539533505189E-03,
    0.999952210789));
#6744 = PCURVE('',#2640,#6745);
#6745 = DEFINITIONAL_REPRESENTATION('',(#6746),#6750);
#6746 = LINE('',#6747,#6748);
#6747 = CARTESIAN_POINT('',(4.334651839251E-03,-7.207438445441));
#6748 = VECTOR('',#6749,1.);
#6749 = DIRECTION('',(-6.01413537992E-04,0.999999819151));
#6750 = ( GEOMETRIC_REPRESENTATION_CONTEXT(2) 
PARAMETRIC_REPRESENTATION_CONTEXT() REPRESENTATION_CONTEXT('2D SPACE',''
  ) );
#6751 = PCURVE('',#6752,#6757);
#6752 = PLANE('',#6753);
#6753 = AXIS2_PLACEMENT_3D('',#6754,#6755,#6756);
#6754 = CARTESIAN_POINT('',(-44.60214935986,39.208394385424,
    20.465950794106));
#6755 = DIRECTION('',(-0.994977409814,9.973237261543E-02,
    8.567835968365E-03));
#6756 = DIRECTION('',(-9.973603338466E-02,-0.995013931382,
    1.663994075502E-19));
#6757 = DEFINITIONAL_REPRESENTATION('',(#6758),#6762);
#6758 = LINE('',#6759,#6760);
#6759 = CARTESIAN_POINT('',(-0.137430572033,-7.234303511051));
#6760 = VECTOR('',#6761,1.);
#6761 = DIRECTION('',(4.708497897024E-03,0.999988914962));
#6762 = ( GEOMETRIC_REPRESENTATION_CONTEXT(2) 
PARAMETRIC_REPRESENTATION_CONTEXT() REPRESENTATION_CONTEXT('2D SPACE',''
  ) );
#6763 = ADVANCED_FACE('',(#6764),#6752,.T.);
#6764 = FACE_BOUND('',#6765,.T.);
#6765 = EDGE_LOOP('',(#6766,#6794,#6795));
#6766 = ORIENTED_EDGE('',*,*,#6767,.T.);
#6767 = EDGE_CURVE('',#6768,#6684,#6770,.T.);
#6768 = VERTEX_POINT('',#6769);
#6769 = CARTESIAN_POINT('',(-44.60214935986,39.208394385424,
    20.465950794106));
#6770 = SURFACE_CURVE('',#6771,(#6775,#6782),.PCURVE_S1.);
#6771 = LINE('',#6772,#6773);
#6772 = CARTESIAN_POINT('',(-44.60214935986,39.208394385424,
    20.465950794106));
#6773 = VECTOR('',#6774,1.);
#6774 = DIRECTION('',(9.437096516582E-02,0.963132531354,-0.251932228945)
  );
#6775 = PCURVE('',#6752,#6776);
#6776 = DEFINITIONAL_REPRESENTATION('',(#6777),#6781);
#6777 = LINE('',#6778,#6779);
#6778 = CARTESIAN_POINT('',(0.,0.));
#6779 = VECTOR('',#6780,1.);
#6780 = DIRECTION('',(-0.967742472197,-0.251941476351));
#6781 = ( GEOMETRIC_REPRESENTATION_CONTEXT(2) 
PARAMETRIC_REPRESENTATION_CONTEXT() REPRESENTATION_CONTEXT('2D SPACE',''
  ) );
#6782 = PCURVE('',#6783,#6788);
#6783 = PLANE('',#6784);
#6784 = AXIS2_PLACEMENT_3D('',#6785,#6786,#6787);
#6785 = CARTESIAN_POINT('',(-42.46952949157,39.858394372538,
    20.411206484479));
#6786 = DIRECTION('',(-5.375544798533E-02,0.2576222639,0.964749252892));
#6787 = DIRECTION('',(-2.286091477294E-18,0.966146174045,-0.257995291388
    ));
#6788 = DEFINITIONAL_REPRESENTATION('',(#6789),#6793);
#6789 = LINE('',#6790,#6791);
#6790 = CARTESIAN_POINT('',(-0.642118774793,2.1357078228));
#6791 = VECTOR('',#6792,1.);
#6792 = DIRECTION('',(0.995524139083,-9.45076108249E-02));
#6793 = ( GEOMETRIC_REPRESENTATION_CONTEXT(2) 
PARAMETRIC_REPRESENTATION_CONTEXT() REPRESENTATION_CONTEXT('2D SPACE',''
  ) );
#6794 = ORIENTED_EDGE('',*,*,#6738,.F.);
#6795 = ORIENTED_EDGE('',*,*,#6796,.T.);
#6796 = EDGE_CURVE('',#2482,#6768,#6797,.T.);
#6797 = SURFACE_CURVE('',#6798,(#6802,#6809),.PCURVE_S1.);
#6798 = LINE('',#6799,#6800);
#6799 = CARTESIAN_POINT('',(-44.65011585744,39.351321590513,
    13.231912815129));
#6800 = VECTOR('',#6801,1.);
#6801 = DIRECTION('',(6.629227618636E-03,-1.975330748066E-02,
    0.999782906528));
#6802 = PCURVE('',#6752,#6803);
#6803 = DEFINITIONAL_REPRESENTATION('',(#6804),#6808);
#6804 = LINE('',#6805,#6806);
#6805 = CARTESIAN_POINT('',(-0.137430572033,-7.234303511051));
#6806 = VECTOR('',#6807,1.);
#6807 = DIRECTION('',(1.899364326705E-02,0.999819604486));
#6808 = ( GEOMETRIC_REPRESENTATION_CONTEXT(2) 
PARAMETRIC_REPRESENTATION_CONTEXT() REPRESENTATION_CONTEXT('2D SPACE',''
  ) );
#6809 = PCURVE('',#2524,#6810);
#6810 = DEFINITIONAL_REPRESENTATION('',(#6811),#6815);
#6811 = LINE('',#6812,#6813);
#6812 = CARTESIAN_POINT('',(-0.149746330249,-7.234059060355));
#6813 = VECTOR('',#6814,1.);
#6814 = DIRECTION('',(2.069574720697E-02,0.999785820087));
#6815 = ( GEOMETRIC_REPRESENTATION_CONTEXT(2) 
PARAMETRIC_REPRESENTATION_CONTEXT() REPRESENTATION_CONTEXT('2D SPACE',''
  ) );
#6816 = ADVANCED_FACE('',(#6817),#2524,.T.);
#6817 = FACE_BOUND('',#6818,.T.);
#6818 = EDGE_LOOP('',(#6819,#6820,#6821));
#6819 = ORIENTED_EDGE('',*,*,#6796,.F.);
#6820 = ORIENTED_EDGE('',*,*,#2510,.T.);
#6821 = ORIENTED_EDGE('',*,*,#6822,.T.);
#6822 = EDGE_CURVE('',#2366,#6768,#6823,.T.);
#6823 = SURFACE_CURVE('',#6824,(#6828,#6835),.PCURVE_S1.);
#6824 = LINE('',#6825,#6826);
#6825 = CARTESIAN_POINT('',(-44.62042675413,39.209823296536,
    13.179920606644));
#6826 = VECTOR('',#6827,1.);
#6827 = DIRECTION('',(2.508545248802E-03,-1.961159303356E-04,
    0.999996834365));
#6828 = PCURVE('',#2524,#6829);
#6829 = DEFINITIONAL_REPRESENTATION('',(#6830),#6834);
#6830 = LINE('',#6831,#6832);
#6831 = CARTESIAN_POINT('',(-5.166960011537E-03,-7.286051420355));
#6832 = VECTOR('',#6833,1.);
#6833 = DIRECTION('',(7.091575963707E-04,0.999999748548));
#6834 = ( GEOMETRIC_REPRESENTATION_CONTEXT(2) 
PARAMETRIC_REPRESENTATION_CONTEXT() REPRESENTATION_CONTEXT('2D SPACE',''
  ) );
#6835 = PCURVE('',#6836,#6841);
#6836 = PLANE('',#6837);
#6837 = AXIS2_PLACEMENT_3D('',#6838,#6839,#6840);
#6838 = CARTESIAN_POINT('',(-44.66161334167,39.101556688321,
    20.465568502506));
#6839 = DIRECTION('',(-0.873777299228,0.48632088136,2.287292405313E-03)
  );
#6840 = DIRECTION('',(-0.486322153509,-0.87377958491,-2.120976885714E-19
    ));
#6841 = DEFINITIONAL_REPRESENTATION('',(#6842),#6846);
#6842 = LINE('',#6843,#6844);
#6843 = CARTESIAN_POINT('',(-0.114631101936,-7.285666954122));
#6844 = VECTOR('',#6845,1.);
#6845 = DIRECTION('',(-1.048599031369E-03,0.99999945022));
#6846 = ( GEOMETRIC_REPRESENTATION_CONTEXT(2) 
PARAMETRIC_REPRESENTATION_CONTEXT() REPRESENTATION_CONTEXT('2D SPACE',''
  ) );
#6847 = ADVANCED_FACE('',(#6848),#6836,.T.);
#6848 = FACE_BOUND('',#6849,.T.);
#6849 = EDGE_LOOP('',(#6850,#6878,#6879));
#6850 = ORIENTED_EDGE('',*,*,#6851,.T.);
#6851 = EDGE_CURVE('',#6852,#6768,#6854,.T.);
#6852 = VERTEX_POINT('',#6853);
#6853 = CARTESIAN_POINT('',(-44.66161334167,39.101556688321,
    20.465568502506));
#6854 = SURFACE_CURVE('',#6855,(#6859,#6866),.PCURVE_S1.);
#6855 = LINE('',#6856,#6857);
#6856 = CARTESIAN_POINT('',(-44.66161334167,39.101556688321,
    20.465568502506));
#6857 = VECTOR('',#6858,1.);
#6858 = DIRECTION('',(0.486326025231,0.873771836201,3.126570886974E-03)
  );
#6859 = PCURVE('',#6836,#6860);
#6860 = DEFINITIONAL_REPRESENTATION('',(#6861),#6865);
#6861 = LINE('',#6862,#6863);
#6862 = CARTESIAN_POINT('',(-0.,0.));
#6863 = VECTOR('',#6864,1.);
#6864 = DIRECTION('',(-0.99999511224,3.126579065657E-03));
#6865 = ( GEOMETRIC_REPRESENTATION_CONTEXT(2) 
PARAMETRIC_REPRESENTATION_CONTEXT() REPRESENTATION_CONTEXT('2D SPACE',''
  ) );
#6866 = PCURVE('',#6867,#6872);
#6867 = PLANE('',#6868);
#6868 = AXIS2_PLACEMENT_3D('',#6869,#6870,#6871);
#6869 = CARTESIAN_POINT('',(-42.31468387612,39.257895960876,
    20.450698359921));
#6870 = DIRECTION('',(6.827155803137E-03,-7.377940327853E-03,
    0.999949476694));
#6871 = DIRECTION('',(-3.861678146462E-21,0.999972781359,
    7.378112276971E-03));
#6872 = DEFINITIONAL_REPRESENTATION('',(#6873),#6877);
#6873 = LINE('',#6874,#6875);
#6874 = CARTESIAN_POINT('',(-0.15622530363,2.346984162722));
#6875 = VECTOR('',#6876,1.);
#6876 = DIRECTION('',(0.87377112151,-0.486337359469));
#6877 = ( GEOMETRIC_REPRESENTATION_CONTEXT(2) 
PARAMETRIC_REPRESENTATION_CONTEXT() REPRESENTATION_CONTEXT('2D SPACE',''
  ) );
#6878 = ORIENTED_EDGE('',*,*,#6822,.F.);
#6879 = ORIENTED_EDGE('',*,*,#6880,.F.);
#6880 = EDGE_CURVE('',#6852,#2366,#6881,.T.);
#6881 = SURFACE_CURVE('',#6882,(#6886,#6893),.PCURVE_S1.);
#6882 = LINE('',#6883,#6884);
#6883 = CARTESIAN_POINT('',(-44.66161334167,39.101556688321,
    20.465568502506));
#6884 = VECTOR('',#6885,1.);
#6885 = DIRECTION('',(5.652398173092E-03,1.485838023899E-02,
    -0.999873631481));
#6886 = PCURVE('',#6836,#6887);
#6887 = DEFINITIONAL_REPRESENTATION('',(#6888),#6892);
#6888 = LINE('',#6889,#6890);
#6889 = CARTESIAN_POINT('',(-0.,0.));
#6890 = VECTOR('',#6891,1.);
#6891 = DIRECTION('',(-1.573183576969E-02,-0.999876247014));
#6892 = ( GEOMETRIC_REPRESENTATION_CONTEXT(2) 
PARAMETRIC_REPRESENTATION_CONTEXT() REPRESENTATION_CONTEXT('2D SPACE',''
  ) );
#6893 = PCURVE('',#2408,#6894);
#6894 = DEFINITIONAL_REPRESENTATION('',(#6895),#6899);
#6895 = LINE('',#6896,#6897);
#6896 = CARTESIAN_POINT('',(0.,0.));
#6897 = VECTOR('',#6898,1.);
#6898 = DIRECTION('',(-1.458558114258E-02,-0.999893624754));
#6899 = ( GEOMETRIC_REPRESENTATION_CONTEXT(2) 
PARAMETRIC_REPRESENTATION_CONTEXT() REPRESENTATION_CONTEXT('2D SPACE',''
  ) );
#6900 = ADVANCED_FACE('',(#6901),#2408,.T.);
#6901 = FACE_BOUND('',#6902,.T.);
#6902 = EDGE_LOOP('',(#6903,#6904,#6905));
#6903 = ORIENTED_EDGE('',*,*,#6880,.T.);
#6904 = ORIENTED_EDGE('',*,*,#2394,.T.);
#6905 = ORIENTED_EDGE('',*,*,#6906,.F.);
#6906 = EDGE_CURVE('',#6852,#2250,#6907,.T.);
#6907 = SURFACE_CURVE('',#6908,(#6912,#6919),.PCURVE_S1.);
#6908 = LINE('',#6909,#6910);
#6909 = CARTESIAN_POINT('',(-44.66161334167,39.101556688321,
    20.465568502506));
#6910 = VECTOR('',#6911,1.);
#6911 = DIRECTION('',(6.341362726714E-03,-2.41338245011E-04,
    -0.999979864235));
#6912 = PCURVE('',#2408,#6913);
#6913 = DEFINITIONAL_REPRESENTATION('',(#6914),#6918);
#6914 = LINE('',#6915,#6916);
#6915 = CARTESIAN_POINT('',(0.,0.));
#6916 = VECTOR('',#6917,1.);
#6917 = DIRECTION('',(5.298470683841E-04,-0.999999859631));
#6918 = ( GEOMETRIC_REPRESENTATION_CONTEXT(2) 
PARAMETRIC_REPRESENTATION_CONTEXT() REPRESENTATION_CONTEXT('2D SPACE',''
  ) );
#6919 = PCURVE('',#2292,#6920);
#6920 = DEFINITIONAL_REPRESENTATION('',(#6921),#6925);
#6921 = LINE('',#6922,#6923);
#6922 = CARTESIAN_POINT('',(-0.,0.));
#6923 = VECTOR('',#6924,1.);
#6924 = DIRECTION('',(9.879454974248E-05,-0.99999999512));
#6925 = ( GEOMETRIC_REPRESENTATION_CONTEXT(2) 
PARAMETRIC_REPRESENTATION_CONTEXT() REPRESENTATION_CONTEXT('2D SPACE',''
  ) );
#6926 = ADVANCED_FACE('',(#6927),#2292,.T.);
#6927 = FACE_BOUND('',#6928,.T.);
#6928 = EDGE_LOOP('',(#6929,#6930,#6931));
#6929 = ORIENTED_EDGE('',*,*,#6906,.T.);
#6930 = ORIENTED_EDGE('',*,*,#2278,.F.);
#6931 = ORIENTED_EDGE('',*,*,#6932,.F.);
#6932 = EDGE_CURVE('',#6852,#2134,#6933,.T.);
#6933 = SURFACE_CURVE('',#6934,(#6938,#6945),.PCURVE_S1.);
#6934 = LINE('',#6935,#6936);
#6935 = CARTESIAN_POINT('',(-44.66161334167,39.101556688321,
    20.465568502506));
#6936 = VECTOR('',#6937,1.);
#6937 = DIRECTION('',(6.005699132802E-03,-1.514487248623E-02,
    -0.999867273399));
#6938 = PCURVE('',#2292,#6939);
#6939 = DEFINITIONAL_REPRESENTATION('',(#6940),#6944);
#6940 = LINE('',#6941,#6942);
#6941 = CARTESIAN_POINT('',(-0.,0.));
#6942 = VECTOR('',#6943,1.);
#6943 = DIRECTION('',(1.500610827211E-02,-0.999887402018));
#6944 = ( GEOMETRIC_REPRESENTATION_CONTEXT(2) 
PARAMETRIC_REPRESENTATION_CONTEXT() REPRESENTATION_CONTEXT('2D SPACE',''
  ) );
#6945 = PCURVE('',#6946,#6951);
#6946 = PLANE('',#6947);
#6947 = AXIS2_PLACEMENT_3D('',#6948,#6949,#6950);
#6948 = CARTESIAN_POINT('',(-44.6183251471,38.992394678628,
    13.25867249926));
#6949 = DIRECTION('',(0.925161883045,0.379572724465,-1.923621241459E-04)
  );
#6950 = DIRECTION('',(-0.379572731488,0.925161900162,9.539825075083E-21)
  );
#6951 = DEFINITIONAL_REPRESENTATION('',(#6952),#6956);
#6952 = LINE('',#6953,#6954);
#6953 = CARTESIAN_POINT('',(0.117423550568,7.206896136585));
#6954 = VECTOR('',#6955,1.);
#6955 = DIRECTION('',(-1.62910586314E-02,-0.999867291899));
#6956 = ( GEOMETRIC_REPRESENTATION_CONTEXT(2) 
PARAMETRIC_REPRESENTATION_CONTEXT() REPRESENTATION_CONTEXT('2D SPACE',''
  ) );
#6957 = ADVANCED_FACE('',(#6958),#6946,.F.);
#6958 = FACE_BOUND('',#6959,.F.);
#6959 = EDGE_LOOP('',(#6960,#6961,#6989));
#6960 = ORIENTED_EDGE('',*,*,#6932,.F.);
#6961 = ORIENTED_EDGE('',*,*,#6962,.T.);
#6962 = EDGE_CURVE('',#6852,#6963,#6965,.T.);
#6963 = VERTEX_POINT('',#6964);
#6964 = CARTESIAN_POINT('',(-44.59840180189,38.947463867258,
    20.421252424641));
#6965 = SURFACE_CURVE('',#6966,(#6970,#6977),.PCURVE_S1.);
#6966 = LINE('',#6967,#6968);
#6967 = CARTESIAN_POINT('',(-44.66161334167,39.101556688321,
    20.465568502506));
#6968 = VECTOR('',#6969,1.);
#6969 = DIRECTION('',(0.366764555848,-0.89407385534,-0.257129737238));
#6970 = PCURVE('',#6946,#6971);
#6971 = DEFINITIONAL_REPRESENTATION('',(#6972),#6976);
#6972 = LINE('',#6973,#6974);
#6973 = CARTESIAN_POINT('',(0.117423550568,7.206896136585));
#6974 = VECTOR('',#6975,1.);
#6975 = DIRECTION('',(-0.966376891167,-0.257129741995));
#6976 = ( GEOMETRIC_REPRESENTATION_CONTEXT(2) 
PARAMETRIC_REPRESENTATION_CONTEXT() REPRESENTATION_CONTEXT('2D SPACE',''
  ) );
#6977 = PCURVE('',#6978,#6983);
#6978 = PLANE('',#6979);
#6979 = AXIS2_PLACEMENT_3D('',#6980,#6981,#6982);
#6980 = CARTESIAN_POINT('',(-42.31468387612,39.257895960876,
    20.450698359921));
#6981 = DIRECTION('',(2.390581430829E-02,-0.267241625092,0.963332977667)
  );
#6982 = DIRECTION('',(-4.272196728577E-20,0.963608362305,0.267318020523)
  );
#6983 = DEFINITIONAL_REPRESENTATION('',(#6984),#6988);
#6984 = LINE('',#6985,#6986);
#6985 = CARTESIAN_POINT('',(-0.146674773309,2.347600374092));
#6986 = VECTOR('',#6987,1.);
#6987 = DIRECTION('',(-0.930272455899,-0.366869401552));
#6988 = ( GEOMETRIC_REPRESENTATION_CONTEXT(2) 
PARAMETRIC_REPRESENTATION_CONTEXT() REPRESENTATION_CONTEXT('2D SPACE',''
  ) );
#6989 = ORIENTED_EDGE('',*,*,#6990,.F.);
#6990 = EDGE_CURVE('',#2134,#6963,#6991,.T.);
#6991 = SURFACE_CURVE('',#6992,(#6996,#7003),.PCURVE_S1.);
#6992 = LINE('',#6993,#6994);
#6993 = CARTESIAN_POINT('',(-44.6183251471,38.992394678628,
    13.25867249926));
#6994 = VECTOR('',#6995,1.);
#6995 = DIRECTION('',(2.78152235149E-03,-6.272844984911E-03,
    0.999976456997));
#6996 = PCURVE('',#6946,#6997);
#6997 = DEFINITIONAL_REPRESENTATION('',(#6998),#7002);
#6998 = LINE('',#6999,#7000);
#6999 = CARTESIAN_POINT('',(0.,0.));
#7000 = VECTOR('',#7001,1.);
#7001 = DIRECTION('',(-6.85918722231E-03,0.999976475499));
#7002 = ( GEOMETRIC_REPRESENTATION_CONTEXT(2) 
PARAMETRIC_REPRESENTATION_CONTEXT() REPRESENTATION_CONTEXT('2D SPACE',''
  ) );
#7003 = PCURVE('',#7004,#7009);
#7004 = PLANE('',#7005);
#7005 = AXIS2_PLACEMENT_3D('',#7006,#7007,#7008);
#7006 = CARTESIAN_POINT('',(-44.6183251471,38.992394678628,
    13.25867249926));
#7007 = DIRECTION('',(0.963998060903,-0.265873696395,-4.349269031099E-03
    ));
#7008 = DIRECTION('',(0.265876211083,0.964007178594,-7.491731253199E-20)
  );
#7009 = DEFINITIONAL_REPRESENTATION('',(#7010),#7014);
#7010 = LINE('',#7011,#7012);
#7011 = CARTESIAN_POINT('',(0.,0.));
#7012 = VECTOR('',#7013,1.);
#7013 = DIRECTION('',(-5.307526971802E-03,0.99998591498));
#7014 = ( GEOMETRIC_REPRESENTATION_CONTEXT(2) 
PARAMETRIC_REPRESENTATION_CONTEXT() REPRESENTATION_CONTEXT('2D SPACE',''
  ) );
#7015 = ADVANCED_FACE('',(#7016),#7004,.F.);
#7016 = FACE_BOUND('',#7017,.F.);
#7017 = EDGE_LOOP('',(#7018,#7019,#7047));
#7018 = ORIENTED_EDGE('',*,*,#6990,.T.);
#7019 = ORIENTED_EDGE('',*,*,#7020,.F.);
#7020 = EDGE_CURVE('',#7021,#6963,#7023,.T.);
#7021 = VERTEX_POINT('',#7022);
#7022 = CARTESIAN_POINT('',(-44.61678894853,38.879901173201,
    20.475967251323));
#7023 = SURFACE_CURVE('',#7024,(#7028,#7035),.PCURVE_S1.);
#7024 = LINE('',#7025,#7026);
#7025 = CARTESIAN_POINT('',(-44.61678894853,38.879901173201,
    20.475967251323));
#7026 = VECTOR('',#7027,1.);
#7027 = DIRECTION('',(0.206917180011,0.760307316965,-0.615725640513));
#7028 = PCURVE('',#7004,#7029);
#7029 = DEFINITIONAL_REPRESENTATION('',(#7030),#7034);
#7030 = LINE('',#7031,#7032);
#7031 = CARTESIAN_POINT('',(-0.108036108121,7.217363014714));
#7032 = VECTOR('',#7033,1.);
#7033 = DIRECTION('',(0.787956067321,-0.615731464173));
#7034 = ( GEOMETRIC_REPRESENTATION_CONTEXT(2) 
PARAMETRIC_REPRESENTATION_CONTEXT() REPRESENTATION_CONTEXT('2D SPACE',''
  ) );
#7035 = PCURVE('',#7036,#7041);
#7036 = PLANE('',#7037);
#7037 = AXIS2_PLACEMENT_3D('',#7038,#7039,#7040);
#7038 = CARTESIAN_POINT('',(-42.31468387612,39.257895960876,
    20.450698359921));
#7039 = DIRECTION('',(-9.709971267077E-02,0.642197496982,0.760364399923)
  );
#7040 = DIRECTION('',(-9.620214830324E-18,0.76397444007,-0.645246507096)
  );
#7041 = DEFINITIONAL_REPRESENTATION('',(#7042),#7046);
#7042 = LINE('',#7043,#7044);
#7043 = CARTESIAN_POINT('',(-0.305083020178,2.313034952522));
#7044 = VECTOR('',#7045,1.);
#7045 = DIRECTION('',(0.97815017563,-0.207899576513));
#7046 = ( GEOMETRIC_REPRESENTATION_CONTEXT(2) 
PARAMETRIC_REPRESENTATION_CONTEXT() REPRESENTATION_CONTEXT('2D SPACE',''
  ) );
#7047 = ORIENTED_EDGE('',*,*,#7048,.F.);
#7048 = EDGE_CURVE('',#2134,#7021,#7049,.T.);
#7049 = SURFACE_CURVE('',#7050,(#7054,#7061),.PCURVE_S1.);
#7050 = LINE('',#7051,#7052);
#7051 = CARTESIAN_POINT('',(-44.6183251471,38.992394678628,
    13.25867249926));
#7052 = VECTOR('',#7053,1.);
#7053 = DIRECTION('',(2.128237822566E-04,-1.558476471127E-02,
    0.99987852753));
#7054 = PCURVE('',#7004,#7055);
#7055 = DEFINITIONAL_REPRESENTATION('',(#7056),#7060);
#7056 = LINE('',#7057,#7058);
#7057 = CARTESIAN_POINT('',(0.,0.));
#7058 = VECTOR('',#7059,1.);
#7059 = DIRECTION('',(-1.49672402775E-02,0.999887984586));
#7060 = ( GEOMETRIC_REPRESENTATION_CONTEXT(2) 
PARAMETRIC_REPRESENTATION_CONTEXT() REPRESENTATION_CONTEXT('2D SPACE',''
  ) );
#7061 = PCURVE('',#2176,#7062);
#7062 = DEFINITIONAL_REPRESENTATION('',(#7063),#7067);
#7063 = LINE('',#7064,#7065);
#7064 = CARTESIAN_POINT('',(-0.105732430806,-7.217397130538));
#7065 = VECTOR('',#7066,1.);
#7066 = DIRECTION('',(1.464809057392E-02,0.999892710966));
#7067 = ( GEOMETRIC_REPRESENTATION_CONTEXT(2) 
PARAMETRIC_REPRESENTATION_CONTEXT() REPRESENTATION_CONTEXT('2D SPACE',''
  ) );
#7068 = ADVANCED_FACE('',(#7069),#2176,.T.);
#7069 = FACE_BOUND('',#7070,.T.);
#7070 = EDGE_LOOP('',(#7071,#7072,#7073));
#7071 = ORIENTED_EDGE('',*,*,#7048,.F.);
#7072 = ORIENTED_EDGE('',*,*,#2162,.T.);
#7073 = ORIENTED_EDGE('',*,*,#7074,.F.);
#7074 = EDGE_CURVE('',#7021,#2018,#7075,.T.);
#7075 = SURFACE_CURVE('',#7076,(#7080,#7087),.PCURVE_S1.);
#7076 = LINE('',#7077,#7078);
#7077 = CARTESIAN_POINT('',(-44.61678894853,38.879901173201,
    20.475967251323));
#7078 = VECTOR('',#7079,1.);
#7079 = DIRECTION('',(6.139714008415E-03,-1.169795048879E-03,
    -0.999980467555));
#7080 = PCURVE('',#2176,#7081);
#7081 = DEFINITIONAL_REPRESENTATION('',(#7082),#7086);
#7082 = LINE('',#7083,#7084);
#7083 = CARTESIAN_POINT('',(0.,0.));
#7084 = VECTOR('',#7085,1.);
#7085 = DIRECTION('',(3.270335943031E-03,-0.999994652437));
#7086 = ( GEOMETRIC_REPRESENTATION_CONTEXT(2) 
PARAMETRIC_REPRESENTATION_CONTEXT() REPRESENTATION_CONTEXT('2D SPACE',''
  ) );
#7087 = PCURVE('',#2060,#7088);
#7088 = DEFINITIONAL_REPRESENTATION('',(#7089),#7093);
#7089 = LINE('',#7090,#7091);
#7090 = CARTESIAN_POINT('',(0.,0.));
#7091 = VECTOR('',#7092,1.);
#7092 = DIRECTION('',(1.477282314709E-03,-0.999998908818));
#7093 = ( GEOMETRIC_REPRESENTATION_CONTEXT(2) 
PARAMETRIC_REPRESENTATION_CONTEXT() REPRESENTATION_CONTEXT('2D SPACE',''
  ) );
#7094 = ADVANCED_FACE('',(#7095),#2060,.T.);
#7095 = FACE_BOUND('',#7096,.T.);
#7096 = EDGE_LOOP('',(#7097,#7098,#7099));
#7097 = ORIENTED_EDGE('',*,*,#7074,.T.);
#7098 = ORIENTED_EDGE('',*,*,#2046,.T.);
#7099 = ORIENTED_EDGE('',*,*,#7100,.F.);
#7100 = EDGE_CURVE('',#7021,#1902,#7101,.T.);
#7101 = SURFACE_CURVE('',#7102,(#7106,#7113),.PCURVE_S1.);
#7102 = LINE('',#7103,#7104);
#7103 = CARTESIAN_POINT('',(-44.61678894853,38.879901173201,
    20.475967251323));
#7104 = VECTOR('',#7105,1.);
#7105 = DIRECTION('',(6.848265335913E-03,-1.524649911852E-02,
    -0.999860313007));
#7106 = PCURVE('',#2060,#7107);
#7107 = DEFINITIONAL_REPRESENTATION('',(#7108),#7112);
#7108 = LINE('',#7109,#7110);
#7109 = CARTESIAN_POINT('',(0.,0.));
#7110 = VECTOR('',#7111,1.);
#7111 = DIRECTION('',(1.55718075609E-02,-0.999878752054));
#7112 = ( GEOMETRIC_REPRESENTATION_CONTEXT(2) 
PARAMETRIC_REPRESENTATION_CONTEXT() REPRESENTATION_CONTEXT('2D SPACE',''
  ) );
#7113 = PCURVE('',#7114,#7119);
#7114 = PLANE('',#7115);
#7115 = AXIS2_PLACEMENT_3D('',#7116,#7117,#7118);
#7116 = CARTESIAN_POINT('',(-44.55239626682,38.742370480149,
    20.39972881185));
#7117 = DIRECTION('',(-0.905591742526,-0.424150357283,2.651125423753E-04
    ));
#7118 = DIRECTION('',(0.424150372189,-0.905591774351,9.88184453288E-21)
  );
#7119 = DEFINITIONAL_REPRESENTATION('',(#7120),#7124);
#7120 = LINE('',#7121,#7122);
#7121 = CARTESIAN_POINT('',(-0.15185884426,7.623844215223E-02));
#7122 = VECTOR('',#7123,1.);
#7123 = DIRECTION('',(1.671179848046E-02,-0.999860348144));
#7124 = ( GEOMETRIC_REPRESENTATION_CONTEXT(2) 
PARAMETRIC_REPRESENTATION_CONTEXT() REPRESENTATION_CONTEXT('2D SPACE',''
  ) );
#7125 = ADVANCED_FACE('',(#7126),#7114,.T.);
#7126 = FACE_BOUND('',#7127,.T.);
#7127 = EDGE_LOOP('',(#7128,#7156,#7157));
#7128 = ORIENTED_EDGE('',*,*,#7129,.F.);
#7129 = EDGE_CURVE('',#7021,#7130,#7132,.T.);
#7130 = VERTEX_POINT('',#7131);
#7131 = CARTESIAN_POINT('',(-44.55239626682,38.742370480149,
    20.39972881185));
#7132 = SURFACE_CURVE('',#7133,(#7137,#7144),.PCURVE_S1.);
#7133 = LINE('',#7134,#7135);
#7134 = CARTESIAN_POINT('',(-44.61678894853,38.879901173201,
    20.475967251323));
#7135 = VECTOR('',#7136,1.);
#7136 = DIRECTION('',(0.378954861981,-0.8093765227,-0.448667869456));
#7137 = PCURVE('',#7114,#7138);
#7138 = DEFINITIONAL_REPRESENTATION('',(#7139),#7143);
#7139 = LINE('',#7140,#7141);
#7140 = CARTESIAN_POINT('',(-0.15185884426,7.623844215223E-02));
#7141 = VECTOR('',#7142,1.);
#7142 = DIRECTION('',(0.893698567062,-0.448667885224));
#7143 = ( GEOMETRIC_REPRESENTATION_CONTEXT(2) 
PARAMETRIC_REPRESENTATION_CONTEXT() REPRESENTATION_CONTEXT('2D SPACE',''
  ) );
#7144 = PCURVE('',#7145,#7150);
#7145 = PLANE('',#7146);
#7146 = AXIS2_PLACEMENT_3D('',#7147,#7148,#7149);
#7147 = CARTESIAN_POINT('',(-42.27148375362,39.014144755374,
    20.453528989748));
#7148 = DIRECTION('',(3.543333113981E-02,-0.471782776779,0.881002548566)
  );
#7149 = DIRECTION('',(9.588079500965E-19,0.881556128475,0.472079222535)
  );
#7150 = DEFINITIONAL_REPRESENTATION('',(#7151),#7155);
#7151 = LINE('',#7152,#7153);
#7152 = CARTESIAN_POINT('',(-0.107750615493,2.346778872634));
#7153 = VECTOR('',#7154,1.);
#7154 = DIRECTION('',(-0.925317612819,-0.37919297911));
#7155 = ( GEOMETRIC_REPRESENTATION_CONTEXT(2) 
PARAMETRIC_REPRESENTATION_CONTEXT() REPRESENTATION_CONTEXT('2D SPACE',''
  ) );
#7156 = ORIENTED_EDGE('',*,*,#7100,.T.);
#7157 = ORIENTED_EDGE('',*,*,#7158,.T.);
#7158 = EDGE_CURVE('',#1902,#7130,#7159,.T.);
#7159 = SURFACE_CURVE('',#7160,(#7164,#7171),.PCURVE_S1.);
#7160 = LINE('',#7161,#7162);
#7161 = CARTESIAN_POINT('',(-44.56696286905,38.768971873661,
    13.201260887737));
#7162 = VECTOR('',#7163,1.);
#7163 = DIRECTION('',(2.02355183051E-03,-3.695391532673E-03,
    0.99999112462));
#7164 = PCURVE('',#7114,#7165);
#7165 = DEFINITIONAL_REPRESENTATION('',(#7166),#7170);
#7166 = LINE('',#7167,#7168);
#7167 = CARTESIAN_POINT('',(-3.026843290803E-02,-7.198468177084));
#7168 = VECTOR('',#7169,1.);
#7169 = DIRECTION('',(4.204806437049E-03,0.999991159762));
#7170 = ( GEOMETRIC_REPRESENTATION_CONTEXT(2) 
PARAMETRIC_REPRESENTATION_CONTEXT() REPRESENTATION_CONTEXT('2D SPACE',''
  ) );
#7171 = PCURVE('',#1944,#7172);
#7172 = DEFINITIONAL_REPRESENTATION('',(#7173),#7177);
#7173 = LINE('',#7174,#7175);
#7174 = CARTESIAN_POINT('',(-2.994622362914E-02,-7.198469524712));
#7175 = VECTOR('',#7176,1.);
#7176 = DIRECTION('',(4.160046021005E-03,0.999991346971));
#7177 = ( GEOMETRIC_REPRESENTATION_CONTEXT(2) 
PARAMETRIC_REPRESENTATION_CONTEXT() REPRESENTATION_CONTEXT('2D SPACE',''
  ) );
#7178 = ADVANCED_FACE('',(#7179),#1944,.T.);
#7179 = FACE_BOUND('',#7180,.T.);
#7180 = EDGE_LOOP('',(#7181,#7182,#7183));
#7181 = ORIENTED_EDGE('',*,*,#7158,.F.);
#7182 = ORIENTED_EDGE('',*,*,#1930,.T.);
#7183 = ORIENTED_EDGE('',*,*,#7184,.F.);
#7184 = EDGE_CURVE('',#7130,#1787,#7185,.T.);
#7185 = SURFACE_CURVE('',#7186,(#7190,#7197),.PCURVE_S1.);
#7186 = LINE('',#7187,#7188);
#7187 = CARTESIAN_POINT('',(-44.55239626682,38.742370480149,
    20.39972881185));
#7188 = VECTOR('',#7189,1.);
#7189 = DIRECTION('',(4.073753219842E-03,-1.342998896708E-02,
    -0.999901515116));
#7190 = PCURVE('',#1944,#7191);
#7191 = DEFINITIONAL_REPRESENTATION('',(#7192),#7196);
#7192 = LINE('',#7193,#7194);
#7193 = CARTESIAN_POINT('',(0.,0.));
#7194 = VECTOR('',#7195,1.);
#7195 = DIRECTION('',(1.401839687531E-02,-0.999901737447));
#7196 = ( GEOMETRIC_REPRESENTATION_CONTEXT(2) 
PARAMETRIC_REPRESENTATION_CONTEXT() REPRESENTATION_CONTEXT('2D SPACE',''
  ) );
#7197 = PCURVE('',#7198,#7203);
#7198 = PLANE('',#7199);
#7199 = AXIS2_PLACEMENT_3D('',#7200,#7201,#7202);
#7200 = CARTESIAN_POINT('',(-44.55109886481,38.643819099286,
    20.466177153273));
#7201 = DIRECTION('',(-0.999868237663,-1.576684624227E-02,
    -3.861848215193E-03));
#7202 = DIRECTION('',(1.576696381595E-02,-0.9998756937,
    -4.539963297201E-21));
#7203 = DEFINITIONAL_REPRESENTATION('',(#7204),#7208);
#7204 = LINE('',#7205,#7206);
#7205 = CARTESIAN_POINT('',(-9.855958639548E-02,-6.64488369296E-02));
#7206 = VECTOR('',#7207,1.);
#7207 = DIRECTION('',(1.349255025445E-02,-0.999908971401));
#7208 = ( GEOMETRIC_REPRESENTATION_CONTEXT(2) 
PARAMETRIC_REPRESENTATION_CONTEXT() REPRESENTATION_CONTEXT('2D SPACE',''
  ) );
#7209 = ADVANCED_FACE('',(#7210),#7198,.T.);
#7210 = FACE_BOUND('',#7211,.T.);
#7211 = EDGE_LOOP('',(#7212,#7240,#7241));
#7212 = ORIENTED_EDGE('',*,*,#7213,.F.);
#7213 = EDGE_CURVE('',#7130,#7214,#7216,.T.);
#7214 = VERTEX_POINT('',#7215);
#7215 = CARTESIAN_POINT('',(-44.55109886481,38.643819099286,
    20.466177153273));
#7216 = SURFACE_CURVE('',#7217,(#7221,#7228),.PCURVE_S1.);
#7217 = LINE('',#7218,#7219);
#7218 = CARTESIAN_POINT('',(-44.55239626682,38.742370480149,
    20.39972881185));
#7219 = VECTOR('',#7220,1.);
#7220 = DIRECTION('',(1.09147072399E-02,-0.829087254935,0.559012694731)
  );
#7221 = PCURVE('',#7198,#7222);
#7222 = DEFINITIONAL_REPRESENTATION('',(#7223),#7227);
#7223 = LINE('',#7224,#7225);
#7224 = CARTESIAN_POINT('',(-9.855958639548E-02,-6.64488369296E-02));
#7225 = VECTOR('',#7226,1.);
#7226 = DIRECTION('',(0.82915628596,0.559016863299));
#7227 = ( GEOMETRIC_REPRESENTATION_CONTEXT(2) 
PARAMETRIC_REPRESENTATION_CONTEXT() REPRESENTATION_CONTEXT('2D SPACE',''
  ) );
#7228 = PCURVE('',#7229,#7234);
#7229 = PLANE('',#7230);
#7230 = AXIS2_PLACEMENT_3D('',#7231,#7232,#7233);
#7231 = CARTESIAN_POINT('',(-42.27148375362,39.014144755374,
    20.453528989748));
#7232 = DIRECTION('',(-8.577043326294E-02,0.556209373932,0.826604237304)
  );
#7233 = DIRECTION('',(-2.324440185877E-18,0.82966160128,-0.558266627484)
  );
#7234 = DEFINITIONAL_REPRESENTATION('',(#7235),#7239);
#7235 = LINE('',#7236,#7237);
#7236 = CARTESIAN_POINT('',(-0.195445836497,2.289348932271));
#7237 = VECTOR('',#7238,1.);
#7238 = DIRECTION('',(-0.999939991338,-1.095507750564E-02));
#7239 = ( GEOMETRIC_REPRESENTATION_CONTEXT(2) 
PARAMETRIC_REPRESENTATION_CONTEXT() REPRESENTATION_CONTEXT('2D SPACE',''
  ) );
#7240 = ORIENTED_EDGE('',*,*,#7184,.T.);
#7241 = ORIENTED_EDGE('',*,*,#7242,.F.);
#7242 = EDGE_CURVE('',#7214,#1787,#7243,.T.);
#7243 = SURFACE_CURVE('',#7244,(#7248,#7255),.PCURVE_S1.);
#7244 = LINE('',#7245,#7246);
#7245 = CARTESIAN_POINT('',(-44.55109886481,38.643819099286,
    20.466177153273));
#7246 = VECTOR('',#7247,1.);
#7247 = DIRECTION('',(3.8578512609E-03,2.839109353211E-04,
    -0.999992518161));
#7248 = PCURVE('',#7198,#7249);
#7249 = DEFINITIONAL_REPRESENTATION('',(#7250),#7254);
#7250 = LINE('',#7251,#7252);
#7251 = CARTESIAN_POINT('',(0.,0.));
#7252 = VECTOR('',#7253,1.);
#7253 = DIRECTION('',(-2.230490421652E-04,-0.999999975125));
#7254 = ( GEOMETRIC_REPRESENTATION_CONTEXT(2) 
PARAMETRIC_REPRESENTATION_CONTEXT() REPRESENTATION_CONTEXT('2D SPACE',''
  ) );
#7255 = PCURVE('',#7256,#7261);
#7256 = PLANE('',#7257);
#7257 = AXIS2_PLACEMENT_3D('',#7258,#7259,#7260);
#7258 = CARTESIAN_POINT('',(-44.43642028068,38.582451338805,
    20.438884346389));
#7259 = DIRECTION('',(-0.47220222623,-0.88148781302,-2.071965485442E-03)
  );
#7260 = DIRECTION('',(-0.881489705158,0.472203239825,5.043872867427E-20)
  );
#7261 = DEFINITIONAL_REPRESENTATION('',(#7262),#7266);
#7262 = LINE('',#7263,#7264);
#7263 = CARTESIAN_POINT('',(0.13006604664,-2.729286546853E-02));
#7264 = VECTOR('',#7265,1.);
#7265 = DIRECTION('',(-3.266592507032E-03,0.999994664672));
#7266 = ( GEOMETRIC_REPRESENTATION_CONTEXT(2) 
PARAMETRIC_REPRESENTATION_CONTEXT() REPRESENTATION_CONTEXT('2D SPACE',''
  ) );
#7267 = ADVANCED_FACE('',(#7268),#1828,.F.);
#7268 = FACE_BOUND('',#7269,.F.);
#7269 = EDGE_LOOP('',(#7270,#7271,#7294));
#7270 = ORIENTED_EDGE('',*,*,#1814,.F.);
#7271 = ORIENTED_EDGE('',*,*,#7272,.T.);
#7272 = EDGE_CURVE('',#1787,#7273,#7275,.T.);
#7273 = VERTEX_POINT('',#7274);
#7274 = CARTESIAN_POINT('',(-44.43642028068,38.582451338805,
    20.438884346389));
#7275 = SURFACE_CURVE('',#7276,(#7280,#7287),.PCURVE_S1.);
#7276 = LINE('',#7277,#7278);
#7277 = CARTESIAN_POINT('',(-44.52312684597,38.645877644703,
    13.215558177277));
#7278 = VECTOR('',#7279,1.);
#7279 = DIRECTION('',(1.200236228163E-02,-8.779790768706E-03,
    0.999889423173));
#7280 = PCURVE('',#1828,#7281);
#7281 = DEFINITIONAL_REPRESENTATION('',(#7282),#7286);
#7282 = LINE('',#7283,#7284);
#7283 = CARTESIAN_POINT('',(0.159522592106,6.218274190967E-04));
#7284 = VECTOR('',#7285,1.);
#7285 = DIRECTION('',(-1.248502779427E-02,0.999922059003));
#7286 = ( GEOMETRIC_REPRESENTATION_CONTEXT(2) 
PARAMETRIC_REPRESENTATION_CONTEXT() REPRESENTATION_CONTEXT('2D SPACE',''
  ) );
#7287 = PCURVE('',#7256,#7288);
#7288 = DEFINITIONAL_REPRESENTATION('',(#7289),#7293);
#7289 = LINE('',#7290,#7291);
#7290 = CARTESIAN_POINT('',(0.106381051814,7.22334167418));
#7291 = VECTOR('',#7292,1.);
#7292 = DIRECTION('',(-1.472580443479E-02,-0.999891569463));
#7293 = ( GEOMETRIC_REPRESENTATION_CONTEXT(2) 
PARAMETRIC_REPRESENTATION_CONTEXT() REPRESENTATION_CONTEXT('2D SPACE',''
  ) );
#7294 = ORIENTED_EDGE('',*,*,#7295,.F.);
#7295 = EDGE_CURVE('',#1671,#7273,#7296,.T.);
#7296 = SURFACE_CURVE('',#7297,(#7301,#7308),.PCURVE_S1.);
#7297 = LINE('',#7298,#7299);
#7298 = CARTESIAN_POINT('',(-44.4662014648,38.49685765143,
    13.214936370153));
#7299 = VECTOR('',#7300,1.);
#7300 = DIRECTION('',(4.122239105151E-03,1.184767012077E-02,
    0.999921316833));
#7301 = PCURVE('',#1828,#7302);
#7302 = DEFINITIONAL_REPRESENTATION('',(#7303),#7307);
#7303 = LINE('',#7304,#7305);
#7304 = CARTESIAN_POINT('',(0.,0.));
#7305 = VECTOR('',#7306,1.);
#7306 = DIRECTION('',(9.596378047678E-03,0.999953953704));
#7307 = ( GEOMETRIC_REPRESENTATION_CONTEXT(2) 
PARAMETRIC_REPRESENTATION_CONTEXT() REPRESENTATION_CONTEXT('2D SPACE',''
  ) );
#7308 = PCURVE('',#7309,#7314);
#7309 = PLANE('',#7310);
#7310 = AXIS2_PLACEMENT_3D('',#7311,#7312,#7313);
#7311 = CARTESIAN_POINT('',(-44.42168292175,38.476953966842,
    20.413642677458));
#7312 = DIRECTION('',(-0.990177997728,-0.139694726724,5.73725892883E-03)
  );
#7313 = DIRECTION('',(0.139697025886,-0.99019429455,-6.94826734926E-20)
  );
#7314 = DEFINITIONAL_REPRESENTATION('',(#7315),#7319);
#7315 = LINE('',#7316,#7317);
#7316 = CARTESIAN_POINT('',(-2.592762298056E-02,-7.198824787042));
#7317 = VECTOR('',#7318,1.);
#7318 = DIRECTION('',(-1.115563081431E-02,0.999937774015));
#7319 = ( GEOMETRIC_REPRESENTATION_CONTEXT(2) 
PARAMETRIC_REPRESENTATION_CONTEXT() REPRESENTATION_CONTEXT('2D SPACE',''
  ) );
#7320 = ADVANCED_FACE('',(#7321),#7256,.T.);
#7321 = FACE_BOUND('',#7322,.T.);
#7322 = EDGE_LOOP('',(#7323,#7349,#7350));
#7323 = ORIENTED_EDGE('',*,*,#7324,.F.);
#7324 = EDGE_CURVE('',#7214,#7273,#7325,.T.);
#7325 = SURFACE_CURVE('',#7326,(#7330,#7337),.PCURVE_S1.);
#7326 = LINE('',#7327,#7328);
#7327 = CARTESIAN_POINT('',(-44.55109886481,38.643819099286,
    20.466177153273));
#7328 = VECTOR('',#7329,1.);
#7329 = DIRECTION('',(0.862901920426,-0.461763273152,-0.20536541893));
#7330 = PCURVE('',#7256,#7331);
#7331 = DEFINITIONAL_REPRESENTATION('',(#7332),#7336);
#7332 = LINE('',#7333,#7334);
#7333 = CARTESIAN_POINT('',(0.13006604664,-2.729286546853E-02));
#7334 = VECTOR('',#7335,1.);
#7335 = DIRECTION('',(-0.978685273031,0.205365859753));
#7336 = ( GEOMETRIC_REPRESENTATION_CONTEXT(2) 
PARAMETRIC_REPRESENTATION_CONTEXT() REPRESENTATION_CONTEXT('2D SPACE',''
  ) );
#7337 = PCURVE('',#7338,#7343);
#7338 = PLANE('',#7339);
#7339 = AXIS2_PLACEMENT_3D('',#7340,#7341,#7342);
#7340 = CARTESIAN_POINT('',(-42.27148375362,39.014144755374,
    20.453528989748));
#7341 = DIRECTION('',(5.652872036346E-02,-0.315623268286,0.947199269579)
  );
#7342 = DIRECTION('',(-3.111090191533E-18,0.948716292124,0.316128766579)
  );
#7343 = DEFINITIONAL_REPRESENTATION('',(#7344),#7348);
#7344 = LINE('',#7345,#7346);
#7345 = CARTESIAN_POINT('',(-0.347335534987,2.283266114343));
#7346 = VECTOR('',#7347,1.);
#7347 = DIRECTION('',(-0.503004256928,-0.864283933388));
#7348 = ( GEOMETRIC_REPRESENTATION_CONTEXT(2) 
PARAMETRIC_REPRESENTATION_CONTEXT() REPRESENTATION_CONTEXT('2D SPACE',''
  ) );
#7349 = ORIENTED_EDGE('',*,*,#7242,.T.);
#7350 = ORIENTED_EDGE('',*,*,#7272,.T.);
#7351 = ADVANCED_FACE('',(#7352),#1712,.T.);
#7352 = FACE_BOUND('',#7353,.T.);
#7353 = EDGE_LOOP('',(#7354,#7377,#7378));
#7354 = ORIENTED_EDGE('',*,*,#7355,.F.);
#7355 = EDGE_CURVE('',#1671,#7356,#7358,.T.);
#7356 = VERTEX_POINT('',#7357);
#7357 = CARTESIAN_POINT('',(-44.42168292175,38.476953966842,
    20.413642677458));
#7358 = SURFACE_CURVE('',#7359,(#7363,#7370),.PCURVE_S1.);
#7359 = LINE('',#7360,#7361);
#7360 = CARTESIAN_POINT('',(-44.4662014648,38.49685765143,
    13.214936370153));
#7361 = VECTOR('',#7362,1.);
#7362 = DIRECTION('',(6.184100269637E-03,-2.764833995075E-03,
    0.999977056035));
#7363 = PCURVE('',#1712,#7364);
#7364 = DEFINITIONAL_REPRESENTATION('',(#7365),#7369);
#7365 = LINE('',#7366,#7367);
#7366 = CARTESIAN_POINT('',(-3.938612448219E-02,-7.198763733404));
#7367 = VECTOR('',#7368,1.);
#7368 = DIRECTION('',(5.471152610903E-03,0.999985033133));
#7369 = ( GEOMETRIC_REPRESENTATION_CONTEXT(2) 
PARAMETRIC_REPRESENTATION_CONTEXT() REPRESENTATION_CONTEXT('2D SPACE',''
  ) );
#7370 = PCURVE('',#7309,#7371);
#7371 = DEFINITIONAL_REPRESENTATION('',(#7372),#7376);
#7372 = LINE('',#7373,#7374);
#7373 = CARTESIAN_POINT('',(-2.592762298056E-02,-7.198824787042));
#7374 = VECTOR('',#7375,1.);
#7375 = DIRECTION('',(3.601623262749E-03,0.999993514134));
#7376 = ( GEOMETRIC_REPRESENTATION_CONTEXT(2) 
PARAMETRIC_REPRESENTATION_CONTEXT() REPRESENTATION_CONTEXT('2D SPACE',''
  ) );
#7377 = ORIENTED_EDGE('',*,*,#1698,.T.);
#7378 = ORIENTED_EDGE('',*,*,#7379,.T.);
#7379 = EDGE_CURVE('',#1613,#7356,#7380,.T.);
#7380 = SURFACE_CURVE('',#7381,(#7385,#7392),.PCURVE_S1.);
#7381 = LINE('',#7382,#7383);
#7382 = CARTESIAN_POINT('',(-44.42804879871,38.430440353113,
    13.246725051232));
#7383 = VECTOR('',#7384,1.);
#7384 = DIRECTION('',(8.882117420511E-04,6.489905179043E-03,
    0.999978545875));
#7385 = PCURVE('',#1712,#7386);
#7386 = DEFINITIONAL_REPRESENTATION('',(#7387),#7391);
#7387 = LINE('',#7388,#7389);
#7388 = CARTESIAN_POINT('',(3.720935399156E-02,-7.166974798738));
#7389 = VECTOR('',#7390,1.);
#7390 = DIRECTION('',(-5.191709691384E-03,0.999986522984));
#7391 = ( GEOMETRIC_REPRESENTATION_CONTEXT(2) 
PARAMETRIC_REPRESENTATION_CONTEXT() REPRESENTATION_CONTEXT('2D SPACE',''
  ) );
#7392 = PCURVE('',#1654,#7393);
#7393 = DEFINITIONAL_REPRESENTATION('',(#7394),#7398);
#7394 = LINE('',#7395,#7396);
#7395 = CARTESIAN_POINT('',(-2.269316443072E-02,7.167035462592));
#7396 = VECTOR('',#7397,1.);
#7397 = DIRECTION('',(3.166309249279E-03,-0.99999498723));
#7398 = ( GEOMETRIC_REPRESENTATION_CONTEXT(2) 
PARAMETRIC_REPRESENTATION_CONTEXT() REPRESENTATION_CONTEXT('2D SPACE',''
  ) );
#7399 = ADVANCED_FACE('',(#7400),#1654,.T.);
#7400 = FACE_BOUND('',#7401,.T.);
#7401 = EDGE_LOOP('',(#7402,#7403,#7404));
#7402 = ORIENTED_EDGE('',*,*,#7379,.F.);
#7403 = ORIENTED_EDGE('',*,*,#1640,.T.);
#7404 = ORIENTED_EDGE('',*,*,#7405,.F.);
#7405 = EDGE_CURVE('',#7356,#1554,#7406,.T.);
#7406 = SURFACE_CURVE('',#7407,(#7411,#7418),.PCURVE_S1.);
#7407 = LINE('',#7408,#7409);
#7408 = CARTESIAN_POINT('',(-44.42168292175,38.476953966842,
    20.413642677458));
#7409 = VECTOR('',#7410,1.);
#7410 = DIRECTION('',(1.328204339773E-02,-1.705028330531E-02,
    -0.999766410299));
#7411 = PCURVE('',#1654,#7412);
#7412 = DEFINITIONAL_REPRESENTATION('',(#7413),#7417);
#7413 = LINE('',#7414,#7415);
#7414 = CARTESIAN_POINT('',(0.,-0.));
#7415 = VECTOR('',#7416,1.);
#7416 = DIRECTION('',(-2.083882224026E-02,0.999782848166));
#7417 = ( GEOMETRIC_REPRESENTATION_CONTEXT(2) 
PARAMETRIC_REPRESENTATION_CONTEXT() REPRESENTATION_CONTEXT('2D SPACE',''
  ) );
#7418 = PCURVE('',#7419,#7424);
#7419 = PLANE('',#7420);
#7420 = AXIS2_PLACEMENT_3D('',#7421,#7422,#7423);
#7421 = CARTESIAN_POINT('',(-44.32579526092,38.354811732653,
    20.44911814514));
#7422 = DIRECTION('',(-0.786583825061,-0.617483505542,8.084709049355E-05
    ));
#7423 = DIRECTION('',(0.61748350756,-0.786583827631,-4.06537116295E-22)
  );
#7424 = DEFINITIONAL_REPRESENTATION('',(#7425),#7429);
#7425 = LINE('',#7426,#7427);
#7426 = CARTESIAN_POINT('',(-0.155284155224,-3.547546779728E-02));
#7427 = VECTOR('',#7428,1.);
#7428 = DIRECTION('',(2.161291984929E-02,-0.999766413566));
#7429 = ( GEOMETRIC_REPRESENTATION_CONTEXT(2) 
PARAMETRIC_REPRESENTATION_CONTEXT() REPRESENTATION_CONTEXT('2D SPACE',''
  ) );
#7430 = ADVANCED_FACE('',(#7431),#7309,.T.);
#7431 = FACE_BOUND('',#7432,.T.);
#7432 = EDGE_LOOP('',(#7433,#7459,#7460));
#7433 = ORIENTED_EDGE('',*,*,#7434,.F.);
#7434 = EDGE_CURVE('',#7273,#7356,#7435,.T.);
#7435 = SURFACE_CURVE('',#7436,(#7440,#7447),.PCURVE_S1.);
#7436 = LINE('',#7437,#7438);
#7437 = CARTESIAN_POINT('',(-44.43642028068,38.582451338805,
    20.438884346389));
#7438 = VECTOR('',#7439,1.);
#7439 = DIRECTION('',(0.134622691732,-0.963696429792,-0.230577366793));
#7440 = PCURVE('',#7309,#7441);
#7441 = DEFINITIONAL_REPRESENTATION('',(#7442),#7446);
#7442 = LINE('',#7443,#7444);
#7443 = CARTESIAN_POINT('',(-0.106521661019,2.524208437036E-02));
#7444 = VECTOR('',#7445,1.);
#7445 = DIRECTION('',(0.97305309611,-0.230581161745));
#7446 = ( GEOMETRIC_REPRESENTATION_CONTEXT(2) 
PARAMETRIC_REPRESENTATION_CONTEXT() REPRESENTATION_CONTEXT('2D SPACE',''
  ) );
#7447 = PCURVE('',#7448,#7453);
#7448 = PLANE('',#7449);
#7449 = AXIS2_PLACEMENT_3D('',#7450,#7451,#7452);
#7450 = CARTESIAN_POINT('',(-42.27148375362,39.014144755374,
    20.453528989748));
#7451 = DIRECTION('',(3.876125776031E-02,-0.227395984575,0.973030642424)
  );
#7452 = DIRECTION('',(-1.125715950259E-18,0.973762424816,0.22756700116)
  );
#7453 = DEFINITIONAL_REPRESENTATION('',(#7454),#7458);
#7454 = LINE('',#7455,#7456);
#7455 = CARTESIAN_POINT('',(-0.423699465668,2.16656470027));
#7456 = VECTOR('',#7457,1.);
#7457 = DIRECTION('',(-0.990883172157,-0.134723936761));
#7458 = ( GEOMETRIC_REPRESENTATION_CONTEXT(2) 
PARAMETRIC_REPRESENTATION_CONTEXT() REPRESENTATION_CONTEXT('2D SPACE',''
  ) );
#7459 = ORIENTED_EDGE('',*,*,#7295,.F.);
#7460 = ORIENTED_EDGE('',*,*,#7355,.T.);
#7461 = ADVANCED_FACE('',(#7462),#7419,.T.);
#7462 = FACE_BOUND('',#7463,.T.);
#7463 = EDGE_LOOP('',(#7464,#7492,#7493));
#7464 = ORIENTED_EDGE('',*,*,#7465,.F.);
#7465 = EDGE_CURVE('',#7356,#7466,#7468,.T.);
#7466 = VERTEX_POINT('',#7467);
#7467 = CARTESIAN_POINT('',(-44.32579526092,38.354811732653,
    20.44911814514));
#7468 = SURFACE_CURVE('',#7469,(#7473,#7480),.PCURVE_S1.);
#7469 = LINE('',#7470,#7471);
#7470 = CARTESIAN_POINT('',(-44.42168292175,38.476953966842,
    20.413642677458));
#7471 = VECTOR('',#7472,1.);
#7472 = DIRECTION('',(0.601988412082,-0.766816178148,0.222717086567));
#7473 = PCURVE('',#7419,#7474);
#7474 = DEFINITIONAL_REPRESENTATION('',(#7475),#7479);
#7475 = LINE('',#7476,#7477);
#7476 = CARTESIAN_POINT('',(-0.155284155224,-3.547546779728E-02));
#7477 = VECTOR('',#7478,1.);
#7478 = DIRECTION('',(0.9748831207,0.222717087295));
#7479 = ( GEOMETRIC_REPRESENTATION_CONTEXT(2) 
PARAMETRIC_REPRESENTATION_CONTEXT() REPRESENTATION_CONTEXT('2D SPACE',''
  ) );
#7480 = PCURVE('',#7481,#7486);
#7481 = PLANE('',#7482);
#7482 = AXIS2_PLACEMENT_3D('',#7483,#7484,#7485);
#7483 = CARTESIAN_POINT('',(-42.27148375362,39.014144755374,
    20.453528989748));
#7484 = DIRECTION('',(-7.40204124394E-02,0.224127663973,0.971744703502)
  );
#7485 = DIRECTION('',(3.993301104687E-18,0.974417798029,-0.224744198779)
  );
#7486 = DEFINITIONAL_REPRESENTATION('',(#7487),#7491);
#7487 = LINE('',#7488,#7489);
#7488 = CARTESIAN_POINT('',(-0.514484047985,2.156113978473));
#7489 = VECTOR('',#7490,1.);
#7490 = DIRECTION('',(-0.797253704979,-0.603644373698));
#7491 = ( GEOMETRIC_REPRESENTATION_CONTEXT(2) 
PARAMETRIC_REPRESENTATION_CONTEXT() REPRESENTATION_CONTEXT('2D SPACE',''
  ) );
#7492 = ORIENTED_EDGE('',*,*,#7405,.T.);
#7493 = ORIENTED_EDGE('',*,*,#7494,.T.);
#7494 = EDGE_CURVE('',#1554,#7466,#7495,.T.);
#7495 = SURFACE_CURVE('',#7496,(#7500,#7507),.PCURVE_S1.);
#7496 = LINE('',#7497,#7498);
#7497 = CARTESIAN_POINT('',(-44.32623435602,38.354425750506,
    13.229035078104));
#7498 = VECTOR('',#7499,1.);
#7499 = DIRECTION('',(6.08157953672E-05,5.345951590317E-05,
    0.999999996722));
#7500 = PCURVE('',#7419,#7501);
#7501 = DEFINITIONAL_REPRESENTATION('',(#7502),#7506);
#7502 = LINE('',#7503,#7504);
#7503 = CARTESIAN_POINT('',(3.247333454119E-05,-7.220083090632));
#7504 = VECTOR('',#7505,1.);
#7505 = DIRECTION('',(-4.497640004033E-06,0.99999999999));
#7506 = ( GEOMETRIC_REPRESENTATION_CONTEXT(2) 
PARAMETRIC_REPRESENTATION_CONTEXT() REPRESENTATION_CONTEXT('2D SPACE',''
  ) );
#7507 = PCURVE('',#7508,#7513);
#7508 = PLANE('',#7509);
#7509 = AXIS2_PLACEMENT_3D('',#7510,#7511,#7512);
#7510 = CARTESIAN_POINT('',(-44.24278138193,38.293455043827,
    20.414264642249));
#7511 = DIRECTION('',(-0.594360827695,-0.804198483112,7.913858832801E-05
    ));
#7512 = DIRECTION('',(-0.80419848563,0.594360829556,-3.743106701371E-21)
  );
#7513 = DEFINITIONAL_REPRESENTATION('',(#7514),#7518);
#7514 = LINE('',#7515,#7516);
#7515 = CARTESIAN_POINT('',(0.103351355179,7.185229586645));
#7516 = VECTOR('',#7517,1.);
#7517 = DIRECTION('',(-1.713372831681E-05,-0.999999999853));
#7518 = ( GEOMETRIC_REPRESENTATION_CONTEXT(2) 
PARAMETRIC_REPRESENTATION_CONTEXT() REPRESENTATION_CONTEXT('2D SPACE',''
  ) );
#7519 = ADVANCED_FACE('',(#7520),#1569,.T.);
#7520 = FACE_BOUND('',#7521,.T.);
#7521 = EDGE_LOOP('',(#7522,#7545,#7546));
#7522 = ORIENTED_EDGE('',*,*,#7523,.F.);
#7523 = EDGE_CURVE('',#1554,#7524,#7526,.T.);
#7524 = VERTEX_POINT('',#7525);
#7525 = CARTESIAN_POINT('',(-44.24278138193,38.293455043827,
    20.414264642249));
#7526 = SURFACE_CURVE('',#7527,(#7531,#7538),.PCURVE_S1.);
#7527 = LINE('',#7528,#7529);
#7528 = CARTESIAN_POINT('',(-44.32623435602,38.354425750506,
    13.229035078104));
#7529 = VECTOR('',#7530,1.);
#7530 = DIRECTION('',(1.161331609433E-02,-8.484683702794E-03,
    0.999896565166));
#7531 = PCURVE('',#1569,#7532);
#7532 = DEFINITIONAL_REPRESENTATION('',(#7533),#7537);
#7533 = LINE('',#7534,#7535);
#7534 = CARTESIAN_POINT('',(0.102554348144,7.185241006473));
#7535 = VECTOR('',#7536,1.);
#7536 = DIRECTION('',(-1.427146335913E-02,-0.999898157481));
#7537 = ( GEOMETRIC_REPRESENTATION_CONTEXT(2) 
PARAMETRIC_REPRESENTATION_CONTEXT() REPRESENTATION_CONTEXT('2D SPACE',''
  ) );
#7538 = PCURVE('',#7508,#7539);
#7539 = DEFINITIONAL_REPRESENTATION('',(#7540),#7544);
#7540 = LINE('',#7541,#7542);
#7541 = CARTESIAN_POINT('',(0.103351355179,7.185229586645));
#7542 = VECTOR('',#7543,1.);
#7543 = DIRECTION('',(-1.438237486032E-02,-0.999896568298));
#7544 = ( GEOMETRIC_REPRESENTATION_CONTEXT(2) 
PARAMETRIC_REPRESENTATION_CONTEXT() REPRESENTATION_CONTEXT('2D SPACE',''
  ) );
#7545 = ORIENTED_EDGE('',*,*,#1553,.T.);
#7546 = ORIENTED_EDGE('',*,*,#7547,.T.);
#7547 = EDGE_CURVE('',#1496,#7524,#7548,.T.);
#7548 = SURFACE_CURVE('',#7549,(#7553,#7560),.PCURVE_S1.);
#7549 = LINE('',#7550,#7551);
#7550 = CARTESIAN_POINT('',(-44.25709507427,38.316109542609,
    13.205828878364));
#7551 = VECTOR('',#7552,1.);
#7552 = DIRECTION('',(1.985672606691E-03,-3.142754264966E-03,
    0.999993090076));
#7553 = PCURVE('',#1569,#7554);
#7554 = DEFINITIONAL_REPRESENTATION('',(#7555),#7559);
#7555 = LINE('',#7556,#7557);
#7556 = CARTESIAN_POINT('',(2.350771410772E-02,7.208447243168));
#7557 = VECTOR('',#7558,1.);
#7558 = DIRECTION('',(-3.261116897091E-03,-0.999994682544));
#7559 = ( GEOMETRIC_REPRESENTATION_CONTEXT(2) 
PARAMETRIC_REPRESENTATION_CONTEXT() REPRESENTATION_CONTEXT('2D SPACE',''
  ) );
#7560 = PCURVE('',#7561,#7566);
#7561 = PLANE('',#7562);
#7562 = AXIS2_PLACEMENT_3D('',#7563,#7564,#7565);
#7563 = CARTESIAN_POINT('',(-44.14100953245,38.213822916159,
    20.481546212919));
#7564 = DIRECTION('',(-0.615719593554,-0.787964345752,
    -1.253769441383E-03));
#7565 = DIRECTION('',(-0.787964965068,0.615720077491,1.386326405761E-19)
  );
#7566 = DEFINITIONAL_REPRESENTATION('',(#7567),#7571);
#7567 = LINE('',#7568,#7569);
#7568 = CARTESIAN_POINT('',(0.154451269474,7.275723053049));
#7569 = VECTOR('',#7570,1.);
#7570 = DIRECTION('',(-3.499697345727E-03,-0.99999387604));
#7571 = ( GEOMETRIC_REPRESENTATION_CONTEXT(2) 
PARAMETRIC_REPRESENTATION_CONTEXT() REPRESENTATION_CONTEXT('2D SPACE',''
  ) );
#7572 = ADVANCED_FACE('',(#7573),#7508,.T.);
#7573 = FACE_BOUND('',#7574,.T.);
#7574 = EDGE_LOOP('',(#7575,#7601,#7602));
#7575 = ORIENTED_EDGE('',*,*,#7576,.F.);
#7576 = EDGE_CURVE('',#7466,#7524,#7577,.T.);
#7577 = SURFACE_CURVE('',#7578,(#7582,#7589),.PCURVE_S1.);
#7578 = LINE('',#7579,#7580);
#7579 = CARTESIAN_POINT('',(-44.32579526092,38.354811732653,
    20.44911814514));
#7580 = VECTOR('',#7581,1.);
#7581 = DIRECTION('',(0.761925109571,-0.563149227894,-0.319895411858));
#7582 = PCURVE('',#7508,#7583);
#7583 = DEFINITIONAL_REPRESENTATION('',(#7584),#7588);
#7584 = LINE('',#7585,#7586);
#7585 = CARTESIAN_POINT('',(0.103227648237,-3.485350299946E-02));
#7586 = VECTOR('',#7587,1.);
#7587 = DIRECTION('',(-0.947452861535,0.31989541286));
#7588 = ( GEOMETRIC_REPRESENTATION_CONTEXT(2) 
PARAMETRIC_REPRESENTATION_CONTEXT() REPRESENTATION_CONTEXT('2D SPACE',''
  ) );
#7589 = PCURVE('',#7590,#7595);
#7590 = PLANE('',#7591);
#7591 = AXIS2_PLACEMENT_3D('',#7592,#7593,#7594);
#7592 = CARTESIAN_POINT('',(-42.27148375362,39.014144755374,
    20.453528989748));
#7593 = DIRECTION('',(0.115924684335,-0.367364956244,0.922824174199));
#7594 = DIRECTION('',(2.096125096638E-18,0.929088079955,0.369858540102)
  );
#7595 = DEFINITIONAL_REPRESENTATION('',(#7596),#7600);
#7596 = LINE('',#7597,#7598);
#7597 = CARTESIAN_POINT('',(-0.614209840678,2.068255673516));
#7598 = VECTOR('',#7599,1.);
#7599 = DIRECTION('',(-0.641531284887,-0.767096871661));
#7600 = ( GEOMETRIC_REPRESENTATION_CONTEXT(2) 
PARAMETRIC_REPRESENTATION_CONTEXT() REPRESENTATION_CONTEXT('2D SPACE',''
  ) );
#7601 = ORIENTED_EDGE('',*,*,#7494,.F.);
#7602 = ORIENTED_EDGE('',*,*,#7523,.T.);
#7603 = ADVANCED_FACE('',(#7604),#1511,.F.);
#7604 = FACE_BOUND('',#7605,.F.);
#7605 = EDGE_LOOP('',(#7606,#7607,#7630));
#7606 = ORIENTED_EDGE('',*,*,#1495,.F.);
#7607 = ORIENTED_EDGE('',*,*,#7608,.T.);
#7608 = EDGE_CURVE('',#1496,#7609,#7611,.T.);
#7609 = VERTEX_POINT('',#7610);
#7610 = CARTESIAN_POINT('',(-44.14100953245,38.213822916159,
    20.481546212919));
#7611 = SURFACE_CURVE('',#7612,(#7616,#7623),.PCURVE_S1.);
#7612 = LINE('',#7613,#7614);
#7613 = CARTESIAN_POINT('',(-44.25709507427,38.316109542609,
    13.205828878364));
#7614 = VECTOR('',#7615,1.);
#7615 = DIRECTION('',(1.595159592646E-02,-1.40554534882E-02,
    0.999773969863));
#7616 = PCURVE('',#1511,#7617);
#7617 = DEFINITIONAL_REPRESENTATION('',(#7618),#7622);
#7618 = LINE('',#7619,#7620);
#7619 = CARTESIAN_POINT('',(-0.123630550464,2.168465562941E-02));
#7620 = VECTOR('',#7621,1.);
#7621 = DIRECTION('',(2.126045050934E-02,-0.999773971078));
#7622 = ( GEOMETRIC_REPRESENTATION_CONTEXT(2) 
PARAMETRIC_REPRESENTATION_CONTEXT() REPRESENTATION_CONTEXT('2D SPACE',''
  ) );
#7623 = PCURVE('',#7561,#7624);
#7624 = DEFINITIONAL_REPRESENTATION('',(#7625),#7629);
#7625 = LINE('',#7626,#7627);
#7626 = CARTESIAN_POINT('',(0.154451269474,7.275723053049));
#7627 = VECTOR('',#7628,1.);
#7628 = DIRECTION('',(-2.12235236379E-02,-0.999774755655));
#7629 = ( GEOMETRIC_REPRESENTATION_CONTEXT(2) 
PARAMETRIC_REPRESENTATION_CONTEXT() REPRESENTATION_CONTEXT('2D SPACE',''
  ) );
#7630 = ORIENTED_EDGE('',*,*,#7631,.F.);
#7631 = EDGE_CURVE('',#1438,#7609,#7632,.T.);
#7632 = SURFACE_CURVE('',#7633,(#7637,#7644),.PCURVE_S1.);
#7633 = LINE('',#7634,#7635);
#7634 = CARTESIAN_POINT('',(-44.16414748602,38.234591085517,
    13.227513533967));
#7635 = VECTOR('',#7636,1.);
#7636 = DIRECTION('',(3.189638380179E-03,-2.862956305418E-03,
    0.999990814802));
#7637 = PCURVE('',#1511,#7638);
#7638 = DEFINITIONAL_REPRESENTATION('',(#7639),#7643);
#7639 = LINE('',#7640,#7641);
#7640 = CARTESIAN_POINT('',(0.,0.));
#7641 = VECTOR('',#7642,1.);
#7642 = DIRECTION('',(4.285776621469E-03,-0.999990816017));
#7643 = ( GEOMETRIC_REPRESENTATION_CONTEXT(2) 
PARAMETRIC_REPRESENTATION_CONTEXT() REPRESENTATION_CONTEXT('2D SPACE',''
  ) );
#7644 = PCURVE('',#7645,#7650);
#7645 = PLANE('',#7646);
#7646 = AXIS2_PLACEMENT_3D('',#7647,#7648,#7649);
#7647 = CARTESIAN_POINT('',(-44.16414748602,38.234591085517,
    13.227513533967));
#7648 = DIRECTION('',(0.737544234793,0.675298693938,-4.191525945227E-04)
  );
#7649 = DIRECTION('',(-0.67529875326,0.737544299582,1.561395367486E-21)
  );
#7650 = DEFINITIONAL_REPRESENTATION('',(#7651),#7655);
#7651 = LINE('',#7652,#7653);
#7652 = CARTESIAN_POINT('',(0.,0.));
#7653 = VECTOR('',#7654,1.);
#7654 = DIRECTION('',(-4.265515924497E-03,0.999990902646));
#7655 = ( GEOMETRIC_REPRESENTATION_CONTEXT(2) 
PARAMETRIC_REPRESENTATION_CONTEXT() REPRESENTATION_CONTEXT('2D SPACE',''
  ) );
#7656 = ADVANCED_FACE('',(#7657),#7561,.T.);
#7657 = FACE_BOUND('',#7658,.T.);
#7658 = EDGE_LOOP('',(#7659,#7685,#7686));
#7659 = ORIENTED_EDGE('',*,*,#7660,.F.);
#7660 = EDGE_CURVE('',#7524,#7609,#7661,.T.);
#7661 = SURFACE_CURVE('',#7662,(#7666,#7673),.PCURVE_S1.);
#7662 = LINE('',#7663,#7664);
#7663 = CARTESIAN_POINT('',(-44.24278138193,38.293455043827,
    20.414264642249));
#7664 = VECTOR('',#7665,1.);
#7665 = DIRECTION('',(0.698550377652,-0.546585849977,0.461813034125));
#7666 = PCURVE('',#7561,#7667);
#7667 = DEFINITIONAL_REPRESENTATION('',(#7668),#7672);
#7668 = LINE('',#7669,#7670);
#7669 = CARTESIAN_POINT('',(0.129223751644,6.728162355063E-02));
#7670 = VECTOR('',#7671,1.);
#7671 = DIRECTION('',(-0.886977105828,-0.461813397096));
#7672 = ( GEOMETRIC_REPRESENTATION_CONTEXT(2) 
PARAMETRIC_REPRESENTATION_CONTEXT() REPRESENTATION_CONTEXT('2D SPACE',''
  ) );
#7673 = PCURVE('',#7674,#7679);
#7674 = PLANE('',#7675);
#7675 = AXIS2_PLACEMENT_3D('',#7676,#7677,#7678);
#7676 = CARTESIAN_POINT('',(-42.27148375362,39.014144755374,
    20.453528989748));
#7677 = DIRECTION('',(-0.192013416124,0.478532118385,0.856818452009));
#7678 = DIRECTION('',(5.031692294155E-19,0.873064167437,-0.487605331737)
  );
#7679 = DEFINITIONAL_REPRESENTATION('',(#7680),#7684);
#7680 = LINE('',#7681,#7682);
#7681 = CARTESIAN_POINT('',(-0.610062857804,2.008674438087));
#7682 = VECTOR('',#7683,1.);
#7683 = DIRECTION('',(-0.702387017748,-0.711795249562));
#7684 = ( GEOMETRIC_REPRESENTATION_CONTEXT(2) 
PARAMETRIC_REPRESENTATION_CONTEXT() REPRESENTATION_CONTEXT('2D SPACE',''
  ) );
#7685 = ORIENTED_EDGE('',*,*,#7547,.F.);
#7686 = ORIENTED_EDGE('',*,*,#7608,.T.);
#7687 = ADVANCED_FACE('',(#7688),#1743,.T.);
#7688 = FACE_BOUND('',#7689,.T.);
#7689 = EDGE_LOOP('',(#7690,#7713,#7714));
#7690 = ORIENTED_EDGE('',*,*,#7691,.F.);
#7691 = EDGE_CURVE('',#1438,#7692,#7694,.T.);
#7692 = VERTEX_POINT('',#7693);
#7693 = CARTESIAN_POINT('',(-44.04661844802,38.110713447756,
    20.452704186008));
#7694 = SURFACE_CURVE('',#7695,(#7699,#7706),.PCURVE_S1.);
#7695 = LINE('',#7696,#7697);
#7696 = CARTESIAN_POINT('',(-44.16414748602,38.234591085517,
    13.227513533967));
#7697 = VECTOR('',#7698,1.);
#7698 = DIRECTION('',(1.626202461132E-02,-1.714045506015E-02,
    0.999720836712));
#7699 = PCURVE('',#1743,#7700);
#7700 = DEFINITIONAL_REPRESENTATION('',(#7701),#7705);
#7701 = LINE('',#7702,#7703);
#7702 = CARTESIAN_POINT('',(0.170469338836,7.225197499499));
#7703 = VECTOR('',#7704,1.);
#7704 = DIRECTION('',(-2.358716306077E-02,-0.999721784167));
#7705 = ( GEOMETRIC_REPRESENTATION_CONTEXT(2) 
PARAMETRIC_REPRESENTATION_CONTEXT() REPRESENTATION_CONTEXT('2D SPACE',''
  ) );
#7706 = PCURVE('',#7645,#7707);
#7707 = DEFINITIONAL_REPRESENTATION('',(#7708),#7712);
#7708 = LINE('',#7709,#7710);
#7709 = CARTESIAN_POINT('',(0.,0.));
#7710 = VECTOR('',#7711,1.);
#7711 = DIRECTION('',(-2.362356986736E-02,0.999720924532));
#7712 = ( GEOMETRIC_REPRESENTATION_CONTEXT(2) 
PARAMETRIC_REPRESENTATION_CONTEXT() REPRESENTATION_CONTEXT('2D SPACE',''
  ) );
#7713 = ORIENTED_EDGE('',*,*,#1727,.T.);
#7714 = ORIENTED_EDGE('',*,*,#7715,.T.);
#7715 = EDGE_CURVE('',#1728,#7692,#7716,.T.);
#7716 = SURFACE_CURVE('',#7717,(#7721,#7728),.PCURVE_S1.);
#7717 = LINE('',#7718,#7719);
#7718 = CARTESIAN_POINT('',(-44.06782291433,38.144312795705,
    13.189482533207));
#7719 = VECTOR('',#7720,1.);
#7720 = DIRECTION('',(2.919386201899E-03,-4.625887364744E-03,
    0.999985039063));
#7721 = PCURVE('',#1743,#7722);
#7722 = DEFINITIONAL_REPRESENTATION('',(#7723),#7727);
#7723 = LINE('',#7724,#7725);
#7724 = CARTESIAN_POINT('',(3.845195369241E-02,7.263228536302));
#7725 = VECTOR('',#7726,1.);
#7726 = DIRECTION('',(-5.293983889413E-03,-0.999985986769));
#7727 = ( GEOMETRIC_REPRESENTATION_CONTEXT(2) 
PARAMETRIC_REPRESENTATION_CONTEXT() REPRESENTATION_CONTEXT('2D SPACE',''
  ) );
#7728 = PCURVE('',#1859,#7729);
#7729 = DEFINITIONAL_REPRESENTATION('',(#7730),#7734);
#7730 = LINE('',#7731,#7732);
#7731 = CARTESIAN_POINT('',(3.485752177254E-02,7.263246676003));
#7732 = VECTOR('',#7733,1.);
#7733 = DIRECTION('',(-4.799110083323E-03,-0.999988484205));
#7734 = ( GEOMETRIC_REPRESENTATION_CONTEXT(2) 
PARAMETRIC_REPRESENTATION_CONTEXT() REPRESENTATION_CONTEXT('2D SPACE',''
  ) );
#7735 = ADVANCED_FACE('',(#7736),#1859,.T.);
#7736 = FACE_BOUND('',#7737,.T.);
#7737 = EDGE_LOOP('',(#7738,#7739,#7740));
#7738 = ORIENTED_EDGE('',*,*,#7715,.F.);
#7739 = ORIENTED_EDGE('',*,*,#1843,.T.);
#7740 = ORIENTED_EDGE('',*,*,#7741,.F.);
#7741 = EDGE_CURVE('',#7692,#1844,#7742,.T.);
#7742 = SURFACE_CURVE('',#7743,(#7747,#7754),.PCURVE_S1.);
#7743 = LINE('',#7744,#7745);
#7744 = CARTESIAN_POINT('',(-44.04661844802,38.110713447756,
    20.452704186008));
#7745 = VECTOR('',#7746,1.);
#7746 = DIRECTION('',(1.40262827507E-02,-4.793539952201E-03,
    -0.999890136648));
#7747 = PCURVE('',#1859,#7748);
#7748 = DEFINITIONAL_REPRESENTATION('',(#7749),#7753);
#7749 = LINE('',#7750,#7751);
#7750 = CARTESIAN_POINT('',(0.,0.));
#7751 = VECTOR('',#7752,1.);
#7752 = DIRECTION('',(-1.458854854706E-02,0.999893581463));
#7753 = ( GEOMETRIC_REPRESENTATION_CONTEXT(2) 
PARAMETRIC_REPRESENTATION_CONTEXT() REPRESENTATION_CONTEXT('2D SPACE',''
  ) );
#7754 = PCURVE('',#7755,#7760);
#7755 = PLANE('',#7756);
#7756 = AXIS2_PLACEMENT_3D('',#7757,#7758,#7759);
#7757 = CARTESIAN_POINT('',(-43.94244286806,38.060457371343,
    20.438839057224));
#7758 = DIRECTION('',(-0.434691075327,-0.900577869716,
    -1.780339527255E-03));
#7759 = DIRECTION('',(-0.900579296959,0.434691764229,-1.278401094622E-21
    ));
#7760 = DEFINITIONAL_REPRESENTATION('',(#7761),#7765);
#7761 = LINE('',#7762,#7763);
#7762 = CARTESIAN_POINT('',(0.115664273074,-1.386515075772E-02));
#7763 = VECTOR('',#7764,1.);
#7764 = DIRECTION('',(-1.47154921973E-02,0.999891721283));
#7765 = ( GEOMETRIC_REPRESENTATION_CONTEXT(2) 
PARAMETRIC_REPRESENTATION_CONTEXT() REPRESENTATION_CONTEXT('2D SPACE',''
  ) );
#7766 = ADVANCED_FACE('',(#7767),#7645,.F.);
#7767 = FACE_BOUND('',#7768,.F.);
#7768 = EDGE_LOOP('',(#7769,#7770,#7796));
#7769 = ORIENTED_EDGE('',*,*,#7631,.T.);
#7770 = ORIENTED_EDGE('',*,*,#7771,.T.);
#7771 = EDGE_CURVE('',#7609,#7692,#7772,.T.);
#7772 = SURFACE_CURVE('',#7773,(#7777,#7784),.PCURVE_S1.);
#7773 = LINE('',#7774,#7775);
#7774 = CARTESIAN_POINT('',(-44.14100953245,38.213822916159,
    20.481546212919));
#7775 = VECTOR('',#7776,1.);
#7776 = DIRECTION('',(0.661305900692,-0.722387080159,-0.20206784041));
#7777 = PCURVE('',#7645,#7778);
#7778 = DEFINITIONAL_REPRESENTATION('',(#7779),#7783);
#7779 = LINE('',#7780,#7781);
#7780 = CARTESIAN_POINT('',(-3.094247612166E-02,7.254033316178));
#7781 = VECTOR('',#7782,1.);
#7782 = DIRECTION('',(-0.979371523324,-0.202067858161));
#7783 = ( GEOMETRIC_REPRESENTATION_CONTEXT(2) 
PARAMETRIC_REPRESENTATION_CONTEXT() REPRESENTATION_CONTEXT('2D SPACE',''
  ) );
#7784 = PCURVE('',#7785,#7790);
#7785 = PLANE('',#7786);
#7786 = AXIS2_PLACEMENT_3D('',#7787,#7788,#7789);
#7787 = CARTESIAN_POINT('',(-42.27148375362,39.014144755374,
    20.453528989748));
#7788 = DIRECTION('',(9.465035822732E-02,-0.18686937052,0.977814475271)
  );
#7789 = DIRECTION('',(2.564761891847E-18,0.982224094332,0.18771208942));
#7790 = DEFINITIONAL_REPRESENTATION('',(#7791),#7795);
#7791 = LINE('',#7792,#7793);
#7792 = CARTESIAN_POINT('',(-0.780836222195,1.877956720191));
#7793 = VECTOR('',#7794,1.);
#7794 = DIRECTION('',(-0.747476572094,-0.66428817103));
#7795 = ( GEOMETRIC_REPRESENTATION_CONTEXT(2) 
PARAMETRIC_REPRESENTATION_CONTEXT() REPRESENTATION_CONTEXT('2D SPACE',''
  ) );
#7796 = ORIENTED_EDGE('',*,*,#7691,.F.);
#7797 = ADVANCED_FACE('',(#7798),#7755,.T.);
#7798 = FACE_BOUND('',#7799,.T.);
#7799 = EDGE_LOOP('',(#7800,#7828,#7829));
#7800 = ORIENTED_EDGE('',*,*,#7801,.F.);
#7801 = EDGE_CURVE('',#7692,#7802,#7804,.T.);
#7802 = VERTEX_POINT('',#7803);
#7803 = CARTESIAN_POINT('',(-43.94244286806,38.060457371343,
    20.438839057224));
#7804 = SURFACE_CURVE('',#7805,(#7809,#7816),.PCURVE_S1.);
#7805 = LINE('',#7806,#7807);
#7806 = CARTESIAN_POINT('',(-44.04661844802,38.110713447756,
    20.452704186008));
#7807 = VECTOR('',#7808,1.);
#7808 = DIRECTION('',(0.894269746629,-0.431410976931,-0.119021801562));
#7809 = PCURVE('',#7755,#7810);
#7810 = DEFINITIONAL_REPRESENTATION('',(#7811),#7815);
#7811 = LINE('',#7812,#7813);
#7812 = CARTESIAN_POINT('',(0.115664273074,-1.386515075772E-02));
#7813 = VECTOR('',#7814,1.);
#7814 = DIRECTION('',(-0.992891618381,0.119021990188));
#7815 = ( GEOMETRIC_REPRESENTATION_CONTEXT(2) 
PARAMETRIC_REPRESENTATION_CONTEXT() REPRESENTATION_CONTEXT('2D SPACE',''
  ) );
#7816 = PCURVE('',#7817,#7822);
#7817 = PLANE('',#7818);
#7818 = AXIS2_PLACEMENT_3D('',#7819,#7820,#7821);
#7819 = CARTESIAN_POINT('',(-43.8388111435,38.039380510766,
    20.455852141856));
#7820 = DIRECTION('',(-0.252217971388,-0.705535657653,0.662273003141));
#7821 = DIRECTION('',(5.487156557959E-18,-0.684399327139,-0.72910737276)
  );
#7822 = DEFINITIONAL_REPRESENTATION('',(#7823),#7827);
#7823 = LINE('',#7824,#7825);
#7824 = CARTESIAN_POINT('',(-4.652501626073E-02,-0.214750078462));
#7825 = VECTOR('',#7826,1.);
#7826 = DIRECTION('',(0.382037055369,0.924147005798));
#7827 = ( GEOMETRIC_REPRESENTATION_CONTEXT(2) 
PARAMETRIC_REPRESENTATION_CONTEXT() REPRESENTATION_CONTEXT('2D SPACE',''
  ) );
#7828 = ORIENTED_EDGE('',*,*,#7741,.T.);
#7829 = ORIENTED_EDGE('',*,*,#7830,.T.);
#7830 = EDGE_CURVE('',#1844,#7802,#7831,.T.);
#7831 = SURFACE_CURVE('',#7832,(#7836,#7843),.PCURVE_S1.);
#7832 = LINE('',#7833,#7834);
#7833 = CARTESIAN_POINT('',(-43.94528814438,38.076083398763,
    13.229181535761));
#7834 = VECTOR('',#7835,1.);
#7835 = DIRECTION('',(3.946469586543E-04,-2.16736917874E-03,
    0.999997573379));
#7836 = PCURVE('',#7755,#7837);
#7837 = DEFINITIONAL_REPRESENTATION('',(#7838),#7842);
#7838 = LINE('',#7839,#7840);
#7839 = CARTESIAN_POINT('',(9.354902373259E-03,7.209668947387));
#7840 = VECTOR('',#7841,1.);
#7841 = DIRECTION('',(-1.297548412613E-03,-0.999999158184));
#7842 = ( GEOMETRIC_REPRESENTATION_CONTEXT(2) 
PARAMETRIC_REPRESENTATION_CONTEXT() REPRESENTATION_CONTEXT('2D SPACE',''
  ) );
#7843 = PCURVE('',#1975,#7844);
#7844 = DEFINITIONAL_REPRESENTATION('',(#7845),#7849);
#7845 = LINE('',#7846,#7847);
#7846 = CARTESIAN_POINT('',(6.699050526477E-03,7.209671904312));
#7847 = VECTOR('',#7848,1.);
#7848 = DIRECTION('',(-9.291751030448E-04,-0.999999568317));
#7849 = ( GEOMETRIC_REPRESENTATION_CONTEXT(2) 
PARAMETRIC_REPRESENTATION_CONTEXT() REPRESENTATION_CONTEXT('2D SPACE',''
  ) );
#7850 = ADVANCED_FACE('',(#7851),#1975,.T.);
#7851 = FACE_BOUND('',#7852,.T.);
#7852 = EDGE_LOOP('',(#7853,#7854,#7855));
#7853 = ORIENTED_EDGE('',*,*,#7830,.F.);
#7854 = ORIENTED_EDGE('',*,*,#1959,.T.);
#7855 = ORIENTED_EDGE('',*,*,#7856,.F.);
#7856 = EDGE_CURVE('',#7802,#1960,#7857,.T.);
#7857 = SURFACE_CURVE('',#7858,(#7862,#7869),.PCURVE_S1.);
#7858 = LINE('',#7859,#7860);
#7859 = CARTESIAN_POINT('',(-43.94244286806,38.060457371343,
    20.438839057224));
#7860 = VECTOR('',#7861,1.);
#7861 = DIRECTION('',(1.44208492278E-02,-1.699470205185E-03,
    -0.999894569897));
#7862 = PCURVE('',#1975,#7863);
#7863 = DEFINITIONAL_REPRESENTATION('',(#7864),#7868);
#7864 = LINE('',#7865,#7866);
#7865 = CARTESIAN_POINT('',(0.,0.));
#7866 = VECTOR('',#7867,1.);
#7867 = DIRECTION('',(-1.438262995154E-02,0.999896564628));
#7868 = ( GEOMETRIC_REPRESENTATION_CONTEXT(2) 
PARAMETRIC_REPRESENTATION_CONTEXT() REPRESENTATION_CONTEXT('2D SPACE',''
  ) );
#7869 = PCURVE('',#7870,#7875);
#7870 = PLANE('',#7871);
#7871 = AXIS2_PLACEMENT_3D('',#7872,#7873,#7874);
#7872 = CARTESIAN_POINT('',(-43.8388111435,38.039380510766,
    20.455852141856));
#7873 = DIRECTION('',(-0.199111804817,-0.979976037784,
    -1.206048392532E-03));
#7874 = DIRECTION('',(-0.979976750498,0.199111949626,-1.04929000536E-20)
  );
#7875 = DEFINITIONAL_REPRESENTATION('',(#7876),#7880);
#7876 = LINE('',#7877,#7878);
#7877 = CARTESIAN_POINT('',(0.105753335491,1.701309700607E-02));
#7878 = VECTOR('',#7879,1.);
#7879 = DIRECTION('',(-1.447048179156E-02,0.999895297097));
#7880 = ( GEOMETRIC_REPRESENTATION_CONTEXT(2) 
PARAMETRIC_REPRESENTATION_CONTEXT() REPRESENTATION_CONTEXT('2D SPACE',''
  ) );
#7881 = ADVANCED_FACE('',(#7882),#7870,.T.);
#7882 = FACE_BOUND('',#7883,.T.);
#7883 = EDGE_LOOP('',(#7884,#7907,#7908));
#7884 = ORIENTED_EDGE('',*,*,#7885,.F.);
#7885 = EDGE_CURVE('',#7802,#7886,#7888,.T.);
#7886 = VERTEX_POINT('',#7887);
#7887 = CARTESIAN_POINT('',(-43.8388111435,38.039380510766,
    20.455852141856));
#7888 = SURFACE_CURVE('',#7889,(#7893,#7900),.PCURVE_S1.);
#7889 = LINE('',#7890,#7891);
#7890 = CARTESIAN_POINT('',(-43.94244286806,38.060457371343,
    20.438839057224));
#7891 = VECTOR('',#7892,1.);
#7892 = DIRECTION('',(0.967498251906,-0.196772039162,0.158832922164));
#7893 = PCURVE('',#7870,#7894);
#7894 = DEFINITIONAL_REPRESENTATION('',(#7895),#7899);
#7895 = LINE('',#7896,#7897);
#7896 = CARTESIAN_POINT('',(0.105753335491,1.701309700607E-02));
#7897 = VECTOR('',#7898,1.);
#7898 = DIRECTION('',(-0.987305457364,-0.158833037679));
#7899 = ( GEOMETRIC_REPRESENTATION_CONTEXT(2) 
PARAMETRIC_REPRESENTATION_CONTEXT() REPRESENTATION_CONTEXT('2D SPACE',''
  ) );
#7900 = PCURVE('',#7817,#7901);
#7901 = DEFINITIONAL_REPRESENTATION('',(#7902),#7906);
#7902 = LINE('',#7903,#7904);
#7903 = CARTESIAN_POINT('',(-2.020623758565E-03,-0.107094026523));
#7904 = VECTOR('',#7905,1.);
#7905 = DIRECTION('',(1.886439661546E-02,0.999822051437));
#7906 = ( GEOMETRIC_REPRESENTATION_CONTEXT(2) 
PARAMETRIC_REPRESENTATION_CONTEXT() REPRESENTATION_CONTEXT('2D SPACE',''
  ) );
#7907 = ORIENTED_EDGE('',*,*,#7856,.T.);
#7908 = ORIENTED_EDGE('',*,*,#7909,.F.);
#7909 = EDGE_CURVE('',#7886,#1960,#7910,.T.);
#7910 = SURFACE_CURVE('',#7911,(#7915,#7922),.PCURVE_S1.);
#7911 = LINE('',#7912,#7913);
#7912 = CARTESIAN_POINT('',(-43.8388111435,38.039380510766,
    20.455852141856));
#7913 = VECTOR('',#7914,1.);
#7914 = DIRECTION('',(2.690574972524E-05,1.225224075048E-03,
    -0.999999249051));
#7915 = PCURVE('',#7870,#7916);
#7916 = DEFINITIONAL_REPRESENTATION('',(#7917),#7921);
#7917 = LINE('',#7918,#7919);
#7918 = CARTESIAN_POINT('',(0.,0.));
#7919 = VECTOR('',#7920,1.);
#7920 = DIRECTION('',(2.175897451262E-04,0.999999976327));
#7921 = ( GEOMETRIC_REPRESENTATION_CONTEXT(2) 
PARAMETRIC_REPRESENTATION_CONTEXT() REPRESENTATION_CONTEXT('2D SPACE',''
  ) );
#7922 = PCURVE('',#7923,#7928);
#7923 = PLANE('',#7924);
#7924 = AXIS2_PLACEMENT_3D('',#7925,#7926,#7927);
#7925 = CARTESIAN_POINT('',(-43.71778591279,38.008739386481,
    20.434178665984));
#7926 = DIRECTION('',(-0.245636420576,-0.969361296188,-1.19429472642E-03
    ));
#7927 = DIRECTION('',(-0.969361987508,0.245636595756,-5.366741139242E-21
    ));
#7928 = DEFINITIONAL_REPRESENTATION('',(#7929),#7933);
#7929 = LINE('',#7930,#7931);
#7930 = CARTESIAN_POINT('',(0.124843839638,-2.167349132909E-02));
#7931 = VECTOR('',#7932,1.);
#7932 = DIRECTION('',(2.748784598046E-04,0.999999962221));
#7933 = ( GEOMETRIC_REPRESENTATION_CONTEXT(2) 
PARAMETRIC_REPRESENTATION_CONTEXT() REPRESENTATION_CONTEXT('2D SPACE',''
  ) );
#7934 = ADVANCED_FACE('',(#7935),#2091,.T.);
#7935 = FACE_BOUND('',#7936,.T.);
#7936 = EDGE_LOOP('',(#7937,#7960,#7961));
#7937 = ORIENTED_EDGE('',*,*,#7938,.F.);
#7938 = EDGE_CURVE('',#1960,#7939,#7941,.T.);
#7939 = VERTEX_POINT('',#7940);
#7940 = CARTESIAN_POINT('',(-43.71778591279,38.008739386481,
    20.434178665984));
#7941 = SURFACE_CURVE('',#7942,(#7946,#7953),.PCURVE_S1.);
#7942 = LINE('',#7943,#7944);
#7943 = CARTESIAN_POINT('',(-43.83861699254,38.048221685414,
    13.239892066262));
#7944 = VECTOR('',#7945,1.);
#7945 = DIRECTION('',(1.679280085508E-02,-5.487151026569E-03,
    0.999843934328));
#7946 = PCURVE('',#2091,#7947);
#7947 = DEFINITIONAL_REPRESENTATION('',(#7948),#7952);
#7948 = LINE('',#7949,#7950);
#7949 = CARTESIAN_POINT('',(0.12681345986,7.194291975386));
#7950 = VECTOR('',#7951,1.);
#7951 = DIRECTION('',(-1.762421706097E-02,-0.999844681425));
#7952 = ( GEOMETRIC_REPRESENTATION_CONTEXT(2) 
PARAMETRIC_REPRESENTATION_CONTEXT() REPRESENTATION_CONTEXT('2D SPACE',''
  ) );
#7953 = PCURVE('',#7923,#7954);
#7954 = DEFINITIONAL_REPRESENTATION('',(#7955),#7959);
#7955 = LINE('',#7956,#7957);
#7956 = CARTESIAN_POINT('',(0.126827353119,7.194291730477));
#7957 = VECTOR('',#7958,1.);
#7958 = DIRECTION('',(-1.762614791128E-02,-0.999844647388));
#7959 = ( GEOMETRIC_REPRESENTATION_CONTEXT(2) 
PARAMETRIC_REPRESENTATION_CONTEXT() REPRESENTATION_CONTEXT('2D SPACE',''
  ) );
#7960 = ORIENTED_EDGE('',*,*,#2075,.T.);
#7961 = ORIENTED_EDGE('',*,*,#7962,.T.);
#7962 = EDGE_CURVE('',#2076,#7939,#7963,.T.);
#7963 = SURFACE_CURVE('',#7964,(#7968,#7975),.PCURVE_S1.);
#7964 = LINE('',#7965,#7966);
#7965 = CARTESIAN_POINT('',(-43.75044882705,38.02609707462,
    13.18647657626));
#7966 = VECTOR('',#7967,1.);
#7967 = DIRECTION('',(4.506599264829E-03,-2.394891771524E-03,
    0.999986977443));
#7968 = PCURVE('',#2091,#7969);
#7969 = DEFINITIONAL_REPRESENTATION('',(#7970),#7974);
#7970 = LINE('',#7971,#7972);
#7971 = CARTESIAN_POINT('',(3.59117572163E-02,7.247707505301));
#7972 = VECTOR('',#7973,1.);
#7973 = DIRECTION('',(-4.954851773548E-03,-0.999987724647));
#7974 = ( GEOMETRIC_REPRESENTATION_CONTEXT(2) 
PARAMETRIC_REPRESENTATION_CONTEXT() REPRESENTATION_CONTEXT('2D SPACE',''
  ) );
#7975 = PCURVE('',#7976,#7981);
#7976 = PLANE('',#7977);
#7977 = AXIS2_PLACEMENT_3D('',#7978,#7979,#7980);
#7978 = CARTESIAN_POINT('',(-43.59048624088,37.983665220789,
    20.465953646108));
#7979 = DIRECTION('',(-0.192900396297,-0.981217226164,
    -1.480603558124E-03));
#7980 = DIRECTION('',(-0.981218301672,0.192900607734,2.226006377896E-20)
  );
#7981 = DEFINITIONAL_REPRESENTATION('',(#7982),#7986);
#7982 = LINE('',#7983,#7984);
#7983 = CARTESIAN_POINT('',(0.16514334753,7.279485048849));
#7984 = VECTOR('',#7985,1.);
#7985 = DIRECTION('',(-4.883933755135E-03,-0.999988073524));
#7986 = ( GEOMETRIC_REPRESENTATION_CONTEXT(2) 
PARAMETRIC_REPRESENTATION_CONTEXT() REPRESENTATION_CONTEXT('2D SPACE',''
  ) );
#7987 = ADVANCED_FACE('',(#7988),#7923,.T.);
#7988 = FACE_BOUND('',#7989,.T.);
#7989 = EDGE_LOOP('',(#7990,#8016,#8017));
#7990 = ORIENTED_EDGE('',*,*,#7991,.F.);
#7991 = EDGE_CURVE('',#7886,#7939,#7992,.T.);
#7992 = SURFACE_CURVE('',#7993,(#7997,#8004),.PCURVE_S1.);
#7993 = LINE('',#7994,#7995);
#7994 = CARTESIAN_POINT('',(-43.8388111435,38.039380510766,
    20.455852141856));
#7995 = VECTOR('',#7996,1.);
#7996 = DIRECTION('',(0.955126654879,-0.241818622182,-0.171046271824));
#7997 = PCURVE('',#7923,#7998);
#7998 = DEFINITIONAL_REPRESENTATION('',(#7999),#8003);
#7999 = LINE('',#8000,#8001);
#8000 = CARTESIAN_POINT('',(0.124843839638,-2.167349132909E-02));
#8001 = VECTOR('',#8002,1.);
#8002 = DIRECTION('',(-0.985262975639,0.17104639381));
#8003 = ( GEOMETRIC_REPRESENTATION_CONTEXT(2) 
PARAMETRIC_REPRESENTATION_CONTEXT() REPRESENTATION_CONTEXT('2D SPACE',''
  ) );
#8004 = PCURVE('',#8005,#8010);
#8005 = PLANE('',#8006);
#8006 = AXIS2_PLACEMENT_3D('',#8007,#8008,#8009);
#8007 = CARTESIAN_POINT('',(-42.73590616042,38.227599408523,
    20.395943725123));
#8008 = DIRECTION('',(9.979859728101E-02,-0.280976516308,0.954511622383)
  );
#8009 = DIRECTION('',(4.336485506024E-19,0.959300779714,0.282386285148)
  );
#8010 = DEFINITIONAL_REPRESENTATION('',(#8011),#8015);
#8011 = LINE('',#8012,#8013);
#8012 = CARTESIAN_POINT('',(-0.163641220125,1.108438687815));
#8013 = VECTOR('',#8014,1.);
#8014 = DIRECTION('',(-0.280277914097,-0.959918898069));
#8015 = ( GEOMETRIC_REPRESENTATION_CONTEXT(2) 
PARAMETRIC_REPRESENTATION_CONTEXT() REPRESENTATION_CONTEXT('2D SPACE',''
  ) );
#8016 = ORIENTED_EDGE('',*,*,#7909,.T.);
#8017 = ORIENTED_EDGE('',*,*,#7938,.T.);
#8018 = ADVANCED_FACE('',(#8019),#2207,.T.);
#8019 = FACE_BOUND('',#8020,.T.);
#8020 = EDGE_LOOP('',(#8021,#8044,#8045));
#8021 = ORIENTED_EDGE('',*,*,#8022,.F.);
#8022 = EDGE_CURVE('',#2076,#8023,#8025,.T.);
#8023 = VERTEX_POINT('',#8024);
#8024 = CARTESIAN_POINT('',(-43.59048624088,37.983665220789,
    20.465953646108));
#8025 = SURFACE_CURVE('',#8026,(#8030,#8037),.PCURVE_S1.);
#8026 = LINE('',#8027,#8028);
#8027 = CARTESIAN_POINT('',(-43.75044882705,38.02609707462,
    13.18647657626));
#8028 = VECTOR('',#8029,1.);
#8029 = DIRECTION('',(2.196878457351E-02,-5.82746427243E-03,
    0.999741673216));
#8030 = PCURVE('',#2207,#8031);
#8031 = DEFINITIONAL_REPRESENTATION('',(#8032),#8036);
#8032 = LINE('',#8033,#8034);
#8033 = CARTESIAN_POINT('',(0.164394349889,7.279502002154));
#8034 = VECTOR('',#8035,1.);
#8035 = DIRECTION('',(-2.257742978621E-02,-0.999745097344));
#8036 = ( GEOMETRIC_REPRESENTATION_CONTEXT(2) 
PARAMETRIC_REPRESENTATION_CONTEXT() REPRESENTATION_CONTEXT('2D SPACE',''
  ) );
#8037 = PCURVE('',#7976,#8038);
#8038 = DEFINITIONAL_REPRESENTATION('',(#8039),#8043);
#8039 = LINE('',#8040,#8041);
#8040 = CARTESIAN_POINT('',(0.16514334753,7.279485048849));
#8041 = VECTOR('',#8042,1.);
#8042 = DIRECTION('',(-2.268029488871E-02,-0.999742769028));
#8043 = ( GEOMETRIC_REPRESENTATION_CONTEXT(2) 
PARAMETRIC_REPRESENTATION_CONTEXT() REPRESENTATION_CONTEXT('2D SPACE',''
  ) );
#8044 = ORIENTED_EDGE('',*,*,#2191,.T.);
#8045 = ORIENTED_EDGE('',*,*,#8046,.T.);
#8046 = EDGE_CURVE('',#2192,#8023,#8047,.T.);
#8047 = SURFACE_CURVE('',#8048,(#8052,#8059),.PCURVE_S1.);
#8048 = LINE('',#8049,#8050);
#8049 = CARTESIAN_POINT('',(-43.61440152416,37.972692095437,
    13.220184687396));
#8050 = VECTOR('',#8051,1.);
#8051 = DIRECTION('',(3.300564195976E-03,1.514408348181E-03,0.9999934064
    ));
#8052 = PCURVE('',#2207,#8053);
#8053 = DEFINITIONAL_REPRESENTATION('',(#8054),#8058);
#8054 = LINE('',#8055,#8056);
#8055 = CARTESIAN_POINT('',(1.824048356241E-02,7.245793775568));
#8056 = VECTOR('',#8057,1.);
#8057 = DIRECTION('',(-2.517381301542E-03,-0.999996831391));
#8058 = ( GEOMETRIC_REPRESENTATION_CONTEXT(2) 
PARAMETRIC_REPRESENTATION_CONTEXT() REPRESENTATION_CONTEXT('2D SPACE',''
  ) );
#8059 = PCURVE('',#8060,#8065);
#8060 = PLANE('',#8061);
#8061 = AXIS2_PLACEMENT_3D('',#8062,#8063,#8064);
#8062 = CARTESIAN_POINT('',(-43.51404351314,37.984108891923,
    20.407517021973));
#8063 = DIRECTION('',(6.943968428544E-03,-0.999974778105,
    1.491460972457E-03));
#8064 = DIRECTION('',(-0.999975890307,-6.943976151832E-03,
    -6.725984016826E-22));
#8065 = DEFINITIONAL_REPRESENTATION('',(#8066),#8070);
#8066 = LINE('',#8067,#8068);
#8067 = CARTESIAN_POINT('',(0.100434869387,7.187340328542));
#8068 = VECTOR('',#8069,1.);
#8069 = DIRECTION('',(-3.31100063584E-03,-0.999994518622));
#8070 = ( GEOMETRIC_REPRESENTATION_CONTEXT(2) 
PARAMETRIC_REPRESENTATION_CONTEXT() REPRESENTATION_CONTEXT('2D SPACE',''
  ) );
#8071 = ADVANCED_FACE('',(#8072),#7976,.T.);
#8072 = FACE_BOUND('',#8073,.T.);
#8073 = EDGE_LOOP('',(#8074,#8100,#8101));
#8074 = ORIENTED_EDGE('',*,*,#8075,.F.);
#8075 = EDGE_CURVE('',#7939,#8023,#8076,.T.);
#8076 = SURFACE_CURVE('',#8077,(#8081,#8088),.PCURVE_S1.);
#8077 = LINE('',#8078,#8079);
#8078 = CARTESIAN_POINT('',(-43.71778591279,38.008739386481,
    20.434178665984));
#8079 = VECTOR('',#8080,1.);
#8080 = DIRECTION('',(0.952985767295,-0.187709227154,0.237872599039));
#8081 = PCURVE('',#7976,#8082);
#8082 = DEFINITIONAL_REPRESENTATION('',(#8083),#8087);
#8083 = LINE('',#8084,#8085);
#8084 = CARTESIAN_POINT('',(0.129745589677,3.177501495262E-02));
#8085 = VECTOR('',#8086,1.);
#8086 = DIRECTION('',(-0.971296300098,-0.23787285977));
#8087 = ( GEOMETRIC_REPRESENTATION_CONTEXT(2) 
PARAMETRIC_REPRESENTATION_CONTEXT() REPRESENTATION_CONTEXT('2D SPACE',''
  ) );
#8088 = PCURVE('',#8089,#8094);
#8089 = PLANE('',#8090);
#8090 = AXIS2_PLACEMENT_3D('',#8091,#8092,#8093);
#8091 = CARTESIAN_POINT('',(-42.73590616042,38.227599408523,
    20.395943725123));
#8092 = DIRECTION('',(-9.37384214337E-02,0.563886478474,0.820515172158)
  );
#8093 = DIRECTION('',(1.144845316924E-20,0.824143993248,-0.566380330161)
  );
#8094 = DEFINITIONAL_REPRESENTATION('',(#8095),#8099);
#8095 = LINE('',#8096,#8097);
#8096 = CARTESIAN_POINT('',(-0.202027690956,0.986222226555));
#8097 = VECTOR('',#8098,1.);
#8098 = DIRECTION('',(-0.289425793216,-0.957200454566));
#8099 = ( GEOMETRIC_REPRESENTATION_CONTEXT(2) 
PARAMETRIC_REPRESENTATION_CONTEXT() REPRESENTATION_CONTEXT('2D SPACE',''
  ) );
#8100 = ORIENTED_EDGE('',*,*,#7962,.F.);
#8101 = ORIENTED_EDGE('',*,*,#8022,.T.);
#8102 = ADVANCED_FACE('',(#8103),#2323,.T.);
#8103 = FACE_BOUND('',#8104,.T.);
#8104 = EDGE_LOOP('',(#8105,#8128,#8129));
#8105 = ORIENTED_EDGE('',*,*,#8106,.F.);
#8106 = EDGE_CURVE('',#2192,#8107,#8109,.T.);
#8107 = VERTEX_POINT('',#8108);
#8108 = CARTESIAN_POINT('',(-43.51404351314,37.984108891923,
    20.407517021973));
#8109 = SURFACE_CURVE('',#8110,(#8114,#8121),.PCURVE_S1.);
#8110 = LINE('',#8111,#8112);
#8111 = CARTESIAN_POINT('',(-43.61440152416,37.972692095437,
    13.220184687396));
#8112 = VECTOR('',#8113,1.);
#8113 = DIRECTION('',(1.396180081706E-02,1.588304081396E-03,
    0.99990126783));
#8114 = PCURVE('',#2323,#8115);
#8115 = DEFINITIONAL_REPRESENTATION('',(#8116),#8120);
#8116 = LINE('',#8117,#8118);
#8117 = CARTESIAN_POINT('',(0.100970631095,7.187332821911));
#8118 = VECTOR('',#8119,1.);
#8119 = DIRECTION('',(-1.404702848642E-02,-0.999901335628));
#8120 = ( GEOMETRIC_REPRESENTATION_CONTEXT(2) 
PARAMETRIC_REPRESENTATION_CONTEXT() REPRESENTATION_CONTEXT('2D SPACE',''
  ) );
#8121 = PCURVE('',#8060,#8122);
#8122 = DEFINITIONAL_REPRESENTATION('',(#8123),#8127);
#8123 = LINE('',#8124,#8125);
#8124 = CARTESIAN_POINT('',(0.100434869387,7.187340328542));
#8125 = VECTOR('',#8126,1.);
#8126 = DIRECTION('',(-1.397249334799E-02,-0.99990237995));
#8127 = ( GEOMETRIC_REPRESENTATION_CONTEXT(2) 
PARAMETRIC_REPRESENTATION_CONTEXT() REPRESENTATION_CONTEXT('2D SPACE',''
  ) );
#8128 = ORIENTED_EDGE('',*,*,#2307,.T.);
#8129 = ORIENTED_EDGE('',*,*,#8130,.F.);
#8130 = EDGE_CURVE('',#8107,#2308,#8131,.T.);
#8131 = SURFACE_CURVE('',#8132,(#8136,#8143),.PCURVE_S1.);
#8132 = LINE('',#8133,#8134);
#8133 = CARTESIAN_POINT('',(-43.51404351314,37.984108891923,
    20.407517021973));
#8134 = VECTOR('',#8135,1.);
#8135 = DIRECTION('',(5.244737128905E-03,1.108179055137E-03,
    -0.999985632233));
#8136 = PCURVE('',#2323,#8137);
#8137 = DEFINITIONAL_REPRESENTATION('',(#8138),#8142);
#8138 = LINE('',#8139,#8140);
#8139 = CARTESIAN_POINT('',(0.,0.));
#8140 = VECTOR('',#8141,1.);
#8141 = DIRECTION('',(-5.347870873319E-03,0.999985700036));
#8142 = ( GEOMETRIC_REPRESENTATION_CONTEXT(2) 
PARAMETRIC_REPRESENTATION_CONTEXT() REPRESENTATION_CONTEXT('2D SPACE',''
  ) );
#8143 = PCURVE('',#8144,#8149);
#8144 = PLANE('',#8145);
#8145 = AXIS2_PLACEMENT_3D('',#8146,#8147,#8148);
#8146 = CARTESIAN_POINT('',(-43.39031445389,37.944511967637,
    20.420756028986));
#8147 = DIRECTION('',(-0.304542476804,-0.952495061602,
    -2.652818427889E-03));
#8148 = DIRECTION('',(-0.952498413186,0.30454354841,1.439640745458E-20)
  );
#8149 = DEFINITIONAL_REPRESENTATION('',(#8150),#8154);
#8150 = LINE('',#8151,#8152);
#8151 = CARTESIAN_POINT('',(0.129910720424,1.323905359757E-02));
#8152 = VECTOR('',#8153,1.);
#8153 = DIRECTION('',(-4.658115011134E-03,0.999989150923));
#8154 = ( GEOMETRIC_REPRESENTATION_CONTEXT(2) 
PARAMETRIC_REPRESENTATION_CONTEXT() REPRESENTATION_CONTEXT('2D SPACE',''
  ) );
#8155 = ADVANCED_FACE('',(#8156),#8060,.T.);
#8156 = FACE_BOUND('',#8157,.T.);
#8157 = EDGE_LOOP('',(#8158,#8184,#8185));
#8158 = ORIENTED_EDGE('',*,*,#8159,.F.);
#8159 = EDGE_CURVE('',#8023,#8107,#8160,.T.);
#8160 = SURFACE_CURVE('',#8161,(#8165,#8172),.PCURVE_S1.);
#8161 = LINE('',#8162,#8163);
#8162 = CARTESIAN_POINT('',(-43.59048624088,37.983665220789,
    20.465953646108));
#8163 = VECTOR('',#8164,1.);
#8164 = DIRECTION('',(0.79444756563,4.610948127509E-03,-0.607315243199)
  );
#8165 = PCURVE('',#8060,#8166);
#8166 = DEFINITIONAL_REPRESENTATION('',(#8167),#8171);
#8167 = LINE('',#8168,#8169);
#8168 = CARTESIAN_POINT('',(7.644396557138E-02,-5.84366891308E-02));
#8169 = VECTOR('',#8170,1.);
#8170 = DIRECTION('',(-0.794460430057,0.607315918673));
#8171 = ( GEOMETRIC_REPRESENTATION_CONTEXT(2) 
PARAMETRIC_REPRESENTATION_CONTEXT() REPRESENTATION_CONTEXT('2D SPACE',''
  ) );
#8172 = PCURVE('',#8173,#8178);
#8173 = PLANE('',#8174);
#8174 = AXIS2_PLACEMENT_3D('',#8175,#8176,#8177);
#8175 = CARTESIAN_POINT('',(-42.73590616042,38.227599408523,
    20.395943725123));
#8176 = DIRECTION('',(0.283115265786,-0.88748571524,0.363613601951));
#8177 = DIRECTION('',(-3.648174069652E-18,-0.379125170509,
    -0.925345397723));
#8178 = DEFINITIONAL_REPRESENTATION('',(#8179),#8183);
#8179 = LINE('',#8180,#8181);
#8180 = CARTESIAN_POINT('',(2.769823233911E-02,-0.891036025547));
#8181 = VECTOR('',#8182,1.);
#8182 = DIRECTION('',(0.560228238766,0.828338288678));
#8183 = ( GEOMETRIC_REPRESENTATION_CONTEXT(2) 
PARAMETRIC_REPRESENTATION_CONTEXT() REPRESENTATION_CONTEXT('2D SPACE',''
  ) );
#8184 = ORIENTED_EDGE('',*,*,#8046,.F.);
#8185 = ORIENTED_EDGE('',*,*,#8106,.T.);
#8186 = ADVANCED_FACE('',(#8187),#2439,.T.);
#8187 = FACE_BOUND('',#8188,.T.);
#8188 = EDGE_LOOP('',(#8189,#8212,#8213));
#8189 = ORIENTED_EDGE('',*,*,#8190,.F.);
#8190 = EDGE_CURVE('',#2308,#8191,#8193,.T.);
#8191 = VERTEX_POINT('',#8192);
#8192 = CARTESIAN_POINT('',(-43.39031445389,37.944511967637,
    20.420756028986));
#8193 = SURFACE_CURVE('',#8194,(#8198,#8205),.PCURVE_S1.);
#8194 = LINE('',#8195,#8196);
#8195 = CARTESIAN_POINT('',(-43.47616489154,37.992112399833,
    13.185405324555));
#8196 = VECTOR('',#8197,1.);
#8197 = DIRECTION('',(1.186432296296E-02,-6.578264668558E-03,
    0.999907977903));
#8198 = PCURVE('',#2439,#8199);
#8199 = DEFINITIONAL_REPRESENTATION('',(#8200),#8204);
#8200 = LINE('',#8201,#8202);
#8201 = CARTESIAN_POINT('',(9.683585569376E-02,7.235368596826));
#8202 = VECTOR('',#8203,1.);
#8203 = DIRECTION('',(-1.338248118312E-02,-0.999910450589));
#8204 = ( GEOMETRIC_REPRESENTATION_CONTEXT(2) 
PARAMETRIC_REPRESENTATION_CONTEXT() REPRESENTATION_CONTEXT('2D SPACE',''
  ) );
#8205 = PCURVE('',#8144,#8206);
#8206 = DEFINITIONAL_REPRESENTATION('',(#8207),#8211);
#8207 = LINE('',#8208,#8209);
#8208 = CARTESIAN_POINT('',(9.626881015465E-02,7.235376163758));
#8209 = VECTOR('',#8210,1.);
#8210 = DIRECTION('',(-1.330411686029E-02,-0.999911496321));
#8211 = ( GEOMETRIC_REPRESENTATION_CONTEXT(2) 
PARAMETRIC_REPRESENTATION_CONTEXT() REPRESENTATION_CONTEXT('2D SPACE',''
  ) );
#8212 = ORIENTED_EDGE('',*,*,#2423,.T.);
#8213 = ORIENTED_EDGE('',*,*,#8214,.F.);
#8214 = EDGE_CURVE('',#8191,#2424,#8215,.T.);
#8215 = SURFACE_CURVE('',#8216,(#8220,#8227),.PCURVE_S1.);
#8216 = LINE('',#8217,#8218);
#8217 = CARTESIAN_POINT('',(-43.39031445389,37.944511967637,
    20.420756028986));
#8218 = VECTOR('',#8219,1.);
#8219 = DIRECTION('',(7.272066835445E-03,-2.252380598973E-04,
    -0.999973532806));
#8220 = PCURVE('',#2439,#8221);
#8221 = DEFINITIONAL_REPRESENTATION('',(#8222),#8226);
#8222 = LINE('',#8223,#8224);
#8223 = CARTESIAN_POINT('',(0.,0.));
#8224 = VECTOR('',#8225,1.);
#8225 = DIRECTION('',(-6.927345597811E-03,0.999976005654));
#8226 = ( GEOMETRIC_REPRESENTATION_CONTEXT(2) 
PARAMETRIC_REPRESENTATION_CONTEXT() REPRESENTATION_CONTEXT('2D SPACE',''
  ) );
#8227 = PCURVE('',#8228,#8233);
#8228 = PLANE('',#8229);
#8229 = AXIS2_PLACEMENT_3D('',#8230,#8231,#8232);
#8230 = CARTESIAN_POINT('',(-43.28046669536,38.020319567903,
    20.433654925311));
#8231 = DIRECTION('',(0.567641034982,-0.823264871956,4.313468292874E-03)
  );
#8232 = DIRECTION('',(-0.823272530899,-0.567646315823,
    -1.336908528801E-19));
#8233 = DEFINITIONAL_REPRESENTATION('',(#8234),#8238);
#8234 = LINE('',#8235,#8236);
#8235 = CARTESIAN_POINT('',(0.133466547185,1.289901632579E-02));
#8236 = VECTOR('',#8237,1.);
#8237 = DIRECTION('',(-5.859037313601E-03,0.999982835694));
#8238 = ( GEOMETRIC_REPRESENTATION_CONTEXT(2) 
PARAMETRIC_REPRESENTATION_CONTEXT() REPRESENTATION_CONTEXT('2D SPACE',''
  ) );
#8239 = ADVANCED_FACE('',(#8240),#8144,.T.);
#8240 = FACE_BOUND('',#8241,.T.);
#8241 = EDGE_LOOP('',(#8242,#8268,#8269));
#8242 = ORIENTED_EDGE('',*,*,#8243,.F.);
#8243 = EDGE_CURVE('',#8107,#8191,#8244,.T.);
#8244 = SURFACE_CURVE('',#8245,(#8249,#8256),.PCURVE_S1.);
#8245 = LINE('',#8246,#8247);
#8246 = CARTESIAN_POINT('',(-43.51404351314,37.984108891923,
    20.407517021973));
#8247 = VECTOR('',#8248,1.);
#8248 = DIRECTION('',(0.947508653875,-0.303230531748,0.10138340815));
#8249 = PCURVE('',#8144,#8250);
#8250 = DEFINITIONAL_REPRESENTATION('',(#8251),#8255);
#8251 = LINE('',#8252,#8253);
#8252 = CARTESIAN_POINT('',(0.129910720424,1.323905359757E-02));
#8253 = VECTOR('',#8254,1.);
#8254 = DIRECTION('',(-0.994847391421,-0.101383764892));
#8255 = ( GEOMETRIC_REPRESENTATION_CONTEXT(2) 
PARAMETRIC_REPRESENTATION_CONTEXT() REPRESENTATION_CONTEXT('2D SPACE',''
  ) );
#8256 = PCURVE('',#8257,#8262);
#8257 = PLANE('',#8258);
#8258 = AXIS2_PLACEMENT_3D('',#8259,#8260,#8261);
#8259 = CARTESIAN_POINT('',(-42.73590616042,38.227599408523,
    20.395943725123));
#8260 = DIRECTION('',(-4.451579001828E-02,0.188888979476,0.98098893871)
  );
#8261 = DIRECTION('',(4.119482912812E-19,0.981962376806,-0.189076414544)
  );
#8262 = DEFINITIONAL_REPRESENTATION('',(#8263),#8267);
#8263 = LINE('',#8264,#8265);
#8264 = CARTESIAN_POINT('',(-0.241286763883,0.778909500612));
#8265 = VECTOR('',#8266,1.);
#8266 = DIRECTION('',(-0.316930184983,-0.94844886939));
#8267 = ( GEOMETRIC_REPRESENTATION_CONTEXT(2) 
PARAMETRIC_REPRESENTATION_CONTEXT() REPRESENTATION_CONTEXT('2D SPACE',''
  ) );
#8268 = ORIENTED_EDGE('',*,*,#8130,.T.);
#8269 = ORIENTED_EDGE('',*,*,#8190,.T.);
#8270 = ADVANCED_FACE('',(#8271),#2555,.T.);
#8271 = FACE_BOUND('',#8272,.T.);
#8272 = EDGE_LOOP('',(#8273,#8296,#8297));
#8273 = ORIENTED_EDGE('',*,*,#8274,.F.);
#8274 = EDGE_CURVE('',#2424,#8275,#8277,.T.);
#8275 = VERTEX_POINT('',#8276);
#8276 = CARTESIAN_POINT('',(-43.28046669536,38.020319567903,
    20.433654925311));
#8277 = SURFACE_CURVE('',#8278,(#8282,#8289),.PCURVE_S1.);
#8278 = LINE('',#8279,#8280);
#8279 = CARTESIAN_POINT('',(-43.33778662381,37.942885020745,
    13.197714629351));
#8280 = VECTOR('',#8281,1.);
#8281 = DIRECTION('',(7.920857030175E-03,1.070043166022E-02,
    0.999911376466));
#8282 = PCURVE('',#2555,#8283);
#8283 = DEFINITIONAL_REPRESENTATION('',(#8284),#8288);
#8284 = LINE('',#8285,#8286);
#8285 = CARTESIAN_POINT('',(-9.634133243159E-02,-7.235940298099));
#8286 = VECTOR('',#8287,1.);
#8287 = DIRECTION('',(1.331309966391E-02,0.999911376762));
#8288 = ( GEOMETRIC_REPRESENTATION_CONTEXT(2) 
PARAMETRIC_REPRESENTATION_CONTEXT() REPRESENTATION_CONTEXT('2D SPACE',''
  ) );
#8289 = PCURVE('',#8228,#8290);
#8290 = DEFINITIONAL_REPRESENTATION('',(#8291),#8295);
#8291 = LINE('',#8292,#8293);
#8292 = CARTESIAN_POINT('',(9.114535798381E-02,7.236007612883));
#8293 = VECTOR('',#8294,1.);
#8294 = DIRECTION('',(-1.259508462376E-02,-0.999920678776));
#8295 = ( GEOMETRIC_REPRESENTATION_CONTEXT(2) 
PARAMETRIC_REPRESENTATION_CONTEXT() REPRESENTATION_CONTEXT('2D SPACE',''
  ) );
#8296 = ORIENTED_EDGE('',*,*,#2539,.T.);
#8297 = ORIENTED_EDGE('',*,*,#8298,.F.);
#8298 = EDGE_CURVE('',#8275,#2540,#8299,.T.);
#8299 = SURFACE_CURVE('',#8300,(#8304,#8311),.PCURVE_S1.);
#8300 = LINE('',#8301,#8302);
#8301 = CARTESIAN_POINT('',(-43.28046669536,38.020319567903,
    20.433654925311));
#8302 = VECTOR('',#8303,1.);
#8303 = DIRECTION('',(1.196815769936E-03,1.663960403851E-03,
    -0.999997899432));
#8304 = PCURVE('',#2555,#8305);
#8305 = DEFINITIONAL_REPRESENTATION('',(#8306),#8310);
#8306 = LINE('',#8307,#8308);
#8307 = CARTESIAN_POINT('',(0.,0.));
#8308 = VECTOR('',#8309,1.);
#8309 = DIRECTION('',(2.049522130688E-03,-0.999997899727));
#8310 = ( GEOMETRIC_REPRESENTATION_CONTEXT(2) 
PARAMETRIC_REPRESENTATION_CONTEXT() REPRESENTATION_CONTEXT('2D SPACE',''
  ) );
#8311 = PCURVE('',#2671,#8312);
#8312 = DEFINITIONAL_REPRESENTATION('',(#8313),#8317);
#8313 = LINE('',#8314,#8315);
#8314 = CARTESIAN_POINT('',(0.,0.));
#8315 = VECTOR('',#8316,1.);
#8316 = DIRECTION('',(-8.274495933063E-04,0.999999657664));
#8317 = ( GEOMETRIC_REPRESENTATION_CONTEXT(2) 
PARAMETRIC_REPRESENTATION_CONTEXT() REPRESENTATION_CONTEXT('2D SPACE',''
  ) );
#8318 = ADVANCED_FACE('',(#8319),#2671,.T.);
#8319 = FACE_BOUND('',#8320,.T.);
#8320 = EDGE_LOOP('',(#8321,#8322,#8323));
#8321 = ORIENTED_EDGE('',*,*,#8298,.T.);
#8322 = ORIENTED_EDGE('',*,*,#2655,.T.);
#8323 = ORIENTED_EDGE('',*,*,#8324,.F.);
#8324 = EDGE_CURVE('',#8275,#2656,#8325,.T.);
#8325 = SURFACE_CURVE('',#8326,(#8330,#8337),.PCURVE_S1.);
#8326 = LINE('',#8327,#8328);
#8327 = CARTESIAN_POINT('',(-43.28046669536,38.020319567903,
    20.433654925311));
#8328 = VECTOR('',#8329,1.);
#8329 = DIRECTION('',(1.49113927623E-02,-1.230412006939E-03,
    -0.999888061961));
#8330 = PCURVE('',#2671,#8331);
#8331 = DEFINITIONAL_REPRESENTATION('',(#8332),#8336);
#8332 = LINE('',#8333,#8334);
#8333 = CARTESIAN_POINT('',(0.,0.));
#8334 = VECTOR('',#8335,1.);
#8335 = DIRECTION('',(-1.484411873007E-02,0.99988982));
#8336 = ( GEOMETRIC_REPRESENTATION_CONTEXT(2) 
PARAMETRIC_REPRESENTATION_CONTEXT() REPRESENTATION_CONTEXT('2D SPACE',''
  ) );
#8337 = PCURVE('',#8338,#8343);
#8338 = PLANE('',#8339);
#8339 = AXIS2_PLACEMENT_3D('',#8340,#8341,#8342);
#8340 = CARTESIAN_POINT('',(-43.14531873106,38.031065148616,
    20.471164220374));
#8341 = DIRECTION('',(7.859776002033E-02,-0.996903524685,
    2.398872661534E-03));
#8342 = DIRECTION('',(-0.996906393083,-7.859798617025E-02,
    -2.348325149494E-20));
#8343 = DEFINITIONAL_REPRESENTATION('',(#8344),#8348);
#8344 = LINE('',#8345,#8346);
#8345 = CARTESIAN_POINT('',(0.135574450624,3.750940298907E-02));
#8346 = VECTOR('',#8347,1.);
#8347 = DIRECTION('',(-1.47685548686E-02,0.999890938946));
#8348 = ( GEOMETRIC_REPRESENTATION_CONTEXT(2) 
PARAMETRIC_REPRESENTATION_CONTEXT() REPRESENTATION_CONTEXT('2D SPACE',''
  ) );
#8349 = ADVANCED_FACE('',(#8350),#8228,.T.);
#8350 = FACE_BOUND('',#8351,.T.);
#8351 = EDGE_LOOP('',(#8352,#8378,#8379));
#8352 = ORIENTED_EDGE('',*,*,#8353,.F.);
#8353 = EDGE_CURVE('',#8191,#8275,#8354,.T.);
#8354 = SURFACE_CURVE('',#8355,(#8359,#8366),.PCURVE_S1.);
#8355 = LINE('',#8356,#8357);
#8356 = CARTESIAN_POINT('',(-43.39031445389,37.944511967637,
    20.420756028986));
#8357 = VECTOR('',#8358,1.);
#8358 = DIRECTION('',(0.819218842165,0.565355318532,9.619694615511E-02)
  );
#8359 = PCURVE('',#8228,#8360);
#8360 = DEFINITIONAL_REPRESENTATION('',(#8361),#8365);
#8361 = LINE('',#8362,#8363);
#8362 = CARTESIAN_POINT('',(0.133466547185,1.289901632579E-02));
#8363 = VECTOR('',#8364,1.);
#8364 = DIRECTION('',(-0.995362233245,-9.619784108821E-02));
#8365 = ( GEOMETRIC_REPRESENTATION_CONTEXT(2) 
PARAMETRIC_REPRESENTATION_CONTEXT() REPRESENTATION_CONTEXT('2D SPACE',''
  ) );
#8366 = PCURVE('',#8367,#8372);
#8367 = PLANE('',#8368);
#8368 = AXIS2_PLACEMENT_3D('',#8369,#8370,#8371);
#8369 = CARTESIAN_POINT('',(-42.99227382661,38.027308079803,
    20.450919782729));
#8370 = DIRECTION('',(5.750282819371E-02,8.591776810006E-02,
    -0.994641423768));
#8371 = DIRECTION('',(6.439888114109E-19,-0.996289941464,
    -8.60601681226E-02));
#8372 = DEFINITIONAL_REPRESENTATION('',(#8373),#8377);
#8373 = LINE('',#8374,#8375);
#8374 = CARTESIAN_POINT('',(8.508483146164E-02,0.398700339421));
#8375 = VECTOR('',#8376,1.);
#8376 = DIRECTION('',(-0.571536542565,-0.820576614651));
#8377 = ( GEOMETRIC_REPRESENTATION_CONTEXT(2) 
PARAMETRIC_REPRESENTATION_CONTEXT() REPRESENTATION_CONTEXT('2D SPACE',''
  ) );
#8378 = ORIENTED_EDGE('',*,*,#8214,.T.);
#8379 = ORIENTED_EDGE('',*,*,#8274,.T.);
#8380 = ADVANCED_FACE('',(#8381),#8338,.T.);
#8381 = FACE_BOUND('',#8382,.T.);
#8382 = EDGE_LOOP('',(#8383,#8411,#8412));
#8383 = ORIENTED_EDGE('',*,*,#8384,.F.);
#8384 = EDGE_CURVE('',#8275,#8385,#8387,.T.);
#8385 = VERTEX_POINT('',#8386);
#8386 = CARTESIAN_POINT('',(-43.14531873106,38.031065148616,
    20.471164220374));
#8387 = SURFACE_CURVE('',#8388,(#8392,#8399),.PCURVE_S1.);
#8388 = LINE('',#8389,#8390);
#8389 = CARTESIAN_POINT('',(-43.28046669536,38.020319567903,
    20.433654925311));
#8390 = VECTOR('',#8391,1.);
#8391 = DIRECTION('',(0.960760821462,7.638985171969E-02,0.266651897607)
  );
#8392 = PCURVE('',#8338,#8393);
#8393 = DEFINITIONAL_REPRESENTATION('',(#8394),#8398);
#8394 = LINE('',#8395,#8396);
#8395 = CARTESIAN_POINT('',(0.135574450624,3.750940298907E-02));
#8396 = VECTOR('',#8397,1.);
#8397 = DIRECTION('',(-0.963792693649,-0.266652664846));
#8398 = ( GEOMETRIC_REPRESENTATION_CONTEXT(2) 
PARAMETRIC_REPRESENTATION_CONTEXT() REPRESENTATION_CONTEXT('2D SPACE',''
  ) );
#8399 = PCURVE('',#8400,#8405);
#8400 = PLANE('',#8401);
#8401 = AXIS2_PLACEMENT_3D('',#8402,#8403,#8404);
#8402 = CARTESIAN_POINT('',(-42.99227382661,38.027308079803,
    20.450919782729));
#8403 = DIRECTION('',(-8.759883909812E-03,0.969206427936,-0.246093812358
    ));
#8404 = DIRECTION('',(2.484565533382E-19,0.246103254976,0.969243616378)
  );
#8405 = DEFINITIONAL_REPRESENTATION('',(#8406),#8410);
#8406 = LINE('',#8407,#8408);
#8407 = CARTESIAN_POINT('',(-1.845374836608E-02,-0.288203926708));
#8408 = VECTOR('',#8409,1.);
#8409 = DIRECTION('',(0.277250440706,0.960797685847));
#8410 = ( GEOMETRIC_REPRESENTATION_CONTEXT(2) 
PARAMETRIC_REPRESENTATION_CONTEXT() REPRESENTATION_CONTEXT('2D SPACE',''
  ) );
#8411 = ORIENTED_EDGE('',*,*,#8324,.T.);
#8412 = ORIENTED_EDGE('',*,*,#8413,.T.);
#8413 = EDGE_CURVE('',#2656,#8385,#8414,.T.);
#8414 = SURFACE_CURVE('',#8415,(#8419,#8426),.PCURVE_S1.);
#8415 = LINE('',#8416,#8417);
#8416 = CARTESIAN_POINT('',(-43.17296015565,38.011448677076,
    13.224770594724));
#8417 = VECTOR('',#8418,1.);
#8418 = DIRECTION('',(3.814466015542E-03,2.707037178175E-03,
    0.99998906084));
#8419 = PCURVE('',#8338,#8420);
#8420 = DEFINITIONAL_REPRESENTATION('',(#8421),#8425);
#8421 = LINE('',#8422,#8423);
#8422 = CARTESIAN_POINT('',(2.909772805076E-02,7.246414475753));
#8423 = VECTOR('',#8424,1.);
#8424 = DIRECTION('',(-4.015433227785E-03,-0.999991938115));
#8425 = ( GEOMETRIC_REPRESENTATION_CONTEXT(2) 
PARAMETRIC_REPRESENTATION_CONTEXT() REPRESENTATION_CONTEXT('2D SPACE',''
  ) );
#8426 = PCURVE('',#2787,#8427);
#8427 = DEFINITIONAL_REPRESENTATION('',(#8428),#8432);
#8428 = LINE('',#8429,#8430);
#8429 = CARTESIAN_POINT('',(-0.161959412285,2.596406837527E-02));
#8430 = VECTOR('',#8431,1.);
#8431 = DIRECTION('',(4.506704066523E-03,-0.999989844758));
#8432 = ( GEOMETRIC_REPRESENTATION_CONTEXT(2) 
PARAMETRIC_REPRESENTATION_CONTEXT() REPRESENTATION_CONTEXT('2D SPACE',''
  ) );
#8433 = ADVANCED_FACE('',(#8434),#2787,.F.);
#8434 = FACE_BOUND('',#8435,.F.);
#8435 = EDGE_LOOP('',(#8436,#8437,#8438));
#8436 = ORIENTED_EDGE('',*,*,#2771,.F.);
#8437 = ORIENTED_EDGE('',*,*,#8413,.T.);
#8438 = ORIENTED_EDGE('',*,*,#8439,.T.);
#8439 = EDGE_CURVE('',#8385,#2772,#8440,.T.);
#8440 = SURFACE_CURVE('',#8441,(#8445,#8452),.PCURVE_S1.);
#8441 = LINE('',#8442,#8443);
#8442 = CARTESIAN_POINT('',(-43.14531873106,38.031065148616,
    20.471164220374));
#8443 = VECTOR('',#8444,1.);
#8444 = DIRECTION('',(1.726742344082E-02,4.897745664178E-03,
    -0.999838911113));
#8445 = PCURVE('',#2787,#8446);
#8446 = DEFINITIONAL_REPRESENTATION('',(#8447),#8451);
#8447 = LINE('',#8448,#8449);
#8448 = CARTESIAN_POINT('',(-0.129301703416,-7.220435237917));
#8449 = VECTOR('',#8450,1.);
#8450 = DIRECTION('',(1.790487296622E-02,0.999839694913));
#8451 = ( GEOMETRIC_REPRESENTATION_CONTEXT(2) 
PARAMETRIC_REPRESENTATION_CONTEXT() REPRESENTATION_CONTEXT('2D SPACE',''
  ) );
#8452 = PCURVE('',#8453,#8458);
#8453 = PLANE('',#8454);
#8454 = AXIS2_PLACEMENT_3D('',#8455,#8456,#8457);
#8455 = CARTESIAN_POINT('',(-42.99227382661,38.027308079803,
    20.450919782729));
#8456 = DIRECTION('',(-2.524605188866E-02,-0.999667043047,
    -5.332908266132E-03));
#8457 = DIRECTION('',(-0.99968125857,2.524641089405E-02,
    -1.861017993503E-20));
#8458 = DEFINITIONAL_REPRESENTATION('',(#8459),#8463);
#8459 = LINE('',#8460,#8461);
#8460 = CARTESIAN_POINT('',(0.153090975205,-2.024472552659E-02));
#8461 = VECTOR('',#8462,1.);
#8462 = DIRECTION('',(-1.71382690981E-02,0.999853129081));
#8463 = ( GEOMETRIC_REPRESENTATION_CONTEXT(2) 
PARAMETRIC_REPRESENTATION_CONTEXT() REPRESENTATION_CONTEXT('2D SPACE',''
  ) );
#8464 = ADVANCED_FACE('',(#8465),#8453,.T.);
#8465 = FACE_BOUND('',#8466,.T.);
#8466 = EDGE_LOOP('',(#8467,#8490,#8491));
#8467 = ORIENTED_EDGE('',*,*,#8468,.F.);
#8468 = EDGE_CURVE('',#8385,#8469,#8471,.T.);
#8469 = VERTEX_POINT('',#8470);
#8470 = CARTESIAN_POINT('',(-42.99227382661,38.027308079803,
    20.450919782729));
#8471 = SURFACE_CURVE('',#8472,(#8476,#8483),.PCURVE_S1.);
#8472 = LINE('',#8473,#8474);
#8473 = CARTESIAN_POINT('',(-43.14531873106,38.031065148616,
    20.471164220374));
#8474 = VECTOR('',#8475,1.);
#8475 = DIRECTION('',(0.991071005118,-2.432960429196E-02,-0.131096655828
    ));
#8476 = PCURVE('',#8453,#8477);
#8477 = DEFINITIONAL_REPRESENTATION('',(#8478),#8482);
#8478 = LINE('',#8479,#8480);
#8479 = CARTESIAN_POINT('',(0.153090975205,-2.024472552659E-02));
#8480 = VECTOR('',#8481,1.);
#8481 = DIRECTION('',(-0.991369344916,0.131098520056));
#8482 = ( GEOMETRIC_REPRESENTATION_CONTEXT(2) 
PARAMETRIC_REPRESENTATION_CONTEXT() REPRESENTATION_CONTEXT('2D SPACE',''
  ) );
#8483 = PCURVE('',#8400,#8484);
#8484 = DEFINITIONAL_REPRESENTATION('',(#8485),#8489);
#8485 = LINE('',#8486,#8487);
#8486 = CARTESIAN_POINT('',(2.054641881894E-02,-0.153050776785));
#8487 = VECTOR('',#8488,1.);
#8488 = DIRECTION('',(-0.133052191598,0.991109032504));
#8489 = ( GEOMETRIC_REPRESENTATION_CONTEXT(2) 
PARAMETRIC_REPRESENTATION_CONTEXT() REPRESENTATION_CONTEXT('2D SPACE',''
  ) );
#8490 = ORIENTED_EDGE('',*,*,#8439,.T.);
#8491 = ORIENTED_EDGE('',*,*,#8492,.T.);
#8492 = EDGE_CURVE('',#2772,#8469,#8493,.T.);
#8493 = SURFACE_CURVE('',#8494,(#8498,#8505),.PCURVE_S1.);
#8494 = LINE('',#8495,#8496);
#8495 = CARTESIAN_POINT('',(-43.02062042861,38.066434673911,
    13.250734642745));
#8496 = VECTOR('',#8497,1.);
#8497 = DIRECTION('',(3.936838187177E-03,-5.433987107531E-03,
    0.999977486291));
#8498 = PCURVE('',#8453,#8499);
#8499 = DEFINITIONAL_REPRESENTATION('',(#8500),#8504);
#8500 = LINE('',#8501,#8502);
#8501 = CARTESIAN_POINT('',(2.932537283625E-02,7.200287528479));
#8502 = VECTOR('',#8503,1.);
#8503 = DIRECTION('',(-4.072772025055E-03,-0.99999170623));
#8504 = ( GEOMETRIC_REPRESENTATION_CONTEXT(2) 
PARAMETRIC_REPRESENTATION_CONTEXT() REPRESENTATION_CONTEXT('2D SPACE',''
  ) );
#8505 = PCURVE('',#8506,#8511);
#8506 = PLANE('',#8507);
#8507 = AXIS2_PLACEMENT_3D('',#8508,#8509,#8510);
#8508 = CARTESIAN_POINT('',(-42.90282670513,38.132199168495,
    20.405687722249));
#8509 = DIRECTION('',(0.759494172251,-0.650481382146,-6.524860003325E-03
    ));
#8510 = DIRECTION('',(0.650495229319,0.759510340043,-3.451263047557E-19)
  );
#8511 = DEFINITIONAL_REPRESENTATION('',(#8512),#8516);
#8512 = LINE('',#8513,#8514);
#8513 = CARTESIAN_POINT('',(-0.126573068809,-7.155105391131));
#8514 = VECTOR('',#8515,1.);
#8515 = DIRECTION('',(-1.566274936473E-03,0.999998773391));
#8516 = ( GEOMETRIC_REPRESENTATION_CONTEXT(2) 
PARAMETRIC_REPRESENTATION_CONTEXT() REPRESENTATION_CONTEXT('2D SPACE',''
  ) );
#8517 = ADVANCED_FACE('',(#8518),#2903,.T.);
#8518 = FACE_BOUND('',#8519,.T.);
#8519 = EDGE_LOOP('',(#8520,#8543,#8544));
#8520 = ORIENTED_EDGE('',*,*,#8521,.F.);
#8521 = EDGE_CURVE('',#2772,#8522,#8524,.T.);
#8522 = VERTEX_POINT('',#8523);
#8523 = CARTESIAN_POINT('',(-42.90282670513,38.132199168495,
    20.405687722249));
#8524 = SURFACE_CURVE('',#8525,(#8529,#8536),.PCURVE_S1.);
#8525 = LINE('',#8526,#8527);
#8526 = CARTESIAN_POINT('',(-43.02062042861,38.066434673911,
    13.250734642745));
#8527 = VECTOR('',#8528,1.);
#8528 = DIRECTION('',(1.646031618334E-02,9.189830685016E-03,
    0.999822286711));
#8529 = PCURVE('',#2903,#8530);
#8530 = DEFINITIONAL_REPRESENTATION('',(#8531),#8535);
#8531 = LINE('',#8532,#8533);
#8532 = CARTESIAN_POINT('',(0.134716312755,7.154956702526));
#8533 = VECTOR('',#8534,1.);
#8534 = DIRECTION('',(-1.882505313158E-02,-0.999822792986));
#8535 = ( GEOMETRIC_REPRESENTATION_CONTEXT(2) 
PARAMETRIC_REPRESENTATION_CONTEXT() REPRESENTATION_CONTEXT('2D SPACE',''
  ) );
#8536 = PCURVE('',#8506,#8537);
#8537 = DEFINITIONAL_REPRESENTATION('',(#8538),#8542);
#8538 = LINE('',#8539,#8540);
#8539 = CARTESIAN_POINT('',(-0.126573068809,-7.155105391131));
#8540 = VECTOR('',#8541,1.);
#8541 = DIRECTION('',(1.768712857887E-02,0.999843570506));
#8542 = ( GEOMETRIC_REPRESENTATION_CONTEXT(2) 
PARAMETRIC_REPRESENTATION_CONTEXT() REPRESENTATION_CONTEXT('2D SPACE',''
  ) );
#8543 = ORIENTED_EDGE('',*,*,#2887,.T.);
#8544 = ORIENTED_EDGE('',*,*,#8545,.F.);
#8545 = EDGE_CURVE('',#8522,#2888,#8546,.T.);
#8546 = SURFACE_CURVE('',#8547,(#8551,#8558),.PCURVE_S1.);
#8547 = LINE('',#8548,#8549);
#8548 = CARTESIAN_POINT('',(-42.90282670513,38.132199168495,
    20.405687722249));
#8549 = VECTOR('',#8550,1.);
#8550 = DIRECTION('',(9.016189135676E-04,-6.787667754305E-04,
    -0.999999363179));
#8551 = PCURVE('',#2903,#8552);
#8552 = DEFINITIONAL_REPRESENTATION('',(#8553),#8557);
#8553 = LINE('',#8554,#8555);
#8554 = CARTESIAN_POINT('',(-0.,0.));
#8555 = VECTOR('',#8556,1.);
#8556 = DIRECTION('',(-5.107943841255E-04,0.999999869545));
#8557 = ( GEOMETRIC_REPRESENTATION_CONTEXT(2) 
PARAMETRIC_REPRESENTATION_CONTEXT() REPRESENTATION_CONTEXT('2D SPACE',''
  ) );
#8558 = PCURVE('',#8559,#8564);
#8559 = PLANE('',#8560);
#8560 = AXIS2_PLACEMENT_3D('',#8561,#8562,#8563);
#8561 = CARTESIAN_POINT('',(-42.81933501023,38.141233701771,
    20.43754302363));
#8562 = DIRECTION('',(0.107289741695,-0.994227497098,7.715835439536E-04)
  );
#8563 = DIRECTION('',(-0.994227793051,-0.107289773632,
    -8.224733467057E-21));
#8564 = DEFINITIONAL_REPRESENTATION('',(#8565),#8569);
#8565 = LINE('',#8566,#8567);
#8566 = CARTESIAN_POINT('',(8.397907659222E-02,3.185531086327E-02));
#8567 = VECTOR('',#8568,1.);
#8568 = DIRECTION('',(-8.235898489244E-04,0.99999966085));
#8569 = ( GEOMETRIC_REPRESENTATION_CONTEXT(2) 
PARAMETRIC_REPRESENTATION_CONTEXT() REPRESENTATION_CONTEXT('2D SPACE',''
  ) );
#8570 = ADVANCED_FACE('',(#8571),#8506,.T.);
#8571 = FACE_BOUND('',#8572,.T.);
#8572 = EDGE_LOOP('',(#8573,#8599,#8600));
#8573 = ORIENTED_EDGE('',*,*,#8574,.F.);
#8574 = EDGE_CURVE('',#8469,#8522,#8575,.T.);
#8575 = SURFACE_CURVE('',#8576,(#8580,#8587),.PCURVE_S1.);
#8576 = LINE('',#8577,#8578);
#8577 = CARTESIAN_POINT('',(-42.99227382661,38.027308079803,
    20.450919782729));
#8578 = VECTOR('',#8579,1.);
#8579 = DIRECTION('',(0.616526862211,0.722976577881,-0.311768337084));
#8580 = PCURVE('',#8506,#8581);
#8581 = DEFINITIONAL_REPRESENTATION('',(#8582),#8586);
#8582 = LINE('',#8583,#8584);
#8583 = CARTESIAN_POINT('',(-0.137850792235,4.523302336118E-02));
#8584 = VECTOR('',#8585,1.);
#8585 = DIRECTION('',(0.950155969125,-0.311774973877));
#8586 = ( GEOMETRIC_REPRESENTATION_CONTEXT(2) 
PARAMETRIC_REPRESENTATION_CONTEXT() REPRESENTATION_CONTEXT('2D SPACE',''
  ) );
#8587 = PCURVE('',#8588,#8593);
#8588 = PLANE('',#8589);
#8589 = AXIS2_PLACEMENT_3D('',#8590,#8591,#8592);
#8590 = CARTESIAN_POINT('',(-42.73590616042,38.227599408523,
    20.395943725123));
#8591 = DIRECTION('',(0.282377924963,-0.572679514002,-0.769610863837));
#8592 = DIRECTION('',(-2.944783622896E-18,-0.802260256441,0.596974439097
    ));
#8593 = DEFINITIONAL_REPRESENTATION('',(#8594),#8598);
#8594 = LINE('',#8595,#8596);
#8595 = CARTESIAN_POINT('',(0.193505073894,0.267243615291));
#8596 = VECTOR('',#8597,1.);
#8597 = DIRECTION('',(-0.766133102931,-0.642681934237));
#8598 = ( GEOMETRIC_REPRESENTATION_CONTEXT(2) 
PARAMETRIC_REPRESENTATION_CONTEXT() REPRESENTATION_CONTEXT('2D SPACE',''
  ) );
#8599 = ORIENTED_EDGE('',*,*,#8492,.F.);
#8600 = ORIENTED_EDGE('',*,*,#8521,.T.);
#8601 = ADVANCED_FACE('',(#8602),#3019,.T.);
#8602 = FACE_BOUND('',#8603,.T.);
#8603 = EDGE_LOOP('',(#8604,#8627,#8628));
#8604 = ORIENTED_EDGE('',*,*,#8605,.F.);
#8605 = EDGE_CURVE('',#2888,#8606,#8608,.T.);
#8606 = VERTEX_POINT('',#8607);
#8607 = CARTESIAN_POINT('',(-42.81933501023,38.141233701771,
    20.43754302363));
#8608 = SURFACE_CURVE('',#8609,(#8613,#8620),.PCURVE_S1.);
#8609 = LINE('',#8610,#8611);
#8610 = CARTESIAN_POINT('',(-42.89636669062,38.127335868546,
    13.240786569268));
#8611 = VECTOR('',#8612,1.);
#8612 = DIRECTION('',(1.070303336694E-02,1.931010357898E-03,
    0.999940856389));
#8613 = PCURVE('',#3019,#8614);
#8614 = DEFINITIONAL_REPRESENTATION('',(#8615),#8619);
#8615 = LINE('',#8616,#8617);
#8616 = CARTESIAN_POINT('',(7.826966622432E-02,7.196756516119));
#8617 = VECTOR('',#8618,1.);
#8618 = DIRECTION('',(-1.087504316284E-02,-0.99994086497));
#8619 = ( GEOMETRIC_REPRESENTATION_CONTEXT(2) 
PARAMETRIC_REPRESENTATION_CONTEXT() REPRESENTATION_CONTEXT('2D SPACE',''
  ) );
#8620 = PCURVE('',#8559,#8621);
#8621 = DEFINITIONAL_REPRESENTATION('',(#8622),#8626);
#8622 = LINE('',#8623,#8624);
#8623 = CARTESIAN_POINT('',(7.807813297624E-02,7.196758596625));
#8624 = VECTOR('',#8625,1.);
#8625 = DIRECTION('',(-1.084843090754E-02,-0.999941154042));
#8626 = ( GEOMETRIC_REPRESENTATION_CONTEXT(2) 
PARAMETRIC_REPRESENTATION_CONTEXT() REPRESENTATION_CONTEXT('2D SPACE',''
  ) );
#8627 = ORIENTED_EDGE('',*,*,#3003,.T.);
#8628 = ORIENTED_EDGE('',*,*,#8629,.F.);
#8629 = EDGE_CURVE('',#8606,#3004,#8630,.T.);
#8630 = SURFACE_CURVE('',#8631,(#8635,#8642),.PCURVE_S1.);
#8631 = LINE('',#8632,#8633);
#8632 = CARTESIAN_POINT('',(-42.81933501023,38.141233701771,
    20.43754302363));
#8633 = VECTOR('',#8634,1.);
#8634 = DIRECTION('',(1.191722916383E-03,3.632822132077E-04,
    -0.999999223911));
#8635 = PCURVE('',#3019,#8636);
#8636 = DEFINITIONAL_REPRESENTATION('',(#8637),#8641);
#8637 = LINE('',#8638,#8639);
#8638 = CARTESIAN_POINT('',(0.,0.));
#8639 = VECTOR('',#8640,1.);
#8640 = DIRECTION('',(-1.238957226851E-03,0.999999232492));
#8641 = ( GEOMETRIC_REPRESENTATION_CONTEXT(2) 
PARAMETRIC_REPRESENTATION_CONTEXT() REPRESENTATION_CONTEXT('2D SPACE',''
  ) );
#8642 = PCURVE('',#8643,#8648);
#8643 = PLANE('',#8644);
#8644 = AXIS2_PLACEMENT_3D('',#8645,#8646,#8647);
#8645 = CARTESIAN_POINT('',(-42.73590616042,38.227599408523,
    20.395943725123));
#8646 = DIRECTION('',(0.719375155744,-0.69462149357,6.049526945488E-04)
  );
#8647 = DIRECTION('',(0.694621620675,0.719375287379,-1.87010688315E-20)
  );
#8648 = DEFINITIONAL_REPRESENTATION('',(#8649),#8653);
#8649 = LINE('',#8650,#8651);
#8650 = CARTESIAN_POINT('',(-0.12008083798,4.159930611845E-02));
#8651 = VECTOR('',#8652,1.);
#8652 = DIRECTION('',(1.0891327501E-03,-0.999999406895));
#8653 = ( GEOMETRIC_REPRESENTATION_CONTEXT(2) 
PARAMETRIC_REPRESENTATION_CONTEXT() REPRESENTATION_CONTEXT('2D SPACE',''
  ) );
#8654 = ADVANCED_FACE('',(#8655),#8559,.T.);
#8655 = FACE_BOUND('',#8656,.T.);
#8656 = EDGE_LOOP('',(#8657,#8683,#8684));
#8657 = ORIENTED_EDGE('',*,*,#8658,.F.);
#8658 = EDGE_CURVE('',#8522,#8606,#8659,.T.);
#8659 = SURFACE_CURVE('',#8660,(#8664,#8671),.PCURVE_S1.);
#8660 = LINE('',#8661,#8662);
#8661 = CARTESIAN_POINT('',(-42.90282670513,38.132199168495,
    20.405687722249));
#8662 = VECTOR('',#8663,1.);
#8663 = DIRECTION('',(0.929566841413,0.100587280812,0.35466559783));
#8664 = PCURVE('',#8559,#8665);
#8665 = DEFINITIONAL_REPRESENTATION('',(#8666),#8670);
#8666 = LINE('',#8667,#8668);
#8667 = CARTESIAN_POINT('',(8.397907659222E-02,3.185531086327E-02));
#8668 = VECTOR('',#8669,1.);
#8669 = DIRECTION('',(-0.93499317582,-0.354665703404));
#8670 = ( GEOMETRIC_REPRESENTATION_CONTEXT(2) 
PARAMETRIC_REPRESENTATION_CONTEXT() REPRESENTATION_CONTEXT('2D SPACE',''
  ) );
#8671 = PCURVE('',#8672,#8677);
#8672 = PLANE('',#8673);
#8673 = AXIS2_PLACEMENT_3D('',#8674,#8675,#8676);
#8674 = CARTESIAN_POINT('',(-42.73590616042,38.227599408523,
    20.395943725123));
#8675 = DIRECTION('',(-0.331354391036,0.649651361063,0.684220269073));
#8676 = DIRECTION('',(-8.850192412973E-19,0.725188818922,-0.688550054034
    ));
#8677 = DEFINITIONAL_REPRESENTATION('',(#8678),#8682);
#8678 = LINE('',#8679,#8680);
#8679 = CARTESIAN_POINT('',(-7.589241713796E-02,0.176915122433));
#8680 = VECTOR('',#8681,1.);
#8681 = DIRECTION('',(-0.171260245179,-0.985225826103));
#8682 = ( GEOMETRIC_REPRESENTATION_CONTEXT(2) 
PARAMETRIC_REPRESENTATION_CONTEXT() REPRESENTATION_CONTEXT('2D SPACE',''
  ) );
#8683 = ORIENTED_EDGE('',*,*,#8545,.T.);
#8684 = ORIENTED_EDGE('',*,*,#8605,.T.);
#8685 = ADVANCED_FACE('',(#8686),#3135,.T.);
#8686 = FACE_BOUND('',#8687,.T.);
#8687 = EDGE_LOOP('',(#8688,#8711,#8712));
#8688 = ORIENTED_EDGE('',*,*,#8689,.F.);
#8689 = EDGE_CURVE('',#3004,#8690,#8692,.T.);
#8690 = VERTEX_POINT('',#8691);
#8691 = CARTESIAN_POINT('',(-42.73590616042,38.227599408523,
    20.395943725123));
#8692 = SURFACE_CURVE('',#8693,(#8697,#8704),.PCURVE_S1.);
#8693 = LINE('',#8694,#8695);
#8694 = CARTESIAN_POINT('',(-42.81075964127,38.143847798532,
    13.241774452932));
#8695 = VECTOR('',#8696,1.);
#8696 = DIRECTION('',(1.046162780023E-02,1.170524284884E-02,
    0.999876763223));
#8697 = PCURVE('',#3135,#8698);
#8698 = DEFINITIONAL_REPRESENTATION('',(#8699),#8703);
#8699 = LINE('',#8700,#8701);
#8700 = CARTESIAN_POINT('',(0.106920996351,7.154252109863));
#8701 = VECTOR('',#8702,1.);
#8702 = DIRECTION('',(-1.49434288853E-02,-0.999888340733));
#8703 = ( GEOMETRIC_REPRESENTATION_CONTEXT(2) 
PARAMETRIC_REPRESENTATION_CONTEXT() REPRESENTATION_CONTEXT('2D SPACE',''
  ) );
#8704 = PCURVE('',#8643,#8705);
#8705 = DEFINITIONAL_REPRESENTATION('',(#8706),#8710);
#8706 = LINE('',#8707,#8708);
#8707 = CARTESIAN_POINT('',(-0.112243684685,-7.154170581289));
#8708 = VECTOR('',#8709,1.);
#8709 = DIRECTION('',(1.568733529571E-02,0.999876946185));
#8710 = ( GEOMETRIC_REPRESENTATION_CONTEXT(2) 
PARAMETRIC_REPRESENTATION_CONTEXT() REPRESENTATION_CONTEXT('2D SPACE',''
  ) );
#8711 = ORIENTED_EDGE('',*,*,#3119,.T.);
#8712 = ORIENTED_EDGE('',*,*,#8713,.F.);
#8713 = EDGE_CURVE('',#8690,#3120,#8714,.T.);
#8714 = SURFACE_CURVE('',#8715,(#8719,#8726),.PCURVE_S1.);
#8715 = LINE('',#8716,#8717);
#8716 = CARTESIAN_POINT('',(-42.73590616042,38.227599408523,
    20.395943725123));
#8717 = VECTOR('',#8718,1.);
#8718 = DIRECTION('',(4.798548527915E-03,-2.766045478406E-03,
    -0.999984661345));
#8719 = PCURVE('',#3135,#8720);
#8720 = DEFINITIONAL_REPRESENTATION('',(#8721),#8725);
#8721 = LINE('',#8722,#8723);
#8722 = CARTESIAN_POINT('',(0.,0.));
#8723 = VECTOR('',#8724,1.);
#8724 = DIRECTION('',(-2.742221538816E-03,0.999996240103));
#8725 = ( GEOMETRIC_REPRESENTATION_CONTEXT(2) 
PARAMETRIC_REPRESENTATION_CONTEXT() REPRESENTATION_CONTEXT('2D SPACE',''
  ) );
#8726 = PCURVE('',#3245,#8727);
#8727 = DEFINITIONAL_REPRESENTATION('',(#8728),#8732);
#8728 = LINE('',#8729,#8730);
#8729 = CARTESIAN_POINT('',(0.,0.));
#8730 = VECTOR('',#8731,1.);
#8731 = DIRECTION('',(3.573182885312E-04,-0.999999936162));
#8732 = ( GEOMETRIC_REPRESENTATION_CONTEXT(2) 
PARAMETRIC_REPRESENTATION_CONTEXT() REPRESENTATION_CONTEXT('2D SPACE',''
  ) );
#8733 = ADVANCED_FACE('',(#8734),#3245,.T.);
#8734 = FACE_BOUND('',#8735,.T.);
#8735 = EDGE_LOOP('',(#8736,#8737,#8738));
#8736 = ORIENTED_EDGE('',*,*,#8713,.T.);
#8737 = ORIENTED_EDGE('',*,*,#3231,.T.);
#8738 = ORIENTED_EDGE('',*,*,#8739,.F.);
#8739 = EDGE_CURVE('',#8690,#1095,#8740,.T.);
#8740 = SURFACE_CURVE('',#8741,(#8745,#8752),.PCURVE_S1.);
#8741 = LINE('',#8742,#8743);
#8742 = CARTESIAN_POINT('',(-42.73590616042,38.227599408523,
    20.395943725123));
#8743 = VECTOR('',#8744,1.);
#8744 = DIRECTION('',(1.476413953012E-02,1.220130965922E-02,
    -0.999816557288));
#8745 = PCURVE('',#3245,#8746);
#8746 = DEFINITIONAL_REPRESENTATION('',(#8747),#8751);
#8747 = LINE('',#8748,#8749);
#8748 = CARTESIAN_POINT('',(0.,0.));
#8749 = VECTOR('',#8750,1.);
#8750 = DIRECTION('',(1.833882887512E-02,-0.999831829537));
#8751 = ( GEOMETRIC_REPRESENTATION_CONTEXT(2) 
PARAMETRIC_REPRESENTATION_CONTEXT() REPRESENTATION_CONTEXT('2D SPACE',''
  ) );
#8752 = PCURVE('',#8753,#8758);
#8753 = PLANE('',#8754);
#8754 = AXIS2_PLACEMENT_3D('',#8755,#8756,#8757);
#8755 = CARTESIAN_POINT('',(-42.6688025583,38.316627102437,
    20.437933638794));
#8756 = DIRECTION('',(0.797554725199,-0.603230437614,4.415817930162E-03)
  );
#8757 = DIRECTION('',(0.603236319031,0.797562501251,-7.182883815732E-20)
  );
#8758 = DEFINITIONAL_REPRESENTATION('',(#8759),#8763);
#8759 = LINE('',#8760,#8761);
#8760 = CARTESIAN_POINT('',(-0.111484480174,-4.199032306628E-02));
#8761 = VECTOR('',#8762,1.);
#8762 = DIRECTION('',(1.863757223415E-02,-0.999826305366));
#8763 = ( GEOMETRIC_REPRESENTATION_CONTEXT(2) 
PARAMETRIC_REPRESENTATION_CONTEXT() REPRESENTATION_CONTEXT('2D SPACE',''
  ) );
#8764 = ADVANCED_FACE('',(#8765),#8643,.T.);
#8765 = FACE_BOUND('',#8766,.T.);
#8766 = EDGE_LOOP('',(#8767,#8788,#8789));
#8767 = ORIENTED_EDGE('',*,*,#8768,.F.);
#8768 = EDGE_CURVE('',#8606,#8690,#8769,.T.);
#8769 = SURFACE_CURVE('',#8770,(#8774,#8781),.PCURVE_S1.);
#8770 = LINE('',#8771,#8772);
#8771 = CARTESIAN_POINT('',(-42.81933501023,38.141233701771,
    20.43754302363));
#8772 = VECTOR('',#8773,1.);
#8773 = DIRECTION('',(0.656494669447,0.679604552088,-0.327341414687));
#8774 = PCURVE('',#8643,#8775);
#8775 = DEFINITIONAL_REPRESENTATION('',(#8776),#8780);
#8776 = LINE('',#8777,#8778);
#8777 = CARTESIAN_POINT('',(-0.12008083798,4.159930611845E-02));
#8778 = VECTOR('',#8779,1.);
#8779 = DIRECTION('',(0.944906111218,-0.327341474585));
#8780 = ( GEOMETRIC_REPRESENTATION_CONTEXT(2) 
PARAMETRIC_REPRESENTATION_CONTEXT() REPRESENTATION_CONTEXT('2D SPACE',''
  ) );
#8781 = PCURVE('',#8672,#8782);
#8782 = DEFINITIONAL_REPRESENTATION('',(#8783),#8787);
#8783 = LINE('',#8784,#8785);
#8784 = CARTESIAN_POINT('',(-9.127464410928E-02,8.842425720476E-02));
#8785 = VECTOR('',#8786,1.);
#8786 = DIRECTION('',(0.718232571233,-0.695803114121));
#8787 = ( GEOMETRIC_REPRESENTATION_CONTEXT(2) 
PARAMETRIC_REPRESENTATION_CONTEXT() REPRESENTATION_CONTEXT('2D SPACE',''
  ) );
#8788 = ORIENTED_EDGE('',*,*,#8629,.T.);
#8789 = ORIENTED_EDGE('',*,*,#8689,.T.);
#8790 = ADVANCED_FACE('',(#8791),#8753,.T.);
#8791 = FACE_BOUND('',#8792,.T.);
#8792 = EDGE_LOOP('',(#8793,#8821,#8822));
#8793 = ORIENTED_EDGE('',*,*,#8794,.F.);
#8794 = EDGE_CURVE('',#8690,#8795,#8797,.T.);
#8795 = VERTEX_POINT('',#8796);
#8796 = CARTESIAN_POINT('',(-42.6688025583,38.316627102437,
    20.437933638794));
#8797 = SURFACE_CURVE('',#8798,(#8802,#8809),.PCURVE_S1.);
#8798 = LINE('',#8799,#8800);
#8799 = CARTESIAN_POINT('',(-42.73590616042,38.227599408523,
    20.395943725123));
#8800 = VECTOR('',#8801,1.);
#8801 = DIRECTION('',(0.563280077726,0.747314969182,0.352471120622));
#8802 = PCURVE('',#8753,#8803);
#8803 = DEFINITIONAL_REPRESENTATION('',(#8804),#8808);
#8804 = LINE('',#8805,#8806);
#8805 = CARTESIAN_POINT('',(-0.111484480174,-4.199032306628E-02));
#8806 = VECTOR('',#8807,1.);
#8807 = DIRECTION('',(0.935821396715,0.352474557168));
#8808 = ( GEOMETRIC_REPRESENTATION_CONTEXT(2) 
PARAMETRIC_REPRESENTATION_CONTEXT() REPRESENTATION_CONTEXT('2D SPACE',''
  ) );
#8809 = PCURVE('',#8810,#8815);
#8810 = PLANE('',#8811);
#8811 = AXIS2_PLACEMENT_3D('',#8812,#8813,#8814);
#8812 = CARTESIAN_POINT('',(-42.56265751363,38.36698565379,
    20.45123389577));
#8813 = DIRECTION('',(-0.131032657997,0.501976788112,-0.854897506567));
#8814 = DIRECTION('',(-8.023163263622E-18,-0.862332492235,
    -0.506342446213));
#8815 = DEFINITIONAL_REPRESENTATION('',(#8816),#8820);
#8816 = LINE('',#8817,#8818);
#8817 = CARTESIAN_POINT('',(0.148193048521,0.174755378523));
#8818 = VECTOR('',#8819,1.);
#8819 = DIRECTION('',(-0.822905069294,-0.568178886382));
#8820 = ( GEOMETRIC_REPRESENTATION_CONTEXT(2) 
PARAMETRIC_REPRESENTATION_CONTEXT() REPRESENTATION_CONTEXT('2D SPACE',''
  ) );
#8821 = ORIENTED_EDGE('',*,*,#8739,.T.);
#8822 = ORIENTED_EDGE('',*,*,#8823,.F.);
#8823 = EDGE_CURVE('',#8795,#1095,#8824,.T.);
#8824 = SURFACE_CURVE('',#8825,(#8829,#8836),.PCURVE_S1.);
#8825 = LINE('',#8826,#8827);
#8826 = CARTESIAN_POINT('',(-42.6688025583,38.316627102437,
    20.437933638794));
#8827 = VECTOR('',#8828,1.);
#8828 = DIRECTION('',(5.452925632571E-03,-1.106470151702E-04,
    -0.999985126569));
#8829 = PCURVE('',#8753,#8830);
#8830 = DEFINITIONAL_REPRESENTATION('',(#8831),#8835);
#8831 = LINE('',#8832,#8833);
#8832 = CARTESIAN_POINT('',(0.,0.));
#8833 = VECTOR('',#8834,1.);
#8834 = DIRECTION('',(3.201154876365E-03,-0.999994876291));
#8835 = ( GEOMETRIC_REPRESENTATION_CONTEXT(2) 
PARAMETRIC_REPRESENTATION_CONTEXT() REPRESENTATION_CONTEXT('2D SPACE',''
  ) );
#8836 = PCURVE('',#8837,#8842);
#8837 = PLANE('',#8838);
#8838 = AXIS2_PLACEMENT_3D('',#8839,#8840,#8841);
#8839 = CARTESIAN_POINT('',(-42.56265751363,38.36698565379,
    20.45123389577));
#8840 = DIRECTION('',(0.428387243631,-0.903591962944,2.43597976647E-03)
  );
#8841 = DIRECTION('',(-0.903594643912,-0.428388514661,
    -7.302320708002E-20));
#8842 = DEFINITIONAL_REPRESENTATION('',(#8843),#8847);
#8843 = LINE('',#8844,#8845);
#8844 = CARTESIAN_POINT('',(0.117485118855,1.330029643831E-02));
#8845 = VECTOR('',#8846,1.);
#8846 = DIRECTION('',(-4.879834484762E-03,0.999988093537));
#8847 = ( GEOMETRIC_REPRESENTATION_CONTEXT(2) 
PARAMETRIC_REPRESENTATION_CONTEXT() REPRESENTATION_CONTEXT('2D SPACE',''
  ) );
#8848 = ADVANCED_FACE('',(#8849),#1110,.T.);
#8849 = FACE_BOUND('',#8850,.T.);
#8850 = EDGE_LOOP('',(#8851,#8874,#8875));
#8851 = ORIENTED_EDGE('',*,*,#8852,.F.);
#8852 = EDGE_CURVE('',#1095,#8853,#8855,.T.);
#8853 = VERTEX_POINT('',#8854);
#8854 = CARTESIAN_POINT('',(-42.56265751363,38.36698565379,
    20.45123389577));
#8855 = SURFACE_CURVE('',#8856,(#8860,#8867),.PCURVE_S1.);
#8856 = LINE('',#8857,#8858);
#8857 = CARTESIAN_POINT('',(-42.62915215496,38.315822543733,
    13.166641807321));
#8858 = VECTOR('',#8859,1.);
#8859 = DIRECTION('',(9.127516083065E-03,7.023003667971E-03,
    0.999933680736));
#8860 = PCURVE('',#1110,#8861);
#8861 = DEFINITIONAL_REPRESENTATION('',(#8862),#8866);
#8862 = LINE('',#8863,#8864);
#8863 = CARTESIAN_POINT('',(8.344800295449E-02,7.284597279675));
#8864 = VECTOR('',#8865,1.);
#8865 = DIRECTION('',(-1.145465219345E-02,-0.999934393319));
#8866 = ( GEOMETRIC_REPRESENTATION_CONTEXT(2) 
PARAMETRIC_REPRESENTATION_CONTEXT() REPRESENTATION_CONTEXT('2D SPACE',''
  ) );
#8867 = PCURVE('',#8837,#8868);
#8868 = DEFINITIONAL_REPRESENTATION('',(#8869),#8873);
#8869 = LINE('',#8870,#8871);
#8870 = CARTESIAN_POINT('',(8.200189046965E-02,7.284613701921));
#8871 = VECTOR('',#8872,1.);
#8872 = DIRECTION('',(-1.125614875466E-02,-0.999936647551));
#8873 = ( GEOMETRIC_REPRESENTATION_CONTEXT(2) 
PARAMETRIC_REPRESENTATION_CONTEXT() REPRESENTATION_CONTEXT('2D SPACE',''
  ) );
#8874 = ORIENTED_EDGE('',*,*,#1094,.T.);
#8875 = ORIENTED_EDGE('',*,*,#8876,.T.);
#8876 = EDGE_CURVE('',#980,#8853,#8877,.T.);
#8877 = SURFACE_CURVE('',#8878,(#8882,#8889),.PCURVE_S1.);
#8878 = LINE('',#8879,#8880);
#8879 = CARTESIAN_POINT('',(-42.56591569097,38.375803945053,
    13.216038791971));
#8880 = VECTOR('',#8881,1.);
#8881 = DIRECTION('',(4.503229752601E-04,-1.218803873608E-03,
    0.999999155863));
#8882 = PCURVE('',#1110,#8883);
#8883 = DEFINITIONAL_REPRESENTATION('',(#8884),#8888);
#8884 = LINE('',#8885,#8886);
#8885 = CARTESIAN_POINT('',(-3.710561764607E-03,7.235200259823));
#8886 = VECTOR('',#8887,1.);
#8887 = DIRECTION('',(5.128484552456E-04,-0.999999868493));
#8888 = ( GEOMETRIC_REPRESENTATION_CONTEXT(2) 
PARAMETRIC_REPRESENTATION_CONTEXT() REPRESENTATION_CONTEXT('2D SPACE',''
  ) );
#8889 = PCURVE('',#8890,#8895);
#8890 = PLANE('',#8891);
#8891 = AXIS2_PLACEMENT_3D('',#8892,#8893,#8894);
#8892 = CARTESIAN_POINT('',(-42.48870005866,38.514985751991,
    20.397878976507));
#8893 = DIRECTION('',(0.894393056931,-0.447280852678,-9.479141784539E-04
    ));
#8894 = DIRECTION('',(0.447281053629,0.894393458756,-3.898599563741E-20)
  );
#8895 = DEFINITIONAL_REPRESENTATION('',(#8896),#8900);
#8896 = LINE('',#8897,#8898);
#8897 = CARTESIAN_POINT('',(-0.159020387079,-7.181843411128));
#8898 = VECTOR('',#8899,1.);
#8899 = DIRECTION('',(-8.88669277214E-04,0.999999605133));
#8900 = ( GEOMETRIC_REPRESENTATION_CONTEXT(2) 
PARAMETRIC_REPRESENTATION_CONTEXT() REPRESENTATION_CONTEXT('2D SPACE',''
  ) );
#8901 = ADVANCED_FACE('',(#8902),#8837,.T.);
#8902 = FACE_BOUND('',#8903,.T.);
#8903 = EDGE_LOOP('',(#8904,#8925,#8926));
#8904 = ORIENTED_EDGE('',*,*,#8905,.F.);
#8905 = EDGE_CURVE('',#8795,#8853,#8906,.T.);
#8906 = SURFACE_CURVE('',#8907,(#8911,#8918),.PCURVE_S1.);
#8907 = LINE('',#8908,#8909);
#8908 = CARTESIAN_POINT('',(-42.6688025583,38.316627102437,
    20.437933638794));
#8909 = VECTOR('',#8910,1.);
#8910 = DIRECTION('',(0.897742031264,0.425917086603,0.112489469023));
#8911 = PCURVE('',#8837,#8912);
#8912 = DEFINITIONAL_REPRESENTATION('',(#8913),#8917);
#8913 = LINE('',#8914,#8915);
#8914 = CARTESIAN_POINT('',(0.117485118855,1.330029643831E-02));
#8915 = VECTOR('',#8916,1.);
#8916 = DIRECTION('',(-0.993652879164,-0.112489802781));
#8917 = ( GEOMETRIC_REPRESENTATION_CONTEXT(2) 
PARAMETRIC_REPRESENTATION_CONTEXT() REPRESENTATION_CONTEXT('2D SPACE',''
  ) );
#8918 = PCURVE('',#8810,#8919);
#8919 = DEFINITIONAL_REPRESENTATION('',(#8920),#8924);
#8920 = LINE('',#8921,#8922);
#8921 = CARTESIAN_POINT('',(5.016029974579E-02,0.107068180928));
#8922 = VECTOR('',#8923,1.);
#8923 = DIRECTION('',(-0.424240335694,-0.905549632858));
#8924 = ( GEOMETRIC_REPRESENTATION_CONTEXT(2) 
PARAMETRIC_REPRESENTATION_CONTEXT() REPRESENTATION_CONTEXT('2D SPACE',''
  ) );
#8925 = ORIENTED_EDGE('',*,*,#8823,.T.);
#8926 = ORIENTED_EDGE('',*,*,#8852,.T.);
#8927 = ADVANCED_FACE('',(#8928),#995,.T.);
#8928 = FACE_BOUND('',#8929,.T.);
#8929 = EDGE_LOOP('',(#8930,#8953,#8954));
#8930 = ORIENTED_EDGE('',*,*,#8931,.F.);
#8931 = EDGE_CURVE('',#980,#8932,#8934,.T.);
#8932 = VERTEX_POINT('',#8933);
#8933 = CARTESIAN_POINT('',(-42.48870005866,38.514985751991,
    20.397878976507));
#8934 = SURFACE_CURVE('',#8935,(#8939,#8946),.PCURVE_S1.);
#8935 = LINE('',#8936,#8937);
#8936 = CARTESIAN_POINT('',(-42.56591569097,38.375803945053,
    13.216038791971));
#8937 = VECTOR('',#8938,1.);
#8938 = DIRECTION('',(1.074887137753E-02,1.937492831634E-02,
    0.999754506825));
#8939 = PCURVE('',#995,#8940);
#8940 = DEFINITIONAL_REPRESENTATION('',(#8941),#8945);
#8941 = LINE('',#8942,#8943);
#8942 = CARTESIAN_POINT('',(0.15224566825,7.181990220125));
#8943 = VECTOR('',#8944,1.);
#8944 = DIRECTION('',(-2.119349485175E-02,-0.999775392664));
#8945 = ( GEOMETRIC_REPRESENTATION_CONTEXT(2) 
PARAMETRIC_REPRESENTATION_CONTEXT() REPRESENTATION_CONTEXT('2D SPACE',''
  ) );
#8946 = PCURVE('',#8890,#8947);
#8947 = DEFINITIONAL_REPRESENTATION('',(#8948),#8952);
#8948 = LINE('',#8949,#8950);
#8949 = CARTESIAN_POINT('',(-0.159020387079,-7.181843411128));
#8950 = VECTOR('',#8951,1.);
#8951 = DIRECTION('',(2.213657566506E-02,0.999754955986));
#8952 = ( GEOMETRIC_REPRESENTATION_CONTEXT(2) 
PARAMETRIC_REPRESENTATION_CONTEXT() REPRESENTATION_CONTEXT('2D SPACE',''
  ) );
#8953 = ORIENTED_EDGE('',*,*,#979,.T.);
#8954 = ORIENTED_EDGE('',*,*,#8955,.F.);
#8955 = EDGE_CURVE('',#8932,#922,#8956,.T.);
#8956 = SURFACE_CURVE('',#8957,(#8961,#8968),.PCURVE_S1.);
#8957 = LINE('',#8958,#8959);
#8958 = CARTESIAN_POINT('',(-42.48870005866,38.514985751991,
    20.397878976507));
#8959 = VECTOR('',#8960,1.);
#8960 = DIRECTION('',(4.279677071014E-03,-4.853048438256E-03,
    -0.999979065923));
#8961 = PCURVE('',#995,#8962);
#8962 = DEFINITIONAL_REPRESENTATION('',(#8963),#8967);
#8963 = LINE('',#8964,#8965);
#8964 = CARTESIAN_POINT('',(0.,0.));
#8965 = VECTOR('',#8966,1.);
#8966 = DIRECTION('',(2.951154514946E-04,0.999999956453));
#8967 = ( GEOMETRIC_REPRESENTATION_CONTEXT(2) 
PARAMETRIC_REPRESENTATION_CONTEXT() REPRESENTATION_CONTEXT('2D SPACE',''
  ) );
#8968 = PCURVE('',#8969,#8974);
#8969 = PLANE('',#8970);
#8970 = AXIS2_PLACEMENT_3D('',#8971,#8972,#8973);
#8971 = CARTESIAN_POINT('',(-42.42887640859,38.57640827447,
    20.462710682411));
#8972 = DIRECTION('',(0.712940612978,-0.701194712885,6.454222613824E-03)
  );
#8973 = DIRECTION('',(0.701209318172,0.712955462921,6.450881719243E-19)
  );
#8974 = DEFINITIONAL_REPRESENTATION('',(#8975),#8979);
#8975 = LINE('',#8976,#8977);
#8976 = CARTESIAN_POINT('',(-8.574042382476E-02,-6.483305629306E-02));
#8977 = VECTOR('',#8978,1.);
#8978 = DIRECTION('',(-4.590579549163E-04,-0.999999894633));
#8979 = ( GEOMETRIC_REPRESENTATION_CONTEXT(2) 
PARAMETRIC_REPRESENTATION_CONTEXT() REPRESENTATION_CONTEXT('2D SPACE',''
  ) );
#8980 = ADVANCED_FACE('',(#8981),#8890,.T.);
#8981 = FACE_BOUND('',#8982,.T.);
#8982 = EDGE_LOOP('',(#8983,#9009,#9010));
#8983 = ORIENTED_EDGE('',*,*,#8984,.F.);
#8984 = EDGE_CURVE('',#8853,#8932,#8985,.T.);
#8985 = SURFACE_CURVE('',#8986,(#8990,#8997),.PCURVE_S1.);
#8986 = LINE('',#8987,#8988);
#8987 = CARTESIAN_POINT('',(-42.56265751363,38.36698565379,
    20.45123389577));
#8988 = VECTOR('',#8989,1.);
#8989 = DIRECTION('',(0.425433090945,0.85135621908,-0.306919001305));
#8990 = PCURVE('',#8890,#8991);
#8991 = DEFINITIONAL_REPRESENTATION('',(#8992),#8996);
#8992 = LINE('',#8993,#8994);
#8993 = CARTESIAN_POINT('',(-0.16545008811,5.335494323365E-02));
#8994 = VECTOR('',#8995,1.);
#8995 = DIRECTION('',(0.951735594583,-0.306919139195));
#8996 = ( GEOMETRIC_REPRESENTATION_CONTEXT(2) 
PARAMETRIC_REPRESENTATION_CONTEXT() REPRESENTATION_CONTEXT('2D SPACE',''
  ) );
#8997 = PCURVE('',#8998,#9003);
#8998 = PLANE('',#8999);
#8999 = AXIS2_PLACEMENT_3D('',#9000,#9001,#9002);
#9000 = CARTESIAN_POINT('',(-42.42887640859,38.57640827447,
    20.462710682411));
#9001 = DIRECTION('',(0.817276429989,-0.507082974633,-0.273726311891));
#9002 = DIRECTION('',(0.527218709664,0.849729622986,4.347348654051E-18)
  );
#9003 = DEFINITIONAL_REPRESENTATION('',(#9004),#9008);
#9004 = LINE('',#9005,#9006);
#9005 = CARTESIAN_POINT('',(-0.248484506094,-1.193251784569E-02));
#9006 = VECTOR('',#9007,1.);
#9007 = DIRECTION('',(0.947718884323,-0.319106434122));
#9008 = ( GEOMETRIC_REPRESENTATION_CONTEXT(2) 
PARAMETRIC_REPRESENTATION_CONTEXT() REPRESENTATION_CONTEXT('2D SPACE',''
  ) );
#9009 = ORIENTED_EDGE('',*,*,#8876,.F.);
#9010 = ORIENTED_EDGE('',*,*,#8931,.T.);
#9011 = ADVANCED_FACE('',(#9012),#937,.T.);
#9012 = FACE_BOUND('',#9013,.T.);
#9013 = EDGE_LOOP('',(#9014,#9037,#9038));
#9014 = ORIENTED_EDGE('',*,*,#9015,.F.);
#9015 = EDGE_CURVE('',#922,#9016,#9018,.T.);
#9016 = VERTEX_POINT('',#9017);
#9017 = CARTESIAN_POINT('',(-42.42887640859,38.57640827447,
    20.462710682411));
#9018 = SURFACE_CURVE('',#9019,(#9023,#9030),.PCURVE_S1.);
#9019 = LINE('',#9020,#9021);
#9020 = CARTESIAN_POINT('',(-42.45801117337,38.48018531159,
    13.227187744135));
#9021 = VECTOR('',#9022,1.);
#9022 = DIRECTION('',(4.02624011077E-03,1.329740451633E-02,
    0.999903479554));
#9023 = PCURVE('',#937,#9024);
#9024 = DEFINITIONAL_REPRESENTATION('',(#9025),#9029);
#9025 = LINE('',#9026,#9027);
#9026 = CARTESIAN_POINT('',(-9.788568174878E-02,-7.2355592926));
#9027 = VECTOR('',#9028,1.);
#9028 = DIRECTION('',(1.352718174126E-02,0.999908503491));
#9029 = ( GEOMETRIC_REPRESENTATION_CONTEXT(2) 
PARAMETRIC_REPRESENTATION_CONTEXT() REPRESENTATION_CONTEXT('2D SPACE',''
  ) );
#9030 = PCURVE('',#8969,#9031);
#9031 = DEFINITIONAL_REPRESENTATION('',(#9032),#9036);
#9032 = LINE('',#9033,#9034);
#9033 = CARTESIAN_POINT('',(-8.903225558868E-02,-7.235673648036));
#9034 = VECTOR('',#9035,1.);
#9035 = DIRECTION('',(1.230369427546E-02,0.999924306689));
#9036 = ( GEOMETRIC_REPRESENTATION_CONTEXT(2) 
PARAMETRIC_REPRESENTATION_CONTEXT() REPRESENTATION_CONTEXT('2D SPACE',''
  ) );
#9037 = ORIENTED_EDGE('',*,*,#921,.T.);
#9038 = ORIENTED_EDGE('',*,*,#9039,.F.);
#9039 = EDGE_CURVE('',#9016,#864,#9040,.T.);
#9040 = SURFACE_CURVE('',#9041,(#9045,#9052),.PCURVE_S1.);
#9041 = LINE('',#9042,#9043);
#9042 = CARTESIAN_POINT('',(-42.42887640859,38.57640827447,
    20.462710682411));
#9043 = VECTOR('',#9044,1.);
#9044 = DIRECTION('',(4.409527871205E-03,1.293760602312E-03,
    -0.999989441068));
#9045 = PCURVE('',#937,#9046);
#9046 = DEFINITIONAL_REPRESENTATION('',(#9047),#9051);
#9047 = LINE('',#9048,#9049);
#9048 = CARTESIAN_POINT('',(0.,0.));
#9049 = VECTOR('',#9050,1.);
#9050 = DIRECTION('',(3.327024881749E-03,-0.999994465437));
#9051 = ( GEOMETRIC_REPRESENTATION_CONTEXT(2) 
PARAMETRIC_REPRESENTATION_CONTEXT() REPRESENTATION_CONTEXT('2D SPACE',''
  ) );
#9052 = PCURVE('',#9053,#9058);
#9053 = PLANE('',#9054);
#9054 = AXIS2_PLACEMENT_3D('',#9055,#9056,#9057);
#9055 = CARTESIAN_POINT('',(-42.33883179189,38.730092848024,
    20.43171215344));
#9056 = DIRECTION('',(0.863084376109,-0.505049920306,3.15241420869E-03)
  );
#9057 = DIRECTION('',(0.505052429846,0.863088664685,7.758740535106E-20)
  );
#9058 = DEFINITIONAL_REPRESENTATION('',(#9059),#9063);
#9059 = LINE('',#9060,#9061);
#9060 = CARTESIAN_POINT('',(-0.178120665831,3.099868299939E-02));
#9061 = VECTOR('',#9062,1.);
#9062 = DIRECTION('',(3.343672876495E-03,-0.99999440991));
#9063 = ( GEOMETRIC_REPRESENTATION_CONTEXT(2) 
PARAMETRIC_REPRESENTATION_CONTEXT() REPRESENTATION_CONTEXT('2D SPACE',''
  ) );
#9064 = ADVANCED_FACE('',(#9065),#8969,.T.);
#9065 = FACE_BOUND('',#9066,.T.);
#9066 = EDGE_LOOP('',(#9067,#9088,#9089));
#9067 = ORIENTED_EDGE('',*,*,#9068,.F.);
#9068 = EDGE_CURVE('',#8932,#9016,#9069,.T.);
#9069 = SURFACE_CURVE('',#9070,(#9074,#9081),.PCURVE_S1.);
#9070 = LINE('',#9071,#9072);
#9071 = CARTESIAN_POINT('',(-42.48870005866,38.514985751991,
    20.397878976507));
#9072 = VECTOR('',#9073,1.);
#9073 = DIRECTION('',(0.556535299895,0.571409499884,0.603124898685));
#9074 = PCURVE('',#8969,#9075);
#9075 = DEFINITIONAL_REPRESENTATION('',(#9076),#9080);
#9076 = LINE('',#9077,#9078);
#9077 = CARTESIAN_POINT('',(-8.574042382476E-02,-6.483305629306E-02));
#9078 = VECTOR('',#9079,1.);
#9079 = DIRECTION('',(0.797637262685,0.603137461261));
#9080 = ( GEOMETRIC_REPRESENTATION_CONTEXT(2) 
PARAMETRIC_REPRESENTATION_CONTEXT() REPRESENTATION_CONTEXT('2D SPACE',''
  ) );
#9081 = PCURVE('',#8998,#9082);
#9082 = DEFINITIONAL_REPRESENTATION('',(#9083),#9087);
#9083 = LINE('',#9084,#9085);
#9084 = CARTESIAN_POINT('',(-8.373268446692E-02,-6.74061051976E-02));
#9085 = VECTOR('',#9086,1.);
#9086 = DIRECTION('',(0.7789594016,0.627074358158));
#9087 = ( GEOMETRIC_REPRESENTATION_CONTEXT(2) 
PARAMETRIC_REPRESENTATION_CONTEXT() REPRESENTATION_CONTEXT('2D SPACE',''
  ) );
#9088 = ORIENTED_EDGE('',*,*,#8955,.T.);
#9089 = ORIENTED_EDGE('',*,*,#9015,.T.);
#9090 = ADVANCED_FACE('',(#9091),#879,.F.);
#9091 = FACE_BOUND('',#9092,.F.);
#9092 = EDGE_LOOP('',(#9093,#9094,#9117));
#9093 = ORIENTED_EDGE('',*,*,#863,.F.);
#9094 = ORIENTED_EDGE('',*,*,#9095,.T.);
#9095 = EDGE_CURVE('',#864,#9096,#9098,.T.);
#9096 = VERTEX_POINT('',#9097);
#9097 = CARTESIAN_POINT('',(-42.33883179189,38.730092848024,
    20.43171215344));
#9098 = SURFACE_CURVE('',#9099,(#9103,#9110),.PCURVE_S1.);
#9099 = LINE('',#9100,#9101);
#9100 = CARTESIAN_POINT('',(-42.39706299856,38.585742365949,
    13.248089288329));
#9101 = VECTOR('',#9102,1.);
#9102 = DIRECTION('',(8.1042035467E-03,2.008966936652E-02,0.999765336001
    ));
#9103 = PCURVE('',#879,#9104);
#9104 = DEFINITIONAL_REPRESENTATION('',(#9105),#9109);
#9105 = LINE('',#9106,#9107);
#9106 = CARTESIAN_POINT('',(0.117404745457,7.319736912382E-02));
#9107 = VECTOR('',#9108,1.);
#9108 = DIRECTION('',(-2.166150783906E-02,0.999765362012));
#9109 = ( GEOMETRIC_REPRESENTATION_CONTEXT(2) 
PARAMETRIC_REPRESENTATION_CONTEXT() REPRESENTATION_CONTEXT('2D SPACE',''
  ) );
#9110 = PCURVE('',#9053,#9111);
#9111 = DEFINITIONAL_REPRESENTATION('',(#9112),#9116);
#9112 = LINE('',#9113,#9114);
#9113 = CARTESIAN_POINT('',(-0.153997077242,-7.183658559776));
#9114 = VECTOR('',#9115,1.);
#9115 = DIRECTION('',(2.143221360073E-02,0.99977030373));
#9116 = ( GEOMETRIC_REPRESENTATION_CONTEXT(2) 
PARAMETRIC_REPRESENTATION_CONTEXT() REPRESENTATION_CONTEXT('2D SPACE',''
  ) );
#9117 = ORIENTED_EDGE('',*,*,#9118,.F.);
#9118 = EDGE_CURVE('',#806,#9096,#9119,.T.);
#9119 = SURFACE_CURVE('',#9120,(#9124,#9131),.PCURVE_S1.);
#9120 = LINE('',#9121,#9122);
#9121 = CARTESIAN_POINT('',(-42.35430509312,38.695084197183,
    13.17489192111));
#9122 = VECTOR('',#9123,1.);
#9123 = DIRECTION('',(2.132212940778E-03,4.824174054826E-03,
    0.99998609041));
#9124 = PCURVE('',#879,#9125);
#9125 = DEFINITIONAL_REPRESENTATION('',(#9126),#9130);
#9126 = LINE('',#9127,#9128);
#9127 = CARTESIAN_POINT('',(-0.,0.));
#9128 = VECTOR('',#9129,1.);
#9129 = DIRECTION('',(-5.269436008262E-03,0.999986116426));
#9130 = ( GEOMETRIC_REPRESENTATION_CONTEXT(2) 
PARAMETRIC_REPRESENTATION_CONTEXT() REPRESENTATION_CONTEXT('2D SPACE',''
  ) );
#9131 = PCURVE('',#9132,#9137);
#9132 = PLANE('',#9133);
#9133 = AXIS2_PLACEMENT_3D('',#9134,#9135,#9136);
#9134 = CARTESIAN_POINT('',(-42.3643038165,38.823982388597,
    20.438202924311));
#9135 = DIRECTION('',(0.965049795997,0.262045523309,-3.321891084394E-03)
  );
#9136 = DIRECTION('',(-0.262046969152,0.965055120684,4.319991994528E-20)
  );
#9137 = DEFINITIONAL_REPRESENTATION('',(#9138),#9142);
#9138 = LINE('',#9139,#9140);
#9139 = CARTESIAN_POINT('',(-0.127013994828,-7.263351078707));
#9140 = VECTOR('',#9141,1.);
#9141 = DIRECTION('',(4.096853935963E-03,0.999991607859));
#9142 = ( GEOMETRIC_REPRESENTATION_CONTEXT(2) 
PARAMETRIC_REPRESENTATION_CONTEXT() REPRESENTATION_CONTEXT('2D SPACE',''
  ) );
#9143 = ADVANCED_FACE('',(#9144),#9053,.T.);
#9144 = FACE_BOUND('',#9145,.T.);
#9145 = EDGE_LOOP('',(#9146,#9172,#9173));
#9146 = ORIENTED_EDGE('',*,*,#9147,.F.);
#9147 = EDGE_CURVE('',#9016,#9096,#9148,.T.);
#9148 = SURFACE_CURVE('',#9149,(#9153,#9160),.PCURVE_S1.);
#9149 = LINE('',#9150,#9151);
#9150 = CARTESIAN_POINT('',(-42.42887640859,38.57640827447,
    20.462710682411));
#9151 = VECTOR('',#9152,1.);
#9152 = DIRECTION('',(0.498040098331,0.850035048486,-0.171454007826));
#9153 = PCURVE('',#9053,#9154);
#9154 = DEFINITIONAL_REPRESENTATION('',(#9155),#9159);
#9155 = LINE('',#9156,#9157);
#9156 = CARTESIAN_POINT('',(-0.178120665831,3.099868299939E-02));
#9157 = VECTOR('',#9158,1.);
#9158 = DIRECTION('',(0.985191976756,-0.171454859763));
#9159 = ( GEOMETRIC_REPRESENTATION_CONTEXT(2) 
PARAMETRIC_REPRESENTATION_CONTEXT() REPRESENTATION_CONTEXT('2D SPACE',''
  ) );
#9160 = PCURVE('',#9161,#9166);
#9161 = PLANE('',#9162);
#9162 = AXIS2_PLACEMENT_3D('',#9163,#9164,#9165);
#9163 = CARTESIAN_POINT('',(-42.3643038165,38.823982388597,
    20.438202924311));
#9164 = DIRECTION('',(0.30123383198,1.581230535488E-02,0.953419188746));
#9165 = DIRECTION('',(0.953538402325,-3.257881500066E-21,-0.30127149764)
  );
#9166 = DEFINITIONAL_REPRESENTATION('',(#9167),#9171);
#9167 = LINE('',#9168,#9169);
#9168 = CARTESIAN_POINT('',(-6.895593527929E-02,-0.247605070286));
#9169 = VECTOR('',#9170,1.);
#9170 = DIRECTION('',(0.526554565371,0.850141335124));
#9171 = ( GEOMETRIC_REPRESENTATION_CONTEXT(2) 
PARAMETRIC_REPRESENTATION_CONTEXT() REPRESENTATION_CONTEXT('2D SPACE',''
  ) );
#9172 = ORIENTED_EDGE('',*,*,#9039,.T.);
#9173 = ORIENTED_EDGE('',*,*,#9095,.T.);
#9174 = ADVANCED_FACE('',(#9175),#821,.F.);
#9175 = FACE_BOUND('',#9176,.F.);
#9176 = EDGE_LOOP('',(#9177,#9178,#9201));
#9177 = ORIENTED_EDGE('',*,*,#805,.F.);
#9178 = ORIENTED_EDGE('',*,*,#9179,.F.);
#9179 = EDGE_CURVE('',#9180,#806,#9182,.T.);
#9180 = VERTEX_POINT('',#9181);
#9181 = CARTESIAN_POINT('',(-42.3643038165,38.823982388597,
    20.438202924311));
#9182 = SURFACE_CURVE('',#9183,(#9187,#9194),.PCURVE_S1.);
#9183 = LINE('',#9184,#9185);
#9184 = CARTESIAN_POINT('',(-42.3643038165,38.823982388597,
    20.438202924311));
#9185 = VECTOR('',#9186,1.);
#9186 = DIRECTION('',(1.376388783474E-03,-1.77436676796E-02,
    -0.999841621364));
#9187 = PCURVE('',#821,#9188);
#9188 = DEFINITIONAL_REPRESENTATION('',(#9189),#9193);
#9189 = LINE('',#9190,#9191);
#9190 = CARTESIAN_POINT('',(-2.856644669757E-03,7.230883544447));
#9191 = VECTOR('',#9192,1.);
#9192 = DIRECTION('',(1.425119713636E-02,-0.999898446534));
#9193 = ( GEOMETRIC_REPRESENTATION_CONTEXT(2) 
PARAMETRIC_REPRESENTATION_CONTEXT() REPRESENTATION_CONTEXT('2D SPACE',''
  ) );
#9194 = PCURVE('',#9132,#9195);
#9195 = DEFINITIONAL_REPRESENTATION('',(#9196),#9200);
#9196 = LINE('',#9197,#9198);
#9197 = CARTESIAN_POINT('',(0.,0.));
#9198 = VECTOR('',#9199,1.);
#9199 = DIRECTION('',(-1.7484295863E-02,-0.999847138016));
#9200 = ( GEOMETRIC_REPRESENTATION_CONTEXT(2) 
PARAMETRIC_REPRESENTATION_CONTEXT() REPRESENTATION_CONTEXT('2D SPACE',''
  ) );
#9201 = ORIENTED_EDGE('',*,*,#9202,.T.);
#9202 = EDGE_CURVE('',#9180,#748,#9203,.T.);
#9203 = SURFACE_CURVE('',#9204,(#9208,#9215),.PCURVE_S1.);
#9204 = LINE('',#9205,#9206);
#9205 = CARTESIAN_POINT('',(-42.3643038165,38.823982388597,
    20.438202924311));
#9206 = VECTOR('',#9207,1.);
#9207 = DIRECTION('',(8.793859504314E-03,-6.040094670283E-03,
    -0.999943091026));
#9208 = PCURVE('',#821,#9209);
#9209 = DEFINITIONAL_REPRESENTATION('',(#9210),#9214);
#9210 = LINE('',#9211,#9212);
#9211 = CARTESIAN_POINT('',(-2.856644669757E-03,7.230883544447));
#9212 = VECTOR('',#9213,1.);
#9213 = DIRECTION('',(3.950616033676E-04,-0.999999921963));
#9214 = ( GEOMETRIC_REPRESENTATION_CONTEXT(2) 
PARAMETRIC_REPRESENTATION_CONTEXT() REPRESENTATION_CONTEXT('2D SPACE',''
  ) );
#9215 = PCURVE('',#9216,#9221);
#9216 = PLANE('',#9217);
#9217 = AXIS2_PLACEMENT_3D('',#9218,#9219,#9220);
#9218 = CARTESIAN_POINT('',(-42.30716004354,38.893899082205,
    20.423171371218));
#9219 = DIRECTION('',(0.77536230335,-0.631427145224,1.063291200325E-02)
  );
#9220 = DIRECTION('',(0.631462842454,0.77540613784,7.478745456127E-19));
#9221 = DEFINITIONAL_REPRESENTATION('',(#9222),#9226);
#9222 = LINE('',#9223,#9224);
#9223 = CARTESIAN_POINT('',(-9.02980026678E-02,1.503240289019E-02));
#9224 = VECTOR('',#9225,1.);
#9225 = DIRECTION('',(8.694690382641E-04,-0.999999622012));
#9226 = ( GEOMETRIC_REPRESENTATION_CONTEXT(2) 
PARAMETRIC_REPRESENTATION_CONTEXT() REPRESENTATION_CONTEXT('2D SPACE',''
  ) );
#9227 = ADVANCED_FACE('',(#9228),#9132,.T.);
#9228 = FACE_BOUND('',#9229,.T.);
#9229 = EDGE_LOOP('',(#9230,#9251,#9252));
#9230 = ORIENTED_EDGE('',*,*,#9231,.T.);
#9231 = EDGE_CURVE('',#9180,#9096,#9232,.T.);
#9232 = SURFACE_CURVE('',#9233,(#9237,#9244),.PCURVE_S1.);
#9233 = LINE('',#9234,#9235);
#9234 = CARTESIAN_POINT('',(-42.3643038165,38.823982388597,
    20.438202924311));
#9235 = VECTOR('',#9236,1.);
#9236 = DIRECTION('',(0.261252221936,-0.962972180718,-6.657218409973E-02
    ));
#9237 = PCURVE('',#9132,#9238);
#9238 = DEFINITIONAL_REPRESENTATION('',(#9239),#9243);
#9239 = LINE('',#9240,#9241);
#9240 = CARTESIAN_POINT('',(0.,0.));
#9241 = VECTOR('',#9242,1.);
#9242 = DIRECTION('',(-0.997781587021,-6.657255141347E-02));
#9243 = ( GEOMETRIC_REPRESENTATION_CONTEXT(2) 
PARAMETRIC_REPRESENTATION_CONTEXT() REPRESENTATION_CONTEXT('2D SPACE',''
  ) );
#9244 = PCURVE('',#9161,#9245);
#9245 = DEFINITIONAL_REPRESENTATION('',(#9246),#9250);
#9246 = LINE('',#9247,#9248);
#9247 = CARTESIAN_POINT('',(0.,0.));
#9248 = VECTOR('',#9249,1.);
#9249 = DIRECTION('',(0.269170327914,-0.963092588784));
#9250 = ( GEOMETRIC_REPRESENTATION_CONTEXT(2) 
PARAMETRIC_REPRESENTATION_CONTEXT() REPRESENTATION_CONTEXT('2D SPACE',''
  ) );
#9251 = ORIENTED_EDGE('',*,*,#9118,.F.);
#9252 = ORIENTED_EDGE('',*,*,#9179,.F.);
#9253 = ADVANCED_FACE('',(#9254),#763,.T.);
#9254 = FACE_BOUND('',#9255,.T.);
#9255 = EDGE_LOOP('',(#9256,#9279,#9280));
#9256 = ORIENTED_EDGE('',*,*,#9257,.T.);
#9257 = EDGE_CURVE('',#9258,#748,#9260,.T.);
#9258 = VERTEX_POINT('',#9259);
#9259 = CARTESIAN_POINT('',(-42.30716004354,38.893899082205,
    20.423171371218));
#9260 = SURFACE_CURVE('',#9261,(#9265,#9272),.PCURVE_S1.);
#9261 = LINE('',#9262,#9263);
#9262 = CARTESIAN_POINT('',(-42.30716004354,38.893899082205,
    20.423171371218));
#9263 = VECTOR('',#9264,1.);
#9264 = DIRECTION('',(8.929190913948E-04,-1.574093647716E-02,
    -0.999875705083));
#9265 = PCURVE('',#763,#9266);
#9266 = DEFINITIONAL_REPRESENTATION('',(#9267),#9271);
#9267 = LINE('',#9268,#9269);
#9268 = CARTESIAN_POINT('',(0.,0.));
#9269 = VECTOR('',#9270,1.);
#9270 = DIRECTION('',(-1.576525794916E-02,-0.999875720598));
#9271 = ( GEOMETRIC_REPRESENTATION_CONTEXT(2) 
PARAMETRIC_REPRESENTATION_CONTEXT() REPRESENTATION_CONTEXT('2D SPACE',''
  ) );
#9272 = PCURVE('',#9216,#9273);
#9273 = DEFINITIONAL_REPRESENTATION('',(#9274),#9278);
#9274 = LINE('',#9275,#9276);
#9275 = CARTESIAN_POINT('',(0.,0.));
#9276 = VECTOR('',#9277,1.);
#9277 = DIRECTION('',(-1.16417735322E-02,-0.999932232258));
#9278 = ( GEOMETRIC_REPRESENTATION_CONTEXT(2) 
PARAMETRIC_REPRESENTATION_CONTEXT() REPRESENTATION_CONTEXT('2D SPACE',''
  ) );
#9279 = ORIENTED_EDGE('',*,*,#747,.F.);
#9280 = ORIENTED_EDGE('',*,*,#9281,.T.);
#9281 = EDGE_CURVE('',#690,#9258,#9282,.T.);
#9282 = SURFACE_CURVE('',#9283,(#9287,#9294),.PCURVE_S1.);
#9283 = LINE('',#9284,#9285);
#9284 = CARTESIAN_POINT('',(-42.30992751773,38.915809889212,
    13.180838769048));
#9285 = VECTOR('',#9286,1.);
#9286 = DIRECTION('',(3.821229256963E-04,-3.02536576787E-03,
    0.999995350561));
#9287 = PCURVE('',#763,#9288);
#9288 = DEFINITIONAL_REPRESENTATION('',(#9289),#9293);
#9289 = LINE('',#9290,#9291);
#9290 = CARTESIAN_POINT('',(2.204800531477E-02,-7.242332714553));
#9291 = VECTOR('',#9292,1.);
#9292 = DIRECTION('',(-3.04430961888E-03,0.999995366079));
#9293 = ( GEOMETRIC_REPRESENTATION_CONTEXT(2) 
PARAMETRIC_REPRESENTATION_CONTEXT() REPRESENTATION_CONTEXT('2D SPACE',''
  ) );
#9294 = PCURVE('',#705,#9295);
#9295 = DEFINITIONAL_REPRESENTATION('',(#9296),#9300);
#9296 = LINE('',#9297,#9298);
#9297 = CARTESIAN_POINT('',(2.207831151737E-02,-7.242332622228));
#9298 = VECTOR('',#9299,1.);
#9299 = DIRECTION('',(-3.048494190808E-03,0.999995353331));
#9300 = ( GEOMETRIC_REPRESENTATION_CONTEXT(2) 
PARAMETRIC_REPRESENTATION_CONTEXT() REPRESENTATION_CONTEXT('2D SPACE',''
  ) );
#9301 = ADVANCED_FACE('',(#9302),#705,.T.);
#9302 = FACE_BOUND('',#9303,.T.);
#9303 = EDGE_LOOP('',(#9304,#9305,#9306));
#9304 = ORIENTED_EDGE('',*,*,#9281,.F.);
#9305 = ORIENTED_EDGE('',*,*,#689,.F.);
#9306 = ORIENTED_EDGE('',*,*,#9307,.T.);
#9307 = EDGE_CURVE('',#637,#9258,#9308,.T.);
#9308 = SURFACE_CURVE('',#9309,(#9313,#9320),.PCURVE_S1.);
#9309 = LINE('',#9310,#9311);
#9310 = CARTESIAN_POINT('',(-42.32129401583,39.027740609813,
    13.225607712624));
#9311 = VECTOR('',#9312,1.);
#9312 = DIRECTION('',(1.963372979033E-03,-1.859214334042E-02,
    0.999825223413));
#9313 = PCURVE('',#705,#9314);
#9314 = DEFINITIONAL_REPRESENTATION('',(#9315),#9319);
#9315 = LINE('',#9316,#9317);
#9316 = CARTESIAN_POINT('',(0.134584682369,-7.197563678528));
#9317 = VECTOR('',#9318,1.);
#9318 = DIRECTION('',(-1.869537617171E-02,0.999825226182));
#9319 = ( GEOMETRIC_REPRESENTATION_CONTEXT(2) 
PARAMETRIC_REPRESENTATION_CONTEXT() REPRESENTATION_CONTEXT('2D SPACE',''
  ) );
#9320 = PCURVE('',#9321,#9326);
#9321 = PLANE('',#9322);
#9322 = AXIS2_PLACEMENT_3D('',#9323,#9324,#9325);
#9323 = CARTESIAN_POINT('',(-42.27148375362,39.014144755374,
    20.453528989748));
#9324 = DIRECTION('',(0.959159726636,-0.282774845251,-7.141826969973E-03
    ));
#9325 = DIRECTION('',(0.28278205709,0.959184188875,-1.616388870315E-19)
  );
#9326 = DEFINITIONAL_REPRESENTATION('',(#9327),#9331);
#9327 = LINE('',#9328,#9329);
#9328 = CARTESIAN_POINT('',(-1.044519798121E-03,-7.228105616741));
#9329 = VECTOR('',#9330,1.);
#9330 = DIRECTION('',(-1.727808327958E-02,0.999850722777));
#9331 = ( GEOMETRIC_REPRESENTATION_CONTEXT(2) 
PARAMETRIC_REPRESENTATION_CONTEXT() REPRESENTATION_CONTEXT('2D SPACE',''
  ) );
#9332 = ADVANCED_FACE('',(#9333),#9216,.T.);
#9333 = FACE_BOUND('',#9334,.T.);
#9334 = EDGE_LOOP('',(#9335,#9361,#9362));
#9335 = ORIENTED_EDGE('',*,*,#9336,.F.);
#9336 = EDGE_CURVE('',#9180,#9258,#9337,.T.);
#9337 = SURFACE_CURVE('',#9338,(#9342,#9349),.PCURVE_S1.);
#9338 = LINE('',#9339,#9340);
#9339 = CARTESIAN_POINT('',(-42.3643038165,38.823982388597,
    20.438202924311));
#9340 = VECTOR('',#9341,1.);
#9341 = DIRECTION('',(0.624244340246,0.763777013793,-0.164206202293));
#9342 = PCURVE('',#9216,#9343);
#9343 = DEFINITIONAL_REPRESENTATION('',(#9344),#9348);
#9344 = LINE('',#9345,#9346);
#9345 = CARTESIAN_POINT('',(-9.02980026678E-02,1.503240289019E-02));
#9346 = VECTOR('',#9347,1.);
#9347 = DIRECTION('',(0.986424489914,-0.164215485559));
#9348 = ( GEOMETRIC_REPRESENTATION_CONTEXT(2) 
PARAMETRIC_REPRESENTATION_CONTEXT() REPRESENTATION_CONTEXT('2D SPACE',''
  ) );
#9349 = PCURVE('',#9350,#9355);
#9350 = PLANE('',#9351);
#9351 = AXIS2_PLACEMENT_3D('',#9352,#9353,#9354);
#9352 = CARTESIAN_POINT('',(-42.30716004354,38.893899082205,
    20.423171371218));
#9353 = DIRECTION('',(-0.723158519554,0.485411474345,-0.491342503933));
#9354 = DIRECTION('',(0.561992990071,-4.344245930089E-18,-0.827141994528
    ));
#9355 = DEFINITIONAL_REPRESENTATION('',(#9356),#9360);
#9356 = LINE('',#9357,#9358);
#9357 = CARTESIAN_POINT('',(-4.45476286402E-02,7.997006443028E-02));
#9358 = VECTOR('',#9359,1.);
#9359 = DIRECTION('',(0.486642788988,-0.873601050781));
#9360 = ( GEOMETRIC_REPRESENTATION_CONTEXT(2) 
PARAMETRIC_REPRESENTATION_CONTEXT() REPRESENTATION_CONTEXT('2D SPACE',''
  ) );
#9361 = ORIENTED_EDGE('',*,*,#9202,.T.);
#9362 = ORIENTED_EDGE('',*,*,#9257,.F.);
#9363 = ADVANCED_FACE('',(#9364),#9321,.T.);
#9364 = FACE_BOUND('',#9365,.T.);
#9365 = EDGE_LOOP('',(#9366,#9394,#9395));
#9366 = ORIENTED_EDGE('',*,*,#9367,.F.);
#9367 = EDGE_CURVE('',#9258,#9368,#9370,.T.);
#9368 = VERTEX_POINT('',#9369);
#9369 = CARTESIAN_POINT('',(-42.27148375362,39.014144755374,
    20.453528989748));
#9370 = SURFACE_CURVE('',#9371,(#9375,#9382),.PCURVE_S1.);
#9371 = LINE('',#9372,#9373);
#9372 = CARTESIAN_POINT('',(-42.30716004354,38.893899082205,
    20.423171371218));
#9373 = VECTOR('',#9374,1.);
#9374 = DIRECTION('',(0.276457367313,0.931789777335,0.235242714899));
#9375 = PCURVE('',#9321,#9376);
#9376 = DEFINITIONAL_REPRESENTATION('',(#9377),#9381);
#9377 = LINE('',#9378,#9379);
#9378 = CARTESIAN_POINT('',(-0.125426363135,-3.035839276592E-02));
#9379 = VECTOR('',#9380,1.);
#9380 = DIRECTION('',(0.971935204801,0.235248714487));
#9381 = ( GEOMETRIC_REPRESENTATION_CONTEXT(2) 
PARAMETRIC_REPRESENTATION_CONTEXT() REPRESENTATION_CONTEXT('2D SPACE',''
  ) );
#9382 = PCURVE('',#9383,#9388);
#9383 = PLANE('',#9384);
#9384 = AXIS2_PLACEMENT_3D('',#9385,#9386,#9387);
#9385 = CARTESIAN_POINT('',(-42.27148375362,39.014144755374,
    20.453528989748));
#9386 = DIRECTION('',(0.143057355983,-0.281956764707,0.948701731702));
#9387 = DIRECTION('',(-3.814530709919E-18,0.95856110816,0.284886998515)
  );
#9388 = DEFINITIONAL_REPRESENTATION('',(#9389),#9393);
#9389 = LINE('',#9390,#9391);
#9390 = CARTESIAN_POINT('',(-0.12391131655,3.604705552036E-02));
#9391 = VECTOR('',#9392,1.);
#9392 = DIRECTION('',(0.960195032504,-0.27933044867));
#9393 = ( GEOMETRIC_REPRESENTATION_CONTEXT(2) 
PARAMETRIC_REPRESENTATION_CONTEXT() REPRESENTATION_CONTEXT('2D SPACE',''
  ) );
#9394 = ORIENTED_EDGE('',*,*,#9307,.F.);
#9395 = ORIENTED_EDGE('',*,*,#9396,.T.);
#9396 = EDGE_CURVE('',#637,#9368,#9397,.T.);
#9397 = SURFACE_CURVE('',#9398,(#9402,#9409),.PCURVE_S1.);
#9398 = LINE('',#9399,#9400);
#9399 = CARTESIAN_POINT('',(-42.32129401583,39.027740609813,
    13.225607712624));
#9400 = VECTOR('',#9401,1.);
#9401 = DIRECTION('',(6.891191734674E-03,-1.880970619109E-03,
    0.999974486388));
#9402 = PCURVE('',#9321,#9403);
#9403 = DEFINITIONAL_REPRESENTATION('',(#9404),#9408);
#9404 = LINE('',#9405,#9406);
#9405 = CARTESIAN_POINT('',(-1.044519798121E-03,-7.228105616741));
#9406 = VECTOR('',#9407,1.);
#9407 = DIRECTION('',(1.44508096948E-04,0.999999989559));
#9408 = ( GEOMETRIC_REPRESENTATION_CONTEXT(2) 
PARAMETRIC_REPRESENTATION_CONTEXT() REPRESENTATION_CONTEXT('2D SPACE',''
  ) );
#9409 = PCURVE('',#9410,#9415);
#9410 = PLANE('',#9411);
#9411 = AXIS2_PLACEMENT_3D('',#9412,#9413,#9414);
#9412 = CARTESIAN_POINT('',(-42.24846214452,39.203184007741,
    20.44397280832));
#9413 = DIRECTION('',(0.992598289569,-0.121238084419,-7.068410744333E-03
    ));
#9414 = DIRECTION('',(0.121241113207,0.99262308681,7.502914766175E-20));
#9415 = DEFINITIONAL_REPRESENTATION('',(#9416),#9420);
#9416 = LINE('',#9417,#9418);
#9417 = CARTESIAN_POINT('',(-0.182979384366,-7.218545425985));
#9418 = VECTOR('',#9419,1.);
#9419 = DIRECTION('',(-1.031599104906E-03,0.999999467902));
#9420 = ( GEOMETRIC_REPRESENTATION_CONTEXT(2) 
PARAMETRIC_REPRESENTATION_CONTEXT() REPRESENTATION_CONTEXT('2D SPACE',''
  ) );
#9421 = ADVANCED_FACE('',(#9422),#72,.T.);
#9422 = FACE_BOUND('',#9423,.T.);
#9423 = EDGE_LOOP('',(#9424,#9445,#9446));
#9424 = ORIENTED_EDGE('',*,*,#9425,.F.);
#9425 = EDGE_CURVE('',#637,#24,#9426,.T.);
#9426 = SURFACE_CURVE('',#9427,(#9431,#9438),.PCURVE_S1.);
#9427 = LINE('',#9428,#9429);
#9428 = CARTESIAN_POINT('',(-42.32129401583,39.027740609813,
    13.225607712624));
#9429 = VECTOR('',#9430,1.);
#9430 = DIRECTION('',(1.008630954445E-02,2.429673146138E-02,
    0.99965390771));
#9431 = PCURVE('',#72,#9432);
#9432 = DEFINITIONAL_REPRESENTATION('',(#9433),#9437);
#9433 = LINE('',#9434,#9435);
#9434 = CARTESIAN_POINT('',(-0.189914335304,-7.218366301828));
#9435 = VECTOR('',#9436,1.);
#9436 = DIRECTION('',(2.630077654703E-02,0.999654074744));
#9437 = ( GEOMETRIC_REPRESENTATION_CONTEXT(2) 
PARAMETRIC_REPRESENTATION_CONTEXT() REPRESENTATION_CONTEXT('2D SPACE',''
  ) );
#9438 = PCURVE('',#9410,#9439);
#9439 = DEFINITIONAL_REPRESENTATION('',(#9440),#9444);
#9440 = LINE('',#9441,#9442);
#9441 = CARTESIAN_POINT('',(-0.182979384366,-7.218545425985));
#9442 = VECTOR('',#9443,1.);
#9443 = DIRECTION('',(2.534037197991E-02,0.999678881215));
#9444 = ( GEOMETRIC_REPRESENTATION_CONTEXT(2) 
PARAMETRIC_REPRESENTATION_CONTEXT() REPRESENTATION_CONTEXT('2D SPACE',''
  ) );
#9445 = ORIENTED_EDGE('',*,*,#636,.T.);
#9446 = ORIENTED_EDGE('',*,*,#56,.F.);
#9447 = ADVANCED_FACE('',(#9448),#9410,.T.);
#9448 = FACE_BOUND('',#9449,.T.);
#9449 = EDGE_LOOP('',(#9450,#9471,#9472));
#9450 = ORIENTED_EDGE('',*,*,#9451,.F.);
#9451 = EDGE_CURVE('',#9368,#24,#9452,.T.);
#9452 = SURFACE_CURVE('',#9453,(#9457,#9464),.PCURVE_S1.);
#9453 = LINE('',#9454,#9455);
#9454 = CARTESIAN_POINT('',(-42.27148375362,39.014144755374,
    20.453528989748));
#9455 = VECTOR('',#9456,1.);
#9456 = DIRECTION('',(0.120737098684,0.991418573887,-5.011750546592E-02)
  );
#9457 = PCURVE('',#9410,#9458);
#9458 = DEFINITIONAL_REPRESENTATION('',(#9459),#9463);
#9459 = LINE('',#9460,#9461);
#9460 = CARTESIAN_POINT('',(-0.190435891728,9.556420162582E-03));
#9461 = VECTOR('',#9462,1.);
#9462 = DIRECTION('',(0.998743265382,-5.011875750903E-02));
#9463 = ( GEOMETRIC_REPRESENTATION_CONTEXT(2) 
PARAMETRIC_REPRESENTATION_CONTEXT() REPRESENTATION_CONTEXT('2D SPACE',''
  ) );
#9464 = PCURVE('',#44,#9465);
#9465 = DEFINITIONAL_REPRESENTATION('',(#9466),#9470);
#9466 = LINE('',#9467,#9468);
#9467 = CARTESIAN_POINT('',(4.247288917721E-02,-0.243895401591));
#9468 = VECTOR('',#9469,1.);
#9469 = DIRECTION('',(0.126198037952,0.992005068141));
#9470 = ( GEOMETRIC_REPRESENTATION_CONTEXT(2) 
PARAMETRIC_REPRESENTATION_CONTEXT() REPRESENTATION_CONTEXT('2D SPACE',''
  ) );
#9471 = ORIENTED_EDGE('',*,*,#9396,.F.);
#9472 = ORIENTED_EDGE('',*,*,#9425,.T.);
#9473 = ADVANCED_FACE('',(#9474),#7817,.T.);
#9474 = FACE_BOUND('',#9475,.T.);
#9475 = EDGE_LOOP('',(#9476,#9502,#9503));
#9476 = ORIENTED_EDGE('',*,*,#9477,.F.);
#9477 = EDGE_CURVE('',#7692,#7886,#9478,.T.);
#9478 = SURFACE_CURVE('',#9479,(#9483,#9490),.PCURVE_S1.);
#9479 = LINE('',#9480,#9481);
#9480 = CARTESIAN_POINT('',(-44.04661844802,38.110713447756,
    20.452704186008));
#9481 = VECTOR('',#9482,1.);
#9482 = DIRECTION('',(0.945730518188,-0.324636016139,1.432633911928E-02)
  );
#9483 = PCURVE('',#7817,#9484);
#9484 = DEFINITIONAL_REPRESENTATION('',(#9485),#9489);
#9485 = LINE('',#9486,#9487);
#9486 = CARTESIAN_POINT('',(-4.652501626073E-02,-0.214750078462));
#9487 = VECTOR('',#9488,1.);
#9488 = DIRECTION('',(0.211735231534,0.97732706487));
#9489 = ( GEOMETRIC_REPRESENTATION_CONTEXT(2) 
PARAMETRIC_REPRESENTATION_CONTEXT() REPRESENTATION_CONTEXT('2D SPACE',''
  ) );
#9490 = PCURVE('',#9491,#9496);
#9491 = PLANE('',#9492);
#9492 = AXIS2_PLACEMENT_3D('',#9493,#9494,#9495);
#9493 = CARTESIAN_POINT('',(-42.30716004354,38.893899082205,
    20.423171371218));
#9494 = DIRECTION('',(-1.24978020108E-03,4.045344570203E-02,
    0.999180642717));
#9495 = DIRECTION('',(-2.819990585908E-21,0.999181423053,
    -4.045347729521E-02));
#9496 = DEFINITIONAL_REPRESENTATION('',(#9497),#9501);
#9497 = LINE('',#9498,#9499);
#9498 = CARTESIAN_POINT('',(-0.783739241796,1.739459762958));
#9499 = VECTOR('',#9500,1.);
#9500 = DIRECTION('',(-0.324949826814,-0.945731256781));
#9501 = ( GEOMETRIC_REPRESENTATION_CONTEXT(2) 
PARAMETRIC_REPRESENTATION_CONTEXT() REPRESENTATION_CONTEXT('2D SPACE',''
  ) );
#9502 = ORIENTED_EDGE('',*,*,#7801,.T.);
#9503 = ORIENTED_EDGE('',*,*,#7885,.T.);
#9504 = ADVANCED_FACE('',(#9505),#8367,.T.);
#9505 = FACE_BOUND('',#9506,.T.);
#9506 = EDGE_LOOP('',(#9507,#9533,#9534));
#9507 = ORIENTED_EDGE('',*,*,#9508,.F.);
#9508 = EDGE_CURVE('',#8191,#8469,#9509,.T.);
#9509 = SURFACE_CURVE('',#9510,(#9514,#9521),.PCURVE_S1.);
#9510 = LINE('',#9511,#9512);
#9511 = CARTESIAN_POINT('',(-43.39031445389,37.944511967637,
    20.420756028986));
#9512 = VECTOR('',#9513,1.);
#9513 = DIRECTION('',(0.976360221454,0.203091907882,7.398915403611E-02)
  );
#9514 = PCURVE('',#8367,#9515);
#9515 = DEFINITIONAL_REPRESENTATION('',(#9516),#9520);
#9516 = LINE('',#9517,#9518);
#9517 = CARTESIAN_POINT('',(8.508483146164E-02,0.398700339421));
#9518 = VECTOR('',#9519,1.);
#9519 = DIRECTION('',(-0.208705944051,-0.977978439904));
#9520 = ( GEOMETRIC_REPRESENTATION_CONTEXT(2) 
PARAMETRIC_REPRESENTATION_CONTEXT() REPRESENTATION_CONTEXT('2D SPACE',''
  ) );
#9521 = PCURVE('',#9522,#9527);
#9522 = PLANE('',#9523);
#9523 = AXIS2_PLACEMENT_3D('',#9524,#9525,#9526);
#9524 = CARTESIAN_POINT('',(-42.73590616042,38.227599408523,
    20.395943725123));
#9525 = DIRECTION('',(-0.159495842768,0.445901156928,0.880757193777));
#9526 = DIRECTION('',(1.455214856123E-17,0.892178325255,-0.451683335917)
  );
#9527 = DEFINITIONAL_REPRESENTATION('',(#9528),#9532);
#9528 = LINE('',#9529,#9530);
#9529 = CARTESIAN_POINT('',(-0.26377178309,0.662894268056));
#9530 = VECTOR('',#9531,1.);
#9531 = DIRECTION('',(0.14777453033,-0.989021075704));
#9532 = ( GEOMETRIC_REPRESENTATION_CONTEXT(2) 
PARAMETRIC_REPRESENTATION_CONTEXT() REPRESENTATION_CONTEXT('2D SPACE',''
  ) );
#9533 = ORIENTED_EDGE('',*,*,#8353,.T.);
#9534 = ORIENTED_EDGE('',*,*,#9535,.T.);
#9535 = EDGE_CURVE('',#8275,#8469,#9536,.T.);
#9536 = SURFACE_CURVE('',#9537,(#9541,#9548),.PCURVE_S1.);
#9537 = LINE('',#9538,#9539);
#9538 = CARTESIAN_POINT('',(-43.28046669536,38.020319567903,
    20.433654925311));
#9539 = VECTOR('',#9540,1.);
#9540 = DIRECTION('',(0.997918059997,2.419894103645E-02,
    5.978257926804E-02));
#9541 = PCURVE('',#8367,#9542);
#9542 = DEFINITIONAL_REPRESENTATION('',(#9543),#9547);
#9543 = LINE('',#9544,#9545);
#9544 = CARTESIAN_POINT('',(8.448400644258E-03,0.288670519321));
#9545 = VECTOR('',#9546,1.);
#9546 = DIRECTION('',(-2.925406037131E-02,-0.999572008387));
#9547 = ( GEOMETRIC_REPRESENTATION_CONTEXT(2) 
PARAMETRIC_REPRESENTATION_CONTEXT() REPRESENTATION_CONTEXT('2D SPACE',''
  ) );
#9548 = PCURVE('',#8400,#9549);
#9549 = DEFINITIONAL_REPRESENTATION('',(#9550),#9554);
#9550 = LINE('',#9551,#9552);
#9551 = CARTESIAN_POINT('',(-1.845374836608E-02,-0.288203926708));
#9552 = VECTOR('',#9553,1.);
#9553 = DIRECTION('',(6.389932148222E-02,0.997956350105));
#9554 = ( GEOMETRIC_REPRESENTATION_CONTEXT(2) 
PARAMETRIC_REPRESENTATION_CONTEXT() REPRESENTATION_CONTEXT('2D SPACE',''
  ) );
#9555 = ADVANCED_FACE('',(#9556),#8400,.T.);
#9556 = FACE_BOUND('',#9557,.T.);
#9557 = EDGE_LOOP('',(#9558,#9559,#9560));
#9558 = ORIENTED_EDGE('',*,*,#9535,.F.);
#9559 = ORIENTED_EDGE('',*,*,#8384,.T.);
#9560 = ORIENTED_EDGE('',*,*,#8468,.T.);
#9561 = ADVANCED_FACE('',(#9562),#9522,.T.);
#9562 = FACE_BOUND('',#9563,.T.);
#9563 = EDGE_LOOP('',(#9564,#9585,#9586));
#9564 = ORIENTED_EDGE('',*,*,#9565,.F.);
#9565 = EDGE_CURVE('',#8191,#8690,#9566,.T.);
#9566 = SURFACE_CURVE('',#9567,(#9571,#9578),.PCURVE_S1.);
#9567 = LINE('',#9568,#9569);
#9568 = CARTESIAN_POINT('',(-43.39031445389,37.944511967637,
    20.420756028986));
#9569 = VECTOR('',#9570,1.);
#9570 = DIRECTION('',(0.917250678396,0.396789206047,-3.477813893432E-02)
  );
#9571 = PCURVE('',#9522,#9572);
#9572 = DEFINITIONAL_REPRESENTATION('',(#9573),#9577);
#9573 = LINE('',#9574,#9575);
#9574 = CARTESIAN_POINT('',(-0.26377178309,0.662894268056));
#9575 = VECTOR('',#9576,1.);
#9576 = DIRECTION('',(0.369715435141,-0.929145035513));
#9577 = ( GEOMETRIC_REPRESENTATION_CONTEXT(2) 
PARAMETRIC_REPRESENTATION_CONTEXT() REPRESENTATION_CONTEXT('2D SPACE',''
  ) );
#9578 = PCURVE('',#8257,#9579);
#9579 = DEFINITIONAL_REPRESENTATION('',(#9580),#9584);
#9580 = LINE('',#9581,#9582);
#9581 = CARTESIAN_POINT('',(-0.282672637747,0.655057664672));
#9582 = VECTOR('',#9583,1.);
#9583 = DIRECTION('',(0.396207797675,-0.918160868836));
#9584 = ( GEOMETRIC_REPRESENTATION_CONTEXT(2) 
PARAMETRIC_REPRESENTATION_CONTEXT() REPRESENTATION_CONTEXT('2D SPACE',''
  ) );
#9585 = ORIENTED_EDGE('',*,*,#9508,.T.);
#9586 = ORIENTED_EDGE('',*,*,#9587,.T.);
#9587 = EDGE_CURVE('',#8469,#8690,#9588,.T.);
#9588 = SURFACE_CURVE('',#9589,(#9593,#9600),.PCURVE_S1.);
#9589 = LINE('',#9590,#9591);
#9590 = CARTESIAN_POINT('',(-42.99227382661,38.027308079803,
    20.450919782729));
#9591 = VECTOR('',#9592,1.);
#9592 = DIRECTION('',(0.777002427454,0.607045540989,-0.166622144074));
#9593 = PCURVE('',#9522,#9594);
#9594 = DEFINITIONAL_REPRESENTATION('',(#9595),#9599);
#9595 = LINE('',#9596,#9597);
#9596 = CARTESIAN_POINT('',(-0.203527351315,0.25969208845));
#9597 = VECTOR('',#9598,1.);
#9598 = DIRECTION('',(0.616853319987,-0.7870781293));
#9599 = ( GEOMETRIC_REPRESENTATION_CONTEXT(2) 
PARAMETRIC_REPRESENTATION_CONTEXT() REPRESENTATION_CONTEXT('2D SPACE',''
  ) );
#9600 = PCURVE('',#8588,#9601);
#9601 = DEFINITIONAL_REPRESENTATION('',(#9602),#9606);
#9602 = LINE('',#9603,#9604);
#9603 = CARTESIAN_POINT('',(0.193505073894,0.267243615291));
#9604 = VECTOR('',#9605,1.);
#9605 = DIRECTION('',(-0.586477672385,-0.809965394195));
#9606 = ( GEOMETRIC_REPRESENTATION_CONTEXT(2) 
PARAMETRIC_REPRESENTATION_CONTEXT() REPRESENTATION_CONTEXT('2D SPACE',''
  ) );
#9607 = ADVANCED_FACE('',(#9608),#8005,.T.);
#9608 = FACE_BOUND('',#9609,.T.);
#9609 = EDGE_LOOP('',(#9610,#9636,#9637));
#9610 = ORIENTED_EDGE('',*,*,#9611,.F.);
#9611 = EDGE_CURVE('',#7886,#8690,#9612,.T.);
#9612 = SURFACE_CURVE('',#9613,(#9617,#9624),.PCURVE_S1.);
#9613 = LINE('',#9614,#9615);
#9614 = CARTESIAN_POINT('',(-43.8388111435,38.039380510766,
    20.455852141856));
#9615 = VECTOR('',#9616,1.);
#9616 = DIRECTION('',(0.98433852173,0.16798465364,-5.346803511729E-02));
#9617 = PCURVE('',#8005,#9618);
#9618 = DEFINITIONAL_REPRESENTATION('',(#9619),#9623);
#9619 = LINE('',#9620,#9621);
#9620 = CARTESIAN_POINT('',(-0.163641220125,1.108438687815));
#9621 = VECTOR('',#9622,1.);
#9622 = DIRECTION('',(0.146049169406,-0.989277332256));
#9623 = ( GEOMETRIC_REPRESENTATION_CONTEXT(2) 
PARAMETRIC_REPRESENTATION_CONTEXT() REPRESENTATION_CONTEXT('2D SPACE',''
  ) );
#9624 = PCURVE('',#9625,#9630);
#9625 = PLANE('',#9626);
#9626 = AXIS2_PLACEMENT_3D('',#9627,#9628,#9629);
#9627 = CARTESIAN_POINT('',(-42.30716004354,38.893899082205,
    20.423171371218));
#9628 = DIRECTION('',(6.844427376871E-02,-8.46631426802E-02,
    0.994056101867));
#9629 = DIRECTION('',(6.283152683748E-20,0.996392701496,
    8.486214942378E-02));
#9630 = DEFINITIONAL_REPRESENTATION('',(#9631),#9635);
#9631 = LINE('',#9632,#9633);
#9632 = CARTESIAN_POINT('',(-0.848662707434,1.535251354902));
#9633 = VECTOR('',#9634,1.);
#9634 = DIRECTION('',(0.162841270465,-0.986652279495));
#9635 = ( GEOMETRIC_REPRESENTATION_CONTEXT(2) 
PARAMETRIC_REPRESENTATION_CONTEXT() REPRESENTATION_CONTEXT('2D SPACE',''
  ) );
#9636 = ORIENTED_EDGE('',*,*,#7991,.T.);
#9637 = ORIENTED_EDGE('',*,*,#9638,.T.);
#9638 = EDGE_CURVE('',#7939,#8690,#9639,.T.);
#9639 = SURFACE_CURVE('',#9640,(#9644,#9651),.PCURVE_S1.);
#9640 = LINE('',#9641,#9642);
#9641 = CARTESIAN_POINT('',(-43.71778591279,38.008739386481,
    20.434178665984));
#9642 = VECTOR('',#9643,1.);
#9643 = DIRECTION('',(0.975342738294,0.217402928094,-3.798038591567E-02)
  );
#9644 = PCURVE('',#8005,#9645);
#9645 = DEFINITIONAL_REPRESENTATION('',(#9646),#9650);
#9646 = LINE('',#9647,#9648);
#9647 = CARTESIAN_POINT('',(-0.19915556688,0.98680622629));
#9648 = VECTOR('',#9649,1.);
#9649 = DIRECTION('',(0.197829658345,-0.980236413463));
#9650 = ( GEOMETRIC_REPRESENTATION_CONTEXT(2) 
PARAMETRIC_REPRESENTATION_CONTEXT() REPRESENTATION_CONTEXT('2D SPACE',''
  ) );
#9651 = PCURVE('',#8089,#9652);
#9652 = DEFINITIONAL_REPRESENTATION('',(#9653),#9657);
#9653 = LINE('',#9654,#9655);
#9654 = CARTESIAN_POINT('',(-0.202027690956,0.986222226555));
#9655 = VECTOR('',#9656,1.);
#9656 = DIRECTION('',(0.200682660817,-0.979656301795));
#9657 = ( GEOMETRIC_REPRESENTATION_CONTEXT(2) 
PARAMETRIC_REPRESENTATION_CONTEXT() REPRESENTATION_CONTEXT('2D SPACE',''
  ) );
#9658 = ADVANCED_FACE('',(#9659),#8089,.T.);
#9659 = FACE_BOUND('',#9660,.T.);
#9660 = EDGE_LOOP('',(#9661,#9662,#9663));
#9661 = ORIENTED_EDGE('',*,*,#9638,.F.);
#9662 = ORIENTED_EDGE('',*,*,#8075,.T.);
#9663 = ORIENTED_EDGE('',*,*,#9664,.T.);
#9664 = EDGE_CURVE('',#8023,#8690,#9665,.T.);
#9665 = SURFACE_CURVE('',#9666,(#9670,#9677),.PCURVE_S1.);
#9666 = LINE('',#9667,#9668);
#9667 = CARTESIAN_POINT('',(-43.59048624088,37.983665220789,
    20.465953646108));
#9668 = VECTOR('',#9669,1.);
#9669 = DIRECTION('',(0.958622842481,0.273632500653,-7.853343529921E-02)
  );
#9670 = PCURVE('',#8089,#9671);
#9671 = DEFINITIONAL_REPRESENTATION('',(#9672),#9676);
#9672 = LINE('',#9673,#9674);
#9673 = CARTESIAN_POINT('',(-0.240689137731,0.858359557456));
#9674 = VECTOR('',#9675,1.);
#9675 = DIRECTION('',(0.269992374784,-0.962862460354));
#9676 = ( GEOMETRIC_REPRESENTATION_CONTEXT(2) 
PARAMETRIC_REPRESENTATION_CONTEXT() REPRESENTATION_CONTEXT('2D SPACE',''
  ) );
#9677 = PCURVE('',#8173,#9678);
#9678 = DEFINITIONAL_REPRESENTATION('',(#9679),#9683);
#9679 = LINE('',#9680,#9681);
#9680 = CARTESIAN_POINT('',(2.769823233911E-02,-0.891036025547));
#9681 = VECTOR('',#9682,1.);
#9682 = DIRECTION('',(-3.107041554535E-02,0.99951719809));
#9683 = ( GEOMETRIC_REPRESENTATION_CONTEXT(2) 
PARAMETRIC_REPRESENTATION_CONTEXT() REPRESENTATION_CONTEXT('2D SPACE',''
  ) );
#9684 = ADVANCED_FACE('',(#9685),#8173,.T.);
#9685 = FACE_BOUND('',#9686,.T.);
#9686 = EDGE_LOOP('',(#9687,#9688,#9689));
#9687 = ORIENTED_EDGE('',*,*,#9664,.F.);
#9688 = ORIENTED_EDGE('',*,*,#8159,.T.);
#9689 = ORIENTED_EDGE('',*,*,#9690,.T.);
#9690 = EDGE_CURVE('',#8107,#8690,#9691,.T.);
#9691 = SURFACE_CURVE('',#9692,(#9696,#9703),.PCURVE_S1.);
#9692 = LINE('',#9693,#9694);
#9693 = CARTESIAN_POINT('',(-43.51404351314,37.984108891923,
    20.407517021973));
#9694 = VECTOR('',#9695,1.);
#9695 = DIRECTION('',(0.954271139702,0.29860534515,-1.419294824482E-02)
  );
#9696 = PCURVE('',#8173,#9697);
#9697 = DEFINITIONAL_REPRESENTATION('',(#9698),#9702);
#9698 = LINE('',#9699,#9700);
#9699 = CARTESIAN_POINT('',(8.160408664734E-02,-0.811332290502));
#9700 = VECTOR('',#9701,1.);
#9701 = DIRECTION('',(-0.100075423056,0.994979853917));
#9702 = ( GEOMETRIC_REPRESENTATION_CONTEXT(2) 
PARAMETRIC_REPRESENTATION_CONTEXT() REPRESENTATION_CONTEXT('2D SPACE',''
  ) );
#9703 = PCURVE('',#8257,#9704);
#9704 = DEFINITIONAL_REPRESENTATION('',(#9705),#9709);
#9705 = LINE('',#9706,#9707);
#9706 = CARTESIAN_POINT('',(-0.241286763883,0.778909500612));
#9707 = VECTOR('',#9708,1.);
#9708 = DIRECTION('',(0.295902766216,-0.955218065651));
#9709 = ( GEOMETRIC_REPRESENTATION_CONTEXT(2) 
PARAMETRIC_REPRESENTATION_CONTEXT() REPRESENTATION_CONTEXT('2D SPACE',''
  ) );
#9710 = ADVANCED_FACE('',(#9711),#8257,.T.);
#9711 = FACE_BOUND('',#9712,.T.);
#9712 = EDGE_LOOP('',(#9713,#9714,#9715));
#9713 = ORIENTED_EDGE('',*,*,#9690,.F.);
#9714 = ORIENTED_EDGE('',*,*,#8243,.T.);
#9715 = ORIENTED_EDGE('',*,*,#9565,.T.);
#9716 = ADVANCED_FACE('',(#9717),#8588,.T.);
#9717 = FACE_BOUND('',#9718,.T.);
#9718 = EDGE_LOOP('',(#9719,#9720,#9721));
#9719 = ORIENTED_EDGE('',*,*,#9587,.F.);
#9720 = ORIENTED_EDGE('',*,*,#8574,.T.);
#9721 = ORIENTED_EDGE('',*,*,#9722,.T.);
#9722 = EDGE_CURVE('',#8522,#8690,#9723,.T.);
#9723 = SURFACE_CURVE('',#9724,(#9728,#9735),.PCURVE_S1.);
#9724 = LINE('',#9725,#9726);
#9725 = CARTESIAN_POINT('',(-42.90282670513,38.132199168495,
    20.405687722249));
#9726 = VECTOR('',#9727,1.);
#9727 = DIRECTION('',(0.867091990575,0.495569818379,-5.061654859981E-02)
  );
#9728 = PCURVE('',#8588,#9729);
#9729 = DEFINITIONAL_REPRESENTATION('',(#9730),#9734);
#9730 = LINE('',#9731,#9732);
#9731 = CARTESIAN_POINT('',(8.235273824781E-02,0.174001856392));
#9732 = VECTOR('',#9733,1.);
#9733 = DIRECTION('',(-0.427792755286,-0.903876849203));
#9734 = ( GEOMETRIC_REPRESENTATION_CONTEXT(2) 
PARAMETRIC_REPRESENTATION_CONTEXT() REPRESENTATION_CONTEXT('2D SPACE',''
  ) );
#9735 = PCURVE('',#8672,#9736);
#9736 = DEFINITIONAL_REPRESENTATION('',(#9737),#9741);
#9737 = LINE('',#9738,#9739);
#9738 = CARTESIAN_POINT('',(-7.589241713796E-02,0.176915122433));
#9739 = VECTOR('',#9740,1.);
#9740 = DIRECTION('',(0.394233718557,-0.919010214934));
#9741 = ( GEOMETRIC_REPRESENTATION_CONTEXT(2) 
PARAMETRIC_REPRESENTATION_CONTEXT() REPRESENTATION_CONTEXT('2D SPACE',''
  ) );
#9742 = ADVANCED_FACE('',(#9743),#8672,.T.);
#9743 = FACE_BOUND('',#9744,.T.);
#9744 = EDGE_LOOP('',(#9745,#9746,#9747));
#9745 = ORIENTED_EDGE('',*,*,#9722,.F.);
#9746 = ORIENTED_EDGE('',*,*,#8658,.T.);
#9747 = ORIENTED_EDGE('',*,*,#8768,.T.);
#9748 = ADVANCED_FACE('',(#9749),#6310,.T.);
#9749 = FACE_BOUND('',#9750,.T.);
#9750 = EDGE_LOOP('',(#9751,#9752,#9753));
#9751 = ORIENTED_EDGE('',*,*,#6294,.F.);
#9752 = ORIENTED_EDGE('',*,*,#6352,.F.);
#9753 = ORIENTED_EDGE('',*,*,#9754,.T.);
#9754 = EDGE_CURVE('',#6353,#6185,#9755,.T.);
#9755 = SURFACE_CURVE('',#9756,(#9760,#9767),.PCURVE_S1.);
#9756 = LINE('',#9757,#9758);
#9757 = CARTESIAN_POINT('',(-44.46292710513,39.792213655611,
    20.441408876288));
#9758 = VECTOR('',#9759,1.);
#9759 = DIRECTION('',(0.715445881766,0.692755177486,9.07053158932E-02));
#9760 = PCURVE('',#6310,#9761);
#9761 = DEFINITIONAL_REPRESENTATION('',(#9762),#9766);
#9762 = LINE('',#9763,#9764);
#9763 = CARTESIAN_POINT('',(0.20904997938,1.985503851708E-02));
#9764 = VECTOR('',#9765,1.);
#9765 = DIRECTION('',(-0.995519927356,-9.455196580642E-02));
#9766 = ( GEOMETRIC_REPRESENTATION_CONTEXT(2) 
PARAMETRIC_REPRESENTATION_CONTEXT() REPRESENTATION_CONTEXT('2D SPACE',''
  ) );
#9767 = PCURVE('',#6200,#9768);
#9768 = DEFINITIONAL_REPRESENTATION('',(#9769),#9773);
#9769 = LINE('',#9770,#9771);
#9770 = CARTESIAN_POINT('',(0.204546963957,-0.275947607552));
#9771 = VECTOR('',#9772,1.);
#9772 = DIRECTION('',(-0.663635695858,0.748055922498));
#9773 = ( GEOMETRIC_REPRESENTATION_CONTEXT(2) 
PARAMETRIC_REPRESENTATION_CONTEXT() REPRESENTATION_CONTEXT('2D SPACE',''
  ) );
#9774 = ADVANCED_FACE('',(#9775),#6200,.T.);
#9775 = FACE_BOUND('',#9776,.T.);
#9776 = EDGE_LOOP('',(#9777,#9778,#9779));
#9777 = ORIENTED_EDGE('',*,*,#6184,.F.);
#9778 = ORIENTED_EDGE('',*,*,#9754,.F.);
#9779 = ORIENTED_EDGE('',*,*,#9780,.T.);
#9780 = EDGE_CURVE('',#6353,#6127,#9781,.T.);
#9781 = SURFACE_CURVE('',#9782,(#9786,#9793),.PCURVE_S1.);
#9782 = LINE('',#9783,#9784);
#9783 = CARTESIAN_POINT('',(-44.46292710513,39.792213655611,
    20.441408876288));
#9784 = VECTOR('',#9785,1.);
#9785 = DIRECTION('',(0.667111176985,0.743971176729,3.833491538321E-02)
  );
#9786 = PCURVE('',#6200,#9787);
#9787 = DEFINITIONAL_REPRESENTATION('',(#9788),#9792);
#9788 = LINE('',#9789,#9790);
#9789 = CARTESIAN_POINT('',(0.204546963957,-0.275947607552));
#9790 = VECTOR('',#9791,1.);
#9791 = DIRECTION('',(-0.595493191334,0.803360354433));
#9792 = ( GEOMETRIC_REPRESENTATION_CONTEXT(2) 
PARAMETRIC_REPRESENTATION_CONTEXT() REPRESENTATION_CONTEXT('2D SPACE',''
  ) );
#9793 = PCURVE('',#9794,#9799);
#9794 = PLANE('',#9795);
#9795 = AXIS2_PLACEMENT_3D('',#9796,#9797,#9798);
#9796 = CARTESIAN_POINT('',(-42.63659835961,39.96397715902,
    20.441022579687));
#9797 = DIRECTION('',(5.514520511465E-03,-5.638946036032E-02,
    0.998393619182));
#9798 = DIRECTION('',(2.521026801282E-20,0.998408800072,
    5.639031777982E-02));
#9799 = DEFINITIONAL_REPRESENTATION('',(#9800),#9804);
#9800 = LINE('',#9801,#9802);
#9801 = CARTESIAN_POINT('',(-0.171468409947,1.82635651542));
#9802 = VECTOR('',#9803,1.);
#9803 = DIRECTION('',(0.744949087907,-0.667121320621));
#9804 = ( GEOMETRIC_REPRESENTATION_CONTEXT(2) 
PARAMETRIC_REPRESENTATION_CONTEXT() REPRESENTATION_CONTEXT('2D SPACE',''
  ) );
#9805 = ADVANCED_FACE('',(#9806),#8810,.T.);
#9806 = FACE_BOUND('',#9807,.T.);
#9807 = EDGE_LOOP('',(#9808,#9834,#9835));
#9808 = ORIENTED_EDGE('',*,*,#9809,.F.);
#9809 = EDGE_CURVE('',#8690,#8853,#9810,.T.);
#9810 = SURFACE_CURVE('',#9811,(#9815,#9822),.PCURVE_S1.);
#9811 = LINE('',#9812,#9813);
#9812 = CARTESIAN_POINT('',(-42.73590616042,38.227599408523,
    20.395943725123));
#9813 = VECTOR('',#9814,1.);
#9814 = DIRECTION('',(0.75611460503,0.608327844067,0.241304658455));
#9815 = PCURVE('',#8810,#9816);
#9816 = DEFINITIONAL_REPRESENTATION('',(#9817),#9821);
#9817 = LINE('',#9818,#9819);
#9818 = CARTESIAN_POINT('',(0.148193048521,0.174755378523));
#9819 = VECTOR('',#9820,1.);
#9820 = DIRECTION('',(-0.646763656915,-0.762690482499));
#9821 = ( GEOMETRIC_REPRESENTATION_CONTEXT(2) 
PARAMETRIC_REPRESENTATION_CONTEXT() REPRESENTATION_CONTEXT('2D SPACE',''
  ) );
#9822 = PCURVE('',#9823,#9828);
#9823 = PLANE('',#9824);
#9824 = AXIS2_PLACEMENT_3D('',#9825,#9826,#9827);
#9825 = CARTESIAN_POINT('',(-42.42887640859,38.57640827447,
    20.462710682411));
#9826 = DIRECTION('',(-0.475837284665,0.257887519581,0.840876272567));
#9827 = DIRECTION('',(0.870314714342,-3.886514748745E-18,0.492495987801)
  );
#9828 = DEFINITIONAL_REPRESENTATION('',(#9829),#9833);
#9829 = LINE('',#9830,#9831);
#9830 = CARTESIAN_POINT('',(-0.300094969339,-0.361020400302));
#9831 = VECTOR('',#9832,1.);
#9832 = DIRECTION('',(0.776899242614,0.629624941395));
#9833 = ( GEOMETRIC_REPRESENTATION_CONTEXT(2) 
PARAMETRIC_REPRESENTATION_CONTEXT() REPRESENTATION_CONTEXT('2D SPACE',''
  ) );
#9834 = ORIENTED_EDGE('',*,*,#8794,.T.);
#9835 = ORIENTED_EDGE('',*,*,#8905,.T.);
#9836 = ADVANCED_FACE('',(#9837),#8998,.T.);
#9837 = FACE_BOUND('',#9838,.T.);
#9838 = EDGE_LOOP('',(#9839,#9860,#9861));
#9839 = ORIENTED_EDGE('',*,*,#9840,.F.);
#9840 = EDGE_CURVE('',#8853,#9016,#9841,.T.);
#9841 = SURFACE_CURVE('',#9842,(#9846,#9853),.PCURVE_S1.);
#9842 = LINE('',#9843,#9844);
#9843 = CARTESIAN_POINT('',(-42.56265751363,38.36698565379,
    20.45123389577));
#9844 = VECTOR('',#9845,1.);
#9845 = DIRECTION('',(0.53776841695,0.841829428456,4.613396923062E-02));
#9846 = PCURVE('',#8998,#9847);
#9847 = DEFINITIONAL_REPRESENTATION('',(#9848),#9852);
#9848 = LINE('',#9849,#9850);
#9849 = CARTESIAN_POINT('',(-0.248484506094,-1.193251784569E-02));
#9850 = VECTOR('',#9851,1.);
#9851 = DIRECTION('',(0.998848973743,4.796590093967E-02));
#9852 = ( GEOMETRIC_REPRESENTATION_CONTEXT(2) 
PARAMETRIC_REPRESENTATION_CONTEXT() REPRESENTATION_CONTEXT('2D SPACE',''
  ) );
#9853 = PCURVE('',#9823,#9854);
#9854 = DEFINITIONAL_REPRESENTATION('',(#9855),#9859);
#9855 = LINE('',#9856,#9857);
#9856 = CARTESIAN_POINT('',(-0.122083935594,-0.216754348101));
#9857 = VECTOR('',#9858,1.);
#9858 = DIRECTION('',(0.490748560927,0.871301239497));
#9859 = ( GEOMETRIC_REPRESENTATION_CONTEXT(2) 
PARAMETRIC_REPRESENTATION_CONTEXT() REPRESENTATION_CONTEXT('2D SPACE',''
  ) );
#9860 = ORIENTED_EDGE('',*,*,#8984,.T.);
#9861 = ORIENTED_EDGE('',*,*,#9068,.T.);
#9862 = ADVANCED_FACE('',(#9863),#9823,.T.);
#9863 = FACE_BOUND('',#9864,.T.);
#9864 = EDGE_LOOP('',(#9865,#9891,#9892));
#9865 = ORIENTED_EDGE('',*,*,#9866,.F.);
#9866 = EDGE_CURVE('',#8690,#9016,#9867,.T.);
#9867 = SURFACE_CURVE('',#9868,(#9872,#9879),.PCURVE_S1.);
#9868 = LINE('',#9869,#9870);
#9869 = CARTESIAN_POINT('',(-42.73590616042,38.227599408523,
    20.395943725123));
#9870 = VECTOR('',#9871,1.);
#9871 = DIRECTION('',(0.654006160284,0.743000135109,0.142220749323));
#9872 = PCURVE('',#9823,#9873);
#9873 = DEFINITIONAL_REPRESENTATION('',(#9874),#9878);
#9874 = LINE('',#9875,#9876);
#9875 = CARTESIAN_POINT('',(-0.300094969339,-0.361020400302));
#9876 = VECTOR('',#9877,1.);
#9877 = DIRECTION('',(0.639234332989,0.769012007402));
#9878 = ( GEOMETRIC_REPRESENTATION_CONTEXT(2) 
PARAMETRIC_REPRESENTATION_CONTEXT() REPRESENTATION_CONTEXT('2D SPACE',''
  ) );
#9879 = PCURVE('',#9880,#9885);
#9880 = PLANE('',#9881);
#9881 = AXIS2_PLACEMENT_3D('',#9882,#9883,#9884);
#9882 = CARTESIAN_POINT('',(-42.3643038165,38.823982388597,
    20.438202924311));
#9883 = DIRECTION('',(-0.4162352842,0.196445988658,0.887782158937));
#9884 = DIRECTION('',(0.905424678148,2.495544734894E-18,0.424506951887)
  );
#9885 = DEFINITIONAL_REPRESENTATION('',(#9886),#9890);
#9886 = LINE('',#9887,#9888);
#9887 = CARTESIAN_POINT('',(-0.354397256475,-0.608234646698));
#9888 = VECTOR('',#9889,1.);
#9889 = DIRECTION('',(0.652527013972,0.75776546242));
#9890 = ( GEOMETRIC_REPRESENTATION_CONTEXT(2) 
PARAMETRIC_REPRESENTATION_CONTEXT() REPRESENTATION_CONTEXT('2D SPACE',''
  ) );
#9891 = ORIENTED_EDGE('',*,*,#9809,.T.);
#9892 = ORIENTED_EDGE('',*,*,#9840,.T.);
#9893 = ADVANCED_FACE('',(#9894),#5953,.T.);
#9894 = FACE_BOUND('',#9895,.T.);
#9895 = EDGE_LOOP('',(#9896,#9897,#9898));
#9896 = ORIENTED_EDGE('',*,*,#5937,.F.);
#9897 = ORIENTED_EDGE('',*,*,#6021,.F.);
#9898 = ORIENTED_EDGE('',*,*,#9899,.T.);
#9899 = EDGE_CURVE('',#6022,#5854,#9900,.T.);
#9900 = SURFACE_CURVE('',#9901,(#9905,#9912),.PCURVE_S1.);
#9901 = LINE('',#9902,#9903);
#9902 = CARTESIAN_POINT('',(-44.11326039511,40.101615993614,
    20.438960757734));
#9903 = VECTOR('',#9904,1.);
#9904 = DIRECTION('',(0.850045179191,0.525893449663,-2.931335764493E-02)
  );
#9905 = PCURVE('',#5953,#9906);
#9906 = DEFINITIONAL_REPRESENTATION('',(#9907),#9911);
#9907 = LINE('',#9908,#9909);
#9908 = CARTESIAN_POINT('',(-0.245235416469,-7.668116455986E-03));
#9909 = VECTOR('',#9910,1.);
#9910 = DIRECTION('',(0.999511502096,3.125311469089E-02));
#9911 = ( GEOMETRIC_REPRESENTATION_CONTEXT(2) 
PARAMETRIC_REPRESENTATION_CONTEXT() REPRESENTATION_CONTEXT('2D SPACE',''
  ) );
#9912 = PCURVE('',#5869,#9913);
#9913 = DEFINITIONAL_REPRESENTATION('',(#9914),#9918);
#9914 = LINE('',#9915,#9916);
#9915 = CARTESIAN_POINT('',(0.336421028086,-3.134898944985E-02));
#9916 = VECTOR('',#9917,1.);
#9917 = DIRECTION('',(-0.999570258683,2.93137844036E-02));
#9918 = ( GEOMETRIC_REPRESENTATION_CONTEXT(2) 
PARAMETRIC_REPRESENTATION_CONTEXT() REPRESENTATION_CONTEXT('2D SPACE',''
  ) );
#9919 = ADVANCED_FACE('',(#9920),#6142,.F.);
#9920 = FACE_BOUND('',#9921,.F.);
#9921 = EDGE_LOOP('',(#9922,#9923,#9944));
#9922 = ORIENTED_EDGE('',*,*,#6126,.T.);
#9923 = ORIENTED_EDGE('',*,*,#9924,.T.);
#9924 = EDGE_CURVE('',#6022,#5775,#9925,.T.);
#9925 = SURFACE_CURVE('',#9926,(#9930,#9937),.PCURVE_S1.);
#9926 = LINE('',#9927,#9928);
#9927 = CARTESIAN_POINT('',(-44.11326039511,40.101615993614,
    20.438960757734));
#9928 = VECTOR('',#9929,1.);
#9929 = DIRECTION('',(0.846561898541,0.524141900107,-9.278049628338E-02)
  );
#9930 = PCURVE('',#6142,#9931);
#9931 = DEFINITIONAL_REPRESENTATION('',(#9932),#9936);
#9932 = LINE('',#9933,#9934);
#9933 = CARTESIAN_POINT('',(0.121371657799,5.420367905699E-02));
#9934 = VECTOR('',#9935,1.);
#9935 = DIRECTION('',(0.849529514515,0.527541092208));
#9936 = ( GEOMETRIC_REPRESENTATION_CONTEXT(2) 
PARAMETRIC_REPRESENTATION_CONTEXT() REPRESENTATION_CONTEXT('2D SPACE',''
  ) );
#9937 = PCURVE('',#5869,#9938);
#9938 = DEFINITIONAL_REPRESENTATION('',(#9939),#9943);
#9939 = LINE('',#9940,#9941);
#9940 = CARTESIAN_POINT('',(0.336421028086,-3.134898944985E-02));
#9941 = VECTOR('',#9942,1.);
#9942 = DIRECTION('',(-0.995686461122,9.278184702874E-02));
#9943 = ( GEOMETRIC_REPRESENTATION_CONTEXT(2) 
PARAMETRIC_REPRESENTATION_CONTEXT() REPRESENTATION_CONTEXT('2D SPACE',''
  ) );
#9944 = ORIENTED_EDGE('',*,*,#9945,.F.);
#9945 = EDGE_CURVE('',#6127,#5775,#9946,.T.);
#9946 = SURFACE_CURVE('',#9947,(#9951,#9958),.PCURVE_S1.);
#9947 = LINE('',#9948,#9949);
#9948 = CARTESIAN_POINT('',(-44.23377995809,40.047761574018,
    20.454576601241));
#9949 = VECTOR('',#9950,1.);
#9950 = DIRECTION('',(0.865145869599,0.491461734155,-9.993992284287E-02)
  );
#9951 = PCURVE('',#6142,#9952);
#9952 = DEFINITIONAL_REPRESENTATION('',(#9953),#9957);
#9953 = LINE('',#9954,#9955);
#9954 = CARTESIAN_POINT('',(0.,0.));
#9955 = VECTOR('',#9956,1.);
#9956 = DIRECTION('',(0.86909284861,0.494648987157));
#9957 = ( GEOMETRIC_REPRESENTATION_CONTEXT(2) 
PARAMETRIC_REPRESENTATION_CONTEXT() REPRESENTATION_CONTEXT('2D SPACE',''
  ) );
#9958 = PCURVE('',#9959,#9964);
#9959 = PLANE('',#9960);
#9960 = AXIS2_PLACEMENT_3D('',#9961,#9962,#9963);
#9961 = CARTESIAN_POINT('',(-42.63659835961,39.96397715902,
    20.441022579687));
#9962 = DIRECTION('',(1.727667164277E-02,0.16995032649,0.985301173826));
#9963 = DIRECTION('',(3.193242934592E-19,0.985448254767,-0.169975695844)
  );
#9964 = DEFINITIONAL_REPRESENTATION('',(#9965),#9969);
#9965 = LINE('',#9966,#9967);
#9966 = CARTESIAN_POINT('',(8.026135129119E-02,1.597420017937));
#9967 = VECTOR('',#9968,1.);
#9968 = DIRECTION('',(0.501297466135,-0.865275014343));
#9969 = ( GEOMETRIC_REPRESENTATION_CONTEXT(2) 
PARAMETRIC_REPRESENTATION_CONTEXT() REPRESENTATION_CONTEXT('2D SPACE',''
  ) );
#9970 = ADVANCED_FACE('',(#9971),#5869,.T.);
#9971 = FACE_BOUND('',#9972,.T.);
#9972 = EDGE_LOOP('',(#9973,#9974,#9975));
#9973 = ORIENTED_EDGE('',*,*,#5853,.F.);
#9974 = ORIENTED_EDGE('',*,*,#9899,.F.);
#9975 = ORIENTED_EDGE('',*,*,#9924,.T.);
#9976 = ADVANCED_FACE('',(#9977),#9880,.T.);
#9977 = FACE_BOUND('',#9978,.T.);
#9978 = EDGE_LOOP('',(#9979,#10000,#10001));
#9979 = ORIENTED_EDGE('',*,*,#9980,.F.);
#9980 = EDGE_CURVE('',#8690,#9180,#9981,.T.);
#9981 = SURFACE_CURVE('',#9982,(#9986,#9993),.PCURVE_S1.);
#9982 = LINE('',#9983,#9984);
#9983 = CARTESIAN_POINT('',(-42.73590616042,38.227599408523,
    20.395943725123));
#9984 = VECTOR('',#9985,1.);
#9985 = DIRECTION('',(0.527881091849,0.84719406063,6.003146259186E-02));
#9986 = PCURVE('',#9880,#9987);
#9987 = DEFINITIONAL_REPRESENTATION('',(#9988),#9992);
#9988 = LINE('',#9989,#9990);
#9989 = CARTESIAN_POINT('',(-0.354397256475,-0.608234646698));
#9990 = VECTOR('',#9991,1.);
#9991 = DIRECTION('',(0.50344034089,0.864029989737));
#9992 = ( GEOMETRIC_REPRESENTATION_CONTEXT(2) 
PARAMETRIC_REPRESENTATION_CONTEXT() REPRESENTATION_CONTEXT('2D SPACE',''
  ) );
#9993 = PCURVE('',#9350,#9994);
#9994 = DEFINITIONAL_REPRESENTATION('',(#9995),#9999);
#9995 = LINE('',#9996,#9997);
#9996 = CARTESIAN_POINT('',(-0.218431182712,0.762107374995));
#9997 = VECTOR('',#9998,1.);
#9998 = DIRECTION('',(0.247010929508,-0.969012693778));
#9999 = ( GEOMETRIC_REPRESENTATION_CONTEXT(2) 
PARAMETRIC_REPRESENTATION_CONTEXT() REPRESENTATION_CONTEXT('2D SPACE',''
  ) );
#10000 = ORIENTED_EDGE('',*,*,#9866,.T.);
#10001 = ORIENTED_EDGE('',*,*,#10002,.T.);
#10002 = EDGE_CURVE('',#9016,#9180,#10003,.T.);
#10003 = SURFACE_CURVE('',#10004,(#10008,#10015),.PCURVE_S1.);
#10004 = LINE('',#10005,#10006);
#10005 = CARTESIAN_POINT('',(-42.42887640859,38.57640827447,
    20.462710682411));
#10006 = VECTOR('',#10007,1.);
#10007 = DIRECTION('',(0.251228233077,0.963219924078,-9.535068308654E-02
    ));
#10008 = PCURVE('',#9880,#10009);
#10009 = DEFINITIONAL_REPRESENTATION('',(#10010),#10014);
#10010 = LINE('',#10011,#10012);
#10011 = CARTESIAN_POINT('',(-4.806190471889E-02,-0.252494049744));
#10012 = VECTOR('',#10013,1.);
#10013 = DIRECTION('',(0.186991214238,0.982361586076));
#10014 = ( GEOMETRIC_REPRESENTATION_CONTEXT(2) 
PARAMETRIC_REPRESENTATION_CONTEXT() REPRESENTATION_CONTEXT('2D SPACE',''
  ) );
#10015 = PCURVE('',#9161,#10016);
#10016 = DEFINITIONAL_REPRESENTATION('',(#10017),#10021);
#10017 = LINE('',#10018,#10019);
#10018 = CARTESIAN_POINT('',(-6.895593527929E-02,-0.247605070286));
#10019 = VECTOR('',#10020,1.);
#10020 = DIRECTION('',(0.268282211082,0.96334036312));
#10021 = ( GEOMETRIC_REPRESENTATION_CONTEXT(2) 
PARAMETRIC_REPRESENTATION_CONTEXT() REPRESENTATION_CONTEXT('2D SPACE',''
  ) );
#10022 = ADVANCED_FACE('',(#10023),#9161,.T.);
#10023 = FACE_BOUND('',#10024,.T.);
#10024 = EDGE_LOOP('',(#10025,#10026,#10027));
#10025 = ORIENTED_EDGE('',*,*,#10002,.F.);
#10026 = ORIENTED_EDGE('',*,*,#9147,.T.);
#10027 = ORIENTED_EDGE('',*,*,#9231,.F.);
#10028 = ADVANCED_FACE('',(#10029),#9625,.T.);
#10029 = FACE_BOUND('',#10030,.T.);
#10030 = EDGE_LOOP('',(#10031,#10052,#10053));
#10031 = ORIENTED_EDGE('',*,*,#10032,.F.);
#10032 = EDGE_CURVE('',#7886,#9258,#10033,.T.);
#10033 = SURFACE_CURVE('',#10034,(#10038,#10045),.PCURVE_S1.);
#10034 = LINE('',#10035,#10036);
#10035 = CARTESIAN_POINT('',(-43.8388111435,38.039380510766,
    20.455852141856));
#10036 = VECTOR('',#10037,1.);
#10037 = DIRECTION('',(0.873132618849,0.487126629658,-1.862999142207E-02
    ));
#10038 = PCURVE('',#9625,#10039);
#10039 = DEFINITIONAL_REPRESENTATION('',(#10040),#10044);
#10040 = LINE('',#10041,#10042);
#10041 = CARTESIAN_POINT('',(-0.848662707434,1.535251354902));
#10042 = VECTOR('',#10043,1.);
#10043 = DIRECTION('',(0.48378843738,-0.875184979223));
#10044 = ( GEOMETRIC_REPRESENTATION_CONTEXT(2) 
PARAMETRIC_REPRESENTATION_CONTEXT() REPRESENTATION_CONTEXT('2D SPACE',''
  ) );
#10045 = PCURVE('',#9491,#10046);
#10046 = DEFINITIONAL_REPRESENTATION('',(#10047),#10051);
#10047 = LINE('',#10048,#10049);
#10048 = CARTESIAN_POINT('',(-0.855141133049,1.531652296145));
#10049 = VECTOR('',#10050,1.);
#10050 = DIRECTION('',(0.487481526964,-0.873133300745));
#10051 = ( GEOMETRIC_REPRESENTATION_CONTEXT(2) 
PARAMETRIC_REPRESENTATION_CONTEXT() REPRESENTATION_CONTEXT('2D SPACE',''
  ) );
#10052 = ORIENTED_EDGE('',*,*,#9611,.T.);
#10053 = ORIENTED_EDGE('',*,*,#10054,.T.);
#10054 = EDGE_CURVE('',#8690,#9258,#10055,.T.);
#10055 = SURFACE_CURVE('',#10056,(#10060,#10067),.PCURVE_S1.);
#10056 = LINE('',#10057,#10058);
#10057 = CARTESIAN_POINT('',(-42.73590616042,38.227599408523,
    20.395943725123));
#10058 = VECTOR('',#10059,1.);
#10059 = DIRECTION('',(0.540805010468,0.840446566887,3.434397852529E-02)
  );
#10060 = PCURVE('',#9625,#10061);
#10061 = DEFINITIONAL_REPRESENTATION('',(#10062),#10066);
#10062 = LINE('',#10063,#10064);
#10063 = CARTESIAN_POINT('',(-0.666206728438,0.429753915151));
#10064 = VECTOR('',#10065,1.);
#10065 = DIRECTION('',(0.840329329081,-0.542076211142));
#10066 = ( GEOMETRIC_REPRESENTATION_CONTEXT(2) 
PARAMETRIC_REPRESENTATION_CONTEXT() REPRESENTATION_CONTEXT('2D SPACE',''
  ) );
#10067 = PCURVE('',#9350,#10068);
#10068 = DEFINITIONAL_REPRESENTATION('',(#10069),#10073);
#10069 = LINE('',#10070,#10071);
#10070 = CARTESIAN_POINT('',(-0.218431182712,0.762107374995));
#10071 = VECTOR('',#10072,1.);
#10072 = DIRECTION('',(0.275521277981,-0.961294973138));
#10073 = ( GEOMETRIC_REPRESENTATION_CONTEXT(2) 
PARAMETRIC_REPRESENTATION_CONTEXT() REPRESENTATION_CONTEXT('2D SPACE',''
  ) );
#10074 = ADVANCED_FACE('',(#10075),#9350,.T.);
#10075 = FACE_BOUND('',#10076,.T.);
#10076 = EDGE_LOOP('',(#10077,#10078,#10079));
#10077 = ORIENTED_EDGE('',*,*,#10054,.F.);
#10078 = ORIENTED_EDGE('',*,*,#9980,.T.);
#10079 = ORIENTED_EDGE('',*,*,#9336,.T.);
#10080 = ADVANCED_FACE('',(#10081),#9491,.T.);
#10081 = FACE_BOUND('',#10082,.T.);
#10082 = EDGE_LOOP('',(#10083,#10104,#10105));
#10083 = ORIENTED_EDGE('',*,*,#10084,.F.);
#10084 = EDGE_CURVE('',#7692,#9258,#10085,.T.);
#10085 = SURFACE_CURVE('',#10086,(#10090,#10097),.PCURVE_S1.);
#10086 = LINE('',#10087,#10088);
#10087 = CARTESIAN_POINT('',(-44.04661844802,38.110713447756,
    20.452704186008));
#10088 = VECTOR('',#10089,1.);
#10089 = DIRECTION('',(0.911728009235,0.410502646984,-1.547947014218E-02
    ));
#10090 = PCURVE('',#9491,#10091);
#10091 = DEFINITIONAL_REPRESENTATION('',(#10092),#10096);
#10092 = LINE('',#10093,#10094);
#10093 = CARTESIAN_POINT('',(-0.783739241796,1.739459762958));
#10094 = VECTOR('',#10095,1.);
#10095 = DIRECTION('',(0.410792817374,-0.911728721273));
#10096 = ( GEOMETRIC_REPRESENTATION_CONTEXT(2) 
PARAMETRIC_REPRESENTATION_CONTEXT() REPRESENTATION_CONTEXT('2D SPACE',''
  ) );
#10097 = PCURVE('',#9383,#10098);
#10098 = DEFINITIONAL_REPRESENTATION('',(#10099),#10103);
#10099 = LINE('',#10100,#10101);
#10100 = CARTESIAN_POINT('',(-0.866229091239,1.79358276994));
#10101 = VECTOR('',#10102,1.);
#10102 = DIRECTION('',(0.389081972408,-0.921203136527));
#10103 = ( GEOMETRIC_REPRESENTATION_CONTEXT(2) 
PARAMETRIC_REPRESENTATION_CONTEXT() REPRESENTATION_CONTEXT('2D SPACE',''
  ) );
#10104 = ORIENTED_EDGE('',*,*,#9477,.T.);
#10105 = ORIENTED_EDGE('',*,*,#10032,.T.);
#10106 = ADVANCED_FACE('',(#10107),#5706,.T.);
#10107 = FACE_BOUND('',#10108,.T.);
#10108 = EDGE_LOOP('',(#10109,#10110,#10111));
#10109 = ORIENTED_EDGE('',*,*,#5690,.F.);
#10110 = ORIENTED_EDGE('',*,*,#5774,.F.);
#10111 = ORIENTED_EDGE('',*,*,#10112,.T.);
#10112 = EDGE_CURVE('',#5775,#5633,#10113,.T.);
#10113 = SURFACE_CURVE('',#10114,(#10118,#10125),.PCURVE_S1.);
#10114 = LINE('',#10115,#10116);
#10115 = CARTESIAN_POINT('',(-43.82722534756,40.27871226215,
    20.407612224672));
#10116 = VECTOR('',#10117,1.);
#10117 = DIRECTION('',(0.968242793344,0.223167673172,0.112703517194));
#10118 = PCURVE('',#5706,#10119);
#10119 = DEFINITIONAL_REPRESENTATION('',(#10120),#10124);
#10120 = LINE('',#10121,#10122);
#10121 = CARTESIAN_POINT('',(9.941944114792E-03,-0.249024001216));
#10122 = VECTOR('',#10123,1.);
#10123 = DIRECTION('',(-3.989185905144E-02,0.999204002985));
#10124 = ( GEOMETRIC_REPRESENTATION_CONTEXT(2) 
PARAMETRIC_REPRESENTATION_CONTEXT() REPRESENTATION_CONTEXT('2D SPACE',''
  ) );
#10125 = PCURVE('',#10126,#10131);
#10126 = PLANE('',#10127);
#10127 = AXIS2_PLACEMENT_3D('',#10128,#10129,#10130);
#10128 = CARTESIAN_POINT('',(-42.63659835961,39.96397715902,
    20.441022579687));
#10129 = DIRECTION('',(-7.387900627584E-02,-0.175264442321,0.98174552084
    ));
#10130 = DIRECTION('',(6.375939923255E-19,0.984435774964,0.175744715343)
  );
#10131 = DEFINITIONAL_REPRESENTATION('',(#10132),#10136);
#10132 = LINE('',#10133,#10134);
#10133 = CARTESIAN_POINT('',(0.303964801826,1.19388963504));
#10134 = VECTOR('',#10135,1.);
#10135 = DIRECTION('',(0.239501288834,-0.970896046262));
#10136 = ( GEOMETRIC_REPRESENTATION_CONTEXT(2) 
PARAMETRIC_REPRESENTATION_CONTEXT() REPRESENTATION_CONTEXT('2D SPACE',''
  ) );
#10137 = ADVANCED_FACE('',(#10138),#7145,.T.);
#10138 = FACE_BOUND('',#10139,.T.);
#10139 = EDGE_LOOP('',(#10140,#10166,#10167));
#10140 = ORIENTED_EDGE('',*,*,#10141,.F.);
#10141 = EDGE_CURVE('',#7021,#9368,#10142,.T.);
#10142 = SURFACE_CURVE('',#10143,(#10147,#10154),.PCURVE_S1.);
#10143 = LINE('',#10144,#10145);
#10144 = CARTESIAN_POINT('',(-44.61678894853,38.879901173201,
    20.475967251323));
#10145 = VECTOR('',#10146,1.);
#10146 = DIRECTION('',(0.998320307218,5.71431362058E-02,
    -9.551239743785E-03));
#10147 = PCURVE('',#7145,#10148);
#10148 = DEFINITIONAL_REPRESENTATION('',(#10149),#10153);
#10149 = LINE('',#10150,#10151);
#10150 = CARTESIAN_POINT('',(-0.107750615493,2.346778872634));
#10151 = VECTOR('',#10152,1.);
#10152 = DIRECTION('',(4.586594009E-02,-0.998947604001));
#10153 = ( GEOMETRIC_REPRESENTATION_CONTEXT(2) 
PARAMETRIC_REPRESENTATION_CONTEXT() REPRESENTATION_CONTEXT('2D SPACE',''
  ) );
#10154 = PCURVE('',#10155,#10160);
#10155 = PLANE('',#10156);
#10156 = AXIS2_PLACEMENT_3D('',#10157,#10158,#10159);
#10157 = CARTESIAN_POINT('',(-42.31468387612,39.257895960876,
    20.450698359921));
#10158 = DIRECTION('',(8.812089783755E-03,1.317309448005E-02,
    0.99987440044));
#10159 = DIRECTION('',(1.496940351419E-20,0.999913224288,
    -1.317360597451E-02));
#10160 = DEFINITIONAL_REPRESENTATION('',(#10161),#10165);
#10161 = LINE('',#10162,#10163);
#10162 = CARTESIAN_POINT('',(-0.378294869326,2.302194460212));
#10163 = VECTOR('',#10164,1.);
#10164 = DIRECTION('',(5.726400183842E-02,-0.998359070722));
#10165 = ( GEOMETRIC_REPRESENTATION_CONTEXT(2) 
PARAMETRIC_REPRESENTATION_CONTEXT() REPRESENTATION_CONTEXT('2D SPACE',''
  ) );
#10166 = ORIENTED_EDGE('',*,*,#7129,.T.);
#10167 = ORIENTED_EDGE('',*,*,#10168,.T.);
#10168 = EDGE_CURVE('',#7130,#9368,#10169,.T.);
#10169 = SURFACE_CURVE('',#10170,(#10174,#10181),.PCURVE_S1.);
#10170 = LINE('',#10171,#10172);
#10171 = CARTESIAN_POINT('',(-44.55239626682,38.742370480149,
    20.39972881185));
#10172 = VECTOR('',#10173,1.);
#10173 = DIRECTION('',(0.992703910331,0.11828221564,2.341503528385E-02)
  );
#10174 = PCURVE('',#7145,#10175);
#10175 = DEFINITIONAL_REPRESENTATION('',(#10176),#10180);
#10176 = LINE('',#10177,#10178);
#10177 = CARTESIAN_POINT('',(-0.264982224041,2.282345729647));
#10178 = VECTOR('',#10179,1.);
#10179 = DIRECTION('',(0.11532616374,-0.993327678038));
#10180 = ( GEOMETRIC_REPRESENTATION_CONTEXT(2) 
PARAMETRIC_REPRESENTATION_CONTEXT() REPRESENTATION_CONTEXT('2D SPACE',''
  ) );
#10181 = PCURVE('',#7229,#10182);
#10182 = DEFINITIONAL_REPRESENTATION('',(#10183),#10187);
#10183 = LINE('',#10184,#10185);
#10184 = CARTESIAN_POINT('',(-0.195445836497,2.289348932271));
#10185 = VECTOR('',#10186,1.);
#10186 = DIRECTION('',(8.50623796508E-02,-0.996375627747));
#10187 = ( GEOMETRIC_REPRESENTATION_CONTEXT(2) 
PARAMETRIC_REPRESENTATION_CONTEXT() REPRESENTATION_CONTEXT('2D SPACE',''
  ) );
#10188 = ADVANCED_FACE('',(#10189),#7229,.T.);
#10189 = FACE_BOUND('',#10190,.T.);
#10190 = EDGE_LOOP('',(#10191,#10192,#10193));
#10191 = ORIENTED_EDGE('',*,*,#10168,.F.);
#10192 = ORIENTED_EDGE('',*,*,#7213,.T.);
#10193 = ORIENTED_EDGE('',*,*,#10194,.T.);
#10194 = EDGE_CURVE('',#7214,#9368,#10195,.T.);
#10195 = SURFACE_CURVE('',#10196,(#10200,#10207),.PCURVE_S1.);
#10196 = LINE('',#10197,#10198);
#10197 = CARTESIAN_POINT('',(-44.55109886481,38.643819099286,
    20.466177153273));
#10198 = VECTOR('',#10199,1.);
#10199 = DIRECTION('',(0.987045595408,0.160346501439,-5.476500851367E-03
    ));
#10200 = PCURVE('',#7229,#10201);
#10201 = DEFINITIONAL_REPRESENTATION('',(#10202),#10206);
#10202 = LINE('',#10203,#10204);
#10203 = CARTESIAN_POINT('',(-0.31430602442,2.288046731557));
#10204 = VECTOR('',#10205,1.);
#10205 = DIRECTION('',(0.136090682804,-0.990696384395));
#10206 = ( GEOMETRIC_REPRESENTATION_CONTEXT(2) 
PARAMETRIC_REPRESENTATION_CONTEXT() REPRESENTATION_CONTEXT('2D SPACE',''
  ) );
#10207 = PCURVE('',#7338,#10208);
#10208 = DEFINITIONAL_REPRESENTATION('',(#10209),#10213);
#10209 = LINE('',#10210,#10211);
#10210 = CARTESIAN_POINT('',(-0.347335534987,2.283266114343));
#10211 = VECTOR('',#10212,1.);
#10212 = DIRECTION('',(0.150392058841,-0.988626435332));
#10213 = ( GEOMETRIC_REPRESENTATION_CONTEXT(2) 
PARAMETRIC_REPRESENTATION_CONTEXT() REPRESENTATION_CONTEXT('2D SPACE',''
  ) );
#10214 = ADVANCED_FACE('',(#10215),#7338,.T.);
#10215 = FACE_BOUND('',#10216,.T.);
#10216 = EDGE_LOOP('',(#10217,#10218,#10219));
#10217 = ORIENTED_EDGE('',*,*,#10194,.F.);
#10218 = ORIENTED_EDGE('',*,*,#7324,.T.);
#10219 = ORIENTED_EDGE('',*,*,#10220,.T.);
#10220 = EDGE_CURVE('',#7273,#9368,#10221,.T.);
#10221 = SURFACE_CURVE('',#10222,(#10226,#10233),.PCURVE_S1.);
#10222 = LINE('',#10223,#10224);
#10223 = CARTESIAN_POINT('',(-44.43642028068,38.582451338805,
    20.438884346389));
#10224 = VECTOR('',#10225,1.);
#10225 = DIRECTION('',(0.980671650156,0.195548225039,6.633721769315E-03)
  );
#10226 = PCURVE('',#7338,#10227);
#10227 = DEFINITIONAL_REPRESENTATION('',(#10228),#10232);
#10228 = LINE('',#10229,#10230);
#10229 = CARTESIAN_POINT('',(-0.414184170544,2.168403862414));
#10230 = VECTOR('',#10231,1.);
#10231 = DIRECTION('',(0.187616897272,-0.982242281649));
#10232 = ( GEOMETRIC_REPRESENTATION_CONTEXT(2) 
PARAMETRIC_REPRESENTATION_CONTEXT() REPRESENTATION_CONTEXT('2D SPACE',''
  ) );
#10233 = PCURVE('',#7448,#10234);
#10234 = DEFINITIONAL_REPRESENTATION('',(#10235),#10239);
#10235 = LINE('',#10236,#10237);
#10236 = CARTESIAN_POINT('',(-0.423699465668,2.16656470027));
#10237 = VECTOR('',#10238,1.);
#10238 = DIRECTION('',(0.191927129952,-0.981409179083));
#10239 = ( GEOMETRIC_REPRESENTATION_CONTEXT(2) 
PARAMETRIC_REPRESENTATION_CONTEXT() REPRESENTATION_CONTEXT('2D SPACE',''
  ) );
#10240 = ADVANCED_FACE('',(#10241),#7448,.T.);
#10241 = FACE_BOUND('',#10242,.T.);
#10242 = EDGE_LOOP('',(#10243,#10244,#10245));
#10243 = ORIENTED_EDGE('',*,*,#10220,.F.);
#10244 = ORIENTED_EDGE('',*,*,#7434,.T.);
#10245 = ORIENTED_EDGE('',*,*,#10246,.T.);
#10246 = EDGE_CURVE('',#7356,#9368,#10247,.T.);
#10247 = SURFACE_CURVE('',#10248,(#10252,#10259),.PCURVE_S1.);
#10248 = LINE('',#10249,#10250);
#10249 = CARTESIAN_POINT('',(-44.42168292175,38.476953966842,
    20.413642677458));
#10250 = VECTOR('',#10251,1.);
#10251 = DIRECTION('',(0.970023525061,0.24234392332,1.799398949764E-02)
  );
#10252 = PCURVE('',#7448,#10253);
#10253 = DEFINITIONAL_REPRESENTATION('',(#10254),#10258);
#10254 = LINE('',#10255,#10256);
#10255 = CARTESIAN_POINT('',(-0.532173013305,2.151816257888));
#10256 = VECTOR('',#10257,1.);
#10257 = DIRECTION('',(0.24008024464,-0.970753045905));
#10258 = ( GEOMETRIC_REPRESENTATION_CONTEXT(2) 
PARAMETRIC_REPRESENTATION_CONTEXT() REPRESENTATION_CONTEXT('2D SPACE',''
  ) );
#10259 = PCURVE('',#7481,#10260);
#10260 = DEFINITIONAL_REPRESENTATION('',(#10261),#10265);
#10261 = LINE('',#10262,#10263);
#10262 = CARTESIAN_POINT('',(-0.514484047985,2.156113978473));
#10263 = VECTOR('',#10264,1.);
#10264 = DIRECTION('',(0.232100187374,-0.972691884936));
#10265 = ( GEOMETRIC_REPRESENTATION_CONTEXT(2) 
PARAMETRIC_REPRESENTATION_CONTEXT() REPRESENTATION_CONTEXT('2D SPACE',''
  ) );
#10266 = ADVANCED_FACE('',(#10267),#7481,.T.);
#10267 = FACE_BOUND('',#10268,.T.);
#10268 = EDGE_LOOP('',(#10269,#10270,#10271));
#10269 = ORIENTED_EDGE('',*,*,#10246,.F.);
#10270 = ORIENTED_EDGE('',*,*,#7465,.T.);
#10271 = ORIENTED_EDGE('',*,*,#10272,.T.);
#10272 = EDGE_CURVE('',#7466,#9368,#10273,.T.);
#10273 = SURFACE_CURVE('',#10274,(#10278,#10285),.PCURVE_S1.);
#10274 = LINE('',#10275,#10276);
#10275 = CARTESIAN_POINT('',(-44.32579526092,38.354811732653,
    20.44911814514));
#10276 = VECTOR('',#10277,1.);
#10277 = DIRECTION('',(0.952158998816,0.305596239212,2.044395590172E-03)
  );
#10278 = PCURVE('',#7481,#10279);
#10279 = DEFINITIONAL_REPRESENTATION('',(#10280),#10284);
#10280 = LINE('',#10281,#10282);
#10281 = CARTESIAN_POINT('',(-0.64147452043,2.059962547974));
#10282 = VECTOR('',#10283,1.);
#10283 = DIRECTION('',(0.29731894845,-0.954778216599));
#10284 = ( GEOMETRIC_REPRESENTATION_CONTEXT(2) 
PARAMETRIC_REPRESENTATION_CONTEXT() REPRESENTATION_CONTEXT('2D SPACE',''
  ) );
#10285 = PCURVE('',#7590,#10286);
#10286 = DEFINITIONAL_REPRESENTATION('',(#10287),#10291);
#10287 = LINE('',#10288,#10289);
#10288 = CARTESIAN_POINT('',(-0.614209840678,2.068255673516));
#10289 = VECTOR('',#10290,1.);
#10290 = DIRECTION('',(0.284681960299,-0.958622022217));
#10291 = ( GEOMETRIC_REPRESENTATION_CONTEXT(2) 
PARAMETRIC_REPRESENTATION_CONTEXT() REPRESENTATION_CONTEXT('2D SPACE',''
  ) );
#10292 = ADVANCED_FACE('',(#10293),#7590,.T.);
#10293 = FACE_BOUND('',#10294,.T.);
#10294 = EDGE_LOOP('',(#10295,#10296,#10297));
#10295 = ORIENTED_EDGE('',*,*,#10272,.F.);
#10296 = ORIENTED_EDGE('',*,*,#7576,.T.);
#10297 = ORIENTED_EDGE('',*,*,#10298,.T.);
#10298 = EDGE_CURVE('',#7524,#9368,#10299,.T.);
#10299 = SURFACE_CURVE('',#10300,(#10304,#10311),.PCURVE_S1.);
#10300 = LINE('',#10301,#10302);
#10301 = CARTESIAN_POINT('',(-44.24278138193,38.293455043827,
    20.414264642249));
#10302 = VECTOR('',#10303,1.);
#10303 = DIRECTION('',(0.939037969673,0.34330432593,1.870377797158E-02)
  );
#10304 = PCURVE('',#7590,#10305);
#10305 = DEFINITIONAL_REPRESENTATION('',(#10306),#10310);
#10306 = LINE('',#10307,#10308);
#10307 = CARTESIAN_POINT('',(-0.684106474588,1.984678316534));
#10308 = VECTOR('',#10309,1.);
#10309 = DIRECTION('',(0.325877709034,-0.945411930724));
#10310 = ( GEOMETRIC_REPRESENTATION_CONTEXT(2) 
PARAMETRIC_REPRESENTATION_CONTEXT() REPRESENTATION_CONTEXT('2D SPACE',''
  ) );
#10311 = PCURVE('',#7674,#10312);
#10312 = DEFINITIONAL_REPRESENTATION('',(#10313),#10317);
#10313 = LINE('',#10314,#10315);
#10314 = CARTESIAN_POINT('',(-0.610062857804,2.008674438087));
#10315 = VECTOR('',#10316,1.);
#10316 = DIRECTION('',(0.290606643633,-0.956842609145));
#10317 = ( GEOMETRIC_REPRESENTATION_CONTEXT(2) 
PARAMETRIC_REPRESENTATION_CONTEXT() REPRESENTATION_CONTEXT('2D SPACE',''
  ) );
#10318 = ADVANCED_FACE('',(#10319),#7674,.T.);
#10319 = FACE_BOUND('',#10320,.T.);
#10320 = EDGE_LOOP('',(#10321,#10322,#10323));
#10321 = ORIENTED_EDGE('',*,*,#10298,.F.);
#10322 = ORIENTED_EDGE('',*,*,#7660,.T.);
#10323 = ORIENTED_EDGE('',*,*,#10324,.T.);
#10324 = EDGE_CURVE('',#7609,#9368,#10325,.T.);
#10325 = SURFACE_CURVE('',#10326,(#10330,#10337),.PCURVE_S1.);
#10326 = LINE('',#10327,#10328);
#10327 = CARTESIAN_POINT('',(-44.14100953245,38.213822916159,
    20.481546212919));
#10328 = VECTOR('',#10329,1.);
#10329 = DIRECTION('',(0.919218580466,0.393506585088,-1.377566033224E-02
    ));
#10330 = PCURVE('',#7674,#10331);
#10331 = DEFINITIONAL_REPRESENTATION('',(#10332),#10336);
#10332 = LINE('',#10333,#10334);
#10333 = CARTESIAN_POINT('',(-0.712393667634,1.904972942358));
#10334 = VECTOR('',#10335,1.);
#10335 = DIRECTION('',(0.350273584517,-0.936647434198));
#10336 = ( GEOMETRIC_REPRESENTATION_CONTEXT(2) 
PARAMETRIC_REPRESENTATION_CONTEXT() REPRESENTATION_CONTEXT('2D SPACE',''
  ) );
#10337 = PCURVE('',#7785,#10338);
#10338 = DEFINITIONAL_REPRESENTATION('',(#10339),#10343);
#10339 = LINE('',#10340,#10341);
#10340 = CARTESIAN_POINT('',(-0.780836222195,1.877956720191));
#10341 = VECTOR('',#10342,1.);
#10342 = DIRECTION('',(0.383925791168,-0.923363951471));
#10343 = ( GEOMETRIC_REPRESENTATION_CONTEXT(2) 
PARAMETRIC_REPRESENTATION_CONTEXT() REPRESENTATION_CONTEXT('2D SPACE',''
  ) );
#10344 = ADVANCED_FACE('',(#10345),#7785,.T.);
#10345 = FACE_BOUND('',#10346,.T.);
#10346 = EDGE_LOOP('',(#10347,#10348,#10349));
#10347 = ORIENTED_EDGE('',*,*,#10324,.F.);
#10348 = ORIENTED_EDGE('',*,*,#7771,.T.);
#10349 = ORIENTED_EDGE('',*,*,#10350,.T.);
#10350 = EDGE_CURVE('',#7692,#9368,#10351,.T.);
#10351 = SURFACE_CURVE('',#10352,(#10356,#10363),.PCURVE_S1.);
#10352 = LINE('',#10353,#10354);
#10353 = CARTESIAN_POINT('',(-44.04661844802,38.110713447756,
    20.452704186008));
#10354 = VECTOR('',#10355,1.);
#10355 = DIRECTION('',(0.891218574673,0.453573897706,4.140983871732E-04)
  );
#10356 = PCURVE('',#7785,#10357);
#10357 = DEFINITIONAL_REPRESENTATION('',(#10358),#10362);
#10358 = LINE('',#10359,#10360);
#10359 = CARTESIAN_POINT('',(-0.887526823549,1.783139963271));
#10360 = VECTOR('',#10361,1.);
#10361 = DIRECTION('',(0.44558894216,-0.895237674936));
#10362 = ( GEOMETRIC_REPRESENTATION_CONTEXT(2) 
PARAMETRIC_REPRESENTATION_CONTEXT() REPRESENTATION_CONTEXT('2D SPACE',''
  ) );
#10363 = PCURVE('',#9383,#10364);
#10364 = DEFINITIONAL_REPRESENTATION('',(#10365),#10369);
#10365 = LINE('',#10366,#10367);
#10366 = CARTESIAN_POINT('',(-0.866229091239,1.79358276994));
#10367 = VECTOR('',#10368,1.);
#10368 = DIRECTION('',(0.434896269264,-0.900480557802));
#10369 = ( GEOMETRIC_REPRESENTATION_CONTEXT(2) 
PARAMETRIC_REPRESENTATION_CONTEXT() REPRESENTATION_CONTEXT('2D SPACE',''
  ) );
#10370 = ADVANCED_FACE('',(#10371),#9383,.T.);
#10371 = FACE_BOUND('',#10372,.T.);
#10372 = EDGE_LOOP('',(#10373,#10374,#10375));
#10373 = ORIENTED_EDGE('',*,*,#10350,.F.);
#10374 = ORIENTED_EDGE('',*,*,#10084,.T.);
#10375 = ORIENTED_EDGE('',*,*,#9367,.T.);
#10376 = ADVANCED_FACE('',(#10377),#10155,.T.);
#10377 = FACE_BOUND('',#10378,.T.);
#10378 = EDGE_LOOP('',(#10379,#10400,#10401));
#10379 = ORIENTED_EDGE('',*,*,#10380,.F.);
#10380 = EDGE_CURVE('',#7021,#22,#10381,.T.);
#10381 = SURFACE_CURVE('',#10382,(#10386,#10393),.PCURVE_S1.);
#10382 = LINE('',#10383,#10384);
#10383 = CARTESIAN_POINT('',(-44.61678894853,38.879901173201,
    20.475967251323));
#10384 = VECTOR('',#10385,1.);
#10385 = DIRECTION('',(0.986728660383,0.162016188985,-1.083075645054E-02
    ));
#10386 = PCURVE('',#10155,#10387);
#10387 = DEFINITIONAL_REPRESENTATION('',(#10388),#10392);
#10388 = LINE('',#10389,#10390);
#10389 = CARTESIAN_POINT('',(-0.378294869326,2.302194460212));
#10390 = VECTOR('',#10391,1.);
#10391 = DIRECTION('',(0.162144810032,-0.986766973799));
#10392 = ( GEOMETRIC_REPRESENTATION_CONTEXT(2) 
PARAMETRIC_REPRESENTATION_CONTEXT() REPRESENTATION_CONTEXT('2D SPACE',''
  ) );
#10393 = PCURVE('',#7036,#10394);
#10394 = DEFINITIONAL_REPRESENTATION('',(#10395),#10399);
#10395 = LINE('',#10396,#10397);
#10396 = CARTESIAN_POINT('',(-0.305083020178,2.313034952522));
#10397 = VECTOR('',#10398,1.);
#10398 = DIRECTION('',(0.130764735031,-0.991413427422));
#10399 = ( GEOMETRIC_REPRESENTATION_CONTEXT(2) 
PARAMETRIC_REPRESENTATION_CONTEXT() REPRESENTATION_CONTEXT('2D SPACE',''
  ) );
#10400 = ORIENTED_EDGE('',*,*,#10141,.T.);
#10401 = ORIENTED_EDGE('',*,*,#10402,.F.);
#10402 = EDGE_CURVE('',#22,#9368,#10403,.T.);
#10403 = SURFACE_CURVE('',#10404,(#10408,#10415),.PCURVE_S1.);
#10404 = LINE('',#10405,#10406);
#10405 = CARTESIAN_POINT('',(-42.31468387612,39.257895960876,
    20.450698359921));
#10406 = VECTOR('',#10407,1.);
#10407 = DIRECTION('',(0.174499432137,-0.984590887365,1.143384020555E-02
    ));
#10408 = PCURVE('',#10155,#10409);
#10409 = DEFINITIONAL_REPRESENTATION('',(#10410),#10414);
#10410 = LINE('',#10411,#10412);
#10411 = CARTESIAN_POINT('',(0.,0.));
#10412 = VECTOR('',#10413,1.);
#10413 = DIRECTION('',(-0.984656073695,-0.174506207727));
#10414 = ( GEOMETRIC_REPRESENTATION_CONTEXT(2) 
PARAMETRIC_REPRESENTATION_CONTEXT() REPRESENTATION_CONTEXT('2D SPACE',''
  ) );
#10415 = PCURVE('',#44,#10416);
#10416 = DEFINITIONAL_REPRESENTATION('',(#10417),#10421);
#10417 = LINE('',#10418,#10419);
#10418 = CARTESIAN_POINT('',(0.,0.));
#10419 = VECTOR('',#10420,1.);
#10420 = DIRECTION('',(0.171561898772,-0.985173342559));
#10421 = ( GEOMETRIC_REPRESENTATION_CONTEXT(2) 
PARAMETRIC_REPRESENTATION_CONTEXT() REPRESENTATION_CONTEXT('2D SPACE',''
  ) );
#10422 = ADVANCED_FACE('',(#10423),#6867,.T.);
#10423 = FACE_BOUND('',#10424,.T.);
#10424 = EDGE_LOOP('',(#10425,#10451,#10452));
#10425 = ORIENTED_EDGE('',*,*,#10426,.F.);
#10426 = EDGE_CURVE('',#6768,#22,#10427,.T.);
#10427 = SURFACE_CURVE('',#10428,(#10432,#10439),.PCURVE_S1.);
#10428 = LINE('',#10429,#10430);
#10429 = CARTESIAN_POINT('',(-44.60214935986,39.208394385424,
    20.465950794106));
#10430 = VECTOR('',#10431,1.);
#10431 = DIRECTION('',(0.999743715988,2.163481343919E-02,
    -6.66612254425E-03));
#10432 = PCURVE('',#6867,#10433);
#10433 = DEFINITIONAL_REPRESENTATION('',(#10434),#10438);
#10434 = LINE('',#10435,#10436);
#10435 = CARTESIAN_POINT('',(-4.93876939141E-02,2.28751879505));
#10436 = VECTOR('',#10437,1.);
#10437 = DIRECTION('',(2.158504116839E-02,-0.999767015858));
#10438 = ( GEOMETRIC_REPRESENTATION_CONTEXT(2) 
PARAMETRIC_REPRESENTATION_CONTEXT() REPRESENTATION_CONTEXT('2D SPACE',''
  ) );
#10439 = PCURVE('',#10440,#10445);
#10440 = PLANE('',#10441);
#10441 = AXIS2_PLACEMENT_3D('',#10442,#10443,#10444);
#10442 = CARTESIAN_POINT('',(-42.46952949157,39.858394372538,
    20.411206484479));
#10443 = DIRECTION('',(5.203770027249E-03,6.695853052684E-02,
    0.997742189129));
#10444 = DIRECTION('',(4.22291754606E-21,0.997755698444,
    -6.695943713773E-02));
#10445 = DEFINITIONAL_REPRESENTATION('',(#10446),#10450);
#10446 = LINE('',#10447,#10448);
#10447 = CARTESIAN_POINT('',(-0.652206839291,2.132648743721));
#10448 = VECTOR('',#10449,1.);
#10449 = DIRECTION('',(2.203261820718E-02,-0.999757252404));
#10450 = ( GEOMETRIC_REPRESENTATION_CONTEXT(2) 
PARAMETRIC_REPRESENTATION_CONTEXT() REPRESENTATION_CONTEXT('2D SPACE',''
  ) );
#10451 = ORIENTED_EDGE('',*,*,#6851,.F.);
#10452 = ORIENTED_EDGE('',*,*,#10453,.T.);
#10453 = EDGE_CURVE('',#6852,#22,#10454,.T.);
#10454 = SURFACE_CURVE('',#10455,(#10459,#10466),.PCURVE_S1.);
#10455 = LINE('',#10456,#10457);
#10456 = CARTESIAN_POINT('',(-44.66161334167,39.101556688321,
    20.465568502506));
#10457 = VECTOR('',#10458,1.);
#10458 = DIRECTION('',(0.997768679609,6.646575103233E-02,
    -6.321861287556E-03));
#10459 = PCURVE('',#6867,#10460);
#10460 = DEFINITIONAL_REPRESENTATION('',(#10461),#10465);
#10461 = LINE('',#10462,#10463);
#10462 = CARTESIAN_POINT('',(-0.15622530363,2.346984162722));
#10463 = VECTOR('',#10464,1.);
#10464 = DIRECTION('',(6.641729852255E-02,-0.99779193345));
#10465 = ( GEOMETRIC_REPRESENTATION_CONTEXT(2) 
PARAMETRIC_REPRESENTATION_CONTEXT() REPRESENTATION_CONTEXT('2D SPACE',''
  ) );
#10466 = PCURVE('',#6978,#10467);
#10467 = DEFINITIONAL_REPRESENTATION('',(#10468),#10472);
#10468 = LINE('',#10469,#10470);
#10469 = CARTESIAN_POINT('',(-0.146674773309,2.347600374092));
#10470 = VECTOR('',#10471,1.);
#10471 = DIRECTION('',(6.235700605621E-02,-0.998053908261));
#10472 = ( GEOMETRIC_REPRESENTATION_CONTEXT(2) 
PARAMETRIC_REPRESENTATION_CONTEXT() REPRESENTATION_CONTEXT('2D SPACE',''
  ) );
#10473 = ADVANCED_FACE('',(#10474),#6978,.T.);
#10474 = FACE_BOUND('',#10475,.T.);
#10475 = EDGE_LOOP('',(#10476,#10477,#10478));
#10476 = ORIENTED_EDGE('',*,*,#10453,.F.);
#10477 = ORIENTED_EDGE('',*,*,#6962,.T.);
#10478 = ORIENTED_EDGE('',*,*,#10479,.T.);
#10479 = EDGE_CURVE('',#6963,#22,#10480,.T.);
#10480 = SURFACE_CURVE('',#10481,(#10485,#10492),.PCURVE_S1.);
#10481 = LINE('',#10482,#10483);
#10482 = CARTESIAN_POINT('',(-44.59840180189,38.947463867258,
    20.421252424641));
#10483 = VECTOR('',#10484,1.);
#10484 = DIRECTION('',(0.99080637221,0.1346830504,1.27753169433E-02));
#10485 = PCURVE('',#6978,#10486);
#10486 = DEFINITIONAL_REPRESENTATION('',(#10487),#10491);
#10487 = LINE('',#10488,#10489);
#10488 = CARTESIAN_POINT('',(-0.307006390469,2.284370764245));
#10489 = VECTOR('',#10490,1.);
#10490 = DIRECTION('',(0.133196786063,-0.991089610571));
#10491 = ( GEOMETRIC_REPRESENTATION_CONTEXT(2) 
PARAMETRIC_REPRESENTATION_CONTEXT() REPRESENTATION_CONTEXT('2D SPACE',''
  ) );
#10492 = PCURVE('',#7036,#10493);
#10493 = DEFINITIONAL_REPRESENTATION('',(#10494),#10498);
#10494 = LINE('',#10495,#10496);
#10495 = CARTESIAN_POINT('',(-0.218162298014,2.294560507821));
#10496 = VECTOR('',#10497,1.);
#10497 = DIRECTION('',(9.465117938129E-02,-0.995510499313));
#10498 = ( GEOMETRIC_REPRESENTATION_CONTEXT(2) 
PARAMETRIC_REPRESENTATION_CONTEXT() REPRESENTATION_CONTEXT('2D SPACE',''
  ) );
#10499 = ADVANCED_FACE('',(#10500),#7036,.T.);
#10500 = FACE_BOUND('',#10501,.T.);
#10501 = EDGE_LOOP('',(#10502,#10503,#10504));
#10502 = ORIENTED_EDGE('',*,*,#10479,.F.);
#10503 = ORIENTED_EDGE('',*,*,#7020,.F.);
#10504 = ORIENTED_EDGE('',*,*,#10380,.T.);
#10505 = ADVANCED_FACE('',(#10506),#44,.T.);
#10506 = FACE_BOUND('',#10507,.T.);
#10507 = EDGE_LOOP('',(#10508,#10509,#10510));
#10508 = ORIENTED_EDGE('',*,*,#10402,.T.);
#10509 = ORIENTED_EDGE('',*,*,#9451,.T.);
#10510 = ORIENTED_EDGE('',*,*,#21,.F.);
#10511 = ADVANCED_FACE('',(#10512),#5426,.T.);
#10512 = FACE_BOUND('',#10513,.T.);
#10513 = EDGE_LOOP('',(#10514,#10515,#10516));
#10514 = ORIENTED_EDGE('',*,*,#5412,.F.);
#10515 = ORIENTED_EDGE('',*,*,#5497,.F.);
#10516 = ORIENTED_EDGE('',*,*,#10517,.T.);
#10517 = EDGE_CURVE('',#5445,#5281,#10518,.T.);
#10518 = SURFACE_CURVE('',#10519,(#10523,#10530),.PCURVE_S1.);
#10519 = LINE('',#10520,#10521);
#10520 = CARTESIAN_POINT('',(-43.37778143414,40.352139259799,
    20.443481500319));
#10521 = VECTOR('',#10522,1.);
#10522 = DIRECTION('',(0.989326379443,-0.138306480444,4.587627279513E-02
    ));
#10523 = PCURVE('',#5426,#10524);
#10524 = DEFINITIONAL_REPRESENTATION('',(#10525),#10529);
#10525 = LINE('',#10526,#10527);
#10526 = CARTESIAN_POINT('',(-4.891623853877E-03,-0.242722103274));
#10527 = VECTOR('',#10528,1.);
#10528 = DIRECTION('',(2.014909528879E-02,0.999796986372));
#10529 = ( GEOMETRIC_REPRESENTATION_CONTEXT(2) 
PARAMETRIC_REPRESENTATION_CONTEXT() REPRESENTATION_CONTEXT('2D SPACE',''
  ) );
#10530 = PCURVE('',#5615,#10531);
#10531 = DEFINITIONAL_REPRESENTATION('',(#10532),#10536);
#10532 = LINE('',#10533,#10534);
#10533 = CARTESIAN_POINT('',(-0.242514615731,1.116282037923E-02));
#10534 = VECTOR('',#10535,1.);
#10535 = DIRECTION('',(0.998942324114,-4.598079047606E-02));
#10536 = ( GEOMETRIC_REPRESENTATION_CONTEXT(2) 
PARAMETRIC_REPRESENTATION_CONTEXT() REPRESENTATION_CONTEXT('2D SPACE',''
  ) );
#10537 = ADVANCED_FACE('',(#10538),#5615,.T.);
#10538 = FACE_BOUND('',#10539,.T.);
#10539 = EDGE_LOOP('',(#10540,#10541,#10542));
#10540 = ORIENTED_EDGE('',*,*,#10517,.F.);
#10541 = ORIENTED_EDGE('',*,*,#5601,.F.);
#10542 = ORIENTED_EDGE('',*,*,#10543,.T.);
#10543 = EDGE_CURVE('',#5523,#5281,#10544,.T.);
#10544 = SURFACE_CURVE('',#10545,(#10549,#10556),.PCURVE_S1.);
#10545 = LINE('',#10546,#10547);
#10546 = CARTESIAN_POINT('',(-43.46333618864,40.365770561421,
    20.464003983776));
#10547 = VECTOR('',#10548,1.);
#10548 = DIRECTION('',(0.989258436415,-0.143371402457,
    -2.850240235051E-02));
#10549 = PCURVE('',#5615,#10550);
#10550 = DEFINITIONAL_REPRESENTATION('',(#10551),#10555);
#10551 = LINE('',#10552,#10553);
#10552 = CARTESIAN_POINT('',(-0.329137402243,-9.406418452794E-03));
#10553 = VECTOR('',#10554,1.);
#10554 = DIRECTION('',(0.999591870315,2.856733798746E-02));
#10555 = ( GEOMETRIC_REPRESENTATION_CONTEXT(2) 
PARAMETRIC_REPRESENTATION_CONTEXT() REPRESENTATION_CONTEXT('2D SPACE',''
  ) );
#10556 = PCURVE('',#5648,#10557);
#10557 = DEFINITIONAL_REPRESENTATION('',(#10558),#10562);
#10558 = LINE('',#10559,#10560);
#10559 = CARTESIAN_POINT('',(4.473387873058E-02,0.326218930103));
#10560 = VECTOR('',#10561,1.);
#10561 = DIRECTION('',(-0.135857004406,-0.990728456417));
#10562 = ( GEOMETRIC_REPRESENTATION_CONTEXT(2) 
PARAMETRIC_REPRESENTATION_CONTEXT() REPRESENTATION_CONTEXT('2D SPACE',''
  ) );
#10563 = ADVANCED_FACE('',(#10564),#5648,.T.);
#10564 = FACE_BOUND('',#10565,.T.);
#10565 = EDGE_LOOP('',(#10566,#10567,#10568));
#10566 = ORIENTED_EDGE('',*,*,#10543,.F.);
#10567 = ORIENTED_EDGE('',*,*,#5632,.F.);
#10568 = ORIENTED_EDGE('',*,*,#10569,.T.);
#10569 = EDGE_CURVE('',#5633,#5281,#10570,.T.);
#10570 = SURFACE_CURVE('',#10571,(#10575,#10582),.PCURVE_S1.);
#10571 = LINE('',#10572,#10573);
#10572 = CARTESIAN_POINT('',(-43.58591757275,40.334330641129,
    20.435700463629));
#10573 = VECTOR('',#10574,1.);
#10574 = DIRECTION('',(0.998494491018,-3.511917649501E-02,
    4.213543461132E-02));
#10575 = PCURVE('',#5648,#10576);
#10576 = DEFINITIONAL_REPRESENTATION('',(#10577),#10581);
#10577 = LINE('',#10578,#10579);
#10578 = CARTESIAN_POINT('',(2.962269294963E-03,0.448982467909));
#10579 = VECTOR('',#10580,1.);
#10580 = DIRECTION('',(-6.597595752072E-03,-0.999978235628));
#10581 = ( GEOMETRIC_REPRESENTATION_CONTEXT(2) 
PARAMETRIC_REPRESENTATION_CONTEXT() REPRESENTATION_CONTEXT('2D SPACE',''
  ) );
#10582 = PCURVE('',#10583,#10588);
#10583 = PLANE('',#10584);
#10584 = AXIS2_PLACEMENT_3D('',#10585,#10586,#10587);
#10585 = CARTESIAN_POINT('',(-42.63659835961,39.96397715902,
    20.441022579687));
#10586 = DIRECTION('',(-4.553604813979E-02,-0.102441804113,
    0.993696203621));
#10587 = DIRECTION('',(4.621268718761E-19,0.994728038835,0.102548177732)
  );
#10588 = DEFINITIONAL_REPRESENTATION('',(#10589),#10593);
#10589 = LINE('',#10590,#10591);
#10590 = CARTESIAN_POINT('',(0.36785521963,0.950304968129));
#10591 = VECTOR('',#10592,1.);
#10592 = DIRECTION('',(-3.061311752304E-02,-0.999531308682));
#10593 = ( GEOMETRIC_REPRESENTATION_CONTEXT(2) 
PARAMETRIC_REPRESENTATION_CONTEXT() REPRESENTATION_CONTEXT('2D SPACE',''
  ) );
#10594 = ADVANCED_FACE('',(#10595),#4392,.T.);
#10595 = FACE_BOUND('',#10596,.T.);
#10596 = EDGE_LOOP('',(#10597,#10623,#10624));
#10597 = ORIENTED_EDGE('',*,*,#10598,.T.);
#10598 = EDGE_CURVE('',#4545,#22,#10599,.T.);
#10599 = SURFACE_CURVE('',#10600,(#10604,#10611),.PCURVE_S1.);
#10600 = LINE('',#10601,#10602);
#10601 = CARTESIAN_POINT('',(-42.40638926999,39.617721338823,
    20.449685016234));
#10602 = VECTOR('',#10603,1.);
#10603 = DIRECTION('',(0.246965358722,-0.969020466421,2.728964749355E-03
    ));
#10604 = PCURVE('',#4392,#10605);
#10605 = DEFINITIONAL_REPRESENTATION('',(#10606),#10610);
#10606 = LINE('',#10607,#10608);
#10607 = CARTESIAN_POINT('',(0.,0.));
#10608 = VECTOR('',#10609,1.);
#10609 = DIRECTION('',(0.246537957686,-0.969133136065));
#10610 = ( GEOMETRIC_REPRESENTATION_CONTEXT(2) 
PARAMETRIC_REPRESENTATION_CONTEXT() REPRESENTATION_CONTEXT('2D SPACE',''
  ) );
#10611 = PCURVE('',#10612,#10617);
#10612 = PLANE('',#10613);
#10613 = AXIS2_PLACEMENT_3D('',#10614,#10615,#10616);
#10614 = CARTESIAN_POINT('',(-42.40638926999,39.617721338823,
    20.449685016234));
#10615 = DIRECTION('',(0.968022739636,0.246581111973,-4.614900611048E-02
    ));
#10616 = DIRECTION('',(-0.246844107821,0.969055202986,
    -6.544425424627E-19));
#10617 = DEFINITIONAL_REPRESENTATION('',(#10618),#10622);
#10618 = LINE('',#10619,#10620);
#10619 = CARTESIAN_POINT('',(0.,0.));
#10620 = VECTOR('',#10621,1.);
#10621 = DIRECTION('',(-0.999996268421,2.731875379416E-03));
#10622 = ( GEOMETRIC_REPRESENTATION_CONTEXT(2) 
PARAMETRIC_REPRESENTATION_CONTEXT() REPRESENTATION_CONTEXT('2D SPACE',''
  ) );
#10623 = ORIENTED_EDGE('',*,*,#4376,.T.);
#10624 = ORIENTED_EDGE('',*,*,#10625,.F.);
#10625 = EDGE_CURVE('',#4545,#4377,#10626,.T.);
#10626 = SURFACE_CURVE('',#10627,(#10631,#10638),.PCURVE_S1.);
#10627 = LINE('',#10628,#10629);
#10628 = CARTESIAN_POINT('',(-42.40638926999,39.617721338823,
    20.449685016234));
#10629 = VECTOR('',#10630,1.);
#10630 = DIRECTION('',(0.419151698402,-0.907892102872,
    -6.616892766349E-03));
#10631 = PCURVE('',#4392,#10632);
#10632 = DEFINITIONAL_REPRESENTATION('',(#10633),#10637);
#10633 = LINE('',#10634,#10635);
#10634 = CARTESIAN_POINT('',(0.,0.));
#10635 = VECTOR('',#10636,1.);
#10636 = DIRECTION('',(0.418975226381,-0.907997665018));
#10637 = ( GEOMETRIC_REPRESENTATION_CONTEXT(2) 
PARAMETRIC_REPRESENTATION_CONTEXT() REPRESENTATION_CONTEXT('2D SPACE',''
  ) );
#10638 = PCURVE('',#4502,#10639);
#10639 = DEFINITIONAL_REPRESENTATION('',(#10640),#10644);
#10640 = LINE('',#10641,#10642);
#10641 = CARTESIAN_POINT('',(0.,0.));
#10642 = VECTOR('',#10643,1.);
#10643 = DIRECTION('',(0.413326026237,-0.910583107704));
#10644 = ( GEOMETRIC_REPRESENTATION_CONTEXT(2) 
PARAMETRIC_REPRESENTATION_CONTEXT() REPRESENTATION_CONTEXT('2D SPACE',''
  ) );
#10645 = ADVANCED_FACE('',(#10646),#4502,.T.);
#10646 = FACE_BOUND('',#10647,.T.);
#10647 = EDGE_LOOP('',(#10648,#10649,#10650));
#10648 = ORIENTED_EDGE('',*,*,#10625,.T.);
#10649 = ORIENTED_EDGE('',*,*,#4486,.F.);
#10650 = ORIENTED_EDGE('',*,*,#4544,.F.);
#10651 = ADVANCED_FACE('',(#10652),#5263,.F.);
#10652 = FACE_BOUND('',#10653,.F.);
#10653 = EDGE_LOOP('',(#10654,#10655,#10656));
#10654 = ORIENTED_EDGE('',*,*,#5334,.T.);
#10655 = ORIENTED_EDGE('',*,*,#5249,.T.);
#10656 = ORIENTED_EDGE('',*,*,#10657,.F.);
#10657 = EDGE_CURVE('',#5281,#5113,#10658,.T.);
#10658 = SURFACE_CURVE('',#10659,(#10663,#10670),.PCURVE_S1.);
#10659 = LINE('',#10660,#10661);
#10660 = CARTESIAN_POINT('',(-43.13760129465,40.31856240341,
    20.454618946796));
#10661 = VECTOR('',#10662,1.);
#10662 = DIRECTION('',(0.819718500843,-0.570876754881,-4.64898925858E-02
    ));
#10663 = PCURVE('',#5263,#10664);
#10664 = DEFINITIONAL_REPRESENTATION('',(#10665),#10669);
#10665 = LINE('',#10666,#10667);
#10666 = CARTESIAN_POINT('',(0.,-0.));
#10667 = VECTOR('',#10668,1.);
#10668 = DIRECTION('',(-0.99880503478,4.887230810047E-02));
#10669 = ( GEOMETRIC_REPRESENTATION_CONTEXT(2) 
PARAMETRIC_REPRESENTATION_CONTEXT() REPRESENTATION_CONTEXT('2D SPACE',''
  ) );
#10670 = PCURVE('',#10671,#10676);
#10671 = PLANE('',#10672);
#10672 = AXIS2_PLACEMENT_3D('',#10673,#10674,#10675);
#10673 = CARTESIAN_POINT('',(-42.63659835961,39.96397715902,
    20.441022579687));
#10674 = DIRECTION('',(0.557009697473,0.775630118336,0.296880643442));
#10675 = DIRECTION('',(0.812250773504,-0.583308392656,1.126021160423E-17
    ));
#10676 = DEFINITIONAL_REPRESENTATION('',(#10677),#10681);
#10677 = LINE('',#10678,#10679);
#10678 = CARTESIAN_POINT('',(-0.613772570481,-1.423830694529E-02));
#10679 = VECTOR('',#10680,1.);
#10680 = DIRECTION('',(0.998814188659,4.86848696566E-02));
#10681 = ( GEOMETRIC_REPRESENTATION_CONTEXT(2) 
PARAMETRIC_REPRESENTATION_CONTEXT() REPRESENTATION_CONTEXT('2D SPACE',''
  ) );
#10682 = ADVANCED_FACE('',(#10683),#4639,.T.);
#10683 = FACE_BOUND('',#10684,.T.);
#10684 = EDGE_LOOP('',(#10685,#10706,#10707));
#10685 = ORIENTED_EDGE('',*,*,#10686,.T.);
#10686 = EDGE_CURVE('',#4708,#4545,#10687,.T.);
#10687 = SURFACE_CURVE('',#10688,(#10692,#10699),.PCURVE_S1.);
#10688 = LINE('',#10689,#10690);
#10689 = CARTESIAN_POINT('',(-42.46952949157,39.858394372538,
    20.411206484479));
#10690 = VECTOR('',#10691,1.);
#10691 = DIRECTION('',(0.250780061965,-0.955904125779,0.152828867823));
#10692 = PCURVE('',#4639,#10693);
#10693 = DEFINITIONAL_REPRESENTATION('',(#10694),#10698);
#10694 = LINE('',#10695,#10696);
#10695 = CARTESIAN_POINT('',(0.,0.));
#10696 = VECTOR('',#10697,1.);
#10697 = DIRECTION('',(0.186586191336,-0.982438595131));
#10698 = ( GEOMETRIC_REPRESENTATION_CONTEXT(2) 
PARAMETRIC_REPRESENTATION_CONTEXT() REPRESENTATION_CONTEXT('2D SPACE',''
  ) );
#10699 = PCURVE('',#10612,#10700);
#10700 = DEFINITIONAL_REPRESENTATION('',(#10701),#10705);
#10701 = LINE('',#10702,#10703);
#10702 = CARTESIAN_POINT('',(0.248811247203,-3.851957177588E-02));
#10703 = VECTOR('',#10704,1.);
#10704 = DIRECTION('',(-0.988227447297,0.152991870404));
#10705 = ( GEOMETRIC_REPRESENTATION_CONTEXT(2) 
PARAMETRIC_REPRESENTATION_CONTEXT() REPRESENTATION_CONTEXT('2D SPACE',''
  ) );
#10706 = ORIENTED_EDGE('',*,*,#4623,.T.);
#10707 = ORIENTED_EDGE('',*,*,#4707,.F.);
#10708 = ADVANCED_FACE('',(#10709),#6531,.T.);
#10709 = FACE_BOUND('',#10710,.T.);
#10710 = EDGE_LOOP('',(#10711,#10737,#10738));
#10711 = ORIENTED_EDGE('',*,*,#10712,.F.);
#10712 = EDGE_CURVE('',#6433,#4708,#10713,.T.);
#10713 = SURFACE_CURVE('',#10714,(#10718,#10725),.PCURVE_S1.);
#10714 = LINE('',#10715,#10716);
#10715 = CARTESIAN_POINT('',(-44.52773212469,39.69615108989,
    20.444912387541));
#10716 = VECTOR('',#10717,1.);
#10717 = DIRECTION('',(0.996774679123,7.857340837036E-02,
    -1.632355831661E-02));
#10718 = PCURVE('',#6531,#10719);
#10719 = DEFINITIONAL_REPRESENTATION('',(#10720),#10724);
#10720 = LINE('',#10721,#10722);
#10721 = CARTESIAN_POINT('',(-0.165680536318,2.058204802623));
#10722 = VECTOR('',#10723,1.);
#10723 = DIRECTION('',(8.023804885282E-02,-0.996775729799));
#10724 = ( GEOMETRIC_REPRESENTATION_CONTEXT(2) 
PARAMETRIC_REPRESENTATION_CONTEXT() REPRESENTATION_CONTEXT('2D SPACE',''
  ) );
#10725 = PCURVE('',#10726,#10731);
#10726 = PLANE('',#10727);
#10727 = AXIS2_PLACEMENT_3D('',#10728,#10729,#10730);
#10728 = CARTESIAN_POINT('',(-42.63659835961,39.96397715902,
    20.441022579687));
#10729 = DIRECTION('',(3.347354910113E-02,-0.222206275486,0.974424903543
    ));
#10730 = DIRECTION('',(-4.577839038788E-19,0.974971273805,0.222330868875
    ));
#10731 = DEFINITIONAL_REPRESENTATION('',(#10732),#10736);
#10732 = LINE('',#10733,#10734);
#10733 = CARTESIAN_POINT('',(-0.260257899418,1.892194143612));
#10734 = VECTOR('',#10735,1.);
#10735 = DIRECTION('',(7.297758514239E-02,-0.997333581139));
#10736 = ( GEOMETRIC_REPRESENTATION_CONTEXT(2) 
PARAMETRIC_REPRESENTATION_CONTEXT() REPRESENTATION_CONTEXT('2D SPACE',''
  ) );
#10737 = ORIENTED_EDGE('',*,*,#6515,.F.);
#10738 = ORIENTED_EDGE('',*,*,#10739,.T.);
#10739 = EDGE_CURVE('',#6516,#4708,#10740,.T.);
#10740 = SURFACE_CURVE('',#10741,(#10745,#10752),.PCURVE_S1.);
#10741 = LINE('',#10742,#10743);
#10742 = CARTESIAN_POINT('',(-44.54360235141,39.560806080356,
    20.4755627485));
#10743 = VECTOR('',#10744,1.);
#10744 = DIRECTION('',(0.989396396581,0.141958746797,-3.069991269472E-02
    ));
#10745 = PCURVE('',#6531,#10746);
#10746 = DEFINITIONAL_REPRESENTATION('',(#10747),#10751);
#10747 = LINE('',#10748,#10749);
#10748 = CARTESIAN_POINT('',(-0.304452708246,2.074075046072));
#10749 = VECTOR('',#10750,1.);
#10750 = DIRECTION('',(0.145233283893,-0.98939743948));
#10751 = ( GEOMETRIC_REPRESENTATION_CONTEXT(2) 
PARAMETRIC_REPRESENTATION_CONTEXT() REPRESENTATION_CONTEXT('2D SPACE',''
  ) );
#10752 = PCURVE('',#6641,#10753);
#10753 = DEFINITIONAL_REPRESENTATION('',(#10754),#10758);
#10754 = LINE('',#10755,#10756);
#10755 = CARTESIAN_POINT('',(-0.275114922751,2.07816999487));
#10756 = VECTOR('',#10757,1.);
#10757 = DIRECTION('',(0.131238259989,-0.991350855709));
#10758 = ( GEOMETRIC_REPRESENTATION_CONTEXT(2) 
PARAMETRIC_REPRESENTATION_CONTEXT() REPRESENTATION_CONTEXT('2D SPACE',''
  ) );
#10759 = ADVANCED_FACE('',(#10760),#6641,.T.);
#10760 = FACE_BOUND('',#10761,.T.);
#10761 = EDGE_LOOP('',(#10762,#10763,#10764));
#10762 = ORIENTED_EDGE('',*,*,#10739,.F.);
#10763 = ORIENTED_EDGE('',*,*,#6625,.F.);
#10764 = ORIENTED_EDGE('',*,*,#10765,.T.);
#10765 = EDGE_CURVE('',#6626,#4708,#10766,.T.);
#10766 = SURFACE_CURVE('',#10767,(#10771,#10778),.PCURVE_S1.);
#10767 = LINE('',#10768,#10769);
#10768 = CARTESIAN_POINT('',(-44.56678417433,39.447069751455,
    20.450461468294));
#10769 = VECTOR('',#10770,1.);
#10770 = DIRECTION('',(0.981139586409,0.192426257014,-1.836430210457E-02
    ));
#10771 = PCURVE('',#6641,#10772);
#10772 = DEFINITIONAL_REPRESENTATION('',(#10773),#10777);
#10773 = LINE('',#10774,#10775);
#10774 = CARTESIAN_POINT('',(-0.391579086893,2.101397611289));
#10775 = VECTOR('',#10776,1.);
#10776 = DIRECTION('',(0.183188883314,-0.983077734988));
#10777 = ( GEOMETRIC_REPRESENTATION_CONTEXT(2) 
PARAMETRIC_REPRESENTATION_CONTEXT() REPRESENTATION_CONTEXT('2D SPACE',''
  ) );
#10778 = PCURVE('',#6699,#10779);
#10779 = DEFINITIONAL_REPRESENTATION('',(#10780),#10784);
#10780 = LINE('',#10781,#10782);
#10781 = CARTESIAN_POINT('',(-0.406056501935,2.09864818854));
#10782 = VECTOR('',#10783,1.);
#10783 = DIRECTION('',(0.18996172074,-0.981791497546));
#10784 = ( GEOMETRIC_REPRESENTATION_CONTEXT(2) 
PARAMETRIC_REPRESENTATION_CONTEXT() REPRESENTATION_CONTEXT('2D SPACE',''
  ) );
#10785 = ADVANCED_FACE('',(#10786),#6699,.T.);
#10786 = FACE_BOUND('',#10787,.T.);
#10787 = EDGE_LOOP('',(#10788,#10789,#10790));
#10788 = ORIENTED_EDGE('',*,*,#10765,.F.);
#10789 = ORIENTED_EDGE('',*,*,#6683,.F.);
#10790 = ORIENTED_EDGE('',*,*,#10791,.T.);
#10791 = EDGE_CURVE('',#6684,#4708,#10792,.T.);
#10792 = SURFACE_CURVE('',#10793,(#10797,#10804),.PCURVE_S1.);
#10793 = LINE('',#10794,#10795);
#10794 = CARTESIAN_POINT('',(-44.592056941,39.311395736537,
    20.43900812617));
#10795 = VECTOR('',#10796,1.);
#10796 = DIRECTION('',(0.968282215254,0.249536961771,-1.268291498982E-02
    ));
#10797 = PCURVE('',#6699,#10798);
#10798 = DEFINITIONAL_REPRESENTATION('',(#10799),#10803);
#10799 = LINE('',#10800,#10801);
#10800 = CARTESIAN_POINT('',(-0.542209975308,2.123937747524));
#10801 = VECTOR('',#10802,1.);
#10802 = DIRECTION('',(0.247352408169,-0.968925583403));
#10803 = ( GEOMETRIC_REPRESENTATION_CONTEXT(2) 
PARAMETRIC_REPRESENTATION_CONTEXT() REPRESENTATION_CONTEXT('2D SPACE',''
  ) );
#10804 = PCURVE('',#6783,#10805);
#10805 = DEFINITIONAL_REPRESENTATION('',(#10806),#10810);
#10806 = LINE('',#10807,#10808);
#10807 = CARTESIAN_POINT('',(-0.535653332029,2.125600790499));
#10808 = VECTOR('',#10809,1.);
#10809 = DIRECTION('',(0.244361313246,-0.969684252006));
#10810 = ( GEOMETRIC_REPRESENTATION_CONTEXT(2) 
PARAMETRIC_REPRESENTATION_CONTEXT() REPRESENTATION_CONTEXT('2D SPACE',''
  ) );
#10811 = ADVANCED_FACE('',(#10812),#6783,.T.);
#10812 = FACE_BOUND('',#10813,.T.);
#10813 = EDGE_LOOP('',(#10814,#10815,#10816));
#10814 = ORIENTED_EDGE('',*,*,#10791,.F.);
#10815 = ORIENTED_EDGE('',*,*,#6767,.F.);
#10816 = ORIENTED_EDGE('',*,*,#10817,.T.);
#10817 = EDGE_CURVE('',#6768,#4708,#10818,.T.);
#10818 = SURFACE_CURVE('',#10819,(#10823,#10830),.PCURVE_S1.);
#10819 = LINE('',#10820,#10821);
#10820 = CARTESIAN_POINT('',(-44.60214935986,39.208394385424,
    20.465950794106));
#10821 = VECTOR('',#10822,1.);
#10822 = DIRECTION('',(0.95626789853,0.291460344604,-2.454737794672E-02)
  );
#10823 = PCURVE('',#6783,#10824);
#10824 = DEFINITIONAL_REPRESENTATION('',(#10825),#10829);
#10825 = LINE('',#10826,#10827);
#10826 = CARTESIAN_POINT('',(-0.642118774793,2.1357078228));
#10827 = VECTOR('',#10828,1.);
#10828 = DIRECTION('',(0.287926404751,-0.957652538997));
#10829 = ( GEOMETRIC_REPRESENTATION_CONTEXT(2) 
PARAMETRIC_REPRESENTATION_CONTEXT() REPRESENTATION_CONTEXT('2D SPACE',''
  ) );
#10830 = PCURVE('',#10440,#10831);
#10831 = DEFINITIONAL_REPRESENTATION('',(#10832),#10836);
#10832 = LINE('',#10833,#10834);
#10833 = CARTESIAN_POINT('',(-0.652206839291,2.132648743721));
#10834 = VECTOR('',#10835,1.);
#10835 = DIRECTION('',(0.29244989831,-0.956280846289));
#10836 = ( GEOMETRIC_REPRESENTATION_CONTEXT(2) 
PARAMETRIC_REPRESENTATION_CONTEXT() REPRESENTATION_CONTEXT('2D SPACE',''
  ) );
#10837 = ADVANCED_FACE('',(#10838),#10440,.T.);
#10838 = FACE_BOUND('',#10839,.T.);
#10839 = EDGE_LOOP('',(#10840,#10841,#10842));
#10840 = ORIENTED_EDGE('',*,*,#10817,.F.);
#10841 = ORIENTED_EDGE('',*,*,#10426,.T.);
#10842 = ORIENTED_EDGE('',*,*,#10843,.F.);
#10843 = EDGE_CURVE('',#4708,#22,#10844,.T.);
#10844 = SURFACE_CURVE('',#10845,(#10849,#10856),.PCURVE_S1.);
#10845 = LINE('',#10846,#10847);
#10846 = CARTESIAN_POINT('',(-42.46952949157,39.858394372538,
    20.411206484479));
#10847 = VECTOR('',#10848,1.);
#10848 = DIRECTION('',(0.24918922729,-0.96636727335,6.355330047337E-02)
  );
#10849 = PCURVE('',#10440,#10850);
#10850 = DEFINITIONAL_REPRESENTATION('',(#10851),#10855);
#10851 = LINE('',#10852,#10853);
#10852 = CARTESIAN_POINT('',(0.,0.));
#10853 = VECTOR('',#10854,1.);
#10854 = DIRECTION('',(-0.968453947003,-0.249192601283));
#10855 = ( GEOMETRIC_REPRESENTATION_CONTEXT(2) 
PARAMETRIC_REPRESENTATION_CONTEXT() REPRESENTATION_CONTEXT('2D SPACE',''
  ) );
#10856 = PCURVE('',#10612,#10857);
#10857 = DEFINITIONAL_REPRESENTATION('',(#10858),#10862);
#10858 = LINE('',#10859,#10860);
#10859 = CARTESIAN_POINT('',(0.248811247203,-3.851957177588E-02));
#10860 = VECTOR('',#10861,1.);
#10861 = DIRECTION('',(-0.997974126724,6.362108447348E-02));
#10862 = ( GEOMETRIC_REPRESENTATION_CONTEXT(2) 
PARAMETRIC_REPRESENTATION_CONTEXT() REPRESENTATION_CONTEXT('2D SPACE',''
  ) );
#10863 = ADVANCED_FACE('',(#10864),#10612,.F.);
#10864 = FACE_BOUND('',#10865,.F.);
#10865 = EDGE_LOOP('',(#10866,#10867,#10868));
#10866 = ORIENTED_EDGE('',*,*,#10598,.T.);
#10867 = ORIENTED_EDGE('',*,*,#10843,.F.);
#10868 = ORIENTED_EDGE('',*,*,#10686,.T.);
#10869 = ADVANCED_FACE('',(#10870),#4802,.T.);
#10870 = FACE_BOUND('',#10871,.T.);
#10871 = EDGE_LOOP('',(#10872,#10893,#10894));
#10872 = ORIENTED_EDGE('',*,*,#10873,.T.);
#10873 = EDGE_CURVE('',#4871,#4708,#10874,.T.);
#10874 = SURFACE_CURVE('',#10875,(#10879,#10886),.PCURVE_S1.);
#10875 = LINE('',#10876,#10877);
#10876 = CARTESIAN_POINT('',(-42.63659835961,39.96397715902,
    20.441022579687));
#10877 = VECTOR('',#10878,1.);
#10878 = DIRECTION('',(0.835880196206,-0.528252578199,-0.149176108061));
#10879 = PCURVE('',#4802,#10880);
#10880 = DEFINITIONAL_REPRESENTATION('',(#10881),#10885);
#10881 = LINE('',#10882,#10883);
#10882 = CARTESIAN_POINT('',(-0.,0.));
#10883 = VECTOR('',#10884,1.);
#10884 = DIRECTION('',(0.548874466185,-0.835904791451));
#10885 = ( GEOMETRIC_REPRESENTATION_CONTEXT(2) 
PARAMETRIC_REPRESENTATION_CONTEXT() REPRESENTATION_CONTEXT('2D SPACE',''
  ) );
#10886 = PCURVE('',#10726,#10887);
#10887 = DEFINITIONAL_REPRESENTATION('',(#10888),#10892);
#10888 = LINE('',#10889,#10890);
#10889 = CARTESIAN_POINT('',(0.,0.));
#10890 = VECTOR('',#10891,1.);
#10891 = DIRECTION('',(-0.548197542778,-0.836348882998));
#10892 = ( GEOMETRIC_REPRESENTATION_CONTEXT(2) 
PARAMETRIC_REPRESENTATION_CONTEXT() REPRESENTATION_CONTEXT('2D SPACE',''
  ) );
#10893 = ORIENTED_EDGE('',*,*,#4786,.F.);
#10894 = ORIENTED_EDGE('',*,*,#4870,.F.);
#10895 = ADVANCED_FACE('',(#10896),#4991,.T.);
#10896 = FACE_BOUND('',#10897,.T.);
#10897 = EDGE_LOOP('',(#10898,#10899,#10900));
#10898 = ORIENTED_EDGE('',*,*,#4975,.F.);
#10899 = ORIENTED_EDGE('',*,*,#5033,.F.);
#10900 = ORIENTED_EDGE('',*,*,#10901,.T.);
#10901 = EDGE_CURVE('',#5034,#4871,#10902,.T.);
#10902 = SURFACE_CURVE('',#10903,(#10907,#10914),.PCURVE_S1.);
#10903 = LINE('',#10904,#10905);
#10904 = CARTESIAN_POINT('',(-42.7992905763,40.164171507725,
    20.468245608663));
#10905 = VECTOR('',#10906,1.);
#10906 = DIRECTION('',(0.627190060559,-0.771763445363,-0.10494671189));
#10907 = PCURVE('',#4991,#10908);
#10908 = DEFINITIONAL_REPRESENTATION('',(#10909),#10913);
#10909 = LINE('',#10910,#10911);
#10910 = CARTESIAN_POINT('',(0.257934350866,2.752269201021E-02));
#10911 = VECTOR('',#10912,1.);
#10912 = DIRECTION('',(-0.994355258226,-0.10610193419));
#10913 = ( GEOMETRIC_REPRESENTATION_CONTEXT(2) 
PARAMETRIC_REPRESENTATION_CONTEXT() REPRESENTATION_CONTEXT('2D SPACE',''
  ) );
#10914 = PCURVE('',#5179,#10915);
#10915 = DEFINITIONAL_REPRESENTATION('',(#10916),#10920);
#10916 = LINE('',#10917,#10918);
#10917 = CARTESIAN_POINT('',(0.19903780843,0.16634776448));
#10918 = VECTOR('',#10919,1.);
#10919 = DIRECTION('',(-0.767304900388,-0.641282457144));
#10920 = ( GEOMETRIC_REPRESENTATION_CONTEXT(2) 
PARAMETRIC_REPRESENTATION_CONTEXT() REPRESENTATION_CONTEXT('2D SPACE',''
  ) );
#10921 = ADVANCED_FACE('',(#10922),#5179,.T.);
#10922 = FACE_BOUND('',#10923,.T.);
#10923 = EDGE_LOOP('',(#10924,#10925,#10926));
#10924 = ORIENTED_EDGE('',*,*,#10901,.F.);
#10925 = ORIENTED_EDGE('',*,*,#5165,.F.);
#10926 = ORIENTED_EDGE('',*,*,#10927,.T.);
#10927 = EDGE_CURVE('',#5113,#4871,#10928,.T.);
#10928 = SURFACE_CURVE('',#10929,(#10933,#10940),.PCURVE_S1.);
#10929 = LINE('',#10930,#10931);
#10930 = CARTESIAN_POINT('',(-42.9178415181,40.165515048782,
    20.442155389616));
#10931 = VECTOR('',#10932,1.);
#10932 = DIRECTION('',(0.812839738405,-0.582478188887,-3.27401004547E-03
    ));
#10933 = PCURVE('',#5179,#10934);
#10934 = DEFINITIONAL_REPRESENTATION('',(#10935),#10939);
#10935 = LINE('',#10936,#10937);
#10936 = CARTESIAN_POINT('',(0.192417156091,0.287562439317));
#10937 = VECTOR('',#10938,1.);
#10938 = DIRECTION('',(-0.556117744028,-0.831103516282));
#10939 = ( GEOMETRIC_REPRESENTATION_CONTEXT(2) 
PARAMETRIC_REPRESENTATION_CONTEXT() REPRESENTATION_CONTEXT('2D SPACE',''
  ) );
#10940 = PCURVE('',#10671,#10941);
#10941 = DEFINITIONAL_REPRESENTATION('',(#10942),#10946);
#10942 = LINE('',#10943,#10944);
#10943 = CARTESIAN_POINT('',(-0.34599871556,-1.186294496654E-03));
#10944 = VECTOR('',#10945,1.);
#10945 = DIRECTION('',(0.99999412237,3.428589386907E-03));
#10946 = ( GEOMETRIC_REPRESENTATION_CONTEXT(2) 
PARAMETRIC_REPRESENTATION_CONTEXT() REPRESENTATION_CONTEXT('2D SPACE',''
  ) );
#10947 = ADVANCED_FACE('',(#10948),#6448,.T.);
#10948 = FACE_BOUND('',#10949,.T.);
#10949 = EDGE_LOOP('',(#10950,#10971,#10972));
#10950 = ORIENTED_EDGE('',*,*,#10951,.F.);
#10951 = EDGE_CURVE('',#6353,#4871,#10952,.T.);
#10952 = SURFACE_CURVE('',#10953,(#10957,#10964),.PCURVE_S1.);
#10953 = LINE('',#10954,#10955);
#10954 = CARTESIAN_POINT('',(-44.46292710513,39.792213655611,
    20.441408876288));
#10955 = VECTOR('',#10956,1.);
#10956 = DIRECTION('',(0.995606540474,9.363531501605E-02,
    -2.105860858201E-04));
#10957 = PCURVE('',#6448,#10958);
#10958 = DEFINITIONAL_REPRESENTATION('',(#10959),#10963);
#10959 = LINE('',#10960,#10961);
#10960 = CARTESIAN_POINT('',(-0.171649402185,1.826339513824));
#10961 = VECTOR('',#10962,1.);
#10962 = DIRECTION('',(9.357311376904E-02,-0.99561241072));
#10963 = ( GEOMETRIC_REPRESENTATION_CONTEXT(2) 
PARAMETRIC_REPRESENTATION_CONTEXT() REPRESENTATION_CONTEXT('2D SPACE',''
  ) );
#10964 = PCURVE('',#9794,#10965);
#10965 = DEFINITIONAL_REPRESENTATION('',(#10966),#10970);
#10966 = LINE('',#10967,#10968);
#10967 = CARTESIAN_POINT('',(-0.171468409947,1.82635651542));
#10968 = VECTOR('',#10969,1.);
#10969 = DIRECTION('',(9.347444749321E-02,-0.995621678985));
#10970 = ( GEOMETRIC_REPRESENTATION_CONTEXT(2) 
PARAMETRIC_REPRESENTATION_CONTEXT() REPRESENTATION_CONTEXT('2D SPACE',''
  ) );
#10971 = ORIENTED_EDGE('',*,*,#6432,.F.);
#10972 = ORIENTED_EDGE('',*,*,#10973,.T.);
#10973 = EDGE_CURVE('',#6433,#4871,#10974,.T.);
#10974 = SURFACE_CURVE('',#10975,(#10979,#10986),.PCURVE_S1.);
#10975 = LINE('',#10976,#10977);
#10976 = CARTESIAN_POINT('',(-44.52773212469,39.69615108989,
    20.444912387541));
#10977 = VECTOR('',#10978,1.);
#10978 = DIRECTION('',(0.990117932072,0.140222441489,-2.036539444935E-03
    ));
#10979 = PCURVE('',#6448,#10980);
#10980 = DEFINITIONAL_REPRESENTATION('',(#10981),#10985);
#10981 = LINE('',#10982,#10983);
#10982 = CARTESIAN_POINT('',(-0.267775577599,1.891144915487));
#10983 = VECTOR('',#10984,1.);
#10984 = DIRECTION('',(0.140196006252,-0.990123769956));
#10985 = ( GEOMETRIC_REPRESENTATION_CONTEXT(2) 
PARAMETRIC_REPRESENTATION_CONTEXT() REPRESENTATION_CONTEXT('2D SPACE',''
  ) );
#10986 = PCURVE('',#10726,#10987);
#10987 = DEFINITIONAL_REPRESENTATION('',(#10988),#10992);
#10988 = LINE('',#10989,#10990);
#10989 = CARTESIAN_POINT('',(-0.260257899418,1.892194143612));
#10990 = VECTOR('',#10991,1.);
#10991 = DIRECTION('',(0.136260066811,-0.990673101579));
#10992 = ( GEOMETRIC_REPRESENTATION_CONTEXT(2) 
PARAMETRIC_REPRESENTATION_CONTEXT() REPRESENTATION_CONTEXT('2D SPACE',''
  ) );
#10993 = ADVANCED_FACE('',(#10994),#9959,.T.);
#10994 = FACE_BOUND('',#10995,.T.);
#10995 = EDGE_LOOP('',(#10996,#11017,#11018));
#10996 = ORIENTED_EDGE('',*,*,#10997,.F.);
#10997 = EDGE_CURVE('',#5775,#4871,#10998,.T.);
#10998 = SURFACE_CURVE('',#10999,(#11003,#11010),.PCURVE_S1.);
#10999 = LINE('',#11000,#11001);
#11000 = CARTESIAN_POINT('',(-43.82722534756,40.27871226215,
    20.407612224672));
#11001 = VECTOR('',#11002,1.);
#11002 = DIRECTION('',(0.966436136979,-0.255471596325,2.711930332773E-02
    ));
#11003 = PCURVE('',#9959,#11004);
#11004 = DEFINITIONAL_REPRESENTATION('',(#11005),#11009);
#11005 = LINE('',#11006,#11007);
#11006 = CARTESIAN_POINT('',(0.315834106435,1.190804718926));
#11007 = VECTOR('',#11008,1.);
#11008 = DIRECTION('',(-0.256363661195,-0.966580401839));
#11009 = ( GEOMETRIC_REPRESENTATION_CONTEXT(2) 
PARAMETRIC_REPRESENTATION_CONTEXT() REPRESENTATION_CONTEXT('2D SPACE',''
  ) );
#11010 = PCURVE('',#10126,#11011);
#11011 = DEFINITIONAL_REPRESENTATION('',(#11012),#11016);
#11012 = LINE('',#11013,#11014);
#11013 = CARTESIAN_POINT('',(0.303964801826,1.19388963504));
#11014 = VECTOR('',#11015,1.);
#11015 = DIRECTION('',(-0.246729304666,-0.969084439158));
#11016 = ( GEOMETRIC_REPRESENTATION_CONTEXT(2) 
PARAMETRIC_REPRESENTATION_CONTEXT() REPRESENTATION_CONTEXT('2D SPACE',''
  ) );
#11017 = ORIENTED_EDGE('',*,*,#9945,.F.);
#11018 = ORIENTED_EDGE('',*,*,#11019,.T.);
#11019 = EDGE_CURVE('',#6127,#4871,#11020,.T.);
#11020 = SURFACE_CURVE('',#11021,(#11025,#11032),.PCURVE_S1.);
#11021 = LINE('',#11022,#11023);
#11022 = CARTESIAN_POINT('',(-44.23377995809,40.047761574018,
    20.454576601241));
#11023 = VECTOR('',#11024,1.);
#11024 = DIRECTION('',(0.998591072089,-5.238375453155E-02,
    -8.474255480729E-03));
#11025 = PCURVE('',#9959,#11026);
#11026 = DEFINITIONAL_REPRESENTATION('',(#11027),#11031);
#11027 = LINE('',#11028,#11029);
#11028 = CARTESIAN_POINT('',(8.026135129119E-02,1.597420017937));
#11029 = VECTOR('',#11030,1.);
#11030 = DIRECTION('',(-5.018106200914E-02,-0.99874013688));
#11031 = ( GEOMETRIC_REPRESENTATION_CONTEXT(2) 
PARAMETRIC_REPRESENTATION_CONTEXT() REPRESENTATION_CONTEXT('2D SPACE',''
  ) );
#11032 = PCURVE('',#9794,#11033);
#11033 = DEFINITIONAL_REPRESENTATION('',(#11034),#11038);
#11034 = LINE('',#11035,#11036);
#11035 = CARTESIAN_POINT('',(8.441541282536E-02,1.597205884129));
#11036 = VECTOR('',#11037,1.);
#11037 = DIRECTION('',(-5.277826746461E-02,-0.998606255981));
#11038 = ( GEOMETRIC_REPRESENTATION_CONTEXT(2) 
PARAMETRIC_REPRESENTATION_CONTEXT() REPRESENTATION_CONTEXT('2D SPACE',''
  ) );
#11039 = ADVANCED_FACE('',(#11040),#10726,.T.);
#11040 = FACE_BOUND('',#11041,.T.);
#11041 = EDGE_LOOP('',(#11042,#11043,#11044));
#11042 = ORIENTED_EDGE('',*,*,#10973,.F.);
#11043 = ORIENTED_EDGE('',*,*,#10712,.T.);
#11044 = ORIENTED_EDGE('',*,*,#10873,.F.);
#11045 = ADVANCED_FACE('',(#11046),#10126,.T.);
#11046 = FACE_BOUND('',#11047,.T.);
#11047 = EDGE_LOOP('',(#11048,#11069,#11070));
#11048 = ORIENTED_EDGE('',*,*,#11049,.F.);
#11049 = EDGE_CURVE('',#5633,#4871,#11050,.T.);
#11050 = SURFACE_CURVE('',#11051,(#11055,#11062),.PCURVE_S1.);
#11051 = LINE('',#11052,#11053);
#11052 = CARTESIAN_POINT('',(-43.58591757275,40.334330641129,
    20.435700463629));
#11053 = VECTOR('',#11054,1.);
#11054 = DIRECTION('',(0.931602315371,-0.36344167132,5.222790789534E-03)
  );
#11055 = PCURVE('',#10126,#11056);
#11056 = DEFINITIONAL_REPRESENTATION('',(#11057),#11061);
#11057 = LINE('',#11058,#11059);
#11058 = CARTESIAN_POINT('',(0.363653883399,0.951920610213));
#11059 = VECTOR('',#11060,1.);
#11060 = DIRECTION('',(-0.35686710548,-0.93415516325));
#11061 = ( GEOMETRIC_REPRESENTATION_CONTEXT(2) 
PARAMETRIC_REPRESENTATION_CONTEXT() REPRESENTATION_CONTEXT('2D SPACE',''
  ) );
#11062 = PCURVE('',#10583,#11063);
#11063 = DEFINITIONAL_REPRESENTATION('',(#11064),#11068);
#11064 = LINE('',#11065,#11066);
#11065 = CARTESIAN_POINT('',(0.36785521963,0.950304968129));
#11066 = VECTOR('',#11067,1.);
#11067 = DIRECTION('',(-0.360990033265,-0.932569673474));
#11068 = ( GEOMETRIC_REPRESENTATION_CONTEXT(2) 
PARAMETRIC_REPRESENTATION_CONTEXT() REPRESENTATION_CONTEXT('2D SPACE',''
  ) );
#11069 = ORIENTED_EDGE('',*,*,#10112,.F.);
#11070 = ORIENTED_EDGE('',*,*,#10997,.T.);
#11071 = ADVANCED_FACE('',(#11072),#10583,.T.);
#11072 = FACE_BOUND('',#11073,.T.);
#11073 = EDGE_LOOP('',(#11074,#11095,#11096));
#11074 = ORIENTED_EDGE('',*,*,#11075,.F.);
#11075 = EDGE_CURVE('',#5281,#4871,#11076,.T.);
#11076 = SURFACE_CURVE('',#11077,(#11081,#11088),.PCURVE_S1.);
#11077 = LINE('',#11078,#11079);
#11078 = CARTESIAN_POINT('',(-43.13760129465,40.31856240341,
    20.454618946796));
#11079 = VECTOR('',#11080,1.);
#11080 = DIRECTION('',(0.816048495237,-0.577559001909,
    -2.214616750455E-02));
#11081 = PCURVE('',#10583,#11082);
#11082 = DEFINITIONAL_REPRESENTATION('',(#11083),#11087);
#11083 = LINE('',#11084,#11085);
#11084 = CARTESIAN_POINT('',(0.354110167422,0.50152316695));
#11085 = VECTOR('',#11086,1.);
#11086 = DIRECTION('',(-0.576785182402,-0.816895864454));
#11087 = ( GEOMETRIC_REPRESENTATION_CONTEXT(2) 
PARAMETRIC_REPRESENTATION_CONTEXT() REPRESENTATION_CONTEXT('2D SPACE',''
  ) );
#11088 = PCURVE('',#10671,#11089);
#11089 = DEFINITIONAL_REPRESENTATION('',(#11090),#11094);
#11090 = LINE('',#11091,#11092);
#11091 = CARTESIAN_POINT('',(-0.613772570481,-1.423830694529E-02));
#11092 = VECTOR('',#11093,1.);
#11093 = DIRECTION('',(0.99973103454,2.319177822066E-02));
#11094 = ( GEOMETRIC_REPRESENTATION_CONTEXT(2) 
PARAMETRIC_REPRESENTATION_CONTEXT() REPRESENTATION_CONTEXT('2D SPACE',''
  ) );
#11095 = ORIENTED_EDGE('',*,*,#10569,.F.);
#11096 = ORIENTED_EDGE('',*,*,#11049,.T.);
#11097 = ADVANCED_FACE('',(#11098),#10671,.T.);
#11098 = FACE_BOUND('',#11099,.T.);
#11099 = EDGE_LOOP('',(#11100,#11101,#11102));
#11100 = ORIENTED_EDGE('',*,*,#10927,.F.);
#11101 = ORIENTED_EDGE('',*,*,#10657,.F.);
#11102 = ORIENTED_EDGE('',*,*,#11075,.T.);
#11103 = ADVANCED_FACE('',(#11104),#9794,.T.);
#11104 = FACE_BOUND('',#11105,.T.);
#11105 = EDGE_LOOP('',(#11106,#11107,#11108));
#11106 = ORIENTED_EDGE('',*,*,#11019,.F.);
#11107 = ORIENTED_EDGE('',*,*,#9780,.F.);
#11108 = ORIENTED_EDGE('',*,*,#10951,.T.);
#11109 = ( GEOMETRIC_REPRESENTATION_CONTEXT(3) 
GLOBAL_UNCERTAINTY_ASSIGNED_CONTEXT((#11113)) 
GLOBAL_UNIT_ASSIGNED_CONTEXT((#11110,#11111,#11112)) 
REPRESENTATION_CONTEXT('Context #1',
  '3D Context with UNIT and UNCERTAINTY') );
#11110 = ( LENGTH_UNIT() NAMED_UNIT(*) SI_UNIT(.MILLI.,.METRE.) );
#11111 = ( NAMED_UNIT(*) PLANE_ANGLE_UNIT() SI_UNIT($,.RADIAN.) );
#11112 = ( NAMED_UNIT(*) SI_UNIT($,.STERADIAN.) SOLID_ANGLE_UNIT() );
#11113 = UNCERTAINTY_MEASURE_WITH_UNIT(LENGTH_MEASURE(1.E-07),#11110,
  'distance_accuracy_value','confusion accuracy');
#11114 = PRODUCT_TYPE('part',$,(#7));
ENDSEC;
END-ISO-10303-21;
